Learner,stream,randomSeed,learning evaluation instances,evaluation time (cpu seconds),model cost (RAM-Hours),classified instances,PMAUC,WMAUC,EWMAUC,Accuracy,Kappa,G-Mean,Classes,CM[0][0],CM[0][1],CM[0][2],CM[1][0],CM[1][1],CM[1][2],CM[2][0],CM[2][1],CM[2][2],model training instances,model serialized size (bytes),members size
meta.DynamicWeightedMajority -l (trees.HoeffdingTree -e 2000000 -g 100 -c 0.01) -e 10,ArffFileStream -f ./../../../Dataset/benchmarks/thyroid.arff,1,500.0,0.078125,9.038356236285634E-11,500.0,0.7599820062977957,1.0,1.0,0.962,0.5631782232848997,0.6050727014714246,3.0,7.0,1.0,4.0,1.0,5.0,2.0,5.0,6.0,469.0,500.0,4472.0,1.0
meta.DynamicWeightedMajority -l (trees.HoeffdingTree -e 2000000 -g 100 -c 0.01) -e 10,ArffFileStream -f ./../../../Dataset/benchmarks/thyroid.arff,1,1000.0,0.15625,1.8076712472571267E-10,1000.0,0.9042764719848053,1.0,1.0,0.972,0.7698579694897418,0.8325633914105114,3.0,7.0,3.0,3.0,1.0,16.0,2.0,0.0,5.0,463.0,1000.0,4472.0,1.0
meta.DynamicWeightedMajority -l (trees.HoeffdingTree -e 2000000 -g 100 -c 0.01) -e 10,ArffFileStream -f ./../../../Dataset/benchmarks/thyroid.arff,1,1500.0,0.171875,1.9884383719828395E-10,1500.0,0.9476196461490579,1.0,1.0,0.964,0.7912172037024147,0.9279453478885696,3.0,12.0,0.0,1.0,1.0,25.0,13.0,0.0,3.0,445.0,1500.0,4472.0,1.0
meta.DynamicWeightedMajority -l (trees.HoeffdingTree -e 2000000 -g 100 -c 0.01) -e 10,ArffFileStream -f ./../../../Dataset/benchmarks/thyroid.arff,1,2000.0,0.1875,2.1692054967085522E-10,2000.0,0.9075212866603596,1.0,1.0,0.97,0.8338796845928942,0.8786248971553433,3.0,11.0,1.0,0.0,2.0,29.0,8.0,1.0,3.0,445.0,2000.0,4472.0,1.0
meta.DynamicWeightedMajority -l (trees.HoeffdingTree -e 2000000 -g 100 -c 0.01) -e 10,ArffFileStream -f ./../../../Dataset/benchmarks/thyroid.arff,1,2500.0,0.21875,2.5307397461599775E-10,2500.0,0.8954948171573426,1.0,1.0,0.968,0.7650237913411264,0.8336453415907528,3.0,12.0,1.0,2.0,3.0,14.0,6.0,0.0,4.0,458.0,2500.0,4472.0,1.0
meta.DynamicWeightedMajority -l (trees.HoeffdingTree -e 2000000 -g 100 -c 0.01) -e 10,ArffFileStream -f ./../../../Dataset/benchmarks/thyroid.arff,1,3000.0,0.25,2.892273995611403E-10,3000.0,0.964549669425943,1.0,1.0,0.958,0.7554670579193736,0.9249736424628947,3.0,9.0,0.0,2.0,0.0,27.0,13.0,0.0,6.0,443.0,3000.0,4472.0,2.0
meta.DynamicWeightedMajority -l (trees.HoeffdingTree -e 2000000 -g 100 -c 0.01) -e 10,ArffFileStream -f ./../../../Dataset/benchmarks/thyroid.arff,1,3500.0,0.265625,3.0730411203371155E-10,3500.0,0.9645161483396777,1.0,1.0,0.972,0.8325919548476584,0.9422645368410575,3.0,12.0,0.0,1.0,0.0,26.0,10.0,1.0,2.0,448.0,3500.0,4472.0,2.0
meta.DynamicWeightedMajority -l (trees.HoeffdingTree -e 2000000 -g 100 -c 0.01) -e 10,ArffFileStream -f ./../../../Dataset/benchmarks/thyroid.arff,1,4000.0,0.28125,3.253808245062828E-10,4000.0,0.9457604072651766,1.0,1.0,0.98,0.844701205118648,0.9312750254234865,3.0,11.0,0.0,0.0,0.0,18.0,6.0,0.0,4.0,461.0,4000.0,4472.0,2.0
meta.DynamicWeightedMajority -l (trees.HoeffdingTree -e 2000000 -g 100 -c 0.01) -e 10,ArffFileStream -f ./../../../Dataset/benchmarks/thyroid.arff,1,4500.0,0.296875,3.4345753697885405E-10,4500.0,0.8799822695035461,1.0,1.0,0.98,0.827823691460055,0.8593221589923629,3.0,8.0,1.0,0.0,2.0,16.0,4.0,0.0,3.0,466.0,4500.0,4472.0,3.0
meta.DynamicWeightedMajority -l (trees.HoeffdingTree -e 2000000 -g 100 -c 0.01) -e 10,ArffFileStream -f ./../../../Dataset/benchmarks/thyroid.arff,1,5000.0,0.34375,3.9768767439656785E-10,5000.0,0.9807793380964113,1.0,1.0,0.964,0.8056407377013776,0.8866000075709666,3.0,8.0,2.0,4.0,1.0,32.0,5.0,0.0,6.0,442.0,5000.0,4472.0,3.0
meta.DynamicWeightedMajority -l (trees.HoeffdingTree -e 2000000 -g 100 -c 0.01) -e 10,ArffFileStream -f ./../../../Dataset/benchmarks/thyroid.arff,1,5500.0,0.359375,4.157643868691391E-10,5500.0,0.9918868010167029,1.0,1.0,0.984,0.9019583813328756,0.9844171132381871,3.0,9.0,0.0,1.0,0.0,31.0,6.0,0.0,1.0,452.0,5500.0,4472.0,3.0
meta.DynamicWeightedMajority -l (trees.HoeffdingTree -e 2000000 -g 100 -c 0.01) -e 10,ArffFileStream -f ./../../../Dataset/benchmarks/thyroid.arff,1,6000.0,0.375,4.3384109934171035E-10,6000.0,0.9592616487455198,1.0,1.0,0.968,0.7812414547443255,0.8950370662271951,3.0,8.0,0.0,2.0,0.0,23.0,10.0,2.0,2.0,453.0,6000.0,4472.0,3.0
meta.DynamicWeightedMajority -l (trees.HoeffdingTree -e 2000000 -g 100 -c 0.01) -e 10,ArffFileStream -f ./../../../Dataset/benchmarks/thyroid.arff,1,6500.0,0.390625,4.519178118142816E-10,6500.0,0.9712844759653271,1.0,1.0,0.98,0.8383185125303152,0.9270944922271633,3.0,13.0,0.0,2.0,1.0,14.0,5.0,1.0,1.0,463.0,6500.0,4472.0,3.0
meta.DynamicWeightedMajority -l (trees.HoeffdingTree -e 2000000 -g 100 -c 0.01) -e 10,ArffFileStream -f ./../../../Dataset/benchmarks/thyroid.arff,1,7000.0,0.421875,4.880712367594241E-10,7000.0,0.9769016628493753,1.0,1.0,0.974,0.8397475407411058,0.898594823327867,3.0,12.0,0.0,1.0,2.0,24.0,7.0,1.0,2.0,451.0,7000.0,4472.0,3.0
meta.DynamicWeightedMajority -l (trees.HoeffdingTree -e 2000000 -g 100 -c 0.01) -e 10,ArffFileStream -f ./../../../Dataset/benchmarks/thyroid.arff,1,7200.0,0.421875,4.880712367594241E-10,7200.0,0.976360557822041,1.0,1.0,0.974,0.8322277572722812,0.910064682221095,3.0,8.0,0.0,3.0,2.0,26.0,7.0,0.0,1.0,453.0,7200.0,4472.0,3.0
