Learner,stream,randomSeed,learning evaluation instances,evaluation time (cpu seconds),model cost (RAM-Hours),classified instances,PMAUC,WMAUC,EWMAUC,Accuracy,Kappa,G-Mean,Classes,CM[0][0],CM[0][1],CM[0][2],CM[1][0],CM[1][1],CM[1][2],CM[2][0],CM[2][1],CM[2][2],model training instances,model serialized size (bytes)
meta.imbalanced.OnlineAdaC2 -l (trees.HoeffdingTree -e 2000000 -g 100 -c 0.01),ArffFileStream -f ./../../../Dataset/benchmarks/thyroid.arff,1,500.0,0.421875,5.177571438252926E-10,500.0,0.500701754385965,1.0,1.0,0.026,0.0,0.0,3.0,13.0,12.0,475.0,0.0,0.0,0.0,0.0,0.0,0.0,500.0,4744.0
meta.imbalanced.OnlineAdaC2 -l (trees.HoeffdingTree -e 2000000 -g 100 -c 0.01),ArffFileStream -f ./../../../Dataset/benchmarks/thyroid.arff,1,1000.0,0.5625,6.903428584337234E-10,1000.0,0.5,0.508,0.6666666666666666,0.016,0.0,0.0,3.0,8.0,24.0,468.0,0.0,0.0,0.0,0.0,0.0,0.0,1000.0,4744.0
meta.imbalanced.OnlineAdaC2 -l (trees.HoeffdingTree -e 2000000 -g 100 -c 0.01),ArffFileStream -f ./../../../Dataset/benchmarks/thyroid.arff,1,1500.0,0.65625,8.054000015060107E-10,1500.0,0.5,0.513,0.6666666666666666,0.026,0.0,0.0,3.0,13.0,28.0,459.0,0.0,0.0,0.0,0.0,0.0,0.0,1500.0,4744.0
meta.imbalanced.OnlineAdaC2 -l (trees.HoeffdingTree -e 2000000 -g 100 -c 0.01),ArffFileStream -f ./../../../Dataset/benchmarks/thyroid.arff,1,2000.0,0.828125,1.0163380971385373E-9,2000.0,0.5,0.514,0.6666666666666666,0.028,0.0,0.0,3.0,14.0,33.0,453.0,0.0,0.0,0.0,0.0,0.0,0.0,2000.0,4744.0
meta.imbalanced.OnlineAdaC2 -l (trees.HoeffdingTree -e 2000000 -g 100 -c 0.01),ArffFileStream -f ./../../../Dataset/benchmarks/thyroid.arff,1,2500.0,0.890625,1.0930428591867287E-9,2500.0,0.5,0.515,0.6666666666666666,0.03,0.0,0.0,3.0,15.0,19.0,466.0,0.0,0.0,0.0,0.0,0.0,0.0,2500.0,4744.0
meta.imbalanced.OnlineAdaC2 -l (trees.HoeffdingTree -e 2000000 -g 100 -c 0.01),ArffFileStream -f ./../../../Dataset/benchmarks/thyroid.arff,1,3000.0,0.984375,1.208100002259016E-9,3000.0,0.5,0.509,0.6666666666666666,0.018,0.0,0.0,3.0,9.0,33.0,458.0,0.0,0.0,0.0,0.0,0.0,0.0,3000.0,4744.0
meta.imbalanced.OnlineAdaC2 -l (trees.HoeffdingTree -e 2000000 -g 100 -c 0.01),ArffFileStream -f ./../../../Dataset/benchmarks/thyroid.arff,1,3500.0,1.0625,1.3039809548192553E-9,3500.0,0.5,0.513,0.6666666666666666,0.026,0.0,0.0,3.0,13.0,28.0,459.0,0.0,0.0,0.0,0.0,0.0,0.0,3500.0,4744.0
meta.imbalanced.OnlineAdaC2 -l (trees.HoeffdingTree -e 2000000 -g 100 -c 0.01),ArffFileStream -f ./../../../Dataset/benchmarks/thyroid.arff,1,4000.0,1.15625,1.4190380978915426E-9,4000.0,0.5,0.511,0.6666666666666666,0.022,0.0,0.0,3.0,11.0,22.0,467.0,0.0,0.0,0.0,0.0,0.0,0.0,4000.0,4744.0
meta.imbalanced.OnlineAdaC2 -l (trees.HoeffdingTree -e 2000000 -g 100 -c 0.01),ArffFileStream -f ./../../../Dataset/benchmarks/thyroid.arff,1,4500.0,1.234375,1.514919050451782E-9,4500.0,0.5,0.51,0.6666666666666666,0.02,0.0,0.0,3.0,10.0,20.0,470.0,0.0,0.0,0.0,0.0,0.0,0.0,4500.0,4744.0
meta.imbalanced.OnlineAdaC2 -l (trees.HoeffdingTree -e 2000000 -g 100 -c 0.01),ArffFileStream -f ./../../../Dataset/benchmarks/thyroid.arff,1,5000.0,1.328125,1.6299761935240692E-9,5000.0,0.5,0.509,0.6666666666666666,0.018,0.0,0.0,3.0,9.0,40.0,451.0,0.0,0.0,0.0,0.0,0.0,0.0,5000.0,4744.0
meta.imbalanced.OnlineAdaC2 -l (trees.HoeffdingTree -e 2000000 -g 100 -c 0.01),ArffFileStream -f ./../../../Dataset/benchmarks/thyroid.arff,1,5500.0,1.421875,1.7450333365963564E-9,5500.0,0.5,0.509,0.6666666666666666,0.018,0.0,0.0,3.0,9.0,32.0,459.0,0.0,0.0,0.0,0.0,0.0,0.0,5500.0,4744.0
meta.imbalanced.OnlineAdaC2 -l (trees.HoeffdingTree -e 2000000 -g 100 -c 0.01),ArffFileStream -f ./../../../Dataset/benchmarks/thyroid.arff,1,6000.0,1.484375,1.821738098644548E-9,6000.0,0.5,0.51,0.6666666666666666,0.02,0.0,0.0,3.0,10.0,25.0,465.0,0.0,0.0,0.0,0.0,0.0,0.0,6000.0,4744.0
meta.imbalanced.OnlineAdaC2 -l (trees.HoeffdingTree -e 2000000 -g 100 -c 0.01),ArffFileStream -f ./../../../Dataset/benchmarks/thyroid.arff,1,6500.0,1.5625,1.9176190512047873E-9,6500.0,0.5,0.515,0.6666666666666666,0.03,0.0,0.0,3.0,15.0,15.0,470.0,0.0,0.0,0.0,0.0,0.0,0.0,6500.0,4744.0
meta.imbalanced.OnlineAdaC2 -l (trees.HoeffdingTree -e 2000000 -g 100 -c 0.01),ArffFileStream -f ./../../../Dataset/benchmarks/thyroid.arff,1,7000.0,1.625,1.9943238132529788E-9,7000.0,0.5,0.515,0.6666666666666666,0.03,0.0,0.0,3.0,15.0,26.0,459.0,0.0,0.0,0.0,0.0,0.0,0.0,7000.0,4744.0
meta.imbalanced.OnlineAdaC2 -l (trees.HoeffdingTree -e 2000000 -g 100 -c 0.01),ArffFileStream -f ./../../../Dataset/benchmarks/thyroid.arff,1,7200.0,1.671875,2.0518523847891226E-9,7200.0,0.5,0.51,0.6666666666666666,0.02,0.0,0.0,3.0,10.0,27.0,463.0,0.0,0.0,0.0,0.0,0.0,0.0,7200.0,4744.0
