Learner,stream,randomSeed,learning evaluation instances,evaluation time (cpu seconds),model cost (RAM-Hours),classified instances,PMAUC,WMAUC,EWMAUC,Accuracy,Kappa,G-Mean,Classes,CM[0][0],CM[0][1],CM[0][2],CM[1][0],CM[1][1],CM[1][2],CM[2][0],CM[2][1],CM[2][2],model training instances,model serialized size (bytes)
meta.imbalanced.RebalanceStream -l (trees.HoeffdingTree -e 2000000 -g 100 -c 0.01),ArffFileStream -f ./../../../Dataset/benchmarks/connect-4.arff,1,500.0,0.125,3.122517632113563E-10,500.0,0.5821245197754551,1.0,1.0,0.718,0.18169788982519675,0.0,3.0,330.0,79.0,29.0,28.0,29.0,3.0,1.0,1.0,0.0,500.0,9656.0
meta.imbalanced.RebalanceStream -l (trees.HoeffdingTree -e 2000000 -g 100 -c 0.01),ArffFileStream -f ./../../../Dataset/benchmarks/connect-4.arff,1,1000.0,0.1875,4.683776448170344E-10,1000.0,0.6017512779346361,1.0,1.0,0.896,0.12772167611634866,0.0,3.0,444.0,41.0,8.0,2.0,4.0,1.0,0.0,0.0,0.0,1000.0,9656.0
meta.imbalanced.RebalanceStream -l (trees.HoeffdingTree -e 2000000 -g 100 -c 0.01),ArffFileStream -f ./../../../Dataset/benchmarks/connect-4.arff,1,1500.0,0.203125,5.080882045957777E-10,1500.0,0.6928001277139209,1.0,1.0,0.924,0.09687232626675596,0.0,3.0,460.0,28.0,5.0,4.0,2.0,1.0,0.0,0.0,0.0,1500.0,9824.0
meta.imbalanced.RebalanceStream -l (trees.HoeffdingTree -e 2000000 -g 100 -c 0.01),ArffFileStream -f ./../../../Dataset/benchmarks/connect-4.arff,1,2000.0,0.21875,5.464405856198735E-10,2000.0,0.7193028796932298,0.6833333333333333,0.7777777777777777,0.78,0.2380794059789988,0.21388012179545152,3.0,365.0,70.0,22.0,12.0,24.0,2.0,4.0,0.0,1.0,2000.0,9488.0
meta.imbalanced.RebalanceStream -l (trees.HoeffdingTree -e 2000000 -g 100 -c 0.01),ArffFileStream -f ./../../../Dataset/benchmarks/connect-4.arff,1,2500.0,0.28125,7.024371168679661E-10,2500.0,0.5940641062784718,0.8410000000000001,0.8888888888888888,0.64,0.33614610686572455,0.0,3.0,137.0,28.0,11.0,125.0,183.0,12.0,4.0,0.0,0.0,2500.0,9648.0
meta.imbalanced.RebalanceStream -l (trees.HoeffdingTree -e 2000000 -g 100 -c 0.01),ArffFileStream -f ./../../../Dataset/benchmarks/connect-4.arff,1,3000.0,0.328125,8.194345153040356E-10,3000.0,0.7678273247378938,0.8862499999999999,0.9166666666666665,0.7,0.454922053853701,0.3691135446520728,3.0,202.0,61.0,26.0,35.0,144.0,15.0,9.0,4.0,4.0,3000.0,9648.0
meta.imbalanced.RebalanceStream -l (trees.HoeffdingTree -e 2000000 -g 100 -c 0.01),ArffFileStream -f ./../../../Dataset/benchmarks/connect-4.arff,1,3500.0,0.359375,8.974327809280819E-10,3500.0,0.7542142721542282,0.9201666666666666,0.9444444444444444,0.782,0.581641347652202,0.0,3.0,194.0,41.0,8.0,47.0,197.0,13.0,0.0,0.0,0.0,3500.0,9648.0
meta.imbalanced.RebalanceStream -l (trees.HoeffdingTree -e 2000000 -g 100 -c 0.01),ArffFileStream -f ./../../../Dataset/benchmarks/connect-4.arff,1,4000.0,0.390625,9.740728677974808E-10,4000.0,0.6764440294846321,0.8128000000000002,0.8666666666666667,0.662,0.36406875583250553,0.3442177640951069,3.0,107.0,25.0,15.0,100.0,221.0,14.0,7.0,8.0,3.0,4000.0,9480.0
meta.imbalanced.RebalanceStream -l (trees.HoeffdingTree -e 2000000 -g 100 -c 0.01),ArffFileStream -f ./../../../Dataset/benchmarks/connect-4.arff,1,4500.0,0.40625,1.013072000609504E-9,4500.0,0.6927466552303793,0.8453333333333334,0.8888888888888888,0.642,0.23512118415205266,0.0,3.0,248.0,55.0,30.0,85.0,73.0,6.0,3.0,0.0,0.0,4500.0,9648.0
meta.imbalanced.RebalanceStream -l (trees.HoeffdingTree -e 2000000 -g 100 -c 0.01),ArffFileStream -f ./../../../Dataset/benchmarks/connect-4.arff,1,5000.0,0.4375,1.0910702662335503E-9,5000.0,0.6695739874290729,0.8446666666666667,0.8888888888888888,0.646,0.352345825374871,0.3529022280235438,3.0,134.0,48.0,9.0,80.0,186.0,19.0,10.0,11.0,3.0,5000.0,9648.0
meta.imbalanced.RebalanceStream -l (trees.HoeffdingTree -e 2000000 -g 100 -c 0.01),ArffFileStream -f ./../../../Dataset/benchmarks/connect-4.arff,1,5500.0,0.484375,1.2101049328015913E-9,5500.0,0.6809040214446433,0.8338476190476191,0.8515873015873017,0.662,0.2608338144474187,0.40373166699637797,3.0,281.0,74.0,37.0,21.0,34.0,8.0,18.0,11.0,16.0,5500.0,9816.0
meta.imbalanced.RebalanceStream -l (trees.HoeffdingTree -e 2000000 -g 100 -c 0.01),ArffFileStream -f ./../../../Dataset/benchmarks/connect-4.arff,1,6000.0,0.53125,1.3271023312376609E-9,6000.0,0.8193145859824779,0.85587987012987,0.850108225108225,0.652,0.4627938425059741,0.6231065576788564,3.0,117.0,29.0,24.0,30.0,152.0,31.0,32.0,28.0,57.0,6000.0,9648.0
meta.imbalanced.RebalanceStream -l (trees.HoeffdingTree -e 2000000 -g 100 -c 0.01),ArffFileStream -f ./../../../Dataset/benchmarks/connect-4.arff,1,6500.0,0.5625,1.4037424181070596E-9,6500.0,0.8538272887846748,0.8353944444444444,0.8398148148148148,0.762,0.5494506326621789,0.5622052467705215,3.0,265.0,18.0,13.0,27.0,104.0,18.0,31.0,12.0,12.0,6500.0,9480.0
meta.imbalanced.RebalanceStream -l (trees.HoeffdingTree -e 2000000 -g 100 -c 0.01),ArffFileStream -f ./../../../Dataset/benchmarks/connect-4.arff,1,7000.0,0.59375,1.4830988624857535E-9,7000.0,0.8117956551255939,0.8226837606837606,0.8394586894586894,0.988,0.6203492786636288,0.0,3.0,490.0,2.0,1.0,0.0,0.0,0.0,1.0,2.0,4.0,7000.0,9816.0
meta.imbalanced.RebalanceStream -l (trees.HoeffdingTree -e 2000000 -g 100 -c 0.01),ArffFileStream -f ./../../../Dataset/benchmarks/connect-4.arff,1,7500.0,0.609375,1.5227770846751005E-9,7500.0,0.4686452045606975,0.8201579220779219,0.8393506493506493,0.992,-0.0025062656641629114,0.0,3.0,496.0,2.0,1.0,1.0,0.0,0.0,0.0,0.0,0.0,7500.0,9816.0
meta.imbalanced.RebalanceStream -l (trees.HoeffdingTree -e 2000000 -g 100 -c 0.01),ArffFileStream -f ./../../../Dataset/benchmarks/connect-4.arff,1,8000.0,0.625,1.5631343962417714E-9,8000.0,0.7762440354464893,0.8188484848484849,0.8393939393939394,0.966,0.2786829599456894,0.0,3.0,480.0,2.0,5.0,5.0,3.0,0.0,4.0,1.0,0.0,8000.0,9984.0
meta.imbalanced.RebalanceStream -l (trees.HoeffdingTree -e 2000000 -g 100 -c 0.01),ArffFileStream -f ./../../../Dataset/benchmarks/connect-4.arff,1,8500.0,0.65625,1.6397744831111701E-9,8500.0,0.6065630081300813,0.794448717948718,0.8220085470085469,0.824,0.2331822934820491,0.25992589411563627,3.0,400.0,25.0,41.0,5.0,6.0,3.0,5.0,9.0,6.0,8500.0,9480.0
meta.imbalanced.RebalanceStream -l (trees.HoeffdingTree -e 2000000 -g 100 -c 0.01),ArffFileStream -f ./../../../Dataset/benchmarks/connect-4.arff,1,9000.0,0.671875,1.6774154371685458E-9,9000.0,0.5758760277451865,0.8149621848739496,0.8345938375350139,0.644,0.19029813404659873,0.30651984326622117,3.0,286.0,68.0,39.0,39.0,28.0,16.0,5.0,11.0,8.0,9000.0,9312.0
meta.imbalanced.RebalanceStream -l (trees.HoeffdingTree -e 2000000 -g 100 -c 0.01),ArffFileStream -f ./../../../Dataset/benchmarks/connect-4.arff,1,9500.0,0.703125,1.7567718815472397E-9,9500.0,0.5648616734143049,0.8149587301587301,0.8455026455026455,0.982,-0.0058113544926236506,0.0,3.0,491.0,2.0,4.0,2.0,0.0,0.0,1.0,0.0,0.0,9500.0,9816.0
meta.imbalanced.RebalanceStream -l (trees.HoeffdingTree -e 2000000 -g 100 -c 0.01),ArffFileStream -f ./../../../Dataset/benchmarks/connect-4.arff,1,10000.0,0.75,1.8758065481152807E-9,10000.0,0.6546665357680476,0.8301742543859649,0.8550511695906433,0.926,0.1449436124976891,0.0,3.0,460.0,12.0,21.0,3.0,3.0,1.0,0.0,0.0,0.0,10000.0,9816.0
meta.imbalanced.RebalanceStream -l (trees.HoeffdingTree -e 2000000 -g 100 -c 0.01),ArffFileStream -f ./../../../Dataset/benchmarks/connect-4.arff,1,10500.0,0.78125,1.953804813739327E-9,10500.0,0.6512207023291445,0.7957079463364294,0.7101823185414518,0.814,0.1725684188049398,0.0,3.0,395.0,35.0,51.0,4.0,12.0,0.0,2.0,1.0,0.0,10500.0,9648.0
meta.imbalanced.RebalanceStream -l (trees.HoeffdingTree -e 2000000 -g 100 -c 0.01),ArffFileStream -f ./../../../Dataset/benchmarks/connect-4.arff,1,11000.0,0.8125,2.0318030793633737E-9,11000.0,0.6611294754521674,0.7704138888888887,0.6939814814814814,0.58,0.13520458588653894,0.26534816614601553,3.0,244.0,111.0,48.0,35.0,41.0,8.0,6.0,2.0,5.0,11000.0,9648.0
meta.imbalanced.RebalanceStream -l (trees.HoeffdingTree -e 2000000 -g 100 -c 0.01),ArffFileStream -f ./../../../Dataset/benchmarks/connect-4.arff,1,11500.0,0.828125,2.070802212175397E-9,11500.0,0.6901575324505623,0.7699180303700428,0.6939653054204137,0.746,0.22646818774287067,0.2506309303339064,3.0,352.0,41.0,48.0,17.0,17.0,9.0,3.0,9.0,4.0,11500.0,9648.0
meta.imbalanced.RebalanceStream -l (trees.HoeffdingTree -e 2000000 -g 100 -c 0.01),ArffFileStream -f ./../../../Dataset/benchmarks/connect-4.arff,1,12000.0,0.859375,2.147442299044796E-9,12000.0,0.680053944950807,0.7419079966329967,0.6763608305274972,0.714,0.32453496830510214,0.18952637982994489,3.0,307.0,48.0,47.0,28.0,49.0,20.0,0.0,0.0,1.0,12000.0,9480.0
meta.imbalanced.RebalanceStream -l (trees.HoeffdingTree -e 2000000 -g 100 -c 0.01),ArffFileStream -f ./../../../Dataset/benchmarks/connect-4.arff,1,12500.0,0.875,2.1871205212341428E-9,12500.0,0.7141710023525505,0.7284025974025974,0.6873496873496872,0.766,0.28356234844588124,0.2013606833976016,3.0,351.0,32.0,47.0,26.0,31.0,5.0,4.0,3.0,1.0,12500.0,9816.0
meta.imbalanced.RebalanceStream -l (trees.HoeffdingTree -e 2000000 -g 100 -c 0.01),ArffFileStream -f ./../../../Dataset/benchmarks/connect-4.arff,1,13000.0,0.890625,2.2267987434234896E-9,13000.0,0.6728586464343586,0.7093055365686944,0.6720903048134169,0.8,0.2178456340143287,0.17600046858489515,3.0,384.0,39.0,42.0,9.0,15.0,3.0,3.0,4.0,1.0,13000.0,9816.0
meta.imbalanced.RebalanceStream -l (trees.HoeffdingTree -e 2000000 -g 100 -c 0.01),ArffFileStream -f ./../../../Dataset/benchmarks/connect-4.arff,1,13500.0,0.921875,2.3061551878021837E-9,13500.0,0.7546188264102702,0.6888559006211181,0.6632505175983436,0.76,0.16015789031662025,0.17599783237281308,3.0,367.0,46.0,60.0,6.0,11.0,4.0,1.0,3.0,2.0,13500.0,9816.0
meta.imbalanced.RebalanceStream -l (trees.HoeffdingTree -e 2000000 -g 100 -c 0.01),ArffFileStream -f ./../../../Dataset/benchmarks/connect-4.arff,1,14000.0,0.9375,2.3458334099915305E-9,14000.0,0.7795105426084925,0.7148789795918368,0.6731405895691609,0.872,0.3026499302649932,0.2507715199719348,3.0,420.0,19.0,23.0,17.0,15.0,2.0,2.0,1.0,1.0,14000.0,9816.0
meta.imbalanced.RebalanceStream -l (trees.HoeffdingTree -e 2000000 -g 100 -c 0.01),ArffFileStream -f ./../../../Dataset/benchmarks/connect-4.arff,1,14500.0,0.953125,2.384832542803554E-9,14500.0,0.7513734434448102,0.7271315284715284,0.6745332445332445,0.808,0.5312683098316474,0.0,3.0,321.0,44.0,19.0,25.0,83.0,8.0,0.0,0.0,0.0,14500.0,9648.0
meta.imbalanced.RebalanceStream -l (trees.HoeffdingTree -e 2000000 -g 100 -c 0.01),ArffFileStream -f ./../../../Dataset/benchmarks/connect-4.arff,1,15000.0,0.984375,2.4628308084276003E-9,15000.0,0.7259373571101966,0.7240359369562268,0.6769859457057525,0.97,0.20195786337518698,0.0,3.0,483.0,4.0,8.0,2.0,2.0,0.0,1.0,0.0,0.0,15000.0,9648.0
meta.imbalanced.RebalanceStream -l (trees.HoeffdingTree -e 2000000 -g 100 -c 0.01),ArffFileStream -f ./../../../Dataset/benchmarks/connect-4.arff,1,15500.0,1.0,2.5018299412396236E-9,15500.0,0.7640655401945725,0.7389206349206349,0.6851851851851851,0.794,0.3358609305684516,0.22362316862756398,3.0,364.0,67.0,20.0,7.0,32.0,7.0,1.0,1.0,1.0,15500.0,9648.0
meta.imbalanced.RebalanceStream -l (trees.HoeffdingTree -e 2000000 -g 100 -c 0.01),ArffFileStream -f ./../../../Dataset/benchmarks/connect-4.arff,1,16000.0,1.015625,2.5415081634289704E-9,16000.0,0.6734623713526667,0.7371947044334975,0.6927709359605911,0.808,0.3026397989278086,0.0,3.0,378.0,36.0,37.0,15.0,26.0,5.0,2.0,1.0,0.0,16000.0,9816.0
meta.imbalanced.RebalanceStream -l (trees.HoeffdingTree -e 2000000 -g 100 -c 0.01),ArffFileStream -f ./../../../Dataset/benchmarks/connect-4.arff,1,16500.0,1.046875,2.620864607807664E-9,16500.0,0.5526405775075988,0.753576371521199,0.6998098325684532,0.928,0.03402382741225984,0.0,3.0,463.0,16.0,13.0,7.0,0.0,0.0,0.0,0.0,1.0,16500.0,9816.0
meta.imbalanced.RebalanceStream -l (trees.HoeffdingTree -e 2000000 -g 100 -c 0.01),ArffFileStream -f ./../../../Dataset/benchmarks/connect-4.arff,1,17000.0,1.0625,2.660542829997011E-9,17000.0,0.6099706177994278,0.7609773425499232,0.704595494111623,0.956,0.07500840901446375,0.0,3.0,477.0,14.0,6.0,2.0,1.0,0.0,0.0,0.0,0.0,17000.0,9816.0
meta.imbalanced.RebalanceStream -l (trees.HoeffdingTree -e 2000000 -g 100 -c 0.01),ArffFileStream -f ./../../../Dataset/benchmarks/connect-4.arff,1,17500.0,1.09375,2.7412574531303522E-9,17500.0,0.5988910739648202,0.7657876892692561,0.7142399970740985,0.9,0.027237354085603353,0.0,3.0,449.0,29.0,18.0,2.0,1.0,0.0,1.0,0.0,0.0,17500.0,9984.0
meta.imbalanced.RebalanceStream -l (trees.HoeffdingTree -e 2000000 -g 100 -c 0.01),ArffFileStream -f ./../../../Dataset/benchmarks/connect-4.arff,1,18000.0,1.109375,2.780935675319699E-9,18000.0,0.7943713450292398,0.7771147699283476,0.7199057228690849,0.916,0.5224885169857657,0.37939454936251427,3.0,431.0,12.0,11.0,19.0,26.0,0.0,0.0,0.0,1.0,18000.0,9816.0
meta.imbalanced.RebalanceStream -l (trees.HoeffdingTree -e 2000000 -g 100 -c 0.01),ArffFileStream -f ./../../../Dataset/benchmarks/connect-4.arff,1,18500.0,1.125,2.82129298688637E-9,18500.0,0.5244719380336796,0.7620299188640973,0.7063190218616182,0.926,0.07923551662353226,0.0,3.0,462.0,17.0,13.0,5.0,1.0,2.0,0.0,0.0,0.0,18500.0,9984.0
meta.imbalanced.RebalanceStream -l (trees.HoeffdingTree -e 2000000 -g 100 -c 0.01),ArffFileStream -f ./../../../Dataset/benchmarks/connect-4.arff,1,19000.0,1.15625,2.897933073755769E-9,19000.0,0.6832527627982173,0.7366916666666666,0.6966991341991342,0.818,0.35941657632797885,0.4275478941341617,3.0,381.0,22.0,29.0,9.0,18.0,10.0,17.0,4.0,10.0,19000.0,9480.0
meta.imbalanced.RebalanceStream -l (trees.HoeffdingTree -e 2000000 -g 100 -c 0.01),ArffFileStream -f ./../../../Dataset/benchmarks/connect-4.arff,1,19500.0,1.203125,3.0149304721918382E-9,19500.0,0.7781498328629476,0.7501144781144782,0.7206509539842872,0.62,0.37211669376478834,0.5355183868421229,3.0,62.0,21.0,21.0,46.0,198.0,55.0,22.0,25.0,50.0,19500.0,9648.0
meta.imbalanced.RebalanceStream -l (trees.HoeffdingTree -e 2000000 -g 100 -c 0.01),ArffFileStream -f ./../../../Dataset/benchmarks/connect-4.arff,1,20000.0,1.21875,3.0532505156265375E-9,20000.0,0.901989589442662,0.7745785852265928,0.7245086642619849,0.814,0.6881183138267547,0.6336586218704369,3.0,206.0,5.0,6.0,21.0,179.0,42.0,14.0,5.0,22.0,20000.0,9480.0
meta.imbalanced.RebalanceStream -l (trees.HoeffdingTree -e 2000000 -g 100 -c 0.01),ArffFileStream -f ./../../../Dataset/benchmarks/connect-4.arff,1,20500.0,1.234375,3.0922496484385608E-9,20500.0,0.7240955320925794,0.766625939849624,0.7293024227234752,0.8,0.3589086060108729,0.3320598830759571,3.0,372.0,31.0,40.0,7.0,22.0,18.0,2.0,2.0,6.0,20500.0,9648.0
meta.imbalanced.RebalanceStream -l (trees.HoeffdingTree -e 2000000 -g 100 -c 0.01),ArffFileStream -f ./../../../Dataset/benchmarks/connect-4.arff,1,21000.0,1.265625,3.1716060928172545E-9,21000.0,0.6762121822674968,0.780442242942243,0.7338232754899422,0.874,0.2752789600828253,0.355437939104676,3.0,423.0,18.0,34.0,4.0,7.0,0.0,6.0,1.0,7.0,21000.0,9816.0
meta.imbalanced.RebalanceStream -l (trees.HoeffdingTree -e 2000000 -g 100 -c 0.01),ArffFileStream -f ./../../../Dataset/benchmarks/connect-4.arff,1,21500.0,1.296875,3.250962537195948E-9,21500.0,0.7638051238433979,0.8008555113937468,0.7408717541070482,0.95,0.24580668516954224,0.0,3.0,471.0,8.0,8.0,7.0,4.0,1.0,1.0,0.0,0.0,21500.0,9816.0
meta.imbalanced.RebalanceStream -l (trees.HoeffdingTree -e 2000000 -g 100 -c 0.01),ArffFileStream -f ./../../../Dataset/benchmarks/connect-4.arff,1,22000.0,1.328125,3.330318981574642E-9,22000.0,0.7430646929824561,0.8135882519124987,0.7576479943768322,0.926,0.3889549478134499,0.0,3.0,453.0,9.0,19.0,2.0,10.0,5.0,1.0,1.0,0.0,22000.0,9816.0
meta.imbalanced.RebalanceStream -l (trees.HoeffdingTree -e 2000000 -g 100 -c 0.01),ArffFileStream -f ./../../../Dataset/benchmarks/connect-4.arff,1,22500.0,1.34375,3.3699972037639887E-9,22500.0,0.7754543760267123,0.8209474018379282,0.7543247006404901,0.82,0.4849019024289737,0.0,3.0,351.0,67.0,10.0,8.0,59.0,3.0,0.0,2.0,0.0,22500.0,9816.0
meta.imbalanced.RebalanceStream -l (trees.HoeffdingTree -e 2000000 -g 100 -c 0.01),ArffFileStream -f ./../../../Dataset/benchmarks/connect-4.arff,1,23000.0,1.375,3.4466372906333876E-9,23000.0,0.7687579684042826,0.816634632034632,0.7854451104451105,0.668,0.4064220839590934,0.3386388466239276,3.0,216.0,76.0,52.0,18.0,113.0,11.0,3.0,6.0,5.0,23000.0,9480.0
meta.imbalanced.RebalanceStream -l (trees.HoeffdingTree -e 2000000 -g 100 -c 0.01),ArffFileStream -f ./../../../Dataset/benchmarks/connect-4.arff,1,23500.0,1.390625,3.484957334068087E-9,23500.0,0.7182737897023612,0.8269606295513272,0.7888514155956016,0.67,0.4196516502996708,0.3681244786912343,3.0,121.0,32.0,24.0,48.0,208.0,36.0,13.0,12.0,6.0,23500.0,9480.0
meta.imbalanced.RebalanceStream -l (trees.HoeffdingTree -e 2000000 -g 100 -c 0.01),ArffFileStream -f ./../../../Dataset/benchmarks/connect-4.arff,1,24000.0,1.421875,3.5629555996921334E-9,24000.0,0.7724706044033774,0.8209437297211687,0.7920845497065008,0.858,0.32115881059374707,0.5311853534544243,3.0,412.0,5.0,8.0,35.0,12.0,8.0,15.0,0.0,5.0,24000.0,9648.0
meta.imbalanced.RebalanceStream -l (trees.HoeffdingTree -e 2000000 -g 100 -c 0.01),ArffFileStream -f ./../../../Dataset/benchmarks/connect-4.arff,1,24500.0,1.4375,3.6019547325041567E-9,24500.0,0.58499046065242,0.8233234482309669,0.7950780631231759,0.842,0.26140613313388206,0.2794572855678187,3.0,408.0,43.0,23.0,4.0,8.0,5.0,0.0,4.0,5.0,24500.0,9648.0
meta.imbalanced.RebalanceStream -l (trees.HoeffdingTree -e 2000000 -g 100 -c 0.01),ArffFileStream -f ./../../../Dataset/benchmarks/connect-4.arff,1,25000.0,1.46875,3.679952998128203E-9,25000.0,0.7477012579452268,0.855937030075188,0.8074012022810648,0.602,0.33048931474403825,0.31235624149290747,3.0,155.0,147.0,35.0,8.0,143.0,8.0,0.0,1.0,3.0,25000.0,9648.0
meta.imbalanced.RebalanceStream -l (trees.HoeffdingTree -e 2000000 -g 100 -c 0.01),ArffFileStream -f ./../../../Dataset/benchmarks/connect-4.arff,1,25500.0,1.5,3.75795126375225E-9,25500.0,0.7004066323807177,0.8483222319491494,0.8100283561070301,0.566,0.2698126413265854,0.0,3.0,137.0,117.0,50.0,27.0,146.0,22.0,0.0,1.0,0.0,25500.0,9648.0
meta.imbalanced.RebalanceStream -l (trees.HoeffdingTree -e 2000000 -g 100 -c 0.01),ArffFileStream -f ./../../../Dataset/benchmarks/connect-4.arff,1,26000.0,1.53125,3.8373077081309434E-9,26000.0,0.7757288491112524,0.8782584170450897,0.8179229482337711,0.734,0.46910850144897454,0.5304520231687185,3.0,101.0,85.0,20.0,25.0,259.0,1.0,1.0,1.0,7.0,26000.0,9816.0
meta.imbalanced.RebalanceStream -l (trees.HoeffdingTree -e 2000000 -g 100 -c 0.01),ArffFileStream -f ./../../../Dataset/benchmarks/connect-4.arff,1,26500.0,1.578125,3.9583796428309555E-9,26500.0,0.6881477094362064,0.8635680351394637,0.8202374345231488,0.64,0.34245134139926364,0.2600661770277947,3.0,124.0,67.0,17.0,55.0,194.0,39.0,1.0,1.0,2.0,26500.0,9984.0
meta.imbalanced.RebalanceStream -l (trees.HoeffdingTree -e 2000000 -g 100 -c 0.01),ArffFileStream -f ./../../../Dataset/benchmarks/connect-4.arff,1,27000.0,1.609375,4.037736087209649E-9,27000.0,0.6875425783716816,0.8538339884101789,0.8244184093390442,0.622,0.34519602544381156,0.0,3.0,184.0,64.0,34.0,41.0,127.0,44.0,0.0,6.0,0.0,27000.0,9816.0
meta.imbalanced.RebalanceStream -l (trees.HoeffdingTree -e 2000000 -g 100 -c 0.01),ArffFileStream -f ./../../../Dataset/benchmarks/connect-4.arff,1,27500.0,1.625,4.0774143093989965E-9,27500.0,0.7826011163056562,0.874015111111111,0.8314074074074073,0.666,0.41133341793212364,0.4517039267729312,3.0,170.0,82.0,30.0,36.0,154.0,12.0,2.0,5.0,9.0,27500.0,9816.0
meta.imbalanced.RebalanceStream -l (trees.HoeffdingTree -e 2000000 -g 100 -c 0.01),ArffFileStream -f ./../../../Dataset/benchmarks/connect-4.arff,1,28000.0,1.640625,4.117771620965667E-9,28000.0,0.741372172471649,0.8758291778074867,0.8356673351158646,0.696,0.45108122553339003,0.38716850399551134,3.0,198.0,38.0,29.0,60.0,145.0,16.0,1.0,8.0,5.0,28000.0,9984.0
meta.imbalanced.RebalanceStream -l (trees.HoeffdingTree -e 2000000 -g 100 -c 0.01),ArffFileStream -f ./../../../Dataset/benchmarks/connect-4.arff,1,28500.0,1.671875,4.197128065344361E-9,28500.0,0.7119773862237211,0.8197155906895037,0.7810466127601677,0.734,0.38099227403890884,0.29550055208728837,3.0,305.0,46.0,44.0,21.0,59.0,11.0,8.0,3.0,3.0,28500.0,9816.0
meta.imbalanced.RebalanceStream -l (trees.HoeffdingTree -e 2000000 -g 100 -c 0.01),ArffFileStream -f ./../../../Dataset/benchmarks/connect-4.arff,1,29000.0,1.703125,4.276484509723054E-9,29000.0,0.8161683610039892,0.857433695652174,0.7880636070853462,0.672,0.4373387495196795,0.46190794508826066,3.0,142.0,81.0,38.0,21.0,184.0,9.0,8.0,7.0,10.0,29000.0,9816.0
meta.imbalanced.RebalanceStream -l (trees.HoeffdingTree -e 2000000 -g 100 -c 0.01),ArffFileStream -f ./../../../Dataset/benchmarks/connect-4.arff,1,29500.0,1.71875,4.3161627319124015E-9,29500.0,0.7856239473998059,0.8476313124184223,0.7922868700220713,0.66,0.43659731290059595,0.5406057706471923,3.0,175.0,32.0,27.0,46.0,135.0,16.0,14.0,35.0,20.0,29500.0,9816.0
meta.imbalanced.RebalanceStream -l (trees.HoeffdingTree -e 2000000 -g 100 -c 0.01),ArffFileStream -f ./../../../Dataset/benchmarks/connect-4.arff,1,30000.0,1.734375,4.355840954101749E-9,30000.0,0.826923002176617,0.858926574505358,0.7940204679011023,0.766,0.5661782154722355,0.5211396539691244,3.0,238.0,45.0,17.0,26.0,136.0,14.0,4.0,11.0,9.0,30000.0,9816.0
meta.imbalanced.RebalanceStream -l (trees.HoeffdingTree -e 2000000 -g 100 -c 0.01),ArffFileStream -f ./../../../Dataset/benchmarks/connect-4.arff,1,30500.0,1.75,4.396198265668419E-9,30500.0,0.7659002640056422,0.8464287252945789,0.8087354530443961,0.64,0.3823008606608008,0.5038728243102195,3.0,205.0,35.0,14.0,56.0,97.0,35.0,27.0,13.0,18.0,30500.0,9984.0
meta.imbalanced.RebalanceStream -l (trees.HoeffdingTree -e 2000000 -g 100 -c 0.01),ArffFileStream -f ./../../../Dataset/benchmarks/connect-4.arff,1,31000.0,1.765625,4.43655557723509E-9,31000.0,0.7026727537722909,0.8346906236620523,0.8082877440020297,0.642,0.23590479117576746,0.39831466837529483,3.0,273.0,54.0,50.0,25.0,24.0,6.0,26.0,18.0,24.0,31000.0,9984.0
meta.imbalanced.RebalanceStream -l (trees.HoeffdingTree -e 2000000 -g 100 -c 0.01),ArffFileStream -f ./../../../Dataset/benchmarks/connect-4.arff,1,31500.0,1.796875,4.515912021613783E-9,31500.0,0.7307890650349975,0.8539773520499433,0.8090376705243815,0.79,0.31853582554517146,0.21385513483832783,3.0,363.0,59.0,26.0,11.0,31.0,7.0,2.0,0.0,1.0,31500.0,9816.0
meta.imbalanced.RebalanceStream -l (trees.HoeffdingTree -e 2000000 -g 100 -c 0.01),ArffFileStream -f ./../../../Dataset/benchmarks/connect-4.arff,1,32000.0,1.8125,4.555590243803131E-9,32000.0,0.6721912423531021,0.8454871961371961,0.8085896130013778,0.74,0.30471616374469185,0.27367901993685323,3.0,333.0,48.0,34.0,17.0,34.0,17.0,11.0,3.0,3.0,32000.0,9816.0
meta.imbalanced.RebalanceStream -l (trees.HoeffdingTree -e 2000000 -g 100 -c 0.01),ArffFileStream -f ./../../../Dataset/benchmarks/connect-4.arff,1,32500.0,1.828125,4.595268465992478E-9,32500.0,0.6964292952323049,0.849223539089852,0.8101641172463453,0.844,0.1232014388489211,0.18491741543853413,3.0,416.0,32.0,28.0,4.0,4.0,4.0,10.0,0.0,2.0,32500.0,9816.0
meta.imbalanced.RebalanceStream -l (trees.HoeffdingTree -e 2000000 -g 100 -c 0.01),ArffFileStream -f ./../../../Dataset/benchmarks/connect-4.arff,1,33000.0,1.84375,4.634267598804501E-9,33000.0,0.7031432057180086,0.8612564082140799,0.8043047601629238,0.71,0.3765478811227297,0.24686660208626005,3.0,271.0,89.0,20.0,27.0,83.0,8.0,0.0,1.0,1.0,33000.0,9648.0
meta.imbalanced.RebalanceStream -l (trees.HoeffdingTree -e 2000000 -g 100 -c 0.01),ArffFileStream -f ./../../../Dataset/benchmarks/connect-4.arff,1,33500.0,1.875,4.712265864428548E-9,33500.0,0.6773728114845531,0.8512311879216135,0.8030638326737617,0.622,0.2667085690341505,0.0,3.0,212.0,46.0,27.0,103.0,99.0,12.0,1.0,0.0,0.0,33500.0,9648.0
meta.imbalanced.RebalanceStream -l (trees.HoeffdingTree -e 2000000 -g 100 -c 0.01),ArffFileStream -f ./../../../Dataset/benchmarks/connect-4.arff,1,34000.0,1.890625,4.751944086617895E-9,34000.0,0.617684506461774,0.843186021189858,0.8015350128476509,0.596,0.23412322274881514,0.18349747310183842,3.0,215.0,84.0,46.0,52.0,82.0,16.0,1.0,3.0,1.0,34000.0,9816.0
meta.imbalanced.RebalanceStream -l (trees.HoeffdingTree -e 2000000 -g 100 -c 0.01),ArffFileStream -f ./../../../Dataset/benchmarks/connect-4.arff,1,34500.0,1.90625,4.791622308807242E-9,34500.0,0.7242905687179086,0.8560395984553844,0.8051544247037269,0.7,0.40182801359046744,0.0,3.0,251.0,67.0,17.0,39.0,99.0,25.0,0.0,2.0,0.0,34500.0,9816.0
meta.imbalanced.RebalanceStream -l (trees.HoeffdingTree -e 2000000 -g 100 -c 0.01),ArffFileStream -f ./../../../Dataset/benchmarks/connect-4.arff,1,35000.0,1.921875,4.831300530996589E-9,35000.0,0.7314349455149713,0.8415998660070089,0.8028319762248334,0.652,0.38203204909648825,0.27805806878594375,3.0,208.0,63.0,39.0,35.0,115.0,34.0,1.0,2.0,3.0,35000.0,9816.0
meta.imbalanced.RebalanceStream -l (trees.HoeffdingTree -e 2000000 -g 100 -c 0.01),ArffFileStream -f ./../../../Dataset/benchmarks/connect-4.arff,1,35500.0,1.953125,4.910656975375283E-9,35500.0,0.747569039096695,0.8499482372247318,0.8051251058723884,0.644,0.3749297673895943,0.2886748482897318,3.0,182.0,55.0,31.0,51.0,137.0,33.0,5.0,3.0,3.0,35500.0,9816.0
meta.imbalanced.RebalanceStream -l (trees.HoeffdingTree -e 2000000 -g 100 -c 0.01),ArffFileStream -f ./../../../Dataset/benchmarks/connect-4.arff,1,36000.0,1.96875,4.95033519756463E-9,36000.0,0.6919893973809459,0.8551575116459628,0.8026171066252589,0.622,0.3169793865101622,0.2775249840544329,3.0,108.0,49.0,25.0,72.0,200.0,38.0,3.0,2.0,3.0,36000.0,9816.0
meta.imbalanced.RebalanceStream -l (trees.HoeffdingTree -e 2000000 -g 100 -c 0.01),ArffFileStream -f ./../../../Dataset/benchmarks/connect-4.arff,1,36500.0,1.984375,4.990013419753978E-9,36500.0,0.7497490212713309,0.8479513501144165,0.8041843492129533,0.694,0.45682273250117145,0.4560251407316288,3.0,215.0,50.0,34.0,33.0,121.0,21.0,6.0,9.0,11.0,36500.0,9816.0
meta.imbalanced.RebalanceStream -l (trees.HoeffdingTree -e 2000000 -g 100 -c 0.01),ArffFileStream -f ./../../../Dataset/benchmarks/connect-4.arff,1,37000.0,2.015625,5.068011685378024E-9,37000.0,0.6908574717441872,0.8530973521101922,0.8056958882854237,0.614,0.19639585623396952,0.2857638097832823,3.0,248.0,102.0,34.0,44.0,55.0,13.0,0.0,0.0,4.0,37000.0,9648.0
meta.imbalanced.RebalanceStream -l (trees.HoeffdingTree -e 2000000 -g 100 -c 0.01),ArffFileStream -f ./../../../Dataset/benchmarks/connect-4.arff,1,37500.0,2.03125,5.107010818190047E-9,37500.0,0.6958259132172175,0.8505635554516575,0.8071546727074709,0.902,0.31749171239936524,0.3579595896616517,3.0,440.0,13.0,16.0,15.0,8.0,3.0,0.0,2.0,3.0,37500.0,9648.0
meta.imbalanced.RebalanceStream -l (trees.HoeffdingTree -e 2000000 -g 100 -c 0.01),ArffFileStream -f ./../../../Dataset/benchmarks/connect-4.arff,1,38000.0,2.046875,5.146689040379395E-9,38000.0,0.7824466478312632,0.8541219564240792,0.8085634448611274,0.954,0.34540072859744936,0.0,3.0,472.0,0.0,11.0,9.0,5.0,2.0,0.0,1.0,0.0,38000.0,9816.0
meta.imbalanced.RebalanceStream -l (trees.HoeffdingTree -e 2000000 -g 100 -c 0.01),ArffFileStream -f ./../../../Dataset/benchmarks/connect-4.arff,1,38500.0,2.0625,5.185688173191418E-9,38500.0,0.6433983162248195,0.8451582970354532,0.8051786883809251,0.736,0.08094634676172818,0.15588275825050454,3.0,360.0,72.0,41.0,9.0,3.0,3.0,4.0,3.0,5.0,38500.0,9648.0
meta.imbalanced.RebalanceStream -l (trees.HoeffdingTree -e 2000000 -g 100 -c 0.01),ArffFileStream -f ./../../../Dataset/benchmarks/connect-4.arff,1,39000.0,2.078125,5.224687306003441E-9,39000.0,0.6154728839511449,0.84523748962922,0.8065686657879189,0.876,0.08041885437987577,0.0,3.0,435.0,19.0,37.0,3.0,3.0,0.0,2.0,1.0,0.0,39000.0,9648.0
meta.imbalanced.RebalanceStream -l (trees.HoeffdingTree -e 2000000 -g 100 -c 0.01),ArffFileStream -f ./../../../Dataset/benchmarks/connect-4.arff,1,39500.0,2.09375,5.2636864388154644E-9,39500.0,0.699741537952567,0.8490002587991718,0.8040458937198067,0.722,0.2601266833448658,0.2807467765501002,3.0,327.0,76.0,34.0,12.0,30.0,9.0,4.0,4.0,4.0,39500.0,9648.0
meta.imbalanced.RebalanceStream -l (trees.HoeffdingTree -e 2000000 -g 100 -c 0.01),ArffFileStream -f ./../../../Dataset/benchmarks/connect-4.arff,1,40000.0,2.109375,5.303364661004812E-9,40000.0,0.6818792463323713,0.8552119171980727,0.8025810025936515,0.622,0.18108080002773058,0.21466832796899593,3.0,270.0,126.0,35.0,14.0,39.0,7.0,4.0,3.0,2.0,40000.0,9816.0
meta.imbalanced.RebalanceStream -l (trees.HoeffdingTree -e 2000000 -g 100 -c 0.01),ArffFileStream -f ./../../../Dataset/benchmarks/connect-4.arff,1,40500.0,2.140625,5.384079284138153E-9,40500.0,0.6565397790563489,0.8373126115253926,0.8001994751807344,0.706,0.27316238640071977,0.25683043832837477,3.0,310.0,66.0,52.0,14.0,40.0,7.0,7.0,1.0,3.0,40500.0,9984.0
meta.imbalanced.RebalanceStream -l (trees.HoeffdingTree -e 2000000 -g 100 -c 0.01),ArffFileStream -f ./../../../Dataset/benchmarks/connect-4.arff,1,41000.0,2.15625,5.424436595704824E-9,41000.0,0.6499664888413247,0.8378163186813188,0.7970959922430509,0.642,0.24501881126313846,0.3148032055671858,3.0,267.0,46.0,40.0,21.0,49.0,16.0,49.0,7.0,5.0,41000.0,9984.0
meta.imbalanced.RebalanceStream -l (trees.HoeffdingTree -e 2000000 -g 100 -c 0.01),ArffFileStream -f ./../../../Dataset/benchmarks/connect-4.arff,1,41500.0,2.171875,5.464114817894171E-9,41500.0,0.7990465515011426,0.840705448532507,0.7985216807237586,0.694,0.4620934058979875,0.41491867885772915,3.0,212.0,26.0,32.0,50.0,127.0,31.0,12.0,2.0,8.0,41500.0,9816.0
meta.imbalanced.RebalanceStream -l (trees.HoeffdingTree -e 2000000 -g 100 -c 0.01),ArffFileStream -f ./../../../Dataset/benchmarks/connect-4.arff,1,42000.0,2.1875,5.503113950706194E-9,42000.0,0.8176281026952168,0.8493060796571003,0.7999042354013819,0.918,0.5603971436536358,0.42281861801920395,3.0,438.0,7.0,7.0,8.0,18.0,15.0,1.0,3.0,3.0,42000.0,9648.0
meta.imbalanced.RebalanceStream -l (trees.HoeffdingTree -e 2000000 -g 100 -c 0.01),ArffFileStream -f ./../../../Dataset/benchmarks/connect-4.arff,1,42500.0,2.203125,5.542113083518218E-9,42500.0,0.7348516961757218,0.8434862901766299,0.8012456027091004,0.762,0.32309442548350387,0.4727762734116434,3.0,347.0,21.0,18.0,34.0,21.0,15.0,25.0,6.0,13.0,42500.0,9648.0
meta.imbalanced.RebalanceStream -l (trees.HoeffdingTree -e 2000000 -g 100 -c 0.01),ArffFileStream -f ./../../../Dataset/benchmarks/connect-4.arff,1,43000.0,2.21875,5.581791305707565E-9,43000.0,0.7364435579196217,0.8443322050179278,0.7966215625620947,0.752,0.2968927194375143,0.0,3.0,339.0,43.0,30.0,30.0,37.0,10.0,7.0,4.0,0.0,43000.0,9816.0
meta.imbalanced.RebalanceStream -l (trees.HoeffdingTree -e 2000000 -g 100 -c 0.01),ArffFileStream -f ./../../../Dataset/benchmarks/connect-4.arff,1,43500.0,2.234375,5.622148617274235E-9,43500.0,0.6660676037483266,0.8390412387177092,0.7958378721859114,0.756,0.2437860286369552,0.0,3.0,354.0,21.0,22.0,50.0,24.0,18.0,11.0,0.0,0.0,43500.0,9984.0
meta.imbalanced.RebalanceStream -l (trees.HoeffdingTree -e 2000000 -g 100 -c 0.01),ArffFileStream -f ./../../../Dataset/benchmarks/connect-4.arff,1,44000.0,2.265625,5.700146882898282E-9,44000.0,0.6884534505684868,0.8289483643418244,0.7971767349512836,0.562,0.24690508940852826,0.41765247475752676,3.0,196.0,60.0,46.0,37.0,65.0,26.0,31.0,19.0,20.0,44000.0,9648.0
meta.imbalanced.RebalanceStream -l (trees.HoeffdingTree -e 2000000 -g 100 -c 0.01),ArffFileStream -f ./../../../Dataset/benchmarks/connect-4.arff,1,44500.0,2.28125,5.738466926332981E-9,44500.0,0.7733990727917202,0.8456696445432458,0.798478054970164,0.784,0.37562870720455094,0.4534180249365051,3.0,350.0,26.0,16.0,44.0,35.0,14.0,7.0,1.0,7.0,44500.0,9480.0
meta.imbalanced.RebalanceStream -l (trees.HoeffdingTree -e 2000000 -g 100 -c 0.01),ArffFileStream -f ./../../../Dataset/benchmarks/connect-4.arff,1,45000.0,2.296875,5.778145148522328E-9,45000.0,0.5813142437591776,0.853327912816014,0.8007092069349357,0.882,0.08984326792545887,0.0,3.0,437.0,26.0,15.0,11.0,4.0,1.0,6.0,0.0,0.0,45000.0,9816.0
meta.imbalanced.RebalanceStream -l (trees.HoeffdingTree -e 2000000 -g 100 -c 0.01),ArffFileStream -f ./../../../Dataset/benchmarks/connect-4.arff,1,45500.0,2.3125,5.817823370711676E-9,45500.0,0.6540924252297983,0.8501933512367172,0.7965803219032181,0.776,0.2097984986171473,0.19888683959854822,3.0,367.0,52.0,27.0,16.0,20.0,4.0,11.0,2.0,1.0,45500.0,9816.0
meta.imbalanced.RebalanceStream -l (trees.HoeffdingTree -e 2000000 -g 100 -c 0.01),ArffFileStream -f ./../../../Dataset/benchmarks/connect-4.arff,1,46000.0,2.34375,5.897179815090369E-9,46000.0,0.7257228594799217,0.845303916364394,0.7988277638124959,0.774,0.21948389235784924,0.2324892900136187,3.0,367.0,39.0,34.0,21.0,18.0,9.0,8.0,2.0,2.0,46000.0,9816.0
meta.imbalanced.RebalanceStream -l (trees.HoeffdingTree -e 2000000 -g 100 -c 0.01),ArffFileStream -f ./../../../Dataset/benchmarks/connect-4.arff,1,46500.0,2.359375,5.9361789479023925E-9,46500.0,0.7148173463962938,0.8388424029932187,0.7980317077898327,0.768,0.3098524512137081,0.3806488404194105,3.0,351.0,27.0,41.0,19.0,25.0,9.0,15.0,5.0,8.0,46500.0,9648.0
meta.imbalanced.RebalanceStream -l (trees.HoeffdingTree -e 2000000 -g 100 -c 0.01),ArffFileStream -f ./../../../Dataset/benchmarks/connect-4.arff,1,47000.0,2.375,5.975178080714416E-9,47000.0,0.7088829271927862,0.848283202979363,0.7977991029349522,0.844,0.33637353661856767,0.330855764270194,3.0,405.0,13.0,26.0,14.0,13.0,5.0,7.0,13.0,4.0,47000.0,9648.0
meta.imbalanced.RebalanceStream -l (trees.HoeffdingTree -e 2000000 -g 100 -c 0.01),ArffFileStream -f ./../../../Dataset/benchmarks/connect-4.arff,1,47500.0,2.390625,6.014177213526439E-9,47500.0,0.7321022572960557,0.8526915792666123,0.7990235639880345,0.748,0.35119770962493063,0.20736741201351816,3.0,326.0,59.0,35.0,17.0,47.0,9.0,1.0,5.0,1.0,47500.0,9648.0
meta.imbalanced.RebalanceStream -l (trees.HoeffdingTree -e 2000000 -g 100 -c 0.01),ArffFileStream -f ./../../../Dataset/benchmarks/connect-4.arff,1,48000.0,2.40625,6.053176346338462E-9,48000.0,0.7826924269117,0.8317451327501594,0.8002162680607386,0.648,0.3925001380681505,0.40846383496172944,3.0,216.0,64.0,71.0,13.0,95.0,18.0,5.0,5.0,13.0,48000.0,9648.0
meta.imbalanced.RebalanceStream -l (trees.HoeffdingTree -e 2000000 -g 100 -c 0.01),ArffFileStream -f ./../../../Dataset/benchmarks/connect-4.arff,1,48500.0,2.4375,6.131174611962509E-9,48500.0,0.7255694359052485,0.8399415011888697,0.8003202450570871,0.812,0.3499308437067775,0.37497150865944406,3.0,380.0,28.0,37.0,4.0,17.0,15.0,9.0,1.0,9.0,48500.0,9648.0
meta.imbalanced.RebalanceStream -l (trees.HoeffdingTree -e 2000000 -g 100 -c 0.01),ArffFileStream -f ./../../../Dataset/benchmarks/connect-4.arff,1,49000.0,2.453125,6.170852834151856E-9,49000.0,0.7492260858695413,0.8494607442784505,0.795698106697436,0.872,0.2814478825167291,0.21052843623542788,3.0,423.0,28.0,27.0,5.0,12.0,3.0,0.0,1.0,1.0,49000.0,9816.0
meta.imbalanced.RebalanceStream -l (trees.HoeffdingTree -e 2000000 -g 100 -c 0.01),ArffFileStream -f ./../../../Dataset/benchmarks/connect-4.arff,1,49500.0,2.46875,6.209172877586555E-9,49500.0,0.7638657830075969,0.8676362395854129,0.7975543400374998,0.76,0.4848635747033674,0.2763214054204653,3.0,278.0,50.0,22.0,37.0,101.0,4.0,3.0,4.0,1.0,49500.0,9480.0
meta.imbalanced.RebalanceStream -l (trees.HoeffdingTree -e 2000000 -g 100 -c 0.01),ArffFileStream -f ./../../../Dataset/benchmarks/connect-4.arff,1,50000.0,2.484375,6.248851099775903E-9,50000.0,0.6191150035861573,0.8616982662586609,0.795037042708286,0.73,0.39753121680843256,0.0,3.0,284.0,61.0,22.0,39.0,81.0,10.0,2.0,1.0,0.0,50000.0,9816.0
meta.imbalanced.RebalanceStream -l (trees.HoeffdingTree -e 2000000 -g 100 -c 0.01),ArffFileStream -f ./../../../Dataset/benchmarks/connect-4.arff,1,50500.0,2.5,6.289208411342573E-9,50500.0,0.7279934778656485,0.8777849990031514,0.7982768526971328,0.76,0.49505575426046716,0.0,3.0,267.0,80.0,18.0,21.0,113.0,1.0,0.0,0.0,0.0,50500.0,9984.0
meta.imbalanced.RebalanceStream -l (trees.HoeffdingTree -e 2000000 -g 100 -c 0.01),ArffFileStream -f ./../../../Dataset/benchmarks/connect-4.arff,1,51000.0,2.5,6.289208411342573E-9,51000.0,0.7705907707438091,0.867305312429165,0.8012919399361649,0.702,0.46539413727530393,0.22577335021354747,3.0,188.0,65.0,42.0,29.0,162.0,10.0,2.0,1.0,1.0,51000.0,9816.0
meta.imbalanced.RebalanceStream -l (trees.HoeffdingTree -e 2000000 -g 100 -c 0.01),ArffFileStream -f ./../../../Dataset/benchmarks/connect-4.arff,1,51500.0,2.53125,6.368564855721267E-9,51500.0,0.7384286217758369,0.8770182662582603,0.7968016440246934,0.732,0.4019138755980863,0.23092475084942074,3.0,68.0,55.0,25.0,31.0,297.0,20.0,2.0,1.0,1.0,51500.0,9816.0
meta.imbalanced.RebalanceStream -l (trees.HoeffdingTree -e 2000000 -g 100 -c 0.01),ArffFileStream -f ./../../../Dataset/benchmarks/connect-4.arff,1,52000.0,2.546875,6.408922167287937E-9,52000.0,0.7608347394819543,0.8641135845415966,0.8146675368649927,0.68,0.4133650116227058,0.32095080536689435,3.0,116.0,40.0,17.0,53.0,220.0,49.0,0.0,1.0,4.0,52000.0,9984.0
meta.imbalanced.RebalanceStream -l (trees.HoeffdingTree -e 2000000 -g 100 -c 0.01),ArffFileStream -f ./../../../Dataset/benchmarks/connect-4.arff,1,52500.0,2.578125,6.489636790421279E-9,52500.0,0.7690137166637139,0.8603381616849239,0.8179409565610477,0.67,0.45895962855119227,0.578112454530125,3.0,140.0,41.0,27.0,42.0,166.0,23.0,16.0,16.0,29.0,52500.0,9984.0
meta.imbalanced.RebalanceStream -l (trees.HoeffdingTree -e 2000000 -g 100 -c 0.01),ArffFileStream -f ./../../../Dataset/benchmarks/connect-4.arff,1,53000.0,2.59375,6.528635923233302E-9,53000.0,0.7563030665362273,0.8717198122244942,0.8190007415018303,0.866,0.6281000910322164,0.0,3.0,363.0,18.0,8.0,23.0,70.0,18.0,0.0,0.0,0.0,53000.0,9648.0
meta.imbalanced.RebalanceStream -l (trees.HoeffdingTree -e 2000000 -g 100 -c 0.01),ArffFileStream -f ./../../../Dataset/benchmarks/connect-4.arff,1,53500.0,2.609375,6.568314145422649E-9,53500.0,0.6921201962842782,0.8682678418218328,0.8200350645004258,0.836,0.3173265843018411,0.0,3.0,397.0,44.0,25.0,4.0,21.0,7.0,2.0,0.0,0.0,53500.0,9816.0
meta.imbalanced.RebalanceStream -l (trees.HoeffdingTree -e 2000000 -g 100 -c 0.01),ArffFileStream -f ./../../../Dataset/benchmarks/connect-4.arff,1,54000.0,2.625,6.607992367611997E-9,54000.0,0.6873394385278936,0.8709554810149689,0.820426503995781,0.788,0.3746017511150971,0.32808220872408983,3.0,352.0,56.0,18.0,19.0,39.0,12.0,1.0,0.0,3.0,54000.0,9816.0
meta.imbalanced.RebalanceStream -l (trees.HoeffdingTree -e 2000000 -g 100 -c 0.01),ArffFileStream -f ./../../../Dataset/benchmarks/connect-4.arff,1,54500.0,2.65625,6.68734881199069E-9,54500.0,0.696632847716439,0.8823511118254682,0.8214332636271146,0.696,0.3753749804804681,0.0,3.0,253.0,91.0,13.0,32.0,95.0,15.0,0.0,1.0,0.0,54500.0,9816.0
meta.imbalanced.RebalanceStream -l (trees.HoeffdingTree -e 2000000 -g 100 -c 0.01),ArffFileStream -f ./../../../Dataset/benchmarks/connect-4.arff,1,55000.0,2.671875,6.7270270341800376E-9,55000.0,0.6502744340575689,0.8781731398013751,0.8199332824038706,0.688,0.3750801179335982,0.23398885118614557,3.0,245.0,92.0,26.0,28.0,98.0,9.0,1.0,0.0,1.0,55000.0,9816.0
meta.imbalanced.RebalanceStream -l (trees.HoeffdingTree -e 2000000 -g 100 -c 0.01),ArffFileStream -f ./../../../Dataset/benchmarks/connect-4.arff,1,55500.0,2.6875,6.766705256369385E-9,55500.0,0.6511334736398507,0.8731342121613396,0.8203653380695071,0.56,0.2372129146787973,0.0,3.0,164.0,121.0,40.0,33.0,116.0,22.0,2.0,2.0,0.0,55500.0,9816.0
meta.imbalanced.RebalanceStream -l (trees.HoeffdingTree -e 2000000 -g 100 -c 0.01),ArffFileStream -f ./../../../Dataset/benchmarks/connect-4.arff,1,56000.0,2.703125,6.807062567936055E-9,56000.0,0.7175643829699392,0.8757794533664283,0.8207448908079159,0.666,0.40561780156888444,0.3826286871014968,3.0,138.0,56.0,24.0,51.0,189.0,28.0,6.0,2.0,6.0,56000.0,9984.0
meta.imbalanced.RebalanceStream -l (trees.HoeffdingTree -e 2000000 -g 100 -c 0.01),ArffFileStream -f ./../../../Dataset/benchmarks/connect-4.arff,1,56500.0,2.71875,6.847419879502726E-9,56500.0,0.690025,0.8605405627963767,0.8217215170703542,0.58,0.2507492507492507,0.3065237729574212,3.0,204.0,85.0,42.0,39.0,80.0,32.0,7.0,5.0,6.0,56500.0,9984.0
meta.imbalanced.RebalanceStream -l (trees.HoeffdingTree -e 2000000 -g 100 -c 0.01),ArffFileStream -f ./../../../Dataset/benchmarks/connect-4.arff,1,57000.0,2.75,6.926776323881419E-9,57000.0,0.6841639499046906,0.857713390379088,0.8226759845088607,0.662,0.2933896391687921,0.3037870182909317,3.0,272.0,47.0,53.0,36.0,54.0,19.0,7.0,7.0,5.0,57000.0,9816.0
meta.imbalanced.RebalanceStream -l (trees.HoeffdingTree -e 2000000 -g 100 -c 0.01),ArffFileStream -f ./../../../Dataset/benchmarks/connect-4.arff,1,57500.0,2.765625,6.966454546070767E-9,57500.0,0.666840803261045,0.8673106862685601,0.8213056634435139,0.726,0.23861817535123586,0.3083482215180724,3.0,329.0,45.0,32.0,47.0,30.0,11.0,1.0,1.0,4.0,57500.0,9816.0
meta.imbalanced.RebalanceStream -l (trees.HoeffdingTree -e 2000000 -g 100 -c 0.01),ArffFileStream -f ./../../../Dataset/benchmarks/connect-4.arff,1,58000.0,2.78125,7.006811857637437E-9,58000.0,0.6990258025571273,0.864350049541248,0.8172471249562385,0.712,0.26791324771985464,0.33224363296493226,3.0,315.0,40.0,21.0,54.0,37.0,18.0,10.0,1.0,4.0,58000.0,9984.0
meta.imbalanced.RebalanceStream -l (trees.HoeffdingTree -e 2000000 -g 100 -c 0.01),ArffFileStream -f ./../../../Dataset/benchmarks/connect-4.arff,1,58500.0,2.78125,7.006811857637437E-9,58500.0,0.6759885318254685,0.8575256244566232,0.8153569649380296,0.624,0.2895526449048076,0.3054332341265323,3.0,225.0,47.0,42.0,62.0,83.0,18.0,12.0,7.0,4.0,58500.0,9480.0
meta.imbalanced.RebalanceStream -l (trees.HoeffdingTree -e 2000000 -g 100 -c 0.01),ArffFileStream -f ./../../../Dataset/benchmarks/connect-4.arff,1,59000.0,2.796875,7.04581099044946E-9,59000.0,0.7151019051736828,0.8493782440228224,0.8147368955601887,0.588,0.26074786478145395,0.41829539462817417,3.0,208.0,85.0,50.0,44.0,68.0,18.0,4.0,5.0,18.0,59000.0,9648.0
meta.imbalanced.RebalanceStream -l (trees.HoeffdingTree -e 2000000 -g 100 -c 0.01),ArffFileStream -f ./../../../Dataset/benchmarks/connect-4.arff,1,59500.0,2.8125,7.085489212638808E-9,59500.0,0.6870836112222668,0.8357246816470418,0.812062195292009,0.594,0.24407173498570053,0.41754064914945027,3.0,231.0,48.0,49.0,45.0,45.0,28.0,24.0,9.0,21.0,59500.0,9816.0
meta.imbalanced.RebalanceStream -l (trees.HoeffdingTree -e 2000000 -g 100 -c 0.01),ArffFileStream -f ./../../../Dataset/benchmarks/connect-4.arff,1,60000.0,2.828125,7.125167434828155E-9,60000.0,0.7153100981852414,0.8499505863151713,0.8125687482778854,0.624,0.331835887520969,0.4299243278454845,3.0,207.0,37.0,35.0,73.0,93.0,27.0,11.0,5.0,12.0,60000.0,9816.0
meta.imbalanced.RebalanceStream -l (trees.HoeffdingTree -e 2000000 -g 100 -c 0.01),ArffFileStream -f ./../../../Dataset/benchmarks/connect-4.arff,1,60500.0,2.84375,7.164845657017502E-9,60500.0,0.7299094450422724,0.8554360994765896,0.8135493935472113,0.718,0.2671365309050084,0.38154947218242985,3.0,322.0,48.0,22.0,47.0,28.0,20.0,3.0,1.0,9.0,60500.0,9816.0
meta.imbalanced.RebalanceStream -l (trees.HoeffdingTree -e 2000000 -g 100 -c 0.01),ArffFileStream -f ./../../../Dataset/benchmarks/connect-4.arff,1,61000.0,2.859375,7.204523879206849E-9,61000.0,0.7346276780293173,0.8576345446950709,0.8145096537640396,0.738,0.23230192217533968,0.3020831109451039,3.0,339.0,59.0,38.0,24.0,25.0,7.0,3.0,0.0,5.0,61000.0,9816.0
meta.imbalanced.RebalanceStream -l (trees.HoeffdingTree -e 2000000 -g 100 -c 0.01),ArffFileStream -f ./../../../Dataset/benchmarks/connect-4.arff,1,61500.0,2.890625,7.282522144830896E-9,61500.0,0.7376366665045162,0.8501708196444802,0.8117629190138986,0.692,0.3363442046473142,0.4412511721667482,3.0,289.0,62.0,45.0,10.0,35.0,6.0,15.0,16.0,22.0,61500.0,9648.0
meta.imbalanced.RebalanceStream -l (trees.HoeffdingTree -e 2000000 -g 100 -c 0.01),ArffFileStream -f ./../../../Dataset/benchmarks/connect-4.arff,1,62000.0,2.90625,7.321521277642919E-9,62000.0,0.7213137608659995,0.8509876792400386,0.8141880310437479,0.728,0.38516623115941373,0.470780475471401,3.0,301.0,39.0,47.0,26.0,46.0,10.0,8.0,6.0,17.0,62000.0,9648.0
meta.imbalanced.RebalanceStream -l (trees.HoeffdingTree -e 2000000 -g 100 -c 0.01),ArffFileStream -f ./../../../Dataset/benchmarks/connect-4.arff,1,62500.0,2.921875,7.359841321077618E-9,62500.0,0.8035507780740067,0.8623943620193619,0.8151285026285026,0.754,0.5080196792128315,0.3678054391004213,3.0,277.0,47.0,44.0,12.0,95.0,12.0,0.0,8.0,5.0,62500.0,9480.0
meta.imbalanced.RebalanceStream -l (trees.HoeffdingTree -e 2000000 -g 100 -c 0.01),ArffFileStream -f ./../../../Dataset/benchmarks/connect-4.arff,1,63000.0,2.9375,7.398840453889642E-9,63000.0,0.734286743606305,0.8644987336562545,0.8101293994182719,0.638,0.37331643711351636,0.43125511840004715,3.0,101.0,53.0,45.0,39.0,207.0,12.0,9.0,23.0,11.0,63000.0,9648.0
meta.imbalanced.RebalanceStream -l (trees.HoeffdingTree -e 2000000 -g 100 -c 0.01),ArffFileStream -f ./../../../Dataset/benchmarks/connect-4.arff,1,63500.0,2.953125,7.437839586701665E-9,63500.0,0.7587945170288085,0.867622891281396,0.8110921649388759,0.714,0.49903309884812636,0.35623143964418613,3.0,161.0,34.0,19.0,33.0,192.0,33.0,7.0,17.0,4.0,63500.0,9648.0
meta.imbalanced.RebalanceStream -l (trees.HoeffdingTree -e 2000000 -g 100 -c 0.01),ArffFileStream -f ./../../../Dataset/benchmarks/connect-4.arff,1,64000.0,2.96875,7.476838719513688E-9,64000.0,0.7450368624607203,0.856054520263572,0.8120358550315446,0.798,0.3447005086681201,0.262611501963967,3.0,370.0,29.0,30.0,15.0,27.0,18.0,9.0,0.0,2.0,64000.0,9648.0
meta.imbalanced.RebalanceStream -l (trees.HoeffdingTree -e 2000000 -g 100 -c 0.01),ArffFileStream -f ./../../../Dataset/benchmarks/connect-4.arff,1,64500.0,3.0,7.554836985137735E-9,64500.0,0.7108817829457365,0.8387876329157288,0.8088356681610054,0.584,0.33469805527123847,0.43252607711309726,3.0,153.0,31.0,38.0,45.0,122.0,45.0,30.0,19.0,17.0,64500.0,9648.0
meta.imbalanced.RebalanceStream -l (trees.HoeffdingTree -e 2000000 -g 100 -c 0.01),ArffFileStream -f ./../../../Dataset/benchmarks/connect-4.arff,1,65000.0,3.015625,7.594515207327082E-9,65000.0,0.7046581061086451,0.8352019517325031,0.7992784175930441,0.622,0.2971992086983683,0.31109333344900536,3.0,233.0,77.0,46.0,31.0,72.0,31.0,1.0,3.0,6.0,65000.0,9816.0
meta.imbalanced.RebalanceStream -l (trees.HoeffdingTree -e 2000000 -g 100 -c 0.01),ArffFileStream -f ./../../../Dataset/benchmarks/connect-4.arff,1,65500.0,3.03125,7.63419342951643E-9,65500.0,0.6160049419368239,0.8438769225418763,0.7952525494399404,0.666,0.2073587484811665,0.22799052528176475,3.0,291.0,86.0,37.0,31.0,40.0,8.0,2.0,3.0,2.0,65500.0,9816.0
meta.imbalanced.RebalanceStream -l (trees.HoeffdingTree -e 2000000 -g 100 -c 0.01),ArffFileStream -f ./../../../Dataset/benchmarks/connect-4.arff,1,66000.0,3.046875,7.6745507410831E-9,66000.0,0.6861365863217715,0.8436410860378842,0.7963393191056077,0.662,0.17202320294740156,0.19991177766830628,3.0,302.0,92.0,40.0,18.0,27.0,8.0,4.0,7.0,2.0,66000.0,9984.0
meta.imbalanced.RebalanceStream -l (trees.HoeffdingTree -e 2000000 -g 100 -c 0.01),ArffFileStream -f ./../../../Dataset/benchmarks/connect-4.arff,1,66500.0,3.078125,7.752549006707146E-9,66500.0,0.7239646137161665,0.8461142518364739,0.7983326679442138,0.658,0.3208626236149173,0.2857990523144393,3.0,253.0,60.0,34.0,40.0,73.0,17.0,6.0,14.0,3.0,66500.0,9648.0
meta.imbalanced.RebalanceStream -l (trees.HoeffdingTree -e 2000000 -g 100 -c 0.01),ArffFileStream -f ./../../../Dataset/benchmarks/connect-4.arff,1,67000.0,3.09375,7.792227228896493E-9,67000.0,0.6982970566987485,0.8393043454129049,0.7920539054298821,0.74,0.44218936383842367,0.0,3.0,285.0,35.0,29.0,39.0,85.0,18.0,8.0,1.0,0.0,67000.0,9816.0
meta.imbalanced.RebalanceStream -l (trees.HoeffdingTree -e 2000000 -g 100 -c 0.01),ArffFileStream -f ./../../../Dataset/benchmarks/connect-4.arff,1,67500.0,3.109375,7.831226361708516E-9,67500.0,0.7278682489767396,0.8219974680736911,0.7923747128560037,0.636,0.36774381813255147,0.43380126650585826,3.0,219.0,59.0,61.0,20.0,82.0,18.0,6.0,18.0,17.0,67500.0,9648.0
meta.imbalanced.RebalanceStream -l (trees.HoeffdingTree -e 2000000 -g 100 -c 0.01),ArffFileStream -f ./../../../Dataset/benchmarks/connect-4.arff,1,67557.0,3.109375,7.831226361708516E-9,67557.0,0.7265364159628224,0.8123695761056213,0.7919863792050631,0.598,0.33919835884487926,0.4266324135480698,3.0,195.0,61.0,77.0,17.0,84.0,21.0,6.0,19.0,20.0,67557.0,9480.0
