Learner,stream,randomSeed,learning evaluation instances,evaluation time (cpu seconds),model cost (RAM-Hours),classified instances,PMAUC,WMAUC,EWMAUC,Accuracy,Kappa,G-Mean,Classes,CM[0][0],CM[0][1],CM[0][2],CM[1][0],CM[1][1],CM[1][2],CM[2][0],CM[2][1],CM[2][2],model training instances,model serialized size (bytes),Member weight 1,Member weight 2,Member weight 3,Member weight 4,Member weight 5,Member weight 6,Member weight 7,Member weight 8,Member weight 9,Member weight 10,Stored member weight 11,Stored member weight 12,Stored member weight 13,Stored member weight 14,Stored member weight 15,Stored member weight 16,Stored member weight 17,Stored member weight 18,Stored member weight 19,Stored member weight 20,Stored member weight 21,Stored member weight 22,Stored member weight 23,Stored member weight 24,Stored member weight 25,Stored member weight 26,Stored member weight 27,Stored member weight 28,Stored member weight 29,Stored member weight 30,[avg] model training instances,[err] model training instances,[avg] model serialized size (bytes),[err] model serialized size (bytes),[avg] tree size (nodes),[err] tree size (nodes),[avg] tree size (leaves),[err] tree size (leaves),[avg] active learning leaves,[err] active learning leaves,[avg] tree depth,[err] tree depth,[avg] active leaf byte size estimate,[err] active leaf byte size estimate,[avg] inactive leaf byte size estimate,[err] inactive leaf byte size estimate,[avg] byte size estimate overhead,[err] byte size estimate overhead
meta.AccuracyWeightedEnsemble -l (trees.HoeffdingTree -e 2000000 -g 100 -c 0.01) -n 10.0,ArffFileStream -f ./../../../Dataset/benchmarks/connect-4.arff,1,500.0,0.21875,5.568532894055048E-10,500.0,0.5,1.0,1.0,0.718,0.0,0.0,3.0,359.0,109.0,32.0,0.0,0.0,0.0,0.0,0.0,0.0,500.0,9840.0,0.22501442846338887,-1.0,-1.0,-1.0,-1.0,-1.0,-1.0,-1.0,-1.0,-1.0,-1.0,-1.0,-1.0,-1.0,-1.0,-1.0,-1.0,-1.0,-1.0,-1.0,-1.0,-1.0,-1.0,-1.0,-1.0,-1.0,-1.0,-1.0,-1.0,-1.0,0.0,0.0,0.0,0.0,0.0,0.0,0.0,0.0,0.0,0.0,0.0,0.0,0.0,0.0,0.0,0.0,0.0,0.0
meta.AccuracyWeightedEnsemble -l (trees.HoeffdingTree -e 2000000 -g 100 -c 0.01) -n 10.0,ArffFileStream -f ./../../../Dataset/benchmarks/connect-4.arff,1,1000.0,0.34375,9.544762886232799E-10,1000.0,0.6431517466644522,1.0,1.0,0.762,0.20280825863847673,0.0,3.0,358.0,20.0,5.0,70.0,23.0,4.0,18.0,2.0,0.0,1000.0,12296.0,0.09367918931978574,0.0,-1.0,-1.0,-1.0,-1.0,-1.0,-1.0,-1.0,-1.0,-1.0,-1.0,-1.0,-1.0,-1.0,-1.0,-1.0,-1.0,-1.0,-1.0,-1.0,-1.0,-1.0,-1.0,-1.0,-1.0,-1.0,-1.0,-1.0,-1.0,500.0,0.0,272.0,0.0,1.0,0.0,1.0,0.0,1.0,0.0,0.0,0.0,0.0,0.0,0.0,0.0,1.0,0.0
meta.AccuracyWeightedEnsemble -l (trees.HoeffdingTree -e 2000000 -g 100 -c 0.01) -n 10.0,ArffFileStream -f ./../../../Dataset/benchmarks/connect-4.arff,1,1500.0,0.453125,1.3725689819289578E-9,1500.0,0.6962164750957854,0.041999999999999996,0.5,0.892,0.15131703023825951,0.0,3.0,440.0,24.0,5.0,9.0,6.0,1.0,15.0,0.0,0.0,1500.0,14776.0,0.06258405925925924,0.0,0.0,-1.0,-1.0,-1.0,-1.0,-1.0,-1.0,-1.0,-1.0,-1.0,-1.0,-1.0,-1.0,-1.0,-1.0,-1.0,-1.0,-1.0,-1.0,-1.0,-1.0,-1.0,-1.0,-1.0,-1.0,-1.0,-1.0,-1.0,500.0,0.0,272.0,0.0,1.0,0.0,1.0,0.0,1.0,0.0,0.0,0.0,0.0,0.0,0.0,0.0,1.0,0.0
meta.AccuracyWeightedEnsemble -l (trees.HoeffdingTree -e 2000000 -g 100 -c 0.01) -n 10.0,ArffFileStream -f ./../../../Dataset/benchmarks/connect-4.arff,1,2000.0,0.546875,1.7904999872876538E-9,2000.0,0.6173246961151133,0.4293333333333333,0.6666666666666666,0.728,0.10697869881543334,0.0,3.0,344.0,74.0,24.0,37.0,20.0,1.0,0.0,0.0,0.0,2000.0,17232.0,0.19134358060201803,0.0,0.0,0.0,-1.0,-1.0,-1.0,-1.0,-1.0,-1.0,-1.0,-1.0,-1.0,-1.0,-1.0,-1.0,-1.0,-1.0,-1.0,-1.0,-1.0,-1.0,-1.0,-1.0,-1.0,-1.0,-1.0,-1.0,-1.0,-1.0,500.0,0.0,272.0,0.0,1.0,0.0,1.0,0.0,1.0,0.0,0.0,0.0,0.0,0.0,0.0,0.0,1.0,0.0
meta.AccuracyWeightedEnsemble -l (trees.HoeffdingTree -e 2000000 -g 100 -c 0.01) -n 10.0,ArffFileStream -f ./../../../Dataset/benchmarks/connect-4.arff,1,2500.0,0.640625,2.2685789089235997E-9,2500.0,0.6580496677506665,0.7523333333333334,0.8333333333333333,0.522,0.16451678307499779,0.2840329648975455,3.0,85.0,32.0,2.0,161.0,174.0,19.0,20.0,5.0,2.0,2500.0,19712.0,0.2782887721271932,0.0,0.0,0.0,0.0,-1.0,-1.0,-1.0,-1.0,-1.0,-1.0,-1.0,-1.0,-1.0,-1.0,-1.0,-1.0,-1.0,-1.0,-1.0,-1.0,-1.0,-1.0,-1.0,-1.0,-1.0,-1.0,-1.0,-1.0,-1.0,500.0,0.0,272.0,0.0,1.0,0.0,1.0,0.0,1.0,0.0,0.0,0.0,0.0,0.0,0.0,0.0,1.0,0.0
meta.AccuracyWeightedEnsemble -l (trees.HoeffdingTree -e 2000000 -g 100 -c 0.01) -n 10.0,ArffFileStream -f ./../../../Dataset/benchmarks/connect-4.arff,1,3000.0,0.75,2.8956047673192294E-9,3000.0,0.679251364018159,0.7725,0.8333333333333333,0.624,0.3320970022523963,0.2730153080014094,3.0,133.0,31.0,9.0,106.0,177.0,34.0,7.0,1.0,2.0,3000.0,22160.0,0.3184579563832351,0.06492332778445192,0.0,0.0,0.0,0.0,-1.0,-1.0,-1.0,-1.0,-1.0,-1.0,-1.0,-1.0,-1.0,-1.0,-1.0,-1.0,-1.0,-1.0,-1.0,-1.0,-1.0,-1.0,-1.0,-1.0,-1.0,-1.0,-1.0,-1.0,500.0,0.0,397.3333333333333,307.00271442882496,2.0,2.449489742783178,1.6666666666666667,1.632993161855452,1.6666666666666667,1.632993161855452,0.33333333333333337,0.816496580927726,0.0,0.0,0.0,0.0,1.0,0.0
meta.AccuracyWeightedEnsemble -l (trees.HoeffdingTree -e 2000000 -g 100 -c 0.01) -n 10.0,ArffFileStream -f ./../../../Dataset/benchmarks/connect-4.arff,1,3500.0,1.015625,4.5882512090934654E-9,3500.0,0.5931025245506224,0.8001666666666667,0.8611111111111112,0.522,0.19368986410806585,0.4536509505216251,3.0,119.0,65.0,12.0,85.0,135.0,2.0,37.0,38.0,7.0,3500.0,24632.0,0.2823100941145381,0.0,0.0,0.0,0.0,0.0,0.0,-1.0,-1.0,-1.0,-1.0,-1.0,-1.0,-1.0,-1.0,-1.0,-1.0,-1.0,-1.0,-1.0,-1.0,-1.0,-1.0,-1.0,-1.0,-1.0,-1.0,-1.0,-1.0,-1.0,500.0,0.0,433.14285714285717,295.8352179685106,2.2857142857142856,2.3603873774083297,1.8571428571428572,1.5735915849388864,1.8571428571428572,1.5735915849388864,0.4285714285714286,0.7867957924694432,0.0,0.0,0.0,0.0,1.0,0.0
meta.AccuracyWeightedEnsemble -l (trees.HoeffdingTree -e 2000000 -g 100 -c 0.01) -n 10.0,ArffFileStream -f ./../../../Dataset/benchmarks/connect-4.arff,1,4000.0,1.109375,5.245027649733756E-9,4000.0,0.4949208305737484,0.7218666666666667,0.7999999999999999,0.534,0.058661926308985264,0.0,3.0,16.0,3.0,0.0,198.0,251.0,32.0,0.0,0.0,0.0,4000.0,27080.0,0.29661008423942287,0.005019067164468871,0.0,0.0,0.0,0.0,0.0,0.0,-1.0,-1.0,-1.0,-1.0,-1.0,-1.0,-1.0,-1.0,-1.0,-1.0,-1.0,-1.0,-1.0,-1.0,-1.0,-1.0,-1.0,-1.0,-1.0,-1.0,-1.0,-1.0,500.0,0.0,460.0,284.22928370293886,2.5,2.2677868380553634,2.0,1.5118578920369088,2.0,1.5118578920369088,0.5000000000000001,0.7559289460184544,0.0,0.0,0.0,0.0,1.0,0.0
meta.AccuracyWeightedEnsemble -l (trees.HoeffdingTree -e 2000000 -g 100 -c 0.01) -n 10.0,ArffFileStream -f ./../../../Dataset/benchmarks/connect-4.arff,1,4500.0,1.21875,6.081439399470886E-9,4500.0,0.5459815400407848,0.7564444444444444,0.8333333333333333,0.488,0.06221610057732311,0.0,3.0,173.0,56.0,13.0,155.0,71.0,23.0,8.0,1.0,0.0,4500.0,29560.0,0.25313068255771765,0.0,0.0,0.0,0.0,0.0,0.0,0.0,0.0,-1.0,-1.0,-1.0,-1.0,-1.0,-1.0,-1.0,-1.0,-1.0,-1.0,-1.0,-1.0,-1.0,-1.0,-1.0,-1.0,-1.0,-1.0,-1.0,-1.0,-1.0,500.0,0.0,439.1111111111111,273.1576671285489,2.3333333333333335,2.179449471770337,1.8888888888888888,1.4529663145135576,1.8888888888888888,1.4529663145135576,0.44444444444444453,0.7264831572567789,0.0,0.0,0.0,0.0,1.0,0.0
meta.AccuracyWeightedEnsemble -l (trees.HoeffdingTree -e 2000000 -g 100 -c 0.01) -n 10.0,ArffFileStream -f ./../../../Dataset/benchmarks/connect-4.arff,1,5000.0,1.3125,6.857929596056541E-9,5000.0,0.628242558544155,0.7106666666666666,0.7936507936507936,0.356,0.11358255794747568,0.326899946573936,3.0,23.0,7.0,0.0,72.0,136.0,12.0,129.0,102.0,19.0,5000.0,32016.0,0.29218021598095534,0.0,0.0,0.0,0.0,0.0,0.0,0.0,0.0,0.0,-1.0,-1.0,-1.0,-1.0,-1.0,-1.0,-1.0,-1.0,-1.0,-1.0,-1.0,-1.0,-1.0,-1.0,-1.0,-1.0,-1.0,-1.0,-1.0,-1.0,500.0,0.0,422.4,262.90141794131796,2.2,2.0976176963403033,1.8,1.398411797560202,1.8,1.398411797560202,0.4000000000000001,0.6992058987801011,0.0,0.0,0.0,0.0,1.0,0.0
meta.AccuracyWeightedEnsemble -l (trees.HoeffdingTree -e 2000000 -g 100 -c 0.01) -n 10.0,ArffFileStream -f ./../../../Dataset/benchmarks/connect-4.arff,1,5500.0,1.40625,7.69417965784669E-9,5500.0,0.5565975570556091,0.678352380952381,0.6817460317460317,0.506,0.07755967852768071,0.16558998129833458,3.0,199.0,61.0,26.0,112.0,53.0,34.0,9.0,5.0,1.0,5500.0,34480.0,0.28414027629863414,0.0,0.0,0.0,0.0,0.0,0.0,0.0,0.0,0.0,0.0,-1.0,-1.0,-1.0,-1.0,-1.0,-1.0,-1.0,-1.0,-1.0,-1.0,-1.0,-1.0,-1.0,-1.0,-1.0,-1.0,-1.0,-1.0,-1.0,500.0,0.0,422.4,262.90141794131796,2.2,2.0976176963403033,1.8,1.3984117975602022,1.8,1.3984117975602022,0.39999999999999997,0.6992058987801011,0.0,0.0,0.0,0.0,1.0,0.0
meta.AccuracyWeightedEnsemble -l (trees.HoeffdingTree -e 2000000 -g 100 -c 0.01) -n 10.0,ArffFileStream -f ./../../../Dataset/benchmarks/connect-4.arff,1,6000.0,1.609375,9.634273333681954E-9,6000.0,0.5,0.628824025974026,0.6299783549783549,0.358,0.0,0.0,3.0,179.0,209.0,112.0,0.0,0.0,0.0,0.0,0.0,0.0,6000.0,36920.0,0.40195441049725283,0.05390386171470107,0.05089879528929947,0.03448562015536316,0.0,0.0,0.0,0.0,0.0,0.0,0.0,0.0,-1.0,-1.0,-1.0,-1.0,-1.0,-1.0,-1.0,-1.0,-1.0,-1.0,-1.0,-1.0,-1.0,-1.0,-1.0,-1.0,-1.0,-1.0,500.0,0.0,459.99999999999994,265.8721497261419,2.5,2.1213203435596424,2.0,1.4142135623730951,2.0,1.4142135623730951,0.5,0.7071067811865476,0.0,0.0,0.0,0.0,1.0,0.0
meta.AccuracyWeightedEnsemble -l (trees.HoeffdingTree -e 2000000 -g 100 -c 0.01) -n 10.0,ArffFileStream -f ./../../../Dataset/benchmarks/connect-4.arff,1,6500.0,1.78125,1.138509509878026E-8,6500.0,0.7568217663213918,0.5928388888888889,0.599074074074074,0.458,0.21601981068758822,0.46769607215078446,3.0,100.0,9.0,4.0,130.0,112.0,22.0,93.0,13.0,17.0,6500.0,39376.0,0.2767895758150095,0.0,0.0,0.0,0.0,0.0,0.0,0.0,0.0,0.0,0.0,0.0,0.0,-1.0,-1.0,-1.0,-1.0,-1.0,-1.0,-1.0,-1.0,-1.0,-1.0,-1.0,-1.0,-1.0,-1.0,-1.0,-1.0,-1.0,500.0,0.0,497.59999999999997,262.901417941318,2.8000000000000003,2.097617696340303,2.2,1.3984117975602022,2.2,1.3984117975602022,0.6,0.6992058987801011,0.0,0.0,0.0,0.0,1.0,0.0
meta.AccuracyWeightedEnsemble -l (trees.HoeffdingTree -e 2000000 -g 100 -c 0.01) -n 10.0,ArffFileStream -f ./../../../Dataset/benchmarks/connect-4.arff,1,7000.0,1.875,1.239946060296562E-8,7000.0,0.756856754921928,0.6225760683760684,0.6375356125356125,0.982,0.0,0.0,3.0,491.0,4.0,5.0,0.0,0.0,0.0,0.0,0.0,0.0,7000.0,41824.0,0.01619420221009598,0.0,0.0,0.0,0.0,0.0,0.0,0.0,0.0,0.0,0.0,0.0,0.0,0.0,-1.0,-1.0,-1.0,-1.0,-1.0,-1.0,-1.0,-1.0,-1.0,-1.0,-1.0,-1.0,-1.0,-1.0,-1.0,-1.0,500.0,0.0,422.3999999999999,194.16556508986517,2.2,1.5491933384829668,1.8,1.0327955589886444,1.8,1.0327955589886444,0.4,0.5163977794943222,0.0,0.0,0.0,0.0,1.0,0.0
meta.AccuracyWeightedEnsemble -l (trees.HoeffdingTree -e 2000000 -g 100 -c 0.01) -n 10.0,ArffFileStream -f ./../../../Dataset/benchmarks/connect-4.arff,1,7500.0,1.96875,1.3473585972355471E-8,7500.0,0.6943326626425218,0.6601438961038962,0.6691341991341991,0.992,-0.0020040080160340706,0.0,3.0,496.0,2.0,1.0,0.0,0.0,0.0,1.0,0.0,0.0,7500.0,44288.0,0.005395856001601638,3.6744764917292453E-4,0.0,0.0,0.0,0.0,0.0,0.0,0.0,0.0,0.0,0.0,0.0,0.0,0.0,-1.0,-1.0,-1.0,-1.0,-1.0,-1.0,-1.0,-1.0,-1.0,-1.0,-1.0,-1.0,-1.0,-1.0,-1.0,500.0,0.0,384.79999999999995,181.62525521890765,1.9000000000000001,1.4491376746189437,1.6,0.9660917830792959,1.6,0.9660917830792959,0.30000000000000004,0.4830458915396479,0.0,0.0,0.0,0.0,1.0,0.0
meta.AccuracyWeightedEnsemble -l (trees.HoeffdingTree -e 2000000 -g 100 -c 0.01) -n 10.0,ArffFileStream -f ./../../../Dataset/benchmarks/connect-4.arff,1,8000.0,2.0625,1.460708315587706E-8,8000.0,0.7247330152238126,0.6911257575757577,0.695580808080808,0.978,0.0,0.0,3.0,489.0,6.0,5.0,0.0,0.0,0.0,0.0,0.0,0.0,8000.0,46736.0,0.019787473941264143,6.027493764436363E-4,5.443159062767933E-5,0.0,0.0,0.0,0.0,0.0,0.0,0.0,0.0,0.0,0.0,0.0,0.0,0.0,-1.0,-1.0,-1.0,-1.0,-1.0,-1.0,-1.0,-1.0,-1.0,-1.0,-1.0,-1.0,-1.0,-1.0,500.0,0.0,347.19999999999993,158.53552002977472,1.6,1.2649110640673518,1.4,0.8432740427115679,1.4,0.8432740427115679,0.20000000000000004,0.42163702135578396,0.0,0.0,0.0,0.0,1.0,0.0
meta.AccuracyWeightedEnsemble -l (trees.HoeffdingTree -e 2000000 -g 100 -c 0.01) -n 10.0,ArffFileStream -f ./../../../Dataset/benchmarks/connect-4.arff,1,8500.0,2.15625,1.5800146179066765E-8,8500.0,0.5866808943089431,0.7164166666666666,0.7180555555555556,0.77,0.06061101127266816,0.1322102482314044,3.0,379.0,34.0,43.0,26.0,5.0,6.0,5.0,1.0,1.0,8500.0,49192.0,0.1577520000000001,0.0,0.0,0.0,0.0,0.0,0.0,0.0,0.0,0.0,0.0,0.0,0.0,0.0,0.0,0.0,0.0,-1.0,-1.0,-1.0,-1.0,-1.0,-1.0,-1.0,-1.0,-1.0,-1.0,-1.0,-1.0,-1.0,500.0,0.0,384.79999999999995,181.62525521890763,1.9,1.4491376746189437,1.6,0.9660917830792959,1.6,0.9660917830792959,0.3,0.48304589153964794,0.0,0.0,0.0,0.0,1.0,0.0
meta.AccuracyWeightedEnsemble -l (trees.HoeffdingTree -e 2000000 -g 100 -c 0.01) -n 10.0,ArffFileStream -f ./../../../Dataset/benchmarks/connect-4.arff,1,9000.0,2.25,1.7052581016388204E-8,9000.0,0.6633331535200694,0.7406472204266323,0.737400344753286,0.662,0.1266510945283915,0.17863243934275902,3.0,317.0,86.0,51.0,6.0,4.0,2.0,7.0,17.0,10.0,9000.0,51640.0,0.2844526864804481,0.004410348235795836,0.0,0.0,0.0,0.0,0.0,0.0,0.0,0.0,0.0,0.0,0.0,0.0,0.0,0.0,0.0,0.0,-1.0,-1.0,-1.0,-1.0,-1.0,-1.0,-1.0,-1.0,-1.0,-1.0,-1.0,-1.0,500.0,0.0,384.79999999999995,181.62525521890763,1.9,1.4491376746189437,1.6,0.9660917830792959,1.6,0.9660917830792959,0.3,0.48304589153964794,0.0,0.0,0.0,0.0,1.0,0.0
meta.AccuracyWeightedEnsemble -l (trees.HoeffdingTree -e 2000000 -g 100 -c 0.01) -n 10.0,ArffFileStream -f ./../../../Dataset/benchmarks/connect-4.arff,1,9500.0,2.34375,1.836477571891414E-8,9500.0,0.5784412955465587,0.7141809523809524,0.7214285714285713,0.842,0.04344456821814348,0.0,3.0,420.0,2.0,0.0,34.0,0.0,3.0,40.0,0.0,1.0,9500.0,54104.0,0.010782828151487435,0.0,0.0,0.0,0.0,0.0,0.0,0.0,0.0,0.0,0.0,0.0,0.0,0.0,0.0,0.0,0.0,0.0,0.0,-1.0,-1.0,-1.0,-1.0,-1.0,-1.0,-1.0,-1.0,-1.0,-1.0,-1.0,500.0,0.0,384.79999999999995,181.62525521890763,1.9,1.4491376746189437,1.6,0.9660917830792959,1.6,0.9660917830792959,0.3,0.48304589153964794,0.0,0.0,0.0,0.0,1.0,0.0
meta.AccuracyWeightedEnsemble -l (trees.HoeffdingTree -e 2000000 -g 100 -c 0.01) -n 10.0,ArffFileStream -f ./../../../Dataset/benchmarks/connect-4.arff,1,10000.0,2.4375,1.973634223557181E-8,10000.0,0.6373890088792896,0.7330781798245615,0.738139619883041,0.926,0.0,0.0,3.0,463.0,15.0,22.0,0.0,0.0,0.0,0.0,0.0,0.0,10000.0,56552.0,0.06672186765492073,1.9356830703466665E-4,0.0,0.0,0.0,0.0,0.0,0.0,0.0,0.0,0.0,0.0,0.0,0.0,0.0,0.0,0.0,0.0,0.0,0.0,-1.0,-1.0,-1.0,-1.0,-1.0,-1.0,-1.0,-1.0,-1.0,-1.0,500.0,0.0,384.79999999999995,181.62525521890763,1.9,1.4491376746189437,1.6,0.9660917830792959,1.6,0.9660917830792959,0.30000000000000004,0.48304589153964794,0.0,0.0,0.0,0.0,1.0,0.0
meta.AccuracyWeightedEnsemble -l (trees.HoeffdingTree -e 2000000 -g 100 -c 0.01) -n 10.0,ArffFileStream -f ./../../../Dataset/benchmarks/connect-4.arff,1,10500.0,2.53125,2.116766861743397E-8,10500.0,0.6950875806127383,0.6856458892328862,0.7060600848526545,0.778,0.011576135351736627,0.0,3.0,388.0,43.0,50.0,0.0,0.0,0.0,13.0,5.0,1.0,10500.0,59016.0,0.17313846811658923,0.0016656202137844411,0.0,0.0,0.0,0.0,0.0,0.0,0.0,0.0,0.0,0.0,0.0,0.0,0.0,0.0,0.0,0.0,0.0,0.0,0.0,-1.0,-1.0,-1.0,-1.0,-1.0,-1.0,-1.0,-1.0,-1.0,500.0,0.0,384.8,181.62525521890763,1.9000000000000001,1.4491376746189437,1.6,0.9660917830792959,1.6,0.9660917830792959,0.3,0.48304589153964794,0.0,0.0,0.0,0.0,1.0,0.0
meta.AccuracyWeightedEnsemble -l (trees.HoeffdingTree -e 2000000 -g 100 -c 0.01) -n 10.0,ArffFileStream -f ./../../../Dataset/benchmarks/connect-4.arff,1,11000.0,2.625,2.2658366813427872E-8,11000.0,0.4284026011377176,0.7205138888888889,0.7106481481481481,0.57,0.0,0.0,3.0,285.0,154.0,61.0,0.0,0.0,0.0,0.0,0.0,0.0,11000.0,61464.0,0.32426089294350596,1.7275999999777358E-4,0.0,0.0,0.0,0.0,0.0,0.0,0.0,0.0,0.0,0.0,0.0,0.0,0.0,0.0,0.0,0.0,0.0,0.0,0.0,0.0,-1.0,-1.0,-1.0,-1.0,-1.0,-1.0,-1.0,-1.0,500.0,0.0,347.2,158.53552002977474,1.6,1.2649110640673518,1.4000000000000001,0.8432740427115678,1.4000000000000001,0.8432740427115678,0.19999999999999998,0.4216370213557839,0.0,0.0,0.0,0.0,1.0,0.0
meta.AccuracyWeightedEnsemble -l (trees.HoeffdingTree -e 2000000 -g 100 -c 0.01) -n 10.0,ArffFileStream -f ./../../../Dataset/benchmarks/connect-4.arff,1,11500.0,2.71875,2.4208824874626265E-8,11500.0,0.6444842594711968,0.6688775615509361,0.6849108064278343,0.536,0.19028340080971673,0.45459426536480974,3.0,207.0,16.0,19.0,90.0,46.0,27.0,75.0,5.0,15.0,11500.0,63928.0,0.21901965336958673,0.00624472800000056,0.0,0.0,0.0,0.0,0.0,0.0,0.0,0.0,0.0,0.0,0.0,0.0,0.0,0.0,0.0,0.0,0.0,0.0,0.0,0.0,0.0,-1.0,-1.0,-1.0,-1.0,-1.0,-1.0,-1.0,500.0,0.0,309.6,118.90164002233107,1.2999999999999998,0.9486832980505138,1.2000000000000002,0.6324555320336759,1.2000000000000002,0.6324555320336759,0.09999999999999999,0.31622776601683794,0.0,0.0,0.0,0.0,1.0,0.0
meta.AccuracyWeightedEnsemble -l (trees.HoeffdingTree -e 2000000 -g 100 -c 0.01) -n 10.0,ArffFileStream -f ./../../../Dataset/benchmarks/connect-4.arff,1,12000.0,2.796875,2.5550349770734707E-8,12000.0,0.5,0.6815643939393939,0.6824494949494949,0.67,0.0,0.0,3.0,335.0,97.0,68.0,0.0,0.0,0.0,0.0,0.0,0.0,12000.0,66376.0,0.2785646116109436,0.015965120395698584,0.00627503200000068,0.006038311999998935,0.0,0.0,0.0,0.0,0.0,0.0,0.0,0.0,0.0,0.0,0.0,0.0,0.0,0.0,0.0,0.0,0.0,0.0,0.0,0.0,-1.0,-1.0,-1.0,-1.0,-1.0,-1.0,500.0,0.0,272.0,0.0,1.0,0.0,1.0,0.0,1.0,0.0,0.0,0.0,0.0,0.0,0.0,0.0,1.0,0.0
meta.AccuracyWeightedEnsemble -l (trees.HoeffdingTree -e 2000000 -g 100 -c 0.01) -n 10.0,ArffFileStream -f ./../../../Dataset/benchmarks/connect-4.arff,1,12500.0,2.90625,2.74982044680251E-8,12500.0,0.6825836485990995,0.6778354978354978,0.7055074555074554,0.696,0.2603838218692824,0.3317031495089059,3.0,304.0,23.0,37.0,52.0,40.0,12.0,25.0,3.0,4.0,12500.0,68840.0,0.2072580294823348,0.004108928000000817,0.0,0.0,0.0,0.0,0.0,0.0,0.0,0.0,0.0,0.0,0.0,0.0,0.0,0.0,0.0,0.0,0.0,0.0,0.0,0.0,0.0,0.0,0.0,-1.0,-1.0,-1.0,-1.0,-1.0,500.0,0.0,272.0,0.0,1.0,0.0,1.0,0.0,1.0,0.0,0.0,0.0,0.0,0.0,0.0,0.0,1.0,0.0
meta.AccuracyWeightedEnsemble -l (trees.HoeffdingTree -e 2000000 -g 100 -c 0.01) -n 10.0,ArffFileStream -f ./../../../Dataset/benchmarks/connect-4.arff,1,13000.0,2.984375,2.8939005763580403E-8,13000.0,0.6646531532213692,0.6643627249943039,0.6959955884441009,0.448,0.12716784941747936,0.4815647948445414,3.0,171.0,11.0,11.0,84.0,23.0,5.0,141.0,24.0,30.0,13000.0,71288.0,0.18136124899427736,7.288800000005702E-4,0.0,0.0,0.0,0.0,0.0,0.0,0.0,0.0,0.0,0.0,0.0,0.0,0.0,0.0,0.0,0.0,0.0,0.0,0.0,0.0,0.0,0.0,0.0,0.0,-1.0,-1.0,-1.0,-1.0,500.0,0.0,272.0,0.0,1.0,0.0,1.0,0.0,1.0,0.0,0.0,0.0,0.0,0.0,0.0,0.0,1.0,0.0
meta.AccuracyWeightedEnsemble -l (trees.HoeffdingTree -e 2000000 -g 100 -c 0.01) -n 10.0,ArffFileStream -f ./../../../Dataset/benchmarks/connect-4.arff,1,13500.0,3.09375,3.1025847420096396E-8,13500.0,0.5,0.6731732919254658,0.702743271221532,0.748,0.0,0.0,3.0,374.0,60.0,66.0,0.0,0.0,0.0,0.0,0.0,0.0,13500.0,73752.0,0.21582175249532912,0.00604512000000082,0.004915520000002449,0.0,0.0,0.0,0.0,0.0,0.0,0.0,0.0,0.0,0.0,0.0,0.0,0.0,0.0,0.0,0.0,0.0,0.0,0.0,0.0,0.0,0.0,0.0,0.0,-1.0,-1.0,-1.0,500.0,0.0,272.0,0.0,1.0,0.0,1.0,0.0,1.0,0.0,0.0,0.0,0.0,0.0,0.0,0.0,1.0,0.0
meta.AccuracyWeightedEnsemble -l (trees.HoeffdingTree -e 2000000 -g 100 -c 0.01) -n 10.0,ArffFileStream -f ./../../../Dataset/benchmarks/connect-4.arff,1,14000.0,3.171875,3.256592511509856E-8,14000.0,0.5,0.6755599999999999,0.7044444444444444,0.878,0.0,0.0,3.0,439.0,35.0,26.0,0.0,0.0,0.0,0.0,0.0,0.0,14000.0,76200.0,0.10886736998465892,0.0,0.0,0.0,0.0,0.0,0.0,0.0,0.0,0.0,0.0,0.0,0.0,0.0,0.0,0.0,0.0,0.0,0.0,0.0,0.0,0.0,0.0,0.0,0.0,0.0,0.0,0.0,-1.0,-1.0,500.0,0.0,272.0,0.0,1.0,0.0,1.0,0.0,1.0,0.0,0.0,0.0,0.0,0.0,0.0,0.0,1.0,0.0
meta.AccuracyWeightedEnsemble -l (trees.HoeffdingTree -e 2000000 -g 100 -c 0.01) -n 10.0,ArffFileStream -f ./../../../Dataset/benchmarks/connect-4.arff,1,14500.0,3.28125,3.479175373084015E-8,14500.0,0.5,0.7139154445554445,0.7102364302364301,0.692,0.0,0.0,3.0,346.0,127.0,27.0,0.0,0.0,0.0,0.0,0.0,0.0,14500.0,78664.0,0.2383093501698151,0.0,0.0,0.0,0.0,0.0,0.0,0.0,0.0,0.0,0.0,0.0,0.0,0.0,0.0,0.0,0.0,0.0,0.0,0.0,0.0,0.0,0.0,0.0,0.0,0.0,0.0,0.0,0.0,-1.0,500.0,0.0,272.0,0.0,1.0,0.0,1.0,0.0,1.0,0.0,0.0,0.0,0.0,0.0,0.0,0.0,1.0,0.0
meta.AccuracyWeightedEnsemble -l (trees.HoeffdingTree -e 2000000 -g 100 -c 0.01) -n 10.0,ArffFileStream -f ./../../../Dataset/benchmarks/connect-4.arff,1,15000.0,3.375,3.675897864417897E-8,15000.0,0.7795924782807498,0.6903645661906532,0.7217414898574319,0.924,0.18426927700498,0.4282354876755552,3.0,458.0,3.0,5.0,17.0,2.0,1.0,11.0,1.0,2.0,15000.0,81112.0,0.024995397045761494,0.0,0.0,0.0,0.0,0.0,0.0,0.0,0.0,0.0,0.0,0.0,0.0,0.0,0.0,0.0,0.0,0.0,0.0,0.0,0.0,0.0,0.0,0.0,0.0,0.0,0.0,0.0,0.0,0.0,500.0,0.0,272.0,0.0,1.0,0.0,1.0,0.0,1.0,0.0,0.0,0.0,0.0,0.0,0.0,0.0,1.0,0.0
meta.AccuracyWeightedEnsemble -l (trees.HoeffdingTree -e 2000000 -g 100 -c 0.01) -n 10.0,ArffFileStream -f ./../../../Dataset/benchmarks/connect-4.arff,1,15500.0,3.46875,3.872620355751779E-8,15500.0,0.6890777009728623,0.728941798941799,0.732363315696649,0.712,0.016285932888839918,0.1262094581029134,3.0,349.0,94.0,24.0,21.0,6.0,3.0,2.0,0.0,1.0,15500.0,81112.0,0.20480578810936936,0.0,0.0,0.0,0.0,0.0,0.0,0.0,0.0,0.0,0.0,0.0,0.0,0.0,0.0,0.0,0.0,0.0,0.0,0.0,0.0,0.0,0.0,0.0,0.0,0.0,0.0,0.0,0.0,0.0,500.0,0.0,272.0,0.0,1.0,0.0,1.0,0.0,1.0,0.0,0.0,0.0,0.0,0.0,0.0,0.0,1.0,0.0
meta.AccuracyWeightedEnsemble -l (trees.HoeffdingTree -e 2000000 -g 100 -c 0.01) -n 10.0,ArffFileStream -f ./../../../Dataset/benchmarks/connect-4.arff,1,16000.0,3.546875,4.0365557651966805E-8,16000.0,0.5,0.72071539408867,0.7334879584017515,0.79,0.0,0.0,3.0,395.0,63.0,42.0,0.0,0.0,0.0,0.0,0.0,0.0,16000.0,81112.0,0.18156379193689529,0.005341184000001609,0.0,0.0,0.0,0.0,0.0,0.0,0.0,0.0,0.0,0.0,0.0,0.0,0.0,0.0,0.0,0.0,0.0,0.0,0.0,0.0,0.0,0.0,0.0,0.0,0.0,0.0,0.0,0.0,500.0,0.0,272.0,0.0,1.0,0.0,1.0,0.0,1.0,0.0,0.0,0.0,0.0,0.0,0.0,0.0,1.0,0.0
meta.AccuracyWeightedEnsemble -l (trees.HoeffdingTree -e 2000000 -g 100 -c 0.01) -n 10.0,ArffFileStream -f ./../../../Dataset/benchmarks/connect-4.arff,1,16500.0,3.625,4.200491174641582E-8,16500.0,0.5,0.716783360700602,0.7373928115307424,0.94,0.0,0.0,3.0,470.0,16.0,14.0,0.0,0.0,0.0,0.0,0.0,0.0,16500.0,81112.0,0.0535347409133333,0.0,0.0,0.0,0.0,0.0,0.0,0.0,0.0,0.0,0.0,0.0,0.0,0.0,0.0,0.0,0.0,0.0,0.0,0.0,0.0,0.0,0.0,0.0,0.0,0.0,0.0,0.0,0.0,0.0,500.0,0.0,272.0,0.0,1.0,0.0,1.0,0.0,1.0,0.0,0.0,0.0,0.0,0.0,0.0,0.0,1.0,0.0
meta.AccuracyWeightedEnsemble -l (trees.HoeffdingTree -e 2000000 -g 100 -c 0.01) -n 10.0,ArffFileStream -f ./../../../Dataset/benchmarks/connect-4.arff,1,17000.0,3.734375,4.430023384177022E-8,17000.0,0.5,0.7228464328383682,0.7410237810775444,0.958,0.0,0.0,3.0,479.0,15.0,6.0,0.0,0.0,0.0,0.0,0.0,0.0,17000.0,81120.0,0.0369766858358897,0.0,0.0,0.0,0.0,0.0,0.0,0.0,0.0,0.0,0.0,0.0,0.0,0.0,0.0,0.0,0.0,0.0,0.0,0.0,0.0,0.0,0.0,0.0,0.0,0.0,0.0,0.0,0.0,0.0,500.0,0.0,272.0,0.0,1.0,0.0,1.0,0.0,1.0,0.0,0.0,0.0,0.0,0.0,0.0,0.0,1.0,0.0
meta.AccuracyWeightedEnsemble -l (trees.HoeffdingTree -e 2000000 -g 100 -c 0.01) -n 10.0,ArffFileStream -f ./../../../Dataset/benchmarks/connect-4.arff,1,17500.0,3.84375,4.659578230025039E-8,17500.0,0.6381609854692449,0.7349502139565504,0.7495816875137151,0.88,-0.017432001627891703,0.0,3.0,440.0,30.0,17.0,12.0,0.0,1.0,0.0,0.0,0.0,17500.0,81128.0,0.08546214502866142,0.0013138560000005434,0.0,0.0,0.0,0.0,0.0,0.0,0.0,0.0,0.0,0.0,0.0,0.0,0.0,0.0,0.0,0.0,0.0,0.0,0.0,0.0,0.0,0.0,0.0,0.0,0.0,0.0,0.0,0.0,500.0,0.0,272.0,0.0,1.0,0.0,1.0,0.0,1.0,0.0,0.0,0.0,0.0,0.0,0.0,0.0,1.0,0.0
meta.AccuracyWeightedEnsemble -l (trees.HoeffdingTree -e 2000000 -g 100 -c 0.01) -n 10.0,ArffFileStream -f ./../../../Dataset/benchmarks/connect-4.arff,1,18000.0,3.9375,4.856358929019835E-8,18000.0,0.5,0.7422549587625019,0.752581101449636,0.9,0.0,0.0,3.0,450.0,38.0,12.0,0.0,0.0,0.0,0.0,0.0,0.0,18000.0,81136.0,0.08648984264226536,0.0,0.0,0.0,0.0,0.0,0.0,0.0,0.0,0.0,0.0,0.0,0.0,0.0,0.0,0.0,0.0,0.0,0.0,0.0,0.0,0.0,0.0,0.0,0.0,0.0,0.0,0.0,0.0,0.0,500.0,0.0,272.0,0.0,1.0,0.0,1.0,0.0,1.0,0.0,0.0,0.0,0.0,0.0,0.0,0.0,1.0,0.0
meta.AccuracyWeightedEnsemble -l (trees.HoeffdingTree -e 2000000 -g 100 -c 0.01) -n 10.0,ArffFileStream -f ./../../../Dataset/benchmarks/connect-4.arff,1,18500.0,4.03125,5.05313962801463E-8,18500.0,0.5,0.6964446754563894,0.7148594207798061,0.934,0.0,0.0,3.0,467.0,18.0,15.0,0.0,0.0,0.0,0.0,0.0,0.0,18500.0,81136.0,0.05884906618617571,3.113760000001409E-4,0.0,0.0,0.0,0.0,0.0,0.0,0.0,0.0,0.0,0.0,0.0,0.0,0.0,0.0,0.0,0.0,0.0,0.0,0.0,0.0,0.0,0.0,0.0,0.0,0.0,0.0,0.0,0.0,500.0,0.0,272.0,0.0,1.0,0.0,1.0,0.0,1.0,0.0,0.0,0.0,0.0,0.0,0.0,0.0,1.0,0.0
meta.AccuracyWeightedEnsemble -l (trees.HoeffdingTree -e 2000000 -g 100 -c 0.01) -n 10.0,ArffFileStream -f ./../../../Dataset/benchmarks/connect-4.arff,1,19000.0,4.125,5.249920327009425E-8,19000.0,0.5,0.7046,0.719047619047619,0.814,0.0,0.0,3.0,407.0,44.0,49.0,0.0,0.0,0.0,0.0,0.0,0.0,19000.0,81136.0,0.16297591466666667,0.0047880400000002155,0.004758176000000142,0.004463072000000096,0.003555775999999594,0.003110464000000507,0.0,0.0,0.0,0.0,0.0,0.0,0.0,0.0,0.0,0.0,0.0,0.0,0.0,0.0,0.0,0.0,0.0,0.0,0.0,0.0,0.0,0.0,0.0,0.0,500.0,0.0,272.0,0.0,1.0,0.0,1.0,0.0,1.0,0.0,0.0,0.0,0.0,0.0,0.0,0.0,1.0,0.0
meta.AccuracyWeightedEnsemble -l (trees.HoeffdingTree -e 2000000 -g 100 -c 0.01) -n 10.0,ArffFileStream -f ./../../../Dataset/benchmarks/connect-4.arff,1,19500.0,4.234375,5.479475172857442E-8,19500.0,0.5,0.7100841750841751,0.6971380471380471,0.26,0.0,0.0,3.0,130.0,244.0,126.0,0.0,0.0,0.0,0.0,0.0,0.0,19500.0,81128.0,0.3877673346621935,0.028654619180175422,0.02421720118841958,0.009899332566707664,0.0,0.0,0.0,0.0,0.0,0.0,0.0,0.0,0.0,0.0,0.0,0.0,0.0,0.0,0.0,0.0,0.0,0.0,0.0,0.0,0.0,0.0,0.0,0.0,0.0,0.0,500.0,0.0,347.19999999999993,158.53552002977474,1.6,1.2649110640673518,1.4,0.8432740427115678,1.4,0.8432740427115678,0.20000000000000004,0.4216370213557839,0.0,0.0,0.0,0.0,1.0,0.0
meta.AccuracyWeightedEnsemble -l (trees.HoeffdingTree -e 2000000 -g 100 -c 0.01) -n 10.0,ArffFileStream -f ./../../../Dataset/benchmarks/connect-4.arff,1,20000.0,4.390625,5.807410666926038E-8,20000.0,0.6626266427886661,0.6889494019636335,0.6809727184489993,0.45,0.1773511304691192,0.38954962933835374,3.0,38.0,8.0,7.0,140.0,155.0,31.0,63.0,26.0,32.0,20000.0,81128.0,0.3637725284122329,0.11876328331581282,0.0,0.0,0.0,0.0,0.0,0.0,0.0,0.0,0.0,0.0,0.0,0.0,0.0,0.0,0.0,0.0,0.0,0.0,0.0,0.0,0.0,0.0,0.0,0.0,0.0,0.0,0.0,0.0,500.0,0.0,420.79999999999995,192.15549259215393,2.2,1.5491933384829668,1.8,1.0327955589886444,1.8,1.0327955589886444,0.4000000000000001,0.5163977794943223,0.0,0.0,0.0,0.0,1.0,0.0
meta.AccuracyWeightedEnsemble -l (trees.HoeffdingTree -e 2000000 -g 100 -c 0.01) -n 10.0,ArffFileStream -f ./../../../Dataset/benchmarks/connect-4.arff,1,20500.0,4.46875,5.971378413960336E-8,20500.0,0.5784042442137914,0.669108552631579,0.6818835282651072,0.782,0.234937391206693,0.0,3.0,376.0,40.0,48.0,5.0,15.0,16.0,0.0,0.0,0.0,20500.0,81128.0,0.21249865233894147,0.0103085885496699,0.00610816000000125,0.005627576000001966,0.004635960000000661,0.004454400000001413,0.004157791999999189,0.003164160000001248,0.0025931519999999597,0.0016458479999997,8.746879999988744E-4,0.0,0.0,0.0,0.0,0.0,0.0,0.0,0.0,0.0,0.0,0.0,0.0,0.0,0.0,0.0,0.0,0.0,0.0,0.0,500.0,0.0,308.0,113.84199576606166,1.2999999999999998,0.9486832980505138,1.2000000000000002,0.6324555320336759,1.2000000000000002,0.6324555320336759,0.10000000000000002,0.31622776601683794,0.0,0.0,0.0,0.0,1.0,0.0
meta.AccuracyWeightedEnsemble -l (trees.HoeffdingTree -e 2000000 -g 100 -c 0.01) -n 10.0,ArffFileStream -f ./../../../Dataset/benchmarks/connect-4.arff,1,21000.0,4.5625,6.168139710401494E-8,21000.0,0.7274899005874053,0.6497386687386688,0.6701415868082534,0.572,0.0969473444344105,0.3473857153510257,3.0,258.0,11.0,15.0,17.0,3.0,1.0,158.0,12.0,25.0,21000.0,81128.0,0.11816948904182094,0.0021363839999990752,0.002070736000000989,0.0012553439999998806,2.1828799999976112E-4,0.0,0.0,0.0,0.0,0.0,0.0,0.0,0.0,0.0,0.0,0.0,0.0,0.0,0.0,0.0,0.0,0.0,0.0,0.0,0.0,0.0,0.0,0.0,0.0,0.0,500.0,0.0,308.0,113.84199576606164,1.2999999999999998,0.9486832980505138,1.2000000000000002,0.6324555320336759,1.2000000000000002,0.6324555320336759,0.09999999999999999,0.31622776601683794,0.0,0.0,0.0,0.0,1.0,0.0
meta.AccuracyWeightedEnsemble -l (trees.HoeffdingTree -e 2000000 -g 100 -c 0.01) -n 10.0,ArffFileStream -f ./../../../Dataset/benchmarks/connect-4.arff,1,21500.0,4.625,6.299313908028932E-8,21500.0,0.5,0.6521428016251546,0.6741329564858975,0.958,0.0,0.0,3.0,479.0,12.0,9.0,0.0,0.0,0.0,0.0,0.0,0.0,21500.0,81128.0,0.03774036655367287,0.0,0.0,0.0,0.0,0.0,0.0,0.0,0.0,0.0,0.0,0.0,0.0,0.0,0.0,0.0,0.0,0.0,0.0,0.0,0.0,0.0,0.0,0.0,0.0,0.0,0.0,0.0,0.0,0.0,500.0,0.0,308.0,113.84199576606166,1.2999999999999998,0.9486832980505138,1.2000000000000002,0.6324555320336759,1.2000000000000002,0.6324555320336759,0.09999999999999999,0.31622776601683794,0.0,0.0,0.0,0.0,1.0,0.0
meta.AccuracyWeightedEnsemble -l (trees.HoeffdingTree -e 2000000 -g 100 -c 0.01) -n 10.0,ArffFileStream -f ./../../../Dataset/benchmarks/connect-4.arff,1,22000.0,4.6875,6.430488105656369E-8,22000.0,0.7148726851851852,0.6149321427186564,0.6366679038128105,0.91,0.03450051493305868,0.0,3.0,454.0,19.0,24.0,1.0,1.0,0.0,1.0,0.0,0.0,22000.0,81128.0,0.07968255796383372,0.004310228406417899,0.0022121214623383734,0.0013153280000003653,0.0011214079999997961,0.0,0.0,0.0,0.0,0.0,0.0,0.0,0.0,0.0,0.0,0.0,0.0,0.0,0.0,0.0,0.0,0.0,0.0,0.0,0.0,0.0,0.0,0.0,0.0,0.0,500.0,0.0,308.0,113.84199576606166,1.2999999999999998,0.9486832980505138,1.2000000000000002,0.6324555320336759,1.2000000000000002,0.6324555320336759,0.10000000000000002,0.31622776601683794,0.0,0.0,0.0,0.0,1.0,0.0
meta.AccuracyWeightedEnsemble -l (trees.HoeffdingTree -e 2000000 -g 100 -c 0.01) -n 10.0,ArffFileStream -f ./../../../Dataset/benchmarks/connect-4.arff,1,22500.0,4.859375,6.791181577783489E-8,22500.0,0.5634533359224342,0.6202549373433583,0.6303592314118629,0.6,0.12099503362193996,0.0,3.0,281.0,69.0,10.0,23.0,19.0,3.0,55.0,40.0,0.0,22500.0,81120.0,0.21256148437824596,0.0031415390806646404,0.0,0.0,0.0,0.0,0.0,0.0,0.0,0.0,0.0,0.0,0.0,0.0,0.0,0.0,0.0,0.0,0.0,0.0,0.0,0.0,0.0,0.0,0.0,0.0,0.0,0.0,0.0,0.0,500.0,0.0,345.6,155.2082472035555,1.6,1.2649110640673518,1.4,0.8432740427115678,1.4,0.8432740427115678,0.20000000000000004,0.4216370213557839,0.0,0.0,0.0,0.0,1.0,0.0
meta.AccuracyWeightedEnsemble -l (trees.HoeffdingTree -e 2000000 -g 100 -c 0.01) -n 10.0,ArffFileStream -f ./../../../Dataset/benchmarks/connect-4.arff,1,23000.0,4.9375,6.95513315602309E-8,23000.0,0.6671080711847651,0.6275818181818181,0.602944277944278,0.616,0.32988971101493786,0.0,3.0,160.0,47.0,13.0,77.0,148.0,55.0,0.0,0.0,0.0,23000.0,81120.0,0.3519186632804763,0.0022742674675775287,0.0,0.0,0.0,0.0,0.0,0.0,0.0,0.0,0.0,0.0,0.0,0.0,0.0,0.0,0.0,0.0,0.0,0.0,0.0,0.0,0.0,0.0,0.0,0.0,0.0,0.0,0.0,0.0,500.0,0.0,345.6,155.2082472035555,1.6,1.2649110640673518,1.4,0.8432740427115679,1.4,0.8432740427115679,0.20000000000000004,0.42163702135578396,0.0,0.0,0.0,0.0,1.0,0.0
meta.AccuracyWeightedEnsemble -l (trees.HoeffdingTree -e 2000000 -g 100 -c 0.01) -n 10.0,ArffFileStream -f ./../../../Dataset/benchmarks/connect-4.arff,1,23500.0,5.03125,7.151875049910609E-8,23500.0,0.6905598810360715,0.6245543810194973,0.6019217647124624,0.616,0.3380040823081591,0.4207140889740427,3.0,109.0,49.0,20.0,53.0,188.0,35.0,20.0,15.0,11.0,23500.0,81120.0,0.34858960393883776,0.06634229569258493,0.0013272084396712125,0.0,0.0,0.0,0.0,0.0,0.0,0.0,0.0,0.0,0.0,0.0,0.0,0.0,0.0,0.0,0.0,0.0,0.0,0.0,0.0,0.0,0.0,0.0,0.0,0.0,0.0,0.0,500.0,0.0,345.6,155.20824720355552,1.6,1.2649110640673518,1.4,0.8432740427115678,1.4,0.8432740427115678,0.20000000000000004,0.42163702135578396,0.0,0.0,0.0,0.0,1.0,0.0
meta.AccuracyWeightedEnsemble -l (trees.HoeffdingTree -e 2000000 -g 100 -c 0.01) -n 10.0,ArffFileStream -f ./../../../Dataset/benchmarks/connect-4.arff,1,24000.0,5.171875,7.446958786911432E-8,24000.0,0.7405659233390326,0.620284339177632,0.5943832452978794,0.806,0.2616724261291847,0.39400187988827773,3.0,388.0,4.0,3.0,67.0,13.0,16.0,7.0,0.0,2.0,24000.0,81112.0,0.0695221552060563,7.442720000005038E-4,4.716079999994849E-4,9.005344919876812E-5,0.0,0.0,0.0,0.0,0.0,0.0,0.0,0.0,0.0,0.0,0.0,0.0,0.0,0.0,0.0,0.0,0.0,0.0,0.0,0.0,0.0,0.0,0.0,0.0,0.0,0.0,500.0,0.0,383.19999999999993,179.1019573067562,1.9,1.4491376746189437,1.6,0.9660917830792959,1.6,0.9660917830792959,0.30000000000000004,0.48304589153964794,0.0,0.0,0.0,0.0,1.0,0.0
meta.AccuracyWeightedEnsemble -l (trees.HoeffdingTree -e 2000000 -g 100 -c 0.01) -n 10.0,ArffFileStream -f ./../../../Dataset/benchmarks/connect-4.arff,1,24500.0,5.25,7.610894196356333E-8,24500.0,0.6785362450631647,0.6236232301533055,0.5988067209871721,0.834,0.28018871197141565,0.19134840699817318,3.0,403.0,39.0,20.0,9.0,13.0,12.0,0.0,3.0,1.0,24500.0,81112.0,0.15339560350306758,0.008893207075366283,0.006306238413639892,0.00520534399999989,0.004107199999999894,0.0035128399999998228,0.0023194159999995745,0.0018359360000005098,9.577520000005058E-4,0.0,0.0,0.0,0.0,0.0,0.0,0.0,0.0,0.0,0.0,0.0,0.0,0.0,0.0,0.0,0.0,0.0,0.0,0.0,0.0,0.0,500.0,0.0,347.19999999999993,158.53552002977474,1.6,1.2649110640673518,1.4,0.8432740427115678,1.4,0.8432740427115678,0.20000000000000004,0.4216370213557839,0.0,0.0,0.0,0.0,1.0,0.0
meta.AccuracyWeightedEnsemble -l (trees.HoeffdingTree -e 2000000 -g 100 -c 0.01) -n 10.0,ArffFileStream -f ./../../../Dataset/benchmarks/connect-4.arff,1,25000.0,5.34375,7.807616687690215E-8,25000.0,0.6166390457081034,0.6486312656641604,0.6127706040463476,0.588,0.23743244243725473,0.26011432268734774,3.0,100.0,99.0,36.0,63.0,192.0,8.0,0.0,0.0,2.0,25000.0,81112.0,0.30542049802690974,0.0038984107970770343,0.0,0.0,0.0,0.0,0.0,0.0,0.0,0.0,0.0,0.0,0.0,0.0,0.0,0.0,0.0,0.0,0.0,0.0,0.0,0.0,0.0,0.0,0.0,0.0,0.0,0.0,0.0,0.0,500.0,0.0,347.19999999999993,158.53552002977474,1.6,1.2649110640673518,1.4,0.8432740427115678,1.4,0.8432740427115678,0.20000000000000004,0.4216370213557839,0.0,0.0,0.0,0.0,1.0,0.0
meta.AccuracyWeightedEnsemble -l (trees.HoeffdingTree -e 2000000 -g 100 -c 0.01) -n 10.0,ArffFileStream -f ./../../../Dataset/benchmarks/connect-4.arff,1,25500.0,5.421875,7.971552097135116E-8,25500.0,0.6362344652486928,0.6360396858625459,0.6101373611269701,0.624,0.3116578793204452,0.0,3.0,98.0,46.0,32.0,65.0,214.0,40.0,1.0,4.0,0.0,25500.0,81112.0,0.34634904506768915,0.06377368000906469,0.010983669448356714,0.007124153989459647,0.0,0.0,0.0,0.0,0.0,0.0,0.0,0.0,0.0,0.0,0.0,0.0,0.0,0.0,0.0,0.0,0.0,0.0,0.0,0.0,0.0,0.0,0.0,0.0,0.0,0.0,500.0,0.0,347.2,158.53552002977474,1.6,1.2649110640673518,1.4,0.8432740427115678,1.4,0.8432740427115678,0.19999999999999998,0.4216370213557839,0.0,0.0,0.0,0.0,1.0,0.0
meta.AccuracyWeightedEnsemble -l (trees.HoeffdingTree -e 2000000 -g 100 -c 0.01) -n 10.0,ArffFileStream -f ./../../../Dataset/benchmarks/connect-4.arff,1,26000.0,5.515625,8.168274588468997E-8,26000.0,0.7235736837243172,0.6734058873446173,0.6255388068335295,0.678,0.2648737500570751,0.47577954528229616,3.0,53.0,66.0,6.0,70.0,277.0,13.0,4.0,2.0,9.0,26000.0,81112.0,0.24207925099100597,0.0,0.0,0.0,0.0,0.0,0.0,0.0,0.0,0.0,0.0,0.0,0.0,0.0,0.0,0.0,0.0,0.0,0.0,0.0,0.0,0.0,0.0,0.0,0.0,0.0,0.0,0.0,0.0,0.0,500.0,0.0,347.2,158.53552002977474,1.6,1.2649110640673518,1.4,0.8432740427115678,1.4,0.8432740427115678,0.19999999999999998,0.4216370213557839,0.0,0.0,0.0,0.0,1.0,0.0
meta.AccuracyWeightedEnsemble -l (trees.HoeffdingTree -e 2000000 -g 100 -c 0.01) -n 10.0,ArffFileStream -f ./../../../Dataset/benchmarks/connect-4.arff,1,26500.0,5.609375,8.364997079802879E-8,26500.0,0.7355435884687004,0.6607854367854368,0.6278009028009028,0.702,0.4608403653258839,0.43609160019268084,3.0,139.0,57.0,13.0,40.0,204.0,37.0,1.0,1.0,8.0,26500.0,81112.0,0.3335204740179315,0.117870530000482,0.054373667009807225,0.030201659426796756,0.02908195888931092,0.0,0.0,0.0,0.0,0.0,0.0,0.0,0.0,0.0,0.0,0.0,0.0,0.0,0.0,0.0,0.0,0.0,0.0,0.0,0.0,0.0,0.0,0.0,0.0,0.0,500.0,0.0,347.19999999999993,158.53552002977477,1.6,1.2649110640673518,1.4000000000000001,0.8432740427115678,1.4000000000000001,0.8432740427115678,0.2,0.4216370213557839,0.0,0.0,0.0,0.0,1.0,0.0
meta.AccuracyWeightedEnsemble -l (trees.HoeffdingTree -e 2000000 -g 100 -c 0.01) -n 10.0,ArffFileStream -f ./../../../Dataset/benchmarks/connect-4.arff,1,27000.0,5.703125,8.561719571136761E-8,27000.0,0.7032795349039004,0.6637790942302847,0.6498372805912488,0.588,0.3042514961970251,0.28896764649921597,3.0,132.0,34.0,34.0,84.0,158.0,40.0,9.0,5.0,4.0,27000.0,81112.0,0.36597122796363196,0.06218675578212529,0.0584980921302114,0.017614908480863778,0.005462365922434653,0.0,0.0,0.0,0.0,0.0,0.0,0.0,0.0,0.0,0.0,0.0,0.0,0.0,0.0,0.0,0.0,0.0,0.0,0.0,0.0,0.0,0.0,0.0,0.0,0.0,500.0,0.0,309.6,118.90164002233107,1.2999999999999998,0.9486832980505138,1.2000000000000002,0.6324555320336759,1.2000000000000002,0.6324555320336759,0.09999999999999999,0.31622776601683794,0.0,0.0,0.0,0.0,1.0,0.0
meta.AccuracyWeightedEnsemble -l (trees.HoeffdingTree -e 2000000 -g 100 -c 0.01) -n 10.0,ArffFileStream -f ./../../../Dataset/benchmarks/connect-4.arff,1,27500.0,5.796875,8.758442062470643E-8,27500.0,0.7277433169778179,0.6908728888888889,0.6649259259259259,0.638,0.33324001149332144,0.20392771449237734,3.0,99.0,19.0,19.0,104.0,219.0,31.0,5.0,3.0,1.0,27500.0,81112.0,0.3286802140506317,0.07866841810327385,0.06655196002476516,0.02524858600333313,0.0,0.0,0.0,0.0,0.0,0.0,0.0,0.0,0.0,0.0,0.0,0.0,0.0,0.0,0.0,0.0,0.0,0.0,0.0,0.0,0.0,0.0,0.0,0.0,0.0,0.0,500.0,0.0,309.6,118.90164002233107,1.2999999999999998,0.9486832980505138,1.2000000000000002,0.6324555320336759,1.2000000000000002,0.6324555320336759,0.09999999999999999,0.31622776601683794,0.0,0.0,0.0,0.0,1.0,0.0
meta.AccuracyWeightedEnsemble -l (trees.HoeffdingTree -e 2000000 -g 100 -c 0.01) -n 10.0,ArffFileStream -f ./../../../Dataset/benchmarks/connect-4.arff,1,28000.0,5.890625,8.955183956358162E-8,28000.0,0.7643922456487902,0.7051865196078432,0.6772467320261437,0.714,0.4968084282828851,0.4607403126941896,3.0,189.0,20.0,17.0,68.0,160.0,25.0,2.0,11.0,8.0,28000.0,81120.0,0.32789927171242994,0.12262119603346114,0.11142306331704491,0.025807300673961753,0.01901774764298575,0.0,0.0,0.0,0.0,0.0,0.0,0.0,0.0,0.0,0.0,0.0,0.0,0.0,0.0,0.0,0.0,0.0,0.0,0.0,0.0,0.0,0.0,0.0,0.0,0.0,500.0,0.0,309.59999999999997,118.90164002233105,1.2999999999999998,0.9486832980505138,1.2000000000000002,0.6324555320336759,1.2000000000000002,0.6324555320336759,0.10000000000000002,0.31622776601683794,0.0,0.0,0.0,0.0,1.0,0.0
meta.AccuracyWeightedEnsemble -l (trees.HoeffdingTree -e 2000000 -g 100 -c 0.01) -n 10.0,ArffFileStream -f ./../../../Dataset/benchmarks/connect-4.arff,1,28500.0,5.96875,9.11915170339246E-8,28500.0,0.7409335224824934,0.7088891885607999,0.6973417034798108,0.62,0.33301505279712423,0.4011366646510361,3.0,212.0,15.0,16.0,104.0,91.0,35.0,18.0,2.0,7.0,28500.0,81128.0,0.2753698597466413,0.0074706519522377834,0.0052577120000003585,0.0037115520000006175,7.944320000001781E-4,0.0,0.0,0.0,0.0,0.0,0.0,0.0,0.0,0.0,0.0,0.0,0.0,0.0,0.0,0.0,0.0,0.0,0.0,0.0,0.0,0.0,0.0,0.0,0.0,0.0,500.0,0.0,309.6,118.90164002233107,1.2999999999999998,0.9486832980505138,1.2000000000000002,0.6324555320336759,1.2000000000000002,0.6324555320336759,0.09999999999999999,0.31622776601683794,0.0,0.0,0.0,0.0,1.0,0.0
meta.AccuracyWeightedEnsemble -l (trees.HoeffdingTree -e 2000000 -g 100 -c 0.01) -n 10.0,ArffFileStream -f ./../../../Dataset/benchmarks/connect-4.arff,1,29000.0,6.0625,9.315932402387256E-8,29000.0,0.6490408939301585,0.7208870958751394,0.698837173293695,0.452,0.20804670790219093,0.4678191464043409,3.0,80.0,24.0,16.0,33.0,117.0,12.0,58.0,131.0,29.0,29000.0,81136.0,0.32540165140246285,0.0792565112832454,0.02543177568075422,0.020135671044708092,0.0,0.0,0.0,0.0,0.0,0.0,0.0,0.0,0.0,0.0,0.0,0.0,0.0,0.0,0.0,0.0,0.0,0.0,0.0,0.0,0.0,0.0,0.0,0.0,0.0,0.0,500.0,0.0,272.0,0.0,1.0,0.0,1.0,0.0,1.0,0.0,0.0,0.0,0.0,0.0,0.0,0.0,1.0,0.0
meta.AccuracyWeightedEnsemble -l (trees.HoeffdingTree -e 2000000 -g 100 -c 0.01) -n 10.0,ArffFileStream -f ./../../../Dataset/benchmarks/connect-4.arff,1,29500.0,6.15625,9.512713101382051E-8,29500.0,0.7388190034808951,0.730144708611625,0.7087998189559003,0.64,0.39700916546068504,0.47829323458442574,3.0,147.0,26.0,13.0,73.0,159.0,36.0,15.0,17.0,14.0,29500.0,81136.0,0.34670463377824534,0.08928053894277271,0.026467064002511087,0.015717671359046836,0.0,0.0,0.0,0.0,0.0,0.0,0.0,0.0,0.0,0.0,0.0,0.0,0.0,0.0,0.0,0.0,0.0,0.0,0.0,0.0,0.0,0.0,0.0,0.0,0.0,0.0,500.0,0.0,309.59999999999997,118.90164002233105,1.2999999999999998,0.9486832980505138,1.2000000000000002,0.6324555320336759,1.2000000000000002,0.6324555320336759,0.10000000000000002,0.31622776601683794,0.0,0.0,0.0,0.0,1.0,0.0
meta.AccuracyWeightedEnsemble -l (trees.HoeffdingTree -e 2000000 -g 100 -c 0.01) -n 10.0,ArffFileStream -f ./../../../Dataset/benchmarks/connect-4.arff,1,30000.0,6.25,9.709493800376846E-8,30000.0,0.6682476290422885,0.7377913949111065,0.7114786225962584,0.556,0.31729278913572967,0.4433052066669825,3.0,139.0,17.0,11.0,45.0,129.0,19.0,84.0,46.0,10.0,30000.0,81136.0,0.3104217438481477,0.10015095807853747,0.07974256570672278,0.01036348184232877,0.008256265417060926,0.004106084830558854,0.0,0.0,0.0,0.0,0.0,0.0,0.0,0.0,0.0,0.0,0.0,0.0,0.0,0.0,0.0,0.0,0.0,0.0,0.0,0.0,0.0,0.0,0.0,0.0,500.0,0.0,309.59999999999997,118.90164002233105,1.2999999999999998,0.9486832980505138,1.2000000000000002,0.6324555320336759,1.2000000000000002,0.6324555320336759,0.10000000000000002,0.31622776601683794,0.0,0.0,0.0,0.0,1.0,0.0
meta.AccuracyWeightedEnsemble -l (trees.HoeffdingTree -e 2000000 -g 100 -c 0.01) -n 10.0,ArffFileStream -f ./../../../Dataset/benchmarks/connect-4.arff,1,30500.0,6.34375,9.906293901925279E-8,30500.0,0.6703063942738415,0.7326060528901993,0.7119978260222163,0.468,0.209664672010839,0.44473400968167043,3.0,99.0,8.0,6.0,146.0,113.0,39.0,43.0,24.0,22.0,30500.0,81144.0,0.31599558340834333,0.0,0.0,0.0,0.0,0.0,0.0,0.0,0.0,0.0,0.0,0.0,0.0,0.0,0.0,0.0,0.0,0.0,0.0,0.0,0.0,0.0,0.0,0.0,0.0,0.0,0.0,0.0,0.0,0.0,500.0,0.0,309.6,118.90164002233107,1.2999999999999998,0.9486832980505138,1.2000000000000002,0.6324555320336759,1.2000000000000002,0.6324555320336759,0.09999999999999999,0.31622776601683794,0.0,0.0,0.0,0.0,1.0,0.0
meta.AccuracyWeightedEnsemble -l (trees.HoeffdingTree -e 2000000 -g 100 -c 0.01) -n 10.0,ArffFileStream -f ./../../../Dataset/benchmarks/connect-4.arff,1,31000.0,6.421875,1.0070293986548973E-7,31000.0,0.6347455311213992,0.735815727130013,0.7178979750408322,0.656,0.06821530727225474,0.10885948299309245,3.0,321.0,89.0,72.0,1.0,2.0,3.0,2.0,5.0,5.0,31000.0,81144.0,0.29295816776888534,0.009964543530998848,0.009045728000002196,0.008546816000001622,0.007201375999998261,0.0,0.0,0.0,0.0,0.0,0.0,0.0,0.0,0.0,0.0,0.0,0.0,0.0,0.0,0.0,0.0,0.0,0.0,0.0,0.0,0.0,0.0,0.0,0.0,0.0,500.0,0.0,309.6,118.90164002233105,1.3,0.9486832980505139,1.2,0.6324555320336759,1.2,0.6324555320336759,0.1,0.31622776601683794,0.0,0.0,0.0,0.0,1.0,0.0
meta.AccuracyWeightedEnsemble -l (trees.HoeffdingTree -e 2000000 -g 100 -c 0.01) -n 10.0,ArffFileStream -f ./../../../Dataset/benchmarks/connect-4.arff,1,31500.0,6.515625,1.0267094088097406E-7,31500.0,0.6846118411903768,0.7396422072943669,0.7138790722013313,0.664,0.24851044033709674,0.3622293760113118,3.0,279.0,37.0,17.0,69.0,49.0,13.0,28.0,4.0,4.0,31500.0,81144.0,0.21043708639989323,0.0033572810025160327,3.745919999987857E-4,0.0,0.0,0.0,0.0,0.0,0.0,0.0,0.0,0.0,0.0,0.0,0.0,0.0,0.0,0.0,0.0,0.0,0.0,0.0,0.0,0.0,0.0,0.0,0.0,0.0,0.0,0.0,500.0,0.0,272.0,0.0,1.0,0.0,1.0,0.0,1.0,0.0,0.0,0.0,0.0,0.0,0.0,0.0,1.0,0.0
meta.AccuracyWeightedEnsemble -l (trees.HoeffdingTree -e 2000000 -g 100 -c 0.01) -n 10.0,ArffFileStream -f ./../../../Dataset/benchmarks/connect-4.arff,1,32000.0,6.609375,1.0463894189645839E-7,32000.0,0.6759690764579146,0.7393261037208406,0.7174166562711455,0.656,0.19214691653750435,0.3071193052309879,3.0,300.0,48.0,29.0,13.0,8.0,5.0,48.0,29.0,20.0,32000.0,81144.0,0.23295534716049388,0.006526592000000053,0.005717520000001197,0.004520120000000238,0.004004480000001587,0.0036036319999987465,0.0020856560000005464,0.001613840000001865,0.0,0.0,0.0,0.0,0.0,0.0,0.0,0.0,0.0,0.0,0.0,0.0,0.0,0.0,0.0,0.0,0.0,0.0,0.0,0.0,0.0,0.0,500.0,0.0,272.0,0.0,1.0,0.0,1.0,0.0,1.0,0.0,0.0,0.0,0.0,0.0,0.0,0.0,1.0,0.0
meta.AccuracyWeightedEnsemble -l (trees.HoeffdingTree -e 2000000 -g 100 -c 0.01) -n 10.0,ArffFileStream -f ./../../../Dataset/benchmarks/connect-4.arff,1,32500.0,6.6875,1.0627894274269533E-7,32500.0,0.5,0.7441267742572782,0.7169539636117885,0.86,0.0,0.0,3.0,430.0,36.0,34.0,0.0,0.0,0.0,0.0,0.0,0.0,32500.0,81144.0,0.12380111493919035,0.0032910079999993735,0.0031905919999994925,0.0031206400000006462,0.00308064000000019,0.0017427679999995616,0.0012018550853521437,7.222599175425448E-4,4.7360000000046254E-4,0.0,0.0,0.0,0.0,0.0,0.0,0.0,0.0,0.0,0.0,0.0,0.0,0.0,0.0,0.0,0.0,0.0,0.0,0.0,0.0,0.0,500.0,0.0,347.2,158.53552002977474,1.6,1.2649110640673518,1.4,0.8432740427115678,1.4,0.8432740427115678,0.19999999999999998,0.4216370213557839,0.0,0.0,0.0,0.0,1.0,0.0
meta.AccuracyWeightedEnsemble -l (trees.HoeffdingTree -e 2000000 -g 100 -c 0.01) -n 10.0,ArffFileStream -f ./../../../Dataset/benchmarks/connect-4.arff,1,33000.0,6.765625,1.0791894358893227E-7,33000.0,0.5897495495182153,0.743333650383487,0.7144478949302991,0.594,0.10766877368194332,0.23191239723289628,3.0,259.0,132.0,22.0,33.0,36.0,5.0,6.0,5.0,2.0,33000.0,81144.0,0.27705133206924903,0.0,0.0,0.0,0.0,0.0,0.0,0.0,0.0,0.0,0.0,0.0,0.0,0.0,0.0,0.0,0.0,0.0,0.0,0.0,0.0,0.0,0.0,0.0,0.0,0.0,0.0,0.0,0.0,0.0,500.0,0.0,347.2,158.53552002977477,1.6,1.2649110640673518,1.4,0.8432740427115678,1.4,0.8432740427115678,0.19999999999999998,0.4216370213557839,0.0,0.0,0.0,0.0,1.0,0.0
meta.AccuracyWeightedEnsemble -l (trees.HoeffdingTree -e 2000000 -g 100 -c 0.01) -n 10.0,ArffFileStream -f ./../../../Dataset/benchmarks/connect-4.arff,1,33500.0,6.84375,1.0955894443516922E-7,33500.0,0.6675135330744236,0.7424899063899063,0.7146791480124812,0.604,0.2228955383214544,0.39922587710458746,3.0,233.0,67.0,24.0,58.0,61.0,7.0,25.0,17.0,8.0,33500.0,81144.0,0.27664189379164156,0.0,0.0,0.0,0.0,0.0,0.0,0.0,0.0,0.0,0.0,0.0,0.0,0.0,0.0,0.0,0.0,0.0,0.0,0.0,0.0,0.0,0.0,0.0,0.0,0.0,0.0,0.0,0.0,0.0,500.0,0.0,347.2,158.53552002977474,1.6,1.2649110640673518,1.4000000000000001,0.8432740427115678,1.4000000000000001,0.8432740427115678,0.19999999999999998,0.4216370213557839,0.0,0.0,0.0,0.0,1.0,0.0
meta.AccuracyWeightedEnsemble -l (trees.HoeffdingTree -e 2000000 -g 100 -c 0.01) -n 10.0,ArffFileStream -f ./../../../Dataset/benchmarks/connect-4.arff,1,34000.0,6.9375,1.1152694545065355E-7,34000.0,0.6560850649541808,0.7209245307393197,0.7027806536584585,0.548,0.17706262334957368,0.18154074693982075,3.0,176.0,72.0,41.0,89.0,97.0,21.0,3.0,0.0,1.0,34000.0,81144.0,0.33485565416147045,0.040381761649505965,0.0,0.0,0.0,0.0,0.0,0.0,0.0,0.0,0.0,0.0,0.0,0.0,0.0,0.0,0.0,0.0,0.0,0.0,0.0,0.0,0.0,0.0,0.0,0.0,0.0,0.0,0.0,0.0,500.0,0.0,309.6,118.90164002233105,1.3,0.9486832980505139,1.2,0.6324555320336759,1.2,0.6324555320336759,0.1,0.31622776601683794,0.0,0.0,0.0,0.0,1.0,0.0
meta.AccuracyWeightedEnsemble -l (trees.HoeffdingTree -e 2000000 -g 100 -c 0.01) -n 10.0,ArffFileStream -f ./../../../Dataset/benchmarks/connect-4.arff,1,34500.0,7.03125,1.1349494646613788E-7,34500.0,0.5633772187035734,0.7315646087967296,0.7054210841368623,0.394,0.11869415487714076,0.34811143315620147,3.0,104.0,37.0,12.0,49.0,83.0,20.0,137.0,48.0,10.0,34500.0,81144.0,0.29749963625055453,0.06893340570324052,0.009391372795347797,0.0,0.0,0.0,0.0,0.0,0.0,0.0,0.0,0.0,0.0,0.0,0.0,0.0,0.0,0.0,0.0,0.0,0.0,0.0,0.0,0.0,0.0,0.0,0.0,0.0,0.0,0.0,500.0,0.0,272.0,0.0,1.0,0.0,1.0,0.0,1.0,0.0,0.0,0.0,0.0,0.0,0.0,0.0,1.0,0.0
meta.AccuracyWeightedEnsemble -l (trees.HoeffdingTree -e 2000000 -g 100 -c 0.01) -n 10.0,ArffFileStream -f ./../../../Dataset/benchmarks/connect-4.arff,1,35000.0,7.125,1.154629474816222E-7,35000.0,0.664118572843767,0.7218352092352093,0.703104858104858,0.552,0.25886712546320817,0.4693585994096885,3.0,148.0,55.0,30.0,79.0,106.0,24.0,17.0,19.0,22.0,35000.0,81144.0,0.3560815545451902,0.0349690888869062,0.005171663820113748,0.0036516731147310244,0.0,0.0,0.0,0.0,0.0,0.0,0.0,0.0,0.0,0.0,0.0,0.0,0.0,0.0,0.0,0.0,0.0,0.0,0.0,0.0,0.0,0.0,0.0,0.0,0.0,0.0,500.0,0.0,272.0,0.0,1.0,0.0,1.0,0.0,1.0,0.0,0.0,0.0,0.0,0.0,0.0,0.0,1.0,0.0
meta.AccuracyWeightedEnsemble -l (trees.HoeffdingTree -e 2000000 -g 100 -c 0.01) -n 10.0,ArffFileStream -f ./../../../Dataset/benchmarks/connect-4.arff,1,35500.0,7.21875,1.1743094849710654E-7,35500.0,0.6383801741132733,0.7347455357142857,0.7120535714285714,0.472,0.17468534878922584,0.42856047012984444,3.0,125.0,57.0,29.0,55.0,89.0,16.0,58.0,49.0,22.0,35500.0,81144.0,0.3484030929304799,0.10073036689922982,0.03205778018841915,0.01227834849603443,0.0025657633121376477,0.0,0.0,0.0,0.0,0.0,0.0,0.0,0.0,0.0,0.0,0.0,0.0,0.0,0.0,0.0,0.0,0.0,0.0,0.0,0.0,0.0,0.0,0.0,0.0,0.0,500.0,0.0,309.59999999999997,118.90164002233105,1.2999999999999998,0.9486832980505138,1.2000000000000002,0.6324555320336759,1.2000000000000002,0.6324555320336759,0.10000000000000002,0.31622776601683794,0.0,0.0,0.0,0.0,1.0,0.0
meta.AccuracyWeightedEnsemble -l (trees.HoeffdingTree -e 2000000 -g 100 -c 0.01) -n 10.0,ArffFileStream -f ./../../../Dataset/benchmarks/connect-4.arff,1,36000.0,7.328125,1.1972694968183825E-7,36000.0,0.6446768536605908,0.7348151672667395,0.712304016506268,0.598,0.2730560578661845,0.0,3.0,103.0,52.0,20.0,73.0,196.0,46.0,7.0,3.0,0.0,36000.0,81144.0,0.34186459166436556,0.04223201030599766,0.008963744412126717,0.0,0.0,0.0,0.0,0.0,0.0,0.0,0.0,0.0,0.0,0.0,0.0,0.0,0.0,0.0,0.0,0.0,0.0,0.0,0.0,0.0,0.0,0.0,0.0,0.0,0.0,0.0,500.0,0.0,309.59999999999997,118.90164002233105,1.2999999999999998,0.9486832980505138,1.2000000000000002,0.6324555320336759,1.2000000000000002,0.6324555320336759,0.10000000000000002,0.31622776601683794,0.0,0.0,0.0,0.0,1.0,0.0
meta.AccuracyWeightedEnsemble -l (trees.HoeffdingTree -e 2000000 -g 100 -c 0.01) -n 10.0,ArffFileStream -f ./../../../Dataset/benchmarks/connect-4.arff,1,36500.0,7.421875,1.2169495069732258E-7,36500.0,0.6862784670855538,0.7326907747629945,0.7087909331959675,0.58,0.27624141829110255,0.36879666683135004,3.0,172.0,63.0,36.0,52.0,110.0,22.0,30.0,7.0,8.0,36500.0,81144.0,0.3415362248034013,0.05321131196277695,0.0,0.0,0.0,0.0,0.0,0.0,0.0,0.0,0.0,0.0,0.0,0.0,0.0,0.0,0.0,0.0,0.0,0.0,0.0,0.0,0.0,0.0,0.0,0.0,0.0,0.0,0.0,0.0,500.0,0.0,309.6,118.90164002233107,1.2999999999999998,0.9486832980505138,1.2000000000000002,0.6324555320336759,1.2000000000000002,0.6324555320336759,0.09999999999999999,0.31622776601683794,0.0,0.0,0.0,0.0,1.0,0.0
meta.AccuracyWeightedEnsemble -l (trees.HoeffdingTree -e 2000000 -g 100 -c 0.01) -n 10.0,ArffFileStream -f ./../../../Dataset/benchmarks/connect-4.arff,1,37000.0,7.515625,1.236629517128069E-7,37000.0,0.6110265675068561,0.7374052590419014,0.7091012905531431,0.562,0.022757697456492854,0.134517452869639,3.0,271.0,146.0,43.0,3.0,7.0,5.0,18.0,4.0,3.0,37000.0,81144.0,0.3061884221492769,0.0,0.0,0.0,0.0,0.0,0.0,0.0,0.0,0.0,0.0,0.0,0.0,0.0,0.0,0.0,0.0,0.0,0.0,0.0,0.0,0.0,0.0,0.0,0.0,0.0,0.0,0.0,0.0,0.0,500.0,0.0,309.6,118.90164002233107,1.2999999999999998,0.9486832980505138,1.2000000000000002,0.6324555320336759,1.2000000000000002,0.6324555320336759,0.09999999999999999,0.31622776601683794,0.0,0.0,0.0,0.0,1.0,0.0
meta.AccuracyWeightedEnsemble -l (trees.HoeffdingTree -e 2000000 -g 100 -c 0.01) -n 10.0,ArffFileStream -f ./../../../Dataset/benchmarks/connect-4.arff,1,37500.0,7.625,1.2595895289753864E-7,37500.0,0.6751400773139903,0.73825932605909,0.7050354550300364,0.706,0.15827807743841685,0.4335344765575275,3.0,335.0,4.0,11.0,108.0,14.0,7.0,12.0,5.0,4.0,37500.0,81144.0,0.08217985778827293,0.001499920000000779,0.0013383439999993113,0.0,0.0,0.0,0.0,0.0,0.0,0.0,0.0,0.0,0.0,0.0,0.0,0.0,0.0,0.0,0.0,0.0,0.0,0.0,0.0,0.0,0.0,0.0,0.0,0.0,0.0,0.0,500.0,0.0,309.6,118.90164002233105,1.3,0.9486832980505139,1.2,0.6324555320336759,1.2,0.6324555320336759,0.1,0.31622776601683794,0.0,0.0,0.0,0.0,1.0,0.0
meta.AccuracyWeightedEnsemble -l (trees.HoeffdingTree -e 2000000 -g 100 -c 0.01) -n 10.0,ArffFileStream -f ./../../../Dataset/benchmarks/connect-4.arff,1,38000.0,7.71875,1.2792695391302297E-7,38000.0,0.6375384259999645,0.7394520533028633,0.7041454662942562,0.932,0.102618243243246,0.0,3.0,464.0,4.0,12.0,9.0,2.0,1.0,8.0,0.0,0.0,38000.0,81144.0,0.033711236991171345,0.0,0.0,0.0,0.0,0.0,0.0,0.0,0.0,0.0,0.0,0.0,0.0,0.0,0.0,0.0,0.0,0.0,0.0,0.0,0.0,0.0,0.0,0.0,0.0,0.0,0.0,0.0,0.0,0.0,500.0,0.0,272.0,0.0,1.0,0.0,1.0,0.0,1.0,0.0,0.0,0.0,0.0,0.0,0.0,0.0,1.0,0.0
meta.AccuracyWeightedEnsemble -l (trees.HoeffdingTree -e 2000000 -g 100 -c 0.01) -n 10.0,ArffFileStream -f ./../../../Dataset/benchmarks/connect-4.arff,1,38500.0,7.8125,1.298949549285073E-7,38500.0,0.5245349463082133,0.7341972769990232,0.7070203175644746,0.464,0.07266435986159175,0.0,3.0,204.0,25.0,21.0,0.0,0.0,0.0,169.0,53.0,28.0,38500.0,81144.0,0.22298358109690802,0.0049850399999993855,0.004885688000000915,0.004695800000000028,0.004006992000000625,0.003227072000000303,0.003198800000001112,0.0028065920000006073,0.0,0.0,0.0,0.0,0.0,0.0,0.0,0.0,0.0,0.0,0.0,0.0,0.0,0.0,0.0,0.0,0.0,0.0,0.0,0.0,0.0,0.0,500.0,0.0,272.0,0.0,1.0,0.0,1.0,0.0,1.0,0.0,0.0,0.0,0.0,0.0,0.0,0.0,1.0,0.0
meta.AccuracyWeightedEnsemble -l (trees.HoeffdingTree -e 2000000 -g 100 -c 0.01) -n 10.0,ArffFileStream -f ./../../../Dataset/benchmarks/connect-4.arff,1,39000.0,7.890625,1.3153495577474426E-7,39000.0,0.7103332087027739,0.7407869273847856,0.7103979341645521,0.856,0.15641476274165228,0.2380639864839237,3.0,421.0,18.0,30.0,5.0,4.0,4.0,14.0,1.0,3.0,39000.0,81144.0,0.10669967650296348,0.001805440000000852,0.001783063999999182,4.6697599999918904E-4,0.0,0.0,0.0,0.0,0.0,0.0,0.0,0.0,0.0,0.0,0.0,0.0,0.0,0.0,0.0,0.0,0.0,0.0,0.0,0.0,0.0,0.0,0.0,0.0,0.0,0.0,500.0,0.0,272.0,0.0,1.0,0.0,1.0,0.0,1.0,0.0,0.0,0.0,0.0,0.0,0.0,0.0,1.0,0.0
meta.AccuracyWeightedEnsemble -l (trees.HoeffdingTree -e 2000000 -g 100 -c 0.01) -n 10.0,ArffFileStream -f ./../../../Dataset/benchmarks/connect-4.arff,1,39500.0,7.984375,1.335029567902286E-7,39500.0,0.5,0.7399334023464459,0.7122296986427421,0.686,0.0,0.0,3.0,343.0,110.0,47.0,0.0,0.0,0.0,0.0,0.0,0.0,39500.0,81144.0,0.2579972166645527,0.01846990384030689,0.0014668560000005715,0.0,0.0,0.0,0.0,0.0,0.0,0.0,0.0,0.0,0.0,0.0,0.0,0.0,0.0,0.0,0.0,0.0,0.0,0.0,0.0,0.0,0.0,0.0,0.0,0.0,0.0,0.0,500.0,0.0,272.0,0.0,1.0,0.0,1.0,0.0,1.0,0.0,0.0,0.0,0.0,0.0,0.0,0.0,1.0,0.0
meta.AccuracyWeightedEnsemble -l (trees.HoeffdingTree -e 2000000 -g 100 -c 0.01) -n 10.0,ArffFileStream -f ./../../../Dataset/benchmarks/connect-4.arff,1,40000.0,8.0625,1.3514295763646554E-7,40000.0,0.600495593334135,0.7390750670601458,0.7103801542768973,0.604,0.11701748127006795,0.0,3.0,276.0,142.0,31.0,12.0,26.0,13.0,0.0,0.0,0.0,40000.0,81144.0,0.2998225131779865,0.0,0.0,0.0,0.0,0.0,0.0,0.0,0.0,0.0,0.0,0.0,0.0,0.0,0.0,0.0,0.0,0.0,0.0,0.0,0.0,0.0,0.0,0.0,0.0,0.0,0.0,0.0,0.0,0.0,500.0,0.0,272.0,0.0,1.0,0.0,1.0,0.0,1.0,0.0,0.0,0.0,0.0,0.0,0.0,0.0,1.0,0.0
meta.AccuracyWeightedEnsemble -l (trees.HoeffdingTree -e 2000000 -g 100 -c 0.01) -n 10.0,ArffFileStream -f ./../../../Dataset/benchmarks/connect-4.arff,1,40500.0,8.15625,1.3711095865194987E-7,40500.0,0.6630808939635028,0.735269248580343,0.7109432735369766,0.66,0.3108759982163849,0.0,3.0,259.0,33.0,38.0,58.0,71.0,24.0,14.0,3.0,0.0,40500.0,81144.0,0.27712421069256815,0.02567189525772845,0.006285888000000794,0.0057435519999992635,0.00488660800000168,0.0021611279999997346,0.0,0.0,0.0,0.0,0.0,0.0,0.0,0.0,0.0,0.0,0.0,0.0,0.0,0.0,0.0,0.0,0.0,0.0,0.0,0.0,0.0,0.0,0.0,0.0,500.0,0.0,272.0,0.0,1.0,0.0,1.0,0.0,1.0,0.0,0.0,0.0,0.0,0.0,0.0,0.0,1.0,0.0
meta.AccuracyWeightedEnsemble -l (trees.HoeffdingTree -e 2000000 -g 100 -c 0.01) -n 10.0,ArffFileStream -f ./../../../Dataset/benchmarks/connect-4.arff,1,41000.0,8.25,1.390789596674342E-7,41000.0,0.6760762598240314,0.7417304572439055,0.7119835325819098,0.682,0.3069419138864432,0.32777608233196914,3.0,284.0,46.0,32.0,43.0,52.0,24.0,10.0,4.0,5.0,41000.0,81144.0,0.26676085500711827,0.01903618173814936,0.007016600000000817,0.006114420594102055,0.005773968000001517,0.00523951199999928,0.003418687999999559,0.0,0.0,0.0,0.0,0.0,0.0,0.0,0.0,0.0,0.0,0.0,0.0,0.0,0.0,0.0,0.0,0.0,0.0,0.0,0.0,0.0,0.0,0.0,500.0,0.0,272.0,0.0,1.0,0.0,1.0,0.0,1.0,0.0,0.0,0.0,0.0,0.0,0.0,0.0,1.0,0.0
meta.AccuracyWeightedEnsemble -l (trees.HoeffdingTree -e 2000000 -g 100 -c 0.01) -n 10.0,ArffFileStream -f ./../../../Dataset/benchmarks/connect-4.arff,1,41500.0,8.328125,1.4071912220161814E-7,41500.0,0.5682139063088997,0.7363555456892026,0.7100697982001439,0.548,0.0,0.0,3.0,274.0,155.0,71.0,0.0,0.0,0.0,0.0,0.0,0.0,41500.0,81152.0,0.3397775181299706,0.0,0.0,0.0,0.0,0.0,0.0,0.0,0.0,0.0,0.0,0.0,0.0,0.0,0.0,0.0,0.0,0.0,0.0,0.0,0.0,0.0,0.0,0.0,0.0,0.0,0.0,0.0,0.0,0.0,500.0,0.0,272.0,0.0,1.0,0.0,1.0,0.0,1.0,0.0,0.0,0.0,0.0,0.0,0.0,0.0,1.0,0.0
meta.AccuracyWeightedEnsemble -l (trees.HoeffdingTree -e 2000000 -g 100 -c 0.01) -n 10.0,ArffFileStream -f ./../../../Dataset/benchmarks/connect-4.arff,1,42000.0,8.484375,1.4399912389409202E-7,42000.0,0.7577191861084479,0.7516893420665417,0.7103694082035046,0.874,0.40941560267731586,0.36336603575921117,3.0,417.0,8.0,11.0,27.0,18.0,12.0,3.0,2.0,2.0,42000.0,81144.0,0.0973215327936207,0.02524577176977405,0.002142656000000853,0.0020937599999990703,8.880959999993387E-4,6.93344000000401E-4,0.0,0.0,0.0,0.0,0.0,0.0,0.0,0.0,0.0,0.0,0.0,0.0,0.0,0.0,0.0,0.0,0.0,0.0,0.0,0.0,0.0,0.0,0.0,0.0,500.0,0.0,347.19999999999993,158.53552002977474,1.6,1.2649110640673518,1.4,0.8432740427115678,1.4,0.8432740427115678,0.20000000000000004,0.4216370213557839,0.0,0.0,0.0,0.0,1.0,0.0
meta.AccuracyWeightedEnsemble -l (trees.HoeffdingTree -e 2000000 -g 100 -c 0.01) -n 10.0,ArffFileStream -f ./../../../Dataset/benchmarks/connect-4.arff,1,42500.0,8.578125,1.4596712490957635E-7,42500.0,0.6630211679874348,0.7495774417028885,0.7145252099801422,0.81,0.202243794296463,0.2358453979989354,3.0,392.0,38.0,35.0,11.0,10.0,8.0,3.0,0.0,3.0,42500.0,81144.0,0.16695511821649292,0.005283263999998483,0.00520577600000155,0.005198528000001645,0.005051024000001458,0.004616288000000857,0.0036904639999994215,0.003205119999998396,0.002667563420418906,0.0013240534981217578,0.0011371973384246004,0.0,0.0,0.0,0.0,0.0,0.0,0.0,0.0,0.0,0.0,0.0,0.0,0.0,0.0,0.0,0.0,0.0,0.0,0.0,500.0,0.0,309.6,118.90164002233107,1.2999999999999998,0.9486832980505138,1.2000000000000002,0.6324555320336759,1.2000000000000002,0.6324555320336759,0.09999999999999999,0.31622776601683794,0.0,0.0,0.0,0.0,1.0,0.0
meta.AccuracyWeightedEnsemble -l (trees.HoeffdingTree -e 2000000 -g 100 -c 0.01) -n 10.0,ArffFileStream -f ./../../../Dataset/benchmarks/connect-4.arff,1,43000.0,8.671875,1.4793512592506068E-7,43000.0,0.6942713610266802,0.7517055159450825,0.715323918579214,0.752,0.0,0.0,3.0,376.0,84.0,40.0,0.0,0.0,0.0,0.0,0.0,0.0,43000.0,81144.0,0.21386582948105906,0.010592694585666723,0.0030961919999983323,0.0018643520000016789,0.0016377919999999713,5.377280000018747E-4,4.803840000021098E-4,4.285440000015295E-4,0.0,0.0,0.0,0.0,0.0,0.0,0.0,0.0,0.0,0.0,0.0,0.0,0.0,0.0,0.0,0.0,0.0,0.0,0.0,0.0,0.0,0.0,500.0,0.0,272.0,0.0,1.0,0.0,1.0,0.0,1.0,0.0,0.0,0.0,0.0,0.0,0.0,0.0,1.0,0.0
meta.AccuracyWeightedEnsemble -l (trees.HoeffdingTree -e 2000000 -g 100 -c 0.01) -n 10.0,ArffFileStream -f ./../../../Dataset/benchmarks/connect-4.arff,1,43500.0,8.765625,1.49903126940545E-7,43500.0,0.6680443998215081,0.7520361811391223,0.7147136632430748,0.818,0.13498098859315624,0.12933227534990938,3.0,404.0,34.0,35.0,3.0,1.0,1.0,8.0,10.0,4.0,43500.0,81144.0,0.1494238554683806,0.006654130024719956,0.004882080000000094,0.004711039999999889,0.004136959999999856,0.003995664700290336,0.003767479999999934,0.0037038799999993266,0.0033251200000003756,0.00313002816396013,0.003023240000000843,0.0018119227387718984,0.0,0.0,0.0,0.0,0.0,0.0,0.0,0.0,0.0,0.0,0.0,0.0,0.0,0.0,0.0,0.0,0.0,0.0,500.0,0.0,309.6,118.90164002233105,1.3,0.9486832980505139,1.2,0.6324555320336759,1.2,0.6324555320336759,0.1,0.31622776601683794,0.0,0.0,0.0,0.0,1.0,0.0
meta.AccuracyWeightedEnsemble -l (trees.HoeffdingTree -e 2000000 -g 100 -c 0.01) -n 10.0,ArffFileStream -f ./../../../Dataset/benchmarks/connect-4.arff,1,44000.0,8.859375,1.5187112795602934E-7,44000.0,0.6061378046772069,0.7363568141784621,0.7146801945326033,0.528,0.0,0.0,3.0,264.0,144.0,92.0,0.0,0.0,0.0,0.0,0.0,0.0,44000.0,81144.0,0.3571657594653554,0.0057095360000000706,5.360000000020904E-4,0.0,0.0,0.0,0.0,0.0,0.0,0.0,0.0,0.0,0.0,0.0,0.0,0.0,0.0,0.0,0.0,0.0,0.0,0.0,0.0,0.0,0.0,0.0,0.0,0.0,0.0,0.0,500.0,0.0,272.0,0.0,1.0,0.0,1.0,0.0,1.0,0.0,0.0,0.0,0.0,0.0,0.0,0.0,1.0,0.0
meta.AccuracyWeightedEnsemble -l (trees.HoeffdingTree -e 2000000 -g 100 -c 0.01) -n 10.0,ArffFileStream -f ./../../../Dataset/benchmarks/connect-4.arff,1,44500.0,8.9375,1.535111288022663E-7,44500.0,0.500810963002259,0.7564664825529963,0.7176933354121301,0.808,0.12963063700157784,0.19771696630194172,3.0,395.0,56.0,33.0,0.0,6.0,1.0,6.0,0.0,3.0,44500.0,81144.0,0.1761575578137846,0.005670607999997135,0.004360792000002861,0.00432392000000284,0.0021930480000026953,0.0018478720000011661,0.0016966399999992499,0.0015536560000039001,0.0010572639999968936,9.182486367029508E-4,0.0,0.0,0.0,0.0,0.0,0.0,0.0,0.0,0.0,0.0,0.0,0.0,0.0,0.0,0.0,0.0,0.0,0.0,0.0,0.0,500.0,0.0,272.0,0.0,1.0,0.0,1.0,0.0,1.0,0.0,0.0,0.0,0.0,0.0,0.0,0.0,1.0,0.0
meta.AccuracyWeightedEnsemble -l (trees.HoeffdingTree -e 2000000 -g 100 -c 0.01) -n 10.0,ArffFileStream -f ./../../../Dataset/benchmarks/connect-4.arff,1,45000.0,9.015625,1.5515112964850325E-7,45000.0,0.5152686000978952,0.7633058132078671,0.7181918699234942,0.908,0.0,0.0,3.0,454.0,30.0,16.0,0.0,0.0,0.0,0.0,0.0,0.0,45000.0,81144.0,0.08103314077157983,9.627520000002471E-4,8.642719999997217E-4,0.0,0.0,0.0,0.0,0.0,0.0,0.0,0.0,0.0,0.0,0.0,0.0,0.0,0.0,0.0,0.0,0.0,0.0,0.0,0.0,0.0,0.0,0.0,0.0,0.0,0.0,0.0,500.0,0.0,272.0,0.0,1.0,0.0,1.0,0.0,1.0,0.0,0.0,0.0,0.0,0.0,0.0,0.0,1.0,0.0
meta.AccuracyWeightedEnsemble -l (trees.HoeffdingTree -e 2000000 -g 100 -c 0.01) -n 10.0,ArffFileStream -f ./../../../Dataset/benchmarks/connect-4.arff,1,45500.0,9.109375,1.5711913066398758E-7,45500.0,0.5,0.7407456186692195,0.7061058257535753,0.788,0.0,0.0,3.0,394.0,74.0,32.0,0.0,0.0,0.0,0.0,0.0,0.0,45500.0,81144.0,0.18163160587982904,0.007642845280085825,0.0037160959999993914,0.0016689600000004134,0.0015078400000000658,0.0014098560000005977,0.0,0.0,0.0,0.0,0.0,0.0,0.0,0.0,0.0,0.0,0.0,0.0,0.0,0.0,0.0,0.0,0.0,0.0,0.0,0.0,0.0,0.0,0.0,0.0,500.0,0.0,272.0,0.0,1.0,0.0,1.0,0.0,1.0,0.0,0.0,0.0,0.0,0.0,0.0,0.0,1.0,0.0
meta.AccuracyWeightedEnsemble -l (trees.HoeffdingTree -e 2000000 -g 100 -c 0.01) -n 10.0,ArffFileStream -f ./../../../Dataset/benchmarks/connect-4.arff,1,46000.0,9.171875,1.5843113134097713E-7,46000.0,0.6529394700298655,0.7442610741817665,0.7130885176667439,0.72,0.23166421530963918,0.0,3.0,330.0,29.0,25.0,65.0,30.0,20.0,1.0,0.0,0.0,46000.0,81144.0,0.1819955293557723,0.015427843993068846,0.006191712000000599,0.005859431999999443,0.005388607999999601,0.005288672000001465,0.004617791999999454,0.004475736000001201,0.0038085200000002317,0.002801239999999372,0.0021385280000005558,0.0019634239999994363,0.0018163440000010522,5.317040000009376E-4,9.511999999933796E-6,0.0,0.0,0.0,0.0,0.0,0.0,0.0,0.0,0.0,0.0,0.0,0.0,0.0,0.0,0.0,500.0,0.0,272.0,0.0,1.0,0.0,1.0,0.0,1.0,0.0,0.0,0.0,0.0,0.0,0.0,0.0,1.0,0.0
meta.AccuracyWeightedEnsemble -l (trees.HoeffdingTree -e 2000000 -g 100 -c 0.01) -n 10.0,ArffFileStream -f ./../../../Dataset/benchmarks/connect-4.arff,1,46500.0,9.265625,1.6039913235646146E-7,46500.0,0.523559813850195,0.7432905513391455,0.7151199554696146,0.644,-0.03863973205428912,0.11997424799938858,3.0,314.0,49.0,51.0,54.0,7.0,6.0,17.0,1.0,1.0,46500.0,81144.0,0.1985409486378697,0.0068370800000008,0.006563000000000485,0.006562496000000806,0.006032640000001227,0.005342159999999624,0.005246384000000909,0.004928976000000446,0.00485611200000044,0.003978872000000633,0.0037362800000007856,0.002834352000000845,0.0025020799999999344,0.0024331759999993985,0.0016837599999995345,0.0,0.0,0.0,0.0,0.0,0.0,0.0,0.0,0.0,0.0,0.0,0.0,0.0,0.0,0.0,500.0,0.0,272.0,0.0,1.0,0.0,1.0,0.0,1.0,0.0,0.0,0.0,0.0,0.0,0.0,0.0,1.0,0.0
meta.AccuracyWeightedEnsemble -l (trees.HoeffdingTree -e 2000000 -g 100 -c 0.01) -n 10.0,ArffFileStream -f ./../../../Dataset/benchmarks/connect-4.arff,1,47000.0,9.34375,1.6203913320269842E-7,47000.0,0.5,0.7493125479246563,0.7148589937161518,0.852,0.0,0.0,3.0,426.0,39.0,35.0,0.0,0.0,0.0,0.0,0.0,0.0,47000.0,81144.0,0.1309573520987654,0.003787952000001066,0.0037169119999999056,0.003688207999999804,0.0034523599999989885,0.003221807999999715,0.0024591119999998745,0.0022305919999999757,0.0011236560000013607,0.0,0.0,0.0,0.0,0.0,0.0,0.0,0.0,0.0,0.0,0.0,0.0,0.0,0.0,0.0,0.0,0.0,0.0,0.0,0.0,0.0,500.0,0.0,272.0,0.0,1.0,0.0,1.0,0.0,1.0,0.0,0.0,0.0,0.0,0.0,0.0,0.0,1.0,0.0
meta.AccuracyWeightedEnsemble -l (trees.HoeffdingTree -e 2000000 -g 100 -c 0.01) -n 10.0,ArffFileStream -f ./../../../Dataset/benchmarks/connect-4.arff,1,47500.0,9.40625,1.6335113387968797E-7,47500.0,0.5,0.7475146858440849,0.7160234081226493,0.688,0.0,0.0,3.0,344.0,111.0,45.0,0.0,0.0,0.0,0.0,0.0,0.0,47500.0,81144.0,0.24798217106192927,0.0013720560000004545,4.3840800000044533E-4,0.0,0.0,0.0,0.0,0.0,0.0,0.0,0.0,0.0,0.0,0.0,0.0,0.0,0.0,0.0,0.0,0.0,0.0,0.0,0.0,0.0,0.0,0.0,0.0,0.0,0.0,0.0,500.0,0.0,272.0,0.0,1.0,0.0,1.0,0.0,1.0,0.0,0.0,0.0,0.0,0.0,0.0,0.0,1.0,0.0
meta.AccuracyWeightedEnsemble -l (trees.HoeffdingTree -e 2000000 -g 100 -c 0.01) -n 10.0,ArffFileStream -f ./../../../Dataset/benchmarks/connect-4.arff,1,48000.0,9.484375,1.6499097303797795E-7,48000.0,0.5,0.7321784543073722,0.7156972733554637,0.468,0.0,0.0,3.0,234.0,164.0,102.0,0.0,0.0,0.0,0.0,0.0,0.0,48000.0,81136.0,0.3768788619377919,0.0,0.0,0.0,0.0,0.0,0.0,0.0,0.0,0.0,0.0,0.0,0.0,0.0,0.0,0.0,0.0,0.0,0.0,0.0,0.0,0.0,0.0,0.0,0.0,0.0,0.0,0.0,0.0,0.0,500.0,0.0,309.59999999999997,118.90164002233105,1.2999999999999998,0.9486832980505138,1.2000000000000002,0.6324555320336759,1.2000000000000002,0.6324555320336759,0.10000000000000002,0.31622776601683794,0.0,0.0,0.0,0.0,1.0,0.0
meta.AccuracyWeightedEnsemble -l (trees.HoeffdingTree -e 2000000 -g 100 -c 0.01) -n 10.0,ArffFileStream -f ./../../../Dataset/benchmarks/connect-4.arff,1,48500.0,9.609375,1.676144569905267E-7,48500.0,0.6515095182563476,0.7341212217977229,0.7099168108063585,0.404,0.10236637910260746,0.2994128933168871,3.0,160.0,5.0,9.0,200.0,37.0,47.0,33.0,4.0,5.0,48500.0,81128.0,0.18977716815698428,0.006287680000001183,0.006233048000000241,0.004982680000000406,0.004952119999998922,0.0039851040000006,0.0037327920000011505,0.0036333600000005573,0.003272527999999747,0.0023453280000003407,0.002185343999999506,0.001594735999999597,0.0015146880000009022,0.0,0.0,0.0,0.0,0.0,0.0,0.0,0.0,0.0,0.0,0.0,0.0,0.0,0.0,0.0,0.0,0.0,500.0,0.0,347.19999999999993,237.8032800446621,1.6,1.8973665961010275,1.4,1.2649110640673518,1.4,1.2649110640673518,0.20000000000000004,0.6324555320336759,0.0,0.0,0.0,0.0,1.0,0.0
meta.AccuracyWeightedEnsemble -l (trees.HoeffdingTree -e 2000000 -g 100 -c 0.01) -n 10.0,ArffFileStream -f ./../../../Dataset/benchmarks/connect-4.arff,1,49000.0,9.703125,1.6958206995493828E-7,49000.0,0.6584125017463621,0.7285122588195023,0.7004256034101775,0.846,0.18867089541230295,0.18303981751406145,3.0,417.0,29.0,25.0,2.0,2.0,2.0,9.0,10.0,4.0,49000.0,81128.0,0.12893755125051423,0.0037743680000002777,0.0036078400000012223,0.0034432639999994463,0.003136903999999191,0.0029095360000005732,0.0020215599999996448,0.001284287999999717,0.0012452931416365998,9.076000000057816E-5,0.0,0.0,0.0,0.0,0.0,0.0,0.0,0.0,0.0,0.0,0.0,0.0,0.0,0.0,0.0,0.0,0.0,0.0,0.0,0.0,500.0,0.0,347.2,237.80328004466213,1.5999999999999999,1.8973665961010275,1.4,1.2649110640673518,1.4,1.2649110640673518,0.19999999999999998,0.6324555320336759,0.0,0.0,0.0,0.0,1.0,0.0
meta.AccuracyWeightedEnsemble -l (trees.HoeffdingTree -e 2000000 -g 100 -c 0.01) -n 10.0,ArffFileStream -f ./../../../Dataset/benchmarks/connect-4.arff,1,49500.0,9.78125,1.7122174742528125E-7,49500.0,0.6522869186898402,0.7273162998802924,0.6944863781973396,0.63,0.13377347005665582,0.25958930630962507,3.0,291.0,121.0,21.0,7.0,20.0,2.0,20.0,14.0,4.0,49500.0,81128.0,0.26006122665231074,0.0,0.0,0.0,0.0,0.0,0.0,0.0,0.0,0.0,0.0,0.0,0.0,0.0,0.0,0.0,0.0,0.0,0.0,0.0,0.0,0.0,0.0,0.0,0.0,0.0,0.0,0.0,0.0,0.0,500.0,0.0,347.2,237.8032800446621,1.6,1.8973665961010278,1.4,1.2649110640673518,1.4,1.2649110640673518,0.2,0.6324555320336759,0.0,0.0,0.0,0.0,1.0,0.0
meta.AccuracyWeightedEnsemble -l (trees.HoeffdingTree -e 2000000 -g 100 -c 0.01) -n 10.0,ArffFileStream -f ./../../../Dataset/benchmarks/connect-4.arff,1,50000.0,9.859375,1.7286158658357122E-7,50000.0,0.6386733458848842,0.7199085024985903,0.6897433840829104,0.516,0.18154761904761907,0.35049021412013104,3.0,138.0,25.0,14.0,179.0,116.0,14.0,8.0,2.0,4.0,50000.0,81136.0,0.26074853737199727,0.0,0.0,0.0,0.0,0.0,0.0,0.0,0.0,0.0,0.0,0.0,0.0,0.0,0.0,0.0,0.0,0.0,0.0,0.0,0.0,0.0,0.0,0.0,0.0,0.0,0.0,0.0,0.0,0.0,500.0,0.0,272.0,0.0,1.0,0.0,1.0,0.0,1.0,0.0,0.0,0.0,0.0,0.0,0.0,0.0,1.0,0.0
meta.AccuracyWeightedEnsemble -l (trees.HoeffdingTree -e 2000000 -g 100 -c 0.01) -n 10.0,ArffFileStream -f ./../../../Dataset/benchmarks/connect-4.arff,1,50500.0,9.921875,1.7417358726056077E-7,50500.0,0.6000125304265268,0.7263203901422833,0.691980458315191,0.6,0.2936057189680992,0.3769813353492103,3.0,205.0,62.0,7.0,44.0,92.0,9.0,39.0,39.0,3.0,50500.0,81144.0,0.2615315599279373,0.0,0.0,0.0,0.0,0.0,0.0,0.0,0.0,0.0,0.0,0.0,0.0,0.0,0.0,0.0,0.0,0.0,0.0,0.0,0.0,0.0,0.0,0.0,0.0,0.0,0.0,0.0,0.0,0.0,500.0,0.0,272.0,0.0,1.0,0.0,1.0,0.0,1.0,0.0,0.0,0.0,0.0,0.0,0.0,0.0,1.0,0.0
meta.AccuracyWeightedEnsemble -l (trees.HoeffdingTree -e 2000000 -g 100 -c 0.01) -n 10.0,ArffFileStream -f ./../../../Dataset/benchmarks/connect-4.arff,1,51000.0,10.0,1.7581358810679773E-7,51000.0,0.7029215078418599,0.7248845069010813,0.6998283689001954,0.608,0.28754216587181575,0.19721823547665376,3.0,100.0,25.0,28.0,119.0,203.0,24.0,0.0,0.0,1.0,51000.0,81144.0,0.3304518858579846,0.04819463828481285,0.0,0.0,0.0,0.0,0.0,0.0,0.0,0.0,0.0,0.0,0.0,0.0,0.0,0.0,0.0,0.0,0.0,0.0,0.0,0.0,0.0,0.0,0.0,0.0,0.0,0.0,0.0,0.0,500.0,0.0,272.0,0.0,1.0,0.0,1.0,0.0,1.0,0.0,0.0,0.0,0.0,0.0,0.0,0.0,1.0,0.0
meta.AccuracyWeightedEnsemble -l (trees.HoeffdingTree -e 2000000 -g 100 -c 0.01) -n 10.0,ArffFileStream -f ./../../../Dataset/benchmarks/connect-4.arff,1,51500.0,10.09375,1.7778158912228206E-7,51500.0,0.7952003754384552,0.7173859177798576,0.6963672395700389,0.778,0.46906718452546087,0.43721293171241116,3.0,61.0,24.0,15.0,36.0,321.0,24.0,4.0,8.0,7.0,51500.0,81144.0,0.24763826668776517,0.07341028492567753,0.050033912962225646,0.017726918644723394,0.0,0.0,0.0,0.0,0.0,0.0,0.0,0.0,0.0,0.0,0.0,0.0,0.0,0.0,0.0,0.0,0.0,0.0,0.0,0.0,0.0,0.0,0.0,0.0,0.0,0.0,500.0,0.0,309.59999999999997,118.90164002233105,1.2999999999999998,0.9486832980505138,1.2000000000000002,0.6324555320336759,1.2000000000000002,0.6324555320336759,0.10000000000000002,0.31622776601683794,0.0,0.0,0.0,0.0,1.0,0.0
meta.AccuracyWeightedEnsemble -l (trees.HoeffdingTree -e 2000000 -g 100 -c 0.01) -n 10.0,ArffFileStream -f ./../../../Dataset/benchmarks/connect-4.arff,1,52000.0,10.1875,1.797495901377664E-7,52000.0,0.5976414488350827,0.7262887877021867,0.7151410110779594,0.498,0.1365372045822009,0.3523303163498676,3.0,53.0,26.0,13.0,92.0,182.0,43.0,24.0,53.0,14.0,52000.0,81144.0,0.3424191750861616,0.0,0.0,0.0,0.0,0.0,0.0,0.0,0.0,0.0,0.0,0.0,0.0,0.0,0.0,0.0,0.0,0.0,0.0,0.0,0.0,0.0,0.0,0.0,0.0,0.0,0.0,0.0,0.0,0.0,500.0,0.0,309.59999999999997,118.90164002233105,1.2999999999999998,0.9486832980505138,1.2000000000000002,0.6324555320336759,1.2000000000000002,0.6324555320336759,0.10000000000000002,0.31622776601683794,0.0,0.0,0.0,0.0,1.0,0.0
meta.AccuracyWeightedEnsemble -l (trees.HoeffdingTree -e 2000000 -g 100 -c 0.01) -n 10.0,ArffFileStream -f ./../../../Dataset/benchmarks/connect-4.arff,1,52500.0,10.265625,1.8138959098400334E-7,52500.0,0.5400620746451478,0.7124818547344282,0.7038233025296737,0.332,0.05273487353726957,0.34819563199225234,3.0,71.0,58.0,12.0,27.0,61.0,33.0,100.0,104.0,34.0,52500.0,81144.0,0.3595575679317736,0.0,0.0,0.0,0.0,0.0,0.0,0.0,0.0,0.0,0.0,0.0,0.0,0.0,0.0,0.0,0.0,0.0,0.0,0.0,0.0,0.0,0.0,0.0,0.0,0.0,0.0,0.0,0.0,0.0,500.0,0.0,309.6,118.90164002233107,1.2999999999999998,0.9486832980505138,1.2000000000000002,0.6324555320336759,1.2000000000000002,0.6324555320336759,0.09999999999999999,0.31622776601683794,0.0,0.0,0.0,0.0,1.0,0.0
meta.AccuracyWeightedEnsemble -l (trees.HoeffdingTree -e 2000000 -g 100 -c 0.01) -n 10.0,ArffFileStream -f ./../../../Dataset/benchmarks/connect-4.arff,1,53000.0,10.359375,1.833573979739513E-7,53000.0,0.7101159311327705,0.7322390240539195,0.7063698996408055,0.68,0.32630444302219846,0.0,3.0,269.0,17.0,7.0,116.0,71.0,19.0,1.0,0.0,0.0,53000.0,81136.0,0.19444248482615223,0.0528438052257682,0.019073815571621994,0.0,0.0,0.0,0.0,0.0,0.0,0.0,0.0,0.0,0.0,0.0,0.0,0.0,0.0,0.0,0.0,0.0,0.0,0.0,0.0,0.0,0.0,0.0,0.0,0.0,0.0,0.0,500.0,0.0,422.4,262.90141794131796,2.2,2.0976176963403033,1.8,1.3984117975602022,1.8,1.3984117975602022,0.39999999999999997,0.6992058987801011,0.0,0.0,0.0,0.0,1.0,0.0
meta.AccuracyWeightedEnsemble -l (trees.HoeffdingTree -e 2000000 -g 100 -c 0.01) -n 10.0,ArffFileStream -f ./../../../Dataset/benchmarks/connect-4.arff,1,53500.0,10.484375,1.8598088192650006E-7,53500.0,0.6993778631418209,0.7352073989898991,0.7082112794612794,0.84,0.3754683987009741,0.0,3.0,394.0,39.0,21.0,9.0,26.0,11.0,0.0,0.0,0.0,53500.0,81128.0,0.17000667378421142,0.03434906034252752,0.034109554090205635,0.0047860159999995044,0.0031422400000002404,0.0030307200000004586,0.0028512000000004978,0.0012826159999989872,2.647439999995116E-4,1.8160000003486498E-6,0.0,0.0,0.0,0.0,0.0,0.0,0.0,0.0,0.0,0.0,0.0,0.0,0.0,0.0,0.0,0.0,0.0,0.0,0.0,0.0,500.0,0.0,422.4,262.90141794131796,2.2,2.0976176963403033,1.8,1.398411797560202,1.8,1.398411797560202,0.4000000000000001,0.6992058987801011,0.0,0.0,0.0,0.0,1.0,0.0
meta.AccuracyWeightedEnsemble -l (trees.HoeffdingTree -e 2000000 -g 100 -c 0.01) -n 10.0,ArffFileStream -f ./../../../Dataset/benchmarks/connect-4.arff,1,54000.0,10.5625,1.8762055939684303E-7,54000.0,0.693454779829992,0.7243645253742241,0.7035792665611942,0.756,0.18149370689423808,0.0,3.0,364.0,81.0,17.0,8.0,14.0,16.0,0.0,0.0,0.0,54000.0,81128.0,0.21497459981984096,0.020508687753180682,0.01627729801274047,0.0069876215131975394,0.0,0.0,0.0,0.0,0.0,0.0,0.0,0.0,0.0,0.0,0.0,0.0,0.0,0.0,0.0,0.0,0.0,0.0,0.0,0.0,0.0,0.0,0.0,0.0,0.0,0.0,500.0,0.0,422.4,262.90141794131796,2.2,2.0976176963403033,1.8,1.398411797560202,1.8,1.398411797560202,0.4000000000000001,0.6992058987801011,0.0,0.0,0.0,0.0,1.0,0.0
meta.AccuracyWeightedEnsemble -l (trees.HoeffdingTree -e 2000000 -g 100 -c 0.01) -n 10.0,ArffFileStream -f ./../../../Dataset/benchmarks/connect-4.arff,1,54500.0,10.625,1.8893230137311742E-7,54500.0,0.7117343269046055,0.7187533599074194,0.7032589273964991,0.646,0.3748940498389558,0.43889341087336137,3.0,152.0,18.0,5.0,127.0,166.0,18.0,6.0,3.0,5.0,54500.0,81128.0,0.28138218763385286,0.002532187978980527,0.0,0.0,0.0,0.0,0.0,0.0,0.0,0.0,0.0,0.0,0.0,0.0,0.0,0.0,0.0,0.0,0.0,0.0,0.0,0.0,0.0,0.0,0.0,0.0,0.0,0.0,0.0,0.0,500.0,0.0,422.4,262.90141794131796,2.2,2.0976176963403033,1.8,1.398411797560202,1.8,1.398411797560202,0.4000000000000001,0.6992058987801011,0.0,0.0,0.0,0.0,1.0,0.0
meta.AccuracyWeightedEnsemble -l (trees.HoeffdingTree -e 2000000 -g 100 -c 0.01) -n 10.0,ArffFileStream -f ./../../../Dataset/benchmarks/connect-4.arff,1,55000.0,10.71875,1.90899914337529E-7,55000.0,0.6438544912565274,0.7172395939532838,0.7034872059016444,0.588,0.24938055677014995,0.3252752480284612,3.0,215.0,92.0,22.0,22.0,75.0,10.0,37.0,23.0,4.0,55000.0,81128.0,0.2947983609089372,0.027306021820854176,0.008540781886513915,0.0,0.0,0.0,0.0,0.0,0.0,0.0,0.0,0.0,0.0,0.0,0.0,0.0,0.0,0.0,0.0,0.0,0.0,0.0,0.0,0.0,0.0,0.0,0.0,0.0,0.0,0.0,500.0,0.0,422.4,262.90141794131796,2.2,2.0976176963403033,1.8,1.3984117975602022,1.8,1.3984117975602022,0.39999999999999997,0.6992058987801011,0.0,0.0,0.0,0.0,1.0,0.0
meta.AccuracyWeightedEnsemble -l (trees.HoeffdingTree -e 2000000 -g 100 -c 0.01) -n 10.0,ArffFileStream -f ./../../../Dataset/benchmarks/connect-4.arff,1,55500.0,10.796875,1.9253959180787197E-7,55500.0,0.6445928070188527,0.7128135017466828,0.7051017229486676,0.602,0.28271228472357385,0.0,3.0,119.0,57.0,25.0,79.0,182.0,37.0,1.0,0.0,0.0,55500.0,81128.0,0.3399796296837561,0.06371967677010076,0.0,0.0,0.0,0.0,0.0,0.0,0.0,0.0,0.0,0.0,0.0,0.0,0.0,0.0,0.0,0.0,0.0,0.0,0.0,0.0,0.0,0.0,0.0,0.0,0.0,0.0,0.0,0.0,500.0,0.0,422.4,262.90141794131796,2.2,2.0976176963403033,1.8,1.3984117975602022,1.8,1.3984117975602022,0.39999999999999997,0.6992058987801011,0.0,0.0,0.0,0.0,1.0,0.0
meta.AccuracyWeightedEnsemble -l (trees.HoeffdingTree -e 2000000 -g 100 -c 0.01) -n 10.0,ArffFileStream -f ./../../../Dataset/benchmarks/connect-4.arff,1,56000.0,10.890625,1.9450720477228354E-7,56000.0,0.6818401424223007,0.7020263808748053,0.6968509434983525,0.564,0.24360184311330702,0.0,3.0,159.0,123.0,42.0,33.0,123.0,16.0,3.0,1.0,0.0,56000.0,81128.0,0.3356992695724441,0.024981524447257653,0.0058084958598790815,0.0,0.0,0.0,0.0,0.0,0.0,0.0,0.0,0.0,0.0,0.0,0.0,0.0,0.0,0.0,0.0,0.0,0.0,0.0,0.0,0.0,0.0,0.0,0.0,0.0,0.0,0.0,500.0,0.0,422.4,262.90141794131796,2.2,2.0976176963403033,1.8,1.398411797560202,1.8,1.398411797560202,0.4,0.699205898780101,0.0,0.0,0.0,0.0,1.0,0.0
meta.AccuracyWeightedEnsemble -l (trees.HoeffdingTree -e 2000000 -g 100 -c 0.01) -n 10.0,ArffFileStream -f ./../../../Dataset/benchmarks/connect-4.arff,1,56500.0,10.984375,1.9647481773669512E-7,56500.0,0.7122906862745099,0.7085077093449187,0.6989302041627623,0.628,0.35299846945874497,0.35730313478294773,3.0,191.0,53.0,33.0,57.0,116.0,40.0,2.0,1.0,7.0,56500.0,81128.0,0.35328553516148065,0.07102175988122145,0.0,0.0,0.0,0.0,0.0,0.0,0.0,0.0,0.0,0.0,0.0,0.0,0.0,0.0,0.0,0.0,0.0,0.0,0.0,0.0,0.0,0.0,0.0,0.0,0.0,0.0,0.0,0.0,500.0,0.0,384.79999999999995,253.7806576991679,1.9,2.0248456731316584,1.6,1.3498971154211057,1.6,1.3498971154211057,0.3,0.6749485577105528,0.0,0.0,0.0,0.0,1.0,0.0
meta.AccuracyWeightedEnsemble -l (trees.HoeffdingTree -e 2000000 -g 100 -c 0.01) -n 10.0,ArffFileStream -f ./../../../Dataset/benchmarks/connect-4.arff,1,57000.0,11.09375,1.987703661951753E-7,57000.0,0.6461757280540349,0.7174304631330144,0.7022716113074817,0.574,0.18816937912108841,0.3896286143213765,3.0,233.0,53.0,37.0,55.0,35.0,21.0,27.0,20.0,19.0,57000.0,81128.0,0.3023779857362735,0.01295843423325238,0.012027861649399008,0.003829567999997674,0.0034801279999974732,0.0018107600000023538,0.0,0.0,0.0,0.0,0.0,0.0,0.0,0.0,0.0,0.0,0.0,0.0,0.0,0.0,0.0,0.0,0.0,0.0,0.0,0.0,0.0,0.0,0.0,0.0,500.0,0.0,272.0,0.0,1.0,0.0,1.0,0.0,1.0,0.0,0.0,0.0,0.0,0.0,0.0,0.0,1.0,0.0
meta.AccuracyWeightedEnsemble -l (trees.HoeffdingTree -e 2000000 -g 100 -c 0.01) -n 10.0,ArffFileStream -f ./../../../Dataset/benchmarks/connect-4.arff,1,57500.0,11.171875,2.0041004366551826E-7,57500.0,0.6638101829436733,0.7255599035526605,0.7038415043477348,0.676,0.23788376316061857,0.35606657766650307,3.0,298.0,32.0,27.0,35.0,34.0,14.0,44.0,10.0,6.0,57500.0,81128.0,0.2105722138303483,0.007424550323030771,0.005235359999999661,0.005062471999999346,0.004925944000000404,0.004868056000000676,0.003725632000000395,0.0034815680000006843,0.003322144000000221,0.0025128320000003257,0.002293480000000403,0.0,0.0,0.0,0.0,0.0,0.0,0.0,0.0,0.0,0.0,0.0,0.0,0.0,0.0,0.0,0.0,0.0,0.0,0.0,500.0,0.0,272.0,0.0,1.0,0.0,1.0,0.0,1.0,0.0,0.0,0.0,0.0,0.0,0.0,0.0,1.0,0.0
meta.AccuracyWeightedEnsemble -l (trees.HoeffdingTree -e 2000000 -g 100 -c 0.01) -n 10.0,ArffFileStream -f ./../../../Dataset/benchmarks/connect-4.arff,1,58000.0,11.25,2.0204972113586123E-7,58000.0,0.5434945816150946,0.7258529360620652,0.7038375889265402,0.758,0.0,0.0,3.0,379.0,78.0,43.0,0.0,0.0,0.0,0.0,0.0,0.0,58000.0,81128.0,0.2085030061225844,0.004669391999998995,0.00386496800000119,0.0037622479999981917,0.0034797840000017066,0.00261320000000137,0.0025186079999998112,0.002179632000000903,0.001197914412837231,8.069120000007979E-4,7.237520000009656E-4,0.0,0.0,0.0,0.0,0.0,0.0,0.0,0.0,0.0,0.0,0.0,0.0,0.0,0.0,0.0,0.0,0.0,0.0,0.0,500.0,0.0,347.2,237.80328004466213,1.5999999999999999,1.8973665961010275,1.4,1.2649110640673518,1.4,1.2649110640673518,0.19999999999999998,0.6324555320336759,0.0,0.0,0.0,0.0,1.0,0.0
meta.AccuracyWeightedEnsemble -l (trees.HoeffdingTree -e 2000000 -g 100 -c 0.01) -n 10.0,ArffFileStream -f ./../../../Dataset/benchmarks/connect-4.arff,1,58500.0,11.328125,2.036893986062042E-7,58500.0,0.48049052396878483,0.7182576494234434,0.7038345646914553,0.598,0.0,0.0,3.0,299.0,137.0,64.0,0.0,0.0,0.0,0.0,0.0,0.0,58500.0,81128.0,0.30454484503703705,0.00125514400000315,9.709599999724317E-5,0.0,0.0,0.0,0.0,0.0,0.0,0.0,0.0,0.0,0.0,0.0,0.0,0.0,0.0,0.0,0.0,0.0,0.0,0.0,0.0,0.0,0.0,0.0,0.0,0.0,0.0,0.0,500.0,0.0,272.0,0.0,1.0,0.0,1.0,0.0,1.0,0.0,0.0,0.0,0.0,0.0,0.0,0.0,1.0,0.0
meta.AccuracyWeightedEnsemble -l (trees.HoeffdingTree -e 2000000 -g 100 -c 0.01) -n 10.0,ArffFileStream -f ./../../../Dataset/benchmarks/connect-4.arff,1,59000.0,11.40625,2.0532907607654717E-7,59000.0,0.6137706332486998,0.7118349497668776,0.7014930945151828,0.52,0.09108811900686235,0.24447898587403313,3.0,230.0,131.0,58.0,20.0,17.0,15.0,6.0,10.0,13.0,59000.0,81128.0,0.36035046368252455,0.0,0.0,0.0,0.0,0.0,0.0,0.0,0.0,0.0,0.0,0.0,0.0,0.0,0.0,0.0,0.0,0.0,0.0,0.0,0.0,0.0,0.0,0.0,0.0,0.0,0.0,0.0,0.0,0.0,500.0,0.0,272.0,0.0,1.0,0.0,1.0,0.0,1.0,0.0,0.0,0.0,0.0,0.0,0.0,0.0,1.0,0.0
meta.AccuracyWeightedEnsemble -l (trees.HoeffdingTree -e 2000000 -g 100 -c 0.01) -n 10.0,ArffFileStream -f ./../../../Dataset/benchmarks/connect-4.arff,1,59500.0,11.484375,2.0696891523483715E-7,59500.0,0.6628541416566627,0.7105888110825999,0.6982029278613129,0.526,0.17158356869215075,0.4105281218720853,3.0,190.0,56.0,40.0,19.0,21.0,6.0,91.0,25.0,52.0,59500.0,81136.0,0.3240218280285733,0.00806452799999774,0.007762640000001375,0.0036655519999993502,0.002441791999998666,0.0,0.0,0.0,0.0,0.0,0.0,0.0,0.0,0.0,0.0,0.0,0.0,0.0,0.0,0.0,0.0,0.0,0.0,0.0,0.0,0.0,0.0,0.0,0.0,0.0,500.0,0.0,272.0,0.0,1.0,0.0,1.0,0.0,1.0,0.0,0.0,0.0,0.0,0.0,0.0,0.0,1.0,0.0
meta.AccuracyWeightedEnsemble -l (trees.HoeffdingTree -e 2000000 -g 100 -c 0.01) -n 10.0,ArffFileStream -f ./../../../Dataset/benchmarks/connect-4.arff,1,60000.0,11.546875,2.082807865614691E-7,60000.0,0.6559108937115811,0.7070842973479714,0.6946187701982425,0.556,0.10545911706397187,0.2936500281054209,3.0,239.0,96.0,59.0,24.0,28.0,4.0,28.0,11.0,11.0,60000.0,81136.0,0.32522355550324117,0.01416892197350994,0.0029525840000020342,0.0021440399999972937,0.0,0.0,0.0,0.0,0.0,0.0,0.0,0.0,0.0,0.0,0.0,0.0,0.0,0.0,0.0,0.0,0.0,0.0,0.0,0.0,0.0,0.0,0.0,0.0,0.0,0.0,500.0,0.0,272.0,0.0,1.0,0.0,1.0,0.0,1.0,0.0,0.0,0.0,0.0,0.0,0.0,0.0,1.0,0.0
meta.AccuracyWeightedEnsemble -l (trees.HoeffdingTree -e 2000000 -g 100 -c 0.01) -n 10.0,ArffFileStream -f ./../../../Dataset/benchmarks/connect-4.arff,1,60500.0,11.625,2.0992062571975908E-7,60500.0,0.6966097452340336,0.7155694332130508,0.6962970888438945,0.744,0.26268130551491353,0.3369587637546776,3.0,345.0,53.0,27.0,16.0,18.0,15.0,11.0,6.0,9.0,60500.0,81136.0,0.2182248774498488,0.026743273918156257,0.005870456000002189,0.005802943999997673,0.005296152000001636,0.005147999999998459,0.004989728000001442,0.0039600080000007365,0.0036758375093982887,0.003512960000001897,0.003284191999999131,0.002898240000001495,0.0027505039999990155,0.0017410639999970723,0.0,0.0,0.0,0.0,0.0,0.0,0.0,0.0,0.0,0.0,0.0,0.0,0.0,0.0,0.0,0.0,500.0,0.0,347.2,237.80328004466213,1.5999999999999999,1.8973665961010275,1.4,1.2649110640673518,1.4,1.2649110640673518,0.19999999999999998,0.6324555320336759,0.0,0.0,0.0,0.0,1.0,0.0
meta.AccuracyWeightedEnsemble -l (trees.HoeffdingTree -e 2000000 -g 100 -c 0.01) -n 10.0,ArffFileStream -f ./../../../Dataset/benchmarks/connect-4.arff,1,61000.0,11.703125,2.1156046487804906E-7,61000.0,0.6710931130193426,0.7152450422032092,0.6962430421519955,0.732,0.0,0.0,3.0,366.0,84.0,50.0,0.0,0.0,0.0,0.0,0.0,0.0,61000.0,81136.0,0.22682073842783237,0.004953200000002045,0.004530959999997836,0.004258304000001212,0.0038568319999987277,0.0038001120000014377,0.0037879039999992314,0.0032387840000007995,0.002678015999997174,0.0017482880000017076,0.0015259519999993865,0.0010157600000016143,6.809120000012547E-4,0.0,0.0,0.0,0.0,0.0,0.0,0.0,0.0,0.0,0.0,0.0,0.0,0.0,0.0,0.0,0.0,0.0,500.0,0.0,272.0,0.0,1.0,0.0,1.0,0.0,1.0,0.0,0.0,0.0,0.0,0.0,0.0,0.0,1.0,0.0
meta.AccuracyWeightedEnsemble -l (trees.HoeffdingTree -e 2000000 -g 100 -c 0.01) -n 10.0,ArffFileStream -f ./../../../Dataset/benchmarks/connect-4.arff,1,61500.0,11.78125,2.1320030403633903E-7,61500.0,0.5,0.7083793422628702,0.6947734814018777,0.628,0.0,0.0,3.0,314.0,113.0,73.0,0.0,0.0,0.0,0.0,0.0,0.0,61500.0,81136.0,0.30227130957086806,0.013015665102815765,0.009042520000001109,0.00896836799999945,0.008412855999998137,0.008133056000000694,0.0017305520000000518,0.0015178719999989765,0.0,0.0,0.0,0.0,0.0,0.0,0.0,0.0,0.0,0.0,0.0,0.0,0.0,0.0,0.0,0.0,0.0,0.0,0.0,0.0,0.0,0.0,500.0,0.0,272.0,0.0,1.0,0.0,1.0,0.0,1.0,0.0,0.0,0.0,0.0,0.0,0.0,0.0,1.0,0.0
meta.AccuracyWeightedEnsemble -l (trees.HoeffdingTree -e 2000000 -g 100 -c 0.01) -n 10.0,ArffFileStream -f ./../../../Dataset/benchmarks/connect-4.arff,1,62000.0,11.859375,2.1484030488257599E-7,62000.0,0.715916408453722,0.7155115232746357,0.7000528318699825,0.658,0.22422944661700536,0.35046103054493255,3.0,289.0,50.0,50.0,34.0,28.0,12.0,12.0,13.0,12.0,62000.0,81144.0,0.2719563091358025,0.023717154874355717,0.009655720000001033,0.009270983999998317,0.008660136000000429,0.008190511999999261,0.007829576000000171,0.007742895999999222,0.006832960000000721,0.004781191999998602,0.0017850879999998792,0.0,0.0,0.0,0.0,0.0,0.0,0.0,0.0,0.0,0.0,0.0,0.0,0.0,0.0,0.0,0.0,0.0,0.0,0.0,500.0,0.0,272.0,0.0,1.0,0.0,1.0,0.0,1.0,0.0,0.0,0.0,0.0,0.0,0.0,0.0,1.0,0.0
meta.AccuracyWeightedEnsemble -l (trees.HoeffdingTree -e 2000000 -g 100 -c 0.01) -n 10.0,ArffFileStream -f ./../../../Dataset/benchmarks/connect-4.arff,1,62500.0,11.984375,2.174643062365551E-7,62500.0,0.5538545074088781,0.7121730690480689,0.6987632300132299,0.578,0.0,0.0,3.0,289.0,150.0,61.0,0.0,0.0,0.0,0.0,0.0,0.0,62500.0,81144.0,0.3231876446056895,0.0,0.0,0.0,0.0,0.0,0.0,0.0,0.0,0.0,0.0,0.0,0.0,0.0,0.0,0.0,0.0,0.0,0.0,0.0,0.0,0.0,0.0,0.0,0.0,0.0,0.0,0.0,0.0,0.0,500.0,0.0,309.59999999999997,118.90164002233105,1.2999999999999998,0.9486832980505138,1.2000000000000002,0.6324555320336759,1.2000000000000002,0.6324555320336759,0.10000000000000002,0.31622776601683794,0.0,0.0,0.0,0.0,1.0,0.0
meta.AccuracyWeightedEnsemble -l (trees.HoeffdingTree -e 2000000 -g 100 -c 0.01) -n 10.0,ArffFileStream -f ./../../../Dataset/benchmarks/connect-4.arff,1,63000.0,12.078125,2.1943230725203942E-7,63000.0,0.7311234926299117,0.6987631337246564,0.6938228799593313,0.554,0.29845534337936896,0.5448419729523547,3.0,110.0,113.0,17.0,19.0,136.0,20.0,20.0,34.0,31.0,63000.0,81144.0,0.3286304726393857,0.0,0.0,0.0,0.0,0.0,0.0,0.0,0.0,0.0,0.0,0.0,0.0,0.0,0.0,0.0,0.0,0.0,0.0,0.0,0.0,0.0,0.0,0.0,0.0,0.0,0.0,0.0,0.0,0.0,500.0,0.0,309.59999999999997,118.90164002233105,1.2999999999999998,0.9486832980505138,1.2000000000000002,0.6324555320336759,1.2000000000000002,0.6324555320336759,0.10000000000000002,0.31622776601683794,0.0,0.0,0.0,0.0,1.0,0.0
meta.AccuracyWeightedEnsemble -l (trees.HoeffdingTree -e 2000000 -g 100 -c 0.01) -n 10.0,ArffFileStream -f ./../../../Dataset/benchmarks/connect-4.arff,1,63500.0,12.15625,2.2107230809827638E-7,63500.0,0.5254076959899697,0.6962007832396705,0.689459926043525,0.41,0.14758607935829118,0.3514691264551458,3.0,39.0,27.0,6.0,32.0,145.0,29.0,130.0,71.0,21.0,63500.0,81144.0,0.3289178531692439,0.0,0.0,0.0,0.0,0.0,0.0,0.0,0.0,0.0,0.0,0.0,0.0,0.0,0.0,0.0,0.0,0.0,0.0,0.0,0.0,0.0,0.0,0.0,0.0,0.0,0.0,0.0,0.0,0.0,500.0,0.0,309.59999999999997,118.90164002233105,1.2999999999999998,0.9486832980505138,1.2000000000000002,0.6324555320336759,1.2000000000000002,0.6324555320336759,0.10000000000000002,0.31622776601683794,0.0,0.0,0.0,0.0,1.0,0.0
meta.AccuracyWeightedEnsemble -l (trees.HoeffdingTree -e 2000000 -g 100 -c 0.01) -n 10.0,ArffFileStream -f ./../../../Dataset/benchmarks/connect-4.arff,1,64000.0,12.234375,2.2271230894451333E-7,64000.0,0.5780819434372734,0.7092749022619712,0.6923684809460671,0.634,0.027278719197159285,0.22230511504832126,3.0,303.0,42.0,34.0,71.0,10.0,12.0,20.0,4.0,4.0,64000.0,81144.0,0.18723852057348797,0.006407877744727258,0.006265008000000627,0.005972287999999409,0.005773039999998869,0.005705008000000594,0.0055777920000007475,0.0053975680000002135,0.00457240000000117,0.0029071360000007818,0.0016714560000007095,0.0,0.0,0.0,0.0,0.0,0.0,0.0,0.0,0.0,0.0,0.0,0.0,0.0,0.0,0.0,0.0,0.0,0.0,0.0,500.0,0.0,347.19999999999993,237.8032800446621,1.6,1.8973665961010275,1.4,1.2649110640673518,1.4,1.2649110640673518,0.20000000000000004,0.6324555320336759,0.0,0.0,0.0,0.0,1.0,0.0
meta.AccuracyWeightedEnsemble -l (trees.HoeffdingTree -e 2000000 -g 100 -c 0.01) -n 10.0,ArffFileStream -f ./../../../Dataset/benchmarks/connect-4.arff,1,64500.0,12.3125,2.2435230979075029E-7,64500.0,0.638797089623283,0.6992816761063292,0.6928295747145412,0.498,0.12716296667223062,0.2565777603901772,3.0,207.0,120.0,88.0,9.0,32.0,2.0,12.0,20.0,10.0,64500.0,81144.0,0.37996447724684346,0.008751098707428628,0.0,0.0,0.0,0.0,0.0,0.0,0.0,0.0,0.0,0.0,0.0,0.0,0.0,0.0,0.0,0.0,0.0,0.0,0.0,0.0,0.0,0.0,0.0,0.0,0.0,0.0,0.0,0.0,500.0,0.0,347.19999999999993,237.8032800446621,1.6,1.8973665961010275,1.4,1.2649110640673518,1.4,1.2649110640673518,0.20000000000000004,0.6324555320336759,0.0,0.0,0.0,0.0,1.0,0.0
meta.AccuracyWeightedEnsemble -l (trees.HoeffdingTree -e 2000000 -g 100 -c 0.01) -n 10.0,ArffFileStream -f ./../../../Dataset/benchmarks/connect-4.arff,1,65000.0,12.390625,2.2599231063698724E-7,65000.0,0.6454088449129188,0.6993774503757613,0.6891251036834185,0.516,0.19679248038447764,0.4029829186862869,3.0,187.0,53.0,43.0,33.0,45.0,14.0,45.0,54.0,26.0,65000.0,81144.0,0.3479919209844886,0.0051559784926235586,0.0,0.0,0.0,0.0,0.0,0.0,0.0,0.0,0.0,0.0,0.0,0.0,0.0,0.0,0.0,0.0,0.0,0.0,0.0,0.0,0.0,0.0,0.0,0.0,0.0,0.0,0.0,0.0,500.0,0.0,347.19999999999993,237.8032800446621,1.6,1.8973665961010275,1.4,1.2649110640673518,1.4,1.2649110640673518,0.20000000000000004,0.6324555320336759,0.0,0.0,0.0,0.0,1.0,0.0
meta.AccuracyWeightedEnsemble -l (trees.HoeffdingTree -e 2000000 -g 100 -c 0.01) -n 10.0,ArffFileStream -f ./../../../Dataset/benchmarks/connect-4.arff,1,65500.0,12.46875,2.276323114832242E-7,65500.0,0.5812714780130984,0.7068438350494304,0.6901139313637175,0.526,0.10056925996204942,0.28981214569617325,3.0,231.0,67.0,26.0,26.0,23.0,12.0,67.0,39.0,9.0,65500.0,81144.0,0.27135143978262966,0.0,0.0,0.0,0.0,0.0,0.0,0.0,0.0,0.0,0.0,0.0,0.0,0.0,0.0,0.0,0.0,0.0,0.0,0.0,0.0,0.0,0.0,0.0,0.0,0.0,0.0,0.0,0.0,0.0,500.0,0.0,347.19999999999993,237.8032800446621,1.6,1.8973665961010275,1.4,1.2649110640673518,1.4,1.2649110640673518,0.20000000000000004,0.6324555320336759,0.0,0.0,0.0,0.0,1.0,0.0
meta.AccuracyWeightedEnsemble -l (trees.HoeffdingTree -e 2000000 -g 100 -c 0.01) -n 10.0,ArffFileStream -f ./../../../Dataset/benchmarks/connect-4.arff,1,66000.0,12.5625,2.2960031249870853E-7,66000.0,0.5868147821542883,0.7074903508340908,0.6904404511997932,0.638,0.10479355847033447,0.19242704118663134,3.0,303.0,103.0,39.0,7.0,12.0,7.0,14.0,11.0,4.0,66000.0,81144.0,0.27895872566086943,0.0012870560000002862,3.023999999980931E-4,0.0,0.0,0.0,0.0,0.0,0.0,0.0,0.0,0.0,0.0,0.0,0.0,0.0,0.0,0.0,0.0,0.0,0.0,0.0,0.0,0.0,0.0,0.0,0.0,0.0,0.0,0.0,500.0,0.0,347.2,237.80328004466213,1.6,1.8973665961010275,1.4,1.2649110640673518,1.4,1.2649110640673518,0.19999999999999998,0.6324555320336759,0.0,0.0,0.0,0.0,1.0,0.0
meta.AccuracyWeightedEnsemble -l (trees.HoeffdingTree -e 2000000 -g 100 -c 0.01) -n 10.0,ArffFileStream -f ./../../../Dataset/benchmarks/connect-4.arff,1,66500.0,12.640625,2.3124031334494548E-7,66500.0,0.5973991438104619,0.7103876258916214,0.692744242166152,0.426,0.0994552802670884,0.3722808161989995,3.0,157.0,70.0,18.0,7.0,26.0,6.0,135.0,51.0,30.0,66500.0,81144.0,0.3017858808422358,0.0,0.0,0.0,0.0,0.0,0.0,0.0,0.0,0.0,0.0,0.0,0.0,0.0,0.0,0.0,0.0,0.0,0.0,0.0,0.0,0.0,0.0,0.0,0.0,0.0,0.0,0.0,0.0,0.0,500.0,0.0,347.2,237.80328004466213,1.5999999999999999,1.8973665961010275,1.4,1.2649110640673518,1.4,1.2649110640673518,0.19999999999999998,0.6324555320336759,0.0,0.0,0.0,0.0,1.0,0.0
meta.AccuracyWeightedEnsemble -l (trees.HoeffdingTree -e 2000000 -g 100 -c 0.01) -n 10.0,ArffFileStream -f ./../../../Dataset/benchmarks/connect-4.arff,1,67000.0,12.765625,2.3386405599820943E-7,67000.0,0.6478088368949685,0.7153159139871501,0.6941064123459291,0.636,0.2177090049430476,0.33249380502398446,3.0,269.0,66.0,36.0,12.0,43.0,5.0,51.0,12.0,6.0,67000.0,81136.0,0.26878346348889387,0.0015305393248029597,0.0013669840000009592,0.0,0.0,0.0,0.0,0.0,0.0,0.0,0.0,0.0,0.0,0.0,0.0,0.0,0.0,0.0,0.0,0.0,0.0,0.0,0.0,0.0,0.0,0.0,0.0,0.0,0.0,0.0,500.0,0.0,384.79999999999995,253.7806576991679,1.9,2.0248456731316584,1.6,1.3498971154211057,1.6,1.3498971154211057,0.30000000000000004,0.6749485577105528,0.0,0.0,0.0,0.0,1.0,0.0
meta.AccuracyWeightedEnsemble -l (trees.HoeffdingTree -e 2000000 -g 100 -c 0.01) -n 10.0,ArffFileStream -f ./../../../Dataset/benchmarks/connect-4.arff,1,67500.0,12.84375,2.355038951564994E-7,67500.0,0.6935800211069753,0.7113257376283728,0.6994131472547087,0.586,0.3170210238745693,0.44728482564902106,3.0,171.0,49.0,40.0,46.0,103.0,37.0,28.0,7.0,19.0,67500.0,81136.0,0.36871181331452446,0.03693820035194517,0.025119598576078483,0.0,0.0,0.0,0.0,0.0,0.0,0.0,0.0,0.0,0.0,0.0,0.0,0.0,0.0,0.0,0.0,0.0,0.0,0.0,0.0,0.0,0.0,0.0,0.0,0.0,0.0,0.0,500.0,0.0,309.59999999999997,118.90164002233105,1.2999999999999998,0.9486832980505138,1.2000000000000002,0.6324555320336759,1.2000000000000002,0.6324555320336759,0.10000000000000002,0.31622776601683794,0.0,0.0,0.0,0.0,1.0,0.0
meta.AccuracyWeightedEnsemble -l (trees.HoeffdingTree -e 2000000 -g 100 -c 0.01) -n 10.0,ArffFileStream -f ./../../../Dataset/benchmarks/connect-4.arff,1,67557.0,12.859375,2.358342883073621E-7,67557.0,0.6860334469850685,0.7009232807252752,0.6925485692898611,0.544,0.27487373897998907,0.43442204518292044,3.0,146.0,53.0,51.0,44.0,103.0,44.0,28.0,8.0,23.0,67557.0,81736.0,0.36871181331452446,0.03693820035194517,0.025119598576078483,0.0,0.0,0.0,0.0,0.0,0.0,0.0,0.0,0.0,0.0,0.0,0.0,0.0,0.0,0.0,0.0,0.0,0.0,0.0,0.0,0.0,0.0,0.0,0.0,0.0,0.0,0.0,500.0,0.0,309.59999999999997,118.90164002233105,1.2999999999999998,0.9486832980505138,1.2000000000000002,0.6324555320336759,1.2000000000000002,0.6324555320336759,0.10000000000000002,0.31622776601683794,0.0,0.0,0.0,0.0,1.0,0.0
