Learner,stream,randomSeed,learning evaluation instances,evaluation time (cpu seconds),model cost (RAM-Hours),classified instances,PMAUC,WMAUC,EWMAUC,Accuracy,Kappa,G-Mean,Classes,CM[0][0],CM[0][1],CM[0][2],CM[1][0],CM[1][1],CM[1][2],CM[2][0],CM[2][1],CM[2][2],model training instances,model serialized size (bytes)
meta.imbalanced.OnlineAdaBoost -l (trees.HoeffdingTree -e 2000000 -g 100 -c 0.01),ArffFileStream -f ./../../../Dataset/benchmarks/thyroid.arff,1,500.0,0.328125,3.8368549818793933E-10,500.0,0.5041385515069725,1.0,1.0,0.028,-0.003659433159585982,0.0,3.0,13.0,10.0,474.0,0.0,0.0,0.0,0.0,2.0,1.0,500.0,4520.0
meta.imbalanced.OnlineAdaBoost -l (trees.HoeffdingTree -e 2000000 -g 100 -c 0.01),ArffFileStream -f ./../../../Dataset/benchmarks/thyroid.arff,1,1000.0,0.484375,5.663928782774343E-10,1000.0,0.6043150522317189,0.064,0.6666666666666666,0.574,0.09361702127659538,0.4959308871044908,3.0,5.0,14.0,192.0,0.0,8.0,2.0,3.0,2.0,274.0,1000.0,4520.0
meta.imbalanced.OnlineAdaBoost -l (trees.HoeffdingTree -e 2000000 -g 100 -c 0.01),ArffFileStream -f ./../../../Dataset/benchmarks/thyroid.arff,1,1500.0,0.625,7.308295203579798E-10,1500.0,0.984713543537073,0.541,0.8333333333333333,0.98,0.8666275440795965,0.8838741478617727,3.0,11.0,0.0,1.0,2.0,23.0,2.0,0.0,5.0,456.0,1500.0,4520.0
meta.imbalanced.OnlineAdaBoost -l (trees.HoeffdingTree -e 2000000 -g 100 -c 0.01),ArffFileStream -f ./../../../Dataset/benchmarks/thyroid.arff,1,2000.0,0.78125,9.135369004474747E-10,2000.0,0.9415114564121186,0.698,0.8888888888888888,0.966,0.7986163760424562,0.8015041986198719,3.0,10.0,2.0,0.0,4.0,24.0,4.0,0.0,7.0,449.0,2000.0,4520.0
meta.imbalanced.OnlineAdaBoost -l (trees.HoeffdingTree -e 2000000 -g 100 -c 0.01),ArffFileStream -f ./../../../Dataset/benchmarks/thyroid.arff,1,2500.0,0.875,1.0231613285011716E-9,2500.0,0.9983422433049721,0.7670000000000001,0.9166666666666666,0.992,0.9379844961240309,0.9276532584305385,3.0,12.0,0.0,1.0,2.0,19.0,0.0,1.0,0.0,465.0,2500.0,4520.0
meta.imbalanced.OnlineAdaBoost -l (trees.HoeffdingTree -e 2000000 -g 100 -c 0.01),ArffFileStream -f ./../../../Dataset/benchmarks/thyroid.arff,1,3000.0,0.984375,1.151056494563818E-9,3000.0,0.9958721126843398,0.8168000000000001,0.9333333333333333,0.974,0.8282195618277436,0.8966629508792449,3.0,9.0,2.0,0.0,0.0,24.0,4.0,0.0,7.0,454.0,3000.0,4520.0
meta.imbalanced.OnlineAdaBoost -l (trees.HoeffdingTree -e 2000000 -g 100 -c 0.01),ArffFileStream -f ./../../../Dataset/benchmarks/thyroid.arff,1,3500.0,1.09375,1.2789516606264646E-9,3500.0,0.998015873015873,0.847,0.9444444444444444,0.982,0.8839667887164147,0.9193959908099518,3.0,11.0,0.0,1.0,0.0,26.0,4.0,2.0,2.0,454.0,3500.0,4520.0
meta.imbalanced.OnlineAdaBoost -l (trees.HoeffdingTree -e 2000000 -g 100 -c 0.01),ArffFileStream -f ./../../../Dataset/benchmarks/thyroid.arff,1,4000.0,1.234375,1.44338830270701E-9,4000.0,0.9979648539119047,0.8665714285714285,0.9523809523809523,0.984,0.8557778979628627,0.8526261160758651,3.0,10.0,0.0,0.0,0.0,15.0,0.0,1.0,7.0,467.0,4000.0,4520.0
meta.imbalanced.OnlineAdaBoost -l (trees.HoeffdingTree -e 2000000 -g 100 -c 0.01),ArffFileStream -f ./../../../Dataset/benchmarks/thyroid.arff,1,4500.0,1.375,1.6078249447875553E-9,4500.0,0.9942021276595745,0.8657142857142857,0.9523809523809523,0.974,0.7350183448838158,0.7478234770076616,3.0,7.0,0.0,1.0,0.0,12.0,1.0,3.0,8.0,468.0,4500.0,4520.0
meta.imbalanced.OnlineAdaBoost -l (trees.HoeffdingTree -e 2000000 -g 100 -c 0.01),ArffFileStream -f ./../../../Dataset/benchmarks/thyroid.arff,1,5000.0,1.5,1.7539908488591512E-9,5000.0,0.9404851359119651,0.88725,0.9583333333333333,0.962,0.7733616432473696,0.7052833737916165,3.0,4.0,0.0,1.0,0.0,32.0,5.0,5.0,8.0,445.0,5000.0,4520.0
meta.imbalanced.OnlineAdaBoost -l (trees.HoeffdingTree -e 2000000 -g 100 -c 0.01),ArffFileStream -f ./../../../Dataset/benchmarks/thyroid.arff,1,5500.0,1.609375,1.8818860149217977E-9,5500.0,0.9938536371338659,0.8979999999999999,0.9629629629629629,0.98,0.8612383093275606,0.8568947294230244,3.0,7.0,0.0,0.0,1.0,26.0,2.0,1.0,6.0,457.0,5500.0,4520.0
meta.imbalanced.OnlineAdaBoost -l (trees.HoeffdingTree -e 2000000 -g 100 -c 0.01),ArffFileStream -f ./../../../Dataset/benchmarks/thyroid.arff,1,6000.0,1.75,2.0463226570023432E-9,6000.0,0.9426666666666668,0.907,0.9666666666666666,0.972,0.7696989636453362,0.7674868417100431,3.0,6.0,0.0,3.0,0.0,19.0,1.0,4.0,6.0,461.0,6000.0,4520.0
meta.imbalanced.OnlineAdaBoost -l (trees.HoeffdingTree -e 2000000 -g 100 -c 0.01),ArffFileStream -f ./../../../Dataset/benchmarks/thyroid.arff,1,6500.0,1.859375,2.1742178230649897E-9,6500.0,0.9945468873128447,0.9145454545454546,0.9696969696969696,0.96,0.5418098510882015,0.5212408989530226,3.0,4.0,0.0,2.0,1.0,8.0,0.0,10.0,7.0,468.0,6500.0,4520.0
meta.imbalanced.OnlineAdaBoost -l (trees.HoeffdingTree -e 2000000 -g 100 -c 0.01),ArffFileStream -f ./../../../Dataset/benchmarks/thyroid.arff,1,7000.0,1.984375,2.3203837271365858E-9,7000.0,0.9937982980466641,0.9235,0.9722222222222221,0.958,0.71028088957563,0.7682877668494242,3.0,10.0,0.0,4.0,0.0,18.0,4.0,5.0,8.0,451.0,7000.0,4520.0
meta.imbalanced.OnlineAdaBoost -l (trees.HoeffdingTree -e 2000000 -g 100 -c 0.01),ArffFileStream -f ./../../../Dataset/benchmarks/thyroid.arff,1,7200.0,2.03125,2.3751959411634344E-9,7200.0,0.9947217555928858,0.9287692307692308,0.9743589743589743,0.964,0.7202275482607478,0.7469509754390375,3.0,6.0,0.0,3.0,0.0,19.0,3.0,4.0,8.0,457.0,7200.0,4520.0
