Learner,stream,randomSeed,learning evaluation instances,evaluation time (cpu seconds),model cost (RAM-Hours),classified instances,PMAUC,WMAUC,EWMAUC,Accuracy,Kappa,G-Mean,Classes,CM[0][0],CM[0][1],CM[0][2],CM[1][0],CM[1][1],CM[1][2],CM[2][0],CM[2][1],CM[2][2],model training instances,model serialized size (bytes)
meta.imbalanced.RebalanceStream -l (trees.HoeffdingTree -e 2000000 -g 100 -c 0.01),ArffFileStream -f ./../../../Dataset/benchmarks/thyroid.arff,1,500.0,0.125,2.1937820646497937E-10,500.0,0.8096086369770581,1.0,1.0,0.962,0.5631782232848997,0.6050727014714246,3.0,7.0,1.0,4.0,1.0,5.0,2.0,5.0,6.0,469.0,500.0,6784.0
meta.imbalanced.RebalanceStream -l (trees.HoeffdingTree -e 2000000 -g 100 -c 0.01),ArffFileStream -f ./../../../Dataset/benchmarks/thyroid.arff,1,1000.0,0.21875,3.8798639757765665E-10,1000.0,0.8882805080721748,1.0,1.0,0.972,0.7698579694897418,0.8325633914105114,3.0,7.0,3.0,3.0,1.0,16.0,2.0,0.0,5.0,463.0,1000.0,6952.0
meta.imbalanced.RebalanceStream -l (trees.HoeffdingTree -e 2000000 -g 100 -c 0.01),ArffFileStream -f ./../../../Dataset/benchmarks/thyroid.arff,1,1500.0,0.25,4.4554730670319664E-10,1500.0,0.9646977024428005,1.0,1.0,0.964,0.7912172037024147,0.9279453478885696,3.0,12.0,0.0,1.0,1.0,25.0,13.0,0.0,3.0,445.0,1500.0,7120.0
meta.imbalanced.RebalanceStream -l (trees.HoeffdingTree -e 2000000 -g 100 -c 0.01),ArffFileStream -f ./../../../Dataset/benchmarks/thyroid.arff,1,2000.0,0.265625,4.743277612659666E-10,2000.0,0.9702130099481093,1.0,1.0,0.97,0.8338796845928942,0.8786248971553433,3.0,11.0,1.0,0.0,2.0,29.0,8.0,1.0,3.0,445.0,2000.0,7120.0
meta.imbalanced.RebalanceStream -l (trees.HoeffdingTree -e 2000000 -g 100 -c 0.01),ArffFileStream -f ./../../../Dataset/benchmarks/thyroid.arff,1,2500.0,0.296875,5.318886703915066E-10,2500.0,0.9457771754134979,1.0,1.0,0.968,0.7650237913411264,0.8336453415907528,3.0,12.0,1.0,2.0,3.0,14.0,6.0,0.0,4.0,458.0,2500.0,7120.0
meta.imbalanced.RebalanceStream -l (trees.HoeffdingTree -e 2000000 -g 100 -c 0.01),ArffFileStream -f ./../../../Dataset/benchmarks/thyroid.arff,1,3000.0,0.3125,5.613482143316004E-10,3000.0,0.9970005734197874,1.0,1.0,0.962,0.774030113460669,0.9263635373295376,3.0,9.0,0.0,0.0,0.0,27.0,13.0,0.0,6.0,445.0,3000.0,7288.0
meta.imbalanced.RebalanceStream -l (trees.HoeffdingTree -e 2000000 -g 100 -c 0.01),ArffFileStream -f ./../../../Dataset/benchmarks/thyroid.arff,1,3500.0,0.328125,5.908077582716941E-10,3500.0,0.9964586974390895,1.0,1.0,0.972,0.8325919548476584,0.9422645368410575,3.0,12.0,0.0,1.0,0.0,26.0,10.0,1.0,2.0,448.0,3500.0,7288.0
meta.imbalanced.RebalanceStream -l (trees.HoeffdingTree -e 2000000 -g 100 -c 0.01),ArffFileStream -f ./../../../Dataset/benchmarks/thyroid.arff,1,4000.0,0.359375,6.497268461518817E-10,4000.0,0.9979235610927258,1.0,1.0,0.98,0.844701205118648,0.9312750254234865,3.0,11.0,0.0,0.0,0.0,18.0,6.0,0.0,4.0,461.0,4000.0,7288.0
meta.imbalanced.RebalanceStream -l (trees.HoeffdingTree -e 2000000 -g 100 -c 0.01),ArffFileStream -f ./../../../Dataset/benchmarks/thyroid.arff,1,4500.0,0.375,6.791863900919754E-10,4500.0,0.8987411347517731,0.9885714285714285,0.9047619047619047,0.98,0.827823691460055,0.8593221589923629,3.0,8.0,1.0,0.0,2.0,16.0,4.0,0.0,3.0,466.0,4500.0,7288.0
meta.imbalanced.RebalanceStream -l (trees.HoeffdingTree -e 2000000 -g 100 -c 0.01),ArffFileStream -f ./../../../Dataset/benchmarks/thyroid.arff,1,5000.0,0.390625,7.086459340320691E-10,5000.0,0.9945768662232077,0.9775,0.90625,0.982,0.9044525128989106,0.9779350484120689,3.0,9.0,0.0,4.0,0.0,38.0,3.0,0.0,2.0,444.0,5000.0,7288.0
meta.imbalanced.RebalanceStream -l (trees.HoeffdingTree -e 2000000 -g 100 -c 0.01),ArffFileStream -f ./../../../Dataset/benchmarks/thyroid.arff,1,5500.0,0.40625,7.387845673494867E-10,5500.0,0.9978516097797142,0.9822222222222222,0.9074074074074074,0.986,0.9114327648160331,0.975150126065411,3.0,9.0,0.0,1.0,0.0,30.0,4.0,0.0,2.0,454.0,5500.0,7456.0
meta.imbalanced.RebalanceStream -l (trees.HoeffdingTree -e 2000000 -g 100 -c 0.01),ArffFileStream -f ./../../../Dataset/benchmarks/thyroid.arff,1,6000.0,0.421875,7.689232006669042E-10,6000.0,0.9879139784946237,0.9862500000000001,0.9083333333333332,0.978,0.8398369248689572,0.8983180232271947,3.0,8.0,0.0,0.0,0.0,23.0,7.0,2.0,2.0,458.0,6000.0,7456.0
meta.imbalanced.RebalanceStream -l (trees.HoeffdingTree -e 2000000 -g 100 -c 0.01),ArffFileStream -f ./../../../Dataset/benchmarks/thyroid.arff,1,6500.0,0.4375,7.990618339843217E-10,6500.0,0.9778881008668243,0.9918181818181817,0.909090909090909,0.984,0.8646820027063599,0.928427483987107,3.0,13.0,0.0,2.0,0.0,14.0,3.0,2.0,1.0,465.0,6500.0,7456.0
meta.imbalanced.RebalanceStream -l (trees.HoeffdingTree -e 2000000 -g 100 -c 0.01),ArffFileStream -f ./../../../Dataset/benchmarks/thyroid.arff,1,7000.0,0.4375,7.990618339843217E-10,7000.0,0.9541608476248999,0.9859166666666667,0.9097222222222221,0.98,0.8726503998777443,0.90058287145247,3.0,12.0,0.0,1.0,2.0,24.0,4.0,1.0,2.0,454.0,7000.0,7456.0
meta.imbalanced.RebalanceStream -l (trees.HoeffdingTree -e 2000000 -g 100 -c 0.01),ArffFileStream -f ./../../../Dataset/benchmarks/thyroid.arff,1,7200.0,0.453125,8.292004673017392E-10,7200.0,0.9503093085886464,0.9854615384615385,0.9102564102564101,0.98,0.8664351542673966,0.9120692364557564,3.0,8.0,0.0,3.0,2.0,26.0,4.0,0.0,1.0,456.0,7200.0,7456.0
