Learner,stream,randomSeed,learning evaluation instances,evaluation time (cpu seconds),model cost (RAM-Hours),classified instances,PMAUC,WMAUC,EWMAUC,Accuracy,Kappa,G-Mean,Classes,CM[0][0],CM[0][1],CM[0][2],CM[1][0],CM[1][1],CM[1][2],CM[2][0],CM[2][1],CM[2][2],model training instances,model serialized size (bytes)
meta.imbalanced.OnlineRUSBoost -l (trees.HoeffdingTree -e 2000000 -g 100 -c 0.01),ArffFileStream -f ./../../../Dataset/benchmarks/connect-4.arff,1,500.0,0.46875,9.11920020977656E-10,500.0,0.6371541531437138,1.0,1.0,0.676,0.2725509214354998,0.29257353768563105,3.0,280.0,47.0,17.0,63.0,56.0,13.0,16.0,6.0,2.0,500.0,7520.0
meta.imbalanced.OnlineRUSBoost -l (trees.HoeffdingTree -e 2000000 -g 100 -c 0.01),ArffFileStream -f ./../../../Dataset/benchmarks/connect-4.arff,1,1000.0,0.640625,1.24629069533613E-9,1000.0,0.6597879643470077,1.0,1.0,0.856,0.3293841511121043,0.0,3.0,406.0,21.0,7.0,36.0,22.0,2.0,4.0,2.0,0.0,1000.0,7520.0
meta.imbalanced.OnlineRUSBoost -l (trees.HoeffdingTree -e 2000000 -g 100 -c 0.01),ArffFileStream -f ./../../../Dataset/benchmarks/connect-4.arff,1,1500.0,0.78125,1.5198667016294267E-9,1500.0,0.67466874201788,0.536,0.8333333333333333,0.89,0.22752808988763978,0.0,3.0,436.0,19.0,5.0,20.0,9.0,1.0,8.0,2.0,0.0,1500.0,7520.0
meta.imbalanced.OnlineRUSBoost -l (trees.HoeffdingTree -e 2000000 -g 100 -c 0.01),ArffFileStream -f ./../../../Dataset/benchmarks/connect-4.arff,1,2000.0,0.890625,1.7326480398575464E-9,2000.0,0.7044485396772212,0.4293333333333333,0.6666666666666666,0.786,0.4579259334312783,0.35559881976034785,3.0,330.0,28.0,10.0,39.0,61.0,13.0,12.0,5.0,2.0,2000.0,7520.0
meta.imbalanced.OnlineRUSBoost -l (trees.HoeffdingTree -e 2000000 -g 100 -c 0.01),ArffFileStream -f ./../../../Dataset/benchmarks/connect-4.arff,1,2500.0,1.015625,1.9758267121182547E-9,2500.0,0.7501209752177683,0.682,0.7777777777777777,0.758,0.5422457950925723,0.4332069933824606,3.0,207.0,40.0,8.0,55.0,169.0,12.0,4.0,2.0,3.0,2500.0,7520.0
meta.imbalanced.OnlineRUSBoost -l (trees.HoeffdingTree -e 2000000 -g 100 -c 0.01),ArffFileStream -f ./../../../Dataset/benchmarks/connect-4.arff,1,3000.0,1.125,2.1886080503463746E-9,3000.0,0.736970763115393,0.7725,0.8333333333333333,0.698,0.47501999096060904,0.48061329976095263,3.0,189.0,41.0,15.0,38.0,151.0,21.0,19.0,17.0,9.0,3000.0,7520.0
meta.imbalanced.OnlineRUSBoost -l (trees.HoeffdingTree -e 2000000 -g 100 -c 0.01),ArffFileStream -f ./../../../Dataset/benchmarks/connect-4.arff,1,3500.0,1.3125,2.553376058737437E-9,3500.0,0.7470347751825489,0.7605,0.8333333333333333,0.758,0.5496300266499918,0.0,3.0,196.0,50.0,17.0,31.0,183.0,4.0,14.0,5.0,0.0,3500.0,7520.0
meta.imbalanced.OnlineRUSBoost -l (trees.HoeffdingTree -e 2000000 -g 100 -c 0.01),ArffFileStream -f ./../../../Dataset/benchmarks/connect-4.arff,1,4000.0,1.5625,3.0397334032588534E-9,4000.0,0.7478155202124267,0.7557333333333334,0.8222222222222222,0.722,0.49520627542126666,0.4772066572317126,3.0,176.0,65.0,15.0,34.0,179.0,11.0,4.0,10.0,6.0,4000.0,7520.0
meta.imbalanced.OnlineRUSBoost -l (trees.HoeffdingTree -e 2000000 -g 100 -c 0.01),ArffFileStream -f ./../../../Dataset/benchmarks/connect-4.arff,1,4500.0,1.71875,3.3437067435847387E-9,4500.0,0.7567140824790565,0.7706666666666666,0.8518518518518519,0.696,0.3718800621508146,0.4864280947355222,3.0,264.0,47.0,17.0,52.0,75.0,10.0,20.0,6.0,9.0,4500.0,7520.0
meta.imbalanced.OnlineRUSBoost -l (trees.HoeffdingTree -e 2000000 -g 100 -c 0.01),ArffFileStream -f ./../../../Dataset/benchmarks/connect-4.arff,1,5000.0,1.890625,3.6780774179432128E-9,5000.0,0.7257739270823537,0.7106666666666666,0.7936507936507936,0.694,0.44487177626518437,0.4411689999876249,3.0,166.0,57.0,13.0,50.0,176.0,13.0,8.0,12.0,5.0,5000.0,7520.0
meta.imbalanced.OnlineRUSBoost -l (trees.HoeffdingTree -e 2000000 -g 100 -c 0.01),ArffFileStream -f ./../../../Dataset/benchmarks/connect-4.arff,1,5500.0,2.015625,3.9212560902039214E-9,5500.0,0.7399808283969325,0.6646714285714286,0.7190476190476189,0.71,0.4101039030780371,0.5134869970100071,3.0,273.0,45.0,31.0,31.0,64.0,12.0,16.0,10.0,18.0,5500.0,7520.0
meta.imbalanced.OnlineRUSBoost -l (trees.HoeffdingTree -e 2000000 -g 100 -c 0.01),ArffFileStream -f ./../../../Dataset/benchmarks/connect-4.arff,1,6000.0,2.203125,4.286024098594984E-9,6000.0,0.8373676302869922,0.7218948051948052,0.720995670995671,0.714,0.5595066474451384,0.6859377441446739,3.0,135.0,27.0,30.0,16.0,159.0,19.0,28.0,23.0,63.0,6000.0,7520.0
meta.imbalanced.OnlineRUSBoost -l (trees.HoeffdingTree -e 2000000 -g 100 -c 0.01),ArffFileStream -f ./../../../Dataset/benchmarks/connect-4.arff,1,6500.0,2.359375,4.5899974389208695E-9,6500.0,0.8631533634298091,0.7412944444444445,0.7509259259259259,0.794,0.5917655545250609,0.5892781790155406,3.0,279.0,23.0,19.0,21.0,105.0,11.0,23.0,6.0,13.0,6500.0,7520.0
meta.imbalanced.OnlineRUSBoost -l (trees.HoeffdingTree -e 2000000 -g 100 -c 0.01),ArffFileStream -f ./../../../Dataset/benchmarks/connect-4.arff,1,7000.0,2.46875,4.802778777148989E-9,7000.0,0.6968940936863545,0.7560478632478631,0.7749287749287749,0.982,0.0,0.0,3.0,491.0,4.0,5.0,0.0,0.0,0.0,0.0,0.0,0.0,7000.0,7520.0
meta.imbalanced.OnlineRUSBoost -l (trees.HoeffdingTree -e 2000000 -g 100 -c 0.01),ArffFileStream -f ./../../../Dataset/benchmarks/connect-4.arff,1,7500.0,2.59375,5.045957449409697E-9,7500.0,0.6566063044936284,0.7801641558441559,0.7946320346320346,0.994,0.0,0.0,3.0,497.0,2.0,1.0,0.0,0.0,0.0,0.0,0.0,0.0,7500.0,7520.0
meta.imbalanced.OnlineRUSBoost -l (trees.HoeffdingTree -e 2000000 -g 100 -c 0.01),ArffFileStream -f ./../../../Dataset/benchmarks/connect-4.arff,1,8000.0,2.6875,5.228341453605229E-9,8000.0,0.8059759145648716,0.8004,0.8111111111111111,0.974,0.1256389561474295,0.0,3.0,486.0,6.0,4.0,2.0,0.0,0.0,1.0,0.0,1.0,8000.0,7520.0
meta.imbalanced.OnlineRUSBoost -l (trees.HoeffdingTree -e 2000000 -g 100 -c 0.01),ArffFileStream -f ./../../../Dataset/benchmarks/connect-4.arff,1,8500.0,2.8125,5.471520125865937E-9,8500.0,0.832719512195122,0.8123589743589743,0.8042735042735043,0.83,0.3849493487698988,0.43669361998957507,3.0,388.0,18.0,28.0,7.0,16.0,11.0,15.0,6.0,11.0,8500.0,7520.0
meta.imbalanced.OnlineRUSBoost -l (trees.HoeffdingTree -e 2000000 -g 100 -c 0.01),ArffFileStream -f ./../../../Dataset/benchmarks/connect-4.arff,1,9000.0,2.921875,5.684301464094057E-9,9000.0,0.8035928188576164,0.8280892049127344,0.8175393234216763,0.74,0.4787573575403761,0.5324471382308724,3.0,287.0,20.0,27.0,22.0,65.0,18.0,21.0,22.0,18.0,9000.0,7520.0
meta.imbalanced.OnlineRUSBoost -l (trees.HoeffdingTree -e 2000000 -g 100 -c 0.01),ArffFileStream -f ./../../../Dataset/benchmarks/connect-4.arff,1,9500.0,3.109375,6.049069472485119E-9,9500.0,0.6788967611336032,0.842431746031746,0.8291005291005291,0.986,-0.002865329512896854,0.0,3.0,493.0,2.0,4.0,0.0,0.0,0.0,1.0,0.0,0.0,9500.0,7520.0
meta.imbalanced.OnlineRUSBoost -l (trees.HoeffdingTree -e 2000000 -g 100 -c 0.01),ArffFileStream -f ./../../../Dataset/benchmarks/connect-4.arff,1,10000.0,3.234375,6.292248144745827E-9,10000.0,0.8148951720226019,0.8511735087719299,0.839269005847953,0.918,0.27472138687422604,0.28731904839224987,3.0,453.0,10.0,15.0,4.0,2.0,3.0,6.0,3.0,4.0,10000.0,7520.0
meta.imbalanced.OnlineRUSBoost -l (trees.HoeffdingTree -e 2000000 -g 100 -c 0.01),ArffFileStream -f ./../../../Dataset/benchmarks/connect-4.arff,1,10500.0,3.34375,6.505029482973947E-9,10500.0,0.8243221263290575,0.8385465428276574,0.7739250085999312,0.832,0.45397815912636486,0.5255642161913854,3.0,377.0,25.0,20.0,12.0,18.0,10.0,12.0,5.0,21.0,10500.0,7520.0
meta.imbalanced.OnlineRUSBoost -l (trees.HoeffdingTree -e 2000000 -g 100 -c 0.01),ArffFileStream -f ./../../../Dataset/benchmarks/connect-4.arff,1,11000.0,3.453125,6.717810821202066E-9,11000.0,0.7624452337998497,0.8316666666666667,0.7777777777777777,0.696,0.4601850996881859,0.5218762565315632,3.0,243.0,32.0,22.0,23.0,87.0,21.0,19.0,35.0,18.0,11000.0,7520.0
meta.imbalanced.OnlineRUSBoost -l (trees.HoeffdingTree -e 2000000 -g 100 -c 0.01),ArffFileStream -f ./../../../Dataset/benchmarks/connect-4.arff,1,11500.0,3.578125,6.9609894934627745E-9,11500.0,0.7807480094679081,0.8448365030222615,0.7811686077939948,0.768,0.4168099504288457,0.5134047319111972,3.0,334.0,19.0,32.0,17.0,28.0,7.0,21.0,20.0,22.0,11500.0,7520.0
meta.imbalanced.OnlineRUSBoost -l (trees.HoeffdingTree -e 2000000 -g 100 -c 0.01),ArffFileStream -f ./../../../Dataset/benchmarks/connect-4.arff,1,12000.0,3.6875,7.173770831690894E-9,12000.0,0.7937560529674249,0.82529898989899,0.774915824915825,0.728,0.4283744819643743,0.5131428696710233,3.0,291.0,27.0,36.0,20.0,54.0,13.0,24.0,16.0,19.0,12000.0,7520.0
meta.imbalanced.OnlineRUSBoost -l (trees.HoeffdingTree -e 2000000 -g 100 -c 0.01),ArffFileStream -f ./../../../Dataset/benchmarks/connect-4.arff,1,12500.0,3.828125,7.447346837984191E-9,12500.0,0.758071854082848,0.8357229437229436,0.8061568061568061,0.77,0.37849260135975005,0.46428213986002914,3.0,342.0,24.0,31.0,20.0,30.0,9.0,19.0,12.0,13.0,12500.0,7520.0
meta.imbalanced.OnlineRUSBoost -l (trees.HoeffdingTree -e 2000000 -g 100 -c 0.01),ArffFileStream -f ./../../../Dataset/benchmarks/connect-4.arff,1,13000.0,3.921875,7.629730842179723E-9,13000.0,0.8200230692734441,0.8443722943722943,0.8103080494384842,0.824,0.44592756762202157,0.5154491587451128,3.0,371.0,26.0,23.0,15.0,26.0,8.0,10.0,6.0,15.0,13000.0,7520.0
meta.imbalanced.OnlineRUSBoost -l (trees.HoeffdingTree -e 2000000 -g 100 -c 0.01),ArffFileStream -f ./../../../Dataset/benchmarks/connect-4.arff,1,13500.0,4.03125,7.842512180407843E-9,13500.0,0.7802456382001837,0.8139525879917184,0.7928974005060961,0.752,0.4175669328323157,0.5457576548620786,3.0,321.0,16.0,23.0,17.0,25.0,13.0,36.0,19.0,30.0,13500.0,7520.0
meta.imbalanced.OnlineRUSBoost -l (trees.HoeffdingTree -e 2000000 -g 100 -c 0.01),ArffFileStream -f ./../../../Dataset/benchmarks/connect-4.arff,1,14000.0,4.140625,8.055293518635963E-9,14000.0,0.8066267824809966,0.8312630612244898,0.7972448979591836,0.876,0.3654172893083049,0.45192211494681334,3.0,419.0,21.0,15.0,12.0,11.0,3.0,8.0,3.0,8.0,14000.0,7520.0
meta.imbalanced.OnlineRUSBoost -l (trees.HoeffdingTree -e 2000000 -g 100 -c 0.01),ArffFileStream -f ./../../../Dataset/benchmarks/connect-4.arff,1,14500.0,4.265625,8.298472190896671E-9,14500.0,0.8597401962519617,0.8450604595404594,0.8054878454878455,0.85,0.6586409357789814,0.38563245188392214,3.0,315.0,17.0,23.0,24.0,108.0,2.0,7.0,2.0,2.0,14500.0,7520.0
meta.imbalanced.OnlineRUSBoost -l (trees.HoeffdingTree -e 2000000 -g 100 -c 0.01),ArffFileStream -f ./../../../Dataset/benchmarks/connect-4.arff,1,15000.0,4.375,8.511253529124792E-9,15000.0,0.7523005258344764,0.8487827030725581,0.8089683621084586,0.974,0.2296752785020141,0.2749717497914248,3.0,485.0,5.0,7.0,1.0,1.0,0.0,0.0,0.0,1.0,15000.0,7520.0
meta.imbalanced.OnlineRUSBoost -l (trees.HoeffdingTree -e 2000000 -g 100 -c 0.01),ArffFileStream -f ./../../../Dataset/benchmarks/connect-4.arff,1,15500.0,4.5,8.7544322013855E-9,15500.0,0.8534543010752688,0.8453015873015873,0.8082010582010581,0.866,0.6366279069767441,0.4621538523895729,3.0,357.0,25.0,17.0,12.0,72.0,7.0,3.0,3.0,4.0,15500.0,7520.0
meta.imbalanced.OnlineRUSBoost -l (trees.HoeffdingTree -e 2000000 -g 100 -c 0.01),ArffFileStream -f ./../../../Dataset/benchmarks/connect-4.arff,1,16000.0,4.59375,8.93681620558103E-9,16000.0,0.7620970751169666,0.8430596059113301,0.8113136288998357,0.782,0.34315190666730966,0.4360173981831111,3.0,358.0,29.0,24.0,16.0,22.0,7.0,21.0,12.0,11.0,16000.0,7520.0
meta.imbalanced.OnlineRUSBoost -l (trees.HoeffdingTree -e 2000000 -g 100 -c 0.01),ArffFileStream -f ./../../../Dataset/benchmarks/connect-4.arff,1,16500.0,4.6875,9.119200209776562E-9,16500.0,0.7777102330293819,0.8540039408866994,0.8178981937602626,0.91,0.06662241765535754,0.162648766961108,3.0,453.0,14.0,13.0,6.0,1.0,0.0,11.0,1.0,1.0,16500.0,7520.0
meta.imbalanced.OnlineRUSBoost -l (trees.HoeffdingTree -e 2000000 -g 100 -c 0.01),ArffFileStream -f ./../../../Dataset/benchmarks/connect-4.arff,1,17000.0,4.796875,9.331981548004682E-9,17000.0,0.8003286167169256,0.8615987369858338,0.820452864538886,0.96,0.3786890338614481,0.38023910091308144,3.0,474.0,9.0,5.0,4.0,5.0,0.0,1.0,1.0,1.0,17000.0,7520.0
meta.imbalanced.OnlineRUSBoost -l (trees.HoeffdingTree -e 2000000 -g 100 -c 0.01),ArffFileStream -f ./../../../Dataset/benchmarks/connect-4.arff,1,17500.0,4.875,9.483968218167625E-9,17500.0,0.826413470993117,0.8634001810401579,0.8228298039645965,0.916,0.46564885496183195,0.476095991929618,3.0,439.0,14.0,11.0,9.0,15.0,3.0,4.0,1.0,4.0,17500.0,7520.0
meta.imbalanced.OnlineRUSBoost -l (trees.HoeffdingTree -e 2000000 -g 100 -c 0.01),ArffFileStream -f ./../../../Dataset/benchmarks/connect-4.arff,1,18000.0,4.96875,9.666352222363156E-9,18000.0,0.9103248862897987,0.8703313367666816,0.8250469597452355,0.934,0.6298124383020731,0.556668140760476,3.0,437.0,9.0,7.0,10.0,27.0,2.0,3.0,2.0,3.0,18000.0,7520.0
meta.imbalanced.OnlineRUSBoost -l (trees.HoeffdingTree -e 2000000 -g 100 -c 0.01),ArffFileStream -f ./../../../Dataset/benchmarks/connect-4.arff,1,18500.0,5.0625,9.848736226558686E-9,18500.0,0.8126536600840669,0.8832158215010143,0.8330685147622267,0.934,0.31662870159453277,0.27973242641587664,3.0,460.0,9.0,14.0,7.0,6.0,0.0,0.0,3.0,1.0,18500.0,7520.0
meta.imbalanced.OnlineRUSBoost -l (trees.HoeffdingTree -e 2000000 -g 100 -c 0.01),ArffFileStream -f ./../../../Dataset/benchmarks/connect-4.arff,1,19000.0,5.171875,1.0061517564786807E-8,19000.0,0.7818040886222705,0.8746166666666667,0.8348845598845599,0.814,0.37147723125582904,0.4264227628955899,3.0,378.0,19.0,27.0,22.0,20.0,13.0,7.0,5.0,9.0,19000.0,7520.0
meta.imbalanced.OnlineRUSBoost -l (trees.HoeffdingTree -e 2000000 -g 100 -c 0.01),ArffFileStream -f ./../../../Dataset/benchmarks/connect-4.arff,1,19500.0,5.3125,1.0335093571080103E-8,19500.0,0.857626587134784,0.8683872053872055,0.845847362514029,0.714,0.5538499937601398,0.6896567469772052,3.0,92.0,18.0,26.0,7.0,190.0,25.0,31.0,36.0,75.0,19500.0,7520.0
meta.imbalanced.OnlineRUSBoost -l (trees.HoeffdingTree -e 2000000 -g 100 -c 0.01),ArffFileStream -f ./../../../Dataset/benchmarks/connect-4.arff,1,20000.0,5.4375,1.0578272243340811E-8,20000.0,0.9117297018699904,0.891225521536717,0.850229736377744,0.816,0.697863368560713,0.7212672436293884,3.0,211.0,6.0,8.0,15.0,162.0,27.0,15.0,21.0,35.0,20000.0,7520.0
meta.imbalanced.OnlineRUSBoost -l (trees.HoeffdingTree -e 2000000 -g 100 -c 0.01),ArffFileStream -f ./../../../Dataset/benchmarks/connect-4.arff,1,20500.0,5.546875,1.0791053581568931E-8,20500.0,0.8346608307484291,0.8750410401002507,0.8438909774436091,0.806,0.5084127305899049,0.6189854946031267,3.0,342.0,15.0,21.0,10.0,31.0,13.0,29.0,9.0,30.0,20500.0,7520.0
meta.imbalanced.OnlineRUSBoost -l (trees.HoeffdingTree -e 2000000 -g 100 -c 0.01),ArffFileStream -f ./../../../Dataset/benchmarks/connect-4.arff,1,21000.0,5.65625,1.1003834919797052E-8,21000.0,0.8075930106431993,0.8844055944055944,0.8452473452473451,0.862,0.4175740693846544,0.5299013937683749,3.0,404.0,9.0,22.0,5.0,10.0,2.0,24.0,7.0,17.0,21000.0,7520.0
meta.imbalanced.OnlineRUSBoost -l (trees.HoeffdingTree -e 2000000 -g 100 -c 0.01),ArffFileStream -f ./../../../Dataset/benchmarks/connect-4.arff,1,21500.0,5.75,1.1186218923992582E-8,21500.0,0.8704154746256347,0.8993811340752517,0.8493022434198904,0.96,0.48421704146894984,0.5153370055535641,3.0,472.0,6.0,3.0,6.0,5.0,3.0,1.0,1.0,3.0,21500.0,7520.0
meta.imbalanced.OnlineRUSBoost -l (trees.HoeffdingTree -e 2000000 -g 100 -c 0.01),ArffFileStream -f ./../../../Dataset/benchmarks/connect-4.arff,1,22000.0,5.859375,1.1399000262220703E-8,22000.0,0.8461470516569202,0.9036273494236191,0.857583244240346,0.934,0.5512402088772845,0.5424863881931092,3.0,448.0,4.0,14.0,3.0,13.0,4.0,5.0,3.0,6.0,22000.0,7520.0
meta.imbalanced.OnlineRUSBoost -l (trees.HoeffdingTree -e 2000000 -g 100 -c 0.01),ArffFileStream -f ./../../../Dataset/benchmarks/connect-4.arff,1,22500.0,5.96875,1.1611781600448823E-8,22500.0,0.8830359773409042,0.9115272180451127,0.8542355889724311,0.886,0.7190706660489508,0.5573527120727167,3.0,338.0,25.0,8.0,15.0,102.0,2.0,6.0,1.0,3.0,22500.0,7520.0
meta.imbalanced.OnlineRUSBoost -l (trees.HoeffdingTree -e 2000000 -g 100 -c 0.01),ArffFileStream -f ./../../../Dataset/benchmarks/connect-4.arff,1,23000.0,6.078125,1.1824562938676943E-8,23000.0,0.8521224328744804,0.9086025974025974,0.8813297813297812,0.75,0.5817999330879893,0.6585940379948354,3.0,197.0,32.0,19.0,29.0,147.0,18.0,11.0,16.0,31.0,23000.0,7520.0
meta.imbalanced.OnlineRUSBoost -l (trees.HoeffdingTree -e 2000000 -g 100 -c 0.01),ArffFileStream -f ./../../../Dataset/benchmarks/connect-4.arff,1,23500.0,6.1875,1.2037344276905064E-8,23500.0,0.8141006920768824,0.9133905097486493,0.8823109276597649,0.74,0.5742897187692388,0.645038671947203,3.0,138.0,15.0,15.0,16.0,203.0,22.0,28.0,34.0,29.0,23500.0,7520.0
meta.imbalanced.OnlineRUSBoost -l (trees.HoeffdingTree -e 2000000 -g 100 -c 0.01),ArffFileStream -f ./../../../Dataset/benchmarks/connect-4.arff,1,24000.0,6.296875,1.2250125615133184E-8,24000.0,0.7895855311821699,0.9070679817051769,0.8780692911790473,0.94,0.5158635380692635,0.4992166423081639,3.0,456.0,6.0,11.0,5.0,9.0,5.0,1.0,2.0,5.0,24000.0,7520.0
meta.imbalanced.OnlineRUSBoost -l (trees.HoeffdingTree -e 2000000 -g 100 -c 0.01),ArffFileStream -f ./../../../Dataset/benchmarks/connect-4.arff,1,24500.0,6.40625,1.2462906953361304E-8,24500.0,0.7957500869239614,0.9083729486052794,0.8797952673892523,0.836,0.44578117818810997,0.5547743111835485,3.0,380.0,25.0,13.0,20.0,24.0,6.0,12.0,6.0,14.0,24500.0,7520.0
meta.imbalanced.OnlineRUSBoost -l (trees.HoeffdingTree -e 2000000 -g 100 -c 0.01),ArffFileStream -f ./../../../Dataset/benchmarks/connect-4.arff,1,25000.0,6.53125,1.2706085625622013E-8,25000.0,0.821289037137662,0.9248167293233083,0.8843553630452943,0.784,0.6040213828453265,0.6181327751275127,3.0,132.0,39.0,11.0,20.0,244.0,19.0,11.0,8.0,16.0,25000.0,7520.0
meta.imbalanced.OnlineRUSBoost -l (trees.HoeffdingTree -e 2000000 -g 100 -c 0.01),ArffFileStream -f ./../../../Dataset/benchmarks/connect-4.arff,1,25500.0,6.671875,1.2979661631915309E-8,25500.0,0.8200488112835673,0.9137025759440406,0.8805690181865342,0.722,0.5235287665222399,0.5945157993448973,3.0,114.0,20.0,16.0,32.0,221.0,30.0,18.0,23.0,26.0,25500.0,7520.0
meta.imbalanced.OnlineRUSBoost -l (trees.HoeffdingTree -e 2000000 -g 100 -c 0.01),ArffFileStream -f ./../../../Dataset/benchmarks/connect-4.arff,1,26000.0,6.796875,1.3222840304176017E-8,26000.0,0.8562505773734804,0.9312589846796018,0.8811647433349132,0.812,0.5809595135564057,0.5455574899326205,3.0,93.0,38.0,12.0,31.0,306.0,9.0,3.0,1.0,7.0,26000.0,7520.0
meta.imbalanced.OnlineRUSBoost -l (trees.HoeffdingTree -e 2000000 -g 100 -c 0.01),ArffFileStream -f ./../../../Dataset/benchmarks/connect-4.arff,1,26500.0,6.90625,1.3435621642404137E-8,26500.0,0.842028360289745,0.9197017585589015,0.8837536801822515,0.736,0.5342929720575782,0.5678922355269236,3.0,139.0,37.0,14.0,36.0,212.0,27.0,5.0,13.0,17.0,26500.0,7520.0
meta.imbalanced.OnlineRUSBoost -l (trees.HoeffdingTree -e 2000000 -g 100 -c 0.01),ArffFileStream -f ./../../../Dataset/benchmarks/connect-4.arff,1,27000.0,7.046875,1.3709197648697434E-8,27000.0,0.8099680873115728,0.9160252015621064,0.8954407071470564,0.672,0.47268237472991054,0.5951870185436055,3.0,170.0,33.0,28.0,29.0,134.0,18.0,26.0,30.0,32.0,27000.0,7520.0
meta.imbalanced.OnlineRUSBoost -l (trees.HoeffdingTree -e 2000000 -g 100 -c 0.01),ArffFileStream -f ./../../../Dataset/benchmarks/connect-4.arff,1,27500.0,7.171875,1.3952376320958142E-8,27500.0,0.8808924969072639,0.9281697777777778,0.8988518518518518,0.768,0.6008341190477828,0.6440436889018705,3.0,161.0,20.0,10.0,37.0,202.0,20.0,10.0,19.0,21.0,27500.0,7520.0
meta.imbalanced.OnlineRUSBoost -l (trees.HoeffdingTree -e 2000000 -g 100 -c 0.01),ArffFileStream -f ./../../../Dataset/benchmarks/connect-4.arff,1,28000.0,7.296875,1.419555499321885E-8,28000.0,0.8350277278025969,0.9267385138146167,0.8985052733214496,0.796,0.6354382603971579,0.5579653923986799,3.0,231.0,25.0,21.0,21.0,155.0,17.0,7.0,11.0,12.0,28000.0,7520.0
meta.imbalanced.OnlineRUSBoost -l (trees.HoeffdingTree -e 2000000 -g 100 -c 0.01),ArffFileStream -f ./../../../Dataset/benchmarks/connect-4.arff,1,28500.0,7.4375,1.4469130999512146E-8,28500.0,0.8129607642951644,0.9178344390193496,0.9028561402602324,0.758,0.49981811567842854,0.5373279058067889,3.0,294.0,21.0,29.0,20.0,69.0,13.0,20.0,18.0,16.0,28500.0,7520.0
meta.imbalanced.OnlineRUSBoost -l (trees.HoeffdingTree -e 2000000 -g 100 -c 0.01),ArffFileStream -f ./../../../Dataset/benchmarks/connect-4.arff,1,29000.0,7.546875,1.4681912337740267E-8,29000.0,0.8602406824020262,0.9299470735785953,0.9057398117180725,0.768,0.5931965632123444,0.6712641410682,3.0,132.0,37.0,16.0,30.0,225.0,14.0,9.0,10.0,27.0,29000.0,7520.0
meta.imbalanced.OnlineRUSBoost -l (trees.HoeffdingTree -e 2000000 -g 100 -c 0.01),ArffFileStream -f ./../../../Dataset/benchmarks/connect-4.arff,1,29500.0,7.671875,1.4925091010000976E-8,29500.0,0.8422927652441029,0.929171560780224,0.9092933172733267,0.74,0.5626400392951103,0.5690481239655089,3.0,195.0,22.0,22.0,27.0,157.0,23.0,13.0,23.0,18.0,29500.0,7520.0
meta.imbalanced.OnlineRUSBoost -l (trees.HoeffdingTree -e 2000000 -g 100 -c 0.01),ArffFileStream -f ./../../../Dataset/benchmarks/connect-4.arff,1,30000.0,7.765625,1.5107475014196507E-8,30000.0,0.8708945506840795,0.9339712382451301,0.9101222654582573,0.804,0.6402772067892172,0.5642336416101468,3.0,234.0,29.0,15.0,27.0,158.0,15.0,7.0,5.0,10.0,30000.0,7520.0
meta.imbalanced.OnlineRUSBoost -l (trees.HoeffdingTree -e 2000000 -g 100 -c 0.01),ArffFileStream -f ./../../../Dataset/benchmarks/connect-4.arff,1,30500.0,7.90625,1.5381051020489803E-8,30500.0,0.8325509664322067,0.9282913361029214,0.9132080318055927,0.738,0.5345465915308798,0.6490568844846111,3.0,239.0,33.0,19.0,35.0,97.0,15.0,14.0,15.0,33.0,30500.0,7520.0
meta.imbalanced.OnlineRUSBoost -l (trees.HoeffdingTree -e 2000000 -g 100 -c 0.01),ArffFileStream -f ./../../../Dataset/benchmarks/connect-4.arff,1,31000.0,8.0625,1.568502436081569E-8,31000.0,0.7747248478223594,0.9267261024689596,0.9149465613751326,0.688,0.3788028415787963,0.5214644201967265,3.0,271.0,35.0,35.0,21.0,42.0,14.0,32.0,19.0,31.0,31000.0,7520.0
meta.imbalanced.OnlineRUSBoost -l (trees.HoeffdingTree -e 2000000 -g 100 -c 0.01),ArffFileStream -f ./../../../Dataset/benchmarks/connect-4.arff,1,31500.0,8.203125,1.5958600367108985E-8,31500.0,0.7970249269920734,0.9314788616698915,0.9142151923381159,0.788,0.4544406472598511,0.44246533590563764,3.0,339.0,29.0,14.0,30.0,49.0,14.0,7.0,12.0,6.0,31500.0,7520.0
meta.imbalanced.OnlineRUSBoost -l (trees.HoeffdingTree -e 2000000 -g 100 -c 0.01),ArffFileStream -f ./../../../Dataset/benchmarks/connect-4.arff,1,32000.0,8.34375,1.623217637340228E-8,32000.0,0.7741873316475455,0.9296146577107103,0.9150342132927272,0.738,0.37706258856648317,0.4068434665305369,3.0,317.0,31.0,27.0,25.0,44.0,19.0,19.0,10.0,8.0,32000.0,7520.0
meta.imbalanced.OnlineRUSBoost -l (trees.HoeffdingTree -e 2000000 -g 100 -c 0.01),ArffFileStream -f ./../../../Dataset/benchmarks/connect-4.arff,1,32500.0,8.46875,1.647535504566299E-8,32500.0,0.8359648122815018,0.9276939646265906,0.9139668181312743,0.884,0.4664802413716979,0.5177303568734847,3.0,415.0,15.0,21.0,6.0,16.0,2.0,9.0,5.0,11.0,32500.0,7520.0
meta.imbalanced.OnlineRUSBoost -l (trees.HoeffdingTree -e 2000000 -g 100 -c 0.01),ArffFileStream -f ./../../../Dataset/benchmarks/connect-4.arff,1,33000.0,8.578125,1.668813638389111E-8,33000.0,0.8323298101889817,0.935258096742595,0.9155662223604827,0.802,0.6095167473928342,0.5184101805834089,3.0,263.0,37.0,10.0,31.0,132.0,13.0,4.0,4.0,6.0,33000.0,7520.0
meta.imbalanced.OnlineRUSBoost -l (trees.HoeffdingTree -e 2000000 -g 100 -c 0.01),ArffFileStream -f ./../../../Dataset/benchmarks/connect-4.arff,1,33500.0,8.6875,1.6900917722119232E-8,33500.0,0.8096998847217091,0.9318939651365183,0.9152490929086673,0.812,0.6143747948802101,0.5884590305987866,3.0,289.0,35.0,18.0,17.0,105.0,9.0,10.0,5.0,12.0,33500.0,7520.0
meta.imbalanced.OnlineRUSBoost -l (trees.HoeffdingTree -e 2000000 -g 100 -c 0.01),ArffFileStream -f ./../../../Dataset/benchmarks/connect-4.arff,1,34000.0,8.828125,1.7174493728412528E-8,34000.0,0.8240027555469576,0.9306529805504344,0.9157794497871233,0.752,0.5610370852862463,0.546768891486136,3.0,237.0,28.0,25.0,23.0,123.0,22.0,8.0,18.0,16.0,34000.0,7520.0
meta.imbalanced.OnlineRUSBoost -l (trees.HoeffdingTree -e 2000000 -g 100 -c 0.01),ArffFileStream -f ./../../../Dataset/benchmarks/connect-4.arff,1,34500.0,8.96875,1.7448069734705824E-8,34500.0,0.8722515442958793,0.9349944940135744,0.9158230230753681,0.798,0.621598129720657,0.6049849245416578,3.0,261.0,29.0,16.0,20.0,124.0,12.0,9.0,15.0,14.0,34500.0,7520.0
meta.imbalanced.OnlineRUSBoost -l (trees.HoeffdingTree -e 2000000 -g 100 -c 0.01),ArffFileStream -f ./../../../Dataset/benchmarks/connect-4.arff,1,35000.0,9.125,1.775204307503171E-8,35000.0,0.8148106205860737,0.9314568748711606,0.9173017590874735,0.718,0.5310254909265073,0.6143582278619371,3.0,200.0,34.0,26.0,24.0,129.0,20.0,20.0,17.0,30.0,35000.0,7520.0
meta.imbalanced.OnlineRUSBoost -l (trees.HoeffdingTree -e 2000000 -g 100 -c 0.01),ArffFileStream -f ./../../../Dataset/benchmarks/connect-4.arff,1,35500.0,9.265625,1.8025619081325006E-8,35500.0,0.861850197407704,0.93084080910032,0.9136044058598407,0.758,0.5919661163267508,0.6450620601445758,3.0,207.0,37.0,24.0,16.0,144.0,15.0,15.0,14.0,28.0,35500.0,7520.0
meta.imbalanced.OnlineRUSBoost -l (trees.HoeffdingTree -e 2000000 -g 100 -c 0.01),ArffFileStream -f ./../../../Dataset/benchmarks/connect-4.arff,1,36000.0,9.40625,1.8299195087618302E-8,36000.0,0.7964022916997903,0.9311377267336701,0.9128677578891088,0.726,0.5378678504445913,0.5823616172791254,3.0,144.0,35.0,23.0,24.0,198.0,22.0,15.0,18.0,21.0,36000.0,7520.0
meta.imbalanced.OnlineRUSBoost -l (trees.HoeffdingTree -e 2000000 -g 100 -c 0.01),ArffFileStream -f ./../../../Dataset/benchmarks/connect-4.arff,1,36500.0,9.546875,1.85727710939116E-8,36500.0,0.8073499650927473,0.9288883622098725,0.9120204579300688,0.712,0.5082101581923991,0.5528222272229235,3.0,208.0,31.0,31.0,29.0,129.0,16.0,17.0,20.0,19.0,36500.0,7520.0
meta.imbalanced.OnlineRUSBoost -l (trees.HoeffdingTree -e 2000000 -g 100 -c 0.01),ArffFileStream -f ./../../../Dataset/benchmarks/connect-4.arff,1,37000.0,9.703125,1.8876744434237484E-8,37000.0,0.7846438447408746,0.9312911925880469,0.9127567726390159,0.718,0.47051401448012736,0.505264213061796,3.0,244.0,43.0,23.0,38.0,103.0,16.0,10.0,11.0,12.0,37000.0,7520.0
meta.imbalanced.OnlineRUSBoost -l (trees.HoeffdingTree -e 2000000 -g 100 -c 0.01),ArffFileStream -f ./../../../Dataset/benchmarks/connect-4.arff,1,37500.0,9.8125,1.9089525772465604E-8,37500.0,0.7994976038454299,0.9341689194837848,0.913475402348457,0.922,0.456779118032148,0.42242949578952743,3.0,445.0,10.0,14.0,8.0,13.0,5.0,2.0,0.0,3.0,37500.0,7520.0
meta.imbalanced.OnlineRUSBoost -l (trees.HoeffdingTree -e 2000000 -g 100 -c 0.01),ArffFileStream -f ./../../../Dataset/benchmarks/connect-4.arff,1,38000.0,9.9375,1.9332704444726314E-8,38000.0,0.8093048669971746,0.9364315251572326,0.9141683187494303,0.96,0.1554054054054039,0.0,3.0,479.0,4.0,12.0,0.0,0.0,0.0,2.0,2.0,1.0,38000.0,7520.0
meta.imbalanced.OnlineRUSBoost -l (trees.HoeffdingTree -e 2000000 -g 100 -c 0.01),ArffFileStream -f ./../../../Dataset/benchmarks/connect-4.arff,1,38500.0,10.078125,1.960628045101961E-8,38500.0,0.8259408045888321,0.9329197236081411,0.9148368831178626,0.822,0.5353936103570682,0.5857637851908578,3.0,352.0,28.0,15.0,11.0,37.0,12.0,10.0,13.0,22.0,38500.0,7520.0
meta.imbalanced.OnlineRUSBoost -l (trees.HoeffdingTree -e 2000000 -g 100 -c 0.01),ArffFileStream -f ./../../../Dataset/benchmarks/connect-4.arff,1,39000.0,10.203125,1.984945912328032E-8,39000.0,0.8264372574155184,0.9349824809657382,0.9161530527677091,0.874,0.3545611015490532,0.4416797658079556,3.0,419.0,10.0,25.0,3.0,11.0,5.0,18.0,2.0,7.0,39000.0,7520.0
meta.imbalanced.OnlineRUSBoost -l (trees.HoeffdingTree -e 2000000 -g 100 -c 0.01),ArffFileStream -f ./../../../Dataset/benchmarks/connect-4.arff,1,39500.0,10.328125,2.009263779554103E-8,39500.0,0.8345213188895341,0.9359313319530711,0.9167673107890498,0.804,0.5378230522542916,0.5683634351445632,3.0,323.0,39.0,28.0,14.0,63.0,3.0,6.0,8.0,16.0,39500.0,7520.0
meta.imbalanced.OnlineRUSBoost -l (trees.HoeffdingTree -e 2000000 -g 100 -c 0.01),ArffFileStream -f ./../../../Dataset/benchmarks/connect-4.arff,1,40000.0,10.4375,2.030541913376915E-8,40000.0,0.7998530693843193,0.9347779707420725,0.9148589033725618,0.758,0.5349730976172176,0.4379884307608264,3.0,257.0,40.0,28.0,24.0,116.0,10.0,7.0,12.0,6.0,40000.0,7520.0
meta.imbalanced.OnlineRUSBoost -l (trees.HoeffdingTree -e 2000000 -g 100 -c 0.01),ArffFileStream -f ./../../../Dataset/benchmarks/connect-4.arff,1,40500.0,10.5625,2.054859780602986E-8,40500.0,0.7500885760164383,0.928908053116299,0.9142250303419718,0.73,0.4334444062077706,0.4959341236993134,3.0,288.0,31.0,37.0,19.0,62.0,10.0,24.0,14.0,15.0,40500.0,7520.0
meta.imbalanced.OnlineRUSBoost -l (trees.HoeffdingTree -e 2000000 -g 100 -c 0.01),ArffFileStream -f ./../../../Dataset/benchmarks/connect-4.arff,1,41000.0,10.6875,2.079177647829057E-8,41000.0,0.8231959693770327,0.925840836175319,0.9104407987775127,0.776,0.5183831434100193,0.4985704204859005,3.0,305.0,23.0,31.0,12.0,71.0,18.0,20.0,8.0,12.0,41000.0,7520.0
meta.imbalanced.OnlineRUSBoost -l (trees.HoeffdingTree -e 2000000 -g 100 -c 0.01),ArffFileStream -f ./../../../Dataset/benchmarks/connect-4.arff,1,41500.0,10.828125,2.1065352484583867E-8,41500.0,0.822093640249787,0.9247134548734748,0.9104096440836221,0.736,0.5333974322719303,0.5379159467470243,3.0,232.0,30.0,30.0,21.0,119.0,24.0,21.0,6.0,17.0,41500.0,7520.0
meta.imbalanced.OnlineRUSBoost -l (trees.HoeffdingTree -e 2000000 -g 100 -c 0.01),ArffFileStream -f ./../../../Dataset/benchmarks/connect-4.arff,1,42000.0,10.9375,2.1278133822811987E-8,42000.0,0.8535991264514755,0.9306330244784481,0.9110750228781396,0.926,0.6038459067645989,0.6021865463544224,3.0,438.0,6.0,8.0,3.0,12.0,4.0,6.0,10.0,13.0,42000.0,7520.0
meta.imbalanced.OnlineRUSBoost -l (trees.HoeffdingTree -e 2000000 -g 100 -c 0.01),ArffFileStream -f ./../../../Dataset/benchmarks/connect-4.arff,1,42500.0,11.046875,2.1490915161040107E-8,42500.0,0.8142483817615002,0.9285164189999121,0.9111090731077683,0.83,0.39893647112066505,0.44012475612407764,3.0,386.0,26.0,22.0,9.0,11.0,6.0,11.0,11.0,18.0,42500.0,7520.0
meta.imbalanced.OnlineRUSBoost -l (trees.HoeffdingTree -e 2000000 -g 100 -c 0.01),ArffFileStream -f ./../../../Dataset/benchmarks/connect-4.arff,1,43000.0,11.15625,2.1703696499268228E-8,43000.0,0.8306178233704831,0.9293025305067613,0.9104666736354443,0.828,0.5457042640409075,0.5570683747711297,3.0,350.0,23.0,20.0,15.0,52.0,8.0,11.0,9.0,12.0,43000.0,7520.0
meta.imbalanced.OnlineRUSBoost -l (trees.HoeffdingTree -e 2000000 -g 100 -c 0.01),ArffFileStream -f ./../../../Dataset/benchmarks/connect-4.arff,1,43500.0,11.265625,2.1916477837496348E-8,43500.0,0.786896474788041,0.9267531123560535,0.9099958501919286,0.834,0.3813818290228816,0.4285671787258394,3.0,392.0,20.0,22.0,10.0,15.0,8.0,13.0,10.0,10.0,43500.0,7520.0
meta.imbalanced.OnlineRUSBoost -l (trees.HoeffdingTree -e 2000000 -g 100 -c 0.01),ArffFileStream -f ./../../../Dataset/benchmarks/connect-4.arff,1,44000.0,11.390625,2.2159656509757058E-8,44000.0,0.799772902637486,0.9215863548666728,0.9100378442815571,0.684,0.46563852813852824,0.5419987672733159,3.0,226.0,21.0,39.0,21.0,88.0,25.0,17.0,35.0,28.0,44000.0,7520.0
meta.imbalanced.OnlineRUSBoost -l (trees.HoeffdingTree -e 2000000 -g 100 -c 0.01),ArffFileStream -f ./../../../Dataset/benchmarks/connect-4.arff,1,44500.0,11.515625,2.2402835182017768E-8,44500.0,0.8926356370045534,0.929531893094949,0.9112371089774246,0.868,0.5903674280039721,0.5580821435474869,3.0,378.0,9.0,23.0,16.0,47.0,5.0,7.0,6.0,9.0,44500.0,7520.0
meta.imbalanced.OnlineRUSBoost -l (trees.HoeffdingTree -e 2000000 -g 100 -c 0.01),ArffFileStream -f ./../../../Dataset/benchmarks/connect-4.arff,1,45000.0,11.625,2.2615616520245888E-8,45000.0,0.8269242535487028,0.9330845122101614,0.9118307822744829,0.91,0.37845303867403307,0.3046219594204953,3.0,440.0,16.0,13.0,11.0,14.0,2.0,3.0,0.0,1.0,45000.0,7520.0
meta.imbalanced.OnlineRUSBoost -l (trees.HoeffdingTree -e 2000000 -g 100 -c 0.01),ArffFileStream -f ./../../../Dataset/benchmarks/connect-4.arff,1,45500.0,11.75,2.2858795192506598E-8,45500.0,0.8061376732062011,0.9340153627976719,0.9136963145573713,0.826,0.41522826262300344,0.42163917647979793,3.0,376.0,40.0,19.0,13.0,31.0,7.0,5.0,3.0,6.0,45500.0,7520.0
meta.imbalanced.OnlineRUSBoost -l (trees.HoeffdingTree -e 2000000 -g 100 -c 0.01),ArffFileStream -f ./../../../Dataset/benchmarks/connect-4.arff,1,46000.0,11.890625,2.3132371198799894E-8,46000.0,0.7912773370871299,0.9322233222055947,0.9122334197273761,0.82,0.4548956427991712,0.47189628598775357,3.0,372.0,19.0,20.0,8.0,27.0,14.0,16.0,13.0,11.0,46000.0,7520.0
meta.imbalanced.OnlineRUSBoost -l (trees.HoeffdingTree -e 2000000 -g 100 -c 0.01),ArffFileStream -f ./../../../Dataset/benchmarks/connect-4.arff,1,46500.0,11.984375,2.3314755202995425E-8,46500.0,0.8157300251674117,0.9236885579218103,0.9076720508240996,0.792,0.45354617009426335,0.5588738568691041,3.0,345.0,15.0,25.0,16.0,28.0,10.0,24.0,14.0,23.0,46500.0,7520.0
meta.imbalanced.OnlineRUSBoost -l (trees.HoeffdingTree -e 2000000 -g 100 -c 0.01),ArffFileStream -f ./../../../Dataset/benchmarks/connect-4.arff,1,47000.0,12.109375,2.3557933875256135E-8,47000.0,0.8578869226756551,0.9280780817545502,0.9082950875915539,0.894,0.5399225681001408,0.5086936320386517,3.0,416.0,9.0,22.0,3.0,23.0,5.0,7.0,7.0,8.0,47000.0,7520.0
meta.imbalanced.OnlineRUSBoost -l (trees.HoeffdingTree -e 2000000 -g 100 -c 0.01),ArffFileStream -f ./../../../Dataset/benchmarks/connect-4.arff,1,47500.0,12.25,2.383150988154943E-8,47500.0,0.7914655935004772,0.9258587871239925,0.907048549828268,0.794,0.5445138237843385,0.4849105269348418,3.0,310.0,23.0,25.0,21.0,79.0,12.0,13.0,9.0,8.0,47500.0,7520.0
meta.imbalanced.OnlineRUSBoost -l (trees.HoeffdingTree -e 2000000 -g 100 -c 0.01),ArffFileStream -f ./../../../Dataset/benchmarks/connect-4.arff,1,48000.0,12.40625,2.4135483221875317E-8,48000.0,0.8611734458219393,0.9181894567880375,0.9076631726247337,0.722,0.5498704663212435,0.645882639025143,3.0,204.0,27.0,43.0,14.0,110.0,12.0,16.0,27.0,47.0,48000.0,7520.0
meta.imbalanced.OnlineRUSBoost -l (trees.HoeffdingTree -e 2000000 -g 100 -c 0.01),ArffFileStream -f ./../../../Dataset/benchmarks/connect-4.arff,1,48500.0,12.609375,2.4530648564298968E-8,48500.0,0.827792377535839,0.9240318173548714,0.9083405516318784,0.806,0.4818818904367149,0.5584244982637618,3.0,353.0,14.0,14.0,11.0,16.0,13.0,29.0,16.0,34.0,48500.0,7520.0
meta.imbalanced.OnlineRUSBoost -l (trees.HoeffdingTree -e 2000000 -g 100 -c 0.01),ArffFileStream -f ./../../../Dataset/benchmarks/connect-4.arff,1,49000.0,12.75,2.4804224570592264E-8,49000.0,0.8618967697816863,0.9296775871754744,0.9051479341385444,0.88,0.486292573502971,0.5535102722493968,3.0,410.0,18.0,15.0,7.0,15.0,1.0,11.0,8.0,15.0,49000.0,7520.0
meta.imbalanced.OnlineRUSBoost -l (trees.HoeffdingTree -e 2000000 -g 100 -c 0.01),ArffFileStream -f ./../../../Dataset/benchmarks/connect-4.arff,1,49500.0,12.875,2.5047403242852974E-8,49500.0,0.7730011847243198,0.9325354531499663,0.9070058278570219,0.804,0.5860892188912261,0.3652772163249769,3.0,287.0,35.0,21.0,26.0,113.0,4.0,5.0,7.0,2.0,49500.0,7520.0
meta.imbalanced.OnlineRUSBoost -l (trees.HoeffdingTree -e 2000000 -g 100 -c 0.01),ArffFileStream -f ./../../../Dataset/benchmarks/connect-4.arff,1,50000.0,13.015625,2.532097924914627E-8,50000.0,0.7960185807781962,0.9303994981754781,0.9060947833150772,0.788,0.5508855181764258,0.5298005459582985,3.0,291.0,43.0,13.0,23.0,95.0,11.0,11.0,5.0,8.0,50000.0,7520.0
meta.imbalanced.OnlineRUSBoost -l (trees.HoeffdingTree -e 2000000 -g 100 -c 0.01),ArffFileStream -f ./../../../Dataset/benchmarks/connect-4.arff,1,50500.0,13.15625,2.5594555255439566E-8,50500.0,0.7967910429859911,0.9351535230003054,0.9081671914600487,0.766,0.5423108218063467,0.4009404413952863,3.0,238.0,47.0,11.0,41.0,143.0,6.0,9.0,3.0,2.0,50500.0,7520.0
meta.imbalanced.OnlineRUSBoost -l (trees.HoeffdingTree -e 2000000 -g 100 -c 0.01),ArffFileStream -f ./../../../Dataset/benchmarks/connect-4.arff,1,51000.0,13.296875,2.5868131261732862E-8,51000.0,0.8457118662513093,0.9314876610095226,0.9102617687178464,0.754,0.577920072474212,0.5582491693901148,3.0,174.0,26.0,23.0,28.0,189.0,16.0,17.0,13.0,14.0,51000.0,7520.0
meta.imbalanced.OnlineRUSBoost -l (trees.HoeffdingTree -e 2000000 -g 100 -c 0.01),ArffFileStream -f ./../../../Dataset/benchmarks/connect-4.arff,1,51500.0,13.4375,2.614170726802616E-8,51500.0,0.8524662233436054,0.9336793116651068,0.9100162369891375,0.804,0.5534086766314256,0.5946532688307885,3.0,63.0,21.0,11.0,25.0,322.0,18.0,13.0,10.0,17.0,51500.0,7520.0
meta.imbalanced.OnlineRUSBoost -l (trees.HoeffdingTree -e 2000000 -g 100 -c 0.01),ArffFileStream -f ./../../../Dataset/benchmarks/connect-4.arff,1,52000.0,13.5625,2.6384885940286868E-8,52000.0,0.8536592791234701,0.9316401686992065,0.9166231277806477,0.744,0.5640059676683175,0.6112787251763991,3.0,130.0,23.0,17.0,24.0,217.0,28.0,15.0,21.0,25.0,52000.0,7520.0
meta.imbalanced.OnlineRUSBoost -l (trees.HoeffdingTree -e 2000000 -g 100 -c 0.01),ArffFileStream -f ./../../../Dataset/benchmarks/connect-4.arff,1,52500.0,13.71875,2.6688859280612754E-8,52500.0,0.8763548428218918,0.9318499621225991,0.9180586466246251,0.744,0.5857792850809348,0.6704511540236131,3.0,152.0,18.0,21.0,29.0,182.0,20.0,17.0,23.0,38.0,52500.0,7520.0
meta.imbalanced.OnlineRUSBoost -l (trees.HoeffdingTree -e 2000000 -g 100 -c 0.01),ArffFileStream -f ./../../../Dataset/benchmarks/connect-4.arff,1,53000.0,13.84375,2.6932037952873464E-8,53000.0,0.8820001781465513,0.9396999725895632,0.9189943817012632,0.888,0.6719236988259556,0.543450401889449,3.0,375.0,20.0,13.0,7.0,63.0,7.0,4.0,5.0,6.0,53000.0,7520.0
meta.imbalanced.OnlineRUSBoost -l (trees.HoeffdingTree -e 2000000 -g 100 -c 0.01),ArffFileStream -f ./../../../Dataset/benchmarks/connect-4.arff,1,53500.0,13.96875,2.7175216625134174E-8,53500.0,0.8389944009671058,0.9393252418765974,0.9194877996835829,0.856,0.5295962367698942,0.5803866638785046,3.0,382.0,23.0,15.0,13.0,33.0,4.0,8.0,9.0,13.0,53500.0,7520.0
meta.imbalanced.OnlineRUSBoost -l (trees.HoeffdingTree -e 2000000 -g 100 -c 0.01),ArffFileStream -f ./../../../Dataset/benchmarks/connect-4.arff,1,54000.0,14.0625,2.7357600629329705E-8,54000.0,0.8620770523571881,0.9410587239868566,0.920784045271997,0.84,0.5880323394613521,0.5927484446179597,3.0,345.0,26.0,14.0,23.0,64.0,8.0,4.0,5.0,11.0,54000.0,7520.0
meta.imbalanced.OnlineRUSBoost -l (trees.HoeffdingTree -e 2000000 -g 100 -c 0.01),ArffFileStream -f ./../../../Dataset/benchmarks/connect-4.arff,1,54500.0,14.1875,2.7600779301590414E-8,54500.0,0.8280424769588857,0.9432023402340234,0.9212488354098567,0.776,0.5724440168884614,0.5605289241606854,3.0,247.0,44.0,10.0,31.0,133.0,10.0,7.0,10.0,8.0,54500.0,7520.0
meta.imbalanced.OnlineRUSBoost -l (trees.HoeffdingTree -e 2000000 -g 100 -c 0.01),ArffFileStream -f ./../../../Dataset/benchmarks/connect-4.arff,1,55000.0,14.34375,2.79047526419163E-8,55000.0,0.7900239751853274,0.9375249484917935,0.9179062589223016,0.752,0.5304951004891937,0.48888256678294845,3.0,237.0,52.0,19.0,31.0,132.0,10.0,6.0,6.0,7.0,55000.0,7520.0
meta.imbalanced.OnlineRUSBoost -l (trees.HoeffdingTree -e 2000000 -g 100 -c 0.01),ArffFileStream -f ./../../../Dataset/benchmarks/connect-4.arff,1,55500.0,14.515625,2.8239123316274775E-8,55500.0,0.7362629157846641,0.9346474128954997,0.9183603280405108,0.67,0.4424658552573781,0.44676829053754313,3.0,152.0,41.0,27.0,33.0,173.0,25.0,14.0,25.0,10.0,55500.0,7520.0
meta.imbalanced.OnlineRUSBoost -l (trees.HoeffdingTree -e 2000000 -g 100 -c 0.01),ArffFileStream -f ./../../../Dataset/benchmarks/connect-4.arff,1,56000.0,14.65625,2.851269932256807E-8,56000.0,0.806453629823726,0.9370596297026969,0.9200064310883638,0.766,0.5888042286389069,0.46296115828252404,3.0,165.0,27.0,24.0,24.0,210.0,26.0,6.0,10.0,8.0,56000.0,7520.0
meta.imbalanced.OnlineRUSBoost -l (trees.HoeffdingTree -e 2000000 -g 100 -c 0.01),ArffFileStream -f ./../../../Dataset/benchmarks/connect-4.arff,1,56500.0,14.78125,2.875587799482878E-8,56500.0,0.8304166666666667,0.9341068801999035,0.9204685710499664,0.736,0.5566303909713824,0.6097713757166586,3.0,207.0,29.0,22.0,29.0,133.0,30.0,14.0,8.0,28.0,56500.0,7520.0
meta.imbalanced.OnlineRUSBoost -l (trees.HoeffdingTree -e 2000000 -g 100 -c 0.01),ArffFileStream -f ./../../../Dataset/benchmarks/connect-4.arff,1,57000.0,14.890625,2.8968659333056902E-8,57000.0,0.8265853292308319,0.9350842097460943,0.9209196424858477,0.778,0.5778311933304936,0.6481178469733878,3.0,283.0,17.0,23.0,14.0,70.0,18.0,18.0,21.0,36.0,57000.0,7520.0
meta.imbalanced.OnlineRUSBoost -l (trees.HoeffdingTree -e 2000000 -g 100 -c 0.01),ArffFileStream -f ./../../../Dataset/benchmarks/connect-4.arff,1,57500.0,15.0,2.9181440671285022E-8,57500.0,0.8160021010254627,0.9402969072568137,0.9209706319986692,0.794,0.4559705907208655,0.5380123332724972,3.0,341.0,28.0,24.0,25.0,41.0,8.0,11.0,7.0,15.0,57500.0,7520.0
meta.imbalanced.OnlineRUSBoost -l (trees.HoeffdingTree -e 2000000 -g 100 -c 0.01),ArffFileStream -f ./../../../Dataset/benchmarks/connect-4.arff,1,58000.0,15.125,2.9424619343545732E-8,58000.0,0.807734788375397,0.9398281206032142,0.9203130676601338,0.812,0.47375492654962414,0.5113058288973128,3.0,354.0,31.0,23.0,12.0,40.0,8.0,13.0,7.0,12.0,58000.0,7520.0
meta.imbalanced.OnlineRUSBoost -l (trees.HoeffdingTree -e 2000000 -g 100 -c 0.01),ArffFileStream -f ./../../../Dataset/benchmarks/connect-4.arff,1,58500.0,15.25,2.9667798015806442E-8,58500.0,0.8045759282767375,0.9343610919247876,0.9181526376733276,0.744,0.5324474185983651,0.5866867185687888,3.0,256.0,22.0,24.0,27.0,94.0,18.0,16.0,21.0,22.0,58500.0,7520.0
meta.imbalanced.OnlineRUSBoost -l (trees.HoeffdingTree -e 2000000 -g 100 -c 0.01),ArffFileStream -f ./../../../Dataset/benchmarks/connect-4.arff,1,59000.0,15.390625,2.994137402209974E-8,59000.0,0.8364300455058385,0.9314217062277304,0.918607938989465,0.69,0.48478966122427264,0.6268671473038301,3.0,202.0,40.0,26.0,34.0,101.0,18.0,20.0,17.0,42.0,59000.0,7520.0
meta.imbalanced.OnlineRUSBoost -l (trees.HoeffdingTree -e 2000000 -g 100 -c 0.01),ArffFileStream -f ./../../../Dataset/benchmarks/connect-4.arff,1,59500.0,15.53125,3.021495002839304E-8,59500.0,0.7521372993641902,0.9288095571170105,0.918238520981792,0.688,0.4105555891421316,0.5146272701994045,3.0,262.0,32.0,44.0,23.0,52.0,24.0,15.0,18.0,30.0,59500.0,7520.0
meta.imbalanced.OnlineRUSBoost -l (trees.HoeffdingTree -e 2000000 -g 100 -c 0.01),ArffFileStream -f ./../../../Dataset/benchmarks/connect-4.arff,1,60000.0,15.671875,3.048852603468634E-8,60000.0,0.7887430959023168,0.9331683970362339,0.9186831024723708,0.7,0.4452785810965732,0.4587249365531527,3.0,251.0,33.0,36.0,26.0,86.0,25.0,14.0,16.0,13.0,60000.0,7520.0
meta.imbalanced.OnlineRUSBoost -l (trees.HoeffdingTree -e 2000000 -g 100 -c 0.01),ArffFileStream -f ./../../../Dataset/benchmarks/connect-4.arff,1,60500.0,15.8125,3.076210204097964E-8,60500.0,0.7882099891113175,0.9372504472169438,0.9191178851013493,0.792,0.4499682674000423,0.528535359624564,3.0,344.0,34.0,22.0,17.0,33.0,10.0,11.0,10.0,19.0,60500.0,7520.0
meta.imbalanced.OnlineRUSBoost -l (trees.HoeffdingTree -e 2000000 -g 100 -c 0.01),ArffFileStream -f ./../../../Dataset/benchmarks/connect-4.arff,1,61000.0,15.953125,3.103567804727294E-8,61000.0,0.8008725821840575,0.9364552271483305,0.9183460727169135,0.768,0.4093325457767278,0.4797758769507523,3.0,329.0,36.0,28.0,24.0,43.0,10.0,13.0,5.0,12.0,61000.0,7520.0
meta.imbalanced.OnlineRUSBoost -l (trees.HoeffdingTree -e 2000000 -g 100 -c 0.01),ArffFileStream -f ./../../../Dataset/benchmarks/connect-4.arff,1,61500.0,16.078125,3.127885671953365E-8,61500.0,0.8010386770165024,0.9314226184109282,0.9144913723867667,0.702,0.4358624867484475,0.5532336626201709,3.0,262.0,33.0,25.0,25.0,62.0,21.0,27.0,18.0,27.0,61500.0,7520.0
meta.imbalanced.OnlineRUSBoost -l (trees.HoeffdingTree -e 2000000 -g 100 -c 0.01),ArffFileStream -f ./../../../Dataset/benchmarks/connect-4.arff,1,62000.0,16.203125,3.152203539179436E-8,62000.0,0.8302576810039497,0.9331428831281372,0.9160962800368426,0.752,0.46843170204739526,0.5436133204869233,3.0,302.0,28.0,34.0,14.0,50.0,16.0,19.0,13.0,24.0,62000.0,7520.0
meta.imbalanced.OnlineRUSBoost -l (trees.HoeffdingTree -e 2000000 -g 100 -c 0.01),ArffFileStream -f ./../../../Dataset/benchmarks/connect-4.arff,1,62500.0,16.390625,3.188680340018542E-8,62500.0,0.8681910488399794,0.934611871728251,0.9159833136126239,0.812,0.6623053765295054,0.6675133103545275,3.0,260.0,15.0,16.0,16.0,121.0,20.0,13.0,14.0,25.0,62500.0,7520.0
meta.imbalanced.OnlineRUSBoost -l (trees.HoeffdingTree -e 2000000 -g 100 -c 0.01),ArffFileStream -f ./../../../Dataset/benchmarks/connect-4.arff,1,63000.0,16.546875,3.21907767405113E-8,63000.0,0.8355897674838189,0.9289192461767436,0.9139089119628603,0.696,0.4657443727417155,0.581947480057598,3.0,91.0,34.0,21.0,38.0,230.0,20.0,20.0,19.0,27.0,63000.0,7520.0
meta.imbalanced.OnlineRUSBoost -l (trees.HoeffdingTree -e 2000000 -g 100 -c 0.01),ArffFileStream -f ./../../../Dataset/benchmarks/connect-4.arff,1,63500.0,16.671875,3.243395541277201E-8,63500.0,0.8208946693146068,0.9305342929716155,0.913266084107869,0.762,0.5823183786933234,0.4988170372169019,3.0,164.0,28.0,20.0,28.0,207.0,26.0,9.0,8.0,10.0,63500.0,7520.0
meta.imbalanced.OnlineRUSBoost -l (trees.HoeffdingTree -e 2000000 -g 100 -c 0.01),ArffFileStream -f ./../../../Dataset/benchmarks/connect-4.arff,1,64000.0,16.78125,3.264673675100013E-8,64000.0,0.8254438602852309,0.934942889498924,0.913729354893148,0.822,0.47456666509233436,0.5442783177817206,3.0,366.0,20.0,21.0,12.0,27.0,11.0,16.0,9.0,18.0,64000.0,7520.0
meta.imbalanced.OnlineRUSBoost -l (trees.HoeffdingTree -e 2000000 -g 100 -c 0.01),ArffFileStream -f ./../../../Dataset/benchmarks/connect-4.arff,1,64500.0,16.96875,3.3011504759391195E-8,64500.0,0.7634603223174214,0.9239830401931043,0.9128089690915095,0.646,0.4377096675815798,0.5520491428493842,3.0,169.0,23.0,43.0,27.0,122.0,25.0,32.0,27.0,32.0,64500.0,7520.0
meta.imbalanced.OnlineRUSBoost -l (trees.HoeffdingTree -e 2000000 -g 100 -c 0.01),ArffFileStream -f ./../../../Dataset/benchmarks/connect-4.arff,1,65000.0,17.15625,3.3376272767782256E-8,65000.0,0.7857165005603347,0.9263477853972066,0.912164301225861,0.69,0.4727281386282767,0.5432870143966402,3.0,219.0,25.0,36.0,28.0,102.0,23.0,18.0,25.0,24.0,65000.0,7520.0
meta.imbalanced.OnlineRUSBoost -l (trees.HoeffdingTree -e 2000000 -g 100 -c 0.01),ArffFileStream -f ./../../../Dataset/benchmarks/connect-4.arff,1,65500.0,17.359375,3.377143811020591E-8,65500.0,0.7904664771612744,0.9339967567124263,0.9133014307972402,0.728,0.4129327462660795,0.47685956382182104,3.0,291.0,56.0,25.0,22.0,61.0,10.0,11.0,12.0,12.0,65500.0,7520.0
meta.imbalanced.OnlineRUSBoost -l (trees.HoeffdingTree -e 2000000 -g 100 -c 0.01),ArffFileStream -f ./../../../Dataset/benchmarks/connect-4.arff,1,66000.0,17.546875,3.413620611859697E-8,66000.0,0.7805808674635833,0.9333707711962264,0.9133857864694658,0.75,0.47081435320813503,0.46595591814039683,3.0,295.0,44.0,22.0,17.0,70.0,18.0,12.0,12.0,10.0,66000.0,7520.0
meta.imbalanced.OnlineRUSBoost -l (trees.HoeffdingTree -e 2000000 -g 100 -c 0.01),ArffFileStream -f ./../../../Dataset/benchmarks/connect-4.arff,1,66500.0,17.71875,3.447057679295544E-8,66500.0,0.8061331927791554,0.9332163022463537,0.9136078817559175,0.742,0.5068279479454987,0.49493007692364677,3.0,259.0,35.0,30.0,24.0,101.0,13.0,16.0,11.0,11.0,66500.0,7520.0
meta.imbalanced.OnlineRUSBoost -l (trees.HoeffdingTree -e 2000000 -g 100 -c 0.01),ArffFileStream -f ./../../../Dataset/benchmarks/connect-4.arff,1,67000.0,17.875,3.4774550133281323E-8,67000.0,0.8212079017670825,0.9334497301843256,0.9109716781689033,0.812,0.6092678344293232,0.5726233579817617,3.0,303.0,17.0,21.0,19.0,90.0,13.0,10.0,14.0,13.0,67000.0,7520.0
meta.imbalanced.OnlineRUSBoost -l (trees.HoeffdingTree -e 2000000 -g 100 -c 0.01),ArffFileStream -f ./../../../Dataset/benchmarks/connect-4.arff,1,67500.0,18.078125,3.5169715475704974E-8,67500.0,0.8066993254324791,0.9249114087221898,0.9117908015300981,0.698,0.5134839063053773,0.6217410476844119,3.0,200.0,20.0,35.0,14.0,107.0,19.0,31.0,32.0,42.0,67500.0,7520.0
meta.imbalanced.OnlineRUSBoost -l (trees.HoeffdingTree -e 2000000 -g 100 -c 0.01),ArffFileStream -f ./../../../Dataset/benchmarks/connect-4.arff,1,67557.0,18.09375,3.5200112809737564E-8,67557.0,0.8043810594768984,0.9225180170793091,0.9143171530727302,0.666,0.48193279396436195,0.6186883157843777,3.0,173.0,21.0,38.0,14.0,105.0,25.0,31.0,38.0,55.0,67557.0,7520.0
