Learner,stream,randomSeed,learning evaluation instances,evaluation time (cpu seconds),model cost (RAM-Hours),classified instances,PMAUC,WMAUC,EWMAUC,Accuracy,Kappa,G-Mean,Classes,CM[0][0],CM[0][1],CM[0][2],CM[1][0],CM[1][1],CM[1][2],CM[2][0],CM[2][1],CM[2][2],model training instances,model serialized size (bytes)
meta.imbalanced.OnlineAdaBoost -l (trees.HoeffdingTree -e 2000000 -g 100 -c 0.01),ArffFileStream -f ./../../../Dataset/benchmarks/connect-4.arff,1,500.0,0.5,9.42705406083001E-10,500.0,0.7097895796597752,1.0,1.0,0.712,0.28984277908192446,0.2287786680619454,3.0,306.0,54.0,22.0,42.0,49.0,9.0,11.0,6.0,1.0,500.0,7288.0
meta.imbalanced.OnlineAdaBoost -l (trees.HoeffdingTree -e 2000000 -g 100 -c 0.01),ArffFileStream -f ./../../../Dataset/benchmarks/connect-4.arff,1,1000.0,0.75,1.4140581091245013E-9,1000.0,0.6451475391684659,1.0,1.0,0.886,0.3899959333062219,0.0,3.0,422.0,22.0,7.0,24.0,21.0,2.0,0.0,2.0,0.0,1000.0,7288.0
meta.imbalanced.OnlineAdaBoost -l (trees.HoeffdingTree -e 2000000 -g 100 -c 0.01),ArffFileStream -f ./../../../Dataset/benchmarks/connect-4.arff,1,1500.0,0.890625,1.6791940045853453E-9,1500.0,0.7087244572158364,0.47600000000000003,0.5,0.914,0.29145794885315107,0.0,3.0,448.0,19.0,5.0,10.0,9.0,1.0,6.0,2.0,0.0,1500.0,7288.0
meta.imbalanced.OnlineAdaBoost -l (trees.HoeffdingTree -e 2000000 -g 100 -c 0.01),ArffFileStream -f ./../../../Dataset/benchmarks/connect-4.arff,1,2000.0,1.09375,2.0621680758065647E-9,2000.0,0.7369522160793731,0.304,0.4444444444444444,0.784,0.4172053919293741,0.33419186368274456,3.0,341.0,34.0,15.0,30.0,49.0,8.0,10.0,11.0,2.0,2000.0,7288.0
meta.imbalanced.OnlineAdaBoost -l (trees.HoeffdingTree -e 2000000 -g 100 -c 0.01),ArffFileStream -f ./../../../Dataset/benchmarks/connect-4.arff,1,2500.0,1.3125,2.474601690967878E-9,2500.0,0.7359436351025926,0.312,0.5,0.794,0.6069212392284973,0.38815304822669183,3.0,233.0,44.0,16.0,26.0,162.0,5.0,7.0,5.0,2.0,2500.0,7288.0
meta.imbalanced.OnlineAdaBoost -l (trees.HoeffdingTree -e 2000000 -g 100 -c 0.01),ArffFileStream -f ./../../../Dataset/benchmarks/connect-4.arff,1,3000.0,1.46875,2.7691971303688156E-9,3000.0,0.7663409879712831,0.33599999999999997,0.5,0.73,0.5205421070576202,0.4772750675611517,3.0,199.0,42.0,15.0,35.0,158.0,22.0,12.0,9.0,8.0,3000.0,7288.0
meta.imbalanced.OnlineAdaBoost -l (trees.HoeffdingTree -e 2000000 -g 100 -c 0.01),ArffFileStream -f ./../../../Dataset/benchmarks/connect-4.arff,1,3500.0,1.65625,3.122711657649941E-9,3500.0,0.8267096603510008,0.4823333333333333,0.6388888888888888,0.798,0.6211808655079553,0.32034380498240694,3.0,201.0,34.0,8.0,34.0,197.0,12.0,6.0,7.0,1.0,3500.0,7288.0
meta.imbalanced.OnlineAdaBoost -l (trees.HoeffdingTree -e 2000000 -g 100 -c 0.01),ArffFileStream -f ./../../../Dataset/benchmarks/connect-4.arff,1,4000.0,1.796875,3.387847553110785E-9,4000.0,0.7630409553069885,0.42773333333333335,0.5999999999999999,0.74,0.5227606461086637,0.3372911303055292,3.0,162.0,40.0,17.0,42.0,206.0,13.0,10.0,8.0,2.0,4000.0,7288.0
meta.imbalanced.OnlineAdaBoost -l (trees.HoeffdingTree -e 2000000 -g 100 -c 0.01),ArffFileStream -f ./../../../Dataset/benchmarks/connect-4.arff,1,4500.0,1.96875,3.7119025364518163E-9,4500.0,0.7908670738260581,0.5822222222222223,0.6666666666666667,0.734,0.4204085901547901,0.4928291984636264,3.0,286.0,53.0,16.0,34.0,72.0,11.0,16.0,3.0,9.0,4500.0,7288.0
meta.imbalanced.OnlineAdaBoost -l (trees.HoeffdingTree -e 2000000 -g 100 -c 0.01),ArffFileStream -f ./../../../Dataset/benchmarks/connect-4.arff,1,5000.0,2.09375,3.947578887972566E-9,5000.0,0.757596339226935,0.526,0.6666666666666666,0.708,0.47018906267010196,0.4470204131902093,3.0,167.0,55.0,13.0,45.0,182.0,13.0,12.0,8.0,5.0,5000.0,7288.0
meta.imbalanced.OnlineAdaBoost -l (trees.HoeffdingTree -e 2000000 -g 100 -c 0.01),ArffFileStream -f ./../../../Dataset/benchmarks/connect-4.arff,1,5500.0,2.25,4.242174327373504E-9,5500.0,0.7452573959911833,0.5952547619047619,0.6218253968253968,0.698,0.38779150854659256,0.42647469697163426,3.0,273.0,45.0,24.0,38.0,66.0,27.0,9.0,8.0,10.0,5500.0,7288.0
meta.imbalanced.OnlineAdaBoost -l (trees.HoeffdingTree -e 2000000 -g 100 -c 0.01),ArffFileStream -f ./../../../Dataset/benchmarks/connect-4.arff,1,6000.0,2.40625,4.5367697667744425E-9,6000.0,0.8609292641838217,0.6435198051948052,0.658495670995671,0.71,0.5496474826847222,0.6550076667495599,3.0,148.0,25.0,36.0,15.0,156.0,25.0,16.0,28.0,51.0,6000.0,7288.0
meta.imbalanced.OnlineAdaBoost -l (trees.HoeffdingTree -e 2000000 -g 100 -c 0.01),ArffFileStream -f ./../../../Dataset/benchmarks/connect-4.arff,1,6500.0,2.53125,4.7724461182951924E-9,6500.0,0.8827520723117798,0.6966277777777778,0.6953703703703704,0.812,0.6152460787845051,0.4676256451207816,3.0,291.0,21.0,21.0,19.0,109.0,16.0,13.0,4.0,6.0,6500.0,7288.0
meta.imbalanced.OnlineAdaBoost -l (trees.HoeffdingTree -e 2000000 -g 100 -c 0.01),ArffFileStream -f ./../../../Dataset/benchmarks/connect-4.arff,1,7000.0,2.71875,5.125960645576318E-9,7000.0,0.7567888662593347,0.7548478632478631,0.7249287749287749,0.982,0.0,0.0,3.0,491.0,4.0,5.0,0.0,0.0,0.0,0.0,0.0,0.0,7000.0,7288.0
meta.imbalanced.OnlineAdaBoost -l (trees.HoeffdingTree -e 2000000 -g 100 -c 0.01),ArffFileStream -f ./../../../Dataset/benchmarks/connect-4.arff,1,7500.0,2.84375,5.361636997097068E-9,7500.0,0.6614688128772636,0.7796187012987013,0.7491774891774892,0.994,0.0,0.0,3.0,497.0,2.0,1.0,0.0,0.0,0.0,0.0,0.0,0.0,7500.0,7288.0
meta.imbalanced.OnlineAdaBoost -l (trees.HoeffdingTree -e 2000000 -g 100 -c 0.01),ArffFileStream -f ./../../../Dataset/benchmarks/connect-4.arff,1,8000.0,2.9375,5.53839426073763E-9,8000.0,0.8529197909566008,0.7988999999999999,0.7694444444444444,0.976,-0.002841383921112658,0.0,3.0,488.0,6.0,5.0,1.0,0.0,0.0,0.0,0.0,0.0,8000.0,7288.0
meta.imbalanced.OnlineAdaBoost -l (trees.HoeffdingTree -e 2000000 -g 100 -c 0.01),ArffFileStream -f ./../../../Dataset/benchmarks/connect-4.arff,1,8500.0,3.046875,5.7446110683182865E-9,8500.0,0.8313617886178862,0.7757948717948717,0.7547008547008547,0.854,0.4512103443091265,0.5074778498934507,3.0,394.0,20.0,27.0,3.0,17.0,7.0,13.0,3.0,16.0,8500.0,7288.0
meta.imbalanced.OnlineAdaBoost -l (trees.HoeffdingTree -e 2000000 -g 100 -c 0.01),ArffFileStream -f ./../../../Dataset/benchmarks/connect-4.arff,1,9000.0,3.171875,5.980287419839036E-9,9000.0,0.8160723838293932,0.7848529411764706,0.7715686274509803,0.758,0.5025775526815591,0.5426720377022093,3.0,297.0,26.0,24.0,13.0,63.0,20.0,20.0,18.0,19.0,9000.0,7288.0
meta.imbalanced.OnlineAdaBoost -l (trees.HoeffdingTree -e 2000000 -g 100 -c 0.01),ArffFileStream -f ./../../../Dataset/benchmarks/connect-4.arff,1,9500.0,3.28125,6.1865042274196925E-9,9500.0,0.6228070175438596,0.8138031746031746,0.7862433862433862,0.986,-0.002865329512896854,0.0,3.0,493.0,2.0,4.0,0.0,0.0,0.0,1.0,0.0,0.0,9500.0,7288.0
meta.imbalanced.OnlineAdaBoost -l (trees.HoeffdingTree -e 2000000 -g 100 -c 0.01),ArffFileStream -f ./../../../Dataset/benchmarks/connect-4.arff,1,10000.0,3.375,6.363261491060255E-9,10000.0,0.8411948862272837,0.8236676754385965,0.7991301169590643,0.928,0.21575461833391382,0.22921390709224393,3.0,460.0,13.0,17.0,1.0,2.0,3.0,2.0,0.0,2.0,10000.0,7288.0
meta.imbalanced.OnlineAdaBoost -l (trees.HoeffdingTree -e 2000000 -g 100 -c 0.01),ArffFileStream -f ./../../../Dataset/benchmarks/connect-4.arff,1,10500.0,3.46875,6.540018754700817E-9,10500.0,0.8358104602328602,0.8015168902648778,0.7020181171883958,0.848,0.4243558087043459,0.44798432474164324,3.0,394.0,29.0,30.0,2.0,14.0,5.0,5.0,5.0,16.0,10500.0,7288.0
meta.imbalanced.OnlineAdaBoost -l (trees.HoeffdingTree -e 2000000 -g 100 -c 0.01),ArffFileStream -f ./../../../Dataset/benchmarks/connect-4.arff,1,11000.0,3.609375,6.805154650161662E-9,11000.0,0.7693505372970431,0.7674319444444444,0.6969907407407407,0.698,0.4297755354823116,0.45297086738664494,3.0,256.0,53.0,30.0,20.0,81.0,19.0,9.0,20.0,12.0,11000.0,7288.0
meta.imbalanced.OnlineAdaBoost -l (trees.HoeffdingTree -e 2000000 -g 100 -c 0.01),ArffFileStream -f ./../../../Dataset/benchmarks/connect-4.arff,1,11500.0,3.75,7.070290545622506E-9,11500.0,0.7768376520359598,0.7791152882205514,0.6892230576441103,0.79,0.42577138044560137,0.4494762654730805,3.0,354.0,24.0,33.0,3.0,26.0,13.0,15.0,17.0,15.0,11500.0,7288.0
meta.imbalanced.OnlineAdaBoost -l (trees.HoeffdingTree -e 2000000 -g 100 -c 0.01),ArffFileStream -f ./../../../Dataset/benchmarks/connect-4.arff,1,12000.0,3.859375,7.276507353203162E-9,12000.0,0.7665258456052063,0.7590205387205388,0.6822671156004488,0.72,0.3926247288503254,0.4532033305825399,3.0,293.0,31.0,44.0,21.0,54.0,11.0,21.0,12.0,13.0,12000.0,7288.0
meta.imbalanced.OnlineAdaBoost -l (trees.HoeffdingTree -e 2000000 -g 100 -c 0.01),ArffFileStream -f ./../../../Dataset/benchmarks/connect-4.arff,1,12500.0,3.984375,7.512183704723913E-9,12500.0,0.7985229154817626,0.7782900432900433,0.7046657046657046,0.786,0.35206491461790007,0.43105386272010754,3.0,357.0,39.0,32.0,11.0,23.0,8.0,13.0,4.0,13.0,12500.0,7288.0
meta.imbalanced.OnlineAdaBoost -l (trees.HoeffdingTree -e 2000000 -g 100 -c 0.01),ArffFileStream -f ./../../../Dataset/benchmarks/connect-4.arff,1,13000.0,4.09375,7.71840051230457E-9,13000.0,0.8162497034311128,0.7855069491911598,0.7081851532652448,0.82,0.4259178935013905,0.484426505285966,3.0,373.0,26.0,24.0,16.0,23.0,8.0,7.0,9.0,14.0,13000.0,7288.0
meta.imbalanced.OnlineAdaBoost -l (trees.HoeffdingTree -e 2000000 -g 100 -c 0.01),ArffFileStream -f ./../../../Dataset/benchmarks/connect-4.arff,1,13500.0,4.21875,7.95407686382532E-9,13500.0,0.7891873278236914,0.7474171842650104,0.6856165171382562,0.8,0.4504165842291544,0.501599158009472,3.0,354.0,23.0,33.0,8.0,24.0,11.0,12.0,13.0,22.0,13500.0,7288.0
meta.imbalanced.OnlineAdaBoost -l (trees.HoeffdingTree -e 2000000 -g 100 -c 0.01),ArffFileStream -f ./../../../Dataset/benchmarks/connect-4.arff,1,14000.0,4.34375,8.18975321534607E-9,14000.0,0.820217026709054,0.7721685374149659,0.6922052154195011,0.892,0.3231555990072951,0.3755991822837274,3.0,432.0,27.0,18.0,4.0,7.0,1.0,3.0,1.0,7.0,14000.0,7288.0
meta.imbalanced.OnlineAdaBoost -l (trees.HoeffdingTree -e 2000000 -g 100 -c 0.01),ArffFileStream -f ./../../../Dataset/benchmarks/connect-4.arff,1,14500.0,4.546875,8.572727286567289E-9,14500.0,0.8503883626621175,0.7534662537462536,0.6915906315906316,0.836,0.6174302510030792,0.4651590370507052,3.0,321.0,29.0,20.0,17.0,93.0,3.0,8.0,5.0,4.0,14500.0,7288.0
meta.imbalanced.OnlineAdaBoost -l (trees.HoeffdingTree -e 2000000 -g 100 -c 0.01),ArffFileStream -f ./../../../Dataset/benchmarks/connect-4.arff,1,15000.0,4.671875,8.808403638088039E-9,15000.0,0.7413694558756286,0.7967941580695204,0.699496066645825,0.966,0.046443796275521365,0.0,3.0,483.0,5.0,8.0,1.0,0.0,0.0,2.0,1.0,0.0,15000.0,7288.0
meta.imbalanced.OnlineAdaBoost -l (trees.HoeffdingTree -e 2000000 -g 100 -c 0.01),ArffFileStream -f ./../../../Dataset/benchmarks/connect-4.arff,1,15500.0,4.796875,9.044079989608789E-9,15500.0,0.8748009472606246,0.76889417989418,0.6986331569664903,0.868,0.6475865014950875,0.6010829137521201,3.0,354.0,28.0,13.0,13.0,71.0,6.0,5.0,1.0,9.0,15500.0,7288.0
meta.imbalanced.OnlineAdaBoost -l (trees.HoeffdingTree -e 2000000 -g 100 -c 0.01),ArffFileStream -f ./../../../Dataset/benchmarks/connect-4.arff,1,16000.0,4.921875,9.279756341129539E-9,16000.0,0.772004713746727,0.7699568965517243,0.6980432402846196,0.818,0.33960347179889083,0.3683220612587544,3.0,384.0,39.0,29.0,4.0,17.0,5.0,7.0,7.0,8.0,16000.0,7288.0
meta.imbalanced.OnlineAdaBoost -l (trees.HoeffdingTree -e 2000000 -g 100 -c 0.01),ArffFileStream -f ./../../../Dataset/benchmarks/connect-4.arff,1,16500.0,5.046875,9.515432692650289E-9,16500.0,0.7828679078014184,0.7986514588859416,0.7048629531388151,0.94,0.15416713657381356,0.0,3.0,468.0,14.0,12.0,1.0,0.0,0.0,1.0,2.0,2.0,16500.0,7288.0
meta.imbalanced.OnlineAdaBoost -l (trees.HoeffdingTree -e 2000000 -g 100 -c 0.01),ArffFileStream -f ./../../../Dataset/benchmarks/connect-4.arff,1,17000.0,5.140625,9.692189956290851E-9,17000.0,0.7723575349880151,0.8094474313022699,0.714794902429311,0.962,0.31079512478235666,0.35372583667468077,3.0,477.0,12.0,4.0,1.0,2.0,0.0,1.0,1.0,2.0,17000.0,7288.0
meta.imbalanced.OnlineAdaBoost -l (trees.HoeffdingTree -e 2000000 -g 100 -c 0.01),ArffFileStream -f ./../../../Dataset/benchmarks/connect-4.arff,1,17500.0,5.25,9.898406763871508E-9,17500.0,0.8484772752103136,0.8082448156682027,0.7206061187916026,0.926,0.422848942409684,0.34358510908216533,3.0,450.0,18.0,13.0,2.0,11.0,3.0,0.0,1.0,2.0,17500.0,7288.0
meta.imbalanced.OnlineAdaBoost -l (trees.HoeffdingTree -e 2000000 -g 100 -c 0.01),ArffFileStream -f ./../../../Dataset/benchmarks/connect-4.arff,1,18000.0,5.359375,1.0104623571452165E-8,18000.0,0.8981156595191683,0.8156703892371997,0.7294079443863926,0.932,0.5246616709540326,0.4351664618696029,3.0,445.0,19.0,10.0,5.0,19.0,0.0,0.0,0.0,2.0,18000.0,7288.0
meta.imbalanced.OnlineAdaBoost -l (trees.HoeffdingTree -e 2000000 -g 100 -c 0.01),ArffFileStream -f ./../../../Dataset/benchmarks/connect-4.arff,1,18500.0,5.453125,1.0281380835092727E-8,18500.0,0.7898524863192956,0.8352042596348885,0.7425569078205994,0.94,0.23695187709838092,0.19493451588085775,3.0,467.0,12.0,14.0,0.0,2.0,0.0,0.0,4.0,1.0,18500.0,7288.0
meta.imbalanced.OnlineAdaBoost -l (trees.HoeffdingTree -e 2000000 -g 100 -c 0.01),ArffFileStream -f ./../../../Dataset/benchmarks/connect-4.arff,1,19000.0,5.578125,1.0517057186613477E-8,19000.0,0.7870223698145775,0.807325,0.73255772005772,0.82,0.31427526514689774,0.3585749321927469,3.0,389.0,23.0,35.0,11.0,13.0,6.0,7.0,8.0,8.0,19000.0,7288.0
meta.imbalanced.OnlineAdaBoost -l (trees.HoeffdingTree -e 2000000 -g 100 -c 0.01),ArffFileStream -f ./../../../Dataset/benchmarks/connect-4.arff,1,19500.0,5.734375,1.0811652626014415E-8,19500.0,0.8474480740874184,0.7661212121212121,0.7520763187429853,0.72,0.5595323492027535,0.6830717034321777,3.0,97.0,19.0,30.0,8.0,196.0,29.0,25.0,29.0,67.0,19500.0,7288.0
meta.imbalanced.OnlineAdaBoost -l (trees.HoeffdingTree -e 2000000 -g 100 -c 0.01),ArffFileStream -f ./../../../Dataset/benchmarks/connect-4.arff,1,20000.0,5.890625,1.1106248065415352E-8,20000.0,0.9126517335072957,0.8067163957126007,0.759181382521041,0.818,0.6986315887082887,0.7040728098822038,3.0,216.0,7.0,15.0,12.0,161.0,23.0,13.0,21.0,32.0,20000.0,7288.0
meta.imbalanced.OnlineAdaBoost -l (trees.HoeffdingTree -e 2000000 -g 100 -c 0.01),ArffFileStream -f ./../../../Dataset/benchmarks/connect-4.arff,1,20500.0,6.046875,1.140084350481629E-8,20500.0,0.8287638938598585,0.8161983082706767,0.7536445279866333,0.832,0.5251232418253357,0.5716050085557834,3.0,363.0,15.0,32.0,7.0,30.0,9.0,11.0,10.0,23.0,20500.0,7288.0
meta.imbalanced.OnlineAdaBoost -l (trees.HoeffdingTree -e 2000000 -g 100 -c 0.01),ArffFileStream -f ./../../../Dataset/benchmarks/connect-4.arff,1,21000.0,6.15625,1.1607060312396946E-8,21000.0,0.8454984856297311,0.8318303548303548,0.7563455063455062,0.894,0.48799196243986326,0.5043605395744747,3.0,423.0,8.0,23.0,1.0,10.0,4.0,9.0,8.0,14.0,21000.0,7288.0
meta.imbalanced.OnlineAdaBoost -l (trees.HoeffdingTree -e 2000000 -g 100 -c 0.01),ArffFileStream -f ./../../../Dataset/benchmarks/connect-4.arff,1,21500.0,6.25,1.1783817576037509E-8,21500.0,0.8851194618418,0.8540709768592122,0.7627686510039451,0.956,0.31808319385034994,0.3799715152505227,3.0,473.0,9.0,6.0,1.0,2.0,0.0,5.0,1.0,3.0,21500.0,7288.0
meta.imbalanced.OnlineAdaBoost -l (trees.HoeffdingTree -e 2000000 -g 100 -c 0.01),ArffFileStream -f ./../../../Dataset/benchmarks/connect-4.arff,1,22000.0,6.375,1.2019493927558259E-8,22000.0,0.8509137426900585,0.8600583903436128,0.7788557875358448,0.934,0.49774747351759435,0.4358302507407077,3.0,453.0,5.0,17.0,0.0,10.0,3.0,3.0,5.0,4.0,22000.0,7288.0
meta.imbalanced.OnlineAdaBoost -l (trees.HoeffdingTree -e 2000000 -g 100 -c 0.01),ArffFileStream -f ./../../../Dataset/benchmarks/connect-4.arff,1,22500.0,6.484375,1.2225710735138916E-8,22500.0,0.8879053281908437,0.8613361403508771,0.7809857978279031,0.886,0.6966277782508729,0.4702691982705404,3.0,353.0,39.0,9.0,4.0,88.0,2.0,2.0,1.0,2.0,22500.0,7288.0
meta.imbalanced.OnlineAdaBoost -l (trees.HoeffdingTree -e 2000000 -g 100 -c 0.01),ArffFileStream -f ./../../../Dataset/benchmarks/connect-4.arff,1,23000.0,6.625,1.249084663059976E-8,23000.0,0.8584766320246588,0.8469714285714286,0.8153846153846154,0.742,0.5629903654620105,0.6196934693075998,3.0,204.0,41.0,23.0,22.0,141.0,19.0,11.0,13.0,26.0,23000.0,7288.0
meta.imbalanced.OnlineAdaBoost -l (trees.HoeffdingTree -e 2000000 -g 100 -c 0.01),ArffFileStream -f ./../../../Dataset/benchmarks/connect-4.arff,1,23500.0,6.75,1.272652298212051E-8,23500.0,0.8397917118155215,0.841831712473573,0.8147790194301822,0.774,0.6169075967562584,0.6177480304407754,3.0,153.0,22.0,17.0,15.0,212.0,27.0,14.0,18.0,22.0,23500.0,7288.0
meta.imbalanced.OnlineAdaBoost -l (trees.HoeffdingTree -e 2000000 -g 100 -c 0.01),ArffFileStream -f ./../../../Dataset/benchmarks/connect-4.arff,1,24000.0,6.875,1.296219933364126E-8,24000.0,0.834549981608805,0.8784232058317424,0.8165256244524537,0.942,0.5315175600142157,0.48857907045484583,3.0,458.0,5.0,10.0,1.0,6.0,4.0,3.0,6.0,7.0,24000.0,7288.0
meta.imbalanced.OnlineAdaBoost -l (trees.HoeffdingTree -e 2000000 -g 100 -c 0.01),ArffFileStream -f ./../../../Dataset/benchmarks/connect-4.arff,1,24500.0,7.0,1.319787568516201E-8,24500.0,0.8051280679700804,0.8718050646095759,0.8177731486002162,0.84,0.34731174023007255,0.3906391351522864,3.0,398.0,34.0,21.0,6.0,14.0,4.0,8.0,7.0,8.0,24500.0,7288.0
meta.imbalanced.OnlineAdaBoost -l (trees.HoeffdingTree -e 2000000 -g 100 -c 0.01),ArffFileStream -f ./../../../Dataset/benchmarks/connect-4.arff,1,25000.0,7.140625,1.3463011580622854E-8,25000.0,0.8378231140369773,0.8594884085213033,0.8266249863789908,0.798,0.6254181594309324,0.6268627637146486,3.0,136.0,38.0,15.0,24.0,247.0,15.0,3.0,6.0,16.0,25000.0,7288.0
meta.imbalanced.OnlineAdaBoost -l (trees.HoeffdingTree -e 2000000 -g 100 -c 0.01),ArffFileStream -f ./../../../Dataset/benchmarks/connect-4.arff,1,25500.0,7.25,1.3669228388203511E-8,25500.0,0.8195930767704142,0.8506190300984957,0.8254205133843926,0.704,0.497460136364871,0.5231175848087959,3.0,125.0,29.0,31.0,25.0,210.0,24.0,14.0,25.0,17.0,25500.0,7288.0
meta.imbalanced.OnlineAdaBoost -l (trees.HoeffdingTree -e 2000000 -g 100 -c 0.01),ArffFileStream -f ./../../../Dataset/benchmarks/connect-4.arff,1,26000.0,7.375,1.3904904739724261E-8,26000.0,0.8502874640669917,0.8703450701802669,0.8320466791788348,0.84,0.6495593208459637,0.7009838195731607,3.0,98.0,34.0,7.0,26.0,308.0,7.0,3.0,3.0,14.0,26000.0,7288.0
meta.imbalanced.OnlineAdaBoost -l (trees.HoeffdingTree -e 2000000 -g 100 -c 0.01),ArffFileStream -f ./../../../Dataset/benchmarks/connect-4.arff,1,26500.0,7.5,1.414058109124501E-8,26500.0,0.8513069959930976,0.8672638155495298,0.8340244411672981,0.748,0.5553610750381119,0.5439157772265438,3.0,149.0,43.0,20.0,27.0,211.0,24.0,4.0,8.0,14.0,26500.0,7288.0
meta.imbalanced.OnlineAdaBoost -l (trees.HoeffdingTree -e 2000000 -g 100 -c 0.01),ArffFileStream -f ./../../../Dataset/benchmarks/connect-4.arff,1,27000.0,7.640625,1.4405716986705855E-8,27000.0,0.8060503468456092,0.8703574829931973,0.8468820861678004,0.69,0.4925519724995907,0.5603054349034452,3.0,181.0,29.0,31.0,29.0,140.0,23.0,15.0,28.0,24.0,27000.0,7288.0
meta.imbalanced.OnlineAdaBoost -l (trees.HoeffdingTree -e 2000000 -g 100 -c 0.01),ArffFileStream -f ./../../../Dataset/benchmarks/connect-4.arff,1,27500.0,7.734375,1.4582474250346418E-8,27500.0,0.8842567602102016,0.8834213333333333,0.8535555555555554,0.788,0.6364010564950434,0.6837826994567038,3.0,172.0,26.0,7.0,27.0,198.0,20.0,9.0,17.0,24.0,27500.0,7288.0
meta.imbalanced.OnlineAdaBoost -l (trees.HoeffdingTree -e 2000000 -g 100 -c 0.01),ArffFileStream -f ./../../../Dataset/benchmarks/connect-4.arff,1,28000.0,7.875,1.4847610145807262E-8,28000.0,0.8183528404994375,0.8904202707219251,0.8540079099821747,0.78,0.6114062853267015,0.52266424429711,3.0,218.0,19.0,20.0,29.0,162.0,20.0,12.0,10.0,10.0,28000.0,7288.0
meta.imbalanced.OnlineAdaBoost -l (trees.HoeffdingTree -e 2000000 -g 100 -c 0.01),ArffFileStream -f ./../../../Dataset/benchmarks/connect-4.arff,1,28500.0,8.015625,1.5112746041268106E-8,28500.0,0.8359924467794934,0.895791513601488,0.865881965434395,0.796,0.5675987316229462,0.5949702277748341,3.0,306.0,25.0,23.0,20.0,72.0,15.0,8.0,11.0,20.0,28500.0,7288.0
meta.imbalanced.OnlineAdaBoost -l (trees.HoeffdingTree -e 2000000 -g 100 -c 0.01),ArffFileStream -f ./../../../Dataset/benchmarks/connect-4.arff,1,29000.0,8.140625,1.5348422392788856E-8,29000.0,0.8560076051555331,0.8933664715719064,0.8708147528799701,0.756,0.5709301671262168,0.619779017073602,3.0,136.0,43.0,19.0,26.0,221.0,17.0,9.0,8.0,21.0,29000.0,7288.0
meta.imbalanced.OnlineAdaBoost -l (trees.HoeffdingTree -e 2000000 -g 100 -c 0.01),ArffFileStream -f ./../../../Dataset/benchmarks/connect-4.arff,1,29500.0,8.28125,1.56135582882497E-8,29500.0,0.8207962589572025,0.9004869218148545,0.875093252841407,0.74,0.5573835237719096,0.5670897324342585,3.0,202.0,34.0,27.0,22.0,150.0,18.0,11.0,18.0,18.0,29500.0,7288.0
meta.imbalanced.OnlineAdaBoost -l (trees.HoeffdingTree -e 2000000 -g 100 -c 0.01),ArffFileStream -f ./../../../Dataset/benchmarks/connect-4.arff,1,30000.0,8.40625,1.584923463977045E-8,30000.0,0.8856281742330016,0.9086609509193838,0.8766119585182031,0.828,0.6814814814814815,0.6066031033463664,3.0,247.0,33.0,16.0,14.0,155.0,12.0,7.0,4.0,12.0,30000.0,7288.0
meta.imbalanced.OnlineAdaBoost -l (trees.HoeffdingTree -e 2000000 -g 100 -c 0.01),ArffFileStream -f ./../../../Dataset/benchmarks/connect-4.arff,1,30500.0,8.53125,1.60849109912912E-8,30500.0,0.8372822787403976,0.9091442784180588,0.8871111160745306,0.744,0.5389879344498469,0.6297803508943229,3.0,240.0,31.0,24.0,41.0,104.0,15.0,7.0,10.0,28.0,30500.0,7288.0
meta.imbalanced.OnlineAdaBoost -l (trees.HoeffdingTree -e 2000000 -g 100 -c 0.01),ArffFileStream -f ./../../../Dataset/benchmarks/connect-4.arff,1,31000.0,8.671875,1.6350046886752045E-8,31000.0,0.7743044838820302,0.9108166405023548,0.88936420722135,0.718,0.41304782203276935,0.5239389756297463,3.0,287.0,34.0,43.0,16.0,43.0,8.0,21.0,19.0,29.0,31000.0,7288.0
meta.imbalanced.OnlineAdaBoost -l (trees.HoeffdingTree -e 2000000 -g 100 -c 0.01),ArffFileStream -f ./../../../Dataset/benchmarks/connect-4.arff,1,31500.0,8.8125,1.661518278221289E-8,31500.0,0.8182774764752238,0.9207689642583331,0.8892645394472637,0.814,0.5052980977913952,0.48634047244036355,3.0,352.0,28.0,14.0,17.0,47.0,12.0,7.0,15.0,8.0,31500.0,7288.0
meta.imbalanced.OnlineAdaBoost -l (trees.HoeffdingTree -e 2000000 -g 100 -c 0.01),ArffFileStream -f ./../../../Dataset/benchmarks/connect-4.arff,1,32000.0,8.96875,1.690977822161383E-8,32000.0,0.7693713701752373,0.9175461411395622,0.8901741490363781,0.768,0.4412223742268638,0.4260932399386416,3.0,327.0,24.0,29.0,16.0,49.0,17.0,18.0,12.0,8.0,32000.0,7288.0
meta.imbalanced.OnlineAdaBoost -l (trees.HoeffdingTree -e 2000000 -g 100 -c 0.01),ArffFileStream -f ./../../../Dataset/benchmarks/connect-4.arff,1,32500.0,9.109375,1.7174914117074673E-8,32500.0,0.8521260829913361,0.9243999572487636,0.8900624427149626,0.874,0.41191845269210664,0.4553135461006904,3.0,414.0,18.0,21.0,4.0,15.0,5.0,12.0,3.0,8.0,32500.0,7288.0
meta.imbalanced.OnlineAdaBoost -l (trees.HoeffdingTree -e 2000000 -g 100 -c 0.01),ArffFileStream -f ./../../../Dataset/benchmarks/connect-4.arff,1,33000.0,9.25,1.7440050012535517E-8,33000.0,0.8258735734743482,0.9198032068458508,0.8920918419187354,0.792,0.5823192526727552,0.5350669680862543,3.0,266.0,47.0,14.0,29.0,123.0,8.0,3.0,3.0,7.0,33000.0,7288.0
meta.imbalanced.OnlineAdaBoost -l (trees.HoeffdingTree -e 2000000 -g 100 -c 0.01),ArffFileStream -f ./../../../Dataset/benchmarks/connect-4.arff,1,33500.0,9.421875,1.7764104995876547E-8,33500.0,0.809354795987271,0.9191353821907013,0.8919490412398213,0.792,0.5688868991361158,0.502957694087221,3.0,290.0,38.0,22.0,15.0,98.0,9.0,11.0,9.0,8.0,33500.0,7288.0
meta.imbalanced.OnlineAdaBoost -l (trees.HoeffdingTree -e 2000000 -g 100 -c 0.01),ArffFileStream -f ./../../../Dataset/benchmarks/connect-4.arff,1,34000.0,9.625,1.8147079067097767E-8,34000.0,0.8084478985741902,0.9127091488069863,0.8924056142112181,0.74,0.5352362429927926,0.5560564479414613,3.0,237.0,41.0,26.0,20.0,115.0,19.0,11.0,13.0,18.0,34000.0,7288.0
meta.imbalanced.OnlineAdaBoost -l (trees.HoeffdingTree -e 2000000 -g 100 -c 0.01),ArffFileStream -f ./../../../Dataset/benchmarks/connect-4.arff,1,34500.0,9.828125,1.8530053138318986E-8,34500.0,0.886209991659499,0.9184972488555193,0.8924364370867839,0.8,0.6139830770180966,0.5953936320418743,3.0,273.0,42.0,17.0,12.0,113.0,11.0,5.0,13.0,14.0,34500.0,7288.0
meta.imbalanced.OnlineAdaBoost -l (trees.HoeffdingTree -e 2000000 -g 100 -c 0.01),ArffFileStream -f ./../../../Dataset/benchmarks/connect-4.arff,1,35000.0,10.0,1.8854108121660016E-8,35000.0,0.8277863659604384,0.9108451144094001,0.8924394454751596,0.734,0.5531154239019407,0.6211876062500332,3.0,210.0,35.0,29.0,21.0,127.0,17.0,13.0,18.0,30.0,35000.0,7288.0
meta.imbalanced.OnlineAdaBoost -l (trees.HoeffdingTree -e 2000000 -g 100 -c 0.01),ArffFileStream -f ./../../../Dataset/benchmarks/connect-4.arff,1,35500.0,10.15625,1.9148703561060955E-8,35500.0,0.8452781342157988,0.9141241883116883,0.8931006493506493,0.748,0.5692720013126948,0.6129796842252809,3.0,203.0,43.0,30.0,20.0,147.0,13.0,15.0,5.0,24.0,35500.0,7288.0
meta.imbalanced.OnlineAdaBoost -l (trees.HoeffdingTree -e 2000000 -g 100 -c 0.01),ArffFileStream -f ./../../../Dataset/benchmarks/connect-4.arff,1,36000.0,10.3125,1.9443299000461894E-8,36000.0,0.7896671304515338,0.9107937743157463,0.8922594874070029,0.72,0.5166046309276356,0.4874042981643496,3.0,142.0,31.0,25.0,30.0,206.0,29.0,11.0,14.0,12.0,36000.0,7288.0
meta.imbalanced.OnlineAdaBoost -l (trees.HoeffdingTree -e 2000000 -g 100 -c 0.01),ArffFileStream -f ./../../../Dataset/benchmarks/connect-4.arff,1,36500.0,10.4375,1.9678975351982644E-8,36500.0,0.8127018213632385,0.9140594246485779,0.8926873920638223,0.712,0.50097033545883,0.5205095673304668,3.0,218.0,36.0,37.0,23.0,122.0,13.0,13.0,22.0,16.0,36500.0,7288.0
meta.imbalanced.OnlineAdaBoost -l (trees.HoeffdingTree -e 2000000 -g 100 -c 0.01),ArffFileStream -f ./../../../Dataset/benchmarks/connect-4.arff,1,37000.0,10.609375,2.0003030335323675E-8,37000.0,0.8047995104739974,0.9190283911294383,0.8937362975615332,0.754,0.5273629929066024,0.5231967165245154,3.0,256.0,45.0,22.0,30.0,109.0,17.0,6.0,3.0,12.0,37000.0,7288.0
meta.imbalanced.OnlineAdaBoost -l (trees.HoeffdingTree -e 2000000 -g 100 -c 0.01),ArffFileStream -f ./../../../Dataset/benchmarks/connect-4.arff,1,37500.0,10.75,2.026816623078452E-8,37500.0,0.8088816980121328,0.9323586809447435,0.8947575274653822,0.922,0.41450232697793205,0.359847881666213,3.0,447.0,11.0,17.0,5.0,12.0,3.0,3.0,0.0,2.0,37500.0,7288.0
meta.imbalanced.OnlineAdaBoost -l (trees.HoeffdingTree -e 2000000 -g 100 -c 0.01),ArffFileStream -f ./../../../Dataset/benchmarks/connect-4.arff,1,38000.0,10.84375,2.0444923494425083E-8,38000.0,0.8322849476695632,0.9354105624243133,0.8954700785837988,0.962,0.12931903583539503,0.0,3.0,480.0,4.0,13.0,0.0,1.0,0.0,1.0,1.0,0.0,38000.0,7288.0
meta.imbalanced.OnlineAdaBoost -l (trees.HoeffdingTree -e 2000000 -g 100 -c 0.01),ArffFileStream -f ./../../../Dataset/benchmarks/connect-4.arff,1,38500.0,10.984375,2.0710059389885928E-8,38500.0,0.8114899909231582,0.9257246416409282,0.8964277161723958,0.814,0.48353418115177416,0.4973855881929829,3.0,358.0,34.0,21.0,8.0,35.0,14.0,7.0,9.0,14.0,38500.0,7288.0
meta.imbalanced.OnlineAdaBoost -l (trees.HoeffdingTree -e 2000000 -g 100 -c 0.01),ArffFileStream -f ./../../../Dataset/benchmarks/connect-4.arff,1,39000.0,11.109375,2.0945735741406677E-8,39000.0,0.8313503721112415,0.9309600860774747,0.8970899224451216,0.886,0.3317232161699537,0.364008761042039,3.0,430.0,13.0,26.0,1.0,6.0,4.0,9.0,4.0,7.0,39000.0,7288.0
meta.imbalanced.OnlineAdaBoost -l (trees.HoeffdingTree -e 2000000 -g 100 -c 0.01),ArffFileStream -f ./../../../Dataset/benchmarks/connect-4.arff,1,39500.0,11.234375,2.1181412092927427E-8,39500.0,0.8329977086164667,0.9249247757073844,0.8968110190936277,0.79,0.49389785412690157,0.5237671463278974,3.0,325.0,46.0,28.0,13.0,56.0,5.0,5.0,8.0,14.0,39500.0,7288.0
meta.imbalanced.OnlineAdaBoost -l (trees.HoeffdingTree -e 2000000 -g 100 -c 0.01),ArffFileStream -f ./../../../Dataset/benchmarks/connect-4.arff,1,40000.0,11.375,2.1446547988388272E-8,40000.0,0.7977446213123295,0.9176349106135275,0.8919011265453003,0.738,0.4870148178315215,0.4226061300569683,3.0,260.0,54.0,27.0,24.0,103.0,11.0,4.0,11.0,6.0,40000.0,7288.0
meta.imbalanced.OnlineAdaBoost -l (trees.HoeffdingTree -e 2000000 -g 100 -c 0.01),ArffFileStream -f ./../../../Dataset/benchmarks/connect-4.arff,1,40500.0,11.53125,2.174114342778921E-8,40500.0,0.7516024896615775,0.9152225986167891,0.8914641710181439,0.752,0.46346824510847456,0.49330949356784315,3.0,303.0,33.0,36.0,6.0,58.0,11.0,22.0,16.0,15.0,40500.0,7288.0
meta.imbalanced.OnlineAdaBoost -l (trees.HoeffdingTree -e 2000000 -g 100 -c 0.01),ArffFileStream -f ./../../../Dataset/benchmarks/connect-4.arff,1,41000.0,11.6875,2.203573886719015E-8,41000.0,0.8209043974970279,0.9099390337248958,0.8834290692404282,0.8,0.5609567630220226,0.5636132640260122,3.0,316.0,27.0,26.0,9.0,66.0,17.0,12.0,9.0,18.0,41000.0,7288.0
meta.imbalanced.OnlineAdaBoost -l (trees.HoeffdingTree -e 2000000 -g 100 -c 0.01),ArffFileStream -f ./../../../Dataset/benchmarks/connect-4.arff,1,41500.0,11.84375,2.233033430659109E-8,41500.0,0.8182718870321054,0.9045369291987333,0.8836648802737379,0.736,0.5234932278279955,0.543505744058389,3.0,245.0,40.0,31.0,16.0,104.0,21.0,13.0,11.0,19.0,41500.0,7288.0
meta.imbalanced.OnlineAdaBoost -l (trees.HoeffdingTree -e 2000000 -g 100 -c 0.01),ArffFileStream -f ./../../../Dataset/benchmarks/connect-4.arff,1,42000.0,11.984375,2.2595470202051933E-8,42000.0,0.808616171300735,0.9240652340244103,0.8847104275903035,0.926,0.5644906895171733,0.5483690847244712,3.0,441.0,10.0,11.0,1.0,13.0,5.0,5.0,5.0,9.0,42000.0,7288.0
meta.imbalanced.OnlineAdaBoost -l (trees.HoeffdingTree -e 2000000 -g 100 -c 0.01),ArffFileStream -f ./../../../Dataset/benchmarks/connect-4.arff,1,42500.0,12.09375,2.280168700963259E-8,42500.0,0.7986062772185335,0.9188119301425786,0.8854967474713347,0.816,0.3032414419872763,0.312014070704727,3.0,389.0,25.0,33.0,8.0,14.0,8.0,9.0,9.0,5.0,42500.0,7288.0
meta.imbalanced.OnlineAdaBoost -l (trees.HoeffdingTree -e 2000000 -g 100 -c 0.01),ArffFileStream -f ./../../../Dataset/benchmarks/connect-4.arff,1,43000.0,12.203125,2.3007903817213244E-8,43000.0,0.8193584304289091,0.9173770278683312,0.8851837564255023,0.832,0.5247363418277283,0.46331723605403047,3.0,359.0,26.0,28.0,10.0,50.0,5.0,7.0,8.0,7.0,43000.0,7288.0
meta.imbalanced.OnlineAdaBoost -l (trees.HoeffdingTree -e 2000000 -g 100 -c 0.01),ArffFileStream -f ./../../../Dataset/benchmarks/connect-4.arff,1,43500.0,12.34375,2.3273039712674088E-8,43500.0,0.7868005354752342,0.9172689075630251,0.8828081232492997,0.856,0.3847731350935658,0.40879131039713623,3.0,405.0,26.0,26.0,3.0,14.0,5.0,7.0,5.0,9.0,43500.0,7288.0
meta.imbalanced.OnlineAdaBoost -l (trees.HoeffdingTree -e 2000000 -g 100 -c 0.01),ArffFileStream -f ./../../../Dataset/benchmarks/connect-4.arff,1,44000.0,12.5,2.3567635152075027E-8,44000.0,0.7934584370272777,0.9000819222250716,0.8824122424954592,0.68,0.44062202830452546,0.5351167839253977,3.0,231.0,43.0,47.0,15.0,80.0,16.0,18.0,21.0,29.0,44000.0,7288.0
meta.imbalanced.OnlineAdaBoost -l (trees.HoeffdingTree -e 2000000 -g 100 -c 0.01),ArffFileStream -f ./../../../Dataset/benchmarks/connect-4.arff,1,44500.0,12.640625,2.3832771047535872E-8,44500.0,0.8792282951441507,0.9180482888464956,0.8831622267418537,0.866,0.5585658000500731,0.5654604442464123,3.0,385.0,19.0,20.0,10.0,36.0,5.0,6.0,7.0,12.0,44500.0,7288.0
meta.imbalanced.OnlineAdaBoost -l (trees.HoeffdingTree -e 2000000 -g 100 -c 0.01),ArffFileStream -f ./../../../Dataset/benchmarks/connect-4.arff,1,45000.0,12.765625,2.406844739905662E-8,45000.0,0.795804270680372,0.9257528377407969,0.8841250981813635,0.888,0.12505468408224502,0.0,3.0,440.0,26.0,13.0,7.0,4.0,3.0,7.0,0.0,0.0,45000.0,7288.0
meta.imbalanced.OnlineAdaBoost -l (trees.HoeffdingTree -e 2000000 -g 100 -c 0.01),ArffFileStream -f ./../../../Dataset/benchmarks/connect-4.arff,1,45500.0,12.890625,2.430412375057737E-8,45500.0,0.806047997553391,0.9217645139118329,0.8849109113688369,0.842,0.44566071629055776,0.34440755373987203,3.0,385.0,38.0,21.0,7.0,33.0,8.0,2.0,3.0,3.0,45500.0,7288.0
meta.imbalanced.OnlineAdaBoost -l (trees.HoeffdingTree -e 2000000 -g 100 -c 0.01),ArffFileStream -f ./../../../Dataset/benchmarks/connect-4.arff,1,46000.0,13.03125,2.4569259646038216E-8,46000.0,0.8270007038368621,0.9207226741620058,0.8860962034887985,0.834,0.4283589079588968,0.4454465773624895,3.0,384.0,29.0,27.0,4.0,22.0,7.0,8.0,8.0,11.0,46000.0,7288.0
meta.imbalanced.OnlineAdaBoost -l (trees.HoeffdingTree -e 2000000 -g 100 -c 0.01),ArffFileStream -f ./../../../Dataset/benchmarks/connect-4.arff,1,46500.0,13.125,2.474601690967878E-8,46500.0,0.8266080561906334,0.9141102736021167,0.8831435487201942,0.81,0.443409381188409,0.48700418114042265,3.0,363.0,18.0,34.0,10.0,27.0,9.0,12.0,12.0,15.0,46500.0,7288.0
meta.imbalanced.OnlineAdaBoost -l (trees.HoeffdingTree -e 2000000 -g 100 -c 0.01),ArffFileStream -f ./../../../Dataset/benchmarks/connect-4.arff,1,47000.0,13.265625,2.5011152805139624E-8,47000.0,0.8816993126852282,0.9208520407431436,0.8838875534391708,0.89,0.48061268815985797,0.4702800012404065,3.0,420.0,16.0,23.0,2.0,16.0,3.0,4.0,7.0,9.0,47000.0,7288.0
meta.imbalanced.OnlineAdaBoost -l (trees.HoeffdingTree -e 2000000 -g 100 -c 0.01),ArffFileStream -f ./../../../Dataset/benchmarks/connect-4.arff,1,47500.0,13.40625,2.527628870060047E-8,47500.0,0.7728613303225705,0.910321577354758,0.8810480772723335,0.798,0.5248489866581361,0.4729350044164575,3.0,320.0,36.0,28.0,17.0,71.0,9.0,7.0,4.0,8.0,47500.0,7288.0
meta.imbalanced.OnlineAdaBoost -l (trees.HoeffdingTree -e 2000000 -g 100 -c 0.01),ArffFileStream -f ./../../../Dataset/benchmarks/connect-4.arff,1,48000.0,13.5625,2.5570884140001408E-8,48000.0,0.8583522892167083,0.8958896541660587,0.8819852432211983,0.716,0.5342857517677463,0.5938865838822179,3.0,202.0,25.0,50.0,19.0,123.0,19.0,13.0,16.0,33.0,48000.0,7288.0
meta.imbalanced.OnlineAdaBoost -l (trees.HoeffdingTree -e 2000000 -g 100 -c 0.01),ArffFileStream -f ./../../../Dataset/benchmarks/connect-4.arff,1,48500.0,13.703125,2.5836020035462252E-8,48500.0,0.8264725049980745,0.9125473734897012,0.8822675443876332,0.834,0.48376663764149735,0.5108331107375605,3.0,375.0,17.0,28.0,3.0,14.0,5.0,15.0,15.0,28.0,48500.0,7288.0
meta.imbalanced.OnlineAdaBoost -l (trees.HoeffdingTree -e 2000000 -g 100 -c 0.01),ArffFileStream -f ./../../../Dataset/benchmarks/connect-4.arff,1,49000.0,13.8125,2.6042236843042908E-8,49000.0,0.8689404300585063,0.9210605870059592,0.8827213109070922,0.874,0.42158320938687827,0.478161282931172,3.0,413.0,24.0,16.0,5.0,12.0,3.0,10.0,5.0,12.0,49000.0,7288.0
meta.imbalanced.OnlineAdaBoost -l (trees.HoeffdingTree -e 2000000 -g 100 -c 0.01),ArffFileStream -f ./../../../Dataset/benchmarks/connect-4.arff,1,49500.0,13.9375,2.6277913194563657E-8,49500.0,0.805485924823857,0.9176324210592428,0.8853015902924047,0.808,0.5743171337353673,0.3582693149267374,3.0,300.0,51.0,21.0,15.0,102.0,4.0,3.0,2.0,2.0,49500.0,7288.0
meta.imbalanced.OnlineAdaBoost -l (trees.HoeffdingTree -e 2000000 -g 100 -c 0.01),ArffFileStream -f ./../../../Dataset/benchmarks/connect-4.arff,1,50000.0,14.0625,2.6513589546084407E-8,50000.0,0.7867092522861753,0.9170432428688094,0.8852210085749285,0.794,0.5445621606324839,0.4538561814211798,3.0,299.0,48.0,21.0,19.0,93.0,6.0,7.0,2.0,5.0,50000.0,7288.0
meta.imbalanced.OnlineAdaBoost -l (trees.HoeffdingTree -e 2000000 -g 100 -c 0.01),ArffFileStream -f ./../../../Dataset/benchmarks/connect-4.arff,1,50500.0,14.171875,2.6719806353665063E-8,50500.0,0.7903591782060215,0.919964744487753,0.8876009779046174,0.772,0.5358835311935122,0.0,3.0,256.0,61.0,17.0,28.0,130.0,2.0,4.0,2.0,0.0,50500.0,7288.0
meta.imbalanced.OnlineAdaBoost -l (trees.HoeffdingTree -e 2000000 -g 100 -c 0.01),ArffFileStream -f ./../../../Dataset/benchmarks/connect-4.arff,1,51000.0,14.3125,2.6984942249125907E-8,51000.0,0.844763028662377,0.9131599510264379,0.8902994794360695,0.762,0.5902993913019527,0.5619255174438421,3.0,195.0,42.0,30.0,13.0,172.0,9.0,11.0,14.0,14.0,51000.0,7288.0
meta.imbalanced.OnlineAdaBoost -l (trees.HoeffdingTree -e 2000000 -g 100 -c 0.01),ArffFileStream -f ./../../../Dataset/benchmarks/connect-4.arff,1,51500.0,14.4375,2.7220618600646657E-8,51500.0,0.8455307133127402,0.9047072017073654,0.8883516147177553,0.81,0.5607139554240267,0.6039462271675292,3.0,66.0,21.0,9.0,28.0,322.0,20.0,7.0,10.0,17.0,51500.0,7288.0
meta.imbalanced.OnlineAdaBoost -l (trees.HoeffdingTree -e 2000000 -g 100 -c 0.01),ArffFileStream -f ./../../../Dataset/benchmarks/connect-4.arff,1,52000.0,14.5625,2.7456294952167407E-8,52000.0,0.8363539888738828,0.9036953701213173,0.8878815408944736,0.726,0.5301589914536948,0.5467357099824397,3.0,131.0,29.0,22.0,24.0,214.0,30.0,14.0,18.0,18.0,52000.0,7288.0
meta.imbalanced.OnlineAdaBoost -l (trees.HoeffdingTree -e 2000000 -g 100 -c 0.01),ArffFileStream -f ./../../../Dataset/benchmarks/connect-4.arff,1,52500.0,14.703125,2.772143084762825E-8,52500.0,0.8703013751830236,0.9067973593189449,0.8900532218407844,0.744,0.5787117796135997,0.6236233282448265,3.0,156.0,19.0,16.0,28.0,187.0,34.0,14.0,17.0,29.0,52500.0,7288.0
meta.imbalanced.OnlineAdaBoost -l (trees.HoeffdingTree -e 2000000 -g 100 -c 0.01),ArffFileStream -f ./../../../Dataset/benchmarks/connect-4.arff,1,53000.0,14.8125,2.7927647655208907E-8,53000.0,0.8869037374542555,0.9282188762617769,0.8908785979234586,0.882,0.655502615844544,0.4784365180422564,3.0,372.0,22.0,12.0,9.0,65.0,10.0,5.0,1.0,4.0,53000.0,7288.0
meta.imbalanced.OnlineAdaBoost -l (trees.HoeffdingTree -e 2000000 -g 100 -c 0.01),ArffFileStream -f ./../../../Dataset/benchmarks/connect-4.arff,1,53500.0,14.9375,2.8163324006729656E-8,53500.0,0.8531029299484635,0.9287259498600462,0.8915451705813151,0.862,0.4925649737457529,0.49646452982428824,3.0,393.0,33.0,18.0,5.0,29.0,5.0,5.0,3.0,9.0,53500.0,7288.0
meta.imbalanced.OnlineAdaBoost -l (trees.HoeffdingTree -e 2000000 -g 100 -c 0.01),ArffFileStream -f ./../../../Dataset/benchmarks/connect-4.arff,1,54000.0,15.078125,2.84284599021905E-8,54000.0,0.8548971606272117,0.9271777692588535,0.8926836639487241,0.838,0.5401594114040464,0.5067838883911333,3.0,358.0,39.0,19.0,12.0,53.0,6.0,2.0,3.0,8.0,54000.0,7288.0
meta.imbalanced.OnlineAdaBoost -l (trees.HoeffdingTree -e 2000000 -g 100 -c 0.01),ArffFileStream -f ./../../../Dataset/benchmarks/connect-4.arff,1,54500.0,15.1875,2.8634676709771156E-8,54500.0,0.8297229258529568,0.9237234803480349,0.8930065901326973,0.802,0.6158562138167596,0.5447035370959782,3.0,263.0,46.0,12.0,15.0,131.0,9.0,7.0,10.0,7.0,54500.0,7288.0
meta.imbalanced.OnlineAdaBoost -l (trees.HoeffdingTree -e 2000000 -g 100 -c 0.01),ArffFileStream -f ./../../../Dataset/benchmarks/connect-4.arff,1,55000.0,15.296875,2.884089351735181E-8,55000.0,0.8136594527681735,0.9202083172442532,0.8920388838731084,0.768,0.5579739966771838,0.4728180692188264,3.0,241.0,47.0,19.0,32.0,137.0,11.0,1.0,6.0,6.0,55000.0,7288.0
meta.imbalanced.OnlineAdaBoost -l (trees.HoeffdingTree -e 2000000 -g 100 -c 0.01),ArffFileStream -f ./../../../Dataset/benchmarks/connect-4.arff,1,55500.0,15.4375,2.9106029412812656E-8,55500.0,0.7412014519893299,0.9137355504575378,0.8933782950344914,0.676,0.45781317982529546,0.44978343772835483,3.0,156.0,45.0,28.0,20.0,172.0,24.0,23.0,22.0,10.0,55500.0,7288.0
meta.imbalanced.OnlineAdaBoost -l (trees.HoeffdingTree -e 2000000 -g 100 -c 0.01),ArffFileStream -f ./../../../Dataset/benchmarks/connect-4.arff,1,56000.0,15.578125,2.93711653082735E-8,56000.0,0.7968325476003821,0.9162367368975561,0.8949137084903891,0.76,0.5768121257432237,0.4925605261635186,3.0,156.0,23.0,24.0,34.0,214.0,24.0,5.0,10.0,10.0,56000.0,7288.0
meta.imbalanced.OnlineAdaBoost -l (trees.HoeffdingTree -e 2000000 -g 100 -c 0.01),ArffFileStream -f ./../../../Dataset/benchmarks/connect-4.arff,1,56500.0,15.703125,2.960684165979425E-8,56500.0,0.8128098039215687,0.9141645985366916,0.8937960044549191,0.722,0.5253056485212759,0.5647369168248441,3.0,213.0,38.0,32.0,22.0,125.0,25.0,15.0,7.0,23.0,56500.0,7288.0
meta.imbalanced.OnlineAdaBoost -l (trees.HoeffdingTree -e 2000000 -g 100 -c 0.01),ArffFileStream -f ./../../../Dataset/benchmarks/connect-4.arff,1,57000.0,15.84375,2.987197755525509E-8,57000.0,0.8095178924544005,0.9185126712676621,0.8945247210640597,0.732,0.484345657728658,0.5776071816371422,3.0,276.0,26.0,29.0,14.0,59.0,17.0,25.0,23.0,31.0,57000.0,7288.0
meta.imbalanced.OnlineAdaBoost -l (trees.HoeffdingTree -e 2000000 -g 100 -c 0.01),ArffFileStream -f ./../../../Dataset/benchmarks/connect-4.arff,1,57500.0,15.984375,3.013711345071593E-8,57500.0,0.8066573892827898,0.9274652702818124,0.8947285194325691,0.794,0.40614838218675775,0.46517643900588,3.0,353.0,37.0,29.0,14.0,32.0,6.0,10.0,7.0,12.0,57500.0,7288.0
meta.imbalanced.OnlineAdaBoost -l (trees.HoeffdingTree -e 2000000 -g 100 -c 0.01),ArffFileStream -f ./../../../Dataset/benchmarks/connect-4.arff,1,58000.0,16.125,3.0402249346176774E-8,58000.0,0.8080060616263597,0.9269594465251769,0.8931509224580385,0.82,0.46419003393463104,0.4794977956532414,3.0,364.0,35.0,26.0,8.0,35.0,6.0,7.0,8.0,11.0,58000.0,7288.0
meta.imbalanced.OnlineAdaBoost -l (trees.HoeffdingTree -e 2000000 -g 100 -c 0.01),ArffFileStream -f ./../../../Dataset/benchmarks/connect-4.arff,1,58500.0,16.25,3.0637925697697524E-8,58500.0,0.8002839452676804,0.9173583354348178,0.8913805885182777,0.732,0.4818212051137286,0.5070933924129003,3.0,265.0,39.0,34.0,26.0,86.0,15.0,8.0,12.0,15.0,58500.0,7288.0
meta.imbalanced.OnlineAdaBoost -l (trees.HoeffdingTree -e 2000000 -g 100 -c 0.01),ArffFileStream -f ./../../../Dataset/benchmarks/connect-4.arff,1,59000.0,16.375,3.0873602049218273E-8,59000.0,0.8324833569448532,0.9112662613156589,0.891581165376346,0.672,0.4511599266428391,0.5921895570929406,3.0,210.0,46.0,29.0,24.0,86.0,17.0,22.0,26.0,40.0,59000.0,7288.0
meta.imbalanced.OnlineAdaBoost -l (trees.HoeffdingTree -e 2000000 -g 100 -c 0.01),ArffFileStream -f ./../../../Dataset/benchmarks/connect-4.arff,1,59500.0,16.53125,3.116819748861921E-8,59500.0,0.7768048330443289,0.9102531555512922,0.8908354672329826,0.694,0.41862232490272366,0.5332078369522258,3.0,264.0,44.0,34.0,20.0,41.0,22.0,16.0,17.0,42.0,59500.0,7288.0
meta.imbalanced.OnlineAdaBoost -l (trees.HoeffdingTree -e 2000000 -g 100 -c 0.01),ArffFileStream -f ./../../../Dataset/benchmarks/connect-4.arff,1,60000.0,16.671875,3.1433333384080054E-8,60000.0,0.7850811292392049,0.9144876342956536,0.8910588790972382,0.698,0.44663104583067637,0.5130619872368686,3.0,246.0,33.0,37.0,29.0,84.0,18.0,16.0,18.0,19.0,60000.0,7288.0
meta.imbalanced.OnlineAdaBoost -l (trees.HoeffdingTree -e 2000000 -g 100 -c 0.01),ArffFileStream -f ./../../../Dataset/benchmarks/connect-4.arff,1,60500.0,16.8125,3.1698469279540895E-8,60500.0,0.7679181806316531,0.9231344572882333,0.8915201696973184,0.778,0.4220194951262185,0.48148228303060076,3.0,339.0,33.0,22.0,24.0,37.0,16.0,9.0,7.0,13.0,60500.0,7288.0
meta.imbalanced.OnlineAdaBoost -l (trees.HoeffdingTree -e 2000000 -g 100 -c 0.01),ArffFileStream -f ./../../../Dataset/benchmarks/connect-4.arff,1,61000.0,16.921875,3.190468608712155E-8,61000.0,0.8019941018301674,0.9226971826117016,0.8907865929190792,0.794,0.4363453287803171,0.45510611393252803,3.0,345.0,38.0,33.0,15.0,42.0,7.0,6.0,4.0,10.0,61000.0,7288.0
meta.imbalanced.OnlineAdaBoost -l (trees.HoeffdingTree -e 2000000 -g 100 -c 0.01),ArffFileStream -f ./../../../Dataset/benchmarks/connect-4.arff,1,61500.0,17.0625,3.2169821982582394E-8,61500.0,0.8006644439176699,0.9137245582513671,0.885963120500457,0.696,0.41615708447285116,0.5380426695389369,3.0,263.0,38.0,27.0,28.0,59.0,20.0,23.0,16.0,26.0,61500.0,7288.0
meta.imbalanced.OnlineAdaBoost -l (trees.HoeffdingTree -e 2000000 -g 100 -c 0.01),ArffFileStream -f ./../../../Dataset/benchmarks/connect-4.arff,1,62000.0,17.1875,3.2405498334103144E-8,62000.0,0.8200402058611015,0.9167464863229836,0.8877667822087059,0.74,0.4317635436973834,0.5107997217765282,3.0,304.0,34.0,35.0,15.0,43.0,16.0,16.0,14.0,23.0,62000.0,7288.0
meta.imbalanced.OnlineAdaBoost -l (trees.HoeffdingTree -e 2000000 -g 100 -c 0.01),ArffFileStream -f ./../../../Dataset/benchmarks/connect-4.arff,1,62500.0,17.328125,3.2670634229563985E-8,62500.0,0.8760694814730777,0.916200748705059,0.887208110268455,0.794,0.6259686685210875,0.6571284134435652,3.0,260.0,24.0,19.0,16.0,111.0,16.0,13.0,15.0,26.0,62500.0,7288.0
meta.imbalanced.OnlineAdaBoost -l (trees.HoeffdingTree -e 2000000 -g 100 -c 0.01),ArffFileStream -f ./../../../Dataset/benchmarks/connect-4.arff,1,63000.0,17.453125,3.2906310581084735E-8,63000.0,0.8502443830948558,0.9000469010555263,0.8827151897254105,0.726,0.5290315926982708,0.6443176860338666,3.0,107.0,40.0,18.0,24.0,224.0,18.0,18.0,19.0,32.0,63000.0,7288.0
meta.imbalanced.OnlineAdaBoost -l (trees.HoeffdingTree -e 2000000 -g 100 -c 0.01),ArffFileStream -f ./../../../Dataset/benchmarks/connect-4.arff,1,63500.0,17.609375,3.3200906020485674E-8,63500.0,0.8279999790387665,0.9032867243449104,0.8813254037247082,0.78,0.6149403157489413,0.5517988666496412,3.0,175.0,36.0,19.0,19.0,202.0,24.0,7.0,5.0,13.0,63500.0,7288.0
meta.imbalanced.OnlineAdaBoost -l (trees.HoeffdingTree -e 2000000 -g 100 -c 0.01),ArffFileStream -f ./../../../Dataset/benchmarks/connect-4.arff,1,64000.0,17.734375,3.3436582372006424E-8,64000.0,0.817219905728789,0.9178376758182794,0.8819862398526191,0.826,0.4181224751866019,0.44889747013951736,3.0,378.0,28.0,30.0,10.0,24.0,9.0,6.0,4.0,11.0,64000.0,7288.0
meta.imbalanced.OnlineAdaBoost -l (trees.HoeffdingTree -e 2000000 -g 100 -c 0.01),ArffFileStream -f ./../../../Dataset/benchmarks/connect-4.arff,1,64500.0,17.875,3.3701718267467265E-8,64500.0,0.7526009791921665,0.8950771488189343,0.8793787643814902,0.634,0.4080888060860115,0.5013590119248669,3.0,176.0,34.0,43.0,31.0,117.0,33.0,21.0,21.0,24.0,64500.0,7288.0
meta.imbalanced.OnlineAdaBoost -l (trees.HoeffdingTree -e 2000000 -g 100 -c 0.01),ArffFileStream -f ./../../../Dataset/benchmarks/connect-4.arff,1,65000.0,18.015625,3.3966854162928106E-8,65000.0,0.7796579565531241,0.8999126946017931,0.8792099636118094,0.68,0.4550668564850451,0.5417755744807017,3.0,217.0,30.0,37.0,26.0,98.0,21.0,22.0,24.0,25.0,65000.0,7288.0
meta.imbalanced.OnlineAdaBoost -l (trees.HoeffdingTree -e 2000000 -g 100 -c 0.01),ArffFileStream -f ./../../../Dataset/benchmarks/connect-4.arff,1,65500.0,18.171875,3.4261449602329045E-8,65500.0,0.7863016176511514,0.9112104536759037,0.8810437273646659,0.738,0.4345161011827678,0.47422054056003976,3.0,293.0,52.0,27.0,19.0,65.0,9.0,12.0,12.0,11.0,65500.0,7288.0
meta.imbalanced.OnlineAdaBoost -l (trees.HoeffdingTree -e 2000000 -g 100 -c 0.01),ArffFileStream -f ./../../../Dataset/benchmarks/connect-4.arff,1,66000.0,18.328125,3.4556045041729984E-8,66000.0,0.7774069174995101,0.9111056095373805,0.8814851269039228,0.718,0.4004490254107561,0.45523916604125025,3.0,287.0,52.0,25.0,26.0,61.0,14.0,11.0,13.0,11.0,66000.0,7288.0
meta.imbalanced.OnlineAdaBoost -l (trees.HoeffdingTree -e 2000000 -g 100 -c 0.01),ArffFileStream -f ./../../../Dataset/benchmarks/connect-4.arff,1,66500.0,18.453125,3.4791721393250734E-8,66500.0,0.7819470742176056,0.9098593017140424,0.8813327123034884,0.732,0.4808052942361638,0.4980810913287355,3.0,260.0,43.0,30.0,27.0,94.0,12.0,12.0,10.0,12.0,66500.0,7288.0
meta.imbalanced.OnlineAdaBoost -l (trees.HoeffdingTree -e 2000000 -g 100 -c 0.01),ArffFileStream -f ./../../../Dataset/benchmarks/connect-4.arff,1,67000.0,18.5625,3.499793820083139E-8,67000.0,0.8052549568769186,0.91308664595104,0.8804833831421806,0.808,0.5801810469235144,0.4615478680700504,3.0,312.0,30.0,23.0,8.0,85.0,17.0,12.0,6.0,7.0,67000.0,7288.0
meta.imbalanced.OnlineAdaBoost -l (trees.HoeffdingTree -e 2000000 -g 100 -c 0.01),ArffFileStream -f ./../../../Dataset/benchmarks/connect-4.arff,1,67500.0,18.765625,3.538091227205261E-8,67500.0,0.7674395046278469,0.8994033053531713,0.8806847214195795,0.69,0.49605623362182755,0.5916842206119365,3.0,203.0,26.0,32.0,14.0,106.0,28.0,28.0,27.0,36.0,67500.0,7288.0
meta.imbalanced.OnlineAdaBoost -l (trees.HoeffdingTree -e 2000000 -g 100 -c 0.01),ArffFileStream -f ./../../../Dataset/benchmarks/connect-4.arff,1,67557.0,18.796875,3.54398313599328E-8,67557.0,0.7674958407763209,0.8975579148581112,0.8865333028986022,0.658,0.4655247858973558,0.5892300286119866,3.0,177.0,27.0,35.0,12.0,106.0,37.0,29.0,31.0,46.0,67557.0,7288.0
