Learner,stream,randomSeed,learning evaluation instances,evaluation time (cpu seconds),model cost (RAM-Hours),classified instances,PMAUC,WMAUC,EWMAUC,Accuracy,Kappa,G-Mean,Classes,CM[0][0],CM[0][1],CM[0][2],CM[1][0],CM[1][1],CM[1][2],CM[2][0],CM[2][1],CM[2][2],model training instances,model serialized size (bytes),members size
meta.DynamicWeightedMajority -l (trees.HoeffdingTree -e 2000000 -g 100 -c 0.01) -e 10,ArffFileStream -f ./../../../Dataset/benchmarks/connect-4.arff,1,500.0,0.109375,2.055377182033327E-10,500.0,0.5579427915207892,1.0,1.0,0.728,0.1707317073170733,0.0,3.0,340.0,85.0,29.0,19.0,24.0,3.0,0.0,0.0,0.0,500.0,7264.0,4.0
meta.DynamicWeightedMajority -l (trees.HoeffdingTree -e 2000000 -g 100 -c 0.01) -e 10,ArffFileStream -f ./../../../Dataset/benchmarks/connect-4.arff,1,1000.0,0.140625,2.6426278054714203E-10,1000.0,0.508625366771854,1.0,1.0,0.892,0.0,0.0,3.0,446.0,45.0,9.0,0.0,0.0,0.0,0.0,0.0,0.0,1000.0,7264.0,4.0
meta.DynamicWeightedMajority -l (trees.HoeffdingTree -e 2000000 -g 100 -c 0.01) -e 10,ArffFileStream -f ./../../../Dataset/benchmarks/connect-4.arff,1,1500.0,0.21875,4.110754364066654E-10,1500.0,0.5473619093231162,0.506,0.6666666666666666,0.928,0.0,0.0,3.0,464.0,30.0,6.0,0.0,0.0,0.0,0.0,0.0,0.0,1500.0,7264.0,7.0
meta.DynamicWeightedMajority -l (trees.HoeffdingTree -e 2000000 -g 100 -c 0.01) -e 10,ArffFileStream -f ./../../../Dataset/benchmarks/connect-4.arff,1,2000.0,0.265625,4.991630299223794E-10,2000.0,0.6279940805271682,0.36666666666666664,0.5555555555555556,0.774,0.1526059242594678,0.0,3.0,374.0,81.0,20.0,7.0,13.0,5.0,0.0,0.0,0.0,2000.0,7264.0,8.0
meta.DynamicWeightedMajority -l (trees.HoeffdingTree -e 2000000 -g 100 -c 0.01) -e 10,ArffFileStream -f ./../../../Dataset/benchmarks/connect-4.arff,1,2500.0,0.359375,6.753382169538074E-10,2500.0,0.6180543828146504,0.682,0.7777777777777777,0.618,0.3027670292764839,0.0,3.0,122.0,24.0,8.0,139.0,187.0,15.0,5.0,0.0,0.0,2500.0,7264.0,10.0
meta.DynamicWeightedMajority -l (trees.HoeffdingTree -e 2000000 -g 100 -c 0.01) -e 10,ArffFileStream -f ./../../../Dataset/benchmarks/connect-4.arff,1,3000.0,0.46875,8.808759351571401E-10,3000.0,0.7047187752579279,0.715625,0.7916666666666666,0.68,0.408581482686223,0.28619315560295916,3.0,207.0,78.0,27.0,33.0,131.0,16.0,6.0,0.0,2.0,3000.0,7264.0,10.0
meta.DynamicWeightedMajority -l (trees.HoeffdingTree -e 2000000 -g 100 -c 0.01) -e 10,ArffFileStream -f ./../../../Dataset/benchmarks/connect-4.arff,1,3500.0,0.59375,1.1157761845323773E-9,3500.0,0.7287684091617282,0.8004166666666667,0.8611111111111109,0.798,0.6124358216744308,0.0,3.0,192.0,31.0,10.0,49.0,207.0,11.0,0.0,0.0,0.0,3500.0,7264.0,10.0
meta.DynamicWeightedMajority -l (trees.HoeffdingTree -e 2000000 -g 100 -c 0.01) -e 10,ArffFileStream -f ./../../../Dataset/benchmarks/connect-4.arff,1,4000.0,0.734375,1.3800389650795193E-9,4000.0,0.6475107393847965,0.7816000000000001,0.8444444444444443,0.688,0.3992606284658039,0.0,3.0,123.0,33.0,15.0,91.0,221.0,17.0,0.0,0.0,0.0,4000.0,7264.0,7.0
meta.DynamicWeightedMajority -l (trees.HoeffdingTree -e 2000000 -g 100 -c 0.01) -e 10,ArffFileStream -f ./../../../Dataset/benchmarks/connect-4.arff,1,4500.0,0.8125,1.5268516209390427E-9,4500.0,0.6366726776069224,0.7937777777777778,0.8518518518518519,0.734,0.33867695612395066,0.22271891911135783,3.0,311.0,73.0,29.0,21.0,55.0,6.0,4.0,0.0,1.0,4500.0,7264.0,10.0
meta.DynamicWeightedMajority -l (trees.HoeffdingTree -e 2000000 -g 100 -c 0.01) -e 10,ArffFileStream -f ./../../../Dataset/benchmarks/connect-4.arff,1,5000.0,0.890625,1.673664276798566E-9,5000.0,0.6525369133828648,0.7766666666666666,0.8412698412698412,0.642,0.3175492775172521,0.0,3.0,107.0,31.0,5.0,114.0,214.0,26.0,3.0,0.0,0.0,5000.0,7264.0,10.0
meta.DynamicWeightedMajority -l (trees.HoeffdingTree -e 2000000 -g 100 -c 0.01) -e 10,ArffFileStream -f ./../../../Dataset/benchmarks/connect-4.arff,1,5500.0,0.984375,1.849839463829994E-9,5500.0,0.6857381067180971,0.6558869047619047,0.6378968253968254,0.646,0.23584368038406414,0.39638684853754014,3.0,274.0,75.0,37.0,23.0,33.0,8.0,23.0,11.0,16.0,5500.0,7264.0,10.0
meta.DynamicWeightedMajority -l (trees.HoeffdingTree -e 2000000 -g 100 -c 0.01) -e 10,ArffFileStream -f ./../../../Dataset/benchmarks/connect-4.arff,1,6000.0,1.109375,2.0847397132052315E-9,6000.0,0.7943116743102041,0.7036887175324675,0.6656520562770561,0.636,0.42515666060238533,0.5416218865221923,3.0,131.0,33.0,30.0,31.0,154.0,49.0,17.0,22.0,33.0,6000.0,7264.0,9.0
meta.DynamicWeightedMajority -l (trees.HoeffdingTree -e 2000000 -g 100 -c 0.01) -e 10,ArffFileStream -f ./../../../Dataset/benchmarks/connect-4.arff,1,6500.0,1.203125,2.2609149002366594E-9,6500.0,0.807746582803457,0.7311,0.6722222222222222,0.764,0.5493672046254783,0.4598352607228935,3.0,260.0,14.0,15.0,45.0,116.0,22.0,18.0,4.0,6.0,6500.0,7264.0,10.0
meta.DynamicWeightedMajority -l (trees.HoeffdingTree -e 2000000 -g 100 -c 0.01) -e 10,ArffFileStream -f ./../../../Dataset/benchmarks/connect-4.arff,1,7000.0,1.328125,2.4958151496118967E-9,7000.0,0.6405295315682281,0.7314487179487179,0.6774572649572649,0.984,0.3288590604026832,0.0,3.0,491.0,2.0,4.0,0.0,1.0,1.0,0.0,1.0,0.0,7000.0,7264.0,10.0
meta.DynamicWeightedMajority -l (trees.HoeffdingTree -e 2000000 -g 100 -c 0.01) -e 10,ArffFileStream -f ./../../../Dataset/benchmarks/connect-4.arff,1,7500.0,1.390625,2.6132652742995155E-9,7500.0,0.4986586183769282,0.7398522077922077,0.6817316017316016,0.99,-0.004016064257032142,0.0,3.0,495.0,2.0,1.0,2.0,0.0,0.0,0.0,0.0,0.0,7500.0,7264.0,10.0
meta.DynamicWeightedMajority -l (trees.HoeffdingTree -e 2000000 -g 100 -c 0.01) -e 10,ArffFileStream -f ./../../../Dataset/benchmarks/connect-4.arff,1,8000.0,1.4375,2.7013528678152296E-9,8000.0,0.49850034083162925,0.7438462121212123,0.6852904040404041,0.978,0.0,0.0,3.0,489.0,6.0,5.0,0.0,0.0,0.0,0.0,0.0,0.0,8000.0,7264.0,10.0
meta.DynamicWeightedMajority -l (trees.HoeffdingTree -e 2000000 -g 100 -c 0.01) -e 10,ArffFileStream -f ./../../../Dataset/benchmarks/connect-4.arff,1,8500.0,1.484375,2.7894404613309438E-9,8500.0,0.632658536585366,0.7295673076923077,0.688301282051282,0.834,0.18483598507169557,0.0,3.0,407.0,30.0,47.0,2.0,10.0,3.0,1.0,0.0,0.0,8500.0,7264.0,10.0
meta.DynamicWeightedMajority -l (trees.HoeffdingTree -e 2000000 -g 100 -c 0.01) -e 10,ArffFileStream -f ./../../../Dataset/benchmarks/connect-4.arff,1,9000.0,1.546875,2.9068905860185626E-9,9000.0,0.7200579448243,0.7383504363283775,0.6908828916181857,0.668,0.0661461087545992,0.0,3.0,325.0,98.0,60.0,3.0,9.0,3.0,2.0,0.0,0.0,9000.0,7264.0,10.0
meta.DynamicWeightedMajority -l (trees.HoeffdingTree -e 2000000 -g 100 -c 0.01) -e 10,ArffFileStream -f ./../../../Dataset/benchmarks/connect-4.arff,1,9500.0,1.625,3.0537032418780857E-9,9500.0,0.5821524966261808,0.7552349206349206,0.693121693121693,0.988,0.0,0.0,3.0,494.0,2.0,4.0,0.0,0.0,0.0,0.0,0.0,0.0,9500.0,7264.0,10.0
meta.DynamicWeightedMajority -l (trees.HoeffdingTree -e 2000000 -g 100 -c 0.01) -e 10,ArffFileStream -f ./../../../Dataset/benchmarks/connect-4.arff,1,10000.0,1.6875,3.1711533665657046E-9,10000.0,0.55250779937605,0.7501489802631579,0.6950822368421052,0.926,0.0,0.0,3.0,463.0,15.0,22.0,0.0,0.0,0.0,0.0,0.0,0.0,10000.0,7264.0,10.0
meta.DynamicWeightedMajority -l (trees.HoeffdingTree -e 2000000 -g 100 -c 0.01) -e 10,ArffFileStream -f ./../../../Dataset/benchmarks/connect-4.arff,1,10500.0,1.734375,3.2592409600814187E-9,10500.0,0.6480343938628375,0.7443589267285863,0.6953130374957,0.81,0.20476804339455254,0.17717901605101996,3.0,390.0,33.0,48.0,11.0,14.0,2.0,0.0,1.0,1.0,10500.0,7264.0,10.0
meta.DynamicWeightedMajority -l (trees.HoeffdingTree -e 2000000 -g 100 -c 0.01) -e 10,ArffFileStream -f ./../../../Dataset/benchmarks/connect-4.arff,1,11000.0,1.828125,3.4354161471128466E-9,11000.0,0.6896060319701389,0.7582694444444443,0.6976851851851852,0.682,0.3657555885309464,0.352233086715383,3.0,260.0,73.0,40.0,24.0,75.0,15.0,1.0,6.0,6.0,11000.0,7264.0,10.0
meta.DynamicWeightedMajority -l (trees.HoeffdingTree -e 2000000 -g 100 -c 0.01) -e 10,ArffFileStream -f ./../../../Dataset/benchmarks/connect-4.arff,1,11500.0,1.890625,3.5528662718004654E-9,11500.0,0.6785379466145388,0.7325844021819253,0.6910659000442282,0.742,0.22339682616129278,0.28580990749354424,3.0,348.0,42.0,48.0,14.0,17.0,7.0,10.0,8.0,6.0,11500.0,7264.0,10.0
meta.DynamicWeightedMajority -l (trees.HoeffdingTree -e 2000000 -g 100 -c 0.01) -e 10,ArffFileStream -f ./../../../Dataset/benchmarks/connect-4.arff,1,12000.0,1.9375,3.6409538653161795E-9,12000.0,0.709738225186982,0.7373002946127947,0.6934273288439955,0.71,0.27944581929494994,0.0,3.0,313.0,54.0,57.0,22.0,42.0,11.0,0.0,1.0,0.0,12000.0,7264.0,10.0
meta.DynamicWeightedMajority -l (trees.HoeffdingTree -e 2000000 -g 100 -c 0.01) -e 10,ArffFileStream -f ./../../../Dataset/benchmarks/connect-4.arff,1,12500.0,1.984375,3.729041458831893E-9,12500.0,0.6726797264978813,0.700400432900433,0.6762866762866763,0.766,0.11094224924012197,0.0,3.0,373.0,56.0,51.0,8.0,10.0,2.0,0.0,0.0,0.0,12500.0,7264.0,10.0
meta.DynamicWeightedMajority -l (trees.HoeffdingTree -e 2000000 -g 100 -c 0.01) -e 10,ArffFileStream -f ./../../../Dataset/benchmarks/connect-4.arff,1,13000.0,2.03125,3.817129052347607E-9,13000.0,0.6653308446786708,0.7049413875598087,0.6784593648152,0.792,0.02534113060428836,0.0,3.0,394.0,56.0,46.0,2.0,2.0,0.0,0.0,0.0,0.0,13000.0,7264.0,10.0
meta.DynamicWeightedMajority -l (trees.HoeffdingTree -e 2000000 -g 100 -c 0.01) -e 10,ArffFileStream -f ./../../../Dataset/benchmarks/connect-4.arff,1,13500.0,2.078125,3.9052166458633215E-9,13500.0,0.5559143124651146,0.6992748447204968,0.6804261559696342,0.748,0.0,0.0,3.0,374.0,60.0,66.0,0.0,0.0,0.0,0.0,0.0,0.0,13500.0,7264.0,10.0
meta.DynamicWeightedMajority -l (trees.HoeffdingTree -e 2000000 -g 100 -c 0.01) -e 10,ArffFileStream -f ./../../../Dataset/benchmarks/connect-4.arff,1,14000.0,2.125,3.993304239379036E-9,14000.0,0.5418792293507556,0.7145163350340136,0.6822151360544217,0.878,0.0,0.0,3.0,439.0,35.0,26.0,0.0,0.0,0.0,0.0,0.0,0.0,14000.0,7264.0,10.0
meta.DynamicWeightedMajority -l (trees.HoeffdingTree -e 2000000 -g 100 -c 0.01) -e 10,ArffFileStream -f ./../../../Dataset/benchmarks/connect-4.arff,1,14500.0,2.21875,4.169479426410464E-9,14500.0,0.6639998516563079,0.7406407592407592,0.6838494838494839,0.76,0.41282967167392476,0.0,3.0,310.0,57.0,18.0,36.0,70.0,9.0,0.0,0.0,0.0,14500.0,7264.0,10.0
meta.DynamicWeightedMajority -l (trees.HoeffdingTree -e 2000000 -g 100 -c 0.01) -e 10,ArffFileStream -f ./../../../Dataset/benchmarks/connect-4.arff,1,15000.0,2.296875,4.3162920822699875E-9,15000.0,0.6261288294467307,0.7212568570720743,0.6853485014716898,0.972,0.0,0.0,3.0,486.0,6.0,8.0,0.0,0.0,0.0,0.0,0.0,0.0,15000.0,7264.0,10.0
meta.DynamicWeightedMajority -l (trees.HoeffdingTree -e 2000000 -g 100 -c 0.01) -e 10,ArffFileStream -f ./../../../Dataset/benchmarks/connect-4.arff,1,15500.0,2.34375,4.4043796757857016E-9,15500.0,0.7030101126472096,0.7376560846560847,0.6867283950617283,0.792,0.36603920803667217,0.0,3.0,353.0,57.0,24.0,18.0,43.0,4.0,1.0,0.0,0.0,15500.0,7264.0,10.0
meta.DynamicWeightedMajority -l (trees.HoeffdingTree -e 2000000 -g 100 -c 0.01) -e 10,ArffFileStream -f ./../../../Dataset/benchmarks/connect-4.arff,1,16000.0,2.390625,4.492467269301416E-9,16000.0,0.5666258439615884,0.7235606527093597,0.6880028735632184,0.8,0.12507874291313809,0.0,3.0,392.0,55.0,39.0,3.0,8.0,3.0,0.0,0.0,0.0,16000.0,7264.0,10.0
meta.DynamicWeightedMajority -l (trees.HoeffdingTree -e 2000000 -g 100 -c 0.01) -e 10,ArffFileStream -f ./../../../Dataset/benchmarks/connect-4.arff,1,16500.0,2.4375,4.58055486281713E-9,16500.0,0.5106034701114489,0.7277667550839964,0.6891836133215442,0.94,0.0,0.0,3.0,470.0,16.0,14.0,0.0,0.0,0.0,0.0,0.0,0.0,16500.0,7264.0,10.0
meta.DynamicWeightedMajority -l (trees.HoeffdingTree -e 2000000 -g 100 -c 0.01) -e 10,ArffFileStream -f ./../../../Dataset/benchmarks/connect-4.arff,1,17000.0,2.46875,4.639279925160939E-9,17000.0,0.5069821387149154,0.7334579066393583,0.6902806224042782,0.958,0.0,0.0,3.0,479.0,15.0,6.0,0.0,0.0,0.0,0.0,0.0,0.0,17000.0,7264.0,10.0
meta.DynamicWeightedMajority -l (trees.HoeffdingTree -e 2000000 -g 100 -c 0.01) -e 10,ArffFileStream -f ./../../../Dataset/benchmarks/connect-4.arff,1,17500.0,2.515625,4.727367518676653E-9,17500.0,0.6062779962853709,0.7328910878867676,0.6913025290761465,0.904,0.0,0.0,3.0,452.0,30.0,18.0,0.0,0.0,0.0,0.0,0.0,0.0,17500.0,7264.0,10.0
meta.DynamicWeightedMajority -l (trees.HoeffdingTree -e 2000000 -g 100 -c 0.01) -e 10,ArffFileStream -f ./../../../Dataset/benchmarks/connect-4.arff,1,18000.0,2.546875,4.786092581020463E-9,18000.0,0.5810883690708252,0.7394598704097628,0.692256812272976,0.9,0.0,0.0,3.0,450.0,38.0,12.0,0.0,0.0,0.0,0.0,0.0,0.0,18000.0,7264.0,10.0
meta.DynamicWeightedMajority -l (trees.HoeffdingTree -e 2000000 -g 100 -c 0.01) -e 10,ArffFileStream -f ./../../../Dataset/benchmarks/connect-4.arff,1,18500.0,2.609375,4.903542705708082E-9,18500.0,0.5215454569487403,0.6944234787018255,0.650773326572008,0.934,0.0,0.0,3.0,467.0,18.0,15.0,0.0,0.0,0.0,0.0,0.0,0.0,18500.0,7264.0,10.0
meta.DynamicWeightedMajority -l (trees.HoeffdingTree -e 2000000 -g 100 -c 0.01) -e 10,ArffFileStream -f ./../../../Dataset/benchmarks/connect-4.arff,1,19000.0,2.65625,4.991630299223796E-9,19000.0,0.5670370784007147,0.6851333333333333,0.6518037518037517,0.804,0.0816575144779509,0.09688426343352488,3.0,399.0,40.0,42.0,5.0,1.0,5.0,3.0,3.0,2.0,19000.0,7264.0,10.0
meta.DynamicWeightedMajority -l (trees.HoeffdingTree -e 2000000 -g 100 -c 0.01) -e 10,ArffFileStream -f ./../../../Dataset/benchmarks/connect-4.arff,1,19500.0,2.734375,5.138442955083319E-9,19500.0,0.7441594607578215,0.707510101010101,0.6758417508417507,0.642,0.4002385643252517,0.43336904606741117,3.0,89.0,22.0,40.0,31.0,215.0,69.0,10.0,7.0,17.0,19500.0,7264.0,10.0
meta.DynamicWeightedMajority -l (trees.HoeffdingTree -e 2000000 -g 100 -c 0.01) -e 10,ArffFileStream -f ./../../../Dataset/benchmarks/connect-4.arff,1,20000.0,2.84375,5.343980673286652E-9,20000.0,0.8471470807471597,0.728001108318945,0.6766923469959524,0.786,0.6431953688759654,0.6188817865910187,3.0,193.0,5.0,5.0,34.0,178.0,43.0,14.0,6.0,22.0,20000.0,7264.0,10.0
meta.DynamicWeightedMajority -l (trees.HoeffdingTree -e 2000000 -g 100 -c 0.01) -e 10,ArffFileStream -f ./../../../Dataset/benchmarks/connect-4.arff,1,20500.0,2.921875,5.490793329146176E-9,20500.0,0.660490361290066,0.71228007518797,0.6774923419660261,0.796,0.29554119012100144,0.3228249932423433,3.0,376.0,39.0,45.0,3.0,12.0,9.0,2.0,4.0,10.0,20500.0,7264.0,10.0
meta.DynamicWeightedMajority -l (trees.HoeffdingTree -e 2000000 -g 100 -c 0.01) -e 10,ArffFileStream -f ./../../../Dataset/benchmarks/connect-4.arff,1,21000.0,2.96875,5.57888092266189E-9,21000.0,0.7118710163829299,0.7206440041440041,0.6782461365794699,0.876,0.26720877458396386,0.3091041425728757,3.0,426.0,16.0,36.0,3.0,8.0,1.0,4.0,2.0,4.0,21000.0,7264.0,10.0
meta.DynamicWeightedMajority -l (trees.HoeffdingTree -e 2000000 -g 100 -c 0.01) -e 10,ArffFileStream -f ./../../../Dataset/benchmarks/connect-4.arff,1,21500.0,3.015625,5.666968516177604E-9,21500.0,0.6406898373669424,0.7357769431195902,0.6789576341046929,0.952,-0.007556675062972856,0.0,3.0,476.0,12.0,9.0,0.0,0.0,0.0,3.0,0.0,0.0,21500.0,7264.0,10.0
meta.DynamicWeightedMajority -l (trees.HoeffdingTree -e 2000000 -g 100 -c 0.01) -e 10,ArffFileStream -f ./../../../Dataset/benchmarks/connect-4.arff,1,22000.0,3.046875,5.7256935785214135E-9,22000.0,0.6558083576998052,0.7515031192701207,0.6945154726359891,0.916,0.17530631479736092,0.2024432285154953,3.0,454.0,16.0,22.0,0.0,2.0,0.0,2.0,2.0,2.0,22000.0,7264.0,10.0
meta.DynamicWeightedMajority -l (trees.HoeffdingTree -e 2000000 -g 100 -c 0.01) -e 10,ArffFileStream -f ./../../../Dataset/benchmarks/connect-4.arff,1,22500.0,3.109375,5.843143703209032E-9,22500.0,0.7758003334583244,0.7740760401002506,0.6951796157059315,0.868,0.6394270167502542,0.0,3.0,353.0,47.0,9.0,6.0,81.0,4.0,0.0,0.0,0.0,22500.0,7264.0,10.0
meta.DynamicWeightedMajority -l (trees.HoeffdingTree -e 2000000 -g 100 -c 0.01) -e 10,ArffFileStream -f ./../../../Dataset/benchmarks/connect-4.arff,1,23000.0,3.203125,6.019318890240461E-9,23000.0,0.7174886983896663,0.7813129870129871,0.7452172827172827,0.704,0.47632122738981514,0.476658170197084,3.0,220.0,70.0,43.0,14.0,119.0,12.0,3.0,6.0,13.0,23000.0,7264.0,10.0
meta.DynamicWeightedMajority -l (trees.HoeffdingTree -e 2000000 -g 100 -c 0.01) -e 10,ArffFileStream -f ./../../../Dataset/benchmarks/connect-4.arff,1,23500.0,3.265625,6.1367690149280795E-9,23500.0,0.7567363192363192,0.7884175240779892,0.7457822969450876,0.746,0.553590259128552,0.4950270558478239,3.0,136.0,11.0,18.0,38.0,225.0,36.0,8.0,16.0,12.0,23500.0,7264.0,10.0
meta.DynamicWeightedMajority -l (trees.HoeffdingTree -e 2000000 -g 100 -c 0.01) -e 10,ArffFileStream -f ./../../../Dataset/benchmarks/connect-4.arff,1,24000.0,3.328125,6.254219139615698E-9,24000.0,0.7037461449226156,0.7808105876901609,0.7463183309219893,0.95,0.6237659523236209,0.47700438009013213,3.0,459.0,4.0,5.0,2.0,13.0,13.0,1.0,0.0,3.0,24000.0,7264.0,10.0
meta.DynamicWeightedMajority -l (trees.HoeffdingTree -e 2000000 -g 100 -c 0.01) -e 10,ArffFileStream -f ./../../../Dataset/benchmarks/connect-4.arff,1,24500.0,3.375,6.3423067331314125E-9,24500.0,0.6622558328207049,0.7703169319402402,0.7394389653788149,0.84,0.3367270797751504,0.3563220657290846,3.0,398.0,34.0,23.0,12.0,17.0,5.0,2.0,4.0,5.0,24500.0,7264.0,10.0
meta.DynamicWeightedMajority -l (trees.HoeffdingTree -e 2000000 -g 100 -c 0.01) -e 10,ArffFileStream -f ./../../../Dataset/benchmarks/connect-4.arff,1,25000.0,3.453125,6.489119388990936E-9,25000.0,0.7104704057011615,0.8092089598997493,0.7529739203080164,0.742,0.5140876902214856,0.47780003511153973,3.0,125.0,48.0,17.0,35.0,238.0,21.0,3.0,5.0,8.0,25000.0,7264.0,10.0
meta.DynamicWeightedMajority -l (trees.HoeffdingTree -e 2000000 -g 100 -c 0.01) -e 10,ArffFileStream -f ./../../../Dataset/benchmarks/connect-4.arff,1,25500.0,3.5,6.57720698250665E-9,25500.0,0.7040435263885466,0.7915669656639472,0.7463869399792209,0.67,0.39436206137131113,0.2502119688122287,3.0,109.0,36.0,18.0,51.0,224.0,52.0,4.0,4.0,2.0,25500.0,7264.0,10.0
meta.DynamicWeightedMajority -l (trees.HoeffdingTree -e 2000000 -g 100 -c 0.01) -e 10,ArffFileStream -f ./../../../Dataset/benchmarks/connect-4.arff,1,26000.0,3.5625,6.694657107194269E-9,26000.0,0.8022168424599099,0.8330292704463098,0.7577376834141145,0.76,0.43096678742815964,0.5654151684694136,3.0,60.0,35.0,7.0,63.0,308.0,9.0,4.0,2.0,12.0,26000.0,7264.0,10.0
meta.DynamicWeightedMajority -l (trees.HoeffdingTree -e 2000000 -g 100 -c 0.01) -e 10,ArffFileStream -f ./../../../Dataset/benchmarks/connect-4.arff,1,26500.0,3.625,6.812107231881888E-9,26500.0,0.7068948456221422,0.8119622520336807,0.7584177727034869,0.722,0.4874480073158501,0.4221304896905981,3.0,133.0,40.0,7.0,46.0,221.0,44.0,1.0,1.0,7.0,26500.0,7264.0,10.0
meta.DynamicWeightedMajority -l (trees.HoeffdingTree -e 2000000 -g 100 -c 0.01) -e 10,ArffFileStream -f ./../../../Dataset/benchmarks/connect-4.arff,1,27000.0,3.671875,6.900194825397602E-9,27000.0,0.7030814062793759,0.7929419942050895,0.7497092046695222,0.652,0.406236563542925,0.37192307114666034,3.0,165.0,40.0,28.0,57.0,154.0,43.0,3.0,3.0,7.0,27000.0,7264.0,10.0
meta.DynamicWeightedMajority -l (trees.HoeffdingTree -e 2000000 -g 100 -c 0.01) -e 10,ArffFileStream -f ./../../../Dataset/benchmarks/connect-4.arff,1,27500.0,3.71875,6.988282418913316E-9,27500.0,0.7819281332599003,0.8202813333333333,0.7585555555555555,0.692,0.4515083520319122,0.447078726282389,3.0,171.0,73.0,11.0,33.0,167.0,32.0,4.0,1.0,8.0,27500.0,7264.0,10.0
meta.DynamicWeightedMajority -l (trees.HoeffdingTree -e 2000000 -g 100 -c 0.01) -e 10,ArffFileStream -f ./../../../Dataset/benchmarks/connect-4.arff,1,28000.0,3.765625,7.07637001242903E-9,28000.0,0.736458051170093,0.827219282902555,0.7660412334125568,0.744,0.5281036402380126,0.4605777367058533,3.0,236.0,54.0,27.0,21.0,128.0,15.0,2.0,9.0,8.0,28000.0,7264.0,10.0
meta.DynamicWeightedMajority -l (trees.HoeffdingTree -e 2000000 -g 100 -c 0.01) -e 10,ArffFileStream -f ./../../../Dataset/benchmarks/connect-4.arff,1,28500.0,3.828125,7.193820137116649E-9,28500.0,0.679126740134036,0.799101490609419,0.7523978058504912,0.748,0.4392523364485982,0.3599845544533243,3.0,305.0,38.0,32.0,18.0,64.0,21.0,11.0,6.0,5.0,28500.0,7264.0,10.0
meta.DynamicWeightedMajority -l (trees.HoeffdingTree -e 2000000 -g 100 -c 0.01) -e 10,ArffFileStream -f ./../../../Dataset/benchmarks/connect-4.arff,1,29000.0,3.875,7.281907730632363E-9,29000.0,0.7319162557810648,0.8282433667781494,0.759090486807878,0.7,0.4396461552254863,0.5019747012982849,3.0,92.0,25.0,22.0,71.0,243.0,20.0,8.0,4.0,15.0,29000.0,7264.0,10.0
meta.DynamicWeightedMajority -l (trees.HoeffdingTree -e 2000000 -g 100 -c 0.01) -e 10,ArffFileStream -f ./../../../Dataset/benchmarks/connect-4.arff,1,29500.0,3.9375,7.399357855319982E-9,29500.0,0.7085060684386574,0.8243603570989694,0.7649323926125444,0.688,0.4592496048362496,0.47913077036088536,3.0,178.0,43.0,20.0,51.0,154.0,31.0,6.0,5.0,12.0,29500.0,7264.0,10.0
meta.DynamicWeightedMajority -l (trees.HoeffdingTree -e 2000000 -g 100 -c 0.01) -e 10,ArffFileStream -f ./../../../Dataset/benchmarks/connect-4.arff,1,30000.0,4.0,7.516807980007601E-9,30000.0,0.7299595771144278,0.8361651170922559,0.7655210617470531,0.754,0.5502676455962794,0.462547647624617,3.0,207.0,26.0,14.0,59.0,164.0,20.0,2.0,2.0,6.0,30000.0,7264.0,10.0
meta.DynamicWeightedMajority -l (trees.HoeffdingTree -e 2000000 -g 100 -c 0.01) -e 10,ArffFileStream -f ./../../../Dataset/benchmarks/connect-4.arff,1,30500.0,4.046875,7.604895573523314E-9,30500.0,0.7086057976401517,0.8276851506894188,0.7865666289446777,0.662,0.3583318145920662,0.405242321527677,3.0,245.0,61.0,28.0,36.0,76.0,29.0,7.0,8.0,10.0,30500.0,7264.0,10.0
meta.DynamicWeightedMajority -l (trees.HoeffdingTree -e 2000000 -g 100 -c 0.01) -e 10,ArffFileStream -f ./../../../Dataset/benchmarks/connect-4.arff,1,31000.0,4.109375,7.722345698210933E-9,31000.0,0.6008833269032922,0.8182075924075924,0.7871434121434121,0.664,0.1192383508786648,0.1791614084148769,3.0,318.0,84.0,67.0,3.0,5.0,4.0,3.0,7.0,9.0,31000.0,7264.0,10.0
meta.DynamicWeightedMajority -l (trees.HoeffdingTree -e 2000000 -g 100 -c 0.01) -e 10,ArffFileStream -f ./../../../Dataset/benchmarks/connect-4.arff,1,31500.0,4.15625,7.810433291726646E-9,31500.0,0.6333289876234182,0.8382770472052864,0.7876958976792863,0.786,0.3059519485236884,0.33166054582414245,3.0,365.0,61.0,24.0,8.0,23.0,5.0,3.0,6.0,5.0,31500.0,7264.0,10.0
meta.DynamicWeightedMajority -l (trees.HoeffdingTree -e 2000000 -g 100 -c 0.01) -e 10,ArffFileStream -f ./../../../Dataset/benchmarks/connect-4.arff,1,32000.0,4.21875,7.927883416414265E-9,32000.0,0.6326287424788322,0.8297611546348389,0.7882256030862842,0.708,0.2717768644507401,0.39492251327192074,3.0,315.0,49.0,30.0,19.0,27.0,12.0,27.0,9.0,12.0,32000.0,7264.0,10.0
meta.DynamicWeightedMajority -l (trees.HoeffdingTree -e 2000000 -g 100 -c 0.01) -e 10,ArffFileStream -f ./../../../Dataset/benchmarks/connect-4.arff,1,32500.0,4.265625,8.015971009929978E-9,32500.0,0.576626386988904,0.8287024747136152,0.7836581455679599,0.85,0.07475943745373807,0.1338806541619327,3.0,421.0,33.0,32.0,3.0,3.0,1.0,6.0,0.0,1.0,32500.0,7264.0,10.0
meta.DynamicWeightedMajority -l (trees.HoeffdingTree -e 2000000 -g 100 -c 0.01) -e 10,ArffFileStream -f ./../../../Dataset/benchmarks/connect-4.arff,1,33000.0,4.3125,8.104058603445692E-9,33000.0,0.667519360349309,0.8450200307617745,0.784244036356945,0.698,0.35844054315868185,0.24764703439507973,3.0,261.0,86.0,23.0,35.0,87.0,5.0,2.0,0.0,1.0,33000.0,7264.0,10.0
meta.DynamicWeightedMajority -l (trees.HoeffdingTree -e 2000000 -g 100 -c 0.01) -e 10,ArffFileStream -f ./../../../Dataset/benchmarks/connect-4.arff,1,33500.0,4.359375,8.192146196961405E-9,33500.0,0.6832782124030489,0.8385764455009136,0.7848072665448551,0.704,0.32964335214559404,0.2666287947948136,3.0,292.0,79.0,32.0,17.0,58.0,5.0,7.0,8.0,2.0,33500.0,7264.0,10.0
meta.DynamicWeightedMajority -l (trees.HoeffdingTree -e 2000000 -g 100 -c 0.01) -e 10,ArffFileStream -f ./../../../Dataset/benchmarks/connect-4.arff,1,34000.0,4.4375,8.338958852820928E-9,34000.0,0.6811675164143591,0.8293247426009895,0.7837131648897723,0.658,0.35207638678387393,0.19954286783301378,3.0,229.0,69.0,44.0,38.0,99.0,18.0,1.0,1.0,1.0,34000.0,7264.0,10.0
meta.DynamicWeightedMajority -l (trees.HoeffdingTree -e 2000000 -g 100 -c 0.01) -e 10,ArffFileStream -f ./../../../Dataset/benchmarks/connect-4.arff,1,34500.0,4.484375,8.427046446336641E-9,34500.0,0.7565652122918133,0.8442001857975777,0.7880089859385215,0.728,0.44927677081814804,0.4992050860998608,3.0,266.0,80.0,16.0,23.0,87.0,15.0,1.0,1.0,11.0,34500.0,7264.0,10.0
meta.DynamicWeightedMajority -l (trees.HoeffdingTree -e 2000000 -g 100 -c 0.01) -e 10,ArffFileStream -f ./../../../Dataset/benchmarks/connect-4.arff,1,35000.0,4.546875,8.54449657102426E-9,35000.0,0.7128692918544083,0.8306762471655328,0.7886248110355253,0.636,0.380412876518329,0.471490329272755,3.0,196.0,53.0,39.0,36.0,105.0,20.0,12.0,22.0,17.0,35000.0,7264.0,10.0
meta.DynamicWeightedMajority -l (trees.HoeffdingTree -e 2000000 -g 100 -c 0.01) -e 10,ArffFileStream -f ./../../../Dataset/benchmarks/connect-4.arff,1,35500.0,4.59375,8.632584164539973E-9,35500.0,0.7225223269560407,0.8416089279832486,0.7929470363573624,0.638,0.3854657558431682,0.4712494363608033,3.0,149.0,33.0,32.0,78.0,156.0,21.0,11.0,6.0,14.0,35500.0,7264.0,10.0
meta.DynamicWeightedMajority -l (trees.HoeffdingTree -e 2000000 -g 100 -c 0.01) -e 10,ArffFileStream -f ./../../../Dataset/benchmarks/connect-4.arff,1,36000.0,4.65625,8.750034289227592E-9,36000.0,0.6599895060152391,0.8461022294766568,0.7922549904158986,0.66,0.37861863266857715,0.1995519691738698,3.0,110.0,30.0,19.0,68.0,219.0,46.0,5.0,2.0,1.0,36000.0,7264.0,10.0
meta.DynamicWeightedMajority -l (trees.HoeffdingTree -e 2000000 -g 100 -c 0.01) -e 10,ArffFileStream -f ./../../../Dataset/benchmarks/connect-4.arff,1,36500.0,4.71875,8.867484413915211E-9,36500.0,0.6876976236556289,0.8403188460281137,0.7928259177258032,0.652,0.36134601832276253,0.2487374150158792,3.0,217.0,71.0,41.0,36.0,107.0,23.0,1.0,2.0,2.0,36500.0,7264.0,10.0
meta.DynamicWeightedMajority -l (trees.HoeffdingTree -e 2000000 -g 100 -c 0.01) -e 10,ArffFileStream -f ./../../../Dataset/benchmarks/connect-4.arff,1,37000.0,4.765625,8.955572007430924E-9,37000.0,0.6332350175331746,0.8457866419602033,0.793376405036643,0.622,0.1703466985066243,0.1628685501745364,3.0,273.0,119.0,37.0,18.0,37.0,13.0,1.0,1.0,1.0,37000.0,7264.0,10.0
meta.DynamicWeightedMajority -l (trees.HoeffdingTree -e 2000000 -g 100 -c 0.01) -e 10,ArffFileStream -f ./../../../Dataset/benchmarks/connect-4.arff,1,37500.0,4.828125,9.073022132118543E-9,37500.0,0.6794133402829056,0.8476938559322033,0.7939075401999129,0.92,0.4145884556843464,0.0,3.0,447.0,10.0,16.0,8.0,13.0,6.0,0.0,0.0,0.0,37500.0,7264.0,10.0
meta.DynamicWeightedMajority -l (trees.HoeffdingTree -e 2000000 -g 100 -c 0.01) -e 10,ArffFileStream -f ./../../../Dataset/benchmarks/connect-4.arff,1,38000.0,4.890625,9.190472256806162E-9,38000.0,0.6463741848357233,0.8509704746767451,0.7944203346159355,0.96,0.08349372193199475,0.0,3.0,479.0,5.0,13.0,0.0,1.0,0.0,2.0,0.0,0.0,38000.0,7264.0,10.0
meta.DynamicWeightedMajority -l (trees.HoeffdingTree -e 2000000 -g 100 -c 0.01) -e 10,ArffFileStream -f ./../../../Dataset/benchmarks/connect-4.arff,1,38500.0,4.9375,9.278559850321875E-9,38500.0,0.61955126451488,0.8414213240146776,0.7949157298805587,0.76,0.1473881657477405,0.17825008413592403,3.0,367.0,67.0,43.0,5.0,11.0,4.0,1.0,0.0,2.0,38500.0,7264.0,10.0
meta.DynamicWeightedMajority -l (trees.HoeffdingTree -e 2000000 -g 100 -c 0.01) -e 10,ArffFileStream -f ./../../../Dataset/benchmarks/connect-4.arff,1,39000.0,5.0,9.396009975009494E-9,39000.0,0.5700018694583912,0.8426136453186157,0.795394603745983,0.874,0.05348557692307624,0.0,3.0,435.0,21.0,36.0,1.0,2.0,1.0,4.0,0.0,0.0,39000.0,7264.0,10.0
meta.DynamicWeightedMajority -l (trees.HoeffdingTree -e 2000000 -g 100 -c 0.01) -e 10,ArffFileStream -f ./../../../Dataset/benchmarks/connect-4.arff,1,39500.0,5.0625,9.513460099697113E-9,39500.0,0.6125521388439322,0.8463624051069704,0.7958577754773406,0.698,0.1722217349355317,0.16775733521300165,3.0,322.0,83.0,41.0,21.0,26.0,5.0,0.0,1.0,1.0,39500.0,7264.0,10.0
meta.DynamicWeightedMajority -l (trees.HoeffdingTree -e 2000000 -g 100 -c 0.01) -e 10,ArffFileStream -f ./../../../Dataset/benchmarks/connect-4.arff,1,40000.0,5.125,9.630910224384732E-9,40000.0,0.6207884274290524,0.8482419105550318,0.7924459444094745,0.664,0.3066332089675439,0.20682166975342722,3.0,258.0,93.0,30.0,26.0,73.0,13.0,4.0,2.0,1.0,40000.0,7264.0,10.0
meta.DynamicWeightedMajority -l (trees.HoeffdingTree -e 2000000 -g 100 -c 0.01) -e 10,ArffFileStream -f ./../../../Dataset/benchmarks/connect-4.arff,1,40500.0,5.171875,9.718997817900445E-9,40500.0,0.668405929234518,0.835201767391104,0.7929428857371137,0.718,0.30126762936459955,0.0,3.0,312.0,60.0,55.0,18.0,47.0,7.0,1.0,0.0,0.0,40500.0,7264.0,10.0
meta.DynamicWeightedMajority -l (trees.HoeffdingTree -e 2000000 -g 100 -c 0.01) -e 10,ArffFileStream -f ./../../../Dataset/benchmarks/connect-4.arff,1,41000.0,5.21875,9.807085411416158E-9,41000.0,0.6684422970595706,0.8304486851079955,0.7826366196345912,0.704,0.3521104564119175,0.2583633129159515,3.0,287.0,37.0,38.0,47.0,63.0,21.0,3.0,2.0,2.0,41000.0,7264.0,10.0
meta.DynamicWeightedMajority -l (trees.HoeffdingTree -e 2000000 -g 100 -c 0.01) -e 10,ArffFileStream -f ./../../../Dataset/benchmarks/connect-4.arff,1,41500.0,5.265625,9.895173004931872E-9,41500.0,0.6870531642882963,0.8243306979835159,0.7794411631059581,0.674,0.3742706221976538,0.19436243691697888,3.0,246.0,65.0,49.0,22.0,90.0,21.0,6.0,0.0,1.0,41500.0,7264.0,10.0
meta.DynamicWeightedMajority -l (trees.HoeffdingTree -e 2000000 -g 100 -c 0.01) -e 10,ArffFileStream -f ./../../../Dataset/benchmarks/connect-4.arff,1,42000.0,5.34375,1.0041985660791394E-8,42000.0,0.7014269734739532,0.8422641312053994,0.7800066312142224,0.902,0.45985272719255693,0.28101837384454115,3.0,434.0,12.0,9.0,13.0,16.0,15.0,0.0,0.0,1.0,42000.0,7264.0,10.0
meta.DynamicWeightedMajority -l (trees.HoeffdingTree -e 2000000 -g 100 -c 0.01) -e 10,ArffFileStream -f ./../../../Dataset/benchmarks/connect-4.arff,1,42500.0,5.375,1.0100710723135204E-8,42500.0,0.5903599539515957,0.8336734646977997,0.7805550984333103,0.812,0.1547674711362084,0.174800637844106,3.0,399.0,41.0,36.0,6.0,4.0,7.0,1.0,3.0,3.0,42500.0,7264.0,10.0
meta.DynamicWeightedMajority -l (trees.HoeffdingTree -e 2000000 -g 100 -c 0.01) -e 10,ArffFileStream -f ./../../../Dataset/benchmarks/connect-4.arff,1,43000.0,5.40625,1.0159435785479013E-8,43000.0,0.6141247678149273,0.8384335677886117,0.7810873261164378,0.758,0.0602671637154395,0.0,3.0,376.0,80.0,36.0,0.0,3.0,4.0,0.0,1.0,0.0,43000.0,7264.0,10.0
meta.DynamicWeightedMajority -l (trees.HoeffdingTree -e 2000000 -g 100 -c 0.01) -e 10,ArffFileStream -f ./../../../Dataset/benchmarks/connect-4.arff,1,43500.0,5.4375,1.0218160847822823E-8,43500.0,0.5556470325747435,0.8376809056956115,0.7816040305010892,0.834,0.06436703866531326,0.0,3.0,414.0,41.0,40.0,1.0,3.0,0.0,0.0,1.0,0.0,43500.0,7264.0,10.0
meta.DynamicWeightedMajority -l (trees.HoeffdingTree -e 2000000 -g 100 -c 0.01) -e 10,ArffFileStream -f ./../../../Dataset/benchmarks/connect-4.arff,1,44000.0,5.484375,1.0306248441338536E-8,44000.0,0.6803414961816229,0.8169325796600592,0.7821058860234451,0.598,0.22025324312581462,0.2237992936085413,3.0,242.0,90.0,79.0,21.0,54.0,10.0,1.0,0.0,3.0,44000.0,7264.0,10.0
meta.DynamicWeightedMajority -l (trees.HoeffdingTree -e 2000000 -g 100 -c 0.01) -e 10,ArffFileStream -f ./../../../Dataset/benchmarks/connect-4.arff,1,44500.0,5.546875,1.0423698566026155E-8,44500.0,0.7289738455372756,0.8408911554490464,0.7825935283431695,0.812,0.19745918994604225,0.2734826877301703,3.0,392.0,54.0,28.0,5.0,8.0,3.0,4.0,0.0,6.0,44500.0,7264.0,10.0
meta.DynamicWeightedMajority -l (trees.HoeffdingTree -e 2000000 -g 100 -c 0.01) -e 10,ArffFileStream -f ./../../../Dataset/benchmarks/connect-4.arff,1,45000.0,5.59375,1.0511786159541868E-8,45000.0,0.564623103279491,0.850393379702554,0.7830675571078156,0.906,-0.0026452769007585418,0.0,3.0,453.0,30.0,16.0,0.0,0.0,0.0,1.0,0.0,0.0,45000.0,7264.0,10.0
meta.DynamicWeightedMajority -l (trees.HoeffdingTree -e 2000000 -g 100 -c 0.01) -e 10,ArffFileStream -f ./../../../Dataset/benchmarks/connect-4.arff,1,45500.0,5.640625,1.0599873753057581E-8,45500.0,0.6027582944619747,0.8474621047489149,0.7855782359989796,0.808,0.17471888862143678,0.0,3.0,393.0,63.0,28.0,0.0,11.0,4.0,1.0,0.0,0.0,45500.0,7264.0,10.0
meta.DynamicWeightedMajority -l (trees.HoeffdingTree -e 2000000 -g 100 -c 0.01) -e 10,ArffFileStream -f ./../../../Dataset/benchmarks/connect-4.arff,1,46000.0,5.671875,1.065859881540139E-8,46000.0,0.6498964852543007,0.8245129587745476,0.7720067684835061,0.798,0.13134718590890335,0.16463901685693375,3.0,391.0,51.0,40.0,4.0,6.0,3.0,1.0,2.0,2.0,46000.0,7264.0,10.0
meta.DynamicWeightedMajority -l (trees.HoeffdingTree -e 2000000 -g 100 -c 0.01) -e 10,ArffFileStream -f ./../../../Dataset/benchmarks/connect-4.arff,1,46500.0,5.71875,1.0746686408917104E-8,46500.0,0.5341777903483892,0.8191877167645998,0.7724891152566118,0.77,0.0,0.0,3.0,385.0,57.0,58.0,0.0,0.0,0.0,0.0,0.0,0.0,46500.0,7264.0,10.0
meta.DynamicWeightedMajority -l (trees.HoeffdingTree -e 2000000 -g 100 -c 0.01) -e 10,ArffFileStream -f ./../../../Dataset/benchmarks/connect-4.arff,1,47000.0,5.75,1.0805411471260914E-8,47000.0,0.5621039628081882,0.8297485012304516,0.7729583857834632,0.854,0.02372482413673199,0.0,3.0,426.0,38.0,35.0,0.0,1.0,0.0,0.0,0.0,0.0,47000.0,7264.0,10.0
meta.DynamicWeightedMajority -l (trees.HoeffdingTree -e 2000000 -g 100 -c 0.01) -e 10,ArffFileStream -f ./../../../Dataset/benchmarks/connect-4.arff,1,47500.0,5.78125,1.0864136533604723E-8,47500.0,0.5650792265133351,0.8228885798502352,0.7703578262638241,0.702,0.18619258288273505,0.0,3.0,323.0,82.0,38.0,18.0,28.0,7.0,3.0,1.0,0.0,47500.0,7264.0,10.0
meta.DynamicWeightedMajority -l (trees.HoeffdingTree -e 2000000 -g 100 -c 0.01) -e 10,ArffFileStream -f ./../../../Dataset/benchmarks/connect-4.arff,1,48000.0,5.84375,1.0981586658292342E-8,48000.0,0.6977094378158464,0.7981935648621042,0.7698392431538499,0.596,0.3059468671403637,0.38988494219496256,3.0,209.0,80.0,64.0,14.0,74.0,23.0,11.0,10.0,15.0,48000.0,7264.0,10.0
meta.DynamicWeightedMajority -l (trees.HoeffdingTree -e 2000000 -g 100 -c 0.01) -e 10,ArffFileStream -f ./../../../Dataset/benchmarks/connect-4.arff,1,48500.0,5.921875,1.1128399314151865E-8,48500.0,0.7167356754609805,0.8122854673701227,0.7691545433947212,0.814,0.3482922453784806,0.3581779115477454,3.0,381.0,31.0,35.0,3.0,7.0,7.0,9.0,8.0,19.0,48500.0,7264.0,10.0
meta.DynamicWeightedMajority -l (trees.HoeffdingTree -e 2000000 -g 100 -c 0.01) -e 10,ArffFileStream -f ./../../../Dataset/benchmarks/connect-4.arff,1,49000.0,5.984375,1.1245849438839483E-8,49000.0,0.7024012171837124,0.8285981312580407,0.7683994927371854,0.87,0.303456996506569,0.3265640925238141,3.0,421.0,30.0,22.0,1.0,5.0,0.0,6.0,6.0,9.0,49000.0,7264.0,10.0
meta.DynamicWeightedMajority -l (trees.HoeffdingTree -e 2000000 -g 100 -c 0.01) -e 10,ArffFileStream -f ./../../../Dataset/benchmarks/connect-4.arff,1,49500.0,6.03125,1.1333937032355197E-8,49500.0,0.7273156601519353,0.8360639756412874,0.7703434779368643,0.768,0.4544257360549338,0.2589185299186073,3.0,308.0,78.0,24.0,8.0,75.0,2.0,2.0,2.0,1.0,49500.0,7264.0,10.0
meta.DynamicWeightedMajority -l (trees.HoeffdingTree -e 2000000 -g 100 -c 0.01) -e 10,ArffFileStream -f ./../../../Dataset/benchmarks/connect-4.arff,1,50000.0,6.09375,1.1451387157042816E-8,50000.0,0.7236008382642997,0.8341778465214179,0.7708883241945206,0.738,0.42421125732921927,0.3638807165031835,3.0,281.0,57.0,22.0,41.0,85.0,7.0,3.0,1.0,3.0,50000.0,7264.0,10.0
meta.DynamicWeightedMajority -l (trees.HoeffdingTree -e 2000000 -g 100 -c 0.01) -e 10,ArffFileStream -f ./../../../Dataset/benchmarks/connect-4.arff,1,50500.0,6.15625,1.1568837281730434E-8,50500.0,0.7231074005898455,0.8464481648397943,0.774872044131612,0.762,0.5277665341238283,0.31778031796590306,3.0,237.0,49.0,9.0,50.0,143.0,9.0,1.0,1.0,1.0,50500.0,7264.0,10.0
meta.DynamicWeightedMajority -l (trees.HoeffdingTree -e 2000000 -g 100 -c 0.01) -e 10,ArffFileStream -f ./../../../Dataset/benchmarks/connect-4.arff,1,51000.0,6.203125,1.1656924875246148E-8,51000.0,0.6965034081571062,0.8354115001144855,0.7785522854022477,0.684,0.4309341324266697,0.2790623281044924,3.0,158.0,45.0,33.0,60.0,182.0,18.0,1.0,1.0,2.0,51000.0,7264.0,10.0
meta.DynamicWeightedMajority -l (trees.HoeffdingTree -e 2000000 -g 100 -c 0.01) -e 10,ArffFileStream -f ./../../../Dataset/benchmarks/connect-4.arff,1,51500.0,6.28125,1.180373753110567E-8,51500.0,0.7516922372123896,0.8394110936214867,0.7774109388146762,0.8,0.5429950277859026,0.514989098514481,3.0,70.0,30.0,23.0,28.0,320.0,13.0,3.0,3.0,10.0,51500.0,7264.0,10.0
meta.DynamicWeightedMajority -l (trees.HoeffdingTree -e 2000000 -g 100 -c 0.01) -e 10,ArffFileStream -f ./../../../Dataset/benchmarks/connect-4.arff,1,52000.0,6.34375,1.192118765579329E-8,52000.0,0.6506933581204137,0.8336514438150963,0.7946014353711349,0.608,0.3162106908365255,0.3616398188587907,3.0,114.0,64.0,29.0,51.0,183.0,34.0,4.0,14.0,7.0,52000.0,7264.0,10.0
meta.DynamicWeightedMajority -l (trees.HoeffdingTree -e 2000000 -g 100 -c 0.01) -e 10,ArffFileStream -f ./../../../Dataset/benchmarks/connect-4.arff,1,52500.0,6.4375,1.2097362842824717E-8,52500.0,0.7215276834110914,0.8327537220321815,0.7969408532106146,0.574,0.31225541477779056,0.5022816081057578,3.0,153.0,96.0,25.0,26.0,107.0,27.0,19.0,20.0,27.0,52500.0,7264.0,10.0
meta.DynamicWeightedMajority -l (trees.HoeffdingTree -e 2000000 -g 100 -c 0.01) -e 10,ArffFileStream -f ./../../../Dataset/benchmarks/connect-4.arff,1,53000.0,6.484375,1.218545043634043E-8,53000.0,0.7334569036317741,0.8538647691525522,0.7974283820592617,0.884,0.6826925181084097,0.3144124064954417,3.0,366.0,13.0,6.0,19.0,75.0,19.0,1.0,0.0,1.0,53000.0,7264.0,10.0
meta.DynamicWeightedMajority -l (trees.HoeffdingTree -e 2000000 -g 100 -c 0.01) -e 10,ArffFileStream -f ./../../../Dataset/benchmarks/connect-4.arff,1,53500.0,6.578125,1.2361625623371859E-8,53500.0,0.673659890564357,0.8518333992028722,0.7979040150500993,0.836,0.36686381395061507,0.0,3.0,392.0,39.0,21.0,10.0,26.0,11.0,1.0,0.0,0.0,53500.0,7264.0,10.0
meta.DynamicWeightedMajority -l (trees.HoeffdingTree -e 2000000 -g 100 -c 0.01) -e 10,ArffFileStream -f ./../../../Dataset/benchmarks/connect-4.arff,1,54000.0,6.640625,1.2479075748059478E-8,54000.0,0.7321220124276152,0.8556629832968237,0.8010436442740659,0.8,0.4026284348864997,0.29488290728904,3.0,356.0,52.0,22.0,14.0,42.0,9.0,2.0,1.0,2.0,54000.0,7264.0,10.0
meta.DynamicWeightedMajority -l (trees.HoeffdingTree -e 2000000 -g 100 -c 0.01) -e 10,ArffFileStream -f ./../../../Dataset/benchmarks/connect-4.arff,1,54500.0,6.734375,1.2655250935090906E-8,54500.0,0.7321100210419096,0.8565653983969825,0.7997697213330355,0.702,0.4303628091906564,0.4237170710169529,3.0,215.0,51.0,11.0,69.0,132.0,13.0,1.0,4.0,4.0,54500.0,7264.0,10.0
meta.DynamicWeightedMajority -l (trees.HoeffdingTree -e 2000000 -g 100 -c 0.01) -e 10,ArffFileStream -f ./../../../Dataset/benchmarks/connect-4.arff,1,55000.0,6.8125,1.2802063590950429E-8,55000.0,0.7108117770094334,0.8520767754705187,0.7989471703281863,0.73,0.4726892069245671,0.0,3.0,239.0,64.0,22.0,33.0,126.0,14.0,2.0,0.0,0.0,55000.0,7264.0,10.0
meta.DynamicWeightedMajority -l (trees.HoeffdingTree -e 2000000 -g 100 -c 0.01) -e 10,ArffFileStream -f ./../../../Dataset/benchmarks/connect-4.arff,1,55500.0,6.90625,1.2978238777981857E-8,55500.0,0.6541826421892157,0.8398588547374956,0.7974002011694759,0.614,0.30991082474595416,0.0,3.0,133.0,64.0,32.0,66.0,174.0,30.0,0.0,1.0,0.0,55500.0,7264.0,10.0
meta.DynamicWeightedMajority -l (trees.HoeffdingTree -e 2000000 -g 100 -c 0.01) -e 10,ArffFileStream -f ./../../../Dataset/benchmarks/connect-4.arff,1,56000.0,6.953125,1.306632637149757E-8,56000.0,0.6659750784838039,0.8391083507043067,0.795693455282916,0.658,0.38209149382091495,0.21064938375816084,3.0,136.0,55.0,30.0,58.0,192.0,27.0,1.0,0.0,1.0,56000.0,7264.0,10.0
meta.DynamicWeightedMajority -l (trees.HoeffdingTree -e 2000000 -g 100 -c 0.01) -e 10,ArffFileStream -f ./../../../Dataset/benchmarks/connect-4.arff,1,56500.0,7.015625,1.318377649618519E-8,56500.0,0.6937539215686274,0.8306855874530293,0.7962424239556022,0.646,0.37153813378781425,0.3853894973137421,3.0,212.0,67.0,39.0,34.0,102.0,32.0,4.0,1.0,9.0,56500.0,7264.0,10.0
meta.DynamicWeightedMajority -l (trees.HoeffdingTree -e 2000000 -g 100 -c 0.01) -e 10,ArffFileStream -f ./../../../Dataset/benchmarks/connect-4.arff,1,57000.0,7.0625,1.3271864089700903E-8,57000.0,0.6797580872977699,0.8322145407995191,0.7967785652467336,0.65,0.22546494233033254,0.3130436974797381,3.0,287.0,71.0,47.0,21.0,28.0,20.0,7.0,9.0,10.0,57000.0,7264.0,10.0
meta.DynamicWeightedMajority -l (trees.HoeffdingTree -e 2000000 -g 100 -c 0.01) -e 10,ArffFileStream -f ./../../../Dataset/benchmarks/connect-4.arff,1,57500.0,7.109375,1.3359951683216616E-8,57500.0,0.6211593412958436,0.8446313798757489,0.797302327158246,0.732,0.071765031864782,0.0,3.0,357.0,66.0,42.0,16.0,9.0,5.0,4.0,1.0,0.0,57500.0,7264.0,10.0
meta.DynamicWeightedMajority -l (trees.HoeffdingTree -e 2000000 -g 100 -c 0.01) -e 10,ArffFileStream -f ./../../../Dataset/benchmarks/connect-4.arff,1,58000.0,7.171875,1.3477401807904235E-8,58000.0,0.6119809162086881,0.8468412907724471,0.797814136925404,0.772,0.13985634091869342,0.20684740876429927,3.0,375.0,72.0,35.0,1.0,5.0,2.0,3.0,1.0,6.0,58000.0,7264.0,10.0
meta.DynamicWeightedMajority -l (trees.HoeffdingTree -e 2000000 -g 100 -c 0.01) -e 10,ArffFileStream -f ./../../../Dataset/benchmarks/connect-4.arff,1,58500.0,7.203125,1.3536126870248044E-8,58500.0,0.6723062199423872,0.8374863892733388,0.796931667045745,0.662,0.2781787895613549,0.17847485486917322,3.0,276.0,83.0,41.0,19.0,54.0,22.0,4.0,0.0,1.0,58500.0,7264.0,9.0
meta.DynamicWeightedMajority -l (trees.HoeffdingTree -e 2000000 -g 100 -c 0.01) -e 10,ArffFileStream -f ./../../../Dataset/benchmarks/connect-4.arff,1,59000.0,7.265625,1.3653576994935663E-8,59000.0,0.7290974803135118,0.8280679239992492,0.7959160168999526,0.636,0.38026097142390153,0.542429743399126,3.0,206.0,62.0,30.0,34.0,77.0,21.0,16.0,19.0,35.0,59000.0,7264.0,10.0
meta.DynamicWeightedMajority -l (trees.HoeffdingTree -e 2000000 -g 100 -c 0.01) -e 10,ArffFileStream -f ./../../../Dataset/benchmarks/connect-4.arff,1,59500.0,7.34375,1.3800389650795186E-8,59500.0,0.6545155840113824,0.8215901220652774,0.7948065634401038,0.64,0.2768063769606583,0.4093282007268648,3.0,263.0,63.0,52.0,14.0,23.0,12.0,23.0,16.0,34.0,59500.0,7264.0,10.0
meta.DynamicWeightedMajority -l (trees.HoeffdingTree -e 2000000 -g 100 -c 0.01) -e 10,ArffFileStream -f ./../../../Dataset/benchmarks/connect-4.arff,1,60000.0,7.390625,1.3888477244310899E-8,60000.0,0.6235757521553628,0.8322320713043282,0.7953211100499539,0.624,0.2477291825057021,0.36212566959655057,3.0,251.0,75.0,55.0,30.0,50.0,8.0,10.0,10.0,11.0,60000.0,7264.0,10.0
meta.DynamicWeightedMajority -l (trees.HoeffdingTree -e 2000000 -g 100 -c 0.01) -e 10,ArffFileStream -f ./../../../Dataset/benchmarks/connect-4.arff,1,60500.0,7.4375,1.3976564837826612E-8,60500.0,0.7119998211079804,0.8413562136870811,0.7958245908865436,0.754,0.2524795799299882,0.35197503738088937,3.0,350.0,58.0,32.0,20.0,13.0,5.0,2.0,6.0,14.0,60500.0,7264.0,10.0
meta.DynamicWeightedMajority -l (trees.HoeffdingTree -e 2000000 -g 100 -c 0.01) -e 10,ArffFileStream -f ./../../../Dataset/benchmarks/connect-4.arff,1,61000.0,7.484375,1.4064652431342326E-8,61000.0,0.655661809350334,0.8424243302221069,0.7963173618913182,0.732,0.0,0.0,3.0,366.0,84.0,50.0,0.0,0.0,0.0,0.0,0.0,0.0,61000.0,7264.0,10.0
meta.DynamicWeightedMajority -l (trees.HoeffdingTree -e 2000000 -g 100 -c 0.01) -e 10,ArffFileStream -f ./../../../Dataset/benchmarks/connect-4.arff,1,61500.0,7.515625,1.4123377493686135E-8,61500.0,0.6235881644535696,0.8350040881501605,0.7964129516277784,0.638,0.06872884059313243,0.13376841440184473,3.0,310.0,108.0,63.0,1.0,4.0,5.0,3.0,1.0,5.0,61500.0,7264.0,10.0
meta.DynamicWeightedMajority -l (trees.HoeffdingTree -e 2000000 -g 100 -c 0.01) -e 10,ArffFileStream -f ./../../../Dataset/benchmarks/connect-4.arff,1,62000.0,7.578125,1.4240827618373754E-8,62000.0,0.6447111782932679,0.836551520168081,0.7982134925306431,0.682,0.23947461567160613,0.357831190927716,3.0,304.0,64.0,44.0,22.0,20.0,13.0,9.0,7.0,17.0,62000.0,7264.0,10.0
meta.DynamicWeightedMajority -l (trees.HoeffdingTree -e 2000000 -g 100 -c 0.01) -e 10,ArffFileStream -f ./../../../Dataset/benchmarks/connect-4.arff,1,62500.0,7.640625,1.4358277743061373E-8,62500.0,0.7563388608416687,0.8431338150303667,0.7987063202580442,0.682,0.43087859459227296,0.4086153641630536,3.0,213.0,28.0,22.0,70.0,121.0,32.0,6.0,1.0,7.0,62500.0,7264.0,10.0
meta.DynamicWeightedMajority -l (trees.HoeffdingTree -e 2000000 -g 100 -c 0.01) -e 10,ArffFileStream -f ./../../../Dataset/benchmarks/connect-4.arff,1,63000.0,7.703125,1.4475727867748992E-8,63000.0,0.7516664016141235,0.835436251336344,0.7941192685655389,0.686,0.4612697563017714,0.6217989596019566,3.0,99.0,53.0,15.0,33.0,211.0,20.0,17.0,19.0,33.0,63000.0,7264.0,10.0
meta.DynamicWeightedMajority -l (trees.HoeffdingTree -e 2000000 -g 100 -c 0.01) -e 10,ArffFileStream -f ./../../../Dataset/benchmarks/connect-4.arff,1,63500.0,7.78125,1.4622540523608514E-8,63500.0,0.7075831770990236,0.8395452266274637,0.7938938198247093,0.662,0.4210782332266838,0.3868613724778572,3.0,166.0,65.0,20.0,23.0,159.0,30.0,12.0,19.0,6.0,63500.0,7264.0,10.0
meta.DynamicWeightedMajority -l (trees.HoeffdingTree -e 2000000 -g 100 -c 0.01) -e 10,ArffFileStream -f ./../../../Dataset/benchmarks/connect-4.arff,1,64000.0,7.84375,1.4739990648296133E-8,64000.0,0.6428199782451052,0.8406739687838827,0.7944178665083839,0.802,0.2077718382894273,0.19778805105859598,3.0,388.0,45.0,39.0,5.0,11.0,9.0,1.0,0.0,2.0,64000.0,7264.0,10.0
meta.DynamicWeightedMajority -l (trees.HoeffdingTree -e 2000000 -g 100 -c 0.01) -e 10,ArffFileStream -f ./../../../Dataset/benchmarks/connect-4.arff,1,64500.0,7.890625,1.4828078241811846E-8,64500.0,0.6647606419148646,0.821228632386956,0.7941948254708919,0.578,0.29902195290490613,0.38945246954682383,3.0,173.0,59.0,54.0,43.0,103.0,33.0,12.0,10.0,13.0,64500.0,7264.0,8.0
meta.DynamicWeightedMajority -l (trees.HoeffdingTree -e 2000000 -g 100 -c 0.01) -e 10,ArffFileStream -f ./../../../Dataset/benchmarks/connect-4.arff,1,65000.0,7.9375,1.491616583532756E-8,65000.0,0.6767219324168572,0.8163839120431157,0.7847358521630756,0.632,0.3330385170256418,0.4194023039741129,3.0,223.0,69.0,43.0,34.0,79.0,26.0,8.0,4.0,14.0,65000.0,7264.0,10.0
meta.DynamicWeightedMajority -l (trees.HoeffdingTree -e 2000000 -g 100 -c 0.01) -e 10,ArffFileStream -f ./../../../Dataset/benchmarks/connect-4.arff,1,65500.0,8.0,1.503361596001518E-8,65500.0,0.6085590327623058,0.8183408243274418,0.7758354282027015,0.666,0.13588806904616535,0.15351515154707374,3.0,309.0,106.0,42.0,13.0,23.0,4.0,2.0,0.0,1.0,65500.0,7264.0,10.0
meta.DynamicWeightedMajority -l (trees.HoeffdingTree -e 2000000 -g 100 -c 0.01) -e 10,ArffFileStream -f ./../../../Dataset/benchmarks/connect-4.arff,1,66000.0,8.046875,1.5121703553530892E-8,66000.0,0.6307541315566007,0.8179128964695477,0.776365247670342,0.674,0.19055280773891117,0.2034605812860502,3.0,307.0,94.0,38.0,15.0,28.0,10.0,2.0,4.0,2.0,66000.0,7264.0,10.0
meta.DynamicWeightedMajority -l (trees.HoeffdingTree -e 2000000 -g 100 -c 0.01) -e 10,ArffFileStream -f ./../../../Dataset/benchmarks/connect-4.arff,1,66500.0,8.09375,1.5209791147046605E-8,66500.0,0.6638901317990346,0.8190915108591504,0.7784634568295539,0.654,0.25629782477860913,0.30430948063788155,3.0,273.0,95.0,39.0,16.0,49.0,10.0,10.0,3.0,5.0,66500.0,7264.0,10.0
meta.DynamicWeightedMajority -l (trees.HoeffdingTree -e 2000000 -g 100 -c 0.01) -e 10,ArffFileStream -f ./../../../Dataset/benchmarks/connect-4.arff,1,67000.0,8.15625,1.5327241271734224E-8,67000.0,0.6099797466638136,0.8199613086969032,0.7772625432338296,0.7,0.2301533534519921,0.0,3.0,316.0,83.0,43.0,4.0,34.0,4.0,12.0,4.0,0.0,67000.0,7264.0,10.0
meta.DynamicWeightedMajority -l (trees.HoeffdingTree -e 2000000 -g 100 -c 0.01) -e 10,ArffFileStream -f ./../../../Dataset/benchmarks/connect-4.arff,1,67500.0,8.21875,1.5444691396421843E-8,67500.0,0.6875550849270526,0.8057742394321908,0.7800990116210016,0.638,0.37594384184141383,0.4333930650461313,3.0,205.0,55.0,59.0,29.0,99.0,22.0,11.0,5.0,15.0,67500.0,7264.0,10.0
meta.DynamicWeightedMajority -l (trees.HoeffdingTree -e 2000000 -g 100 -c 0.01) -e 10,ArffFileStream -f ./../../../Dataset/benchmarks/connect-4.arff,1,67557.0,8.21875,1.5444691396421843E-8,67557.0,0.7039211112838855,0.8051394462652663,0.790086385131507,0.604,0.35624829308259526,0.466104144946217,3.0,178.0,57.0,64.0,29.0,100.0,30.0,11.0,7.0,24.0,67557.0,7264.0,10.0
