Learner,stream,randomSeed,learning evaluation instances,evaluation time (cpu seconds),model cost (RAM-Hours),classified instances,PMAUC,WMAUC,EWMAUC,Accuracy,Kappa,G-Mean,Classes,CM[0][0],CM[0][1],CM[0][2],CM[1][0],CM[1][1],CM[1][2],CM[2][0],CM[2][1],CM[2][2],model training instances,model serialized size (bytes)
meta.imbalanced.CSMOTE -l (trees.HoeffdingTree -e 2000000 -g 100 -c 0.01),ArffFileStream -f ./../../../Dataset/benchmarks/thyroid.arff,1,500.0,0.125,2.6439213090472753E-10,500.0,0.8096086369770581,1.0,1.0,0.962,0.5631782232848997,0.6050727014714246,3.0,7.0,1.0,4.0,1.0,5.0,2.0,5.0,6.0,469.0,500.0,8176.0
meta.imbalanced.CSMOTE -l (trees.HoeffdingTree -e 2000000 -g 100 -c 0.01),ArffFileStream -f ./../../../Dataset/benchmarks/thyroid.arff,1,1000.0,0.203125,4.364281064934201E-10,1000.0,0.8882805080721748,1.0,1.0,0.972,0.7698579694897418,0.8325633914105114,3.0,7.0,3.0,3.0,1.0,16.0,2.0,0.0,5.0,463.0,1000.0,8512.0
meta.imbalanced.CSMOTE -l (trees.HoeffdingTree -e 2000000 -g 100 -c 0.01),ArffFileStream -f ./../../../Dataset/benchmarks/thyroid.arff,1,1500.0,0.21875,4.721934803658061E-10,1500.0,0.9646977024428005,1.0,1.0,0.964,0.7912172037024147,0.9279453478885696,3.0,12.0,0.0,1.0,1.0,25.0,13.0,0.0,3.0,445.0,1500.0,8848.0
meta.imbalanced.CSMOTE -l (trees.HoeffdingTree -e 2000000 -g 100 -c 0.01),ArffFileStream -f ./../../../Dataset/benchmarks/thyroid.arff,1,2000.0,0.234375,5.079588542381922E-10,2000.0,0.9702130099481093,1.0,1.0,0.97,0.8338796845928942,0.8786248971553433,3.0,11.0,1.0,0.0,2.0,29.0,8.0,1.0,3.0,445.0,2000.0,8848.0
meta.imbalanced.CSMOTE -l (trees.HoeffdingTree -e 2000000 -g 100 -c 0.01),ArffFileStream -f ./../../../Dataset/benchmarks/thyroid.arff,1,2500.0,0.5,1.1324623806609048E-9,2500.0,0.9729689029440554,1.0,1.0,0.962,0.7532980159966757,0.9018476378746675,3.0,12.0,0.0,1.0,3.0,18.0,14.0,0.0,1.0,451.0,2500.0,9088.0
meta.imbalanced.CSMOTE -l (trees.HoeffdingTree -e 2000000 -g 100 -c 0.01),ArffFileStream -f ./../../../Dataset/benchmarks/thyroid.arff,1,3000.0,0.5625,1.284837101896604E-9,3000.0,0.9945084028053461,1.0,1.0,0.958,0.7689311414801608,0.9558685465422982,3.0,9.0,0.0,0.0,0.0,30.0,18.0,0.0,3.0,440.0,3000.0,9424.0
meta.imbalanced.CSMOTE -l (trees.HoeffdingTree -e 2000000 -g 100 -c 0.01),ArffFileStream -f ./../../../Dataset/benchmarks/thyroid.arff,1,3500.0,0.65625,1.5133991837501526E-9,3500.0,0.9902100441316127,1.0,1.0,0.956,0.765887711233133,0.9585904681802296,3.0,12.0,0.0,1.0,0.0,28.0,20.0,1.0,0.0,438.0,3500.0,9424.0
meta.imbalanced.CSMOTE -l (trees.HoeffdingTree -e 2000000 -g 100 -c 0.01),ArffFileStream -f ./../../../Dataset/benchmarks/thyroid.arff,1,4000.0,0.734375,1.7038675852947765E-9,4000.0,0.9880442541042113,1.0,1.0,0.946,0.6854613233923575,0.9659903195860207,3.0,11.0,1.0,3.0,0.0,21.0,23.0,0.0,0.0,441.0,4000.0,9424.0
meta.imbalanced.CSMOTE -l (trees.HoeffdingTree -e 2000000 -g 100 -c 0.01),ArffFileStream -f ./../../../Dataset/benchmarks/thyroid.arff,1,4500.0,0.828125,1.932429667148325E-9,4500.0,0.9294503546099291,1.0,1.0,0.95,0.6789108656563059,0.9129210422310378,3.0,8.0,0.0,0.0,2.0,20.0,23.0,0.0,0.0,447.0,4500.0,9424.0
meta.imbalanced.CSMOTE -l (trees.HoeffdingTree -e 2000000 -g 100 -c 0.01),ArffFileStream -f ./../../../Dataset/benchmarks/thyroid.arff,1,5000.0,0.921875,2.160991749001874E-9,5000.0,0.9908649503161696,1.0,1.0,0.966,0.8365321743143966,0.9872740665010176,3.0,9.0,0.0,3.0,0.0,40.0,14.0,0.0,0.0,434.0,5000.0,9424.0
meta.imbalanced.CSMOTE -l (trees.HoeffdingTree -e 2000000 -g 100 -c 0.01),ArffFileStream -f ./../../../Dataset/benchmarks/thyroid.arff,1,5500.0,1.015625,2.3977029033833083E-9,5500.0,0.9953401113531832,1.0,1.0,0.968,0.8224943974794202,0.9882428485220125,3.0,9.0,0.0,1.0,0.0,32.0,15.0,0.0,0.0,443.0,5500.0,9760.0
meta.imbalanced.CSMOTE -l (trees.HoeffdingTree -e 2000000 -g 100 -c 0.01),ArffFileStream -f ./../../../Dataset/benchmarks/thyroid.arff,1,6000.0,1.140625,2.7133177758918872E-9,6000.0,0.9848817204301076,1.0,1.0,0.964,0.7730997100718514,0.9175458847109381,3.0,8.0,0.0,3.0,1.0,25.0,13.0,1.0,0.0,449.0,6000.0,9760.0
meta.imbalanced.CSMOTE -l (trees.HoeffdingTree -e 2000000 -g 100 -c 0.01),ArffFileStream -f ./../../../Dataset/benchmarks/thyroid.arff,1,6500.0,1.234375,2.9500289302733216E-9,6500.0,0.9729078014184397,1.0,1.0,0.972,0.7891566265060239,0.9210183256946919,3.0,12.0,0.0,2.0,2.0,15.0,9.0,1.0,0.0,459.0,6500.0,9760.0
meta.imbalanced.CSMOTE -l (trees.HoeffdingTree -e 2000000 -g 100 -c 0.01),ArffFileStream -f ./../../../Dataset/benchmarks/thyroid.arff,1,7000.0,1.34375,3.226191943718328E-9,7000.0,0.9626100962702271,1.0,1.0,0.974,0.8447204968944098,0.8958468097669731,3.0,11.0,0.0,2.0,3.0,26.0,7.0,1.0,0.0,450.0,7000.0,9760.0
meta.imbalanced.CSMOTE -l (trees.HoeffdingTree -e 2000000 -g 100 -c 0.01),ArffFileStream -f ./../../../Dataset/benchmarks/thyroid.arff,1,7200.0,1.390625,3.344547520909045E-9,7200.0,0.94960003199744,1.0,1.0,0.966,0.7878606369172403,0.8578735512223804,3.0,7.0,2.0,3.0,3.0,25.0,9.0,0.0,0.0,451.0,7200.0,9760.0
