Learner,stream,randomSeed,learning evaluation instances,evaluation time (cpu seconds),model cost (RAM-Hours),classified instances,AUC,sAUC,Accuracy,Kappa,Periodical holdout AUC,Pos/Neg ratio,G-Mean,Recall,KappaM,model training instances,model serialized size (bytes),member weight 1,member weight 2,member weight 3,member weight 4,[avg] model training instances,[err] model training instances,[avg] model serialized size (bytes),[err] model serialized size (bytes),[avg] tree size (nodes),[err] tree size (nodes),[avg] tree size (leaves),[err] tree size (leaves),[avg] active learning leaves,[err] active learning leaves,[avg] tree depth,[err] tree depth,[avg] active leaf byte size estimate,[err] active leaf byte size estimate,[avg] inactive leaf byte size estimate,[err] inactive leaf byte size estimate,[avg] byte size estimate overhead,[err] byte size estimate overhead
meta.WeightedMajorityAlgorithm,ArffFileStream -f ./../../../Dataset/benchmarks/magic.arff,1,500.0,0.078125,2.4625074325336353E-10,500.0,1.0,1.0,1.0,?,0.0,0.0,?,?,?,500.0,12184.0,0.25,0.25,0.25,0.25,500.0,0.0,230.0,31.58058475287203,1.0,0.0,1.0,0.0,1.0,0.0,0.0,0.0,0.0,0.0,0.0,0.0,1.0,0.0
meta.WeightedMajorityAlgorithm,ArffFileStream -f ./../../../Dataset/benchmarks/magic.arff,1,1000.0,0.109375,3.447510405547089E-10,1000.0,1.0,1.0,1.0,?,1.0,0.0,?,?,?,1000.0,12184.0,0.25,0.25,0.25,0.25,1000.0,0.0,230.0,31.58058475287203,1.0,0.0,1.0,0.0,1.0,0.0,0.0,0.0,0.0,0.0,0.0,0.0,1.0,0.0
meta.WeightedMajorityAlgorithm,ArffFileStream -f ./../../../Dataset/benchmarks/magic.arff,1,1500.0,0.109375,3.447510405547089E-10,1500.0,1.0,1.0,1.0,?,1.0,0.0,?,?,?,1500.0,12184.0,0.25,0.25,0.25,0.25,1500.0,0.0,230.0,31.58058475287203,1.0,0.0,1.0,0.0,1.0,0.0,0.0,0.0,0.0,0.0,0.0,0.0,1.0,0.0
meta.WeightedMajorityAlgorithm,ArffFileStream -f ./../../../Dataset/benchmarks/magic.arff,1,2000.0,0.125,3.940011892053816E-10,2000.0,1.0,1.0,1.0,?,1.0,0.0,?,?,?,2000.0,12184.0,0.25,0.25,0.25,0.25,2000.0,0.0,230.0,31.58058475287203,1.0,0.0,1.0,0.0,1.0,0.0,0.0,0.0,0.0,0.0,0.0,0.0,1.0,0.0
meta.WeightedMajorityAlgorithm,ArffFileStream -f ./../../../Dataset/benchmarks/magic.arff,1,2500.0,0.125,3.940011892053816E-10,2500.0,1.0,1.0,1.0,?,1.0,0.0,?,?,?,2500.0,12184.0,0.25,0.25,0.25,0.25,2500.0,0.0,230.0,31.58058475287203,1.0,0.0,1.0,0.0,1.0,0.0,0.0,0.0,0.0,0.0,0.0,0.0,1.0,0.0
meta.WeightedMajorityAlgorithm,ArffFileStream -f ./../../../Dataset/benchmarks/magic.arff,1,3000.0,0.140625,4.432513378560543E-10,3000.0,1.0,1.0,1.0,?,1.0,0.0,?,?,?,3000.0,12184.0,0.25,0.25,0.25,0.25,3000.0,0.0,230.0,31.58058475287203,1.0,0.0,1.0,0.0,1.0,0.0,0.0,0.0,0.0,0.0,0.0,0.0,1.0,0.0
meta.WeightedMajorityAlgorithm,ArffFileStream -f ./../../../Dataset/benchmarks/magic.arff,1,3500.0,0.140625,4.432513378560543E-10,3500.0,1.0,1.0,1.0,?,1.0,0.0,?,?,?,3500.0,12184.0,0.25,0.25,0.25,0.25,3500.0,0.0,230.0,31.58058475287203,1.0,0.0,1.0,0.0,1.0,0.0,0.0,0.0,0.0,0.0,0.0,0.0,1.0,0.0
meta.WeightedMajorityAlgorithm,ArffFileStream -f ./../../../Dataset/benchmarks/magic.arff,1,4000.0,0.15625,4.925014865067271E-10,4000.0,1.0,1.0,1.0,?,1.0,0.0,?,?,?,4000.0,12184.0,0.25,0.25,0.25,0.25,4000.0,0.0,230.0,31.58058475287203,1.0,0.0,1.0,0.0,1.0,0.0,0.0,0.0,0.0,0.0,0.0,0.0,1.0,0.0
meta.WeightedMajorityAlgorithm,ArffFileStream -f ./../../../Dataset/benchmarks/magic.arff,1,4500.0,0.15625,4.925014865067271E-10,4500.0,1.0,1.0,1.0,?,1.0,0.0,?,?,?,4500.0,12184.0,0.25,0.25,0.25,0.25,4500.0,0.0,230.0,31.58058475287203,1.0,0.0,1.0,0.0,1.0,0.0,0.0,0.0,0.0,0.0,0.0,0.0,1.0,0.0
meta.WeightedMajorityAlgorithm,ArffFileStream -f ./../../../Dataset/benchmarks/magic.arff,1,5000.0,0.15625,4.925014865067271E-10,5000.0,1.0,1.0,1.0,?,1.0,0.0,?,?,?,5000.0,12184.0,0.25,0.25,0.25,0.25,5000.0,0.0,230.0,31.58058475287203,1.0,0.0,1.0,0.0,1.0,0.0,0.0,0.0,0.0,0.0,0.0,0.0,1.0,0.0
meta.WeightedMajorityAlgorithm,ArffFileStream -f ./../../../Dataset/benchmarks/magic.arff,1,5500.0,0.171875,5.417516351573998E-10,5500.0,1.0,1.0,1.0,?,1.0,0.0,?,?,?,5500.0,12184.0,0.25,0.25,0.25,0.25,5500.0,0.0,230.0,31.58058475287203,1.0,0.0,1.0,0.0,1.0,0.0,0.0,0.0,0.0,0.0,0.0,0.0,1.0,0.0
meta.WeightedMajorityAlgorithm,ArffFileStream -f ./../../../Dataset/benchmarks/magic.arff,1,6000.0,0.171875,5.417516351573998E-10,6000.0,1.0,1.0,1.0,?,1.0,0.0,?,?,?,6000.0,12184.0,0.25,0.25,0.25,0.25,6000.0,0.0,230.0,31.58058475287203,1.0,0.0,1.0,0.0,1.0,0.0,0.0,0.0,0.0,0.0,0.0,0.0,1.0,0.0
meta.WeightedMajorityAlgorithm,ArffFileStream -f ./../../../Dataset/benchmarks/magic.arff,1,6500.0,0.1875,5.910017838080726E-10,6500.0,1.0,1.0,1.0,?,1.0,0.0,?,?,?,6500.0,12184.0,0.25,0.25,0.25,0.25,6500.0,0.0,230.0,31.58058475287203,1.0,0.0,1.0,0.0,1.0,0.0,0.0,0.0,0.0,0.0,0.0,0.0,1.0,0.0
meta.WeightedMajorityAlgorithm,ArffFileStream -f ./../../../Dataset/benchmarks/magic.arff,1,7000.0,0.1875,5.910017838080726E-10,7000.0,1.0,1.0,1.0,?,1.0,0.0,?,?,?,7000.0,12184.0,0.25,0.25,0.25,0.25,7000.0,0.0,230.0,31.58058475287203,1.0,0.0,1.0,0.0,1.0,0.0,0.0,0.0,0.0,0.0,0.0,0.0,1.0,0.0
meta.WeightedMajorityAlgorithm,ArffFileStream -f ./../../../Dataset/benchmarks/magic.arff,1,7500.0,0.203125,6.402519324587453E-10,7500.0,1.0,1.0,1.0,?,1.0,0.0,?,?,?,7500.0,12184.0,0.25,0.25,0.25,0.25,7500.0,0.0,230.0,31.58058475287203,1.0,0.0,1.0,0.0,1.0,0.0,0.0,0.0,0.0,0.0,0.0,0.0,1.0,0.0
meta.WeightedMajorityAlgorithm,ArffFileStream -f ./../../../Dataset/benchmarks/magic.arff,1,8000.0,0.21875,6.895020811094181E-10,8000.0,1.0,1.0,1.0,?,1.0,0.0,?,?,?,8000.0,12184.0,0.25,0.25,0.25,0.25,8000.0,0.0,230.0,31.58058475287203,1.0,0.0,1.0,0.0,1.0,0.0,0.0,0.0,0.0,0.0,0.0,0.0,1.0,0.0
meta.WeightedMajorityAlgorithm,ArffFileStream -f ./../../../Dataset/benchmarks/magic.arff,1,8500.0,0.234375,7.387522297600908E-10,8500.0,1.0,1.0,1.0,?,1.0,0.0,?,?,?,8500.0,12184.0,0.25,0.25,0.25,0.25,8500.0,0.0,230.0,31.58058475287203,1.0,0.0,1.0,0.0,1.0,0.0,0.0,0.0,0.0,0.0,0.0,0.0,1.0,0.0
meta.WeightedMajorityAlgorithm,ArffFileStream -f ./../../../Dataset/benchmarks/magic.arff,1,9000.0,0.234375,7.387522297600908E-10,9000.0,1.0,1.0,1.0,?,1.0,0.0,?,?,?,9000.0,12184.0,0.25,0.25,0.25,0.25,9000.0,0.0,230.0,31.58058475287203,1.0,0.0,1.0,0.0,1.0,0.0,0.0,0.0,0.0,0.0,0.0,0.0,1.0,0.0
meta.WeightedMajorityAlgorithm,ArffFileStream -f ./../../../Dataset/benchmarks/magic.arff,1,9500.0,0.25,7.880023784107636E-10,9500.0,1.0,1.0,1.0,?,1.0,0.0,?,?,?,9500.0,12184.0,0.25,0.25,0.25,0.25,9500.0,0.0,230.0,31.58058475287203,1.0,0.0,1.0,0.0,1.0,0.0,0.0,0.0,0.0,0.0,0.0,0.0,1.0,0.0
meta.WeightedMajorityAlgorithm,ArffFileStream -f ./../../../Dataset/benchmarks/magic.arff,1,10000.0,0.265625,8.372525270614363E-10,10000.0,1.0,1.0,1.0,?,1.0,0.0,?,?,?,10000.0,12184.0,0.25,0.25,0.25,0.25,10000.0,0.0,230.0,31.58058475287203,1.0,0.0,1.0,0.0,1.0,0.0,0.0,0.0,0.0,0.0,0.0,0.0,1.0,0.0
meta.WeightedMajorityAlgorithm,ArffFileStream -f ./../../../Dataset/benchmarks/magic.arff,1,10500.0,0.265625,8.372525270614363E-10,10500.0,1.0,1.0,1.0,?,1.0,0.0,?,?,?,10500.0,12184.0,0.25,0.25,0.25,0.25,10500.0,0.0,230.0,31.58058475287203,1.0,0.0,1.0,0.0,1.0,0.0,0.0,0.0,0.0,0.0,0.0,0.0,1.0,0.0
meta.WeightedMajorityAlgorithm,ArffFileStream -f ./../../../Dataset/benchmarks/magic.arff,1,11000.0,0.28125,8.86502675712109E-10,11000.0,1.0,1.0,1.0,?,1.0,0.0,?,?,?,11000.0,12184.0,0.25,0.25,0.25,0.25,11000.0,0.0,230.0,31.58058475287203,1.0,0.0,1.0,0.0,1.0,0.0,0.0,0.0,0.0,0.0,0.0,0.0,1.0,0.0
meta.WeightedMajorityAlgorithm,ArffFileStream -f ./../../../Dataset/benchmarks/magic.arff,1,11500.0,0.296875,9.357528243627817E-10,11500.0,1.0,1.0,1.0,?,1.0,0.0,?,?,?,11500.0,12184.0,0.25,0.25,0.25,0.25,11500.0,0.0,230.0,31.58058475287203,1.0,0.0,1.0,0.0,1.0,0.0,0.0,0.0,0.0,0.0,0.0,0.0,1.0,0.0
meta.WeightedMajorityAlgorithm,ArffFileStream -f ./../../../Dataset/benchmarks/magic.arff,1,12000.0,0.3125,9.850029730134543E-10,12000.0,1.0,1.0,1.0,?,1.0,0.0,?,?,?,12000.0,12184.0,0.25,0.25,0.25,0.25,12000.0,0.0,230.0,31.58058475287203,1.0,0.0,1.0,0.0,1.0,0.0,0.0,0.0,0.0,0.0,0.0,0.0,1.0,0.0
meta.WeightedMajorityAlgorithm,ArffFileStream -f ./../../../Dataset/benchmarks/magic.arff,1,12500.0,0.34375,1.08421469728152E-9,12500.0,0.9970238095238095,0.6648621036060859,0.902,0.7633216121179335,1.0,0.5060240963855421,0.8416254115301732,0.7083333333333334,-6.291666666666661,12500.0,12272.0,0.0023084911433153854,0.4976915088566846,0.4976915088566846,0.002308491143315392,12500.0,0.0,416.0,150.09330431434975,3.0,0.0,2.0,0.0,2.0,0.0,1.0,0.0,0.0,0.0,0.0,0.0,1.0,0.0
meta.WeightedMajorityAlgorithm,ArffFileStream -f ./../../../Dataset/benchmarks/magic.arff,1,13000.0,0.375,1.1834264215495855E-9,13000.0,1.0,1.0,1.0,?,0.9970238095238095,1.7976931348623157E308,?,1.0,1.0,13000.0,12272.0,0.002429400335157535,0.4713826733666929,0.5237585259629921,0.0024294003351575427,13000.0,0.0,594.0,268.95352758422786,5.0,0.0,3.0,0.0,3.0,0.0,2.0,0.0,0.0,0.0,0.0,0.0,1.0,0.0
meta.WeightedMajorityAlgorithm,ArffFileStream -f ./../../../Dataset/benchmarks/magic.arff,1,13500.0,0.40625,1.282638145817651E-9,13500.0,1.0,1.0,1.0,?,1.0,1.7976931348623157E308,?,1.0,1.0,13500.0,12272.0,0.002429400335157535,0.4713826733666929,0.5237585259629921,0.0024294003351575427,13500.0,0.0,594.0,268.95352758422786,5.0,0.0,3.0,0.0,3.0,0.0,2.0,0.0,0.0,0.0,0.0,0.0,1.0,0.0
meta.WeightedMajorityAlgorithm,ArffFileStream -f ./../../../Dataset/benchmarks/magic.arff,1,14000.0,0.421875,1.3322440079516839E-9,14000.0,1.0,1.0,1.0,?,1.0,1.7976931348623157E308,?,1.0,1.0,14000.0,12272.0,0.002429400335157535,0.4713826733666929,0.5237585259629921,0.0024294003351575427,14000.0,0.0,594.0,268.95352758422786,5.0,0.0,3.0,0.0,3.0,0.0,2.0,0.0,0.0,0.0,0.0,0.0,1.0,0.0
meta.WeightedMajorityAlgorithm,ArffFileStream -f ./../../../Dataset/benchmarks/magic.arff,1,14500.0,0.421875,1.3322440079516839E-9,14500.0,1.0,1.0,1.0,?,1.0,1.7976931348623157E308,?,1.0,1.0,14500.0,12272.0,0.002429400335157535,0.4713826733666929,0.5237585259629921,0.0024294003351575427,14500.0,0.0,594.0,268.95352758422786,5.0,0.0,3.0,0.0,3.0,0.0,2.0,0.0,0.0,0.0,0.0,0.0,1.0,0.0
meta.WeightedMajorityAlgorithm,ArffFileStream -f ./../../../Dataset/benchmarks/magic.arff,1,15000.0,0.4375,1.3818498700857168E-9,15000.0,1.0,1.0,1.0,?,1.0,1.7976931348623157E308,?,1.0,1.0,15000.0,12272.0,0.002429400335157535,0.4713826733666929,0.5237585259629921,0.0024294003351575427,15000.0,0.0,594.0,268.95352758422786,5.0,0.0,3.0,0.0,3.0,0.0,2.0,0.0,0.0,0.0,0.0,0.0,1.0,0.0
meta.WeightedMajorityAlgorithm,ArffFileStream -f ./../../../Dataset/benchmarks/magic.arff,1,15500.0,0.453125,1.4314557322197497E-9,15500.0,1.0,1.0,1.0,?,1.0,1.7976931348623157E308,?,1.0,1.0,15500.0,12272.0,0.002429400335157535,0.4713826733666929,0.5237585259629921,0.0024294003351575427,15500.0,0.0,594.0,268.95352758422786,5.0,0.0,3.0,0.0,3.0,0.0,2.0,0.0,0.0,0.0,0.0,0.0,1.0,0.0
meta.WeightedMajorityAlgorithm,ArffFileStream -f ./../../../Dataset/benchmarks/magic.arff,1,16000.0,0.453125,1.4314557322197497E-9,16000.0,1.0,1.0,1.0,?,1.0,1.7976931348623157E308,?,1.0,1.0,16000.0,12272.0,0.002429400335157535,0.4713826733666929,0.5237585259629921,0.0024294003351575427,16000.0,0.0,594.0,268.95352758422786,5.0,0.0,3.0,0.0,3.0,0.0,2.0,0.0,0.0,0.0,0.0,0.0,1.0,0.0
meta.WeightedMajorityAlgorithm,ArffFileStream -f ./../../../Dataset/benchmarks/magic.arff,1,16500.0,0.46875,1.4810615943537825E-9,16500.0,1.0,1.0,1.0,?,1.0,1.7976931348623157E308,?,1.0,1.0,16500.0,12272.0,0.002429400335157535,0.4713826733666929,0.5237585259629921,0.0024294003351575427,16500.0,0.0,594.0,268.95352758422786,5.0,0.0,3.0,0.0,3.0,0.0,2.0,0.0,0.0,0.0,0.0,0.0,1.0,0.0
meta.WeightedMajorityAlgorithm,ArffFileStream -f ./../../../Dataset/benchmarks/magic.arff,1,17000.0,0.484375,1.5306674564878154E-9,17000.0,1.0,1.0,1.0,?,1.0,1.7976931348623157E308,?,1.0,1.0,17000.0,12272.0,0.002429400335157535,0.4713826733666929,0.5237585259629921,0.0024294003351575427,17000.0,0.0,594.0,268.95352758422786,5.0,0.0,3.0,0.0,3.0,0.0,2.0,0.0,0.0,0.0,0.0,0.0,1.0,0.0
meta.WeightedMajorityAlgorithm,ArffFileStream -f ./../../../Dataset/benchmarks/magic.arff,1,17500.0,0.484375,1.5306674564878154E-9,17500.0,1.0,1.0,1.0,?,1.0,1.7976931348623157E308,?,1.0,1.0,17500.0,12272.0,0.002429400335157535,0.4713826733666929,0.5237585259629921,0.0024294003351575427,17500.0,0.0,594.0,268.95352758422786,5.0,0.0,3.0,0.0,3.0,0.0,2.0,0.0,0.0,0.0,0.0,0.0,1.0,0.0
meta.WeightedMajorityAlgorithm,ArffFileStream -f ./../../../Dataset/benchmarks/magic.arff,1,18000.0,0.5,1.5802733186218483E-9,18000.0,1.0,1.0,1.0,?,1.0,1.7976931348623157E308,?,1.0,1.0,18000.0,12272.0,0.002429400335157535,0.4713826733666929,0.5237585259629921,0.0024294003351575427,18000.0,0.0,594.0,268.95352758422786,5.0,0.0,3.0,0.0,3.0,0.0,2.0,0.0,0.0,0.0,0.0,0.0,1.0,0.0
meta.WeightedMajorityAlgorithm,ArffFileStream -f ./../../../Dataset/benchmarks/magic.arff,1,18500.0,0.515625,1.6298791807558812E-9,18500.0,1.0,1.0,1.0,?,1.0,1.7976931348623157E308,?,1.0,1.0,18500.0,12272.0,0.002429400335157535,0.4713826733666929,0.5237585259629921,0.0024294003351575427,18500.0,0.0,594.0,268.95352758422786,5.0,0.0,3.0,0.0,3.0,0.0,2.0,0.0,0.0,0.0,0.0,0.0,1.0,0.0
meta.WeightedMajorityAlgorithm,ArffFileStream -f ./../../../Dataset/benchmarks/magic.arff,1,19000.0,0.515625,1.6298791807558812E-9,19000.0,1.0,1.0,1.0,?,1.0,1.7976931348623157E308,?,1.0,1.0,19000.0,12272.0,0.002429400335157535,0.4713826733666929,0.5237585259629921,0.0024294003351575427,19000.0,0.0,594.0,268.95352758422786,5.0,0.0,3.0,0.0,3.0,0.0,2.0,0.0,0.0,0.0,0.0,0.0,1.0,0.0
meta.WeightedMajorityAlgorithm,ArffFileStream -f ./../../../Dataset/benchmarks/magic.arff,1,19020.0,0.53125,1.679485042889914E-9,19020.0,1.0,1.0,1.0,?,1.0,1.7976931348623157E308,?,1.0,1.0,19020.0,12272.0,0.002429400335157535,0.4713826733666929,0.5237585259629921,0.0024294003351575427,19020.0,0.0,594.0,268.95352758422786,5.0,0.0,3.0,0.0,3.0,0.0,2.0,0.0,0.0,0.0,0.0,0.0,1.0,0.0
