Learner,stream,randomSeed,learning evaluation instances,evaluation time (cpu seconds),model cost (RAM-Hours),classified instances,AUC,sAUC,Accuracy,Kappa,Periodical holdout AUC,Pos/Neg ratio,G-Mean,Recall,KappaM,model training instances,model serialized size (bytes),ensemble size,[avg] model training instances,[err] model training instances,[avg] model serialized size (bytes),[err] model serialized size (bytes),[avg] tree size (nodes),[err] tree size (nodes),[avg] tree size (leaves),[err] tree size (leaves),[avg] active learning leaves,[err] active learning leaves,[avg] tree depth,[err] tree depth,[avg] active leaf byte size estimate,[err] active leaf byte size estimate,[avg] inactive leaf byte size estimate,[err] inactive leaf byte size estimate,[avg] byte size estimate overhead,[err] byte size estimate overhead
meta.OnlineSmoothBoost -l (trees.HoeffdingTree -e 2000000 -g 100 -c 0.01),ArffFileStream -f ./../../../Dataset/benchmarks/magic.arff,1,500.0,0.0625,4.3720420863893297E-10,500.0,1.0,1.0,1.0,?,0.0,0.0,?,?,?,500.0,27040.0,10.0,403.1050067808823,61.09707177548649,256.0,0.0,1.0,0.0,1.0,0.0,1.0,0.0,0.0,0.0,0.0,0.0,0.0,0.0,1.0,0.0
meta.OnlineSmoothBoost -l (trees.HoeffdingTree -e 2000000 -g 100 -c 0.01),ArffFileStream -f ./../../../Dataset/benchmarks/magic.arff,1,1000.0,0.109375,7.651073651181328E-10,1000.0,1.0,1.0,1.0,?,1.0,0.0,?,?,?,1000.0,27040.0,10.0,806.2100135617629,122.19414355097314,256.0,0.0,1.0,0.0,1.0,0.0,1.0,0.0,0.0,0.0,0.0,0.0,0.0,0.0,1.0,0.0
meta.OnlineSmoothBoost -l (trees.HoeffdingTree -e 2000000 -g 100 -c 0.01),ArffFileStream -f ./../../../Dataset/benchmarks/magic.arff,1,1500.0,0.125,8.74408417277866E-10,1500.0,1.0,1.0,1.0,?,1.0,0.0,?,?,?,1500.0,27040.0,10.0,1209.3150203426399,183.291215326459,256.0,0.0,1.0,0.0,1.0,0.0,1.0,0.0,0.0,0.0,0.0,0.0,0.0,0.0,1.0,0.0
meta.OnlineSmoothBoost -l (trees.HoeffdingTree -e 2000000 -g 100 -c 0.01),ArffFileStream -f ./../../../Dataset/benchmarks/magic.arff,1,2000.0,0.140625,9.837094694375993E-10,2000.0,1.0,1.0,1.0,?,1.0,0.0,?,?,?,2000.0,27040.0,10.0,1612.420027123519,244.38828710193985,256.0,0.0,1.0,0.0,1.0,0.0,1.0,0.0,0.0,0.0,0.0,0.0,0.0,0.0,1.0,0.0
meta.OnlineSmoothBoost -l (trees.HoeffdingTree -e 2000000 -g 100 -c 0.01),ArffFileStream -f ./../../../Dataset/benchmarks/magic.arff,1,2500.0,0.15625,1.0930105215973325E-9,2500.0,1.0,1.0,1.0,?,1.0,0.0,?,?,?,2500.0,27040.0,10.0,2015.5250339043878,305.4853588774089,256.0,0.0,1.0,0.0,1.0,0.0,1.0,0.0,0.0,0.0,0.0,0.0,0.0,0.0,1.0,0.0
meta.OnlineSmoothBoost -l (trees.HoeffdingTree -e 2000000 -g 100 -c 0.01),ArffFileStream -f ./../../../Dataset/benchmarks/magic.arff,1,3000.0,0.1875,1.311612625916799E-9,3000.0,1.0,1.0,1.0,?,1.0,0.0,?,?,?,3000.0,27040.0,10.0,2418.630040685253,366.58243065286695,256.0,0.0,1.0,0.0,1.0,0.0,1.0,0.0,0.0,0.0,0.0,0.0,0.0,0.0,1.0,0.0
meta.OnlineSmoothBoost -l (trees.HoeffdingTree -e 2000000 -g 100 -c 0.01),ArffFileStream -f ./../../../Dataset/benchmarks/magic.arff,1,3500.0,0.203125,1.4209136780765322E-9,3500.0,1.0,1.0,1.0,?,1.0,0.0,?,?,?,3500.0,27040.0,10.0,2821.735047466127,427.6795024283143,256.0,0.0,1.0,0.0,1.0,0.0,1.0,0.0,0.0,0.0,0.0,0.0,0.0,0.0,1.0,0.0
meta.OnlineSmoothBoost -l (trees.HoeffdingTree -e 2000000 -g 100 -c 0.01),ArffFileStream -f ./../../../Dataset/benchmarks/magic.arff,1,4000.0,0.21875,1.5302147302362653E-9,4000.0,1.0,1.0,1.0,?,1.0,0.0,?,?,?,4000.0,27040.0,10.0,3224.840054247006,488.7765742037539,256.0,0.0,1.0,0.0,1.0,0.0,1.0,0.0,0.0,0.0,0.0,0.0,0.0,0.0,1.0,0.0
meta.OnlineSmoothBoost -l (trees.HoeffdingTree -e 2000000 -g 100 -c 0.01),ArffFileStream -f ./../../../Dataset/benchmarks/magic.arff,1,4500.0,0.25,1.7488168345557319E-9,4500.0,1.0,1.0,1.0,?,1.0,0.0,?,?,?,4500.0,27040.0,10.0,3627.945061027894,549.8736459792052,256.0,0.0,1.0,0.0,1.0,0.0,1.0,0.0,0.0,0.0,0.0,0.0,0.0,0.0,1.0,0.0
meta.OnlineSmoothBoost -l (trees.HoeffdingTree -e 2000000 -g 100 -c 0.01),ArffFileStream -f ./../../../Dataset/benchmarks/magic.arff,1,5000.0,0.265625,1.858117886715465E-9,5000.0,1.0,1.0,1.0,?,1.0,0.0,?,?,?,5000.0,27040.0,10.0,4031.050067808817,610.9707177546937,256.0,0.0,1.0,0.0,1.0,0.0,1.0,0.0,0.0,0.0,0.0,0.0,0.0,0.0,1.0,0.0
meta.OnlineSmoothBoost -l (trees.HoeffdingTree -e 2000000 -g 100 -c 0.01),ArffFileStream -f ./../../../Dataset/benchmarks/magic.arff,1,5500.0,0.28125,1.967418938875198E-9,5500.0,1.0,1.0,1.0,?,1.0,0.0,?,?,?,5500.0,27040.0,10.0,4434.155074589765,672.0677895301867,256.0,0.0,1.0,0.0,1.0,0.0,1.0,0.0,0.0,0.0,0.0,0.0,0.0,0.0,1.0,0.0
meta.OnlineSmoothBoost -l (trees.HoeffdingTree -e 2000000 -g 100 -c 0.01),ArffFileStream -f ./../../../Dataset/benchmarks/magic.arff,1,6000.0,0.3125,2.1860210431946645E-9,6000.0,1.0,1.0,1.0,?,1.0,0.0,?,?,?,6000.0,27040.0,10.0,4837.260081370711,733.1648613056789,256.0,0.0,1.0,0.0,1.0,0.0,1.0,0.0,0.0,0.0,0.0,0.0,0.0,0.0,1.0,0.0
meta.OnlineSmoothBoost -l (trees.HoeffdingTree -e 2000000 -g 100 -c 0.01),ArffFileStream -f ./../../../Dataset/benchmarks/magic.arff,1,6500.0,0.328125,2.295322095354398E-9,6500.0,1.0,1.0,1.0,?,1.0,0.0,?,?,?,6500.0,27040.0,10.0,5240.365088151641,794.2619330811928,256.0,0.0,1.0,0.0,1.0,0.0,1.0,0.0,0.0,0.0,0.0,0.0,0.0,0.0,1.0,0.0
meta.OnlineSmoothBoost -l (trees.HoeffdingTree -e 2000000 -g 100 -c 0.01),ArffFileStream -f ./../../../Dataset/benchmarks/magic.arff,1,7000.0,0.34375,2.4046231475141313E-9,7000.0,1.0,1.0,1.0,?,1.0,0.0,?,?,?,7000.0,27040.0,10.0,5643.470094932567,855.3590048567137,256.0,0.0,1.0,0.0,1.0,0.0,1.0,0.0,0.0,0.0,0.0,0.0,0.0,0.0,1.0,0.0
meta.OnlineSmoothBoost -l (trees.HoeffdingTree -e 2000000 -g 100 -c 0.01),ArffFileStream -f ./../../../Dataset/benchmarks/magic.arff,1,7500.0,0.34375,2.4046231475141313E-9,7500.0,1.0,1.0,1.0,?,1.0,0.0,?,?,?,7500.0,27040.0,10.0,6046.575101713491,916.4560766322342,256.0,0.0,1.0,0.0,1.0,0.0,1.0,0.0,0.0,0.0,0.0,0.0,0.0,0.0,1.0,0.0
meta.OnlineSmoothBoost -l (trees.HoeffdingTree -e 2000000 -g 100 -c 0.01),ArffFileStream -f ./../../../Dataset/benchmarks/magic.arff,1,8000.0,0.359375,2.5139241996738646E-9,8000.0,1.0,1.0,1.0,?,1.0,0.0,?,?,?,8000.0,27040.0,10.0,6449.680108494415,977.5531484077547,256.0,0.0,1.0,0.0,1.0,0.0,1.0,0.0,0.0,0.0,0.0,0.0,0.0,0.0,1.0,0.0
meta.OnlineSmoothBoost -l (trees.HoeffdingTree -e 2000000 -g 100 -c 0.01),ArffFileStream -f ./../../../Dataset/benchmarks/magic.arff,1,8500.0,0.390625,2.732526303993331E-9,8500.0,1.0,1.0,1.0,?,1.0,0.0,?,?,?,8500.0,27040.0,10.0,6852.785115275341,1038.6502201832761,256.0,0.0,1.0,0.0,1.0,0.0,1.0,0.0,0.0,0.0,0.0,0.0,0.0,0.0,1.0,0.0
meta.OnlineSmoothBoost -l (trees.HoeffdingTree -e 2000000 -g 100 -c 0.01),ArffFileStream -f ./../../../Dataset/benchmarks/magic.arff,1,9000.0,0.390625,2.732526303993331E-9,9000.0,1.0,1.0,1.0,?,1.0,0.0,?,?,?,9000.0,27040.0,10.0,7255.890122056265,1099.7472919587965,256.0,0.0,1.0,0.0,1.0,0.0,1.0,0.0,0.0,0.0,0.0,0.0,0.0,0.0,1.0,0.0
meta.OnlineSmoothBoost -l (trees.HoeffdingTree -e 2000000 -g 100 -c 0.01),ArffFileStream -f ./../../../Dataset/benchmarks/magic.arff,1,9500.0,0.40625,2.8418273561530643E-9,9500.0,1.0,1.0,1.0,?,1.0,0.0,?,?,?,9500.0,27040.0,10.0,7658.99512883719,1160.8443637343173,256.0,0.0,1.0,0.0,1.0,0.0,1.0,0.0,0.0,0.0,0.0,0.0,0.0,0.0,1.0,0.0
meta.OnlineSmoothBoost -l (trees.HoeffdingTree -e 2000000 -g 100 -c 0.01),ArffFileStream -f ./../../../Dataset/benchmarks/magic.arff,1,10000.0,0.4375,3.0604294604725307E-9,10000.0,1.0,1.0,1.0,?,1.0,0.0,?,?,?,10000.0,27040.0,10.0,8062.100135618114,1221.9414355098374,256.0,0.0,1.0,0.0,1.0,0.0,1.0,0.0,0.0,0.0,0.0,0.0,0.0,0.0,1.0,0.0
meta.OnlineSmoothBoost -l (trees.HoeffdingTree -e 2000000 -g 100 -c 0.01),ArffFileStream -f ./../../../Dataset/benchmarks/magic.arff,1,10500.0,0.4375,3.0604294604725307E-9,10500.0,1.0,1.0,1.0,?,1.0,0.0,?,?,?,10500.0,27040.0,10.0,8465.205142398996,1283.0385072853542,256.0,0.0,1.0,0.0,1.0,0.0,1.0,0.0,0.0,0.0,0.0,0.0,0.0,0.0,1.0,0.0
meta.OnlineSmoothBoost -l (trees.HoeffdingTree -e 2000000 -g 100 -c 0.01),ArffFileStream -f ./../../../Dataset/benchmarks/magic.arff,1,11000.0,0.46875,3.279031564791997E-9,11000.0,1.0,1.0,1.0,?,1.0,0.0,?,?,?,11000.0,27040.0,10.0,8868.310149179832,1344.1355790608811,256.0,0.0,1.0,0.0,1.0,0.0,1.0,0.0,0.0,0.0,0.0,0.0,0.0,0.0,1.0,0.0
meta.OnlineSmoothBoost -l (trees.HoeffdingTree -e 2000000 -g 100 -c 0.01),ArffFileStream -f ./../../../Dataset/benchmarks/magic.arff,1,11500.0,0.484375,3.3883326169517304E-9,11500.0,1.0,1.0,1.0,?,1.0,0.0,?,?,?,11500.0,27040.0,10.0,9271.415155960665,1405.2326508364083,256.0,0.0,1.0,0.0,1.0,0.0,1.0,0.0,0.0,0.0,0.0,0.0,0.0,0.0,1.0,0.0
meta.OnlineSmoothBoost -l (trees.HoeffdingTree -e 2000000 -g 100 -c 0.01),ArffFileStream -f ./../../../Dataset/benchmarks/magic.arff,1,12000.0,0.5,3.4976336691114637E-9,12000.0,1.0,1.0,1.0,?,1.0,0.0,?,?,?,12000.0,27040.0,10.0,9674.520162741466,1466.3297226119664,256.0,0.0,1.0,0.0,1.0,0.0,1.0,0.0,0.0,0.0,0.0,0.0,0.0,0.0,1.0,0.0
meta.OnlineSmoothBoost -l (trees.HoeffdingTree -e 2000000 -g 100 -c 0.01),ArffFileStream -f ./../../../Dataset/benchmarks/magic.arff,1,12500.0,0.5625,3.9374248849021065E-9,12500.0,0.9940476190476191,0.6952271317035241,0.904,0.7685185185185186,1.0,0.5060240963855421,0.8451542547285166,0.7142857142857143,-6.142857142857137,12500.0,27200.0,10.0,10088.986867267568,1520.015358501653,512.0,0.0,3.0,0.0,2.0,0.0,2.0,0.0,1.0,0.0,0.0,0.0,0.0,0.0,1.0,0.0
meta.OnlineSmoothBoost -l (trees.HoeffdingTree -e 2000000 -g 100 -c 0.01),ArffFileStream -f ./../../../Dataset/benchmarks/magic.arff,1,13000.0,0.609375,4.267268296745089E-9,13000.0,1.0,1.0,1.0,?,0.9940476190476191,1.7976931348623157E308,?,1.0,1.0,13000.0,27200.0,10.0,10492.70393037443,1580.7014675572825,760.0,0.0,5.0,0.0,3.0,0.0,3.0,0.0,2.0,0.0,0.0,0.0,0.0,0.0,1.0,0.0
meta.OnlineSmoothBoost -l (trees.HoeffdingTree -e 2000000 -g 100 -c 0.01),ArffFileStream -f ./../../../Dataset/benchmarks/magic.arff,1,13500.0,0.640625,4.48716390464041E-9,13500.0,1.0,1.0,1.0,?,1.0,1.7976931348623157E308,?,1.0,1.0,13500.0,27200.0,10.0,10895.808937155218,1641.7985372805945,760.0,0.0,5.0,0.0,3.0,0.0,3.0,0.0,2.0,0.0,0.0,0.0,0.0,0.0,1.0,0.0
meta.OnlineSmoothBoost -l (trees.HoeffdingTree -e 2000000 -g 100 -c 0.01),ArffFileStream -f ./../../../Dataset/benchmarks/magic.arff,1,14000.0,0.65625,4.59711170858807E-9,14000.0,1.0,1.0,1.0,?,1.0,1.7976931348623157E308,?,1.0,1.0,14000.0,27200.0,10.0,11298.913943936008,1702.8956071511698,760.0,0.0,5.0,0.0,3.0,0.0,3.0,0.0,2.0,0.0,0.0,0.0,0.0,0.0,1.0,0.0
meta.OnlineSmoothBoost -l (trees.HoeffdingTree -e 2000000 -g 100 -c 0.01),ArffFileStream -f ./../../../Dataset/benchmarks/magic.arff,1,14500.0,0.671875,4.707059512535731E-9,14500.0,1.0,1.0,1.0,?,1.0,1.7976931348623157E308,?,1.0,1.0,14500.0,27200.0,10.0,11702.018950716796,1763.9926771537068,760.0,0.0,5.0,0.0,3.0,0.0,3.0,0.0,2.0,0.0,0.0,0.0,0.0,0.0,1.0,0.0
meta.OnlineSmoothBoost -l (trees.HoeffdingTree -e 2000000 -g 100 -c 0.01),ArffFileStream -f ./../../../Dataset/benchmarks/magic.arff,1,15000.0,0.6875,4.817007316483391E-9,15000.0,1.0,1.0,1.0,?,1.0,1.7976931348623157E308,?,1.0,1.0,15000.0,27200.0,10.0,12105.123957497584,1825.0897472749523,760.0,0.0,5.0,0.0,3.0,0.0,3.0,0.0,2.0,0.0,0.0,0.0,0.0,0.0,1.0,0.0
meta.OnlineSmoothBoost -l (trees.HoeffdingTree -e 2000000 -g 100 -c 0.01),ArffFileStream -f ./../../../Dataset/benchmarks/magic.arff,1,15500.0,0.703125,4.9269551204310516E-9,15500.0,1.0,1.0,1.0,?,1.0,1.7976931348623157E308,?,1.0,1.0,15500.0,27200.0,10.0,12508.22896427837,1886.1868175033705,760.0,0.0,5.0,0.0,3.0,0.0,3.0,0.0,2.0,0.0,0.0,0.0,0.0,0.0,1.0,0.0
meta.OnlineSmoothBoost -l (trees.HoeffdingTree -e 2000000 -g 100 -c 0.01),ArffFileStream -f ./../../../Dataset/benchmarks/magic.arff,1,16000.0,0.71875,5.036902924378712E-9,16000.0,1.0,1.0,1.0,?,1.0,1.7976931348623157E308,?,1.0,1.0,16000.0,27200.0,10.0,12911.473659246085,1947.2495889930124,834.4,119.79538110183269,5.6000000000000005,0.9660917830792959,3.3000000000000003,0.48304589153964794,3.3000000000000003,0.48304589153964794,2.0,0.0,0.0,0.0,0.0,0.0,1.0,0.0
meta.OnlineSmoothBoost -l (trees.HoeffdingTree -e 2000000 -g 100 -c 0.01),ArffFileStream -f ./../../../Dataset/benchmarks/magic.arff,1,16500.0,0.734375,5.1468507283263725E-9,16500.0,1.0,1.0,1.0,?,1.0,1.7976931348623157E308,?,1.0,1.0,16500.0,27200.0,10.0,13314.920760544757,2008.1799846855959,884.0,130.70747662029302,6.0,1.0540925533894598,3.5,0.5270462766947299,3.5,0.5270462766947299,2.0,0.0,0.0,0.0,0.0,0.0,1.0,0.0
meta.OnlineSmoothBoost -l (trees.HoeffdingTree -e 2000000 -g 100 -c 0.01),ArffFileStream -f ./../../../Dataset/benchmarks/magic.arff,1,17000.0,0.75,5.256798532274033E-9,17000.0,1.0,1.0,1.0,?,1.0,1.7976931348623157E308,?,1.0,1.0,17000.0,27200.0,10.0,13718.11325972625,2069.2088580971804,884.0,130.70747662029302,6.0,1.0540925533894598,3.5,0.5270462766947299,3.5,0.5270462766947299,2.0,0.0,0.0,0.0,0.0,0.0,1.0,0.0
meta.OnlineSmoothBoost -l (trees.HoeffdingTree -e 2000000 -g 100 -c 0.01),ArffFileStream -f ./../../../Dataset/benchmarks/magic.arff,1,17500.0,0.765625,5.3667463362216935E-9,17500.0,1.0,1.0,1.0,?,1.0,1.7976931348623157E308,?,1.0,1.0,17500.0,27200.0,10.0,14121.271153469908,2130.2461002449886,933.6,119.7953811018327,6.3999999999999995,0.9660917830792958,3.6999999999999997,0.4830458915396479,3.6999999999999997,0.4830458915396479,2.0,0.0,0.0,0.0,0.0,0.0,1.0,0.0
meta.OnlineSmoothBoost -l (trees.HoeffdingTree -e 2000000 -g 100 -c 0.01),ArffFileStream -f ./../../../Dataset/benchmarks/magic.arff,1,18000.0,0.78125,5.476694140169354E-9,18000.0,1.0,1.0,1.0,?,1.0,1.7976931348623157E308,?,1.0,1.0,18000.0,27200.0,10.0,14524.428300568825,2191.2797194086884,983.2,78.42448597217582,6.8,0.6324555320336759,3.9,0.31622776601683794,3.9,0.31622776601683794,2.0,0.0,0.0,0.0,0.0,0.0,1.0,0.0
meta.OnlineSmoothBoost -l (trees.HoeffdingTree -e 2000000 -g 100 -c 0.01),ArffFileStream -f ./../../../Dataset/benchmarks/magic.arff,1,18500.0,0.8125,5.696589748064675E-9,18500.0,1.0,1.0,1.0,?,1.0,1.7976931348623157E308,?,1.0,1.0,18500.0,27200.0,10.0,14927.578010808349,2252.317074548854,1008.0,0.0,7.0,0.0,4.0,0.0,4.0,0.0,2.0,0.0,0.0,0.0,0.0,0.0,1.0,0.0
meta.OnlineSmoothBoost -l (trees.HoeffdingTree -e 2000000 -g 100 -c 0.01),ArffFileStream -f ./../../../Dataset/benchmarks/magic.arff,1,19000.0,0.8125,5.696589748064675E-9,19000.0,1.0,1.0,1.0,?,1.0,1.7976931348623157E308,?,1.0,1.0,19000.0,27200.0,10.0,15330.683017589137,2313.4141453262473,1008.0,0.0,7.0,0.0,4.0,0.0,4.0,0.0,2.0,0.0,0.0,0.0,0.0,0.0,1.0,0.0
meta.OnlineSmoothBoost -l (trees.HoeffdingTree -e 2000000 -g 100 -c 0.01),ArffFileStream -f ./../../../Dataset/benchmarks/magic.arff,1,19020.0,0.828125,5.806537552012335E-9,19020.0,1.0,1.0,1.0,?,1.0,1.7976931348623157E308,?,1.0,1.0,19020.0,27200.0,10.0,15346.807217860367,2315.8580281584373,1008.0,0.0,7.0,0.0,4.0,0.0,4.0,0.0,2.0,0.0,0.0,0.0,0.0,0.0,1.0,0.0
