Learner,stream,randomSeed,learning evaluation instances,evaluation time (cpu seconds),model cost (RAM-Hours),classified instances,AUC,sAUC,Accuracy,Kappa,Periodical holdout AUC,Pos/Neg ratio,G-Mean,Recall,KappaM,model training instances,model serialized size (bytes),Member weight 1,Member weight 2,Member weight 3,Member weight 4,Member weight 5,Member weight 6,Member weight 7,Member weight 8,Member weight 9,Member weight 10,[avg] model training instances,[err] model training instances,[avg] model serialized size (bytes),[err] model serialized size (bytes),[avg] tree size (nodes),[err] tree size (nodes),[avg] tree size (leaves),[err] tree size (leaves),[avg] active learning leaves,[err] active learning leaves,[avg] tree depth,[err] tree depth,[avg] active leaf byte size estimate,[err] active leaf byte size estimate,[avg] inactive leaf byte size estimate,[err] inactive leaf byte size estimate,[avg] byte size estimate overhead,[err] byte size estimate overhead
meta.imbalanced.RUEBSOR,ArffFileStream -f ./../../../Dataset/benchmarks/magic.arff,1,500.0,0.125,1.7617518703142803E-10,500.0,1.0,1.0,1.0,?,0.0,0.0,?,?,?,500.0,5448.0,1.0,-1.0,-1.0,-1.0,-1.0,-1.0,-1.0,-1.0,-1.0,-1.0,0.0,0.0,0.0,0.0,0.0,0.0,0.0,0.0,0.0,0.0,0.0,0.0,0.0,0.0,0.0,0.0,0.0,0.0
meta.imbalanced.RUEBSOR,ArffFileStream -f ./../../../Dataset/benchmarks/magic.arff,1,1000.0,0.15625,2.398802381422785E-10,1000.0,1.0,1.0,1.0,?,1.0,0.0,?,?,?,1000.0,7880.0,1.0,1.0,-1.0,-1.0,-1.0,-1.0,-1.0,-1.0,-1.0,-1.0,1250.0,353.5533905932738,256.0,0.0,1.0,0.0,1.0,0.0,1.0,0.0,0.0,0.0,0.0,0.0,0.0,0.0,1.0,0.0
meta.imbalanced.RUEBSOR,ArffFileStream -f ./../../../Dataset/benchmarks/magic.arff,1,1500.0,0.171875,2.8162806605299317E-10,1500.0,1.0,1.0,1.0,?,1.0,0.0,?,?,?,1500.0,10328.0,1.0,1.0,1.0,-1.0,-1.0,-1.0,-1.0,-1.0,-1.0,-1.0,1500.0,500.0,256.0,0.0,1.0,0.0,1.0,0.0,1.0,0.0,0.0,0.0,0.0,0.0,0.0,0.0,1.0,0.0
meta.imbalanced.RUEBSOR,ArffFileStream -f ./../../../Dataset/benchmarks/magic.arff,1,2000.0,0.1875,3.3320652114020456E-10,2000.0,1.0,1.0,1.0,?,1.0,0.0,?,?,?,2000.0,12760.0,1.0,1.0,1.0,1.0,-1.0,-1.0,-1.0,-1.0,-1.0,-1.0,1750.0,645.4972243679028,256.0,0.0,1.0,0.0,1.0,0.0,1.0,0.0,0.0,0.0,0.0,0.0,0.0,0.0,1.0,0.0
meta.imbalanced.RUEBSOR,ArffFileStream -f ./../../../Dataset/benchmarks/magic.arff,1,2500.0,0.21875,4.5615403602520626E-10,2500.0,1.0,1.0,1.0,?,1.0,0.0,?,?,?,2500.0,15208.0,1.0,1.0,1.0,1.0,1.0,-1.0,-1.0,-1.0,-1.0,-1.0,2000.0,790.5694150420949,256.0,0.0,1.0,0.0,1.0,0.0,1.0,0.0,0.0,0.0,0.0,0.0,0.0,0.0,1.0,0.0
meta.imbalanced.RUEBSOR,ArffFileStream -f ./../../../Dataset/benchmarks/magic.arff,1,3000.0,0.234375,5.274584206442039E-10,3000.0,1.0,1.0,1.0,?,1.0,0.0,?,?,?,3000.0,17640.0,1.0,1.0,1.0,1.0,1.0,1.0,-1.0,-1.0,-1.0,-1.0,2250.0,935.4143466934853,256.0,0.0,1.0,0.0,1.0,0.0,1.0,0.0,0.0,0.0,0.0,0.0,0.0,0.0,1.0,0.0
meta.imbalanced.RUEBSOR,ArffFileStream -f ./../../../Dataset/benchmarks/magic.arff,1,3500.0,0.265625,6.898577945927779E-10,3500.0,1.0,1.0,1.0,?,1.0,0.0,?,?,?,3500.0,20088.0,1.0,1.0,1.0,1.0,1.0,1.0,1.0,-1.0,-1.0,-1.0,2500.0,1080.1234497346434,256.0,0.0,1.0,0.0,1.0,0.0,1.0,0.0,0.0,0.0,0.0,0.0,0.0,0.0,1.0,0.0
meta.imbalanced.RUEBSOR,ArffFileStream -f ./../../../Dataset/benchmarks/magic.arff,1,4000.0,0.28125,7.808881087435616E-10,4000.0,1.0,1.0,1.0,?,1.0,0.0,?,?,?,4000.0,22520.0,1.0,1.0,1.0,1.0,1.0,1.0,1.0,1.0,-1.0,-1.0,2750.0,1224.744871391589,256.0,0.0,1.0,0.0,1.0,0.0,1.0,0.0,0.0,0.0,0.0,0.0,0.0,0.0,1.0,0.0
meta.imbalanced.RUEBSOR,ArffFileStream -f ./../../../Dataset/benchmarks/magic.arff,1,4500.0,0.3125,9.82739341755708E-10,4500.0,1.0,1.0,1.0,?,1.0,0.0,?,?,?,4500.0,24968.0,1.0,1.0,1.0,1.0,1.0,1.0,1.0,1.0,1.0,-1.0,3000.0,1369.3063937629154,256.0,0.0,1.0,0.0,1.0,0.0,1.0,0.0,0.0,0.0,0.0,0.0,0.0,0.0,1.0,0.0
meta.imbalanced.RUEBSOR,ArffFileStream -f ./../../../Dataset/benchmarks/magic.arff,1,5000.0,0.34375,1.204251829120848E-9,5000.0,1.0,1.0,1.0,?,1.0,0.0,?,?,?,5000.0,27400.0,1.0,1.0,1.0,1.0,1.0,1.0,1.0,1.0,1.0,1.0,3250.0,1513.8251770487457,256.0,0.0,1.0,0.0,1.0,0.0,1.0,0.0,0.0,0.0,0.0,0.0,0.0,0.0,1.0,0.0
meta.imbalanced.RUEBSOR,ArffFileStream -f ./../../../Dataset/benchmarks/magic.arff,1,5500.0,0.375,1.425764316485988E-9,5500.0,1.0,1.0,1.0,?,1.0,0.0,?,?,?,5500.0,27400.0,1.0,1.0,1.0,1.0,1.0,1.0,1.0,1.0,1.0,1.0,3750.0,1513.8251770487457,256.0,0.0,1.0,0.0,1.0,0.0,1.0,0.0,0.0,0.0,0.0,0.0,0.0,0.0,1.0,0.0
meta.imbalanced.RUEBSOR,ArffFileStream -f ./../../../Dataset/benchmarks/magic.arff,1,6000.0,0.40625,1.6472768038511279E-9,6000.0,1.0,1.0,1.0,?,1.0,0.0,?,?,?,6000.0,27400.0,1.0,1.0,1.0,1.0,1.0,1.0,1.0,1.0,1.0,1.0,4250.0,1513.8251770487457,256.0,0.0,1.0,0.0,1.0,0.0,1.0,0.0,0.0,0.0,0.0,0.0,0.0,0.0,1.0,0.0
meta.imbalanced.RUEBSOR,ArffFileStream -f ./../../../Dataset/benchmarks/magic.arff,1,6500.0,0.4375,1.868789291216268E-9,6500.0,1.0,1.0,1.0,?,1.0,0.0,?,?,?,6500.0,27400.0,1.0,1.0,1.0,1.0,1.0,1.0,1.0,1.0,1.0,1.0,4750.0,1513.8251770487457,256.0,0.0,1.0,0.0,1.0,0.0,1.0,0.0,0.0,0.0,0.0,0.0,0.0,0.0,1.0,0.0
meta.imbalanced.RUEBSOR,ArffFileStream -f ./../../../Dataset/benchmarks/magic.arff,1,7000.0,0.46875,2.0903017785814078E-9,7000.0,1.0,1.0,1.0,?,1.0,0.0,?,?,?,7000.0,27400.0,1.0,1.0,1.0,1.0,1.0,1.0,1.0,1.0,1.0,1.0,5250.0,1513.8251770487457,256.0,0.0,1.0,0.0,1.0,0.0,1.0,0.0,0.0,0.0,0.0,0.0,0.0,0.0,1.0,0.0
meta.imbalanced.RUEBSOR,ArffFileStream -f ./../../../Dataset/benchmarks/magic.arff,1,7500.0,0.484375,2.2010580222639777E-9,7500.0,1.0,1.0,1.0,?,1.0,0.0,?,?,?,7500.0,27400.0,1.0,1.0,1.0,1.0,1.0,1.0,1.0,1.0,1.0,1.0,5750.0,1513.8251770487457,256.0,0.0,1.0,0.0,1.0,0.0,1.0,0.0,0.0,0.0,0.0,0.0,0.0,0.0,1.0,0.0
meta.imbalanced.RUEBSOR,ArffFileStream -f ./../../../Dataset/benchmarks/magic.arff,1,8000.0,0.5,2.3118142659465477E-9,8000.0,1.0,1.0,1.0,?,1.0,0.0,?,?,?,8000.0,27400.0,1.0,1.0,1.0,1.0,1.0,1.0,1.0,1.0,1.0,1.0,6250.0,1513.8251770487457,256.0,0.0,1.0,0.0,1.0,0.0,1.0,0.0,0.0,0.0,0.0,0.0,0.0,0.0,1.0,0.0
meta.imbalanced.RUEBSOR,ArffFileStream -f ./../../../Dataset/benchmarks/magic.arff,1,8500.0,0.53125,2.5333267533116877E-9,8500.0,1.0,1.0,1.0,?,1.0,0.0,?,?,?,8500.0,27400.0,1.0,1.0,1.0,1.0,1.0,1.0,1.0,1.0,1.0,1.0,6750.0,1513.8251770487457,256.0,0.0,1.0,0.0,1.0,0.0,1.0,0.0,0.0,0.0,0.0,0.0,0.0,0.0,1.0,0.0
meta.imbalanced.RUEBSOR,ArffFileStream -f ./../../../Dataset/benchmarks/magic.arff,1,9000.0,0.546875,2.6440829969942576E-9,9000.0,1.0,1.0,1.0,?,1.0,0.0,?,?,?,9000.0,27400.0,1.0,1.0,1.0,1.0,1.0,1.0,1.0,1.0,1.0,1.0,7250.0,1513.8251770487457,256.0,0.0,1.0,0.0,1.0,0.0,1.0,0.0,0.0,0.0,0.0,0.0,0.0,0.0,1.0,0.0
meta.imbalanced.RUEBSOR,ArffFileStream -f ./../../../Dataset/benchmarks/magic.arff,1,9500.0,0.5625,2.7548392406768276E-9,9500.0,1.0,1.0,1.0,?,1.0,0.0,?,?,?,9500.0,27400.0,1.0,1.0,1.0,1.0,1.0,1.0,1.0,1.0,1.0,1.0,7750.0,1513.8251770487457,256.0,0.0,1.0,0.0,1.0,0.0,1.0,0.0,0.0,0.0,0.0,0.0,0.0,0.0,1.0,0.0
meta.imbalanced.RUEBSOR,ArffFileStream -f ./../../../Dataset/benchmarks/magic.arff,1,10000.0,0.59375,2.9763517280419676E-9,10000.0,1.0,1.0,1.0,?,1.0,0.0,?,?,?,10000.0,27400.0,1.0,1.0,1.0,1.0,1.0,1.0,1.0,1.0,1.0,1.0,8250.0,1513.8251770487457,256.0,0.0,1.0,0.0,1.0,0.0,1.0,0.0,0.0,0.0,0.0,0.0,0.0,0.0,1.0,0.0
meta.imbalanced.RUEBSOR,ArffFileStream -f ./../../../Dataset/benchmarks/magic.arff,1,10500.0,0.609375,3.0871079717245375E-9,10500.0,1.0,1.0,1.0,?,1.0,0.0,?,?,?,10500.0,27400.0,1.0,1.0,1.0,1.0,1.0,1.0,1.0,1.0,1.0,1.0,8750.0,1513.8251770487457,256.0,0.0,1.0,0.0,1.0,0.0,1.0,0.0,0.0,0.0,0.0,0.0,0.0,0.0,1.0,0.0
meta.imbalanced.RUEBSOR,ArffFileStream -f ./../../../Dataset/benchmarks/magic.arff,1,11000.0,0.625,3.1978642154071075E-9,11000.0,1.0,1.0,1.0,?,1.0,0.0,?,?,?,11000.0,27400.0,1.0,1.0,1.0,1.0,1.0,1.0,1.0,1.0,1.0,1.0,9250.0,1513.8251770487457,256.0,0.0,1.0,0.0,1.0,0.0,1.0,0.0,0.0,0.0,0.0,0.0,0.0,0.0,1.0,0.0
meta.imbalanced.RUEBSOR,ArffFileStream -f ./../../../Dataset/benchmarks/magic.arff,1,11500.0,0.640625,3.3086204590896775E-9,11500.0,1.0,1.0,1.0,?,1.0,0.0,?,?,?,11500.0,27400.0,1.0,1.0,1.0,1.0,1.0,1.0,1.0,1.0,1.0,1.0,9750.0,1513.8251770487457,256.0,0.0,1.0,0.0,1.0,0.0,1.0,0.0,0.0,0.0,0.0,0.0,0.0,0.0,1.0,0.0
meta.imbalanced.RUEBSOR,ArffFileStream -f ./../../../Dataset/benchmarks/magic.arff,1,12000.0,0.65625,3.4193767027722475E-9,12000.0,1.0,1.0,1.0,?,1.0,0.0,?,?,?,12000.0,27400.0,1.0,1.0,1.0,1.0,1.0,1.0,1.0,1.0,1.0,1.0,10250.0,1513.8251770487457,256.0,0.0,1.0,0.0,1.0,0.0,1.0,0.0,0.0,0.0,0.0,0.0,0.0,0.0,1.0,0.0
meta.imbalanced.RUEBSOR,ArffFileStream -f ./../../../Dataset/benchmarks/magic.arff,1,12500.0,0.78125,4.310600666536226E-9,12500.0,0.5,0.0,0.664,0.0,1.0,0.5060240963855421,0.0,0.0,-23.999999999999982,12500.0,27560.0,0.6016838783706254,0.336,0.336,0.336,0.336,0.336,0.336,0.336,0.336,0.336,9733.7,3221.3592731433523,735.2,78.42448597217582,4.799999999999999,0.6324555320336761,2.8999999999999995,0.31622776601683805,2.8999999999999995,0.31622776601683805,1.9,0.31622776601683794,0.0,0.0,0.0,0.0,1.0,0.0
meta.imbalanced.RUEBSOR,ArffFileStream -f ./../../../Dataset/benchmarks/magic.arff,1,13000.0,0.8125,4.533341982298428E-9,13000.0,1.0,1.0,1.0,?,0.5,1.7976931348623157E308,?,1.0,1.0,13000.0,27552.0,1.0,1.0,1.0,1.0,1.0,1.0,1.0,1.0,1.0,1.0,10150.3,3464.6003473224246,710.4,156.84897194435163,4.6,1.2649110640673518,2.8,0.6324555320336759,2.8,0.6324555320336759,1.7999999999999998,0.6324555320336759,0.0,0.0,0.0,0.0,1.0,0.0
meta.imbalanced.RUEBSOR,ArffFileStream -f ./../../../Dataset/benchmarks/magic.arff,1,13500.0,0.828125,4.644712640179529E-9,13500.0,1.0,1.0,1.0,?,1.0,1.7976931348623157E308,?,1.0,1.0,13500.0,27552.0,1.0,1.0,1.0,1.0,1.0,1.0,1.0,1.0,1.0,1.0,10650.3,3464.6003473224246,710.4,156.84897194435163,4.6,1.2649110640673518,2.8,0.6324555320336759,2.8,0.6324555320336759,1.7999999999999998,0.6324555320336759,0.0,0.0,0.0,0.0,1.0,0.0
meta.imbalanced.RUEBSOR,ArffFileStream -f ./../../../Dataset/benchmarks/magic.arff,1,14000.0,0.84375,4.756083298060629E-9,14000.0,1.0,1.0,1.0,?,1.0,1.7976931348623157E308,?,1.0,1.0,14000.0,27552.0,1.0,1.0,1.0,1.0,1.0,1.0,1.0,1.0,1.0,1.0,11150.3,3464.6003473224246,735.2,182.99046726841027,4.8,1.4757295747452437,2.9,0.7378647873726218,2.9,0.7378647873726218,1.7999999999999998,0.6324555320336759,0.0,0.0,0.0,0.0,1.0,0.0
meta.imbalanced.RUEBSOR,ArffFileStream -f ./../../../Dataset/benchmarks/magic.arff,1,14500.0,0.875,4.978824613822831E-9,14500.0,1.0,1.0,1.0,?,1.0,1.7976931348623157E308,?,1.0,1.0,14500.0,27552.0,1.0,1.0,1.0,1.0,1.0,1.0,1.0,1.0,1.0,1.0,11650.3,3464.6003473224246,809.6,227.89627270122503,5.4,1.837873166945363,3.2,0.9189365834726815,3.2,0.9189365834726815,1.7999999999999998,0.6324555320336759,0.0,0.0,0.0,0.0,1.0,0.0
meta.imbalanced.RUEBSOR,ArffFileStream -f ./../../../Dataset/benchmarks/magic.arff,1,15000.0,0.890625,5.090195271703932E-9,15000.0,1.0,1.0,1.0,?,1.0,1.7976931348623157E308,?,1.0,1.0,15000.0,27552.0,1.0,1.0,1.0,1.0,1.0,1.0,1.0,1.0,1.0,1.0,12150.3,3464.6003473224246,809.6,227.89627270122503,5.4,1.837873166945363,3.2,0.9189365834726815,3.2,0.9189365834726815,1.7999999999999998,0.6324555320336759,0.0,0.0,0.0,0.0,1.0,0.0
meta.imbalanced.RUEBSOR,ArffFileStream -f ./../../../Dataset/benchmarks/magic.arff,1,15500.0,0.921875,5.312936587466134E-9,15500.0,1.0,1.0,1.0,?,1.0,1.7976931348623157E308,?,1.0,1.0,15500.0,27552.0,1.0,1.0,1.0,1.0,1.0,1.0,1.0,1.0,1.0,1.0,12650.3,3464.6003473224246,933.6,235.27345791652743,6.3999999999999995,1.8973665961010275,3.6999999999999997,0.9486832980505138,3.6999999999999997,0.9486832980505138,1.7999999999999998,0.6324555320336759,0.0,0.0,0.0,0.0,1.0,0.0
meta.imbalanced.RUEBSOR,ArffFileStream -f ./../../../Dataset/benchmarks/magic.arff,1,16000.0,0.9375,5.424307245347235E-9,16000.0,1.0,1.0,1.0,?,1.0,1.7976931348623157E308,?,1.0,1.0,16000.0,27552.0,1.0,1.0,1.0,1.0,1.0,1.0,1.0,1.0,1.0,1.0,13150.3,3464.6003473224246,933.6,235.27345791652743,6.3999999999999995,1.8973665961010275,3.6999999999999997,0.9486832980505138,3.6999999999999997,0.9486832980505138,1.7999999999999998,0.6324555320336759,0.0,0.0,0.0,0.0,1.0,0.0
meta.imbalanced.RUEBSOR,ArffFileStream -f ./../../../Dataset/benchmarks/magic.arff,1,16500.0,0.96875,5.646983885930644E-9,16500.0,1.0,1.0,1.0,?,1.0,1.7976931348623157E308,?,1.0,1.0,16500.0,27544.0,1.0,1.0,0.996,0.996,0.996,0.996,1.0,1.0,1.0,1.0,12083.600000000002,5103.541498040574,859.1999999999999,313.6979438887032,5.800000000000001,2.5298221281347035,3.4000000000000004,1.2649110640673518,3.4000000000000004,1.2649110640673518,1.6,0.8432740427115678,0.0,0.0,0.0,0.0,1.0,0.0
meta.imbalanced.RUEBSOR,ArffFileStream -f ./../../../Dataset/benchmarks/magic.arff,1,17000.0,0.984375,5.758322206222348E-9,17000.0,1.0,1.0,1.0,?,1.0,1.7976931348623157E308,?,1.0,1.0,17000.0,27544.0,1.0,1.0,1.0,1.0,1.0,1.0,1.0,1.0,1.0,1.0,12583.600000000002,5103.541498040574,859.1999999999999,313.6979438887032,5.800000000000001,2.5298221281347035,3.4000000000000004,1.2649110640673518,3.4000000000000004,1.2649110640673518,1.6,0.8432740427115678,0.0,0.0,0.0,0.0,1.0,0.0
meta.imbalanced.RUEBSOR,ArffFileStream -f ./../../../Dataset/benchmarks/magic.arff,1,17500.0,1.0,5.869660526514053E-9,17500.0,1.0,1.0,1.0,?,1.0,1.7976931348623157E308,?,1.0,1.0,17500.0,27544.0,1.0,1.0,1.0,1.0,1.0,1.0,1.0,1.0,1.0,1.0,13083.600000000002,5103.541498040574,859.1999999999999,313.6979438887032,5.800000000000001,2.5298221281347035,3.4000000000000004,1.2649110640673518,3.4000000000000004,1.2649110640673518,1.6,0.8432740427115678,0.0,0.0,0.0,0.0,1.0,0.0
meta.imbalanced.RUEBSOR,ArffFileStream -f ./../../../Dataset/benchmarks/magic.arff,1,18000.0,1.015625,5.980998846805757E-9,18000.0,1.0,1.0,1.0,?,1.0,1.7976931348623157E308,?,1.0,1.0,18000.0,27544.0,1.0,1.0,1.0,1.0,1.0,1.0,1.0,1.0,1.0,1.0,13583.600000000002,5103.541498040574,859.1999999999999,313.6979438887032,5.800000000000001,2.5298221281347035,3.4000000000000004,1.2649110640673518,3.4000000000000004,1.2649110640673518,1.6,0.8432740427115678,0.0,0.0,0.0,0.0,1.0,0.0
meta.imbalanced.RUEBSOR,ArffFileStream -f ./../../../Dataset/benchmarks/magic.arff,1,18500.0,1.03125,6.092337167097462E-9,18500.0,1.0,1.0,1.0,?,1.0,1.7976931348623157E308,?,1.0,1.0,18500.0,27544.0,1.0,1.0,1.0,1.0,1.0,1.0,1.0,1.0,1.0,1.0,14083.600000000002,5103.541498040574,859.1999999999999,313.6979438887032,5.800000000000001,2.5298221281347035,3.4000000000000004,1.2649110640673518,3.4000000000000004,1.2649110640673518,1.6,0.8432740427115678,0.0,0.0,0.0,0.0,1.0,0.0
meta.imbalanced.RUEBSOR,ArffFileStream -f ./../../../Dataset/benchmarks/magic.arff,1,19000.0,1.046875,6.203675487389166E-9,19000.0,1.0,1.0,1.0,?,1.0,1.7976931348623157E308,?,1.0,1.0,19000.0,27544.0,1.0,1.0,1.0,1.0,1.0,1.0,1.0,1.0,1.0,1.0,14583.600000000002,5103.541498040574,859.1999999999999,313.6979438887032,5.800000000000001,2.5298221281347035,3.4000000000000004,1.2649110640673518,3.4000000000000004,1.2649110640673518,1.6,0.8432740427115678,0.0,0.0,0.0,0.0,1.0,0.0
meta.imbalanced.RUEBSOR,ArffFileStream -f ./../../../Dataset/benchmarks/magic.arff,1,19020.0,1.046875,6.203675487389166E-9,19020.0,1.0,1.0,1.0,?,1.0,1.7976931348623157E308,?,1.0,1.0,19020.0,27880.0,1.0,1.0,1.0,1.0,1.0,1.0,1.0,1.0,1.0,1.0,14583.600000000002,5103.541498040574,859.1999999999999,313.6979438887032,5.800000000000001,2.5298221281347035,3.4000000000000004,1.2649110640673518,3.4000000000000004,1.2649110640673518,1.6,0.8432740427115678,0.0,0.0,0.0,0.0,1.0,0.0
