Learner,stream,randomSeed,learning evaluation instances,evaluation time (cpu seconds),model cost (RAM-Hours),classified instances,AUC,sAUC,Accuracy,Kappa,Periodical holdout AUC,Pos/Neg ratio,G-Mean,Recall,KappaM,model training instances,model serialized size (bytes)
meta.imbalanced.CSMOTE -l (trees.HoeffdingTree -e 2000000 -g 100 -c 0.01),ArffFileStream -f ./../../../Dataset/benchmarks/magic.arff,1,500.0,0.078125,1.2482309506999121E-10,500.0,1.0,1.0,1.0,?,0.0,0.0,?,?,?,500.0,6176.0
meta.imbalanced.CSMOTE -l (trees.HoeffdingTree -e 2000000 -g 100 -c 0.01),ArffFileStream -f ./../../../Dataset/benchmarks/magic.arff,1,1000.0,0.09375,1.5114589283863703E-10,1000.0,1.0,1.0,1.0,?,1.0,0.0,?,?,?,1000.0,6512.0
meta.imbalanced.CSMOTE -l (trees.HoeffdingTree -e 2000000 -g 100 -c 0.01),ArffFileStream -f ./../../../Dataset/benchmarks/magic.arff,1,1500.0,0.109375,1.7882686936193043E-10,1500.0,1.0,1.0,1.0,?,1.0,0.0,?,?,?,1500.0,6848.0
meta.imbalanced.CSMOTE -l (trees.HoeffdingTree -e 2000000 -g 100 -c 0.01),ArffFileStream -f ./../../../Dataset/benchmarks/magic.arff,1,2000.0,0.109375,1.7882686936193043E-10,2000.0,1.0,1.0,1.0,?,1.0,0.0,?,?,?,2000.0,6848.0
meta.imbalanced.CSMOTE -l (trees.HoeffdingTree -e 2000000 -g 100 -c 0.01),ArffFileStream -f ./../../../Dataset/benchmarks/magic.arff,1,2500.0,0.125,2.0650784588522383E-10,2500.0,1.0,1.0,1.0,?,1.0,0.0,?,?,?,2500.0,6848.0
meta.imbalanced.CSMOTE -l (trees.HoeffdingTree -e 2000000 -g 100 -c 0.01),ArffFileStream -f ./../../../Dataset/benchmarks/magic.arff,1,3000.0,0.140625,2.355470011631648E-10,3000.0,1.0,1.0,1.0,?,1.0,0.0,?,?,?,3000.0,7184.0
meta.imbalanced.CSMOTE -l (trees.HoeffdingTree -e 2000000 -g 100 -c 0.01),ArffFileStream -f ./../../../Dataset/benchmarks/magic.arff,1,3500.0,0.140625,2.355470011631648E-10,3500.0,1.0,1.0,1.0,?,1.0,0.0,?,?,?,3500.0,7184.0
meta.imbalanced.CSMOTE -l (trees.HoeffdingTree -e 2000000 -g 100 -c 0.01),ArffFileStream -f ./../../../Dataset/benchmarks/magic.arff,1,4000.0,0.15625,2.6458615644110574E-10,4000.0,1.0,1.0,1.0,?,1.0,0.0,?,?,?,4000.0,7184.0
meta.imbalanced.CSMOTE -l (trees.HoeffdingTree -e 2000000 -g 100 -c 0.01),ArffFileStream -f ./../../../Dataset/benchmarks/magic.arff,1,4500.0,0.15625,2.6458615644110574E-10,4500.0,1.0,1.0,1.0,?,1.0,0.0,?,?,?,4500.0,7184.0
meta.imbalanced.CSMOTE -l (trees.HoeffdingTree -e 2000000 -g 100 -c 0.01),ArffFileStream -f ./../../../Dataset/benchmarks/magic.arff,1,5000.0,0.171875,2.936253117190467E-10,5000.0,1.0,1.0,1.0,?,1.0,0.0,?,?,?,5000.0,7184.0
meta.imbalanced.CSMOTE -l (trees.HoeffdingTree -e 2000000 -g 100 -c 0.01),ArffFileStream -f ./../../../Dataset/benchmarks/magic.arff,1,5500.0,0.171875,2.936253117190467E-10,5500.0,1.0,1.0,1.0,?,1.0,0.0,?,?,?,5500.0,7520.0
meta.imbalanced.CSMOTE -l (trees.HoeffdingTree -e 2000000 -g 100 -c 0.01),ArffFileStream -f ./../../../Dataset/benchmarks/magic.arff,1,6000.0,0.1875,3.240226457516352E-10,6000.0,1.0,1.0,1.0,?,1.0,0.0,?,?,?,6000.0,7520.0
meta.imbalanced.CSMOTE -l (trees.HoeffdingTree -e 2000000 -g 100 -c 0.01),ArffFileStream -f ./../../../Dataset/benchmarks/magic.arff,1,6500.0,0.1875,3.240226457516352E-10,6500.0,1.0,1.0,1.0,?,1.0,0.0,?,?,?,6500.0,7520.0
meta.imbalanced.CSMOTE -l (trees.HoeffdingTree -e 2000000 -g 100 -c 0.01),ArffFileStream -f ./../../../Dataset/benchmarks/magic.arff,1,7000.0,0.203125,3.5441997978422375E-10,7000.0,1.0,1.0,1.0,?,1.0,0.0,?,?,?,7000.0,7520.0
meta.imbalanced.CSMOTE -l (trees.HoeffdingTree -e 2000000 -g 100 -c 0.01),ArffFileStream -f ./../../../Dataset/benchmarks/magic.arff,1,7500.0,0.203125,3.5441997978422375E-10,7500.0,1.0,1.0,1.0,?,1.0,0.0,?,?,?,7500.0,7520.0
meta.imbalanced.CSMOTE -l (trees.HoeffdingTree -e 2000000 -g 100 -c 0.01),ArffFileStream -f ./../../../Dataset/benchmarks/magic.arff,1,8000.0,0.203125,3.5441997978422375E-10,8000.0,1.0,1.0,1.0,?,1.0,0.0,?,?,?,8000.0,7520.0
meta.imbalanced.CSMOTE -l (trees.HoeffdingTree -e 2000000 -g 100 -c 0.01),ArffFileStream -f ./../../../Dataset/benchmarks/magic.arff,1,8500.0,0.21875,3.848173138168123E-10,8500.0,1.0,1.0,1.0,?,1.0,0.0,?,?,?,8500.0,7520.0
meta.imbalanced.CSMOTE -l (trees.HoeffdingTree -e 2000000 -g 100 -c 0.01),ArffFileStream -f ./../../../Dataset/benchmarks/magic.arff,1,9000.0,0.21875,3.848173138168123E-10,9000.0,1.0,1.0,1.0,?,1.0,0.0,?,?,?,9000.0,7520.0
meta.imbalanced.CSMOTE -l (trees.HoeffdingTree -e 2000000 -g 100 -c 0.01),ArffFileStream -f ./../../../Dataset/benchmarks/magic.arff,1,9500.0,0.234375,4.152146478494008E-10,9500.0,1.0,1.0,1.0,?,1.0,0.0,?,?,?,9500.0,7520.0
meta.imbalanced.CSMOTE -l (trees.HoeffdingTree -e 2000000 -g 100 -c 0.01),ArffFileStream -f ./../../../Dataset/benchmarks/magic.arff,1,10000.0,0.234375,4.152146478494008E-10,10000.0,1.0,1.0,1.0,?,1.0,0.0,?,?,?,10000.0,7520.0
meta.imbalanced.CSMOTE -l (trees.HoeffdingTree -e 2000000 -g 100 -c 0.01),ArffFileStream -f ./../../../Dataset/benchmarks/magic.arff,1,10500.0,0.25,4.469701606366369E-10,10500.0,1.0,1.0,1.0,?,1.0,0.0,?,?,?,10500.0,7856.0
meta.imbalanced.CSMOTE -l (trees.HoeffdingTree -e 2000000 -g 100 -c 0.01),ArffFileStream -f ./../../../Dataset/benchmarks/magic.arff,1,11000.0,0.25,4.469701606366369E-10,11000.0,1.0,1.0,1.0,?,1.0,0.0,?,?,?,11000.0,7856.0
meta.imbalanced.CSMOTE -l (trees.HoeffdingTree -e 2000000 -g 100 -c 0.01),ArffFileStream -f ./../../../Dataset/benchmarks/magic.arff,1,11500.0,0.25,4.469701606366369E-10,11500.0,1.0,1.0,1.0,?,1.0,0.0,?,?,?,11500.0,7856.0
meta.imbalanced.CSMOTE -l (trees.HoeffdingTree -e 2000000 -g 100 -c 0.01),ArffFileStream -f ./../../../Dataset/benchmarks/magic.arff,1,12000.0,0.265625,4.78725673423873E-10,12000.0,1.0,1.0,1.0,?,1.0,0.0,?,?,?,12000.0,7856.0
meta.imbalanced.CSMOTE -l (trees.HoeffdingTree -e 2000000 -g 100 -c 0.01),ArffFileStream -f ./../../../Dataset/benchmarks/magic.arff,1,12500.0,0.296875,5.285255610942841E-10,12500.0,0.9851190476190477,0.7063635728312965,0.902,0.7633216121179335,1.0,0.5060240963855421,0.8416254115301732,0.7083333333333334,-6.291666666666661,12500.0,6160.0
meta.imbalanced.CSMOTE -l (trees.HoeffdingTree -e 2000000 -g 100 -c 0.01),ArffFileStream -f ./../../../Dataset/benchmarks/magic.arff,1,13000.0,0.328125,5.809771310951975E-10,13000.0,1.0,1.0,0.996,0.0,0.9851190476190477,1.7976931348623157E308,?,0.996,0.7920000000000003,13000.0,6488.0
meta.imbalanced.CSMOTE -l (trees.HoeffdingTree -e 2000000 -g 100 -c 0.01),ArffFileStream -f ./../../../Dataset/benchmarks/magic.arff,1,13500.0,0.328125,5.809771310951975E-10,13500.0,1.0,1.0,1.0,?,1.0,1.7976931348623157E308,?,1.0,1.0,13500.0,6824.0
meta.imbalanced.CSMOTE -l (trees.HoeffdingTree -e 2000000 -g 100 -c 0.01),ArffFileStream -f ./../../../Dataset/benchmarks/magic.arff,1,14000.0,0.34375,6.099192736049493E-10,14000.0,1.0,1.0,1.0,?,1.0,1.7976931348623157E308,?,1.0,1.0,14000.0,7160.0
meta.imbalanced.CSMOTE -l (trees.HoeffdingTree -e 2000000 -g 100 -c 0.01),ArffFileStream -f ./../../../Dataset/benchmarks/magic.arff,1,14500.0,0.34375,6.099192736049493E-10,14500.0,1.0,1.0,1.0,?,1.0,1.7976931348623157E308,?,1.0,1.0,14500.0,7160.0
meta.imbalanced.CSMOTE -l (trees.HoeffdingTree -e 2000000 -g 100 -c 0.01),ArffFileStream -f ./../../../Dataset/benchmarks/magic.arff,1,15000.0,0.359375,6.395405054920249E-10,15000.0,1.0,1.0,1.0,?,1.0,1.7976931348623157E308,?,1.0,1.0,15000.0,7328.0
meta.imbalanced.CSMOTE -l (trees.HoeffdingTree -e 2000000 -g 100 -c 0.01),ArffFileStream -f ./../../../Dataset/benchmarks/magic.arff,1,15500.0,0.359375,6.395405054920249E-10,15500.0,1.0,1.0,1.0,?,1.0,1.7976931348623157E308,?,1.0,1.0,15500.0,7496.0
meta.imbalanced.CSMOTE -l (trees.HoeffdingTree -e 2000000 -g 100 -c 0.01),ArffFileStream -f ./../../../Dataset/benchmarks/magic.arff,1,16000.0,0.375,6.698408267564243E-10,16000.0,1.0,1.0,1.0,?,1.0,1.7976931348623157E308,?,1.0,1.0,16000.0,7496.0
meta.imbalanced.CSMOTE -l (trees.HoeffdingTree -e 2000000 -g 100 -c 0.01),ArffFileStream -f ./../../../Dataset/benchmarks/magic.arff,1,16500.0,0.375,6.698408267564243E-10,16500.0,1.0,1.0,1.0,?,1.0,1.7976931348623157E308,?,1.0,1.0,16500.0,7496.0
meta.imbalanced.CSMOTE -l (trees.HoeffdingTree -e 2000000 -g 100 -c 0.01),ArffFileStream -f ./../../../Dataset/benchmarks/magic.arff,1,17000.0,0.390625,7.001411480208237E-10,17000.0,1.0,1.0,1.0,?,1.0,1.7976931348623157E308,?,1.0,1.0,17000.0,7496.0
meta.imbalanced.CSMOTE -l (trees.HoeffdingTree -e 2000000 -g 100 -c 0.01),ArffFileStream -f ./../../../Dataset/benchmarks/magic.arff,1,17500.0,0.40625,7.311205586625469E-10,17500.0,1.0,1.0,1.0,?,1.0,1.7976931348623157E308,?,1.0,1.0,17500.0,7664.0
meta.imbalanced.CSMOTE -l (trees.HoeffdingTree -e 2000000 -g 100 -c 0.01),ArffFileStream -f ./../../../Dataset/benchmarks/magic.arff,1,18000.0,0.40625,7.311205586625469E-10,18000.0,1.0,1.0,1.0,?,1.0,1.7976931348623157E308,?,1.0,1.0,18000.0,7832.0
meta.imbalanced.CSMOTE -l (trees.HoeffdingTree -e 2000000 -g 100 -c 0.01),ArffFileStream -f ./../../../Dataset/benchmarks/magic.arff,1,18500.0,0.40625,7.311205586625469E-10,18500.0,1.0,1.0,1.0,?,1.0,1.7976931348623157E308,?,1.0,1.0,18500.0,7832.0
meta.imbalanced.CSMOTE -l (trees.HoeffdingTree -e 2000000 -g 100 -c 0.01),ArffFileStream -f ./../../../Dataset/benchmarks/magic.arff,1,19000.0,0.40625,7.311205586625469E-10,19000.0,1.0,1.0,1.0,?,1.0,1.7976931348623157E308,?,1.0,1.0,19000.0,7832.0
meta.imbalanced.CSMOTE -l (trees.HoeffdingTree -e 2000000 -g 100 -c 0.01),ArffFileStream -f ./../../../Dataset/benchmarks/magic.arff,1,19020.0,0.40625,7.311205586625469E-10,19020.0,1.0,1.0,1.0,?,1.0,1.7976931348623157E308,?,1.0,1.0,19020.0,7832.0
