Learner,stream,randomSeed,learning evaluation instances,evaluation time (cpu seconds),model cost (RAM-Hours),classified instances,AUC,sAUC,Accuracy,Kappa,Periodical holdout AUC,Pos/Neg ratio,G-Mean,Recall,KappaM,model training instances,model serialized size (bytes)
meta.imbalanced.RebalanceStream -l (trees.HoeffdingTree -e 2000000 -g 100 -c 0.01),ArffFileStream -f ./../../../Dataset/benchmarks/magic.arff,1,500.0,0.078125,1.052588534851869E-10,500.0,1.0,1.0,1.0,?,0.0,0.0,?,?,?,500.0,5208.0
meta.imbalanced.RebalanceStream -l (trees.HoeffdingTree -e 2000000 -g 100 -c 0.01),ArffFileStream -f ./../../../Dataset/benchmarks/magic.arff,1,1000.0,0.109375,1.4872057363390923E-10,1000.0,1.0,1.0,1.0,?,1.0,0.0,?,?,?,1000.0,5376.0
meta.imbalanced.RebalanceStream -l (trees.HoeffdingTree -e 2000000 -g 100 -c 0.01),ArffFileStream -f ./../../../Dataset/benchmarks/magic.arff,1,1500.0,0.125,1.711305230855942E-10,1500.0,1.0,1.0,1.0,?,1.0,0.0,?,?,?,1500.0,5544.0
meta.imbalanced.RebalanceStream -l (trees.HoeffdingTree -e 2000000 -g 100 -c 0.01),ArffFileStream -f ./../../../Dataset/benchmarks/magic.arff,1,2000.0,0.125,1.711305230855942E-10,2000.0,1.0,1.0,1.0,?,1.0,0.0,?,?,?,2000.0,5544.0
meta.imbalanced.RebalanceStream -l (trees.HoeffdingTree -e 2000000 -g 100 -c 0.01),ArffFileStream -f ./../../../Dataset/benchmarks/magic.arff,1,2500.0,0.140625,1.9354047253727914E-10,2500.0,1.0,1.0,1.0,?,1.0,0.0,?,?,?,2500.0,5544.0
meta.imbalanced.RebalanceStream -l (trees.HoeffdingTree -e 2000000 -g 100 -c 0.01),ArffFileStream -f ./../../../Dataset/benchmarks/magic.arff,1,3000.0,0.140625,1.9354047253727914E-10,3000.0,1.0,1.0,1.0,?,1.0,0.0,?,?,?,3000.0,5712.0
meta.imbalanced.RebalanceStream -l (trees.HoeffdingTree -e 2000000 -g 100 -c 0.01),ArffFileStream -f ./../../../Dataset/benchmarks/magic.arff,1,3500.0,0.15625,2.1662951136628787E-10,3500.0,1.0,1.0,1.0,?,1.0,0.0,?,?,?,3500.0,5712.0
meta.imbalanced.RebalanceStream -l (trees.HoeffdingTree -e 2000000 -g 100 -c 0.01),ArffFileStream -f ./../../../Dataset/benchmarks/magic.arff,1,4000.0,0.171875,2.397185501952966E-10,4000.0,1.0,1.0,1.0,?,1.0,0.0,?,?,?,4000.0,5712.0
meta.imbalanced.RebalanceStream -l (trees.HoeffdingTree -e 2000000 -g 100 -c 0.01),ArffFileStream -f ./../../../Dataset/benchmarks/magic.arff,1,4500.0,0.171875,2.397185501952966E-10,4500.0,1.0,1.0,1.0,?,1.0,0.0,?,?,?,4500.0,5712.0
meta.imbalanced.RebalanceStream -l (trees.HoeffdingTree -e 2000000 -g 100 -c 0.01),ArffFileStream -f ./../../../Dataset/benchmarks/magic.arff,1,5000.0,0.1875,2.628075890243053E-10,5000.0,1.0,1.0,1.0,?,1.0,0.0,?,?,?,5000.0,5712.0
meta.imbalanced.RebalanceStream -l (trees.HoeffdingTree -e 2000000 -g 100 -c 0.01),ArffFileStream -f ./../../../Dataset/benchmarks/magic.arff,1,5500.0,0.1875,2.628075890243053E-10,5500.0,1.0,1.0,1.0,?,1.0,0.0,?,?,?,5500.0,5880.0
meta.imbalanced.RebalanceStream -l (trees.HoeffdingTree -e 2000000 -g 100 -c 0.01),ArffFileStream -f ./../../../Dataset/benchmarks/magic.arff,1,6000.0,0.203125,2.8657571723063784E-10,6000.0,1.0,1.0,1.0,?,1.0,0.0,?,?,?,6000.0,5880.0
meta.imbalanced.RebalanceStream -l (trees.HoeffdingTree -e 2000000 -g 100 -c 0.01),ArffFileStream -f ./../../../Dataset/benchmarks/magic.arff,1,6500.0,0.203125,2.8657571723063784E-10,6500.0,1.0,1.0,1.0,?,1.0,0.0,?,?,?,6500.0,5880.0
meta.imbalanced.RebalanceStream -l (trees.HoeffdingTree -e 2000000 -g 100 -c 0.01),ArffFileStream -f ./../../../Dataset/benchmarks/magic.arff,1,7000.0,0.203125,2.8657571723063784E-10,7000.0,1.0,1.0,1.0,?,1.0,0.0,?,?,?,7000.0,5880.0
meta.imbalanced.RebalanceStream -l (trees.HoeffdingTree -e 2000000 -g 100 -c 0.01),ArffFileStream -f ./../../../Dataset/benchmarks/magic.arff,1,7500.0,0.21875,3.1034384543697036E-10,7500.0,1.0,1.0,1.0,?,1.0,0.0,?,?,?,7500.0,5880.0
meta.imbalanced.RebalanceStream -l (trees.HoeffdingTree -e 2000000 -g 100 -c 0.01),ArffFileStream -f ./../../../Dataset/benchmarks/magic.arff,1,8000.0,0.21875,3.1034384543697036E-10,8000.0,1.0,1.0,1.0,?,1.0,0.0,?,?,?,8000.0,5880.0
meta.imbalanced.RebalanceStream -l (trees.HoeffdingTree -e 2000000 -g 100 -c 0.01),ArffFileStream -f ./../../../Dataset/benchmarks/magic.arff,1,8500.0,0.21875,3.1034384543697036E-10,8500.0,1.0,1.0,1.0,?,1.0,0.0,?,?,?,8500.0,5880.0
meta.imbalanced.RebalanceStream -l (trees.HoeffdingTree -e 2000000 -g 100 -c 0.01),ArffFileStream -f ./../../../Dataset/benchmarks/magic.arff,1,9000.0,0.21875,3.1034384543697036E-10,9000.0,1.0,1.0,1.0,?,1.0,0.0,?,?,?,9000.0,5880.0
meta.imbalanced.RebalanceStream -l (trees.HoeffdingTree -e 2000000 -g 100 -c 0.01),ArffFileStream -f ./../../../Dataset/benchmarks/magic.arff,1,9500.0,0.234375,3.341119736433029E-10,9500.0,1.0,1.0,1.0,?,1.0,0.0,?,?,?,9500.0,5880.0
meta.imbalanced.RebalanceStream -l (trees.HoeffdingTree -e 2000000 -g 100 -c 0.01),ArffFileStream -f ./../../../Dataset/benchmarks/magic.arff,1,10000.0,0.25,3.578801018496354E-10,10000.0,1.0,1.0,1.0,?,1.0,0.0,?,?,?,10000.0,5880.0
meta.imbalanced.RebalanceStream -l (trees.HoeffdingTree -e 2000000 -g 100 -c 0.01),ArffFileStream -f ./../../../Dataset/benchmarks/magic.arff,1,10500.0,0.25,3.578801018496354E-10,10500.0,1.0,1.0,1.0,?,1.0,0.0,?,?,?,10500.0,6048.0
meta.imbalanced.RebalanceStream -l (trees.HoeffdingTree -e 2000000 -g 100 -c 0.01),ArffFileStream -f ./../../../Dataset/benchmarks/magic.arff,1,11000.0,0.25,3.578801018496354E-10,11000.0,1.0,1.0,1.0,?,1.0,0.0,?,?,?,11000.0,6048.0
meta.imbalanced.RebalanceStream -l (trees.HoeffdingTree -e 2000000 -g 100 -c 0.01),ArffFileStream -f ./../../../Dataset/benchmarks/magic.arff,1,11500.0,0.265625,3.823273194332917E-10,11500.0,1.0,1.0,1.0,?,1.0,0.0,?,?,?,11500.0,6048.0
meta.imbalanced.RebalanceStream -l (trees.HoeffdingTree -e 2000000 -g 100 -c 0.01),ArffFileStream -f ./../../../Dataset/benchmarks/magic.arff,1,12000.0,0.265625,3.823273194332917E-10,12000.0,1.0,1.0,1.0,?,1.0,0.0,?,?,?,12000.0,6048.0
meta.imbalanced.RebalanceStream -l (trees.HoeffdingTree -e 2000000 -g 100 -c 0.01),ArffFileStream -f ./../../../Dataset/benchmarks/magic.arff,1,12500.0,0.296875,4.2320203243030435E-10,12500.0,0.9851190476190477,0.7063635728312965,0.902,0.7633216121179335,1.0,0.5060240963855421,0.8416254115301732,0.7083333333333334,-6.291666666666661,12500.0,5056.0
meta.imbalanced.RebalanceStream -l (trees.HoeffdingTree -e 2000000 -g 100 -c 0.01),ArffFileStream -f ./../../../Dataset/benchmarks/magic.arff,1,13000.0,0.296875,4.2320203243030435E-10,13000.0,1.0,1.0,0.996,0.0,0.9851190476190477,1.7976931348623157E308,?,0.996,0.7920000000000003,13000.0,5224.0
meta.imbalanced.RebalanceStream -l (trees.HoeffdingTree -e 2000000 -g 100 -c 0.01),ArffFileStream -f ./../../../Dataset/benchmarks/magic.arff,1,13500.0,0.296875,4.2320203243030435E-10,13500.0,1.0,1.0,1.0,?,1.0,1.7976931348623157E308,?,1.0,1.0,13500.0,5392.0
meta.imbalanced.RebalanceStream -l (trees.HoeffdingTree -e 2000000 -g 100 -c 0.01),ArffFileStream -f ./../../../Dataset/benchmarks/magic.arff,1,14000.0,0.3125,4.4567665706078204E-10,14000.0,1.0,1.0,1.0,?,1.0,1.7976931348623157E308,?,1.0,1.0,14000.0,5560.0
meta.imbalanced.RebalanceStream -l (trees.HoeffdingTree -e 2000000 -g 100 -c 0.01),ArffFileStream -f ./../../../Dataset/benchmarks/magic.arff,1,14500.0,0.328125,4.681512816912598E-10,14500.0,1.0,1.0,1.0,?,1.0,1.7976931348623157E308,?,1.0,1.0,14500.0,5560.0
meta.imbalanced.RebalanceStream -l (trees.HoeffdingTree -e 2000000 -g 100 -c 0.01),ArffFileStream -f ./../../../Dataset/benchmarks/magic.arff,1,15000.0,0.328125,4.681512816912598E-10,15000.0,1.0,1.0,1.0,?,1.0,1.7976931348623157E308,?,1.0,1.0,15000.0,5728.0
meta.imbalanced.RebalanceStream -l (trees.HoeffdingTree -e 2000000 -g 100 -c 0.01),ArffFileStream -f ./../../../Dataset/benchmarks/magic.arff,1,15500.0,0.34375,4.913049956990613E-10,15500.0,1.0,1.0,1.0,?,1.0,1.7976931348623157E308,?,1.0,1.0,15500.0,5728.0
meta.imbalanced.RebalanceStream -l (trees.HoeffdingTree -e 2000000 -g 100 -c 0.01),ArffFileStream -f ./../../../Dataset/benchmarks/magic.arff,1,16000.0,0.34375,4.913049956990613E-10,16000.0,1.0,1.0,0.998,0.0,1.0,1.7976931348623157E308,?,0.998,0.8719999999999999,16000.0,5728.0
meta.imbalanced.RebalanceStream -l (trees.HoeffdingTree -e 2000000 -g 100 -c 0.01),ArffFileStream -f ./../../../Dataset/benchmarks/magic.arff,1,16500.0,0.359375,5.144587097068627E-10,16500.0,1.0,1.0,0.998,0.0,1.0,1.7976931348623157E308,?,0.998,0.8679999999999998,16500.0,5728.0
meta.imbalanced.RebalanceStream -l (trees.HoeffdingTree -e 2000000 -g 100 -c 0.01),ArffFileStream -f ./../../../Dataset/benchmarks/magic.arff,1,17000.0,0.375,5.376124237146642E-10,17000.0,1.0,1.0,1.0,?,1.0,1.7976931348623157E308,?,1.0,1.0,17000.0,5728.0
meta.imbalanced.RebalanceStream -l (trees.HoeffdingTree -e 2000000 -g 100 -c 0.01),ArffFileStream -f ./../../../Dataset/benchmarks/magic.arff,1,17500.0,0.375,5.376124237146642E-10,17500.0,1.0,1.0,1.0,?,1.0,1.7976931348623157E308,?,1.0,1.0,17500.0,5896.0
meta.imbalanced.RebalanceStream -l (trees.HoeffdingTree -e 2000000 -g 100 -c 0.01),ArffFileStream -f ./../../../Dataset/benchmarks/magic.arff,1,18000.0,0.375,5.376124237146642E-10,18000.0,1.0,1.0,1.0,?,1.0,1.7976931348623157E308,?,1.0,1.0,18000.0,5896.0
meta.imbalanced.RebalanceStream -l (trees.HoeffdingTree -e 2000000 -g 100 -c 0.01),ArffFileStream -f ./../../../Dataset/benchmarks/magic.arff,1,18500.0,0.375,5.376124237146642E-10,18500.0,1.0,1.0,1.0,?,1.0,1.7976931348623157E308,?,1.0,1.0,18500.0,5896.0
meta.imbalanced.RebalanceStream -l (trees.HoeffdingTree -e 2000000 -g 100 -c 0.01),ArffFileStream -f ./../../../Dataset/benchmarks/magic.arff,1,19000.0,0.390625,5.614452270997895E-10,19000.0,1.0,1.0,1.0,?,1.0,1.7976931348623157E308,?,1.0,1.0,19000.0,5896.0
meta.imbalanced.RebalanceStream -l (trees.HoeffdingTree -e 2000000 -g 100 -c 0.01),ArffFileStream -f ./../../../Dataset/benchmarks/magic.arff,1,19020.0,0.390625,5.614452270997895E-10,19020.0,1.0,1.0,1.0,?,1.0,1.7976931348623157E308,?,1.0,1.0,19020.0,5896.0
