Learner,stream,randomSeed,learning evaluation instances,evaluation time (cpu seconds),model cost (RAM-Hours),classified instances,AUC,sAUC,Accuracy,Kappa,Periodical holdout AUC,Pos/Neg ratio,G-Mean,Recall,KappaM,model training instances,model serialized size (bytes),ensemble size,[avg] model training instances,[err] model training instances,[avg] model serialized size (bytes),[err] model serialized size (bytes),[avg] tree size (nodes),[err] tree size (nodes),[avg] tree size (leaves),[err] tree size (leaves),[avg] active learning leaves,[err] active learning leaves,[avg] tree depth,[err] tree depth,[avg] active leaf byte size estimate,[err] active leaf byte size estimate,[avg] inactive leaf byte size estimate,[err] inactive leaf byte size estimate,[avg] byte size estimate overhead,[err] byte size estimate overhead
meta.OCBoost -l (trees.HoeffdingTree -e 2000000 -g 100 -c 0.01),ArffFileStream -f ./../../../Dataset/benchmarks/magic.arff,1,500.0,0.078125,5.933947654234039E-10,500.0,1.0,1.0,1.0,?,0.0,0.0,?,?,?,500.0,29360.0,10.0,3.4417660347132255,9.458932159239453,256.0,0.0,1.0,0.0,1.0,0.0,1.0,0.0,0.0,0.0,0.0,0.0,0.0,0.0,1.0,0.0
meta.OCBoost -l (trees.HoeffdingTree -e 2000000 -g 100 -c 0.01),ArffFileStream -f ./../../../Dataset/benchmarks/magic.arff,1,1000.0,0.125,9.49431624677446E-10,1000.0,1.0,1.0,1.0,?,1.0,0.0,?,?,?,1000.0,29360.0,10.0,4.786256275708656,13.579038059711912,256.0,0.0,1.0,0.0,1.0,0.0,1.0,0.0,0.0,0.0,0.0,0.0,0.0,0.0,1.0,0.0
meta.OCBoost -l (trees.HoeffdingTree -e 2000000 -g 100 -c 0.01),ArffFileStream -f ./../../../Dataset/benchmarks/magic.arff,1,1500.0,0.15625,1.1867895308468075E-9,1500.0,1.0,1.0,1.0,?,1.0,0.0,?,?,?,1500.0,29360.0,10.0,5.8116107140827085,16.74513931519667,256.0,0.0,1.0,0.0,1.0,0.0,1.0,0.0,0.0,0.0,0.0,0.0,0.0,0.0,1.0,0.0
meta.OCBoost -l (trees.HoeffdingTree -e 2000000 -g 100 -c 0.01),ArffFileStream -f ./../../../Dataset/benchmarks/magic.arff,1,2000.0,0.171875,1.3054684839314882E-9,2000.0,1.0,1.0,1.0,?,1.0,0.0,?,?,?,2000.0,29360.0,10.0,6.673320352718067,19.41618843769587,256.0,0.0,1.0,0.0,1.0,0.0,1.0,0.0,0.0,0.0,0.0,0.0,0.0,0.0,1.0,0.0
meta.OCBoost -l (trees.HoeffdingTree -e 2000000 -g 100 -c 0.01),ArffFileStream -f ./../../../Dataset/benchmarks/magic.arff,1,2500.0,0.203125,1.5428263901008498E-9,2500.0,1.0,1.0,1.0,?,1.0,0.0,?,?,?,2500.0,29360.0,10.0,7.430987498770532,21.7704652882115,256.0,0.0,1.0,0.0,1.0,0.0,1.0,0.0,0.0,0.0,0.0,0.0,0.0,0.0,1.0,0.0
meta.OCBoost -l (trees.HoeffdingTree -e 2000000 -g 100 -c 0.01),ArffFileStream -f ./../../../Dataset/benchmarks/magic.arff,1,3000.0,0.234375,1.7801842962702113E-9,3000.0,1.0,1.0,1.0,?,1.0,0.0,?,?,?,3000.0,29360.0,10.0,8.115000776601407,23.899543353931232,256.0,0.0,1.0,0.0,1.0,0.0,1.0,0.0,0.0,0.0,0.0,0.0,0.0,0.0,1.0,0.0
meta.OCBoost -l (trees.HoeffdingTree -e 2000000 -g 100 -c 0.01),ArffFileStream -f ./../../../Dataset/benchmarks/magic.arff,1,3500.0,0.25,1.898863249354892E-9,3500.0,1.0,1.0,1.0,?,1.0,0.0,?,?,?,3500.0,29360.0,10.0,8.743340683913695,25.857876586739074,256.0,0.0,1.0,0.0,1.0,0.0,1.0,0.0,0.0,0.0,0.0,0.0,0.0,0.0,1.0,0.0
meta.OCBoost -l (trees.HoeffdingTree -e 2000000 -g 100 -c 0.01),ArffFileStream -f ./../../../Dataset/benchmarks/magic.arff,1,4000.0,0.28125,2.1362211555242536E-9,4000.0,1.0,1.0,1.0,?,1.0,0.0,?,?,?,4000.0,29360.0,10.0,9.327687998970479,27.680970783736175,256.0,0.0,1.0,0.0,1.0,0.0,1.0,0.0,0.0,0.0,0.0,0.0,0.0,0.0,1.0,0.0
meta.OCBoost -l (trees.HoeffdingTree -e 2000000 -g 100 -c 0.01),ArffFileStream -f ./../../../Dataset/benchmarks/magic.arff,1,4500.0,0.296875,2.2549001086089345E-9,4500.0,1.0,1.0,1.0,?,1.0,0.0,?,?,?,4500.0,29360.0,10.0,9.876137522155192,29.39350225143671,256.0,0.0,1.0,0.0,1.0,0.0,1.0,0.0,0.0,0.0,0.0,0.0,0.0,0.0,1.0,0.0
meta.OCBoost -l (trees.HoeffdingTree -e 2000000 -g 100 -c 0.01),ArffFileStream -f ./../../../Dataset/benchmarks/magic.arff,1,5000.0,0.328125,2.492258014778296E-9,5000.0,1.0,1.0,1.0,?,1.0,0.0,?,?,?,5000.0,29360.0,10.0,10.394572008350124,31.0134457447125,256.0,0.0,1.0,0.0,1.0,0.0,1.0,0.0,0.0,0.0,0.0,0.0,0.0,0.0,1.0,0.0
meta.OCBoost -l (trees.HoeffdingTree -e 2000000 -g 100 -c 0.01),ArffFileStream -f ./../../../Dataset/benchmarks/magic.arff,1,5500.0,0.34375,2.610936967862977E-9,5500.0,1.0,1.0,1.0,?,1.0,0.0,?,?,?,5500.0,29360.0,10.0,10.887425541750424,32.55437577289877,256.0,0.0,1.0,0.0,1.0,0.0,1.0,0.0,0.0,0.0,0.0,0.0,0.0,0.0,1.0,0.0
meta.OCBoost -l (trees.HoeffdingTree -e 2000000 -g 100 -c 0.01),ArffFileStream -f ./../../../Dataset/benchmarks/magic.arff,1,6000.0,0.375,2.8482948740323383E-9,6000.0,1.0,1.0,1.0,?,1.0,0.0,?,?,?,6000.0,29360.0,10.0,11.358138398026592,34.02684165970108,256.0,0.0,1.0,0.0,1.0,0.0,1.0,0.0,0.0,0.0,0.0,0.0,0.0,0.0,1.0,0.0
meta.OCBoost -l (trees.HoeffdingTree -e 2000000 -g 100 -c 0.01),ArffFileStream -f ./../../../Dataset/benchmarks/magic.arff,1,6500.0,0.390625,2.966973827117019E-9,6500.0,1.0,1.0,1.0,?,1.0,0.0,?,?,?,6500.0,29360.0,10.0,11.80944331200982,35.4392349605056,256.0,0.0,1.0,0.0,1.0,0.0,1.0,0.0,0.0,0.0,0.0,0.0,0.0,0.0,1.0,0.0
meta.OCBoost -l (trees.HoeffdingTree -e 2000000 -g 100 -c 0.01),ArffFileStream -f ./../../../Dataset/benchmarks/magic.arff,1,7000.0,0.390625,2.966973827117019E-9,7000.0,1.0,1.0,1.0,?,1.0,0.0,?,?,?,7000.0,29360.0,10.0,12.243553749635135,36.798361086744904,256.0,0.0,1.0,0.0,1.0,0.0,1.0,0.0,0.0,0.0,0.0,0.0,0.0,0.0,1.0,0.0
meta.OCBoost -l (trees.HoeffdingTree -e 2000000 -g 100 -c 0.01),ArffFileStream -f ./../../../Dataset/benchmarks/magic.arff,1,7500.0,0.40625,3.0856527802017E-9,7500.0,1.0,1.0,1.0,?,1.0,0.0,?,?,?,7500.0,29360.0,10.0,12.662292301605536,38.10982980984369,256.0,0.0,1.0,0.0,1.0,0.0,1.0,0.0,0.0,0.0,0.0,0.0,0.0,0.0,1.0,0.0
meta.OCBoost -l (trees.HoeffdingTree -e 2000000 -g 100 -c 0.01),ArffFileStream -f ./../../../Dataset/benchmarks/magic.arff,1,8000.0,0.421875,3.204331733286381E-9,8000.0,1.0,1.0,1.0,?,1.0,0.0,?,?,?,8000.0,29360.0,10.0,13.067180945049437,39.378330210063844,256.0,0.0,1.0,0.0,1.0,0.0,1.0,0.0,0.0,0.0,0.0,0.0,0.0,0.0,1.0,0.0
meta.OCBoost -l (trees.HoeffdingTree -e 2000000 -g 100 -c 0.01),ArffFileStream -f ./../../../Dataset/benchmarks/magic.arff,1,8500.0,0.4375,3.323010686371062E-9,8500.0,1.0,1.0,1.0,?,1.0,0.0,?,?,?,8500.0,29360.0,10.0,13.459506161161231,40.607829304646096,256.0,0.0,1.0,0.0,1.0,0.0,1.0,0.0,0.0,0.0,0.0,0.0,0.0,0.0,1.0,0.0
meta.OCBoost -l (trees.HoeffdingTree -e 2000000 -g 100 -c 0.01),ArffFileStream -f ./../../../Dataset/benchmarks/magic.arff,1,9000.0,0.453125,3.441689639455743E-9,9000.0,1.0,1.0,1.0,?,1.0,0.0,?,?,?,9000.0,29360.0,10.0,13.840366972282013,41.80171875508209,256.0,0.0,1.0,0.0,1.0,0.0,1.0,0.0,0.0,0.0,0.0,0.0,0.0,0.0,1.0,0.0
meta.OCBoost -l (trees.HoeffdingTree -e 2000000 -g 100 -c 0.01),ArffFileStream -f ./../../../Dataset/benchmarks/magic.arff,1,9500.0,0.46875,3.5603685925404238E-9,9500.0,1.0,1.0,1.0,?,1.0,0.0,?,?,?,9500.0,29360.0,10.0,14.21071107357146,42.962925337312186,256.0,0.0,1.0,0.0,1.0,0.0,1.0,0.0,0.0,0.0,0.0,0.0,0.0,0.0,1.0,0.0
meta.OCBoost -l (trees.HoeffdingTree -e 2000000 -g 100 -c 0.01),ArffFileStream -f ./../../../Dataset/benchmarks/magic.arff,1,10000.0,0.46875,3.5603685925404238E-9,10000.0,1.0,1.0,1.0,?,1.0,0.0,?,?,?,10000.0,29360.0,10.0,14.571362477768071,44.09399554920008,256.0,0.0,1.0,0.0,1.0,0.0,1.0,0.0,0.0,0.0,0.0,0.0,0.0,0.0,1.0,0.0
meta.OCBoost -l (trees.HoeffdingTree -e 2000000 -g 100 -c 0.01),ArffFileStream -f ./../../../Dataset/benchmarks/magic.arff,1,10500.0,0.484375,3.6790475456251047E-9,10500.0,1.0,1.0,1.0,?,1.0,0.0,?,?,?,10500.0,29360.0,10.0,14.923042988871526,45.19716139209488,256.0,0.0,1.0,0.0,1.0,0.0,1.0,0.0,0.0,0.0,0.0,0.0,0.0,0.0,1.0,0.0
meta.OCBoost -l (trees.HoeffdingTree -e 2000000 -g 100 -c 0.01),ArffFileStream -f ./../../../Dataset/benchmarks/magic.arff,1,11000.0,0.5,3.797726498709785E-9,11000.0,1.0,1.0,1.0,?,1.0,0.0,?,?,?,11000.0,29360.0,10.0,15.266389108972048,46.27439220659094,256.0,0.0,1.0,0.0,1.0,0.0,1.0,0.0,0.0,0.0,0.0,0.0,0.0,0.0,1.0,0.0
meta.OCBoost -l (trees.HoeffdingTree -e 2000000 -g 100 -c 0.01),ArffFileStream -f ./../../../Dataset/benchmarks/magic.arff,1,11500.0,0.515625,3.916405451794466E-9,11500.0,1.0,1.0,1.0,?,1.0,0.0,?,?,?,11500.0,29360.0,10.0,15.601965511789263,47.32743601444312,256.0,0.0,1.0,0.0,1.0,0.0,1.0,0.0,0.0,0.0,0.0,0.0,0.0,0.0,1.0,0.0
meta.OCBoost -l (trees.HoeffdingTree -e 2000000 -g 100 -c 0.01),ArffFileStream -f ./../../../Dataset/benchmarks/magic.arff,1,12000.0,0.53125,4.035084404879147E-9,12000.0,1.0,1.0,1.0,?,1.0,0.0,?,?,?,12000.0,29360.0,10.0,15.930275898290276,48.35785285202974,256.0,0.0,1.0,0.0,1.0,0.0,1.0,0.0,0.0,0.0,0.0,0.0,0.0,0.0,1.0,0.0
meta.OCBoost -l (trees.HoeffdingTree -e 2000000 -g 100 -c 0.01),ArffFileStream -f ./../../../Dataset/benchmarks/magic.arff,1,12500.0,0.578125,4.39218840458327E-9,12500.0,0.9821428571428571,0.9642857142857143,0.988,0.9728673757325809,1.0,0.5060240963855421,0.9819805060619657,0.9642857142857143,0.10714285714285685,12500.0,29448.0,10.0,315.8699046568086,84.1369347628229,288.8,78.42448597217582,1.2000000000000002,0.6324555320336759,1.1,0.31622776601683794,1.1,0.31622776601683794,0.10000000000000002,0.31622776601683794,0.0,0.0,0.0,0.0,1.0,0.0
meta.OCBoost -l (trees.HoeffdingTree -e 2000000 -g 100 -c 0.01),ArffFileStream -f ./../../../Dataset/benchmarks/magic.arff,1,13000.0,0.609375,4.630257737719352E-9,13000.0,1.0,1.0,1.0,?,0.9821428571428571,1.7976931348623157E308,?,1.0,1.0,13000.0,29448.0,10.0,321.9704526374549,86.83654339010765,288.8,78.42448597217582,1.2000000000000002,0.6324555320336759,1.1,0.31622776601683794,1.1,0.31622776601683794,0.10000000000000002,0.31622776601683794,0.0,0.0,0.0,0.0,1.0,0.0
meta.OCBoost -l (trees.HoeffdingTree -e 2000000 -g 100 -c 0.01),ArffFileStream -f ./../../../Dataset/benchmarks/magic.arff,1,13500.0,0.625,4.749292404287393E-9,13500.0,1.0,1.0,1.0,?,1.0,1.7976931348623157E308,?,1.0,1.0,13500.0,29448.0,10.0,327.572330016414,89.64353773900416,288.8,78.42448597217582,1.2000000000000002,0.6324555320336759,1.1,0.31622776601683794,1.1,0.31622776601683794,0.10000000000000002,0.31622776601683794,0.0,0.0,0.0,0.0,1.0,0.0
meta.OCBoost -l (trees.HoeffdingTree -e 2000000 -g 100 -c 0.01),ArffFileStream -f ./../../../Dataset/benchmarks/magic.arff,1,14000.0,0.640625,4.868327070855434E-9,14000.0,1.0,1.0,1.0,?,1.0,1.7976931348623157E308,?,1.0,1.0,14000.0,29448.0,10.0,332.7508408312695,92.52434461574428,288.8,78.42448597217582,1.2000000000000002,0.6324555320336759,1.1,0.31622776601683794,1.1,0.31622776601683794,0.10000000000000002,0.31622776601683794,0.0,0.0,0.0,0.0,1.0,0.0
meta.OCBoost -l (trees.HoeffdingTree -e 2000000 -g 100 -c 0.01),ArffFileStream -f ./../../../Dataset/benchmarks/magic.arff,1,14500.0,0.65625,4.987361737423475E-9,14500.0,1.0,1.0,1.0,?,1.0,1.7976931348623157E308,?,1.0,1.0,14500.0,29448.0,10.0,337.56626087220263,95.45364116637597,288.8,78.42448597217582,1.2000000000000002,0.6324555320336759,1.1,0.31622776601683794,1.1,0.31622776601683794,0.10000000000000002,0.31622776601683794,0.0,0.0,0.0,0.0,1.0,0.0
meta.OCBoost -l (trees.HoeffdingTree -e 2000000 -g 100 -c 0.01),ArffFileStream -f ./../../../Dataset/benchmarks/magic.arff,1,15000.0,0.6875,5.2254310705595565E-9,15000.0,1.0,1.0,1.0,?,1.0,1.7976931348623157E308,?,1.0,1.0,15000.0,29448.0,10.0,342.06742756164317,98.41225093969084,288.8,78.42448597217582,1.2000000000000002,0.6324555320336759,1.1,0.31622776601683794,1.1,0.31622776601683794,0.10000000000000002,0.31622776601683794,0.0,0.0,0.0,0.0,1.0,0.0
meta.OCBoost -l (trees.HoeffdingTree -e 2000000 -g 100 -c 0.01),ArffFileStream -f ./../../../Dataset/benchmarks/magic.arff,1,15500.0,0.6875,5.2254310705595565E-9,15500.0,1.0,1.0,1.0,?,1.0,1.7976931348623157E308,?,1.0,1.0,15500.0,29448.0,10.0,346.2943514683499,101.38561370096012,288.8,78.42448597217582,1.2000000000000002,0.6324555320336759,1.1,0.31622776601683794,1.1,0.31622776601683794,0.10000000000000002,0.31622776601683794,0.0,0.0,0.0,0.0,1.0,0.0
meta.OCBoost -l (trees.HoeffdingTree -e 2000000 -g 100 -c 0.01),ArffFileStream -f ./../../../Dataset/benchmarks/magic.arff,1,16000.0,0.6875,5.2254310705595565E-9,16000.0,1.0,1.0,1.0,?,1.0,1.7976931348623157E308,?,1.0,1.0,16000.0,29448.0,10.0,350.2801451425747,104.36266019855387,288.8,78.42448597217582,1.2000000000000002,0.6324555320336759,1.1,0.31622776601683794,1.1,0.31622776601683794,0.10000000000000002,0.31622776601683794,0.0,0.0,0.0,0.0,1.0,0.0
meta.OCBoost -l (trees.HoeffdingTree -e 2000000 -g 100 -c 0.01),ArffFileStream -f ./../../../Dataset/benchmarks/magic.arff,1,16500.0,0.703125,5.3444657371275974E-9,16500.0,1.0,1.0,1.0,?,1.0,1.7976931348623157E308,?,1.0,1.0,16500.0,29448.0,10.0,354.0524677096154,107.33497724380138,288.8,78.42448597217582,1.2000000000000002,0.6324555320336759,1.1,0.31622776601683794,1.1,0.31622776601683794,0.10000000000000002,0.31622776601683794,0.0,0.0,0.0,0.0,1.0,0.0
meta.OCBoost -l (trees.HoeffdingTree -e 2000000 -g 100 -c 0.01),ArffFileStream -f ./../../../Dataset/benchmarks/magic.arff,1,17000.0,0.71875,5.463500403695638E-9,17000.0,1.0,1.0,1.0,?,1.0,1.7976931348623157E308,?,1.0,1.0,17000.0,29448.0,10.0,357.6346207521794,110.29618338802614,288.8,78.42448597217582,1.2000000000000002,0.6324555320336759,1.1,0.31622776601683794,1.1,0.31622776601683794,0.10000000000000002,0.31622776601683794,0.0,0.0,0.0,0.0,1.0,0.0
meta.OCBoost -l (trees.HoeffdingTree -e 2000000 -g 100 -c 0.01),ArffFileStream -f ./../../../Dataset/benchmarks/magic.arff,1,17500.0,0.734375,5.582535070263679E-9,17500.0,1.0,1.0,1.0,?,1.0,1.7976931348623157E308,?,1.0,1.0,17500.0,29448.0,10.0,361.0463895563251,113.24145882622118,288.8,78.42448597217582,1.2000000000000002,0.6324555320336759,1.1,0.31622776601683794,1.1,0.31622776601683794,0.10000000000000002,0.31622776601683794,0.0,0.0,0.0,0.0,1.0,0.0
meta.OCBoost -l (trees.HoeffdingTree -e 2000000 -g 100 -c 0.01),ArffFileStream -f ./../../../Dataset/benchmarks/magic.arff,1,18000.0,0.75,5.70156973683172E-9,18000.0,1.0,1.0,1.0,?,1.0,1.7976931348623157E308,?,1.0,1.0,18000.0,29448.0,10.0,364.3046960037328,116.16718916421507,288.8,78.42448597217582,1.2000000000000002,0.6324555320336759,1.1,0.31622776601683794,1.1,0.31622776601683794,0.10000000000000002,0.31622776601683794,0.0,0.0,0.0,0.0,1.0,0.0
meta.OCBoost -l (trees.HoeffdingTree -e 2000000 -g 100 -c 0.01),ArffFileStream -f ./../../../Dataset/benchmarks/magic.arff,1,18500.0,0.765625,5.820604403399761E-9,18500.0,1.0,1.0,1.0,?,1.0,1.7976931348623157E308,?,1.0,1.0,18500.0,29448.0,10.0,367.42411046294274,119.07069386113082,288.8,78.42448597217582,1.2000000000000002,0.6324555320336759,1.1,0.31622776601683794,1.1,0.31622776601683794,0.10000000000000002,0.31622776601683794,0.0,0.0,0.0,0.0,1.0,0.0
meta.OCBoost -l (trees.HoeffdingTree -e 2000000 -g 100 -c 0.01),ArffFileStream -f ./../../../Dataset/benchmarks/magic.arff,1,19000.0,0.78125,5.939639069967802E-9,19000.0,1.0,1.0,1.0,?,1.0,1.7976931348623157E308,?,1.0,1.0,19000.0,29448.0,10.0,370.41725694678996,121.95001806390162,288.8,78.42448597217582,1.2000000000000002,0.6324555320336759,1.1,0.31622776601683794,1.1,0.31622776601683794,0.10000000000000002,0.31622776601683794,0.0,0.0,0.0,0.0,1.0,0.0
meta.OCBoost -l (trees.HoeffdingTree -e 2000000 -g 100 -c 0.01),ArffFileStream -f ./../../../Dataset/benchmarks/magic.arff,1,19020.0,0.78125,5.939639069967802E-9,19020.0,1.0,1.0,1.0,?,1.0,1.7976931348623157E308,?,1.0,1.0,19020.0,29448.0,10.0,370.53451696760175,122.06466678180205,288.8,78.42448597217582,1.2000000000000002,0.6324555320336759,1.1,0.31622776601683794,1.1,0.31622776601683794,0.10000000000000002,0.31622776601683794,0.0,0.0,0.0,0.0,1.0,0.0
