Learner,stream,randomSeed,learning evaluation instances,evaluation time (cpu seconds),model cost (RAM-Hours),classified instances,AUC,sAUC,Accuracy,Kappa,Periodical holdout AUC,Pos/Neg ratio,G-Mean,Recall,KappaM,model training instances,model serialized size (bytes)
meta.imbalanced.RebalanceStream -l (trees.HoeffdingTree -e 2000000 -g 100 -c 0.01),ArffFileStream -f ./../../../Dataset/benchmarks/coil2000.arff,1,500.0,0.171875,3.7812343281176357E-10,500.0,0.4625833963821446,0.015119204474654318,0.934,-0.007572056668294164,0.0,0.06609808102345416,0.0,0.0,-0.06451612903225627,500.0,8504.0
meta.imbalanced.RebalanceStream -l (trees.HoeffdingTree -e 2000000 -g 100 -c 0.01),ArffFileStream -f ./../../../Dataset/benchmarks/coil2000.arff,1,1000.0,0.21875,4.833822862969504E-10,1000.0,0.38544188861985473,6.981095463853837E-4,0.944,0.0,0.4625833963821446,0.059322033898305086,0.0,0.0,0.05084745762711865,1000.0,8680.0
meta.imbalanced.RebalanceStream -l (trees.HoeffdingTree -e 2000000 -g 100 -c 0.01),ArffFileStream -f ./../../../Dataset/benchmarks/coil2000.arff,1,1500.0,0.3125,6.97974529531267E-10,1500.0,0.5274154824476024,0.03954522662937339,0.928,-0.011122345803840908,0.38544188861985473,0.07066381156316917,0.0,0.0,-0.17391304347825975,1500.0,8848.0
meta.imbalanced.RebalanceStream -l (trees.HoeffdingTree -e 2000000 -g 100 -c 0.01),ArffFileStream -f ./../../../Dataset/benchmarks/coil2000.arff,1,2000.0,0.328125,7.337399034036531E-10,2000.0,0.6231788564316568,0.04343854054907939,0.942,0.0,0.5274154824476024,0.06157112526539278,0.0,0.0,0.0413223140495859,2000.0,8848.0
meta.imbalanced.RebalanceStream -l (trees.HoeffdingTree -e 2000000 -g 100 -c 0.01),ArffFileStream -f ./../../../Dataset/benchmarks/coil2000.arff,1,2500.0,0.359375,8.052706511484253E-10,2500.0,0.6084375,0.034900749480158616,0.96,0.0,0.6231788564316568,0.041666666666666664,0.0,0.0,0.29078014184397105,2500.0,8848.0
meta.imbalanced.RebalanceStream -l (trees.HoeffdingTree -e 2000000 -g 100 -c 0.01),ArffFileStream -f ./../../../Dataset/benchmarks/coil2000.arff,1,3000.0,0.421875,9.510485041472647E-10,3000.0,0.661196667508205,0.04622975399787627,0.932,0.0,0.6084375,0.07296137339055794,0.0,0.0,-0.16571428571428454,3000.0,9016.0
meta.imbalanced.RebalanceStream -l (trees.HoeffdingTree -e 2000000 -g 100 -c 0.01),ArffFileStream -f ./../../../Dataset/benchmarks/coil2000.arff,1,3500.0,0.46875,1.0603818938963943E-9,3500.0,0.6077481840193705,0.03852785911161622,0.942,-0.0038770423705345087,0.661196667508205,0.059322033898305086,0.0,0.0,0.0,3500.0,9016.0
meta.imbalanced.RebalanceStream -l (trees.HoeffdingTree -e 2000000 -g 100 -c 0.01),ArffFileStream -f ./../../../Dataset/benchmarks/coil2000.arff,1,4000.0,0.5,1.133270820395814E-9,4000.0,0.5868085106382979,0.04885004177530738,0.936,-0.007556675062971108,0.6077481840193705,0.06382978723404255,0.0,0.0,-0.09871244635192995,4000.0,9016.0
meta.imbalanced.RebalanceStream -l (trees.HoeffdingTree -e 2000000 -g 100 -c 0.01),ArffFileStream -f ./../../../Dataset/benchmarks/coil2000.arff,1,4500.0,0.53125,1.2061597468952338E-9,4500.0,0.5825022353669441,0.05038538248939363,0.938,0.0,0.5868085106382979,0.06609808102345416,0.0,0.0,-0.05681818181818315,4500.0,9016.0
meta.imbalanced.RebalanceStream -l (trees.HoeffdingTree -e 2000000 -g 100 -c 0.01),ArffFileStream -f ./../../../Dataset/benchmarks/coil2000.arff,1,5000.0,0.546875,1.2426042101449437E-9,5000.0,0.6514830508474576,0.026773103029595374,0.94,-0.007522837184309571,0.5825022353669441,0.059322033898305086,0.0,0.0,-0.027397260273973385,5000.0,9016.0
meta.imbalanced.RebalanceStream -l (trees.HoeffdingTree -e 2000000 -g 100 -c 0.01),ArffFileStream -f ./../../../Dataset/benchmarks/coil2000.arff,1,5500.0,0.578125,1.316851315399011E-9,5500.0,0.6936982034595918,0.041011973743791175,0.922,0.0,0.6514830508474576,0.08459869848156182,0.0,0.0,-0.29607250755286846,5500.0,9184.0
meta.imbalanced.RebalanceStream -l (trees.HoeffdingTree -e 2000000 -g 100 -c 0.01),ArffFileStream -f ./../../../Dataset/benchmarks/coil2000.arff,1,6000.0,0.625,1.428221973280112E-9,6000.0,0.7370448179271709,0.0589629508063406,0.95,-0.003854802441374271,0.6936982034595918,0.05042016806722689,0.0,0.0,0.15492957746478847,6000.0,9184.0
meta.imbalanced.RebalanceStream -l (trees.HoeffdingTree -e 2000000 -g 100 -c 0.01),ArffFileStream -f ./../../../Dataset/benchmarks/coil2000.arff,1,6500.0,0.65625,1.5024690785341794E-9,6500.0,0.405812324929972,0.021924585139748626,0.948,-0.007439553626781214,0.7370448179271709,0.05042016806722689,0.0,0.0,0.10817941952506478,6500.0,9184.0
meta.imbalanced.RebalanceStream -l (trees.HoeffdingTree -e 2000000 -g 100 -c 0.01),ArffFileStream -f ./../../../Dataset/benchmarks/coil2000.arff,1,7000.0,0.71875,1.650963289042314E-9,7000.0,0.5341166996119775,0.02733781432854069,0.942,0.0,0.405812324929972,0.06157112526539278,0.0,0.0,0.004901960784312642,7000.0,9184.0
meta.imbalanced.RebalanceStream -l (trees.HoeffdingTree -e 2000000 -g 100 -c 0.01),ArffFileStream -f ./../../../Dataset/benchmarks/coil2000.arff,1,7500.0,0.75,1.7252103942963814E-9,7500.0,0.5425965077127868,0.01994848711271481,0.942,-0.007504168982767987,0.5341166996119775,0.05708245243128964,0.0,0.0,0.0,7500.0,9184.0
meta.imbalanced.RebalanceStream -l (trees.HoeffdingTree -e 2000000 -g 100 -c 0.01),ArffFileStream -f ./../../../Dataset/benchmarks/coil2000.arff,1,8000.0,0.796875,1.8365810521774824E-9,8000.0,0.6131319873185382,0.026899771994577572,0.916,-0.011268419531927776,0.5425965077127868,0.08459869848156182,0.0,0.0,-0.41772151898734056,8000.0,9184.0
meta.imbalanced.RebalanceStream -l (trees.HoeffdingTree -e 2000000 -g 100 -c 0.01),ArffFileStream -f ./../../../Dataset/benchmarks/coil2000.arff,1,8500.0,0.84375,1.9479517100585835E-9,8500.0,0.5762553418803419,0.02682871092198633,0.932,-0.007586533902324396,0.6131319873185382,0.06837606837606838,0.0,0.0,-0.14229249011857723,8500.0,9184.0
meta.imbalanced.RebalanceStream -l (trees.HoeffdingTree -e 2000000 -g 100 -c 0.01),ArffFileStream -f ./../../../Dataset/benchmarks/coil2000.arff,1,9000.0,0.859375,1.985075262685617E-9,9000.0,0.5198156682027649,0.045477398151708294,0.926,-0.007625272331153233,0.5762553418803419,0.07526881720430108,0.0,0.0,-0.23105360443622838,9000.0,9184.0
meta.imbalanced.RebalanceStream -l (trees.HoeffdingTree -e 2000000 -g 100 -c 0.01),ArffFileStream -f ./../../../Dataset/benchmarks/coil2000.arff,1,9500.0,0.890625,2.0593223679396845E-9,9500.0,0.5924015313736941,0.04519221006929437,0.934,0.0,0.5198156682027649,0.07066381156316917,0.0,0.0,-0.0923344947735186,9500.0,9184.0
meta.imbalanced.RebalanceStream -l (trees.HoeffdingTree -e 2000000 -g 100 -c 0.01),ArffFileStream -f ./../../../Dataset/benchmarks/coil2000.arff,1,9822.0,0.90625,2.096445920566718E-9,9822.0,0.6351540616246498,0.050670938236046736,0.95,-0.003854802441374271,0.5924015313736941,0.05042016806722689,0.0,0.0,0.16194539249146606,9822.0,9184.0
