Learner,stream,randomSeed,learning evaluation instances,evaluation time (cpu seconds),model cost (RAM-Hours),classified instances,AUC,sAUC,Accuracy,Kappa,Periodical holdout AUC,Pos/Neg ratio,G-Mean,Recall,KappaM,model training instances,model serialized size (bytes)
meta.imbalanced.OnlineAdaC2 -l (trees.HoeffdingTree -e 2000000 -g 100 -c 0.01),ArffFileStream -f ./../../../Dataset/benchmarks/magic.arff,1,500.0,0.109375,9.145070281293657E-11,500.0,1.0,1.0,1.0,?,0.0,0.0,?,?,?,500.0,3232.0
meta.imbalanced.OnlineAdaC2 -l (trees.HoeffdingTree -e 2000000 -g 100 -c 0.01),ArffFileStream -f ./../../../Dataset/benchmarks/magic.arff,1,1000.0,0.140625,1.1757947504520416E-10,1000.0,1.0,1.0,1.0,?,1.0,0.0,?,?,?,1000.0,3232.0
meta.imbalanced.OnlineAdaC2 -l (trees.HoeffdingTree -e 2000000 -g 100 -c 0.01),ArffFileStream -f ./../../../Dataset/benchmarks/magic.arff,1,1500.0,0.15625,1.3064386116133796E-10,1500.0,1.0,1.0,1.0,?,1.0,0.0,?,?,?,1500.0,3232.0
meta.imbalanced.OnlineAdaC2 -l (trees.HoeffdingTree -e 2000000 -g 100 -c 0.01),ArffFileStream -f ./../../../Dataset/benchmarks/magic.arff,1,2000.0,0.1875,1.5677263339360555E-10,2000.0,1.0,1.0,1.0,?,1.0,0.0,?,?,?,2000.0,3232.0
meta.imbalanced.OnlineAdaC2 -l (trees.HoeffdingTree -e 2000000 -g 100 -c 0.01),ArffFileStream -f ./../../../Dataset/benchmarks/magic.arff,1,2500.0,0.21875,1.8290140562587314E-10,2500.0,1.0,1.0,1.0,?,1.0,0.0,?,?,?,2500.0,3232.0
meta.imbalanced.OnlineAdaC2 -l (trees.HoeffdingTree -e 2000000 -g 100 -c 0.01),ArffFileStream -f ./../../../Dataset/benchmarks/magic.arff,1,3000.0,0.25,2.0903017785814074E-10,3000.0,1.0,1.0,1.0,?,1.0,0.0,?,?,?,3000.0,3232.0
meta.imbalanced.OnlineAdaC2 -l (trees.HoeffdingTree -e 2000000 -g 100 -c 0.01),ArffFileStream -f ./../../../Dataset/benchmarks/magic.arff,1,3500.0,0.25,2.0903017785814074E-10,3500.0,1.0,1.0,1.0,?,1.0,0.0,?,?,?,3500.0,3232.0
meta.imbalanced.OnlineAdaC2 -l (trees.HoeffdingTree -e 2000000 -g 100 -c 0.01),ArffFileStream -f ./../../../Dataset/benchmarks/magic.arff,1,4000.0,0.28125,2.3515895009040833E-10,4000.0,1.0,1.0,1.0,?,1.0,0.0,?,?,?,4000.0,3232.0
meta.imbalanced.OnlineAdaC2 -l (trees.HoeffdingTree -e 2000000 -g 100 -c 0.01),ArffFileStream -f ./../../../Dataset/benchmarks/magic.arff,1,4500.0,0.3125,2.612877223226759E-10,4500.0,1.0,1.0,1.0,?,1.0,0.0,?,?,?,4500.0,3232.0
meta.imbalanced.OnlineAdaC2 -l (trees.HoeffdingTree -e 2000000 -g 100 -c 0.01),ArffFileStream -f ./../../../Dataset/benchmarks/magic.arff,1,5000.0,0.328125,2.743521084388097E-10,5000.0,1.0,1.0,1.0,?,1.0,0.0,?,?,?,5000.0,3232.0
meta.imbalanced.OnlineAdaC2 -l (trees.HoeffdingTree -e 2000000 -g 100 -c 0.01),ArffFileStream -f ./../../../Dataset/benchmarks/magic.arff,1,5500.0,0.359375,3.004808806710773E-10,5500.0,1.0,1.0,1.0,?,1.0,0.0,?,?,?,5500.0,3232.0
meta.imbalanced.OnlineAdaC2 -l (trees.HoeffdingTree -e 2000000 -g 100 -c 0.01),ArffFileStream -f ./../../../Dataset/benchmarks/magic.arff,1,6000.0,0.390625,3.2660965290334487E-10,6000.0,1.0,1.0,1.0,?,1.0,0.0,?,?,?,6000.0,3232.0
meta.imbalanced.OnlineAdaC2 -l (trees.HoeffdingTree -e 2000000 -g 100 -c 0.01),ArffFileStream -f ./../../../Dataset/benchmarks/magic.arff,1,6500.0,0.40625,3.3967403901947864E-10,6500.0,1.0,1.0,1.0,?,1.0,0.0,?,?,?,6500.0,3232.0
meta.imbalanced.OnlineAdaC2 -l (trees.HoeffdingTree -e 2000000 -g 100 -c 0.01),ArffFileStream -f ./../../../Dataset/benchmarks/magic.arff,1,7000.0,0.4375,3.6580281125174624E-10,7000.0,1.0,1.0,1.0,?,1.0,0.0,?,?,?,7000.0,3232.0
meta.imbalanced.OnlineAdaC2 -l (trees.HoeffdingTree -e 2000000 -g 100 -c 0.01),ArffFileStream -f ./../../../Dataset/benchmarks/magic.arff,1,7500.0,0.453125,3.7886719736788006E-10,7500.0,1.0,1.0,1.0,?,1.0,0.0,?,?,?,7500.0,3232.0
meta.imbalanced.OnlineAdaC2 -l (trees.HoeffdingTree -e 2000000 -g 100 -c 0.01),ArffFileStream -f ./../../../Dataset/benchmarks/magic.arff,1,8000.0,0.484375,4.0499596960014765E-10,8000.0,1.0,1.0,1.0,?,1.0,0.0,?,?,?,8000.0,3232.0
meta.imbalanced.OnlineAdaC2 -l (trees.HoeffdingTree -e 2000000 -g 100 -c 0.01),ArffFileStream -f ./../../../Dataset/benchmarks/magic.arff,1,8500.0,0.5,4.1806035571628147E-10,8500.0,1.0,1.0,1.0,?,1.0,0.0,?,?,?,8500.0,3232.0
meta.imbalanced.OnlineAdaC2 -l (trees.HoeffdingTree -e 2000000 -g 100 -c 0.01),ArffFileStream -f ./../../../Dataset/benchmarks/magic.arff,1,9000.0,0.53125,4.4418912794854906E-10,9000.0,1.0,1.0,1.0,?,1.0,0.0,?,?,?,9000.0,3232.0
meta.imbalanced.OnlineAdaC2 -l (trees.HoeffdingTree -e 2000000 -g 100 -c 0.01),ArffFileStream -f ./../../../Dataset/benchmarks/magic.arff,1,9500.0,0.546875,4.572535140646829E-10,9500.0,1.0,1.0,1.0,?,1.0,0.0,?,?,?,9500.0,3232.0
meta.imbalanced.OnlineAdaC2 -l (trees.HoeffdingTree -e 2000000 -g 100 -c 0.01),ArffFileStream -f ./../../../Dataset/benchmarks/magic.arff,1,10000.0,0.578125,4.833822862969505E-10,10000.0,1.0,1.0,1.0,?,1.0,0.0,?,?,?,10000.0,3232.0
meta.imbalanced.OnlineAdaC2 -l (trees.HoeffdingTree -e 2000000 -g 100 -c 0.01),ArffFileStream -f ./../../../Dataset/benchmarks/magic.arff,1,10500.0,0.59375,4.964466724130843E-10,10500.0,1.0,1.0,1.0,?,1.0,0.0,?,?,?,10500.0,3232.0
meta.imbalanced.OnlineAdaC2 -l (trees.HoeffdingTree -e 2000000 -g 100 -c 0.01),ArffFileStream -f ./../../../Dataset/benchmarks/magic.arff,1,11000.0,0.625,5.225754446453518E-10,11000.0,1.0,1.0,1.0,?,1.0,0.0,?,?,?,11000.0,3232.0
meta.imbalanced.OnlineAdaC2 -l (trees.HoeffdingTree -e 2000000 -g 100 -c 0.01),ArffFileStream -f ./../../../Dataset/benchmarks/magic.arff,1,11500.0,0.640625,5.356398307614856E-10,11500.0,1.0,1.0,1.0,?,1.0,0.0,?,?,?,11500.0,3232.0
meta.imbalanced.OnlineAdaC2 -l (trees.HoeffdingTree -e 2000000 -g 100 -c 0.01),ArffFileStream -f ./../../../Dataset/benchmarks/magic.arff,1,12000.0,0.65625,5.487042168776194E-10,12000.0,1.0,1.0,1.0,?,1.0,0.0,?,?,?,12000.0,3232.0
meta.imbalanced.OnlineAdaC2 -l (trees.HoeffdingTree -e 2000000 -g 100 -c 0.01),ArffFileStream -f ./../../../Dataset/benchmarks/magic.arff,1,12500.0,2.578125,2.155623709162076E-9,12500.0,0.5,0.0,0.664,0.0,1.0,0.5060240963855421,0.0,0.0,-23.999999999999982,12500.0,3232.0
meta.imbalanced.OnlineAdaC2 -l (trees.HoeffdingTree -e 2000000 -g 100 -c 0.01),ArffFileStream -f ./../../../Dataset/benchmarks/magic.arff,1,13000.0,2.625,2.1948168675104775E-9,13000.0,1.0,1.0,0.0,0.0,0.5,1.7976931348623157E308,?,0.0,-50.999999999999886,13000.0,3232.0
meta.imbalanced.OnlineAdaC2 -l (trees.HoeffdingTree -e 2000000 -g 100 -c 0.01),ArffFileStream -f ./../../../Dataset/benchmarks/magic.arff,1,13500.0,2.640625,2.2078812536266113E-9,13500.0,1.0,1.0,0.0,0.0,1.0,1.7976931348623157E308,?,0.0,-53.000000000000085,13500.0,3232.0
meta.imbalanced.OnlineAdaC2 -l (trees.HoeffdingTree -e 2000000 -g 100 -c 0.01),ArffFileStream -f ./../../../Dataset/benchmarks/magic.arff,1,14000.0,2.671875,2.234010025858879E-9,14000.0,1.0,1.0,0.0,0.0,1.0,1.7976931348623157E308,?,0.0,-54.99999999999985,14000.0,3232.0
meta.imbalanced.OnlineAdaC2 -l (trees.HoeffdingTree -e 2000000 -g 100 -c 0.01),ArffFileStream -f ./../../../Dataset/benchmarks/magic.arff,1,14500.0,2.6875,2.2470744119750126E-9,14500.0,1.0,1.0,0.0,0.0,1.0,1.7976931348623157E308,?,0.0,-56.999999999999886,14500.0,3232.0
meta.imbalanced.OnlineAdaC2 -l (trees.HoeffdingTree -e 2000000 -g 100 -c 0.01),ArffFileStream -f ./../../../Dataset/benchmarks/magic.arff,1,15000.0,2.703125,2.2601387980911464E-9,15000.0,1.0,1.0,0.0,0.0,1.0,1.7976931348623157E308,?,0.0,-58.999999999999815,15000.0,3232.0
meta.imbalanced.OnlineAdaC2 -l (trees.HoeffdingTree -e 2000000 -g 100 -c 0.01),ArffFileStream -f ./../../../Dataset/benchmarks/magic.arff,1,15500.0,2.71875,2.27320318420728E-9,15500.0,1.0,1.0,0.0,0.0,1.0,1.7976931348623157E308,?,0.0,-61.00000000000006,15500.0,3232.0
meta.imbalanced.OnlineAdaC2 -l (trees.HoeffdingTree -e 2000000 -g 100 -c 0.01),ArffFileStream -f ./../../../Dataset/benchmarks/magic.arff,1,16000.0,2.734375,2.286267570323414E-9,16000.0,1.0,1.0,0.0,0.0,1.0,1.7976931348623157E308,?,0.0,-63.0,16000.0,3232.0
meta.imbalanced.OnlineAdaC2 -l (trees.HoeffdingTree -e 2000000 -g 100 -c 0.01),ArffFileStream -f ./../../../Dataset/benchmarks/magic.arff,1,16500.0,2.75,2.2993319564395477E-9,16500.0,1.0,1.0,0.0,0.0,1.0,1.7976931348623157E308,?,0.0,-65.00000000000006,16500.0,3232.0
meta.imbalanced.OnlineAdaC2 -l (trees.HoeffdingTree -e 2000000 -g 100 -c 0.01),ArffFileStream -f ./../../../Dataset/benchmarks/magic.arff,1,17000.0,2.78125,2.3254607286718152E-9,17000.0,1.0,1.0,0.0,0.0,1.0,1.7976931348623157E308,?,0.0,-67.00000000000024,17000.0,3232.0
meta.imbalanced.OnlineAdaC2 -l (trees.HoeffdingTree -e 2000000 -g 100 -c 0.01),ArffFileStream -f ./../../../Dataset/benchmarks/magic.arff,1,17500.0,2.78125,2.3254607286718152E-9,17500.0,1.0,1.0,0.0,0.0,1.0,1.7976931348623157E308,?,0.0,-69.00000000000026,17500.0,3232.0
meta.imbalanced.OnlineAdaC2 -l (trees.HoeffdingTree -e 2000000 -g 100 -c 0.01),ArffFileStream -f ./../../../Dataset/benchmarks/magic.arff,1,18000.0,2.796875,2.338525114787949E-9,18000.0,1.0,1.0,0.0,0.0,1.0,1.7976931348623157E308,?,0.0,-71.00000000000026,18000.0,3232.0
meta.imbalanced.OnlineAdaC2 -l (trees.HoeffdingTree -e 2000000 -g 100 -c 0.01),ArffFileStream -f ./../../../Dataset/benchmarks/magic.arff,1,18500.0,2.8125,2.3515895009040828E-9,18500.0,1.0,1.0,0.0,0.0,1.0,1.7976931348623157E308,?,0.0,-73.00000000000014,18500.0,3232.0
meta.imbalanced.OnlineAdaC2 -l (trees.HoeffdingTree -e 2000000 -g 100 -c 0.01),ArffFileStream -f ./../../../Dataset/benchmarks/magic.arff,1,19000.0,2.8125,2.3515895009040828E-9,19000.0,1.0,1.0,0.0,0.0,1.0,1.7976931348623157E308,?,0.0,-74.99999999999976,19000.0,3232.0
meta.imbalanced.OnlineAdaC2 -l (trees.HoeffdingTree -e 2000000 -g 100 -c 0.01),ArffFileStream -f ./../../../Dataset/benchmarks/magic.arff,1,19020.0,2.828125,2.3646538870202165E-9,19020.0,1.0,1.0,0.0,0.0,1.0,1.7976931348623157E308,?,0.0,-75.07999999999983,19020.0,3232.0
