Learner,stream,randomSeed,learning evaluation instances,evaluation time (cpu seconds),model cost (RAM-Hours),classified instances,AUC,sAUC,Accuracy,Kappa,Periodical holdout AUC,Pos/Neg ratio,G-Mean,Recall,KappaM,model training instances,model serialized size (bytes),Member weight 1,Member weight 2,Member weight 3,Member weight 4,Member weight 5,Member weight 6,Member weight 7,Member weight 8,Member weight 9,Member weight 10,Stored member weight 11,Stored member weight 12,Stored member weight 13,Stored member weight 14,Stored member weight 15,Stored member weight 16,Stored member weight 17,Stored member weight 18,Stored member weight 19,Stored member weight 20,Stored member weight 21,Stored member weight 22,Stored member weight 23,Stored member weight 24,Stored member weight 25,Stored member weight 26,Stored member weight 27,Stored member weight 28,Stored member weight 29,Stored member weight 30,[avg] model training instances,[err] model training instances,[avg] model serialized size (bytes),[err] model serialized size (bytes),[avg] tree size (nodes),[err] tree size (nodes),[avg] tree size (leaves),[err] tree size (leaves),[avg] active learning leaves,[err] active learning leaves,[avg] tree depth,[err] tree depth,[avg] active leaf byte size estimate,[err] active leaf byte size estimate,[avg] inactive leaf byte size estimate,[err] inactive leaf byte size estimate,[avg] byte size estimate overhead,[err] byte size estimate overhead
meta.AccuracyWeightedEnsemble -l (trees.HoeffdingTree -e 2000000 -g 100 -c 0.01) -n 10.0,ArffFileStream -f ./../../../Dataset/benchmarks/magic.arff,1,500.0,0.15625,2.231293668349584E-10,500.0,1.0,1.0,1.0,?,0.0,0.0,?,?,?,500.0,5520.0,0.0,-1.0,-1.0,-1.0,-1.0,-1.0,-1.0,-1.0,-1.0,-1.0,-1.0,-1.0,-1.0,-1.0,-1.0,-1.0,-1.0,-1.0,-1.0,-1.0,-1.0,-1.0,-1.0,-1.0,-1.0,-1.0,-1.0,-1.0,-1.0,-1.0,0.0,0.0,0.0,0.0,0.0,0.0,0.0,0.0,0.0,0.0,0.0,0.0,0.0,0.0,0.0,0.0,0.0,0.0
meta.AccuracyWeightedEnsemble -l (trees.HoeffdingTree -e 2000000 -g 100 -c 0.01) -n 10.0,ArffFileStream -f ./../../../Dataset/benchmarks/magic.arff,1,1000.0,0.234375,3.8400887408190304E-10,1000.0,1.0,1.0,1.0,?,1.0,0.0,?,?,?,1000.0,7960.0,0.0,0.0,-1.0,-1.0,-1.0,-1.0,-1.0,-1.0,-1.0,-1.0,-1.0,-1.0,-1.0,-1.0,-1.0,-1.0,-1.0,-1.0,-1.0,-1.0,-1.0,-1.0,-1.0,-1.0,-1.0,-1.0,-1.0,-1.0,-1.0,-1.0,500.0,0.0,256.0,0.0,1.0,0.0,1.0,0.0,1.0,0.0,0.0,0.0,0.0,0.0,0.0,0.0,1.0,0.0
meta.AccuracyWeightedEnsemble -l (trees.HoeffdingTree -e 2000000 -g 100 -c 0.01) -n 10.0,ArffFileStream -f ./../../../Dataset/benchmarks/magic.arff,1,1500.0,0.28125,5.104165110323164E-10,1500.0,1.0,1.0,1.0,?,1.0,0.0,?,?,?,1500.0,10424.0,0.0,0.0,0.0,-1.0,-1.0,-1.0,-1.0,-1.0,-1.0,-1.0,-1.0,-1.0,-1.0,-1.0,-1.0,-1.0,-1.0,-1.0,-1.0,-1.0,-1.0,-1.0,-1.0,-1.0,-1.0,-1.0,-1.0,-1.0,-1.0,-1.0,500.0,0.0,256.0,0.0,1.0,0.0,1.0,0.0,1.0,0.0,0.0,0.0,0.0,0.0,0.0,0.0,1.0,0.0
meta.AccuracyWeightedEnsemble -l (trees.HoeffdingTree -e 2000000 -g 100 -c 0.01) -n 10.0,ArffFileStream -f ./../../../Dataset/benchmarks/magic.arff,1,2000.0,0.3125,6.144141985310448E-10,2000.0,1.0,1.0,1.0,?,1.0,0.0,?,?,?,2000.0,12864.0,0.0,0.0,0.0,0.0,-1.0,-1.0,-1.0,-1.0,-1.0,-1.0,-1.0,-1.0,-1.0,-1.0,-1.0,-1.0,-1.0,-1.0,-1.0,-1.0,-1.0,-1.0,-1.0,-1.0,-1.0,-1.0,-1.0,-1.0,-1.0,-1.0,500.0,0.0,256.0,0.0,1.0,0.0,1.0,0.0,1.0,0.0,0.0,0.0,0.0,0.0,0.0,0.0,1.0,0.0
meta.AccuracyWeightedEnsemble -l (trees.HoeffdingTree -e 2000000 -g 100 -c 0.01) -n 10.0,ArffFileStream -f ./../../../Dataset/benchmarks/magic.arff,1,2500.0,0.359375,8.002906623813841E-10,2500.0,1.0,1.0,1.0,?,1.0,0.0,?,?,?,2500.0,15328.0,0.0,0.0,0.0,0.0,0.0,-1.0,-1.0,-1.0,-1.0,-1.0,-1.0,-1.0,-1.0,-1.0,-1.0,-1.0,-1.0,-1.0,-1.0,-1.0,-1.0,-1.0,-1.0,-1.0,-1.0,-1.0,-1.0,-1.0,-1.0,-1.0,500.0,0.0,256.0,0.0,1.0,0.0,1.0,0.0,1.0,0.0,0.0,0.0,0.0,0.0,0.0,0.0,1.0,0.0
meta.AccuracyWeightedEnsemble -l (trees.HoeffdingTree -e 2000000 -g 100 -c 0.01) -n 10.0,ArffFileStream -f ./../../../Dataset/benchmarks/magic.arff,1,3000.0,0.390625,9.43934234480063E-10,3000.0,1.0,1.0,1.0,?,1.0,0.0,?,?,?,3000.0,17768.0,0.0,0.0,0.0,0.0,0.0,0.0,-1.0,-1.0,-1.0,-1.0,-1.0,-1.0,-1.0,-1.0,-1.0,-1.0,-1.0,-1.0,-1.0,-1.0,-1.0,-1.0,-1.0,-1.0,-1.0,-1.0,-1.0,-1.0,-1.0,-1.0,500.0,0.0,256.0,0.0,1.0,0.0,1.0,0.0,1.0,0.0,0.0,0.0,0.0,0.0,0.0,0.0,1.0,0.0
meta.AccuracyWeightedEnsemble -l (trees.HoeffdingTree -e 2000000 -g 100 -c 0.01) -n 10.0,ArffFileStream -f ./../../../Dataset/benchmarks/magic.arff,1,3500.0,0.4375,1.1892795252303281E-9,3500.0,1.0,1.0,1.0,?,1.0,0.0,?,?,?,3500.0,20232.0,0.0,0.0,0.0,0.0,0.0,0.0,0.0,-1.0,-1.0,-1.0,-1.0,-1.0,-1.0,-1.0,-1.0,-1.0,-1.0,-1.0,-1.0,-1.0,-1.0,-1.0,-1.0,-1.0,-1.0,-1.0,-1.0,-1.0,-1.0,-1.0,500.0,0.0,256.0,0.0,1.0,0.0,1.0,0.0,1.0,0.0,0.0,0.0,0.0,0.0,0.0,0.0,1.0,0.0
meta.AccuracyWeightedEnsemble -l (trees.HoeffdingTree -e 2000000 -g 100 -c 0.01) -n 10.0,ArffFileStream -f ./../../../Dataset/benchmarks/magic.arff,1,4000.0,0.5,1.5558584386275873E-9,4000.0,1.0,1.0,1.0,?,1.0,0.0,?,?,?,4000.0,22672.0,0.0,0.0,0.0,0.0,0.0,0.0,0.0,0.0,-1.0,-1.0,-1.0,-1.0,-1.0,-1.0,-1.0,-1.0,-1.0,-1.0,-1.0,-1.0,-1.0,-1.0,-1.0,-1.0,-1.0,-1.0,-1.0,-1.0,-1.0,-1.0,500.0,0.0,256.0,0.0,1.0,0.0,1.0,0.0,1.0,0.0,0.0,0.0,0.0,0.0,0.0,0.0,1.0,0.0
meta.AccuracyWeightedEnsemble -l (trees.HoeffdingTree -e 2000000 -g 100 -c 0.01) -n 10.0,ArffFileStream -f ./../../../Dataset/benchmarks/magic.arff,1,4500.0,0.546875,1.8606725562777784E-9,4500.0,1.0,1.0,1.0,?,1.0,0.0,?,?,?,4500.0,25136.0,0.0,0.0,0.0,0.0,0.0,0.0,0.0,0.0,0.0,-1.0,-1.0,-1.0,-1.0,-1.0,-1.0,-1.0,-1.0,-1.0,-1.0,-1.0,-1.0,-1.0,-1.0,-1.0,-1.0,-1.0,-1.0,-1.0,-1.0,-1.0,500.0,0.0,256.0,0.0,1.0,0.0,1.0,0.0,1.0,0.0,0.0,0.0,0.0,0.0,0.0,0.0,1.0,0.0
meta.AccuracyWeightedEnsemble -l (trees.HoeffdingTree -e 2000000 -g 100 -c 0.01) -n 10.0,ArffFileStream -f ./../../../Dataset/benchmarks/magic.arff,1,5000.0,0.578125,2.0836078975763585E-9,5000.0,1.0,1.0,1.0,?,1.0,0.0,?,?,?,5000.0,27576.0,0.0,0.0,0.0,0.0,0.0,0.0,0.0,0.0,0.0,0.0,-1.0,-1.0,-1.0,-1.0,-1.0,-1.0,-1.0,-1.0,-1.0,-1.0,-1.0,-1.0,-1.0,-1.0,-1.0,-1.0,-1.0,-1.0,-1.0,-1.0,500.0,0.0,256.0,0.0,1.0,0.0,1.0,0.0,1.0,0.0,0.0,0.0,0.0,0.0,0.0,0.0,1.0,0.0
meta.AccuracyWeightedEnsemble -l (trees.HoeffdingTree -e 2000000 -g 100 -c 0.01) -n 10.0,ArffFileStream -f ./../../../Dataset/benchmarks/magic.arff,1,5500.0,0.625,2.4476968165900973E-9,5500.0,1.0,1.0,1.0,?,1.0,0.0,?,?,?,5500.0,30024.0,0.0,0.0,0.0,0.0,0.0,0.0,0.0,0.0,0.0,0.0,0.0,-1.0,-1.0,-1.0,-1.0,-1.0,-1.0,-1.0,-1.0,-1.0,-1.0,-1.0,-1.0,-1.0,-1.0,-1.0,-1.0,-1.0,-1.0,-1.0,500.0,0.0,256.0,0.0,1.0,0.0,1.0,0.0,1.0,0.0,0.0,0.0,0.0,0.0,0.0,0.0,1.0,0.0
meta.AccuracyWeightedEnsemble -l (trees.HoeffdingTree -e 2000000 -g 100 -c 0.01) -n 10.0,ArffFileStream -f ./../../../Dataset/benchmarks/magic.arff,1,6000.0,0.671875,2.8412776171333263E-9,6000.0,1.0,1.0,1.0,?,1.0,0.0,?,?,?,6000.0,32456.0,0.0,0.0,0.0,0.0,0.0,0.0,0.0,0.0,0.0,0.0,0.0,0.0,-1.0,-1.0,-1.0,-1.0,-1.0,-1.0,-1.0,-1.0,-1.0,-1.0,-1.0,-1.0,-1.0,-1.0,-1.0,-1.0,-1.0,-1.0,500.0,0.0,256.0,0.0,1.0,0.0,1.0,0.0,1.0,0.0,0.0,0.0,0.0,0.0,0.0,0.0,1.0,0.0
meta.AccuracyWeightedEnsemble -l (trees.HoeffdingTree -e 2000000 -g 100 -c 0.01) -n 10.0,ArffFileStream -f ./../../../Dataset/benchmarks/magic.arff,1,6500.0,0.703125,3.1234554222060578E-9,6500.0,1.0,1.0,1.0,?,1.0,0.0,?,?,?,6500.0,34904.0,0.0,0.0,0.0,0.0,0.0,0.0,0.0,0.0,0.0,0.0,0.0,0.0,0.0,-1.0,-1.0,-1.0,-1.0,-1.0,-1.0,-1.0,-1.0,-1.0,-1.0,-1.0,-1.0,-1.0,-1.0,-1.0,-1.0,-1.0,500.0,0.0,256.0,0.0,1.0,0.0,1.0,0.0,1.0,0.0,0.0,0.0,0.0,0.0,0.0,0.0,1.0,0.0
meta.AccuracyWeightedEnsemble -l (trees.HoeffdingTree -e 2000000 -g 100 -c 0.01) -n 10.0,ArffFileStream -f ./../../../Dataset/benchmarks/magic.arff,1,7000.0,0.734375,3.4252944816317825E-9,7000.0,1.0,1.0,1.0,?,1.0,0.0,?,?,?,7000.0,37336.0,0.0,0.0,0.0,0.0,0.0,0.0,0.0,0.0,0.0,0.0,0.0,0.0,0.0,0.0,-1.0,-1.0,-1.0,-1.0,-1.0,-1.0,-1.0,-1.0,-1.0,-1.0,-1.0,-1.0,-1.0,-1.0,-1.0,-1.0,500.0,0.0,256.0,0.0,1.0,0.0,1.0,0.0,1.0,0.0,0.0,0.0,0.0,0.0,0.0,0.0,1.0,0.0
meta.AccuracyWeightedEnsemble -l (trees.HoeffdingTree -e 2000000 -g 100 -c 0.01) -n 10.0,ArffFileStream -f ./../../../Dataset/benchmarks/magic.arff,1,7500.0,0.78125,3.907738977836239E-9,7500.0,1.0,1.0,1.0,?,1.0,0.0,?,?,?,7500.0,39784.0,0.0,0.0,0.0,0.0,0.0,0.0,0.0,0.0,0.0,0.0,0.0,0.0,0.0,0.0,0.0,-1.0,-1.0,-1.0,-1.0,-1.0,-1.0,-1.0,-1.0,-1.0,-1.0,-1.0,-1.0,-1.0,-1.0,-1.0,500.0,0.0,256.0,0.0,1.0,0.0,1.0,0.0,1.0,0.0,0.0,0.0,0.0,0.0,0.0,0.0,1.0,0.0
meta.AccuracyWeightedEnsemble -l (trees.HoeffdingTree -e 2000000 -g 100 -c 0.01) -n 10.0,ArffFileStream -f ./../../../Dataset/benchmarks/magic.arff,1,8000.0,0.8125,4.249029896325536E-9,8000.0,1.0,1.0,1.0,?,1.0,0.0,?,?,?,8000.0,42216.0,0.0,0.0,0.0,0.0,0.0,0.0,0.0,0.0,0.0,0.0,0.0,0.0,0.0,0.0,0.0,0.0,-1.0,-1.0,-1.0,-1.0,-1.0,-1.0,-1.0,-1.0,-1.0,-1.0,-1.0,-1.0,-1.0,-1.0,500.0,0.0,256.0,0.0,1.0,0.0,1.0,0.0,1.0,0.0,0.0,0.0,0.0,0.0,0.0,0.0,1.0,0.0
meta.AccuracyWeightedEnsemble -l (trees.HoeffdingTree -e 2000000 -g 100 -c 0.01) -n 10.0,ArffFileStream -f ./../../../Dataset/benchmarks/magic.arff,1,8500.0,0.859375,4.7906521811253494E-9,8500.0,1.0,1.0,1.0,?,1.0,0.0,?,?,?,8500.0,44664.0,0.0,0.0,0.0,0.0,0.0,0.0,0.0,0.0,0.0,0.0,0.0,0.0,0.0,0.0,0.0,0.0,0.0,-1.0,-1.0,-1.0,-1.0,-1.0,-1.0,-1.0,-1.0,-1.0,-1.0,-1.0,-1.0,-1.0,500.0,0.0,256.0,0.0,1.0,0.0,1.0,0.0,1.0,0.0,0.0,0.0,0.0,0.0,0.0,0.0,1.0,0.0
meta.AccuracyWeightedEnsemble -l (trees.HoeffdingTree -e 2000000 -g 100 -c 0.01) -n 10.0,ArffFileStream -f ./../../../Dataset/benchmarks/magic.arff,1,9000.0,0.890625,5.171394958678219E-9,9000.0,1.0,1.0,1.0,?,1.0,0.0,?,?,?,9000.0,47096.0,0.0,0.0,0.0,0.0,0.0,0.0,0.0,0.0,0.0,0.0,0.0,0.0,0.0,0.0,0.0,0.0,0.0,0.0,-1.0,-1.0,-1.0,-1.0,-1.0,-1.0,-1.0,-1.0,-1.0,-1.0,-1.0,-1.0,500.0,0.0,256.0,0.0,1.0,0.0,1.0,0.0,1.0,0.0,0.0,0.0,0.0,0.0,0.0,0.0,1.0,0.0
meta.AccuracyWeightedEnsemble -l (trees.HoeffdingTree -e 2000000 -g 100 -c 0.01) -n 10.0,ArffFileStream -f ./../../../Dataset/benchmarks/magic.arff,1,9500.0,0.9375,5.772195032073392E-9,9500.0,1.0,1.0,1.0,?,1.0,0.0,?,?,?,9500.0,49544.0,0.0,0.0,0.0,0.0,0.0,0.0,0.0,0.0,0.0,0.0,0.0,0.0,0.0,0.0,0.0,0.0,0.0,0.0,0.0,-1.0,-1.0,-1.0,-1.0,-1.0,-1.0,-1.0,-1.0,-1.0,-1.0,-1.0,500.0,0.0,256.0,0.0,1.0,0.0,1.0,0.0,1.0,0.0,0.0,0.0,0.0,0.0,0.0,0.0,1.0,0.0
meta.AccuracyWeightedEnsemble -l (trees.HoeffdingTree -e 2000000 -g 100 -c 0.01) -n 10.0,ArffFileStream -f ./../../../Dataset/benchmarks/magic.arff,1,10000.0,0.984375,6.402486986998055E-9,10000.0,1.0,1.0,1.0,?,1.0,0.0,?,?,?,10000.0,51976.0,0.0,0.0,0.0,0.0,0.0,0.0,0.0,0.0,0.0,0.0,0.0,0.0,0.0,0.0,0.0,0.0,0.0,0.0,0.0,0.0,-1.0,-1.0,-1.0,-1.0,-1.0,-1.0,-1.0,-1.0,-1.0,-1.0,500.0,0.0,256.0,0.0,1.0,0.0,1.0,0.0,1.0,0.0,0.0,0.0,0.0,0.0,0.0,0.0,1.0,0.0
meta.AccuracyWeightedEnsemble -l (trees.HoeffdingTree -e 2000000 -g 100 -c 0.01) -n 10.0,ArffFileStream -f ./../../../Dataset/benchmarks/magic.arff,1,10500.0,1.03125,7.062464848988586E-9,10500.0,1.0,1.0,1.0,?,1.0,0.0,?,?,?,10500.0,54424.0,0.0,0.0,0.0,0.0,0.0,0.0,0.0,0.0,0.0,0.0,0.0,0.0,0.0,0.0,0.0,0.0,0.0,0.0,0.0,0.0,0.0,-1.0,-1.0,-1.0,-1.0,-1.0,-1.0,-1.0,-1.0,-1.0,500.0,0.0,256.0,0.0,1.0,0.0,1.0,0.0,1.0,0.0,0.0,0.0,0.0,0.0,0.0,0.0,1.0,0.0
meta.AccuracyWeightedEnsemble -l (trees.HoeffdingTree -e 2000000 -g 100 -c 0.01) -n 10.0,ArffFileStream -f ./../../../Dataset/benchmarks/magic.arff,1,11000.0,1.078125,7.751934592508609E-9,11000.0,1.0,1.0,1.0,?,1.0,0.0,?,?,?,11000.0,56856.0,0.0,0.0,0.0,0.0,0.0,0.0,0.0,0.0,0.0,0.0,0.0,0.0,0.0,0.0,0.0,0.0,0.0,0.0,0.0,0.0,0.0,0.0,-1.0,-1.0,-1.0,-1.0,-1.0,-1.0,-1.0,-1.0,500.0,0.0,256.0,0.0,1.0,0.0,1.0,0.0,1.0,0.0,0.0,0.0,0.0,0.0,0.0,0.0,1.0,0.0
meta.AccuracyWeightedEnsemble -l (trees.HoeffdingTree -e 2000000 -g 100 -c 0.01) -n 10.0,ArffFileStream -f ./../../../Dataset/benchmarks/magic.arff,1,11500.0,1.109375,8.231371692899202E-9,11500.0,1.0,1.0,1.0,?,1.0,0.0,?,?,?,11500.0,59304.0,0.0,0.0,0.0,0.0,0.0,0.0,0.0,0.0,0.0,0.0,0.0,0.0,0.0,0.0,0.0,0.0,0.0,0.0,0.0,0.0,0.0,0.0,0.0,-1.0,-1.0,-1.0,-1.0,-1.0,-1.0,-1.0,500.0,0.0,256.0,0.0,1.0,0.0,1.0,0.0,1.0,0.0,0.0,0.0,0.0,0.0,0.0,0.0,1.0,0.0
meta.AccuracyWeightedEnsemble -l (trees.HoeffdingTree -e 2000000 -g 100 -c 0.01) -n 10.0,ArffFileStream -f ./../../../Dataset/benchmarks/magic.arff,1,12000.0,1.15625,8.980019225014583E-9,12000.0,1.0,1.0,1.0,?,1.0,0.0,?,?,?,12000.0,61736.0,0.0,0.0,0.0,0.0,0.0,0.0,0.0,0.0,0.0,0.0,0.0,0.0,0.0,0.0,0.0,0.0,0.0,0.0,0.0,0.0,0.0,0.0,0.0,0.0,-1.0,-1.0,-1.0,-1.0,-1.0,-1.0,500.0,0.0,256.0,0.0,1.0,0.0,1.0,0.0,1.0,0.0,0.0,0.0,0.0,0.0,0.0,0.0,1.0,0.0
meta.AccuracyWeightedEnsemble -l (trees.HoeffdingTree -e 2000000 -g 100 -c 0.01) -n 10.0,ArffFileStream -f ./../../../Dataset/benchmarks/magic.arff,1,12500.0,1.234375,1.0277403311596979E-8,12500.0,0.5,0.0,0.664,0.0,1.0,0.5060240963855421,0.0,0.0,-23.999999999999982,12500.0,64192.0,0.1996032093024549,0.0,0.0,0.0,0.0,0.0,0.0,0.0,0.0,0.0,0.0,0.0,0.0,0.0,0.0,0.0,0.0,0.0,0.0,0.0,0.0,0.0,0.0,0.0,0.0,-1.0,-1.0,-1.0,-1.0,-1.0,500.0,0.0,256.8,2.5298221281347124,1.0,0.0,1.0,0.0,1.0,0.0,0.0,0.0,0.0,0.0,0.0,0.0,1.0,0.0
meta.AccuracyWeightedEnsemble -l (trees.HoeffdingTree -e 2000000 -g 100 -c 0.01) -n 10.0,ArffFileStream -f ./../../../Dataset/benchmarks/magic.arff,1,13000.0,1.359375,1.2432121568255957E-8,13000.0,1.0,1.0,0.404,0.0,0.5,1.7976931348623157E308,?,0.404,-29.99199999999993,13000.0,66632.0,0.0,0.0,0.0,0.0,0.0,0.0,0.0,0.0,0.0,0.0,0.0,0.0,0.0,0.0,0.0,0.0,0.0,0.0,0.0,0.0,0.0,0.0,0.0,0.0,0.0,0.0,-1.0,-1.0,-1.0,-1.0,500.0,0.0,257.6,3.373096170846263,1.0,0.0,1.0,0.0,1.0,0.0,0.0,0.0,0.0,0.0,0.0,0.0,1.0,0.0
meta.AccuracyWeightedEnsemble -l (trees.HoeffdingTree -e 2000000 -g 100 -c 0.01) -n 10.0,ArffFileStream -f ./../../../Dataset/benchmarks/magic.arff,1,13500.0,1.46875,1.4386993522445364E-8,13500.0,1.0,1.0,0.0,0.0,1.0,1.7976931348623157E308,?,0.0,-53.000000000000085,13500.0,69088.0,0.0,0.0,0.0,0.0,0.0,0.0,0.0,0.0,0.0,0.0,0.0,0.0,0.0,0.0,0.0,0.0,0.0,0.0,0.0,0.0,0.0,0.0,0.0,0.0,0.0,0.0,0.0,-1.0,-1.0,-1.0,500.0,0.0,258.40000000000003,3.8643671323171898,1.0,0.0,1.0,0.0,1.0,0.0,0.0,0.0,0.0,0.0,0.0,0.0,1.0,0.0
meta.AccuracyWeightedEnsemble -l (trees.HoeffdingTree -e 2000000 -g 100 -c 0.01) -n 10.0,ArffFileStream -f ./../../../Dataset/benchmarks/magic.arff,1,14000.0,1.515625,1.5254384682824217E-8,14000.0,1.0,1.0,0.0,0.0,1.0,1.7976931348623157E308,?,0.0,-54.99999999999985,14000.0,71528.0,0.0,0.0,0.0,0.0,0.0,0.0,0.0,0.0,0.0,0.0,0.0,0.0,0.0,0.0,0.0,0.0,0.0,0.0,0.0,0.0,0.0,0.0,0.0,0.0,0.0,0.0,0.0,0.0,-1.0,-1.0,500.0,0.0,259.2,4.131182235954568,1.0,0.0,1.0,0.0,1.0,0.0,0.0,0.0,0.0,0.0,0.0,0.0,1.0,0.0
meta.AccuracyWeightedEnsemble -l (trees.HoeffdingTree -e 2000000 -g 100 -c 0.01) -n 10.0,ArffFileStream -f ./../../../Dataset/benchmarks/magic.arff,1,14500.0,1.546875,1.5852500736299492E-8,14500.0,1.0,1.0,0.0,0.0,1.0,1.7976931348623157E308,?,0.0,-56.999999999999886,14500.0,73984.0,0.0,0.0,0.0,0.0,0.0,0.0,0.0,0.0,0.0,0.0,0.0,0.0,0.0,0.0,0.0,0.0,0.0,0.0,0.0,0.0,0.0,0.0,0.0,0.0,0.0,0.0,0.0,0.0,0.0,-1.0,500.0,0.0,260.0,4.216370213557845,1.0,0.0,1.0,0.0,1.0,0.0,0.0,0.0,0.0,0.0,0.0,0.0,1.0,0.0
meta.AccuracyWeightedEnsemble -l (trees.HoeffdingTree -e 2000000 -g 100 -c 0.01) -n 10.0,ArffFileStream -f ./../../../Dataset/benchmarks/magic.arff,1,15000.0,1.59375,1.6779263710810083E-8,15000.0,1.0,1.0,0.0,0.0,1.0,1.7976931348623157E308,?,0.0,-58.999999999999815,15000.0,76424.0,0.0,0.0,0.0,0.0,0.0,0.0,0.0,0.0,0.0,0.0,0.0,0.0,0.0,0.0,0.0,0.0,0.0,0.0,0.0,0.0,0.0,0.0,0.0,0.0,0.0,0.0,0.0,0.0,0.0,0.0,500.0,0.0,260.79999999999995,4.131182235954568,1.0,0.0,1.0,0.0,1.0,0.0,0.0,0.0,0.0,0.0,0.0,0.0,1.0,0.0
meta.AccuracyWeightedEnsemble -l (trees.HoeffdingTree -e 2000000 -g 100 -c 0.01) -n 10.0,ArffFileStream -f ./../../../Dataset/benchmarks/magic.arff,1,15500.0,1.625,1.7397105693817145E-8,15500.0,1.0,1.0,0.0,0.0,1.0,1.7976931348623157E308,?,0.0,-61.00000000000006,15500.0,76424.0,0.0,0.0,0.0,0.0,0.0,0.0,0.0,0.0,0.0,0.0,0.0,0.0,0.0,0.0,0.0,0.0,0.0,0.0,0.0,0.0,0.0,0.0,0.0,0.0,0.0,0.0,0.0,0.0,0.0,0.0,500.0,0.0,260.79999999999995,4.131182235954568,1.0,0.0,1.0,0.0,1.0,0.0,0.0,0.0,0.0,0.0,0.0,0.0,1.0,0.0
meta.AccuracyWeightedEnsemble -l (trees.HoeffdingTree -e 2000000 -g 100 -c 0.01) -n 10.0,ArffFileStream -f ./../../../Dataset/benchmarks/magic.arff,1,16000.0,1.671875,1.8323868668327736E-8,16000.0,1.0,1.0,0.0,0.0,1.0,1.7976931348623157E308,?,0.0,-63.0,16000.0,76424.0,0.0,0.0,0.0,0.0,0.0,0.0,0.0,0.0,0.0,0.0,0.0,0.0,0.0,0.0,0.0,0.0,0.0,0.0,0.0,0.0,0.0,0.0,0.0,0.0,0.0,0.0,0.0,0.0,0.0,0.0,500.0,0.0,260.79999999999995,4.131182235954568,1.0,0.0,1.0,0.0,1.0,0.0,0.0,0.0,0.0,0.0,0.0,0.0,1.0,0.0
meta.AccuracyWeightedEnsemble -l (trees.HoeffdingTree -e 2000000 -g 100 -c 0.01) -n 10.0,ArffFileStream -f ./../../../Dataset/benchmarks/magic.arff,1,16500.0,1.703125,1.8941710651334798E-8,16500.0,1.0,1.0,0.0,0.0,1.0,1.7976931348623157E308,?,0.0,-65.00000000000006,16500.0,76424.0,0.0,0.0,0.0,0.0,0.0,0.0,0.0,0.0,0.0,0.0,0.0,0.0,0.0,0.0,0.0,0.0,0.0,0.0,0.0,0.0,0.0,0.0,0.0,0.0,0.0,0.0,0.0,0.0,0.0,0.0,500.0,0.0,260.79999999999995,4.131182235954568,1.0,0.0,1.0,0.0,1.0,0.0,0.0,0.0,0.0,0.0,0.0,0.0,1.0,0.0
meta.AccuracyWeightedEnsemble -l (trees.HoeffdingTree -e 2000000 -g 100 -c 0.01) -n 10.0,ArffFileStream -f ./../../../Dataset/benchmarks/magic.arff,1,17000.0,1.75,1.986847362584539E-8,17000.0,1.0,1.0,0.0,0.0,1.0,1.7976931348623157E308,?,0.0,-67.00000000000024,17000.0,76424.0,0.0,0.0,0.0,0.0,0.0,0.0,0.0,0.0,0.0,0.0,0.0,0.0,0.0,0.0,0.0,0.0,0.0,0.0,0.0,0.0,0.0,0.0,0.0,0.0,0.0,0.0,0.0,0.0,0.0,0.0,500.0,0.0,260.79999999999995,4.131182235954568,1.0,0.0,1.0,0.0,1.0,0.0,0.0,0.0,0.0,0.0,0.0,0.0,1.0,0.0
meta.AccuracyWeightedEnsemble -l (trees.HoeffdingTree -e 2000000 -g 100 -c 0.01) -n 10.0,ArffFileStream -f ./../../../Dataset/benchmarks/magic.arff,1,17500.0,1.765625,2.0177394617348918E-8,17500.0,1.0,1.0,0.0,0.0,1.0,1.7976931348623157E308,?,0.0,-69.00000000000026,17500.0,76424.0,0.0,0.0,0.0,0.0,0.0,0.0,0.0,0.0,0.0,0.0,0.0,0.0,0.0,0.0,0.0,0.0,0.0,0.0,0.0,0.0,0.0,0.0,0.0,0.0,0.0,0.0,0.0,0.0,0.0,0.0,500.0,0.0,260.79999999999995,4.131182235954568,1.0,0.0,1.0,0.0,1.0,0.0,0.0,0.0,0.0,0.0,0.0,0.0,1.0,0.0
meta.AccuracyWeightedEnsemble -l (trees.HoeffdingTree -e 2000000 -g 100 -c 0.01) -n 10.0,ArffFileStream -f ./../../../Dataset/benchmarks/magic.arff,1,18000.0,1.8125,2.110415759185951E-8,18000.0,1.0,1.0,0.0,0.0,1.0,1.7976931348623157E308,?,0.0,-71.00000000000026,18000.0,76424.0,0.0,0.0,0.0,0.0,0.0,0.0,0.0,0.0,0.0,0.0,0.0,0.0,0.0,0.0,0.0,0.0,0.0,0.0,0.0,0.0,0.0,0.0,0.0,0.0,0.0,0.0,0.0,0.0,0.0,0.0,500.0,0.0,260.79999999999995,4.131182235954568,1.0,0.0,1.0,0.0,1.0,0.0,0.0,0.0,0.0,0.0,0.0,0.0,1.0,0.0
meta.AccuracyWeightedEnsemble -l (trees.HoeffdingTree -e 2000000 -g 100 -c 0.01) -n 10.0,ArffFileStream -f ./../../../Dataset/benchmarks/magic.arff,1,18500.0,1.84375,2.1721999574866568E-8,18500.0,1.0,1.0,0.0,0.0,1.0,1.7976931348623157E308,?,0.0,-73.00000000000014,18500.0,76424.0,0.0,0.0,0.0,0.0,0.0,0.0,0.0,0.0,0.0,0.0,0.0,0.0,0.0,0.0,0.0,0.0,0.0,0.0,0.0,0.0,0.0,0.0,0.0,0.0,0.0,0.0,0.0,0.0,0.0,0.0,500.0,0.0,260.79999999999995,4.131182235954568,1.0,0.0,1.0,0.0,1.0,0.0,0.0,0.0,0.0,0.0,0.0,0.0,1.0,0.0
meta.AccuracyWeightedEnsemble -l (trees.HoeffdingTree -e 2000000 -g 100 -c 0.01) -n 10.0,ArffFileStream -f ./../../../Dataset/benchmarks/magic.arff,1,19000.0,1.875,2.2339841557873626E-8,19000.0,1.0,1.0,0.0,0.0,1.0,1.7976931348623157E308,?,0.0,-74.99999999999976,19000.0,76424.0,0.0,0.0,0.0,0.0,0.0,0.0,0.0,0.0,0.0,0.0,0.0,0.0,0.0,0.0,0.0,0.0,0.0,0.0,0.0,0.0,0.0,0.0,0.0,0.0,0.0,0.0,0.0,0.0,0.0,0.0,500.0,0.0,260.79999999999995,4.131182235954568,1.0,0.0,1.0,0.0,1.0,0.0,0.0,0.0,0.0,0.0,0.0,0.0,1.0,0.0
meta.AccuracyWeightedEnsemble -l (trees.HoeffdingTree -e 2000000 -g 100 -c 0.01) -n 10.0,ArffFileStream -f ./../../../Dataset/benchmarks/magic.arff,1,19020.0,1.90625,2.296039989838998E-8,19020.0,1.0,1.0,0.0,0.0,1.0,1.7976931348623157E308,?,0.0,-75.07999999999983,19020.0,76760.0,0.0,0.0,0.0,0.0,0.0,0.0,0.0,0.0,0.0,0.0,0.0,0.0,0.0,0.0,0.0,0.0,0.0,0.0,0.0,0.0,0.0,0.0,0.0,0.0,0.0,0.0,0.0,0.0,0.0,0.0,500.0,0.0,260.79999999999995,4.131182235954568,1.0,0.0,1.0,0.0,1.0,0.0,0.0,0.0,0.0,0.0,0.0,0.0,1.0,0.0
