Learner,stream,randomSeed,learning evaluation instances,evaluation time (cpu seconds),model cost (RAM-Hours),classified instances,AUC,sAUC,Accuracy,Kappa,Periodical holdout AUC,Pos/Neg ratio,G-Mean,Recall,KappaM,model training instances,model serialized size (bytes)
meta.imbalanced.OnlineAdaBoost -l (trees.HoeffdingTree -e 2000000 -g 100 -c 0.01),ArffFileStream -f ./../../../Dataset/benchmarks/magic.arff,1,500.0,0.09375,7.237152506907781E-11,500.0,1.0,1.0,1.0,?,0.0,0.0,?,?,?,500.0,2984.0
meta.imbalanced.OnlineAdaBoost -l (trees.HoeffdingTree -e 2000000 -g 100 -c 0.01),ArffFileStream -f ./../../../Dataset/benchmarks/magic.arff,1,1000.0,0.140625,1.0855728760361673E-10,1000.0,1.0,1.0,1.0,?,1.0,0.0,?,?,?,1000.0,2984.0
meta.imbalanced.OnlineAdaBoost -l (trees.HoeffdingTree -e 2000000 -g 100 -c 0.01),ArffFileStream -f ./../../../Dataset/benchmarks/magic.arff,1,1500.0,0.171875,1.3268112929330933E-10,1500.0,1.0,1.0,1.0,?,1.0,0.0,?,?,?,1500.0,2984.0
meta.imbalanced.OnlineAdaBoost -l (trees.HoeffdingTree -e 2000000 -g 100 -c 0.01),ArffFileStream -f ./../../../Dataset/benchmarks/magic.arff,1,2000.0,0.1875,1.4474305013815563E-10,2000.0,1.0,1.0,1.0,?,1.0,0.0,?,?,?,2000.0,2984.0
meta.imbalanced.OnlineAdaBoost -l (trees.HoeffdingTree -e 2000000 -g 100 -c 0.01),ArffFileStream -f ./../../../Dataset/benchmarks/magic.arff,1,2500.0,0.21875,1.6886689182784823E-10,2500.0,1.0,1.0,1.0,?,1.0,0.0,?,?,?,2500.0,2984.0
meta.imbalanced.OnlineAdaBoost -l (trees.HoeffdingTree -e 2000000 -g 100 -c 0.01),ArffFileStream -f ./../../../Dataset/benchmarks/magic.arff,1,3000.0,0.234375,1.8092881267269453E-10,3000.0,1.0,1.0,1.0,?,1.0,0.0,?,?,?,3000.0,2984.0
meta.imbalanced.OnlineAdaBoost -l (trees.HoeffdingTree -e 2000000 -g 100 -c 0.01),ArffFileStream -f ./../../../Dataset/benchmarks/magic.arff,1,3500.0,0.265625,2.0505265436238713E-10,3500.0,1.0,1.0,1.0,?,1.0,0.0,?,?,?,3500.0,2984.0
meta.imbalanced.OnlineAdaBoost -l (trees.HoeffdingTree -e 2000000 -g 100 -c 0.01),ArffFileStream -f ./../../../Dataset/benchmarks/magic.arff,1,4000.0,0.28125,2.1711457520723343E-10,4000.0,1.0,1.0,1.0,?,1.0,0.0,?,?,?,4000.0,2984.0
meta.imbalanced.OnlineAdaBoost -l (trees.HoeffdingTree -e 2000000 -g 100 -c 0.01),ArffFileStream -f ./../../../Dataset/benchmarks/magic.arff,1,4500.0,0.296875,2.2917649605207973E-10,4500.0,1.0,1.0,1.0,?,1.0,0.0,?,?,?,4500.0,2984.0
meta.imbalanced.OnlineAdaBoost -l (trees.HoeffdingTree -e 2000000 -g 100 -c 0.01),ArffFileStream -f ./../../../Dataset/benchmarks/magic.arff,1,5000.0,0.328125,2.5330033774177233E-10,5000.0,1.0,1.0,1.0,?,1.0,0.0,?,?,?,5000.0,2984.0
meta.imbalanced.OnlineAdaBoost -l (trees.HoeffdingTree -e 2000000 -g 100 -c 0.01),ArffFileStream -f ./../../../Dataset/benchmarks/magic.arff,1,5500.0,0.359375,2.7742417943146493E-10,5500.0,1.0,1.0,1.0,?,1.0,0.0,?,?,?,5500.0,2984.0
meta.imbalanced.OnlineAdaBoost -l (trees.HoeffdingTree -e 2000000 -g 100 -c 0.01),ArffFileStream -f ./../../../Dataset/benchmarks/magic.arff,1,6000.0,0.375,2.8948610027631125E-10,6000.0,1.0,1.0,1.0,?,1.0,0.0,?,?,?,6000.0,2984.0
meta.imbalanced.OnlineAdaBoost -l (trees.HoeffdingTree -e 2000000 -g 100 -c 0.01),ArffFileStream -f ./../../../Dataset/benchmarks/magic.arff,1,6500.0,0.40625,3.1360994196600385E-10,6500.0,1.0,1.0,1.0,?,1.0,0.0,?,?,?,6500.0,2984.0
meta.imbalanced.OnlineAdaBoost -l (trees.HoeffdingTree -e 2000000 -g 100 -c 0.01),ArffFileStream -f ./../../../Dataset/benchmarks/magic.arff,1,7000.0,0.4375,3.3773378365569645E-10,7000.0,1.0,1.0,1.0,?,1.0,0.0,?,?,?,7000.0,2984.0
meta.imbalanced.OnlineAdaBoost -l (trees.HoeffdingTree -e 2000000 -g 100 -c 0.01),ArffFileStream -f ./../../../Dataset/benchmarks/magic.arff,1,7500.0,0.453125,3.497957045005428E-10,7500.0,1.0,1.0,1.0,?,1.0,0.0,?,?,?,7500.0,2984.0
meta.imbalanced.OnlineAdaBoost -l (trees.HoeffdingTree -e 2000000 -g 100 -c 0.01),ArffFileStream -f ./../../../Dataset/benchmarks/magic.arff,1,8000.0,0.46875,3.618576253453891E-10,8000.0,1.0,1.0,1.0,?,1.0,0.0,?,?,?,8000.0,2984.0
meta.imbalanced.OnlineAdaBoost -l (trees.HoeffdingTree -e 2000000 -g 100 -c 0.01),ArffFileStream -f ./../../../Dataset/benchmarks/magic.arff,1,8500.0,0.5,3.859814670350817E-10,8500.0,1.0,1.0,1.0,?,1.0,0.0,?,?,?,8500.0,2984.0
meta.imbalanced.OnlineAdaBoost -l (trees.HoeffdingTree -e 2000000 -g 100 -c 0.01),ArffFileStream -f ./../../../Dataset/benchmarks/magic.arff,1,9000.0,0.53125,4.101053087247743E-10,9000.0,1.0,1.0,1.0,?,1.0,0.0,?,?,?,9000.0,2984.0
meta.imbalanced.OnlineAdaBoost -l (trees.HoeffdingTree -e 2000000 -g 100 -c 0.01),ArffFileStream -f ./../../../Dataset/benchmarks/magic.arff,1,9500.0,0.546875,4.2216722956962063E-10,9500.0,1.0,1.0,1.0,?,1.0,0.0,?,?,?,9500.0,2984.0
meta.imbalanced.OnlineAdaBoost -l (trees.HoeffdingTree -e 2000000 -g 100 -c 0.01),ArffFileStream -f ./../../../Dataset/benchmarks/magic.arff,1,10000.0,0.578125,4.4629107125931323E-10,10000.0,1.0,1.0,1.0,?,1.0,0.0,?,?,?,10000.0,2984.0
meta.imbalanced.OnlineAdaBoost -l (trees.HoeffdingTree -e 2000000 -g 100 -c 0.01),ArffFileStream -f ./../../../Dataset/benchmarks/magic.arff,1,10500.0,0.59375,4.5835299210415956E-10,10500.0,1.0,1.0,1.0,?,1.0,0.0,?,?,?,10500.0,2984.0
meta.imbalanced.OnlineAdaBoost -l (trees.HoeffdingTree -e 2000000 -g 100 -c 0.01),ArffFileStream -f ./../../../Dataset/benchmarks/magic.arff,1,11000.0,0.625,4.824768337938522E-10,11000.0,1.0,1.0,1.0,?,1.0,0.0,?,?,?,11000.0,2984.0
meta.imbalanced.OnlineAdaBoost -l (trees.HoeffdingTree -e 2000000 -g 100 -c 0.01),ArffFileStream -f ./../../../Dataset/benchmarks/magic.arff,1,11500.0,0.640625,4.945387546386985E-10,11500.0,1.0,1.0,1.0,?,1.0,0.0,?,?,?,11500.0,2984.0
meta.imbalanced.OnlineAdaBoost -l (trees.HoeffdingTree -e 2000000 -g 100 -c 0.01),ArffFileStream -f ./../../../Dataset/benchmarks/magic.arff,1,12000.0,0.671875,5.186625963283912E-10,12000.0,1.0,1.0,1.0,?,1.0,0.0,?,?,?,12000.0,2984.0
meta.imbalanced.OnlineAdaBoost -l (trees.HoeffdingTree -e 2000000 -g 100 -c 0.01),ArffFileStream -f ./../../../Dataset/benchmarks/magic.arff,1,12500.0,1.953125,1.5077401056057882E-9,12500.0,0.5029761904761905,0.0029765299093190063,0.666,0.00788935887077608,1.0,0.5060240963855421,0.07715167498104596,0.005952380952380952,-23.85119047619046,12500.0,2984.0
meta.imbalanced.OnlineAdaBoost -l (trees.HoeffdingTree -e 2000000 -g 100 -c 0.01),ArffFileStream -f ./../../../Dataset/benchmarks/magic.arff,1,13000.0,2.015625,1.5559877889851735E-9,13000.0,1.0,1.0,0.0,0.0,0.5029761904761905,1.7976931348623157E308,?,0.0,-50.999999999999886,13000.0,2984.0
meta.imbalanced.OnlineAdaBoost -l (trees.HoeffdingTree -e 2000000 -g 100 -c 0.01),ArffFileStream -f ./../../../Dataset/benchmarks/magic.arff,1,13500.0,2.046875,1.5801116306748661E-9,13500.0,1.0,1.0,0.0,0.0,1.0,1.7976931348623157E308,?,0.0,-53.000000000000085,13500.0,2984.0
meta.imbalanced.OnlineAdaBoost -l (trees.HoeffdingTree -e 2000000 -g 100 -c 0.01),ArffFileStream -f ./../../../Dataset/benchmarks/magic.arff,1,14000.0,2.0625,1.5921735515197123E-9,14000.0,1.0,1.0,0.0,0.0,1.0,1.7976931348623157E308,?,0.0,-54.99999999999985,14000.0,2984.0
meta.imbalanced.OnlineAdaBoost -l (trees.HoeffdingTree -e 2000000 -g 100 -c 0.01),ArffFileStream -f ./../../../Dataset/benchmarks/magic.arff,1,14500.0,2.09375,1.616297393209405E-9,14500.0,1.0,1.0,0.0,0.0,1.0,1.7976931348623157E308,?,0.0,-56.999999999999886,14500.0,2984.0
meta.imbalanced.OnlineAdaBoost -l (trees.HoeffdingTree -e 2000000 -g 100 -c 0.01),ArffFileStream -f ./../../../Dataset/benchmarks/magic.arff,1,15000.0,2.109375,1.6283593140542512E-9,15000.0,1.0,1.0,0.0,0.0,1.0,1.7976931348623157E308,?,0.0,-58.999999999999815,15000.0,2984.0
meta.imbalanced.OnlineAdaBoost -l (trees.HoeffdingTree -e 2000000 -g 100 -c 0.01),ArffFileStream -f ./../../../Dataset/benchmarks/magic.arff,1,15500.0,2.125,1.6404212348990974E-9,15500.0,1.0,1.0,0.0,0.0,1.0,1.7976931348623157E308,?,0.0,-61.00000000000006,15500.0,2984.0
meta.imbalanced.OnlineAdaBoost -l (trees.HoeffdingTree -e 2000000 -g 100 -c 0.01),ArffFileStream -f ./../../../Dataset/benchmarks/magic.arff,1,16000.0,2.140625,1.6524831557439437E-9,16000.0,1.0,1.0,0.0,0.0,1.0,1.7976931348623157E308,?,0.0,-63.0,16000.0,2984.0
meta.imbalanced.OnlineAdaBoost -l (trees.HoeffdingTree -e 2000000 -g 100 -c 0.01),ArffFileStream -f ./../../../Dataset/benchmarks/magic.arff,1,16500.0,2.15625,1.6645450765887899E-9,16500.0,1.0,1.0,0.0,0.0,1.0,1.7976931348623157E308,?,0.0,-65.00000000000006,16500.0,2984.0
meta.imbalanced.OnlineAdaBoost -l (trees.HoeffdingTree -e 2000000 -g 100 -c 0.01),ArffFileStream -f ./../../../Dataset/benchmarks/magic.arff,1,17000.0,2.171875,1.6766069974336361E-9,17000.0,1.0,1.0,0.0,0.0,1.0,1.7976931348623157E308,?,0.0,-67.00000000000024,17000.0,2984.0
meta.imbalanced.OnlineAdaBoost -l (trees.HoeffdingTree -e 2000000 -g 100 -c 0.01),ArffFileStream -f ./../../../Dataset/benchmarks/magic.arff,1,17500.0,2.171875,1.6766069974336361E-9,17500.0,1.0,1.0,0.0,0.0,1.0,1.7976931348623157E308,?,0.0,-69.00000000000026,17500.0,2984.0
meta.imbalanced.OnlineAdaBoost -l (trees.HoeffdingTree -e 2000000 -g 100 -c 0.01),ArffFileStream -f ./../../../Dataset/benchmarks/magic.arff,1,18000.0,2.1875,1.6886689182784823E-9,18000.0,1.0,1.0,0.0,0.0,1.0,1.7976931348623157E308,?,0.0,-71.00000000000026,18000.0,2984.0
meta.imbalanced.OnlineAdaBoost -l (trees.HoeffdingTree -e 2000000 -g 100 -c 0.01),ArffFileStream -f ./../../../Dataset/benchmarks/magic.arff,1,18500.0,2.203125,1.7007308391233285E-9,18500.0,1.0,1.0,0.0,0.0,1.0,1.7976931348623157E308,?,0.0,-73.00000000000014,18500.0,2984.0
meta.imbalanced.OnlineAdaBoost -l (trees.HoeffdingTree -e 2000000 -g 100 -c 0.01),ArffFileStream -f ./../../../Dataset/benchmarks/magic.arff,1,19000.0,2.203125,1.7007308391233285E-9,19000.0,1.0,1.0,0.0,0.0,1.0,1.7976931348623157E308,?,0.0,-74.99999999999976,19000.0,2984.0
meta.imbalanced.OnlineAdaBoost -l (trees.HoeffdingTree -e 2000000 -g 100 -c 0.01),ArffFileStream -f ./../../../Dataset/benchmarks/magic.arff,1,19020.0,2.203125,1.7007308391233285E-9,19020.0,1.0,1.0,0.0,0.0,1.0,1.7976931348623157E308,?,0.0,-75.07999999999983,19020.0,2984.0
