Learner,stream,randomSeed,learning evaluation instances,evaluation time (cpu seconds),model cost (RAM-Hours),classified instances,AUC,sAUC,Accuracy,Kappa,Periodical holdout AUC,Pos/Neg ratio,G-Mean,Recall,KappaM,model training instances,model serialized size (bytes),[avg] model training instances,[err] model training instances,[avg] model serialized size (bytes),[err] model serialized size (bytes),[avg] tree size (nodes),[err] tree size (nodes),[avg] tree size (leaves),[err] tree size (leaves),[avg] active learning leaves,[err] active learning leaves,[avg] tree depth,[err] tree depth,[avg] active leaf byte size estimate,[err] active leaf byte size estimate,[avg] inactive leaf byte size estimate,[err] inactive leaf byte size estimate,[avg] byte size estimate overhead,[err] byte size estimate overhead
meta.OnlineAccuracyUpdatedEnsemble,ArffFileStream -f ./../../../Dataset/benchmarks/magic.arff,1,500.0,0.046875,2.159504219889641E-10,500.0,1.0,1.0,1.0,?,0.0,0.0,?,?,?,500.0,17808.0,0.0,0.0,0.0,0.0,0.0,0.0,0.0,0.0,0.0,0.0,0.0,0.0,0.0,0.0,0.0,0.0,0.0,0.0
meta.OnlineAccuracyUpdatedEnsemble,ArffFileStream -f ./../../../Dataset/benchmarks/magic.arff,1,1000.0,0.09375,5.105781989792984E-10,1000.0,1.0,1.0,1.0,?,1.0,0.0,?,?,?,1000.0,24296.0,750.0,353.5533905932738,256.0,0.0,1.0,0.0,1.0,0.0,1.0,0.0,0.0,0.0,0.0,0.0,0.0,0.0,1.0,0.0
meta.OnlineAccuracyUpdatedEnsemble,ArffFileStream -f ./../../../Dataset/benchmarks/magic.arff,1,1500.0,0.125,7.595776373313534E-10,1500.0,1.0,1.0,1.0,?,1.0,0.0,?,?,?,1500.0,30800.0,1000.0,500.0,256.0,0.0,1.0,0.0,1.0,0.0,1.0,0.0,0.0,0.0,0.0,0.0,0.0,0.0,1.0,0.0
meta.OnlineAccuracyUpdatedEnsemble,ArffFileStream -f ./../../../Dataset/benchmarks/magic.arff,1,2000.0,0.140625,9.103031415078376E-10,2000.0,1.0,1.0,1.0,?,1.0,0.0,?,?,?,2000.0,37288.0,1250.0,645.4972243679028,256.0,0.0,1.0,0.0,1.0,0.0,1.0,0.0,0.0,0.0,0.0,0.0,0.0,0.0,1.0,0.0
meta.OnlineAccuracyUpdatedEnsemble,ArffFileStream -f ./../../../Dataset/benchmarks/magic.arff,1,2500.0,0.171875,1.264335070219305E-9,2500.0,1.0,1.0,1.0,?,1.0,0.0,?,?,?,2500.0,43792.0,1500.0,790.5694150420949,256.0,0.0,1.0,0.0,1.0,0.0,1.0,0.0,0.0,0.0,0.0,0.0,0.0,0.0,1.0,0.0
meta.OnlineAccuracyUpdatedEnsemble,ArffFileStream -f ./../../../Dataset/benchmarks/magic.arff,1,3000.0,0.1875,1.4675768195754954E-9,3000.0,1.0,1.0,1.0,?,1.0,0.0,?,?,?,3000.0,50280.0,1750.0,935.4143466934853,256.0,0.0,1.0,0.0,1.0,0.0,1.0,0.0,0.0,0.0,0.0,0.0,0.0,0.0,1.0,0.0
meta.OnlineAccuracyUpdatedEnsemble,ArffFileStream -f ./../../../Dataset/benchmarks/magic.arff,1,3500.0,0.203125,1.6971090291109353E-9,3500.0,1.0,1.0,1.0,?,1.0,0.0,?,?,?,3500.0,56784.0,2000.0,1080.1234497346434,256.0,0.0,1.0,0.0,1.0,0.0,1.0,0.0,0.0,0.0,0.0,0.0,0.0,0.0,1.0,0.0
meta.OnlineAccuracyUpdatedEnsemble,ArffFileStream -f ./../../../Dataset/benchmarks/magic.arff,1,4000.0,0.234375,2.2086250181827282E-9,4000.0,1.0,1.0,1.0,?,1.0,0.0,?,?,?,4000.0,63272.0,2250.0,1224.744871391589,256.0,0.0,1.0,0.0,1.0,0.0,1.0,0.0,0.0,0.0,0.0,0.0,0.0,0.0,1.0,0.0
meta.OnlineAccuracyUpdatedEnsemble,ArffFileStream -f ./../../../Dataset/benchmarks/magic.arff,1,4500.0,0.265625,2.7727219276130202E-9,4500.0,1.0,1.0,1.0,?,1.0,0.0,?,?,?,4500.0,69776.0,2500.0,1369.3063937629154,256.0,0.0,1.0,0.0,1.0,0.0,1.0,0.0,0.0,0.0,0.0,0.0,0.0,0.0,1.0,0.0
meta.OnlineAccuracyUpdatedEnsemble,ArffFileStream -f ./../../../Dataset/benchmarks/magic.arff,1,5000.0,0.296875,3.3892704070442254E-9,5000.0,1.0,1.0,1.0,?,1.0,0.0,?,?,?,5000.0,76264.0,2750.0,1513.8251770487457,256.0,0.0,1.0,0.0,1.0,0.0,1.0,0.0,0.0,0.0,0.0,0.0,0.0,0.0,1.0,0.0
meta.OnlineAccuracyUpdatedEnsemble,ArffFileStream -f ./../../../Dataset/benchmarks/magic.arff,1,5500.0,0.328125,4.0058188864754305E-9,5500.0,1.0,1.0,1.0,?,1.0,0.0,?,?,?,5500.0,76264.0,3250.0,1513.8251770487457,256.0,0.0,1.0,0.0,1.0,0.0,1.0,0.0,0.0,0.0,0.0,0.0,0.0,0.0,1.0,0.0
meta.OnlineAccuracyUpdatedEnsemble,ArffFileStream -f ./../../../Dataset/benchmarks/magic.arff,1,6000.0,0.359375,4.622367365906636E-9,6000.0,1.0,1.0,1.0,?,1.0,0.0,?,?,?,6000.0,76264.0,3750.0,1513.8251770487457,256.0,0.0,1.0,0.0,1.0,0.0,1.0,0.0,0.0,0.0,0.0,0.0,0.0,0.0,1.0,0.0
meta.OnlineAccuracyUpdatedEnsemble,ArffFileStream -f ./../../../Dataset/benchmarks/magic.arff,1,6500.0,0.390625,5.238915845337841E-9,6500.0,1.0,1.0,1.0,?,1.0,0.0,?,?,?,6500.0,76264.0,4250.0,1513.8251770487457,256.0,0.0,1.0,0.0,1.0,0.0,1.0,0.0,0.0,0.0,0.0,0.0,0.0,0.0,1.0,0.0
meta.OnlineAccuracyUpdatedEnsemble,ArffFileStream -f ./../../../Dataset/benchmarks/magic.arff,1,7000.0,0.421875,5.855464324769046E-9,7000.0,1.0,1.0,1.0,?,1.0,0.0,?,?,?,7000.0,76264.0,4750.0,1513.8251770487457,256.0,0.0,1.0,0.0,1.0,0.0,1.0,0.0,0.0,0.0,0.0,0.0,0.0,0.0,1.0,0.0
meta.OnlineAccuracyUpdatedEnsemble,ArffFileStream -f ./../../../Dataset/benchmarks/magic.arff,1,7500.0,0.453125,6.472012804200251E-9,7500.0,1.0,1.0,1.0,?,1.0,0.0,?,?,?,7500.0,76264.0,5250.0,1513.8251770487457,256.0,0.0,1.0,0.0,1.0,0.0,1.0,0.0,0.0,0.0,0.0,0.0,0.0,0.0,1.0,0.0
meta.OnlineAccuracyUpdatedEnsemble,ArffFileStream -f ./../../../Dataset/benchmarks/magic.arff,1,8000.0,0.484375,7.088561283631456E-9,8000.0,1.0,1.0,1.0,?,1.0,0.0,?,?,?,8000.0,76264.0,5750.0,1513.8251770487457,256.0,0.0,1.0,0.0,1.0,0.0,1.0,0.0,0.0,0.0,0.0,0.0,0.0,0.0,1.0,0.0
meta.OnlineAccuracyUpdatedEnsemble,ArffFileStream -f ./../../../Dataset/benchmarks/magic.arff,1,8500.0,0.5,7.396835523347059E-9,8500.0,1.0,1.0,1.0,?,1.0,0.0,?,?,?,8500.0,76264.0,6250.0,1513.8251770487457,256.0,0.0,1.0,0.0,1.0,0.0,1.0,0.0,0.0,0.0,0.0,0.0,0.0,0.0,1.0,0.0
meta.OnlineAccuracyUpdatedEnsemble,ArffFileStream -f ./../../../Dataset/benchmarks/magic.arff,1,9000.0,0.515625,7.705109763062662E-9,9000.0,1.0,1.0,1.0,?,1.0,0.0,?,?,?,9000.0,76264.0,6750.0,1513.8251770487457,256.0,0.0,1.0,0.0,1.0,0.0,1.0,0.0,0.0,0.0,0.0,0.0,0.0,0.0,1.0,0.0
meta.OnlineAccuracyUpdatedEnsemble,ArffFileStream -f ./../../../Dataset/benchmarks/magic.arff,1,9500.0,0.546875,8.321658242493868E-9,9500.0,1.0,1.0,1.0,?,1.0,0.0,?,?,?,9500.0,76264.0,7250.0,1513.8251770487457,256.0,0.0,1.0,0.0,1.0,0.0,1.0,0.0,0.0,0.0,0.0,0.0,0.0,0.0,1.0,0.0
meta.OnlineAccuracyUpdatedEnsemble,ArffFileStream -f ./../../../Dataset/benchmarks/magic.arff,1,10000.0,0.5625,8.629932482209471E-9,10000.0,1.0,1.0,1.0,?,1.0,0.0,?,?,?,10000.0,76264.0,7750.0,1513.8251770487457,256.0,0.0,1.0,0.0,1.0,0.0,1.0,0.0,0.0,0.0,0.0,0.0,0.0,0.0,1.0,0.0
meta.OnlineAccuracyUpdatedEnsemble,ArffFileStream -f ./../../../Dataset/benchmarks/magic.arff,1,10500.0,0.578125,8.938206721925074E-9,10500.0,1.0,1.0,1.0,?,1.0,0.0,?,?,?,10500.0,76264.0,8250.0,1513.8251770487457,256.0,0.0,1.0,0.0,1.0,0.0,1.0,0.0,0.0,0.0,0.0,0.0,0.0,0.0,1.0,0.0
meta.OnlineAccuracyUpdatedEnsemble,ArffFileStream -f ./../../../Dataset/benchmarks/magic.arff,1,11000.0,0.59375,9.246480961640677E-9,11000.0,1.0,1.0,1.0,?,1.0,0.0,?,?,?,11000.0,76264.0,8750.0,1513.8251770487457,256.0,0.0,1.0,0.0,1.0,0.0,1.0,0.0,0.0,0.0,0.0,0.0,0.0,0.0,1.0,0.0
meta.OnlineAccuracyUpdatedEnsemble,ArffFileStream -f ./../../../Dataset/benchmarks/magic.arff,1,11500.0,0.59375,9.246480961640677E-9,11500.0,1.0,1.0,1.0,?,1.0,0.0,?,?,?,11500.0,76264.0,9250.0,1513.8251770487457,256.0,0.0,1.0,0.0,1.0,0.0,1.0,0.0,0.0,0.0,0.0,0.0,0.0,0.0,1.0,0.0
meta.OnlineAccuracyUpdatedEnsemble,ArffFileStream -f ./../../../Dataset/benchmarks/magic.arff,1,12000.0,0.609375,9.55475520135628E-9,12000.0,1.0,1.0,1.0,?,1.0,0.0,?,?,?,12000.0,76264.0,9750.0,1513.8251770487457,256.0,0.0,1.0,0.0,1.0,0.0,1.0,0.0,0.0,0.0,0.0,0.0,0.0,0.0,1.0,0.0
meta.OnlineAccuracyUpdatedEnsemble,ArffFileStream -f ./../../../Dataset/benchmarks/magic.arff,1,12500.0,0.65625,1.048142116309868E-8,12500.0,0.9851190476190477,0.707554763301085,0.902,0.7633216121179335,1.0,0.5060240963855421,0.8416254115301732,0.7083333333333334,-6.291666666666661,12500.0,76416.0,9050.0,3269.8114114833393,487.2,78.42448597217582,2.8,0.6324555320336759,1.9,0.31622776601683794,1.9,0.31622776601683794,0.8999999999999999,0.31622776601683794,0.0,0.0,0.0,0.0,1.0,0.0
meta.OnlineAccuracyUpdatedEnsemble,ArffFileStream -f ./../../../Dataset/benchmarks/magic.arff,1,13000.0,0.71875,1.1716975778755215E-8,13000.0,1.0,1.0,1.0,?,0.9851190476190477,1.7976931348623157E308,?,1.0,1.0,13000.0,76416.0,9500.0,3415.6502553198657,710.4,156.84897194435163,4.6,1.2649110640673518,2.8,0.6324555320336759,2.8,0.6324555320336759,1.7999999999999998,0.6324555320336759,0.0,0.0,0.0,0.0,1.0,0.0
meta.OnlineAccuracyUpdatedEnsemble,ArffFileStream -f ./../../../Dataset/benchmarks/magic.arff,1,13500.0,0.75,1.2334688411404689E-8,13500.0,1.0,1.0,0.0,0.0,1.0,1.7976931348623157E308,?,0.0,-53.000000000000085,13500.0,76408.0,9150.0,4558.569463719464,660.8000000000001,209.13196259246885,4.2,1.6865480854231356,2.6,0.8432740427115678,2.6,0.8432740427115678,1.5999999999999999,0.8432740427115678,0.0,0.0,0.0,0.0,1.0,0.0
meta.OnlineAccuracyUpdatedEnsemble,ArffFileStream -f ./../../../Dataset/benchmarks/magic.arff,1,14000.0,0.765625,1.264351239014003E-8,14000.0,1.0,1.0,0.0,0.0,1.0,1.7976931348623157E308,?,0.0,-54.99999999999985,14000.0,76400.0,8600.0,5353.088412828201,611.2,239.5907622036654,3.8,1.9321835661585918,2.4,0.9660917830792959,2.4,0.9660917830792959,1.4,0.9660917830792959,0.0,0.0,0.0,0.0,1.0,0.0
meta.OnlineAccuracyUpdatedEnsemble,ArffFileStream -f ./../../../Dataset/benchmarks/magic.arff,1,14500.0,0.796875,1.3261095672431918E-8,14500.0,1.0,1.0,0.0,0.0,1.0,1.7976931348623157E308,?,0.0,-56.999999999999886,14500.0,76392.0,7949.999999999999,5871.068424438983,611.2,313.6979438887032,3.8000000000000003,2.5298221281347035,2.4,1.2649110640673518,2.4,1.2649110640673518,1.2000000000000002,1.0327955589886444,0.0,0.0,0.0,0.0,1.0,0.0
meta.OnlineAccuracyUpdatedEnsemble,ArffFileStream -f ./../../../Dataset/benchmarks/magic.arff,1,15000.0,0.828125,1.3878614279545014E-8,15000.0,1.0,1.0,0.0,0.0,1.0,1.7976931348623157E308,?,0.0,-58.999999999999815,15000.0,76384.0,7349.999999999999,6254.109759900995,536.8,296.91031193499043,3.2,2.3944379994757297,2.1,1.1972189997378648,2.1,1.1972189997378648,1.0000000000000002,1.0540925533894598,0.0,0.0,0.0,0.0,1.0,0.0
meta.OnlineAccuracyUpdatedEnsemble,ArffFileStream -f ./../../../Dataset/benchmarks/magic.arff,1,15500.0,0.84375,1.4187341245512165E-8,15500.0,1.0,1.0,0.0,0.0,1.0,1.7976931348623157E308,?,0.0,-61.00000000000006,15500.0,76376.0,6500.0,6236.095644623236,487.2,296.91031193499043,2.8,2.3944379994757297,1.9,1.1972189997378648,1.9,1.1972189997378648,0.7999999999999999,1.0327955589886444,0.0,0.0,0.0,0.0,1.0,0.0
meta.OnlineAccuracyUpdatedEnsemble,ArffFileStream -f ./../../../Dataset/benchmarks/magic.arff,1,16000.0,0.859375,1.4496035873889921E-8,16000.0,1.0,1.0,0.0,0.0,1.0,1.7976931348623157E308,?,0.0,-63.0,16000.0,76368.0,5650.0,6009.483246410534,487.2,359.3861433054981,2.8,2.8982753492378874,1.9,1.4491376746189437,1.9,1.4491376746189437,0.6000000000000001,0.9660917830792959,0.0,0.0,0.0,0.0,1.0,0.0
meta.OnlineAccuracyUpdatedEnsemble,ArffFileStream -f ./../../../Dataset/benchmarks/magic.arff,1,16500.0,0.875,1.480469816467828E-8,16500.0,1.0,1.0,0.0,0.0,1.0,1.7976931348623157E308,?,0.0,-65.00000000000006,16500.0,76360.0,4600.0,5119.6788093698915,412.79999999999995,313.6979438887032,2.2,2.5298221281347035,1.6,1.2649110640673518,1.6,1.2649110640673518,0.4000000000000001,0.8432740427115679,0.0,0.0,0.0,0.0,1.0,0.0
meta.OnlineAccuracyUpdatedEnsemble,ArffFileStream -f ./../../../Dataset/benchmarks/magic.arff,1,17000.0,0.890625,1.5113328117877244E-8,17000.0,1.0,1.0,0.0,0.0,1.0,1.7976931348623157E308,?,0.0,-67.00000000000024,17000.0,76352.0,3850.0,4460.007473835292,338.40000000000003,235.27345791652743,1.6,1.8973665961010275,1.2999999999999998,0.9486832980505138,1.2999999999999998,0.9486832980505138,0.20000000000000004,0.6324555320336759,0.0,0.0,0.0,0.0,1.0,0.0
meta.OnlineAccuracyUpdatedEnsemble,ArffFileStream -f ./../../../Dataset/benchmarks/magic.arff,1,17500.0,0.890625,1.5113328117877244E-8,17500.0,1.0,1.0,0.0,0.0,1.0,1.7976931348623157E308,?,0.0,-69.00000000000026,17500.0,76344.0,2750.0,1513.8251770487457,264.0,0.0,1.0,0.0,1.0,0.0,1.0,0.0,0.0,0.0,0.0,0.0,0.0,0.0,1.0,0.0
meta.OnlineAccuracyUpdatedEnsemble,ArffFileStream -f ./../../../Dataset/benchmarks/magic.arff,1,18000.0,0.90625,1.542192573348681E-8,18000.0,1.0,1.0,0.0,0.0,1.0,1.7976931348623157E308,?,0.0,-71.00000000000026,18000.0,76344.0,3250.0,1513.8251770487457,264.0,0.0,1.0,0.0,1.0,0.0,1.0,0.0,0.0,0.0,0.0,0.0,0.0,0.0,1.0,0.0
meta.OnlineAccuracyUpdatedEnsemble,ArffFileStream -f ./../../../Dataset/benchmarks/magic.arff,1,18500.0,0.921875,1.5730523349096378E-8,18500.0,1.0,1.0,0.0,0.0,1.0,1.7976931348623157E308,?,0.0,-73.00000000000014,18500.0,76344.0,3750.0,1513.8251770487457,264.0,0.0,1.0,0.0,1.0,0.0,1.0,0.0,0.0,0.0,0.0,0.0,0.0,0.0,1.0,0.0
meta.OnlineAccuracyUpdatedEnsemble,ArffFileStream -f ./../../../Dataset/benchmarks/magic.arff,1,19000.0,0.9375,1.6039120964705945E-8,19000.0,1.0,1.0,0.0,0.0,1.0,1.7976931348623157E308,?,0.0,-74.99999999999976,19000.0,76344.0,4250.0,1513.8251770487457,264.0,0.0,1.0,0.0,1.0,0.0,1.0,0.0,0.0,0.0,0.0,0.0,0.0,0.0,1.0,0.0
meta.OnlineAccuracyUpdatedEnsemble,ArffFileStream -f ./../../../Dataset/benchmarks/magic.arff,1,19020.0,0.953125,1.6348397669692835E-8,19020.0,1.0,1.0,0.0,0.0,1.0,1.7976931348623157E308,?,0.0,-75.07999999999983,19020.0,76512.0,4270.0,1513.8251770487457,264.0,0.0,1.0,0.0,1.0,0.0,1.0,0.0,0.0,0.0,0.0,0.0,0.0,0.0,1.0,0.0
