Learner,stream,randomSeed,learning evaluation instances,evaluation time (cpu seconds),model cost (RAM-Hours),classified instances,AUC,sAUC,Accuracy,Kappa,Periodical holdout AUC,Pos/Neg ratio,G-Mean,Recall,KappaM,model training instances,model serialized size (bytes),members size
meta.DynamicWeightedMajority -l (trees.HoeffdingTree -e 2000000 -g 100 -c 0.01) -e 10,ArffFileStream -f ./../../../Dataset/benchmarks/magic.arff,1,500.0,0.046875,3.589472422997157E-11,500.0,1.0,1.0,1.0,?,0.0,0.0,?,?,?,500.0,2960.0,1.0
meta.DynamicWeightedMajority -l (trees.HoeffdingTree -e 2000000 -g 100 -c 0.01) -e 10,ArffFileStream -f ./../../../Dataset/benchmarks/magic.arff,1,1000.0,0.078125,5.982454038328594E-11,1000.0,1.0,1.0,1.0,?,1.0,0.0,?,?,?,1000.0,2960.0,1.0
meta.DynamicWeightedMajority -l (trees.HoeffdingTree -e 2000000 -g 100 -c 0.01) -e 10,ArffFileStream -f ./../../../Dataset/benchmarks/magic.arff,1,1500.0,0.09375,7.178944845994313E-11,1500.0,1.0,1.0,1.0,?,1.0,0.0,?,?,?,1500.0,2960.0,1.0
meta.DynamicWeightedMajority -l (trees.HoeffdingTree -e 2000000 -g 100 -c 0.01) -e 10,ArffFileStream -f ./../../../Dataset/benchmarks/magic.arff,1,2000.0,0.09375,7.178944845994313E-11,2000.0,1.0,1.0,1.0,?,1.0,0.0,?,?,?,2000.0,2960.0,1.0
meta.DynamicWeightedMajority -l (trees.HoeffdingTree -e 2000000 -g 100 -c 0.01) -e 10,ArffFileStream -f ./../../../Dataset/benchmarks/magic.arff,1,2500.0,0.109375,8.375435653660031E-11,2500.0,1.0,1.0,1.0,?,1.0,0.0,?,?,?,2500.0,2960.0,1.0
meta.DynamicWeightedMajority -l (trees.HoeffdingTree -e 2000000 -g 100 -c 0.01) -e 10,ArffFileStream -f ./../../../Dataset/benchmarks/magic.arff,1,3000.0,0.109375,8.375435653660031E-11,3000.0,1.0,1.0,1.0,?,1.0,0.0,?,?,?,3000.0,2960.0,1.0
meta.DynamicWeightedMajority -l (trees.HoeffdingTree -e 2000000 -g 100 -c 0.01) -e 10,ArffFileStream -f ./../../../Dataset/benchmarks/magic.arff,1,3500.0,0.125,9.57192646132575E-11,3500.0,1.0,1.0,1.0,?,1.0,0.0,?,?,?,3500.0,2960.0,1.0
meta.DynamicWeightedMajority -l (trees.HoeffdingTree -e 2000000 -g 100 -c 0.01) -e 10,ArffFileStream -f ./../../../Dataset/benchmarks/magic.arff,1,4000.0,0.125,9.57192646132575E-11,4000.0,1.0,1.0,1.0,?,1.0,0.0,?,?,?,4000.0,2960.0,1.0
meta.DynamicWeightedMajority -l (trees.HoeffdingTree -e 2000000 -g 100 -c 0.01) -e 10,ArffFileStream -f ./../../../Dataset/benchmarks/magic.arff,1,4500.0,0.125,9.57192646132575E-11,4500.0,1.0,1.0,1.0,?,1.0,0.0,?,?,?,4500.0,2960.0,1.0
meta.DynamicWeightedMajority -l (trees.HoeffdingTree -e 2000000 -g 100 -c 0.01) -e 10,ArffFileStream -f ./../../../Dataset/benchmarks/magic.arff,1,5000.0,0.140625,1.0768417268991468E-10,5000.0,1.0,1.0,1.0,?,1.0,0.0,?,?,?,5000.0,2960.0,1.0
meta.DynamicWeightedMajority -l (trees.HoeffdingTree -e 2000000 -g 100 -c 0.01) -e 10,ArffFileStream -f ./../../../Dataset/benchmarks/magic.arff,1,5500.0,0.140625,1.0768417268991468E-10,5500.0,1.0,1.0,1.0,?,1.0,0.0,?,?,?,5500.0,2960.0,1.0
meta.DynamicWeightedMajority -l (trees.HoeffdingTree -e 2000000 -g 100 -c 0.01) -e 10,ArffFileStream -f ./../../../Dataset/benchmarks/magic.arff,1,6000.0,0.15625,1.1964908076657188E-10,6000.0,1.0,1.0,1.0,?,1.0,0.0,?,?,?,6000.0,2960.0,1.0
meta.DynamicWeightedMajority -l (trees.HoeffdingTree -e 2000000 -g 100 -c 0.01) -e 10,ArffFileStream -f ./../../../Dataset/benchmarks/magic.arff,1,6500.0,0.15625,1.1964908076657188E-10,6500.0,1.0,1.0,1.0,?,1.0,0.0,?,?,?,6500.0,2960.0,1.0
meta.DynamicWeightedMajority -l (trees.HoeffdingTree -e 2000000 -g 100 -c 0.01) -e 10,ArffFileStream -f ./../../../Dataset/benchmarks/magic.arff,1,7000.0,0.171875,1.3161398884322908E-10,7000.0,1.0,1.0,1.0,?,1.0,0.0,?,?,?,7000.0,2960.0,1.0
meta.DynamicWeightedMajority -l (trees.HoeffdingTree -e 2000000 -g 100 -c 0.01) -e 10,ArffFileStream -f ./../../../Dataset/benchmarks/magic.arff,1,7500.0,0.171875,1.3161398884322908E-10,7500.0,1.0,1.0,1.0,?,1.0,0.0,?,?,?,7500.0,2960.0,1.0
meta.DynamicWeightedMajority -l (trees.HoeffdingTree -e 2000000 -g 100 -c 0.01) -e 10,ArffFileStream -f ./../../../Dataset/benchmarks/magic.arff,1,8000.0,0.171875,1.3161398884322908E-10,8000.0,1.0,1.0,1.0,?,1.0,0.0,?,?,?,8000.0,2960.0,1.0
meta.DynamicWeightedMajority -l (trees.HoeffdingTree -e 2000000 -g 100 -c 0.01) -e 10,ArffFileStream -f ./../../../Dataset/benchmarks/magic.arff,1,8500.0,0.1875,1.4357889691988628E-10,8500.0,1.0,1.0,1.0,?,1.0,0.0,?,?,?,8500.0,2960.0,1.0
meta.DynamicWeightedMajority -l (trees.HoeffdingTree -e 2000000 -g 100 -c 0.01) -e 10,ArffFileStream -f ./../../../Dataset/benchmarks/magic.arff,1,9000.0,0.1875,1.4357889691988628E-10,9000.0,1.0,1.0,1.0,?,1.0,0.0,?,?,?,9000.0,2960.0,1.0
meta.DynamicWeightedMajority -l (trees.HoeffdingTree -e 2000000 -g 100 -c 0.01) -e 10,ArffFileStream -f ./../../../Dataset/benchmarks/magic.arff,1,9500.0,0.1875,1.4357889691988628E-10,9500.0,1.0,1.0,1.0,?,1.0,0.0,?,?,?,9500.0,2960.0,1.0
meta.DynamicWeightedMajority -l (trees.HoeffdingTree -e 2000000 -g 100 -c 0.01) -e 10,ArffFileStream -f ./../../../Dataset/benchmarks/magic.arff,1,10000.0,0.203125,1.5554380499654348E-10,10000.0,1.0,1.0,1.0,?,1.0,0.0,?,?,?,10000.0,2960.0,1.0
meta.DynamicWeightedMajority -l (trees.HoeffdingTree -e 2000000 -g 100 -c 0.01) -e 10,ArffFileStream -f ./../../../Dataset/benchmarks/magic.arff,1,10500.0,0.203125,1.5554380499654348E-10,10500.0,1.0,1.0,1.0,?,1.0,0.0,?,?,?,10500.0,2960.0,1.0
meta.DynamicWeightedMajority -l (trees.HoeffdingTree -e 2000000 -g 100 -c 0.01) -e 10,ArffFileStream -f ./../../../Dataset/benchmarks/magic.arff,1,11000.0,0.21875,1.6750871307320067E-10,11000.0,1.0,1.0,1.0,?,1.0,0.0,?,?,?,11000.0,2960.0,1.0
meta.DynamicWeightedMajority -l (trees.HoeffdingTree -e 2000000 -g 100 -c 0.01) -e 10,ArffFileStream -f ./../../../Dataset/benchmarks/magic.arff,1,11500.0,0.21875,1.6750871307320067E-10,11500.0,1.0,1.0,1.0,?,1.0,0.0,?,?,?,11500.0,2960.0,1.0
meta.DynamicWeightedMajority -l (trees.HoeffdingTree -e 2000000 -g 100 -c 0.01) -e 10,ArffFileStream -f ./../../../Dataset/benchmarks/magic.arff,1,12000.0,0.234375,1.7947362114985787E-10,12000.0,1.0,1.0,1.0,?,1.0,0.0,?,?,?,12000.0,2960.0,1.0
meta.DynamicWeightedMajority -l (trees.HoeffdingTree -e 2000000 -g 100 -c 0.01) -e 10,ArffFileStream -f ./../../../Dataset/benchmarks/magic.arff,1,12500.0,0.25,1.9143852922651507E-10,12500.0,0.8541666666666666,0.7083333333333334,0.902,0.7633216121179335,1.0,0.5060240963855421,0.8416254115301732,0.7083333333333334,-6.291666666666661,12500.0,2960.0,1.0
meta.DynamicWeightedMajority -l (trees.HoeffdingTree -e 2000000 -g 100 -c 0.01) -e 10,ArffFileStream -f ./../../../Dataset/benchmarks/magic.arff,1,13000.0,0.28125,2.1536834537982944E-10,13000.0,1.0,1.0,0.996,0.0,0.8541666666666666,1.7976931348623157E308,?,0.996,0.7920000000000003,13000.0,2960.0,1.0
meta.DynamicWeightedMajority -l (trees.HoeffdingTree -e 2000000 -g 100 -c 0.01) -e 10,ArffFileStream -f ./../../../Dataset/benchmarks/magic.arff,1,13500.0,0.28125,2.1536834537982944E-10,13500.0,1.0,1.0,1.0,?,1.0,1.7976931348623157E308,?,1.0,1.0,13500.0,2960.0,1.0
meta.DynamicWeightedMajority -l (trees.HoeffdingTree -e 2000000 -g 100 -c 0.01) -e 10,ArffFileStream -f ./../../../Dataset/benchmarks/magic.arff,1,14000.0,0.296875,2.2733325345648664E-10,14000.0,1.0,1.0,1.0,?,1.0,1.7976931348623157E308,?,1.0,1.0,14000.0,2960.0,1.0
meta.DynamicWeightedMajority -l (trees.HoeffdingTree -e 2000000 -g 100 -c 0.01) -e 10,ArffFileStream -f ./../../../Dataset/benchmarks/magic.arff,1,14500.0,0.296875,2.2733325345648664E-10,14500.0,1.0,1.0,1.0,?,1.0,1.7976931348623157E308,?,1.0,1.0,14500.0,2960.0,1.0
meta.DynamicWeightedMajority -l (trees.HoeffdingTree -e 2000000 -g 100 -c 0.01) -e 10,ArffFileStream -f ./../../../Dataset/benchmarks/magic.arff,1,15000.0,0.296875,2.2733325345648664E-10,15000.0,1.0,1.0,1.0,?,1.0,1.7976931348623157E308,?,1.0,1.0,15000.0,2960.0,1.0
meta.DynamicWeightedMajority -l (trees.HoeffdingTree -e 2000000 -g 100 -c 0.01) -e 10,ArffFileStream -f ./../../../Dataset/benchmarks/magic.arff,1,15500.0,0.3125,2.392981615331438E-10,15500.0,1.0,1.0,1.0,?,1.0,1.7976931348623157E308,?,1.0,1.0,15500.0,2960.0,1.0
meta.DynamicWeightedMajority -l (trees.HoeffdingTree -e 2000000 -g 100 -c 0.01) -e 10,ArffFileStream -f ./../../../Dataset/benchmarks/magic.arff,1,16000.0,0.328125,2.51263069609801E-10,16000.0,1.0,1.0,0.998,0.0,1.0,1.7976931348623157E308,?,0.998,0.8719999999999999,16000.0,2960.0,1.0
meta.DynamicWeightedMajority -l (trees.HoeffdingTree -e 2000000 -g 100 -c 0.01) -e 10,ArffFileStream -f ./../../../Dataset/benchmarks/magic.arff,1,16500.0,0.328125,2.51263069609801E-10,16500.0,1.0,1.0,0.998,0.0,1.0,1.7976931348623157E308,?,0.998,0.8679999999999998,16500.0,2960.0,1.0
meta.DynamicWeightedMajority -l (trees.HoeffdingTree -e 2000000 -g 100 -c 0.01) -e 10,ArffFileStream -f ./../../../Dataset/benchmarks/magic.arff,1,17000.0,0.34375,2.632279776864582E-10,17000.0,1.0,1.0,1.0,?,1.0,1.7976931348623157E308,?,1.0,1.0,17000.0,2960.0,1.0
meta.DynamicWeightedMajority -l (trees.HoeffdingTree -e 2000000 -g 100 -c 0.01) -e 10,ArffFileStream -f ./../../../Dataset/benchmarks/magic.arff,1,17500.0,0.34375,2.632279776864582E-10,17500.0,1.0,1.0,1.0,?,1.0,1.7976931348623157E308,?,1.0,1.0,17500.0,2960.0,1.0
meta.DynamicWeightedMajority -l (trees.HoeffdingTree -e 2000000 -g 100 -c 0.01) -e 10,ArffFileStream -f ./../../../Dataset/benchmarks/magic.arff,1,18000.0,0.359375,2.751928857631154E-10,18000.0,1.0,1.0,1.0,?,1.0,1.7976931348623157E308,?,1.0,1.0,18000.0,2960.0,1.0
meta.DynamicWeightedMajority -l (trees.HoeffdingTree -e 2000000 -g 100 -c 0.01) -e 10,ArffFileStream -f ./../../../Dataset/benchmarks/magic.arff,1,18500.0,0.359375,2.751928857631154E-10,18500.0,1.0,1.0,1.0,?,1.0,1.7976931348623157E308,?,1.0,1.0,18500.0,2960.0,1.0
meta.DynamicWeightedMajority -l (trees.HoeffdingTree -e 2000000 -g 100 -c 0.01) -e 10,ArffFileStream -f ./../../../Dataset/benchmarks/magic.arff,1,19000.0,0.375,2.871577938397726E-10,19000.0,1.0,1.0,1.0,?,1.0,1.7976931348623157E308,?,1.0,1.0,19000.0,2960.0,1.0
meta.DynamicWeightedMajority -l (trees.HoeffdingTree -e 2000000 -g 100 -c 0.01) -e 10,ArffFileStream -f ./../../../Dataset/benchmarks/magic.arff,1,19020.0,0.375,2.871577938397726E-10,19020.0,1.0,1.0,1.0,?,1.0,1.7976931348623157E308,?,1.0,1.0,19020.0,2960.0,1.0
