Learner,stream,randomSeed,learning evaluation instances,evaluation time (cpu seconds),model cost (RAM-Hours),classified instances,AUC,sAUC,Accuracy,Kappa,Periodical holdout AUC,Pos/Neg ratio,G-Mean,Recall,KappaM,model training instances,model serialized size (bytes),members size
meta.DynamicWeightedMajority -l (trees.HoeffdingTree -e 2000000 -g 100 -c 0.01) -e 10,ArffFileStream -f ./../../../Dataset/benchmarks/coil2000.arff,1,500.0,0.171875,2.646508316198985E-10,500.0,0.5096980535112456,0.015836715042300022,0.936,-0.003890074036891624,0.0,0.06609808102345416,0.0,0.0,-0.03225806451612724,500.0,5952.0,2.0
meta.DynamicWeightedMajority -l (trees.HoeffdingTree -e 2000000 -g 100 -c 0.01) -e 10,ArffFileStream -f ./../../../Dataset/benchmarks/coil2000.arff,1,1000.0,0.234375,3.6088749766349794E-10,1000.0,0.5146791767554479,0.011791263115415665,0.944,0.0,0.5096980535112456,0.059322033898305086,0.0,0.0,0.05084745762711865,1000.0,5952.0,3.0
meta.DynamicWeightedMajority -l (trees.HoeffdingTree -e 2000000 -g 100 -c 0.01) -e 10,ArffFileStream -f ./../../../Dataset/benchmarks/coil2000.arff,1,1500.0,0.390625,6.014791627724966E-10,1500.0,0.493576017130621,0.0,0.934,0.0,0.5146791767554479,0.07066381156316917,0.0,0.0,-0.07608695652173797,1500.0,5952.0,3.0
meta.DynamicWeightedMajority -l (trees.HoeffdingTree -e 2000000 -g 100 -c 0.01) -e 10,ArffFileStream -f ./../../../Dataset/benchmarks/coil2000.arff,1,2000.0,0.5,7.698933283487956E-10,2000.0,0.5439636869463358,0.025367889303755765,0.942,0.0,0.493576017130621,0.06157112526539278,0.0,0.0,0.0413223140495859,2000.0,5952.0,5.0
meta.DynamicWeightedMajority -l (trees.HoeffdingTree -e 2000000 -g 100 -c 0.01) -e 10,ArffFileStream -f ./../../../Dataset/benchmarks/coil2000.arff,1,2500.0,0.578125,8.901891609032949E-10,2500.0,0.4947916666666667,7.401486830834377E-19,0.96,0.0,0.5439636869463358,0.041666666666666664,0.0,0.0,0.29078014184397105,2500.0,5952.0,5.0
meta.DynamicWeightedMajority -l (trees.HoeffdingTree -e 2000000 -g 100 -c 0.01) -e 10,ArffFileStream -f ./../../../Dataset/benchmarks/coil2000.arff,1,3000.0,0.75,1.1548399925231934E-9,3000.0,0.48819742489270385,2.6907702692253224E-18,0.932,0.0,0.4947916666666667,0.07296137339055794,0.0,0.0,-0.16571428571428454,3000.0,5952.0,5.0
meta.DynamicWeightedMajority -l (trees.HoeffdingTree -e 2000000 -g 100 -c 0.01) -e 10,ArffFileStream -f ./../../../Dataset/benchmarks/coil2000.arff,1,3500.0,0.84375,1.2991949915885925E-9,3500.0,0.4957627118644068,0.0,0.944,0.0,0.48819742489270385,0.059322033898305086,0.0,0.0,0.034482758620689655,3500.0,5952.0,5.0
meta.DynamicWeightedMajority -l (trees.HoeffdingTree -e 2000000 -g 100 -c 0.01) -e 10,ArffFileStream -f ./../../../Dataset/benchmarks/coil2000.arff,1,4000.0,0.953125,1.4676091571648916E-9,4000.0,0.48617021276595745,5.039310182695746E-18,0.936,-0.007556675062971108,0.4957627118644068,0.06382978723404255,0.0,0.0,-0.09871244635192995,4000.0,5952.0,6.0
meta.DynamicWeightedMajority -l (trees.HoeffdingTree -e 2000000 -g 100 -c 0.01) -e 10,ArffFileStream -f ./../../../Dataset/benchmarks/coil2000.arff,1,4500.0,1.046875,1.6119641562302908E-9,4500.0,0.5553683196918633,0.03876642134947382,0.938,0.0,0.48617021276595745,0.06609808102345416,0.0,0.0,-0.05681818181818315,4500.0,5952.0,6.0
meta.DynamicWeightedMajority -l (trees.HoeffdingTree -e 2000000 -g 100 -c 0.01) -e 10,ArffFileStream -f ./../../../Dataset/benchmarks/coil2000.arff,1,5000.0,1.1875,1.8284966548283895E-9,5000.0,0.5054479418886199,0.01316585956416465,0.942,-0.0038770423705345087,0.5553683196918633,0.059322033898305086,0.0,0.0,0.006849315068492396,5000.0,5952.0,6.0
meta.DynamicWeightedMajority -l (trees.HoeffdingTree -e 2000000 -g 100 -c 0.01) -e 10,ArffFileStream -f ./../../../Dataset/benchmarks/coil2000.arff,1,5500.0,1.328125,2.0450291534264882E-9,5500.0,0.5020023360587352,0.004560244527706582,0.918,-0.007668108533227953,0.5054479418886199,0.08459869848156182,0.0,0.0,-0.36253776435045154,5500.0,5952.0,6.0
meta.DynamicWeightedMajority -l (trees.HoeffdingTree -e 2000000 -g 100 -c 0.01) -e 10,ArffFileStream -f ./../../../Dataset/benchmarks/coil2000.arff,1,6000.0,1.421875,2.189384152491887E-9,6000.0,0.5346638655462185,0.0289040616246496,0.952,0.0,0.5020023360587352,0.05042016806722689,0.0,0.0,0.18873239436619693,6000.0,5952.0,6.0
meta.DynamicWeightedMajority -l (trees.HoeffdingTree -e 2000000 -g 100 -c 0.01) -e 10,ArffFileStream -f ./../../../Dataset/benchmarks/coil2000.arff,1,6500.0,1.546875,2.381857484579086E-9,6500.0,0.508140756302521,0.006760204081632657,0.952,0.0,0.5346638655462185,0.05042016806722689,0.0,0.0,0.17678100263852134,6500.0,5952.0,8.0
meta.DynamicWeightedMajority -l (trees.HoeffdingTree -e 2000000 -g 100 -c 0.01) -e 10,ArffFileStream -f ./../../../Dataset/benchmarks/coil2000.arff,1,7000.0,1.703125,2.6224491496880846E-9,7000.0,0.5333113697928106,0.025228510883573505,0.942,0.0,0.508140756302521,0.06157112526539278,0.0,0.0,0.004901960784312642,7000.0,5952.0,10.0
meta.DynamicWeightedMajority -l (trees.HoeffdingTree -e 2000000 -g 100 -c 0.01) -e 10,ArffFileStream -f ./../../../Dataset/benchmarks/coil2000.arff,1,7500.0,1.828125,2.8149224817752834E-9,7500.0,0.5046589930310861,0.003958621529680998,0.946,0.0,0.5333113697928106,0.05708245243128964,0.0,0.0,0.06896551724137931,7500.0,5952.0,10.0
meta.DynamicWeightedMajority -l (trees.HoeffdingTree -e 2000000 -g 100 -c 0.01) -e 10,ArffFileStream -f ./../../../Dataset/benchmarks/coil2000.arff,1,8000.0,2.015625,3.1036324799060818E-9,8000.0,0.4939929918237944,0.001367335966034464,0.922,0.0,0.5046589930310861,0.08459869848156182,0.0,0.0,-0.3164556962025304,8000.0,5952.0,10.0
meta.DynamicWeightedMajority -l (trees.HoeffdingTree -e 2000000 -g 100 -c 0.01) -e 10,ArffFileStream -f ./../../../Dataset/benchmarks/coil2000.arff,1,8500.0,2.171875,3.3442241450150803E-9,8500.0,0.5300814636752137,0.010116185897435896,0.936,0.0,0.4939929918237944,0.06837606837606838,0.0,0.0,-0.07509881422924904,8500.0,5952.0,10.0
meta.DynamicWeightedMajority -l (trees.HoeffdingTree -e 2000000 -g 100 -c 0.01) -e 10,ArffFileStream -f ./../../../Dataset/benchmarks/coil2000.arff,1,9000.0,2.3125,3.560756643613179E-9,9000.0,0.5071274961597543,0.006147806792968138,0.93,0.0,0.5300814636752137,0.07526881720430108,0.0,0.0,-0.1645101663585943,9000.0,5952.0,10.0
meta.DynamicWeightedMajority -l (trees.HoeffdingTree -e 2000000 -g 100 -c 0.01) -e 10,ArffFileStream -f ./../../../Dataset/benchmarks/coil2000.arff,1,9500.0,2.453125,3.777289142211278E-9,9500.0,0.4975342287976121,0.001538545604814069,0.934,0.0,0.5071274961597543,0.07066381156316917,0.0,0.0,-0.0923344947735186,9500.0,5952.0,10.0
meta.DynamicWeightedMajority -l (trees.HoeffdingTree -e 2000000 -g 100 -c 0.01) -e 10,ArffFileStream -f ./../../../Dataset/benchmarks/coil2000.arff,1,9822.0,2.5625,3.945703307787577E-9,9822.0,0.5028448879551821,0.004192466460268352,0.952,0.0,0.4975342287976121,0.05042016806722689,0.0,0.0,0.19546757679180743,9822.0,5952.0,10.0
