Learner,stream,randomSeed,learning evaluation instances,evaluation time (cpu seconds),model cost (RAM-Hours),classified instances,AUC,sAUC,Accuracy,Kappa,Periodical holdout AUC,Pos/Neg ratio,G-Mean,Recall,KappaM,model training instances,model serialized size (bytes)
functions.MajorityClass,ArffFileStream -f ./../../../Dataset/benchmarks/magic.arff,1,500.0,0.03125,7.178944845994314E-12,500.0,1.0,1.0,1.0,?,0.0,0.0,?,?,?,500.0,888.0
functions.MajorityClass,ArffFileStream -f ./../../../Dataset/benchmarks/magic.arff,1,1000.0,0.046875,1.076841726899147E-11,1000.0,1.0,1.0,1.0,?,1.0,0.0,?,?,?,1000.0,888.0
functions.MajorityClass,ArffFileStream -f ./../../../Dataset/benchmarks/magic.arff,1,1500.0,0.046875,1.076841726899147E-11,1500.0,1.0,1.0,1.0,?,1.0,0.0,?,?,?,1500.0,888.0
functions.MajorityClass,ArffFileStream -f ./../../../Dataset/benchmarks/magic.arff,1,2000.0,0.0625,1.4357889691988627E-11,2000.0,1.0,1.0,1.0,?,1.0,0.0,?,?,?,2000.0,888.0
functions.MajorityClass,ArffFileStream -f ./../../../Dataset/benchmarks/magic.arff,1,2500.0,0.0625,1.4357889691988627E-11,2500.0,1.0,1.0,1.0,?,1.0,0.0,?,?,?,2500.0,888.0
functions.MajorityClass,ArffFileStream -f ./../../../Dataset/benchmarks/magic.arff,1,3000.0,0.078125,1.7947362114985785E-11,3000.0,1.0,1.0,1.0,?,1.0,0.0,?,?,?,3000.0,888.0
functions.MajorityClass,ArffFileStream -f ./../../../Dataset/benchmarks/magic.arff,1,3500.0,0.078125,1.7947362114985785E-11,3500.0,1.0,1.0,1.0,?,1.0,0.0,?,?,?,3500.0,888.0
functions.MajorityClass,ArffFileStream -f ./../../../Dataset/benchmarks/magic.arff,1,4000.0,0.078125,1.7947362114985785E-11,4000.0,1.0,1.0,1.0,?,1.0,0.0,?,?,?,4000.0,888.0
functions.MajorityClass,ArffFileStream -f ./../../../Dataset/benchmarks/magic.arff,1,4500.0,0.09375,2.153683453798294E-11,4500.0,1.0,1.0,1.0,?,1.0,0.0,?,?,?,4500.0,888.0
functions.MajorityClass,ArffFileStream -f ./../../../Dataset/benchmarks/magic.arff,1,5000.0,0.09375,2.153683453798294E-11,5000.0,1.0,1.0,1.0,?,1.0,0.0,?,?,?,5000.0,888.0
functions.MajorityClass,ArffFileStream -f ./../../../Dataset/benchmarks/magic.arff,1,5500.0,0.09375,2.153683453798294E-11,5500.0,1.0,1.0,1.0,?,1.0,0.0,?,?,?,5500.0,888.0
functions.MajorityClass,ArffFileStream -f ./../../../Dataset/benchmarks/magic.arff,1,6000.0,0.09375,2.153683453798294E-11,6000.0,1.0,1.0,1.0,?,1.0,0.0,?,?,?,6000.0,888.0
functions.MajorityClass,ArffFileStream -f ./../../../Dataset/benchmarks/magic.arff,1,6500.0,0.09375,2.153683453798294E-11,6500.0,1.0,1.0,1.0,?,1.0,0.0,?,?,?,6500.0,888.0
functions.MajorityClass,ArffFileStream -f ./../../../Dataset/benchmarks/magic.arff,1,7000.0,0.09375,2.153683453798294E-11,7000.0,1.0,1.0,1.0,?,1.0,0.0,?,?,?,7000.0,888.0
functions.MajorityClass,ArffFileStream -f ./../../../Dataset/benchmarks/magic.arff,1,7500.0,0.109375,2.5126306960980096E-11,7500.0,1.0,1.0,1.0,?,1.0,0.0,?,?,?,7500.0,888.0
functions.MajorityClass,ArffFileStream -f ./../../../Dataset/benchmarks/magic.arff,1,8000.0,0.109375,2.5126306960980096E-11,8000.0,1.0,1.0,1.0,?,1.0,0.0,?,?,?,8000.0,888.0
functions.MajorityClass,ArffFileStream -f ./../../../Dataset/benchmarks/magic.arff,1,8500.0,0.125,2.8715779383977252E-11,8500.0,1.0,1.0,1.0,?,1.0,0.0,?,?,?,8500.0,888.0
functions.MajorityClass,ArffFileStream -f ./../../../Dataset/benchmarks/magic.arff,1,9000.0,0.125,2.8715779383977252E-11,9000.0,1.0,1.0,1.0,?,1.0,0.0,?,?,?,9000.0,888.0
functions.MajorityClass,ArffFileStream -f ./../../../Dataset/benchmarks/magic.arff,1,9500.0,0.125,2.8715779383977252E-11,9500.0,1.0,1.0,1.0,?,1.0,0.0,?,?,?,9500.0,888.0
functions.MajorityClass,ArffFileStream -f ./../../../Dataset/benchmarks/magic.arff,1,10000.0,0.125,2.8715779383977252E-11,10000.0,1.0,1.0,1.0,?,1.0,0.0,?,?,?,10000.0,888.0
functions.MajorityClass,ArffFileStream -f ./../../../Dataset/benchmarks/magic.arff,1,10500.0,0.140625,3.230525180697441E-11,10500.0,1.0,1.0,1.0,?,1.0,0.0,?,?,?,10500.0,888.0
functions.MajorityClass,ArffFileStream -f ./../../../Dataset/benchmarks/magic.arff,1,11000.0,0.140625,3.230525180697441E-11,11000.0,1.0,1.0,1.0,?,1.0,0.0,?,?,?,11000.0,888.0
functions.MajorityClass,ArffFileStream -f ./../../../Dataset/benchmarks/magic.arff,1,11500.0,0.140625,3.230525180697441E-11,11500.0,1.0,1.0,1.0,?,1.0,0.0,?,?,?,11500.0,888.0
functions.MajorityClass,ArffFileStream -f ./../../../Dataset/benchmarks/magic.arff,1,12000.0,0.140625,3.230525180697441E-11,12000.0,1.0,1.0,1.0,?,1.0,0.0,?,?,?,12000.0,888.0
functions.MajorityClass,ArffFileStream -f ./../../../Dataset/benchmarks/magic.arff,1,12500.0,0.140625,3.230525180697441E-11,12500.0,0.9970238095238095,0.006710308481883901,0.664,0.0,1.0,0.5060240963855421,0.0,0.0,-23.999999999999982,12500.0,896.0
functions.MajorityClass,ArffFileStream -f ./../../../Dataset/benchmarks/magic.arff,1,13000.0,0.140625,3.230525180697441E-11,13000.0,1.0,1.0,0.0,0.0,0.9970238095238095,1.7976931348623157E308,?,0.0,-50.999999999999886,13000.0,896.0
functions.MajorityClass,ArffFileStream -f ./../../../Dataset/benchmarks/magic.arff,1,13500.0,0.140625,3.230525180697441E-11,13500.0,1.0,1.0,0.0,0.0,1.0,1.7976931348623157E308,?,0.0,-53.000000000000085,13500.0,896.0
functions.MajorityClass,ArffFileStream -f ./../../../Dataset/benchmarks/magic.arff,1,14000.0,0.140625,3.230525180697441E-11,14000.0,1.0,1.0,0.0,0.0,1.0,1.7976931348623157E308,?,0.0,-54.99999999999985,14000.0,896.0
functions.MajorityClass,ArffFileStream -f ./../../../Dataset/benchmarks/magic.arff,1,14500.0,0.140625,3.230525180697441E-11,14500.0,1.0,1.0,0.0,0.0,1.0,1.7976931348623157E308,?,0.0,-56.999999999999886,14500.0,896.0
functions.MajorityClass,ArffFileStream -f ./../../../Dataset/benchmarks/magic.arff,1,15000.0,0.15625,3.592706181936793E-11,15000.0,1.0,1.0,0.0,0.0,1.0,1.7976931348623157E308,?,0.0,-58.999999999999815,15000.0,896.0
functions.MajorityClass,ArffFileStream -f ./../../../Dataset/benchmarks/magic.arff,1,15500.0,0.15625,3.592706181936793E-11,15500.0,1.0,1.0,0.0,0.0,1.0,1.7976931348623157E308,?,0.0,-61.00000000000006,15500.0,896.0
functions.MajorityClass,ArffFileStream -f ./../../../Dataset/benchmarks/magic.arff,1,16000.0,0.15625,3.592706181936793E-11,16000.0,1.0,1.0,0.0,0.0,1.0,1.7976931348623157E308,?,0.0,-63.0,16000.0,896.0
functions.MajorityClass,ArffFileStream -f ./../../../Dataset/benchmarks/magic.arff,1,16500.0,0.15625,3.592706181936793E-11,16500.0,1.0,1.0,0.0,0.0,1.0,1.7976931348623157E308,?,0.0,-65.00000000000006,16500.0,896.0
functions.MajorityClass,ArffFileStream -f ./../../../Dataset/benchmarks/magic.arff,1,17000.0,0.15625,3.592706181936793E-11,17000.0,1.0,1.0,0.0,0.0,1.0,1.7976931348623157E308,?,0.0,-67.00000000000024,17000.0,896.0
functions.MajorityClass,ArffFileStream -f ./../../../Dataset/benchmarks/magic.arff,1,17500.0,0.15625,3.592706181936793E-11,17500.0,1.0,1.0,0.0,0.0,1.0,1.7976931348623157E308,?,0.0,-69.00000000000026,17500.0,896.0
functions.MajorityClass,ArffFileStream -f ./../../../Dataset/benchmarks/magic.arff,1,18000.0,0.15625,3.592706181936793E-11,18000.0,1.0,1.0,0.0,0.0,1.0,1.7976931348623157E308,?,0.0,-71.00000000000026,18000.0,896.0
functions.MajorityClass,ArffFileStream -f ./../../../Dataset/benchmarks/magic.arff,1,18500.0,0.15625,3.592706181936793E-11,18500.0,1.0,1.0,0.0,0.0,1.0,1.7976931348623157E308,?,0.0,-73.00000000000014,18500.0,896.0
functions.MajorityClass,ArffFileStream -f ./../../../Dataset/benchmarks/magic.arff,1,19000.0,0.171875,3.954887183176146E-11,19000.0,1.0,1.0,0.0,0.0,1.0,1.7976931348623157E308,?,0.0,-74.99999999999976,19000.0,896.0
functions.MajorityClass,ArffFileStream -f ./../../../Dataset/benchmarks/magic.arff,1,19020.0,0.171875,3.954887183176146E-11,19020.0,1.0,1.0,0.0,0.0,1.0,1.7976931348623157E308,?,0.0,-75.07999999999983,19020.0,896.0
