Learner,stream,randomSeed,learning evaluation instances,evaluation time (cpu seconds),model cost (RAM-Hours),classified instances,Accuracy,AvgAccuracy,AUC,Kappa,G-Mean,Precision,Recall,Ratio-Class-0,Ratio-Class-1,Ratio-Class-2,model training instances,model serialized size (bytes)
meta.imbalanced.OnlineUnderOverBagging -l (trees.HoeffdingTree -e 2000000 -g 100 -c 0.01),ArffFileStream -f ./../../../Dataset/benchmarks/connect-4.arff,1,500.0,0.46875,8.789356797933578E-10,500.0,0.694,0.4350600120961216,0.5483435736655128,0.2529588687941877,0.0,0.40406791778373546,0.4350600120961216,0.718,0.218,0.064,500.0,7248.0
meta.imbalanced.OnlineUnderOverBagging -l (trees.HoeffdingTree -e 2000000 -g 100 -c 0.01),ArffFileStream -f ./../../../Dataset/benchmarks/connect-4.arff,1,1000.0,0.625,1.1719142397244771E-9,1000.0,0.892,0.39327354260089686,0.5299701046337818,0.22008145815881452,0.0,0.6911040595251121,0.39327354260089686,0.892,0.09,0.018,1000.0,7248.0
meta.imbalanced.OnlineUnderOverBagging -l (trees.HoeffdingTree -e 2000000 -g 100 -c 0.01),ArffFileStream -f ./../../../Dataset/benchmarks/connect-4.arff,1,1500.0,0.765625,1.4355949436624845E-9,1500.0,0.912,0.35876436781609194,0.679382183908046,0.08622694799800631,0.0,0.5731922398589065,0.35876436781609194,0.928,0.06,0.012,1500.0,7248.0
meta.imbalanced.OnlineUnderOverBagging -l (trees.HoeffdingTree -e 2000000 -g 100 -c 0.01),ArffFileStream -f ./../../../Dataset/benchmarks/connect-4.arff,1,2000.0,0.921875,1.7285735035936037E-9,2000.0,0.814,0.5270378436737961,0.5968522551702314,0.49260180699227446,0.0,0.7277245949926362,0.5270378436737961,0.762,0.188,0.05,2000.0,7248.0
meta.imbalanced.OnlineUnderOverBagging -l (trees.HoeffdingTree -e 2000000 -g 100 -c 0.01),ArffFileStream -f ./../../../Dataset/benchmarks/connect-4.arff,1,2500.0,1.171875,2.1973391994833946E-9,2500.0,0.654,0.4764102198624523,0.5704851786361596,0.36931747756155536,0.0,0.48711537686010403,0.4764102198624523,0.532,0.422,0.046,2500.0,7248.0
meta.imbalanced.OnlineUnderOverBagging -l (trees.HoeffdingTree -e 2000000 -g 100 -c 0.01),ArffFileStream -f ./../../../Dataset/benchmarks/connect-4.arff,1,3000.0,1.328125,2.490317759414514E-9,3000.0,0.71,0.5401516232068222,0.6326826299130478,0.479660092441076,0.298513473193068,0.7190618062857811,0.5401516232068222,0.492,0.418,0.09,3000.0,7248.0
meta.imbalanced.OnlineUnderOverBagging -l (trees.HoeffdingTree -e 2000000 -g 100 -c 0.01),ArffFileStream -f ./../../../Dataset/benchmarks/connect-4.arff,1,3500.0,1.5,2.812594175338745E-9,3500.0,0.736,0.5128258772388624,0.5897462719527645,0.4941908586493363,0.0,0.7655984117980714,0.5128258772388624,0.482,0.476,0.042,3500.0,7248.0
meta.imbalanced.OnlineUnderOverBagging -l (trees.HoeffdingTree -e 2000000 -g 100 -c 0.01),ArffFileStream -f ./../../../Dataset/benchmarks/connect-4.arff,1,4000.0,1.75,3.281359871228536E-9,4000.0,0.67,0.4617092255991366,0.5641879461329017,0.35182275298554366,0.0,0.7322655822691493,0.4617092255991366,0.428,0.508,0.064,4000.0,7248.0
meta.imbalanced.OnlineUnderOverBagging -l (trees.HoeffdingTree -e 2000000 -g 100 -c 0.01),ArffFileStream -f ./../../../Dataset/benchmarks/connect-4.arff,1,4500.0,1.96875,3.691529855132103E-9,4500.0,0.664,0.4792906746031746,0.5726381115257048,0.326556136356348,0.0,0.42201728148886675,0.4792906746031746,0.672,0.256,0.072,4500.0,7248.0
meta.imbalanced.OnlineUnderOverBagging -l (trees.HoeffdingTree -e 2000000 -g 100 -c 0.01),ArffFileStream -f ./../../../Dataset/benchmarks/connect-4.arff,1,5000.0,2.171875,4.072401983042558E-9,5000.0,0.62,0.43197278911564624,0.5493197278911565,0.2670940665478588,0.0,0.6842601553388421,0.43197278911564624,0.448,0.49,0.062,5000.0,7248.0
meta.imbalanced.OnlineUnderOverBagging -l (trees.HoeffdingTree -e 2000000 -g 100 -c 0.01),ArffFileStream -f ./../../../Dataset/benchmarks/connect-4.arff,1,5500.0,2.34375,4.394678398966789E-9,5500.0,0.68,0.5090469589475134,0.6007344060902836,0.36930899917221804,0.26315229660633255,0.5097139422931729,0.5090469589475134,0.64,0.238,0.122,5500.0,7248.0
meta.imbalanced.OnlineUnderOverBagging -l (trees.HoeffdingTree -e 2000000 -g 100 -c 0.01),ArffFileStream -f ./../../../Dataset/benchmarks/connect-4.arff,1,6000.0,2.546875,4.7755505268772445E-9,6000.0,0.644,0.5627428780177972,0.6742872990878513,0.41702420332099693,0.40348481551372223,0.6150706118808982,0.5627428780177972,0.358,0.418,0.224,6000.0,7248.0
meta.imbalanced.OnlineUnderOverBagging -l (trees.HoeffdingTree -e 2000000 -g 100 -c 0.01),ArffFileStream -f ./../../../Dataset/benchmarks/connect-4.arff,1,6500.0,2.671875,5.00993337482214E-9,6500.0,0.746,0.5861414004210355,0.6517281917592647,0.5295111361379903,0.32251736176570406,0.5797555158020274,0.5861414004210355,0.646,0.268,0.086,6500.0,7248.0
meta.imbalanced.OnlineUnderOverBagging -l (trees.HoeffdingTree -e 2000000 -g 100 -c 0.01),ArffFileStream -f ./../../../Dataset/benchmarks/connect-4.arff,1,7000.0,2.8125,5.273614078760148E-9,7000.0,0.988,0.5499999999999999,0.6666666666666666,0.5672244662435084,0.4641588833612779,0.7195286195286195,0.5499999999999999,0.982,0.008,0.01,7000.0,7248.0
meta.imbalanced.OnlineUnderOverBagging -l (trees.HoeffdingTree -e 2000000 -g 100 -c 0.01),ArffFileStream -f ./../../../Dataset/benchmarks/connect-4.arff,1,7500.0,2.953125,5.537294782698155E-9,7500.0,0.992,0.33266264252179745,0.6663313212608987,-0.002506265664160401,0.0,0.4969939879759519,0.33266264252179745,0.994,0.004,0.002,7500.0,7248.0
meta.imbalanced.OnlineUnderOverBagging -l (trees.HoeffdingTree -e 2000000 -g 100 -c 0.01),ArffFileStream -f ./../../../Dataset/benchmarks/connect-4.arff,1,8000.0,3.03125,5.683784062663715E-9,8000.0,0.972,0.4410361281526926,0.7205180640763462,0.21180047291971624,0.0,0.6337293538104898,0.4410361281526926,0.978,0.012,0.01,8000.0,7248.0
meta.imbalanced.OnlineUnderOverBagging -l (trees.HoeffdingTree -e 2000000 -g 100 -c 0.01),ArffFileStream -f ./../../../Dataset/benchmarks/connect-4.arff,1,8500.0,3.1875,5.976762622594834E-9,8500.0,0.836,0.4526422764227642,0.5596424709708135,0.2641780330222541,0.0,0.4637802042260641,0.4526422764227642,0.82,0.08,0.1,8500.0,7248.0
meta.imbalanced.OnlineUnderOverBagging -l (trees.HoeffdingTree -e 2000000 -g 100 -c 0.01),ArffFileStream -f ./../../../Dataset/benchmarks/connect-4.arff,1,9000.0,3.375,6.328336894512177E-9,9000.0,0.754,0.5408005286509959,0.6025127309752867,0.46631724185808376,0.0,0.46680503666805045,0.5408005286509959,0.66,0.214,0.126,9000.0,7248.0
meta.imbalanced.OnlineUnderOverBagging -l (trees.HoeffdingTree -e 2000000 -g 100 -c 0.01),ArffFileStream -f ./../../../Dataset/benchmarks/connect-4.arff,1,9500.0,3.484375,6.53342188646396E-9,9500.0,0.988,0.3333333333333333,0.6666666666666666,0.0,0.0,0.988,0.3333333333333333,0.988,0.004,0.008,9500.0,7248.0
meta.imbalanced.OnlineUnderOverBagging -l (trees.HoeffdingTree -e 2000000 -g 100 -c 0.01),ArffFileStream -f ./../../../Dataset/benchmarks/connect-4.arff,1,10000.0,3.609375,6.767804734408856E-9,10000.0,0.928,0.3985601151907847,0.5326133909287257,0.16805324459234608,0.0,0.6818313532309476,0.3985601151907847,0.926,0.03,0.044,10000.0,7248.0
meta.imbalanced.OnlineUnderOverBagging -l (trees.HoeffdingTree -e 2000000 -g 100 -c 0.01),ArffFileStream -f ./../../../Dataset/benchmarks/connect-4.arff,1,10500.0,3.71875,6.97288972636064E-9,10500.0,0.818,0.4190463384023601,0.6262551953449709,0.1904490783574123,0.16916358562312503,0.82998382998383,0.4190463384023601,0.802,0.096,0.102,10500.0,7248.0
meta.imbalanced.OnlineUnderOverBagging -l (trees.HoeffdingTree -e 2000000 -g 100 -c 0.01),ArffFileStream -f ./../../../Dataset/benchmarks/connect-4.arff,1,11000.0,3.890625,7.295166142284871E-9,11000.0,0.712,0.5211552228808485,0.6014303157646811,0.4391824526420738,0.21239937029491984,0.6300419853051432,0.5211552228808485,0.57,0.308,0.122,11000.0,7248.0
meta.imbalanced.OnlineUnderOverBagging -l (trees.HoeffdingTree -e 2000000 -g 100 -c 0.01),ArffFileStream -f ./../../../Dataset/benchmarks/connect-4.arff,1,11500.0,4.015625,7.529548990229767E-9,11500.0,0.798,0.5130207853733273,0.6001146113425625,0.39986690117412177,0.20634175314564124,0.5841440518859874,0.5130207853733273,0.744,0.134,0.122,11500.0,7248.0
meta.imbalanced.OnlineUnderOverBagging -l (trees.HoeffdingTree -e 2000000 -g 100 -c 0.01),ArffFileStream -f ./../../../Dataset/benchmarks/connect-4.arff,1,12000.0,4.125,7.73463398218155E-9,12000.0,0.744,0.5386059393752886,0.6026363030209776,0.4334478240855494,0.0,0.676789314516129,0.5386059393752886,0.67,0.194,0.136,12000.0,7248.0
meta.imbalanced.OnlineUnderOverBagging -l (trees.HoeffdingTree -e 2000000 -g 100 -c 0.01),ArffFileStream -f ./../../../Dataset/benchmarks/connect-4.arff,1,12500.0,4.25,7.969016830126446E-9,12500.0,0.764,0.49705718603356397,0.5789561478626989,0.34292587312900924,0.0,0.42430764815611993,0.49705718603356397,0.762,0.132,0.106,12500.0,7248.0
meta.imbalanced.OnlineUnderOverBagging -l (trees.HoeffdingTree -e 2000000 -g 100 -c 0.01),ArffFileStream -f ./../../../Dataset/benchmarks/connect-4.arff,1,13000.0,4.375,8.203399678071342E-9,13000.0,0.838,0.5250657499533061,0.7050658858798394,0.4073055084001639,0.4051282802851399,0.7661422484431334,0.5250657499533061,0.792,0.116,0.092,13000.0,7248.0
meta.imbalanced.OnlineUnderOverBagging -l (trees.HoeffdingTree -e 2000000 -g 100 -c 0.01),ArffFileStream -f ./../../../Dataset/benchmarks/connect-4.arff,1,13500.0,4.484375,8.408484670023126E-9,13500.0,0.784,0.47480689245395125,0.5769248922139388,0.3081712660465831,0.1857375908343231,0.5728777450016388,0.47480689245395125,0.748,0.12,0.132,13500.0,7248.0
meta.imbalanced.OnlineUnderOverBagging -l (trees.HoeffdingTree -e 2000000 -g 100 -c 0.01),ArffFileStream -f ./../../../Dataset/benchmarks/connect-4.arff,1,14000.0,4.640625,8.701463229954245E-9,14000.0,0.878,0.45933314976595163,0.6054798415268262,0.29138980530644487,0.2400354890812733,0.6181530769796338,0.45933314976595163,0.878,0.07,0.052,14000.0,7248.0
meta.imbalanced.OnlineUnderOverBagging -l (trees.HoeffdingTree -e 2000000 -g 100 -c 0.01),ArffFileStream -f ./../../../Dataset/benchmarks/connect-4.arff,1,14500.0,4.796875,8.994441789885364E-9,14500.0,0.83,0.5858707690440429,0.6262687178553548,0.6265115298087739,0.0,0.7896586345381527,0.5858707690440429,0.692,0.254,0.054,14500.0,7248.0
meta.imbalanced.OnlineUnderOverBagging -l (trees.HoeffdingTree -e 2000000 -g 100 -c 0.01),ArffFileStream -f ./../../../Dataset/benchmarks/connect-4.arff,1,15000.0,4.90625,9.199526781837148E-9,15000.0,0.974,0.3888888888888889,0.6944444444444443,0.13101604278074866,0.0,0.9869739478957915,0.3888888888888889,0.972,0.012,0.016,15000.0,7248.0
meta.imbalanced.OnlineUnderOverBagging -l (trees.HoeffdingTree -e 2000000 -g 100 -c 0.01),ArffFileStream -f ./../../../Dataset/benchmarks/connect-4.arff,1,15500.0,5.03125,9.433909629782044E-9,15500.0,0.87,0.5823297491039426,0.6244982078853046,0.6509279945007733,0.0,0.8220850871560723,0.5823297491039426,0.744,0.2,0.056,15500.0,7248.0
meta.imbalanced.OnlineUnderOverBagging -l (trees.HoeffdingTree -e 2000000 -g 100 -c 0.01),ArffFileStream -f ./../../../Dataset/benchmarks/connect-4.arff,1,16000.0,5.125,9.609696765740716E-9,16000.0,0.82,0.46606389391199515,0.5663414133631456,0.34896775220265913,0.0,0.4673771730914588,0.46606389391199515,0.79,0.126,0.084,16000.0,7248.0
meta.imbalanced.OnlineUnderOverBagging -l (trees.HoeffdingTree -e 2000000 -g 100 -c 0.01),ArffFileStream -f ./../../../Dataset/benchmarks/connect-4.arff,1,16500.0,5.21875,9.785483901699388E-9,16500.0,0.94,0.3534574468085106,0.6767287234042554,0.057078199647975864,0.0,0.7208835341365463,0.3534574468085106,0.94,0.032,0.028,16500.0,7248.0
meta.imbalanced.OnlineUnderOverBagging -l (trees.HoeffdingTree -e 2000000 -g 100 -c 0.01),ArffFileStream -f ./../../../Dataset/benchmarks/connect-4.arff,1,17000.0,5.328125,9.990568893651172E-9,17000.0,0.958,0.3333333333333333,0.6666666666666666,0.0,0.0,0.958,0.3333333333333333,0.958,0.03,0.012,17000.0,7248.0
meta.imbalanced.OnlineUnderOverBagging -l (trees.HoeffdingTree -e 2000000 -g 100 -c 0.01),ArffFileStream -f ./../../../Dataset/benchmarks/connect-4.arff,1,17500.0,5.4375,1.0195653885602956E-8,17500.0,0.914,0.40963618485742376,0.7048180924287119,0.2265630620907979,0.0,0.8471373613939805,0.40963618485742376,0.904,0.06,0.036,17500.0,7248.0
meta.imbalanced.OnlineUnderOverBagging -l (trees.HoeffdingTree -e 2000000 -g 100 -c 0.01),ArffFileStream -f ./../../../Dataset/benchmarks/connect-4.arff,1,18000.0,5.546875,1.040073887755474E-8,18000.0,0.928,0.5284210526315789,0.7642105263157895,0.5285983658076682,0.0,0.8305288461538461,0.5284210526315789,0.9,0.076,0.024,18000.0,7248.0
meta.imbalanced.OnlineUnderOverBagging -l (trees.HoeffdingTree -e 2000000 -g 100 -c 0.01),ArffFileStream -f ./../../../Dataset/benchmarks/connect-4.arff,1,18500.0,5.625,1.05472281575203E-8,18500.0,0.936,0.35185185185185186,0.6759259259259259,0.05599150392353531,0.0,0.9679358717434869,0.35185185185185186,0.934,0.036,0.03,18500.0,7248.0
meta.imbalanced.OnlineUnderOverBagging -l (trees.HoeffdingTree -e 2000000 -g 100 -c 0.01),ArffFileStream -f ./../../../Dataset/benchmarks/connect-4.arff,1,19000.0,5.734375,1.0752313149472084E-8,19000.0,0.808,0.45770863628006486,0.5612877903737844,0.31845288805588684,0.24616831914546666,0.5012544802867384,0.45770863628006486,0.814,0.088,0.098,19000.0,7248.0
meta.imbalanced.OnlineUnderOverBagging -l (trees.HoeffdingTree -e 2000000 -g 100 -c 0.01),ArffFileStream -f ./../../../Dataset/benchmarks/connect-4.arff,1,19500.0,5.859375,1.098669599741698E-8,19500.0,0.64,0.538137606170393,0.685740732590773,0.3616930736606193,0.41622299097205046,0.6764934254910197,0.538137606170393,0.26,0.488,0.252,19500.0,7248.0
meta.imbalanced.OnlineUnderOverBagging -l (trees.HoeffdingTree -e 2000000 -g 100 -c 0.01),ArffFileStream -f ./../../../Dataset/benchmarks/connect-4.arff,1,20000.0,6.046875,1.1338270269334322E-8,20000.0,0.738,0.5976677131587228,0.7339493476707716,0.5565845501871822,0.3730834283876464,0.6402591201630635,0.5976677131587228,0.482,0.378,0.14,20000.0,7248.0
meta.imbalanced.OnlineUnderOverBagging -l (trees.HoeffdingTree -e 2000000 -g 100 -c 0.01),ArffFileStream -f ./../../../Dataset/benchmarks/connect-4.arff,1,20500.0,6.203125,1.1631248829265442E-8,20500.0,0.82,0.5730961186669848,0.648988120362263,0.4779340108589726,0.3467964068843437,0.7891874207663682,0.5730961186669848,0.762,0.11,0.128,20500.0,7248.0
meta.imbalanced.OnlineUnderOverBagging -l (trees.HoeffdingTree -e 2000000 -g 100 -c 0.01),ArffFileStream -f ./../../../Dataset/benchmarks/connect-4.arff,1,21000.0,6.328125,1.1865631677210337E-8,21000.0,0.88,0.536872785675805,0.6982410966843879,0.3535040082751487,0.37132295019789857,0.6616809116809117,0.536872785675805,0.866,0.052,0.082,21000.0,7248.0
meta.imbalanced.OnlineUnderOverBagging -l (trees.HoeffdingTree -e 2000000 -g 100 -c 0.01),ArffFileStream -f ./../../../Dataset/benchmarks/connect-4.arff,1,21500.0,6.4375,1.2070716669162121E-8,21500.0,0.958,0.44166086754813266,0.7208304337740664,0.262433267771846,0.0,0.7327235772357723,0.44166086754813266,0.958,0.024,0.018,21500.0,7248.0
meta.imbalanced.OnlineUnderOverBagging -l (trees.HoeffdingTree -e 2000000 -g 100 -c 0.01),ArffFileStream -f ./../../../Dataset/benchmarks/connect-4.arff,1,22000.0,6.53125,1.2246503805120793E-8,22000.0,0.926,0.49780701754385964,0.5822368421052632,0.3710050319597443,0.0,0.7630617464377055,0.49780701754385964,0.912,0.04,0.048,22000.0,7248.0
meta.imbalanced.OnlineUnderOverBagging -l (trees.HoeffdingTree -e 2000000 -g 100 -c 0.01),ArffFileStream -f ./../../../Dataset/benchmarks/connect-4.arff,1,22500.0,6.6875,1.2539482365051913E-8,22500.0,0.894,0.5926619080779943,0.6296642873723305,0.7357899879360712,0.0,0.8704214463319334,0.5926619080779943,0.718,0.256,0.026,22500.0,7248.0
meta.imbalanced.OnlineUnderOverBagging -l (trees.HoeffdingTree -e 2000000 -g 100 -c 0.01),ArffFileStream -f ./../../../Dataset/benchmarks/connect-4.arff,1,23000.0,6.84375,1.2832460924983032E-8,23000.0,0.726,0.5745378060344553,0.6616017859137125,0.5134632185295935,0.38772939562341624,0.7122828711064004,0.5745378060344553,0.474,0.39,0.136,23000.0,7248.0
meta.imbalanced.OnlineUnderOverBagging -l (trees.HoeffdingTree -e 2000000 -g 100 -c 0.01),ArffFileStream -f ./../../../Dataset/benchmarks/connect-4.arff,1,23500.0,6.953125,1.3037545916934816E-8,23500.0,0.716,0.5434010434010433,0.678910744958923,0.46813292182303057,0.3274419589654087,0.7162536045514769,0.5434010434010433,0.364,0.504,0.132,23500.0,7248.0
meta.imbalanced.OnlineUnderOverBagging -l (trees.HoeffdingTree -e 2000000 -g 100 -c 0.01),ArffFileStream -f ./../../../Dataset/benchmarks/connect-4.arff,1,24000.0,7.0625,1.32426309088866E-8,24000.0,0.936,0.583184789067142,0.6249257278669044,0.5431182181610509,0.0,0.6708572796934866,0.583184789067142,0.924,0.034,0.042,24000.0,7248.0
meta.imbalanced.OnlineUnderOverBagging -l (trees.HoeffdingTree -e 2000000 -g 100 -c 0.01),ArffFileStream -f ./../../../Dataset/benchmarks/connect-4.arff,1,24500.0,7.171875,1.3447715900838383E-8,24500.0,0.84,0.43312248700598216,0.5505530621543668,0.305941143808995,0.20506131015703433,0.5542568542568542,0.43312248700598216,0.824,0.11,0.066,24500.0,7248.0
meta.imbalanced.OnlineUnderOverBagging -l (trees.HoeffdingTree -e 2000000 -g 100 -c 0.01),ArffFileStream -f ./../../../Dataset/benchmarks/connect-4.arff,1,25000.0,7.328125,1.3740694460769503E-8,25000.0,0.772,0.5509947364352525,0.6088307015509596,0.5457877793006726,0.0,0.7632476771196284,0.5509947364352525,0.326,0.582,0.092,25000.0,7248.0
meta.imbalanced.OnlineUnderOverBagging -l (trees.HoeffdingTree -e 2000000 -g 100 -c 0.01),ArffFileStream -f ./../../../Dataset/benchmarks/connect-4.arff,1,25500.0,7.5,1.4062970876693734E-8,25500.0,0.694,0.5112712490761271,0.5889689578713969,0.41199077632590314,0.0,0.7250158093285942,0.5112712490761271,0.328,0.528,0.144,25500.0,7248.0
meta.imbalanced.OnlineUnderOverBagging -l (trees.HoeffdingTree -e 2000000 -g 100 -c 0.01),ArffFileStream -f ./../../../Dataset/benchmarks/connect-4.arff,1,26000.0,7.625,1.429735372463863E-8,26000.0,0.794,0.565617341310597,0.7148156193350729,0.47273583553453324,0.4978601431681015,0.7788648244958924,0.565617341310597,0.254,0.69,0.056,26000.0,7248.0
meta.imbalanced.OnlineUnderOverBagging -l (trees.HoeffdingTree -e 2000000 -g 100 -c 0.01),ArffFileStream -f ./../../../Dataset/benchmarks/connect-4.arff,1,26500.0,7.78125,1.4590332284569748E-8,26500.0,0.68,0.5076867206769813,0.6907006136149892,0.3823824596618544,0.3436632907248728,0.7242829965343054,0.5076867206769813,0.36,0.524,0.116,26500.0,7248.0
meta.imbalanced.OnlineUnderOverBagging -l (trees.HoeffdingTree -e 2000000 -g 100 -c 0.01),ArffFileStream -f ./../../../Dataset/benchmarks/connect-4.arff,1,27000.0,7.9375,1.4883310844500868E-8,27000.0,0.66,0.5263696183493138,0.5965181425079903,0.41874777756503184,0.0,0.6895117294053463,0.5263696183493138,0.45,0.394,0.156,27000.0,7248.0
meta.imbalanced.OnlineUnderOverBagging -l (trees.HoeffdingTree -e 2000000 -g 100 -c 0.01),ArffFileStream -f ./../../../Dataset/benchmarks/connect-4.arff,1,27500.0,8.078125,1.5146991548438875E-8,27500.0,0.762,0.5672338943024811,0.6340888960135821,0.5633796615642015,0.23967939693629717,0.6321237577176432,0.5672338943024811,0.416,0.482,0.102,27500.0,7248.0
meta.imbalanced.OnlineUnderOverBagging -l (trees.HoeffdingTree -e 2000000 -g 100 -c 0.01),ArffFileStream -f ./../../../Dataset/benchmarks/connect-4.arff,1,28000.0,8.171875,1.5322778684397545E-8,28000.0,0.736,0.5802414980425451,0.6700277676195628,0.5305832147937412,0.4050972612435352,0.7074233468579029,0.5802414980425451,0.518,0.382,0.1,28000.0,7248.0
meta.imbalanced.OnlineUnderOverBagging -l (trees.HoeffdingTree -e 2000000 -g 100 -c 0.01),ArffFileStream -f ./../../../Dataset/benchmarks/connect-4.arff,1,28500.0,8.28125,1.5527863676349328E-8,28500.0,0.764,0.5566644488800178,0.6115546985112202,0.4964839216221752,0.0,0.47128939828080235,0.5566644488800178,0.668,0.216,0.116,28500.0,7248.0
meta.imbalanced.OnlineUnderOverBagging -l (trees.HoeffdingTree -e 2000000 -g 100 -c 0.01),ArffFileStream -f ./../../../Dataset/benchmarks/connect-4.arff,1,29000.0,8.4375,1.582084223628045E-8,29000.0,0.74,0.5610666781332415,0.687758241926054,0.49563921909432324,0.4143147782008526,0.7456450956450956,0.5610666781332415,0.342,0.544,0.114,29000.0,7248.0
meta.imbalanced.OnlineUnderOverBagging -l (trees.HoeffdingTree -e 2000000 -g 100 -c 0.01),ArffFileStream -f ./../../../Dataset/benchmarks/connect-4.arff,1,29500.0,8.5625,1.6055225084225343E-8,29500.0,0.71,0.5575695259495556,0.6357795995929664,0.4947242239661012,0.31421946822329555,0.599194572365304,0.5575695259495556,0.47,0.404,0.126,29500.0,7248.0
meta.imbalanced.OnlineUnderOverBagging -l (trees.HoeffdingTree -e 2000000 -g 100 -c 0.01),ArffFileStream -f ./../../../Dataset/benchmarks/connect-4.arff,1,30000.0,8.71875,1.6348203644156463E-8,30000.0,0.774,0.5679933665008292,0.6170353096365392,0.5840572455019288,0.0,0.5192297382782763,0.5679933665008292,0.536,0.384,0.08,30000.0,7248.0
meta.imbalanced.OnlineUnderOverBagging -l (trees.HoeffdingTree -e 2000000 -g 100 -c 0.01),ArffFileStream -f ./../../../Dataset/benchmarks/connect-4.arff,1,30500.0,8.84375,1.6582586492101357E-8,30500.0,0.726,0.5697066630449287,0.6437602104631721,0.5038784393536658,0.31416399513382703,0.6398071740157262,0.5697066630449287,0.576,0.29,0.134,30500.0,7248.0
meta.imbalanced.OnlineUnderOverBagging -l (trees.HoeffdingTree -e 2000000 -g 100 -c 0.01),ArffFileStream -f ./../../../Dataset/benchmarks/connect-4.arff,1,31000.0,8.9375,1.6758373628060028E-8,31000.0,0.704,0.4856995884773663,0.5966205440537093,0.31272754290809124,0.2267030250531909,0.6049448175641177,0.4856995884773663,0.648,0.192,0.16,31000.0,7248.0
meta.imbalanced.OnlineUnderOverBagging -l (trees.HoeffdingTree -e 2000000 -g 100 -c 0.01),ArffFileStream -f ./../../../Dataset/benchmarks/connect-4.arff,1,31500.0,9.0625,1.6992756476004922E-8,31500.0,0.802,0.47100078802206463,0.5687975787421772,0.3926678445229682,0.0,0.4817578772802653,0.47100078802206463,0.752,0.18,0.068,31500.0,7248.0
meta.imbalanced.OnlineUnderOverBagging -l (trees.HoeffdingTree -e 2000000 -g 100 -c 0.01),ArffFileStream -f ./../../../Dataset/benchmarks/connect-4.arff,1,32000.0,9.171875,1.7197841467956704E-8,32000.0,0.786,0.5292866382215141,0.6155454123041157,0.450075036490348,0.27710075985302035,0.5780082742316784,0.5292866382215141,0.722,0.17,0.108,32000.0,7248.0
meta.imbalanced.OnlineUnderOverBagging -l (trees.HoeffdingTree -e 2000000 -g 100 -c 0.01),ArffFileStream -f ./../../../Dataset/benchmarks/connect-4.arff,1,32500.0,9.296875,1.7432224315901598E-8,32500.0,0.87,0.4135658914728682,0.5401162790697674,0.22058611923833277,0.0,0.705699671172817,0.4135658914728682,0.86,0.072,0.068,32500.0,7248.0
meta.imbalanced.OnlineUnderOverBagging -l (trees.HoeffdingTree -e 2000000 -g 100 -c 0.01),ArffFileStream -f ./../../../Dataset/benchmarks/connect-4.arff,1,33000.0,9.453125,1.772520287583272E-8,33000.0,0.77,0.5420512093334564,0.6234585118014789,0.5326647052130237,0.2787296293817547,0.6737409045512912,0.5420512093334564,0.596,0.346,0.058,33000.0,7248.0
meta.imbalanced.OnlineUnderOverBagging -l (trees.HoeffdingTree -e 2000000 -g 100 -c 0.01),ArffFileStream -f ./../../../Dataset/benchmarks/connect-4.arff,1,33500.0,9.578125,1.7959585723777613E-8,33500.0,0.788,0.5636476065764585,0.6151571366215626,0.5683336048216322,0.0,0.7602430555555555,0.5636476065764585,0.632,0.29,0.078,33500.0,7248.0
meta.imbalanced.OnlineUnderOverBagging -l (trees.HoeffdingTree -e 2000000 -g 100 -c 0.01),ArffFileStream -f ./../../../Dataset/benchmarks/connect-4.arff,1,34000.0,9.6875,1.8164670715729395E-8,34000.0,0.722,0.5568385881244664,0.6117526273955666,0.5009514235450401,0.0,0.7167804094741068,0.5568385881244664,0.536,0.338,0.126,34000.0,7248.0
meta.imbalanced.OnlineUnderOverBagging -l (trees.HoeffdingTree -e 2000000 -g 100 -c 0.01),ArffFileStream -f ./../../../Dataset/benchmarks/connect-4.arff,1,34500.0,9.8125,1.839905356367429E-8,34500.0,0.778,0.5590859332238642,0.626559934318555,0.5645419452028999,0.2526805162173733,0.8396020383402086,0.5590859332238642,0.58,0.336,0.084,34500.0,7248.0
meta.imbalanced.OnlineUnderOverBagging -l (trees.HoeffdingTree -e 2000000 -g 100 -c 0.01),ArffFileStream -f ./../../../Dataset/benchmarks/connect-4.arff,1,35000.0,9.953125,1.8662734267612295E-8,35000.0,0.668,0.5411178218770971,0.6254210590170538,0.4345124543522102,0.29058241312080574,0.5995321498073791,0.5411178218770971,0.488,0.36,0.152,35000.0,7248.0
meta.imbalanced.OnlineUnderOverBagging -l (trees.HoeffdingTree -e 2000000 -g 100 -c 0.01),ArffFileStream -f ./../../../Dataset/benchmarks/connect-4.arff,1,35500.0,10.109375,1.8955712827543416E-8,35500.0,0.698,0.539754363283775,0.6021816314682398,0.4702535065007964,0.0,0.4693389090594744,0.539754363283775,0.476,0.39,0.134,35500.0,7248.0
meta.imbalanced.OnlineUnderOverBagging -l (trees.HoeffdingTree -e 2000000 -g 100 -c 0.01),ArffFileStream -f ./../../../Dataset/benchmarks/connect-4.arff,1,36000.0,10.265625,1.9248691387474537E-8,36000.0,0.652,0.477347440837742,0.5679968298847621,0.34625297755468554,0.0,0.46180105242758973,0.477347440837742,0.366,0.502,0.132,36000.0,7248.0
meta.imbalanced.OnlineUnderOverBagging -l (trees.HoeffdingTree -e 2000000 -g 100 -c 0.01),ArffFileStream -f ./../../../Dataset/benchmarks/connect-4.arff,1,36500.0,10.4375,1.957096780339877E-8,36500.0,0.686,0.5385349558577905,0.6180260665248821,0.44727651664507406,0.26678914480381083,0.7905536198219125,0.5385349558577905,0.508,0.36,0.132,36500.0,7248.0
meta.imbalanced.OnlineUnderOverBagging -l (trees.HoeffdingTree -e 2000000 -g 100 -c 0.01),ArffFileStream -f ./../../../Dataset/benchmarks/connect-4.arff,1,37000.0,10.578125,1.9834648507336775E-8,37000.0,0.692,0.4990256812959893,0.582846173981328,0.4011044567161857,0.0,0.6685672817748289,0.4990256812959893,0.584,0.314,0.102,37000.0,7248.0
meta.imbalanced.OnlineUnderOverBagging -l (trees.HoeffdingTree -e 2000000 -g 100 -c 0.01),ArffFileStream -f ./../../../Dataset/benchmarks/connect-4.arff,1,37500.0,10.703125,2.006903135528167E-8,37500.0,0.922,0.5585501455066672,0.6345198279980888,0.4816724701629409,0.3072060650230334,0.7993885726333545,0.5585501455066672,0.91,0.046,0.044,37500.0,7248.0
meta.imbalanced.OnlineUnderOverBagging -l (trees.HoeffdingTree -e 2000000 -g 100 -c 0.01),ArffFileStream -f ./../../../Dataset/benchmarks/connect-4.arff,1,38000.0,10.828125,2.0303414203226563E-8,38000.0,0.962,0.5527835527835528,0.7763917763917764,0.2857142857142857,0.0,0.7347560975609756,0.5527835527835528,0.962,0.012,0.026,38000.0,7248.0
meta.imbalanced.OnlineUnderOverBagging -l (trees.HoeffdingTree -e 2000000 -g 100 -c 0.01),ArffFileStream -f ./../../../Dataset/benchmarks/connect-4.arff,1,38500.0,10.984375,2.0596392763157684E-8,38500.0,0.79,0.44339904106277145,0.5699063471216709,0.305775944144716,0.18634694908012134,0.8096405228758169,0.44339904106277145,0.746,0.156,0.098,38500.0,7248.0
meta.imbalanced.OnlineUnderOverBagging -l (trees.HoeffdingTree -e 2000000 -g 100 -c 0.01),ArffFileStream -f ./../../../Dataset/benchmarks/connect-4.arff,1,39000.0,11.140625,2.0889371323088805E-8,39000.0,0.894,0.4292988640814728,0.7146494320407365,0.1946512688041331,0.19175229186460063,0.9641649763353617,0.4292988640814728,0.88,0.046,0.074,39000.0,7248.0
meta.imbalanced.OnlineUnderOverBagging -l (trees.HoeffdingTree -e 2000000 -g 100 -c 0.01),ArffFileStream -f ./../../../Dataset/benchmarks/connect-4.arff,1,39500.0,11.296875,2.1182349883019926E-8,39500.0,0.768,0.5068141874047215,0.6280771811384056,0.41390460792239286,0.31342670221629115,0.8178638687113263,0.5068141874047215,0.686,0.22,0.094,39500.0,7248.0
meta.imbalanced.OnlineUnderOverBagging -l (trees.HoeffdingTree -e 2000000 -g 100 -c 0.01),ArffFileStream -f ./../../../Dataset/benchmarks/connect-4.arff,1,40000.0,11.484375,2.153392415493727E-8,40000.0,0.704,0.478505291005291,0.5725859788359788,0.3841544607190413,0.0,0.7125743189280327,0.478505291005291,0.576,0.336,0.088,40000.0,7248.0
meta.imbalanced.OnlineUnderOverBagging -l (trees.HoeffdingTree -e 2000000 -g 100 -c 0.01),ArffFileStream -f ./../../../Dataset/benchmarks/connect-4.arff,1,40500.0,11.609375,2.1768307002882164E-8,40500.0,0.76,0.5240820503852563,0.606063307283519,0.4380233407639136,0.21025508820317185,0.6510484955994892,0.5240820503852563,0.662,0.214,0.124,40500.0,7248.0
meta.imbalanced.OnlineUnderOverBagging -l (trees.HoeffdingTree -e 2000000 -g 100 -c 0.01),ArffFileStream -f ./../../../Dataset/benchmarks/connect-4.arff,1,41000.0,11.71875,2.1973391994833946E-8,41000.0,0.764,0.551036636217296,0.6087591659899574,0.47693180609241465,0.0,0.46984834723254343,0.551036636217296,0.674,0.204,0.122,41000.0,7248.0
meta.imbalanced.OnlineUnderOverBagging -l (trees.HoeffdingTree -e 2000000 -g 100 -c 0.01),ArffFileStream -f ./../../../Dataset/benchmarks/connect-4.arff,1,41500.0,11.890625,2.229566841075818E-8,41500.0,0.732,0.5816183973000549,0.6241425319833608,0.5302563958746696,0.0,0.7314197027152434,0.5816183973000549,0.548,0.31,0.142,41500.0,7248.0
meta.imbalanced.OnlineUnderOverBagging -l (trees.HoeffdingTree -e 2000000 -g 100 -c 0.01),ArffFileStream -f ./../../../Dataset/benchmarks/connect-4.arff,1,42000.0,12.0,2.250075340270996E-8,42000.0,0.932,0.6181762011292213,0.6859023382522275,0.632050560581793,0.3961166774024319,0.7141280353200883,0.6181762011292213,0.894,0.056,0.05,42000.0,7248.0
meta.imbalanced.OnlineUnderOverBagging -l (trees.HoeffdingTree -e 2000000 -g 100 -c 0.01),ArffFileStream -f ./../../../Dataset/benchmarks/connect-4.arff,1,42500.0,12.109375,2.2705838394661743E-8,42500.0,0.842,0.5171045429666119,0.5881823702557925,0.4171290284500059,0.0,0.4630467571644042,0.5171045429666119,0.812,0.096,0.092,42500.0,7248.0
meta.imbalanced.OnlineUnderOverBagging -l (trees.HoeffdingTree -e 2000000 -g 100 -c 0.01),ArffFileStream -f ./../../../Dataset/benchmarks/connect-4.arff,1,43000.0,12.265625,2.2998816954592864E-8,43000.0,0.82,0.5083164471462344,0.5874915569064506,0.45220820957296587,0.0,0.7616933992400552,0.5083164471462344,0.752,0.168,0.08,43000.0,7248.0
meta.imbalanced.OnlineUnderOverBagging -l (trees.HoeffdingTree -e 2000000 -g 100 -c 0.01),ArffFileStream -f ./../../../Dataset/benchmarks/connect-4.arff,1,43500.0,12.375,2.3203901946544646E-8,43500.0,0.842,0.4504239178937974,0.558525675433888,0.2877107564692093,0.0,0.4562724014336917,0.4504239178937974,0.83,0.09,0.08,43500.0,7248.0
meta.imbalanced.OnlineUnderOverBagging -l (trees.HoeffdingTree -e 2000000 -g 100 -c 0.01),ArffFileStream -f ./../../../Dataset/benchmarks/connect-4.arff,1,44000.0,12.546875,2.352617836246888E-8,44000.0,0.696,0.5540824915824916,0.6097416472416474,0.44530406095816427,0.0,0.46436597509343064,0.5540824915824916,0.528,0.288,0.184,44000.0,7248.0
meta.imbalanced.OnlineUnderOverBagging -l (trees.HoeffdingTree -e 2000000 -g 100 -c 0.01),ArffFileStream -f ./../../../Dataset/benchmarks/connect-4.arff,1,44500.0,12.703125,2.38191569224E-8,44500.0,0.854,0.5594749684927466,0.6130708175797066,0.5083976456961224,0.0,0.7555259696512784,0.5594749684927466,0.802,0.124,0.074,44500.0,7248.0
meta.imbalanced.OnlineUnderOverBagging -l (trees.HoeffdingTree -e 2000000 -g 100 -c 0.01),ArffFileStream -f ./../../../Dataset/benchmarks/connect-4.arff,1,45000.0,12.8125,2.4024241914351782E-8,45000.0,0.912,0.37630934899657364,0.5214880078316201,0.16641406486814186,0.0,0.709349593495935,0.37630934899657364,0.908,0.06,0.032,45000.0,7248.0
meta.imbalanced.OnlineUnderOverBagging -l (trees.HoeffdingTree -e 2000000 -g 100 -c 0.01),ArffFileStream -f ./../../../Dataset/benchmarks/connect-4.arff,1,45500.0,12.921875,2.4229326906303564E-8,45500.0,0.828,0.44171582750262955,0.5541912470846481,0.32686286787726987,0.0,0.7850290330724565,0.44171582750262955,0.788,0.148,0.064,45500.0,7248.0
meta.imbalanced.OnlineUnderOverBagging -l (trees.HoeffdingTree -e 2000000 -g 100 -c 0.01),ArffFileStream -f ./../../../Dataset/benchmarks/connect-4.arff,1,46000.0,13.046875,2.446370975424846E-8,46000.0,0.836,0.4882326085715916,0.592536783588628,0.389690230578008,0.2155540662859622,0.8235930735930737,0.4882326085715916,0.792,0.118,0.09,46000.0,7248.0
meta.imbalanced.OnlineUnderOverBagging -l (trees.HoeffdingTree -e 2000000 -g 100 -c 0.01),ArffFileStream -f ./../../../Dataset/benchmarks/connect-4.arff,1,46500.0,13.1875,2.4727390458186464E-8,46500.0,0.802,0.4813009535332584,0.6252386184856767,0.3210621605310803,0.3001225424982224,0.6384502179204166,0.4813009535332584,0.77,0.114,0.116,46500.0,7248.0
meta.imbalanced.OnlineUnderOverBagging -l (trees.HoeffdingTree -e 2000000 -g 100 -c 0.01),ArffFileStream -f ./../../../Dataset/benchmarks/connect-4.arff,1,47000.0,13.328125,2.499107116212447E-8,47000.0,0.884,0.5021204147964711,0.6287536850917133,0.3939140611937803,0.23979563156164038,0.6624670433145009,0.5021204147964711,0.852,0.078,0.07,47000.0,7248.0
meta.imbalanced.OnlineUnderOverBagging -l (trees.HoeffdingTree -e 2000000 -g 100 -c 0.01),ArffFileStream -f ./../../../Dataset/benchmarks/connect-4.arff,1,47500.0,13.484375,2.528404972205559E-8,47500.0,0.796,0.5429505086481831,0.6346505907793,0.4998234671060374,0.2994740919501694,0.7334737661370827,0.5429505086481831,0.688,0.222,0.09,47500.0,7248.0
meta.imbalanced.OnlineUnderOverBagging -l (trees.HoeffdingTree -e 2000000 -g 100 -c 0.01),ArffFileStream -f ./../../../Dataset/benchmarks/connect-4.arff,1,48000.0,13.65625,2.5606326137979823E-8,48000.0,0.704,0.5920581490882783,0.6394072860437927,0.4998783487875429,0.24730078814498344,0.7999007936507937,0.5920581490882783,0.468,0.328,0.204,48000.0,7248.0
meta.imbalanced.OnlineUnderOverBagging -l (trees.HoeffdingTree -e 2000000 -g 100 -c 0.01),ArffFileStream -f ./../../../Dataset/benchmarks/connect-4.arff,1,48500.0,13.8125,2.5899304697910944E-8,48500.0,0.824,0.5307033214298453,0.6373392781025454,0.43591189969487965,0.3681136139937288,0.648068777101035,0.5307033214298453,0.786,0.092,0.122,48500.0,7248.0
meta.imbalanced.OnlineUnderOverBagging -l (trees.HoeffdingTree -e 2000000 -g 100 -c 0.01),ArffFileStream -f ./../../../Dataset/benchmarks/connect-4.arff,1,49000.0,14.015625,2.62801768258214E-8,49000.0,0.868,0.42622141174682776,0.5348430385813564,0.2652134221014896,0.0,0.47671685407534464,0.42622141174682776,0.856,0.082,0.062,49000.0,7248.0
meta.imbalanced.OnlineUnderOverBagging -l (trees.HoeffdingTree -e 2000000 -g 100 -c 0.01),ArffFileStream -f ./../../../Dataset/benchmarks/connect-4.arff,1,49500.0,14.1875,2.6602453241745633E-8,49500.0,0.792,0.5286332589436668,0.5975674982180382,0.5416846614195436,0.0,0.5215051585372441,0.5286332589436668,0.636,0.31,0.054,49500.0,7248.0
meta.imbalanced.OnlineUnderOverBagging -l (trees.HoeffdingTree -e 2000000 -g 100 -c 0.01),ArffFileStream -f ./../../../Dataset/benchmarks/connect-4.arff,1,50000.0,14.359375,2.6924729657669865E-8,50000.0,0.774,0.5548717948717948,0.6107692307692308,0.5385645682924439,0.0,0.7469223484848485,0.5548717948717948,0.65,0.286,0.064,50000.0,7248.0
meta.imbalanced.OnlineUnderOverBagging -l (trees.HoeffdingTree -e 2000000 -g 100 -c 0.01),ArffFileStream -f ./../../../Dataset/benchmarks/connect-4.arff,1,50500.0,14.484375,2.715911250561476E-8,50500.0,0.764,0.5270161677221262,0.5968414171943964,0.5329692076308082,0.0,0.7554734984641527,0.5270161677221262,0.576,0.386,0.038,50500.0,7248.0
meta.imbalanced.OnlineUnderOverBagging -l (trees.HoeffdingTree -e 2000000 -g 100 -c 0.01),ArffFileStream -f ./../../../Dataset/benchmarks/connect-4.arff,1,51000.0,14.609375,2.7393495353559653E-8,51000.0,0.76,0.5658896098694224,0.6162781382680446,0.5651827319568952,0.0,0.7619001281240371,0.5658896098694224,0.438,0.456,0.106,51000.0,7248.0
meta.imbalanced.OnlineUnderOverBagging -l (trees.HoeffdingTree -e 2000000 -g 100 -c 0.01),ArffFileStream -f ./../../../Dataset/benchmarks/connect-4.arff,1,51500.0,14.75,2.765717605749766E-8,51500.0,0.806,0.5235002684897139,0.6061845899493356,0.4906906654625264,0.22999100010994994,0.837756938524202,0.5235002684897139,0.202,0.706,0.092,51500.0,7248.0
meta.imbalanced.OnlineUnderOverBagging -l (trees.HoeffdingTree -e 2000000 -g 100 -c 0.01),ArffFileStream -f ./../../../Dataset/benchmarks/connect-4.arff,1,52000.0,14.890625,2.7920856761435665E-8,52000.0,0.692,0.5051576775714707,0.5858874198717948,0.4034476079798567,0.0,0.5114914143659143,0.5051576775714707,0.338,0.522,0.14,52000.0,7248.0
meta.imbalanced.OnlineUnderOverBagging -l (trees.HoeffdingTree -e 2000000 -g 100 -c 0.01),ArffFileStream -f ./../../../Dataset/benchmarks/connect-4.arff,1,52500.0,15.015625,2.815523960938056E-8,52500.0,0.694,0.5573269735442637,0.640744410877596,0.4696302664327956,0.32088204562384587,0.6920104050538832,0.5573269735442637,0.396,0.446,0.158,52500.0,7248.0
meta.imbalanced.OnlineUnderOverBagging -l (trees.HoeffdingTree -e 2000000 -g 100 -c 0.01),ArffFileStream -f ./../../../Dataset/benchmarks/connect-4.arff,1,53000.0,15.15625,2.8418920313318565E-8,53000.0,0.886,0.6135774846914743,0.6401220756790705,0.6917652657307867,0.0,0.8096230618231545,0.6135774846914743,0.772,0.176,0.052,53000.0,7248.0
meta.imbalanced.OnlineUnderOverBagging -l (trees.HoeffdingTree -e 2000000 -g 100 -c 0.01),ArffFileStream -f ./../../../Dataset/benchmarks/connect-4.arff,1,53500.0,15.28125,2.865330316126346E-8,53500.0,0.85,0.4891645988420182,0.5779156327543424,0.43247169925540285,0.0,0.7463083791208791,0.4891645988420182,0.806,0.13,0.064,53500.0,7248.0
meta.imbalanced.OnlineUnderOverBagging -l (trees.HoeffdingTree -e 2000000 -g 100 -c 0.01),ArffFileStream -f ./../../../Dataset/benchmarks/connect-4.arff,1,54000.0,15.390625,2.885838815321524E-8,54000.0,0.816,0.5054320797105177,0.6008819090737596,0.46649347034399574,0.24828619815398942,0.8276371308016878,0.5054320797105177,0.744,0.19,0.066,54000.0,7248.0
meta.imbalanced.OnlineUnderOverBagging -l (trees.HoeffdingTree -e 2000000 -g 100 -c 0.01),ArffFileStream -f ./../../../Dataset/benchmarks/connect-4.arff,1,54500.0,15.5625,2.9180664569139474E-8,54500.0,0.808,0.5770296954507481,0.6427476519581783,0.6251259342564607,0.29484627622164267,0.8650982727814175,0.5770296954507481,0.57,0.374,0.056,54500.0,7248.0
meta.imbalanced.OnlineUnderOverBagging -l (trees.HoeffdingTree -e 2000000 -g 100 -c 0.01),ArffFileStream -f ./../../../Dataset/benchmarks/connect-4.arff,1,55000.0,15.703125,2.944434527307748E-8,55000.0,0.732,0.5140991164041491,0.5903828915354078,0.47602214783995994,0.0,0.7300029735355338,0.5140991164041491,0.548,0.38,0.072,55000.0,7248.0
meta.imbalanced.OnlineUnderOverBagging -l (trees.HoeffdingTree -e 2000000 -g 100 -c 0.01),ArffFileStream -f ./../../../Dataset/benchmarks/connect-4.arff,1,55500.0,15.84375,2.9708025977015485E-8,55500.0,0.696,0.5251641751294828,0.5959154208980747,0.4506288853549227,0.0,0.701060687432868,0.5251641751294828,0.398,0.478,0.124,55500.0,7248.0
meta.imbalanced.OnlineUnderOverBagging -l (trees.HoeffdingTree -e 2000000 -g 100 -c 0.01),ArffFileStream -f ./../../../Dataset/benchmarks/connect-4.arff,1,56000.0,16.0,3.0001004536946606E-8,56000.0,0.742,0.5517768780926676,0.6092217723796671,0.5257910834019527,0.0,0.7491768802468497,0.5517768780926676,0.39,0.494,0.116,56000.0,7248.0
meta.imbalanced.OnlineUnderOverBagging -l (trees.HoeffdingTree -e 2000000 -g 100 -c 0.01),ArffFileStream -f ./../../../Dataset/benchmarks/connect-4.arff,1,56500.0,16.140625,3.026468524088461E-8,56500.0,0.67,0.5377058823529411,0.6351521779543061,0.4192185850052798,0.35286799136149277,0.6617839332615963,0.5377058823529411,0.5,0.34,0.16,56500.0,7248.0
meta.imbalanced.OnlineUnderOverBagging -l (trees.HoeffdingTree -e 2000000 -g 100 -c 0.01),ArffFileStream -f ./../../../Dataset/benchmarks/connect-4.arff,1,57000.0,16.28125,3.052836594482262E-8,57000.0,0.73,0.5449013949013949,0.6172236418867145,0.43919177148934047,0.2545381622009698,0.6212694409415721,0.5449013949013949,0.63,0.216,0.154,57000.0,7248.0
meta.imbalanced.OnlineUnderOverBagging -l (trees.HoeffdingTree -e 2000000 -g 100 -c 0.01),ArffFileStream -f ./../../../Dataset/benchmarks/connect-4.arff,1,57500.0,16.375,3.070415308078129E-8,57500.0,0.792,0.48081403350353424,0.6099833705802029,0.3527185819557857,0.29524001009692996,0.6318764948901935,0.48081403350353424,0.754,0.152,0.094,57500.0,7248.0
meta.imbalanced.OnlineUnderOverBagging -l (trees.HoeffdingTree -e 2000000 -g 100 -c 0.01),ArffFileStream -f ./../../../Dataset/benchmarks/connect-4.arff,1,58000.0,16.484375,3.090923807273307E-8,58000.0,0.808,0.5049946269802684,0.638086271494977,0.4020554344440984,0.34547811062771105,0.7045392557958309,0.5049946269802684,0.758,0.156,0.086,58000.0,7248.0
meta.imbalanced.OnlineUnderOverBagging -l (trees.HoeffdingTree -e 2000000 -g 100 -c 0.01),ArffFileStream -f ./../../../Dataset/benchmarks/connect-4.arff,1,58500.0,16.609375,3.1143620920677964E-8,58500.0,0.694,0.5107617443383866,0.5887142055025266,0.3964211323612952,0.0,0.6643838118197093,0.5107617443383866,0.598,0.274,0.128,58500.0,7248.0
meta.imbalanced.OnlineUnderOverBagging -l (trees.HoeffdingTree -e 2000000 -g 100 -c 0.01),ArffFileStream -f ./../../../Dataset/benchmarks/connect-4.arff,1,59000.0,16.71875,3.1348705912629747E-8,59000.0,0.656,0.5547334964674714,0.6656091297412648,0.41211052322163433,0.4225726072338376,0.7339373020293573,0.5547334964674714,0.512,0.316,0.172,59000.0,7248.0
meta.imbalanced.OnlineUnderOverBagging -l (trees.HoeffdingTree -e 2000000 -g 100 -c 0.01),ArffFileStream -f ./../../../Dataset/benchmarks/connect-4.arff,1,59500.0,16.828125,3.155379090458153E-8,59500.0,0.664,0.5344110977724423,0.6449334674307823,0.3710974349759669,0.40322850693738466,0.5608349354572919,0.5344110977724423,0.6,0.204,0.196,59500.0,7248.0
meta.imbalanced.OnlineUnderOverBagging -l (trees.HoeffdingTree -e 2000000 -g 100 -c 0.01),ArffFileStream -f ./../../../Dataset/benchmarks/connect-4.arff,1,60000.0,17.015625,3.190536517649887E-8,60000.0,0.706,0.575404270249631,0.6555615492004002,0.47259654712188404,0.3798841570744443,0.6045453642449888,0.575404270249631,0.582,0.27,0.148,60000.0,7248.0
meta.imbalanced.OnlineUnderOverBagging -l (trees.HoeffdingTree -e 2000000 -g 100 -c 0.01),ArffFileStream -f ./../../../Dataset/benchmarks/connect-4.arff,1,60500.0,17.140625,3.2139748024443764E-8,60500.0,0.792,0.5659652912973595,0.670314929185897,0.46732772661619937,0.4330665436383993,0.667509569014357,0.5659652912973595,0.744,0.154,0.102,60500.0,7248.0
meta.imbalanced.OnlineUnderOverBagging -l (trees.HoeffdingTree -e 2000000 -g 100 -c 0.01),ArffFileStream -f ./../../../Dataset/benchmarks/connect-4.arff,1,61000.0,17.28125,3.240342872838177E-8,61000.0,0.806,0.5521025240697371,0.6532363279677661,0.4759589411129119,0.36271083402733895,0.7558106169296988,0.5521025240697371,0.732,0.168,0.1,61000.0,7248.0
meta.imbalanced.OnlineUnderOverBagging -l (trees.HoeffdingTree -e 2000000 -g 100 -c 0.01),ArffFileStream -f ./../../../Dataset/benchmarks/connect-4.arff,1,61500.0,17.4375,3.269640728831289E-8,61500.0,0.688,0.4738850157221656,0.5855797465049181,0.32449987009612885,0.25915752864423874,0.5297368198358298,0.4738850157221656,0.628,0.226,0.146,61500.0,7248.0
meta.imbalanced.OnlineUnderOverBagging -l (trees.HoeffdingTree -e 2000000 -g 100 -c 0.01),ArffFileStream -f ./../../../Dataset/benchmarks/connect-4.arff,1,62000.0,17.578125,3.296008799225089E-8,62000.0,0.732,0.5371672968687895,0.6590471361362028,0.3936816195035429,0.40058192373340434,0.7067698972724377,0.5371672968687895,0.67,0.182,0.148,62000.0,7248.0
meta.imbalanced.OnlineUnderOverBagging -l (trees.HoeffdingTree -e 2000000 -g 100 -c 0.01),ArffFileStream -f ./../../../Dataset/benchmarks/connect-4.arff,1,62500.0,17.8125,3.339955583214757E-8,62500.0,0.768,0.5883376507144163,0.6441429409741192,0.5659234977585188,0.2907936475515678,0.8309048027204025,0.5883376507144163,0.578,0.3,0.122,62500.0,7248.0
meta.imbalanced.OnlineUnderOverBagging -l (trees.HoeffdingTree -e 2000000 -g 100 -c 0.01),ArffFileStream -f ./../../../Dataset/benchmarks/connect-4.arff,1,63000.0,18.0,3.375113010406491E-8,63000.0,0.708,0.5522022146302494,0.6721857285966001,0.44250551766799295,0.4426341633817002,0.6556514993135529,0.5522022146302494,0.298,0.566,0.136,63000.0,7248.0
meta.imbalanced.OnlineUnderOverBagging -l (trees.HoeffdingTree -e 2000000 -g 100 -c 0.01),ArffFileStream -f ./../../../Dataset/benchmarks/connect-4.arff,1,63500.0,18.171875,3.407340651998914E-8,63500.0,0.736,0.5463628360256332,0.6065147513461498,0.514470257625024,0.0,0.7548057581641041,0.5463628360256332,0.402,0.486,0.112,63500.0,7248.0
meta.imbalanced.OnlineUnderOverBagging -l (trees.HoeffdingTree -e 2000000 -g 100 -c 0.01),ArffFileStream -f ./../../../Dataset/benchmarks/connect-4.arff,1,64000.0,18.3125,3.4337087223927145E-8,64000.0,0.812,0.47114454919023446,0.5688794032060688,0.3309037070781846,0.0,0.44951744617668893,0.47114454919023446,0.788,0.112,0.1,64000.0,7248.0
meta.imbalanced.OnlineUnderOverBagging -l (trees.HoeffdingTree -e 2000000 -g 100 -c 0.01),ArffFileStream -f ./../../../Dataset/benchmarks/connect-4.arff,1,64500.0,18.4375,3.457147007187204E-8,64500.0,0.63,0.5413151094791242,0.6212058390450439,0.39247057587221523,0.29107552551727445,0.593270944741533,0.5413151094791242,0.456,0.344,0.2,64500.0,7248.0
meta.imbalanced.OnlineUnderOverBagging -l (trees.HoeffdingTree -e 2000000 -g 100 -c 0.01),ArffFileStream -f ./../../../Dataset/benchmarks/connect-4.arff,1,65000.0,18.53125,3.474725720783071E-8,65000.0,0.662,0.5348767463099667,0.6280414873662142,0.4060922981768088,0.32971958815066305,0.6678748152432363,0.5348767463099667,0.53,0.304,0.166,65000.0,7248.0
meta.imbalanced.OnlineUnderOverBagging -l (trees.HoeffdingTree -e 2000000 -g 100 -c 0.01),ArffFileStream -f ./../../../Dataset/benchmarks/connect-4.arff,1,65500.0,18.71875,3.509883147974805E-8,65500.0,0.712,0.5104143122725783,0.6181598405505832,0.3932550182866196,0.32283518878903633,0.7733698130414957,0.5104143122725783,0.648,0.258,0.094,65500.0,7248.0
meta.imbalanced.OnlineUnderOverBagging -l (trees.HoeffdingTree -e 2000000 -g 100 -c 0.01),ArffFileStream -f ./../../../Dataset/benchmarks/connect-4.arff,1,66000.0,18.90625,3.545040575166539E-8,66000.0,0.754,0.5058788947677836,0.5862727807172251,0.4387764413863591,0.0,0.7236091883901545,0.5058788947677836,0.648,0.252,0.1,66000.0,7248.0
meta.imbalanced.OnlineUnderOverBagging -l (trees.HoeffdingTree -e 2000000 -g 100 -c 0.01),ArffFileStream -f ./../../../Dataset/benchmarks/connect-4.arff,1,66500.0,19.03125,3.5684788599610286E-8,66500.0,0.704,0.5023771183191473,0.5922190619116993,0.40574181891186506,0.21521745219971078,0.5200966183574879,0.5023771183191473,0.598,0.294,0.108,66500.0,7248.0
meta.imbalanced.OnlineUnderOverBagging -l (trees.HoeffdingTree -e 2000000 -g 100 -c 0.01),ArffFileStream -f ./../../../Dataset/benchmarks/connect-4.arff,1,67000.0,19.1875,3.5977767159541403E-8,67000.0,0.798,0.5669288725148528,0.6167977695907597,0.5568698338042506,0.0,0.7590880478401133,0.5669288725148528,0.664,0.242,0.094,67000.0,7248.0
meta.imbalanced.OnlineUnderOverBagging -l (trees.HoeffdingTree -e 2000000 -g 100 -c 0.01),ArffFileStream -f ./../../../Dataset/benchmarks/connect-4.arff,1,67500.0,19.296875,3.6182852151493186E-8,67500.0,0.706,0.5959349463055662,0.6961333685289178,0.49112057326825215,0.4598443026398413,0.7168573989409163,0.5959349463055662,0.49,0.318,0.192,67500.0,7248.0
meta.imbalanced.OnlineUnderOverBagging -l (trees.HoeffdingTree -e 2000000 -g 100 -c 0.01),ArffFileStream -f ./../../../Dataset/benchmarks/connect-4.arff,1,67557.0,19.3125,3.62121500074863E-8,67557.0,0.68,0.6075058184884445,0.7099326369875502,0.47674114384385957,0.49168892111480433,0.7214357078826508,0.6075058184884445,0.436,0.328,0.236,67557.0,7248.0
