Learner,stream,randomSeed,learning evaluation instances,evaluation time (cpu seconds),model cost (RAM-Hours),classified instances,Accuracy,AvgAccuracy,AUC,Kappa,G-Mean,Precision,Recall,Ratio-Class-0,Ratio-Class-1,model training instances,model serialized size (bytes)
meta.imbalanced.OnlineRUSBoost -l (trees.HoeffdingTree -e 2000000 -g 100 -c 0.01),ArffFileStream -f ./../../../Dataset/benchmarks/electricity.arff,1,500.0,0.21875,1.8290140562587314E-10,500.0,0.924,0.925490259269405,0.9254902592694049,0.8475389578084126,0.9253201988888214,0.9230362549864625,0.925490259269405,0.458,0.542,500.0,3232.0
meta.imbalanced.OnlineRUSBoost -l (trees.HoeffdingTree -e 2000000 -g 100 -c 0.01),ArffFileStream -f ./../../../Dataset/benchmarks/electricity.arff,1,1000.0,0.390625,3.2660965290334487E-10,1000.0,0.958,0.957968687274187,0.957968687274187,0.915716808476481,0.9579685451205512,0.9577555213148434,0.957968687274187,0.53,0.47,1000.0,3232.0
meta.imbalanced.OnlineRUSBoost -l (trees.HoeffdingTree -e 2000000 -g 100 -c 0.01),ArffFileStream -f ./../../../Dataset/benchmarks/electricity.arff,1,1500.0,0.515625,4.3112474183241524E-10,1500.0,0.982,0.9704650704502906,0.9704650704502906,0.9443730221518988,0.9702694472546732,0.9739323556415791,0.9704650704502906,0.204,0.796,1500.0,3232.0
meta.imbalanced.OnlineRUSBoost -l (trees.HoeffdingTree -e 2000000 -g 100 -c 0.01),ArffFileStream -f ./../../../Dataset/benchmarks/electricity.arff,1,2000.0,0.671875,5.617686029937531E-10,2000.0,0.948,0.9445488721804511,0.9445488721804511,0.8907122200551483,0.9444137299050045,0.9461963479549895,0.9445488721804511,0.392,0.608,2000.0,3232.0
meta.imbalanced.OnlineRUSBoost -l (trees.HoeffdingTree -e 2000000 -g 100 -c 0.01),ArffFileStream -f ./../../../Dataset/benchmarks/electricity.arff,1,2500.0,0.875,7.316056225034925E-10,2500.0,0.936,0.9331168831168831,0.9331168831168831,0.8696219035202086,0.9328075204080797,0.936975890985325,0.9331168831168831,0.44,0.56,2500.0,3232.0
meta.imbalanced.OnlineRUSBoost -l (trees.HoeffdingTree -e 2000000 -g 100 -c 0.01),ArffFileStream -f ./../../../Dataset/benchmarks/electricity.arff,1,3000.0,1.03125,8.622494836648305E-10,3000.0,0.966,0.9624951286873719,0.9624951286873719,0.9277726793786751,0.9623805464064589,0.9653573376977632,0.9624951286873719,0.382,0.618,3000.0,3232.0
meta.imbalanced.OnlineRUSBoost -l (trees.HoeffdingTree -e 2000000 -g 100 -c 0.01),ArffFileStream -f ./../../../Dataset/benchmarks/electricity.arff,1,3500.0,1.15625,9.667645725939008E-10,3500.0,0.954,0.9538887821128836,0.9538887821128835,0.907893893765618,0.9538824503735405,0.9540124000704914,0.9538887821128836,0.516,0.484,3500.0,3232.0
meta.imbalanced.OnlineRUSBoost -l (trees.HoeffdingTree -e 2000000 -g 100 -c 0.01),ArffFileStream -f ./../../../Dataset/benchmarks/electricity.arff,1,4000.0,1.265625,1.0582152754068374E-9,4000.0,0.95,0.9180000409743705,0.9180000409743705,0.8671795307718463,0.9154500535120978,0.9526355488508297,0.9180000409743705,0.266,0.734,4000.0,3232.0
meta.imbalanced.OnlineRUSBoost -l (trees.HoeffdingTree -e 2000000 -g 100 -c 0.01),ArffFileStream -f ./../../../Dataset/benchmarks/electricity.arff,1,4500.0,1.40625,1.1757947504520416E-9,4500.0,0.944,0.9373246352413019,0.9373246352413019,0.8769252408748858,0.9370532979917506,0.9396375431915944,0.9373246352413019,0.352,0.648,4500.0,3232.0
meta.imbalanced.OnlineRUSBoost -l (trees.HoeffdingTree -e 2000000 -g 100 -c 0.01),ArffFileStream -f ./../../../Dataset/benchmarks/electricity.arff,1,5000.0,1.515625,1.2672454532649782E-9,5000.0,0.942,0.9386384255705214,0.9386384255705214,0.8739831745811026,0.9385658502516308,0.9354249294237864,0.9386384255705214,0.356,0.644,5000.0,3232.0
meta.imbalanced.OnlineRUSBoost -l (trees.HoeffdingTree -e 2000000 -g 100 -c 0.01),ArffFileStream -f ./../../../Dataset/benchmarks/electricity.arff,1,5500.0,1.640625,1.3717605421940485E-9,5500.0,0.924,0.9199669284828442,0.9199669284828441,0.8424413301268762,0.9196940375896798,0.9225943859298824,0.9199669284828442,0.41,0.59,5500.0,3232.0
meta.imbalanced.OnlineRUSBoost -l (trees.HoeffdingTree -e 2000000 -g 100 -c 0.01),ArffFileStream -f ./../../../Dataset/benchmarks/electricity.arff,1,6000.0,1.765625,1.476275631123119E-9,6000.0,0.914,0.9111661840964487,0.9111661840964486,0.8238282530317929,0.9109649784333536,0.9127257799671593,0.9111661840964487,0.426,0.574,6000.0,3232.0
meta.imbalanced.OnlineRUSBoost -l (trees.HoeffdingTree -e 2000000 -g 100 -c 0.01),ArffFileStream -f ./../../../Dataset/benchmarks/electricity.arff,1,6500.0,1.890625,1.5807907200521893E-9,6500.0,0.934,0.9334298473769446,0.9334298473769447,0.8652885274811404,0.9334218977089299,0.931924882629108,0.9334298473769446,0.426,0.574,6500.0,3232.0
meta.imbalanced.OnlineRUSBoost -l (trees.HoeffdingTree -e 2000000 -g 100 -c 0.01),ArffFileStream -f ./../../../Dataset/benchmarks/electricity.arff,1,7000.0,2.03125,1.6983701950973934E-9,7000.0,0.918,0.9145811380400422,0.9145811380400422,0.8308859924104933,0.9143547017147914,0.9163704009921455,0.9145811380400422,0.416,0.584,7000.0,3232.0
meta.imbalanced.OnlineRUSBoost -l (trees.HoeffdingTree -e 2000000 -g 100 -c 0.01),ArffFileStream -f ./../../../Dataset/benchmarks/electricity.arff,1,7500.0,2.140625,1.78982089791033E-9,7500.0,0.934,0.9339999999999999,0.9339999999999999,0.868,0.9338265363545845,0.9345631938992935,0.9339999999999999,0.5,0.5,7500.0,3232.0
meta.imbalanced.OnlineRUSBoost -l (trees.HoeffdingTree -e 2000000 -g 100 -c 0.01),ArffFileStream -f ./../../../Dataset/benchmarks/electricity.arff,1,8000.0,2.234375,1.868207214607133E-9,8000.0,0.94,0.9361616161616162,0.9361616161616162,0.8779991866612444,0.9353743916343084,0.9437346881731038,0.9361616161616162,0.55,0.45,8000.0,3232.0
meta.imbalanced.OnlineRUSBoost -l (trees.HoeffdingTree -e 2000000 -g 100 -c 0.01),ArffFileStream -f ./../../../Dataset/benchmarks/electricity.arff,1,8500.0,2.3125,1.9335291451878017E-9,8500.0,0.958,0.9568445698890243,0.9568445698890243,0.9156274106454101,0.956541737567427,0.9596827548369399,0.9568445698890243,0.524,0.476,8500.0,3232.0
meta.imbalanced.OnlineRUSBoost -l (trees.HoeffdingTree -e 2000000 -g 100 -c 0.01),ArffFileStream -f ./../../../Dataset/benchmarks/electricity.arff,1,9000.0,2.40625,2.0119154618846043E-9,9000.0,0.962,0.9617681047765794,0.9617681047765794,0.9237437790977685,0.9617591900259563,0.9619831393014853,0.9617681047765794,0.528,0.472,9000.0,3232.0
meta.imbalanced.OnlineRUSBoost -l (trees.HoeffdingTree -e 2000000 -g 100 -c 0.01),ArffFileStream -f ./../../../Dataset/benchmarks/electricity.arff,1,9500.0,2.5,2.090301778581407E-9,9500.0,0.94,0.9402663407102418,0.940266340710242,0.8795142012594782,0.9402590640699084,0.9393618387262455,0.9402663407102418,0.464,0.536,9500.0,3232.0
meta.imbalanced.OnlineRUSBoost -l (trees.HoeffdingTree -e 2000000 -g 100 -c 0.01),ArffFileStream -f ./../../../Dataset/benchmarks/electricity.arff,1,10000.0,2.59375,2.1686880952782096E-9,10000.0,0.95,0.9512200991480965,0.9512200991480965,0.9,0.9509306724281954,0.95,0.9512200991480965,0.526,0.474,10000.0,3232.0
meta.imbalanced.OnlineRUSBoost -l (trees.HoeffdingTree -e 2000000 -g 100 -c 0.01),ArffFileStream -f ./../../../Dataset/benchmarks/electricity.arff,1,10500.0,2.671875,2.2340100258588784E-9,10500.0,0.964,0.9640737874097007,0.9640737874097007,0.9274895262649049,0.9640734227741599,0.9634460547504026,0.9640737874097007,0.544,0.456,10500.0,3232.0
meta.imbalanced.OnlineRUSBoost -l (trees.HoeffdingTree -e 2000000 -g 100 -c 0.01),ArffFileStream -f ./../../../Dataset/benchmarks/electricity.arff,1,11000.0,2.765625,2.312396342555681E-9,11000.0,0.95,0.9469327019516927,0.9469327019516927,0.8968885076055036,0.9467479804240416,0.9501523582405935,0.9469327019516927,0.418,0.582,11000.0,3232.0
meta.imbalanced.OnlineRUSBoost -l (trees.HoeffdingTree -e 2000000 -g 100 -c 0.01),ArffFileStream -f ./../../../Dataset/benchmarks/electricity.arff,1,11500.0,2.859375,2.3907826592524837E-9,11500.0,0.944,0.9375212224108659,0.9375212224108659,0.8804236419542193,0.937132497295482,0.9432099614749587,0.9375212224108659,0.38,0.62,11500.0,3232.0
meta.imbalanced.OnlineRUSBoost -l (trees.HoeffdingTree -e 2000000 -g 100 -c 0.01),ArffFileStream -f ./../../../Dataset/benchmarks/electricity.arff,1,12000.0,2.953125,2.4691689759492863E-9,12000.0,0.918,0.9176773097934924,0.9176773097934924,0.8357161174509552,0.9176335316905294,0.9180993007890179,0.9176773097934924,0.518,0.482,12000.0,3232.0
meta.imbalanced.OnlineRUSBoost -l (trees.HoeffdingTree -e 2000000 -g 100 -c 0.01),ArffFileStream -f ./../../../Dataset/benchmarks/electricity.arff,1,12500.0,3.078125,2.573684064878357E-9,12500.0,0.936,0.9361906592350566,0.9361906592350567,0.8719344304283794,0.9361716997807109,0.9358555790282312,0.9361906592350566,0.484,0.516,12500.0,3232.0
meta.imbalanced.OnlineRUSBoost -l (trees.HoeffdingTree -e 2000000 -g 100 -c 0.01),ArffFileStream -f ./../../../Dataset/benchmarks/electricity.arff,1,13000.0,3.171875,2.6520703815751595E-9,13000.0,0.942,0.9419367747098839,0.9419367747098839,0.8839442932607652,0.9419314698838674,0.9420146004098361,0.9419367747098839,0.51,0.49,13000.0,3232.0
meta.imbalanced.OnlineRUSBoost -l (trees.HoeffdingTree -e 2000000 -g 100 -c 0.01),ArffFileStream -f ./../../../Dataset/benchmarks/electricity.arff,1,13500.0,3.265625,2.730456698271962E-9,13500.0,0.936,0.9351245505906522,0.9351245505906522,0.8714239794278367,0.9349938682373804,0.9365539452495975,0.9351245505906522,0.472,0.528,13500.0,3232.0
meta.imbalanced.OnlineRUSBoost -l (trees.HoeffdingTree -e 2000000 -g 100 -c 0.01),ArffFileStream -f ./../../../Dataset/benchmarks/electricity.arff,1,14000.0,3.34375,2.795778628852631E-9,14000.0,0.946,0.945906432748538,0.9459064327485379,0.8915836813363315,0.9459053029269172,0.9456844640706543,0.945906432748538,0.532,0.468,14000.0,3232.0
meta.imbalanced.OnlineRUSBoost -l (trees.HoeffdingTree -e 2000000 -g 100 -c 0.01),ArffFileStream -f ./../../../Dataset/benchmarks/electricity.arff,1,14500.0,3.4375,2.8741649455494336E-9,14500.0,0.924,0.9228131753847153,0.9228131753847153,0.8456263507694307,0.9227635392884747,0.9228131753847153,0.9228131753847153,0.438,0.562,14500.0,3232.0
meta.imbalanced.OnlineRUSBoost -l (trees.HoeffdingTree -e 2000000 -g 100 -c 0.01),ArffFileStream -f ./../../../Dataset/benchmarks/electricity.arff,1,15000.0,3.53125,2.952551262246236E-9,15000.0,0.946,0.9390364544690113,0.9390364544690112,0.8875112488751125,0.9381632952219757,0.9502840909090908,0.9390364544690113,0.414,0.586,15000.0,3232.0
meta.imbalanced.OnlineRUSBoost -l (trees.HoeffdingTree -e 2000000 -g 100 -c 0.01),ArffFileStream -f ./../../../Dataset/benchmarks/electricity.arff,1,15500.0,3.625,3.030937578943039E-9,15500.0,0.94,0.9359723123512871,0.9359723123512871,0.8747975894362553,0.9357467021300496,0.9389522708616039,0.9359723123512871,0.402,0.598,15500.0,3232.0
meta.imbalanced.OnlineRUSBoost -l (trees.HoeffdingTree -e 2000000 -g 100 -c 0.01),ArffFileStream -f ./../../../Dataset/benchmarks/electricity.arff,1,16000.0,3.734375,3.122388281755975E-9,16000.0,0.924,0.9209415584415584,0.9209415584415584,0.8451760104302477,0.9205888149623404,0.9246920859538783,0.9209415584415584,0.44,0.56,16000.0,3232.0
meta.imbalanced.OnlineRUSBoost -l (trees.HoeffdingTree -e 2000000 -g 100 -c 0.01),ArffFileStream -f ./../../../Dataset/benchmarks/electricity.arff,1,16500.0,3.84375,3.2138389845689116E-9,16500.0,0.93,0.928516844973088,0.9285168449730878,0.8549883990719258,0.9284847114479865,0.9265398925175692,0.928516844973088,0.404,0.596,16500.0,3232.0
meta.imbalanced.OnlineRUSBoost -l (trees.HoeffdingTree -e 2000000 -g 100 -c 0.01),ArffFileStream -f ./../../../Dataset/benchmarks/electricity.arff,1,17000.0,3.953125,3.305289687381848E-9,17000.0,0.928,0.9065067732622696,0.9065067732622696,0.8299705282248924,0.9046233065044854,0.9250058045042953,0.9065067732622696,0.316,0.684,17000.0,3232.0
meta.imbalanced.OnlineRUSBoost -l (trees.HoeffdingTree -e 2000000 -g 100 -c 0.01),ArffFileStream -f ./../../../Dataset/benchmarks/electricity.arff,1,17500.0,4.0625,3.3967403901947844E-9,17500.0,0.934,0.9234397677793904,0.9234397677793904,0.8559304274937133,0.9226232557162154,0.9332078273320252,0.9234397677793904,0.364,0.636,17500.0,3232.0
meta.imbalanced.OnlineRUSBoost -l (trees.HoeffdingTree -e 2000000 -g 100 -c 0.01),ArffFileStream -f ./../../../Dataset/benchmarks/electricity.arff,1,18000.0,4.140625,3.4620623207754532E-9,18000.0,0.932,0.9316456510550695,0.9316456510550695,0.8632913021101389,0.9316326517669903,0.9316456510550695,0.9316456510550695,0.464,0.536,18000.0,3232.0
meta.imbalanced.OnlineRUSBoost -l (trees.HoeffdingTree -e 2000000 -g 100 -c 0.01),ArffFileStream -f ./../../../Dataset/benchmarks/electricity.arff,1,18500.0,4.234375,3.540448637472256E-9,18500.0,0.906,0.8796805584937593,0.8796805584937593,0.7856778053407267,0.8754097834604148,0.9118051970400964,0.8796805584937593,0.348,0.652,18500.0,3232.0
meta.imbalanced.OnlineRUSBoost -l (trees.HoeffdingTree -e 2000000 -g 100 -c 0.01),ArffFileStream -f ./../../../Dataset/benchmarks/electricity.arff,1,19000.0,4.296875,3.592706181936791E-9,19000.0,0.948,0.9449072550615701,0.9449072550615701,0.8876928659052818,0.9448408094755172,0.9428211890848288,0.9449072550615701,0.362,0.638,19000.0,3232.0
meta.imbalanced.OnlineRUSBoost -l (trees.HoeffdingTree -e 2000000 -g 100 -c 0.01),ArffFileStream -f ./../../../Dataset/benchmarks/electricity.arff,1,19500.0,4.390625,3.6710924986335935E-9,19500.0,0.926,0.9266025641025641,0.926602564102564,0.8519763162105937,0.9264801048135813,0.9259268148290373,0.9266025641025641,0.52,0.48,19500.0,3232.0
meta.imbalanced.OnlineRUSBoost -l (trees.HoeffdingTree -e 2000000 -g 100 -c 0.01),ArffFileStream -f ./../../../Dataset/benchmarks/electricity.arff,1,20000.0,4.46875,3.736414429214262E-9,20000.0,0.95,0.9498847926267281,0.9498847926267281,0.8999711917032105,0.9497756223018645,0.9504397699418446,0.9498847926267281,0.496,0.504,20000.0,3232.0
meta.imbalanced.OnlineRUSBoost -l (trees.HoeffdingTree -e 2000000 -g 100 -c 0.01),ArffFileStream -f ./../../../Dataset/benchmarks/electricity.arff,1,20500.0,4.609375,3.853993904259466E-9,20500.0,0.886,0.8851616729989259,0.885161672998926,0.7712754004686848,0.8849565949053895,0.886419197117859,0.8851616729989259,0.478,0.522,20500.0,3232.0
meta.imbalanced.OnlineRUSBoost -l (trees.HoeffdingTree -e 2000000 -g 100 -c 0.01),ArffFileStream -f ./../../../Dataset/benchmarks/electricity.arff,1,21000.0,4.703125,3.932380220956269E-9,21000.0,0.896,0.8910293509714757,0.8910293509714757,0.7843933991209885,0.8906013315211903,0.8934757649877701,0.8910293509714757,0.41,0.59,21000.0,3232.0
meta.imbalanced.OnlineRUSBoost -l (trees.HoeffdingTree -e 2000000 -g 100 -c 0.01),ArffFileStream -f ./../../../Dataset/benchmarks/electricity.arff,1,21500.0,4.78125,3.997702151536938E-9,21500.0,0.936,0.9152804290519043,0.9152804290519044,0.8204184250695878,0.9144876216861838,0.9054042062294791,0.9152804290519043,0.228,0.772,21500.0,3232.0
meta.imbalanced.OnlineRUSBoost -l (trees.HoeffdingTree -e 2000000 -g 100 -c 0.01),ArffFileStream -f ./../../../Dataset/benchmarks/electricity.arff,1,22000.0,4.890625,4.089152854349874E-9,22000.0,0.886,0.8599264705882352,0.8599264705882353,0.7331960307058604,0.8568710178180089,0.8743857435132603,0.8599264705882352,0.32,0.68,22000.0,3232.0
meta.imbalanced.OnlineRUSBoost -l (trees.HoeffdingTree -e 2000000 -g 100 -c 0.01),ArffFileStream -f ./../../../Dataset/benchmarks/electricity.arff,1,22500.0,5.0,4.1806035571628106E-9,22500.0,0.908,0.8936001105812427,0.8936001105812427,0.7984577637574483,0.8920305109753172,0.906060606060606,0.8936001105812427,0.364,0.636,22500.0,3232.0
meta.imbalanced.OnlineRUSBoost -l (trees.HoeffdingTree -e 2000000 -g 100 -c 0.01),ArffFileStream -f ./../../../Dataset/benchmarks/electricity.arff,1,23000.0,5.125,4.285118646091881E-9,23000.0,0.886,0.8855942376950781,0.8855942376950781,0.7717443536761173,0.8853618165577773,0.8866525423728814,0.8855942376950781,0.49,0.51,23000.0,3232.0
meta.imbalanced.OnlineRUSBoost -l (trees.HoeffdingTree -e 2000000 -g 100 -c 0.01),ArffFileStream -f ./../../../Dataset/benchmarks/electricity.arff,1,23500.0,5.234375,4.376569348904817E-9,23500.0,0.89,0.873885918003565,0.8738859180035651,0.7531418312387792,0.8724338484746849,0.8794663048394391,0.873885918003565,0.34,0.66,23500.0,3232.0
meta.imbalanced.OnlineRUSBoost -l (trees.HoeffdingTree -e 2000000 -g 100 -c 0.01),ArffFileStream -f ./../../../Dataset/benchmarks/electricity.arff,1,24000.0,5.390625,4.507213210066155E-9,24000.0,0.89,0.8880078806278664,0.8880078806278664,0.7775224904536924,0.8877653867729188,0.8896754731669343,0.8880078806278664,0.452,0.548,24000.0,3232.0
meta.imbalanced.OnlineRUSBoost -l (trees.HoeffdingTree -e 2000000 -g 100 -c 0.01),ArffFileStream -f ./../../../Dataset/benchmarks/electricity.arff,1,24500.0,5.46875,4.572535140646824E-9,24500.0,0.926,0.9111881335718546,0.9111881335718545,0.8267206174365891,0.9103361937705926,0.9156260006404098,0.9111881335718546,0.312,0.688,24500.0,3232.0
meta.imbalanced.OnlineRUSBoost -l (trees.HoeffdingTree -e 2000000 -g 100 -c 0.01),ArffFileStream -f ./../../../Dataset/benchmarks/electricity.arff,1,25000.0,5.578125,4.66398584345976E-9,25000.0,0.888,0.884591057266579,0.8845910572665792,0.7720871929281912,0.884102775202967,0.8879128429111254,0.884591057266579,0.442,0.558,25000.0,3232.0
meta.imbalanced.OnlineRUSBoost -l (trees.HoeffdingTree -e 2000000 -g 100 -c 0.01),ArffFileStream -f ./../../../Dataset/benchmarks/electricity.arff,1,25500.0,5.671875,4.742372160156563E-9,25500.0,0.892,0.8913131313131313,0.8913131313131314,0.7819943480016148,0.8912866649916396,0.8907069435703797,0.8913131313131313,0.45,0.55,25500.0,3232.0
meta.imbalanced.OnlineRUSBoost -l (trees.HoeffdingTree -e 2000000 -g 100 -c 0.01),ArffFileStream -f ./../../../Dataset/benchmarks/electricity.arff,1,26000.0,5.765625,4.820758476853365E-9,26000.0,0.91,0.9092100763706827,0.9092100763706829,0.8171029100959194,0.9091903824213707,0.9079545454545455,0.9092100763706827,0.434,0.566,26000.0,3232.0
meta.imbalanced.OnlineRUSBoost -l (trees.HoeffdingTree -e 2000000 -g 100 -c 0.01),ArffFileStream -f ./../../../Dataset/benchmarks/electricity.arff,1,26500.0,5.84375,4.886080407434034E-9,26500.0,0.924,0.9150376835264296,0.9150376835264294,0.8370245835549227,0.914300175118291,0.9225133791717903,0.9150376835264296,0.378,0.622,26500.0,3232.0
meta.imbalanced.OnlineRUSBoost -l (trees.HoeffdingTree -e 2000000 -g 100 -c 0.01),ArffFileStream -f ./../../../Dataset/benchmarks/electricity.arff,1,27000.0,5.9375,4.964466724130837E-9,27000.0,0.94,0.9387112992426085,0.9387112992426085,0.8782487297284135,0.9386455574781725,0.9395667787906856,0.9387112992426085,0.442,0.558,27000.0,3232.0
meta.imbalanced.OnlineRUSBoost -l (trees.HoeffdingTree -e 2000000 -g 100 -c 0.01),ArffFileStream -f ./../../../Dataset/benchmarks/electricity.arff,1,27500.0,6.03125,5.042853040827639E-9,27500.0,0.946,0.9454545454545454,0.9454545454545454,0.8904754178159987,0.9454436188179792,0.9450283008157772,0.9454545454545454,0.44,0.56,27500.0,3232.0
meta.imbalanced.OnlineRUSBoost -l (trees.HoeffdingTree -e 2000000 -g 100 -c 0.01),ArffFileStream -f ./../../../Dataset/benchmarks/electricity.arff,1,28000.0,6.125,5.121239357524442E-9,28000.0,0.91,0.8999151103565365,0.8999151103565365,0.8072309801233721,0.8989335315014815,0.9079564938776217,0.8999151103565365,0.38,0.62,28000.0,3232.0
meta.imbalanced.OnlineRUSBoost -l (trees.HoeffdingTree -e 2000000 -g 100 -c 0.01),ArffFileStream -f ./../../../Dataset/benchmarks/electricity.arff,1,28500.0,6.25,5.225754446453512E-9,28500.0,0.9,0.8821940109804465,0.8821940109804466,0.7792884258850534,0.8798318921065704,0.8992311171415649,0.8821940109804465,0.362,0.638,28500.0,3232.0
meta.imbalanced.OnlineRUSBoost -l (trees.HoeffdingTree -e 2000000 -g 100 -c 0.01),ArffFileStream -f ./../../../Dataset/benchmarks/electricity.arff,1,29000.0,6.328125,5.291076377034181E-9,29000.0,0.924,0.9175,0.9175,0.8406040268456376,0.9169242062460778,0.9235998376623377,0.9175,0.4,0.6,29000.0,3232.0
meta.imbalanced.OnlineRUSBoost -l (trees.HoeffdingTree -e 2000000 -g 100 -c 0.01),ArffFileStream -f ./../../../Dataset/benchmarks/electricity.arff,1,29500.0,6.421875,5.369462693730984E-9,29500.0,0.92,0.9094721767594107,0.9094721767594108,0.8276931559721552,0.9084809086462937,0.9190452927629283,0.9094721767594107,0.376,0.624,29500.0,3232.0
meta.imbalanced.OnlineRUSBoost -l (trees.HoeffdingTree -e 2000000 -g 100 -c 0.01),ArffFileStream -f ./../../../Dataset/benchmarks/electricity.arff,1,30000.0,6.53125,5.46091339654392E-9,30000.0,0.906,0.9022326132771339,0.9022326132771338,0.8061376010559314,0.9019538853957005,0.903968582058702,0.9022326132771339,0.416,0.584,30000.0,3232.0
meta.imbalanced.OnlineRUSBoost -l (trees.HoeffdingTree -e 2000000 -g 100 -c 0.01),ArffFileStream -f ./../../../Dataset/benchmarks/electricity.arff,1,30500.0,6.65625,5.56542848547299E-9,30500.0,0.914,0.9036074740861975,0.9036074740861975,0.8149678130056112,0.9026352581000272,0.9120155241128457,0.9036074740861975,0.376,0.624,30500.0,3232.0
meta.imbalanced.OnlineRUSBoost -l (trees.HoeffdingTree -e 2000000 -g 100 -c 0.01),ArffFileStream -f ./../../../Dataset/benchmarks/electricity.arff,1,31000.0,6.78125,5.66994357440206E-9,31000.0,0.886,0.8807756824073604,0.8807756824073604,0.7592742752888708,0.8804974495442862,0.8785627653123105,0.8807756824073604,0.382,0.618,31000.0,3232.0
meta.imbalanced.OnlineRUSBoost -l (trees.HoeffdingTree -e 2000000 -g 100 -c 0.01),ArffFileStream -f ./../../../Dataset/benchmarks/electricity.arff,1,31500.0,6.875,5.748329891098863E-9,31500.0,0.912,0.8995745844082623,0.8995745844082622,0.8096062310688014,0.8982222622909647,0.9112087912087912,0.8995745844082623,0.374,0.626,31500.0,3232.0
meta.imbalanced.OnlineRUSBoost -l (trees.HoeffdingTree -e 2000000 -g 100 -c 0.01),ArffFileStream -f ./../../../Dataset/benchmarks/electricity.arff,1,32000.0,6.96875,5.826716207795666E-9,32000.0,0.912,0.912409933093155,0.9124099330931549,0.8233896345770985,0.9123921689119869,0.9112194496119059,0.912409933093155,0.464,0.536,32000.0,3232.0
meta.imbalanced.OnlineRUSBoost -l (trees.HoeffdingTree -e 2000000 -g 100 -c 0.01),ArffFileStream -f ./../../../Dataset/benchmarks/electricity.arff,1,32500.0,7.078125,5.918166910608602E-9,32500.0,0.902,0.8964285714285714,0.8964285714285715,0.79947618268129,0.8952254305081885,0.9050355774493706,0.8964285714285714,0.44,0.56,32500.0,3232.0
meta.imbalanced.OnlineRUSBoost -l (trees.HoeffdingTree -e 2000000 -g 100 -c 0.01),ArffFileStream -f ./../../../Dataset/benchmarks/electricity.arff,1,33000.0,7.171875,5.996553227305405E-9,33000.0,0.926,0.9263348052990767,0.9263348052990766,0.8516439454691259,0.9263179983800608,0.9254807692307692,0.9263348052990767,0.47,0.53,33000.0,3232.0
meta.imbalanced.OnlineRUSBoost -l (trees.HoeffdingTree -e 2000000 -g 100 -c 0.01),ArffFileStream -f ./../../../Dataset/benchmarks/electricity.arff,1,33500.0,7.28125,6.088003930118341E-9,33500.0,0.89,0.8944350042480884,0.8944350042480884,0.77834021150374,0.893904592538123,0.8873032680367714,0.8944350042480884,0.428,0.572,33500.0,3232.0
meta.imbalanced.OnlineRUSBoost -l (trees.HoeffdingTree -e 2000000 -g 100 -c 0.01),ArffFileStream -f ./../../../Dataset/benchmarks/electricity.arff,1,34000.0,7.359375,6.15332586069901E-9,34000.0,0.934,0.928784727776889,0.928784727776889,0.8539719626168224,0.9286380821809099,0.9252697270996404,0.928784727776889,0.342,0.658,34000.0,3232.0
meta.imbalanced.OnlineRUSBoost -l (trees.HoeffdingTree -e 2000000 -g 100 -c 0.01),ArffFileStream -f ./../../../Dataset/benchmarks/electricity.arff,1,34500.0,7.46875,6.244776563511946E-9,34500.0,0.898,0.897689452124936,0.897689452124936,0.7958628198149156,0.8968497520357435,0.9004898564269486,0.897689452124936,0.496,0.504,34500.0,3232.0
meta.imbalanced.OnlineRUSBoost -l (trees.HoeffdingTree -e 2000000 -g 100 -c 0.01),ArffFileStream -f ./../../../Dataset/benchmarks/electricity.arff,1,35000.0,7.59375,6.349291652441016E-9,35000.0,0.888,0.873539446005904,0.873539446005904,0.7511686188080977,0.8722768340693827,0.8777597025331164,0.873539446005904,0.346,0.654,35000.0,3232.0
meta.imbalanced.OnlineRUSBoost -l (trees.HoeffdingTree -e 2000000 -g 100 -c 0.01),ArffFileStream -f ./../../../Dataset/benchmarks/electricity.arff,1,35500.0,7.671875,6.414613583021685E-9,35500.0,0.92,0.9275703168320617,0.9275703168320618,0.8172614805474846,0.9273810245705651,0.8952820349649113,0.9275703168320617,0.298,0.702,35500.0,3232.0
meta.imbalanced.OnlineRUSBoost -l (trees.HoeffdingTree -e 2000000 -g 100 -c 0.01),ArffFileStream -f ./../../../Dataset/benchmarks/electricity.arff,1,36000.0,7.765625,6.492999899718488E-9,36000.0,0.88,0.8762697071549275,0.8762697071549275,0.7298514182800541,0.8762123290236477,0.8562637362637362,0.8762697071549275,0.314,0.686,36000.0,3232.0
meta.imbalanced.OnlineRUSBoost -l (trees.HoeffdingTree -e 2000000 -g 100 -c 0.01),ArffFileStream -f ./../../../Dataset/benchmarks/electricity.arff,1,36500.0,7.875,6.584450602531424E-9,36500.0,0.886,0.870855614973262,0.870855614973262,0.7448979591836735,0.8695687049453429,0.8741166316016615,0.870855614973262,0.34,0.66,36500.0,3232.0
meta.imbalanced.OnlineRUSBoost -l (trees.HoeffdingTree -e 2000000 -g 100 -c 0.01),ArffFileStream -f ./../../../Dataset/benchmarks/electricity.arff,1,37000.0,8.0,6.6889656914604944E-9,37000.0,0.906,0.903626664819273,0.903626664819273,0.7986634681288554,0.9035857490436158,0.8956706281833616,0.903626664819273,0.362,0.638,37000.0,3232.0
meta.imbalanced.OnlineRUSBoost -l (trees.HoeffdingTree -e 2000000 -g 100 -c 0.01),ArffFileStream -f ./../../../Dataset/benchmarks/electricity.arff,1,37500.0,8.109375,6.780416394273431E-9,37500.0,0.906,0.9054000432869201,0.9054000432869203,0.7927835778781038,0.9053982825632804,0.8892862709780218,0.9054000432869201,0.332,0.668,37500.0,3232.0
meta.imbalanced.OnlineRUSBoost -l (trees.HoeffdingTree -e 2000000 -g 100 -c 0.01),ArffFileStream -f ./../../../Dataset/benchmarks/electricity.arff,1,38000.0,8.171875,6.832673938737966E-9,38000.0,0.918,0.9087253186261512,0.9087253186261512,0.8185648033419478,0.908226258110407,0.9098482699943279,0.9087253186261512,0.346,0.654,38000.0,3232.0
meta.imbalanced.OnlineRUSBoost -l (trees.HoeffdingTree -e 2000000 -g 100 -c 0.01),ArffFileStream -f ./../../../Dataset/benchmarks/electricity.arff,1,38500.0,8.28125,6.924124641550902E-9,38500.0,0.92,0.9208061494735482,0.9208061494735482,0.8390108828643184,0.9207678582268286,0.9186427607480239,0.9208061494735482,0.452,0.548,38500.0,3232.0
meta.imbalanced.OnlineRUSBoost -l (trees.HoeffdingTree -e 2000000 -g 100 -c 0.01),ArffFileStream -f ./../../../Dataset/benchmarks/electricity.arff,1,39000.0,8.390625,7.015575344363839E-9,39000.0,0.908,0.9073931706067013,0.9073931706067013,0.8156223946642724,0.9071949927225881,0.9086498297024612,0.9073931706067013,0.484,0.516,39000.0,3232.0
meta.imbalanced.OnlineRUSBoost -l (trees.HoeffdingTree -e 2000000 -g 100 -c 0.01),ArffFileStream -f ./../../../Dataset/benchmarks/electricity.arff,1,39500.0,8.5,7.107026047176775E-9,39500.0,0.906,0.9055339386078686,0.9055339386078686,0.8117047530527868,0.9053809453984172,0.9064907550077042,0.9055339386078686,0.514,0.486,39500.0,3232.0
meta.imbalanced.OnlineRUSBoost -l (trees.HoeffdingTree -e 2000000 -g 100 -c 0.01),ArffFileStream -f ./../../../Dataset/benchmarks/electricity.arff,1,40000.0,8.578125,7.172347977757444E-9,40000.0,0.94,0.9346834519248313,0.9346834519248312,0.8748226654427105,0.9342555456391802,0.9406473308112653,0.9346834519248313,0.594,0.406,40000.0,3232.0
meta.imbalanced.OnlineRUSBoost -l (trees.HoeffdingTree -e 2000000 -g 100 -c 0.01),ArffFileStream -f ./../../../Dataset/benchmarks/electricity.arff,1,40500.0,8.703125,7.276863066686514E-9,40500.0,0.9,0.9010404142419725,0.9010404142419725,0.800105544272624,0.9007300956831639,0.9003216463170696,0.9010404142419725,0.478,0.522,40500.0,3232.0
meta.imbalanced.OnlineRUSBoost -l (trees.HoeffdingTree -e 2000000 -g 100 -c 0.01),ArffFileStream -f ./../../../Dataset/benchmarks/electricity.arff,1,41000.0,8.796875,7.355249383383317E-9,41000.0,0.912,0.9066780821917808,0.9066780821917808,0.8178807947019867,0.906124518946274,0.9116666666666666,0.9066780821917808,0.584,0.416,41000.0,3232.0
meta.imbalanced.OnlineRUSBoost -l (trees.HoeffdingTree -e 2000000 -g 100 -c 0.01),ArffFileStream -f ./../../../Dataset/benchmarks/electricity.arff,1,41500.0,8.875,7.4205713139639856E-9,41500.0,0.948,0.9470108695652174,0.9470108695652174,0.8947743314122903,0.9469631093315001,0.947793116857865,0.9470108695652174,0.552,0.448,41500.0,3232.0
meta.imbalanced.OnlineRUSBoost -l (trees.HoeffdingTree -e 2000000 -g 100 -c 0.01),ArffFileStream -f ./../../../Dataset/benchmarks/electricity.arff,1,42000.0,8.96875,7.498957630660789E-9,42000.0,0.936,0.9339774557165861,0.9339774557165861,0.8707592891760905,0.9336352168788714,0.9375,0.9339774557165861,0.46,0.54,42000.0,3232.0
meta.imbalanced.OnlineRUSBoost -l (trees.HoeffdingTree -e 2000000 -g 100 -c 0.01),ArffFileStream -f ./../../../Dataset/benchmarks/electricity.arff,1,42500.0,9.046875,7.564279561241459E-9,42500.0,0.934,0.9303030303030303,0.9303030303030303,0.8658536585365854,0.9295681630181671,0.937192118226601,0.9303030303030303,0.45,0.55,42500.0,3232.0
meta.imbalanced.OnlineRUSBoost -l (trees.HoeffdingTree -e 2000000 -g 100 -c 0.01),ArffFileStream -f ./../../../Dataset/benchmarks/electricity.arff,1,43000.0,9.140625,7.642665877938261E-9,43000.0,0.93,0.9307692307692308,0.9307692307692308,0.8600223964165733,0.9305705445916169,0.9300868813901022,0.9307692307692308,0.48,0.52,43000.0,3232.0
meta.imbalanced.OnlineRUSBoost -l (trees.HoeffdingTree -e 2000000 -g 100 -c 0.01),ArffFileStream -f ./../../../Dataset/benchmarks/electricity.arff,1,43500.0,9.25,7.734116580751199E-9,43500.0,0.9,0.889820615268255,0.889820615268255,0.7913780730009847,0.8876531499236964,0.9050588576993388,0.889820615268255,0.418,0.582,43500.0,3232.0
meta.imbalanced.OnlineRUSBoost -l (trees.HoeffdingTree -e 2000000 -g 100 -c 0.01),ArffFileStream -f ./../../../Dataset/benchmarks/electricity.arff,1,44000.0,9.34375,7.812502897448001E-9,44000.0,0.916,0.8943297061218447,0.8943297061218447,0.8023194517659462,0.8923889194552515,0.9090141277641277,0.8943297061218447,0.316,0.684,44000.0,3232.0
meta.imbalanced.OnlineRUSBoost -l (trees.HoeffdingTree -e 2000000 -g 100 -c 0.01),ArffFileStream -f ./../../../Dataset/benchmarks/electricity.arff,1,44500.0,9.453125,7.903953600260938E-9,44500.0,0.942,0.9398349014446123,0.9398349014446122,0.8818910465267822,0.9396726950822976,0.9422423371021502,0.9398349014446123,0.438,0.562,44500.0,3232.0
meta.imbalanced.OnlineRUSBoost -l (trees.HoeffdingTree -e 2000000 -g 100 -c 0.01),ArffFileStream -f ./../../../Dataset/benchmarks/electricity.arff,1,45000.0,9.515625,7.956211144725473E-9,45000.0,0.938,0.9377842083505581,0.9377842083505581,0.872322899505766,0.9377834420634386,0.9347290640394088,0.9377842083505581,0.41,0.59,45000.0,3232.0
meta.imbalanced.OnlineRUSBoost -l (trees.HoeffdingTree -e 2000000 -g 100 -c 0.01),ArffFileStream -f ./../../../Dataset/benchmarks/electricity.arff,1,45312.0,9.578125,8.008468689190009E-9,45312.0,0.932,0.933858318750405,0.933858318750405,0.8630181138400052,0.9337109085070076,0.9301780091253775,0.933858318750405,0.444,0.556,45312.0,3232.0
