Learner,stream,randomSeed,learning evaluation instances,evaluation time (cpu seconds),model cost (RAM-Hours),classified instances,Accuracy,AvgAccuracy,AUC,Kappa,G-Mean,Precision,Recall,Ratio-Class-0,Ratio-Class-1,Ratio-Class-2,Ratio-Class-3,Ratio-Class-4,Ratio-Class-5,Ratio-Class-6,Ratio-Class-7,Ratio-Class-8,Ratio-Class-9,Ratio-Class-10,Ratio-Class-11,Ratio-Class-12,Ratio-Class-13,Ratio-Class-14,Ratio-Class-15,Ratio-Class-16,Ratio-Class-17,model training instances,model serialized size (bytes)
meta.imbalanced.RebalanceStream -l (trees.HoeffdingTree -e 2000000 -g 100 -c 0.01),ArffFileStream -f ./../../../Dataset/benchmarks/kr-vs-k.arff,1,500.0,0.0625,8.834629423088497E-11,500.0,1.0,1.0,1.0,1.0,1.0,1.0,1.0,1.0,0.0,0.0,0.0,0.0,0.0,0.0,0.0,0.0,0.0,0.0,0.0,0.0,0.0,0.0,0.0,0.0,0.0,500.0,5464.0
meta.imbalanced.RebalanceStream -l (trees.HoeffdingTree -e 2000000 -g 100 -c 0.01),ArffFileStream -f ./../../../Dataset/benchmarks/kr-vs-k.arff,1,1000.0,0.078125,1.1111195716593E-10,1000.0,1.0,1.0,1.0,1.0,1.0,1.0,1.0,1.0,0.0,0.0,0.0,0.0,0.0,0.0,0.0,0.0,0.0,0.0,0.0,0.0,0.0,0.0,0.0,0.0,0.0,1000.0,5632.0
meta.imbalanced.RebalanceStream -l (trees.HoeffdingTree -e 2000000 -g 100 -c 0.01),ArffFileStream -f ./../../../Dataset/benchmarks/kr-vs-k.arff,1,1500.0,0.09375,1.3455670947829882E-10,1500.0,1.0,1.0,1.0,1.0,1.0,1.0,1.0,1.0,0.0,0.0,0.0,0.0,0.0,0.0,0.0,0.0,0.0,0.0,0.0,0.0,0.0,0.0,0.0,0.0,0.0,1500.0,5800.0
meta.imbalanced.RebalanceStream -l (trees.HoeffdingTree -e 2000000 -g 100 -c 0.01),ArffFileStream -f ./../../../Dataset/benchmarks/kr-vs-k.arff,1,2000.0,0.109375,1.5800146179066763E-10,2000.0,1.0,1.0,1.0,1.0,1.0,1.0,1.0,1.0,0.0,0.0,0.0,0.0,0.0,0.0,0.0,0.0,0.0,0.0,0.0,0.0,0.0,0.0,0.0,0.0,0.0,2000.0,5800.0
meta.imbalanced.RebalanceStream -l (trees.HoeffdingTree -e 2000000 -g 100 -c 0.01),ArffFileStream -f ./../../../Dataset/benchmarks/kr-vs-k.arff,1,2500.0,0.109375,1.5800146179066763E-10,2500.0,1.0,1.0,1.0,1.0,1.0,1.0,1.0,1.0,0.0,0.0,0.0,0.0,0.0,0.0,0.0,0.0,0.0,0.0,0.0,0.0,0.0,0.0,0.0,0.0,0.0,2500.0,5800.0
meta.imbalanced.RebalanceStream -l (trees.HoeffdingTree -e 2000000 -g 100 -c 0.01),ArffFileStream -f ./../../../Dataset/benchmarks/kr-vs-k.arff,1,3000.0,0.15625,2.2018664619988864E-10,3000.0,0.868,0.7766770266770266,0.9970522794740202,0.7724263488910956,0.940506228481266,0.7956619416453602,0.7766770266770266,0.592,0.054,0.156,0.198,0.0,0.0,0.0,0.0,0.0,0.0,0.0,0.0,0.0,0.0,0.0,0.0,0.0,0.0,3000.0,5128.0
meta.imbalanced.RebalanceStream -l (trees.HoeffdingTree -e 2000000 -g 100 -c 0.01),ArffFileStream -f ./../../../Dataset/benchmarks/kr-vs-k.arff,1,3500.0,0.171875,2.409150410029623E-10,3500.0,0.602,0.5404397904397904,0.9906759409074608,0.4589597890215057,0.8571045337773797,0.4808053998539911,0.5404397904397904,0.0,0.0,0.0,0.294,0.162,0.396,0.148,0.0,0.0,0.0,0.0,0.0,0.0,0.0,0.0,0.0,0.0,0.0,3500.0,5128.0
meta.imbalanced.RebalanceStream -l (trees.HoeffdingTree -e 2000000 -g 100 -c 0.01),ArffFileStream -f ./../../../Dataset/benchmarks/kr-vs-k.arff,1,4000.0,0.1875,2.6164343580603595E-10,4000.0,0.654,0.6347240224010173,0.9967568779446014,0.34694308967641596,0.950605989250645,0.24330357142857142,0.6347240224010173,0.0,0.0,0.0,0.0,0.0,0.0,0.794,0.206,0.0,0.0,0.0,0.0,0.0,0.0,0.0,0.0,0.0,0.0,4000.0,5128.0
meta.imbalanced.RebalanceStream -l (trees.HoeffdingTree -e 2000000 -g 100 -c 0.01),ArffFileStream -f ./../../../Dataset/benchmarks/kr-vs-k.arff,1,4500.0,0.203125,2.837300093637572E-10,4500.0,0.496,0.47573898494143896,0.9956693956321658,0.024480884470664748,0.9206703390987308,0.330634278002699,0.47573898494143896,0.0,0.0,0.0,0.0,0.0,0.0,0.0,0.978,0.022,0.0,0.0,0.0,0.0,0.0,0.0,0.0,0.0,0.0,4500.0,5464.0
meta.imbalanced.RebalanceStream -l (trees.HoeffdingTree -e 2000000 -g 100 -c 0.01),ArffFileStream -f ./../../../Dataset/benchmarks/kr-vs-k.arff,1,5000.0,0.21875,3.058165829214784E-10,5000.0,0.476,0.476,0.9973294911812202,0.0,0.9595978696662701,0.125,0.476,0.0,0.0,0.0,0.0,0.0,0.0,0.0,0.0,1.0,0.0,0.0,0.0,0.0,0.0,0.0,0.0,0.0,0.0,5000.0,5464.0
meta.imbalanced.RebalanceStream -l (trees.HoeffdingTree -e 2000000 -g 100 -c 0.01),ArffFileStream -f ./../../../Dataset/benchmarks/kr-vs-k.arff,1,5500.0,0.234375,3.2790315647919965E-10,5500.0,0.556,0.5081182643221781,0.9951017187177422,0.3028338860416039,0.9226171335570124,0.15350877192982457,0.5081182643221781,0.0,0.0,0.0,0.0,0.0,0.0,0.0,0.0,0.344,0.656,0.0,0.0,0.0,0.0,0.0,0.0,0.0,0.0,5500.0,5464.0
meta.imbalanced.RebalanceStream -l (trees.HoeffdingTree -e 2000000 -g 100 -c 0.01),ArffFileStream -f ./../../../Dataset/benchmarks/kr-vs-k.arff,1,6000.0,0.234375,3.2790315647919965E-10,6000.0,0.414,0.414,0.9967275611339997,0.0,0.9521869853576673,0.125,0.414,0.0,0.0,0.0,0.0,0.0,0.0,0.0,0.0,0.0,1.0,0.0,0.0,0.0,0.0,0.0,0.0,0.0,0.0,6000.0,5632.0
meta.imbalanced.RebalanceStream -l (trees.HoeffdingTree -e 2000000 -g 100 -c 0.01),ArffFileStream -f ./../../../Dataset/benchmarks/kr-vs-k.arff,1,6500.0,0.25,3.5134790879156846E-10,6500.0,0.526,0.526,0.9977237790144657,0.0,0.9649375521171025,0.14285714285714285,0.526,0.0,0.0,0.0,0.0,0.0,0.0,0.0,0.0,0.0,1.0,0.0,0.0,0.0,0.0,0.0,0.0,0.0,0.0,6500.0,5800.0
meta.imbalanced.RebalanceStream -l (trees.HoeffdingTree -e 2000000 -g 100 -c 0.01),ArffFileStream -f ./../../../Dataset/benchmarks/kr-vs-k.arff,1,7000.0,0.25,3.5134790879156846E-10,7000.0,0.622,0.6104279686558167,0.9966741978148496,0.29755444882182414,0.9465767072809762,0.15337423312883436,0.6104279686558167,0.0,0.0,0.0,0.0,0.0,0.0,0.0,0.0,0.0,0.21,0.79,0.0,0.0,0.0,0.0,0.0,0.0,0.0,7000.0,5464.0
meta.imbalanced.RebalanceStream -l (trees.HoeffdingTree -e 2000000 -g 100 -c 0.01),ArffFileStream -f ./../../../Dataset/benchmarks/kr-vs-k.arff,1,7500.0,0.265625,3.741135717266135E-10,7500.0,0.406,0.406,0.9967213704722588,0.0,0.9511553308747932,0.1,0.406,0.0,0.0,0.0,0.0,0.0,0.0,0.0,0.0,0.0,0.0,1.0,0.0,0.0,0.0,0.0,0.0,0.0,0.0,7500.0,5632.0
meta.imbalanced.RebalanceStream -l (trees.HoeffdingTree -e 2000000 -g 100 -c 0.01),ArffFileStream -f ./../../../Dataset/benchmarks/kr-vs-k.arff,1,8000.0,0.28125,3.975583240389823E-10,8000.0,0.496,0.496,0.9974147580077973,0.0,0.9617945578430678,0.1111111111111111,0.496,0.0,0.0,0.0,0.0,0.0,0.0,0.0,0.0,0.0,0.0,1.0,0.0,0.0,0.0,0.0,0.0,0.0,0.0,8000.0,5800.0
meta.imbalanced.RebalanceStream -l (trees.HoeffdingTree -e 2000000 -g 100 -c 0.01),ArffFileStream -f ./../../../Dataset/benchmarks/kr-vs-k.arff,1,8500.0,0.296875,4.1896580821937974E-10,8500.0,0.672,0.697436693040975,0.9977124410702847,0.47309914089457483,0.9597555055454535,0.2703604806408545,0.697436693040975,0.0,0.0,0.0,0.0,0.0,0.0,0.0,0.0,0.0,0.0,0.634,0.366,0.0,0.0,0.0,0.0,0.0,0.0,8500.0,5296.0
meta.imbalanced.RebalanceStream -l (trees.HoeffdingTree -e 2000000 -g 100 -c 0.01),ArffFileStream -f ./../../../Dataset/benchmarks/kr-vs-k.arff,1,9000.0,0.3125,4.4173147115442476E-10,9000.0,0.48,0.48,0.9975201766578684,0.0,0.960044093081074,0.1111111111111111,0.48,0.0,0.0,0.0,0.0,0.0,0.0,0.0,0.0,0.0,0.0,0.0,1.0,0.0,0.0,0.0,0.0,0.0,0.0,9000.0,5632.0
meta.imbalanced.RebalanceStream -l (trees.HoeffdingTree -e 2000000 -g 100 -c 0.01),ArffFileStream -f ./../../../Dataset/benchmarks/kr-vs-k.arff,1,9500.0,0.328125,4.644971340894698E-10,9500.0,0.314,0.314,0.99617199654772,0.0,0.9376735101899799,0.1111111111111111,0.314,0.0,0.0,0.0,0.0,0.0,0.0,0.0,0.0,0.0,0.0,0.0,1.0,0.0,0.0,0.0,0.0,0.0,0.0,9500.0,5632.0
meta.imbalanced.RebalanceStream -l (trees.HoeffdingTree -e 2000000 -g 100 -c 0.01),ArffFileStream -f ./../../../Dataset/benchmarks/kr-vs-k.arff,1,10000.0,0.328125,4.644971340894698E-10,10000.0,0.616,0.616,0.9984263029738907,0.0,0.9734419086405041,0.1111111111111111,0.616,0.0,0.0,0.0,0.0,0.0,0.0,0.0,0.0,0.0,0.0,0.0,1.0,0.0,0.0,0.0,0.0,0.0,0.0,10000.0,5800.0
meta.imbalanced.RebalanceStream -l (trees.HoeffdingTree -e 2000000 -g 100 -c 0.01),ArffFileStream -f ./../../../Dataset/benchmarks/kr-vs-k.arff,1,10500.0,0.34375,4.859046182698672E-10,10500.0,0.538,0.5653722657033915,0.9958356002086695,0.32469567454424264,0.9357022644432031,0.17660818713450294,0.5653722657033915,0.0,0.0,0.0,0.0,0.0,0.0,0.0,0.0,0.0,0.0,0.0,0.604,0.396,0.0,0.0,0.0,0.0,0.0,10500.0,5296.0
meta.imbalanced.RebalanceStream -l (trees.HoeffdingTree -e 2000000 -g 100 -c 0.01),ArffFileStream -f ./../../../Dataset/benchmarks/kr-vs-k.arff,1,11000.0,0.34375,4.859046182698672E-10,11000.0,0.49,0.49,0.9977685412062602,0.0,0.9611444690366616,0.1111111111111111,0.49,0.0,0.0,0.0,0.0,0.0,0.0,0.0,0.0,0.0,0.0,0.0,0.0,1.0,0.0,0.0,0.0,0.0,0.0,11000.0,5632.0
meta.imbalanced.RebalanceStream -l (trees.HoeffdingTree -e 2000000 -g 100 -c 0.01),ArffFileStream -f ./../../../Dataset/benchmarks/kr-vs-k.arff,1,11500.0,0.359375,5.086702812049123E-10,11500.0,0.414,0.414,0.9970907310089459,0.0,0.9521869853576673,0.125,0.414,0.0,0.0,0.0,0.0,0.0,0.0,0.0,0.0,0.0,0.0,0.0,0.0,1.0,0.0,0.0,0.0,0.0,0.0,11500.0,5632.0
meta.imbalanced.RebalanceStream -l (trees.HoeffdingTree -e 2000000 -g 100 -c 0.01),ArffFileStream -f ./../../../Dataset/benchmarks/kr-vs-k.arff,1,12000.0,0.359375,5.086702812049123E-10,12000.0,0.402,0.402,0.9970116162513166,0.0,0.9506322827169753,0.125,0.402,0.0,0.0,0.0,0.0,0.0,0.0,0.0,0.0,0.0,0.0,0.0,0.0,1.0,0.0,0.0,0.0,0.0,0.0,12000.0,5800.0
meta.imbalanced.RebalanceStream -l (trees.HoeffdingTree -e 2000000 -g 100 -c 0.01),ArffFileStream -f ./../../../Dataset/benchmarks/kr-vs-k.arff,1,12500.0,0.375,5.321150335172812E-10,12500.0,0.448,0.448,0.9974151529847294,0.0,0.9563713474607536,0.1111111111111111,0.448,0.0,0.0,0.0,0.0,0.0,0.0,0.0,0.0,0.0,0.0,0.0,0.0,1.0,0.0,0.0,0.0,0.0,0.0,12500.0,5800.0
meta.imbalanced.RebalanceStream -l (trees.HoeffdingTree -e 2000000 -g 100 -c 0.01),ArffFileStream -f ./../../../Dataset/benchmarks/kr-vs-k.arff,1,13000.0,0.375,5.321150335172812E-10,13000.0,0.656,0.656,0.9986539984824516,0.0,0.9768502479551053,0.16666666666666666,0.656,0.0,0.0,0.0,0.0,0.0,0.0,0.0,0.0,0.0,0.0,0.0,0.0,1.0,0.0,0.0,0.0,0.0,0.0,13000.0,5968.0
meta.imbalanced.RebalanceStream -l (trees.HoeffdingTree -e 2000000 -g 100 -c 0.01),ArffFileStream -f ./../../../Dataset/benchmarks/kr-vs-k.arff,1,13500.0,0.390625,5.542016070750024E-10,13500.0,0.622,0.6271988670244484,0.9971699649887383,0.3536959019532746,0.949462344208523,0.21428571428571427,0.6271988670244484,0.0,0.0,0.0,0.0,0.0,0.0,0.0,0.0,0.0,0.0,0.0,0.0,0.312,0.688,0.0,0.0,0.0,0.0,13500.0,5464.0
meta.imbalanced.RebalanceStream -l (trees.HoeffdingTree -e 2000000 -g 100 -c 0.01),ArffFileStream -f ./../../../Dataset/benchmarks/kr-vs-k.arff,1,14000.0,0.40625,5.769672700100475E-10,14000.0,0.662,0.662,0.998695118669948,0.0,0.9773444837137519,0.14285714285714285,0.662,0.0,0.0,0.0,0.0,0.0,0.0,0.0,0.0,0.0,0.0,0.0,0.0,0.0,1.0,0.0,0.0,0.0,0.0,14000.0,5632.0
meta.imbalanced.RebalanceStream -l (trees.HoeffdingTree -e 2000000 -g 100 -c 0.01),ArffFileStream -f ./../../../Dataset/benchmarks/kr-vs-k.arff,1,14500.0,0.40625,5.769672700100475E-10,14500.0,0.568,0.568,0.998299788958979,0.0,0.9690645024142258,0.16666666666666666,0.568,0.0,0.0,0.0,0.0,0.0,0.0,0.0,0.0,0.0,0.0,0.0,0.0,0.0,1.0,0.0,0.0,0.0,0.0,14500.0,5800.0
meta.imbalanced.RebalanceStream -l (trees.HoeffdingTree -e 2000000 -g 100 -c 0.01),ArffFileStream -f ./../../../Dataset/benchmarks/kr-vs-k.arff,1,15000.0,0.421875,6.004120223224164E-10,15000.0,0.622,0.622,0.9984607856131951,0.0,0.9739662552653021,0.14285714285714285,0.622,0.0,0.0,0.0,0.0,0.0,0.0,0.0,0.0,0.0,0.0,0.0,0.0,0.0,1.0,0.0,0.0,0.0,0.0,15000.0,5800.0
meta.imbalanced.RebalanceStream -l (trees.HoeffdingTree -e 2000000 -g 100 -c 0.01),ArffFileStream -f ./../../../Dataset/benchmarks/kr-vs-k.arff,1,15500.0,0.421875,6.004120223224164E-10,15500.0,0.604,0.604,0.9984791681391549,0.0,0.9723785845669038,0.16666666666666666,0.604,0.0,0.0,0.0,0.0,0.0,0.0,0.0,0.0,0.0,0.0,0.0,0.0,0.0,1.0,0.0,0.0,0.0,0.0,15500.0,5800.0
meta.imbalanced.RebalanceStream -l (trees.HoeffdingTree -e 2000000 -g 100 -c 0.01),ArffFileStream -f ./../../../Dataset/benchmarks/kr-vs-k.arff,1,16000.0,0.4375,6.24535864012109E-10,16000.0,0.472,0.472,0.997911674565915,0.0,0.9591480906432909,0.14285714285714285,0.472,0.0,0.0,0.0,0.0,0.0,0.0,0.0,0.0,0.0,0.0,0.0,0.0,0.0,1.0,0.0,0.0,0.0,0.0,16000.0,5968.0
meta.imbalanced.RebalanceStream -l (trees.HoeffdingTree -e 2000000 -g 100 -c 0.01),ArffFileStream -f ./../../../Dataset/benchmarks/kr-vs-k.arff,1,16500.0,0.4375,6.24535864012109E-10,16500.0,0.506,0.506,0.9978070877002279,0.0,0.9628617124095945,0.14285714285714285,0.506,0.0,0.0,0.0,0.0,0.0,0.0,0.0,0.0,0.0,0.0,0.0,0.0,0.0,1.0,0.0,0.0,0.0,0.0,16500.0,5968.0
meta.imbalanced.RebalanceStream -l (trees.HoeffdingTree -e 2000000 -g 100 -c 0.01),ArffFileStream -f ./../../../Dataset/benchmarks/kr-vs-k.arff,1,17000.0,0.453125,6.459433481925065E-10,17000.0,0.664,0.663183498423773,0.9974269290615504,0.43014144703368273,0.9548303157958563,0.34122137404580155,0.663183498423773,0.0,0.0,0.0,0.0,0.0,0.0,0.0,0.0,0.0,0.0,0.0,0.0,0.0,0.506,0.494,0.0,0.0,0.0,17000.0,5296.0
meta.imbalanced.RebalanceStream -l (trees.HoeffdingTree -e 2000000 -g 100 -c 0.01),ArffFileStream -f ./../../../Dataset/benchmarks/kr-vs-k.arff,1,17500.0,0.46875,6.687090111275516E-10,17500.0,0.542,0.542,0.9981196730810089,0.0,0.9665452315651184,0.2,0.542,0.0,0.0,0.0,0.0,0.0,0.0,0.0,0.0,0.0,0.0,0.0,0.0,0.0,0.0,1.0,0.0,0.0,0.0,17500.0,5632.0
meta.imbalanced.RebalanceStream -l (trees.HoeffdingTree -e 2000000 -g 100 -c 0.01),ArffFileStream -f ./../../../Dataset/benchmarks/kr-vs-k.arff,1,18000.0,0.46875,6.687090111275516E-10,18000.0,0.436,0.436,0.997574888009337,0.0,0.9549298555655895,0.2,0.436,0.0,0.0,0.0,0.0,0.0,0.0,0.0,0.0,0.0,0.0,0.0,0.0,0.0,0.0,1.0,0.0,0.0,0.0,18000.0,5632.0
meta.imbalanced.RebalanceStream -l (trees.HoeffdingTree -e 2000000 -g 100 -c 0.01),ArffFileStream -f ./../../../Dataset/benchmarks/kr-vs-k.arff,1,18500.0,0.484375,6.921537634399205E-10,18500.0,0.318,0.318,0.9970081343681457,0.0,0.9383331556325262,0.2,0.318,0.0,0.0,0.0,0.0,0.0,0.0,0.0,0.0,0.0,0.0,0.0,0.0,0.0,0.0,1.0,0.0,0.0,0.0,18500.0,5800.0
meta.imbalanced.RebalanceStream -l (trees.HoeffdingTree -e 2000000 -g 100 -c 0.01),ArffFileStream -f ./../../../Dataset/benchmarks/kr-vs-k.arff,1,19000.0,0.484375,6.921537634399205E-10,19000.0,0.398,0.398,0.9975223314346263,0.0,0.9501042959476739,0.16666666666666666,0.398,0.0,0.0,0.0,0.0,0.0,0.0,0.0,0.0,0.0,0.0,0.0,0.0,0.0,0.0,1.0,0.0,0.0,0.0,19000.0,5800.0
meta.imbalanced.RebalanceStream -l (trees.HoeffdingTree -e 2000000 -g 100 -c 0.01),ArffFileStream -f ./../../../Dataset/benchmarks/kr-vs-k.arff,1,19500.0,0.484375,6.921537634399205E-10,19500.0,0.358,0.358,0.997339459458666,0.0,0.9445299287485394,0.2,0.358,0.0,0.0,0.0,0.0,0.0,0.0,0.0,0.0,0.0,0.0,0.0,0.0,0.0,0.0,1.0,0.0,0.0,0.0,19500.0,5968.0
meta.imbalanced.RebalanceStream -l (trees.HoeffdingTree -e 2000000 -g 100 -c 0.01),ArffFileStream -f ./../../../Dataset/benchmarks/kr-vs-k.arff,1,20000.0,0.5,7.162776051296131E-10,20000.0,0.206,0.206,0.9961110813277995,0.0,0.9159705534829852,0.16666666666666666,0.206,0.0,0.0,0.0,0.0,0.0,0.0,0.0,0.0,0.0,0.0,0.0,0.0,0.0,0.0,1.0,0.0,0.0,0.0,20000.0,5968.0
meta.imbalanced.RebalanceStream -l (trees.HoeffdingTree -e 2000000 -g 100 -c 0.01),ArffFileStream -f ./../../../Dataset/benchmarks/kr-vs-k.arff,1,20500.0,0.5,7.162776051296131E-10,20500.0,0.56,0.56,0.9981902786357124,0.0,0.9683011462156248,0.25,0.56,0.0,0.0,0.0,0.0,0.0,0.0,0.0,0.0,0.0,0.0,0.0,0.0,0.0,0.0,1.0,0.0,0.0,0.0,20500.0,5968.0
meta.imbalanced.RebalanceStream -l (trees.HoeffdingTree -e 2000000 -g 100 -c 0.01),ArffFileStream -f ./../../../Dataset/benchmarks/kr-vs-k.arff,1,21000.0,0.515625,7.36326910555363E-10,21000.0,0.494,0.5257481744122241,0.9963780339406144,0.11487706237142978,0.9307503319243579,0.27421307506053266,0.5257481744122241,0.0,0.0,0.0,0.0,0.0,0.0,0.0,0.0,0.0,0.0,0.0,0.0,0.0,0.0,0.894,0.106,0.0,0.0,21000.0,4960.0
meta.imbalanced.RebalanceStream -l (trees.HoeffdingTree -e 2000000 -g 100 -c 0.01),ArffFileStream -f ./../../../Dataset/benchmarks/kr-vs-k.arff,1,21500.0,0.53125,7.584134841130843E-10,21500.0,0.588,0.588,0.9982041751505086,0.0,0.9709293494466316,0.16666666666666666,0.588,0.0,0.0,0.0,0.0,0.0,0.0,0.0,0.0,0.0,0.0,0.0,0.0,0.0,0.0,0.0,1.0,0.0,0.0,21500.0,5464.0
meta.imbalanced.RebalanceStream -l (trees.HoeffdingTree -e 2000000 -g 100 -c 0.01),ArffFileStream -f ./../../../Dataset/benchmarks/kr-vs-k.arff,1,22000.0,0.53125,7.584134841130843E-10,22000.0,0.396,0.396,0.9971555403407873,0.0,0.9498384203918083,0.2,0.396,0.0,0.0,0.0,0.0,0.0,0.0,0.0,0.0,0.0,0.0,0.0,0.0,0.0,0.0,0.0,1.0,0.0,0.0,22000.0,5632.0
meta.imbalanced.RebalanceStream -l (trees.HoeffdingTree -e 2000000 -g 100 -c 0.01),ArffFileStream -f ./../../../Dataset/benchmarks/kr-vs-k.arff,1,22500.0,0.546875,7.818582364254532E-10,22500.0,0.38,0.38,0.9972258456802721,0.0,0.9476645703105304,0.16666666666666666,0.38,0.0,0.0,0.0,0.0,0.0,0.0,0.0,0.0,0.0,0.0,0.0,0.0,0.0,0.0,0.0,1.0,0.0,0.0,22500.0,5800.0
meta.imbalanced.RebalanceStream -l (trees.HoeffdingTree -e 2000000 -g 100 -c 0.01),ArffFileStream -f ./../../../Dataset/benchmarks/kr-vs-k.arff,1,23000.0,0.546875,7.818582364254532E-10,23000.0,0.566,0.566,0.9982681249260391,0.0,0.9688746198818493,0.2,0.566,0.0,0.0,0.0,0.0,0.0,0.0,0.0,0.0,0.0,0.0,0.0,0.0,0.0,0.0,0.0,1.0,0.0,0.0,23000.0,5800.0
meta.imbalanced.RebalanceStream -l (trees.HoeffdingTree -e 2000000 -g 100 -c 0.01),ArffFileStream -f ./../../../Dataset/benchmarks/kr-vs-k.arff,1,23500.0,0.5625,8.059820781151458E-10,23500.0,0.308,0.308,0.9965067595837805,0.0,0.9366690083256257,0.2,0.308,0.0,0.0,0.0,0.0,0.0,0.0,0.0,0.0,0.0,0.0,0.0,0.0,0.0,0.0,0.0,1.0,0.0,0.0,23500.0,5968.0
meta.imbalanced.RebalanceStream -l (trees.HoeffdingTree -e 2000000 -g 100 -c 0.01),ArffFileStream -f ./../../../Dataset/benchmarks/kr-vs-k.arff,1,24000.0,0.5625,8.059820781151458E-10,24000.0,0.364,0.364,0.9976203934030683,0.0,0.9454024937514999,0.25,0.364,0.0,0.0,0.0,0.0,0.0,0.0,0.0,0.0,0.0,0.0,0.0,0.0,0.0,0.0,0.0,1.0,0.0,0.0,24000.0,5968.0
meta.imbalanced.RebalanceStream -l (trees.HoeffdingTree -e 2000000 -g 100 -c 0.01),ArffFileStream -f ./../../../Dataset/benchmarks/kr-vs-k.arff,1,24500.0,0.578125,8.301059198048385E-10,24500.0,0.62,0.62,0.9985689421527316,0.0,0.9737920058522147,0.16666666666666666,0.62,0.0,0.0,0.0,0.0,0.0,0.0,0.0,0.0,0.0,0.0,0.0,0.0,0.0,0.0,0.0,1.0,0.0,0.0,24500.0,5968.0
meta.imbalanced.RebalanceStream -l (trees.HoeffdingTree -e 2000000 -g 100 -c 0.01),ArffFileStream -f ./../../../Dataset/benchmarks/kr-vs-k.arff,1,25000.0,0.578125,8.301059198048385E-10,25000.0,0.512,0.512,0.997871991977706,0.0,0.9634924839989961,0.2,0.512,0.0,0.0,0.0,0.0,0.0,0.0,0.0,0.0,0.0,0.0,0.0,0.0,0.0,0.0,0.0,1.0,0.0,0.0,25000.0,5968.0
meta.imbalanced.RebalanceStream -l (trees.HoeffdingTree -e 2000000 -g 100 -c 0.01),ArffFileStream -f ./../../../Dataset/benchmarks/kr-vs-k.arff,1,25500.0,0.578125,8.301059198048385E-10,25500.0,0.586,0.586,0.9983767117764185,0.0,0.9707455829498529,0.2,0.586,0.0,0.0,0.0,0.0,0.0,0.0,0.0,0.0,0.0,0.0,0.0,0.0,0.0,0.0,0.0,1.0,0.0,0.0,25500.0,5968.0
meta.imbalanced.RebalanceStream -l (trees.HoeffdingTree -e 2000000 -g 100 -c 0.01),ArffFileStream -f ./../../../Dataset/benchmarks/kr-vs-k.arff,1,26000.0,0.59375,8.521924933625598E-10,26000.0,0.518,0.518,0.9980916557758047,0.0,0.96411631265054,0.16666666666666666,0.518,0.0,0.0,0.0,0.0,0.0,0.0,0.0,0.0,0.0,0.0,0.0,0.0,0.0,0.0,0.0,0.0,1.0,0.0,26000.0,5464.0
meta.imbalanced.RebalanceStream -l (trees.HoeffdingTree -e 2000000 -g 100 -c 0.01),ArffFileStream -f ./../../../Dataset/benchmarks/kr-vs-k.arff,1,26500.0,0.609375,8.749581562976048E-10,26500.0,0.372,0.372,0.9976546551306108,0.0,0.9465450189916089,0.25,0.372,0.0,0.0,0.0,0.0,0.0,0.0,0.0,0.0,0.0,0.0,0.0,0.0,0.0,0.0,0.0,0.0,1.0,0.0,26500.0,5632.0
meta.imbalanced.RebalanceStream -l (trees.HoeffdingTree -e 2000000 -g 100 -c 0.01),ArffFileStream -f ./../../../Dataset/benchmarks/kr-vs-k.arff,1,27000.0,0.609375,8.749581562976048E-10,27000.0,0.334,0.334,0.9972901943956478,0.0,0.9408956710045435,0.16666666666666666,0.334,0.0,0.0,0.0,0.0,0.0,0.0,0.0,0.0,0.0,0.0,0.0,0.0,0.0,0.0,0.0,0.0,1.0,0.0,27000.0,5800.0
meta.imbalanced.RebalanceStream -l (trees.HoeffdingTree -e 2000000 -g 100 -c 0.01),ArffFileStream -f ./../../../Dataset/benchmarks/kr-vs-k.arff,1,27500.0,0.625,8.984029086099737E-10,27500.0,0.248,0.248,0.9964679955385523,0.0,0.9254616497516645,0.25,0.248,0.0,0.0,0.0,0.0,0.0,0.0,0.0,0.0,0.0,0.0,0.0,0.0,0.0,0.0,0.0,0.0,1.0,0.0,27500.0,5800.0
meta.imbalanced.RebalanceStream -l (trees.HoeffdingTree -e 2000000 -g 100 -c 0.01),ArffFileStream -f ./../../../Dataset/benchmarks/kr-vs-k.arff,1,28000.0,0.625,8.984029086099737E-10,28000.0,0.286,0.27315850227256333,0.9941566054124431,-0.02334487582268902,0.8647735755636853,0.19308943089430894,0.27315850227256333,0.0,0.0,0.0,0.0,0.0,0.0,0.0,0.0,0.0,0.0,0.0,0.0,0.0,0.0,0.0,0.0,0.332,0.668,28000.0,5464.0
meta.imbalanced.RebalanceStream -l (trees.HoeffdingTree -e 2000000 -g 100 -c 0.01),ArffFileStream -f ./../../../Dataset/benchmarks/kr-vs-k.arff,1,28056.0,0.625,8.984029086099737E-10,28056.0,0.282,0.29825174825174827,0.9948027867827827,-0.017689080394602562,0.8737572774703507,0.18686868686868685,0.29825174825174827,0.0,0.0,0.0,0.0,0.0,0.0,0.0,0.0,0.0,0.0,0.0,0.0,0.0,0.0,0.0,0.0,0.22,0.78,28056.0,5464.0
