Learner,stream,randomSeed,learning evaluation instances,evaluation time (cpu seconds),model cost (RAM-Hours),classified instances,Accuracy,AvgAccuracy,AUC,Kappa,G-Mean,Precision,Recall,Ratio-Class-0,Ratio-Class-1,model training instances,model serialized size (bytes)
meta.imbalanced.OnlineAdaC2 -l (trees.HoeffdingTree -e 2000000 -g 100 -c 0.01),ArffFileStream -f ./../../../Dataset/benchmarks/GMSC.arff,1,500.0,0.28125,2.3515895009040833E-10,500.0,0.484,0.47472760290556903,0.4747276029055691,-0.01046497054768768,0.4746127515380493,0.4946529200819672,0.47472760290556903,0.056,0.944,500.0,3232.0
meta.imbalanced.OnlineAdaC2 -l (trees.HoeffdingTree -e 2000000 -g 100 -c 0.01),ArffFileStream -f ./../../../Dataset/benchmarks/GMSC.arff,1,1000.0,0.484375,4.049959696001477E-10,1000.0,0.94,0.4989384288747346,0.4989384288747346,-0.0038816758131441573,0.0,0.4709418837675351,0.4989384288747346,0.058,0.942,1000.0,3232.0
meta.imbalanced.OnlineAdaC2 -l (trees.HoeffdingTree -e 2000000 -g 100 -c 0.01),ArffFileStream -f ./../../../Dataset/benchmarks/GMSC.arff,1,1500.0,0.671875,5.617686029937533E-10,1500.0,0.942,0.5,0.5,0.0,0.0,0.942,0.5,0.058,0.942,1500.0,3232.0
meta.imbalanced.OnlineAdaC2 -l (trees.HoeffdingTree -e 2000000 -g 100 -c 0.01),ArffFileStream -f ./../../../Dataset/benchmarks/GMSC.arff,1,2000.0,0.8125,6.793480780389574E-10,2000.0,0.94,0.5,0.5,0.0,0.0,0.94,0.5,0.06,0.94,2000.0,3232.0
meta.imbalanced.OnlineAdaC2 -l (trees.HoeffdingTree -e 2000000 -g 100 -c 0.01),ArffFileStream -f ./../../../Dataset/benchmarks/GMSC.arff,1,2500.0,0.90625,7.577343947357601E-10,2500.0,0.936,0.4989339019189765,0.4989339019189765,-0.0038900740368929604,0.0,0.46893787575150303,0.4989339019189765,0.062,0.938,2500.0,3232.0
meta.imbalanced.OnlineAdaC2 -l (trees.HoeffdingTree -e 2000000 -g 100 -c 0.01),ArffFileStream -f ./../../../Dataset/benchmarks/GMSC.arff,1,3000.0,0.984375,8.230563253164291E-10,3000.0,0.96,0.5,0.5,0.0,0.0,0.96,0.5,0.04,0.96,3000.0,3232.0
meta.imbalanced.OnlineAdaC2 -l (trees.HoeffdingTree -e 2000000 -g 100 -c 0.01),ArffFileStream -f ./../../../Dataset/benchmarks/GMSC.arff,1,3500.0,1.09375,9.145070281293657E-10,3500.0,0.932,0.5,0.5,0.0,0.0,0.932,0.5,0.068,0.932,3500.0,3232.0
meta.imbalanced.OnlineAdaC2 -l (trees.HoeffdingTree -e 2000000 -g 100 -c 0.01),ArffFileStream -f ./../../../Dataset/benchmarks/GMSC.arff,1,4000.0,1.203125,1.0059577309423022E-9,4000.0,0.92,0.5,0.5,0.0,0.0,0.92,0.5,0.08,0.92,4000.0,3232.0
meta.imbalanced.OnlineAdaC2 -l (trees.HoeffdingTree -e 2000000 -g 100 -c 0.01),ArffFileStream -f ./../../../Dataset/benchmarks/GMSC.arff,1,4500.0,1.265625,1.0582152754068374E-9,4500.0,0.942,0.5,0.5,0.0,0.0,0.942,0.5,0.058,0.942,4500.0,3232.0
meta.imbalanced.OnlineAdaC2 -l (trees.HoeffdingTree -e 2000000 -g 100 -c 0.01),ArffFileStream -f ./../../../Dataset/benchmarks/GMSC.arff,1,5000.0,1.34375,1.1235372059875065E-9,5000.0,0.93,0.5,0.5,0.0,0.0,0.93,0.5,0.07,0.93,5000.0,3232.0
meta.imbalanced.OnlineAdaC2 -l (trees.HoeffdingTree -e 2000000 -g 100 -c 0.01),ArffFileStream -f ./../../../Dataset/benchmarks/GMSC.arff,1,5500.0,1.40625,1.1757947504520418E-9,5500.0,0.948,0.5,0.5,0.0,0.0,0.948,0.5,0.052,0.948,5500.0,3232.0
meta.imbalanced.OnlineAdaC2 -l (trees.HoeffdingTree -e 2000000 -g 100 -c 0.01),ArffFileStream -f ./../../../Dataset/benchmarks/GMSC.arff,1,6000.0,1.484375,1.2411166810327108E-9,6000.0,0.924,0.49892008639308855,0.49892008639308855,-0.003909965127338054,0.0,0.46292585170340683,0.49892008639308855,0.074,0.926,6000.0,3232.0
meta.imbalanced.OnlineAdaC2 -l (trees.HoeffdingTree -e 2000000 -g 100 -c 0.01),ArffFileStream -f ./../../../Dataset/benchmarks/GMSC.arff,1,6500.0,1.546875,1.2933742254972461E-9,6500.0,0.942,0.5,0.5,0.0,0.0,0.942,0.5,0.058,0.942,6500.0,3232.0
meta.imbalanced.OnlineAdaC2 -l (trees.HoeffdingTree -e 2000000 -g 100 -c 0.01),ArffFileStream -f ./../../../Dataset/benchmarks/GMSC.arff,1,7000.0,1.609375,1.3456317699617812E-9,7000.0,0.922,0.5,0.5,0.0,0.0,0.922,0.5,0.078,0.922,7000.0,3232.0
meta.imbalanced.OnlineAdaC2 -l (trees.HoeffdingTree -e 2000000 -g 100 -c 0.01),ArffFileStream -f ./../../../Dataset/benchmarks/GMSC.arff,1,7500.0,1.71875,1.4370824727747178E-9,7500.0,0.93,0.5,0.5,0.0,0.0,0.93,0.5,0.07,0.93,7500.0,3232.0
meta.imbalanced.OnlineAdaC2 -l (trees.HoeffdingTree -e 2000000 -g 100 -c 0.01),ArffFileStream -f ./../../../Dataset/benchmarks/GMSC.arff,1,8000.0,1.78125,1.489340017239253E-9,8000.0,0.928,0.5,0.5,0.0,0.0,0.928,0.5,0.072,0.928,8000.0,3232.0
meta.imbalanced.OnlineAdaC2 -l (trees.HoeffdingTree -e 2000000 -g 100 -c 0.01),ArffFileStream -f ./../../../Dataset/benchmarks/GMSC.arff,1,8500.0,1.875,1.567726333936056E-9,8500.0,0.94,0.5,0.5,0.0,0.0,0.94,0.5,0.06,0.94,8500.0,3232.0
meta.imbalanced.OnlineAdaC2 -l (trees.HoeffdingTree -e 2000000 -g 100 -c 0.01),ArffFileStream -f ./../../../Dataset/benchmarks/GMSC.arff,1,9000.0,1.984375,1.6591770367489925E-9,9000.0,0.93,0.5138888888888888,0.5138888888888888,0.05035815064032993,0.16666666666666666,0.9649298597194389,0.5138888888888888,0.072,0.928,9000.0,3232.0
meta.imbalanced.OnlineAdaC2 -l (trees.HoeffdingTree -e 2000000 -g 100 -c 0.01),ArffFileStream -f ./../../../Dataset/benchmarks/GMSC.arff,1,9500.0,2.046875,1.7114345812135276E-9,9500.0,0.932,0.5,0.5,0.0,0.0,0.932,0.5,0.068,0.932,9500.0,3232.0
meta.imbalanced.OnlineAdaC2 -l (trees.HoeffdingTree -e 2000000 -g 100 -c 0.01),ArffFileStream -f ./../../../Dataset/benchmarks/GMSC.arff,1,10000.0,2.109375,1.7636921256780627E-9,10000.0,0.932,0.4989293361884368,0.4989293361884368,-0.003897484351009803,0.0,0.46693386773547096,0.4989293361884368,0.066,0.934,10000.0,3232.0
meta.imbalanced.OnlineAdaC2 -l (trees.HoeffdingTree -e 2000000 -g 100 -c 0.01),ArffFileStream -f ./../../../Dataset/benchmarks/GMSC.arff,1,10500.0,2.1875,1.8290140562587317E-9,10500.0,0.912,0.5,0.5,0.0,0.0,0.912,0.5,0.088,0.912,10500.0,3232.0
meta.imbalanced.OnlineAdaC2 -l (trees.HoeffdingTree -e 2000000 -g 100 -c 0.01),ArffFileStream -f ./../../../Dataset/benchmarks/GMSC.arff,1,11000.0,2.25,1.881271600723267E-9,11000.0,0.934,0.5,0.5,0.0,0.0,0.934,0.5,0.066,0.934,11000.0,3232.0
meta.imbalanced.OnlineAdaC2 -l (trees.HoeffdingTree -e 2000000 -g 100 -c 0.01),ArffFileStream -f ./../../../Dataset/benchmarks/GMSC.arff,1,11500.0,2.3125,1.933529145187802E-9,11500.0,0.934,0.5,0.5,0.0,0.0,0.934,0.5,0.066,0.934,11500.0,3232.0
meta.imbalanced.OnlineAdaC2 -l (trees.HoeffdingTree -e 2000000 -g 100 -c 0.01),ArffFileStream -f ./../../../Dataset/benchmarks/GMSC.arff,1,12000.0,2.390625,1.998851075768471E-9,12000.0,0.948,0.5,0.5,0.0,0.0,0.948,0.5,0.052,0.948,12000.0,3232.0
meta.imbalanced.OnlineAdaC2 -l (trees.HoeffdingTree -e 2000000 -g 100 -c 0.01),ArffFileStream -f ./../../../Dataset/benchmarks/GMSC.arff,1,12500.0,2.46875,2.06417300634914E-9,12500.0,0.93,0.5,0.5,0.0,0.0,0.93,0.5,0.07,0.93,12500.0,3232.0
meta.imbalanced.OnlineAdaC2 -l (trees.HoeffdingTree -e 2000000 -g 100 -c 0.01),ArffFileStream -f ./../../../Dataset/benchmarks/GMSC.arff,1,13000.0,2.53125,2.116430550813675E-9,13000.0,0.936,0.5,0.5,0.0,0.0,0.936,0.5,0.064,0.936,13000.0,3232.0
meta.imbalanced.OnlineAdaC2 -l (trees.HoeffdingTree -e 2000000 -g 100 -c 0.01),ArffFileStream -f ./../../../Dataset/benchmarks/GMSC.arff,1,13500.0,2.578125,2.155623709162076E-9,13500.0,0.936,0.5,0.5,0.0,0.0,0.936,0.5,0.064,0.936,13500.0,3232.0
meta.imbalanced.OnlineAdaC2 -l (trees.HoeffdingTree -e 2000000 -g 100 -c 0.01),ArffFileStream -f ./../../../Dataset/benchmarks/GMSC.arff,1,14000.0,2.6875,2.2470744119750126E-9,14000.0,0.918,0.5,0.5,0.0,0.0,0.918,0.5,0.082,0.918,14000.0,3232.0
meta.imbalanced.OnlineAdaC2 -l (trees.HoeffdingTree -e 2000000 -g 100 -c 0.01),ArffFileStream -f ./../../../Dataset/benchmarks/GMSC.arff,1,14500.0,2.734375,2.286267570323414E-9,14500.0,0.956,0.5,0.5,0.0,0.0,0.956,0.5,0.044,0.956,14500.0,3232.0
meta.imbalanced.OnlineAdaC2 -l (trees.HoeffdingTree -e 2000000 -g 100 -c 0.01),ArffFileStream -f ./../../../Dataset/benchmarks/GMSC.arff,1,15000.0,2.78125,2.3254607286718152E-9,15000.0,0.934,0.5,0.5,0.0,0.0,0.934,0.5,0.066,0.934,15000.0,3232.0
meta.imbalanced.OnlineAdaC2 -l (trees.HoeffdingTree -e 2000000 -g 100 -c 0.01),ArffFileStream -f ./../../../Dataset/benchmarks/GMSC.arff,1,15500.0,2.828125,2.3646538870202165E-9,15500.0,0.956,0.5,0.5,0.0,0.0,0.956,0.5,0.044,0.956,15500.0,3232.0
meta.imbalanced.OnlineAdaC2 -l (trees.HoeffdingTree -e 2000000 -g 100 -c 0.01),ArffFileStream -f ./../../../Dataset/benchmarks/GMSC.arff,1,16000.0,2.90625,2.4299758176008854E-9,16000.0,0.918,0.4989130434782609,0.4989130434782609,-0.0039177277179236044,0.0,0.45991983967935873,0.4989130434782609,0.08,0.92,16000.0,3232.0
meta.imbalanced.OnlineAdaC2 -l (trees.HoeffdingTree -e 2000000 -g 100 -c 0.01),ArffFileStream -f ./../../../Dataset/benchmarks/GMSC.arff,1,16500.0,2.953125,2.4691689759492867E-9,16500.0,0.936,0.5,0.5,0.0,0.0,0.936,0.5,0.064,0.936,16500.0,3232.0
meta.imbalanced.OnlineAdaC2 -l (trees.HoeffdingTree -e 2000000 -g 100 -c 0.01),ArffFileStream -f ./../../../Dataset/benchmarks/GMSC.arff,1,17000.0,3.0,2.508362134297688E-9,17000.0,0.93,0.5,0.5,0.0,0.0,0.93,0.5,0.07,0.93,17000.0,3232.0
meta.imbalanced.OnlineAdaC2 -l (trees.HoeffdingTree -e 2000000 -g 100 -c 0.01),ArffFileStream -f ./../../../Dataset/benchmarks/GMSC.arff,1,17500.0,3.046875,2.5475552926460893E-9,17500.0,0.944,0.4989429175475687,0.4989429175475687,-0.0038720780152014913,0.0,0.4729458917835671,0.4989429175475687,0.054,0.946,17500.0,3232.0
meta.imbalanced.OnlineAdaC2 -l (trees.HoeffdingTree -e 2000000 -g 100 -c 0.01),ArffFileStream -f ./../../../Dataset/benchmarks/GMSC.arff,1,18000.0,3.078125,2.573684064878357E-9,18000.0,0.936,0.4989339019189765,0.4989339019189765,-0.0038900740368929604,0.0,0.46893787575150303,0.4989339019189765,0.062,0.938,18000.0,3232.0
meta.imbalanced.OnlineAdaC2 -l (trees.HoeffdingTree -e 2000000 -g 100 -c 0.01),ArffFileStream -f ./../../../Dataset/benchmarks/GMSC.arff,1,18500.0,3.125,2.612877223226758E-9,18500.0,0.932,0.5,0.5,0.0,0.0,0.932,0.5,0.068,0.932,18500.0,3232.0
meta.imbalanced.OnlineAdaC2 -l (trees.HoeffdingTree -e 2000000 -g 100 -c 0.01),ArffFileStream -f ./../../../Dataset/benchmarks/GMSC.arff,1,19000.0,3.171875,2.6520703815751595E-9,19000.0,0.948,0.5,0.5,0.0,0.0,0.948,0.5,0.052,0.948,19000.0,3232.0
meta.imbalanced.OnlineAdaC2 -l (trees.HoeffdingTree -e 2000000 -g 100 -c 0.01),ArffFileStream -f ./../../../Dataset/benchmarks/GMSC.arff,1,19500.0,3.21875,2.6912635399235608E-9,19500.0,0.932,0.5,0.5,0.0,0.0,0.932,0.5,0.068,0.932,19500.0,3232.0
meta.imbalanced.OnlineAdaC2 -l (trees.HoeffdingTree -e 2000000 -g 100 -c 0.01),ArffFileStream -f ./../../../Dataset/benchmarks/GMSC.arff,1,20000.0,3.265625,2.730456698271962E-9,20000.0,0.936,0.5,0.5,0.0,0.0,0.936,0.5,0.064,0.936,20000.0,3232.0
meta.imbalanced.OnlineAdaC2 -l (trees.HoeffdingTree -e 2000000 -g 100 -c 0.01),ArffFileStream -f ./../../../Dataset/benchmarks/GMSC.arff,1,20500.0,3.3125,2.7696498566203634E-9,20500.0,0.922,0.5,0.5,0.0,0.0,0.922,0.5,0.078,0.922,20500.0,3232.0
meta.imbalanced.OnlineAdaC2 -l (trees.HoeffdingTree -e 2000000 -g 100 -c 0.01),ArffFileStream -f ./../../../Dataset/benchmarks/GMSC.arff,1,21000.0,3.359375,2.8088430149687647E-9,21000.0,0.944,0.5,0.5,0.0,0.0,0.944,0.5,0.056,0.944,21000.0,3232.0
meta.imbalanced.OnlineAdaC2 -l (trees.HoeffdingTree -e 2000000 -g 100 -c 0.01),ArffFileStream -f ./../../../Dataset/benchmarks/GMSC.arff,1,21500.0,3.40625,2.848036173317166E-9,21500.0,0.94,0.4989384288747346,0.4989384288747346,-0.0038816758131441573,0.0,0.4709418837675351,0.4989384288747346,0.058,0.942,21500.0,3232.0
meta.imbalanced.OnlineAdaC2 -l (trees.HoeffdingTree -e 2000000 -g 100 -c 0.01),ArffFileStream -f ./../../../Dataset/benchmarks/GMSC.arff,1,22000.0,3.4375,2.8741649455494336E-9,22000.0,0.95,0.5,0.5,0.0,0.0,0.95,0.5,0.05,0.95,22000.0,3232.0
meta.imbalanced.OnlineAdaC2 -l (trees.HoeffdingTree -e 2000000 -g 100 -c 0.01),ArffFileStream -f ./../../../Dataset/benchmarks/GMSC.arff,1,22500.0,3.484375,2.913358103897835E-9,22500.0,0.922,0.5,0.5,0.0,0.0,0.922,0.5,0.078,0.922,22500.0,3232.0
meta.imbalanced.OnlineAdaC2 -l (trees.HoeffdingTree -e 2000000 -g 100 -c 0.01),ArffFileStream -f ./../../../Dataset/benchmarks/GMSC.arff,1,23000.0,3.515625,2.9394868761301024E-9,23000.0,0.936,0.5,0.5,0.0,0.0,0.936,0.5,0.064,0.936,23000.0,3232.0
meta.imbalanced.OnlineAdaC2 -l (trees.HoeffdingTree -e 2000000 -g 100 -c 0.01),ArffFileStream -f ./../../../Dataset/benchmarks/GMSC.arff,1,23500.0,3.5625,2.9786800344785037E-9,23500.0,0.914,0.5,0.5,0.0,0.0,0.914,0.5,0.086,0.914,23500.0,3232.0
meta.imbalanced.OnlineAdaC2 -l (trees.HoeffdingTree -e 2000000 -g 100 -c 0.01),ArffFileStream -f ./../../../Dataset/benchmarks/GMSC.arff,1,24000.0,3.59375,3.0048088067107713E-9,24000.0,0.93,0.5,0.5,0.0,0.0,0.93,0.5,0.07,0.93,24000.0,3232.0
meta.imbalanced.OnlineAdaC2 -l (trees.HoeffdingTree -e 2000000 -g 100 -c 0.01),ArffFileStream -f ./../../../Dataset/benchmarks/GMSC.arff,1,24500.0,3.640625,3.0440019650591726E-9,24500.0,0.934,0.5,0.5,0.0,0.0,0.934,0.5,0.066,0.934,24500.0,3232.0
meta.imbalanced.OnlineAdaC2 -l (trees.HoeffdingTree -e 2000000 -g 100 -c 0.01),ArffFileStream -f ./../../../Dataset/benchmarks/GMSC.arff,1,25000.0,3.671875,3.07013073729144E-9,25000.0,0.916,0.5,0.5,0.0,0.0,0.916,0.5,0.084,0.916,25000.0,3232.0
meta.imbalanced.OnlineAdaC2 -l (trees.HoeffdingTree -e 2000000 -g 100 -c 0.01),ArffFileStream -f ./../../../Dataset/benchmarks/GMSC.arff,1,25500.0,3.71875,3.1093238956398414E-9,25500.0,0.928,0.4989247311827957,0.4989247311827957,-0.0039040713887339654,0.0,0.4649298597194389,0.4989247311827957,0.07,0.93,25500.0,3232.0
meta.imbalanced.OnlineAdaC2 -l (trees.HoeffdingTree -e 2000000 -g 100 -c 0.01),ArffFileStream -f ./../../../Dataset/benchmarks/GMSC.arff,1,26000.0,3.75,3.135452667872109E-9,26000.0,0.944,0.5,0.5,0.0,0.0,0.944,0.5,0.056,0.944,26000.0,3232.0
meta.imbalanced.OnlineAdaC2 -l (trees.HoeffdingTree -e 2000000 -g 100 -c 0.01),ArffFileStream -f ./../../../Dataset/benchmarks/GMSC.arff,1,26500.0,3.796875,3.1746458262205103E-9,26500.0,0.934,0.5,0.5,0.0,0.0,0.934,0.5,0.066,0.934,26500.0,3232.0
meta.imbalanced.OnlineAdaC2 -l (trees.HoeffdingTree -e 2000000 -g 100 -c 0.01),ArffFileStream -f ./../../../Dataset/benchmarks/GMSC.arff,1,27000.0,3.828125,3.200774598452778E-9,27000.0,0.92,0.5,0.5,0.0,0.0,0.92,0.5,0.08,0.92,27000.0,3232.0
meta.imbalanced.OnlineAdaC2 -l (trees.HoeffdingTree -e 2000000 -g 100 -c 0.01),ArffFileStream -f ./../../../Dataset/benchmarks/GMSC.arff,1,27500.0,3.875,3.239967756801179E-9,27500.0,0.932,0.5,0.5,0.0,0.0,0.932,0.5,0.068,0.932,27500.0,3232.0
meta.imbalanced.OnlineAdaC2 -l (trees.HoeffdingTree -e 2000000 -g 100 -c 0.01),ArffFileStream -f ./../../../Dataset/benchmarks/GMSC.arff,1,28000.0,3.921875,3.2791609151495804E-9,28000.0,0.946,0.5,0.5,0.0,0.0,0.946,0.5,0.054,0.946,28000.0,3232.0
meta.imbalanced.OnlineAdaC2 -l (trees.HoeffdingTree -e 2000000 -g 100 -c 0.01),ArffFileStream -f ./../../../Dataset/benchmarks/GMSC.arff,1,28500.0,3.96875,3.3183540734979817E-9,28500.0,0.928,0.5,0.5,0.0,0.0,0.928,0.5,0.072,0.928,28500.0,3232.0
meta.imbalanced.OnlineAdaC2 -l (trees.HoeffdingTree -e 2000000 -g 100 -c 0.01),ArffFileStream -f ./../../../Dataset/benchmarks/GMSC.arff,1,29000.0,4.0,3.3444828457302493E-9,29000.0,0.942,0.5,0.5,0.0,0.0,0.942,0.5,0.058,0.942,29000.0,3232.0
meta.imbalanced.OnlineAdaC2 -l (trees.HoeffdingTree -e 2000000 -g 100 -c 0.01),ArffFileStream -f ./../../../Dataset/benchmarks/GMSC.arff,1,29500.0,4.03125,3.370611617962517E-9,29500.0,0.952,0.5,0.5,0.0,0.0,0.952,0.5,0.048,0.952,29500.0,3232.0
meta.imbalanced.OnlineAdaC2 -l (trees.HoeffdingTree -e 2000000 -g 100 -c 0.01),ArffFileStream -f ./../../../Dataset/benchmarks/GMSC.arff,1,30000.0,4.0625,3.3967403901947844E-9,30000.0,0.948,0.5,0.5,0.0,0.0,0.948,0.5,0.052,0.948,30000.0,3232.0
meta.imbalanced.OnlineAdaC2 -l (trees.HoeffdingTree -e 2000000 -g 100 -c 0.01),ArffFileStream -f ./../../../Dataset/benchmarks/GMSC.arff,1,30500.0,4.109375,3.4359335485431857E-9,30500.0,0.93,0.5,0.5,0.0,0.0,0.93,0.5,0.07,0.93,30500.0,3232.0
meta.imbalanced.OnlineAdaC2 -l (trees.HoeffdingTree -e 2000000 -g 100 -c 0.01),ArffFileStream -f ./../../../Dataset/benchmarks/GMSC.arff,1,31000.0,4.140625,3.4620623207754532E-9,31000.0,0.934,0.49893162393162394,0.49893162393162394,-0.0038938914577756143,0.0,0.467935871743487,0.49893162393162394,0.064,0.936,31000.0,3232.0
meta.imbalanced.OnlineAdaC2 -l (trees.HoeffdingTree -e 2000000 -g 100 -c 0.01),ArffFileStream -f ./../../../Dataset/benchmarks/GMSC.arff,1,31500.0,4.1875,3.5012554791238545E-9,31500.0,0.914,0.5113636363636364,0.5113636363636364,0.040692486168124216,0.15075567228888181,0.9569138276553106,0.5113636363636364,0.088,0.912,31500.0,3232.0
meta.imbalanced.OnlineAdaC2 -l (trees.HoeffdingTree -e 2000000 -g 100 -c 0.01),ArffFileStream -f ./../../../Dataset/benchmarks/GMSC.arff,1,32000.0,4.21875,3.527384251356122E-9,32000.0,0.928,0.5,0.5,0.0,0.0,0.928,0.5,0.072,0.928,32000.0,3232.0
meta.imbalanced.OnlineAdaC2 -l (trees.HoeffdingTree -e 2000000 -g 100 -c 0.01),ArffFileStream -f ./../../../Dataset/benchmarks/GMSC.arff,1,32500.0,4.265625,3.5665774097045234E-9,32500.0,0.926,0.5,0.5,0.0,0.0,0.926,0.5,0.074,0.926,32500.0,3232.0
meta.imbalanced.OnlineAdaC2 -l (trees.HoeffdingTree -e 2000000 -g 100 -c 0.01),ArffFileStream -f ./../../../Dataset/benchmarks/GMSC.arff,1,33000.0,4.296875,3.592706181936791E-9,33000.0,0.942,0.5,0.5,0.0,0.0,0.942,0.5,0.058,0.942,33000.0,3232.0
meta.imbalanced.OnlineAdaC2 -l (trees.HoeffdingTree -e 2000000 -g 100 -c 0.01),ArffFileStream -f ./../../../Dataset/benchmarks/GMSC.arff,1,33500.0,4.359375,3.644963726401326E-9,33500.0,0.93,0.5,0.5,0.0,0.0,0.93,0.5,0.07,0.93,33500.0,3232.0
meta.imbalanced.OnlineAdaC2 -l (trees.HoeffdingTree -e 2000000 -g 100 -c 0.01),ArffFileStream -f ./../../../Dataset/benchmarks/GMSC.arff,1,34000.0,4.421875,3.697221270865861E-9,34000.0,0.928,0.5,0.5,0.0,0.0,0.928,0.5,0.072,0.928,34000.0,3232.0
meta.imbalanced.OnlineAdaC2 -l (trees.HoeffdingTree -e 2000000 -g 100 -c 0.01),ArffFileStream -f ./../../../Dataset/benchmarks/GMSC.arff,1,34500.0,4.46875,3.736414429214262E-9,34500.0,0.92,0.5114130434782609,0.5114130434782608,0.04030710172744722,0.15794192658668263,0.7108433734939759,0.5114130434782609,0.08,0.92,34500.0,3232.0
meta.imbalanced.OnlineAdaC2 -l (trees.HoeffdingTree -e 2000000 -g 100 -c 0.01),ArffFileStream -f ./../../../Dataset/benchmarks/GMSC.arff,1,35000.0,4.515625,3.775607587562664E-9,35000.0,0.936,0.5,0.5,0.0,0.0,0.936,0.5,0.064,0.936,35000.0,3232.0
meta.imbalanced.OnlineAdaC2 -l (trees.HoeffdingTree -e 2000000 -g 100 -c 0.01),ArffFileStream -f ./../../../Dataset/benchmarks/GMSC.arff,1,35500.0,4.546875,3.801736359794931E-9,35500.0,0.916,0.5,0.5,0.0,0.0,0.916,0.5,0.084,0.916,35500.0,3232.0
meta.imbalanced.OnlineAdaC2 -l (trees.HoeffdingTree -e 2000000 -g 100 -c 0.01),ArffFileStream -f ./../../../Dataset/benchmarks/GMSC.arff,1,36000.0,4.59375,3.8409295181433325E-9,36000.0,0.946,0.5,0.5,0.0,0.0,0.946,0.5,0.054,0.946,36000.0,3232.0
meta.imbalanced.OnlineAdaC2 -l (trees.HoeffdingTree -e 2000000 -g 100 -c 0.01),ArffFileStream -f ./../../../Dataset/benchmarks/GMSC.arff,1,36500.0,4.625,3.8670582903756E-9,36500.0,0.93,0.5,0.5,0.0,0.0,0.93,0.5,0.07,0.93,36500.0,3232.0
meta.imbalanced.OnlineAdaC2 -l (trees.HoeffdingTree -e 2000000 -g 100 -c 0.01),ArffFileStream -f ./../../../Dataset/benchmarks/GMSC.arff,1,37000.0,4.671875,3.906251448724001E-9,37000.0,0.934,0.49893162393162394,0.49893162393162394,-0.0038938914577756143,0.0,0.467935871743487,0.49893162393162394,0.064,0.936,37000.0,3232.0
meta.imbalanced.OnlineAdaC2 -l (trees.HoeffdingTree -e 2000000 -g 100 -c 0.01),ArffFileStream -f ./../../../Dataset/benchmarks/GMSC.arff,1,37500.0,4.71875,3.945444607072403E-9,37500.0,0.944,0.5,0.5,0.0,0.0,0.944,0.5,0.056,0.944,37500.0,3232.0
meta.imbalanced.OnlineAdaC2 -l (trees.HoeffdingTree -e 2000000 -g 100 -c 0.01),ArffFileStream -f ./../../../Dataset/benchmarks/GMSC.arff,1,38000.0,4.765625,3.984637765420804E-9,38000.0,0.936,0.5,0.5,0.0,0.0,0.936,0.5,0.064,0.936,38000.0,3232.0
meta.imbalanced.OnlineAdaC2 -l (trees.HoeffdingTree -e 2000000 -g 100 -c 0.01),ArffFileStream -f ./../../../Dataset/benchmarks/GMSC.arff,1,38500.0,4.8125,4.023830923769205E-9,38500.0,0.942,0.5,0.5,0.0,0.0,0.942,0.5,0.058,0.942,38500.0,3232.0
meta.imbalanced.OnlineAdaC2 -l (trees.HoeffdingTree -e 2000000 -g 100 -c 0.01),ArffFileStream -f ./../../../Dataset/benchmarks/GMSC.arff,1,39000.0,4.84375,4.049959696001473E-9,39000.0,0.906,0.5,0.5,0.0,0.0,0.906,0.5,0.094,0.906,39000.0,3232.0
meta.imbalanced.OnlineAdaC2 -l (trees.HoeffdingTree -e 2000000 -g 100 -c 0.01),ArffFileStream -f ./../../../Dataset/benchmarks/GMSC.arff,1,39500.0,4.890625,4.089152854349874E-9,39500.0,0.936,0.5,0.5,0.0,0.0,0.936,0.5,0.064,0.936,39500.0,3232.0
meta.imbalanced.OnlineAdaC2 -l (trees.HoeffdingTree -e 2000000 -g 100 -c 0.01),ArffFileStream -f ./../../../Dataset/benchmarks/GMSC.arff,1,40000.0,4.9375,4.1283460126982755E-9,40000.0,0.932,0.5,0.5,0.0,0.0,0.932,0.5,0.068,0.932,40000.0,3232.0
meta.imbalanced.OnlineAdaC2 -l (trees.HoeffdingTree -e 2000000 -g 100 -c 0.01),ArffFileStream -f ./../../../Dataset/benchmarks/GMSC.arff,1,40500.0,4.984375,4.167539171046677E-9,40500.0,0.906,0.5,0.5,0.0,0.0,0.906,0.5,0.094,0.906,40500.0,3232.0
meta.imbalanced.OnlineAdaC2 -l (trees.HoeffdingTree -e 2000000 -g 100 -c 0.01),ArffFileStream -f ./../../../Dataset/benchmarks/GMSC.arff,1,41000.0,5.03125,4.206732329395078E-9,41000.0,0.928,0.5,0.5,0.0,0.0,0.928,0.5,0.072,0.928,41000.0,3232.0
meta.imbalanced.OnlineAdaC2 -l (trees.HoeffdingTree -e 2000000 -g 100 -c 0.01),ArffFileStream -f ./../../../Dataset/benchmarks/GMSC.arff,1,41500.0,5.0625,4.232861101627346E-9,41500.0,0.93,0.5,0.5,0.0,0.0,0.93,0.5,0.07,0.93,41500.0,3232.0
meta.imbalanced.OnlineAdaC2 -l (trees.HoeffdingTree -e 2000000 -g 100 -c 0.01),ArffFileStream -f ./../../../Dataset/benchmarks/GMSC.arff,1,42000.0,5.109375,4.272054259975747E-9,42000.0,0.926,0.5,0.5,0.0,0.0,0.926,0.5,0.074,0.926,42000.0,3232.0
meta.imbalanced.OnlineAdaC2 -l (trees.HoeffdingTree -e 2000000 -g 100 -c 0.01),ArffFileStream -f ./../../../Dataset/benchmarks/GMSC.arff,1,42500.0,5.15625,4.311247418324148E-9,42500.0,0.922,0.5,0.5,0.0,0.0,0.922,0.5,0.078,0.922,42500.0,3232.0
meta.imbalanced.OnlineAdaC2 -l (trees.HoeffdingTree -e 2000000 -g 100 -c 0.01),ArffFileStream -f ./../../../Dataset/benchmarks/GMSC.arff,1,43000.0,5.203125,4.3504405766725496E-9,43000.0,0.926,0.5,0.5,0.0,0.0,0.926,0.5,0.074,0.926,43000.0,3232.0
meta.imbalanced.OnlineAdaC2 -l (trees.HoeffdingTree -e 2000000 -g 100 -c 0.01),ArffFileStream -f ./../../../Dataset/benchmarks/GMSC.arff,1,43500.0,5.25,4.389633735020951E-9,43500.0,0.936,0.5,0.5,0.0,0.0,0.936,0.5,0.064,0.936,43500.0,3232.0
meta.imbalanced.OnlineAdaC2 -l (trees.HoeffdingTree -e 2000000 -g 100 -c 0.01),ArffFileStream -f ./../../../Dataset/benchmarks/GMSC.arff,1,44000.0,5.28125,4.4157625072532184E-9,44000.0,0.916,0.5,0.5,0.0,0.0,0.916,0.5,0.084,0.916,44000.0,3232.0
meta.imbalanced.OnlineAdaC2 -l (trees.HoeffdingTree -e 2000000 -g 100 -c 0.01),ArffFileStream -f ./../../../Dataset/benchmarks/GMSC.arff,1,44500.0,5.328125,4.45495566560162E-9,44500.0,0.918,0.5,0.5,0.0,0.0,0.918,0.5,0.082,0.918,44500.0,3232.0
meta.imbalanced.OnlineAdaC2 -l (trees.HoeffdingTree -e 2000000 -g 100 -c 0.01),ArffFileStream -f ./../../../Dataset/benchmarks/GMSC.arff,1,45000.0,5.375,4.494148823950021E-9,45000.0,0.942,0.5,0.5,0.0,0.0,0.942,0.5,0.058,0.942,45000.0,3232.0
meta.imbalanced.OnlineAdaC2 -l (trees.HoeffdingTree -e 2000000 -g 100 -c 0.01),ArffFileStream -f ./../../../Dataset/benchmarks/GMSC.arff,1,45500.0,5.421875,4.533341982298422E-9,45500.0,0.958,0.5,0.5,0.0,0.0,0.958,0.5,0.042,0.958,45500.0,3232.0
meta.imbalanced.OnlineAdaC2 -l (trees.HoeffdingTree -e 2000000 -g 100 -c 0.01),ArffFileStream -f ./../../../Dataset/benchmarks/GMSC.arff,1,46000.0,5.484375,4.5855995267629574E-9,46000.0,0.942,0.5,0.5,0.0,0.0,0.942,0.5,0.058,0.942,46000.0,3232.0
meta.imbalanced.OnlineAdaC2 -l (trees.HoeffdingTree -e 2000000 -g 100 -c 0.01),ArffFileStream -f ./../../../Dataset/benchmarks/GMSC.arff,1,46500.0,5.515625,4.611728298995225E-9,46500.0,0.918,0.5,0.5,0.0,0.0,0.918,0.5,0.082,0.918,46500.0,3232.0
meta.imbalanced.OnlineAdaC2 -l (trees.HoeffdingTree -e 2000000 -g 100 -c 0.01),ArffFileStream -f ./../../../Dataset/benchmarks/GMSC.arff,1,47000.0,5.5625,4.650921457343626E-9,47000.0,0.944,0.5,0.5,0.0,0.0,0.944,0.5,0.056,0.944,47000.0,3232.0
meta.imbalanced.OnlineAdaC2 -l (trees.HoeffdingTree -e 2000000 -g 100 -c 0.01),ArffFileStream -f ./../../../Dataset/benchmarks/GMSC.arff,1,47500.0,5.609375,4.690114615692028E-9,47500.0,0.93,0.5,0.5,0.0,0.0,0.93,0.5,0.07,0.93,47500.0,3232.0
meta.imbalanced.OnlineAdaC2 -l (trees.HoeffdingTree -e 2000000 -g 100 -c 0.01),ArffFileStream -f ./../../../Dataset/benchmarks/GMSC.arff,1,48000.0,5.65625,4.729307774040429E-9,48000.0,0.938,0.5,0.5,0.0,0.0,0.938,0.5,0.062,0.938,48000.0,3232.0
meta.imbalanced.OnlineAdaC2 -l (trees.HoeffdingTree -e 2000000 -g 100 -c 0.01),ArffFileStream -f ./../../../Dataset/benchmarks/GMSC.arff,1,48500.0,5.6875,4.7554365462726965E-9,48500.0,0.932,0.5,0.5,0.0,0.0,0.932,0.5,0.068,0.932,48500.0,3232.0
meta.imbalanced.OnlineAdaC2 -l (trees.HoeffdingTree -e 2000000 -g 100 -c 0.01),ArffFileStream -f ./../../../Dataset/benchmarks/GMSC.arff,1,49000.0,5.75,4.8076940907372315E-9,49000.0,0.928,0.4989247311827957,0.4989247311827957,-0.0039040713887339654,0.0,0.4649298597194389,0.4989247311827957,0.07,0.93,49000.0,3232.0
meta.imbalanced.OnlineAdaC2 -l (trees.HoeffdingTree -e 2000000 -g 100 -c 0.01),ArffFileStream -f ./../../../Dataset/benchmarks/GMSC.arff,1,49500.0,5.78125,4.833822862969499E-9,49500.0,0.942,0.5,0.5,0.0,0.0,0.942,0.5,0.058,0.942,49500.0,3232.0
meta.imbalanced.OnlineAdaC2 -l (trees.HoeffdingTree -e 2000000 -g 100 -c 0.01),ArffFileStream -f ./../../../Dataset/benchmarks/GMSC.arff,1,50000.0,5.828125,4.8730160213179E-9,50000.0,0.892,0.5,0.5,0.0,0.0,0.892,0.5,0.108,0.892,50000.0,3232.0
meta.imbalanced.OnlineAdaC2 -l (trees.HoeffdingTree -e 2000000 -g 100 -c 0.01),ArffFileStream -f ./../../../Dataset/benchmarks/GMSC.arff,1,50500.0,5.859375,4.899144793550168E-9,50500.0,0.926,0.5,0.5,0.0,0.0,0.926,0.5,0.074,0.926,50500.0,3232.0
meta.imbalanced.OnlineAdaC2 -l (trees.HoeffdingTree -e 2000000 -g 100 -c 0.01),ArffFileStream -f ./../../../Dataset/benchmarks/GMSC.arff,1,51000.0,5.90625,4.938337951898569E-9,51000.0,0.938,0.5,0.5,0.0,0.0,0.938,0.5,0.062,0.938,51000.0,3232.0
meta.imbalanced.OnlineAdaC2 -l (trees.HoeffdingTree -e 2000000 -g 100 -c 0.01),ArffFileStream -f ./../../../Dataset/benchmarks/GMSC.arff,1,51500.0,5.953125,4.9775311102469705E-9,51500.0,0.95,0.5,0.5,0.0,0.0,0.95,0.5,0.05,0.95,51500.0,3232.0
meta.imbalanced.OnlineAdaC2 -l (trees.HoeffdingTree -e 2000000 -g 100 -c 0.01),ArffFileStream -f ./../../../Dataset/benchmarks/GMSC.arff,1,52000.0,6.0,5.016724268595372E-9,52000.0,0.94,0.5,0.5,0.0,0.0,0.94,0.5,0.06,0.94,52000.0,3232.0
meta.imbalanced.OnlineAdaC2 -l (trees.HoeffdingTree -e 2000000 -g 100 -c 0.01),ArffFileStream -f ./../../../Dataset/benchmarks/GMSC.arff,1,52500.0,6.046875,5.055917426943773E-9,52500.0,0.956,0.4989561586638831,0.4989561586638831,-0.003832816207337105,0.0,0.4789579158316633,0.4989561586638831,0.042,0.958,52500.0,3232.0
meta.imbalanced.OnlineAdaC2 -l (trees.HoeffdingTree -e 2000000 -g 100 -c 0.01),ArffFileStream -f ./../../../Dataset/benchmarks/GMSC.arff,1,53000.0,6.09375,5.0951105852921745E-9,53000.0,0.93,0.5,0.5,0.0,0.0,0.93,0.5,0.07,0.93,53000.0,3232.0
meta.imbalanced.OnlineAdaC2 -l (trees.HoeffdingTree -e 2000000 -g 100 -c 0.01),ArffFileStream -f ./../../../Dataset/benchmarks/GMSC.arff,1,53500.0,6.140625,5.134303743640576E-9,53500.0,0.932,0.5,0.5,0.0,0.0,0.932,0.5,0.068,0.932,53500.0,3232.0
meta.imbalanced.OnlineAdaC2 -l (trees.HoeffdingTree -e 2000000 -g 100 -c 0.01),ArffFileStream -f ./../../../Dataset/benchmarks/GMSC.arff,1,54000.0,6.171875,5.160432515872843E-9,54000.0,0.918,0.5,0.5,0.0,0.0,0.918,0.5,0.082,0.918,54000.0,3232.0
meta.imbalanced.OnlineAdaC2 -l (trees.HoeffdingTree -e 2000000 -g 100 -c 0.01),ArffFileStream -f ./../../../Dataset/benchmarks/GMSC.arff,1,54500.0,6.21875,5.199625674221245E-9,54500.0,0.932,0.5,0.5,0.0,0.0,0.932,0.5,0.068,0.932,54500.0,3232.0
meta.imbalanced.OnlineAdaC2 -l (trees.HoeffdingTree -e 2000000 -g 100 -c 0.01),ArffFileStream -f ./../../../Dataset/benchmarks/GMSC.arff,1,55000.0,6.25,5.225754446453512E-9,55000.0,0.92,0.5,0.5,0.0,0.0,0.92,0.5,0.08,0.92,55000.0,3232.0
meta.imbalanced.OnlineAdaC2 -l (trees.HoeffdingTree -e 2000000 -g 100 -c 0.01),ArffFileStream -f ./../../../Dataset/benchmarks/GMSC.arff,1,55500.0,6.296875,5.2649476048019135E-9,55500.0,0.926,0.5,0.5,0.0,0.0,0.926,0.5,0.074,0.926,55500.0,3232.0
meta.imbalanced.OnlineAdaC2 -l (trees.HoeffdingTree -e 2000000 -g 100 -c 0.01),ArffFileStream -f ./../../../Dataset/benchmarks/GMSC.arff,1,56000.0,6.34375,5.304140763150315E-9,56000.0,0.946,0.4989451476793249,0.4989451476793249,-0.003866745984533016,0.0,0.47394789579158314,0.4989451476793249,0.052,0.948,56000.0,3232.0
meta.imbalanced.OnlineAdaC2 -l (trees.HoeffdingTree -e 2000000 -g 100 -c 0.01),ArffFileStream -f ./../../../Dataset/benchmarks/GMSC.arff,1,56500.0,6.390625,5.343333921498716E-9,56500.0,0.926,0.4989224137931034,0.4989224137931034,-0.003907097894508357,0.0,0.46392785571142287,0.4989224137931034,0.072,0.928,56500.0,3232.0
meta.imbalanced.OnlineAdaC2 -l (trees.HoeffdingTree -e 2000000 -g 100 -c 0.01),ArffFileStream -f ./../../../Dataset/benchmarks/GMSC.arff,1,57000.0,6.4375,5.3825270798471174E-9,57000.0,0.928,0.4989247311827957,0.4989247311827957,-0.0039040713887339654,0.0,0.4649298597194389,0.4989247311827957,0.07,0.93,57000.0,3232.0
meta.imbalanced.OnlineAdaC2 -l (trees.HoeffdingTree -e 2000000 -g 100 -c 0.01),ArffFileStream -f ./../../../Dataset/benchmarks/GMSC.arff,1,57500.0,6.484375,5.421720238195519E-9,57500.0,0.922,0.5,0.5,0.0,0.0,0.922,0.5,0.078,0.922,57500.0,3232.0
meta.imbalanced.OnlineAdaC2 -l (trees.HoeffdingTree -e 2000000 -g 100 -c 0.01),ArffFileStream -f ./../../../Dataset/benchmarks/GMSC.arff,1,58000.0,6.53125,5.46091339654392E-9,58000.0,0.924,0.5,0.5,0.0,0.0,0.924,0.5,0.076,0.924,58000.0,3232.0
meta.imbalanced.OnlineAdaC2 -l (trees.HoeffdingTree -e 2000000 -g 100 -c 0.01),ArffFileStream -f ./../../../Dataset/benchmarks/GMSC.arff,1,58500.0,6.578125,5.500106554892321E-9,58500.0,0.932,0.5,0.5,0.0,0.0,0.932,0.5,0.068,0.932,58500.0,3232.0
meta.imbalanced.OnlineAdaC2 -l (trees.HoeffdingTree -e 2000000 -g 100 -c 0.01),ArffFileStream -f ./../../../Dataset/benchmarks/GMSC.arff,1,59000.0,6.609375,5.526235327124589E-9,59000.0,0.948,0.5,0.5,0.0,0.0,0.948,0.5,0.052,0.948,59000.0,3232.0
meta.imbalanced.OnlineAdaC2 -l (trees.HoeffdingTree -e 2000000 -g 100 -c 0.01),ArffFileStream -f ./../../../Dataset/benchmarks/GMSC.arff,1,59500.0,6.6875,5.591557257705258E-9,59500.0,0.928,0.5,0.5,0.0,0.0,0.928,0.5,0.072,0.928,59500.0,3232.0
meta.imbalanced.OnlineAdaC2 -l (trees.HoeffdingTree -e 2000000 -g 100 -c 0.01),ArffFileStream -f ./../../../Dataset/benchmarks/GMSC.arff,1,60000.0,6.71875,5.617686029937525E-9,60000.0,0.952,0.5,0.5,0.0,0.0,0.952,0.5,0.048,0.952,60000.0,3232.0
meta.imbalanced.OnlineAdaC2 -l (trees.HoeffdingTree -e 2000000 -g 100 -c 0.01),ArffFileStream -f ./../../../Dataset/benchmarks/GMSC.arff,1,60500.0,6.78125,5.66994357440206E-9,60500.0,0.932,0.5,0.5,0.0,0.0,0.932,0.5,0.068,0.932,60500.0,3232.0
meta.imbalanced.OnlineAdaC2 -l (trees.HoeffdingTree -e 2000000 -g 100 -c 0.01),ArffFileStream -f ./../../../Dataset/benchmarks/GMSC.arff,1,61000.0,6.828125,5.709136732750462E-9,61000.0,0.934,0.5,0.5,0.0,0.0,0.934,0.5,0.066,0.934,61000.0,3232.0
meta.imbalanced.OnlineAdaC2 -l (trees.HoeffdingTree -e 2000000 -g 100 -c 0.01),ArffFileStream -f ./../../../Dataset/benchmarks/GMSC.arff,1,61500.0,6.875,5.748329891098863E-9,61500.0,0.932,0.5,0.5,0.0,0.0,0.932,0.5,0.068,0.932,61500.0,3232.0
meta.imbalanced.OnlineAdaC2 -l (trees.HoeffdingTree -e 2000000 -g 100 -c 0.01),ArffFileStream -f ./../../../Dataset/benchmarks/GMSC.arff,1,62000.0,6.90625,5.7744586633311305E-9,62000.0,0.93,0.49785867237687365,0.49785867237687365,-0.007600184246890834,0.0,0.46686746987951805,0.49785867237687365,0.066,0.934,62000.0,3232.0
meta.imbalanced.OnlineAdaC2 -l (trees.HoeffdingTree -e 2000000 -g 100 -c 0.01),ArffFileStream -f ./../../../Dataset/benchmarks/GMSC.arff,1,62500.0,6.96875,5.826716207795666E-9,62500.0,0.928,0.5,0.5,0.0,0.0,0.928,0.5,0.072,0.928,62500.0,3232.0
meta.imbalanced.OnlineAdaC2 -l (trees.HoeffdingTree -e 2000000 -g 100 -c 0.01),ArffFileStream -f ./../../../Dataset/benchmarks/GMSC.arff,1,63000.0,7.03125,5.878973752260201E-9,63000.0,0.936,0.5,0.5,0.0,0.0,0.936,0.5,0.064,0.936,63000.0,3232.0
meta.imbalanced.OnlineAdaC2 -l (trees.HoeffdingTree -e 2000000 -g 100 -c 0.01),ArffFileStream -f ./../../../Dataset/benchmarks/GMSC.arff,1,63500.0,7.078125,5.918166910608602E-9,63500.0,0.938,0.5,0.5,0.0,0.0,0.938,0.5,0.062,0.938,63500.0,3232.0
meta.imbalanced.OnlineAdaC2 -l (trees.HoeffdingTree -e 2000000 -g 100 -c 0.01),ArffFileStream -f ./../../../Dataset/benchmarks/GMSC.arff,1,64000.0,7.125,5.957360068957003E-9,64000.0,0.936,0.5,0.5,0.0,0.0,0.936,0.5,0.064,0.936,64000.0,3232.0
meta.imbalanced.OnlineAdaC2 -l (trees.HoeffdingTree -e 2000000 -g 100 -c 0.01),ArffFileStream -f ./../../../Dataset/benchmarks/GMSC.arff,1,64500.0,7.15625,5.983488841189271E-9,64500.0,0.918,0.5,0.5,0.0,0.0,0.918,0.5,0.082,0.918,64500.0,3232.0
meta.imbalanced.OnlineAdaC2 -l (trees.HoeffdingTree -e 2000000 -g 100 -c 0.01),ArffFileStream -f ./../../../Dataset/benchmarks/GMSC.arff,1,65000.0,7.203125,6.022681999537672E-9,65000.0,0.94,0.5,0.5,0.0,0.0,0.94,0.5,0.06,0.94,65000.0,3232.0
meta.imbalanced.OnlineAdaC2 -l (trees.HoeffdingTree -e 2000000 -g 100 -c 0.01),ArffFileStream -f ./../../../Dataset/benchmarks/GMSC.arff,1,65500.0,7.234375,6.04881077176994E-9,65500.0,0.918,0.5,0.5,0.0,0.0,0.918,0.5,0.082,0.918,65500.0,3232.0
meta.imbalanced.OnlineAdaC2 -l (trees.HoeffdingTree -e 2000000 -g 100 -c 0.01),ArffFileStream -f ./../../../Dataset/benchmarks/GMSC.arff,1,66000.0,7.296875,6.101068316234475E-9,66000.0,0.926,0.5,0.5,0.0,0.0,0.926,0.5,0.074,0.926,66000.0,3232.0
meta.imbalanced.OnlineAdaC2 -l (trees.HoeffdingTree -e 2000000 -g 100 -c 0.01),ArffFileStream -f ./../../../Dataset/benchmarks/GMSC.arff,1,66500.0,7.328125,6.127197088466742E-9,66500.0,0.952,0.5,0.5,0.0,0.0,0.952,0.5,0.048,0.952,66500.0,3232.0
meta.imbalanced.OnlineAdaC2 -l (trees.HoeffdingTree -e 2000000 -g 100 -c 0.01),ArffFileStream -f ./../../../Dataset/benchmarks/GMSC.arff,1,67000.0,7.375,6.166390246815144E-9,67000.0,0.936,0.5,0.5,0.0,0.0,0.936,0.5,0.064,0.936,67000.0,3232.0
meta.imbalanced.OnlineAdaC2 -l (trees.HoeffdingTree -e 2000000 -g 100 -c 0.01),ArffFileStream -f ./../../../Dataset/benchmarks/GMSC.arff,1,67500.0,7.421875,6.205583405163545E-9,67500.0,0.94,0.5,0.5,0.0,0.0,0.94,0.5,0.06,0.94,67500.0,3232.0
meta.imbalanced.OnlineAdaC2 -l (trees.HoeffdingTree -e 2000000 -g 100 -c 0.01),ArffFileStream -f ./../../../Dataset/benchmarks/GMSC.arff,1,68000.0,7.46875,6.244776563511946E-9,68000.0,0.922,0.5,0.5,0.0,0.0,0.922,0.5,0.078,0.922,68000.0,3232.0
meta.imbalanced.OnlineAdaC2 -l (trees.HoeffdingTree -e 2000000 -g 100 -c 0.01),ArffFileStream -f ./../../../Dataset/benchmarks/GMSC.arff,1,68500.0,7.53125,6.297034107976481E-9,68500.0,0.95,0.5,0.5,0.0,0.0,0.95,0.5,0.05,0.95,68500.0,3232.0
meta.imbalanced.OnlineAdaC2 -l (trees.HoeffdingTree -e 2000000 -g 100 -c 0.01),ArffFileStream -f ./../../../Dataset/benchmarks/GMSC.arff,1,69000.0,7.578125,6.336227266324883E-9,69000.0,0.928,0.5,0.5,0.0,0.0,0.928,0.5,0.072,0.928,69000.0,3232.0
meta.imbalanced.OnlineAdaC2 -l (trees.HoeffdingTree -e 2000000 -g 100 -c 0.01),ArffFileStream -f ./../../../Dataset/benchmarks/GMSC.arff,1,69500.0,7.625,6.375420424673284E-9,69500.0,0.922,0.5,0.5,0.0,0.0,0.922,0.5,0.078,0.922,69500.0,3232.0
meta.imbalanced.OnlineAdaC2 -l (trees.HoeffdingTree -e 2000000 -g 100 -c 0.01),ArffFileStream -f ./../../../Dataset/benchmarks/GMSC.arff,1,70000.0,7.671875,6.414613583021685E-9,70000.0,0.932,0.4989293361884368,0.4989293361884368,-0.003897484351009803,0.0,0.46693386773547096,0.4989293361884368,0.066,0.934,70000.0,3232.0
meta.imbalanced.OnlineAdaC2 -l (trees.HoeffdingTree -e 2000000 -g 100 -c 0.01),ArffFileStream -f ./../../../Dataset/benchmarks/GMSC.arff,1,70500.0,7.703125,6.440742355253953E-9,70500.0,0.94,0.5,0.5,0.0,0.0,0.94,0.5,0.06,0.94,70500.0,3232.0
meta.imbalanced.OnlineAdaC2 -l (trees.HoeffdingTree -e 2000000 -g 100 -c 0.01),ArffFileStream -f ./../../../Dataset/benchmarks/GMSC.arff,1,71000.0,7.75,6.479935513602354E-9,71000.0,0.92,0.5,0.5,0.0,0.0,0.92,0.5,0.08,0.92,71000.0,3232.0
meta.imbalanced.OnlineAdaC2 -l (trees.HoeffdingTree -e 2000000 -g 100 -c 0.01),ArffFileStream -f ./../../../Dataset/benchmarks/GMSC.arff,1,71500.0,7.796875,6.5191286719507554E-9,71500.0,0.932,0.5,0.5,0.0,0.0,0.932,0.5,0.068,0.932,71500.0,3232.0
meta.imbalanced.OnlineAdaC2 -l (trees.HoeffdingTree -e 2000000 -g 100 -c 0.01),ArffFileStream -f ./../../../Dataset/benchmarks/GMSC.arff,1,72000.0,7.828125,6.545257444183023E-9,72000.0,0.916,0.4989106753812636,0.4989106753812636,-0.003920068840233292,0.0,0.4589178356713427,0.4989106753812636,0.082,0.918,72000.0,3232.0
meta.imbalanced.OnlineAdaC2 -l (trees.HoeffdingTree -e 2000000 -g 100 -c 0.01),ArffFileStream -f ./../../../Dataset/benchmarks/GMSC.arff,1,72500.0,7.859375,6.5713862164152905E-9,72500.0,0.946,0.5,0.5,0.0,0.0,0.946,0.5,0.054,0.946,72500.0,3232.0
meta.imbalanced.OnlineAdaC2 -l (trees.HoeffdingTree -e 2000000 -g 100 -c 0.01),ArffFileStream -f ./../../../Dataset/benchmarks/GMSC.arff,1,73000.0,7.90625,6.610579374763692E-9,73000.0,0.934,0.5,0.5,0.0,0.0,0.934,0.5,0.066,0.934,73000.0,3232.0
meta.imbalanced.OnlineAdaC2 -l (trees.HoeffdingTree -e 2000000 -g 100 -c 0.01),ArffFileStream -f ./../../../Dataset/benchmarks/GMSC.arff,1,73500.0,7.953125,6.649772533112093E-9,73500.0,0.944,0.5,0.5,0.0,0.0,0.944,0.5,0.056,0.944,73500.0,3232.0
meta.imbalanced.OnlineAdaC2 -l (trees.HoeffdingTree -e 2000000 -g 100 -c 0.01),ArffFileStream -f ./../../../Dataset/benchmarks/GMSC.arff,1,74000.0,8.0,6.6889656914604944E-9,74000.0,0.944,0.5,0.5,0.0,0.0,0.944,0.5,0.056,0.944,74000.0,3232.0
meta.imbalanced.OnlineAdaC2 -l (trees.HoeffdingTree -e 2000000 -g 100 -c 0.01),ArffFileStream -f ./../../../Dataset/benchmarks/GMSC.arff,1,74500.0,8.046875,6.728158849808896E-9,74500.0,0.938,0.5,0.5,0.0,0.0,0.938,0.5,0.062,0.938,74500.0,3232.0
meta.imbalanced.OnlineAdaC2 -l (trees.HoeffdingTree -e 2000000 -g 100 -c 0.01),ArffFileStream -f ./../../../Dataset/benchmarks/GMSC.arff,1,75000.0,8.078125,6.754287622041163E-9,75000.0,0.946,0.5,0.5,0.0,0.0,0.946,0.5,0.054,0.946,75000.0,3232.0
meta.imbalanced.OnlineAdaC2 -l (trees.HoeffdingTree -e 2000000 -g 100 -c 0.01),ArffFileStream -f ./../../../Dataset/benchmarks/GMSC.arff,1,75500.0,8.125,6.793480780389565E-9,75500.0,0.934,0.5,0.5,0.0,0.0,0.934,0.5,0.066,0.934,75500.0,3232.0
meta.imbalanced.OnlineAdaC2 -l (trees.HoeffdingTree -e 2000000 -g 100 -c 0.01),ArffFileStream -f ./../../../Dataset/benchmarks/GMSC.arff,1,76000.0,8.171875,6.832673938737966E-9,76000.0,0.926,0.5,0.5,0.0,0.0,0.926,0.5,0.074,0.926,76000.0,3232.0
meta.imbalanced.OnlineAdaC2 -l (trees.HoeffdingTree -e 2000000 -g 100 -c 0.01),ArffFileStream -f ./../../../Dataset/benchmarks/GMSC.arff,1,76500.0,8.203125,6.8588027109702334E-9,76500.0,0.93,0.5,0.5,0.0,0.0,0.93,0.5,0.07,0.93,76500.0,3232.0
meta.imbalanced.OnlineAdaC2 -l (trees.HoeffdingTree -e 2000000 -g 100 -c 0.01),ArffFileStream -f ./../../../Dataset/benchmarks/GMSC.arff,1,77000.0,8.25,6.897995869318635E-9,77000.0,0.946,0.5,0.5,0.0,0.0,0.946,0.5,0.054,0.946,77000.0,3232.0
meta.imbalanced.OnlineAdaC2 -l (trees.HoeffdingTree -e 2000000 -g 100 -c 0.01),ArffFileStream -f ./../../../Dataset/benchmarks/GMSC.arff,1,77500.0,8.28125,6.924124641550902E-9,77500.0,0.942,0.5,0.5,0.0,0.0,0.942,0.5,0.058,0.942,77500.0,3232.0
meta.imbalanced.OnlineAdaC2 -l (trees.HoeffdingTree -e 2000000 -g 100 -c 0.01),ArffFileStream -f ./../../../Dataset/benchmarks/GMSC.arff,1,78000.0,8.328125,6.963317799899304E-9,78000.0,0.942,0.5,0.5,0.0,0.0,0.942,0.5,0.058,0.942,78000.0,3232.0
meta.imbalanced.OnlineAdaC2 -l (trees.HoeffdingTree -e 2000000 -g 100 -c 0.01),ArffFileStream -f ./../../../Dataset/benchmarks/GMSC.arff,1,78500.0,8.359375,6.989446572131571E-9,78500.0,0.942,0.5,0.5,0.0,0.0,0.942,0.5,0.058,0.942,78500.0,3232.0
meta.imbalanced.OnlineAdaC2 -l (trees.HoeffdingTree -e 2000000 -g 100 -c 0.01),ArffFileStream -f ./../../../Dataset/benchmarks/GMSC.arff,1,79000.0,8.40625,7.0286397304799725E-9,79000.0,0.944,0.5,0.5,0.0,0.0,0.944,0.5,0.056,0.944,79000.0,3232.0
meta.imbalanced.OnlineAdaC2 -l (trees.HoeffdingTree -e 2000000 -g 100 -c 0.01),ArffFileStream -f ./../../../Dataset/benchmarks/GMSC.arff,1,79500.0,8.453125,7.067832888828374E-9,79500.0,0.928,0.4989247311827957,0.4989247311827957,-0.0039040713887339654,0.0,0.4649298597194389,0.4989247311827957,0.07,0.93,79500.0,3232.0
meta.imbalanced.OnlineAdaC2 -l (trees.HoeffdingTree -e 2000000 -g 100 -c 0.01),ArffFileStream -f ./../../../Dataset/benchmarks/GMSC.arff,1,80000.0,8.5,7.107026047176775E-9,80000.0,0.94,0.5,0.5,0.0,0.0,0.94,0.5,0.06,0.94,80000.0,3232.0
meta.imbalanced.OnlineAdaC2 -l (trees.HoeffdingTree -e 2000000 -g 100 -c 0.01),ArffFileStream -f ./../../../Dataset/benchmarks/GMSC.arff,1,80500.0,8.546875,7.146219205525176E-9,80500.0,0.94,0.5,0.5,0.0,0.0,0.94,0.5,0.06,0.94,80500.0,3232.0
meta.imbalanced.OnlineAdaC2 -l (trees.HoeffdingTree -e 2000000 -g 100 -c 0.01),ArffFileStream -f ./../../../Dataset/benchmarks/GMSC.arff,1,81000.0,8.59375,7.185412363873578E-9,81000.0,0.932,0.5,0.5,0.0,0.0,0.932,0.5,0.068,0.932,81000.0,3232.0
meta.imbalanced.OnlineAdaC2 -l (trees.HoeffdingTree -e 2000000 -g 100 -c 0.01),ArffFileStream -f ./../../../Dataset/benchmarks/GMSC.arff,1,81500.0,8.640625,7.224605522221979E-9,81500.0,0.942,0.5,0.5,0.0,0.0,0.942,0.5,0.058,0.942,81500.0,3232.0
meta.imbalanced.OnlineAdaC2 -l (trees.HoeffdingTree -e 2000000 -g 100 -c 0.01),ArffFileStream -f ./../../../Dataset/benchmarks/GMSC.arff,1,82000.0,8.671875,7.2507342944542465E-9,82000.0,0.92,0.5,0.5,0.0,0.0,0.92,0.5,0.08,0.92,82000.0,3232.0
meta.imbalanced.OnlineAdaC2 -l (trees.HoeffdingTree -e 2000000 -g 100 -c 0.01),ArffFileStream -f ./../../../Dataset/benchmarks/GMSC.arff,1,82500.0,8.71875,7.289927452802648E-9,82500.0,0.926,0.5,0.5,0.0,0.0,0.926,0.5,0.074,0.926,82500.0,3232.0
meta.imbalanced.OnlineAdaC2 -l (trees.HoeffdingTree -e 2000000 -g 100 -c 0.01),ArffFileStream -f ./../../../Dataset/benchmarks/GMSC.arff,1,83000.0,8.765625,7.329120611151049E-9,83000.0,0.946,0.5,0.5,0.0,0.0,0.946,0.5,0.054,0.946,83000.0,3232.0
meta.imbalanced.OnlineAdaC2 -l (trees.HoeffdingTree -e 2000000 -g 100 -c 0.01),ArffFileStream -f ./../../../Dataset/benchmarks/GMSC.arff,1,83500.0,8.8125,7.3683137694994505E-9,83500.0,0.938,0.5,0.5,0.0,0.0,0.938,0.5,0.062,0.938,83500.0,3232.0
meta.imbalanced.OnlineAdaC2 -l (trees.HoeffdingTree -e 2000000 -g 100 -c 0.01),ArffFileStream -f ./../../../Dataset/benchmarks/GMSC.arff,1,84000.0,8.84375,7.394442541731718E-9,84000.0,0.928,0.5,0.5,0.0,0.0,0.928,0.5,0.072,0.928,84000.0,3232.0
meta.imbalanced.OnlineAdaC2 -l (trees.HoeffdingTree -e 2000000 -g 100 -c 0.01),ArffFileStream -f ./../../../Dataset/benchmarks/GMSC.arff,1,84500.0,8.875,7.4205713139639856E-9,84500.0,0.92,0.5,0.5,0.0,0.0,0.92,0.5,0.08,0.92,84500.0,3232.0
meta.imbalanced.OnlineAdaC2 -l (trees.HoeffdingTree -e 2000000 -g 100 -c 0.01),ArffFileStream -f ./../../../Dataset/benchmarks/GMSC.arff,1,85000.0,8.921875,7.459764472312387E-9,85000.0,0.932,0.5,0.5,0.0,0.0,0.932,0.5,0.068,0.932,85000.0,3232.0
meta.imbalanced.OnlineAdaC2 -l (trees.HoeffdingTree -e 2000000 -g 100 -c 0.01),ArffFileStream -f ./../../../Dataset/benchmarks/GMSC.arff,1,85500.0,8.96875,7.498957630660789E-9,85500.0,0.952,0.5,0.5,0.0,0.0,0.952,0.5,0.048,0.952,85500.0,3232.0
meta.imbalanced.OnlineAdaC2 -l (trees.HoeffdingTree -e 2000000 -g 100 -c 0.01),ArffFileStream -f ./../../../Dataset/benchmarks/GMSC.arff,1,86000.0,9.015625,7.538150789009191E-9,86000.0,0.938,0.498936170212766,0.498936170212766,-0.0038860103626943004,0.0,0.46993987975951906,0.498936170212766,0.06,0.94,86000.0,3232.0
meta.imbalanced.OnlineAdaC2 -l (trees.HoeffdingTree -e 2000000 -g 100 -c 0.01),ArffFileStream -f ./../../../Dataset/benchmarks/GMSC.arff,1,86500.0,9.0625,7.577343947357593E-9,86500.0,0.928,0.5,0.5,0.0,0.0,0.928,0.5,0.072,0.928,86500.0,3232.0
meta.imbalanced.OnlineAdaC2 -l (trees.HoeffdingTree -e 2000000 -g 100 -c 0.01),ArffFileStream -f ./../../../Dataset/benchmarks/GMSC.arff,1,87000.0,9.09375,7.60347271958986E-9,87000.0,0.93,0.5,0.5,0.0,0.0,0.93,0.5,0.07,0.93,87000.0,3232.0
meta.imbalanced.OnlineAdaC2 -l (trees.HoeffdingTree -e 2000000 -g 100 -c 0.01),ArffFileStream -f ./../../../Dataset/benchmarks/GMSC.arff,1,87500.0,9.125,7.629601491822128E-9,87500.0,0.934,0.5,0.5,0.0,0.0,0.934,0.5,0.066,0.934,87500.0,3232.0
meta.imbalanced.OnlineAdaC2 -l (trees.HoeffdingTree -e 2000000 -g 100 -c 0.01),ArffFileStream -f ./../../../Dataset/benchmarks/GMSC.arff,1,88000.0,9.171875,7.66879465017053E-9,88000.0,0.94,0.5,0.5,0.0,0.0,0.94,0.5,0.06,0.94,88000.0,3232.0
meta.imbalanced.OnlineAdaC2 -l (trees.HoeffdingTree -e 2000000 -g 100 -c 0.01),ArffFileStream -f ./../../../Dataset/benchmarks/GMSC.arff,1,88500.0,9.203125,7.694923422402798E-9,88500.0,0.93,0.5,0.5,0.0,0.0,0.93,0.5,0.07,0.93,88500.0,3232.0
meta.imbalanced.OnlineAdaC2 -l (trees.HoeffdingTree -e 2000000 -g 100 -c 0.01),ArffFileStream -f ./../../../Dataset/benchmarks/GMSC.arff,1,89000.0,9.234375,7.721052194635066E-9,89000.0,0.936,0.5,0.5,0.0,0.0,0.936,0.5,0.064,0.936,89000.0,3232.0
meta.imbalanced.OnlineAdaC2 -l (trees.HoeffdingTree -e 2000000 -g 100 -c 0.01),ArffFileStream -f ./../../../Dataset/benchmarks/GMSC.arff,1,89500.0,9.28125,7.760245352983468E-9,89500.0,0.938,0.5,0.5,0.0,0.0,0.938,0.5,0.062,0.938,89500.0,3232.0
meta.imbalanced.OnlineAdaC2 -l (trees.HoeffdingTree -e 2000000 -g 100 -c 0.01),ArffFileStream -f ./../../../Dataset/benchmarks/GMSC.arff,1,90000.0,9.3125,7.786374125215735E-9,90000.0,0.938,0.5,0.5,0.0,0.0,0.938,0.5,0.062,0.938,90000.0,3232.0
meta.imbalanced.OnlineAdaC2 -l (trees.HoeffdingTree -e 2000000 -g 100 -c 0.01),ArffFileStream -f ./../../../Dataset/benchmarks/GMSC.arff,1,90500.0,9.359375,7.825567283564137E-9,90500.0,0.952,0.5,0.5,0.0,0.0,0.952,0.5,0.048,0.952,90500.0,3232.0
meta.imbalanced.OnlineAdaC2 -l (trees.HoeffdingTree -e 2000000 -g 100 -c 0.01),ArffFileStream -f ./../../../Dataset/benchmarks/GMSC.arff,1,91000.0,9.390625,7.851696055796405E-9,91000.0,0.944,0.5,0.5,0.0,0.0,0.944,0.5,0.056,0.944,91000.0,3232.0
meta.imbalanced.OnlineAdaC2 -l (trees.HoeffdingTree -e 2000000 -g 100 -c 0.01),ArffFileStream -f ./../../../Dataset/benchmarks/GMSC.arff,1,91500.0,9.4375,7.890889214144807E-9,91500.0,0.942,0.5166666666666667,0.5166666666666667,0.06088082901554404,0.18257418583505536,0.9709418837675351,0.5166666666666667,0.06,0.94,91500.0,3232.0
meta.imbalanced.OnlineAdaC2 -l (trees.HoeffdingTree -e 2000000 -g 100 -c 0.01),ArffFileStream -f ./../../../Dataset/benchmarks/GMSC.arff,1,92000.0,9.46875,7.917017986377075E-9,92000.0,0.936,0.5,0.5,0.0,0.0,0.936,0.5,0.064,0.936,92000.0,3232.0
meta.imbalanced.OnlineAdaC2 -l (trees.HoeffdingTree -e 2000000 -g 100 -c 0.01),ArffFileStream -f ./../../../Dataset/benchmarks/GMSC.arff,1,92500.0,9.5,7.943146758609342E-9,92500.0,0.914,0.5,0.5,0.0,0.0,0.914,0.5,0.086,0.914,92500.0,3232.0
meta.imbalanced.OnlineAdaC2 -l (trees.HoeffdingTree -e 2000000 -g 100 -c 0.01),ArffFileStream -f ./../../../Dataset/benchmarks/GMSC.arff,1,93000.0,9.546875,7.982339916957744E-9,93000.0,0.932,0.5,0.5,0.0,0.0,0.932,0.5,0.068,0.932,93000.0,3232.0
meta.imbalanced.OnlineAdaC2 -l (trees.HoeffdingTree -e 2000000 -g 100 -c 0.01),ArffFileStream -f ./../../../Dataset/benchmarks/GMSC.arff,1,93500.0,9.59375,8.021533075306146E-9,93500.0,0.942,0.5,0.5,0.0,0.0,0.942,0.5,0.058,0.942,93500.0,3232.0
meta.imbalanced.OnlineAdaC2 -l (trees.HoeffdingTree -e 2000000 -g 100 -c 0.01),ArffFileStream -f ./../../../Dataset/benchmarks/GMSC.arff,1,94000.0,9.625,8.047661847538414E-9,94000.0,0.93,0.5,0.5,0.0,0.0,0.93,0.5,0.07,0.93,94000.0,3232.0
meta.imbalanced.OnlineAdaC2 -l (trees.HoeffdingTree -e 2000000 -g 100 -c 0.01),ArffFileStream -f ./../../../Dataset/benchmarks/GMSC.arff,1,94500.0,9.671875,8.086855005886816E-9,94500.0,0.928,0.5,0.5,0.0,0.0,0.928,0.5,0.072,0.928,94500.0,3232.0
meta.imbalanced.OnlineAdaC2 -l (trees.HoeffdingTree -e 2000000 -g 100 -c 0.01),ArffFileStream -f ./../../../Dataset/benchmarks/GMSC.arff,1,95000.0,9.703125,8.112983778119084E-9,95000.0,0.956,0.5,0.5,0.0,0.0,0.956,0.5,0.044,0.956,95000.0,3232.0
meta.imbalanced.OnlineAdaC2 -l (trees.HoeffdingTree -e 2000000 -g 100 -c 0.01),ArffFileStream -f ./../../../Dataset/benchmarks/GMSC.arff,1,95500.0,9.75,8.152176936467486E-9,95500.0,0.904,0.4988962472406181,0.4988962472406181,-0.003932067263448507,0.0,0.4529058116232465,0.4988962472406181,0.094,0.906,95500.0,3232.0
meta.imbalanced.OnlineAdaC2 -l (trees.HoeffdingTree -e 2000000 -g 100 -c 0.01),ArffFileStream -f ./../../../Dataset/benchmarks/GMSC.arff,1,96000.0,9.796875,8.191370094815888E-9,96000.0,0.92,0.5,0.5,0.0,0.0,0.92,0.5,0.08,0.92,96000.0,3232.0
meta.imbalanced.OnlineAdaC2 -l (trees.HoeffdingTree -e 2000000 -g 100 -c 0.01),ArffFileStream -f ./../../../Dataset/benchmarks/GMSC.arff,1,96500.0,9.828125,8.217498867048155E-9,96500.0,0.902,0.5,0.5,0.0,0.0,0.902,0.5,0.098,0.902,96500.0,3232.0
meta.imbalanced.OnlineAdaC2 -l (trees.HoeffdingTree -e 2000000 -g 100 -c 0.01),ArffFileStream -f ./../../../Dataset/benchmarks/GMSC.arff,1,97000.0,9.890625,8.26975641151269E-9,97000.0,0.918,0.5,0.5,0.0,0.0,0.918,0.5,0.082,0.918,97000.0,3232.0
meta.imbalanced.OnlineAdaC2 -l (trees.HoeffdingTree -e 2000000 -g 100 -c 0.01),ArffFileStream -f ./../../../Dataset/benchmarks/GMSC.arff,1,97500.0,9.9375,8.308949569861093E-9,97500.0,0.912,0.5,0.5,0.0,0.0,0.912,0.5,0.088,0.912,97500.0,3232.0
meta.imbalanced.OnlineAdaC2 -l (trees.HoeffdingTree -e 2000000 -g 100 -c 0.01),ArffFileStream -f ./../../../Dataset/benchmarks/GMSC.arff,1,98000.0,9.984375,8.348142728209495E-9,98000.0,0.938,0.5,0.5,0.0,0.0,0.938,0.5,0.062,0.938,98000.0,3232.0
meta.imbalanced.OnlineAdaC2 -l (trees.HoeffdingTree -e 2000000 -g 100 -c 0.01),ArffFileStream -f ./../../../Dataset/benchmarks/GMSC.arff,1,98500.0,10.046875,8.40040027267403E-9,98500.0,0.932,0.5,0.5,0.0,0.0,0.932,0.5,0.068,0.932,98500.0,3232.0
meta.imbalanced.OnlineAdaC2 -l (trees.HoeffdingTree -e 2000000 -g 100 -c 0.01),ArffFileStream -f ./../../../Dataset/benchmarks/GMSC.arff,1,99000.0,10.09375,8.439593431022432E-9,99000.0,0.928,0.5,0.5,0.0,0.0,0.928,0.5,0.072,0.928,99000.0,3232.0
meta.imbalanced.OnlineAdaC2 -l (trees.HoeffdingTree -e 2000000 -g 100 -c 0.01),ArffFileStream -f ./../../../Dataset/benchmarks/GMSC.arff,1,99500.0,10.140625,8.478786589370834E-9,99500.0,0.938,0.5,0.5,0.0,0.0,0.938,0.5,0.062,0.938,99500.0,3232.0
meta.imbalanced.OnlineAdaC2 -l (trees.HoeffdingTree -e 2000000 -g 100 -c 0.01),ArffFileStream -f ./../../../Dataset/benchmarks/GMSC.arff,1,100000.0,10.1875,8.517979747719236E-9,100000.0,0.928,0.5,0.5,0.0,0.0,0.928,0.5,0.072,0.928,100000.0,3232.0
meta.imbalanced.OnlineAdaC2 -l (trees.HoeffdingTree -e 2000000 -g 100 -c 0.01),ArffFileStream -f ./../../../Dataset/benchmarks/GMSC.arff,1,100500.0,10.234375,8.557172906067638E-9,100500.0,0.942,0.5,0.5,0.0,0.0,0.942,0.5,0.058,0.942,100500.0,3232.0
meta.imbalanced.OnlineAdaC2 -l (trees.HoeffdingTree -e 2000000 -g 100 -c 0.01),ArffFileStream -f ./../../../Dataset/benchmarks/GMSC.arff,1,101000.0,10.265625,8.583301678299906E-9,101000.0,0.942,0.5,0.5,0.0,0.0,0.942,0.5,0.058,0.942,101000.0,3232.0
meta.imbalanced.OnlineAdaC2 -l (trees.HoeffdingTree -e 2000000 -g 100 -c 0.01),ArffFileStream -f ./../../../Dataset/benchmarks/GMSC.arff,1,101500.0,10.328125,8.635559222764441E-9,101500.0,0.906,0.5,0.5,0.0,0.0,0.906,0.5,0.094,0.906,101500.0,3232.0
meta.imbalanced.OnlineAdaC2 -l (trees.HoeffdingTree -e 2000000 -g 100 -c 0.01),ArffFileStream -f ./../../../Dataset/benchmarks/GMSC.arff,1,102000.0,10.390625,8.687816767228976E-9,102000.0,0.938,0.5,0.5,0.0,0.0,0.938,0.5,0.062,0.938,102000.0,3232.0
meta.imbalanced.OnlineAdaC2 -l (trees.HoeffdingTree -e 2000000 -g 100 -c 0.01),ArffFileStream -f ./../../../Dataset/benchmarks/GMSC.arff,1,102500.0,10.4375,8.727009925577378E-9,102500.0,0.94,0.5,0.5,0.0,0.0,0.94,0.5,0.06,0.94,102500.0,3232.0
meta.imbalanced.OnlineAdaC2 -l (trees.HoeffdingTree -e 2000000 -g 100 -c 0.01),ArffFileStream -f ./../../../Dataset/benchmarks/GMSC.arff,1,103000.0,10.484375,8.76620308392578E-9,103000.0,0.924,0.5,0.5,0.0,0.0,0.924,0.5,0.076,0.924,103000.0,3232.0
meta.imbalanced.OnlineAdaC2 -l (trees.HoeffdingTree -e 2000000 -g 100 -c 0.01),ArffFileStream -f ./../../../Dataset/benchmarks/GMSC.arff,1,103500.0,10.53125,8.805396242274183E-9,103500.0,0.918,0.5,0.5,0.0,0.0,0.918,0.5,0.082,0.918,103500.0,3232.0
meta.imbalanced.OnlineAdaC2 -l (trees.HoeffdingTree -e 2000000 -g 100 -c 0.01),ArffFileStream -f ./../../../Dataset/benchmarks/GMSC.arff,1,104000.0,10.578125,8.844589400622585E-9,104000.0,0.934,0.5,0.5,0.0,0.0,0.934,0.5,0.066,0.934,104000.0,3232.0
meta.imbalanced.OnlineAdaC2 -l (trees.HoeffdingTree -e 2000000 -g 100 -c 0.01),ArffFileStream -f ./../../../Dataset/benchmarks/GMSC.arff,1,104500.0,10.625,8.883782558970987E-9,104500.0,0.93,0.5,0.5,0.0,0.0,0.93,0.5,0.07,0.93,104500.0,3232.0
meta.imbalanced.OnlineAdaC2 -l (trees.HoeffdingTree -e 2000000 -g 100 -c 0.01),ArffFileStream -f ./../../../Dataset/benchmarks/GMSC.arff,1,105000.0,10.671875,8.922975717319389E-9,105000.0,0.946,0.5,0.5,0.0,0.0,0.946,0.5,0.054,0.946,105000.0,3232.0
meta.imbalanced.OnlineAdaC2 -l (trees.HoeffdingTree -e 2000000 -g 100 -c 0.01),ArffFileStream -f ./../../../Dataset/benchmarks/GMSC.arff,1,105500.0,10.71875,8.962168875667791E-9,105500.0,0.926,0.5,0.5,0.0,0.0,0.926,0.5,0.074,0.926,105500.0,3232.0
meta.imbalanced.OnlineAdaC2 -l (trees.HoeffdingTree -e 2000000 -g 100 -c 0.01),ArffFileStream -f ./../../../Dataset/benchmarks/GMSC.arff,1,106000.0,10.765625,9.001362034016193E-9,106000.0,0.93,0.5,0.5,0.0,0.0,0.93,0.5,0.07,0.93,106000.0,3232.0
meta.imbalanced.OnlineAdaC2 -l (trees.HoeffdingTree -e 2000000 -g 100 -c 0.01),ArffFileStream -f ./../../../Dataset/benchmarks/GMSC.arff,1,106500.0,10.8125,9.040555192364595E-9,106500.0,0.946,0.5,0.5,0.0,0.0,0.946,0.5,0.054,0.946,106500.0,3232.0
meta.imbalanced.OnlineAdaC2 -l (trees.HoeffdingTree -e 2000000 -g 100 -c 0.01),ArffFileStream -f ./../../../Dataset/benchmarks/GMSC.arff,1,107000.0,10.875,9.09281273682913E-9,107000.0,0.928,0.5,0.5,0.0,0.0,0.928,0.5,0.072,0.928,107000.0,3232.0
meta.imbalanced.OnlineAdaC2 -l (trees.HoeffdingTree -e 2000000 -g 100 -c 0.01),ArffFileStream -f ./../../../Dataset/benchmarks/GMSC.arff,1,107500.0,10.90625,9.118941509061398E-9,107500.0,0.93,0.5,0.5,0.0,0.0,0.93,0.5,0.07,0.93,107500.0,3232.0
meta.imbalanced.OnlineAdaC2 -l (trees.HoeffdingTree -e 2000000 -g 100 -c 0.01),ArffFileStream -f ./../../../Dataset/benchmarks/GMSC.arff,1,108000.0,10.953125,9.1581346674098E-9,108000.0,0.938,0.5,0.5,0.0,0.0,0.938,0.5,0.062,0.938,108000.0,3232.0
meta.imbalanced.OnlineAdaC2 -l (trees.HoeffdingTree -e 2000000 -g 100 -c 0.01),ArffFileStream -f ./../../../Dataset/benchmarks/GMSC.arff,1,108500.0,10.984375,9.184263439642068E-9,108500.0,0.932,0.5,0.5,0.0,0.0,0.932,0.5,0.068,0.932,108500.0,3232.0
meta.imbalanced.OnlineAdaC2 -l (trees.HoeffdingTree -e 2000000 -g 100 -c 0.01),ArffFileStream -f ./../../../Dataset/benchmarks/GMSC.arff,1,109000.0,11.03125,9.22345659799047E-9,109000.0,0.932,0.5,0.5,0.0,0.0,0.932,0.5,0.068,0.932,109000.0,3232.0
meta.imbalanced.OnlineAdaC2 -l (trees.HoeffdingTree -e 2000000 -g 100 -c 0.01),ArffFileStream -f ./../../../Dataset/benchmarks/GMSC.arff,1,109500.0,11.078125,9.262649756338872E-9,109500.0,0.938,0.5,0.5,0.0,0.0,0.938,0.5,0.062,0.938,109500.0,3232.0
meta.imbalanced.OnlineAdaC2 -l (trees.HoeffdingTree -e 2000000 -g 100 -c 0.01),ArffFileStream -f ./../../../Dataset/benchmarks/GMSC.arff,1,110000.0,11.109375,9.28877852857114E-9,110000.0,0.95,0.5,0.5,0.0,0.0,0.95,0.5,0.05,0.95,110000.0,3232.0
meta.imbalanced.OnlineAdaC2 -l (trees.HoeffdingTree -e 2000000 -g 100 -c 0.01),ArffFileStream -f ./../../../Dataset/benchmarks/GMSC.arff,1,110500.0,11.15625,9.327971686919542E-9,110500.0,0.94,0.5,0.5,0.0,0.0,0.94,0.5,0.06,0.94,110500.0,3232.0
meta.imbalanced.OnlineAdaC2 -l (trees.HoeffdingTree -e 2000000 -g 100 -c 0.01),ArffFileStream -f ./../../../Dataset/benchmarks/GMSC.arff,1,111000.0,11.1875,9.35410045915181E-9,111000.0,0.938,0.5,0.5,0.0,0.0,0.938,0.5,0.062,0.938,111000.0,3232.0
meta.imbalanced.OnlineAdaC2 -l (trees.HoeffdingTree -e 2000000 -g 100 -c 0.01),ArffFileStream -f ./../../../Dataset/benchmarks/GMSC.arff,1,111500.0,11.234375,9.393293617500211E-9,111500.0,0.922,0.4989177489177489,0.4989177489177489,-0.003912685337726524,0.0,0.4619238476953908,0.4989177489177489,0.076,0.924,111500.0,3232.0
meta.imbalanced.OnlineAdaC2 -l (trees.HoeffdingTree -e 2000000 -g 100 -c 0.01),ArffFileStream -f ./../../../Dataset/benchmarks/GMSC.arff,1,112000.0,11.296875,9.445551161964746E-9,112000.0,0.944,0.5,0.5,0.0,0.0,0.944,0.5,0.056,0.944,112000.0,3232.0
meta.imbalanced.OnlineAdaC2 -l (trees.HoeffdingTree -e 2000000 -g 100 -c 0.01),ArffFileStream -f ./../../../Dataset/benchmarks/GMSC.arff,1,112500.0,11.375,9.510873092545416E-9,112500.0,0.94,0.5,0.5,0.0,0.0,0.94,0.5,0.06,0.94,112500.0,3232.0
meta.imbalanced.OnlineAdaC2 -l (trees.HoeffdingTree -e 2000000 -g 100 -c 0.01),ArffFileStream -f ./../../../Dataset/benchmarks/GMSC.arff,1,113000.0,11.421875,9.550066250893818E-9,113000.0,0.932,0.5,0.5,0.0,0.0,0.932,0.5,0.068,0.932,113000.0,3232.0
meta.imbalanced.OnlineAdaC2 -l (trees.HoeffdingTree -e 2000000 -g 100 -c 0.01),ArffFileStream -f ./../../../Dataset/benchmarks/GMSC.arff,1,113500.0,11.453125,9.576195023126086E-9,113500.0,0.952,0.5,0.5,0.0,0.0,0.952,0.5,0.048,0.952,113500.0,3232.0
meta.imbalanced.OnlineAdaC2 -l (trees.HoeffdingTree -e 2000000 -g 100 -c 0.01),ArffFileStream -f ./../../../Dataset/benchmarks/GMSC.arff,1,114000.0,11.5,9.615388181474488E-9,114000.0,0.934,0.5,0.5,0.0,0.0,0.934,0.5,0.066,0.934,114000.0,3232.0
meta.imbalanced.OnlineAdaC2 -l (trees.HoeffdingTree -e 2000000 -g 100 -c 0.01),ArffFileStream -f ./../../../Dataset/benchmarks/GMSC.arff,1,114500.0,11.546875,9.65458133982289E-9,114500.0,0.942,0.5,0.5,0.0,0.0,0.942,0.5,0.058,0.942,114500.0,3232.0
meta.imbalanced.OnlineAdaC2 -l (trees.HoeffdingTree -e 2000000 -g 100 -c 0.01),ArffFileStream -f ./../../../Dataset/benchmarks/GMSC.arff,1,115000.0,11.59375,9.693774498171292E-9,115000.0,0.938,0.5,0.5,0.0,0.0,0.938,0.5,0.062,0.938,115000.0,3232.0
meta.imbalanced.OnlineAdaC2 -l (trees.HoeffdingTree -e 2000000 -g 100 -c 0.01),ArffFileStream -f ./../../../Dataset/benchmarks/GMSC.arff,1,115500.0,11.65625,9.746032042635827E-9,115500.0,0.938,0.5,0.5,0.0,0.0,0.938,0.5,0.062,0.938,115500.0,3232.0
meta.imbalanced.OnlineAdaC2 -l (trees.HoeffdingTree -e 2000000 -g 100 -c 0.01),ArffFileStream -f ./../../../Dataset/benchmarks/GMSC.arff,1,116000.0,11.703125,9.78522520098423E-9,116000.0,0.932,0.5142857142857142,0.5142857142857142,0.051868377021751254,0.1690308509457033,0.965931863727455,0.5142857142857142,0.07,0.93,116000.0,3232.0
meta.imbalanced.OnlineAdaC2 -l (trees.HoeffdingTree -e 2000000 -g 100 -c 0.01),ArffFileStream -f ./../../../Dataset/benchmarks/GMSC.arff,1,116500.0,11.78125,9.850547131564899E-9,116500.0,0.938,0.5,0.5,0.0,0.0,0.938,0.5,0.062,0.938,116500.0,3232.0
meta.imbalanced.OnlineAdaC2 -l (trees.HoeffdingTree -e 2000000 -g 100 -c 0.01),ArffFileStream -f ./../../../Dataset/benchmarks/GMSC.arff,1,117000.0,11.859375,9.915869062145569E-9,117000.0,0.92,0.5,0.5,0.0,0.0,0.92,0.5,0.08,0.92,117000.0,3232.0
meta.imbalanced.OnlineAdaC2 -l (trees.HoeffdingTree -e 2000000 -g 100 -c 0.01),ArffFileStream -f ./../../../Dataset/benchmarks/GMSC.arff,1,117500.0,11.90625,9.955062220493971E-9,117500.0,0.94,0.4989384288747346,0.4989384288747346,-0.0038816758131441573,0.0,0.4709418837675351,0.4989384288747346,0.058,0.942,117500.0,3232.0
meta.imbalanced.OnlineAdaC2 -l (trees.HoeffdingTree -e 2000000 -g 100 -c 0.01),ArffFileStream -f ./../../../Dataset/benchmarks/GMSC.arff,1,118000.0,11.96875,1.0007319764958506E-8,118000.0,0.92,0.5,0.5,0.0,0.0,0.92,0.5,0.08,0.92,118000.0,3232.0
meta.imbalanced.OnlineAdaC2 -l (trees.HoeffdingTree -e 2000000 -g 100 -c 0.01),ArffFileStream -f ./../../../Dataset/benchmarks/GMSC.arff,1,118500.0,12.0,1.0033448537190773E-8,118500.0,0.944,0.5,0.5,0.0,0.0,0.944,0.5,0.056,0.944,118500.0,3232.0
meta.imbalanced.OnlineAdaC2 -l (trees.HoeffdingTree -e 2000000 -g 100 -c 0.01),ArffFileStream -f ./../../../Dataset/benchmarks/GMSC.arff,1,119000.0,12.046875,1.0072641695539176E-8,119000.0,0.932,0.5,0.5,0.0,0.0,0.932,0.5,0.068,0.932,119000.0,3232.0
meta.imbalanced.OnlineAdaC2 -l (trees.HoeffdingTree -e 2000000 -g 100 -c 0.01),ArffFileStream -f ./../../../Dataset/benchmarks/GMSC.arff,1,119500.0,12.09375,1.0111834853887578E-8,119500.0,0.918,0.5119047619047619,0.5119047619047619,0.042771759432200226,0.1543033499620919,0.9589178356713427,0.5119047619047619,0.084,0.916,119500.0,3232.0
meta.imbalanced.OnlineAdaC2 -l (trees.HoeffdingTree -e 2000000 -g 100 -c 0.01),ArffFileStream -f ./../../../Dataset/benchmarks/GMSC.arff,1,120000.0,12.140625,1.015102801223598E-8,120000.0,0.934,0.5,0.5,0.0,0.0,0.934,0.5,0.066,0.934,120000.0,3232.0
meta.imbalanced.OnlineAdaC2 -l (trees.HoeffdingTree -e 2000000 -g 100 -c 0.01),ArffFileStream -f ./../../../Dataset/benchmarks/GMSC.arff,1,120500.0,12.171875,1.0177156784468247E-8,120500.0,0.94,0.5,0.5,0.0,0.0,0.94,0.5,0.06,0.94,120500.0,3232.0
meta.imbalanced.OnlineAdaC2 -l (trees.HoeffdingTree -e 2000000 -g 100 -c 0.01),ArffFileStream -f ./../../../Dataset/benchmarks/GMSC.arff,1,121000.0,12.21875,1.021634994281665E-8,121000.0,0.93,0.5,0.5,0.0,0.0,0.93,0.5,0.07,0.93,121000.0,3232.0
meta.imbalanced.OnlineAdaC2 -l (trees.HoeffdingTree -e 2000000 -g 100 -c 0.01),ArffFileStream -f ./../../../Dataset/benchmarks/GMSC.arff,1,121500.0,12.265625,1.0255543101165052E-8,121500.0,0.92,0.5,0.5,0.0,0.0,0.92,0.5,0.08,0.92,121500.0,3232.0
meta.imbalanced.OnlineAdaC2 -l (trees.HoeffdingTree -e 2000000 -g 100 -c 0.01),ArffFileStream -f ./../../../Dataset/benchmarks/GMSC.arff,1,122000.0,12.296875,1.028167187339732E-8,122000.0,0.95,0.4989495798319328,0.4989495798319328,-0.0038548024413748794,0.0,0.4759519038076152,0.4989495798319328,0.048,0.952,122000.0,3232.0
meta.imbalanced.OnlineAdaC2 -l (trees.HoeffdingTree -e 2000000 -g 100 -c 0.01),ArffFileStream -f ./../../../Dataset/benchmarks/GMSC.arff,1,122500.0,12.34375,1.0320865031745721E-8,122500.0,0.944,0.5,0.5,0.0,0.0,0.944,0.5,0.056,0.944,122500.0,3232.0
meta.imbalanced.OnlineAdaC2 -l (trees.HoeffdingTree -e 2000000 -g 100 -c 0.01),ArffFileStream -f ./../../../Dataset/benchmarks/GMSC.arff,1,123000.0,12.375,1.0346993803977989E-8,123000.0,0.936,0.5,0.5,0.0,0.0,0.936,0.5,0.064,0.936,123000.0,3232.0
meta.imbalanced.OnlineAdaC2 -l (trees.HoeffdingTree -e 2000000 -g 100 -c 0.01),ArffFileStream -f ./../../../Dataset/benchmarks/GMSC.arff,1,123500.0,12.40625,1.0373122576210256E-8,123500.0,0.934,0.5,0.5,0.0,0.0,0.934,0.5,0.066,0.934,123500.0,3232.0
meta.imbalanced.OnlineAdaC2 -l (trees.HoeffdingTree -e 2000000 -g 100 -c 0.01),ArffFileStream -f ./../../../Dataset/benchmarks/GMSC.arff,1,124000.0,12.453125,1.0412315734558659E-8,124000.0,0.932,0.5,0.5,0.0,0.0,0.932,0.5,0.068,0.932,124000.0,3232.0
meta.imbalanced.OnlineAdaC2 -l (trees.HoeffdingTree -e 2000000 -g 100 -c 0.01),ArffFileStream -f ./../../../Dataset/benchmarks/GMSC.arff,1,124500.0,12.484375,1.0438444506790926E-8,124500.0,0.946,0.5,0.5,0.0,0.0,0.946,0.5,0.054,0.946,124500.0,3232.0
meta.imbalanced.OnlineAdaC2 -l (trees.HoeffdingTree -e 2000000 -g 100 -c 0.01),ArffFileStream -f ./../../../Dataset/benchmarks/GMSC.arff,1,125000.0,12.53125,1.0477637665139328E-8,125000.0,0.942,0.5,0.5,0.0,0.0,0.942,0.5,0.058,0.942,125000.0,3232.0
meta.imbalanced.OnlineAdaC2 -l (trees.HoeffdingTree -e 2000000 -g 100 -c 0.01),ArffFileStream -f ./../../../Dataset/benchmarks/GMSC.arff,1,125500.0,12.5625,1.0503766437371596E-8,125500.0,0.942,0.5,0.5,0.0,0.0,0.942,0.5,0.058,0.942,125500.0,3232.0
meta.imbalanced.OnlineAdaC2 -l (trees.HoeffdingTree -e 2000000 -g 100 -c 0.01),ArffFileStream -f ./../../../Dataset/benchmarks/GMSC.arff,1,126000.0,12.59375,1.0529895209603863E-8,126000.0,0.932,0.5,0.5,0.0,0.0,0.932,0.5,0.068,0.932,126000.0,3232.0
meta.imbalanced.OnlineAdaC2 -l (trees.HoeffdingTree -e 2000000 -g 100 -c 0.01),ArffFileStream -f ./../../../Dataset/benchmarks/GMSC.arff,1,126500.0,12.65625,1.0582152754068398E-8,126500.0,0.918,0.5,0.5,0.0,0.0,0.918,0.5,0.082,0.918,126500.0,3232.0
meta.imbalanced.OnlineAdaC2 -l (trees.HoeffdingTree -e 2000000 -g 100 -c 0.01),ArffFileStream -f ./../../../Dataset/benchmarks/GMSC.arff,1,127000.0,12.703125,1.06213459124168E-8,127000.0,0.908,0.5,0.5,0.0,0.0,0.908,0.5,0.092,0.908,127000.0,3232.0
meta.imbalanced.OnlineAdaC2 -l (trees.HoeffdingTree -e 2000000 -g 100 -c 0.01),ArffFileStream -f ./../../../Dataset/benchmarks/GMSC.arff,1,127500.0,12.765625,1.0673603456881336E-8,127500.0,0.918,0.4989130434782609,0.4989130434782609,-0.0039177277179236044,0.0,0.45991983967935873,0.4989130434782609,0.08,0.92,127500.0,3232.0
meta.imbalanced.OnlineAdaC2 -l (trees.HoeffdingTree -e 2000000 -g 100 -c 0.01),ArffFileStream -f ./../../../Dataset/benchmarks/GMSC.arff,1,128000.0,12.8125,1.0712796615229738E-8,128000.0,0.924,0.5,0.5,0.0,0.0,0.924,0.5,0.076,0.924,128000.0,3232.0
meta.imbalanced.OnlineAdaC2 -l (trees.HoeffdingTree -e 2000000 -g 100 -c 0.01),ArffFileStream -f ./../../../Dataset/benchmarks/GMSC.arff,1,128500.0,12.859375,1.075198977357814E-8,128500.0,0.944,0.5,0.5,0.0,0.0,0.944,0.5,0.056,0.944,128500.0,3232.0
meta.imbalanced.OnlineAdaC2 -l (trees.HoeffdingTree -e 2000000 -g 100 -c 0.01),ArffFileStream -f ./../../../Dataset/benchmarks/GMSC.arff,1,129000.0,12.90625,1.0791182931926542E-8,129000.0,0.942,0.5,0.5,0.0,0.0,0.942,0.5,0.058,0.942,129000.0,3232.0
meta.imbalanced.OnlineAdaC2 -l (trees.HoeffdingTree -e 2000000 -g 100 -c 0.01),ArffFileStream -f ./../../../Dataset/benchmarks/GMSC.arff,1,129500.0,12.953125,1.0830376090274944E-8,129500.0,0.944,0.4989429175475687,0.4989429175475687,-0.0038720780152014913,0.0,0.4729458917835671,0.4989429175475687,0.054,0.946,129500.0,3232.0
meta.imbalanced.OnlineAdaC2 -l (trees.HoeffdingTree -e 2000000 -g 100 -c 0.01),ArffFileStream -f ./../../../Dataset/benchmarks/GMSC.arff,1,130000.0,12.984375,1.0856504862507212E-8,130000.0,0.926,0.5131578947368421,0.5131578947368421,0.04757001647446458,0.16222142113076254,0.9629258517034068,0.5131578947368421,0.076,0.924,130000.0,3232.0
meta.imbalanced.OnlineAdaC2 -l (trees.HoeffdingTree -e 2000000 -g 100 -c 0.01),ArffFileStream -f ./../../../Dataset/benchmarks/GMSC.arff,1,130500.0,13.03125,1.0895698020855614E-8,130500.0,0.934,0.5,0.5,0.0,0.0,0.934,0.5,0.066,0.934,130500.0,3232.0
meta.imbalanced.OnlineAdaC2 -l (trees.HoeffdingTree -e 2000000 -g 100 -c 0.01),ArffFileStream -f ./../../../Dataset/benchmarks/GMSC.arff,1,131000.0,13.09375,1.0947955565320149E-8,131000.0,0.918,0.5,0.5,0.0,0.0,0.918,0.5,0.082,0.918,131000.0,3232.0
meta.imbalanced.OnlineAdaC2 -l (trees.HoeffdingTree -e 2000000 -g 100 -c 0.01),ArffFileStream -f ./../../../Dataset/benchmarks/GMSC.arff,1,131500.0,13.140625,1.0987148723668551E-8,131500.0,0.952,0.5,0.5,0.0,0.0,0.952,0.5,0.048,0.952,131500.0,3232.0
meta.imbalanced.OnlineAdaC2 -l (trees.HoeffdingTree -e 2000000 -g 100 -c 0.01),ArffFileStream -f ./../../../Dataset/benchmarks/GMSC.arff,1,132000.0,13.1875,1.1026341882016953E-8,132000.0,0.942,0.5,0.5,0.0,0.0,0.942,0.5,0.058,0.942,132000.0,3232.0
meta.imbalanced.OnlineAdaC2 -l (trees.HoeffdingTree -e 2000000 -g 100 -c 0.01),ArffFileStream -f ./../../../Dataset/benchmarks/GMSC.arff,1,132500.0,13.234375,1.1065535040365355E-8,132500.0,0.928,0.5,0.5,0.0,0.0,0.928,0.5,0.072,0.928,132500.0,3232.0
meta.imbalanced.OnlineAdaC2 -l (trees.HoeffdingTree -e 2000000 -g 100 -c 0.01),ArffFileStream -f ./../../../Dataset/benchmarks/GMSC.arff,1,133000.0,13.265625,1.1091663812597623E-8,133000.0,0.946,0.5,0.5,0.0,0.0,0.946,0.5,0.054,0.946,133000.0,3232.0
meta.imbalanced.OnlineAdaC2 -l (trees.HoeffdingTree -e 2000000 -g 100 -c 0.01),ArffFileStream -f ./../../../Dataset/benchmarks/GMSC.arff,1,133500.0,13.3125,1.1130856970946025E-8,133500.0,0.944,0.4989429175475687,0.4989429175475687,-0.0038720780152014913,0.0,0.4729458917835671,0.4989429175475687,0.054,0.946,133500.0,3232.0
meta.imbalanced.OnlineAdaC2 -l (trees.HoeffdingTree -e 2000000 -g 100 -c 0.01),ArffFileStream -f ./../../../Dataset/benchmarks/GMSC.arff,1,134000.0,13.359375,1.1170050129294427E-8,134000.0,0.942,0.5,0.5,0.0,0.0,0.942,0.5,0.058,0.942,134000.0,3232.0
meta.imbalanced.OnlineAdaC2 -l (trees.HoeffdingTree -e 2000000 -g 100 -c 0.01),ArffFileStream -f ./../../../Dataset/benchmarks/GMSC.arff,1,134500.0,13.40625,1.120924328764283E-8,134500.0,0.93,0.5,0.5,0.0,0.0,0.93,0.5,0.07,0.93,134500.0,3232.0
meta.imbalanced.OnlineAdaC2 -l (trees.HoeffdingTree -e 2000000 -g 100 -c 0.01),ArffFileStream -f ./../../../Dataset/benchmarks/GMSC.arff,1,135000.0,13.453125,1.1248436445991231E-8,135000.0,0.92,0.5,0.5,0.0,0.0,0.92,0.5,0.08,0.92,135000.0,3232.0
meta.imbalanced.OnlineAdaC2 -l (trees.HoeffdingTree -e 2000000 -g 100 -c 0.01),ArffFileStream -f ./../../../Dataset/benchmarks/GMSC.arff,1,135500.0,13.515625,1.1300693990455767E-8,135500.0,0.932,0.5,0.5,0.0,0.0,0.932,0.5,0.068,0.932,135500.0,3232.0
meta.imbalanced.OnlineAdaC2 -l (trees.HoeffdingTree -e 2000000 -g 100 -c 0.01),ArffFileStream -f ./../../../Dataset/benchmarks/GMSC.arff,1,136000.0,13.5625,1.1339887148804169E-8,136000.0,0.936,0.5,0.5,0.0,0.0,0.936,0.5,0.064,0.936,136000.0,3232.0
meta.imbalanced.OnlineAdaC2 -l (trees.HoeffdingTree -e 2000000 -g 100 -c 0.01),ArffFileStream -f ./../../../Dataset/benchmarks/GMSC.arff,1,136500.0,13.59375,1.1366015921036436E-8,136500.0,0.94,0.5,0.5,0.0,0.0,0.94,0.5,0.06,0.94,136500.0,3232.0
meta.imbalanced.OnlineAdaC2 -l (trees.HoeffdingTree -e 2000000 -g 100 -c 0.01),ArffFileStream -f ./../../../Dataset/benchmarks/GMSC.arff,1,137000.0,13.640625,1.1405209079384838E-8,137000.0,0.918,0.5,0.5,0.0,0.0,0.918,0.5,0.082,0.918,137000.0,3232.0
meta.imbalanced.OnlineAdaC2 -l (trees.HoeffdingTree -e 2000000 -g 100 -c 0.01),ArffFileStream -f ./../../../Dataset/benchmarks/GMSC.arff,1,137500.0,13.671875,1.1431337851617106E-8,137500.0,0.932,0.5,0.5,0.0,0.0,0.932,0.5,0.068,0.932,137500.0,3232.0
meta.imbalanced.OnlineAdaC2 -l (trees.HoeffdingTree -e 2000000 -g 100 -c 0.01),ArffFileStream -f ./../../../Dataset/benchmarks/GMSC.arff,1,138000.0,13.71875,1.1470531009965508E-8,138000.0,0.94,0.5,0.5,0.0,0.0,0.94,0.5,0.06,0.94,138000.0,3232.0
meta.imbalanced.OnlineAdaC2 -l (trees.HoeffdingTree -e 2000000 -g 100 -c 0.01),ArffFileStream -f ./../../../Dataset/benchmarks/GMSC.arff,1,138500.0,13.75,1.1496659782197776E-8,138500.0,0.92,0.5,0.5,0.0,0.0,0.92,0.5,0.08,0.92,138500.0,3232.0
meta.imbalanced.OnlineAdaC2 -l (trees.HoeffdingTree -e 2000000 -g 100 -c 0.01),ArffFileStream -f ./../../../Dataset/benchmarks/GMSC.arff,1,139000.0,13.796875,1.1535852940546178E-8,139000.0,0.936,0.5,0.5,0.0,0.0,0.936,0.5,0.064,0.936,139000.0,3232.0
meta.imbalanced.OnlineAdaC2 -l (trees.HoeffdingTree -e 2000000 -g 100 -c 0.01),ArffFileStream -f ./../../../Dataset/benchmarks/GMSC.arff,1,139500.0,13.828125,1.1561981712778445E-8,139500.0,0.92,0.5,0.5,0.0,0.0,0.92,0.5,0.08,0.92,139500.0,3232.0
meta.imbalanced.OnlineAdaC2 -l (trees.HoeffdingTree -e 2000000 -g 100 -c 0.01),ArffFileStream -f ./../../../Dataset/benchmarks/GMSC.arff,1,140000.0,13.859375,1.1588110485010713E-8,140000.0,0.946,0.4989451476793249,0.4989451476793249,-0.003866745984533016,0.0,0.47394789579158314,0.4989451476793249,0.052,0.948,140000.0,3232.0
meta.imbalanced.OnlineAdaC2 -l (trees.HoeffdingTree -e 2000000 -g 100 -c 0.01),ArffFileStream -f ./../../../Dataset/benchmarks/GMSC.arff,1,140500.0,13.90625,1.1627303643359115E-8,140500.0,0.926,0.5,0.5,0.0,0.0,0.926,0.5,0.074,0.926,140500.0,3232.0
meta.imbalanced.OnlineAdaC2 -l (trees.HoeffdingTree -e 2000000 -g 100 -c 0.01),ArffFileStream -f ./../../../Dataset/benchmarks/GMSC.arff,1,141000.0,13.953125,1.1666496801707517E-8,141000.0,0.918,0.5,0.5,0.0,0.0,0.918,0.5,0.082,0.918,141000.0,3232.0
meta.imbalanced.OnlineAdaC2 -l (trees.HoeffdingTree -e 2000000 -g 100 -c 0.01),ArffFileStream -f ./../../../Dataset/benchmarks/GMSC.arff,1,141500.0,14.0,1.170568996005592E-8,141500.0,0.922,0.5,0.5,0.0,0.0,0.922,0.5,0.078,0.922,141500.0,3232.0
meta.imbalanced.OnlineAdaC2 -l (trees.HoeffdingTree -e 2000000 -g 100 -c 0.01),ArffFileStream -f ./../../../Dataset/benchmarks/GMSC.arff,1,142000.0,14.046875,1.1744883118404321E-8,142000.0,0.926,0.5,0.5,0.0,0.0,0.926,0.5,0.074,0.926,142000.0,3232.0
meta.imbalanced.OnlineAdaC2 -l (trees.HoeffdingTree -e 2000000 -g 100 -c 0.01),ArffFileStream -f ./../../../Dataset/benchmarks/GMSC.arff,1,142500.0,14.09375,1.1784076276752724E-8,142500.0,0.94,0.5,0.5,0.0,0.0,0.94,0.5,0.06,0.94,142500.0,3232.0
meta.imbalanced.OnlineAdaC2 -l (trees.HoeffdingTree -e 2000000 -g 100 -c 0.01),ArffFileStream -f ./../../../Dataset/benchmarks/GMSC.arff,1,143000.0,14.15625,1.1836333821217259E-8,143000.0,0.926,0.5,0.5,0.0,0.0,0.926,0.5,0.074,0.926,143000.0,3232.0
meta.imbalanced.OnlineAdaC2 -l (trees.HoeffdingTree -e 2000000 -g 100 -c 0.01),ArffFileStream -f ./../../../Dataset/benchmarks/GMSC.arff,1,143500.0,14.203125,1.187552697956566E-8,143500.0,0.944,0.5,0.5,0.0,0.0,0.944,0.5,0.056,0.944,143500.0,3232.0
meta.imbalanced.OnlineAdaC2 -l (trees.HoeffdingTree -e 2000000 -g 100 -c 0.01),ArffFileStream -f ./../../../Dataset/benchmarks/GMSC.arff,1,144000.0,14.25,1.1914720137914063E-8,144000.0,0.922,0.5,0.5,0.0,0.0,0.922,0.5,0.078,0.922,144000.0,3232.0
meta.imbalanced.OnlineAdaC2 -l (trees.HoeffdingTree -e 2000000 -g 100 -c 0.01),ArffFileStream -f ./../../../Dataset/benchmarks/GMSC.arff,1,144500.0,14.296875,1.1953913296262465E-8,144500.0,0.912,0.5,0.5,0.0,0.0,0.912,0.5,0.088,0.912,144500.0,3232.0
meta.imbalanced.OnlineAdaC2 -l (trees.HoeffdingTree -e 2000000 -g 100 -c 0.01),ArffFileStream -f ./../../../Dataset/benchmarks/GMSC.arff,1,145000.0,14.34375,1.1993106454610867E-8,145000.0,0.93,0.5,0.5,0.0,0.0,0.93,0.5,0.07,0.93,145000.0,3232.0
meta.imbalanced.OnlineAdaC2 -l (trees.HoeffdingTree -e 2000000 -g 100 -c 0.01),ArffFileStream -f ./../../../Dataset/benchmarks/GMSC.arff,1,145500.0,14.390625,1.203229961295927E-8,145500.0,0.934,0.5,0.5,0.0,0.0,0.934,0.5,0.066,0.934,145500.0,3232.0
meta.imbalanced.OnlineAdaC2 -l (trees.HoeffdingTree -e 2000000 -g 100 -c 0.01),ArffFileStream -f ./../../../Dataset/benchmarks/GMSC.arff,1,146000.0,14.4375,1.2071492771307671E-8,146000.0,0.934,0.5,0.5,0.0,0.0,0.934,0.5,0.066,0.934,146000.0,3232.0
meta.imbalanced.OnlineAdaC2 -l (trees.HoeffdingTree -e 2000000 -g 100 -c 0.01),ArffFileStream -f ./../../../Dataset/benchmarks/GMSC.arff,1,146500.0,14.484375,1.2110685929656074E-8,146500.0,0.94,0.5,0.5,0.0,0.0,0.94,0.5,0.06,0.94,146500.0,3232.0
meta.imbalanced.OnlineAdaC2 -l (trees.HoeffdingTree -e 2000000 -g 100 -c 0.01),ArffFileStream -f ./../../../Dataset/benchmarks/GMSC.arff,1,147000.0,14.53125,1.2149879088004476E-8,147000.0,0.926,0.5,0.5,0.0,0.0,0.926,0.5,0.074,0.926,147000.0,3232.0
meta.imbalanced.OnlineAdaC2 -l (trees.HoeffdingTree -e 2000000 -g 100 -c 0.01),ArffFileStream -f ./../../../Dataset/benchmarks/GMSC.arff,1,147500.0,14.5625,1.2176007860236743E-8,147500.0,0.93,0.5138888888888888,0.5138888888888888,0.05035815064032993,0.16666666666666666,0.9649298597194389,0.5138888888888888,0.072,0.928,147500.0,3232.0
meta.imbalanced.OnlineAdaC2 -l (trees.HoeffdingTree -e 2000000 -g 100 -c 0.01),ArffFileStream -f ./../../../Dataset/benchmarks/GMSC.arff,1,148000.0,14.625,1.2228265404701278E-8,148000.0,0.934,0.5,0.5,0.0,0.0,0.934,0.5,0.066,0.934,148000.0,3232.0
meta.imbalanced.OnlineAdaC2 -l (trees.HoeffdingTree -e 2000000 -g 100 -c 0.01),ArffFileStream -f ./../../../Dataset/benchmarks/GMSC.arff,1,148500.0,14.6875,1.2280522949165813E-8,148500.0,0.922,0.5,0.5,0.0,0.0,0.922,0.5,0.078,0.922,148500.0,3232.0
meta.imbalanced.OnlineAdaC2 -l (trees.HoeffdingTree -e 2000000 -g 100 -c 0.01),ArffFileStream -f ./../../../Dataset/benchmarks/GMSC.arff,1,149000.0,14.734375,1.2319716107514216E-8,149000.0,0.932,0.5,0.5,0.0,0.0,0.932,0.5,0.068,0.932,149000.0,3232.0
meta.imbalanced.OnlineAdaC2 -l (trees.HoeffdingTree -e 2000000 -g 100 -c 0.01),ArffFileStream -f ./../../../Dataset/benchmarks/GMSC.arff,1,149500.0,14.78125,1.2358909265862618E-8,149500.0,0.91,0.5,0.5,0.0,0.0,0.91,0.5,0.09,0.91,149500.0,3232.0
meta.imbalanced.OnlineAdaC2 -l (trees.HoeffdingTree -e 2000000 -g 100 -c 0.01),ArffFileStream -f ./../../../Dataset/benchmarks/GMSC.arff,1,150000.0,14.828125,1.239810242421102E-8,150000.0,0.93,0.5,0.5,0.0,0.0,0.93,0.5,0.07,0.93,150000.0,3232.0
