Learner,stream,randomSeed,learning evaluation instances,evaluation time (cpu seconds),model cost (RAM-Hours),classified instances,Accuracy,AvgAccuracy,AUC,Kappa,G-Mean,Precision,Recall,Ratio-Class-0,Ratio-Class-1,Ratio-Class-2,model training instances,model serialized size (bytes)
meta.imbalanced.RebalanceStream -l (trees.HoeffdingTree -e 2000000 -g 100 -c 0.01),ArffFileStream -f ./../../../Dataset/benchmarks/connect-4.arff,1,500.0,0.109375,2.7322029280993674E-10,500.0,0.718,0.3950917005272887,0.525658624441023,0.18169788982519675,0.0,0.4122526636225266,0.3950917005272887,0.718,0.218,0.064,500.0,9656.0
meta.imbalanced.RebalanceStream -l (trees.HoeffdingTree -e 2000000 -g 100 -c 0.01),ArffFileStream -f ./../../../Dataset/benchmarks/connect-4.arff,1,1000.0,0.15625,3.9031470401419535E-10,1000.0,0.896,0.3614681946520511,0.5140674306593589,0.12772167611634852,0.0,0.7360185453491741,0.3614681946520511,0.892,0.09,0.018,1000.0,9656.0
meta.imbalanced.RebalanceStream -l (trees.HoeffdingTree -e 2000000 -g 100 -c 0.01),ArffFileStream -f ./../../../Dataset/benchmarks/connect-4.arff,1,1500.0,0.15625,3.9031470401419535E-10,1500.0,0.924,0.35268199233716474,0.5096743295019157,0.09687232626675539,0.0,0.6093885830194147,0.35268199233716474,0.928,0.06,0.012,1500.0,9824.0
meta.imbalanced.RebalanceStream -l (trees.HoeffdingTree -e 2000000 -g 100 -c 0.01),ArffFileStream -f ./../../../Dataset/benchmarks/connect-4.arff,1,2000.0,0.171875,4.286670850382911E-10,2000.0,0.78,0.4177747994266674,0.598243399335199,0.2380794059789987,0.21388012179545152,0.543422012361319,0.4177747994266674,0.762,0.188,0.05,2000.0,9488.0
meta.imbalanced.RebalanceStream -l (trees.HoeffdingTree -e 2000000 -g 100 -c 0.01),ArffFileStream -f ./../../../Dataset/benchmarks/connect-4.arff,1,2500.0,0.21875,5.456644834743606E-10,2500.0,0.64,0.4607787240613382,0.5603050912052648,0.3361461068657245,0.0,0.450094696969697,0.4607787240613382,0.532,0.422,0.046,2500.0,9648.0
meta.imbalanced.RebalanceStream -l (trees.HoeffdingTree -e 2000000 -g 100 -c 0.01),ArffFileStream -f ./../../../Dataset/benchmarks/connect-4.arff,1,3000.0,0.25,6.236627490984069E-10,3000.0,0.7,0.5330074385273359,0.6381563821925816,0.4549220538537011,0.3691135446520728,0.5588413655334784,0.5330074385273359,0.492,0.418,0.09,3000.0,9648.0
meta.imbalanced.RebalanceStream -l (trees.HoeffdingTree -e 2000000 -g 100 -c 0.01),ArffFileStream -f ./../../../Dataset/benchmarks/connect-4.arff,1,3500.0,0.296875,7.406601475344764E-10,3500.0,0.782,0.5442367818496693,0.605451724258168,0.581641347652202,0.0,0.7824454372227827,0.5442367818496693,0.482,0.476,0.042,3500.0,9648.0
meta.imbalanced.RebalanceStream -l (trees.HoeffdingTree -e 2000000 -g 100 -c 0.01),ArffFileStream -f ./../../../Dataset/benchmarks/connect-4.arff,1,4000.0,0.3125,7.789801909691757E-10,4000.0,0.662,0.4879429133858268,0.6103469074356102,0.3640687558325055,0.3442177640951069,0.5180864385555217,0.4879429133858268,0.428,0.508,0.064,4000.0,9480.0
meta.imbalanced.RebalanceStream -l (trees.HoeffdingTree -e 2000000 -g 100 -c 0.01),ArffFileStream -f ./../../../Dataset/benchmarks/connect-4.arff,1,4500.0,0.328125,8.179793237811989E-10,4500.0,0.644,0.44196428571428575,0.5534067576612757,0.2460949412123471,0.0,0.3999013806706115,0.44196428571428575,0.672,0.256,0.072,4500.0,9648.0
meta.imbalanced.RebalanceStream -l (trees.HoeffdingTree -e 2000000 -g 100 -c 0.01),ArffFileStream -f ./../../../Dataset/benchmarks/connect-4.arff,1,5000.0,0.34375,8.56978456593222E-10,5000.0,0.644,0.4814502413868773,0.6112478626921449,0.34577103456387187,0.34751546680175577,0.49883685879793455,0.4814502413868773,0.448,0.49,0.062,5000.0,9648.0
meta.imbalanced.RebalanceStream -l (trees.HoeffdingTree -e 2000000 -g 100 -c 0.01),ArffFileStream -f ./../../../Dataset/benchmarks/connect-4.arff,1,5500.0,0.390625,9.760131231612629E-10,5500.0,0.662,0.47537812256049966,0.6515311227920811,0.2608338144474186,0.40373166699637797,0.5373582766439909,0.47537812256049966,0.64,0.238,0.122,5500.0,9816.0
meta.imbalanced.RebalanceStream -l (trees.HoeffdingTree -e 2000000 -g 100 -c 0.01),ArffFileStream -f ./../../../Dataset/benchmarks/connect-4.arff,1,6000.0,0.4375,1.0930105215973325E-9,6000.0,0.652,0.6299441945391666,0.7694679488460134,0.4627938425059741,0.6231065576788564,0.6296766015904375,0.6299441945391666,0.358,0.418,0.224,6000.0,9648.0
meta.imbalanced.RebalanceStream -l (trees.HoeffdingTree -e 2000000 -g 100 -c 0.01),ArffFileStream -f ./../../../Dataset/benchmarks/connect-4.arff,1,6500.0,0.453125,1.131330565032032E-9,6500.0,0.762,0.6252075356531477,0.7386358762294978,0.5494506326621789,0.5622052467705215,0.6038128885444322,0.6252075356531477,0.646,0.268,0.086,6500.0,9480.0
meta.imbalanced.RebalanceStream -l (trees.HoeffdingTree -e 2000000 -g 100 -c 0.01),ArffFileStream -f ./../../../Dataset/benchmarks/connect-4.arff,1,7000.0,0.46875,1.171008787221379E-9,7000.0,0.988,0.5993211133740665,0.6329938900203667,0.6203492786636294,0.0,0.7826716893654013,0.5993211133740665,0.982,0.008,0.01,7000.0,9816.0
meta.imbalanced.RebalanceStream -l (trees.HoeffdingTree -e 2000000 -g 100 -c 0.01),ArffFileStream -f ./../../../Dataset/benchmarks/connect-4.arff,1,7500.0,0.484375,1.2106870094107258E-9,7500.0,0.992,0.33266264252179745,0.6663313212608987,-0.002506265664160401,0.0,0.4969939879759519,0.33266264252179745,0.994,0.004,0.002,7500.0,9816.0
meta.imbalanced.RebalanceStream -l (trees.HoeffdingTree -e 2000000 -g 100 -c 0.01),ArffFileStream -f ./../../../Dataset/benchmarks/connect-4.arff,1,8000.0,0.484375,1.2106870094107258E-9,8000.0,0.966,0.49386503067484666,0.7219043764732612,0.2786829599456891,0.0,0.45354209445585214,0.49386503067484666,0.978,0.012,0.01,8000.0,9984.0
meta.imbalanced.RebalanceStream -l (trees.HoeffdingTree -e 2000000 -g 100 -c 0.01),ArffFileStream -f ./../../../Dataset/benchmarks/connect-4.arff,1,8500.0,0.515625,1.2873270962801246E-9,8500.0,0.824,0.41520325203252034,0.5605305450344723,0.2331822934820495,0.25992589411563627,0.5289801757612916,0.41520325203252034,0.82,0.08,0.1,8500.0,9480.0
meta.imbalanced.RebalanceStream -l (trees.HoeffdingTree -e 2000000 -g 100 -c 0.01),ArffFileStream -f ./../../../Dataset/benchmarks/connect-4.arff,1,9000.0,0.53125,1.3249680503375003E-9,9000.0,0.644,0.4184443455471493,0.562663225553662,0.1902981340465988,0.30651984326622117,0.46613936662681255,0.4184443455471493,0.66,0.214,0.126,9000.0,9312.0
meta.imbalanced.RebalanceStream -l (trees.HoeffdingTree -e 2000000 -g 100 -c 0.01),ArffFileStream -f ./../../../Dataset/benchmarks/connect-4.arff,1,9500.0,0.546875,1.3646462725268473E-9,9500.0,0.982,0.33130904183535764,0.6656517807571585,-0.00581135449262405,0.0,0.32930918846411805,0.33130904183535764,0.988,0.004,0.008,9500.0,9816.0
meta.imbalanced.RebalanceStream -l (trees.HoeffdingTree -e 2000000 -g 100 -c 0.01),ArffFileStream -f ./../../../Dataset/benchmarks/connect-4.arff,1,10000.0,0.609375,1.5233591612842351E-9,10000.0,0.926,0.3978401727861771,0.5322534197264219,0.14494361249768903,0.0,0.6808171544479861,0.3978401727861771,0.926,0.03,0.044,10000.0,9816.0
meta.imbalanced.RebalanceStream -l (trees.HoeffdingTree -e 2000000 -g 100 -c 0.01),ArffFileStream -f ./../../../Dataset/benchmarks/connect-4.arff,1,10500.0,0.640625,1.6013574269082814E-9,10500.0,0.814,0.41167913549459684,0.6938888709968561,0.17256841880493967,0.0,0.5237352737352737,0.41167913549459684,0.802,0.096,0.102,10500.0,9648.0
meta.imbalanced.RebalanceStream -l (trees.HoeffdingTree -e 2000000 -g 100 -c 0.01),ArffFileStream -f ./../../../Dataset/benchmarks/connect-4.arff,1,11000.0,0.65625,1.6403565597203047E-9,11000.0,0.58,0.40144711007523776,0.5921220321302242,0.13520458588653883,0.26534816614601553,0.4927232265941943,0.40144711007523776,0.57,0.308,0.122,11000.0,9648.0
meta.imbalanced.RebalanceStream -l (trees.HoeffdingTree -e 2000000 -g 100 -c 0.01),ArffFileStream -f ./../../../Dataset/benchmarks/connect-4.arff,1,11500.0,0.671875,1.679355692532328E-9,11500.0,0.746,0.42184722430505683,0.5461739703012403,0.22646818774287072,0.2506309303339064,0.48117825941746206,0.42184722430505683,0.744,0.134,0.122,11500.0,9648.0
meta.imbalanced.RebalanceStream -l (trees.HoeffdingTree -e 2000000 -g 100 -c 0.01),ArffFileStream -f ./../../../Dataset/benchmarks/connect-4.arff,1,12000.0,0.6875,1.7176757359670274E-9,12000.0,0.714,0.47875947732532004,0.5816708217625667,0.32453496830510237,0.18952637982994489,0.756278743738353,0.47875947732532004,0.67,0.194,0.136,12000.0,9480.0
meta.imbalanced.RebalanceStream -l (trees.HoeffdingTree -e 2000000 -g 100 -c 0.01),ArffFileStream -f ./../../../Dataset/benchmarks/connect-4.arff,1,12500.0,0.703125,1.7573539581563743E-9,12500.0,0.766,0.4699415789149856,0.5851825125117771,0.2835623484458814,0.2013606833976016,0.4804263565891473,0.4699415789149856,0.762,0.132,0.106,12500.0,9816.0
meta.imbalanced.RebalanceStream -l (trees.HoeffdingTree -e 2000000 -g 100 -c 0.01),ArffFileStream -f ./../../../Dataset/benchmarks/connect-4.arff,1,13000.0,0.71875,1.7970321803457211E-9,13000.0,0.8,0.4166855965956416,0.5516424290997529,0.21784563401432908,0.17600046858489515,0.5021206690561529,0.4166855965956416,0.792,0.116,0.092,13000.0,9816.0
meta.imbalanced.RebalanceStream -l (trees.HoeffdingTree -e 2000000 -g 100 -c 0.01),ArffFileStream -f ./../../../Dataset/benchmarks/connect-4.arff,1,13500.0,0.734375,1.836710402535068E-9,13500.0,0.76,0.39830659536541885,0.5542474929191722,0.16015789031662048,0.17599783237281308,0.5443471257424746,0.39830659536541885,0.748,0.12,0.132,13500.0,9816.0
meta.imbalanced.RebalanceStream -l (trees.HoeffdingTree -e 2000000 -g 100 -c 0.01),ArffFileStream -f ./../../../Dataset/benchmarks/connect-4.arff,1,14000.0,0.75,1.876388624724415E-9,14000.0,0.872,0.47458426160020695,0.6183392553774468,0.30264993026499304,0.2507715199719348,0.533422459893048,0.47458426160020695,0.878,0.07,0.052,14000.0,9816.0
meta.imbalanced.RebalanceStream -l (trees.HoeffdingTree -e 2000000 -g 100 -c 0.01),ArffFileStream -f ./../../../Dataset/benchmarks/connect-4.arff,1,14500.0,0.765625,1.915387757536438E-9,14500.0,0.808,0.5270963239421662,0.5968814953044164,0.5312683098316472,0.0,0.7757273706896552,0.5270963239421662,0.692,0.254,0.054,14500.0,9648.0
meta.imbalanced.RebalanceStream -l (trees.HoeffdingTree -e 2000000 -g 100 -c 0.01),ArffFileStream -f ./../../../Dataset/benchmarks/connect-4.arff,1,15000.0,0.765625,1.915387757536438E-9,15000.0,0.97,0.44238683127572015,0.7211905843817746,0.2019578633751862,0.0,0.49191919191919187,0.44238683127572015,0.972,0.012,0.016,15000.0,9648.0
meta.imbalanced.RebalanceStream -l (trees.HoeffdingTree -e 2000000 -g 100 -c 0.01),ArffFileStream -f ./../../../Dataset/benchmarks/connect-4.arff,1,15500.0,0.796875,1.9933860231604846E-9,15500.0,0.794,0.44473630312339996,0.5739901149987735,0.33586093056845145,0.22362316862756398,0.6120269503090288,0.44473630312339996,0.744,0.2,0.056,15500.0,9648.0
meta.imbalanced.RebalanceStream -l (trees.HoeffdingTree -e 2000000 -g 100 -c 0.01),ArffFileStream -f ./../../../Dataset/benchmarks/connect-4.arff,1,16000.0,0.796875,1.9933860231604846E-9,16000.0,0.808,0.4565534793382895,0.5564811174744343,0.3026397989278087,0.0,0.46778495452938723,0.4565534793382895,0.79,0.126,0.084,16000.0,9816.0
meta.imbalanced.RebalanceStream -l (trees.HoeffdingTree -e 2000000 -g 100 -c 0.01),ArffFileStream -f ./../../../Dataset/benchmarks/connect-4.arff,1,16500.0,0.828125,2.0727424675391783E-9,16500.0,0.928,0.35217831813576495,0.6760891590678825,0.034023827412257165,0.0,0.6470189701897019,0.35217831813576495,0.94,0.032,0.028,16500.0,9816.0
meta.imbalanced.RebalanceStream -l (trees.HoeffdingTree -e 2000000 -g 100 -c 0.01),ArffFileStream -f ./../../../Dataset/benchmarks/connect-4.arff,1,17000.0,0.828125,2.0727424675391783E-9,17000.0,0.956,0.35416376710739966,0.6770818835536998,0.0750084090144635,0.0,0.6465459423205902,0.35416376710739966,0.958,0.03,0.012,17000.0,9816.0
meta.imbalanced.RebalanceStream -l (trees.HoeffdingTree -e 2000000 -g 100 -c 0.01),ArffFileStream -f ./../../../Dataset/benchmarks/connect-4.arff,1,17500.0,0.84375,2.113099779105849E-9,17500.0,0.9,0.3422320550639135,0.6711127535517779,0.027237354085603113,0.0,0.4128584229390681,0.3422320550639135,0.904,0.06,0.036,17500.0,9984.0
meta.imbalanced.RebalanceStream -l (trees.HoeffdingTree -e 2000000 -g 100 -c 0.01),ArffFileStream -f ./../../../Dataset/benchmarks/connect-4.arff,1,18000.0,0.859375,2.152778001295196E-9,18000.0,0.916,0.5751072124756335,0.7875536062378167,0.5224885169857656,0.37939454936251427,0.842372328275412,0.5751072124756335,0.9,0.076,0.024,18000.0,9816.0
meta.imbalanced.RebalanceStream -l (trees.HoeffdingTree -e 2000000 -g 100 -c 0.01),ArffFileStream -f ./../../../Dataset/benchmarks/connect-4.arff,1,18500.0,0.859375,2.152778001295196E-9,18500.0,0.926,0.3482829724799746,0.5074748195733206,0.07923551662353176,0.0,0.5320121951219512,0.3482829724799746,0.934,0.036,0.03,18500.0,9984.0
meta.imbalanced.RebalanceStream -l (trees.HoeffdingTree -e 2000000 -g 100 -c 0.01),ArffFileStream -f ./../../../Dataset/benchmarks/connect-4.arff,1,19000.0,0.890625,2.229418088164595E-9,19000.0,0.818,0.5164301592873022,0.6598002639459927,0.3594165763279787,0.4275478941341617,0.5636705253640738,0.5164301592873022,0.814,0.088,0.098,19000.0,9480.0
meta.imbalanced.RebalanceStream -l (trees.HoeffdingTree -e 2000000 -g 100 -c 0.01),ArffFileStream -f ./../../../Dataset/benchmarks/connect-4.arff,1,19500.0,0.90625,2.268417220976618E-9,19500.0,0.62,0.5617412945281798,0.7140978510325291,0.3721166937647883,0.5355183868421229,0.5912750405130504,0.5617412945281798,0.26,0.488,0.252,19500.0,9648.0
meta.imbalanced.RebalanceStream -l (trees.HoeffdingTree -e 2000000 -g 100 -c 0.01),ArffFileStream -f ./../../../Dataset/benchmarks/connect-4.arff,1,20000.0,0.921875,2.3067372644113174E-9,20000.0,0.814,0.7053824818693423,0.8198281804625177,0.6881183138267547,0.6336586218704369,0.7418545143672102,0.7053824818693423,0.482,0.378,0.14,20000.0,9480.0
meta.imbalanced.RebalanceStream -l (trees.HoeffdingTree -e 2000000 -g 100 -c 0.01),ArffFileStream -f ./../../../Dataset/benchmarks/connect-4.arff,1,20500.0,0.9375,2.3457363972233407E-9,20500.0,0.8,0.49004265091863514,0.614729756387172,0.35890860601087293,0.3320598830759571,0.6359380753406016,0.49004265091863514,0.762,0.11,0.128,20500.0,9648.0
meta.imbalanced.RebalanceStream -l (trees.HoeffdingTree -e 2000000 -g 100 -c 0.01),ArffFileStream -f ./../../../Dataset/benchmarks/connect-4.arff,1,21000.0,0.953125,2.3854146194126875E-9,21000.0,0.874,0.4722892627753778,0.7170630019720384,0.27527896008282526,0.355437939104676,0.6756299840510366,0.4722892627753778,0.866,0.052,0.082,21000.0,9816.0
meta.imbalanced.RebalanceStream -l (trees.HoeffdingTree -e 2000000 -g 100 -c 0.01),ArffFileStream -f ./../../../Dataset/benchmarks/connect-4.arff,1,21500.0,0.96875,2.4250928416020344E-9,21500.0,0.95,0.43887729065182096,0.5527617229668503,0.24580668516954265,0.0,0.433493041295916,0.43887729065182096,0.958,0.024,0.018,21500.0,9816.0
meta.imbalanced.RebalanceStream -l (trees.HoeffdingTree -e 2000000 -g 100 -c 0.01),ArffFileStream -f ./../../../Dataset/benchmarks/connect-4.arff,1,22000.0,0.984375,2.4647710637913812E-9,22000.0,0.926,0.49780701754385964,0.5714680751661971,0.3889549478134496,0.0,0.5100077453018629,0.49780701754385964,0.912,0.04,0.048,22000.0,9816.0
meta.imbalanced.RebalanceStream -l (trees.HoeffdingTree -e 2000000 -g 100 -c 0.01),ArffFileStream -f ./../../../Dataset/benchmarks/connect-4.arff,1,22500.0,1.0,2.504449285980728E-9,22500.0,0.82,0.4795511258124419,0.5688638267408987,0.4849019024289737,0.0,0.5543168669336893,0.4795511258124419,0.718,0.256,0.026,22500.0,9816.0
meta.imbalanced.RebalanceStream -l (trees.HoeffdingTree -e 2000000 -g 100 -c 0.01),ArffFileStream -f ./../../../Dataset/benchmarks/connect-4.arff,1,23000.0,1.015625,2.5427693294154273E-9,23000.0,0.668,0.5214696654383922,0.6428435035003204,0.4064220839590932,0.3386388466239276,0.5936081605914557,0.5214696654383922,0.474,0.39,0.136,23000.0,9480.0
meta.imbalanced.RebalanceStream -l (trees.HoeffdingTree -e 2000000 -g 100 -c 0.01),ArffFileStream -f ./../../../Dataset/benchmarks/connect-4.arff,1,23500.0,1.03125,2.5810893728501266E-9,23500.0,0.67,0.527047027047027,0.6289899601610279,0.4196516502996708,0.3681244786912343,0.5298309911430338,0.527047027047027,0.364,0.504,0.132,23500.0,9480.0
meta.imbalanced.RebalanceStream -l (trees.HoeffdingTree -e 2000000 -g 100 -c 0.01),ArffFileStream -f ./../../../Dataset/benchmarks/connect-4.arff,1,24000.0,1.046875,2.62008850566215E-9,24000.0,0.858,0.6119174942704354,0.7269474233774972,0.321158810593747,0.5311853534544243,0.47919786096256684,0.6119174942704354,0.924,0.034,0.042,24000.0,9648.0
meta.imbalanced.RebalanceStream -l (trees.HoeffdingTree -e 2000000 -g 100 -c 0.01),ArffFileStream -f ./../../../Dataset/benchmarks/connect-4.arff,1,24500.0,1.0625,2.659087638474173E-9,24500.0,0.842,0.4290869863685398,0.5820653504120095,0.26140613313388184,0.2794572855678187,0.6289677615068531,0.4290869863685398,0.824,0.11,0.066,24500.0,9648.0
meta.imbalanced.RebalanceStream -l (trees.HoeffdingTree -e 2000000 -g 100 -c 0.01),ArffFileStream -f ./../../../Dataset/benchmarks/connect-4.arff,1,25000.0,1.078125,2.6980867712861964E-9,25000.0,0.602,0.5025155238036748,0.6314589817297528,0.3304893147440383,0.31235624149290747,0.7031039073337938,0.5025155238036748,0.326,0.582,0.092,25000.0,9648.0
meta.imbalanced.RebalanceStream -l (trees.HoeffdingTree -e 2000000 -g 100 -c 0.01),ArffFileStream -f ./../../../Dataset/benchmarks/connect-4.arff,1,25500.0,1.09375,2.7370859040982197E-9,25500.0,0.566,0.4627987188962798,0.5639493687363349,0.26981264132658556,0.0,0.3997919478182636,0.4627987188962798,0.328,0.528,0.144,25500.0,9648.0
meta.imbalanced.RebalanceStream -l (trees.HoeffdingTree -e 2000000 -g 100 -c 0.01),ArffFileStream -f ./../../../Dataset/benchmarks/connect-4.arff,1,26000.0,1.109375,2.7767641262875665E-9,26000.0,0.734,0.5986667427441135,0.779183910362661,0.46910850144897454,0.5304520231687185,0.7256136565794206,0.5986667427441135,0.254,0.69,0.056,26000.0,9816.0
meta.imbalanced.RebalanceStream -l (trees.HoeffdingTree -e 2000000 -g 100 -c 0.01),ArffFileStream -f ./../../../Dataset/benchmarks/connect-4.arff,1,26500.0,1.140625,2.857478749420908E-9,26500.0,0.64,0.48794322092558473,0.5961579816493493,0.34245134139926353,0.2600661770277947,0.5899216524216525,0.48794322092558473,0.36,0.524,0.116,26500.0,9984.0
meta.imbalanced.RebalanceStream -l (trees.HoeffdingTree -e 2000000 -g 100 -c 0.01),ArffFileStream -f ./../../../Dataset/benchmarks/connect-4.arff,1,27000.0,1.171875,2.936835193799602E-9,27000.0,0.622,0.4874826095130664,0.5729310769652461,0.34519602544381156,0.0,0.4171796244257104,0.4874826095130664,0.45,0.394,0.156,27000.0,9816.0
meta.imbalanced.RebalanceStream -l (trees.HoeffdingTree -e 2000000 -g 100 -c 0.01),ArffFileStream -f ./../../../Dataset/benchmarks/connect-4.arff,1,27500.0,1.171875,2.936835193799602E-9,27500.0,0.666,0.5442608099735265,0.682341883801895,0.4113334179321236,0.4517039267729312,0.6425710390187955,0.5442608099735265,0.416,0.482,0.102,27500.0,9816.0
meta.imbalanced.RebalanceStream -l (trees.HoeffdingTree -e 2000000 -g 100 -c 0.01),ArffFileStream -f ./../../../Dataset/benchmarks/connect-4.arff,1,28000.0,1.1875,2.9771925053662727E-9,28000.0,0.696,0.5412136893812286,0.6479388235897059,0.45108122553339014,0.38716850399551134,0.5868070885828932,0.5412136893812286,0.518,0.382,0.1,28000.0,9984.0
meta.imbalanced.RebalanceStream -l (trees.HoeffdingTree -e 2000000 -g 100 -c 0.01),ArffFileStream -f ./../../../Dataset/benchmarks/connect-4.arff,1,28500.0,1.203125,3.0168707275556196E-9,28500.0,0.734,0.5037313623073139,0.6169428138841508,0.38099227403890906,0.29550055208728837,0.5449297537905132,0.5037313623073139,0.668,0.216,0.116,28500.0,9816.0
meta.imbalanced.RebalanceStream -l (trees.HoeffdingTree -e 2000000 -g 100 -c 0.01),ArffFileStream -f ./../../../Dataset/benchmarks/connect-4.arff,1,29000.0,1.21875,3.0565489497449664E-9,29000.0,0.672,0.5607728471505561,0.7016953069378813,0.43733874951967944,0.46190794508826066,0.601291462264714,0.5607728471505561,0.342,0.544,0.114,29000.0,9816.0
meta.imbalanced.RebalanceStream -l (trees.HoeffdingTree -e 2000000 -g 100 -c 0.01),ArffFileStream -f ./../../../Dataset/benchmarks/connect-4.arff,1,29500.0,1.234375,3.0962271719343132E-9,29500.0,0.66,0.5768193334024385,0.7168949134311275,0.4365973129005959,0.5406057706471923,0.5743325027147582,0.5768193334024385,0.47,0.404,0.126,29500.0,9816.0
meta.imbalanced.RebalanceStream -l (trees.HoeffdingTree -e 2000000 -g 100 -c 0.01),ArffFileStream -f ./../../../Dataset/benchmarks/connect-4.arff,1,30000.0,1.25,3.13590539412366E-9,30000.0,0.766,0.6071310116086236,0.7164992838953457,0.5661782154722355,0.5211396539691244,0.6470202020202019,0.6071310116086236,0.536,0.384,0.08,30000.0,9816.0
meta.imbalanced.RebalanceStream -l (trees.HoeffdingTree -e 2000000 -g 100 -c 0.01),ArffFileStream -f ./../../../Dataset/benchmarks/connect-4.arff,1,30500.0,1.265625,3.176262705690331E-9,30500.0,0.64,0.549809263071615,0.697975101809682,0.3823008606608008,0.5038728243102195,0.544462962855982,0.549809263071615,0.576,0.29,0.134,30500.0,9984.0
meta.imbalanced.RebalanceStream -l (trees.HoeffdingTree -e 2000000 -g 100 -c 0.01),ArffFileStream -f ./../../../Dataset/benchmarks/connect-4.arff,1,31000.0,1.265625,3.176262705690331E-9,31000.0,0.642,0.4641975308641975,0.6387660107094014,0.23590479117576751,0.39831466837529483,0.5044809146229025,0.4641975308641975,0.648,0.192,0.16,31000.0,9984.0
meta.imbalanced.RebalanceStream -l (trees.HoeffdingTree -e 2000000 -g 100 -c 0.01),ArffFileStream -f ./../../../Dataset/benchmarks/connect-4.arff,1,31500.0,1.28125,3.2159409278796778E-9,31500.0,0.79,0.44642724702174014,0.5785983774534674,0.31853582554517135,0.21385513483832783,0.5920847505668935,0.44642724702174014,0.752,0.18,0.068,31500.0,9816.0
meta.imbalanced.RebalanceStream -l (trees.HoeffdingTree -e 2000000 -g 100 -c 0.01),ArffFileStream -f ./../../../Dataset/benchmarks/connect-4.arff,1,32000.0,1.296875,3.2556191500690246E-9,32000.0,0.74,0.45933107622858316,0.5806809955973314,0.3047161637446918,0.27367901993685323,0.49296007559650373,0.45933107622858316,0.722,0.17,0.108,32000.0,9816.0
meta.imbalanced.RebalanceStream -l (trees.HoeffdingTree -e 2000000 -g 100 -c 0.01),ArffFileStream -f ./../../../Dataset/benchmarks/connect-4.arff,1,32500.0,1.3125,3.2952973722583715E-9,32500.0,0.844,0.37912550032933073,0.579685520530591,0.12320143884892086,0.18491741543853413,0.4579831932773109,0.37912550032933073,0.86,0.072,0.068,32500.0,9816.0
meta.imbalanced.RebalanceStream -l (trees.HoeffdingTree -e 2000000 -g 100 -c 0.01),ArffFileStream -f ./../../../Dataset/benchmarks/connect-4.arff,1,33000.0,1.3125,3.2952973722583715E-9,33000.0,0.708,0.4734306044014111,0.5892373008027761,0.37292226813156604,0.24656257886969746,0.6366266823352033,0.4734306044014111,0.596,0.346,0.058,33000.0,9648.0
meta.imbalanced.RebalanceStream -l (trees.HoeffdingTree -e 2000000 -g 100 -c 0.01),ArffFileStream -f ./../../../Dataset/benchmarks/connect-4.arff,1,33500.0,1.328125,3.3342965050703947E-9,33500.0,0.622,0.4512148988796741,0.5585132763374628,0.2667085690341504,0.0,0.40215882385090457,0.4512148988796741,0.632,0.29,0.078,33500.0,9648.0
meta.imbalanced.RebalanceStream -l (trees.HoeffdingTree -e 2000000 -g 100 -c 0.01),ArffFileStream -f ./../../../Dataset/benchmarks/connect-4.arff,1,34000.0,1.34375,3.3739747272597416E-9,34000.0,0.596,0.43443964081162706,0.5565659545311831,0.23412322274881517,0.18349747310183842,0.4566183574879226,0.43443964081162706,0.536,0.338,0.126,34000.0,9816.0
meta.imbalanced.RebalanceStream -l (trees.HoeffdingTree -e 2000000 -g 100 -c 0.01),ArffFileStream -f ./../../../Dataset/benchmarks/connect-4.arff,1,34500.0,1.359375,3.4136529494490884E-9,34500.0,0.7,0.4849343185550082,0.5736834672249942,0.40182801359046755,0.0,0.45220523151115594,0.4849343185550082,0.58,0.336,0.084,34500.0,9816.0
meta.imbalanced.RebalanceStream -l (trees.HoeffdingTree -e 2000000 -g 100 -c 0.01),ArffFileStream -f ./../../../Dataset/benchmarks/connect-4.arff,1,35000.0,1.375,3.4533311716384353E-9,35000.0,0.652,0.5102738631642859,0.6054442400566762,0.38203204909648825,0.27805806878594375,0.5986559139784946,0.5102738631642859,0.488,0.36,0.152,35000.0,9816.0
meta.imbalanced.RebalanceStream -l (trees.HoeffdingTree -e 2000000 -g 100 -c 0.01),ArffFileStream -f ./../../../Dataset/benchmarks/connect-4.arff,1,35500.0,1.375,3.4533311716384353E-9,35500.0,0.644,0.5040153681066762,0.6030099391004938,0.3749297673895943,0.2886748482897318,0.5239137508672188,0.5040153681066762,0.476,0.39,0.134,35500.0,9816.0
meta.imbalanced.RebalanceStream -l (trees.HoeffdingTree -e 2000000 -g 100 -c 0.01),ArffFileStream -f ./../../../Dataset/benchmarks/connect-4.arff,1,36000.0,1.390625,3.493009393827782E-9,36000.0,0.622,0.47747707629491964,0.5910997371882933,0.31697938651016216,0.2775249840544329,0.537855961243058,0.47747707629491964,0.366,0.502,0.132,36000.0,9816.0
meta.imbalanced.RebalanceStream -l (trees.HoeffdingTree -e 2000000 -g 100 -c 0.01),ArffFileStream -f ./../../../Dataset/benchmarks/connect-4.arff,1,36500.0,1.40625,3.532687616017129E-9,36500.0,0.694,0.5617818606007583,0.6777253628331602,0.45682273250117156,0.4560251407316288,0.6111896798853321,0.5617818606007583,0.508,0.36,0.132,36500.0,9816.0
meta.imbalanced.RebalanceStream -l (trees.HoeffdingTree -e 2000000 -g 100 -c 0.01),ArffFileStream -f ./../../../Dataset/benchmarks/connect-4.arff,1,37000.0,1.421875,3.571686748829152E-9,37000.0,0.614,0.4260216374599166,0.5900318025620875,0.19639585623396955,0.2857638097832823,0.7123015873015873,0.4260216374599166,0.584,0.314,0.102,37000.0,9648.0
meta.imbalanced.RebalanceStream -l (trees.HoeffdingTree -e 2000000 -g 100 -c 0.01),ArffFileStream -f ./../../../Dataset/benchmarks/connect-4.arff,1,37500.0,1.421875,3.571686748829152E-9,37500.0,0.902,0.483740896784375,0.6343133474712422,0.31749171239936486,0.3579595896616517,0.6152862063309824,0.483740896784375,0.91,0.046,0.044,37500.0,9648.0
meta.imbalanced.RebalanceStream -l (trees.HoeffdingTree -e 2000000 -g 100 -c 0.01),ArffFileStream -f ./../../../Dataset/benchmarks/connect-4.arff,1,38000.0,1.4375,3.611364971018499E-9,38000.0,0.954,0.604874104874105,0.6357703857703857,0.3454007285974499,0.0,0.42990855762594893,0.604874104874105,0.962,0.012,0.026,38000.0,9816.0
meta.imbalanced.RebalanceStream -l (trees.HoeffdingTree -e 2000000 -g 100 -c 0.01),ArffFileStream -f ./../../../Dataset/benchmarks/connect-4.arff,1,38500.0,1.4375,3.611364971018499E-9,38500.0,0.736,0.36854993595705965,0.5397193995470771,0.08094634676172838,0.15588275825050454,0.45925534413906505,0.36854993595705965,0.746,0.156,0.098,38500.0,9648.0
meta.imbalanced.RebalanceStream -l (trees.HoeffdingTree -e 2000000 -g 100 -c 0.01),ArffFileStream -f ./../../../Dataset/benchmarks/connect-4.arff,1,39000.0,1.453125,3.6503641038305223E-9,39000.0,0.876,0.3730237154150198,0.6458229437093735,0.080418854379876,0.0,0.4619823489477257,0.3730237154150198,0.88,0.046,0.074,39000.0,9648.0
meta.imbalanced.RebalanceStream -l (trees.HoeffdingTree -e 2000000 -g 100 -c 0.01),ArffFileStream -f ./../../../Dataset/benchmarks/connect-4.arff,1,39500.0,1.46875,3.6893632366425456E-9,39500.0,0.722,0.4370621417950988,0.5884740754090888,0.2601266833448661,0.2807467765501002,0.5566174601037974,0.4370621417950988,0.686,0.22,0.094,39500.0,9648.0
meta.imbalanced.RebalanceStream -l (trees.HoeffdingTree -e 2000000 -g 100 -c 0.01),ArffFileStream -f ./../../../Dataset/benchmarks/connect-4.arff,1,40000.0,1.46875,3.6893632366425456E-9,40000.0,0.622,0.4050324675324675,0.5628861710695781,0.1810808000277306,0.21466832796899593,0.4995574460771676,0.4050324675324675,0.576,0.336,0.088,40000.0,9816.0
meta.imbalanced.RebalanceStream -l (trees.HoeffdingTree -e 2000000 -g 100 -c 0.01),ArffFileStream -f ./../../../Dataset/benchmarks/connect-4.arff,1,40500.0,1.484375,3.7297205482092164E-9,40500.0,0.706,0.45292492123793293,0.6070369676230665,0.27316238640071994,0.25683043832837477,0.550921347688622,0.45292492123793293,0.662,0.214,0.124,40500.0,9984.0
meta.imbalanced.RebalanceStream -l (trees.HoeffdingTree -e 2000000 -g 100 -c 0.01),ArffFileStream -f ./../../../Dataset/benchmarks/connect-4.arff,1,41000.0,1.5,3.770077859775887E-9,41000.0,0.642,0.45154807881544734,0.5853359775141088,0.24501881126313835,0.3148032055671858,0.46936953088409106,0.45154807881544734,0.674,0.204,0.122,41000.0,9984.0
meta.imbalanced.RebalanceStream -l (trees.HoeffdingTree -e 2000000 -g 100 -c 0.01),ArffFileStream -f ./../../../Dataset/benchmarks/connect-4.arff,1,41500.0,1.5,3.770077859775887E-9,41500.0,0.694,0.5685845075949774,0.66254642756807,0.4620934058979876,0.41491867885772915,0.5864661572994906,0.5685845075949774,0.548,0.31,0.142,41500.0,9816.0
meta.imbalanced.RebalanceStream -l (trees.HoeffdingTree -e 2000000 -g 100 -c 0.01),ArffFileStream -f ./../../../Dataset/benchmarks/connect-4.arff,1,42000.0,1.515625,3.80907699258791E-9,42000.0,0.918,0.5809076382230746,0.670599066625094,0.5603971436536358,0.42281861801920395,0.6122074558292991,0.5809076382230746,0.894,0.056,0.05,42000.0,9648.0
meta.imbalanced.RebalanceStream -l (trees.HoeffdingTree -e 2000000 -g 100 -c 0.01),ArffFileStream -f ./../../../Dataset/benchmarks/connect-4.arff,1,42500.0,1.515625,3.80907699258791E-9,42500.0,0.762,0.5249294995359463,0.6674958640922574,0.323094425483504,0.4727762734116434,0.49813942534149785,0.5249294995359463,0.812,0.096,0.092,42500.0,9648.0
meta.imbalanced.RebalanceStream -l (trees.HoeffdingTree -e 2000000 -g 100 -c 0.01),ArffFileStream -f ./../../../Dataset/benchmarks/connect-4.arff,1,43000.0,1.53125,3.848755214777257E-9,43000.0,0.752,0.4473573117190138,0.5439011662515469,0.29689271943751416,0.0,0.43444500483335435,0.4473573117190138,0.752,0.168,0.08,43000.0,9816.0
meta.imbalanced.RebalanceStream -l (trees.HoeffdingTree -e 2000000 -g 100 -c 0.01),ArffFileStream -f ./../../../Dataset/benchmarks/connect-4.arff,1,43500.0,1.546875,3.889112526343928E-9,43500.0,0.756,0.4621151271753681,0.56323899513239,0.2437860286369553,0.0,0.38418574088270724,0.4621151271753681,0.83,0.09,0.08,43500.0,9984.0
meta.imbalanced.RebalanceStream -l (trees.HoeffdingTree -e 2000000 -g 100 -c 0.01),ArffFileStream -f ./../../../Dataset/benchmarks/connect-4.arff,1,44000.0,1.5625,3.928111659155951E-9,44000.0,0.562,0.4704014785536525,0.622710045936949,0.2469050894085282,0.41765247475752676,0.4808444694102807,0.4704014785536525,0.528,0.288,0.184,44000.0,9648.0
meta.imbalanced.RebalanceStream -l (trees.HoeffdingTree -e 2000000 -g 100 -c 0.01),ArffFileStream -f ./../../../Dataset/benchmarks/connect-4.arff,1,44500.0,1.5625,3.928111659155951E-9,44500.0,0.784,0.5421744244445555,0.6753984839008305,0.375628707204551,0.4534180249365051,0.5786226318484383,0.5421744244445555,0.802,0.124,0.074,44500.0,9480.0
meta.imbalanced.RebalanceStream -l (trees.HoeffdingTree -e 2000000 -g 100 -c 0.01),ArffFileStream -f ./../../../Dataset/benchmarks/connect-4.arff,1,45000.0,1.578125,3.967789881345298E-9,45000.0,0.882,0.36529613313754283,0.5158726239743452,0.0898432679254597,0.0,0.3880753138075314,0.36529613313754283,0.908,0.06,0.032,45000.0,9816.0
meta.imbalanced.RebalanceStream -l (trees.HoeffdingTree -e 2000000 -g 100 -c 0.01),ArffFileStream -f ./../../../Dataset/benchmarks/connect-4.arff,1,45500.0,1.59375,4.0074681035346456E-9,45500.0,0.776,0.41099745049618147,0.5586178310938973,0.20979849861714736,0.19888683959854822,0.46476617552850735,0.41099745049618147,0.788,0.148,0.064,45500.0,9816.0
meta.imbalanced.RebalanceStream -l (trees.HoeffdingTree -e 2000000 -g 100 -c 0.01),ArffFileStream -f ./../../../Dataset/benchmarks/connect-4.arff,1,46000.0,1.59375,4.0074681035346456E-9,46000.0,0.774,0.42543228899161106,0.5629510277307347,0.21948389235784938,0.2324892900136187,0.4585858585858586,0.42543228899161106,0.792,0.118,0.09,46000.0,9816.0
meta.imbalanced.RebalanceStream -l (trees.HoeffdingTree -e 2000000 -g 100 -c 0.01),ArffFileStream -f ./../../../Dataset/benchmarks/connect-4.arff,1,46500.0,1.609375,4.046467236346669E-9,46500.0,0.768,0.49607194579971353,0.6426035246017338,0.30985245121370775,0.3806488404194105,0.5317070764902528,0.49607194579971353,0.77,0.114,0.116,46500.0,9648.0
meta.imbalanced.RebalanceStream -l (trees.HoeffdingTree -e 2000000 -g 100 -c 0.01),ArffFileStream -f ./../../../Dataset/benchmarks/connect-4.arff,1,47000.0,1.625,4.085466369158692E-9,47000.0,0.844,0.4661077576570534,0.5878957664479132,0.33637353661856795,0.330855764270194,0.4950262762762763,0.4661077576570534,0.852,0.078,0.07,47000.0,9648.0
meta.imbalanced.RebalanceStream -l (trees.HoeffdingTree -e 2000000 -g 100 -c 0.01),ArffFileStream -f ./../../../Dataset/benchmarks/connect-4.arff,1,47500.0,1.625,4.085466369158692E-9,47500.0,0.748,0.4644400214167656,0.570399895307958,0.35119770962493047,0.20736741201351816,0.520961078495325,0.4644400214167656,0.688,0.222,0.09,47500.0,9648.0
meta.imbalanced.RebalanceStream -l (trees.HoeffdingTree -e 2000000 -g 100 -c 0.01),ArffFileStream -f ./../../../Dataset/benchmarks/connect-4.arff,1,48000.0,1.65625,4.163464634782739E-9,48000.0,0.648,0.5432653987173356,0.6737013378100061,0.39250013806815043,0.40846383496172944,0.6448567535524057,0.5432653987173356,0.468,0.328,0.204,48000.0,9648.0
meta.imbalanced.RebalanceStream -l (trees.HoeffdingTree -e 2000000 -g 100 -c 0.01),ArffFileStream -f ./../../../Dataset/benchmarks/connect-4.arff,1,48500.0,1.671875,4.202463767594762E-9,48500.0,0.812,0.4946757735302456,0.6432202471136611,0.3499308437067773,0.37497150865944406,0.599946339006067,0.4946757735302456,0.786,0.092,0.122,48500.0,9648.0
meta.imbalanced.RebalanceStream -l (trees.HoeffdingTree -e 2000000 -g 100 -c 0.01),ArffFileStream -f ./../../../Dataset/benchmarks/connect-4.arff,1,49000.0,1.671875,4.202463767594762E-9,49000.0,0.872,0.4377529161182477,0.5828514943000925,0.2814478825167288,0.21052843623542788,0.6616457461645746,0.4377529161182477,0.856,0.082,0.062,49000.0,9816.0
meta.imbalanced.RebalanceStream -l (trees.HoeffdingTree -e 2000000 -g 100 -c 0.01),ArffFileStream -f ./../../../Dataset/benchmarks/connect-4.arff,1,49500.0,1.703125,4.27910385446416E-9,49500.0,0.76,0.5209545922469436,0.6243534534859684,0.4848635747033673,0.2763214054204653,0.5435177733065056,0.5209545922469436,0.636,0.31,0.054,49500.0,9480.0
meta.imbalanced.RebalanceStream -l (trees.HoeffdingTree -e 2000000 -g 100 -c 0.01),ArffFileStream -f ./../../../Dataset/benchmarks/connect-4.arff,1,50000.0,1.703125,4.27910385446416E-9,50000.0,0.73,0.48009324009324006,0.5717485620352188,0.3975312168084328,0.0,0.465639628309928,0.48009324009324006,0.65,0.286,0.064,50000.0,9816.0
meta.imbalanced.RebalanceStream -l (trees.HoeffdingTree -e 2000000 -g 100 -c 0.01),ArffFileStream -f ./../../../Dataset/benchmarks/connect-4.arff,1,50500.0,1.71875,4.319461166030831E-9,50500.0,0.76,0.5041918537708693,0.585429260218768,0.49505575426046705,0.0,0.7842719431760528,0.5041918537708693,0.576,0.386,0.038,50500.0,9984.0
meta.imbalanced.RebalanceStream -l (trees.HoeffdingTree -e 2000000 -g 100 -c 0.01),ArffFileStream -f ./../../../Dataset/benchmarks/connect-4.arff,1,51000.0,1.734375,4.359139388220178E-9,51000.0,0.702,0.5292805763007501,0.6129199090696265,0.4653941372753041,0.22577335021354747,0.5644194282823172,0.5292805763007501,0.438,0.456,0.106,51000.0,9816.0
meta.imbalanced.RebalanceStream -l (trees.HoeffdingTree -e 2000000 -g 100 -c 0.01),ArffFileStream -f ./../../../Dataset/benchmarks/connect-4.arff,1,51500.0,1.75,4.398817610409525E-9,51500.0,0.732,0.5121220768461869,0.5974620232799763,0.4019138755980861,0.23092475084942074,0.5209692451071761,0.5121220768461869,0.202,0.706,0.092,51500.0,9816.0
meta.imbalanced.RebalanceStream -l (trees.HoeffdingTree -e 2000000 -g 100 -c 0.01),ArffFileStream -f ./../../../Dataset/benchmarks/connect-4.arff,1,52000.0,1.765625,4.439174921976196E-9,52000.0,0.68,0.5288150890272906,0.6323278967349658,0.4133650116227057,0.32095080536689435,0.7179166816261565,0.5288150890272906,0.338,0.522,0.14,52000.0,9984.0
meta.imbalanced.RebalanceStream -l (trees.HoeffdingTree -e 2000000 -g 100 -c 0.01),ArffFileStream -f ./../../../Dataset/benchmarks/connect-4.arff,1,52500.0,1.78125,4.479532233542866E-9,52500.0,0.67,0.6061846444999082,0.7427060660756313,0.45895962855119227,0.578112454530125,0.6223671592524052,0.6061846444999082,0.396,0.446,0.158,52500.0,9984.0
meta.imbalanced.RebalanceStream -l (trees.HoeffdingTree -e 2000000 -g 100 -c 0.01),ArffFileStream -f ./../../../Dataset/benchmarks/connect-4.arff,1,53000.0,1.78125,4.479532233542866E-9,53000.0,0.866,0.5786230177421887,0.6226448422044277,0.6281000910322165,0.0,0.7818962921790685,0.5786230177421887,0.772,0.176,0.052,53000.0,9648.0
meta.imbalanced.RebalanceStream -l (trees.HoeffdingTree -e 2000000 -g 100 -c 0.01),ArffFileStream -f ./../../../Dataset/benchmarks/connect-4.arff,1,53500.0,1.796875,4.5192104557322135E-9,53500.0,0.836,0.4360628618693135,0.5513482215674105,0.3173265843018416,0.0,0.5027271101573677,0.4360628618693135,0.806,0.13,0.064,53500.0,9816.0
meta.imbalanced.RebalanceStream -l (trees.HoeffdingTree -e 2000000 -g 100 -c 0.01),ArffFileStream -f ./../../../Dataset/benchmarks/connect-4.arff,1,54000.0,1.8125,4.558888677921561E-9,54000.0,0.788,0.4825573219461165,0.6165562765752374,0.37460175111509686,0.32808220872408983,0.711144645651688,0.4825573219461165,0.744,0.19,0.066,54000.0,9816.0
meta.imbalanced.RebalanceStream -l (trees.HoeffdingTree -e 2000000 -g 100 -c 0.01),ArffFileStream -f ./../../../Dataset/benchmarks/connect-4.arff,1,54500.0,1.8125,4.558888677921561E-9,54500.0,0.696,0.4652468962066485,0.564675886625165,0.37537498048046813,0.0,0.4592325192987993,0.4652468962066485,0.57,0.374,0.056,54500.0,9816.0
meta.imbalanced.RebalanceStream -l (trees.HoeffdingTree -e 2000000 -g 100 -c 0.01),ArffFileStream -f ./../../../Dataset/benchmarks/connect-4.arff,1,55000.0,1.828125,4.598566900110908E-9,55000.0,0.688,0.47924261180119804,0.5910328945844564,0.37508011793359824,0.23398885118614557,0.6336190184675033,0.47924261180119804,0.548,0.38,0.072,55000.0,9816.0
meta.imbalanced.RebalanceStream -l (trees.HoeffdingTree -e 2000000 -g 100 -c 0.01),ArffFileStream -f ./../../../Dataset/benchmarks/connect-4.arff,1,55500.0,1.84375,4.638245122300255E-9,55500.0,0.56,0.4364920838502134,0.5488235735207436,0.2372129146787973,0.0,0.39432598590493323,0.4364920838502134,0.398,0.478,0.124,55500.0,9816.0
meta.imbalanced.RebalanceStream -l (trees.HoeffdingTree -e 2000000 -g 100 -c 0.01),ArffFileStream -f ./../../../Dataset/benchmarks/connect-4.arff,1,56000.0,1.84375,4.638245122300255E-9,56000.0,0.666,0.5254409232630648,0.6376533364945746,0.4056178015688843,0.3826286871014968,0.5889409440347412,0.5254409232630648,0.39,0.494,0.116,56000.0,9984.0
meta.imbalanced.RebalanceStream -l (trees.HoeffdingTree -e 2000000 -g 100 -c 0.01),ArffFileStream -f ./../../../Dataset/benchmarks/connect-4.arff,1,56500.0,1.859375,4.678602433866926E-9,56500.0,0.58,0.4538627450980392,0.5858750849446824,0.25074925074925075,0.3065237729574212,0.4931496190774716,0.4538627450980392,0.5,0.34,0.16,56500.0,9984.0
meta.imbalanced.RebalanceStream -l (trees.HoeffdingTree -e 2000000 -g 100 -c 0.01),ArffFileStream -f ./../../../Dataset/benchmarks/connect-4.arff,1,57000.0,1.875,4.718280656056273E-9,57000.0,0.662,0.47614237614237614,0.5954111457088421,0.29338963916879207,0.3037870182909317,0.49658451149082133,0.47614237614237614,0.63,0.216,0.154,57000.0,9816.0
meta.imbalanced.RebalanceStream -l (trees.HoeffdingTree -e 2000000 -g 100 -c 0.01),ArffFileStream -f ./../../../Dataset/benchmarks/connect-4.arff,1,57500.0,1.890625,4.75795887824562E-9,57500.0,0.726,0.45084075672560825,0.6029149017052243,0.238618175351236,0.3083482215180724,0.6059735283873214,0.45084075672560825,0.754,0.152,0.094,57500.0,9816.0
meta.imbalanced.RebalanceStream -l (trees.HoeffdingTree -e 2000000 -g 100 -c 0.01),ArffFileStream -f ./../../../Dataset/benchmarks/connect-4.arff,1,58000.0,1.890625,4.75795887824562E-9,58000.0,0.712,0.46617226493890906,0.6031518631133522,0.2679132477198548,0.33224363296493226,0.4812940551326263,0.46617226493890906,0.758,0.156,0.086,58000.0,9984.0
meta.imbalanced.RebalanceStream -l (trees.HoeffdingTree -e 2000000 -g 100 -c 0.01),ArffFileStream -f ./../../../Dataset/benchmarks/connect-4.arff,1,58500.0,1.90625,4.7962789216803194E-9,58500.0,0.624,0.47361592575413586,0.5937996130473681,0.2895526449048076,0.3054332341265323,0.46655866900671034,0.47361592575413586,0.598,0.274,0.128,58500.0,9480.0
meta.imbalanced.RebalanceStream -l (trees.HoeffdingTree -e 2000000 -g 100 -c 0.01),ArffFileStream -f ./../../../Dataset/benchmarks/connect-4.arff,1,59000.0,1.90625,4.7962789216803194E-9,59000.0,0.588,0.4840606908056128,0.6578643461634962,0.2607478647814541,0.41829539462817417,0.598719194637562,0.4840606908056128,0.512,0.316,0.172,59000.0,9648.0
meta.imbalanced.RebalanceStream -l (trees.HoeffdingTree -e 2000000 -g 100 -c 0.01),ArffFileStream -f ./../../../Dataset/benchmarks/connect-4.arff,1,59500.0,1.921875,4.835957143869667E-9,59500.0,0.594,0.47515406162464985,0.631435767387834,0.24407173498570067,0.41754064914945027,0.4915043712584018,0.47515406162464985,0.6,0.204,0.196,59500.0,9816.0
meta.imbalanced.RebalanceStream -l (trees.HoeffdingTree -e 2000000 -g 100 -c 0.01),ArffFileStream -f ./../../../Dataset/benchmarks/connect-4.arff,1,60000.0,1.9375,4.875635366059014E-9,60000.0,0.624,0.5207970857455394,0.6527004437565352,0.331835887520969,0.4299243278454845,0.5507907324721631,0.5207970857455394,0.582,0.27,0.148,60000.0,9816.0
meta.imbalanced.RebalanceStream -l (trees.HoeffdingTree -e 2000000 -g 100 -c 0.01),ArffFileStream -f ./../../../Dataset/benchmarks/connect-4.arff,1,60500.0,1.9375,4.875635366059014E-9,60500.0,0.718,0.4685661165737067,0.6330006098831251,0.26713653090500844,0.38154947218242985,0.6028243686138423,0.4685661165737067,0.744,0.154,0.102,60500.0,9816.0
meta.imbalanced.RebalanceStream -l (trees.HoeffdingTree -e 2000000 -g 100 -c 0.01),ArffFileStream -f ./../../../Dataset/benchmarks/connect-4.arff,1,61000.0,1.953125,4.915313588248361E-9,61000.0,0.738,0.4412828519385897,0.6259461919582093,0.2323019221753399,0.3020831109451039,0.6163171690694627,0.4412828519385897,0.732,0.168,0.1,61000.0,9816.0
meta.imbalanced.RebalanceStream -l (trees.HoeffdingTree -e 2000000 -g 100 -c 0.01),ArffFileStream -f ./../../../Dataset/benchmarks/connect-4.arff,1,61500.0,1.96875,4.9543127210603845E-9,61500.0,0.692,0.5104955139643769,0.6797308042374671,0.33634420464731435,0.4412511721667482,0.6103889430748476,0.5104955139643769,0.628,0.226,0.146,61500.0,9648.0
meta.imbalanced.RebalanceStream -l (trees.HoeffdingTree -e 2000000 -g 100 -c 0.01),ArffFileStream -f ./../../../Dataset/benchmarks/connect-4.arff,1,62000.0,1.96875,4.9543127210603845E-9,62000.0,0.728,0.5445772326369341,0.7026076356386324,0.38516623115941373,0.470780475471401,0.6290468281026896,0.5445772326369341,0.67,0.182,0.148,62000.0,9648.0
meta.imbalanced.RebalanceStream -l (trees.HoeffdingTree -e 2000000 -g 100 -c 0.01),ArffFileStream -f ./../../../Dataset/benchmarks/connect-4.arff,1,62500.0,1.984375,4.992632764495084E-9,62500.0,0.754,0.5579260183662021,0.6576633589383823,0.5080196792128315,0.3678054391004213,0.6452173678836083,0.5579260183662021,0.578,0.3,0.122,62500.0,9480.0
meta.imbalanced.RebalanceStream -l (trees.HoeffdingTree -e 2000000 -g 100 -c 0.01),ArffFileStream -f ./../../../Dataset/benchmarks/connect-4.arff,1,63000.0,2.0,5.031631897307107E-9,63000.0,0.638,0.5236886060421749,0.6684089461263375,0.3733164371135163,0.43125511840004715,0.5218924077753107,0.5236886060421749,0.298,0.566,0.136,63000.0,9648.0
meta.imbalanced.RebalanceStream -l (trees.HoeffdingTree -e 2000000 -g 100 -c 0.01),ArffFileStream -f ./../../../Dataset/benchmarks/connect-4.arff,1,63500.0,2.0,5.031631897307107E-9,63500.0,0.714,0.5541823510314389,0.6397448668902385,0.49903309884812647,0.35623143964418613,0.5464598793223004,0.5541823510314389,0.402,0.486,0.112,63500.0,9648.0
meta.imbalanced.RebalanceStream -l (trees.HoeffdingTree -e 2000000 -g 100 -c 0.01),ArffFileStream -f ./../../../Dataset/benchmarks/connect-4.arff,1,64000.0,2.015625,5.07063103011913E-9,64000.0,0.798,0.48707638385303365,0.5969891860558088,0.34470050866812,0.262611501963967,0.4980963480963481,0.48707638385303365,0.788,0.112,0.1,64000.0,9648.0
meta.imbalanced.RebalanceStream -l (trees.HoeffdingTree -e 2000000 -g 100 -c 0.01),ArffFileStream -f ./../../../Dataset/benchmarks/connect-4.arff,1,64500.0,2.03125,5.1096301629311535E-9,64500.0,0.584,0.5167849857201142,0.642451858640193,0.33469805527123847,0.43252607711309726,0.5074122149593847,0.5167849857201142,0.456,0.344,0.2,64500.0,9648.0
meta.imbalanced.RebalanceStream -l (trees.HoeffdingTree -e 2000000 -g 100 -c 0.01),ArffFileStream -f ./../../../Dataset/benchmarks/connect-4.arff,1,65000.0,2.03125,5.1096301629311535E-9,65000.0,0.622,0.47507288339056325,0.5998450845598496,0.2971992086983683,0.31109333344900536,0.5972692716194309,0.47507288339056325,0.53,0.304,0.166,65000.0,9816.0
meta.imbalanced.RebalanceStream -l (trees.HoeffdingTree -e 2000000 -g 100 -c 0.01),ArffFileStream -f ./../../../Dataset/benchmarks/connect-4.arff,1,65500.0,2.046875,5.149308385120501E-9,65500.0,0.666,0.41692628633911827,0.5659792827316474,0.20735874848116648,0.22799052528176475,0.49831398345432465,0.41692628633911827,0.648,0.258,0.094,65500.0,9816.0
meta.imbalanced.RebalanceStream -l (trees.HoeffdingTree -e 2000000 -g 100 -c 0.01),ArffFileStream -f ./../../../Dataset/benchmarks/connect-4.arff,1,66000.0,2.046875,5.149308385120501E-9,66000.0,0.662,0.39546149323927104,0.5332175925925926,0.17202320294740142,0.19991177766830628,0.45304421689083885,0.39546149323927104,0.648,0.252,0.1,66000.0,9984.0
meta.imbalanced.RebalanceStream -l (trees.HoeffdingTree -e 2000000 -g 100 -c 0.01),ArffFileStream -f ./../../../Dataset/benchmarks/connect-4.arff,1,66500.0,2.0625,5.188307517932524E-9,66500.0,0.658,0.4661026803883947,0.5765581544675404,0.3208626236149172,0.2857990523144393,0.47369329079641065,0.4661026803883947,0.598,0.294,0.108,66500.0,9648.0
meta.imbalanced.RebalanceStream -l (trees.HoeffdingTree -e 2000000 -g 100 -c 0.01),ArffFileStream -f ./../../../Dataset/benchmarks/connect-4.arff,1,67000.0,2.078125,5.227985740121871E-9,67000.0,0.74,0.5203043579275781,0.5915052169533345,0.4421893638384237,0.0,0.47173682015685325,0.5203043579275781,0.664,0.242,0.094,67000.0,9816.0
meta.imbalanced.RebalanceStream -l (trees.HoeffdingTree -e 2000000 -g 100 -c 0.01),ArffFileStream -f ./../../../Dataset/benchmarks/connect-4.arff,1,67500.0,2.09375,5.2669848729338946E-9,67500.0,0.636,0.5288947182646643,0.6658124353860133,0.36774381813255147,0.43380126650585826,0.581328392929947,0.5288947182646643,0.49,0.318,0.192,67500.0,9648.0
meta.imbalanced.RebalanceStream -l (trees.HoeffdingTree -e 2000000 -g 100 -c 0.01),ArffFileStream -f ./../../../Dataset/benchmarks/connect-4.arff,1,67557.0,2.09375,5.2669848729338946E-9,67557.0,0.598,0.5253940200729951,0.6631325574925434,0.33919835884487926,0.4266324135480698,0.5728515400646549,0.5253940200729951,0.436,0.328,0.236,67557.0,9480.0
