Learner,stream,randomSeed,learning evaluation instances,evaluation time (cpu seconds),model cost (RAM-Hours),classified instances,Accuracy,AvgAccuracy,AUC,Kappa,G-Mean,Precision,Recall,Ratio-Class-0,Ratio-Class-1,model training instances,model serialized size (bytes)
functions.MajorityClass,ArffFileStream -f ./../../../Dataset/benchmarks/nomao.arff,1,500.0,0.046875,8.857265735665957E-11,500.0,0.976,0.49897750511247446,0.49897750511247446,-0.0036801605888256944,0.0,0.48897795591182364,0.49897750511247446,0.022,0.978,500.0,7304.0
functions.MajorityClass,ArffFileStream -f ./../../../Dataset/benchmarks/nomao.arff,1,1000.0,0.078125,1.4762109559443264E-10,1000.0,1.0,1.0,1.0,1.0,1.0,1.0,1.0,0.0,1.0,1000.0,7304.0
functions.MajorityClass,ArffFileStream -f ./../../../Dataset/benchmarks/nomao.arff,1,1500.0,0.125,2.361937529510922E-10,1500.0,1.0,1.0,1.0,1.0,1.0,1.0,1.0,0.0,1.0,1500.0,7304.0
functions.MajorityClass,ArffFileStream -f ./../../../Dataset/benchmarks/nomao.arff,1,2000.0,0.140625,2.6571797206997874E-10,2000.0,0.946,0.5,0.5,0.0,0.0,0.946,0.5,0.054,0.946,2000.0,7304.0
functions.MajorityClass,ArffFileStream -f ./../../../Dataset/benchmarks/nomao.arff,1,2500.0,0.171875,3.2476641030775176E-10,2500.0,0.57,0.5,0.5,0.0,0.0,0.57,0.5,0.43,0.57,2500.0,7304.0
functions.MajorityClass,ArffFileStream -f ./../../../Dataset/benchmarks/nomao.arff,1,3000.0,0.1875,3.542906294266383E-10,3000.0,0.894,0.5,0.5,0.0,0.0,0.894,0.5,0.106,0.894,3000.0,7304.0
functions.MajorityClass,ArffFileStream -f ./../../../Dataset/benchmarks/nomao.arff,1,3500.0,0.21875,4.133390676644113E-10,3500.0,1.0,1.0,1.0,1.0,1.0,1.0,1.0,0.0,1.0,3500.0,7304.0
functions.MajorityClass,ArffFileStream -f ./../../../Dataset/benchmarks/nomao.arff,1,4000.0,0.25,4.723875059021844E-10,4000.0,1.0,1.0,1.0,1.0,1.0,1.0,1.0,0.0,1.0,4000.0,7304.0
functions.MajorityClass,ArffFileStream -f ./../../../Dataset/benchmarks/nomao.arff,1,4500.0,0.28125,5.314359441399575E-10,4500.0,1.0,1.0,1.0,1.0,1.0,1.0,1.0,0.0,1.0,4500.0,7304.0
functions.MajorityClass,ArffFileStream -f ./../../../Dataset/benchmarks/nomao.arff,1,5000.0,0.296875,5.60960163258844E-10,5000.0,1.0,1.0,1.0,1.0,1.0,1.0,1.0,0.0,1.0,5000.0,7304.0
functions.MajorityClass,ArffFileStream -f ./../../../Dataset/benchmarks/nomao.arff,1,5500.0,0.3125,5.904843823777304E-10,5500.0,1.0,1.0,1.0,1.0,1.0,1.0,1.0,0.0,1.0,5500.0,7304.0
functions.MajorityClass,ArffFileStream -f ./../../../Dataset/benchmarks/nomao.arff,1,6000.0,0.328125,6.200086014966169E-10,6000.0,1.0,1.0,1.0,1.0,1.0,1.0,1.0,0.0,1.0,6000.0,7304.0
functions.MajorityClass,ArffFileStream -f ./../../../Dataset/benchmarks/nomao.arff,1,6500.0,0.34375,6.495328206155034E-10,6500.0,1.0,1.0,1.0,1.0,1.0,1.0,1.0,0.0,1.0,6500.0,7304.0
functions.MajorityClass,ArffFileStream -f ./../../../Dataset/benchmarks/nomao.arff,1,7000.0,0.375,7.085812588532765E-10,7000.0,1.0,1.0,1.0,1.0,1.0,1.0,1.0,0.0,1.0,7000.0,7304.0
functions.MajorityClass,ArffFileStream -f ./../../../Dataset/benchmarks/nomao.arff,1,7500.0,0.390625,7.38105477972163E-10,7500.0,1.0,1.0,1.0,1.0,1.0,1.0,1.0,0.0,1.0,7500.0,7304.0
functions.MajorityClass,ArffFileStream -f ./../../../Dataset/benchmarks/nomao.arff,1,8000.0,0.390625,7.38105477972163E-10,8000.0,1.0,1.0,1.0,1.0,1.0,1.0,1.0,0.0,1.0,8000.0,7304.0
functions.MajorityClass,ArffFileStream -f ./../../../Dataset/benchmarks/nomao.arff,1,8500.0,0.421875,7.971539162099361E-10,8500.0,1.0,1.0,1.0,1.0,1.0,1.0,1.0,0.0,1.0,8500.0,7304.0
functions.MajorityClass,ArffFileStream -f ./../../../Dataset/benchmarks/nomao.arff,1,9000.0,0.421875,7.971539162099361E-10,9000.0,1.0,1.0,1.0,1.0,1.0,1.0,1.0,0.0,1.0,9000.0,7304.0
functions.MajorityClass,ArffFileStream -f ./../../../Dataset/benchmarks/nomao.arff,1,9500.0,0.453125,8.562023544477091E-10,9500.0,1.0,1.0,1.0,1.0,1.0,1.0,1.0,0.0,1.0,9500.0,7304.0
functions.MajorityClass,ArffFileStream -f ./../../../Dataset/benchmarks/nomao.arff,1,10000.0,0.46875,8.857265735665956E-10,10000.0,1.0,1.0,1.0,1.0,1.0,1.0,1.0,0.0,1.0,10000.0,7304.0
functions.MajorityClass,ArffFileStream -f ./../../../Dataset/benchmarks/nomao.arff,1,10500.0,0.484375,9.152507926854821E-10,10500.0,1.0,1.0,1.0,1.0,1.0,1.0,1.0,0.0,1.0,10500.0,7304.0
functions.MajorityClass,ArffFileStream -f ./../../../Dataset/benchmarks/nomao.arff,1,11000.0,0.5,9.447750118043686E-10,11000.0,1.0,1.0,1.0,1.0,1.0,1.0,1.0,0.0,1.0,11000.0,7304.0
functions.MajorityClass,ArffFileStream -f ./../../../Dataset/benchmarks/nomao.arff,1,11500.0,0.515625,9.74299230923255E-10,11500.0,1.0,1.0,1.0,1.0,1.0,1.0,1.0,0.0,1.0,11500.0,7304.0
functions.MajorityClass,ArffFileStream -f ./../../../Dataset/benchmarks/nomao.arff,1,12000.0,0.53125,1.0038234500421416E-9,12000.0,1.0,1.0,1.0,1.0,1.0,1.0,1.0,0.0,1.0,12000.0,7304.0
functions.MajorityClass,ArffFileStream -f ./../../../Dataset/benchmarks/nomao.arff,1,12500.0,0.546875,1.033347669161028E-9,12500.0,0.608,0.5,0.5,0.0,0.0,0.608,0.5,0.392,0.608,12500.0,7304.0
functions.MajorityClass,ArffFileStream -f ./../../../Dataset/benchmarks/nomao.arff,1,13000.0,0.5625,1.0628718882799145E-9,13000.0,1.0,1.0,1.0,1.0,1.0,1.0,1.0,0.0,1.0,13000.0,7304.0
functions.MajorityClass,ArffFileStream -f ./../../../Dataset/benchmarks/nomao.arff,1,13500.0,0.578125,1.092396107398801E-9,13500.0,1.0,1.0,1.0,1.0,1.0,1.0,1.0,0.0,1.0,13500.0,7304.0
functions.MajorityClass,ArffFileStream -f ./../../../Dataset/benchmarks/nomao.arff,1,14000.0,0.609375,1.151444545636574E-9,14000.0,0.984,0.5,0.5,0.0,0.0,0.984,0.5,0.016,0.984,14000.0,7304.0
functions.MajorityClass,ArffFileStream -f ./../../../Dataset/benchmarks/nomao.arff,1,14500.0,0.609375,1.151444545636574E-9,14500.0,0.976,0.5,0.5,0.0,0.0,0.976,0.5,0.024,0.976,14500.0,7304.0
functions.MajorityClass,ArffFileStream -f ./../../../Dataset/benchmarks/nomao.arff,1,15000.0,0.625,1.1809687647554605E-9,15000.0,0.996,0.5,0.5,0.0,0.0,0.996,0.5,0.004,0.996,15000.0,7304.0
functions.MajorityClass,ArffFileStream -f ./../../../Dataset/benchmarks/nomao.arff,1,15500.0,0.640625,1.210492983874347E-9,15500.0,0.998,0.5,0.5,0.0,0.0,0.998,0.5,0.002,0.998,15500.0,7304.0
functions.MajorityClass,ArffFileStream -f ./../../../Dataset/benchmarks/nomao.arff,1,16000.0,0.65625,1.2400172029932334E-9,16000.0,0.956,0.5,0.5,0.0,0.0,0.956,0.5,0.044,0.956,16000.0,7304.0
functions.MajorityClass,ArffFileStream -f ./../../../Dataset/benchmarks/nomao.arff,1,16500.0,0.671875,1.26954142211212E-9,16500.0,0.44,0.5,0.5,0.0,0.0,0.44,0.5,0.56,0.44,16500.0,7304.0
functions.MajorityClass,ArffFileStream -f ./../../../Dataset/benchmarks/nomao.arff,1,17000.0,0.6875,1.2990656412310064E-9,17000.0,0.104,0.5,0.5,0.0,0.0,0.104,0.5,0.896,0.104,17000.0,7304.0
functions.MajorityClass,ArffFileStream -f ./../../../Dataset/benchmarks/nomao.arff,1,17500.0,0.703125,1.328589860349893E-9,17500.0,0.01,0.5,0.5,0.0,0.0,0.01,0.5,0.99,0.01,17500.0,7304.0
functions.MajorityClass,ArffFileStream -f ./../../../Dataset/benchmarks/nomao.arff,1,18000.0,0.71875,1.3581140794687794E-9,18000.0,0.222,0.5,0.5,0.0,0.0,0.222,0.5,0.778,0.222,18000.0,7304.0
functions.MajorityClass,ArffFileStream -f ./../../../Dataset/benchmarks/nomao.arff,1,18500.0,0.734375,1.3876382985876659E-9,18500.0,0.264,0.5,0.5,0.0,0.0,0.264,0.5,0.736,0.264,18500.0,7304.0
functions.MajorityClass,ArffFileStream -f ./../../../Dataset/benchmarks/nomao.arff,1,19000.0,0.75,1.4171625177065524E-9,19000.0,0.936,0.5,0.5,0.0,0.0,0.936,0.5,0.064,0.936,19000.0,7304.0
functions.MajorityClass,ArffFileStream -f ./../../../Dataset/benchmarks/nomao.arff,1,19500.0,0.765625,1.4466867368254389E-9,19500.0,0.468,0.5,0.5,0.0,0.0,0.468,0.5,0.532,0.468,19500.0,7304.0
functions.MajorityClass,ArffFileStream -f ./../../../Dataset/benchmarks/nomao.arff,1,20000.0,0.78125,1.4762109559443253E-9,20000.0,0.69,0.5,0.5,0.0,0.0,0.69,0.5,0.31,0.69,20000.0,7304.0
functions.MajorityClass,ArffFileStream -f ./../../../Dataset/benchmarks/nomao.arff,1,20500.0,0.796875,1.5057351750632118E-9,20500.0,1.0,1.0,1.0,1.0,1.0,1.0,1.0,0.0,1.0,20500.0,7304.0
functions.MajorityClass,ArffFileStream -f ./../../../Dataset/benchmarks/nomao.arff,1,21000.0,0.8125,1.5352593941820983E-9,21000.0,0.75,0.5,0.5,0.0,0.0,0.75,0.5,0.25,0.75,21000.0,7304.0
functions.MajorityClass,ArffFileStream -f ./../../../Dataset/benchmarks/nomao.arff,1,21500.0,0.828125,1.5647836133009848E-9,21500.0,0.984,0.5,0.5,0.0,0.0,0.984,0.5,0.016,0.984,21500.0,7304.0
functions.MajorityClass,ArffFileStream -f ./../../../Dataset/benchmarks/nomao.arff,1,22000.0,0.84375,1.5943078324198713E-9,22000.0,0.998,0.5,0.5,0.0,0.0,0.998,0.5,0.002,0.998,22000.0,7304.0
functions.MajorityClass,ArffFileStream -f ./../../../Dataset/benchmarks/nomao.arff,1,22500.0,0.859375,1.6238320515387578E-9,22500.0,0.996,0.5,0.5,0.0,0.0,0.996,0.5,0.004,0.996,22500.0,7304.0
functions.MajorityClass,ArffFileStream -f ./../../../Dataset/benchmarks/nomao.arff,1,23000.0,0.875,1.6533562706576443E-9,23000.0,1.0,1.0,1.0,1.0,1.0,1.0,1.0,0.0,1.0,23000.0,7304.0
functions.MajorityClass,ArffFileStream -f ./../../../Dataset/benchmarks/nomao.arff,1,23500.0,0.890625,1.6828804897765307E-9,23500.0,0.882,0.5,0.5,0.0,0.0,0.882,0.5,0.118,0.882,23500.0,7304.0
functions.MajorityClass,ArffFileStream -f ./../../../Dataset/benchmarks/nomao.arff,1,24000.0,0.90625,1.7124047088954172E-9,24000.0,0.204,0.5,0.5,0.0,0.0,0.204,0.5,0.796,0.204,24000.0,7304.0
functions.MajorityClass,ArffFileStream -f ./../../../Dataset/benchmarks/nomao.arff,1,24500.0,0.921875,1.7419289280143037E-9,24500.0,0.0,0.0,0.5,0.0,0.0,0.0,0.0,1.0,0.0,24500.0,7304.0
functions.MajorityClass,ArffFileStream -f ./../../../Dataset/benchmarks/nomao.arff,1,25000.0,0.9375,1.7714531471331902E-9,25000.0,0.048,0.5,0.5,0.0,0.0,0.048,0.5,0.952,0.048,25000.0,7304.0
functions.MajorityClass,ArffFileStream -f ./../../../Dataset/benchmarks/nomao.arff,1,25500.0,0.953125,1.8009773662520767E-9,25500.0,0.128,0.5,0.5,0.0,0.0,0.128,0.5,0.872,0.128,25500.0,7304.0
functions.MajorityClass,ArffFileStream -f ./../../../Dataset/benchmarks/nomao.arff,1,26000.0,0.96875,1.8305015853709632E-9,26000.0,0.68,0.5,0.5,0.0,0.0,0.68,0.5,0.32,0.68,26000.0,7304.0
functions.MajorityClass,ArffFileStream -f ./../../../Dataset/benchmarks/nomao.arff,1,26500.0,0.984375,1.8600258044898497E-9,26500.0,1.0,1.0,1.0,1.0,1.0,1.0,1.0,0.0,1.0,26500.0,7304.0
functions.MajorityClass,ArffFileStream -f ./../../../Dataset/benchmarks/nomao.arff,1,27000.0,1.0,1.8895500236087364E-9,27000.0,1.0,1.0,1.0,1.0,1.0,1.0,1.0,0.0,1.0,27000.0,7304.0
functions.MajorityClass,ArffFileStream -f ./../../../Dataset/benchmarks/nomao.arff,1,27500.0,1.03125,1.9485984618465093E-9,27500.0,1.0,1.0,1.0,1.0,1.0,1.0,1.0,0.0,1.0,27500.0,7304.0
functions.MajorityClass,ArffFileStream -f ./../../../Dataset/benchmarks/nomao.arff,1,28000.0,1.046875,1.978122680965396E-9,28000.0,1.0,1.0,1.0,1.0,1.0,1.0,1.0,0.0,1.0,28000.0,7304.0
functions.MajorityClass,ArffFileStream -f ./../../../Dataset/benchmarks/nomao.arff,1,28500.0,1.0625,2.0076469000842827E-9,28500.0,0.966,0.5,0.5,0.0,0.0,0.966,0.5,0.034,0.966,28500.0,7304.0
functions.MajorityClass,ArffFileStream -f ./../../../Dataset/benchmarks/nomao.arff,1,29000.0,1.078125,2.0371711192031694E-9,29000.0,0.75,0.5,0.5,0.0,0.0,0.75,0.5,0.25,0.75,29000.0,7304.0
functions.MajorityClass,ArffFileStream -f ./../../../Dataset/benchmarks/nomao.arff,1,29500.0,1.09375,2.066695338322056E-9,29500.0,0.176,0.5,0.5,0.0,0.0,0.176,0.5,0.824,0.176,29500.0,7304.0
functions.MajorityClass,ArffFileStream -f ./../../../Dataset/benchmarks/nomao.arff,1,30000.0,1.109375,2.0962195574409428E-9,30000.0,0.032,0.5,0.5,0.0,0.0,0.032,0.5,0.968,0.032,30000.0,7304.0
functions.MajorityClass,ArffFileStream -f ./../../../Dataset/benchmarks/nomao.arff,1,30500.0,1.125,2.1257437765598295E-9,30500.0,0.034,0.5,0.5,0.0,0.0,0.034,0.5,0.966,0.034,30500.0,7304.0
functions.MajorityClass,ArffFileStream -f ./../../../Dataset/benchmarks/nomao.arff,1,31000.0,1.140625,2.155267995678716E-9,31000.0,0.034,0.5,0.5,0.0,0.0,0.034,0.5,0.966,0.034,31000.0,7304.0
functions.MajorityClass,ArffFileStream -f ./../../../Dataset/benchmarks/nomao.arff,1,31500.0,1.15625,2.184792214797603E-9,31500.0,0.126,0.5,0.5,0.0,0.0,0.126,0.5,0.874,0.126,31500.0,7304.0
functions.MajorityClass,ArffFileStream -f ./../../../Dataset/benchmarks/nomao.arff,1,32000.0,1.171875,2.2143164339164896E-9,32000.0,0.142,0.5,0.5,0.0,0.0,0.142,0.5,0.858,0.142,32000.0,7304.0
functions.MajorityClass,ArffFileStream -f ./../../../Dataset/benchmarks/nomao.arff,1,32500.0,1.1875,2.2438406530353763E-9,32500.0,0.256,0.5,0.5,0.0,0.0,0.256,0.5,0.744,0.256,32500.0,7304.0
functions.MajorityClass,ArffFileStream -f ./../../../Dataset/benchmarks/nomao.arff,1,33000.0,1.203125,2.273364872154263E-9,33000.0,0.028,0.5,0.5,0.0,0.0,0.028,0.5,0.972,0.028,33000.0,7304.0
functions.MajorityClass,ArffFileStream -f ./../../../Dataset/benchmarks/nomao.arff,1,33500.0,1.21875,2.3028890912731496E-9,33500.0,0.41,0.5,0.5,0.0,0.0,0.41,0.5,0.59,0.41,33500.0,7304.0
functions.MajorityClass,ArffFileStream -f ./../../../Dataset/benchmarks/nomao.arff,1,34000.0,1.234375,2.3324133103920363E-9,34000.0,0.362,0.5,0.5,0.0,0.0,0.362,0.5,0.638,0.362,34000.0,7304.0
functions.MajorityClass,ArffFileStream -f ./../../../Dataset/benchmarks/nomao.arff,1,34465.0,1.25,2.361937529510923E-9,34465.0,0.222,0.5,0.5,0.0,0.0,0.222,0.5,0.778,0.222,34465.0,7304.0
