Learner,stream,randomSeed,learning evaluation instances,evaluation time (cpu seconds),model cost (RAM-Hours),classified instances,Accuracy,AvgAccuracy,AUC,Kappa,G-Mean,Precision,Recall,Ratio-Class-0,Ratio-Class-1,model training instances,model serialized size (bytes),Member weight 1,Member weight 2,Member weight 3,Member weight 4,Member weight 5,Member weight 6,Member weight 7,Member weight 8,Member weight 9,Member weight 10,Stored member weight 11,Stored member weight 12,Stored member weight 13,Stored member weight 14,Stored member weight 15,Stored member weight 16,Stored member weight 17,Stored member weight 18,Stored member weight 19,Stored member weight 20,Stored member weight 21,Stored member weight 22,Stored member weight 23,Stored member weight 24,Stored member weight 25,Stored member weight 26,Stored member weight 27,Stored member weight 28,Stored member weight 29,Stored member weight 30,[avg] model training instances,[err] model training instances,[avg] model serialized size (bytes),[err] model serialized size (bytes),[avg] tree size (nodes),[err] tree size (nodes),[avg] tree size (leaves),[err] tree size (leaves),[avg] active learning leaves,[err] active learning leaves,[avg] tree depth,[err] tree depth,[avg] active leaf byte size estimate,[err] active leaf byte size estimate,[avg] inactive leaf byte size estimate,[err] inactive leaf byte size estimate,[avg] byte size estimate overhead,[err] byte size estimate overhead
meta.AccuracyWeightedEnsemble -l (trees.HoeffdingTree -e 2000000 -g 100 -c 0.01) -n 10.0,ArffFileStream -f ./../../../Dataset/benchmarks/magic.arff,1,500.0,0.140625,2.0081643015146257E-10,500.0,1.0,1.0,1.0,1.0,1.0,1.0,1.0,1.0,0.0,500.0,5520.0,0.0,-1.0,-1.0,-1.0,-1.0,-1.0,-1.0,-1.0,-1.0,-1.0,-1.0,-1.0,-1.0,-1.0,-1.0,-1.0,-1.0,-1.0,-1.0,-1.0,-1.0,-1.0,-1.0,-1.0,-1.0,-1.0,-1.0,-1.0,-1.0,-1.0,0.0,0.0,0.0,0.0,0.0,0.0,0.0,0.0,0.0,0.0,0.0,0.0,0.0,0.0,0.0,0.0,0.0,0.0
meta.AccuracyWeightedEnsemble -l (trees.HoeffdingTree -e 2000000 -g 100 -c 0.01) -n 10.0,ArffFileStream -f ./../../../Dataset/benchmarks/magic.arff,1,1000.0,0.1875,2.9734413449962934E-10,1000.0,1.0,1.0,1.0,1.0,1.0,1.0,1.0,1.0,0.0,1000.0,7960.0,0.0,0.0,-1.0,-1.0,-1.0,-1.0,-1.0,-1.0,-1.0,-1.0,-1.0,-1.0,-1.0,-1.0,-1.0,-1.0,-1.0,-1.0,-1.0,-1.0,-1.0,-1.0,-1.0,-1.0,-1.0,-1.0,-1.0,-1.0,-1.0,-1.0,500.0,0.0,256.0,0.0,1.0,0.0,1.0,0.0,1.0,0.0,0.0,0.0,0.0,0.0,0.0,0.0,1.0,0.0
meta.AccuracyWeightedEnsemble -l (trees.HoeffdingTree -e 2000000 -g 100 -c 0.01) -n 10.0,ArffFileStream -f ./../../../Dataset/benchmarks/magic.arff,1,1500.0,0.234375,4.2375177145004274E-10,1500.0,1.0,1.0,1.0,1.0,1.0,1.0,1.0,1.0,0.0,1500.0,10424.0,0.0,0.0,0.0,-1.0,-1.0,-1.0,-1.0,-1.0,-1.0,-1.0,-1.0,-1.0,-1.0,-1.0,-1.0,-1.0,-1.0,-1.0,-1.0,-1.0,-1.0,-1.0,-1.0,-1.0,-1.0,-1.0,-1.0,-1.0,-1.0,-1.0,500.0,0.0,256.0,0.0,1.0,0.0,1.0,0.0,1.0,0.0,0.0,0.0,0.0,0.0,0.0,0.0,1.0,0.0
meta.AccuracyWeightedEnsemble -l (trees.HoeffdingTree -e 2000000 -g 100 -c 0.01) -n 10.0,ArffFileStream -f ./../../../Dataset/benchmarks/magic.arff,1,2000.0,0.265625,5.277494589487711E-10,2000.0,1.0,1.0,1.0,1.0,1.0,1.0,1.0,1.0,0.0,2000.0,12864.0,0.0,0.0,0.0,0.0,-1.0,-1.0,-1.0,-1.0,-1.0,-1.0,-1.0,-1.0,-1.0,-1.0,-1.0,-1.0,-1.0,-1.0,-1.0,-1.0,-1.0,-1.0,-1.0,-1.0,-1.0,-1.0,-1.0,-1.0,-1.0,-1.0,500.0,0.0,256.0,0.0,1.0,0.0,1.0,0.0,1.0,0.0,0.0,0.0,0.0,0.0,0.0,0.0,1.0,0.0
meta.AccuracyWeightedEnsemble -l (trees.HoeffdingTree -e 2000000 -g 100 -c 0.01) -n 10.0,ArffFileStream -f ./../../../Dataset/benchmarks/magic.arff,1,2500.0,0.296875,6.51667101515664E-10,2500.0,1.0,1.0,1.0,1.0,1.0,1.0,1.0,1.0,0.0,2500.0,15328.0,0.0,0.0,0.0,0.0,0.0,-1.0,-1.0,-1.0,-1.0,-1.0,-1.0,-1.0,-1.0,-1.0,-1.0,-1.0,-1.0,-1.0,-1.0,-1.0,-1.0,-1.0,-1.0,-1.0,-1.0,-1.0,-1.0,-1.0,-1.0,-1.0,500.0,0.0,256.0,0.0,1.0,0.0,1.0,0.0,1.0,0.0,0.0,0.0,0.0,0.0,0.0,0.0,1.0,0.0
meta.AccuracyWeightedEnsemble -l (trees.HoeffdingTree -e 2000000 -g 100 -c 0.01) -n 10.0,ArffFileStream -f ./../../../Dataset/benchmarks/magic.arff,1,3000.0,0.34375,8.671324596636825E-10,3000.0,1.0,1.0,1.0,1.0,1.0,1.0,1.0,1.0,0.0,3000.0,17768.0,0.0,0.0,0.0,0.0,0.0,0.0,-1.0,-1.0,-1.0,-1.0,-1.0,-1.0,-1.0,-1.0,-1.0,-1.0,-1.0,-1.0,-1.0,-1.0,-1.0,-1.0,-1.0,-1.0,-1.0,-1.0,-1.0,-1.0,-1.0,-1.0,500.0,0.0,256.0,0.0,1.0,0.0,1.0,0.0,1.0,0.0,0.0,0.0,0.0,0.0,0.0,0.0,1.0,0.0
meta.AccuracyWeightedEnsemble -l (trees.HoeffdingTree -e 2000000 -g 100 -c 0.01) -n 10.0,ArffFileStream -f ./../../../Dataset/benchmarks/magic.arff,1,3500.0,0.390625,1.1124777504139476E-9,3500.0,1.0,1.0,1.0,1.0,1.0,1.0,1.0,1.0,0.0,3500.0,20232.0,0.0,0.0,0.0,0.0,0.0,0.0,0.0,-1.0,-1.0,-1.0,-1.0,-1.0,-1.0,-1.0,-1.0,-1.0,-1.0,-1.0,-1.0,-1.0,-1.0,-1.0,-1.0,-1.0,-1.0,-1.0,-1.0,-1.0,-1.0,-1.0,500.0,0.0,256.0,0.0,1.0,0.0,1.0,0.0,1.0,0.0,0.0,0.0,0.0,0.0,0.0,0.0,1.0,0.0
meta.AccuracyWeightedEnsemble -l (trees.HoeffdingTree -e 2000000 -g 100 -c 0.01) -n 10.0,ArffFileStream -f ./../../../Dataset/benchmarks/magic.arff,1,4000.0,0.421875,1.2957672071125773E-9,4000.0,1.0,1.0,1.0,1.0,1.0,1.0,1.0,1.0,0.0,4000.0,22672.0,0.0,0.0,0.0,0.0,0.0,0.0,0.0,0.0,-1.0,-1.0,-1.0,-1.0,-1.0,-1.0,-1.0,-1.0,-1.0,-1.0,-1.0,-1.0,-1.0,-1.0,-1.0,-1.0,-1.0,-1.0,-1.0,-1.0,-1.0,-1.0,500.0,0.0,256.0,0.0,1.0,0.0,1.0,0.0,1.0,0.0,0.0,0.0,0.0,0.0,0.0,0.0,1.0,0.0
meta.AccuracyWeightedEnsemble -l (trees.HoeffdingTree -e 2000000 -g 100 -c 0.01) -n 10.0,ArffFileStream -f ./../../../Dataset/benchmarks/magic.arff,1,4500.0,0.46875,1.6005813247627684E-9,4500.0,1.0,1.0,1.0,1.0,1.0,1.0,1.0,1.0,0.0,4500.0,25136.0,0.0,0.0,0.0,0.0,0.0,0.0,0.0,0.0,0.0,-1.0,-1.0,-1.0,-1.0,-1.0,-1.0,-1.0,-1.0,-1.0,-1.0,-1.0,-1.0,-1.0,-1.0,-1.0,-1.0,-1.0,-1.0,-1.0,-1.0,-1.0,500.0,0.0,256.0,0.0,1.0,0.0,1.0,0.0,1.0,0.0,0.0,0.0,0.0,0.0,0.0,0.0,1.0,0.0
meta.AccuracyWeightedEnsemble -l (trees.HoeffdingTree -e 2000000 -g 100 -c 0.01) -n 10.0,ArffFileStream -f ./../../../Dataset/benchmarks/magic.arff,1,5000.0,0.5,1.8235166660613487E-9,5000.0,1.0,1.0,1.0,1.0,1.0,1.0,1.0,1.0,0.0,5000.0,27576.0,0.0,0.0,0.0,0.0,0.0,0.0,0.0,0.0,0.0,0.0,-1.0,-1.0,-1.0,-1.0,-1.0,-1.0,-1.0,-1.0,-1.0,-1.0,-1.0,-1.0,-1.0,-1.0,-1.0,-1.0,-1.0,-1.0,-1.0,-1.0,500.0,0.0,256.0,0.0,1.0,0.0,1.0,0.0,1.0,0.0,0.0,0.0,0.0,0.0,0.0,0.0,1.0,0.0
meta.AccuracyWeightedEnsemble -l (trees.HoeffdingTree -e 2000000 -g 100 -c 0.01) -n 10.0,ArffFileStream -f ./../../../Dataset/benchmarks/magic.arff,1,5500.0,0.546875,2.1876055850750875E-9,5500.0,1.0,1.0,1.0,1.0,1.0,1.0,1.0,1.0,0.0,5500.0,30024.0,0.0,0.0,0.0,0.0,0.0,0.0,0.0,0.0,0.0,0.0,0.0,-1.0,-1.0,-1.0,-1.0,-1.0,-1.0,-1.0,-1.0,-1.0,-1.0,-1.0,-1.0,-1.0,-1.0,-1.0,-1.0,-1.0,-1.0,-1.0,500.0,0.0,256.0,0.0,1.0,0.0,1.0,0.0,1.0,0.0,0.0,0.0,0.0,0.0,0.0,0.0,1.0,0.0
meta.AccuracyWeightedEnsemble -l (trees.HoeffdingTree -e 2000000 -g 100 -c 0.01) -n 10.0,ArffFileStream -f ./../../../Dataset/benchmarks/magic.arff,1,6000.0,0.578125,2.44999278543724E-9,6000.0,1.0,1.0,1.0,1.0,1.0,1.0,1.0,1.0,0.0,6000.0,32456.0,0.0,0.0,0.0,0.0,0.0,0.0,0.0,0.0,0.0,0.0,0.0,0.0,-1.0,-1.0,-1.0,-1.0,-1.0,-1.0,-1.0,-1.0,-1.0,-1.0,-1.0,-1.0,-1.0,-1.0,-1.0,-1.0,-1.0,-1.0,500.0,0.0,256.0,0.0,1.0,0.0,1.0,0.0,1.0,0.0,0.0,0.0,0.0,0.0,0.0,0.0,1.0,0.0
meta.AccuracyWeightedEnsemble -l (trees.HoeffdingTree -e 2000000 -g 100 -c 0.01) -n 10.0,ArffFileStream -f ./../../../Dataset/benchmarks/magic.arff,1,6500.0,0.625,2.873259493046337E-9,6500.0,1.0,1.0,1.0,1.0,1.0,1.0,1.0,1.0,0.0,6500.0,34904.0,0.0,0.0,0.0,0.0,0.0,0.0,0.0,0.0,0.0,0.0,0.0,0.0,0.0,-1.0,-1.0,-1.0,-1.0,-1.0,-1.0,-1.0,-1.0,-1.0,-1.0,-1.0,-1.0,-1.0,-1.0,-1.0,-1.0,-1.0,500.0,0.0,256.0,0.0,1.0,0.0,1.0,0.0,1.0,0.0,0.0,0.0,0.0,0.0,0.0,0.0,1.0,0.0
meta.AccuracyWeightedEnsemble -l (trees.HoeffdingTree -e 2000000 -g 100 -c 0.01) -n 10.0,ArffFileStream -f ./../../../Dataset/benchmarks/magic.arff,1,7000.0,0.65625,3.175098552472062E-9,7000.0,1.0,1.0,1.0,1.0,1.0,1.0,1.0,1.0,0.0,7000.0,37336.0,0.0,0.0,0.0,0.0,0.0,0.0,0.0,0.0,0.0,0.0,0.0,0.0,0.0,0.0,-1.0,-1.0,-1.0,-1.0,-1.0,-1.0,-1.0,-1.0,-1.0,-1.0,-1.0,-1.0,-1.0,-1.0,-1.0,-1.0,500.0,0.0,256.0,0.0,1.0,0.0,1.0,0.0,1.0,0.0,0.0,0.0,0.0,0.0,0.0,0.0,1.0,0.0
meta.AccuracyWeightedEnsemble -l (trees.HoeffdingTree -e 2000000 -g 100 -c 0.01) -n 10.0,ArffFileStream -f ./../../../Dataset/benchmarks/magic.arff,1,7500.0,0.703125,3.6575430486765175E-9,7500.0,1.0,1.0,1.0,1.0,1.0,1.0,1.0,1.0,0.0,7500.0,39784.0,0.0,0.0,0.0,0.0,0.0,0.0,0.0,0.0,0.0,0.0,0.0,0.0,0.0,0.0,0.0,-1.0,-1.0,-1.0,-1.0,-1.0,-1.0,-1.0,-1.0,-1.0,-1.0,-1.0,-1.0,-1.0,-1.0,-1.0,500.0,0.0,256.0,0.0,1.0,0.0,1.0,0.0,1.0,0.0,0.0,0.0,0.0,0.0,0.0,0.0,1.0,0.0
meta.AccuracyWeightedEnsemble -l (trees.HoeffdingTree -e 2000000 -g 100 -c 0.01) -n 10.0,ArffFileStream -f ./../../../Dataset/benchmarks/magic.arff,1,8000.0,0.734375,3.998833967165815E-9,8000.0,1.0,1.0,1.0,1.0,1.0,1.0,1.0,1.0,0.0,8000.0,42216.0,0.0,0.0,0.0,0.0,0.0,0.0,0.0,0.0,0.0,0.0,0.0,0.0,0.0,0.0,0.0,0.0,-1.0,-1.0,-1.0,-1.0,-1.0,-1.0,-1.0,-1.0,-1.0,-1.0,-1.0,-1.0,-1.0,-1.0,500.0,0.0,256.0,0.0,1.0,0.0,1.0,0.0,1.0,0.0,0.0,0.0,0.0,0.0,0.0,0.0,1.0,0.0
meta.AccuracyWeightedEnsemble -l (trees.HoeffdingTree -e 2000000 -g 100 -c 0.01) -n 10.0,ArffFileStream -f ./../../../Dataset/benchmarks/magic.arff,1,8500.0,0.78125,4.54045625196563E-9,8500.0,1.0,1.0,1.0,1.0,1.0,1.0,1.0,1.0,0.0,8500.0,44664.0,0.0,0.0,0.0,0.0,0.0,0.0,0.0,0.0,0.0,0.0,0.0,0.0,0.0,0.0,0.0,0.0,0.0,-1.0,-1.0,-1.0,-1.0,-1.0,-1.0,-1.0,-1.0,-1.0,-1.0,-1.0,-1.0,-1.0,500.0,0.0,256.0,0.0,1.0,0.0,1.0,0.0,1.0,0.0,0.0,0.0,0.0,0.0,0.0,0.0,1.0,0.0
meta.AccuracyWeightedEnsemble -l (trees.HoeffdingTree -e 2000000 -g 100 -c 0.01) -n 10.0,ArffFileStream -f ./../../../Dataset/benchmarks/magic.arff,1,9000.0,0.828125,5.111570418294934E-9,9000.0,1.0,1.0,1.0,1.0,1.0,1.0,1.0,1.0,0.0,9000.0,47096.0,0.0,0.0,0.0,0.0,0.0,0.0,0.0,0.0,0.0,0.0,0.0,0.0,0.0,0.0,0.0,0.0,0.0,0.0,-1.0,-1.0,-1.0,-1.0,-1.0,-1.0,-1.0,-1.0,-1.0,-1.0,-1.0,-1.0,500.0,0.0,256.0,0.0,1.0,0.0,1.0,0.0,1.0,0.0,0.0,0.0,0.0,0.0,0.0,0.0,1.0,0.0
meta.AccuracyWeightedEnsemble -l (trees.HoeffdingTree -e 2000000 -g 100 -c 0.01) -n 10.0,ArffFileStream -f ./../../../Dataset/benchmarks/magic.arff,1,9500.0,0.859375,5.5121038005583825E-9,9500.0,1.0,1.0,1.0,1.0,1.0,1.0,1.0,1.0,0.0,9500.0,49544.0,0.0,0.0,0.0,0.0,0.0,0.0,0.0,0.0,0.0,0.0,0.0,0.0,0.0,0.0,0.0,0.0,0.0,0.0,0.0,-1.0,-1.0,-1.0,-1.0,-1.0,-1.0,-1.0,-1.0,-1.0,-1.0,-1.0,500.0,0.0,256.0,0.0,1.0,0.0,1.0,0.0,1.0,0.0,0.0,0.0,0.0,0.0,0.0,0.0,1.0,0.0
meta.AccuracyWeightedEnsemble -l (trees.HoeffdingTree -e 2000000 -g 100 -c 0.01) -n 10.0,ArffFileStream -f ./../../../Dataset/benchmarks/magic.arff,1,10000.0,0.90625,6.142395755483045E-9,10000.0,1.0,1.0,1.0,1.0,1.0,1.0,1.0,1.0,0.0,10000.0,51976.0,0.0,0.0,0.0,0.0,0.0,0.0,0.0,0.0,0.0,0.0,0.0,0.0,0.0,0.0,0.0,0.0,0.0,0.0,0.0,0.0,-1.0,-1.0,-1.0,-1.0,-1.0,-1.0,-1.0,-1.0,-1.0,-1.0,500.0,0.0,256.0,0.0,1.0,0.0,1.0,0.0,1.0,0.0,0.0,0.0,0.0,0.0,0.0,0.0,1.0,0.0
meta.AccuracyWeightedEnsemble -l (trees.HoeffdingTree -e 2000000 -g 100 -c 0.01) -n 10.0,ArffFileStream -f ./../../../Dataset/benchmarks/magic.arff,1,10500.0,0.9375,6.582380996810066E-9,10500.0,1.0,1.0,1.0,1.0,1.0,1.0,1.0,1.0,0.0,10500.0,54424.0,0.0,0.0,0.0,0.0,0.0,0.0,0.0,0.0,0.0,0.0,0.0,0.0,0.0,0.0,0.0,0.0,0.0,0.0,0.0,0.0,0.0,-1.0,-1.0,-1.0,-1.0,-1.0,-1.0,-1.0,-1.0,-1.0,500.0,0.0,256.0,0.0,1.0,0.0,1.0,0.0,1.0,0.0,0.0,0.0,0.0,0.0,0.0,0.0,1.0,0.0
meta.AccuracyWeightedEnsemble -l (trees.HoeffdingTree -e 2000000 -g 100 -c 0.01) -n 10.0,ArffFileStream -f ./../../../Dataset/benchmarks/magic.arff,1,11000.0,0.984375,7.2718507403300875E-9,11000.0,1.0,1.0,1.0,1.0,1.0,1.0,1.0,1.0,0.0,11000.0,56856.0,0.0,0.0,0.0,0.0,0.0,0.0,0.0,0.0,0.0,0.0,0.0,0.0,0.0,0.0,0.0,0.0,0.0,0.0,0.0,0.0,0.0,0.0,-1.0,-1.0,-1.0,-1.0,-1.0,-1.0,-1.0,-1.0,500.0,0.0,256.0,0.0,1.0,0.0,1.0,0.0,1.0,0.0,0.0,0.0,0.0,0.0,0.0,0.0,1.0,0.0
meta.AccuracyWeightedEnsemble -l (trees.HoeffdingTree -e 2000000 -g 100 -c 0.01) -n 10.0,ArffFileStream -f ./../../../Dataset/benchmarks/magic.arff,1,11500.0,1.015625,7.75128784072068E-9,11500.0,1.0,1.0,1.0,1.0,1.0,1.0,1.0,1.0,0.0,11500.0,59304.0,0.0,0.0,0.0,0.0,0.0,0.0,0.0,0.0,0.0,0.0,0.0,0.0,0.0,0.0,0.0,0.0,0.0,0.0,0.0,0.0,0.0,0.0,0.0,-1.0,-1.0,-1.0,-1.0,-1.0,-1.0,-1.0,500.0,0.0,256.0,0.0,1.0,0.0,1.0,0.0,1.0,0.0,0.0,0.0,0.0,0.0,0.0,0.0,1.0,0.0
meta.AccuracyWeightedEnsemble -l (trees.HoeffdingTree -e 2000000 -g 100 -c 0.01) -n 10.0,ArffFileStream -f ./../../../Dataset/benchmarks/magic.arff,1,12000.0,1.0625,8.499935372836061E-9,12000.0,1.0,1.0,1.0,1.0,1.0,1.0,1.0,1.0,0.0,12000.0,61736.0,0.0,0.0,0.0,0.0,0.0,0.0,0.0,0.0,0.0,0.0,0.0,0.0,0.0,0.0,0.0,0.0,0.0,0.0,0.0,0.0,0.0,0.0,0.0,0.0,-1.0,-1.0,-1.0,-1.0,-1.0,-1.0,500.0,0.0,256.0,0.0,1.0,0.0,1.0,0.0,1.0,0.0,0.0,0.0,0.0,0.0,0.0,0.0,1.0,0.0
meta.AccuracyWeightedEnsemble -l (trees.HoeffdingTree -e 2000000 -g 100 -c 0.01) -n 10.0,ArffFileStream -f ./../../../Dataset/benchmarks/magic.arff,1,12500.0,1.15625,1.0056796276734936E-8,12500.0,0.664,0.5,0.5,0.0,0.0,0.664,0.5,0.664,0.336,12500.0,64192.0,0.1996032093024549,0.0,0.0,0.0,0.0,0.0,0.0,0.0,0.0,0.0,0.0,0.0,0.0,0.0,0.0,0.0,0.0,0.0,0.0,0.0,0.0,0.0,0.0,0.0,0.0,-1.0,-1.0,-1.0,-1.0,-1.0,500.0,0.0,256.8,2.5298221281347124,1.0,0.0,1.0,0.0,1.0,0.0,0.0,0.0,0.0,0.0,0.0,0.0,1.0,0.0
meta.AccuracyWeightedEnsemble -l (trees.HoeffdingTree -e 2000000 -g 100 -c 0.01) -n 10.0,ArffFileStream -f ./../../../Dataset/benchmarks/magic.arff,1,13000.0,1.28125,1.2211514533393914E-8,13000.0,0.404,0.404,0.702,0.0,0.6356099432828282,0.5,0.404,0.0,1.0,13000.0,66632.0,0.0,0.0,0.0,0.0,0.0,0.0,0.0,0.0,0.0,0.0,0.0,0.0,0.0,0.0,0.0,0.0,0.0,0.0,0.0,0.0,0.0,0.0,0.0,0.0,0.0,0.0,-1.0,-1.0,-1.0,-1.0,500.0,0.0,257.6,3.373096170846263,1.0,0.0,1.0,0.0,1.0,0.0,0.0,0.0,0.0,0.0,0.0,0.0,1.0,0.0
meta.AccuracyWeightedEnsemble -l (trees.HoeffdingTree -e 2000000 -g 100 -c 0.01) -n 10.0,ArffFileStream -f ./../../../Dataset/benchmarks/magic.arff,1,13500.0,1.40625,1.444565390961038E-8,13500.0,0.0,0.0,0.5,0.0,0.0,0.0,0.0,0.0,1.0,13500.0,69088.0,0.0,0.0,0.0,0.0,0.0,0.0,0.0,0.0,0.0,0.0,0.0,0.0,0.0,0.0,0.0,0.0,0.0,0.0,0.0,0.0,0.0,0.0,0.0,0.0,0.0,0.0,0.0,-1.0,-1.0,-1.0,500.0,0.0,258.40000000000003,3.8643671323171898,1.0,0.0,1.0,0.0,1.0,0.0,0.0,0.0,0.0,0.0,0.0,0.0,1.0,0.0
meta.AccuracyWeightedEnsemble -l (trees.HoeffdingTree -e 2000000 -g 100 -c 0.01) -n 10.0,ArffFileStream -f ./../../../Dataset/benchmarks/magic.arff,1,14000.0,1.515625,1.646956661716104E-8,14000.0,0.0,0.0,0.5,0.0,0.0,0.0,0.0,0.0,1.0,14000.0,71528.0,0.0,0.0,0.0,0.0,0.0,0.0,0.0,0.0,0.0,0.0,0.0,0.0,0.0,0.0,0.0,0.0,0.0,0.0,0.0,0.0,0.0,0.0,0.0,0.0,0.0,0.0,0.0,0.0,-1.0,-1.0,500.0,0.0,259.2,4.131182235954568,1.0,0.0,1.0,0.0,1.0,0.0,0.0,0.0,0.0,0.0,0.0,0.0,1.0,0.0
meta.AccuracyWeightedEnsemble -l (trees.HoeffdingTree -e 2000000 -g 100 -c 0.01) -n 10.0,ArffFileStream -f ./../../../Dataset/benchmarks/magic.arff,1,14500.0,1.578125,1.7665798724111588E-8,14500.0,0.0,0.0,0.5,0.0,0.0,0.0,0.0,0.0,1.0,14500.0,73984.0,0.0,0.0,0.0,0.0,0.0,0.0,0.0,0.0,0.0,0.0,0.0,0.0,0.0,0.0,0.0,0.0,0.0,0.0,0.0,0.0,0.0,0.0,0.0,0.0,0.0,0.0,0.0,0.0,0.0,-1.0,500.0,0.0,260.0,4.216370213557845,1.0,0.0,1.0,0.0,1.0,0.0,0.0,0.0,0.0,0.0,0.0,0.0,1.0,0.0
meta.AccuracyWeightedEnsemble -l (trees.HoeffdingTree -e 2000000 -g 100 -c 0.01) -n 10.0,ArffFileStream -f ./../../../Dataset/benchmarks/magic.arff,1,15000.0,1.609375,1.8283640707118647E-8,15000.0,0.0,0.0,0.5,0.0,0.0,0.0,0.0,0.0,1.0,15000.0,76424.0,0.0,0.0,0.0,0.0,0.0,0.0,0.0,0.0,0.0,0.0,0.0,0.0,0.0,0.0,0.0,0.0,0.0,0.0,0.0,0.0,0.0,0.0,0.0,0.0,0.0,0.0,0.0,0.0,0.0,0.0,500.0,0.0,260.79999999999995,4.131182235954568,1.0,0.0,1.0,0.0,1.0,0.0,0.0,0.0,0.0,0.0,0.0,0.0,1.0,0.0
meta.AccuracyWeightedEnsemble -l (trees.HoeffdingTree -e 2000000 -g 100 -c 0.01) -n 10.0,ArffFileStream -f ./../../../Dataset/benchmarks/magic.arff,1,15500.0,1.65625,1.9210403681629238E-8,15500.0,0.0,0.0,0.5,0.0,0.0,0.0,0.0,0.0,1.0,15500.0,76424.0,0.0,0.0,0.0,0.0,0.0,0.0,0.0,0.0,0.0,0.0,0.0,0.0,0.0,0.0,0.0,0.0,0.0,0.0,0.0,0.0,0.0,0.0,0.0,0.0,0.0,0.0,0.0,0.0,0.0,0.0,500.0,0.0,260.79999999999995,4.131182235954568,1.0,0.0,1.0,0.0,1.0,0.0,0.0,0.0,0.0,0.0,0.0,0.0,1.0,0.0
meta.AccuracyWeightedEnsemble -l (trees.HoeffdingTree -e 2000000 -g 100 -c 0.01) -n 10.0,ArffFileStream -f ./../../../Dataset/benchmarks/magic.arff,1,16000.0,1.6875,1.98282456646363E-8,16000.0,0.0,0.0,0.5,0.0,0.0,0.0,0.0,0.0,1.0,16000.0,76424.0,0.0,0.0,0.0,0.0,0.0,0.0,0.0,0.0,0.0,0.0,0.0,0.0,0.0,0.0,0.0,0.0,0.0,0.0,0.0,0.0,0.0,0.0,0.0,0.0,0.0,0.0,0.0,0.0,0.0,0.0,500.0,0.0,260.79999999999995,4.131182235954568,1.0,0.0,1.0,0.0,1.0,0.0,0.0,0.0,0.0,0.0,0.0,0.0,1.0,0.0
meta.AccuracyWeightedEnsemble -l (trees.HoeffdingTree -e 2000000 -g 100 -c 0.01) -n 10.0,ArffFileStream -f ./../../../Dataset/benchmarks/magic.arff,1,16500.0,1.71875,2.0446087647643358E-8,16500.0,0.0,0.0,0.5,0.0,0.0,0.0,0.0,0.0,1.0,16500.0,76424.0,0.0,0.0,0.0,0.0,0.0,0.0,0.0,0.0,0.0,0.0,0.0,0.0,0.0,0.0,0.0,0.0,0.0,0.0,0.0,0.0,0.0,0.0,0.0,0.0,0.0,0.0,0.0,0.0,0.0,0.0,500.0,0.0,260.79999999999995,4.131182235954568,1.0,0.0,1.0,0.0,1.0,0.0,0.0,0.0,0.0,0.0,0.0,0.0,1.0,0.0
meta.AccuracyWeightedEnsemble -l (trees.HoeffdingTree -e 2000000 -g 100 -c 0.01) -n 10.0,ArffFileStream -f ./../../../Dataset/benchmarks/magic.arff,1,17000.0,1.75,2.1063929630650417E-8,17000.0,0.0,0.0,0.5,0.0,0.0,0.0,0.0,0.0,1.0,17000.0,76424.0,0.0,0.0,0.0,0.0,0.0,0.0,0.0,0.0,0.0,0.0,0.0,0.0,0.0,0.0,0.0,0.0,0.0,0.0,0.0,0.0,0.0,0.0,0.0,0.0,0.0,0.0,0.0,0.0,0.0,0.0,500.0,0.0,260.79999999999995,4.131182235954568,1.0,0.0,1.0,0.0,1.0,0.0,0.0,0.0,0.0,0.0,0.0,0.0,1.0,0.0
meta.AccuracyWeightedEnsemble -l (trees.HoeffdingTree -e 2000000 -g 100 -c 0.01) -n 10.0,ArffFileStream -f ./../../../Dataset/benchmarks/magic.arff,1,17500.0,1.78125,2.1681771613657475E-8,17500.0,0.0,0.0,0.5,0.0,0.0,0.0,0.0,0.0,1.0,17500.0,76424.0,0.0,0.0,0.0,0.0,0.0,0.0,0.0,0.0,0.0,0.0,0.0,0.0,0.0,0.0,0.0,0.0,0.0,0.0,0.0,0.0,0.0,0.0,0.0,0.0,0.0,0.0,0.0,0.0,0.0,0.0,500.0,0.0,260.79999999999995,4.131182235954568,1.0,0.0,1.0,0.0,1.0,0.0,0.0,0.0,0.0,0.0,0.0,0.0,1.0,0.0
meta.AccuracyWeightedEnsemble -l (trees.HoeffdingTree -e 2000000 -g 100 -c 0.01) -n 10.0,ArffFileStream -f ./../../../Dataset/benchmarks/magic.arff,1,18000.0,1.8125,2.2299613596664534E-8,18000.0,0.0,0.0,0.5,0.0,0.0,0.0,0.0,0.0,1.0,18000.0,76424.0,0.0,0.0,0.0,0.0,0.0,0.0,0.0,0.0,0.0,0.0,0.0,0.0,0.0,0.0,0.0,0.0,0.0,0.0,0.0,0.0,0.0,0.0,0.0,0.0,0.0,0.0,0.0,0.0,0.0,0.0,500.0,0.0,260.79999999999995,4.131182235954568,1.0,0.0,1.0,0.0,1.0,0.0,0.0,0.0,0.0,0.0,0.0,0.0,1.0,0.0
meta.AccuracyWeightedEnsemble -l (trees.HoeffdingTree -e 2000000 -g 100 -c 0.01) -n 10.0,ArffFileStream -f ./../../../Dataset/benchmarks/magic.arff,1,18500.0,1.84375,2.2917455579671592E-8,18500.0,0.0,0.0,0.5,0.0,0.0,0.0,0.0,0.0,1.0,18500.0,76424.0,0.0,0.0,0.0,0.0,0.0,0.0,0.0,0.0,0.0,0.0,0.0,0.0,0.0,0.0,0.0,0.0,0.0,0.0,0.0,0.0,0.0,0.0,0.0,0.0,0.0,0.0,0.0,0.0,0.0,0.0,500.0,0.0,260.79999999999995,4.131182235954568,1.0,0.0,1.0,0.0,1.0,0.0,0.0,0.0,0.0,0.0,0.0,0.0,1.0,0.0
meta.AccuracyWeightedEnsemble -l (trees.HoeffdingTree -e 2000000 -g 100 -c 0.01) -n 10.0,ArffFileStream -f ./../../../Dataset/benchmarks/magic.arff,1,19000.0,1.890625,2.3844218554182183E-8,19000.0,0.0,0.0,0.5,0.0,0.0,0.0,0.0,0.0,1.0,19000.0,76424.0,0.0,0.0,0.0,0.0,0.0,0.0,0.0,0.0,0.0,0.0,0.0,0.0,0.0,0.0,0.0,0.0,0.0,0.0,0.0,0.0,0.0,0.0,0.0,0.0,0.0,0.0,0.0,0.0,0.0,0.0,500.0,0.0,260.79999999999995,4.131182235954568,1.0,0.0,1.0,0.0,1.0,0.0,0.0,0.0,0.0,0.0,0.0,0.0,1.0,0.0
meta.AccuracyWeightedEnsemble -l (trees.HoeffdingTree -e 2000000 -g 100 -c 0.01) -n 10.0,ArffFileStream -f ./../../../Dataset/benchmarks/magic.arff,1,19020.0,1.890625,2.3844218554182183E-8,19020.0,0.0,0.0,0.5,0.0,0.0,0.0,0.0,0.0,1.0,19020.0,76760.0,0.0,0.0,0.0,0.0,0.0,0.0,0.0,0.0,0.0,0.0,0.0,0.0,0.0,0.0,0.0,0.0,0.0,0.0,0.0,0.0,0.0,0.0,0.0,0.0,0.0,0.0,0.0,0.0,0.0,0.0,500.0,0.0,260.79999999999995,4.131182235954568,1.0,0.0,1.0,0.0,1.0,0.0,0.0,0.0,0.0,0.0,0.0,0.0,1.0,0.0
