Learner,stream,randomSeed,learning evaluation instances,evaluation time (cpu seconds),model cost (RAM-Hours),classified instances,Accuracy,AvgAccuracy,AUC,Kappa,G-Mean,Precision,Recall,Ratio-Class-0,Ratio-Class-1,model training instances,model serialized size (bytes)
meta.imbalanced.OnlineRUSBoost -l (trees.HoeffdingTree -e 2000000 -g 100 -c 0.01),ArffFileStream -f ./../../../Dataset/benchmarks/adult.arff,1,500.0,0.53125,5.431421515014437E-10,500.0,0.758,0.6717765551513,0.6717765551513,0.338595417176841,0.6516258157445779,0.6669793621013134,0.6717765551513,0.236,0.764,500.0,3952.0
meta.imbalanced.OnlineRUSBoost -l (trees.HoeffdingTree -e 2000000 -g 100 -c 0.01),ArffFileStream -f ./../../../Dataset/benchmarks/adult.arff,1,1000.0,0.96875,9.904356880320442E-10,1000.0,0.752,0.6857707509881423,0.6857707509881423,0.3679660740499103,0.671262158456362,0.6822882999353588,0.6857707509881423,0.264,0.736,1000.0,3952.0
meta.imbalanced.OnlineRUSBoost -l (trees.HoeffdingTree -e 2000000 -g 100 -c 0.01),ArffFileStream -f ./../../../Dataset/benchmarks/adult.arff,1,1500.0,1.21875,1.246031994620959E-9,1500.0,0.776,0.7201153388077477,0.7201153388077477,0.42937496178850193,0.7107982310352925,0.7099384204547718,0.7201153388077477,0.258,0.742,1500.0,3952.0
meta.imbalanced.OnlineRUSBoost -l (trees.HoeffdingTree -e 2000000 -g 100 -c 0.01),ArffFileStream -f ./../../../Dataset/benchmarks/adult.arff,1,2000.0,1.390625,1.4217544554008377E-9,2000.0,0.81,0.718068887634105,0.718068887634105,0.4484440315838365,0.6975960981868616,0.7311799636050187,0.718068887634105,0.23,0.77,2000.0,3952.0
meta.imbalanced.OnlineRUSBoost -l (trees.HoeffdingTree -e 2000000 -g 100 -c 0.01),ArffFileStream -f ./../../../Dataset/benchmarks/adult.arff,1,2500.0,1.65625,1.6933255311515596E-9,2500.0,0.78,0.694331195837004,0.694331195837004,0.4082330916055174,0.6697666821930871,0.7169056275868377,0.694331195837004,0.266,0.734,2500.0,3952.0
meta.imbalanced.OnlineRUSBoost -l (trees.HoeffdingTree -e 2000000 -g 100 -c 0.01),ArffFileStream -f ./../../../Dataset/benchmarks/adult.arff,1,3000.0,1.875,1.9169722994168598E-9,3000.0,0.824,0.7500227252067995,0.7500227252067995,0.5000454504135987,0.7375916558484119,0.7500227252067995,0.7500227252067995,0.228,0.772,3000.0,3952.0
meta.imbalanced.OnlineRUSBoost -l (trees.HoeffdingTree -e 2000000 -g 100 -c 0.01),ArffFileStream -f ./../../../Dataset/benchmarks/adult.arff,1,3500.0,2.0625,2.108669529358546E-9,3500.0,0.804,0.7135948176413169,0.7135948176413168,0.44007678946887285,0.6927485924195212,0.7274187452758881,0.7135948176413169,0.236,0.764,3500.0,3952.0
meta.imbalanced.OnlineRUSBoost -l (trees.HoeffdingTree -e 2000000 -g 100 -c 0.01),ArffFileStream -f ./../../../Dataset/benchmarks/adult.arff,1,4000.0,2.28125,2.332316297623846E-9,4000.0,0.812,0.7301761877035216,0.7301761877035216,0.4759961647378866,0.7121892727353188,0.7471919219991199,0.7301761877035216,0.246,0.754,4000.0,3952.0
meta.imbalanced.OnlineRUSBoost -l (trees.HoeffdingTree -e 2000000 -g 100 -c 0.01),ArffFileStream -f ./../../../Dataset/benchmarks/adult.arff,1,4500.0,2.484375,2.5399882967273392E-9,4500.0,0.812,0.7117811899302902,0.7117811899302902,0.4376510564981215,0.6885800773952951,0.7269163006526216,0.7117811899302902,0.222,0.778,4500.0,3952.0
meta.imbalanced.OnlineRUSBoost -l (trees.HoeffdingTree -e 2000000 -g 100 -c 0.01),ArffFileStream -f ./../../../Dataset/benchmarks/adult.arff,1,5000.0,2.640625,2.699735988345411E-9,5000.0,0.806,0.7354961215255333,0.7354961215255333,0.4901820628179792,0.7190612820498995,0.7571296235029445,0.7354961215255333,0.272,0.728,5000.0,3952.0
meta.imbalanced.OnlineRUSBoost -l (trees.HoeffdingTree -e 2000000 -g 100 -c 0.01),ArffFileStream -f ./../../../Dataset/benchmarks/adult.arff,1,5500.0,2.8125,2.87545844912529E-9,5500.0,0.776,0.7277001190998558,0.7277001190998558,0.43769454764534593,0.7208250773084448,0.7117047110247693,0.7277001190998558,0.258,0.742,5500.0,3952.0
meta.imbalanced.OnlineRUSBoost -l (trees.HoeffdingTree -e 2000000 -g 100 -c 0.01),ArffFileStream -f ./../../../Dataset/benchmarks/adult.arff,1,6000.0,2.96875,3.0352061407433617E-9,6000.0,0.808,0.743954294685885,0.7439542946858849,0.48247978436657685,0.7335273147358705,0.7386666666666666,0.743954294685885,0.242,0.758,6000.0,3952.0
meta.imbalanced.OnlineRUSBoost -l (trees.HoeffdingTree -e 2000000 -g 100 -c 0.01),ArffFileStream -f ./../../../Dataset/benchmarks/adult.arff,1,6500.0,3.171875,3.242878139846855E-9,6500.0,0.784,0.6917206495696158,0.6917206495696158,0.3902989793153283,0.6692775066202864,0.6988678203240059,0.6917206495696158,0.236,0.764,6500.0,3952.0
meta.imbalanced.OnlineRUSBoost -l (trees.HoeffdingTree -e 2000000 -g 100 -c 0.01),ArffFileStream -f ./../../../Dataset/benchmarks/adult.arff,1,7000.0,3.34375,3.4186006006267336E-9,7000.0,0.824,0.7454545454545454,0.7454545454545455,0.4969703898479479,0.731126155013931,0.751684846800528,0.7454545454545454,0.23,0.77,7000.0,3952.0
meta.imbalanced.OnlineRUSBoost -l (trees.HoeffdingTree -e 2000000 -g 100 -c 0.01),ArffFileStream -f ./../../../Dataset/benchmarks/adult.arff,1,7500.0,3.515625,3.5943230614066124E-9,7500.0,0.798,0.707227555053642,0.707227555053642,0.4208715596330275,0.6869600954813445,0.7138694638694638,0.707227555053642,0.23,0.77,7500.0,3952.0
meta.imbalanced.OnlineRUSBoost -l (trees.HoeffdingTree -e 2000000 -g 100 -c 0.01),ArffFileStream -f ./../../../Dataset/benchmarks/adult.arff,1,8000.0,3.6875,3.770045522186492E-9,8000.0,0.798,0.7455413944059865,0.7455413944059865,0.47419932530923325,0.7383551424650943,0.7300016160310279,0.7455413944059865,0.246,0.754,8000.0,3952.0
meta.imbalanced.OnlineRUSBoost -l (trees.HoeffdingTree -e 2000000 -g 100 -c 0.01),ArffFileStream -f ./../../../Dataset/benchmarks/adult.arff,1,8500.0,3.84375,3.929793213804563E-9,8500.0,0.804,0.7347848230201172,0.7347848230201172,0.4745646392725401,0.7214121200160385,0.7399167317200104,0.7347848230201172,0.252,0.748,8500.0,3952.0
meta.imbalanced.OnlineRUSBoost -l (trees.HoeffdingTree -e 2000000 -g 100 -c 0.01),ArffFileStream -f ./../../../Dataset/benchmarks/adult.arff,1,9000.0,4.0,4.089540905422634E-9,9000.0,0.782,0.6930353430353431,0.693035343035343,0.4052815364469664,0.6677918432759912,0.7150350865003822,0.6930353430353431,0.26,0.74,9000.0,3952.0
meta.imbalanced.OnlineRUSBoost -l (trees.HoeffdingTree -e 2000000 -g 100 -c 0.01),ArffFileStream -f ./../../../Dataset/benchmarks/adult.arff,1,9500.0,4.171875,4.265263366202514E-9,9500.0,0.824,0.7349970291146761,0.7349970291146762,0.5016761801214098,0.7127561927997059,0.772785496107991,0.7349970291146761,0.252,0.748,9500.0,3952.0
meta.imbalanced.OnlineRUSBoost -l (trees.HoeffdingTree -e 2000000 -g 100 -c 0.01),ArffFileStream -f ./../../../Dataset/benchmarks/adult.arff,1,10000.0,4.328125,4.425011057820585E-9,10000.0,0.804,0.7035876219728787,0.7035876219728787,0.44301725509809714,0.6723052879587553,0.7492517459261723,0.7035876219728787,0.258,0.742,10000.0,3952.0
meta.imbalanced.OnlineRUSBoost -l (trees.HoeffdingTree -e 2000000 -g 100 -c 0.01),ArffFileStream -f ./../../../Dataset/benchmarks/adult.arff,1,10500.0,4.453125,4.5528092111150425E-9,10500.0,0.808,0.7275951867816092,0.7275951867816092,0.4579456138765923,0.7119635255977719,0.7303881465321335,0.7275951867816092,0.232,0.768,10500.0,3952.0
meta.imbalanced.OnlineRUSBoost -l (trees.HoeffdingTree -e 2000000 -g 100 -c 0.01),ArffFileStream -f ./../../../Dataset/benchmarks/adult.arff,1,11000.0,4.65625,4.760481210218536E-9,11000.0,0.804,0.720979020979021,0.720979020979021,0.43626323055683386,0.7055722272256526,0.7154349604581403,0.720979020979021,0.22,0.78,11000.0,3952.0
meta.imbalanced.OnlineRUSBoost -l (trees.HoeffdingTree -e 2000000 -g 100 -c 0.01),ArffFileStream -f ./../../../Dataset/benchmarks/adult.arff,1,11500.0,4.828125,4.936203670998415E-9,11500.0,0.814,0.7143356643356644,0.7143356643356643,0.44164265129682995,0.6918102330852,0.7281694334847018,0.7143356643356644,0.22,0.78,11500.0,3952.0
meta.imbalanced.OnlineRUSBoost -l (trees.HoeffdingTree -e 2000000 -g 100 -c 0.01),ArffFileStream -f ./../../../Dataset/benchmarks/adult.arff,1,12000.0,4.984375,5.095951362616486E-9,12000.0,0.812,0.755796370967742,0.755796370967742,0.5089845382365232,0.7469696845772387,0.7532224532224532,0.755796370967742,0.256,0.744,12000.0,3952.0
meta.imbalanced.OnlineRUSBoost -l (trees.HoeffdingTree -e 2000000 -g 100 -c 0.01),ArffFileStream -f ./../../../Dataset/benchmarks/adult.arff,1,12500.0,5.15625,5.2716738233963655E-9,12500.0,0.804,0.7387281835811248,0.7387281835811248,0.49102542795412996,0.724727731235297,0.753474605353466,0.7387281835811248,0.272,0.728,12500.0,3952.0
meta.imbalanced.OnlineRUSBoost -l (trees.HoeffdingTree -e 2000000 -g 100 -c 0.01),ArffFileStream -f ./../../../Dataset/benchmarks/adult.arff,1,13000.0,5.34375,5.463371053338052E-9,13000.0,0.804,0.7416666666666667,0.7416666666666667,0.498567335243553,0.7280109889280517,0.7584670231729055,0.7416666666666667,0.28,0.72,13000.0,3952.0
meta.imbalanced.OnlineRUSBoost -l (trees.HoeffdingTree -e 2000000 -g 100 -c 0.01),ArffFileStream -f ./../../../Dataset/benchmarks/adult.arff,1,13500.0,5.484375,5.607143975794316E-9,13500.0,0.82,0.7684041501976284,0.7684041501976285,0.536808300395257,0.7605889516418732,0.7684041501976284,0.7684041501976284,0.264,0.736,13500.0,3952.0
meta.imbalanced.OnlineRUSBoost -l (trees.HoeffdingTree -e 2000000 -g 100 -c 0.01),ArffFileStream -f ./../../../Dataset/benchmarks/adult.arff,1,14000.0,5.640625,5.7668916674123875E-9,14000.0,0.792,0.7125878702159549,0.7125878702159548,0.4365098285689517,0.694067235986483,0.7247327665082235,0.7125878702159549,0.254,0.746,14000.0,3952.0
meta.imbalanced.OnlineRUSBoost -l (trees.HoeffdingTree -e 2000000 -g 100 -c 0.01),ArffFileStream -f ./../../../Dataset/benchmarks/adult.arff,1,14500.0,5.796875,5.926639359030459E-9,14500.0,0.808,0.7281064292876183,0.7281064292876183,0.43734614933770954,0.7153162840463699,0.7106719367588933,0.7281064292876183,0.206,0.794,14500.0,3952.0
meta.imbalanced.OnlineRUSBoost -l (trees.HoeffdingTree -e 2000000 -g 100 -c 0.01),ArffFileStream -f ./../../../Dataset/benchmarks/adult.arff,1,15000.0,5.9375,6.070412281486723E-9,15000.0,0.828,0.739136091595108,0.7391360915951081,0.5063825879327762,0.7184694026830406,0.7716523795447827,0.739136091595108,0.244,0.756,15000.0,3952.0
meta.imbalanced.OnlineRUSBoost -l (trees.HoeffdingTree -e 2000000 -g 100 -c 0.01),ArffFileStream -f ./../../../Dataset/benchmarks/adult.arff,1,15500.0,6.125,6.2621095114284095E-9,15500.0,0.806,0.7166787975032533,0.7166787975032531,0.4475830333955989,0.6961119029786036,0.7320483749055178,0.7166787975032533,0.238,0.762,15500.0,3952.0
meta.imbalanced.OnlineRUSBoost -l (trees.HoeffdingTree -e 2000000 -g 100 -c 0.01),ArffFileStream -f ./../../../Dataset/benchmarks/adult.arff,1,16000.0,6.28125,6.421857203046481E-9,16000.0,0.83,0.7464396019217571,0.746439601921757,0.5195568618584671,0.7277941211447237,0.7770343580470163,0.7464396019217571,0.248,0.752,16000.0,3952.0
meta.imbalanced.OnlineRUSBoost -l (trees.HoeffdingTree -e 2000000 -g 100 -c 0.01),ArffFileStream -f ./../../../Dataset/benchmarks/adult.arff,1,16500.0,6.453125,6.59757966382636E-9,16500.0,0.788,0.7311009639776763,0.7311009639776763,0.4622019279553526,0.7205612559609941,0.7311009639776763,0.7311009639776763,0.27,0.73,16500.0,3952.0
meta.imbalanced.OnlineRUSBoost -l (trees.HoeffdingTree -e 2000000 -g 100 -c 0.01),ArffFileStream -f ./../../../Dataset/benchmarks/adult.arff,1,17000.0,6.625,6.773302124606239E-9,17000.0,0.778,0.7192460317460317,0.7192460317460319,0.44332998996990974,0.7067419097408382,0.7242516489091831,0.7192460317460317,0.28,0.72,17000.0,3952.0
meta.imbalanced.OnlineRUSBoost -l (trees.HoeffdingTree -e 2000000 -g 100 -c 0.01),ArffFileStream -f ./../../../Dataset/benchmarks/adult.arff,1,17500.0,6.78125,6.933049816224311E-9,17500.0,0.798,0.7036266914356886,0.7036266914356885,0.4331193031296305,0.6769765656815163,0.7342171717171717,0.7036266914356886,0.254,0.746,17500.0,3952.0
meta.imbalanced.OnlineRUSBoost -l (trees.HoeffdingTree -e 2000000 -g 100 -c 0.01),ArffFileStream -f ./../../../Dataset/benchmarks/adult.arff,1,18000.0,6.90625,7.060847969518768E-9,18000.0,0.828,0.7522957083447679,0.7522957083447679,0.5264630090522653,0.7363916746449649,0.7767896431135506,0.7522957083447679,0.254,0.746,18000.0,3952.0
meta.imbalanced.OnlineRUSBoost -l (trees.HoeffdingTree -e 2000000 -g 100 -c 0.01),ArffFileStream -f ./../../../Dataset/benchmarks/adult.arff,1,18500.0,7.078125,7.236570430298647E-9,18500.0,0.784,0.7457322551662174,0.7457322551662173,0.46556877338136615,0.7415289806275357,0.7231636273933092,0.7457322551662174,0.258,0.742,18500.0,3952.0
meta.imbalanced.OnlineRUSBoost -l (trees.HoeffdingTree -e 2000000 -g 100 -c 0.01),ArffFileStream -f ./../../../Dataset/benchmarks/adult.arff,1,19000.0,7.234375,7.396318121916719E-9,19000.0,0.806,0.663999106677585,0.663999106677585,0.35278103982064696,0.6197811213870204,0.6928171315205975,0.663999106677585,0.202,0.798,19000.0,3952.0
meta.imbalanced.OnlineRUSBoost -l (trees.HoeffdingTree -e 2000000 -g 100 -c 0.01),ArffFileStream -f ./../../../Dataset/benchmarks/adult.arff,1,19500.0,7.359375,7.524116275211176E-9,19500.0,0.85,0.7707961972667856,0.7707961972667855,0.5764817491868449,0.7540739028638985,0.8120735614193832,0.7707961972667856,0.252,0.748,19500.0,3952.0
meta.imbalanced.OnlineRUSBoost -l (trees.HoeffdingTree -e 2000000 -g 100 -c 0.01),ArffFileStream -f ./../../../Dataset/benchmarks/adult.arff,1,20000.0,7.515625,7.683863966829248E-9,20000.0,0.786,0.7063743994509266,0.7063743994509265,0.4184024003130843,0.6884800682609392,0.7122234720659917,0.7063743994509266,0.248,0.752,20000.0,3952.0
meta.imbalanced.OnlineRUSBoost -l (trees.HoeffdingTree -e 2000000 -g 100 -c 0.01),ArffFileStream -f ./../../../Dataset/benchmarks/adult.arff,1,20500.0,7.671875,7.843611658447319E-9,20500.0,0.806,0.7352744520361897,0.7352744520361897,0.4815052384006842,0.7206076404004456,0.7469298245614036,0.7352744520361897,0.258,0.742,20500.0,3952.0
meta.imbalanced.OnlineRUSBoost -l (trees.HoeffdingTree -e 2000000 -g 100 -c 0.01),ArffFileStream -f ./../../../Dataset/benchmarks/adult.arff,1,21000.0,7.796875,7.971409811741776E-9,21000.0,0.814,0.752351583991481,0.752351583991481,0.4945652173913043,0.7432364297124311,0.7426666666666666,0.752351583991481,0.236,0.764,21000.0,3952.0
meta.imbalanced.OnlineRUSBoost -l (trees.HoeffdingTree -e 2000000 -g 100 -c 0.01),ArffFileStream -f ./../../../Dataset/benchmarks/adult.arff,1,21500.0,7.9375,8.115182734198041E-9,21500.0,0.8,0.7329583133246438,0.7329583133246438,0.4490358126721763,0.7226763426648981,0.7173333333333334,0.7329583133246438,0.226,0.774,21500.0,3952.0
meta.imbalanced.OnlineRUSBoost -l (trees.HoeffdingTree -e 2000000 -g 100 -c 0.01),ArffFileStream -f ./../../../Dataset/benchmarks/adult.arff,1,22000.0,8.078125,8.258955656654305E-9,22000.0,0.794,0.7307316866140395,0.7307316866140396,0.45784908202796026,0.7195123267090172,0.7271881986669174,0.7307316866140395,0.252,0.748,22000.0,3952.0
meta.imbalanced.OnlineRUSBoost -l (trees.HoeffdingTree -e 2000000 -g 100 -c 0.01),ArffFileStream -f ./../../../Dataset/benchmarks/adult.arff,1,22500.0,8.21875,8.40272857911057E-9,22500.0,0.816,0.7185198331706452,0.718519833170645,0.4613583138173302,0.6943958827835885,0.7462500000000001,0.7185198331706452,0.236,0.764,22500.0,3952.0
meta.imbalanced.OnlineRUSBoost -l (trees.HoeffdingTree -e 2000000 -g 100 -c 0.01),ArffFileStream -f ./../../../Dataset/benchmarks/adult.arff,1,23000.0,8.328125,8.51455196324322E-9,23000.0,0.836,0.753081338181153,0.753081338181153,0.5191743872405301,0.7377237654256296,0.7668474984930681,0.753081338181153,0.226,0.774,23000.0,3952.0
meta.imbalanced.OnlineRUSBoost -l (trees.HoeffdingTree -e 2000000 -g 100 -c 0.01),ArffFileStream -f ./../../../Dataset/benchmarks/adult.arff,1,23500.0,8.46875,8.658324885699485E-9,23500.0,0.81,0.7501984126984127,0.7501984126984127,0.5150091892995712,0.7377841126138437,0.7661966181841211,0.7501984126984127,0.28,0.72,23500.0,3952.0
meta.imbalanced.OnlineRUSBoost -l (trees.HoeffdingTree -e 2000000 -g 100 -c 0.01),ArffFileStream -f ./../../../Dataset/benchmarks/adult.arff,1,24000.0,8.609375,8.802097808155749E-9,24000.0,0.834,0.761727078891258,0.761727078891258,0.4984530600406072,0.7523948969945597,0.7387966372542207,0.761727078891258,0.196,0.804,24000.0,3952.0
meta.imbalanced.OnlineRUSBoost -l (trees.HoeffdingTree -e 2000000 -g 100 -c 0.01),ArffFileStream -f ./../../../Dataset/benchmarks/adult.arff,1,24500.0,8.734375,8.929895961450207E-9,24500.0,0.81,0.7300069390233325,0.7300069390233325,0.47179966195178363,0.7130920723036197,0.7425510507420365,0.7300069390233325,0.244,0.756,24500.0,3952.0
meta.imbalanced.OnlineRUSBoost -l (trees.HoeffdingTree -e 2000000 -g 100 -c 0.01),ArffFileStream -f ./../../../Dataset/benchmarks/adult.arff,1,25000.0,8.890625,9.089643653068278E-9,25000.0,0.796,0.708359215547076,0.708359215547076,0.42417125824225455,0.6886372884997259,0.7161266568483063,0.708359215547076,0.236,0.764,25000.0,3952.0
meta.imbalanced.OnlineRUSBoost -l (trees.HoeffdingTree -e 2000000 -g 100 -c 0.01),ArffFileStream -f ./../../../Dataset/benchmarks/adult.arff,1,25500.0,9.03125,9.233416575524542E-9,25500.0,0.798,0.7375,0.7375,0.48668428542386666,0.724568837309472,0.7501096972356297,0.7375,0.28,0.72,25500.0,3952.0
meta.imbalanced.OnlineRUSBoost -l (trees.HoeffdingTree -e 2000000 -g 100 -c 0.01),ArffFileStream -f ./../../../Dataset/benchmarks/adult.arff,1,26000.0,9.171875,9.377189497980807E-9,26000.0,0.82,0.760537285780454,0.7605372857804539,0.5121951219512195,0.7520236709488862,0.752,0.760537285780454,0.238,0.762,26000.0,3952.0
meta.imbalanced.OnlineRUSBoost -l (trees.HoeffdingTree -e 2000000 -g 100 -c 0.01),ArffFileStream -f ./../../../Dataset/benchmarks/adult.arff,1,26500.0,9.328125,9.536937189598878E-9,26500.0,0.806,0.7443181818181819,0.7443181818181819,0.49464427124578003,0.7327563156887958,0.7505330265352219,0.7443181818181819,0.264,0.736,26500.0,3952.0
meta.imbalanced.OnlineRUSBoost -l (trees.HoeffdingTree -e 2000000 -g 100 -c 0.01),ArffFileStream -f ./../../../Dataset/benchmarks/adult.arff,1,27000.0,9.46875,9.680710112055143E-9,27000.0,0.808,0.7247848871061655,0.7247848871061655,0.46484714696635226,0.7060309152094869,0.7414020704509137,0.7247848871061655,0.246,0.754,27000.0,3952.0
meta.imbalanced.OnlineRUSBoost -l (trees.HoeffdingTree -e 2000000 -g 100 -c 0.01),ArffFileStream -f ./../../../Dataset/benchmarks/adult.arff,1,27500.0,9.625,9.840457803673214E-9,27500.0,0.824,0.7574043190981825,0.7574043190981824,0.5257291913682712,0.7452112216244637,0.7689406471249918,0.7574043190981825,0.254,0.746,27500.0,3952.0
meta.imbalanced.OnlineRUSBoost -l (trees.HoeffdingTree -e 2000000 -g 100 -c 0.01),ArffFileStream -f ./../../../Dataset/benchmarks/adult.arff,1,28000.0,9.75,9.968255956967672E-9,28000.0,0.83,0.7634388807069219,0.7634388807069219,0.5186426856340325,0.753856066548625,0.7554729865434826,0.7634388807069219,0.224,0.776,28000.0,3952.0
meta.imbalanced.OnlineRUSBoost -l (trees.HoeffdingTree -e 2000000 -g 100 -c 0.01),ArffFileStream -f ./../../../Dataset/benchmarks/adult.arff,1,28500.0,9.90625,1.0128003648585743E-8,28500.0,0.83,0.7569594109195402,0.7569594109195402,0.5185990666485434,0.7445925754721677,0.7617365255768219,0.7569594109195402,0.232,0.768,28500.0,3952.0
meta.imbalanced.OnlineRUSBoost -l (trees.HoeffdingTree -e 2000000 -g 100 -c 0.01),ArffFileStream -f ./../../../Dataset/benchmarks/adult.arff,1,29000.0,10.09375,1.0319700878527428E-8,29000.0,0.804,0.7289372808090694,0.7289372808090694,0.4782349433512224,0.7107594691020274,0.7520653735632183,0.7289372808090694,0.268,0.732,29000.0,3952.0
meta.imbalanced.OnlineRUSBoost -l (trees.HoeffdingTree -e 2000000 -g 100 -c 0.01),ArffFileStream -f ./../../../Dataset/benchmarks/adult.arff,1,29500.0,10.234375,1.0463473800983693E-8,29500.0,0.796,0.726390699021494,0.7263906990214941,0.46187773017916306,0.7115180159394074,0.7359987923486662,0.726390699021494,0.262,0.738,29500.0,3952.0
meta.imbalanced.OnlineRUSBoost -l (trees.HoeffdingTree -e 2000000 -g 100 -c 0.01),ArffFileStream -f ./../../../Dataset/benchmarks/adult.arff,1,30000.0,10.390625,1.0623221492601764E-8,30000.0,0.824,0.7413333333333333,0.7413333333333334,0.5070028011204482,0.7226617466007177,0.7690185726855485,0.7413333333333333,0.25,0.75,30000.0,3952.0
meta.imbalanced.OnlineRUSBoost -l (trees.HoeffdingTree -e 2000000 -g 100 -c 0.01),ArffFileStream -f ./../../../Dataset/benchmarks/adult.arff,1,30500.0,10.515625,1.0751019645896222E-8,30500.0,0.798,0.6975524475524475,0.6975524475524475,0.40165876777251186,0.6740961314275542,0.7043399638336347,0.6975524475524475,0.22,0.78,30500.0,3952.0
meta.imbalanced.OnlineRUSBoost -l (trees.HoeffdingTree -e 2000000 -g 100 -c 0.01),ArffFileStream -f ./../../../Dataset/benchmarks/adult.arff,1,31000.0,10.65625,1.0894792568352486E-8,31000.0,0.82,0.7520200387847447,0.7520200387847447,0.5258366349152828,0.737095401929035,0.7767769988463928,0.7520200387847447,0.272,0.728,31000.0,3952.0
meta.imbalanced.OnlineRUSBoost -l (trees.HoeffdingTree -e 2000000 -g 100 -c 0.01),ArffFileStream -f ./../../../Dataset/benchmarks/adult.arff,1,31500.0,10.8125,1.1054540259970557E-8,31500.0,0.81,0.7087363563758984,0.7087363563758985,0.4420691599323435,0.6822938452710109,0.7370084888788131,0.7087363563758984,0.236,0.764,31500.0,3952.0
meta.imbalanced.OnlineRUSBoost -l (trees.HoeffdingTree -e 2000000 -g 100 -c 0.01),ArffFileStream -f ./../../../Dataset/benchmarks/adult.arff,1,32000.0,10.921875,1.1166363644103208E-8,32000.0,0.822,0.7573352779684283,0.7573352779684283,0.5188773083077456,0.7463880079014218,0.7616280337556423,0.7573352779684283,0.248,0.752,32000.0,3952.0
meta.imbalanced.OnlineRUSBoost -l (trees.HoeffdingTree -e 2000000 -g 100 -c 0.01),ArffFileStream -f ./../../../Dataset/benchmarks/adult.arff,1,32500.0,11.0625,1.1310136566559472E-8,32500.0,0.808,0.7125538793103448,0.7125538793103448,0.44102850754611517,0.6899447129274575,0.7298951048951049,0.7125538793103448,0.232,0.768,32500.0,3952.0
meta.imbalanced.OnlineRUSBoost -l (trees.HoeffdingTree -e 2000000 -g 100 -c 0.01),ArffFileStream -f ./../../../Dataset/benchmarks/adult.arff,1,33000.0,11.1875,1.143793471985393E-8,33000.0,0.822,0.7403508771929825,0.7403508771929825,0.4962644328729907,0.7235087506593834,0.7571622985053614,0.7403508771929825,0.24,0.76,33000.0,3952.0
meta.imbalanced.OnlineRUSBoost -l (trees.HoeffdingTree -e 2000000 -g 100 -c 0.01),ArffFileStream -f ./../../../Dataset/benchmarks/adult.arff,1,33500.0,11.34375,1.1597682411472001E-8,33500.0,0.818,0.7432558345904694,0.7432558345904694,0.49082363473589974,0.7296504243604988,0.747656691134952,0.7432558345904694,0.236,0.764,33500.0,3952.0
meta.imbalanced.OnlineRUSBoost -l (trees.HoeffdingTree -e 2000000 -g 100 -c 0.01),ArffFileStream -f ./../../../Dataset/benchmarks/adult.arff,1,34000.0,11.46875,1.1725480564766459E-8,34000.0,0.79,0.7179519489247312,0.7179519489247312,0.4415606518316811,0.702607709953443,0.7238036703974466,0.7179519489247312,0.256,0.744,34000.0,3952.0
meta.imbalanced.OnlineRUSBoost -l (trees.HoeffdingTree -e 2000000 -g 100 -c 0.01),ArffFileStream -f ./../../../Dataset/benchmarks/adult.arff,1,34500.0,11.609375,1.1869253487222723E-8,34500.0,0.818,0.7418888815368667,0.7418888815368667,0.49086921493151914,0.7275310882520944,0.749227342968821,0.7418888815368667,0.238,0.762,34500.0,3952.0
meta.imbalanced.OnlineRUSBoost -l (trees.HoeffdingTree -e 2000000 -g 100 -c 0.01),ArffFileStream -f ./../../../Dataset/benchmarks/adult.arff,1,35000.0,11.78125,1.2044975948002601E-8,35000.0,0.758,0.6879109609700187,0.6879109609700188,0.38189619942787084,0.6702063637017416,0.6942827442827443,0.6879109609700187,0.274,0.726,35000.0,3952.0
meta.imbalanced.OnlineRUSBoost -l (trees.HoeffdingTree -e 2000000 -g 100 -c 0.01),ArffFileStream -f ./../../../Dataset/benchmarks/adult.arff,1,35500.0,11.90625,1.2172774101297059E-8,35500.0,0.84,0.755529308228537,0.755529308228537,0.5245679511255854,0.7400966935924719,0.7698271013181385,0.755529308228537,0.222,0.778,35500.0,3952.0
meta.imbalanced.OnlineRUSBoost -l (trees.HoeffdingTree -e 2000000 -g 100 -c 0.01),ArffFileStream -f ./../../../Dataset/benchmarks/adult.arff,1,36000.0,12.046875,1.2316547023753323E-8,36000.0,0.786,0.7071813065818449,0.7071813065818449,0.43172161794697483,0.6864767336536688,0.7267523599116288,0.7071813065818449,0.268,0.732,36000.0,3952.0
meta.imbalanced.OnlineRUSBoost -l (trees.HoeffdingTree -e 2000000 -g 100 -c 0.01),ArffFileStream -f ./../../../Dataset/benchmarks/adult.arff,1,36500.0,12.1875,1.2460319946209588E-8,36500.0,0.822,0.748742816091954,0.748742816091954,0.4989867147038955,0.7361630683608019,0.7502540937323545,0.748742816091954,0.232,0.768,36500.0,3952.0
meta.imbalanced.OnlineRUSBoost -l (trees.HoeffdingTree -e 2000000 -g 100 -c 0.01),ArffFileStream -f ./../../../Dataset/benchmarks/adult.arff,1,37000.0,12.3125,1.2588118099504045E-8,37000.0,0.818,0.7467744673627026,0.7467744673627027,0.5055207789949574,0.7328377611108803,0.7595121733502934,0.7467744673627026,0.252,0.748,37000.0,3952.0
meta.imbalanced.OnlineRUSBoost -l (trees.HoeffdingTree -e 2000000 -g 100 -c 0.01),ArffFileStream -f ./../../../Dataset/benchmarks/adult.arff,1,37500.0,12.453125,1.273189102196031E-8,37500.0,0.81,0.761286855036855,0.761286855036855,0.5340761957076157,0.7518660242540013,0.7737125736462167,0.761286855036855,0.296,0.704,37500.0,3952.0
meta.imbalanced.OnlineRUSBoost -l (trees.HoeffdingTree -e 2000000 -g 100 -c 0.01),ArffFileStream -f ./../../../Dataset/benchmarks/adult.arff,1,38000.0,12.578125,1.2859689175254767E-8,38000.0,0.83,0.7897589028975891,0.7897589028975891,0.5755941681645697,0.7847247709598122,0.7859126984126984,0.7897589028975891,0.274,0.726,38000.0,3952.0
meta.imbalanced.OnlineRUSBoost -l (trees.HoeffdingTree -e 2000000 -g 100 -c 0.01),ArffFileStream -f ./../../../Dataset/benchmarks/adult.arff,1,38500.0,12.71875,1.3003462097711032E-8,38500.0,0.802,0.7278481012658228,0.7278481012658229,0.4329896907216495,0.7165317309924155,0.7072368421052632,0.7278481012658228,0.21,0.79,38500.0,3952.0
meta.imbalanced.OnlineRUSBoost -l (trees.HoeffdingTree -e 2000000 -g 100 -c 0.01),ArffFileStream -f ./../../../Dataset/benchmarks/adult.arff,1,39000.0,12.859375,1.3147235020167296E-8,39000.0,0.816,0.7296494355317884,0.7296494355317885,0.4848131887823672,0.7085757685150393,0.7591226893975673,0.7296494355317884,0.252,0.748,39000.0,3952.0
meta.imbalanced.OnlineRUSBoost -l (trees.HoeffdingTree -e 2000000 -g 100 -c 0.01),ArffFileStream -f ./../../../Dataset/benchmarks/adult.arff,1,39500.0,13.0,1.329100794262356E-8,39500.0,0.814,0.7520397479207412,0.7520397479207412,0.523233400319895,0.738490582168386,0.7736358956760467,0.7520397479207412,0.282,0.718,39500.0,3952.0
meta.imbalanced.OnlineRUSBoost -l (trees.HoeffdingTree -e 2000000 -g 100 -c 0.01),ArffFileStream -f ./../../../Dataset/benchmarks/adult.arff,1,40000.0,13.140625,1.3434780865079825E-8,40000.0,0.798,0.709051724137931,0.709051724137931,0.4244883074258103,0.6893587725135435,0.7156603904675884,0.709051724137931,0.232,0.768,40000.0,3952.0
meta.imbalanced.OnlineRUSBoost -l (trees.HoeffdingTree -e 2000000 -g 100 -c 0.01),ArffFileStream -f ./../../../Dataset/benchmarks/adult.arff,1,40500.0,13.265625,1.3562579018374282E-8,40500.0,0.844,0.7773388773388773,0.7773388773388773,0.577739281074058,0.7648325404745897,0.8031542587037542,0.7773388773388773,0.26,0.74,40500.0,3952.0
meta.imbalanced.OnlineRUSBoost -l (trees.HoeffdingTree -e 2000000 -g 100 -c 0.01),ArffFileStream -f ./../../../Dataset/benchmarks/adult.arff,1,41000.0,13.390625,1.369037717166874E-8,41000.0,0.85,0.7673245614035087,0.7673245614035088,0.5652677950382564,0.7506722133726708,0.8024888955060919,0.7673245614035087,0.24,0.76,41000.0,3952.0
meta.imbalanced.OnlineRUSBoost -l (trees.HoeffdingTree -e 2000000 -g 100 -c 0.01),ArffFileStream -f ./../../../Dataset/benchmarks/adult.arff,1,41500.0,13.515625,1.3818175324963197E-8,41500.0,0.836,0.7524122807017544,0.7524122807017545,0.5289522058823529,0.7350408748629549,0.779477466977467,0.7524122807017544,0.24,0.76,41500.0,3952.0
meta.imbalanced.OnlineRUSBoost -l (trees.HoeffdingTree -e 2000000 -g 100 -c 0.01),ArffFileStream -f ./../../../Dataset/benchmarks/adult.arff,1,42000.0,13.671875,1.3977923016581269E-8,42000.0,0.796,0.7364466126367142,0.7364466126367141,0.48526443278159065,0.7234290530351654,0.7498960498960499,0.7364466126367142,0.284,0.716,42000.0,3952.0
meta.imbalanced.OnlineRUSBoost -l (trees.HoeffdingTree -e 2000000 -g 100 -c 0.01),ArffFileStream -f ./../../../Dataset/benchmarks/adult.arff,1,42500.0,13.8125,1.4121695939037533E-8,42500.0,0.846,0.7864506627393226,0.7864506627393225,0.5639469034567118,0.7790165054467514,0.7777889357523822,0.7864506627393226,0.224,0.776,42500.0,3952.0
meta.imbalanced.OnlineRUSBoost -l (trees.HoeffdingTree -e 2000000 -g 100 -c 0.01),ArffFileStream -f ./../../../Dataset/benchmarks/adult.arff,1,43000.0,13.96875,1.4281443630655604E-8,43000.0,0.798,0.7222988361645668,0.7222988361645668,0.45731602475928473,0.7051612194607495,0.7360236045789333,0.7222988361645668,0.258,0.742,43000.0,3952.0
meta.imbalanced.OnlineRUSBoost -l (trees.HoeffdingTree -e 2000000 -g 100 -c 0.01),ArffFileStream -f ./../../../Dataset/benchmarks/adult.arff,1,43500.0,14.09375,1.4409241783950062E-8,43500.0,0.812,0.7211745689655172,0.7211745689655172,0.4560688825108786,0.7009845293191767,0.7358969447370942,0.7211745689655172,0.232,0.768,43500.0,3952.0
meta.imbalanced.OnlineRUSBoost -l (trees.HoeffdingTree -e 2000000 -g 100 -c 0.01),ArffFileStream -f ./../../../Dataset/benchmarks/adult.arff,1,44000.0,14.21875,1.453703993724452E-8,44000.0,0.786,0.7175943947061113,0.7175943947061113,0.44261543590598434,0.7025505443875403,0.7253840930311518,0.7175943947061113,0.266,0.734,44000.0,3952.0
meta.imbalanced.OnlineRUSBoost -l (trees.HoeffdingTree -e 2000000 -g 100 -c 0.01),ArffFileStream -f ./../../../Dataset/benchmarks/adult.arff,1,44500.0,14.359375,1.4680812859700784E-8,44500.0,0.804,0.7572973381730188,0.7572973381730187,0.5262954369682908,0.7478670011583995,0.7700396825396825,0.7572973381730188,0.304,0.696,44500.0,3952.0
meta.imbalanced.OnlineRUSBoost -l (trees.HoeffdingTree -e 2000000 -g 100 -c 0.01),ArffFileStream -f ./../../../Dataset/benchmarks/adult.arff,1,45000.0,14.484375,1.4808611012995241E-8,45000.0,0.798,0.743741765480896,0.743741765480896,0.4839566727978745,0.7348043397087479,0.7402841197361745,0.743741765480896,0.264,0.736,45000.0,3952.0
meta.imbalanced.OnlineRUSBoost -l (trees.HoeffdingTree -e 2000000 -g 100 -c 0.01),ArffFileStream -f ./../../../Dataset/benchmarks/adult.arff,1,45222.0,14.53125,1.4856535320480662E-8,45222.0,0.806,0.7341961228984496,0.7341961228984496,0.4697135359720096,0.7208882634316023,0.7355263157894737,0.7341961228984496,0.242,0.758,45222.0,3952.0
