Learner,stream,randomSeed,learning evaluation instances,evaluation time (cpu seconds),model cost (RAM-Hours),classified instances,Accuracy,AvgAccuracy,AUC,Kappa,G-Mean,Precision,Recall,Ratio-Class-0,Ratio-Class-1,model training instances,model serialized size (bytes),ensemble size,size of class 0,size of class 1,[avg] model training instances,[err] model training instances,[avg] model serialized size (bytes),[err] model serialized size (bytes),[avg] tree size (nodes),[err] tree size (nodes),[avg] tree size (leaves),[err] tree size (leaves),[avg] active learning leaves,[err] active learning leaves,[avg] tree depth,[err] tree depth,[avg] active leaf byte size estimate,[err] active leaf byte size estimate,[avg] inactive leaf byte size estimate,[err] inactive leaf byte size estimate,[avg] byte size estimate overhead,[err] byte size estimate overhead
meta.imbalanced.UOB -l (trees.HoeffdingTree -e 2000000 -g 100 -c 0.01),ArffFileStream -f ./../../../Dataset/benchmarks/magic.arff,1,500.0,0.078125,5.448883813288477E-10,500.0,1.0,1.0,1.0,1.0,1.0,1.0,1.0,1.0,0.0,500.0,26960.0,10.0,0.9999999999999994,6.6103540974041185E-24,5.7,2.2135943621178655,256.0,0.0,1.0,0.0,1.0,0.0,1.0,0.0,0.0,0.0,0.0,0.0,0.0,0.0,1.0,0.0
meta.imbalanced.UOB -l (trees.HoeffdingTree -e 2000000 -g 100 -c 0.01),ArffFileStream -f ./../../../Dataset/benchmarks/magic.arff,1,1000.0,0.109375,7.628437338603867E-10,1000.0,1.0,1.0,1.0,1.0,1.0,1.0,1.0,1.0,0.0,1000.0,26960.0,10.0,0.9999999999999994,8.739356258613483E-47,5.7,2.2135943621178655,256.0,0.0,1.0,0.0,1.0,0.0,1.0,0.0,0.0,0.0,0.0,0.0,0.0,0.0,1.0,0.0
meta.imbalanced.UOB -l (trees.HoeffdingTree -e 2000000 -g 100 -c 0.01),ArffFileStream -f ./../../../Dataset/benchmarks/magic.arff,1,1500.0,0.125,8.718214101261562E-10,1500.0,1.0,1.0,1.0,1.0,1.0,1.0,1.0,1.0,0.0,1500.0,26960.0,10.0,0.9999999999999994,1.1554047890559998E-69,5.7,2.2135943621178655,256.0,0.0,1.0,0.0,1.0,0.0,1.0,0.0,0.0,0.0,0.0,0.0,0.0,0.0,1.0,0.0
meta.imbalanced.UOB -l (trees.HoeffdingTree -e 2000000 -g 100 -c 0.01),ArffFileStream -f ./../../../Dataset/benchmarks/magic.arff,1,2000.0,0.140625,9.807990863919257E-10,2000.0,1.0,1.0,1.0,1.0,1.0,1.0,1.0,1.0,0.0,2000.0,26960.0,10.0,0.9999999999999994,1.5275269562993333E-92,5.7,2.2135943621178655,256.0,0.0,1.0,0.0,1.0,0.0,1.0,0.0,0.0,0.0,0.0,0.0,0.0,0.0,1.0,0.0
meta.imbalanced.UOB -l (trees.HoeffdingTree -e 2000000 -g 100 -c 0.01),ArffFileStream -f ./../../../Dataset/benchmarks/magic.arff,1,2500.0,0.15625,1.0897767626576953E-9,2500.0,1.0,1.0,1.0,1.0,1.0,1.0,1.0,1.0,0.0,2500.0,26960.0,10.0,0.9999999999999994,2.0194988148937063E-115,5.7,2.2135943621178655,256.0,0.0,1.0,0.0,1.0,0.0,1.0,0.0,0.0,0.0,0.0,0.0,0.0,0.0,1.0,0.0
meta.imbalanced.UOB -l (trees.HoeffdingTree -e 2000000 -g 100 -c 0.01),ArffFileStream -f ./../../../Dataset/benchmarks/magic.arff,1,3000.0,0.171875,1.198754438923465E-9,3000.0,1.0,1.0,1.0,1.0,1.0,1.0,1.0,1.0,0.0,3000.0,26960.0,10.0,0.9999999999999994,2.6699204531470687E-138,5.7,2.2135943621178655,256.0,0.0,1.0,0.0,1.0,0.0,1.0,0.0,0.0,0.0,0.0,0.0,0.0,0.0,1.0,0.0
meta.imbalanced.UOB -l (trees.HoeffdingTree -e 2000000 -g 100 -c 0.01),ArffFileStream -f ./../../../Dataset/benchmarks/magic.arff,1,3500.0,0.203125,1.416709791455004E-9,3500.0,1.0,1.0,1.0,1.0,1.0,1.0,1.0,1.0,0.0,3500.0,26960.0,10.0,0.9999999999999994,3.529823921440756E-161,5.7,2.2135943621178655,256.0,0.0,1.0,0.0,1.0,0.0,1.0,0.0,0.0,0.0,0.0,0.0,0.0,0.0,1.0,0.0
meta.imbalanced.UOB -l (trees.HoeffdingTree -e 2000000 -g 100 -c 0.01),ArffFileStream -f ./../../../Dataset/benchmarks/magic.arff,1,4000.0,0.21875,1.5256874677207735E-9,4000.0,1.0,1.0,1.0,1.0,1.0,1.0,1.0,1.0,0.0,4000.0,26960.0,10.0,0.9999999999999994,4.6666772044421964E-184,5.7,2.2135943621178655,256.0,0.0,1.0,0.0,1.0,0.0,1.0,0.0,0.0,0.0,0.0,0.0,0.0,0.0,1.0,0.0
meta.imbalanced.UOB -l (trees.HoeffdingTree -e 2000000 -g 100 -c 0.01),ArffFileStream -f ./../../../Dataset/benchmarks/magic.arff,1,4500.0,0.234375,1.6346651439865432E-9,4500.0,1.0,1.0,1.0,1.0,1.0,1.0,1.0,1.0,0.0,4500.0,26960.0,10.0,0.9999999999999994,6.169677755929365E-207,5.7,2.2135943621178655,256.0,0.0,1.0,0.0,1.0,0.0,1.0,0.0,0.0,0.0,0.0,0.0,0.0,0.0,1.0,0.0
meta.imbalanced.UOB -l (trees.HoeffdingTree -e 2000000 -g 100 -c 0.01),ArffFileStream -f ./../../../Dataset/benchmarks/magic.arff,1,5000.0,0.25,1.7436428202523128E-9,5000.0,1.0,1.0,1.0,1.0,1.0,1.0,1.0,1.0,0.0,5000.0,26960.0,10.0,0.9999999999999994,8.156750926714144E-230,5.7,2.2135943621178655,256.0,0.0,1.0,0.0,1.0,0.0,1.0,0.0,0.0,0.0,0.0,0.0,0.0,0.0,1.0,0.0
meta.imbalanced.UOB -l (trees.HoeffdingTree -e 2000000 -g 100 -c 0.01),ArffFileStream -f ./../../../Dataset/benchmarks/magic.arff,1,5500.0,0.265625,1.8526204965180824E-9,5500.0,1.0,1.0,1.0,1.0,1.0,1.0,1.0,1.0,0.0,5500.0,26960.0,10.0,0.9999999999999994,1.0783802381981918E-252,5.7,2.2135943621178655,256.0,0.0,1.0,0.0,1.0,0.0,1.0,0.0,0.0,0.0,0.0,0.0,0.0,0.0,1.0,0.0
meta.imbalanced.UOB -l (trees.HoeffdingTree -e 2000000 -g 100 -c 0.01),ArffFileStream -f ./../../../Dataset/benchmarks/magic.arff,1,6000.0,0.28125,1.9615981727838518E-9,6000.0,1.0,1.0,1.0,1.0,1.0,1.0,1.0,1.0,0.0,6000.0,26960.0,10.0,0.9999999999999994,1.4256950452266096E-275,5.7,2.2135943621178655,256.0,0.0,1.0,0.0,1.0,0.0,1.0,0.0,0.0,0.0,0.0,0.0,0.0,0.0,1.0,0.0
meta.imbalanced.UOB -l (trees.HoeffdingTree -e 2000000 -g 100 -c 0.01),ArffFileStream -f ./../../../Dataset/benchmarks/magic.arff,1,6500.0,0.296875,2.070575849049621E-9,6500.0,1.0,1.0,1.0,1.0,1.0,1.0,1.0,1.0,0.0,6500.0,26960.0,10.0,0.9999999999999994,1.8848698167724897E-298,5.7,2.2135943621178655,256.0,0.0,1.0,0.0,1.0,0.0,1.0,0.0,0.0,0.0,0.0,0.0,0.0,0.0,1.0,0.0
meta.imbalanced.UOB -l (trees.HoeffdingTree -e 2000000 -g 100 -c 0.01),ArffFileStream -f ./../../../Dataset/benchmarks/magic.arff,1,7000.0,0.3125,2.1795535253153906E-9,7000.0,1.0,1.0,1.0,1.0,1.0,1.0,1.0,1.0,0.0,7000.0,26960.0,10.0,0.9999999999999994,2.5E-321,5.7,2.2135943621178655,256.0,0.0,1.0,0.0,1.0,0.0,1.0,0.0,0.0,0.0,0.0,0.0,0.0,0.0,1.0,0.0
meta.imbalanced.UOB -l (trees.HoeffdingTree -e 2000000 -g 100 -c 0.01),ArffFileStream -f ./../../../Dataset/benchmarks/magic.arff,1,7500.0,0.3125,2.1795535253153906E-9,7500.0,1.0,1.0,1.0,1.0,1.0,1.0,1.0,1.0,0.0,7500.0,26960.0,10.0,0.9999999999999994,2.5E-323,5.7,2.2135943621178655,256.0,0.0,1.0,0.0,1.0,0.0,1.0,0.0,0.0,0.0,0.0,0.0,0.0,0.0,1.0,0.0
meta.imbalanced.UOB -l (trees.HoeffdingTree -e 2000000 -g 100 -c 0.01),ArffFileStream -f ./../../../Dataset/benchmarks/magic.arff,1,8000.0,0.328125,2.28853120158116E-9,8000.0,1.0,1.0,1.0,1.0,1.0,1.0,1.0,1.0,0.0,8000.0,26960.0,10.0,0.9999999999999994,2.5E-323,5.7,2.2135943621178655,256.0,0.0,1.0,0.0,1.0,0.0,1.0,0.0,0.0,0.0,0.0,0.0,0.0,0.0,1.0,0.0
meta.imbalanced.UOB -l (trees.HoeffdingTree -e 2000000 -g 100 -c 0.01),ArffFileStream -f ./../../../Dataset/benchmarks/magic.arff,1,8500.0,0.34375,2.3975088778469294E-9,8500.0,1.0,1.0,1.0,1.0,1.0,1.0,1.0,1.0,0.0,8500.0,26960.0,10.0,0.9999999999999994,2.5E-323,5.7,2.2135943621178655,256.0,0.0,1.0,0.0,1.0,0.0,1.0,0.0,0.0,0.0,0.0,0.0,0.0,0.0,1.0,0.0
meta.imbalanced.UOB -l (trees.HoeffdingTree -e 2000000 -g 100 -c 0.01),ArffFileStream -f ./../../../Dataset/benchmarks/magic.arff,1,9000.0,0.34375,2.3975088778469294E-9,9000.0,1.0,1.0,1.0,1.0,1.0,1.0,1.0,1.0,0.0,9000.0,26960.0,10.0,0.9999999999999994,2.5E-323,5.7,2.2135943621178655,256.0,0.0,1.0,0.0,1.0,0.0,1.0,0.0,0.0,0.0,0.0,0.0,0.0,0.0,1.0,0.0
meta.imbalanced.UOB -l (trees.HoeffdingTree -e 2000000 -g 100 -c 0.01),ArffFileStream -f ./../../../Dataset/benchmarks/magic.arff,1,9500.0,0.359375,2.506486554112699E-9,9500.0,1.0,1.0,1.0,1.0,1.0,1.0,1.0,1.0,0.0,9500.0,26960.0,10.0,0.9999999999999994,2.5E-323,5.7,2.2135943621178655,256.0,0.0,1.0,0.0,1.0,0.0,1.0,0.0,0.0,0.0,0.0,0.0,0.0,0.0,1.0,0.0
meta.imbalanced.UOB -l (trees.HoeffdingTree -e 2000000 -g 100 -c 0.01),ArffFileStream -f ./../../../Dataset/benchmarks/magic.arff,1,10000.0,0.359375,2.506486554112699E-9,10000.0,1.0,1.0,1.0,1.0,1.0,1.0,1.0,1.0,0.0,10000.0,26960.0,10.0,0.9999999999999994,2.5E-323,5.7,2.2135943621178655,256.0,0.0,1.0,0.0,1.0,0.0,1.0,0.0,0.0,0.0,0.0,0.0,0.0,0.0,1.0,0.0
meta.imbalanced.UOB -l (trees.HoeffdingTree -e 2000000 -g 100 -c 0.01),ArffFileStream -f ./../../../Dataset/benchmarks/magic.arff,1,10500.0,0.375,2.6154642303784682E-9,10500.0,1.0,1.0,1.0,1.0,1.0,1.0,1.0,1.0,0.0,10500.0,26960.0,10.0,0.9999999999999994,2.5E-323,5.7,2.2135943621178655,256.0,0.0,1.0,0.0,1.0,0.0,1.0,0.0,0.0,0.0,0.0,0.0,0.0,0.0,1.0,0.0
meta.imbalanced.UOB -l (trees.HoeffdingTree -e 2000000 -g 100 -c 0.01),ArffFileStream -f ./../../../Dataset/benchmarks/magic.arff,1,11000.0,0.390625,2.7244419066442376E-9,11000.0,1.0,1.0,1.0,1.0,1.0,1.0,1.0,1.0,0.0,11000.0,26960.0,10.0,0.9999999999999994,2.5E-323,5.7,2.2135943621178655,256.0,0.0,1.0,0.0,1.0,0.0,1.0,0.0,0.0,0.0,0.0,0.0,0.0,0.0,1.0,0.0
meta.imbalanced.UOB -l (trees.HoeffdingTree -e 2000000 -g 100 -c 0.01),ArffFileStream -f ./../../../Dataset/benchmarks/magic.arff,1,11500.0,0.390625,2.7244419066442376E-9,11500.0,1.0,1.0,1.0,1.0,1.0,1.0,1.0,1.0,0.0,11500.0,26960.0,10.0,0.9999999999999994,2.5E-323,5.7,2.2135943621178655,256.0,0.0,1.0,0.0,1.0,0.0,1.0,0.0,0.0,0.0,0.0,0.0,0.0,0.0,1.0,0.0
meta.imbalanced.UOB -l (trees.HoeffdingTree -e 2000000 -g 100 -c 0.01),ArffFileStream -f ./../../../Dataset/benchmarks/magic.arff,1,12000.0,0.40625,2.833419582910007E-9,12000.0,1.0,1.0,1.0,1.0,1.0,1.0,1.0,1.0,0.0,12000.0,26960.0,10.0,0.9999999999999994,2.5E-323,5.7,2.2135943621178655,256.0,0.0,1.0,0.0,1.0,0.0,1.0,0.0,0.0,0.0,0.0,0.0,0.0,0.0,1.0,0.0
meta.imbalanced.UOB -l (trees.HoeffdingTree -e 2000000 -g 100 -c 0.01),ArffFileStream -f ./../../../Dataset/benchmarks/magic.arff,1,12500.0,0.421875,2.9427206350697404E-9,12500.0,0.93,0.8958333333333333,0.8958333333333334,0.8346123313045779,0.8897565210026093,0.952316076294278,0.8958333333333333,0.664,0.336,12500.0,27040.0,10.0,2.0546676624565697E-8,0.9999999794533233,18.100000000000005,3.107338983045711,264.0,0.0,1.0,0.0,1.0,0.0,1.0,0.0,0.0,0.0,0.0,0.0,0.0,0.0,1.0,0.0
meta.imbalanced.UOB -l (trees.HoeffdingTree -e 2000000 -g 100 -c 0.01),ArffFileStream -f ./../../../Dataset/benchmarks/magic.arff,1,13000.0,0.421875,2.9427206350697404E-9,13000.0,0.856,0.856,0.928,0.0,0.9252026804976302,0.5,0.856,0.0,1.0,13000.0,27040.0,10.0,2.7164161602647063E-31,0.9999999999999994,18.100000000000005,3.107338983045711,264.0,0.0,1.0,0.0,1.0,0.0,1.0,0.0,0.0,0.0,0.0,0.0,0.0,0.0,1.0,0.0
meta.imbalanced.UOB -l (trees.HoeffdingTree -e 2000000 -g 100 -c 0.01),ArffFileStream -f ./../../../Dataset/benchmarks/magic.arff,1,13500.0,0.4375,3.0520216872294738E-9,13500.0,0.852,0.852,0.926,0.0,0.9230384607371461,0.5,0.852,0.0,1.0,13500.0,27040.0,10.0,3.59129453905211E-54,0.9999999999999994,18.100000000000005,3.107338983045711,264.0,0.0,1.0,0.0,1.0,0.0,1.0,0.0,0.0,0.0,0.0,0.0,0.0,0.0,1.0,0.0
meta.imbalanced.UOB -l (trees.HoeffdingTree -e 2000000 -g 100 -c 0.01),ArffFileStream -f ./../../../Dataset/benchmarks/magic.arff,1,14000.0,0.453125,3.161322739389207E-9,14000.0,0.86,0.86,0.9299999999999999,0.0,0.9273618495495703,0.5,0.86,0.0,1.0,14000.0,27040.0,10.0,4.747945714241635E-77,0.9999999999999994,18.100000000000005,3.107338983045711,264.0,0.0,1.0,0.0,1.0,0.0,1.0,0.0,0.0,0.0,0.0,0.0,0.0,0.0,1.0,0.0
meta.imbalanced.UOB -l (trees.HoeffdingTree -e 2000000 -g 100 -c 0.01),ArffFileStream -f ./../../../Dataset/benchmarks/magic.arff,1,14500.0,0.453125,3.161322739389207E-9,14500.0,0.862,0.862,0.931,0.0,0.9284395510748128,0.5,0.862,0.0,1.0,14500.0,27040.0,10.0,6.277120481277901E-100,0.9999999999999994,18.100000000000005,3.107338983045711,264.0,0.0,1.0,0.0,1.0,0.0,1.0,0.0,0.0,0.0,0.0,0.0,0.0,0.0,1.0,0.0
meta.imbalanced.UOB -l (trees.HoeffdingTree -e 2000000 -g 100 -c 0.01),ArffFileStream -f ./../../../Dataset/benchmarks/magic.arff,1,15000.0,0.46875,3.2706237915489405E-9,15000.0,0.864,0.864,0.9319999999999999,0.0,0.92951600308978,0.5,0.864,0.0,1.0,15000.0,27040.0,10.0,8.298797818662924E-123,0.9999999999999994,18.100000000000005,3.107338983045711,264.0,0.0,1.0,0.0,1.0,0.0,1.0,0.0,0.0,0.0,0.0,0.0,0.0,0.0,1.0,0.0
meta.imbalanced.UOB -l (trees.HoeffdingTree -e 2000000 -g 100 -c 0.01),ArffFileStream -f ./../../../Dataset/benchmarks/magic.arff,1,15500.0,0.484375,3.379924843708674E-9,15500.0,0.848,0.848,0.924,0.0,0.920869154657707,0.5,0.848,0.0,1.0,15500.0,27040.0,10.0,1.0971598432825344E-145,0.9999999999999994,18.100000000000005,3.107338983045711,264.0,0.0,1.0,0.0,1.0,0.0,1.0,0.0,0.0,0.0,0.0,0.0,0.0,0.0,1.0,0.0
meta.imbalanced.UOB -l (trees.HoeffdingTree -e 2000000 -g 100 -c 0.01),ArffFileStream -f ./../../../Dataset/benchmarks/magic.arff,1,16000.0,0.484375,3.379924843708674E-9,16000.0,0.85,0.85,0.925,0.0,0.9219544457292888,0.5,0.85,0.0,1.0,16000.0,27040.0,10.0,1.4505230131099928E-168,0.9999999999999994,18.100000000000005,3.107338983045711,264.0,0.0,1.0,0.0,1.0,0.0,1.0,0.0,0.0,0.0,0.0,0.0,0.0,0.0,1.0,0.0
meta.imbalanced.UOB -l (trees.HoeffdingTree -e 2000000 -g 100 -c 0.01),ArffFileStream -f ./../../../Dataset/benchmarks/magic.arff,1,16500.0,0.5,3.4892258958684073E-9,16500.0,0.848,0.848,0.924,0.0,0.920869154657707,0.5,0.848,0.0,1.0,16500.0,27040.0,10.0,1.9176941486181223E-191,0.9999999999999994,18.100000000000005,3.107338983045711,264.0,0.0,1.0,0.0,1.0,0.0,1.0,0.0,0.0,0.0,0.0,0.0,0.0,0.0,1.0,0.0
meta.imbalanced.UOB -l (trees.HoeffdingTree -e 2000000 -g 100 -c 0.01),ArffFileStream -f ./../../../Dataset/benchmarks/magic.arff,1,17000.0,0.5,3.4892258958684073E-9,17000.0,0.852,0.852,0.926,0.0,0.9230384607371461,0.5,0.852,0.0,1.0,17000.0,27040.0,10.0,2.5353274745771375E-214,0.9999999999999994,18.100000000000005,3.107338983045711,264.0,0.0,1.0,0.0,1.0,0.0,1.0,0.0,0.0,0.0,0.0,0.0,0.0,0.0,1.0,0.0
meta.imbalanced.UOB -l (trees.HoeffdingTree -e 2000000 -g 100 -c 0.01),ArffFileStream -f ./../../../Dataset/benchmarks/magic.arff,1,17500.0,0.515625,3.5985269480281406E-9,17500.0,0.86,0.86,0.9299999999999999,0.0,0.9273618495495703,0.5,0.86,0.0,1.0,17500.0,27040.0,10.0,3.351882471966442E-237,0.9999999999999994,18.100000000000005,3.107338983045711,264.0,0.0,1.0,0.0,1.0,0.0,1.0,0.0,0.0,0.0,0.0,0.0,0.0,0.0,1.0,0.0
meta.imbalanced.UOB -l (trees.HoeffdingTree -e 2000000 -g 100 -c 0.01),ArffFileStream -f ./../../../Dataset/benchmarks/magic.arff,1,18000.0,0.53125,3.707828000187874E-9,18000.0,0.876,0.876,0.938,0.0,0.9359487165438072,0.5,0.876,0.0,1.0,18000.0,27040.0,10.0,4.431426006516076E-260,0.9999999999999994,18.100000000000005,3.107338983045711,264.0,0.0,1.0,0.0,1.0,0.0,1.0,0.0,0.0,0.0,0.0,0.0,0.0,0.0,1.0,0.0
meta.imbalanced.UOB -l (trees.HoeffdingTree -e 2000000 -g 100 -c 0.01),ArffFileStream -f ./../../../Dataset/benchmarks/magic.arff,1,18500.0,0.53125,3.707828000187874E-9,18500.0,0.85,0.85,0.925,0.0,0.9219544457292888,0.5,0.85,0.0,1.0,18500.0,27040.0,10.0,5.858659011903341E-283,0.9999999999999994,18.100000000000005,3.107338983045711,264.0,0.0,1.0,0.0,1.0,0.0,1.0,0.0,0.0,0.0,0.0,0.0,0.0,0.0,1.0,0.0
meta.imbalanced.UOB -l (trees.HoeffdingTree -e 2000000 -g 100 -c 0.01),ArffFileStream -f ./../../../Dataset/benchmarks/magic.arff,1,19000.0,0.546875,3.817129052347607E-9,19000.0,0.866,0.866,0.933,0.0,0.9305912099305473,0.5,0.866,0.0,1.0,19000.0,27040.0,10.0,7.745562120925754E-306,0.9999999999999994,18.100000000000005,3.107338983045711,264.0,0.0,1.0,0.0,1.0,0.0,1.0,0.0,0.0,0.0,0.0,0.0,0.0,0.0,1.0,0.0
meta.imbalanced.UOB -l (trees.HoeffdingTree -e 2000000 -g 100 -c 0.01),ArffFileStream -f ./../../../Dataset/benchmarks/magic.arff,1,19020.0,0.546875,3.817129052347607E-9,19020.0,0.864,0.864,0.9319999999999999,0.0,0.92951600308978,0.5,0.864,0.0,1.0,19020.0,27040.0,10.0,9.416795305855881E-307,0.9999999999999994,18.100000000000005,3.107338983045711,264.0,0.0,1.0,0.0,1.0,0.0,1.0,0.0,0.0,0.0,0.0,0.0,0.0,0.0,1.0,0.0
