Learner,stream,randomSeed,learning evaluation instances,evaluation time (cpu seconds),model cost (RAM-Hours),classified instances,Accuracy,AvgAccuracy,AUC,Kappa,G-Mean,Precision,Recall,Ratio-Class-0,Ratio-Class-1,model training instances,model serialized size (bytes)
meta.imbalanced.OnlineAdaC2 -l (trees.HoeffdingTree -e 2000000 -g 100 -c 0.01),ArffFileStream -f ./../../../Dataset/benchmarks/nomao.arff,1,500.0,1.078125,2.6887088703612484E-9,500.0,0.024,0.5010224948875256,0.5010224948875255,9.015580562408308E-5,0.04522156316461346,0.5110220440881763,0.5010224948875256,0.022,0.978,500.0,9640.0
meta.imbalanced.OnlineAdaC2 -l (trees.HoeffdingTree -e 2000000 -g 100 -c 0.01),ArffFileStream -f ./../../../Dataset/benchmarks/nomao.arff,1,1000.0,1.421875,3.5459783652590377E-9,1000.0,0.004,0.004,0.502,0.0,0.06324555320336758,0.5,0.004,0.0,1.0,1000.0,9640.0
meta.imbalanced.OnlineAdaC2 -l (trees.HoeffdingTree -e 2000000 -g 100 -c 0.01),ArffFileStream -f ./../../../Dataset/benchmarks/nomao.arff,1,1500.0,1.765625,4.403247860156827E-9,1500.0,0.0,0.0,0.5,0.0,0.0,0.0,0.0,0.0,1.0,1500.0,9640.0
meta.imbalanced.OnlineAdaC2 -l (trees.HoeffdingTree -e 2000000 -g 100 -c 0.01),ArffFileStream -f ./../../../Dataset/benchmarks/nomao.arff,1,2000.0,2.84375,7.091956730518075E-9,2000.0,0.116,0.16607939863753818,0.16607939863753823,-0.08364142746467133,0.15630211134768895,0.3631901446857656,0.16607939863753818,0.054,0.946,2000.0,9640.0
meta.imbalanced.OnlineAdaC2 -l (trees.HoeffdingTree -e 2000000 -g 100 -c 0.01),ArffFileStream -f ./../../../Dataset/benchmarks/nomao.arff,1,2500.0,4.515625,1.1261403819339142E-8,2500.0,0.852,0.8307629538963688,0.8307629538963688,0.6866265774540526,0.8167963410483043,0.8845898404144291,0.8307629538963688,0.43,0.57,2500.0,9640.0
meta.imbalanced.OnlineAdaC2 -l (trees.HoeffdingTree -e 2000000 -g 100 -c 0.01),ArffFileStream -f ./../../../Dataset/benchmarks/nomao.arff,1,3000.0,5.78125,1.4417714232371912E-8,3000.0,0.926,0.6675741842893926,0.6675741842893925,0.4618964514252472,0.5814663164086918,0.9135416666666667,0.6675741842893926,0.106,0.894,3000.0,9640.0
meta.imbalanced.OnlineAdaC2 -l (trees.HoeffdingTree -e 2000000 -g 100 -c 0.01),ArffFileStream -f ./../../../Dataset/benchmarks/nomao.arff,1,3500.0,6.078125,1.5158083341601822E-8,3500.0,0.998,0.998,0.999,0.0,0.9989994994993742,0.5,0.998,0.0,1.0,3500.0,9640.0
meta.imbalanced.OnlineAdaC2 -l (trees.HoeffdingTree -e 2000000 -g 100 -c 0.01),ArffFileStream -f ./../../../Dataset/benchmarks/nomao.arff,1,4000.0,6.390625,1.593741924605436E-8,4000.0,0.998,0.998,0.999,0.0,0.9989994994993742,0.5,0.998,0.0,1.0,4000.0,9640.0
meta.imbalanced.OnlineAdaC2 -l (trees.HoeffdingTree -e 2000000 -g 100 -c 0.01),ArffFileStream -f ./../../../Dataset/benchmarks/nomao.arff,1,4500.0,6.59375,1.6443987583948508E-8,4500.0,1.0,1.0,1.0,1.0,1.0,1.0,1.0,0.0,1.0,4500.0,9640.0
meta.imbalanced.OnlineAdaC2 -l (trees.HoeffdingTree -e 2000000 -g 100 -c 0.01),ArffFileStream -f ./../../../Dataset/benchmarks/nomao.arff,1,5000.0,6.765625,1.6872622331397402E-8,5000.0,1.0,1.0,1.0,1.0,1.0,1.0,1.0,0.0,1.0,5000.0,9640.0
meta.imbalanced.OnlineAdaC2 -l (trees.HoeffdingTree -e 2000000 -g 100 -c 0.01),ArffFileStream -f ./../../../Dataset/benchmarks/nomao.arff,1,5500.0,7.0,1.7457124259736805E-8,5500.0,0.998,0.998,0.999,0.0,0.9989994994993742,0.5,0.998,0.0,1.0,5500.0,9640.0
meta.imbalanced.OnlineAdaC2 -l (trees.HoeffdingTree -e 2000000 -g 100 -c 0.01),ArffFileStream -f ./../../../Dataset/benchmarks/nomao.arff,1,6000.0,7.140625,1.7807825416740445E-8,6000.0,0.998,0.998,0.999,0.0,0.9989994994993742,0.5,0.998,0.0,1.0,6000.0,9640.0
meta.imbalanced.OnlineAdaC2 -l (trees.HoeffdingTree -e 2000000 -g 100 -c 0.01),ArffFileStream -f ./../../../Dataset/benchmarks/nomao.arff,1,6500.0,7.25,1.8080592983298834E-8,6500.0,1.0,1.0,1.0,1.0,1.0,1.0,1.0,0.0,1.0,6500.0,9640.0
meta.imbalanced.OnlineAdaC2 -l (trees.HoeffdingTree -e 2000000 -g 100 -c 0.01),ArffFileStream -f ./../../../Dataset/benchmarks/nomao.arff,1,7000.0,7.328125,1.8275426959411968E-8,7000.0,1.0,1.0,1.0,1.0,1.0,1.0,1.0,0.0,1.0,7000.0,9640.0
meta.imbalanced.OnlineAdaC2 -l (trees.HoeffdingTree -e 2000000 -g 100 -c 0.01),ArffFileStream -f ./../../../Dataset/benchmarks/nomao.arff,1,7500.0,7.46875,1.8626128116415608E-8,7500.0,1.0,1.0,1.0,1.0,1.0,1.0,1.0,0.0,1.0,7500.0,9640.0
meta.imbalanced.OnlineAdaC2 -l (trees.HoeffdingTree -e 2000000 -g 100 -c 0.01),ArffFileStream -f ./../../../Dataset/benchmarks/nomao.arff,1,8000.0,7.609375,1.8976829273419248E-8,8000.0,1.0,1.0,1.0,1.0,1.0,1.0,1.0,0.0,1.0,8000.0,9640.0
meta.imbalanced.OnlineAdaC2 -l (trees.HoeffdingTree -e 2000000 -g 100 -c 0.01),ArffFileStream -f ./../../../Dataset/benchmarks/nomao.arff,1,8500.0,7.734375,1.9288563635200262E-8,8500.0,1.0,1.0,1.0,1.0,1.0,1.0,1.0,0.0,1.0,8500.0,9640.0
meta.imbalanced.OnlineAdaC2 -l (trees.HoeffdingTree -e 2000000 -g 100 -c 0.01),ArffFileStream -f ./../../../Dataset/benchmarks/nomao.arff,1,9000.0,7.84375,1.956133120175865E-8,9000.0,1.0,1.0,1.0,1.0,1.0,1.0,1.0,0.0,1.0,9000.0,9640.0
meta.imbalanced.OnlineAdaC2 -l (trees.HoeffdingTree -e 2000000 -g 100 -c 0.01),ArffFileStream -f ./../../../Dataset/benchmarks/nomao.arff,1,9500.0,7.921875,1.9756165177871785E-8,9500.0,1.0,1.0,1.0,1.0,1.0,1.0,1.0,0.0,1.0,9500.0,9640.0
meta.imbalanced.OnlineAdaC2 -l (trees.HoeffdingTree -e 2000000 -g 100 -c 0.01),ArffFileStream -f ./../../../Dataset/benchmarks/nomao.arff,1,10000.0,8.015625,1.9989965949207545E-8,10000.0,1.0,1.0,1.0,1.0,1.0,1.0,1.0,0.0,1.0,10000.0,9640.0
meta.imbalanced.OnlineAdaC2 -l (trees.HoeffdingTree -e 2000000 -g 100 -c 0.01),ArffFileStream -f ./../../../Dataset/benchmarks/nomao.arff,1,10500.0,8.140625,2.030170031098856E-8,10500.0,1.0,1.0,1.0,1.0,1.0,1.0,1.0,0.0,1.0,10500.0,9640.0
meta.imbalanced.OnlineAdaC2 -l (trees.HoeffdingTree -e 2000000 -g 100 -c 0.01),ArffFileStream -f ./../../../Dataset/benchmarks/nomao.arff,1,11000.0,8.25,2.0574467877546948E-8,11000.0,1.0,1.0,1.0,1.0,1.0,1.0,1.0,0.0,1.0,11000.0,9640.0
meta.imbalanced.OnlineAdaC2 -l (trees.HoeffdingTree -e 2000000 -g 100 -c 0.01),ArffFileStream -f ./../../../Dataset/benchmarks/nomao.arff,1,11500.0,8.328125,2.0769301853660082E-8,11500.0,1.0,1.0,1.0,1.0,1.0,1.0,1.0,0.0,1.0,11500.0,9640.0
meta.imbalanced.OnlineAdaC2 -l (trees.HoeffdingTree -e 2000000 -g 100 -c 0.01),ArffFileStream -f ./../../../Dataset/benchmarks/nomao.arff,1,12000.0,8.40625,2.0964135829773217E-8,12000.0,1.0,1.0,1.0,1.0,1.0,1.0,1.0,0.0,1.0,12000.0,9640.0
meta.imbalanced.OnlineAdaC2 -l (trees.HoeffdingTree -e 2000000 -g 100 -c 0.01),ArffFileStream -f ./../../../Dataset/benchmarks/nomao.arff,1,12500.0,9.984375,2.4899782147258522E-8,12500.0,0.852,0.8148496240601504,0.8148496240601504,0.6697607997143877,0.7964913660803873,0.89002079002079,0.8148496240601504,0.392,0.608,12500.0,9640.0
meta.imbalanced.OnlineAdaC2 -l (trees.HoeffdingTree -e 2000000 -g 100 -c 0.01),ArffFileStream -f ./../../../Dataset/benchmarks/nomao.arff,1,13000.0,10.4375,2.60298192087147E-8,13000.0,1.0,1.0,1.0,1.0,1.0,1.0,1.0,0.0,1.0,13000.0,9640.0
meta.imbalanced.OnlineAdaC2 -l (trees.HoeffdingTree -e 2000000 -g 100 -c 0.01),ArffFileStream -f ./../../../Dataset/benchmarks/nomao.arff,1,13500.0,10.703125,2.6692254727499353E-8,13500.0,1.0,1.0,1.0,1.0,1.0,1.0,1.0,0.0,1.0,13500.0,9640.0
meta.imbalanced.OnlineAdaC2 -l (trees.HoeffdingTree -e 2000000 -g 100 -c 0.01),ArffFileStream -f ./../../../Dataset/benchmarks/nomao.arff,1,14000.0,11.390625,2.8406793717294933E-8,14000.0,0.982,0.49898373983739835,0.49898373983739835,-0.003568242640499554,0.0,0.49198396793587174,0.49898373983739835,0.016,0.984,14000.0,9640.0
meta.imbalanced.OnlineAdaC2 -l (trees.HoeffdingTree -e 2000000 -g 100 -c 0.01),ArffFileStream -f ./../../../Dataset/benchmarks/nomao.arff,1,14500.0,12.40625,3.093963540676567E-8,14500.0,0.978,0.5416666666666666,0.5416666666666666,0.150710315009265,0.28867513459481287,0.9889779559118237,0.5416666666666666,0.024,0.976,14500.0,9640.0
meta.imbalanced.OnlineAdaC2 -l (trees.HoeffdingTree -e 2000000 -g 100 -c 0.01),ArffFileStream -f ./../../../Dataset/benchmarks/nomao.arff,1,15000.0,12.96875,3.234244003478024E-8,15000.0,0.994,0.49899598393574296,0.49899598393574296,-0.00267379679144385,0.0,0.49799599198396793,0.49899598393574296,0.004,0.996,15000.0,9640.0
meta.imbalanced.OnlineAdaC2 -l (trees.HoeffdingTree -e 2000000 -g 100 -c 0.01),ArffFileStream -f ./../../../Dataset/benchmarks/nomao.arff,1,15500.0,13.734375,3.4251813000688953E-8,15500.0,0.998,0.5,0.5,0.0,0.0,0.998,0.5,0.002,0.998,15500.0,9640.0
meta.imbalanced.OnlineAdaC2 -l (trees.HoeffdingTree -e 2000000 -g 100 -c 0.01),ArffFileStream -f ./../../../Dataset/benchmarks/nomao.arff,1,16000.0,14.453125,3.604428558092979E-8,16000.0,0.954,0.4989539748953975,0.4989539748953975,-0.003840782122905028,0.0,0.4779559118236473,0.4989539748953975,0.044,0.956,16000.0,9640.0
meta.imbalanced.OnlineAdaC2 -l (trees.HoeffdingTree -e 2000000 -g 100 -c 0.01),ArffFileStream -f ./../../../Dataset/benchmarks/nomao.arff,1,16500.0,14.890625,3.7135355847163336E-8,16500.0,0.832,0.85,0.85,0.6724890829694323,0.8366600265340756,0.861842105263158,0.85,0.56,0.44,16500.0,9640.0
meta.imbalanced.OnlineAdaC2 -l (trees.HoeffdingTree -e 2000000 -g 100 -c 0.01),ArffFileStream -f ./../../../Dataset/benchmarks/nomao.arff,1,17000.0,15.609375,3.892782842740417E-8,17000.0,0.936,0.9642857142857143,0.9642857142857143,0.7300215982721382,0.9636241116594315,0.8095238095238095,0.9642857142857143,0.896,0.104,17000.0,9640.0
meta.imbalanced.OnlineAdaC2 -l (trees.HoeffdingTree -e 2000000 -g 100 -c 0.01),ArffFileStream -f ./../../../Dataset/benchmarks/nomao.arff,1,17500.0,15.84375,3.951233035574357E-8,17500.0,0.964,0.9818181818181818,0.9818181818181818,0.3464052287581699,0.9816498172140428,0.6086956521739131,0.9818181818181818,0.99,0.01,17500.0,9640.0
meta.imbalanced.OnlineAdaC2 -l (trees.HoeffdingTree -e 2000000 -g 100 -c 0.01),ArffFileStream -f ./../../../Dataset/benchmarks/nomao.arff,1,18000.0,16.6875,4.1616537297765416E-8,18000.0,0.898,0.9280089858496028,0.9280089858496028,0.7435226906984229,0.9264381217901725,0.8420127322525723,0.9280089858496028,0.778,0.222,18000.0,9640.0
meta.imbalanced.OnlineAdaC2 -l (trees.HoeffdingTree -e 2000000 -g 100 -c 0.01),ArffFileStream -f ./../../../Dataset/benchmarks/nomao.arff,1,18500.0,18.359375,4.5785984386586484E-8,18500.0,0.836,0.8885869565217391,0.8885869565217391,0.6480807525921857,0.881574678086592,0.808411214953271,0.8885869565217391,0.736,0.264,18500.0,9640.0
meta.imbalanced.OnlineAdaC2 -l (trees.HoeffdingTree -e 2000000 -g 100 -c 0.01),ArffFileStream -f ./../../../Dataset/benchmarks/nomao.arff,1,19000.0,20.96875,5.229343918876516E-8,19000.0,0.936,0.5145566239316239,0.5145566239316239,0.051683262209578,0.17658773030912,0.7188755020080322,0.5145566239316239,0.064,0.936,19000.0,9640.0
meta.imbalanced.OnlineAdaC2 -l (trees.HoeffdingTree -e 2000000 -g 100 -c 0.01),ArffFileStream -f ./../../../Dataset/benchmarks/nomao.arff,1,19500.0,26.171875,6.526938199789988E-8,19500.0,0.56,0.5859520596362702,0.5859520596362702,0.1628614916286149,0.4229761346550865,0.7377777777777778,0.5859520596362702,0.532,0.468,19500.0,9640.0
meta.imbalanced.OnlineAdaC2 -l (trees.HoeffdingTree -e 2000000 -g 100 -c 0.01),ArffFileStream -f ./../../../Dataset/benchmarks/nomao.arff,1,20000.0,27.296875,6.807499125392902E-8,20000.0,0.934,0.8953249181860683,0.8953249181860682,0.8367306550564021,0.8895213582845102,0.9534145504461222,0.8953249181860683,0.31,0.69,20000.0,9640.0
meta.imbalanced.OnlineAdaC2 -l (trees.HoeffdingTree -e 2000000 -g 100 -c 0.01),ArffFileStream -f ./../../../Dataset/benchmarks/nomao.arff,1,20500.0,27.90625,6.959469626761146E-8,20500.0,0.998,0.998,0.999,0.0,0.9989994994993742,0.5,0.998,0.0,1.0,20500.0,9640.0
meta.imbalanced.OnlineAdaC2 -l (trees.HoeffdingTree -e 2000000 -g 100 -c 0.01),ArffFileStream -f ./../../../Dataset/benchmarks/nomao.arff,1,21000.0,30.46875,7.598525068412226E-8,21000.0,0.81,0.6253333333333333,0.6253333333333333,0.33098591549295775,0.5046133833606345,0.8708028275687958,0.6253333333333333,0.25,0.75,21000.0,9640.0
meta.imbalanced.OnlineAdaC2 -l (trees.HoeffdingTree -e 2000000 -g 100 -c 0.01),ArffFileStream -f ./../../../Dataset/benchmarks/nomao.arff,1,21500.0,31.671875,7.898569391626452E-8,21500.0,0.982,0.49898373983739835,0.49898373983739835,-0.003568242640499554,0.0,0.49198396793587174,0.49898373983739835,0.016,0.984,21500.0,9640.0
meta.imbalanced.OnlineAdaC2 -l (trees.HoeffdingTree -e 2000000 -g 100 -c 0.01),ArffFileStream -f ./../../../Dataset/benchmarks/nomao.arff,1,22000.0,32.234375,8.038849854427908E-8,22000.0,0.996,0.49899799599198397,0.49899799599198397,-0.002004008016032064,0.0,0.49899799599198397,0.49899799599198397,0.002,0.998,22000.0,9640.0
meta.imbalanced.OnlineAdaC2 -l (trees.HoeffdingTree -e 2000000 -g 100 -c 0.01),ArffFileStream -f ./../../../Dataset/benchmarks/nomao.arff,1,22500.0,32.71875,8.159646919618051E-8,22500.0,0.992,0.4979919678714859,0.4979919678714859,-0.004016064257028112,0.0,0.4979919678714859,0.4979919678714859,0.004,0.996,22500.0,9640.0
meta.imbalanced.OnlineAdaC2 -l (trees.HoeffdingTree -e 2000000 -g 100 -c 0.01),ArffFileStream -f ./../../../Dataset/benchmarks/nomao.arff,1,23000.0,33.015625,8.233683830541042E-8,23000.0,0.996,0.996,0.998,0.0,0.997997995989972,0.5,0.996,0.0,1.0,23000.0,9640.0
meta.imbalanced.OnlineAdaC2 -l (trees.HoeffdingTree -e 2000000 -g 100 -c 0.01),ArffFileStream -f ./../../../Dataset/benchmarks/nomao.arff,1,23500.0,34.578125,8.62335178276731E-8,23500.0,0.892,0.5497136707790461,0.5497136707790461,0.16081307888357058,0.31853463632605966,0.8748188930744711,0.5497136707790461,0.118,0.882,23500.0,9640.0
meta.imbalanced.OnlineAdaC2 -l (trees.HoeffdingTree -e 2000000 -g 100 -c 0.01),ArffFileStream -f ./../../../Dataset/benchmarks/nomao.arff,1,24000.0,36.234375,9.036399812127153E-8,24000.0,0.726,0.8205980884816237,0.8205980884816239,0.4318181818181818,0.804889482183675,0.7089923725411481,0.8205980884816237,0.796,0.204,24000.0,9640.0
meta.imbalanced.OnlineAdaC2 -l (trees.HoeffdingTree -e 2000000 -g 100 -c 0.01),ArffFileStream -f ./../../../Dataset/benchmarks/nomao.arff,1,24500.0,36.671875,9.145506838750508E-8,24500.0,0.972,0.972,0.986,0.0,0.985900603509299,0.5,0.972,1.0,0.0,24500.0,9640.0
meta.imbalanced.OnlineAdaC2 -l (trees.HoeffdingTree -e 2000000 -g 100 -c 0.01),ArffFileStream -f ./../../../Dataset/benchmarks/nomao.arff,1,25000.0,37.15625,9.266303903940651E-8,25000.0,0.97,0.9644607843137255,0.9644607843137255,0.7388943044144269,0.9644413195335056,0.8097308972038993,0.9644607843137255,0.952,0.048,25000.0,9640.0
meta.imbalanced.OnlineAdaC2 -l (trees.HoeffdingTree -e 2000000 -g 100 -c 0.01),ArffFileStream -f ./../../../Dataset/benchmarks/nomao.arff,1,25500.0,40.234375,1.0033949769826398E-7,25500.0,0.886,0.9213016055045872,0.9213016055045872,0.6226365128965626,0.9200789630054247,0.7623462988998237,0.9213016055045872,0.872,0.128,25500.0,9640.0
meta.imbalanced.OnlineAdaC2 -l (trees.HoeffdingTree -e 2000000 -g 100 -c 0.01),ArffFileStream -f ./../../../Dataset/benchmarks/nomao.arff,1,26000.0,43.34375,1.0809388994756671E-7,26000.0,0.77,0.6439338235294118,0.6439338235294118,0.35262328304435936,0.5403906539009806,0.8543146748721662,0.6439338235294118,0.32,0.68,26000.0,9640.0
meta.imbalanced.OnlineAdaC2 -l (trees.HoeffdingTree -e 2000000 -g 100 -c 0.01),ArffFileStream -f ./../../../Dataset/benchmarks/nomao.arff,1,26500.0,44.0625,1.0988636252780755E-7,26500.0,0.994,0.994,0.997,0.0,0.9969954864491614,0.5,0.994,0.0,1.0,26500.0,9640.0
meta.imbalanced.OnlineAdaC2 -l (trees.HoeffdingTree -e 2000000 -g 100 -c 0.01),ArffFileStream -f ./../../../Dataset/benchmarks/nomao.arff,1,27000.0,44.375,1.1066569843226009E-7,27000.0,0.998,0.998,0.999,0.0,0.9989994994993742,0.5,0.998,0.0,1.0,27000.0,9640.0
meta.imbalanced.OnlineAdaC2 -l (trees.HoeffdingTree -e 2000000 -g 100 -c 0.01),ArffFileStream -f ./../../../Dataset/benchmarks/nomao.arff,1,27500.0,44.671875,1.1140606754149E-7,27500.0,0.998,0.998,0.999,0.0,0.9989994994993742,0.5,0.998,0.0,1.0,27500.0,9640.0
meta.imbalanced.OnlineAdaC2 -l (trees.HoeffdingTree -e 2000000 -g 100 -c 0.01),ArffFileStream -f ./../../../Dataset/benchmarks/nomao.arff,1,28000.0,44.9375,1.1206850306027465E-7,28000.0,0.998,0.998,0.999,0.0,0.9989994994993742,0.5,0.998,0.0,1.0,28000.0,9640.0
meta.imbalanced.OnlineAdaC2 -l (trees.HoeffdingTree -e 2000000 -g 100 -c 0.01),ArffFileStream -f ./../../../Dataset/benchmarks/nomao.arff,1,28500.0,46.0,1.1471824513541326E-7,28500.0,0.964,0.5557179393496529,0.555717939349653,0.16897506925207756,0.3419303024741904,0.6848484848484848,0.5557179393496529,0.034,0.966,28500.0,9640.0
meta.imbalanced.OnlineAdaC2 -l (trees.HoeffdingTree -e 2000000 -g 100 -c 0.01),ArffFileStream -f ./../../../Dataset/benchmarks/nomao.arff,1,29000.0,47.53125,1.1853699106723069E-7,29000.0,0.822,0.6466666666666666,0.6466666666666667,0.3819444444444444,0.5433329243352244,0.8916040100250626,0.6466666666666666,0.25,0.75,29000.0,9640.0
meta.imbalanced.OnlineAdaC2 -l (trees.HoeffdingTree -e 2000000 -g 100 -c 0.01),ArffFileStream -f ./../../../Dataset/benchmarks/nomao.arff,1,29500.0,49.09375,1.2243367058949336E-7,29500.0,0.548,0.7257281553398058,0.7257281553398058,0.2246253499478509,0.6719049863482274,0.6401273885350318,0.7257281553398058,0.824,0.176,29500.0,9640.0
meta.imbalanced.OnlineAdaC2 -l (trees.HoeffdingTree -e 2000000 -g 100 -c 0.01),ArffFileStream -f ./../../../Dataset/benchmarks/nomao.arff,1,30000.0,50.59375,1.2617448293086555E-7,30000.0,0.64,0.6327479338842975,0.6327479338842975,0.043692621557293435,0.6327004957761388,0.5176802421574023,0.6327479338842975,0.968,0.032,30000.0,9640.0
meta.imbalanced.OnlineAdaC2 -l (trees.HoeffdingTree -e 2000000 -g 100 -c 0.01),ArffFileStream -f ./../../../Dataset/benchmarks/nomao.arff,1,30500.0,52.4375,1.3077256476713551E-7,30500.0,0.706,0.6775666788454513,0.6775666788454512,0.07351384056874906,0.6768795129457461,0.5275635208711433,0.6775666788454513,0.966,0.034,30500.0,9640.0
meta.imbalanced.OnlineAdaC2 -l (trees.HoeffdingTree -e 2000000 -g 100 -c 0.01),ArffFileStream -f ./../../../Dataset/benchmarks/nomao.arff,1,31000.0,54.03125,1.3474717787984345E-7,31000.0,0.726,0.6595420777006455,0.6595420777006455,0.07106048277732574,0.6556760594018449,0.5259920634920635,0.6595420777006455,0.966,0.034,31000.0,9640.0
meta.imbalanced.OnlineAdaC2 -l (trees.HoeffdingTree -e 2000000 -g 100 -c 0.01),ArffFileStream -f ./../../../Dataset/benchmarks/nomao.arff,1,31500.0,56.453125,1.407870311393506E-7,31500.0,0.65,0.7454324216337946,0.7454324216337946,0.23599469125454037,0.734433086234723,0.6094853846652407,0.7454324216337946,0.874,0.126,31500.0,9640.0
meta.imbalanced.OnlineAdaC2 -l (trees.HoeffdingTree -e 2000000 -g 100 -c 0.01),ArffFileStream -f ./../../../Dataset/benchmarks/nomao.arff,1,32000.0,59.4375,1.4822968902687231E-7,32000.0,0.526,0.6885157096424702,0.6885157096424703,0.1623547374671304,0.6500270850261592,0.5950914149443561,0.6885157096424702,0.858,0.142,32000.0,9640.0
meta.imbalanced.OnlineAdaC2 -l (trees.HoeffdingTree -e 2000000 -g 100 -c 0.01),ArffFileStream -f ./../../../Dataset/benchmarks/nomao.arff,1,32500.0,61.046875,1.5224326893480286E-7,32500.0,0.826,0.877940188172043,0.877940188172043,0.6233244432129126,0.8714646320067784,0.795117991439676,0.877940188172043,0.744,0.256,32500.0,9640.0
meta.imbalanced.OnlineAdaC2 -l (trees.HoeffdingTree -e 2000000 -g 100 -c 0.01),ArffFileStream -f ./../../../Dataset/benchmarks/nomao.arff,1,33000.0,61.375,1.5306157163447803E-7,33000.0,0.978,0.9886831275720165,0.9886831275720165,0.7074468085106383,0.9886183566695659,0.78,0.9886831275720165,0.972,0.028,33000.0,9640.0
meta.imbalanced.OnlineAdaC2 -l (trees.HoeffdingTree -e 2000000 -g 100 -c 0.01),ArffFileStream -f ./../../../Dataset/benchmarks/nomao.arff,1,33500.0,64.5,1.6085493067900337E-7,33500.0,0.852,0.8723439437784208,0.8723439437784208,0.7088219091839144,0.8649913318258974,0.8633554404479515,0.8723439437784208,0.59,0.41,33500.0,9640.0
meta.imbalanced.OnlineAdaC2 -l (trees.HoeffdingTree -e 2000000 -g 100 -c 0.01),ArffFileStream -f ./../../../Dataset/benchmarks/nomao.arff,1,34000.0,66.65625,1.6623234841972586E-7,34000.0,0.826,0.8588562323559465,0.8588562323559465,0.6557999683494223,0.8505659749257434,0.832051282051282,0.8588562323559465,0.638,0.362,34000.0,9640.0
meta.imbalanced.OnlineAdaC2 -l (trees.HoeffdingTree -e 2000000 -g 100 -c 0.01),ArffFileStream -f ./../../../Dataset/benchmarks/nomao.arff,1,34465.0,70.640625,1.761688812014957E-7,34465.0,0.556,0.6728039093077653,0.6728039093077655,0.2119052014256706,0.639165021916435,0.6259303640444887,0.6728039093077653,0.778,0.222,34465.0,9640.0
