Learner,stream,randomSeed,learning evaluation instances,evaluation time (cpu seconds),model cost (RAM-Hours),classified instances,Accuracy,AvgAccuracy,AUC,Kappa,G-Mean,Precision,Recall,Ratio-Class-0,Ratio-Class-1,Ratio-Class-2,Ratio-Class-3,Ratio-Class-4,Ratio-Class-5,Ratio-Class-6,Ratio-Class-7,Ratio-Class-8,Ratio-Class-9,Ratio-Class-10,Ratio-Class-11,Ratio-Class-12,Ratio-Class-13,Ratio-Class-14,Ratio-Class-15,Ratio-Class-16,Ratio-Class-17,model training instances,model serialized size (bytes)
meta.imbalanced.OnlineRUSBoost -l (trees.HoeffdingTree -e 2000000 -g 100 -c 0.01),ArffFileStream -f ./../../../Dataset/benchmarks/kr-vs-k.arff,1,500.0,0.078125,7.049594488408831E-11,500.0,1.0,1.0,1.0,1.0,1.0,1.0,1.0,1.0,0.0,0.0,0.0,0.0,0.0,0.0,0.0,0.0,0.0,0.0,0.0,0.0,0.0,0.0,0.0,0.0,0.0,500.0,3488.0
meta.imbalanced.OnlineRUSBoost -l (trees.HoeffdingTree -e 2000000 -g 100 -c 0.01),ArffFileStream -f ./../../../Dataset/benchmarks/kr-vs-k.arff,1,1000.0,0.125,1.1279351181454129E-10,1000.0,1.0,1.0,1.0,1.0,1.0,1.0,1.0,1.0,0.0,0.0,0.0,0.0,0.0,0.0,0.0,0.0,0.0,0.0,0.0,0.0,0.0,0.0,0.0,0.0,0.0,1000.0,3488.0
meta.imbalanced.OnlineRUSBoost -l (trees.HoeffdingTree -e 2000000 -g 100 -c 0.01),ArffFileStream -f ./../../../Dataset/benchmarks/kr-vs-k.arff,1,1500.0,0.140625,1.2689270079135896E-10,1500.0,1.0,1.0,1.0,1.0,1.0,1.0,1.0,1.0,0.0,0.0,0.0,0.0,0.0,0.0,0.0,0.0,0.0,0.0,0.0,0.0,0.0,0.0,0.0,0.0,0.0,1500.0,3488.0
meta.imbalanced.OnlineRUSBoost -l (trees.HoeffdingTree -e 2000000 -g 100 -c 0.01),ArffFileStream -f ./../../../Dataset/benchmarks/kr-vs-k.arff,1,2000.0,0.15625,1.4099188976817662E-10,2000.0,1.0,1.0,1.0,1.0,1.0,1.0,1.0,1.0,0.0,0.0,0.0,0.0,0.0,0.0,0.0,0.0,0.0,0.0,0.0,0.0,0.0,0.0,0.0,0.0,0.0,2000.0,3488.0
meta.imbalanced.OnlineRUSBoost -l (trees.HoeffdingTree -e 2000000 -g 100 -c 0.01),ArffFileStream -f ./../../../Dataset/benchmarks/kr-vs-k.arff,1,2500.0,0.171875,1.550910787449943E-10,2500.0,1.0,1.0,1.0,1.0,1.0,1.0,1.0,1.0,0.0,0.0,0.0,0.0,0.0,0.0,0.0,0.0,0.0,0.0,0.0,0.0,0.0,0.0,0.0,0.0,0.0,2500.0,3488.0
meta.imbalanced.OnlineRUSBoost -l (trees.HoeffdingTree -e 2000000 -g 100 -c 0.01),ArffFileStream -f ./../../../Dataset/benchmarks/kr-vs-k.arff,1,3000.0,0.25,2.255870236290826E-10,3000.0,0.822,0.6707135457135457,0.9949739802680978,0.6780774350367498,0.9064920021578619,0.7382421371889152,0.6707135457135457,0.592,0.054,0.156,0.198,0.0,0.0,0.0,0.0,0.0,0.0,0.0,0.0,0.0,0.0,0.0,0.0,0.0,0.0,3000.0,3488.0
meta.imbalanced.OnlineRUSBoost -l (trees.HoeffdingTree -e 2000000 -g 100 -c 0.01),ArffFileStream -f ./../../../Dataset/benchmarks/kr-vs-k.arff,1,3500.0,0.296875,2.678845905595356E-10,3500.0,0.274,0.26267764363002455,0.9840083723414179,0.06771042006965204,0.0,0.2555755575557556,0.26267764363002455,0.0,0.0,0.0,0.294,0.162,0.396,0.148,0.0,0.0,0.0,0.0,0.0,0.0,0.0,0.0,0.0,0.0,0.0,3500.0,3488.0
meta.imbalanced.OnlineRUSBoost -l (trees.HoeffdingTree -e 2000000 -g 100 -c 0.01),ArffFileStream -f ./../../../Dataset/benchmarks/kr-vs-k.arff,1,4000.0,0.328125,2.9608296851317094E-10,4000.0,0.026,0.030752488322613777,0.9866373577709503,0.010222953884925716,0.6764873959536147,0.4,0.030752488322613777,0.0,0.0,0.0,0.0,0.0,0.0,0.794,0.206,0.0,0.0,0.0,0.0,0.0,0.0,0.0,0.0,0.0,0.0,4000.0,3488.0
meta.imbalanced.OnlineRUSBoost -l (trees.HoeffdingTree -e 2000000 -g 100 -c 0.01),ArffFileStream -f ./../../../Dataset/benchmarks/kr-vs-k.arff,1,4500.0,0.375,3.383805354436239E-10,4500.0,0.046,0.023517382413087935,0.9842652197147203,-0.0051161889028429825,0.0,0.2948717948717949,0.023517382413087935,0.0,0.0,0.0,0.0,0.0,0.0,0.0,0.978,0.022,0.0,0.0,0.0,0.0,0.0,0.0,0.0,0.0,0.0,4500.0,3488.0
meta.imbalanced.OnlineRUSBoost -l (trees.HoeffdingTree -e 2000000 -g 100 -c 0.01),ArffFileStream -f ./../../../Dataset/benchmarks/kr-vs-k.arff,1,5000.0,0.421875,3.806781023740769E-10,5000.0,0.0,0.0,0.9901960784313726,0.0,0.0,0.0,0.0,0.0,0.0,0.0,0.0,0.0,0.0,0.0,0.0,1.0,0.0,0.0,0.0,0.0,0.0,0.0,0.0,0.0,0.0,5000.0,3488.0
meta.imbalanced.OnlineRUSBoost -l (trees.HoeffdingTree -e 2000000 -g 100 -c 0.01),ArffFileStream -f ./../../../Dataset/benchmarks/kr-vs-k.arff,1,5500.0,0.46875,4.2297566930452987E-10,5500.0,0.002,0.0029069767441860465,0.9807703945775842,0.001312903277454889,0.0,0.25,0.0029069767441860465,0.0,0.0,0.0,0.0,0.0,0.0,0.0,0.0,0.344,0.656,0.0,0.0,0.0,0.0,0.0,0.0,0.0,0.0,5500.0,3488.0
meta.imbalanced.OnlineRUSBoost -l (trees.HoeffdingTree -e 2000000 -g 100 -c 0.01),ArffFileStream -f ./../../../Dataset/benchmarks/kr-vs-k.arff,1,6000.0,0.5,4.511740472581652E-10,6000.0,0.0,0.0,0.9869281045751634,0.0,0.0,0.0,0.0,0.0,0.0,0.0,0.0,0.0,0.0,0.0,0.0,0.0,1.0,0.0,0.0,0.0,0.0,0.0,0.0,0.0,0.0,6000.0,3488.0
meta.imbalanced.OnlineRUSBoost -l (trees.HoeffdingTree -e 2000000 -g 100 -c 0.01),ArffFileStream -f ./../../../Dataset/benchmarks/kr-vs-k.arff,1,6500.0,0.546875,4.934716141886182E-10,6500.0,0.0,0.0,0.9901960784313726,0.0,0.0,0.0,0.0,0.0,0.0,0.0,0.0,0.0,0.0,0.0,0.0,0.0,1.0,0.0,0.0,0.0,0.0,0.0,0.0,0.0,0.0,6500.0,3488.0
meta.imbalanced.OnlineRUSBoost -l (trees.HoeffdingTree -e 2000000 -g 100 -c 0.01),ArffFileStream -f ./../../../Dataset/benchmarks/kr-vs-k.arff,1,7000.0,0.59375,5.357691811190712E-10,7000.0,0.0,0.0,0.9836601307189542,0.0,0.0,0.0,0.0,0.0,0.0,0.0,0.0,0.0,0.0,0.0,0.0,0.0,0.21,0.79,0.0,0.0,0.0,0.0,0.0,0.0,0.0,7000.0,3488.0
meta.imbalanced.OnlineRUSBoost -l (trees.HoeffdingTree -e 2000000 -g 100 -c 0.01),ArffFileStream -f ./../../../Dataset/benchmarks/kr-vs-k.arff,1,7500.0,0.625,5.639675590727065E-10,7500.0,0.0,0.0,0.9901960784313726,0.0,0.0,0.0,0.0,0.0,0.0,0.0,0.0,0.0,0.0,0.0,0.0,0.0,0.0,1.0,0.0,0.0,0.0,0.0,0.0,0.0,0.0,7500.0,3488.0
meta.imbalanced.OnlineRUSBoost -l (trees.HoeffdingTree -e 2000000 -g 100 -c 0.01),ArffFileStream -f ./../../../Dataset/benchmarks/kr-vs-k.arff,1,8000.0,0.65625,5.921659370263418E-10,8000.0,0.0,0.0,0.9901960784313726,0.0,0.0,0.0,0.0,0.0,0.0,0.0,0.0,0.0,0.0,0.0,0.0,0.0,0.0,1.0,0.0,0.0,0.0,0.0,0.0,0.0,0.0,8000.0,3488.0
meta.imbalanced.OnlineRUSBoost -l (trees.HoeffdingTree -e 2000000 -g 100 -c 0.01),ArffFileStream -f ./../../../Dataset/benchmarks/kr-vs-k.arff,1,8500.0,0.6875,6.203643149799771E-10,8500.0,0.0,0.0,0.9803921568627451,0.0,0.0,0.0,0.0,0.0,0.0,0.0,0.0,0.0,0.0,0.0,0.0,0.0,0.0,0.634,0.366,0.0,0.0,0.0,0.0,0.0,0.0,8500.0,3488.0
meta.imbalanced.OnlineRUSBoost -l (trees.HoeffdingTree -e 2000000 -g 100 -c 0.01),ArffFileStream -f ./../../../Dataset/benchmarks/kr-vs-k.arff,1,9000.0,0.734375,6.6266188191043E-10,9000.0,0.0,0.0,0.9901960784313726,0.0,0.0,0.0,0.0,0.0,0.0,0.0,0.0,0.0,0.0,0.0,0.0,0.0,0.0,0.0,1.0,0.0,0.0,0.0,0.0,0.0,0.0,9000.0,3488.0
meta.imbalanced.OnlineRUSBoost -l (trees.HoeffdingTree -e 2000000 -g 100 -c 0.01),ArffFileStream -f ./../../../Dataset/benchmarks/kr-vs-k.arff,1,9500.0,0.78125,7.04959448840883E-10,9500.0,0.0,0.0,0.9901960784313726,0.0,0.0,0.0,0.0,0.0,0.0,0.0,0.0,0.0,0.0,0.0,0.0,0.0,0.0,0.0,1.0,0.0,0.0,0.0,0.0,0.0,0.0,9500.0,3488.0
meta.imbalanced.OnlineRUSBoost -l (trees.HoeffdingTree -e 2000000 -g 100 -c 0.01),ArffFileStream -f ./../../../Dataset/benchmarks/kr-vs-k.arff,1,10000.0,0.828125,7.47257015771336E-10,10000.0,0.0,0.0,0.9934640522875817,0.0,0.0,0.0,0.0,0.0,0.0,0.0,0.0,0.0,0.0,0.0,0.0,0.0,0.0,0.0,1.0,0.0,0.0,0.0,0.0,0.0,0.0,10000.0,3488.0
meta.imbalanced.OnlineRUSBoost -l (trees.HoeffdingTree -e 2000000 -g 100 -c 0.01),ArffFileStream -f ./../../../Dataset/benchmarks/kr-vs-k.arff,1,10500.0,0.859375,7.754553937249713E-10,10500.0,0.0,0.0,0.9803921568627451,0.0,0.0,0.0,0.0,0.0,0.0,0.0,0.0,0.0,0.0,0.0,0.0,0.0,0.0,0.0,0.604,0.396,0.0,0.0,0.0,0.0,0.0,10500.0,3488.0
meta.imbalanced.OnlineRUSBoost -l (trees.HoeffdingTree -e 2000000 -g 100 -c 0.01),ArffFileStream -f ./../../../Dataset/benchmarks/kr-vs-k.arff,1,11000.0,0.890625,8.036537716786066E-10,11000.0,0.0,0.0,0.9934640522875817,0.0,0.0,0.0,0.0,0.0,0.0,0.0,0.0,0.0,0.0,0.0,0.0,0.0,0.0,0.0,0.0,1.0,0.0,0.0,0.0,0.0,0.0,11000.0,3488.0
meta.imbalanced.OnlineRUSBoost -l (trees.HoeffdingTree -e 2000000 -g 100 -c 0.01),ArffFileStream -f ./../../../Dataset/benchmarks/kr-vs-k.arff,1,11500.0,0.921875,8.318521496322418E-10,11500.0,0.0,0.0,0.9901960784313726,0.0,0.0,0.0,0.0,0.0,0.0,0.0,0.0,0.0,0.0,0.0,0.0,0.0,0.0,0.0,0.0,1.0,0.0,0.0,0.0,0.0,0.0,11500.0,3488.0
meta.imbalanced.OnlineRUSBoost -l (trees.HoeffdingTree -e 2000000 -g 100 -c 0.01),ArffFileStream -f ./../../../Dataset/benchmarks/kr-vs-k.arff,1,12000.0,0.953125,8.600505275858771E-10,12000.0,0.0,0.0,0.9934640522875817,0.0,0.0,0.0,0.0,0.0,0.0,0.0,0.0,0.0,0.0,0.0,0.0,0.0,0.0,0.0,0.0,1.0,0.0,0.0,0.0,0.0,0.0,12000.0,3488.0
meta.imbalanced.OnlineRUSBoost -l (trees.HoeffdingTree -e 2000000 -g 100 -c 0.01),ArffFileStream -f ./../../../Dataset/benchmarks/kr-vs-k.arff,1,12500.0,0.984375,8.882489055395124E-10,12500.0,0.0,0.0,0.9901960784313726,0.0,0.0,0.0,0.0,0.0,0.0,0.0,0.0,0.0,0.0,0.0,0.0,0.0,0.0,0.0,0.0,1.0,0.0,0.0,0.0,0.0,0.0,12500.0,3488.0
meta.imbalanced.OnlineRUSBoost -l (trees.HoeffdingTree -e 2000000 -g 100 -c 0.01),ArffFileStream -f ./../../../Dataset/benchmarks/kr-vs-k.arff,1,13000.0,1.015625,9.164472834931477E-10,13000.0,0.0,0.0,0.9901960784313726,0.0,0.0,0.0,0.0,0.0,0.0,0.0,0.0,0.0,0.0,0.0,0.0,0.0,0.0,0.0,0.0,1.0,0.0,0.0,0.0,0.0,0.0,13000.0,3488.0
meta.imbalanced.OnlineRUSBoost -l (trees.HoeffdingTree -e 2000000 -g 100 -c 0.01),ArffFileStream -f ./../../../Dataset/benchmarks/kr-vs-k.arff,1,13500.0,1.046875,9.44645661446783E-10,13500.0,0.0,0.0,0.9836601307189542,0.0,0.0,0.0,0.0,0.0,0.0,0.0,0.0,0.0,0.0,0.0,0.0,0.0,0.0,0.0,0.0,0.312,0.688,0.0,0.0,0.0,0.0,13500.0,3488.0
meta.imbalanced.OnlineRUSBoost -l (trees.HoeffdingTree -e 2000000 -g 100 -c 0.01),ArffFileStream -f ./../../../Dataset/benchmarks/kr-vs-k.arff,1,14000.0,1.078125,9.728440394004185E-10,14000.0,0.0,0.0,0.9934640522875817,0.0,0.0,0.0,0.0,0.0,0.0,0.0,0.0,0.0,0.0,0.0,0.0,0.0,0.0,0.0,0.0,0.0,1.0,0.0,0.0,0.0,0.0,14000.0,3488.0
meta.imbalanced.OnlineRUSBoost -l (trees.HoeffdingTree -e 2000000 -g 100 -c 0.01),ArffFileStream -f ./../../../Dataset/benchmarks/kr-vs-k.arff,1,14500.0,1.109375,1.0010424173540539E-9,14500.0,0.0,0.0,0.9901960784313726,0.0,0.0,0.0,0.0,0.0,0.0,0.0,0.0,0.0,0.0,0.0,0.0,0.0,0.0,0.0,0.0,0.0,1.0,0.0,0.0,0.0,0.0,14500.0,3488.0
meta.imbalanced.OnlineRUSBoost -l (trees.HoeffdingTree -e 2000000 -g 100 -c 0.01),ArffFileStream -f ./../../../Dataset/benchmarks/kr-vs-k.arff,1,15000.0,1.140625,1.0292407953076892E-9,15000.0,0.0,0.0,0.9934640522875817,0.0,0.0,0.0,0.0,0.0,0.0,0.0,0.0,0.0,0.0,0.0,0.0,0.0,0.0,0.0,0.0,0.0,1.0,0.0,0.0,0.0,0.0,15000.0,3488.0
meta.imbalanced.OnlineRUSBoost -l (trees.HoeffdingTree -e 2000000 -g 100 -c 0.01),ArffFileStream -f ./../../../Dataset/benchmarks/kr-vs-k.arff,1,15500.0,1.171875,1.0574391732613246E-9,15500.0,0.0,0.0,0.9934640522875817,0.0,0.0,0.0,0.0,0.0,0.0,0.0,0.0,0.0,0.0,0.0,0.0,0.0,0.0,0.0,0.0,0.0,1.0,0.0,0.0,0.0,0.0,15500.0,3488.0
meta.imbalanced.OnlineRUSBoost -l (trees.HoeffdingTree -e 2000000 -g 100 -c 0.01),ArffFileStream -f ./../../../Dataset/benchmarks/kr-vs-k.arff,1,16000.0,1.1875,1.0715383622381422E-9,16000.0,0.0,0.0,0.9934640522875817,0.0,0.0,0.0,0.0,0.0,0.0,0.0,0.0,0.0,0.0,0.0,0.0,0.0,0.0,0.0,0.0,0.0,1.0,0.0,0.0,0.0,0.0,16000.0,3488.0
meta.imbalanced.OnlineRUSBoost -l (trees.HoeffdingTree -e 2000000 -g 100 -c 0.01),ArffFileStream -f ./../../../Dataset/benchmarks/kr-vs-k.arff,1,16500.0,1.21875,1.0997367401917776E-9,16500.0,0.0,0.0,0.9934640522875817,0.0,0.0,0.0,0.0,0.0,0.0,0.0,0.0,0.0,0.0,0.0,0.0,0.0,0.0,0.0,0.0,0.0,1.0,0.0,0.0,0.0,0.0,16500.0,3488.0
meta.imbalanced.OnlineRUSBoost -l (trees.HoeffdingTree -e 2000000 -g 100 -c 0.01),ArffFileStream -f ./../../../Dataset/benchmarks/kr-vs-k.arff,1,17000.0,1.25,1.127935118145413E-9,17000.0,0.0,0.0,0.9836601307189542,0.0,0.0,0.0,0.0,0.0,0.0,0.0,0.0,0.0,0.0,0.0,0.0,0.0,0.0,0.0,0.0,0.0,0.506,0.494,0.0,0.0,0.0,17000.0,3488.0
meta.imbalanced.OnlineRUSBoost -l (trees.HoeffdingTree -e 2000000 -g 100 -c 0.01),ArffFileStream -f ./../../../Dataset/benchmarks/kr-vs-k.arff,1,17500.0,1.28125,1.1561334960990484E-9,17500.0,0.0,0.0,0.9934640522875817,0.0,0.0,0.0,0.0,0.0,0.0,0.0,0.0,0.0,0.0,0.0,0.0,0.0,0.0,0.0,0.0,0.0,0.0,1.0,0.0,0.0,0.0,17500.0,3488.0
meta.imbalanced.OnlineRUSBoost -l (trees.HoeffdingTree -e 2000000 -g 100 -c 0.01),ArffFileStream -f ./../../../Dataset/benchmarks/kr-vs-k.arff,1,18000.0,1.3125,1.1843318740526838E-9,18000.0,0.0,0.0,0.9934640522875817,0.0,0.0,0.0,0.0,0.0,0.0,0.0,0.0,0.0,0.0,0.0,0.0,0.0,0.0,0.0,0.0,0.0,0.0,1.0,0.0,0.0,0.0,18000.0,3488.0
meta.imbalanced.OnlineRUSBoost -l (trees.HoeffdingTree -e 2000000 -g 100 -c 0.01),ArffFileStream -f ./../../../Dataset/benchmarks/kr-vs-k.arff,1,18500.0,1.328125,1.1984310630295014E-9,18500.0,0.0,0.0,0.9901960784313726,0.0,0.0,0.0,0.0,0.0,0.0,0.0,0.0,0.0,0.0,0.0,0.0,0.0,0.0,0.0,0.0,0.0,0.0,1.0,0.0,0.0,0.0,18500.0,3488.0
meta.imbalanced.OnlineRUSBoost -l (trees.HoeffdingTree -e 2000000 -g 100 -c 0.01),ArffFileStream -f ./../../../Dataset/benchmarks/kr-vs-k.arff,1,19000.0,1.359375,1.2266294409831367E-9,19000.0,0.0,0.0,0.9901960784313726,0.0,0.0,0.0,0.0,0.0,0.0,0.0,0.0,0.0,0.0,0.0,0.0,0.0,0.0,0.0,0.0,0.0,0.0,1.0,0.0,0.0,0.0,19000.0,3488.0
meta.imbalanced.OnlineRUSBoost -l (trees.HoeffdingTree -e 2000000 -g 100 -c 0.01),ArffFileStream -f ./../../../Dataset/benchmarks/kr-vs-k.arff,1,19500.0,1.390625,1.2548278189367721E-9,19500.0,0.0,0.0,0.9934640522875817,0.0,0.0,0.0,0.0,0.0,0.0,0.0,0.0,0.0,0.0,0.0,0.0,0.0,0.0,0.0,0.0,0.0,0.0,1.0,0.0,0.0,0.0,19500.0,3488.0
meta.imbalanced.OnlineRUSBoost -l (trees.HoeffdingTree -e 2000000 -g 100 -c 0.01),ArffFileStream -f ./../../../Dataset/benchmarks/kr-vs-k.arff,1,20000.0,1.421875,1.2830261968904075E-9,20000.0,0.0,0.0,0.9901960784313726,0.0,0.0,0.0,0.0,0.0,0.0,0.0,0.0,0.0,0.0,0.0,0.0,0.0,0.0,0.0,0.0,0.0,0.0,1.0,0.0,0.0,0.0,20000.0,3488.0
meta.imbalanced.OnlineRUSBoost -l (trees.HoeffdingTree -e 2000000 -g 100 -c 0.01),ArffFileStream -f ./../../../Dataset/benchmarks/kr-vs-k.arff,1,20500.0,1.453125,1.311224574844043E-9,20500.0,0.0,0.0,0.9934640522875817,0.0,0.0,0.0,0.0,0.0,0.0,0.0,0.0,0.0,0.0,0.0,0.0,0.0,0.0,0.0,0.0,0.0,0.0,1.0,0.0,0.0,0.0,20500.0,3488.0
meta.imbalanced.OnlineRUSBoost -l (trees.HoeffdingTree -e 2000000 -g 100 -c 0.01),ArffFileStream -f ./../../../Dataset/benchmarks/kr-vs-k.arff,1,21000.0,1.46875,1.3253237638208605E-9,21000.0,0.0,0.0,0.9836601307189542,0.0,0.0,0.0,0.0,0.0,0.0,0.0,0.0,0.0,0.0,0.0,0.0,0.0,0.0,0.0,0.0,0.0,0.0,0.894,0.106,0.0,0.0,21000.0,3488.0
meta.imbalanced.OnlineRUSBoost -l (trees.HoeffdingTree -e 2000000 -g 100 -c 0.01),ArffFileStream -f ./../../../Dataset/benchmarks/kr-vs-k.arff,1,21500.0,1.5,1.3535221417744959E-9,21500.0,0.0,0.0,0.9901960784313726,0.0,0.0,0.0,0.0,0.0,0.0,0.0,0.0,0.0,0.0,0.0,0.0,0.0,0.0,0.0,0.0,0.0,0.0,0.0,1.0,0.0,0.0,21500.0,3488.0
meta.imbalanced.OnlineRUSBoost -l (trees.HoeffdingTree -e 2000000 -g 100 -c 0.01),ArffFileStream -f ./../../../Dataset/benchmarks/kr-vs-k.arff,1,22000.0,1.53125,1.3817205197281313E-9,22000.0,0.0,0.0,0.9934640522875817,0.0,0.0,0.0,0.0,0.0,0.0,0.0,0.0,0.0,0.0,0.0,0.0,0.0,0.0,0.0,0.0,0.0,0.0,0.0,1.0,0.0,0.0,22000.0,3488.0
meta.imbalanced.OnlineRUSBoost -l (trees.HoeffdingTree -e 2000000 -g 100 -c 0.01),ArffFileStream -f ./../../../Dataset/benchmarks/kr-vs-k.arff,1,22500.0,1.5625,1.4099188976817667E-9,22500.0,0.0,0.0,0.9934640522875817,0.0,0.0,0.0,0.0,0.0,0.0,0.0,0.0,0.0,0.0,0.0,0.0,0.0,0.0,0.0,0.0,0.0,0.0,0.0,1.0,0.0,0.0,22500.0,3488.0
meta.imbalanced.OnlineRUSBoost -l (trees.HoeffdingTree -e 2000000 -g 100 -c 0.01),ArffFileStream -f ./../../../Dataset/benchmarks/kr-vs-k.arff,1,23000.0,1.59375,1.438117275635402E-9,23000.0,0.0,0.0,0.9934640522875817,0.0,0.0,0.0,0.0,0.0,0.0,0.0,0.0,0.0,0.0,0.0,0.0,0.0,0.0,0.0,0.0,0.0,0.0,0.0,1.0,0.0,0.0,23000.0,3488.0
meta.imbalanced.OnlineRUSBoost -l (trees.HoeffdingTree -e 2000000 -g 100 -c 0.01),ArffFileStream -f ./../../../Dataset/benchmarks/kr-vs-k.arff,1,23500.0,1.609375,1.4522164646122196E-9,23500.0,0.0,0.0,0.9934640522875817,0.0,0.0,0.0,0.0,0.0,0.0,0.0,0.0,0.0,0.0,0.0,0.0,0.0,0.0,0.0,0.0,0.0,0.0,0.0,1.0,0.0,0.0,23500.0,3488.0
meta.imbalanced.OnlineRUSBoost -l (trees.HoeffdingTree -e 2000000 -g 100 -c 0.01),ArffFileStream -f ./../../../Dataset/benchmarks/kr-vs-k.arff,1,24000.0,1.640625,1.480414842565855E-9,24000.0,0.0,0.0,0.9934640522875817,0.0,0.0,0.0,0.0,0.0,0.0,0.0,0.0,0.0,0.0,0.0,0.0,0.0,0.0,0.0,0.0,0.0,0.0,0.0,1.0,0.0,0.0,24000.0,3488.0
meta.imbalanced.OnlineRUSBoost -l (trees.HoeffdingTree -e 2000000 -g 100 -c 0.01),ArffFileStream -f ./../../../Dataset/benchmarks/kr-vs-k.arff,1,24500.0,1.671875,1.5086132205194904E-9,24500.0,0.0,0.0,0.9934640522875817,0.0,0.0,0.0,0.0,0.0,0.0,0.0,0.0,0.0,0.0,0.0,0.0,0.0,0.0,0.0,0.0,0.0,0.0,0.0,1.0,0.0,0.0,24500.0,3488.0
meta.imbalanced.OnlineRUSBoost -l (trees.HoeffdingTree -e 2000000 -g 100 -c 0.01),ArffFileStream -f ./../../../Dataset/benchmarks/kr-vs-k.arff,1,25000.0,1.703125,1.5368115984731258E-9,25000.0,0.0,0.0,0.9934640522875817,0.0,0.0,0.0,0.0,0.0,0.0,0.0,0.0,0.0,0.0,0.0,0.0,0.0,0.0,0.0,0.0,0.0,0.0,0.0,1.0,0.0,0.0,25000.0,3488.0
meta.imbalanced.OnlineRUSBoost -l (trees.HoeffdingTree -e 2000000 -g 100 -c 0.01),ArffFileStream -f ./../../../Dataset/benchmarks/kr-vs-k.arff,1,25500.0,1.71875,1.5509107874499434E-9,25500.0,0.0,0.0,0.9934640522875817,0.0,0.0,0.0,0.0,0.0,0.0,0.0,0.0,0.0,0.0,0.0,0.0,0.0,0.0,0.0,0.0,0.0,0.0,0.0,1.0,0.0,0.0,25500.0,3488.0
meta.imbalanced.OnlineRUSBoost -l (trees.HoeffdingTree -e 2000000 -g 100 -c 0.01),ArffFileStream -f ./../../../Dataset/benchmarks/kr-vs-k.arff,1,26000.0,1.75,1.5791091654035788E-9,26000.0,0.0,0.0,0.9901960784313726,0.0,0.0,0.0,0.0,0.0,0.0,0.0,0.0,0.0,0.0,0.0,0.0,0.0,0.0,0.0,0.0,0.0,0.0,0.0,0.0,1.0,0.0,26000.0,3488.0
meta.imbalanced.OnlineRUSBoost -l (trees.HoeffdingTree -e 2000000 -g 100 -c 0.01),ArffFileStream -f ./../../../Dataset/benchmarks/kr-vs-k.arff,1,26500.0,1.78125,1.6073075433572142E-9,26500.0,0.0,0.0,0.9934640522875817,0.0,0.0,0.0,0.0,0.0,0.0,0.0,0.0,0.0,0.0,0.0,0.0,0.0,0.0,0.0,0.0,0.0,0.0,0.0,0.0,1.0,0.0,26500.0,3488.0
meta.imbalanced.OnlineRUSBoost -l (trees.HoeffdingTree -e 2000000 -g 100 -c 0.01),ArffFileStream -f ./../../../Dataset/benchmarks/kr-vs-k.arff,1,27000.0,1.8125,1.6355059213108495E-9,27000.0,0.0,0.0,0.9934640522875817,0.0,0.0,0.0,0.0,0.0,0.0,0.0,0.0,0.0,0.0,0.0,0.0,0.0,0.0,0.0,0.0,0.0,0.0,0.0,0.0,1.0,0.0,27000.0,3488.0
meta.imbalanced.OnlineRUSBoost -l (trees.HoeffdingTree -e 2000000 -g 100 -c 0.01),ArffFileStream -f ./../../../Dataset/benchmarks/kr-vs-k.arff,1,27500.0,1.84375,1.663704299264485E-9,27500.0,0.0,0.0,0.9934640522875817,0.0,0.0,0.0,0.0,0.0,0.0,0.0,0.0,0.0,0.0,0.0,0.0,0.0,0.0,0.0,0.0,0.0,0.0,0.0,0.0,1.0,0.0,27500.0,3488.0
meta.imbalanced.OnlineRUSBoost -l (trees.HoeffdingTree -e 2000000 -g 100 -c 0.01),ArffFileStream -f ./../../../Dataset/benchmarks/kr-vs-k.arff,1,28000.0,1.875,1.6919026772181203E-9,28000.0,0.0,0.0,0.9869281045751634,0.0,0.0,0.0,0.0,0.0,0.0,0.0,0.0,0.0,0.0,0.0,0.0,0.0,0.0,0.0,0.0,0.0,0.0,0.0,0.0,0.332,0.668,28000.0,3488.0
meta.imbalanced.OnlineRUSBoost -l (trees.HoeffdingTree -e 2000000 -g 100 -c 0.01),ArffFileStream -f ./../../../Dataset/benchmarks/kr-vs-k.arff,1,28056.0,1.875,1.6919026772181203E-9,28056.0,0.0,0.0,0.9869281045751634,0.0,0.0,0.0,0.0,0.0,0.0,0.0,0.0,0.0,0.0,0.0,0.0,0.0,0.0,0.0,0.0,0.0,0.0,0.0,0.0,0.22,0.78,28056.0,3488.0
