Learner,stream,randomSeed,learning evaluation instances,evaluation time (cpu seconds),model cost (RAM-Hours),classified instances,Accuracy,AvgAccuracy,AUC,Kappa,G-Mean,Precision,Recall,Ratio-Class-0,Ratio-Class-1,Ratio-Class-2,Ratio-Class-3,Ratio-Class-4,Ratio-Class-5,Ratio-Class-6,Ratio-Class-7,model training instances,model serialized size (bytes)
meta.imbalanced.OnlineRUSBoost -l (trees.HoeffdingTree -e 2000000 -g 100 -c 0.01),ArffFileStream -f ./../../../Dataset/benchmarks/fars.arff,1,500.0,0.4375,6.446821822060479E-10,500.0,0.472,0.2664134294068505,0.8693766056961955,0.27007299270072993,0.0,0.3290928864914666,0.2664134294068505,0.168,0.032,0.02,0.32,0.456,0.0,0.0,0.004,500.0,5696.0
meta.imbalanced.OnlineRUSBoost -l (trees.HoeffdingTree -e 2000000 -g 100 -c 0.01),ArffFileStream -f ./../../../Dataset/benchmarks/fars.arff,1,1000.0,0.546875,8.058527277575598E-10,1000.0,0.474,0.3204555736069926,0.8845682171936345,0.2857259251614585,0.3683216578568861,0.2579902240616527,0.3204555736069926,0.214,0.022,0.048,0.28,0.436,0.0,0.0,0.0,1000.0,5696.0
meta.imbalanced.OnlineRUSBoost -l (trees.HoeffdingTree -e 2000000 -g 100 -c 0.01),ArffFileStream -f ./../../../Dataset/benchmarks/fars.arff,1,1500.0,0.65625,9.670232733090719E-10,1500.0,0.464,0.22835109962106456,0.8606547714915873,0.2623501304649396,0.0,0.28472186618815687,0.22835109962106456,0.22,0.022,0.012,0.302,0.442,0.0,0.0,0.002,1500.0,5696.0
meta.imbalanced.OnlineRUSBoost -l (trees.HoeffdingTree -e 2000000 -g 100 -c 0.01),ArffFileStream -f ./../../../Dataset/benchmarks/fars.arff,1,2000.0,0.75,1.105169455210368E-9,2000.0,0.616,0.4252064953330776,0.8838851244048866,0.47509431898955656,0.0,0.37625741418311076,0.4252064953330776,0.198,0.032,0.014,0.316,0.44,0.0,0.0,0.0,2000.0,5696.0
meta.imbalanced.OnlineRUSBoost -l (trees.HoeffdingTree -e 2000000 -g 100 -c 0.01),ArffFileStream -f ./../../../Dataset/benchmarks/fars.arff,1,2500.0,0.84375,1.243315637111664E-9,2500.0,0.42,0.3358661340961677,0.7882488429356537,0.2713897361425865,0.0,0.2660085104578476,0.3358661340961677,0.202,0.044,0.07,0.282,0.394,0.004,0.0,0.004,2500.0,5696.0
meta.imbalanced.OnlineRUSBoost -l (trees.HoeffdingTree -e 2000000 -g 100 -c 0.01),ArffFileStream -f ./../../../Dataset/benchmarks/fars.arff,1,3000.0,0.921875,1.358437455362744E-9,3000.0,0.006,0.125,0.8035714285714286,-0.0038578844250540304,0.0,0.0015368852459016393,0.125,0.276,0.042,0.152,0.142,0.356,0.006,0.002,0.024,3000.0,5696.0
meta.imbalanced.OnlineRUSBoost -l (trees.HoeffdingTree -e 2000000 -g 100 -c 0.01),ArffFileStream -f ./../../../Dataset/benchmarks/fars.arff,1,3500.0,0.984375,1.4505349099636079E-9,3500.0,0.018,0.1673469387755102,0.7887755102040818,0.0013058282246024547,0.0,0.13796278348517155,0.1673469387755102,0.244,0.04,0.138,0.178,0.324,0.006,0.0,0.07,3500.0,5696.0
meta.imbalanced.OnlineRUSBoost -l (trees.HoeffdingTree -e 2000000 -g 100 -c 0.01),ArffFileStream -f ./../../../Dataset/benchmarks/fars.arff,1,4000.0,1.03125,1.519608000914256E-9,4000.0,0.008,0.14285714285714285,0.8392857142857143,-0.007728628432575641,0.0,0.002777777777777778,0.14285714285714285,0.23,0.044,0.14,0.192,0.368,0.008,0.0,0.018,4000.0,5696.0
meta.imbalanced.OnlineRUSBoost -l (trees.HoeffdingTree -e 2000000 -g 100 -c 0.01),ArffFileStream -f ./../../../Dataset/benchmarks/fars.arff,1,4500.0,1.078125,1.588681091864904E-9,4500.0,0.002,0.14285714285714285,0.8928571428571429,0.0,0.0,0.002,0.14285714285714285,0.19,0.066,0.18,0.16,0.37,0.002,0.0,0.032,4500.0,5696.0
meta.imbalanced.OnlineRUSBoost -l (trees.HoeffdingTree -e 2000000 -g 100 -c 0.01),ArffFileStream -f ./../../../Dataset/benchmarks/fars.arff,1,5000.0,1.109375,1.634729819165336E-9,5000.0,0.002,0.14285714285714285,0.8928571428571429,0.0,0.0,0.002,0.14285714285714285,0.204,0.07,0.15,0.178,0.382,0.002,0.0,0.014,5000.0,5696.0
meta.imbalanced.OnlineRUSBoost -l (trees.HoeffdingTree -e 2000000 -g 100 -c 0.01),ArffFileStream -f ./../../../Dataset/benchmarks/fars.arff,1,5500.0,1.140625,1.6807785464657679E-9,5500.0,0.048,0.1038961038961039,0.7987012987012987,-0.002105263157894737,0.0,0.032,0.1038961038961039,0.178,0.066,0.134,0.118,0.446,0.002,0.0,0.056,5500.0,5696.0
meta.imbalanced.OnlineRUSBoost -l (trees.HoeffdingTree -e 2000000 -g 100 -c 0.01),ArffFileStream -f ./../../../Dataset/benchmarks/fars.arff,1,6000.0,1.171875,1.7268272737661998E-9,6000.0,0.104,0.16049382716049382,0.8386243386243386,7.405226483944933E-4,0.0,0.05439330543933055,0.16049382716049382,0.114,0.108,0.18,0.178,0.418,0.0,0.0,0.002,6000.0,5696.0
meta.imbalanced.OnlineRUSBoost -l (trees.HoeffdingTree -e 2000000 -g 100 -c 0.01),ArffFileStream -f ./../../../Dataset/benchmarks/fars.arff,1,6500.0,1.21875,1.7959003647168479E-9,6500.0,0.118,0.16666666666666666,0.9107142857142857,0.0,0.0,0.118,0.16666666666666666,0.118,0.118,0.206,0.158,0.398,0.0,0.0,0.002,6500.0,5696.0
meta.imbalanced.OnlineRUSBoost -l (trees.HoeffdingTree -e 2000000 -g 100 -c 0.01),ArffFileStream -f ./../../../Dataset/benchmarks/fars.arff,1,7000.0,1.25,1.8419490920172798E-9,7000.0,0.09,0.14285714285714285,0.8928571428571429,0.0,0.0,0.09,0.14285714285714285,0.188,0.09,0.15,0.14,0.426,0.002,0.0,0.004,7000.0,5696.0
meta.imbalanced.OnlineRUSBoost -l (trees.HoeffdingTree -e 2000000 -g 100 -c 0.01),ArffFileStream -f ./../../../Dataset/benchmarks/fars.arff,1,7500.0,1.28125,1.887997819317712E-9,7500.0,0.1,0.14285714285714285,0.8928571428571429,0.0,0.0,0.1,0.14285714285714285,0.222,0.1,0.204,0.084,0.372,0.004,0.0,0.014,7500.0,5696.0
meta.imbalanced.OnlineRUSBoost -l (trees.HoeffdingTree -e 2000000 -g 100 -c 0.01),ArffFileStream -f ./../../../Dataset/benchmarks/fars.arff,1,8000.0,1.3125,1.934046546618144E-9,8000.0,0.022,0.05392156862745098,0.8093487394957984,0.01069821642443272,0.0,0.06547619047619048,0.05392156862745098,0.25,0.068,0.132,0.106,0.43,0.0,0.0,0.014,8000.0,5696.0
meta.imbalanced.OnlineRUSBoost -l (trees.HoeffdingTree -e 2000000 -g 100 -c 0.01),ArffFileStream -f ./../../../Dataset/benchmarks/fars.arff,1,8500.0,1.34375,1.9800952739185763E-9,8500.0,0.0,0.0,0.8928571428571429,0.0,0.0,0.0,0.0,0.266,0.086,0.126,0.102,0.402,0.0,0.0,0.018,8500.0,5696.0
meta.imbalanced.OnlineRUSBoost -l (trees.HoeffdingTree -e 2000000 -g 100 -c 0.01),ArffFileStream -f ./../../../Dataset/benchmarks/fars.arff,1,9000.0,1.375,2.0261440012190084E-9,9000.0,0.0,0.0,0.8928571428571429,0.0,0.0,0.0,0.0,0.236,0.108,0.124,0.134,0.38,0.0,0.0,0.018,9000.0,5696.0
meta.imbalanced.OnlineRUSBoost -l (trees.HoeffdingTree -e 2000000 -g 100 -c 0.01),ArffFileStream -f ./../../../Dataset/benchmarks/fars.arff,1,9500.0,1.421875,2.0952170921696565E-9,9500.0,0.0,0.0,0.8928571428571429,0.0,0.0,0.0,0.0,0.236,0.136,0.158,0.092,0.366,0.0,0.0,0.012,9500.0,5696.0
meta.imbalanced.OnlineRUSBoost -l (trees.HoeffdingTree -e 2000000 -g 100 -c 0.01),ArffFileStream -f ./../../../Dataset/benchmarks/fars.arff,1,10000.0,1.453125,2.1412658194700886E-9,10000.0,0.0,0.0,0.8928571428571429,0.0,0.0,0.0,0.0,0.264,0.094,0.124,0.094,0.41,0.0,0.0,0.014,10000.0,5696.0
meta.imbalanced.OnlineRUSBoost -l (trees.HoeffdingTree -e 2000000 -g 100 -c 0.01),ArffFileStream -f ./../../../Dataset/benchmarks/fars.arff,1,10500.0,1.515625,2.2333632740709525E-9,10500.0,0.008,0.14285714285714285,0.8928571428571429,0.0,0.0,0.008,0.14285714285714285,0.202,0.088,0.16,0.136,0.396,0.008,0.0,0.01,10500.0,5696.0
meta.imbalanced.OnlineRUSBoost -l (trees.HoeffdingTree -e 2000000 -g 100 -c 0.01),ArffFileStream -f ./../../../Dataset/benchmarks/fars.arff,1,11000.0,1.578125,2.3254607286718165E-9,11000.0,0.0,0.0,0.7857142857142857,0.0,0.0,0.0,0.0,0.2,0.122,0.134,0.124,0.402,0.0,0.0,0.018,11000.0,5696.0
meta.imbalanced.OnlineRUSBoost -l (trees.HoeffdingTree -e 2000000 -g 100 -c 0.01),ArffFileStream -f ./../../../Dataset/benchmarks/fars.arff,1,11500.0,1.625,2.3945338196224645E-9,11500.0,0.0,0.0,0.8928571428571429,0.0,0.0,0.0,0.0,0.24,0.122,0.172,0.132,0.328,0.0,0.0,0.006,11500.0,5696.0
meta.imbalanced.OnlineRUSBoost -l (trees.HoeffdingTree -e 2000000 -g 100 -c 0.01),ArffFileStream -f ./../../../Dataset/benchmarks/fars.arff,1,12000.0,1.65625,2.4405825469228967E-9,12000.0,0.0,0.0,0.8928571428571429,0.0,0.0,0.0,0.0,0.208,0.086,0.14,0.136,0.422,0.0,0.0,0.008,12000.0,5696.0
meta.imbalanced.OnlineRUSBoost -l (trees.HoeffdingTree -e 2000000 -g 100 -c 0.01),ArffFileStream -f ./../../../Dataset/benchmarks/fars.arff,1,12500.0,1.6875,2.486631274223329E-9,12500.0,0.002,0.14285714285714285,0.7857142857142857,0.0018722396466747744,0.0,0.015625,0.14285714285714285,0.278,0.118,0.154,0.076,0.352,0.002,0.0,0.02,12500.0,5696.0
meta.imbalanced.OnlineRUSBoost -l (trees.HoeffdingTree -e 2000000 -g 100 -c 0.01),ArffFileStream -f ./../../../Dataset/benchmarks/fars.arff,1,13000.0,1.734375,2.555704365173977E-9,13000.0,0.0,0.0,0.8928571428571429,0.0,0.0,0.0,0.0,0.264,0.08,0.136,0.126,0.382,0.0,0.0,0.012,13000.0,5696.0
meta.imbalanced.OnlineRUSBoost -l (trees.HoeffdingTree -e 2000000 -g 100 -c 0.01),ArffFileStream -f ./../../../Dataset/benchmarks/fars.arff,1,13500.0,1.765625,2.601753092474409E-9,13500.0,0.002,0.14285714285714285,0.8928571428571429,0.0,0.0,0.002,0.14285714285714285,0.218,0.098,0.142,0.122,0.406,0.002,0.0,0.012,13500.0,5696.0
meta.imbalanced.OnlineRUSBoost -l (trees.HoeffdingTree -e 2000000 -g 100 -c 0.01),ArffFileStream -f ./../../../Dataset/benchmarks/fars.arff,1,14000.0,1.796875,2.647801819774841E-9,14000.0,0.0,0.0,0.8928571428571429,0.0,0.0,0.0,0.0,0.27,0.102,0.144,0.094,0.374,0.0,0.0,0.016,14000.0,5696.0
meta.imbalanced.OnlineRUSBoost -l (trees.HoeffdingTree -e 2000000 -g 100 -c 0.01),ArffFileStream -f ./../../../Dataset/benchmarks/fars.arff,1,14500.0,1.84375,2.716874910725489E-9,14500.0,0.002,0.14285714285714285,0.8928571428571429,0.0,0.0,0.002,0.14285714285714285,0.188,0.118,0.17,0.104,0.392,0.002,0.0,0.026,14500.0,5696.0
meta.imbalanced.OnlineRUSBoost -l (trees.HoeffdingTree -e 2000000 -g 100 -c 0.01),ArffFileStream -f ./../../../Dataset/benchmarks/fars.arff,1,15000.0,1.875,2.7629236380259214E-9,15000.0,0.002,0.14285714285714285,0.8928571428571429,0.0,0.0,0.002,0.14285714285714285,0.286,0.076,0.16,0.088,0.382,0.002,0.0,0.006,15000.0,5696.0
meta.imbalanced.OnlineRUSBoost -l (trees.HoeffdingTree -e 2000000 -g 100 -c 0.01),ArffFileStream -f ./../../../Dataset/benchmarks/fars.arff,1,15500.0,1.921875,2.8319967289765694E-9,15500.0,0.0,0.0,0.8928571428571429,0.0,0.0,0.0,0.0,0.244,0.106,0.12,0.104,0.408,0.0,0.0,0.018,15500.0,5696.0
meta.imbalanced.OnlineRUSBoost -l (trees.HoeffdingTree -e 2000000 -g 100 -c 0.01),ArffFileStream -f ./../../../Dataset/benchmarks/fars.arff,1,16000.0,1.953125,2.8780454562770016E-9,16000.0,0.0,0.0,0.8928571428571429,0.0,0.0,0.0,0.0,0.276,0.1,0.16,0.096,0.352,0.0,0.0,0.016,16000.0,5696.0
meta.imbalanced.OnlineRUSBoost -l (trees.HoeffdingTree -e 2000000 -g 100 -c 0.01),ArffFileStream -f ./../../../Dataset/benchmarks/fars.arff,1,16500.0,1.984375,2.9240941835774337E-9,16500.0,0.0,0.0,0.875,0.0,0.0,0.0,0.0,0.246,0.066,0.146,0.1,0.418,0.0,0.002,0.022,16500.0,5696.0
meta.imbalanced.OnlineRUSBoost -l (trees.HoeffdingTree -e 2000000 -g 100 -c 0.01),ArffFileStream -f ./../../../Dataset/benchmarks/fars.arff,1,17000.0,2.015625,2.970142910877866E-9,17000.0,0.002,0.003401360544217687,0.8217930029154518,-0.002124745452281591,0.0,0.023809523809523808,0.003401360544217687,0.218,0.098,0.132,0.114,0.414,0.0,0.0,0.024,17000.0,5696.0
meta.imbalanced.OnlineRUSBoost -l (trees.HoeffdingTree -e 2000000 -g 100 -c 0.01),ArffFileStream -f ./../../../Dataset/benchmarks/fars.arff,1,17500.0,2.046875,3.016191638178298E-9,17500.0,0.062,0.13596491228070176,0.8359962406015038,-0.006049165558368012,0.0,0.0348314606741573,0.13596491228070176,0.122,0.076,0.156,0.18,0.448,0.0,0.0,0.018,17500.0,5696.0
meta.imbalanced.OnlineRUSBoost -l (trees.HoeffdingTree -e 2000000 -g 100 -c 0.01),ArffFileStream -f ./../../../Dataset/benchmarks/fars.arff,1,18000.0,2.09375,3.085264729128946E-9,18000.0,0.012,0.038461538461538464,0.8255494505494505,-0.002597824322130216,0.0,0.02142857142857143,0.038461538461538464,0.218,0.052,0.134,0.186,0.398,0.0,0.0,0.012,18000.0,5696.0
meta.imbalanced.OnlineRUSBoost -l (trees.HoeffdingTree -e 2000000 -g 100 -c 0.01),ArffFileStream -f ./../../../Dataset/benchmarks/fars.arff,1,18500.0,2.125,3.1313134564293782E-9,18500.0,0.022,0.043650793650793655,0.8082482993197279,-0.0019013588159124063,0.0,0.03873239436619718,0.043650793650793655,0.192,0.084,0.128,0.166,0.426,0.0,0.0,0.004,18500.0,5696.0
meta.imbalanced.OnlineRUSBoost -l (trees.HoeffdingTree -e 2000000 -g 100 -c 0.01),ArffFileStream -f ./../../../Dataset/benchmarks/fars.arff,1,19000.0,2.15625,3.1773621837298104E-9,19000.0,0.106,0.16666666666666666,0.9107142857142857,0.0,0.0,0.106,0.16666666666666666,0.184,0.106,0.138,0.132,0.43,0.0,0.0,0.01,19000.0,5696.0
meta.imbalanced.OnlineRUSBoost -l (trees.HoeffdingTree -e 2000000 -g 100 -c 0.01),ArffFileStream -f ./../../../Dataset/benchmarks/fars.arff,1,19500.0,2.1875,3.2234109110302426E-9,19500.0,0.058,0.16666666666666666,0.9107142857142857,0.0,0.0,0.058,0.16666666666666666,0.2,0.058,0.166,0.13,0.436,0.0,0.0,0.01,19500.0,5696.0
meta.imbalanced.OnlineRUSBoost -l (trees.HoeffdingTree -e 2000000 -g 100 -c 0.01),ArffFileStream -f ./../../../Dataset/benchmarks/fars.arff,1,20000.0,2.21875,3.2694596383306747E-9,20000.0,0.034,0.14285714285714285,0.8928571428571429,0.0,0.0,0.034,0.14285714285714285,0.246,0.034,0.146,0.182,0.362,0.024,0.0,0.006,20000.0,5696.0
meta.imbalanced.OnlineRUSBoost -l (trees.HoeffdingTree -e 2000000 -g 100 -c 0.01),ArffFileStream -f ./../../../Dataset/benchmarks/fars.arff,1,20500.0,2.25,3.315508365631107E-9,20500.0,0.054,0.2,0.9285714285714286,0.0,0.0,0.054,0.2,0.272,0.054,0.116,0.19,0.368,0.0,0.0,0.0,20500.0,5696.0
meta.imbalanced.OnlineRUSBoost -l (trees.HoeffdingTree -e 2000000 -g 100 -c 0.01),ArffFileStream -f ./../../../Dataset/benchmarks/fars.arff,1,21000.0,2.296875,3.384581456581755E-9,21000.0,0.104,0.15757575757575756,0.8204545454545454,0.006277310737972185,0.0,0.058165548098434,0.15757575757575756,0.232,0.11,0.104,0.164,0.384,0.0,0.0,0.006,21000.0,5696.0
meta.imbalanced.OnlineRUSBoost -l (trees.HoeffdingTree -e 2000000 -g 100 -c 0.01),ArffFileStream -f ./../../../Dataset/benchmarks/fars.arff,1,21500.0,2.34375,3.453654547532403E-9,21500.0,0.0,0.0,0.8035714285714286,0.0,0.0,0.0,0.0,0.252,0.066,0.112,0.172,0.394,0.0,0.0,0.004,21500.0,5696.0
meta.imbalanced.OnlineRUSBoost -l (trees.HoeffdingTree -e 2000000 -g 100 -c 0.01),ArffFileStream -f ./../../../Dataset/benchmarks/fars.arff,1,22000.0,2.375,3.499703274832835E-9,22000.0,0.0,0.0,0.8928571428571429,0.0,0.0,0.0,0.0,0.208,0.094,0.156,0.156,0.382,0.0,0.0,0.004,22000.0,5696.0
meta.imbalanced.OnlineRUSBoost -l (trees.HoeffdingTree -e 2000000 -g 100 -c 0.01),ArffFileStream -f ./../../../Dataset/benchmarks/fars.arff,1,22500.0,2.421875,3.568776365783483E-9,22500.0,0.0,0.0,0.7857142857142857,0.0,0.0,0.0,0.0,0.262,0.096,0.128,0.13,0.38,0.0,0.0,0.004,22500.0,5696.0
meta.imbalanced.OnlineRUSBoost -l (trees.HoeffdingTree -e 2000000 -g 100 -c 0.01),ArffFileStream -f ./../../../Dataset/benchmarks/fars.arff,1,23000.0,2.453125,3.6148250930839153E-9,23000.0,0.006,0.013636363636363636,0.8405032467532466,9.005966452774963E-4,0.0,0.05172413793103448,0.013636363636363636,0.202,0.088,0.148,0.184,0.378,0.0,0.0,0.0,23000.0,5696.0
meta.imbalanced.OnlineRUSBoost -l (trees.HoeffdingTree -e 2000000 -g 100 -c 0.01),ArffFileStream -f ./../../../Dataset/benchmarks/fars.arff,1,23500.0,2.484375,3.6608738203843475E-9,23500.0,0.046,0.10952380952380952,0.8331632653061225,-0.0021218933170864935,0.0,0.033527696793002916,0.10952380952380952,0.25,0.07,0.142,0.14,0.396,0.0,0.0,0.002,23500.0,5696.0
meta.imbalanced.OnlineRUSBoost -l (trees.HoeffdingTree -e 2000000 -g 100 -c 0.01),ArffFileStream -f ./../../../Dataset/benchmarks/fars.arff,1,24000.0,2.53125,3.7299469113349955E-9,24000.0,0.096,0.2,0.9285714285714286,0.0,0.0,0.096,0.2,0.248,0.096,0.11,0.152,0.394,0.0,0.0,0.0,24000.0,5696.0
meta.imbalanced.OnlineRUSBoost -l (trees.HoeffdingTree -e 2000000 -g 100 -c 0.01),ArffFileStream -f ./../../../Dataset/benchmarks/fars.arff,1,24500.0,2.578125,3.7990200022856435E-9,24500.0,0.066,0.15714285714285714,0.8533163265306122,-0.009834534178682328,0.0,0.03691275167785235,0.15714285714285714,0.204,0.084,0.102,0.2,0.41,0.0,0.0,0.0,24500.0,5696.0
meta.imbalanced.OnlineRUSBoost -l (trees.HoeffdingTree -e 2000000 -g 100 -c 0.01),ArffFileStream -f ./../../../Dataset/benchmarks/fars.arff,1,25000.0,2.625,3.8680930932362916E-9,25000.0,0.048,0.0784313725490196,0.8119747899159664,0.004754596737435027,0.0,0.056338028169014086,0.0784313725490196,0.192,0.102,0.136,0.172,0.39,0.0,0.0,0.008,25000.0,5696.0
meta.imbalanced.OnlineRUSBoost -l (trees.HoeffdingTree -e 2000000 -g 100 -c 0.01),ArffFileStream -f ./../../../Dataset/benchmarks/fars.arff,1,25500.0,2.65625,3.914141820536723E-9,25500.0,0.054,0.13846153846153847,0.8516483516483516,0.0033124583835540235,0.0,0.04141104294478527,0.13846153846153847,0.266,0.078,0.098,0.144,0.414,0.0,0.0,0.0,25500.0,5696.0
meta.imbalanced.OnlineRUSBoost -l (trees.HoeffdingTree -e 2000000 -g 100 -c 0.01),ArffFileStream -f ./../../../Dataset/benchmarks/fars.arff,1,26000.0,2.703125,3.983214911487371E-9,26000.0,0.092,0.2,0.9285714285714286,0.0,0.0,0.092,0.2,0.26,0.092,0.114,0.15,0.384,0.0,0.0,0.0,26000.0,5696.0
meta.imbalanced.OnlineRUSBoost -l (trees.HoeffdingTree -e 2000000 -g 100 -c 0.01),ArffFileStream -f ./../../../Dataset/benchmarks/fars.arff,1,26500.0,2.734375,4.029263638787803E-9,26500.0,0.082,0.2,0.9285714285714286,0.0,0.0,0.082,0.2,0.256,0.082,0.128,0.138,0.396,0.0,0.0,0.0,26500.0,5696.0
meta.imbalanced.OnlineRUSBoost -l (trees.HoeffdingTree -e 2000000 -g 100 -c 0.01),ArffFileStream -f ./../../../Dataset/benchmarks/fars.arff,1,27000.0,2.78125,4.098336729738451E-9,27000.0,0.074,0.15416666666666667,0.888764880952381,-0.04927751690628569,0.0,0.03969957081545064,0.15416666666666667,0.296,0.096,0.088,0.108,0.412,0.0,0.0,0.0,27000.0,5696.0
meta.imbalanced.OnlineRUSBoost -l (trees.HoeffdingTree -e 2000000 -g 100 -c 0.01),ArffFileStream -f ./../../../Dataset/benchmarks/fars.arff,1,27500.0,2.8125,4.144385457038883E-9,27500.0,0.004,0.0018315018315018317,0.6859947682776815,-0.015249123379270977,0.0,0.022727272727272728,0.0018315018315018317,0.262,0.064,0.144,0.162,0.364,0.0,0.0,0.004,27500.0,5696.0
meta.imbalanced.OnlineRUSBoost -l (trees.HoeffdingTree -e 2000000 -g 100 -c 0.01),ArffFileStream -f ./../../../Dataset/benchmarks/fars.arff,1,28000.0,2.859375,4.213458547989531E-9,28000.0,0.0,0.0,0.8928571428571429,0.0,0.0,0.0,0.0,0.254,0.078,0.142,0.132,0.392,0.0,0.0,0.002,28000.0,5696.0
meta.imbalanced.OnlineRUSBoost -l (trees.HoeffdingTree -e 2000000 -g 100 -c 0.01),ArffFileStream -f ./../../../Dataset/benchmarks/fars.arff,1,28500.0,2.921875,4.305556002590395E-9,28500.0,0.0,0.0,0.875,0.0,0.0,0.0,0.0,0.15,0.118,0.182,0.118,0.414,0.014,0.0,0.004,28500.0,5696.0
meta.imbalanced.OnlineRUSBoost -l (trees.HoeffdingTree -e 2000000 -g 100 -c 0.01),ArffFileStream -f ./../../../Dataset/benchmarks/fars.arff,1,29000.0,3.21875,4.743018911944499E-9,29000.0,0.168,0.09847638395124428,0.8469662688287387,0.10789725378178652,0.0,0.2857142857142857,0.09847638395124428,0.176,0.188,0.16,0.118,0.358,0.0,0.0,0.0,29000.0,5696.0
meta.imbalanced.OnlineRUSBoost -l (trees.HoeffdingTree -e 2000000 -g 100 -c 0.01),ArffFileStream -f ./../../../Dataset/benchmarks/fars.arff,1,29500.0,3.3125,4.881165093845795E-9,29500.0,0.004,0.0015797788309636653,0.893026404874746,0.0023159092548221396,0.0,0.5,0.0015797788309636653,0.206,0.088,0.158,0.122,0.422,0.0,0.0,0.004,29500.0,5696.0
meta.imbalanced.OnlineRUSBoost -l (trees.HoeffdingTree -e 2000000 -g 100 -c 0.01),ArffFileStream -f ./../../../Dataset/benchmarks/fars.arff,1,30000.0,3.390625,4.996286912096875E-9,30000.0,0.008,0.044082125603864736,0.690558300826158,-0.028004841571189334,0.0,0.0509009009009009,0.044082125603864736,0.168,0.134,0.172,0.104,0.414,0.0,0.0,0.008,30000.0,5696.0
meta.imbalanced.OnlineRUSBoost -l (trees.HoeffdingTree -e 2000000 -g 100 -c 0.01),ArffFileStream -f ./../../../Dataset/benchmarks/fars.arff,1,30500.0,3.4375,5.065360003047523E-9,30500.0,0.114,0.18538997081074857,0.6706163219344711,0.006160459095538715,0.0,0.10397315072208287,0.18538997081074857,0.188,0.122,0.152,0.09,0.438,0.002,0.0,0.008,30500.0,5696.0
meta.imbalanced.OnlineRUSBoost -l (trees.HoeffdingTree -e 2000000 -g 100 -c 0.01),ArffFileStream -f ./../../../Dataset/benchmarks/fars.arff,1,31000.0,3.5,5.157457457648387E-9,31000.0,0.11,0.24717397298042462,0.8598204331899985,0.007201691996037731,0.0,0.39348091522004564,0.24717397298042462,0.222,0.104,0.2,0.098,0.372,0.0,0.0,0.004,31000.0,5696.0
meta.imbalanced.OnlineRUSBoost -l (trees.HoeffdingTree -e 2000000 -g 100 -c 0.01),ArffFileStream -f ./../../../Dataset/benchmarks/fars.arff,1,31500.0,3.53125,5.203506184948819E-9,31500.0,0.108,0.16666666666666666,0.9107142857142857,0.0,0.0,0.108,0.16666666666666666,0.214,0.108,0.166,0.116,0.388,0.0,0.0,0.008,31500.0,5696.0
meta.imbalanced.OnlineRUSBoost -l (trees.HoeffdingTree -e 2000000 -g 100 -c 0.01),ArffFileStream -f ./../../../Dataset/benchmarks/fars.arff,1,32000.0,3.5625,5.2495549122492506E-9,32000.0,0.088,0.14285714285714285,0.8928571428571429,0.0,0.0,0.088,0.14285714285714285,0.242,0.088,0.122,0.086,0.414,0.042,0.0,0.006,32000.0,5696.0
meta.imbalanced.OnlineRUSBoost -l (trees.HoeffdingTree -e 2000000 -g 100 -c 0.01),ArffFileStream -f ./../../../Dataset/benchmarks/fars.arff,1,32500.0,3.59375,5.295603639549682E-9,32500.0,0.06,0.14285714285714285,0.8928571428571429,0.0,0.0,0.06,0.14285714285714285,0.15,0.06,0.174,0.212,0.398,0.002,0.0,0.004,32500.0,5696.0
meta.imbalanced.OnlineRUSBoost -l (trees.HoeffdingTree -e 2000000 -g 100 -c 0.01),ArffFileStream -f ./../../../Dataset/benchmarks/fars.arff,1,33000.0,3.625,5.341652366850114E-9,33000.0,0.072,0.16666666666666666,0.9107142857142857,0.0,0.0,0.072,0.16666666666666666,0.25,0.072,0.178,0.108,0.388,0.0,0.0,0.004,33000.0,5696.0
meta.imbalanced.OnlineRUSBoost -l (trees.HoeffdingTree -e 2000000 -g 100 -c 0.01),ArffFileStream -f ./../../../Dataset/benchmarks/fars.arff,1,33500.0,3.65625,5.387701094150546E-9,33500.0,0.044,0.16666666666666666,0.9107142857142857,0.0,0.0,0.044,0.16666666666666666,0.218,0.044,0.144,0.174,0.418,0.0,0.0,0.002,33500.0,5696.0
meta.imbalanced.OnlineRUSBoost -l (trees.HoeffdingTree -e 2000000 -g 100 -c 0.01),ArffFileStream -f ./../../../Dataset/benchmarks/fars.arff,1,34000.0,3.6875,5.4337498214509776E-9,34000.0,0.008,0.041666666666666664,0.8258928571428571,-0.010018734218457278,0.0,0.007575757575757576,0.041666666666666664,0.252,0.032,0.126,0.192,0.396,0.0,0.002,0.0,34000.0,5696.0
meta.imbalanced.OnlineRUSBoost -l (trees.HoeffdingTree -e 2000000 -g 100 -c 0.01),ArffFileStream -f ./../../../Dataset/benchmarks/fars.arff,1,34500.0,3.71875,5.479798548751409E-9,34500.0,0.048,0.026779342723004695,0.8916839420360547,0.028793418647166363,0.0,0.4,0.026779342723004695,0.2,0.052,0.142,0.18,0.426,0.0,0.0,0.0,34500.0,5696.0
meta.imbalanced.OnlineRUSBoost -l (trees.HoeffdingTree -e 2000000 -g 100 -c 0.01),ArffFileStream -f ./../../../Dataset/benchmarks/fars.arff,1,35000.0,3.75,5.525847276051841E-9,35000.0,0.014,0.01165735354153909,0.7874307547952867,0.002634017260702971,0.0,0.36,0.01165735354153909,0.256,0.082,0.106,0.142,0.414,0.0,0.0,0.0,35000.0,5696.0
meta.imbalanced.OnlineRUSBoost -l (trees.HoeffdingTree -e 2000000 -g 100 -c 0.01),ArffFileStream -f ./../../../Dataset/benchmarks/fars.arff,1,35500.0,3.78125,5.571896003352273E-9,35500.0,0.0,0.0,0.9107142857142857,0.0,0.0,0.0,0.0,0.24,0.048,0.14,0.154,0.418,0.0,0.0,0.0,35500.0,5696.0
meta.imbalanced.OnlineRUSBoost -l (trees.HoeffdingTree -e 2000000 -g 100 -c 0.01),ArffFileStream -f ./../../../Dataset/benchmarks/fars.arff,1,36000.0,3.8125,5.6179447306527046E-9,36000.0,0.0,0.0,0.9107142857142857,0.0,0.0,0.0,0.0,0.21,0.044,0.118,0.196,0.432,0.0,0.0,0.0,36000.0,5696.0
meta.imbalanced.OnlineRUSBoost -l (trees.HoeffdingTree -e 2000000 -g 100 -c 0.01),ArffFileStream -f ./../../../Dataset/benchmarks/fars.arff,1,36500.0,3.859375,5.687017821603353E-9,36500.0,0.07,0.09859154929577466,0.8480885311871228,-0.007544667813606403,0.0,0.06457564575645756,0.09859154929577466,0.192,0.142,0.138,0.102,0.426,0.0,0.0,0.0,36500.0,5696.0
meta.imbalanced.OnlineRUSBoost -l (trees.HoeffdingTree -e 2000000 -g 100 -c 0.01),ArffFileStream -f ./../../../Dataset/benchmarks/fars.arff,1,37000.0,3.921875,5.779115276204217E-9,37000.0,0.164,0.16666666666666666,0.9107142857142857,0.0,0.0,0.164,0.16666666666666666,0.178,0.164,0.124,0.13,0.402,0.0,0.0,0.002,37000.0,5696.0
meta.imbalanced.OnlineRUSBoost -l (trees.HoeffdingTree -e 2000000 -g 100 -c 0.01),ArffFileStream -f ./../../../Dataset/benchmarks/fars.arff,1,37500.0,3.953125,5.825164003504649E-9,37500.0,0.142,0.2,0.9285714285714286,0.0,0.0,0.142,0.2,0.148,0.142,0.116,0.144,0.45,0.0,0.0,0.0,37500.0,5696.0
meta.imbalanced.OnlineRUSBoost -l (trees.HoeffdingTree -e 2000000 -g 100 -c 0.01),ArffFileStream -f ./../../../Dataset/benchmarks/fars.arff,1,38000.0,4.0,5.894237094455297E-9,38000.0,0.13,0.2,0.9285714285714286,0.0,0.0,0.13,0.2,0.184,0.13,0.098,0.14,0.448,0.0,0.0,0.0,38000.0,5696.0
meta.imbalanced.OnlineRUSBoost -l (trees.HoeffdingTree -e 2000000 -g 100 -c 0.01),ArffFileStream -f ./../../../Dataset/benchmarks/fars.arff,1,38500.0,4.03125,5.9402858217557284E-9,38500.0,0.084,0.2,0.9285714285714286,0.0,0.0,0.084,0.2,0.16,0.084,0.136,0.154,0.466,0.0,0.0,0.0,38500.0,5696.0
meta.imbalanced.OnlineRUSBoost -l (trees.HoeffdingTree -e 2000000 -g 100 -c 0.01),ArffFileStream -f ./../../../Dataset/benchmarks/fars.arff,1,39000.0,4.078125,6.0093589127063765E-9,39000.0,0.122,0.2,0.9285714285714286,0.0,0.0,0.122,0.2,0.232,0.122,0.11,0.114,0.422,0.0,0.0,0.0,39000.0,5696.0
meta.imbalanced.OnlineRUSBoost -l (trees.HoeffdingTree -e 2000000 -g 100 -c 0.01),ArffFileStream -f ./../../../Dataset/benchmarks/fars.arff,1,39500.0,4.109375,6.055407640006808E-9,39500.0,0.08,0.2,0.9285714285714286,0.0,0.0,0.08,0.2,0.2,0.08,0.12,0.148,0.452,0.0,0.0,0.0,39500.0,5696.0
meta.imbalanced.OnlineRUSBoost -l (trees.HoeffdingTree -e 2000000 -g 100 -c 0.01),ArffFileStream -f ./../../../Dataset/benchmarks/fars.arff,1,40000.0,4.140625,6.10145636730724E-9,40000.0,0.082,0.2,0.9285714285714286,0.0,0.0,0.082,0.2,0.162,0.082,0.154,0.136,0.466,0.0,0.0,0.0,40000.0,5696.0
meta.imbalanced.OnlineRUSBoost -l (trees.HoeffdingTree -e 2000000 -g 100 -c 0.01),ArffFileStream -f ./../../../Dataset/benchmarks/fars.arff,1,40500.0,4.171875,6.147505094607672E-9,40500.0,0.052,0.16666666666666666,0.9107142857142857,0.0,0.0,0.052,0.16666666666666666,0.162,0.052,0.15,0.162,0.472,0.0,0.0,0.002,40500.0,5696.0
meta.imbalanced.OnlineRUSBoost -l (trees.HoeffdingTree -e 2000000 -g 100 -c 0.01),ArffFileStream -f ./../../../Dataset/benchmarks/fars.arff,1,41000.0,4.203125,6.1935538219081035E-9,41000.0,0.066,0.16666666666666666,0.9107142857142857,0.0,0.0,0.066,0.16666666666666666,0.136,0.066,0.152,0.192,0.452,0.0,0.0,0.002,41000.0,5696.0
meta.imbalanced.OnlineRUSBoost -l (trees.HoeffdingTree -e 2000000 -g 100 -c 0.01),ArffFileStream -f ./../../../Dataset/benchmarks/fars.arff,1,41500.0,4.21875,6.21657818555832E-9,41500.0,0.05,0.2,0.9285714285714286,0.0,0.0,0.05,0.2,0.188,0.05,0.118,0.2,0.444,0.0,0.0,0.0,41500.0,5696.0
meta.imbalanced.OnlineRUSBoost -l (trees.HoeffdingTree -e 2000000 -g 100 -c 0.01),ArffFileStream -f ./../../../Dataset/benchmarks/fars.arff,1,42000.0,4.25,6.2626269128587515E-9,42000.0,0.054,0.16666666666666666,0.9107142857142857,0.0,0.0,0.054,0.16666666666666666,0.17,0.054,0.134,0.208,0.43,0.0,0.0,0.004,42000.0,5696.0
meta.imbalanced.OnlineRUSBoost -l (trees.HoeffdingTree -e 2000000 -g 100 -c 0.01),ArffFileStream -f ./../../../Dataset/benchmarks/fars.arff,1,42500.0,4.296875,6.3317000038093995E-9,42500.0,0.134,0.16666666666666666,0.9107142857142857,0.0,0.0,0.134,0.16666666666666666,0.146,0.134,0.18,0.116,0.422,0.0,0.0,0.002,42500.0,5696.0
meta.imbalanced.OnlineRUSBoost -l (trees.HoeffdingTree -e 2000000 -g 100 -c 0.01),ArffFileStream -f ./../../../Dataset/benchmarks/fars.arff,1,43000.0,4.34375,6.4007730947600476E-9,43000.0,0.156,0.16666666666666666,0.9107142857142857,0.0,0.0,0.156,0.16666666666666666,0.156,0.156,0.184,0.064,0.434,0.0,0.0,0.006,43000.0,5696.0
meta.imbalanced.OnlineRUSBoost -l (trees.HoeffdingTree -e 2000000 -g 100 -c 0.01),ArffFileStream -f ./../../../Dataset/benchmarks/fars.arff,1,43500.0,4.390625,6.469846185710696E-9,43500.0,0.124,0.16666666666666666,0.9107142857142857,0.0,0.0,0.124,0.16666666666666666,0.196,0.124,0.172,0.074,0.428,0.0,0.0,0.006,43500.0,5696.0
meta.imbalanced.OnlineRUSBoost -l (trees.HoeffdingTree -e 2000000 -g 100 -c 0.01),ArffFileStream -f ./../../../Dataset/benchmarks/fars.arff,1,44000.0,4.4375,6.538919276661344E-9,44000.0,0.15,0.16666666666666666,0.9107142857142857,0.0,0.0,0.15,0.16666666666666666,0.22,0.15,0.176,0.038,0.412,0.0,0.0,0.004,44000.0,5696.0
meta.imbalanced.OnlineRUSBoost -l (trees.HoeffdingTree -e 2000000 -g 100 -c 0.01),ArffFileStream -f ./../../../Dataset/benchmarks/fars.arff,1,44500.0,4.484375,6.607992367611992E-9,44500.0,0.166,0.16666666666666666,0.9107142857142857,0.0,0.0,0.166,0.16666666666666666,0.162,0.166,0.172,0.086,0.412,0.0,0.0,0.002,44500.0,5696.0
meta.imbalanced.OnlineRUSBoost -l (trees.HoeffdingTree -e 2000000 -g 100 -c 0.01),ArffFileStream -f ./../../../Dataset/benchmarks/fars.arff,1,45000.0,4.515625,6.6540410949124234E-9,45000.0,0.1,0.2,0.9285714285714286,0.0,0.0,0.1,0.2,0.158,0.1,0.188,0.12,0.434,0.0,0.0,0.0,45000.0,5696.0
meta.imbalanced.OnlineRUSBoost -l (trees.HoeffdingTree -e 2000000 -g 100 -c 0.01),ArffFileStream -f ./../../../Dataset/benchmarks/fars.arff,1,45500.0,4.5625,6.7231141858630715E-9,45500.0,0.162,0.16666666666666666,0.9107142857142857,0.0,0.0,0.162,0.16666666666666666,0.11,0.162,0.042,0.256,0.418,0.0,0.0,0.012,45500.0,5696.0
meta.imbalanced.OnlineRUSBoost -l (trees.HoeffdingTree -e 2000000 -g 100 -c 0.01),ArffFileStream -f ./../../../Dataset/benchmarks/fars.arff,1,46000.0,4.609375,6.7921872768137195E-9,46000.0,0.126,0.16666666666666666,0.9107142857142857,0.0,0.0,0.126,0.16666666666666666,0.142,0.126,0.054,0.242,0.428,0.0,0.0,0.008,46000.0,5696.0
meta.imbalanced.OnlineRUSBoost -l (trees.HoeffdingTree -e 2000000 -g 100 -c 0.01),ArffFileStream -f ./../../../Dataset/benchmarks/fars.arff,1,46500.0,4.65625,6.8612603677643675E-9,46500.0,0.09,0.16666666666666666,0.9107142857142857,0.0,0.0,0.09,0.16666666666666666,0.178,0.09,0.054,0.218,0.448,0.0,0.0,0.012,46500.0,5696.0
meta.imbalanced.OnlineRUSBoost -l (trees.HoeffdingTree -e 2000000 -g 100 -c 0.01),ArffFileStream -f ./../../../Dataset/benchmarks/fars.arff,1,47000.0,4.671875,6.884284731414584E-9,47000.0,0.028,0.14285714285714285,0.8928571428571429,0.0,0.0,0.028,0.14285714285714285,0.166,0.028,0.184,0.132,0.478,0.008,0.0,0.004,47000.0,5696.0
meta.imbalanced.OnlineRUSBoost -l (trees.HoeffdingTree -e 2000000 -g 100 -c 0.01),ArffFileStream -f ./../../../Dataset/benchmarks/fars.arff,1,47500.0,4.71875,6.953357822365232E-9,47500.0,0.1,0.16666666666666666,0.9107142857142857,0.0,0.0,0.1,0.16666666666666666,0.196,0.1,0.114,0.158,0.418,0.0,0.0,0.014,47500.0,5696.0
meta.imbalanced.OnlineRUSBoost -l (trees.HoeffdingTree -e 2000000 -g 100 -c 0.01),ArffFileStream -f ./../../../Dataset/benchmarks/fars.arff,1,48000.0,4.75,6.999406549665664E-9,48000.0,0.102,0.16666666666666666,0.9107142857142857,0.0,0.0,0.102,0.16666666666666666,0.22,0.102,0.082,0.168,0.422,0.0,0.0,0.006,48000.0,5696.0
meta.imbalanced.OnlineRUSBoost -l (trees.HoeffdingTree -e 2000000 -g 100 -c 0.01),ArffFileStream -f ./../../../Dataset/benchmarks/fars.arff,1,48500.0,4.796875,7.068479640616312E-9,48500.0,0.116,0.16666666666666666,0.9107142857142857,0.0,0.0,0.116,0.16666666666666666,0.216,0.116,0.106,0.122,0.428,0.0,0.0,0.012,48500.0,5696.0
meta.imbalanced.OnlineRUSBoost -l (trees.HoeffdingTree -e 2000000 -g 100 -c 0.01),ArffFileStream -f ./../../../Dataset/benchmarks/fars.arff,1,49000.0,4.84375,7.13755273156696E-9,49000.0,0.108,0.16666666666666666,0.9107142857142857,0.0,0.0,0.108,0.16666666666666666,0.238,0.108,0.114,0.148,0.39,0.0,0.0,0.002,49000.0,5696.0
meta.imbalanced.OnlineRUSBoost -l (trees.HoeffdingTree -e 2000000 -g 100 -c 0.01),ArffFileStream -f ./../../../Dataset/benchmarks/fars.arff,1,49500.0,4.890625,7.206625822517608E-9,49500.0,0.114,0.16666666666666666,0.9107142857142857,0.0,0.0,0.114,0.16666666666666666,0.212,0.114,0.122,0.16,0.386,0.0,0.0,0.006,49500.0,5696.0
meta.imbalanced.OnlineRUSBoost -l (trees.HoeffdingTree -e 2000000 -g 100 -c 0.01),ArffFileStream -f ./../../../Dataset/benchmarks/fars.arff,1,50000.0,4.921875,7.2526745498180394E-9,50000.0,0.078,0.16666666666666666,0.9107142857142857,0.0,0.0,0.078,0.16666666666666666,0.202,0.078,0.12,0.162,0.432,0.0,0.0,0.006,50000.0,5696.0
meta.imbalanced.OnlineRUSBoost -l (trees.HoeffdingTree -e 2000000 -g 100 -c 0.01),ArffFileStream -f ./../../../Dataset/benchmarks/fars.arff,1,50500.0,4.96875,7.3217476407686875E-9,50500.0,0.098,0.16666666666666666,0.9107142857142857,0.0,0.0,0.098,0.16666666666666666,0.25,0.098,0.12,0.152,0.376,0.0,0.0,0.004,50500.0,5696.0
meta.imbalanced.OnlineRUSBoost -l (trees.HoeffdingTree -e 2000000 -g 100 -c 0.01),ArffFileStream -f ./../../../Dataset/benchmarks/fars.arff,1,51000.0,5.0,7.367796368069119E-9,51000.0,0.114,0.14285714285714285,0.8928571428571429,0.0,0.0,0.114,0.14285714285714285,0.198,0.114,0.138,0.126,0.41,0.004,0.0,0.01,51000.0,5696.0
meta.imbalanced.OnlineRUSBoost -l (trees.HoeffdingTree -e 2000000 -g 100 -c 0.01),ArffFileStream -f ./../../../Dataset/benchmarks/fars.arff,1,51500.0,5.03125,7.413845095369551E-9,51500.0,0.078,0.16666666666666666,0.9107142857142857,0.0,0.0,0.078,0.16666666666666666,0.166,0.078,0.186,0.152,0.412,0.0,0.0,0.006,51500.0,5696.0
meta.imbalanced.OnlineRUSBoost -l (trees.HoeffdingTree -e 2000000 -g 100 -c 0.01),ArffFileStream -f ./../../../Dataset/benchmarks/fars.arff,1,52000.0,5.078125,7.482918186320198E-9,52000.0,0.126,0.16666666666666666,0.9107142857142857,0.0,0.0,0.126,0.16666666666666666,0.174,0.126,0.14,0.142,0.416,0.002,0.0,0.0,52000.0,5696.0
meta.imbalanced.OnlineRUSBoost -l (trees.HoeffdingTree -e 2000000 -g 100 -c 0.01),ArffFileStream -f ./../../../Dataset/benchmarks/fars.arff,1,52500.0,5.109375,7.52896691362063E-9,52500.0,0.058,0.14285714285714285,0.8928571428571429,0.0,0.0,0.058,0.14285714285714285,0.17,0.058,0.128,0.13,0.504,0.004,0.0,0.006,52500.0,5696.0
meta.imbalanced.OnlineRUSBoost -l (trees.HoeffdingTree -e 2000000 -g 100 -c 0.01),ArffFileStream -f ./../../../Dataset/benchmarks/fars.arff,1,53000.0,5.15625,7.598040004571279E-9,53000.0,0.068,0.2,0.9285714285714286,0.0,0.0,0.068,0.2,0.118,0.068,0.2,0.156,0.458,0.0,0.0,0.0,53000.0,5696.0
meta.imbalanced.OnlineRUSBoost -l (trees.HoeffdingTree -e 2000000 -g 100 -c 0.01),ArffFileStream -f ./../../../Dataset/benchmarks/fars.arff,1,53500.0,5.1875,7.644088731871711E-9,53500.0,0.082,0.2,0.9285714285714286,0.0,0.0,0.082,0.2,0.166,0.082,0.114,0.156,0.482,0.0,0.0,0.0,53500.0,5696.0
meta.imbalanced.OnlineRUSBoost -l (trees.HoeffdingTree -e 2000000 -g 100 -c 0.01),ArffFileStream -f ./../../../Dataset/benchmarks/fars.arff,1,54000.0,5.234375,7.71316182282236E-9,54000.0,0.062,0.16740088105726872,0.8929358086847073,0.0011202787492066468,0.0,0.3534136546184739,0.16740088105726872,0.18,0.06,0.16,0.14,0.454,0.0,0.0,0.006,54000.0,5696.0
meta.imbalanced.OnlineRUSBoost -l (trees.HoeffdingTree -e 2000000 -g 100 -c 0.01),ArffFileStream -f ./../../../Dataset/benchmarks/fars.arff,1,54500.0,5.28125,7.782234913773007E-9,54500.0,0.128,0.17515880436637798,0.8659922853199251,0.04382609916137408,0.0,0.27106975798250965,0.17515880436637798,0.186,0.046,0.104,0.152,0.504,0.0,0.0,0.008,54500.0,5696.0
meta.imbalanced.OnlineRUSBoost -l (trees.HoeffdingTree -e 2000000 -g 100 -c 0.01),ArffFileStream -f ./../../../Dataset/benchmarks/fars.arff,1,55000.0,5.328125,7.851308004723655E-9,55000.0,0.17,0.20645833333333333,0.8971205357142856,0.07682998990074254,0.0,0.35665914221218964,0.20645833333333333,0.17,0.064,0.168,0.192,0.4,0.0,0.0,0.006,55000.0,5696.0
meta.imbalanced.OnlineRUSBoost -l (trees.HoeffdingTree -e 2000000 -g 100 -c 0.01),ArffFileStream -f ./../../../Dataset/benchmarks/fars.arff,1,55500.0,5.375,7.920381095674303E-9,55500.0,0.234,0.22764227642276422,0.899390243902439,0.11593078869130058,0.0,0.5429493545183713,0.22764227642276422,0.178,0.084,0.136,0.18,0.41,0.0,0.0,0.012,55500.0,5696.0
meta.imbalanced.OnlineRUSBoost -l (trees.HoeffdingTree -e 2000000 -g 100 -c 0.01),ArffFileStream -f ./../../../Dataset/benchmarks/fars.arff,1,56000.0,5.4375,8.012478550275167E-9,56000.0,0.066,0.16825396825396824,0.8930272108843538,0.0015137649986743866,0.0,0.2821285140562249,0.16825396825396824,0.21,0.064,0.13,0.172,0.422,0.0,0.0,0.002,56000.0,5696.0
meta.imbalanced.OnlineRUSBoost -l (trees.HoeffdingTree -e 2000000 -g 100 -c 0.01),ArffFileStream -f ./../../../Dataset/benchmarks/fars.arff,1,56500.0,5.46875,8.0585272775756E-9,56500.0,0.082,0.14576074332171893,0.8575058072009291,0.004303837009527445,0.0,0.26253515662884297,0.14576074332171893,0.136,0.072,0.11,0.18,0.492,0.008,0.0,0.002,56500.0,5696.0
meta.imbalanced.OnlineRUSBoost -l (trees.HoeffdingTree -e 2000000 -g 100 -c 0.01),ArffFileStream -f ./../../../Dataset/benchmarks/fars.arff,1,57000.0,5.515625,8.127600368526248E-9,57000.0,0.108,0.16666666666666666,0.9107142857142857,0.0,0.0,0.108,0.16666666666666666,0.186,0.108,0.112,0.168,0.424,0.002,0.0,0.0,57000.0,5696.0
meta.imbalanced.OnlineRUSBoost -l (trees.HoeffdingTree -e 2000000 -g 100 -c 0.01),ArffFileStream -f ./../../../Dataset/benchmarks/fars.arff,1,57500.0,5.5625,8.196673459476896E-9,57500.0,0.104,0.16666666666666666,0.9107142857142857,0.0,0.0,0.104,0.16666666666666666,0.164,0.104,0.124,0.212,0.386,0.0,0.0,0.01,57500.0,5696.0
meta.imbalanced.OnlineRUSBoost -l (trees.HoeffdingTree -e 2000000 -g 100 -c 0.01),ArffFileStream -f ./../../../Dataset/benchmarks/fars.arff,1,58000.0,5.609375,8.265746550427544E-9,58000.0,0.132,0.16666666666666666,0.9107142857142857,0.0,0.0,0.132,0.16666666666666666,0.206,0.132,0.152,0.15,0.356,0.004,0.0,0.0,58000.0,5696.0
meta.imbalanced.OnlineRUSBoost -l (trees.HoeffdingTree -e 2000000 -g 100 -c 0.01),ArffFileStream -f ./../../../Dataset/benchmarks/fars.arff,1,58500.0,5.625,8.288770914077759E-9,58500.0,0.046,0.125,0.875,0.0,0.0,0.046,0.125,0.19,0.046,0.164,0.106,0.46,0.028,0.002,0.004,58500.0,5696.0
meta.imbalanced.OnlineRUSBoost -l (trees.HoeffdingTree -e 2000000 -g 100 -c 0.01),ArffFileStream -f ./../../../Dataset/benchmarks/fars.arff,1,59000.0,5.65625,8.334819641378192E-9,59000.0,0.056,0.14285714285714285,0.8928571428571429,0.0,0.0,0.056,0.14285714285714285,0.192,0.056,0.086,0.052,0.388,0.224,0.0,0.002,59000.0,5696.0
meta.imbalanced.OnlineRUSBoost -l (trees.HoeffdingTree -e 2000000 -g 100 -c 0.01),ArffFileStream -f ./../../../Dataset/benchmarks/fars.arff,1,59500.0,5.703125,8.40389273232884E-9,59500.0,0.112,0.14285714285714285,0.8928571428571429,0.0,0.0,0.112,0.14285714285714285,0.202,0.112,0.13,0.08,0.388,0.08,0.0,0.008,59500.0,5696.0
meta.imbalanced.OnlineRUSBoost -l (trees.HoeffdingTree -e 2000000 -g 100 -c 0.01),ArffFileStream -f ./../../../Dataset/benchmarks/fars.arff,1,60000.0,5.75,8.472965823279488E-9,60000.0,0.18,0.14825777190913206,0.8125822929904564,0.05563463655753488,0.0,0.30391207904819517,0.14825777190913206,0.258,0.098,0.134,0.076,0.404,0.024,0.002,0.004,60000.0,5696.0
meta.imbalanced.OnlineRUSBoost -l (trees.HoeffdingTree -e 2000000 -g 100 -c 0.01),ArffFileStream -f ./../../../Dataset/benchmarks/fars.arff,1,60500.0,5.796875,8.542038914230136E-9,60500.0,0.072,0.14285714285714285,0.8928571428571429,0.0,0.0,0.072,0.14285714285714285,0.246,0.072,0.1,0.108,0.432,0.034,0.0,0.008,60500.0,5696.0
meta.imbalanced.OnlineRUSBoost -l (trees.HoeffdingTree -e 2000000 -g 100 -c 0.01),ArffFileStream -f ./../../../Dataset/benchmarks/fars.arff,1,61000.0,5.828125,8.588087641530568E-9,61000.0,0.018,0.04945054945054945,0.7918956043956042,-0.0028594771241830064,0.0,0.0225,0.04945054945054945,0.2,0.052,0.122,0.176,0.434,0.002,0.0,0.014,61000.0,5696.0
meta.imbalanced.OnlineRUSBoost -l (trees.HoeffdingTree -e 2000000 -g 100 -c 0.01),ArffFileStream -f ./../../../Dataset/benchmarks/fars.arff,1,61500.0,5.875,8.657160732481216E-9,61500.0,0.232,0.1347130027333073,0.7189415697398432,0.1332298024486258,0.0,0.28604594330400784,0.1347130027333073,0.232,0.08,0.118,0.156,0.394,0.008,0.0,0.012,61500.0,5696.0
meta.imbalanced.OnlineRUSBoost -l (trees.HoeffdingTree -e 2000000 -g 100 -c 0.01),ArffFileStream -f ./../../../Dataset/benchmarks/fars.arff,1,62000.0,5.90625,8.703209459781649E-9,62000.0,0.166,0.07872480860207551,0.7506825617961324,0.08310136017625562,0.0,0.3083991337664501,0.07872480860207551,0.206,0.068,0.212,0.09,0.412,0.004,0.0,0.008,62000.0,5696.0
meta.imbalanced.OnlineRUSBoost -l (trees.HoeffdingTree -e 2000000 -g 100 -c 0.01),ArffFileStream -f ./../../../Dataset/benchmarks/fars.arff,1,62500.0,5.953125,8.772282550732297E-9,62500.0,0.012,0.011538461538461539,0.8403159340659341,-0.00770260125983224,0.0,0.06382978723404255,0.011538461538461539,0.19,0.076,0.208,0.1,0.426,0.0,0.0,0.0,62500.0,5696.0
meta.imbalanced.OnlineRUSBoost -l (trees.HoeffdingTree -e 2000000 -g 100 -c 0.01),ArffFileStream -f ./../../../Dataset/benchmarks/fars.arff,1,63000.0,6.0,8.841355641682945E-9,63000.0,0.0,0.0,0.875,0.0,0.0,0.0,0.0,0.198,0.098,0.194,0.084,0.412,0.002,0.0,0.012,63000.0,5696.0
meta.imbalanced.OnlineRUSBoost -l (trees.HoeffdingTree -e 2000000 -g 100 -c 0.01),ArffFileStream -f ./../../../Dataset/benchmarks/fars.arff,1,63500.0,6.046875,8.910428732633593E-9,63500.0,0.0,0.0,0.8928571428571429,0.0,0.0,0.0,0.0,0.24,0.13,0.132,0.064,0.432,0.002,0.0,0.0,63500.0,5696.0
meta.imbalanced.OnlineRUSBoost -l (trees.HoeffdingTree -e 2000000 -g 100 -c 0.01),ArffFileStream -f ./../../../Dataset/benchmarks/fars.arff,1,64000.0,6.09375,8.979501823584241E-9,64000.0,0.01,0.015723270440251572,0.805256064690027,0.003875828594197124,0.0,0.08620689655172414,0.015723270440251572,0.214,0.106,0.128,0.11,0.428,0.0,0.0,0.014,64000.0,5696.0
meta.imbalanced.OnlineRUSBoost -l (trees.HoeffdingTree -e 2000000 -g 100 -c 0.01),ArffFileStream -f ./../../../Dataset/benchmarks/fars.arff,1,64500.0,6.140625,9.048574914534889E-9,64500.0,0.112,0.125,0.875,0.0,0.0,0.112,0.125,0.228,0.112,0.162,0.076,0.412,0.002,0.002,0.006,64500.0,5696.0
meta.imbalanced.OnlineRUSBoost -l (trees.HoeffdingTree -e 2000000 -g 100 -c 0.01),ArffFileStream -f ./../../../Dataset/benchmarks/fars.arff,1,65000.0,6.1875,9.117648005485537E-9,65000.0,0.098,0.16666666666666666,0.9107142857142857,0.0,0.0,0.098,0.16666666666666666,0.232,0.098,0.178,0.088,0.382,0.0,0.0,0.022,65000.0,5696.0
meta.imbalanced.OnlineRUSBoost -l (trees.HoeffdingTree -e 2000000 -g 100 -c 0.01),ArffFileStream -f ./../../../Dataset/benchmarks/fars.arff,1,65500.0,6.21875,9.16369673278597E-9,65500.0,0.094,0.16666666666666666,0.9107142857142857,0.0,0.0,0.094,0.16666666666666666,0.19,0.094,0.142,0.13,0.426,0.0,0.0,0.018,65500.0,5696.0
meta.imbalanced.OnlineRUSBoost -l (trees.HoeffdingTree -e 2000000 -g 100 -c 0.01),ArffFileStream -f ./../../../Dataset/benchmarks/fars.arff,1,66000.0,6.25,9.209745460086402E-9,66000.0,0.126,0.2,0.9285714285714286,0.0,0.0,0.126,0.2,0.17,0.126,0.162,0.118,0.424,0.0,0.0,0.0,66000.0,5696.0
meta.imbalanced.OnlineRUSBoost -l (trees.HoeffdingTree -e 2000000 -g 100 -c 0.01),ArffFileStream -f ./../../../Dataset/benchmarks/fars.arff,1,66500.0,6.3125,9.301842914687266E-9,66500.0,0.124,0.16666666666666666,0.9107142857142857,0.0,0.0,0.124,0.16666666666666666,0.154,0.124,0.166,0.122,0.424,0.0,0.0,0.01,66500.0,5696.0
meta.imbalanced.OnlineRUSBoost -l (trees.HoeffdingTree -e 2000000 -g 100 -c 0.01),ArffFileStream -f ./../../../Dataset/benchmarks/fars.arff,1,67000.0,6.359375,9.370916005637914E-9,67000.0,0.132,0.16666666666666666,0.9107142857142857,0.0,0.0,0.132,0.16666666666666666,0.184,0.132,0.146,0.112,0.412,0.0,0.0,0.014,67000.0,5696.0
meta.imbalanced.OnlineRUSBoost -l (trees.HoeffdingTree -e 2000000 -g 100 -c 0.01),ArffFileStream -f ./../../../Dataset/benchmarks/fars.arff,1,67500.0,6.421875,9.463013460238777E-9,67500.0,0.118,0.16666666666666666,0.9107142857142857,0.0,0.0,0.118,0.16666666666666666,0.154,0.118,0.186,0.138,0.394,0.0,0.0,0.01,67500.0,5696.0
meta.imbalanced.OnlineRUSBoost -l (trees.HoeffdingTree -e 2000000 -g 100 -c 0.01),ArffFileStream -f ./../../../Dataset/benchmarks/fars.arff,1,68000.0,6.46875,9.532086551189425E-9,68000.0,0.128,0.16666666666666666,0.9107142857142857,0.0,0.0,0.128,0.16666666666666666,0.168,0.128,0.17,0.084,0.444,0.0,0.0,0.006,68000.0,5696.0
meta.imbalanced.OnlineRUSBoost -l (trees.HoeffdingTree -e 2000000 -g 100 -c 0.01),ArffFileStream -f ./../../../Dataset/benchmarks/fars.arff,1,68500.0,6.515625,9.601159642140073E-9,68500.0,0.156,0.17264573991031393,0.9113549007046765,0.012985554973430133,0.0,0.5711382113821138,0.17264573991031393,0.142,0.14,0.144,0.122,0.446,0.0,0.0,0.006,68500.0,5696.0
meta.imbalanced.OnlineRUSBoost -l (trees.HoeffdingTree -e 2000000 -g 100 -c 0.01),ArffFileStream -f ./../../../Dataset/benchmarks/fars.arff,1,69000.0,6.5625,9.670232733090721E-9,69000.0,0.132,0.1721698113207547,0.9113039083557951,0.011069639837943025,0.0,0.5598377281947262,0.1721698113207547,0.182,0.118,0.164,0.104,0.424,0.0,0.0,0.008,69000.0,5696.0
meta.imbalanced.OnlineRUSBoost -l (trees.HoeffdingTree -e 2000000 -g 100 -c 0.01),ArffFileStream -f ./../../../Dataset/benchmarks/fars.arff,1,69500.0,6.59375,9.716281460391154E-9,69500.0,0.046,0.14285714285714285,0.8928571428571429,0.0,0.0,0.046,0.14285714285714285,0.128,0.046,0.226,0.158,0.426,0.002,0.0,0.014,69500.0,5696.0
meta.imbalanced.OnlineRUSBoost -l (trees.HoeffdingTree -e 2000000 -g 100 -c 0.01),ArffFileStream -f ./../../../Dataset/benchmarks/fars.arff,1,70000.0,6.625,9.762330187691587E-9,70000.0,0.038,0.16666666666666666,0.9107142857142857,0.0,0.0,0.038,0.16666666666666666,0.16,0.038,0.188,0.144,0.466,0.0,0.0,0.004,70000.0,5696.0
meta.imbalanced.OnlineRUSBoost -l (trees.HoeffdingTree -e 2000000 -g 100 -c 0.01),ArffFileStream -f ./../../../Dataset/benchmarks/fars.arff,1,70500.0,6.65625,9.80837891499202E-9,70500.0,0.046,0.16666666666666666,0.9107142857142857,0.0,0.0,0.046,0.16666666666666666,0.174,0.046,0.17,0.166,0.436,0.0,0.0,0.008,70500.0,5696.0
meta.imbalanced.OnlineRUSBoost -l (trees.HoeffdingTree -e 2000000 -g 100 -c 0.01),ArffFileStream -f ./../../../Dataset/benchmarks/fars.arff,1,71000.0,6.703125,9.877452005942667E-9,71000.0,0.082,0.16666666666666666,0.9107142857142857,0.0,0.0,0.082,0.16666666666666666,0.146,0.082,0.198,0.142,0.43,0.0,0.0,0.002,71000.0,5696.0
meta.imbalanced.OnlineRUSBoost -l (trees.HoeffdingTree -e 2000000 -g 100 -c 0.01),ArffFileStream -f ./../../../Dataset/benchmarks/fars.arff,1,71500.0,6.734375,9.9235007332431E-9,71500.0,0.014,0.04861111111111111,0.808779761904762,-0.008658504648422155,0.0,0.014957264957264958,0.04861111111111111,0.192,0.048,0.174,0.15,0.432,0.0,0.0,0.004,71500.0,5696.0
meta.imbalanced.OnlineRUSBoost -l (trees.HoeffdingTree -e 2000000 -g 100 -c 0.01),ArffFileStream -f ./../../../Dataset/benchmarks/fars.arff,1,72000.0,6.765625,9.969549460543532E-9,72000.0,0.0,0.0,0.8928571428571429,0.0,0.0,0.0,0.0,0.192,0.048,0.184,0.124,0.436,0.0,0.0,0.016,72000.0,5696.0
meta.imbalanced.OnlineRUSBoost -l (trees.HoeffdingTree -e 2000000 -g 100 -c 0.01),ArffFileStream -f ./../../../Dataset/benchmarks/fars.arff,1,72500.0,6.796875,1.0015598187843965E-8,72500.0,0.0,0.0,0.875,0.0,0.0,0.0,0.0,0.192,0.066,0.142,0.136,0.454,0.004,0.0,0.006,72500.0,5696.0
meta.imbalanced.OnlineRUSBoost -l (trees.HoeffdingTree -e 2000000 -g 100 -c 0.01),ArffFileStream -f ./../../../Dataset/benchmarks/fars.arff,1,73000.0,6.84375,1.0084671278794613E-8,73000.0,0.0,0.0,0.9107142857142857,0.0,0.0,0.0,0.0,0.186,0.062,0.218,0.148,0.386,0.0,0.0,0.0,73000.0,5696.0
meta.imbalanced.OnlineRUSBoost -l (trees.HoeffdingTree -e 2000000 -g 100 -c 0.01),ArffFileStream -f ./../../../Dataset/benchmarks/fars.arff,1,73500.0,6.890625,1.0153744369745261E-8,73500.0,0.264,0.1557246036659342,0.7444332538542174,0.1251551185557452,0.0,0.24332924371524475,0.1557246036659342,0.184,0.068,0.166,0.12,0.462,0.0,0.0,0.0,73500.0,5696.0
meta.imbalanced.OnlineRUSBoost -l (trees.HoeffdingTree -e 2000000 -g 100 -c 0.01),ArffFileStream -f ./../../../Dataset/benchmarks/fars.arff,1,74000.0,6.9375,1.0222817460695909E-8,74000.0,0.106,0.09271870127133285,0.8057876865814808,0.04875806533989343,0.0,0.37323232323232325,0.09271870127133285,0.198,0.092,0.152,0.112,0.444,0.0,0.0,0.002,74000.0,5696.0
meta.imbalanced.OnlineRUSBoost -l (trees.HoeffdingTree -e 2000000 -g 100 -c 0.01),ArffFileStream -f ./../../../Dataset/benchmarks/fars.arff,1,74500.0,6.984375,1.0291890551646557E-8,74500.0,0.0,0.0,0.8928571428571429,0.0,0.0,0.0,0.0,0.192,0.044,0.17,0.144,0.446,0.0,0.0,0.004,74500.0,5696.0
meta.imbalanced.OnlineRUSBoost -l (trees.HoeffdingTree -e 2000000 -g 100 -c 0.01),ArffFileStream -f ./../../../Dataset/benchmarks/fars.arff,1,75000.0,7.015625,1.033793927894699E-8,75000.0,0.0,0.0,0.8928571428571429,0.0,0.0,0.0,0.0,0.232,0.04,0.128,0.162,0.432,0.0,0.0,0.006,75000.0,5696.0
meta.imbalanced.OnlineRUSBoost -l (trees.HoeffdingTree -e 2000000 -g 100 -c 0.01),ArffFileStream -f ./../../../Dataset/benchmarks/fars.arff,1,75500.0,7.03125,1.0360963642597205E-8,75500.0,0.002,0.14285714285714285,0.8928571428571429,0.0,0.0,0.002,0.14285714285714285,0.208,0.036,0.14,0.154,0.456,0.0,0.002,0.004,75500.0,5696.0
meta.imbalanced.OnlineRUSBoost -l (trees.HoeffdingTree -e 2000000 -g 100 -c 0.01),ArffFileStream -f ./../../../Dataset/benchmarks/fars.arff,1,76000.0,7.0625,1.0407012369897638E-8,76000.0,0.0,0.0,0.8928571428571429,0.0,0.0,0.0,0.0,0.202,0.028,0.112,0.208,0.434,0.0,0.0,0.016,76000.0,5696.0
meta.imbalanced.OnlineRUSBoost -l (trees.HoeffdingTree -e 2000000 -g 100 -c 0.01),ArffFileStream -f ./../../../Dataset/benchmarks/fars.arff,1,76500.0,7.09375,1.045306109719807E-8,76500.0,0.0,0.0,0.8928571428571429,0.0,0.0,0.0,0.0,0.19,0.052,0.118,0.22,0.418,0.0,0.0,0.002,76500.0,5696.0
meta.imbalanced.OnlineRUSBoost -l (trees.HoeffdingTree -e 2000000 -g 100 -c 0.01),ArffFileStream -f ./../../../Dataset/benchmarks/fars.arff,1,77000.0,7.140625,1.0522134188148718E-8,77000.0,0.0,0.0,0.8928571428571429,0.0,0.0,0.0,0.0,0.184,0.066,0.09,0.194,0.462,0.0,0.0,0.004,77000.0,5696.0
meta.imbalanced.OnlineRUSBoost -l (trees.HoeffdingTree -e 2000000 -g 100 -c 0.01),ArffFileStream -f ./../../../Dataset/benchmarks/fars.arff,1,77500.0,7.1875,1.0591207279099366E-8,77500.0,0.02,0.01912536214861796,0.7667097834793168,0.0020163343448950082,0.0,0.1693889897156685,0.01912536214861796,0.198,0.094,0.094,0.172,0.436,0.0,0.0,0.006,77500.0,5696.0
meta.imbalanced.OnlineRUSBoost -l (trees.HoeffdingTree -e 2000000 -g 100 -c 0.01),ArffFileStream -f ./../../../Dataset/benchmarks/fars.arff,1,78000.0,7.203125,1.0614231642749582E-8,78000.0,0.06,0.0609804453563727,0.7501693012714082,0.03359392027766697,0.0,0.29998094149037546,0.0609804453563727,0.166,0.02,0.14,0.174,0.446,0.006,0.0,0.048,78000.0,5696.0
meta.imbalanced.OnlineRUSBoost -l (trees.HoeffdingTree -e 2000000 -g 100 -c 0.01),ArffFileStream -f ./../../../Dataset/benchmarks/fars.arff,1,78500.0,7.234375,1.0660280370050014E-8,78500.0,0.232,0.13425925925925927,0.8179563492063492,0.06571161631890376,0.0,0.18770226537216828,0.13425925925925927,0.148,0.02,0.076,0.116,0.352,0.0,0.0,0.288,78500.0,5696.0
meta.imbalanced.OnlineRUSBoost -l (trees.HoeffdingTree -e 2000000 -g 100 -c 0.01),ArffFileStream -f ./../../../Dataset/benchmarks/fars.arff,1,79000.0,7.296875,1.0752377824650878E-8,79000.0,0.0,0.0,0.8214285714285714,0.0,0.0,0.0,0.0,0.178,0.112,0.114,0.188,0.408,0.0,0.0,0.0,79000.0,5696.0
meta.imbalanced.OnlineRUSBoost -l (trees.HoeffdingTree -e 2000000 -g 100 -c 0.01),ArffFileStream -f ./../../../Dataset/benchmarks/fars.arff,1,79500.0,7.34375,1.0821450915601526E-8,79500.0,0.0,0.0,0.8928571428571429,0.0,0.0,0.0,0.0,0.172,0.098,0.122,0.168,0.434,0.0,0.0,0.006,79500.0,5696.0
meta.imbalanced.OnlineRUSBoost -l (trees.HoeffdingTree -e 2000000 -g 100 -c 0.01),ArffFileStream -f ./../../../Dataset/benchmarks/fars.arff,1,80000.0,7.390625,1.0890524006552174E-8,80000.0,0.0,0.0,0.8928571428571429,0.0,0.0,0.0,0.0,0.168,0.094,0.128,0.134,0.46,0.0,0.0,0.016,80000.0,5696.0
meta.imbalanced.OnlineRUSBoost -l (trees.HoeffdingTree -e 2000000 -g 100 -c 0.01),ArffFileStream -f ./../../../Dataset/benchmarks/fars.arff,1,80500.0,7.453125,1.0982621461153037E-8,80500.0,0.03,0.026301895287011916,0.7258336815586041,0.014604175640202523,0.0,0.33333333333333337,0.026301895287011916,0.206,0.094,0.1,0.142,0.456,0.0,0.0,0.002,80500.0,5696.0
meta.imbalanced.OnlineRUSBoost -l (trees.HoeffdingTree -e 2000000 -g 100 -c 0.01),ArffFileStream -f ./../../../Dataset/benchmarks/fars.arff,1,81000.0,7.515625,1.1074718915753901E-8,81000.0,0.174,0.07518605543950825,0.8283925912177661,0.09006785934608266,0.0,0.3426984126984127,0.07518605543950825,0.198,0.094,0.116,0.124,0.466,0.0,0.0,0.002,81000.0,5696.0
meta.imbalanced.OnlineRUSBoost -l (trees.HoeffdingTree -e 2000000 -g 100 -c 0.01),ArffFileStream -f ./../../../Dataset/benchmarks/fars.arff,1,81500.0,7.578125,1.1166816370354764E-8,81500.0,0.236,0.16327053796596522,0.76945035596691,0.06385398082616112,0.0,0.28115785309694075,0.16327053796596522,0.24,0.038,0.098,0.192,0.428,0.0,0.0,0.004,81500.0,5696.0
meta.imbalanced.OnlineRUSBoost -l (trees.HoeffdingTree -e 2000000 -g 100 -c 0.01),ArffFileStream -f ./../../../Dataset/benchmarks/fars.arff,1,82000.0,7.640625,1.1258913824955628E-8,82000.0,0.01,0.0099931864637747,0.7579052283226722,-0.002454494641425065,0.0,0.16444444444444445,0.0099931864637747,0.208,0.096,0.136,0.148,0.404,0.002,0.0,0.006,82000.0,5696.0
meta.imbalanced.OnlineRUSBoost -l (trees.HoeffdingTree -e 2000000 -g 100 -c 0.01),ArffFileStream -f ./../../../Dataset/benchmarks/fars.arff,1,82500.0,7.6875,1.1327986915906276E-8,82500.0,0.006,0.006666666666666667,0.8221428571428572,0.001193744297559858,0.0,0.0625,0.006666666666666667,0.154,0.062,0.17,0.15,0.462,0.0,0.0,0.002,82500.0,5696.0
meta.imbalanced.OnlineRUSBoost -l (trees.HoeffdingTree -e 2000000 -g 100 -c 0.01),ArffFileStream -f ./../../../Dataset/benchmarks/fars.arff,1,83000.0,7.734375,1.1397060006856924E-8,83000.0,0.002,0.0019801980198019802,0.8216053748231966,-0.002028153175766582,0.0,0.037037037037037035,0.0019801980198019802,0.102,0.076,0.202,0.192,0.428,0.0,0.0,0.0,83000.0,5696.0
meta.imbalanced.OnlineRUSBoost -l (trees.HoeffdingTree -e 2000000 -g 100 -c 0.01),ArffFileStream -f ./../../../Dataset/benchmarks/fars.arff,1,83500.0,7.765625,1.1443108734157357E-8,83500.0,0.0,0.0,0.875,0.0,0.0,0.0,0.0,0.174,0.084,0.142,0.15,0.442,0.004,0.0,0.004,83500.0,5696.0
meta.imbalanced.OnlineRUSBoost -l (trees.HoeffdingTree -e 2000000 -g 100 -c 0.01),ArffFileStream -f ./../../../Dataset/benchmarks/fars.arff,1,84000.0,7.796875,1.1489157461457789E-8,84000.0,0.0,0.0,0.8928571428571429,0.0,0.0,0.0,0.0,0.188,0.078,0.16,0.128,0.44,0.0,0.0,0.006,84000.0,5696.0
meta.imbalanced.OnlineRUSBoost -l (trees.HoeffdingTree -e 2000000 -g 100 -c 0.01),ArffFileStream -f ./../../../Dataset/benchmarks/fars.arff,1,84500.0,7.84375,1.1558230552408437E-8,84500.0,0.0,0.0,0.8928571428571429,0.0,0.0,0.0,0.0,0.224,0.102,0.102,0.152,0.408,0.0,0.0,0.012,84500.0,5696.0
meta.imbalanced.OnlineRUSBoost -l (trees.HoeffdingTree -e 2000000 -g 100 -c 0.01),ArffFileStream -f ./../../../Dataset/benchmarks/fars.arff,1,85000.0,7.890625,1.1627303643359085E-8,85000.0,0.0,0.0,0.8928571428571429,0.0,0.0,0.0,0.0,0.158,0.112,0.166,0.116,0.43,0.0,0.0,0.018,85000.0,5696.0
meta.imbalanced.OnlineRUSBoost -l (trees.HoeffdingTree -e 2000000 -g 100 -c 0.01),ArffFileStream -f ./../../../Dataset/benchmarks/fars.arff,1,85500.0,7.9375,1.1696376734309733E-8,85500.0,0.0,0.0,0.8928571428571429,0.0,0.0,0.0,0.0,0.186,0.116,0.136,0.156,0.398,0.0,0.0,0.008,85500.0,5696.0
meta.imbalanced.OnlineRUSBoost -l (trees.HoeffdingTree -e 2000000 -g 100 -c 0.01),ArffFileStream -f ./../../../Dataset/benchmarks/fars.arff,1,86000.0,7.984375,1.1765449825260381E-8,86000.0,0.0,0.0,0.7857142857142857,0.0,0.0,0.0,0.0,0.242,0.092,0.118,0.142,0.398,0.0,0.0,0.008,86000.0,5696.0
meta.imbalanced.OnlineRUSBoost -l (trees.HoeffdingTree -e 2000000 -g 100 -c 0.01),ArffFileStream -f ./../../../Dataset/benchmarks/fars.arff,1,86500.0,8.03125,1.183452291621103E-8,86500.0,0.0,0.0,0.8928571428571429,0.0,0.0,0.0,0.0,0.164,0.086,0.16,0.194,0.39,0.0,0.0,0.006,86500.0,5696.0
meta.imbalanced.OnlineRUSBoost -l (trees.HoeffdingTree -e 2000000 -g 100 -c 0.01),ArffFileStream -f ./../../../Dataset/benchmarks/fars.arff,1,87000.0,8.078125,1.1903596007161677E-8,87000.0,0.0,0.0,0.8928571428571429,0.0,0.0,0.0,0.0,0.176,0.096,0.144,0.164,0.41,0.0,0.0,0.01,87000.0,5696.0
meta.imbalanced.OnlineRUSBoost -l (trees.HoeffdingTree -e 2000000 -g 100 -c 0.01),ArffFileStream -f ./../../../Dataset/benchmarks/fars.arff,1,87500.0,8.109375,1.194964473446211E-8,87500.0,0.0,0.0,0.8928571428571429,0.0,0.0,0.0,0.0,0.21,0.078,0.168,0.15,0.39,0.0,0.0,0.004,87500.0,5696.0
meta.imbalanced.OnlineRUSBoost -l (trees.HoeffdingTree -e 2000000 -g 100 -c 0.01),ArffFileStream -f ./../../../Dataset/benchmarks/fars.arff,1,88000.0,8.15625,1.2018717825412758E-8,88000.0,0.002,0.14285714285714285,0.8214285714285714,4.408623267110468E-5,0.0,0.0010224948875255625,0.14285714285714285,0.204,0.128,0.148,0.12,0.388,0.002,0.0,0.01,88000.0,5696.0
meta.imbalanced.OnlineRUSBoost -l (trees.HoeffdingTree -e 2000000 -g 100 -c 0.01),ArffFileStream -f ./../../../Dataset/benchmarks/fars.arff,1,88500.0,8.203125,1.2087790916363406E-8,88500.0,0.0,0.0,0.8928571428571429,0.0,0.0,0.0,0.0,0.186,0.1,0.132,0.154,0.422,0.0,0.0,0.006,88500.0,5696.0
meta.imbalanced.OnlineRUSBoost -l (trees.HoeffdingTree -e 2000000 -g 100 -c 0.01),ArffFileStream -f ./../../../Dataset/benchmarks/fars.arff,1,89000.0,8.25,1.2156864007314054E-8,89000.0,0.0,0.0,0.7857142857142857,0.0,0.0,0.0,0.0,0.174,0.134,0.166,0.18,0.342,0.0,0.0,0.004,89000.0,5696.0
meta.imbalanced.OnlineRUSBoost -l (trees.HoeffdingTree -e 2000000 -g 100 -c 0.01),ArffFileStream -f ./../../../Dataset/benchmarks/fars.arff,1,89500.0,8.28125,1.2202912734614487E-8,89500.0,0.0,0.0,0.8928571428571429,0.0,0.0,0.0,0.0,0.172,0.076,0.148,0.16,0.432,0.0,0.0,0.012,89500.0,5696.0
meta.imbalanced.OnlineRUSBoost -l (trees.HoeffdingTree -e 2000000 -g 100 -c 0.01),ArffFileStream -f ./../../../Dataset/benchmarks/fars.arff,1,90000.0,8.328125,1.2271985825565135E-8,90000.0,0.0,0.0,0.8571428571428571,-0.0013137236053702458,0.0,0.0,0.0,0.208,0.082,0.154,0.132,0.412,0.0,0.0,0.012,90000.0,5696.0
meta.imbalanced.OnlineRUSBoost -l (trees.HoeffdingTree -e 2000000 -g 100 -c 0.01),ArffFileStream -f ./../../../Dataset/benchmarks/fars.arff,1,90500.0,8.34375,1.229501018921535E-8,90500.0,0.0,0.0,0.8928571428571429,0.0,0.0,0.0,0.0,0.2,0.076,0.182,0.142,0.39,0.0,0.0,0.01,90500.0,5696.0
meta.imbalanced.OnlineRUSBoost -l (trees.HoeffdingTree -e 2000000 -g 100 -c 0.01),ArffFileStream -f ./../../../Dataset/benchmarks/fars.arff,1,91000.0,8.375,1.2341058916515783E-8,91000.0,0.0,0.0,0.8928571428571429,0.0,0.0,0.0,0.0,0.2,0.07,0.148,0.124,0.442,0.0,0.0,0.016,91000.0,5696.0
meta.imbalanced.OnlineRUSBoost -l (trees.HoeffdingTree -e 2000000 -g 100 -c 0.01),ArffFileStream -f ./../../../Dataset/benchmarks/fars.arff,1,91500.0,8.421875,1.241013200746643E-8,91500.0,0.06,0.0925925925925926,0.8134920634920635,-0.014978491094103622,0.0,0.043859649122807015,0.0925925925925926,0.194,0.108,0.14,0.142,0.4,0.0,0.0,0.016,91500.0,5696.0
meta.imbalanced.OnlineRUSBoost -l (trees.HoeffdingTree -e 2000000 -g 100 -c 0.01),ArffFileStream -f ./../../../Dataset/benchmarks/fars.arff,1,92000.0,8.453125,1.2456180734766863E-8,92000.0,0.08,0.16666666666666666,0.9107142857142857,0.0,0.0,0.08,0.16666666666666666,0.17,0.08,0.164,0.15,0.422,0.0,0.0,0.014,92000.0,5696.0
meta.imbalanced.OnlineRUSBoost -l (trees.HoeffdingTree -e 2000000 -g 100 -c 0.01),ArffFileStream -f ./../../../Dataset/benchmarks/fars.arff,1,92500.0,8.515625,1.2548278189367727E-8,92500.0,0.086,0.16666666666666666,0.9107142857142857,0.0,0.0,0.086,0.16666666666666666,0.202,0.086,0.168,0.124,0.408,0.0,0.0,0.012,92500.0,5696.0
meta.imbalanced.OnlineRUSBoost -l (trees.HoeffdingTree -e 2000000 -g 100 -c 0.01),ArffFileStream -f ./../../../Dataset/benchmarks/fars.arff,1,93000.0,8.5625,1.2617351280318375E-8,93000.0,0.08,0.06766313842776206,0.6085692354077542,0.02649211246978951,0.0,0.23884680134680136,0.06766313842776206,0.232,0.088,0.118,0.116,0.428,0.0,0.0,0.018,93000.0,5696.0
meta.imbalanced.OnlineRUSBoost -l (trees.HoeffdingTree -e 2000000 -g 100 -c 0.01),ArffFileStream -f ./../../../Dataset/benchmarks/fars.arff,1,93500.0,8.625,1.2709448734919238E-8,93500.0,0.022,0.06125549997379339,0.6833832199577008,-0.01192791927753727,0.0,0.17617991596158178,0.06125549997379339,0.276,0.106,0.11,0.098,0.376,0.0,0.0,0.034,93500.0,5696.0
meta.imbalanced.OnlineRUSBoost -l (trees.HoeffdingTree -e 2000000 -g 100 -c 0.01),ArffFileStream -f ./../../../Dataset/benchmarks/fars.arff,1,94000.0,8.6875,1.2801546189520102E-8,94000.0,0.116,0.08901464654544163,0.7374520321519097,0.04518314337806427,0.0,0.18936420722135008,0.08901464654544163,0.21,0.062,0.12,0.228,0.376,0.0,0.0,0.004,94000.0,5696.0
meta.imbalanced.OnlineRUSBoost -l (trees.HoeffdingTree -e 2000000 -g 100 -c 0.01),ArffFileStream -f ./../../../Dataset/benchmarks/fars.arff,1,94500.0,8.765625,1.2916668007771182E-8,94500.0,0.084,0.07508737419280041,0.7548375534027001,0.006718745255889204,0.0,0.21671454336829,0.07508737419280041,0.162,0.038,0.134,0.178,0.484,0.0,0.0,0.004,94500.0,5696.0
meta.imbalanced.OnlineRUSBoost -l (trees.HoeffdingTree -e 2000000 -g 100 -c 0.01),ArffFileStream -f ./../../../Dataset/benchmarks/fars.arff,1,95000.0,8.84375,1.3031789826022263E-8,95000.0,0.074,0.05071010860484545,0.7425952541816911,0.03255464081240336,0.0,0.21623931623931622,0.05071010860484545,0.24,0.074,0.04,0.266,0.376,0.0,0.0,0.004,95000.0,5696.0
meta.imbalanced.OnlineRUSBoost -l (trees.HoeffdingTree -e 2000000 -g 100 -c 0.01),ArffFileStream -f ./../../../Dataset/benchmarks/fars.arff,1,95500.0,8.984375,1.3239009098874207E-8,95500.0,0.008,0.02463343108504399,0.7649470899470899,-0.04085786833987367,0.0,0.07051282051282051,0.02463343108504399,0.124,0.084,0.044,0.31,0.438,0.0,0.0,0.0,95500.0,5696.0
meta.imbalanced.OnlineRUSBoost -l (trees.HoeffdingTree -e 2000000 -g 100 -c 0.01),ArffFileStream -f ./../../../Dataset/benchmarks/fars.arff,1,96000.0,9.109375,1.3423204008075936E-8,96000.0,0.048,0.048780487804878044,0.7730836236933799,-0.03457569355694078,0.0,0.02843601895734597,0.048780487804878044,0.164,0.052,0.034,0.3,0.448,0.0,0.0,0.002,96000.0,5696.0
meta.imbalanced.OnlineRUSBoost -l (trees.HoeffdingTree -e 2000000 -g 100 -c 0.01),ArffFileStream -f ./../../../Dataset/benchmarks/fars.arff,1,96500.0,9.21875,1.3584374553627447E-8,96500.0,0.114,0.12306954563052125,0.7546148343441678,0.024740334362162567,0.0,0.10733303199347342,0.12306954563052125,0.154,0.072,0.04,0.246,0.486,0.0,0.0,0.002,96500.0,5696.0
meta.imbalanced.OnlineRUSBoost -l (trees.HoeffdingTree -e 2000000 -g 100 -c 0.01),ArffFileStream -f ./../../../Dataset/benchmarks/fars.arff,1,97000.0,9.3125,1.3722520735528743E-8,97000.0,0.274,0.2418267525161948,0.7924210108380789,0.11144401362942075,0.0,0.25748756650267013,0.2418267525161948,0.168,0.088,0.172,0.12,0.452,0.0,0.0,0.0,97000.0,5696.0
meta.imbalanced.OnlineRUSBoost -l (trees.HoeffdingTree -e 2000000 -g 100 -c 0.01),ArffFileStream -f ./../../../Dataset/benchmarks/fars.arff,1,97500.0,9.375,1.3814618190129607E-8,97500.0,0.41,0.29932899604541396,0.8585693507048618,0.24674183927768925,0.0,0.2399675108788055,0.29932899604541396,0.2,0.088,0.18,0.13,0.402,0.0,0.0,0.0,97500.0,5696.0
meta.imbalanced.OnlineRUSBoost -l (trees.HoeffdingTree -e 2000000 -g 100 -c 0.01),ArffFileStream -f ./../../../Dataset/benchmarks/fars.arff,1,98000.0,9.453125,1.3929740008380687E-8,98000.0,0.43,0.4253548340926982,0.8468959881537879,0.27751159784013996,0.0,0.3352689793866264,0.4253548340926982,0.206,0.12,0.148,0.11,0.412,0.0,0.0,0.004,98000.0,5696.0
meta.imbalanced.OnlineRUSBoost -l (trees.HoeffdingTree -e 2000000 -g 100 -c 0.01),ArffFileStream -f ./../../../Dataset/benchmarks/fars.arff,1,98500.0,9.515625,1.4021837462981551E-8,98500.0,0.454,0.3742909532508769,0.8395607505526679,0.3156900000501326,0.0,0.45610260984926465,0.3742909532508769,0.156,0.06,0.072,0.262,0.448,0.0,0.0,0.002,98500.0,5696.0
meta.imbalanced.OnlineRUSBoost -l (trees.HoeffdingTree -e 2000000 -g 100 -c 0.01),ArffFileStream -f ./../../../Dataset/benchmarks/fars.arff,1,99000.0,9.578125,1.4113934917582414E-8,99000.0,0.456,0.27563192199721565,0.834903303929056,0.33441979513832815,0.0,0.42198637316561843,0.27563192199721565,0.178,0.074,0.082,0.252,0.414,0.0,0.0,0.0,99000.0,5696.0
meta.imbalanced.OnlineRUSBoost -l (trees.HoeffdingTree -e 2000000 -g 100 -c 0.01),ArffFileStream -f ./../../../Dataset/benchmarks/fars.arff,1,99500.0,9.640625,1.4206032372183278E-8,99500.0,0.434,0.3066673111192042,0.7583003371874459,0.28718956223867814,0.0,0.33450215997770344,0.3066673111192042,0.178,0.058,0.144,0.14,0.476,0.0,0.002,0.002,99500.0,5696.0
meta.imbalanced.OnlineRUSBoost -l (trees.HoeffdingTree -e 2000000 -g 100 -c 0.01),ArffFileStream -f ./../../../Dataset/benchmarks/fars.arff,1,100000.0,9.703125,1.4298129826784141E-8,100000.0,0.372,0.1817035340151524,0.7871556840869074,0.2552994692229975,0.0,0.37725779967159273,0.1817035340151524,0.172,0.086,0.152,0.176,0.412,0.0,0.002,0.0,100000.0,5696.0
meta.imbalanced.OnlineRUSBoost -l (trees.HoeffdingTree -e 2000000 -g 100 -c 0.01),ArffFileStream -f ./../../../Dataset/benchmarks/fars.arff,1,100500.0,9.75,1.436720291773479E-8,100500.0,0.434,0.33413037845515065,0.8118818791242152,0.28786399460487777,0.0,0.36610343061955963,0.33413037845515065,0.142,0.082,0.142,0.148,0.476,0.0,0.0,0.01,100500.0,5696.0
meta.imbalanced.OnlineRUSBoost -l (trees.HoeffdingTree -e 2000000 -g 100 -c 0.01),ArffFileStream -f ./../../../Dataset/benchmarks/fars.arff,1,100968.0,9.8125,1.4459300372335653E-8,100968.0,0.404,0.343448505722358,0.8010148000178602,0.26108496531066666,0.0,0.32503500946952174,0.343448505722358,0.088,0.108,0.142,0.18,0.478,0.0,0.0,0.004,100968.0,5696.0
