Learner,stream,randomSeed,learning evaluation instances,evaluation time (cpu seconds),model cost (RAM-Hours),classified instances,Accuracy,AvgAccuracy,AUC,Kappa,G-Mean,Precision,Recall,Ratio-Class-0,Ratio-Class-1,Ratio-Class-2,Ratio-Class-3,Ratio-Class-4,Ratio-Class-5,Ratio-Class-6,Ratio-Class-7,Ratio-Class-8,Ratio-Class-9,model training instances,model serialized size (bytes),Member weight 1,Member weight 2,Member weight 3,Member weight 4,Member weight 5,Member weight 6,Member weight 7,Member weight 8,Member weight 9,Member weight 10,Stored member weight 11,Stored member weight 12,Stored member weight 13,Stored member weight 14,Stored member weight 15,Stored member weight 16,Stored member weight 17,Stored member weight 18,Stored member weight 19,Stored member weight 20,Stored member weight 21,Stored member weight 22,Stored member weight 23,Stored member weight 24,Stored member weight 25,Stored member weight 26,Stored member weight 27,Stored member weight 28,Stored member weight 29,Stored member weight 30,[avg] model training instances,[err] model training instances,[avg] model serialized size (bytes),[err] model serialized size (bytes),[avg] tree size (nodes),[err] tree size (nodes),[avg] tree size (leaves),[err] tree size (leaves),[avg] active learning leaves,[err] active learning leaves,[avg] tree depth,[err] tree depth,[avg] active leaf byte size estimate,[err] active leaf byte size estimate,[avg] inactive leaf byte size estimate,[err] inactive leaf byte size estimate,[avg] byte size estimate overhead,[err] byte size estimate overhead
meta.AccuracyWeightedEnsemble -l (trees.HoeffdingTree -e 2000000 -g 100 -c 0.01) -n 10.0,ArffFileStream -f ./../../../Dataset/benchmarks/penbased.arff,1,500.0,0.234375,3.536115400493145E-10,500.0,0.11,0.1,0.9,0.0,0.0,0.11,0.1,0.11,0.092,0.1,0.096,0.104,0.116,0.098,0.104,0.094,0.086,500.0,5832.0,0.7971403533648938,-1.0,-1.0,-1.0,-1.0,-1.0,-1.0,-1.0,-1.0,-1.0,-1.0,-1.0,-1.0,-1.0,-1.0,-1.0,-1.0,-1.0,-1.0,-1.0,-1.0,-1.0,-1.0,-1.0,-1.0,-1.0,-1.0,-1.0,-1.0,-1.0,0.0,0.0,0.0,0.0,0.0,0.0,0.0,0.0,0.0,0.0,0.0,0.0,0.0,0.0,0.0,0.0,0.0,0.0
meta.AccuracyWeightedEnsemble -l (trees.HoeffdingTree -e 2000000 -g 100 -c 0.01) -n 10.0,ArffFileStream -f ./../../../Dataset/benchmarks/penbased.arff,1,1000.0,0.359375,6.234363859726323E-10,1000.0,0.872,0.8691556044021386,0.9838340388049872,0.8574191076218398,0.8628914285468505,0.8791964260363642,0.8691556044021386,0.084,0.102,0.124,0.114,0.106,0.106,0.1,0.07,0.104,0.09,1000.0,8344.0,0.7935330608085833,0.6807193117983321,-1.0,-1.0,-1.0,-1.0,-1.0,-1.0,-1.0,-1.0,-1.0,-1.0,-1.0,-1.0,-1.0,-1.0,-1.0,-1.0,-1.0,-1.0,-1.0,-1.0,-1.0,-1.0,-1.0,-1.0,-1.0,-1.0,-1.0,-1.0,500.0,0.0,328.0,0.0,1.0,0.0,1.0,0.0,1.0,0.0,0.0,0.0,0.0,0.0,0.0,0.0,1.0,0.0
meta.AccuracyWeightedEnsemble -l (trees.HoeffdingTree -e 2000000 -g 100 -c 0.01) -n 10.0,ArffFileStream -f ./../../../Dataset/benchmarks/penbased.arff,1,1500.0,0.46875,9.31290237026082E-10,1500.0,0.864,0.8574565129092336,0.9817724514002069,0.848559758764604,0.8498179837428862,0.8642913258587017,0.8574565129092336,0.108,0.11,0.1,0.078,0.096,0.076,0.112,0.118,0.114,0.088,1500.0,10880.0,0.7934077660094536,0.6754238793199491,0.6748276903785484,-1.0,-1.0,-1.0,-1.0,-1.0,-1.0,-1.0,-1.0,-1.0,-1.0,-1.0,-1.0,-1.0,-1.0,-1.0,-1.0,-1.0,-1.0,-1.0,-1.0,-1.0,-1.0,-1.0,-1.0,-1.0,-1.0,-1.0,500.0,0.0,328.0,0.0,1.0,0.0,1.0,0.0,1.0,0.0,0.0,0.0,0.0,0.0,0.0,0.0,1.0,0.0
meta.AccuracyWeightedEnsemble -l (trees.HoeffdingTree -e 2000000 -g 100 -c 0.01) -n 10.0,ArffFileStream -f ./../../../Dataset/benchmarks/penbased.arff,1,2000.0,0.546875,1.2019558602737054E-9,2000.0,0.9,0.9019167374425565,0.9881068295341605,0.888549087439928,0.8970637860063841,0.9104149305644478,0.9019167374425565,0.11,0.104,0.108,0.112,0.106,0.108,0.066,0.072,0.114,0.1,2000.0,13392.0,0.795848917456833,0.7099708837034817,0.7044157894770923,0.6812205810115463,-1.0,-1.0,-1.0,-1.0,-1.0,-1.0,-1.0,-1.0,-1.0,-1.0,-1.0,-1.0,-1.0,-1.0,-1.0,-1.0,-1.0,-1.0,-1.0,-1.0,-1.0,-1.0,-1.0,-1.0,-1.0,-1.0,500.0,0.0,328.0,0.0,1.0,0.0,1.0,0.0,1.0,0.0,0.0,0.0,0.0,0.0,0.0,0.0,1.0,0.0
meta.AccuracyWeightedEnsemble -l (trees.HoeffdingTree -e 2000000 -g 100 -c 0.01) -n 10.0,ArffFileStream -f ./../../../Dataset/benchmarks/penbased.arff,1,2500.0,0.640625,1.5882607032027508E-9,2500.0,0.876,0.8772143341892585,0.9855043337142075,0.8620873743215589,0.8721014584714543,0.886910428117522,0.8772143341892585,0.094,0.096,0.114,0.102,0.108,0.098,0.086,0.13,0.084,0.088,2500.0,15928.0,0.7942761499290922,0.6857367898330475,0.6845183510186367,0.6802754389071555,0.6770444899355252,-1.0,-1.0,-1.0,-1.0,-1.0,-1.0,-1.0,-1.0,-1.0,-1.0,-1.0,-1.0,-1.0,-1.0,-1.0,-1.0,-1.0,-1.0,-1.0,-1.0,-1.0,-1.0,-1.0,-1.0,-1.0,500.0,0.0,328.0,0.0,1.0,0.0,1.0,0.0,1.0,0.0,0.0,0.0,0.0,0.0,0.0,0.0,1.0,0.0
meta.AccuracyWeightedEnsemble -l (trees.HoeffdingTree -e 2000000 -g 100 -c 0.01) -n 10.0,ArffFileStream -f ./../../../Dataset/benchmarks/penbased.arff,1,3000.0,0.75,2.1100277081131935E-9,3000.0,0.87,0.8700148213495427,0.9840532627686807,0.8555073913526731,0.8645703982620506,0.8772903666026778,0.8700148213495427,0.106,0.106,0.088,0.096,0.118,0.102,0.106,0.092,0.09,0.096,3000.0,18440.0,0.7963140202626905,0.6800488794070921,0.6770150457925133,0.6769154123699185,0.6745820594762665,0.6737519777686698,-1.0,-1.0,-1.0,-1.0,-1.0,-1.0,-1.0,-1.0,-1.0,-1.0,-1.0,-1.0,-1.0,-1.0,-1.0,-1.0,-1.0,-1.0,-1.0,-1.0,-1.0,-1.0,-1.0,-1.0,500.0,0.0,328.0,0.0,1.0,0.0,1.0,0.0,1.0,0.0,0.0,0.0,0.0,0.0,0.0,0.0,1.0,0.0
meta.AccuracyWeightedEnsemble -l (trees.HoeffdingTree -e 2000000 -g 100 -c 0.01) -n 10.0,ArffFileStream -f ./../../../Dataset/benchmarks/penbased.arff,1,3500.0,0.859375,2.7035518238941828E-9,3500.0,0.872,0.863442999985676,0.9828527924798326,0.8575244879786287,0.8505575979540397,0.87509756589227,0.863442999985676,0.106,0.112,0.102,0.11,0.112,0.076,0.1,0.104,0.082,0.096,3500.0,20976.0,0.7924247076651266,0.6829802335200458,0.682811736736975,0.6776519555221426,0.6752439887625248,0.6751160835698355,0.6735427825949611,-1.0,-1.0,-1.0,-1.0,-1.0,-1.0,-1.0,-1.0,-1.0,-1.0,-1.0,-1.0,-1.0,-1.0,-1.0,-1.0,-1.0,-1.0,-1.0,-1.0,-1.0,-1.0,-1.0,500.0,0.0,328.0,0.0,1.0,0.0,1.0,0.0,1.0,0.0,0.0,0.0,0.0,0.0,0.0,0.0,1.0,0.0
meta.AccuracyWeightedEnsemble -l (trees.HoeffdingTree -e 2000000 -g 100 -c 0.01) -n 10.0,ArffFileStream -f ./../../../Dataset/benchmarks/penbased.arff,1,4000.0,0.953125,3.2732107987006506E-9,4000.0,0.884,0.8745019144867371,0.9838886197181012,0.8705981044853375,0.8651960035153856,0.8839906466669072,0.8745019144867371,0.104,0.102,0.126,0.088,0.092,0.068,0.088,0.124,0.092,0.116,4000.0,23488.0,0.7925329016291632,0.6938044294641539,0.6862759068215376,0.6837189034444932,0.6821537273898404,0.6806785023711278,0.6793879368447276,0.6619312892516703,-1.0,-1.0,-1.0,-1.0,-1.0,-1.0,-1.0,-1.0,-1.0,-1.0,-1.0,-1.0,-1.0,-1.0,-1.0,-1.0,-1.0,-1.0,-1.0,-1.0,-1.0,-1.0,500.0,0.0,328.0,0.0,1.0,0.0,1.0,0.0,1.0,0.0,0.0,0.0,0.0,0.0,0.0,0.0,1.0,0.0
meta.AccuracyWeightedEnsemble -l (trees.HoeffdingTree -e 2000000 -g 100 -c 0.01) -n 10.0,ArffFileStream -f ./../../../Dataset/benchmarks/penbased.arff,1,4500.0,1.046875,3.9043758685390155E-9,4500.0,0.866,0.8719054730123077,0.9832683362148845,0.8509799734877803,0.8610389423398205,0.8733408734378616,0.8719054730123077,0.084,0.114,0.116,0.086,0.1,0.116,0.092,0.104,0.086,0.102,4500.0,26024.0,0.7933139743379743,0.6749426783390788,0.6747984761939059,0.6745229658706491,0.6729832511926536,0.6727336643070623,0.6712244369974113,0.6699234666790516,0.6361142476958359,-1.0,-1.0,-1.0,-1.0,-1.0,-1.0,-1.0,-1.0,-1.0,-1.0,-1.0,-1.0,-1.0,-1.0,-1.0,-1.0,-1.0,-1.0,-1.0,-1.0,-1.0,500.0,0.0,328.0,0.0,1.0,0.0,1.0,0.0,1.0,0.0,0.0,0.0,0.0,0.0,0.0,0.0,1.0,0.0
meta.AccuracyWeightedEnsemble -l (trees.HoeffdingTree -e 2000000 -g 100 -c 0.01) -n 10.0,ArffFileStream -f ./../../../Dataset/benchmarks/penbased.arff,1,5000.0,1.171875,4.8271613195538525E-9,5000.0,0.864,0.854506978365143,0.9795638766137801,0.8486008941453075,0.8355819972083823,0.8555073039769153,0.854506978365143,0.132,0.086,0.094,0.094,0.116,0.084,0.118,0.098,0.086,0.092,5000.0,28536.0,0.7912590498352696,0.679696000562255,0.671569129269291,0.669136594868186,0.6687467540912366,0.666615456509005,0.6636115819459361,0.6592403011227957,0.6556232083192088,0.6424713137812639,-1.0,-1.0,-1.0,-1.0,-1.0,-1.0,-1.0,-1.0,-1.0,-1.0,-1.0,-1.0,-1.0,-1.0,-1.0,-1.0,-1.0,-1.0,-1.0,-1.0,500.0,0.0,328.0,0.0,1.0,0.0,1.0,0.0,1.0,0.0,0.0,0.0,0.0,0.0,0.0,0.0,1.0,0.0
meta.AccuracyWeightedEnsemble -l (trees.HoeffdingTree -e 2000000 -g 100 -c 0.01) -n 10.0,ArffFileStream -f ./../../../Dataset/benchmarks/penbased.arff,1,5500.0,1.296875,5.831437495847543E-9,5500.0,0.858,0.8658256309805278,0.9824445366454106,0.8421387311511421,0.8552459952048949,0.8667632971678826,0.8658256309805278,0.108,0.114,0.082,0.08,0.106,0.118,0.096,0.106,0.098,0.092,5500.0,31056.0,0.7903036446078511,0.6686801736290875,0.6657443187639844,0.6651529131887708,0.6645047165091558,0.6637834109807103,0.6636654757209286,0.6594040810544191,0.6583067564234886,0.6507975479851514,0.621971988156989,-1.0,-1.0,-1.0,-1.0,-1.0,-1.0,-1.0,-1.0,-1.0,-1.0,-1.0,-1.0,-1.0,-1.0,-1.0,-1.0,-1.0,-1.0,-1.0,500.0,0.0,328.0,0.0,1.0,0.0,1.0,0.0,1.0,0.0,0.0,0.0,0.0,0.0,0.0,0.0,1.0,0.0
meta.AccuracyWeightedEnsemble -l (trees.HoeffdingTree -e 2000000 -g 100 -c 0.01) -n 10.0,ArffFileStream -f ./../../../Dataset/benchmarks/penbased.arff,1,6000.0,1.421875,6.916686995989747E-9,6000.0,0.906,0.9025320788821874,0.9878082360529326,0.8952706918373532,0.8977936744004886,0.9110528574528418,0.9025320788821874,0.102,0.114,0.094,0.104,0.13,0.088,0.078,0.094,0.096,0.1,6000.0,33560.0,0.7969270297371194,0.7189158708531398,0.7159780335358582,0.7145028449848984,0.7132381812697316,0.7119305410168154,0.7110426907913836,0.7094895786358035,0.7048041348103565,0.6988578399101042,0.6946216548733932,0.6846067565027547,-1.0,-1.0,-1.0,-1.0,-1.0,-1.0,-1.0,-1.0,-1.0,-1.0,-1.0,-1.0,-1.0,-1.0,-1.0,-1.0,-1.0,-1.0,500.0,0.0,328.0,0.0,1.0,0.0,1.0,0.0,1.0,0.0,0.0,0.0,0.0,0.0,0.0,0.0,1.0,0.0
meta.AccuracyWeightedEnsemble -l (trees.HoeffdingTree -e 2000000 -g 100 -c 0.01) -n 10.0,ArffFileStream -f ./../../../Dataset/benchmarks/penbased.arff,1,6500.0,1.546875,8.083427221410805E-9,6500.0,0.89,0.8914652271865448,0.9862670587703412,0.8775464766781699,0.8839369955240929,0.8939329368667608,0.8914652271865448,0.092,0.086,0.13,0.08,0.088,0.102,0.106,0.114,0.098,0.104,6500.0,36080.0,0.7964722282813878,0.7112640110592363,0.7101755206445473,0.7057269959541503,0.7006127491599817,0.7000679890832456,0.6987301373815048,0.6960088822396984,0.6959906671085166,0.6878374419374688,0.686698040006859,0.6670475256783983,0.6623074727762023,-1.0,-1.0,-1.0,-1.0,-1.0,-1.0,-1.0,-1.0,-1.0,-1.0,-1.0,-1.0,-1.0,-1.0,-1.0,-1.0,-1.0,500.0,0.0,328.0,0.0,1.0,0.0,1.0,0.0,1.0,0.0,0.0,0.0,0.0,0.0,0.0,0.0,1.0,0.0
meta.AccuracyWeightedEnsemble -l (trees.HoeffdingTree -e 2000000 -g 100 -c 0.01) -n 10.0,ArffFileStream -f ./../../../Dataset/benchmarks/penbased.arff,1,7000.0,1.6875,9.487104964339072E-9,7000.0,0.832,0.8295974520049623,0.9777963992670883,0.8130807847046676,0.8151595757786765,0.8277468522762641,0.8295974520049623,0.124,0.114,0.092,0.102,0.102,0.076,0.096,0.12,0.094,0.08,7000.0,38584.0,0.7902853926424956,0.6551260419677076,0.6484173185823128,0.646349663253451,0.6451769268002612,0.6450560511875325,0.6409197437267112,0.6374593675623743,0.6309533613660164,0.6299924280539544,0.6297243381596996,0.629090269565112,0.6254185474284017,0.6073562958276156,-1.0,-1.0,-1.0,-1.0,-1.0,-1.0,-1.0,-1.0,-1.0,-1.0,-1.0,-1.0,-1.0,-1.0,-1.0,-1.0,500.0,0.0,328.0,0.0,1.0,0.0,1.0,0.0,1.0,0.0,0.0,0.0,0.0,0.0,0.0,0.0,1.0,0.0
meta.AccuracyWeightedEnsemble -l (trees.HoeffdingTree -e 2000000 -g 100 -c 0.01) -n 10.0,ArffFileStream -f ./../../../Dataset/benchmarks/penbased.arff,1,7500.0,1.8125,1.0816309238887496E-8,7500.0,0.814,0.817746929154467,0.9748455661613469,0.7932956672104695,0.7914977218996876,0.8194352475198959,0.817746929154467,0.102,0.086,0.082,0.078,0.106,0.108,0.108,0.138,0.098,0.094,7500.0,41104.0,0.785925215797912,0.6274006874779484,0.6220343874120644,0.618987907933617,0.6145965865588352,0.6129293244828641,0.6106587895234366,0.608436829525981,0.6083174719754785,0.6078893766288755,0.6070389946059358,0.6068816791838206,0.6068076051293426,0.6059351697314251,0.591123112944673,-1.0,-1.0,-1.0,-1.0,-1.0,-1.0,-1.0,-1.0,-1.0,-1.0,-1.0,-1.0,-1.0,-1.0,-1.0,500.0,0.0,328.0,0.0,1.0,0.0,1.0,0.0,1.0,0.0,0.0,0.0,0.0,0.0,0.0,0.0,1.0,0.0
meta.AccuracyWeightedEnsemble -l (trees.HoeffdingTree -e 2000000 -g 100 -c 0.01) -n 10.0,ArffFileStream -f ./../../../Dataset/benchmarks/penbased.arff,1,8000.0,1.9375,1.2226486837284433E-8,8000.0,0.84,0.8428250819690362,0.9772585415058311,0.8217206630208542,0.815766955156785,0.8522975241152722,0.8428250819690362,0.096,0.12,0.128,0.106,0.092,0.092,0.084,0.096,0.11,0.076,8000.0,43608.0,0.7874276316645288,0.6518740341961964,0.6470015017139537,0.645703250431823,0.6431182931947476,0.641553224731372,0.6404406773441313,0.6394172387299072,0.6393743779981795,0.6348935200113858,0.6343556820013676,0.6341302331387701,0.6335835038153391,0.6299384427352889,0.6270847898671696,0.626988301717849,-1.0,-1.0,-1.0,-1.0,-1.0,-1.0,-1.0,-1.0,-1.0,-1.0,-1.0,-1.0,-1.0,-1.0,500.0,0.0,328.0,0.0,1.0,0.0,1.0,0.0,1.0,0.0,0.0,0.0,0.0,0.0,0.0,0.0,1.0,0.0
meta.AccuracyWeightedEnsemble -l (trees.HoeffdingTree -e 2000000 -g 100 -c 0.01) -n 10.0,ArffFileStream -f ./../../../Dataset/benchmarks/penbased.arff,1,8500.0,2.078125,1.3904613701419699E-8,8500.0,0.828,0.8281866109466728,0.9763932498434008,0.8089321975907683,0.8000081302713955,0.8381374426127046,0.8281866109466728,0.102,0.112,0.1,0.096,0.114,0.096,0.104,0.096,0.09,0.09,8500.0,46128.0,0.7898376853245006,0.6362839918780843,0.6321507012901489,0.6301698798742654,0.6297689523986432,0.6274879206978805,0.6264219931359982,0.6198864191233906,0.6169317781835902,0.6151499028594887,0.6141851422939042,0.6133933118618169,0.6132634489969635,0.6121464216745691,0.6107845596618372,0.6046769225249626,0.5932163664903096,-1.0,-1.0,-1.0,-1.0,-1.0,-1.0,-1.0,-1.0,-1.0,-1.0,-1.0,-1.0,-1.0,500.0,0.0,328.0,0.0,1.0,0.0,1.0,0.0,1.0,0.0,0.0,0.0,0.0,0.0,0.0,0.0,1.0,0.0
meta.AccuracyWeightedEnsemble -l (trees.HoeffdingTree -e 2000000 -g 100 -c 0.01) -n 10.0,ArffFileStream -f ./../../../Dataset/benchmarks/penbased.arff,1,9000.0,2.21875,1.567383555488454E-8,9000.0,0.826,0.8277800093247663,0.9762484123526777,0.8066047801963295,0.8054774432362036,0.8337872360996268,0.8277800093247663,0.12,0.09,0.1,0.092,0.102,0.108,0.102,0.092,0.084,0.11,9000.0,48632.0,0.7877423566882487,0.6346290282812262,0.6345643932346645,0.631729829278386,0.6267019805401158,0.6252555900654245,0.6235587548404375,0.6222096004351272,0.6198773133334843,0.6195410276509756,0.619433145367218,0.6190752259268493,0.6184096896769612,0.6126198268791611,0.612299852911624,0.610313301039599,0.6066021100109508,0.5957785647576992,-1.0,-1.0,-1.0,-1.0,-1.0,-1.0,-1.0,-1.0,-1.0,-1.0,-1.0,-1.0,500.0,0.0,328.0,0.0,1.0,0.0,1.0,0.0,1.0,0.0,0.0,0.0,0.0,0.0,0.0,0.0,1.0,0.0
meta.AccuracyWeightedEnsemble -l (trees.HoeffdingTree -e 2000000 -g 100 -c 0.01) -n 10.0,ArffFileStream -f ./../../../Dataset/benchmarks/penbased.arff,1,9500.0,2.359375,1.7534734474288094E-8,9500.0,0.854,0.8509305579939486,0.9799171910956419,0.8375293782494124,0.8336958755393985,0.8800318893718538,0.8509305579939486,0.098,0.102,0.088,0.102,0.092,0.098,0.1,0.102,0.096,0.122,9500.0,51152.0,0.7908806083218789,0.6676641808939009,0.665804543991246,0.6636240928282485,0.6619366615100037,0.6619201320030165,0.6588281341860367,0.656655916472087,0.6530329575398016,0.6524438495034486,0.6513452789361995,0.6470957190356951,0.6468904061132036,0.6444147669925684,0.6345809519605243,0.6327062031443833,0.6321605448196168,0.6305883985448217,0.625264405911213,-1.0,-1.0,-1.0,-1.0,-1.0,-1.0,-1.0,-1.0,-1.0,-1.0,-1.0,500.0,0.0,328.0,0.0,1.0,0.0,1.0,0.0,1.0,0.0,0.0,0.0,0.0,0.0,0.0,0.0,1.0,0.0
meta.AccuracyWeightedEnsemble -l (trees.HoeffdingTree -e 2000000 -g 100 -c 0.01) -n 10.0,ArffFileStream -f ./../../../Dataset/benchmarks/penbased.arff,1,10000.0,2.5,1.9486728383021225E-8,10000.0,0.874,0.8738635951054684,0.9829451808575355,0.8596300471910413,0.8566667841835296,0.8787067915319916,0.8738635951054684,0.112,0.124,0.114,0.094,0.084,0.088,0.08,0.1,0.118,0.086,10000.0,53656.0,0.7918154311798072,0.683710934954192,0.677146931879554,0.6714431200058021,0.670419751873898,0.6695774295198355,0.6690775262805825,0.6680323945869551,0.6652082526567953,0.6647155915011024,0.6625165260130964,0.6616556410122404,0.6610000101413707,0.660134028089547,0.657081868739037,0.6537313803960598,0.6535949819794941,0.6502403305613976,0.6487009703025262,0.6451079905775776,-1.0,-1.0,-1.0,-1.0,-1.0,-1.0,-1.0,-1.0,-1.0,-1.0,500.0,0.0,328.0,0.0,1.0,0.0,1.0,0.0,1.0,0.0,0.0,0.0,0.0,0.0,0.0,0.0,1.0,0.0
meta.AccuracyWeightedEnsemble -l (trees.HoeffdingTree -e 2000000 -g 100 -c 0.01) -n 10.0,ArffFileStream -f ./../../../Dataset/benchmarks/penbased.arff,1,10500.0,2.640625,2.1530399357693067E-8,10500.0,0.868,0.8682233076985071,0.9829352283811262,0.8529529716867631,0.8591185489053426,0.8821357803250868,0.8682233076985071,0.108,0.116,0.092,0.084,0.078,0.098,0.098,0.102,0.104,0.12,10500.0,56176.0,0.793895401522327,0.6916042177814774,0.6913889553665545,0.6871314142936716,0.6871066684794074,0.683091230911814,0.6828454903107092,0.6797234798815248,0.6792896005635731,0.6778404237279126,0.6770225016531689,0.6764570976467335,0.670930668755366,0.657324921185227,0.6566979488846105,0.6508542977791729,0.637012590215829,0.6360584467531241,0.6281054603761456,0.6230334466141989,0.6219596661163523,-1.0,-1.0,-1.0,-1.0,-1.0,-1.0,-1.0,-1.0,-1.0,500.0,0.0,328.0,0.0,1.0,0.0,1.0,0.0,1.0,0.0,0.0,0.0,0.0,0.0,0.0,0.0,1.0,0.0
meta.AccuracyWeightedEnsemble -l (trees.HoeffdingTree -e 2000000 -g 100 -c 0.01) -n 10.0,ArffFileStream -f ./../../../Dataset/benchmarks/penbased.arff,1,10992.0,2.671875,2.198817027318809E-8,10992.0,0.832,0.8270265399601519,0.9782415848263661,0.8129767423220273,0.8136482447708979,0.8401878281473897,0.8270265399601519,0.086,0.084,0.118,0.12,0.136,0.088,0.096,0.11,0.078,0.084,10992.0,56624.0,0.793895401522327,0.6916042177814774,0.6913889553665545,0.6871314142936716,0.6871066684794074,0.683091230911814,0.6828454903107092,0.6797234798815248,0.6792896005635731,0.6778404237279126,0.6770225016531689,0.6764570976467335,0.670930668755366,0.657324921185227,0.6566979488846105,0.6508542977791729,0.637012590215829,0.6360584467531241,0.6281054603761456,0.6230334466141989,0.6219596661163523,-1.0,-1.0,-1.0,-1.0,-1.0,-1.0,-1.0,-1.0,-1.0,500.0,0.0,328.0,0.0,1.0,0.0,1.0,0.0,1.0,0.0,0.0,0.0,0.0,0.0,0.0,0.0,1.0,0.0
