Learner,stream,randomSeed,learning evaluation instances,evaluation time (cpu seconds),model cost (RAM-Hours),classified instances,Accuracy,AvgAccuracy,AUC,Kappa,G-Mean,Precision,Recall,Ratio-Class-0,Ratio-Class-1,model training instances,model serialized size (bytes)
meta.imbalanced.OnlineAdaC2 -l (trees.HoeffdingTree -e 2000000 -g 100 -c 0.01),ArffFileStream -f ./../../../Dataset/benchmarks/magic.arff,1,500.0,0.109375,9.145070281293657E-11,500.0,1.0,1.0,1.0,1.0,1.0,1.0,1.0,1.0,0.0,500.0,3232.0
meta.imbalanced.OnlineAdaC2 -l (trees.HoeffdingTree -e 2000000 -g 100 -c 0.01),ArffFileStream -f ./../../../Dataset/benchmarks/magic.arff,1,1000.0,0.15625,1.3064386116133796E-10,1000.0,1.0,1.0,1.0,1.0,1.0,1.0,1.0,1.0,0.0,1000.0,3232.0
meta.imbalanced.OnlineAdaC2 -l (trees.HoeffdingTree -e 2000000 -g 100 -c 0.01),ArffFileStream -f ./../../../Dataset/benchmarks/magic.arff,1,1500.0,0.1875,1.5677263339360555E-10,1500.0,1.0,1.0,1.0,1.0,1.0,1.0,1.0,1.0,0.0,1500.0,3232.0
meta.imbalanced.OnlineAdaC2 -l (trees.HoeffdingTree -e 2000000 -g 100 -c 0.01),ArffFileStream -f ./../../../Dataset/benchmarks/magic.arff,1,2000.0,0.21875,1.8290140562587314E-10,2000.0,1.0,1.0,1.0,1.0,1.0,1.0,1.0,1.0,0.0,2000.0,3232.0
meta.imbalanced.OnlineAdaC2 -l (trees.HoeffdingTree -e 2000000 -g 100 -c 0.01),ArffFileStream -f ./../../../Dataset/benchmarks/magic.arff,1,2500.0,0.234375,1.9596579174200694E-10,2500.0,1.0,1.0,1.0,1.0,1.0,1.0,1.0,1.0,0.0,2500.0,3232.0
meta.imbalanced.OnlineAdaC2 -l (trees.HoeffdingTree -e 2000000 -g 100 -c 0.01),ArffFileStream -f ./../../../Dataset/benchmarks/magic.arff,1,3000.0,0.265625,2.2209456397427453E-10,3000.0,1.0,1.0,1.0,1.0,1.0,1.0,1.0,1.0,0.0,3000.0,3232.0
meta.imbalanced.OnlineAdaC2 -l (trees.HoeffdingTree -e 2000000 -g 100 -c 0.01),ArffFileStream -f ./../../../Dataset/benchmarks/magic.arff,1,3500.0,0.28125,2.3515895009040833E-10,3500.0,1.0,1.0,1.0,1.0,1.0,1.0,1.0,1.0,0.0,3500.0,3232.0
meta.imbalanced.OnlineAdaC2 -l (trees.HoeffdingTree -e 2000000 -g 100 -c 0.01),ArffFileStream -f ./../../../Dataset/benchmarks/magic.arff,1,4000.0,0.3125,2.612877223226759E-10,4000.0,1.0,1.0,1.0,1.0,1.0,1.0,1.0,1.0,0.0,4000.0,3232.0
meta.imbalanced.OnlineAdaC2 -l (trees.HoeffdingTree -e 2000000 -g 100 -c 0.01),ArffFileStream -f ./../../../Dataset/benchmarks/magic.arff,1,4500.0,0.34375,2.874164945549435E-10,4500.0,1.0,1.0,1.0,1.0,1.0,1.0,1.0,1.0,0.0,4500.0,3232.0
meta.imbalanced.OnlineAdaC2 -l (trees.HoeffdingTree -e 2000000 -g 100 -c 0.01),ArffFileStream -f ./../../../Dataset/benchmarks/magic.arff,1,5000.0,0.359375,3.0048088067107733E-10,5000.0,1.0,1.0,1.0,1.0,1.0,1.0,1.0,1.0,0.0,5000.0,3232.0
meta.imbalanced.OnlineAdaC2 -l (trees.HoeffdingTree -e 2000000 -g 100 -c 0.01),ArffFileStream -f ./../../../Dataset/benchmarks/magic.arff,1,5500.0,0.390625,3.266096529033449E-10,5500.0,1.0,1.0,1.0,1.0,1.0,1.0,1.0,1.0,0.0,5500.0,3232.0
meta.imbalanced.OnlineAdaC2 -l (trees.HoeffdingTree -e 2000000 -g 100 -c 0.01),ArffFileStream -f ./../../../Dataset/benchmarks/magic.arff,1,6000.0,0.40625,3.3967403901947875E-10,6000.0,1.0,1.0,1.0,1.0,1.0,1.0,1.0,1.0,0.0,6000.0,3232.0
meta.imbalanced.OnlineAdaC2 -l (trees.HoeffdingTree -e 2000000 -g 100 -c 0.01),ArffFileStream -f ./../../../Dataset/benchmarks/magic.arff,1,6500.0,0.4375,3.6580281125174634E-10,6500.0,1.0,1.0,1.0,1.0,1.0,1.0,1.0,1.0,0.0,6500.0,3232.0
meta.imbalanced.OnlineAdaC2 -l (trees.HoeffdingTree -e 2000000 -g 100 -c 0.01),ArffFileStream -f ./../../../Dataset/benchmarks/magic.arff,1,7000.0,0.453125,3.7886719736788016E-10,7000.0,1.0,1.0,1.0,1.0,1.0,1.0,1.0,1.0,0.0,7000.0,3232.0
meta.imbalanced.OnlineAdaC2 -l (trees.HoeffdingTree -e 2000000 -g 100 -c 0.01),ArffFileStream -f ./../../../Dataset/benchmarks/magic.arff,1,7500.0,0.484375,4.0499596960014775E-10,7500.0,1.0,1.0,1.0,1.0,1.0,1.0,1.0,1.0,0.0,7500.0,3232.0
meta.imbalanced.OnlineAdaC2 -l (trees.HoeffdingTree -e 2000000 -g 100 -c 0.01),ArffFileStream -f ./../../../Dataset/benchmarks/magic.arff,1,8000.0,0.5,4.1806035571628157E-10,8000.0,1.0,1.0,1.0,1.0,1.0,1.0,1.0,1.0,0.0,8000.0,3232.0
meta.imbalanced.OnlineAdaC2 -l (trees.HoeffdingTree -e 2000000 -g 100 -c 0.01),ArffFileStream -f ./../../../Dataset/benchmarks/magic.arff,1,8500.0,0.515625,4.3112474183241534E-10,8500.0,1.0,1.0,1.0,1.0,1.0,1.0,1.0,1.0,0.0,8500.0,3232.0
meta.imbalanced.OnlineAdaC2 -l (trees.HoeffdingTree -e 2000000 -g 100 -c 0.01),ArffFileStream -f ./../../../Dataset/benchmarks/magic.arff,1,9000.0,0.546875,4.5725351406468294E-10,9000.0,1.0,1.0,1.0,1.0,1.0,1.0,1.0,1.0,0.0,9000.0,3232.0
meta.imbalanced.OnlineAdaC2 -l (trees.HoeffdingTree -e 2000000 -g 100 -c 0.01),ArffFileStream -f ./../../../Dataset/benchmarks/magic.arff,1,9500.0,0.5625,4.703179001808168E-10,9500.0,1.0,1.0,1.0,1.0,1.0,1.0,1.0,1.0,0.0,9500.0,3232.0
meta.imbalanced.OnlineAdaC2 -l (trees.HoeffdingTree -e 2000000 -g 100 -c 0.01),ArffFileStream -f ./../../../Dataset/benchmarks/magic.arff,1,10000.0,0.59375,4.964466724130843E-10,10000.0,1.0,1.0,1.0,1.0,1.0,1.0,1.0,1.0,0.0,10000.0,3232.0
meta.imbalanced.OnlineAdaC2 -l (trees.HoeffdingTree -e 2000000 -g 100 -c 0.01),ArffFileStream -f ./../../../Dataset/benchmarks/magic.arff,1,10500.0,0.609375,5.095110585292181E-10,10500.0,1.0,1.0,1.0,1.0,1.0,1.0,1.0,1.0,0.0,10500.0,3232.0
meta.imbalanced.OnlineAdaC2 -l (trees.HoeffdingTree -e 2000000 -g 100 -c 0.01),ArffFileStream -f ./../../../Dataset/benchmarks/magic.arff,1,11000.0,0.625,5.225754446453518E-10,11000.0,1.0,1.0,1.0,1.0,1.0,1.0,1.0,1.0,0.0,11000.0,3232.0
meta.imbalanced.OnlineAdaC2 -l (trees.HoeffdingTree -e 2000000 -g 100 -c 0.01),ArffFileStream -f ./../../../Dataset/benchmarks/magic.arff,1,11500.0,0.640625,5.356398307614856E-10,11500.0,1.0,1.0,1.0,1.0,1.0,1.0,1.0,1.0,0.0,11500.0,3232.0
meta.imbalanced.OnlineAdaC2 -l (trees.HoeffdingTree -e 2000000 -g 100 -c 0.01),ArffFileStream -f ./../../../Dataset/benchmarks/magic.arff,1,12000.0,0.671875,5.617686029937531E-10,12000.0,1.0,1.0,1.0,1.0,1.0,1.0,1.0,1.0,0.0,12000.0,3232.0
meta.imbalanced.OnlineAdaC2 -l (trees.HoeffdingTree -e 2000000 -g 100 -c 0.01),ArffFileStream -f ./../../../Dataset/benchmarks/magic.arff,1,12500.0,2.125,1.7767565117941963E-9,12500.0,0.664,0.5,0.5,0.0,0.0,0.664,0.5,0.664,0.336,12500.0,3232.0
meta.imbalanced.OnlineAdaC2 -l (trees.HoeffdingTree -e 2000000 -g 100 -c 0.01),ArffFileStream -f ./../../../Dataset/benchmarks/magic.arff,1,13000.0,2.15625,1.8028852840264638E-9,13000.0,0.0,0.0,0.5,0.0,0.0,0.0,0.0,0.0,1.0,13000.0,3232.0
meta.imbalanced.OnlineAdaC2 -l (trees.HoeffdingTree -e 2000000 -g 100 -c 0.01),ArffFileStream -f ./../../../Dataset/benchmarks/magic.arff,1,13500.0,2.171875,1.8159496701425976E-9,13500.0,0.0,0.0,0.5,0.0,0.0,0.0,0.0,0.0,1.0,13500.0,3232.0
meta.imbalanced.OnlineAdaC2 -l (trees.HoeffdingTree -e 2000000 -g 100 -c 0.01),ArffFileStream -f ./../../../Dataset/benchmarks/magic.arff,1,14000.0,2.203125,1.842078442374865E-9,14000.0,0.0,0.0,0.5,0.0,0.0,0.0,0.0,0.0,1.0,14000.0,3232.0
meta.imbalanced.OnlineAdaC2 -l (trees.HoeffdingTree -e 2000000 -g 100 -c 0.01),ArffFileStream -f ./../../../Dataset/benchmarks/magic.arff,1,14500.0,2.21875,1.8551428284909989E-9,14500.0,0.0,0.0,0.5,0.0,0.0,0.0,0.0,0.0,1.0,14500.0,3232.0
meta.imbalanced.OnlineAdaC2 -l (trees.HoeffdingTree -e 2000000 -g 100 -c 0.01),ArffFileStream -f ./../../../Dataset/benchmarks/magic.arff,1,15000.0,2.234375,1.868207214607133E-9,15000.0,0.0,0.0,0.5,0.0,0.0,0.0,0.0,0.0,1.0,15000.0,3232.0
meta.imbalanced.OnlineAdaC2 -l (trees.HoeffdingTree -e 2000000 -g 100 -c 0.01),ArffFileStream -f ./../../../Dataset/benchmarks/magic.arff,1,15500.0,2.234375,1.868207214607133E-9,15500.0,0.0,0.0,0.5,0.0,0.0,0.0,0.0,0.0,1.0,15500.0,3232.0
meta.imbalanced.OnlineAdaC2 -l (trees.HoeffdingTree -e 2000000 -g 100 -c 0.01),ArffFileStream -f ./../../../Dataset/benchmarks/magic.arff,1,16000.0,2.25,1.8812716007232666E-9,16000.0,0.0,0.0,0.5,0.0,0.0,0.0,0.0,0.0,1.0,16000.0,3232.0
meta.imbalanced.OnlineAdaC2 -l (trees.HoeffdingTree -e 2000000 -g 100 -c 0.01),ArffFileStream -f ./../../../Dataset/benchmarks/magic.arff,1,16500.0,2.265625,1.8943359868394004E-9,16500.0,0.0,0.0,0.5,0.0,0.0,0.0,0.0,0.0,1.0,16500.0,3232.0
meta.imbalanced.OnlineAdaC2 -l (trees.HoeffdingTree -e 2000000 -g 100 -c 0.01),ArffFileStream -f ./../../../Dataset/benchmarks/magic.arff,1,17000.0,2.28125,1.907400372955534E-9,17000.0,0.0,0.0,0.5,0.0,0.0,0.0,0.0,0.0,1.0,17000.0,3232.0
meta.imbalanced.OnlineAdaC2 -l (trees.HoeffdingTree -e 2000000 -g 100 -c 0.01),ArffFileStream -f ./../../../Dataset/benchmarks/magic.arff,1,17500.0,2.28125,1.907400372955534E-9,17500.0,0.0,0.0,0.5,0.0,0.0,0.0,0.0,0.0,1.0,17500.0,3232.0
meta.imbalanced.OnlineAdaC2 -l (trees.HoeffdingTree -e 2000000 -g 100 -c 0.01),ArffFileStream -f ./../../../Dataset/benchmarks/magic.arff,1,18000.0,2.296875,1.920464759071668E-9,18000.0,0.0,0.0,0.5,0.0,0.0,0.0,0.0,0.0,1.0,18000.0,3232.0
meta.imbalanced.OnlineAdaC2 -l (trees.HoeffdingTree -e 2000000 -g 100 -c 0.01),ArffFileStream -f ./../../../Dataset/benchmarks/magic.arff,1,18500.0,2.3125,1.9335291451878017E-9,18500.0,0.0,0.0,0.5,0.0,0.0,0.0,0.0,0.0,1.0,18500.0,3232.0
meta.imbalanced.OnlineAdaC2 -l (trees.HoeffdingTree -e 2000000 -g 100 -c 0.01),ArffFileStream -f ./../../../Dataset/benchmarks/magic.arff,1,19000.0,2.328125,1.9465935313039355E-9,19000.0,0.0,0.0,0.5,0.0,0.0,0.0,0.0,0.0,1.0,19000.0,3232.0
meta.imbalanced.OnlineAdaC2 -l (trees.HoeffdingTree -e 2000000 -g 100 -c 0.01),ArffFileStream -f ./../../../Dataset/benchmarks/magic.arff,1,19020.0,2.328125,1.9465935313039355E-9,19020.0,0.0,0.0,0.5,0.0,0.0,0.0,0.0,0.0,1.0,19020.0,3232.0
