Learner,stream,randomSeed,learning evaluation instances,evaluation time (cpu seconds),model cost (RAM-Hours),classified instances,Accuracy,AvgAccuracy,AUC,Kappa,G-Mean,Precision,Recall,Ratio-Class-0,Ratio-Class-1,model training instances,model serialized size (bytes)
meta.imbalanced.ROSE,ArffFileStream -f ./../../../Dataset/benchmarks/magic.arff,1,500.0,0.25,1.8817372620105742E-8,500.0,1.0,1.0,1.0,1.0,1.0,1.0,1.0,1.0,0.0,500.0,290952.0
meta.imbalanced.ROSE,ArffFileStream -f ./../../../Dataset/benchmarks/magic.arff,1,1000.0,0.375,2.3706040034691492E-8,1000.0,1.0,1.0,1.0,1.0,1.0,1.0,1.0,1.0,0.0,1000.0,151176.0
meta.imbalanced.ROSE,ArffFileStream -f ./../../../Dataset/benchmarks/magic.arff,1,1500.0,0.421875,2.5580035677800575E-8,1500.0,1.0,1.0,1.0,1.0,1.0,1.0,1.0,1.0,0.0,1500.0,154536.0
meta.imbalanced.ROSE,ArffFileStream -f ./../../../Dataset/benchmarks/magic.arff,1,2000.0,0.453125,2.6829366106539962E-8,2000.0,1.0,1.0,1.0,1.0,1.0,1.0,1.0,1.0,0.0,2000.0,154536.0
meta.imbalanced.ROSE,ArffFileStream -f ./../../../Dataset/benchmarks/magic.arff,1,2500.0,0.484375,2.807869653527935E-8,2500.0,1.0,1.0,1.0,1.0,1.0,1.0,1.0,1.0,0.0,2500.0,154536.0
meta.imbalanced.ROSE,ArffFileStream -f ./../../../Dataset/benchmarks/magic.arff,1,3000.0,0.515625,2.935519053911169E-8,3000.0,1.0,1.0,1.0,1.0,1.0,1.0,1.0,1.0,0.0,3000.0,157896.0
meta.imbalanced.ROSE,ArffFileStream -f ./../../../Dataset/benchmarks/magic.arff,1,3500.0,0.546875,3.063168454294403E-8,3500.0,1.0,1.0,1.0,1.0,1.0,1.0,1.0,1.0,0.0,3500.0,157896.0
meta.imbalanced.ROSE,ArffFileStream -f ./../../../Dataset/benchmarks/magic.arff,1,4000.0,0.578125,3.1908178546776365E-8,4000.0,1.0,1.0,1.0,1.0,1.0,1.0,1.0,1.0,0.0,4000.0,157896.0
meta.imbalanced.ROSE,ArffFileStream -f ./../../../Dataset/benchmarks/magic.arff,1,4500.0,0.609375,3.31846725506087E-8,4500.0,1.0,1.0,1.0,1.0,1.0,1.0,1.0,1.0,0.0,4500.0,157896.0
meta.imbalanced.ROSE,ArffFileStream -f ./../../../Dataset/benchmarks/magic.arff,1,5000.0,0.640625,3.446116655444104E-8,5000.0,1.0,1.0,1.0,1.0,1.0,1.0,1.0,1.0,0.0,5000.0,157896.0
meta.imbalanced.ROSE,ArffFileStream -f ./../../../Dataset/benchmarks/magic.arff,1,5500.0,0.671875,3.576482413336633E-8,5500.0,1.0,1.0,1.0,1.0,1.0,1.0,1.0,1.0,0.0,5500.0,161256.0
meta.imbalanced.ROSE,ArffFileStream -f ./../../../Dataset/benchmarks/magic.arff,1,6000.0,0.703125,3.706848171229162E-8,6000.0,1.0,1.0,1.0,1.0,1.0,1.0,1.0,1.0,0.0,6000.0,161256.0
meta.imbalanced.ROSE,ArffFileStream -f ./../../../Dataset/benchmarks/magic.arff,1,6500.0,0.734375,3.837213929121691E-8,6500.0,1.0,1.0,1.0,1.0,1.0,1.0,1.0,1.0,0.0,6500.0,161256.0
meta.imbalanced.ROSE,ArffFileStream -f ./../../../Dataset/benchmarks/magic.arff,1,7000.0,0.765625,3.96757968701422E-8,7000.0,1.0,1.0,1.0,1.0,1.0,1.0,1.0,1.0,0.0,7000.0,161256.0
meta.imbalanced.ROSE,ArffFileStream -f ./../../../Dataset/benchmarks/magic.arff,1,7500.0,0.796875,4.097945444906749E-8,7500.0,1.0,1.0,1.0,1.0,1.0,1.0,1.0,1.0,0.0,7500.0,161256.0
meta.imbalanced.ROSE,ArffFileStream -f ./../../../Dataset/benchmarks/magic.arff,1,8000.0,0.828125,4.228311202799278E-8,8000.0,1.0,1.0,1.0,1.0,1.0,1.0,1.0,1.0,0.0,8000.0,161256.0
meta.imbalanced.ROSE,ArffFileStream -f ./../../../Dataset/benchmarks/magic.arff,1,8500.0,0.859375,4.358676960691807E-8,8500.0,1.0,1.0,1.0,1.0,1.0,1.0,1.0,1.0,0.0,8500.0,161256.0
meta.imbalanced.ROSE,ArffFileStream -f ./../../../Dataset/benchmarks/magic.arff,1,9000.0,0.890625,4.4890427185843364E-8,9000.0,1.0,1.0,1.0,1.0,1.0,1.0,1.0,1.0,0.0,9000.0,161256.0
meta.imbalanced.ROSE,ArffFileStream -f ./../../../Dataset/benchmarks/magic.arff,1,9500.0,0.90625,4.554225597530601E-8,9500.0,1.0,1.0,1.0,1.0,1.0,1.0,1.0,1.0,0.0,9500.0,161256.0
meta.imbalanced.ROSE,ArffFileStream -f ./../../../Dataset/benchmarks/magic.arff,1,10000.0,0.9375,4.68459135542313E-8,10000.0,1.0,1.0,1.0,1.0,1.0,1.0,1.0,1.0,0.0,10000.0,161256.0
meta.imbalanced.ROSE,ArffFileStream -f ./../../../Dataset/benchmarks/magic.arff,1,10500.0,0.953125,4.751132413124042E-8,10500.0,1.0,1.0,1.0,1.0,1.0,1.0,1.0,1.0,0.0,10500.0,164616.0
meta.imbalanced.ROSE,ArffFileStream -f ./../../../Dataset/benchmarks/magic.arff,1,11000.0,0.96875,4.817673470824954E-8,11000.0,1.0,1.0,1.0,1.0,1.0,1.0,1.0,1.0,0.0,11000.0,164616.0
meta.imbalanced.ROSE,ArffFileStream -f ./../../../Dataset/benchmarks/magic.arff,1,11500.0,1.0,4.9507555862267784E-8,11500.0,1.0,1.0,1.0,1.0,1.0,1.0,1.0,1.0,0.0,11500.0,164616.0
meta.imbalanced.ROSE,ArffFileStream -f ./../../../Dataset/benchmarks/magic.arff,1,12000.0,1.015625,5.01729664392769E-8,12000.0,1.0,1.0,1.0,1.0,1.0,1.0,1.0,1.0,0.0,12000.0,164616.0
meta.imbalanced.ROSE,ArffFileStream -f ./../../../Dataset/benchmarks/magic.arff,1,12500.0,1.125,5.4835367740856245E-8,12500.0,0.986,0.9791666666666667,0.9791666666666666,0.9682982500634035,0.9789450103725609,0.9896755162241888,0.9791666666666667,0.664,0.336,12500.0,164776.0
meta.imbalanced.ROSE,ArffFileStream -f ./../../../Dataset/benchmarks/magic.arff,1,13000.0,1.15625,5.6167482398450344E-8,13000.0,1.0,1.0,1.0,1.0,1.0,1.0,1.0,0.0,1.0,13000.0,164776.0
meta.imbalanced.ROSE,ArffFileStream -f ./../../../Dataset/benchmarks/magic.arff,1,13500.0,1.1875,5.7499597056044444E-8,13500.0,1.0,1.0,1.0,1.0,1.0,1.0,1.0,0.0,1.0,13500.0,164776.0
meta.imbalanced.ROSE,ArffFileStream -f ./../../../Dataset/benchmarks/magic.arff,1,14000.0,1.21875,5.8831711713638543E-8,14000.0,1.0,1.0,1.0,1.0,1.0,1.0,1.0,0.0,1.0,14000.0,164776.0
meta.imbalanced.ROSE,ArffFileStream -f ./../../../Dataset/benchmarks/magic.arff,1,14500.0,1.25,6.016382637123264E-8,14500.0,1.0,1.0,1.0,1.0,1.0,1.0,1.0,0.0,1.0,14500.0,164776.0
meta.imbalanced.ROSE,ArffFileStream -f ./../../../Dataset/benchmarks/magic.arff,1,15000.0,1.28125,6.149594102882674E-8,15000.0,1.0,1.0,1.0,1.0,1.0,1.0,1.0,0.0,1.0,15000.0,164776.0
meta.imbalanced.ROSE,ArffFileStream -f ./../../../Dataset/benchmarks/magic.arff,1,15500.0,1.3125,6.282805568642084E-8,15500.0,1.0,1.0,1.0,1.0,1.0,1.0,1.0,0.0,1.0,15500.0,164776.0
meta.imbalanced.ROSE,ArffFileStream -f ./../../../Dataset/benchmarks/magic.arff,1,16000.0,1.34375,6.416017034401494E-8,16000.0,1.0,1.0,1.0,1.0,1.0,1.0,1.0,0.0,1.0,16000.0,164776.0
meta.imbalanced.ROSE,ArffFileStream -f ./../../../Dataset/benchmarks/magic.arff,1,16500.0,1.359375,6.482622767281199E-8,16500.0,1.0,1.0,1.0,1.0,1.0,1.0,1.0,0.0,1.0,16500.0,164776.0
meta.imbalanced.ROSE,ArffFileStream -f ./../../../Dataset/benchmarks/magic.arff,1,17000.0,1.390625,6.615834233040608E-8,17000.0,1.0,1.0,1.0,1.0,1.0,1.0,1.0,0.0,1.0,17000.0,164776.0
meta.imbalanced.ROSE,ArffFileStream -f ./../../../Dataset/benchmarks/magic.arff,1,17500.0,1.421875,6.749045698800018E-8,17500.0,1.0,1.0,1.0,1.0,1.0,1.0,1.0,0.0,1.0,17500.0,164776.0
meta.imbalanced.ROSE,ArffFileStream -f ./../../../Dataset/benchmarks/magic.arff,1,18000.0,1.4375,6.815651431679723E-8,18000.0,1.0,1.0,1.0,1.0,1.0,1.0,1.0,0.0,1.0,18000.0,164776.0
meta.imbalanced.ROSE,ArffFileStream -f ./../../../Dataset/benchmarks/magic.arff,1,18500.0,1.453125,6.882257164559428E-8,18500.0,1.0,1.0,1.0,1.0,1.0,1.0,1.0,0.0,1.0,18500.0,164776.0
meta.imbalanced.ROSE,ArffFileStream -f ./../../../Dataset/benchmarks/magic.arff,1,19000.0,1.484375,7.015468630318838E-8,19000.0,1.0,1.0,1.0,1.0,1.0,1.0,1.0,0.0,1.0,19000.0,164776.0
meta.imbalanced.ROSE,ArffFileStream -f ./../../../Dataset/benchmarks/magic.arff,1,19020.0,1.484375,7.015468630318838E-8,19020.0,1.0,1.0,1.0,1.0,1.0,1.0,1.0,0.0,1.0,19020.0,164776.0
