Learner,stream,randomSeed,learning evaluation instances,evaluation time (cpu seconds),model cost (RAM-Hours),classified instances,Accuracy,AvgAccuracy,AUC,Kappa,G-Mean,Precision,Recall,Ratio-Class-0,Ratio-Class-1,model training instances,model serialized size (bytes),[avg] model training instances,[err] model training instances,[avg] model serialized size (bytes),[err] model serialized size (bytes),[avg] tree size (nodes),[err] tree size (nodes),[avg] tree size (leaves),[err] tree size (leaves),[avg] active learning leaves,[err] active learning leaves,[avg] tree depth,[err] tree depth,[avg] active leaf byte size estimate,[err] active leaf byte size estimate,[avg] inactive leaf byte size estimate,[err] inactive leaf byte size estimate,[avg] byte size estimate overhead,[err] byte size estimate overhead
meta.OnlineAccuracyUpdatedEnsemble,ArffFileStream -f ./../../../Dataset/benchmarks/magic.arff,1,500.0,0.03125,1.439669479926427E-10,500.0,1.0,1.0,1.0,1.0,1.0,1.0,1.0,1.0,0.0,500.0,17808.0,0.0,0.0,0.0,0.0,0.0,0.0,0.0,0.0,0.0,0.0,0.0,0.0,0.0,0.0,0.0,0.0,0.0,0.0
meta.OnlineAccuracyUpdatedEnsemble,ArffFileStream -f ./../../../Dataset/benchmarks/magic.arff,1,1000.0,0.078125,4.385947249829769E-10,1000.0,1.0,1.0,1.0,1.0,1.0,1.0,1.0,1.0,0.0,1000.0,24296.0,750.0,353.5533905932738,256.0,0.0,1.0,0.0,1.0,0.0,1.0,0.0,0.0,0.0,0.0,0.0,0.0,0.0,1.0,0.0
meta.OnlineAccuracyUpdatedEnsemble,ArffFileStream -f ./../../../Dataset/benchmarks/magic.arff,1,1500.0,0.109375,6.87594163335032E-10,1500.0,1.0,1.0,1.0,1.0,1.0,1.0,1.0,1.0,0.0,1500.0,30800.0,1000.0,500.0,256.0,0.0,1.0,0.0,1.0,0.0,1.0,0.0,0.0,0.0,0.0,0.0,0.0,0.0,1.0,0.0
meta.OnlineAccuracyUpdatedEnsemble,ArffFileStream -f ./../../../Dataset/benchmarks/magic.arff,1,2000.0,0.125,8.383196675115162E-10,2000.0,1.0,1.0,1.0,1.0,1.0,1.0,1.0,1.0,0.0,2000.0,37288.0,1250.0,645.4972243679028,256.0,0.0,1.0,0.0,1.0,0.0,1.0,0.0,0.0,0.0,0.0,0.0,0.0,0.0,1.0,0.0
meta.OnlineAccuracyUpdatedEnsemble,ArffFileStream -f ./../../../Dataset/benchmarks/magic.arff,1,2500.0,0.140625,1.01533563186725E-9,2500.0,1.0,1.0,1.0,1.0,1.0,1.0,1.0,1.0,0.0,2500.0,43792.0,1500.0,790.5694150420949,256.0,0.0,1.0,0.0,1.0,0.0,1.0,0.0,0.0,0.0,0.0,0.0,0.0,0.0,1.0,0.0
meta.OnlineAccuracyUpdatedEnsemble,ArffFileStream -f ./../../../Dataset/benchmarks/magic.arff,1,3000.0,0.171875,1.4218191305796307E-9,3000.0,1.0,1.0,1.0,1.0,1.0,1.0,1.0,1.0,0.0,3000.0,50280.0,1750.0,935.4143466934853,256.0,0.0,1.0,0.0,1.0,0.0,1.0,0.0,0.0,0.0,0.0,0.0,0.0,0.0,1.0,0.0
meta.OnlineAccuracyUpdatedEnsemble,ArffFileStream -f ./../../../Dataset/benchmarks/magic.arff,1,3500.0,0.1875,1.6513513401150706E-9,3500.0,1.0,1.0,1.0,1.0,1.0,1.0,1.0,1.0,0.0,3500.0,56784.0,2000.0,1080.1234497346434,256.0,0.0,1.0,0.0,1.0,0.0,1.0,0.0,0.0,0.0,0.0,0.0,0.0,0.0,1.0,0.0
meta.OnlineAccuracyUpdatedEnsemble,ArffFileStream -f ./../../../Dataset/benchmarks/magic.arff,1,4000.0,0.203125,1.907109334650967E-9,4000.0,1.0,1.0,1.0,1.0,1.0,1.0,1.0,1.0,0.0,4000.0,63272.0,2250.0,1224.744871391589,256.0,0.0,1.0,0.0,1.0,0.0,1.0,0.0,0.0,0.0,0.0,0.0,0.0,0.0,1.0,0.0
meta.OnlineAccuracyUpdatedEnsemble,ArffFileStream -f ./../../../Dataset/benchmarks/magic.arff,1,4500.0,0.21875,2.189157789366113E-9,4500.0,1.0,1.0,1.0,1.0,1.0,1.0,1.0,1.0,0.0,4500.0,69776.0,2500.0,1369.3063937629154,256.0,0.0,1.0,0.0,1.0,0.0,1.0,0.0,0.0,0.0,0.0,0.0,0.0,0.0,1.0,0.0
meta.OnlineAccuracyUpdatedEnsemble,ArffFileStream -f ./../../../Dataset/benchmarks/magic.arff,1,5000.0,0.25,2.8057062687973182E-9,5000.0,1.0,1.0,1.0,1.0,1.0,1.0,1.0,1.0,0.0,5000.0,76264.0,2750.0,1513.8251770487457,256.0,0.0,1.0,0.0,1.0,0.0,1.0,0.0,0.0,0.0,0.0,0.0,0.0,0.0,1.0,0.0
meta.OnlineAccuracyUpdatedEnsemble,ArffFileStream -f ./../../../Dataset/benchmarks/magic.arff,1,5500.0,0.28125,3.4222547482285233E-9,5500.0,1.0,1.0,1.0,1.0,1.0,1.0,1.0,1.0,0.0,5500.0,76264.0,3250.0,1513.8251770487457,256.0,0.0,1.0,0.0,1.0,0.0,1.0,0.0,0.0,0.0,0.0,0.0,0.0,0.0,1.0,0.0
meta.OnlineAccuracyUpdatedEnsemble,ArffFileStream -f ./../../../Dataset/benchmarks/magic.arff,1,6000.0,0.296875,3.730528987944126E-9,6000.0,1.0,1.0,1.0,1.0,1.0,1.0,1.0,1.0,0.0,6000.0,76264.0,3750.0,1513.8251770487457,256.0,0.0,1.0,0.0,1.0,0.0,1.0,0.0,0.0,0.0,0.0,0.0,0.0,0.0,1.0,0.0
meta.OnlineAccuracyUpdatedEnsemble,ArffFileStream -f ./../../../Dataset/benchmarks/magic.arff,1,6500.0,0.328125,4.3470774673753315E-9,6500.0,1.0,1.0,1.0,1.0,1.0,1.0,1.0,1.0,0.0,6500.0,76264.0,4250.0,1513.8251770487457,256.0,0.0,1.0,0.0,1.0,0.0,1.0,0.0,0.0,0.0,0.0,0.0,0.0,0.0,1.0,0.0
meta.OnlineAccuracyUpdatedEnsemble,ArffFileStream -f ./../../../Dataset/benchmarks/magic.arff,1,7000.0,0.34375,4.6553517070909344E-9,7000.0,1.0,1.0,1.0,1.0,1.0,1.0,1.0,1.0,0.0,7000.0,76264.0,4750.0,1513.8251770487457,256.0,0.0,1.0,0.0,1.0,0.0,1.0,0.0,0.0,0.0,0.0,0.0,0.0,0.0,1.0,0.0
meta.OnlineAccuracyUpdatedEnsemble,ArffFileStream -f ./../../../Dataset/benchmarks/magic.arff,1,7500.0,0.375,5.2719001865221396E-9,7500.0,1.0,1.0,1.0,1.0,1.0,1.0,1.0,1.0,0.0,7500.0,76264.0,5250.0,1513.8251770487457,256.0,0.0,1.0,0.0,1.0,0.0,1.0,0.0,0.0,0.0,0.0,0.0,0.0,0.0,1.0,0.0
meta.OnlineAccuracyUpdatedEnsemble,ArffFileStream -f ./../../../Dataset/benchmarks/magic.arff,1,8000.0,0.390625,5.5801744262377425E-9,8000.0,1.0,1.0,1.0,1.0,1.0,1.0,1.0,1.0,0.0,8000.0,76264.0,5750.0,1513.8251770487457,256.0,0.0,1.0,0.0,1.0,0.0,1.0,0.0,0.0,0.0,0.0,0.0,0.0,0.0,1.0,0.0
meta.OnlineAccuracyUpdatedEnsemble,ArffFileStream -f ./../../../Dataset/benchmarks/magic.arff,1,8500.0,0.40625,5.8884486659533455E-9,8500.0,1.0,1.0,1.0,1.0,1.0,1.0,1.0,1.0,0.0,8500.0,76264.0,6250.0,1513.8251770487457,256.0,0.0,1.0,0.0,1.0,0.0,1.0,0.0,0.0,0.0,0.0,0.0,0.0,0.0,1.0,0.0
meta.OnlineAccuracyUpdatedEnsemble,ArffFileStream -f ./../../../Dataset/benchmarks/magic.arff,1,9000.0,0.421875,6.1967229056689485E-9,9000.0,1.0,1.0,1.0,1.0,1.0,1.0,1.0,1.0,0.0,9000.0,76264.0,6750.0,1513.8251770487457,256.0,0.0,1.0,0.0,1.0,0.0,1.0,0.0,0.0,0.0,0.0,0.0,0.0,0.0,1.0,0.0
meta.OnlineAccuracyUpdatedEnsemble,ArffFileStream -f ./../../../Dataset/benchmarks/magic.arff,1,9500.0,0.4375,6.5049971453845515E-9,9500.0,1.0,1.0,1.0,1.0,1.0,1.0,1.0,1.0,0.0,9500.0,76264.0,7250.0,1513.8251770487457,256.0,0.0,1.0,0.0,1.0,0.0,1.0,0.0,0.0,0.0,0.0,0.0,0.0,0.0,1.0,0.0
meta.OnlineAccuracyUpdatedEnsemble,ArffFileStream -f ./../../../Dataset/benchmarks/magic.arff,1,10000.0,0.453125,6.8132713851001545E-9,10000.0,1.0,1.0,1.0,1.0,1.0,1.0,1.0,1.0,0.0,10000.0,76264.0,7750.0,1513.8251770487457,256.0,0.0,1.0,0.0,1.0,0.0,1.0,0.0,0.0,0.0,0.0,0.0,0.0,0.0,1.0,0.0
meta.OnlineAccuracyUpdatedEnsemble,ArffFileStream -f ./../../../Dataset/benchmarks/magic.arff,1,10500.0,0.46875,7.1215456248157574E-9,10500.0,1.0,1.0,1.0,1.0,1.0,1.0,1.0,1.0,0.0,10500.0,76264.0,8250.0,1513.8251770487457,256.0,0.0,1.0,0.0,1.0,0.0,1.0,0.0,0.0,0.0,0.0,0.0,0.0,0.0,1.0,0.0
meta.OnlineAccuracyUpdatedEnsemble,ArffFileStream -f ./../../../Dataset/benchmarks/magic.arff,1,11000.0,0.5,7.738094104246963E-9,11000.0,1.0,1.0,1.0,1.0,1.0,1.0,1.0,1.0,0.0,11000.0,76264.0,8750.0,1513.8251770487457,256.0,0.0,1.0,0.0,1.0,0.0,1.0,0.0,0.0,0.0,0.0,0.0,0.0,0.0,1.0,0.0
meta.OnlineAccuracyUpdatedEnsemble,ArffFileStream -f ./../../../Dataset/benchmarks/magic.arff,1,11500.0,0.515625,8.046368343962566E-9,11500.0,1.0,1.0,1.0,1.0,1.0,1.0,1.0,1.0,0.0,11500.0,76264.0,9250.0,1513.8251770487457,256.0,0.0,1.0,0.0,1.0,0.0,1.0,0.0,0.0,0.0,0.0,0.0,0.0,0.0,1.0,0.0
meta.OnlineAccuracyUpdatedEnsemble,ArffFileStream -f ./../../../Dataset/benchmarks/magic.arff,1,12000.0,0.53125,8.35464258367817E-9,12000.0,1.0,1.0,1.0,1.0,1.0,1.0,1.0,1.0,0.0,12000.0,76264.0,9750.0,1513.8251770487457,256.0,0.0,1.0,0.0,1.0,0.0,1.0,0.0,0.0,0.0,0.0,0.0,0.0,0.0,1.0,0.0
meta.OnlineAccuracyUpdatedEnsemble,ArffFileStream -f ./../../../Dataset/benchmarks/magic.arff,1,12500.0,0.578125,9.28130854542057E-9,12500.0,0.902,0.8541666666666667,0.8541666666666666,0.7633216121179335,0.8416254115301732,0.9356955380577427,0.8541666666666667,0.664,0.336,12500.0,76416.0,9050.0,3269.8114114833393,487.2,78.42448597217582,2.8,0.6324555320336759,1.9,0.31622776601683794,1.9,0.31622776601683794,0.8999999999999999,0.31622776601683794,0.0,0.0,0.0,0.0,1.0,0.0
meta.OnlineAccuracyUpdatedEnsemble,ArffFileStream -f ./../../../Dataset/benchmarks/magic.arff,1,13000.0,0.625,1.0207974507162972E-8,13000.0,1.0,1.0,1.0,1.0,1.0,1.0,1.0,0.0,1.0,13000.0,76416.0,9500.0,3415.6502553198657,710.4,156.84897194435163,4.6,1.2649110640673518,2.8,0.6324555320336759,2.8,0.6324555320336759,1.7999999999999998,0.6324555320336759,0.0,0.0,0.0,0.0,1.0,0.0
meta.OnlineAccuracyUpdatedEnsemble,ArffFileStream -f ./../../../Dataset/benchmarks/magic.arff,1,13500.0,0.65625,1.0825687139812446E-8,13500.0,0.0,0.0,0.5,0.0,0.0,0.0,0.0,0.0,1.0,13500.0,76408.0,9150.0,4558.569463719464,660.8000000000001,209.13196259246885,4.2,1.6865480854231356,2.6,0.8432740427115678,2.6,0.8432740427115678,1.5999999999999999,0.8432740427115678,0.0,0.0,0.0,0.0,1.0,0.0
meta.OnlineAccuracyUpdatedEnsemble,ArffFileStream -f ./../../../Dataset/benchmarks/magic.arff,1,14000.0,0.671875,1.1134511118547786E-8,14000.0,0.0,0.0,0.5,0.0,0.0,0.0,0.0,0.0,1.0,14000.0,76400.0,8600.0,5353.088412828201,611.2,239.5907622036654,3.8,1.9321835661585918,2.4,0.9660917830792959,2.4,0.9660917830792959,1.4,0.9660917830792959,0.0,0.0,0.0,0.0,1.0,0.0
meta.OnlineAccuracyUpdatedEnsemble,ArffFileStream -f ./../../../Dataset/benchmarks/magic.arff,1,14500.0,0.6875,1.1443302759693731E-8,14500.0,0.0,0.0,0.5,0.0,0.0,0.0,0.0,0.0,1.0,14500.0,76392.0,7949.999999999999,5871.068424438983,611.2,313.6979438887032,3.8000000000000003,2.5298221281347035,2.4,1.2649110640673518,2.4,1.2649110640673518,1.2000000000000002,1.0327955589886444,0.0,0.0,0.0,0.0,1.0,0.0
meta.OnlineAccuracyUpdatedEnsemble,ArffFileStream -f ./../../../Dataset/benchmarks/magic.arff,1,15000.0,0.703125,1.175206206325028E-8,15000.0,0.0,0.0,0.5,0.0,0.0,0.0,0.0,0.0,1.0,15000.0,76384.0,7349.999999999999,6254.109759900995,536.8,296.91031193499043,3.2,2.3944379994757297,2.1,1.1972189997378648,2.1,1.1972189997378648,1.0000000000000002,1.0540925533894598,0.0,0.0,0.0,0.0,1.0,0.0
meta.OnlineAccuracyUpdatedEnsemble,ArffFileStream -f ./../../../Dataset/benchmarks/magic.arff,1,15500.0,0.703125,1.175206206325028E-8,15500.0,0.0,0.0,0.5,0.0,0.0,0.0,0.0,0.0,1.0,15500.0,76376.0,6500.0,6236.095644623236,487.2,296.91031193499043,2.8,2.3944379994757297,1.9,1.1972189997378648,1.9,1.1972189997378648,0.7999999999999999,1.0327955589886444,0.0,0.0,0.0,0.0,1.0,0.0
meta.OnlineAccuracyUpdatedEnsemble,ArffFileStream -f ./../../../Dataset/benchmarks/magic.arff,1,16000.0,0.734375,1.236945132000579E-8,16000.0,0.0,0.0,0.5,0.0,0.0,0.0,0.0,0.0,1.0,16000.0,76368.0,5650.0,6009.483246410534,487.2,359.3861433054981,2.8,2.8982753492378874,1.9,1.4491376746189437,1.9,1.4491376746189437,0.6000000000000001,0.9660917830792959,0.0,0.0,0.0,0.0,1.0,0.0
meta.OnlineAccuracyUpdatedEnsemble,ArffFileStream -f ./../../../Dataset/benchmarks/magic.arff,1,16500.0,0.75,1.2678113610794149E-8,16500.0,0.0,0.0,0.5,0.0,0.0,0.0,0.0,0.0,1.0,16500.0,76360.0,4600.0,5119.6788093698915,412.79999999999995,313.6979438887032,2.2,2.5298221281347035,1.6,1.2649110640673518,1.6,1.2649110640673518,0.4000000000000001,0.8432740427115679,0.0,0.0,0.0,0.0,1.0,0.0
meta.OnlineAccuracyUpdatedEnsemble,ArffFileStream -f ./../../../Dataset/benchmarks/magic.arff,1,17000.0,0.765625,1.2986743563993111E-8,17000.0,0.0,0.0,0.5,0.0,0.0,0.0,0.0,0.0,1.0,17000.0,76352.0,3850.0,4460.007473835292,338.40000000000003,235.27345791652743,1.6,1.8973665961010275,1.2999999999999998,0.9486832980505138,1.2999999999999998,0.9486832980505138,0.20000000000000004,0.6324555320336759,0.0,0.0,0.0,0.0,1.0,0.0
meta.OnlineAccuracyUpdatedEnsemble,ArffFileStream -f ./../../../Dataset/benchmarks/magic.arff,1,17500.0,0.78125,1.3295341179602678E-8,17500.0,0.0,0.0,0.5,0.0,0.0,0.0,0.0,0.0,1.0,17500.0,76344.0,2750.0,1513.8251770487457,264.0,0.0,1.0,0.0,1.0,0.0,1.0,0.0,0.0,0.0,0.0,0.0,0.0,0.0,1.0,0.0
meta.OnlineAccuracyUpdatedEnsemble,ArffFileStream -f ./../../../Dataset/benchmarks/magic.arff,1,18000.0,0.796875,1.3603938795212245E-8,18000.0,0.0,0.0,0.5,0.0,0.0,0.0,0.0,0.0,1.0,18000.0,76344.0,3250.0,1513.8251770487457,264.0,0.0,1.0,0.0,1.0,0.0,1.0,0.0,0.0,0.0,0.0,0.0,0.0,0.0,1.0,0.0
meta.OnlineAccuracyUpdatedEnsemble,ArffFileStream -f ./../../../Dataset/benchmarks/magic.arff,1,18500.0,0.8125,1.3912536410821812E-8,18500.0,0.0,0.0,0.5,0.0,0.0,0.0,0.0,0.0,1.0,18500.0,76344.0,3750.0,1513.8251770487457,264.0,0.0,1.0,0.0,1.0,0.0,1.0,0.0,0.0,0.0,0.0,0.0,0.0,0.0,1.0,0.0
meta.OnlineAccuracyUpdatedEnsemble,ArffFileStream -f ./../../../Dataset/benchmarks/magic.arff,1,19000.0,0.828125,1.4221134026431379E-8,19000.0,0.0,0.0,0.5,0.0,0.0,0.0,0.0,0.0,1.0,19000.0,76344.0,4250.0,1513.8251770487457,264.0,0.0,1.0,0.0,1.0,0.0,1.0,0.0,0.0,0.0,0.0,0.0,0.0,0.0,1.0,0.0
meta.OnlineAccuracyUpdatedEnsemble,ArffFileStream -f ./../../../Dataset/benchmarks/magic.arff,1,19020.0,0.84375,1.4530410731418269E-8,19020.0,0.0,0.0,0.5,0.0,0.0,0.0,0.0,0.0,1.0,19020.0,76512.0,4270.0,1513.8251770487457,264.0,0.0,1.0,0.0,1.0,0.0,1.0,0.0,0.0,0.0,0.0,0.0,0.0,0.0,1.0,0.0
