Learner,stream,randomSeed,learning evaluation instances,evaluation time (cpu seconds),model cost (RAM-Hours),classified instances,Accuracy,AvgAccuracy,AUC,Kappa,G-Mean,Precision,Recall,Ratio-Class-0,Ratio-Class-1,model training instances,model serialized size (bytes)
meta.imbalanced.OnlineUnderOverBagging -l (trees.HoeffdingTree -e 2000000 -g 100 -c 0.01),ArffFileStream -f ./../../../Dataset/benchmarks/magic.arff,1,500.0,0.09375,7.14013973871867E-11,500.0,1.0,1.0,1.0,1.0,1.0,1.0,1.0,1.0,0.0,500.0,2944.0
meta.imbalanced.OnlineUnderOverBagging -l (trees.HoeffdingTree -e 2000000 -g 100 -c 0.01),ArffFileStream -f ./../../../Dataset/benchmarks/magic.arff,1,1000.0,0.125,9.520186318291559E-11,1000.0,1.0,1.0,1.0,1.0,1.0,1.0,1.0,1.0,0.0,1000.0,2944.0
meta.imbalanced.OnlineUnderOverBagging -l (trees.HoeffdingTree -e 2000000 -g 100 -c 0.01),ArffFileStream -f ./../../../Dataset/benchmarks/magic.arff,1,1500.0,0.15625,1.190023289786445E-10,1500.0,1.0,1.0,1.0,1.0,1.0,1.0,1.0,1.0,0.0,1500.0,2944.0
meta.imbalanced.OnlineUnderOverBagging -l (trees.HoeffdingTree -e 2000000 -g 100 -c 0.01),ArffFileStream -f ./../../../Dataset/benchmarks/magic.arff,1,2000.0,0.1875,1.428027947743734E-10,2000.0,1.0,1.0,1.0,1.0,1.0,1.0,1.0,1.0,0.0,2000.0,2944.0
meta.imbalanced.OnlineUnderOverBagging -l (trees.HoeffdingTree -e 2000000 -g 100 -c 0.01),ArffFileStream -f ./../../../Dataset/benchmarks/magic.arff,1,2500.0,0.203125,1.5470302767223783E-10,2500.0,1.0,1.0,1.0,1.0,1.0,1.0,1.0,1.0,0.0,2500.0,2944.0
meta.imbalanced.OnlineUnderOverBagging -l (trees.HoeffdingTree -e 2000000 -g 100 -c 0.01),ArffFileStream -f ./../../../Dataset/benchmarks/magic.arff,1,3000.0,0.21875,1.6660326057010228E-10,3000.0,1.0,1.0,1.0,1.0,1.0,1.0,1.0,1.0,0.0,3000.0,2944.0
meta.imbalanced.OnlineUnderOverBagging -l (trees.HoeffdingTree -e 2000000 -g 100 -c 0.01),ArffFileStream -f ./../../../Dataset/benchmarks/magic.arff,1,3500.0,0.234375,1.7850349346796673E-10,3500.0,1.0,1.0,1.0,1.0,1.0,1.0,1.0,1.0,0.0,3500.0,2944.0
meta.imbalanced.OnlineUnderOverBagging -l (trees.HoeffdingTree -e 2000000 -g 100 -c 0.01),ArffFileStream -f ./../../../Dataset/benchmarks/magic.arff,1,4000.0,0.265625,2.0230395926369562E-10,4000.0,1.0,1.0,1.0,1.0,1.0,1.0,1.0,1.0,0.0,4000.0,2944.0
meta.imbalanced.OnlineUnderOverBagging -l (trees.HoeffdingTree -e 2000000 -g 100 -c 0.01),ArffFileStream -f ./../../../Dataset/benchmarks/magic.arff,1,4500.0,0.28125,2.1420419216156007E-10,4500.0,1.0,1.0,1.0,1.0,1.0,1.0,1.0,1.0,0.0,4500.0,2944.0
meta.imbalanced.OnlineUnderOverBagging -l (trees.HoeffdingTree -e 2000000 -g 100 -c 0.01),ArffFileStream -f ./../../../Dataset/benchmarks/magic.arff,1,5000.0,0.296875,2.2610442505942451E-10,5000.0,1.0,1.0,1.0,1.0,1.0,1.0,1.0,1.0,0.0,5000.0,2944.0
meta.imbalanced.OnlineUnderOverBagging -l (trees.HoeffdingTree -e 2000000 -g 100 -c 0.01),ArffFileStream -f ./../../../Dataset/benchmarks/magic.arff,1,5500.0,0.3125,2.38004657957289E-10,5500.0,1.0,1.0,1.0,1.0,1.0,1.0,1.0,1.0,0.0,5500.0,2944.0
meta.imbalanced.OnlineUnderOverBagging -l (trees.HoeffdingTree -e 2000000 -g 100 -c 0.01),ArffFileStream -f ./../../../Dataset/benchmarks/magic.arff,1,6000.0,0.328125,2.4990489085515343E-10,6000.0,1.0,1.0,1.0,1.0,1.0,1.0,1.0,1.0,0.0,6000.0,2944.0
meta.imbalanced.OnlineUnderOverBagging -l (trees.HoeffdingTree -e 2000000 -g 100 -c 0.01),ArffFileStream -f ./../../../Dataset/benchmarks/magic.arff,1,6500.0,0.359375,2.7370535665088233E-10,6500.0,1.0,1.0,1.0,1.0,1.0,1.0,1.0,1.0,0.0,6500.0,2944.0
meta.imbalanced.OnlineUnderOverBagging -l (trees.HoeffdingTree -e 2000000 -g 100 -c 0.01),ArffFileStream -f ./../../../Dataset/benchmarks/magic.arff,1,7000.0,0.375,2.856055895487468E-10,7000.0,1.0,1.0,1.0,1.0,1.0,1.0,1.0,1.0,0.0,7000.0,2944.0
meta.imbalanced.OnlineUnderOverBagging -l (trees.HoeffdingTree -e 2000000 -g 100 -c 0.01),ArffFileStream -f ./../../../Dataset/benchmarks/magic.arff,1,7500.0,0.390625,2.975058224466112E-10,7500.0,1.0,1.0,1.0,1.0,1.0,1.0,1.0,1.0,0.0,7500.0,2944.0
meta.imbalanced.OnlineUnderOverBagging -l (trees.HoeffdingTree -e 2000000 -g 100 -c 0.01),ArffFileStream -f ./../../../Dataset/benchmarks/magic.arff,1,8000.0,0.40625,3.0940605534447567E-10,8000.0,1.0,1.0,1.0,1.0,1.0,1.0,1.0,1.0,0.0,8000.0,2944.0
meta.imbalanced.OnlineUnderOverBagging -l (trees.HoeffdingTree -e 2000000 -g 100 -c 0.01),ArffFileStream -f ./../../../Dataset/benchmarks/magic.arff,1,8500.0,0.421875,3.213062882423401E-10,8500.0,1.0,1.0,1.0,1.0,1.0,1.0,1.0,1.0,0.0,8500.0,2944.0
meta.imbalanced.OnlineUnderOverBagging -l (trees.HoeffdingTree -e 2000000 -g 100 -c 0.01),ArffFileStream -f ./../../../Dataset/benchmarks/magic.arff,1,9000.0,0.453125,3.45106754038069E-10,9000.0,1.0,1.0,1.0,1.0,1.0,1.0,1.0,1.0,0.0,9000.0,2944.0
meta.imbalanced.OnlineUnderOverBagging -l (trees.HoeffdingTree -e 2000000 -g 100 -c 0.01),ArffFileStream -f ./../../../Dataset/benchmarks/magic.arff,1,9500.0,0.46875,3.5700698693593346E-10,9500.0,1.0,1.0,1.0,1.0,1.0,1.0,1.0,1.0,0.0,9500.0,2944.0
meta.imbalanced.OnlineUnderOverBagging -l (trees.HoeffdingTree -e 2000000 -g 100 -c 0.01),ArffFileStream -f ./../../../Dataset/benchmarks/magic.arff,1,10000.0,0.484375,3.689072198337979E-10,10000.0,1.0,1.0,1.0,1.0,1.0,1.0,1.0,1.0,0.0,10000.0,2944.0
meta.imbalanced.OnlineUnderOverBagging -l (trees.HoeffdingTree -e 2000000 -g 100 -c 0.01),ArffFileStream -f ./../../../Dataset/benchmarks/magic.arff,1,10500.0,0.5,3.8080745273166235E-10,10500.0,1.0,1.0,1.0,1.0,1.0,1.0,1.0,1.0,0.0,10500.0,2944.0
meta.imbalanced.OnlineUnderOverBagging -l (trees.HoeffdingTree -e 2000000 -g 100 -c 0.01),ArffFileStream -f ./../../../Dataset/benchmarks/magic.arff,1,11000.0,0.53125,4.0460791852739124E-10,11000.0,1.0,1.0,1.0,1.0,1.0,1.0,1.0,1.0,0.0,11000.0,2944.0
meta.imbalanced.OnlineUnderOverBagging -l (trees.HoeffdingTree -e 2000000 -g 100 -c 0.01),ArffFileStream -f ./../../../Dataset/benchmarks/magic.arff,1,11500.0,0.546875,4.165081514252557E-10,11500.0,1.0,1.0,1.0,1.0,1.0,1.0,1.0,1.0,0.0,11500.0,2944.0
meta.imbalanced.OnlineUnderOverBagging -l (trees.HoeffdingTree -e 2000000 -g 100 -c 0.01),ArffFileStream -f ./../../../Dataset/benchmarks/magic.arff,1,12000.0,0.5625,4.2840838432312014E-10,12000.0,1.0,1.0,1.0,1.0,1.0,1.0,1.0,1.0,0.0,12000.0,2944.0
meta.imbalanced.OnlineUnderOverBagging -l (trees.HoeffdingTree -e 2000000 -g 100 -c 0.01),ArffFileStream -f ./../../../Dataset/benchmarks/magic.arff,1,12500.0,0.703125,5.355104804039002E-10,12500.0,0.972,0.9583333333333333,0.9583333333333334,0.9359302921578677,0.9574271077563381,0.9797687861271676,0.9583333333333333,0.664,0.336,12500.0,2944.0
meta.imbalanced.OnlineUnderOverBagging -l (trees.HoeffdingTree -e 2000000 -g 100 -c 0.01),ArffFileStream -f ./../../../Dataset/benchmarks/magic.arff,1,13000.0,0.8125,6.188121106889513E-10,13000.0,1.0,1.0,1.0,1.0,1.0,1.0,1.0,0.0,1.0,13000.0,2944.0
meta.imbalanced.OnlineUnderOverBagging -l (trees.HoeffdingTree -e 2000000 -g 100 -c 0.01),ArffFileStream -f ./../../../Dataset/benchmarks/magic.arff,1,13500.0,0.890625,6.783132751782736E-10,13500.0,1.0,1.0,1.0,1.0,1.0,1.0,1.0,0.0,1.0,13500.0,2944.0
meta.imbalanced.OnlineUnderOverBagging -l (trees.HoeffdingTree -e 2000000 -g 100 -c 0.01),ArffFileStream -f ./../../../Dataset/benchmarks/magic.arff,1,14000.0,0.953125,7.259142067697314E-10,14000.0,1.0,1.0,1.0,1.0,1.0,1.0,1.0,0.0,1.0,14000.0,2944.0
meta.imbalanced.OnlineUnderOverBagging -l (trees.HoeffdingTree -e 2000000 -g 100 -c 0.01),ArffFileStream -f ./../../../Dataset/benchmarks/magic.arff,1,14500.0,1.0,7.616149054633247E-10,14500.0,1.0,1.0,1.0,1.0,1.0,1.0,1.0,0.0,1.0,14500.0,2944.0
meta.imbalanced.OnlineUnderOverBagging -l (trees.HoeffdingTree -e 2000000 -g 100 -c 0.01),ArffFileStream -f ./../../../Dataset/benchmarks/magic.arff,1,15000.0,1.046875,7.97315604156918E-10,15000.0,1.0,1.0,1.0,1.0,1.0,1.0,1.0,0.0,1.0,15000.0,2944.0
meta.imbalanced.OnlineUnderOverBagging -l (trees.HoeffdingTree -e 2000000 -g 100 -c 0.01),ArffFileStream -f ./../../../Dataset/benchmarks/magic.arff,1,15500.0,1.078125,8.211160699526469E-10,15500.0,1.0,1.0,1.0,1.0,1.0,1.0,1.0,0.0,1.0,15500.0,2944.0
meta.imbalanced.OnlineUnderOverBagging -l (trees.HoeffdingTree -e 2000000 -g 100 -c 0.01),ArffFileStream -f ./../../../Dataset/benchmarks/magic.arff,1,16000.0,1.125,8.568167686462403E-10,16000.0,1.0,1.0,1.0,1.0,1.0,1.0,1.0,0.0,1.0,16000.0,2944.0
meta.imbalanced.OnlineUnderOverBagging -l (trees.HoeffdingTree -e 2000000 -g 100 -c 0.01),ArffFileStream -f ./../../../Dataset/benchmarks/magic.arff,1,16500.0,1.171875,8.925174673398336E-10,16500.0,1.0,1.0,1.0,1.0,1.0,1.0,1.0,0.0,1.0,16500.0,2944.0
meta.imbalanced.OnlineUnderOverBagging -l (trees.HoeffdingTree -e 2000000 -g 100 -c 0.01),ArffFileStream -f ./../../../Dataset/benchmarks/magic.arff,1,17000.0,1.203125,9.163179331355625E-10,17000.0,1.0,1.0,1.0,1.0,1.0,1.0,1.0,0.0,1.0,17000.0,2944.0
meta.imbalanced.OnlineUnderOverBagging -l (trees.HoeffdingTree -e 2000000 -g 100 -c 0.01),ArffFileStream -f ./../../../Dataset/benchmarks/magic.arff,1,17500.0,1.25,9.52018631829156E-10,17500.0,1.0,1.0,1.0,1.0,1.0,1.0,1.0,0.0,1.0,17500.0,2944.0
meta.imbalanced.OnlineUnderOverBagging -l (trees.HoeffdingTree -e 2000000 -g 100 -c 0.01),ArffFileStream -f ./../../../Dataset/benchmarks/magic.arff,1,18000.0,1.28125,9.758190976248848E-10,18000.0,1.0,1.0,1.0,1.0,1.0,1.0,1.0,0.0,1.0,18000.0,2944.0
meta.imbalanced.OnlineUnderOverBagging -l (trees.HoeffdingTree -e 2000000 -g 100 -c 0.01),ArffFileStream -f ./../../../Dataset/benchmarks/magic.arff,1,18500.0,1.328125,1.0115197963184782E-9,18500.0,1.0,1.0,1.0,1.0,1.0,1.0,1.0,0.0,1.0,18500.0,2944.0
meta.imbalanced.OnlineUnderOverBagging -l (trees.HoeffdingTree -e 2000000 -g 100 -c 0.01),ArffFileStream -f ./../../../Dataset/benchmarks/magic.arff,1,19000.0,1.359375,1.035320262114207E-9,19000.0,1.0,1.0,1.0,1.0,1.0,1.0,1.0,0.0,1.0,19000.0,2944.0
meta.imbalanced.OnlineUnderOverBagging -l (trees.HoeffdingTree -e 2000000 -g 100 -c 0.01),ArffFileStream -f ./../../../Dataset/benchmarks/magic.arff,1,19020.0,1.359375,1.035320262114207E-9,19020.0,1.0,1.0,1.0,1.0,1.0,1.0,1.0,0.0,1.0,19020.0,2944.0
