Learner,stream,randomSeed,learning evaluation instances,evaluation time (cpu seconds),model cost (RAM-Hours),classified instances,Accuracy,AvgAccuracy,AUC,Kappa,G-Mean,Precision,Recall,Ratio-Class-0,Ratio-Class-1,model training instances,model serialized size (bytes)
meta.imbalanced.CSMOTE -l (trees.HoeffdingTree -e 2000000 -g 100 -c 0.01),ArffFileStream -f ./../../../Dataset/benchmarks/electricity.arff,1,500.0,0.15625,2.6969549556573234E-10,500.0,0.868,0.8701074783673601,0.8701074783673601,0.7357336194884444,0.8697456895987733,0.8675489270454946,0.8701074783673601,0.458,0.542,500.0,6672.0
meta.imbalanced.CSMOTE -l (trees.HoeffdingTree -e 2000000 -g 100 -c 0.01),ArffFileStream -f ./../../../Dataset/benchmarks/electricity.arff,1,1000.0,0.234375,4.113341371218364E-10,1000.0,0.864,0.8656764351665998,0.8656764351665998,0.7281956990966504,0.8652254122773915,0.864412475396457,0.8656764351665998,0.53,0.47,1000.0,7008.0
meta.imbalanced.CSMOTE -l (trees.HoeffdingTree -e 2000000 -g 100 -c 0.01),ArffFileStream -f ./../../../Dataset/benchmarks/electricity.arff,1,1500.0,0.265625,4.67989593744278E-10,1500.0,0.944,0.8919105330574442,0.891910533057444,0.8196805770221536,0.8875597676310883,0.9311653116531164,0.8919105330574442,0.204,0.796,1500.0,7008.0
meta.imbalanced.CSMOTE -l (trees.HoeffdingTree -e 2000000 -g 100 -c 0.01),ArffFileStream -f ./../../../Dataset/benchmarks/electricity.arff,1,2000.0,0.328125,5.758677919705709E-10,2000.0,0.86,0.8703678839957035,0.8703678839957035,0.7160750210915698,0.8690433274862278,0.8545401966454598,0.8703678839957035,0.392,0.608,2000.0,6672.0
meta.imbalanced.CSMOTE -l (trees.HoeffdingTree -e 2000000 -g 100 -c 0.01),ArffFileStream -f ./../../../Dataset/benchmarks/electricity.arff,1,2500.0,0.40625,7.14110986640056E-10,2500.0,0.87,0.8625,0.8625,0.7332129371203415,0.8602325267042628,0.8740932468881406,0.8625,0.44,0.56,2500.0,6840.0
meta.imbalanced.CSMOTE -l (trees.HoeffdingTree -e 2000000 -g 100 -c 0.01),ArffFileStream -f ./../../../Dataset/benchmarks/electricity.arff,1,3000.0,0.46875,8.21989184866349E-10,3000.0,0.91,0.9121892949728054,0.9121892949728054,0.8121995192307693,0.9121421233501119,0.9016742619377849,0.9121892949728054,0.382,0.618,3000.0,6672.0
meta.imbalanced.CSMOTE -l (trees.HoeffdingTree -e 2000000 -g 100 -c 0.01),ArffFileStream -f ./../../../Dataset/benchmarks/electricity.arff,1,3500.0,0.484375,8.503169131775698E-10,3500.0,0.854,0.8517361778461143,0.8517361778461143,0.70645949945313,0.8487931082038231,0.8610878179516269,0.8517361778461143,0.516,0.484,3500.0,7008.0
meta.imbalanced.CSMOTE -l (trees.HoeffdingTree -e 2000000 -g 100 -c 0.01),ArffFileStream -f ./../../../Dataset/benchmarks/electricity.arff,1,4000.0,0.515625,9.069723698000113E-10,4000.0,0.888,0.7990616869148348,0.7990616869148348,0.6758884130107652,0.7761344653891603,0.9138199858256555,0.7990616869148348,0.266,0.734,4000.0,7008.0
meta.imbalanced.CSMOTE -l (trees.HoeffdingTree -e 2000000 -g 100 -c 0.01),ArffFileStream -f ./../../../Dataset/benchmarks/electricity.arff,1,4500.0,0.5625,9.960300909976165E-10,4500.0,0.824,0.7928240740740741,0.7928240740740741,0.6028594122319301,0.7857969533230909,0.8133773740710157,0.7928240740740741,0.352,0.648,4500.0,7344.0
meta.imbalanced.CSMOTE -l (trees.HoeffdingTree -e 2000000 -g 100 -c 0.01),ArffFileStream -f ./../../../Dataset/benchmarks/electricity.arff,1,5000.0,0.609375,1.0850878121952217E-9,5000.0,0.822,0.8216030427803755,0.8216030427803754,0.6236213546248055,0.8216018866396344,0.8057338574579954,0.8216030427803755,0.356,0.644,5000.0,7344.0
meta.imbalanced.CSMOTE -l (trees.HoeffdingTree -e 2000000 -g 100 -c 0.01),ArffFileStream -f ./../../../Dataset/benchmarks/electricity.arff,1,5500.0,0.65625,1.1680337289969128E-9,5500.0,0.788,0.7794129805704837,0.7794129805704837,0.5604942366697073,0.777951646281468,0.7811610842110518,0.7794129805704837,0.41,0.59,5500.0,6840.0
meta.imbalanced.CSMOTE -l (trees.HoeffdingTree -e 2000000 -g 100 -c 0.01),ArffFileStream -f ./../../../Dataset/benchmarks/electricity.arff,1,6000.0,0.671875,1.1963614573081337E-9,6000.0,0.812,0.8108161162094518,0.8108161162094518,0.6178923919936261,0.8107766565877108,0.8075957973806478,0.8108161162094518,0.426,0.574,6000.0,7008.0
meta.imbalanced.CSMOTE -l (trees.HoeffdingTree -e 2000000 -g 100 -c 0.01),ArffFileStream -f ./../../../Dataset/benchmarks/electricity.arff,1,6500.0,0.71875,1.2833819103737676E-9,6500.0,0.862,0.8513438353699432,0.8513438353699433,0.7134837059429293,0.8482936790054326,0.8661688488816148,0.8513438353699432,0.426,0.574,6500.0,7176.0
meta.imbalanced.CSMOTE -l (trees.HoeffdingTree -e 2000000 -g 100 -c 0.01),ArffFileStream -f ./../../../Dataset/benchmarks/electricity.arff,1,7000.0,0.75,1.3427537245055043E-9,7000.0,0.876,0.8599512644889358,0.8599512644889357,0.7382817776577063,0.8546288917866641,0.8875141803743618,0.8599512644889358,0.416,0.584,7000.0,7344.0
meta.imbalanced.CSMOTE -l (trees.HoeffdingTree -e 2000000 -g 100 -c 0.01),ArffFileStream -f ./../../../Dataset/benchmarks/electricity.arff,1,7500.0,0.796875,1.4297741775711381E-9,7500.0,0.764,0.764,0.764,0.528,0.7394808990095687,0.8096614368290669,0.764,0.5,0.5,7500.0,7176.0
meta.imbalanced.CSMOTE -l (trees.HoeffdingTree -e 2000000 -g 100 -c 0.01),ArffFileStream -f ./../../../Dataset/benchmarks/electricity.arff,1,8000.0,0.84375,1.5188318987687433E-9,8000.0,0.852,0.8404040404040405,0.8404040404040405,0.6948453608247422,0.832365498583599,0.8703296703296703,0.8404040404040405,0.55,0.45,8000.0,7344.0
meta.imbalanced.CSMOTE -l (trees.HoeffdingTree -e 2000000 -g 100 -c 0.01),ArffFileStream -f ./../../../Dataset/benchmarks/electricity.arff,1,8500.0,0.921875,1.6706568809847042E-9,8500.0,0.872,0.8674706523830906,0.8674706523830906,0.7412175713269069,0.8623231745098887,0.8859915100060642,0.8674706523830906,0.524,0.476,8500.0,7512.0
meta.imbalanced.CSMOTE -l (trees.HoeffdingTree -e 2000000 -g 100 -c 0.01),ArffFileStream -f ./../../../Dataset/benchmarks/electricity.arff,1,9000.0,0.984375,1.7812514367202922E-9,9000.0,0.924,0.9242103235747303,0.9242103235747303,0.8476587556125722,0.9242026922341331,0.9235576923076922,0.9242103235747303,0.528,0.472,9000.0,6840.0
meta.imbalanced.CSMOTE -l (trees.HoeffdingTree -e 2000000 -g 100 -c 0.01),ArffFileStream -f ./../../../Dataset/benchmarks/electricity.arff,1,9500.0,1.046875,1.89184599245588E-9,9500.0,0.846,0.8517112712300565,0.8517112712300565,0.6943765281173594,0.8480093853567386,0.8540172572890191,0.8517112712300565,0.464,0.536,9500.0,6840.0
meta.imbalanced.CSMOTE -l (trees.HoeffdingTree -e 2000000 -g 100 -c 0.01),ArffFileStream -f ./../../../Dataset/benchmarks/electricity.arff,1,10000.0,1.09375,1.9727546411256E-9,10000.0,0.928,0.929473295791821,0.9294732957918211,0.8560897999648219,0.9290413719110864,0.9283736858107567,0.929473295791821,0.526,0.474,10000.0,6672.0
meta.imbalanced.CSMOTE -l (trees.HoeffdingTree -e 2000000 -g 100 -c 0.01),ArffFileStream -f ./../../../Dataset/benchmarks/electricity.arff,1,10500.0,1.140625,2.0536632897953196E-9,10500.0,0.908,0.9129579463364292,0.9129579463364292,0.8166454081632653,0.9112178567478473,0.9104166666666667,0.9129579463364292,0.544,0.456,10500.0,6672.0
meta.imbalanced.CSMOTE -l (trees.HoeffdingTree -e 2000000 -g 100 -c 0.01),ArffFileStream -f ./../../../Dataset/benchmarks/electricity.arff,1,11000.0,1.1875,2.138646474728982E-9,11000.0,0.934,0.927119814531643,0.927119814531643,0.8629659158859876,0.9261701521813869,0.9375884374368304,0.927119814531643,0.418,0.582,11000.0,7008.0
meta.imbalanced.CSMOTE -l (trees.HoeffdingTree -e 2000000 -g 100 -c 0.01),ArffFileStream -f ./../../../Dataset/benchmarks/electricity.arff,1,11500.0,1.234375,2.221592391530673E-9,11500.0,0.894,0.8829371816638371,0.8829371816638371,0.772960932145305,0.8817331289546146,0.8906371776442266,0.8829371816638371,0.38,0.62,11500.0,6840.0
meta.imbalanced.CSMOTE -l (trees.HoeffdingTree -e 2000000 -g 100 -c 0.01),ArffFileStream -f ./../../../Dataset/benchmarks/electricity.arff,1,12000.0,1.25,2.248561941087246E-9,12000.0,0.828,0.8272000512664412,0.8272000512664414,0.6551558214509118,0.8269015424732162,0.8282940316021282,0.8272000512664412,0.518,0.482,12000.0,6672.0
meta.imbalanced.CSMOTE -l (trees.HoeffdingTree -e 2000000 -g 100 -c 0.01),ArffFileStream -f ./../../../Dataset/benchmarks/electricity.arff,1,12500.0,1.296875,2.331507857888937E-9,12500.0,0.834,0.8347908258056249,0.8347908258056249,0.6682972057036894,0.8344249369084932,0.8347104129637636,0.8347908258056249,0.484,0.516,12500.0,6840.0
meta.imbalanced.CSMOTE -l (trees.HoeffdingTree -e 2000000 -g 100 -c 0.01),ArffFileStream -f ./../../../Dataset/benchmarks/electricity.arff,1,13000.0,1.3125,2.3598355862001577E-9,13000.0,0.888,0.8870748299319728,0.8870748299319728,0.7755151126433095,0.8858678822273132,0.8914862961583915,0.8870748299319728,0.51,0.49,13000.0,7008.0
meta.imbalanced.CSMOTE -l (trees.HoeffdingTree -e 2000000 -g 100 -c 0.01),ArffFileStream -f ./../../../Dataset/benchmarks/electricity.arff,1,13500.0,1.34375,2.4137746853133043E-9,13500.0,0.9,0.9001348228043143,0.9001348228043143,0.7995509942270687,0.9001316031156671,0.8995192307692308,0.9001348228043143,0.472,0.528,13500.0,6672.0
meta.imbalanced.CSMOTE -l (trees.HoeffdingTree -e 2000000 -g 100 -c 0.01),ArffFileStream -f ./../../../Dataset/benchmarks/electricity.arff,1,14000.0,1.390625,2.500795138378938E-9,14000.0,0.93,0.9308688387635755,0.9308688387635756,0.8597486696159518,0.9307698415351914,0.9294406814942915,0.9308688387635755,0.532,0.468,14000.0,7176.0
meta.imbalanced.CSMOTE -l (trees.HoeffdingTree -e 2000000 -g 100 -c 0.01),ArffFileStream -f ./../../../Dataset/benchmarks/electricity.arff,1,14500.0,1.453125,2.6168224091331162E-9,14500.0,0.856,0.8492175693462682,0.8492175693462682,0.7048260933733458,0.8474542559549958,0.857584984775121,0.8492175693462682,0.438,0.562,14500.0,7176.0
meta.imbalanced.CSMOTE -l (trees.HoeffdingTree -e 2000000 -g 100 -c 0.01),ArffFileStream -f ./../../../Dataset/benchmarks/electricity.arff,1,15000.0,1.515625,2.721984249850114E-9,15000.0,0.84,0.8145620022753128,0.8145620022753128,0.6561033065667073,0.8010232364020239,0.8647966500315494,0.8145620022753128,0.414,0.586,15000.0,6504.0
meta.imbalanced.CSMOTE -l (trees.HoeffdingTree -e 2000000 -g 100 -c 0.01),ArffFileStream -f ./../../../Dataset/benchmarks/electricity.arff,1,15500.0,1.53125,2.7482747100293634E-9,15500.0,0.834,0.8147306943543153,0.8147306943543153,0.6457835438716285,0.8087772875418844,0.8371657754010695,0.8147306943543153,0.402,0.598,15500.0,6504.0
meta.imbalanced.CSMOTE -l (trees.HoeffdingTree -e 2000000 -g 100 -c 0.01),ArffFileStream -f ./../../../Dataset/benchmarks/electricity.arff,1,16000.0,1.5625,2.804930166651805E-9,16000.0,0.848,0.8438311688311688,0.8438311688311688,0.6903520208604954,0.8431157428515706,0.8468946540880503,0.8438311688311688,0.44,0.56,16000.0,7008.0
meta.imbalanced.CSMOTE -l (trees.HoeffdingTree -e 2000000 -g 100 -c 0.01),ArffFileStream -f ./../../../Dataset/benchmarks/electricity.arff,1,16500.0,1.609375,2.891950619717439E-9,16500.0,0.816,0.8328792610804705,0.8328792610804704,0.6353605174709874,0.8282265390259119,0.8213483866829174,0.8328792610804705,0.404,0.596,16500.0,7176.0
meta.imbalanced.CSMOTE -l (trees.HoeffdingTree -e 2000000 -g 100 -c 0.01),ArffFileStream -f ./../../../Dataset/benchmarks/electricity.arff,1,17000.0,1.65625,2.9769338046511013E-9,17000.0,0.802,0.7769449996298764,0.7769449996298764,0.547366495976591,0.7739561154839105,0.770737222976029,0.7769449996298764,0.316,0.684,17000.0,7008.0
meta.imbalanced.CSMOTE -l (trees.HoeffdingTree -e 2000000 -g 100 -c 0.01),ArffFileStream -f ./../../../Dataset/benchmarks/electricity.arff,1,17500.0,1.703125,3.059879721452792E-9,17500.0,0.856,0.8421452761075403,0.8421452761075402,0.6875216998819527,0.8406034383562827,0.8454881708423476,0.8421452761075403,0.364,0.636,17500.0,6840.0
meta.imbalanced.CSMOTE -l (trees.HoeffdingTree -e 2000000 -g 100 -c 0.01),ArffFileStream -f ./../../../Dataset/benchmarks/electricity.arff,1,18000.0,1.734375,3.1178933568298815E-9,18000.0,0.878,0.8832990221307256,0.8832990221307256,0.7576056203706647,0.880227564971038,0.8845669748753449,0.8832990221307256,0.464,0.536,18000.0,7176.0
meta.imbalanced.CSMOTE -l (trees.HoeffdingTree -e 2000000 -g 100 -c 0.01),ArffFileStream -f ./../../../Dataset/benchmarks/electricity.arff,1,18500.0,1.765625,3.1772651709616185E-9,18500.0,0.852,0.8061138142585149,0.8061138142585149,0.6524385661681822,0.791856158127189,0.8646673387096775,0.8061138142585149,0.348,0.652,18500.0,7344.0
meta.imbalanced.CSMOTE -l (trees.HoeffdingTree -e 2000000 -g 100 -c 0.01),ArffFileStream -f ./../../../Dataset/benchmarks/electricity.arff,1,19000.0,1.8125,3.2560395387311776E-9,19000.0,0.932,0.9216127747276537,0.9216127747276537,0.8513648206760278,0.9208440273939036,0.9303176539216207,0.9216127747276537,0.362,0.638,19000.0,6496.0
meta.imbalanced.CSMOTE -l (trees.HoeffdingTree -e 2000000 -g 100 -c 0.01),ArffFileStream -f ./../../../Dataset/benchmarks/electricity.arff,1,19500.0,1.84375,3.3085557839108837E-9,19500.0,0.65,0.6578525641025641,0.6578525641025642,0.31048069345941687,0.627877989127481,0.6841982234689107,0.6578525641025641,0.52,0.48,19500.0,6496.0
meta.imbalanced.CSMOTE -l (trees.HoeffdingTree -e 2000000 -g 100 -c 0.01),ArffFileStream -f ./../../../Dataset/benchmarks/electricity.arff,1,20000.0,1.875,3.3546691863901084E-9,20000.0,0.782,0.7820340501792115,0.7820340501792113,0.5640139515535503,0.7820224675704313,0.7820205123281972,0.7820340501792115,0.496,0.504,20000.0,5704.0
meta.imbalanced.CSMOTE -l (trees.HoeffdingTree -e 2000000 -g 100 -c 0.01),ArffFileStream -f ./../../../Dataset/benchmarks/electricity.arff,1,20500.0,1.921875,3.4335405669278566E-9,20500.0,0.81,0.8065454720338576,0.8065454720338575,0.6168984095235023,0.8027150580593007,0.8166732909379968,0.8065454720338576,0.478,0.522,20500.0,6504.0
meta.imbalanced.CSMOTE -l (trees.HoeffdingTree -e 2000000 -g 100 -c 0.01),ArffFileStream -f ./../../../Dataset/benchmarks/electricity.arff,1,21000.0,1.9375,3.4611892058617537E-9,21000.0,0.802,0.7890450599421248,0.7890450599421248,0.5854965667392397,0.7857557850773704,0.7980087288597927,0.7890450599421248,0.41,0.59,21000.0,6840.0
meta.imbalanced.CSMOTE -l (trees.HoeffdingTree -e 2000000 -g 100 -c 0.01),ArffFileStream -f ./../../../Dataset/benchmarks/electricity.arff,1,21500.0,1.96875,3.519202841238843E-9,21500.0,0.88,0.8882828833742387,0.8882828833742387,0.6949483445863499,0.8881523817528973,0.8230111917725348,0.8882828833742387,0.228,0.772,21500.0,7176.0
meta.imbalanced.CSMOTE -l (trees.HoeffdingTree -e 2000000 -g 100 -c 0.01),ArffFileStream -f ./../../../Dataset/benchmarks/electricity.arff,1,22000.0,2.0,3.57857465537058E-9,22000.0,0.852,0.8150735294117647,0.8150735294117647,0.6494884425918909,0.8085935501917911,0.8371626406483594,0.8150735294117647,0.32,0.68,22000.0,7344.0
meta.imbalanced.CSMOTE -l (trees.HoeffdingTree -e 2000000 -g 100 -c 0.01),ArffFileStream -f ./../../../Dataset/benchmarks/electricity.arff,1,22500.0,2.046875,3.6635578403042424E-9,22500.0,0.86,0.8370654502729975,0.8370654502729974,0.6903531743223158,0.8328079067868805,0.8562714588355613,0.8370654502729975,0.364,0.636,22500.0,7008.0
meta.imbalanced.CSMOTE -l (trees.HoeffdingTree -e 2000000 -g 100 -c 0.01),ArffFileStream -f ./../../../Dataset/benchmarks/electricity.arff,1,23000.0,2.078125,3.7215714756813318E-9,23000.0,0.738,0.7344937975190076,0.7344937975190077,0.47219983883964545,0.7132653776818274,0.7693014705882353,0.7344937975190076,0.49,0.51,23000.0,7176.0
meta.imbalanced.CSMOTE -l (trees.HoeffdingTree -e 2000000 -g 100 -c 0.01),ArffFileStream -f ./../../../Dataset/benchmarks/electricity.arff,1,23500.0,2.109375,3.776868753549126E-9,23500.0,0.788,0.723885918003565,0.723885918003565,0.48663308795040683,0.6956062770645633,0.7854285974002364,0.723885918003565,0.34,0.66,23500.0,6840.0
meta.imbalanced.CSMOTE -l (trees.HoeffdingTree -e 2000000 -g 100 -c 0.01),ArffFileStream -f ./../../../Dataset/benchmarks/electricity.arff,1,24000.0,2.125,3.804517392483023E-9,24000.0,0.746,0.7322039919901815,0.7322039919901816,0.475275996562438,0.7179627962757692,0.7585639531747316,0.7322039919901815,0.452,0.548,24000.0,6840.0
meta.imbalanced.CSMOTE -l (trees.HoeffdingTree -e 2000000 -g 100 -c 0.01),ArffFileStream -f ./../../../Dataset/benchmarks/electricity.arff,1,24500.0,2.140625,3.829417336318228E-9,24500.0,0.806,0.7924493142516398,0.7924493142516398,0.5641468061396887,0.7916293968567613,0.7745098039215685,0.7924493142516398,0.312,0.688,24500.0,6160.0
meta.imbalanced.CSMOTE -l (trees.HoeffdingTree -e 2000000 -g 100 -c 0.01),ArffFileStream -f ./../../../Dataset/benchmarks/electricity.arff,1,25000.0,2.171875,3.881933581497934E-9,25000.0,0.72,0.6987787670899626,0.6987787670899626,0.4118931998050846,0.6744064896396951,0.7361970283864254,0.6987787670899626,0.442,0.558,25000.0,6496.0
meta.imbalanced.CSMOTE -l (trees.HoeffdingTree -e 2000000 -g 100 -c 0.01),ArffFileStream -f ./../../../Dataset/benchmarks/electricity.arff,1,25500.0,2.203125,3.9385890381203756E-9,25500.0,0.794,0.7929292929292929,0.792929292929293,0.5846774193548387,0.792856999856987,0.7918679549114331,0.7929292929292929,0.45,0.55,25500.0,7008.0
meta.imbalanced.CSMOTE -l (trees.HoeffdingTree -e 2000000 -g 100 -c 0.01),ArffFileStream -f ./../../../Dataset/benchmarks/electricity.arff,1,26000.0,2.25,4.02560949118601E-9,26000.0,0.87,0.863127127061927,0.8631271270619271,0.7329498767460969,0.8615552461404071,0.8716666666666666,0.863127127061927,0.434,0.566,26000.0,7176.0
meta.imbalanced.CSMOTE -l (trees.HoeffdingTree -e 2000000 -g 100 -c 0.01),ArffFileStream -f ./../../../Dataset/benchmarks/electricity.arff,1,26500.0,2.28125,4.078125736365716E-9,26500.0,0.842,0.8169499310978411,0.8169499310978411,0.6535695492018944,0.8104734718096083,0.8424632352941177,0.8169499310978411,0.378,0.622,26500.0,6496.0
meta.imbalanced.CSMOTE -l (trees.HoeffdingTree -e 2000000 -g 100 -c 0.01),ArffFileStream -f ./../../../Dataset/benchmarks/electricity.arff,1,27000.0,2.3125,4.134781192988157E-9,27000.0,0.836,0.8337631164955643,0.8337631164955643,0.6675262329911287,0.8335400901491518,0.8337631164955643,0.8337631164955643,0.442,0.558,27000.0,7008.0
meta.imbalanced.CSMOTE -l (trees.HoeffdingTree -e 2000000 -g 100 -c 0.01),ArffFileStream -f ./../../../Dataset/benchmarks/electricity.arff,1,27500.0,2.359375,4.213652573525906E-9,27500.0,0.806,0.8024350649350649,0.8024350649350649,0.605755161762315,0.8018849546658676,0.803365846509583,0.8024350649350649,0.44,0.56,27500.0,6504.0
meta.imbalanced.CSMOTE -l (trees.HoeffdingTree -e 2000000 -g 100 -c 0.01),ArffFileStream -f ./../../../Dataset/benchmarks/electricity.arff,1,28000.0,2.359375,4.213652573525906E-9,28000.0,0.77,0.7269100169779288,0.7269100169779287,0.48179524152847875,0.704388378748152,0.7738112310749625,0.7269100169779288,0.38,0.62,28000.0,6672.0
meta.imbalanced.CSMOTE -l (trees.HoeffdingTree -e 2000000 -g 100 -c 0.01),ArffFileStream -f ./../../../Dataset/benchmarks/electricity.arff,1,28500.0,2.390625,4.2634524611963166E-9,28500.0,0.876,0.8669703320112923,0.8669703320112921,0.7321906802356722,0.8663528193563196,0.8652496940235472,0.8669703320112923,0.362,0.638,28500.0,6160.0
meta.imbalanced.CSMOTE -l (trees.HoeffdingTree -e 2000000 -g 100 -c 0.01),ArffFileStream -f ./../../../Dataset/benchmarks/electricity.arff,1,29000.0,2.421875,4.317391560309463E-9,29000.0,0.78,0.7383333333333333,0.7383333333333334,0.5098039215686274,0.7083313725463057,0.8100876051695723,0.7383333333333333,0.4,0.6,29000.0,6672.0
meta.imbalanced.CSMOTE -l (trees.HoeffdingTree -e 2000000 -g 100 -c 0.01),ArffFileStream -f ./../../../Dataset/benchmarks/electricity.arff,1,29500.0,2.453125,4.372624162998464E-9,29500.0,0.814,0.7854268957992363,0.7854268957992362,0.5901928296964783,0.7769305714989104,0.8108948766039628,0.7854268957992363,0.376,0.624,29500.0,6832.0
meta.imbalanced.CSMOTE -l (trees.HoeffdingTree -e 2000000 -g 100 -c 0.01),ArffFileStream -f ./../../../Dataset/benchmarks/electricity.arff,1,30000.0,2.5,4.459644616064098E-9,30000.0,0.794,0.7876712328767124,0.7876712328767124,0.5757406003888358,0.7867698833299788,0.7880743928377109,0.7876712328767124,0.416,0.584,30000.0,7176.0
meta.imbalanced.CSMOTE -l (trees.HoeffdingTree -e 2000000 -g 100 -c 0.01),ArffFileStream -f ./../../../Dataset/benchmarks/electricity.arff,1,30500.0,2.546875,4.548702337261703E-9,30500.0,0.778,0.7428396072013093,0.7428396072013093,0.5065613997652832,0.7291846892013231,0.7723570240348764,0.7428396072013093,0.376,0.624,30500.0,7344.0
meta.imbalanced.CSMOTE -l (trees.HoeffdingTree -e 2000000 -g 100 -c 0.01),ArffFileStream -f ./../../../Dataset/benchmarks/electricity.arff,1,31000.0,2.609375,4.667445965525177E-9,31000.0,0.814,0.8055287280367339,0.8055287280367339,0.6080183430556024,0.8047285659528116,0.8026315789473684,0.8055287280367339,0.382,0.618,31000.0,7344.0
meta.imbalanced.CSMOTE -l (trees.HoeffdingTree -e 2000000 -g 100 -c 0.01),ArffFileStream -f ./../../../Dataset/benchmarks/electricity.arff,1,31500.0,2.671875,4.77532416375147E-9,31500.0,0.758,0.7550443354803438,0.7550443354803437,0.49672245699264633,0.7549532324239641,0.7444968553459119,0.7550443354803438,0.374,0.626,31500.0,6672.0
meta.imbalanced.CSMOTE -l (trees.HoeffdingTree -e 2000000 -g 100 -c 0.01),ArffFileStream -f ./../../../Dataset/benchmarks/electricity.arff,1,32000.0,2.703125,4.831979620373912E-9,32000.0,0.788,0.7906587750900669,0.7906587750900669,0.5769746504054658,0.7897959631494088,0.7894483951566404,0.7906587750900669,0.464,0.536,32000.0,7008.0
meta.imbalanced.CSMOTE -l (trees.HoeffdingTree -e 2000000 -g 100 -c 0.01),ArffFileStream -f ./../../../Dataset/benchmarks/electricity.arff,1,32500.0,2.71875,4.8596282593078084E-9,32500.0,0.74,0.7230519480519481,0.7230519480519481,0.4581527175725242,0.7091242083423347,0.7478176177764952,0.7230519480519481,0.44,0.56,32500.0,6840.0
meta.imbalanced.CSMOTE -l (trees.HoeffdingTree -e 2000000 -g 100 -c 0.01),ArffFileStream -f ./../../../Dataset/benchmarks/electricity.arff,1,33000.0,2.75,4.9121445044875145E-9,33000.0,0.834,0.8364110798875954,0.8364110798875954,0.6687948922585794,0.8354452030349969,0.8357371794871795,0.8364110798875954,0.47,0.53,33000.0,6496.0
meta.imbalanced.CSMOTE -l (trees.HoeffdingTree -e 2000000 -g 100 -c 0.01),ArffFileStream -f ./../../../Dataset/benchmarks/electricity.arff,1,33500.0,2.78125,4.9647254248460136E-9,33500.0,0.856,0.8658911182275668,0.8658911182275669,0.7133210167547939,0.8631624083451411,0.8586712793900955,0.8658911182275668,0.428,0.572,33500.0,6504.0
meta.imbalanced.CSMOTE -l (trees.HoeffdingTree -e 2000000 -g 100 -c 0.01),ArffFileStream -f ./../../../Dataset/benchmarks/electricity.arff,1,34000.0,2.796875,4.991015885025263E-9,34000.0,0.828,0.7934730443129099,0.7934730443129099,0.6056565360136461,0.7859142282794771,0.8156943727413526,0.7934730443129099,0.342,0.658,34000.0,6504.0
meta.imbalanced.CSMOTE -l (trees.HoeffdingTree -e 2000000 -g 100 -c 0.01),ArffFileStream -f ./../../../Dataset/benchmarks/electricity.arff,1,34500.0,2.8125,5.017306345204513E-9,34500.0,0.684,0.6828917050691243,0.6828917050691244,0.36658114175753687,0.6686917208336893,0.6984375,0.6828917050691243,0.496,0.504,34500.0,6504.0
meta.imbalanced.CSMOTE -l (trees.HoeffdingTree -e 2000000 -g 100 -c 0.01),ArffFileStream -f ./../../../Dataset/benchmarks/electricity.arff,1,35000.0,2.84375,5.073961801826954E-9,35000.0,0.696,0.6995280267274753,0.6995280267274753,0.37267849773008666,0.6994342367783146,0.6824242424242424,0.6995280267274753,0.346,0.654,35000.0,7008.0
meta.imbalanced.CSMOTE -l (trees.HoeffdingTree -e 2000000 -g 100 -c 0.01),ArffFileStream -f ./../../../Dataset/benchmarks/electricity.arff,1,35500.0,2.859375,5.1009313513835275E-9,35500.0,0.704,0.7775865695328783,0.7775865695328782,0.43969107291587795,0.7559524333787118,0.7369237046103632,0.7775865695328783,0.298,0.702,35500.0,6672.0
meta.imbalanced.CSMOTE -l (trees.HoeffdingTree -e 2000000 -g 100 -c 0.01),ArffFileStream -f ./../../../Dataset/benchmarks/electricity.arff,1,36000.0,2.90625,5.1879518044491615E-9,36000.0,0.7,0.7692521958737999,0.7692521958737999,0.4360817455901593,0.7463864406580316,0.7390644836853473,0.7692521958737999,0.314,0.686,36000.0,7176.0
meta.imbalanced.CSMOTE -l (trees.HoeffdingTree -e 2000000 -g 100 -c 0.01),ArffFileStream -f ./../../../Dataset/benchmarks/electricity.arff,1,36500.0,2.96875,5.298417009827164E-9,36500.0,0.754,0.6667557932263815,0.6667557932263815,0.37828548321876265,0.6084667033250534,0.7603601347026244,0.6667557932263815,0.34,0.66,36500.0,6832.0
meta.imbalanced.CSMOTE -l (trees.HoeffdingTree -e 2000000 -g 100 -c 0.01),ArffFileStream -f ./../../../Dataset/benchmarks/electricity.arff,1,37000.0,3.03125,5.411727923072048E-9,37000.0,0.812,0.761842082474584,0.7618420824745838,0.5626849284478106,0.7398493019233392,0.8260335123245132,0.761842082474584,0.362,0.638,37000.0,7008.0
meta.imbalanced.CSMOTE -l (trees.HoeffdingTree -e 2000000 -g 100 -c 0.01),ArffFileStream -f ./../../../Dataset/benchmarks/electricity.arff,1,37500.0,3.078125,5.4946738398737385E-9,37500.0,0.816,0.8183392251641296,0.8183392251641296,0.6054888507718696,0.8183096102829963,0.7941666666666667,0.8183392251641296,0.332,0.668,37500.0,6840.0
meta.imbalanced.CSMOTE -l (trees.HoeffdingTree -e 2000000 -g 100 -c 0.01),ArffFileStream -f ./../../../Dataset/benchmarks/electricity.arff,1,38000.0,3.140625,5.607984753118622E-9,38000.0,0.826,0.7975552845097311,0.7975552845097311,0.6075140753572975,0.7921902298966069,0.8115145458583166,0.7975552845097311,0.346,0.654,38000.0,7008.0
meta.imbalanced.CSMOTE -l (trees.HoeffdingTree -e 2000000 -g 100 -c 0.01),ArffFileStream -f ./../../../Dataset/benchmarks/electricity.arff,1,38500.0,3.1875,5.695005206184256E-9,38500.0,0.772,0.7644532006976293,0.7644532006976293,0.5347090707242212,0.7604004024480456,0.7738644725399693,0.7644532006976293,0.452,0.548,38500.0,7176.0
meta.imbalanced.CSMOTE -l (trees.HoeffdingTree -e 2000000 -g 100 -c 0.01),ArffFileStream -f ./../../../Dataset/benchmarks/electricity.arff,1,39000.0,3.25,5.81374883444773E-9,39000.0,0.866,0.8646453968864116,0.8646453968864117,0.7310705799242181,0.8636085452290627,0.8685710122873194,0.8646453968864116,0.484,0.516,39000.0,7344.0
meta.imbalanced.CSMOTE -l (trees.HoeffdingTree -e 2000000 -g 100 -c 0.01),ArffFileStream -f ./../../../Dataset/benchmarks/electricity.arff,1,39500.0,3.3125,5.935208820220499E-9,39500.0,0.826,0.82266897247442,0.82266897247442,0.6494875265906014,0.8140218075079004,0.8450277378261764,0.82266897247442,0.514,0.486,39500.0,7512.0
meta.imbalanced.CSMOTE -l (trees.HoeffdingTree -e 2000000 -g 100 -c 0.01),ArffFileStream -f ./../../../Dataset/benchmarks/electricity.arff,1,40000.0,3.375,6.043087018446792E-9,40000.0,0.936,0.9281982385430662,0.9281982385430662,0.8658460919289656,0.9272700929864323,0.9392129842290613,0.9281982385430662,0.594,0.406,40000.0,6672.0
meta.imbalanced.CSMOTE -l (trees.HoeffdingTree -e 2000000 -g 100 -c 0.01),ArffFileStream -f ./../../../Dataset/benchmarks/electricity.arff,1,40500.0,3.40625,6.0983842963145864E-9,40500.0,0.864,0.8646179002548935,0.8646179002548935,0.7279521195730448,0.8645038474887761,0.8639178226851629,0.8646179002548935,0.478,0.522,40500.0,6840.0
meta.imbalanced.CSMOTE -l (trees.HoeffdingTree -e 2000000 -g 100 -c 0.01),ArffFileStream -f ./../../../Dataset/benchmarks/electricity.arff,1,41000.0,3.4375,6.155039752937028E-9,41000.0,0.91,0.907731822971549,0.907731822971549,0.814900128335911,0.9076314141671938,0.9071753892698006,0.907731822971549,0.584,0.416,41000.0,7008.0
meta.imbalanced.CSMOTE -l (trees.HoeffdingTree -e 2000000 -g 100 -c 0.01),ArffFileStream -f ./../../../Dataset/benchmarks/electricity.arff,1,41500.0,3.484375,6.244097474134633E-9,41500.0,0.868,0.869921066252588,0.869921066252588,0.7348971722365039,0.8697249303379464,0.8665064102564103,0.869921066252588,0.552,0.448,41500.0,7344.0
meta.imbalanced.CSMOTE -l (trees.HoeffdingTree -e 2000000 -g 100 -c 0.01),ArffFileStream -f ./../../../Dataset/benchmarks/electricity.arff,1,42000.0,3.53125,6.333155195332238E-9,42000.0,0.92,0.9143317230273752,0.9143317230273752,0.8372925479986983,0.9115822983332117,0.9302963408923673,0.9143317230273752,0.46,0.54,42000.0,7344.0
meta.imbalanced.CSMOTE -l (trees.HoeffdingTree -e 2000000 -g 100 -c 0.01),ArffFileStream -f ./../../../Dataset/benchmarks/electricity.arff,1,42500.0,3.59375,6.451898823595712E-9,42500.0,0.876,0.8694949494949495,0.8694949494949495,0.7468354430379747,0.8670581866229619,0.881684168350056,0.8694949494949495,0.45,0.55,42500.0,7344.0
meta.imbalanced.CSMOTE -l (trees.HoeffdingTree -e 2000000 -g 100 -c 0.01),ArffFileStream -f ./../../../Dataset/benchmarks/electricity.arff,1,43000.0,3.609375,6.478868373152286E-9,43000.0,0.798,0.8001602564102563,0.8001602564102563,0.5973528942752352,0.7983356083689012,0.8018095683140237,0.8001602564102563,0.48,0.52,43000.0,6672.0
meta.imbalanced.CSMOTE -l (trees.HoeffdingTree -e 2000000 -g 100 -c 0.01),ArffFileStream -f ./../../../Dataset/benchmarks/electricity.arff,1,43500.0,3.640625,6.53274279708664E-9,43500.0,0.854,0.8347966918232789,0.8347966918232789,0.6905415946010106,0.8265438075575128,0.8695194541231126,0.8347966918232789,0.418,0.582,43500.0,6664.0
meta.imbalanced.CSMOTE -l (trees.HoeffdingTree -e 2000000 -g 100 -c 0.01),ArffFileStream -f ./../../../Dataset/benchmarks/electricity.arff,1,44000.0,3.671875,6.587975399775641E-9,44000.0,0.824,0.7436523798948849,0.743652379894885,0.5448150293801208,0.7108785313452879,0.8394698844884488,0.7436523798948849,0.316,0.684,44000.0,6832.0
meta.imbalanced.CSMOTE -l (trees.HoeffdingTree -e 2000000 -g 100 -c 0.01),ArffFileStream -f ./../../../Dataset/benchmarks/electricity.arff,1,44500.0,3.71875,6.660637963149286E-9,44500.0,0.736,0.711223776791953,0.711223776791953,0.4406495245520959,0.6825803419639856,0.7613762039773984,0.711223776791953,0.438,0.562,44500.0,5992.0
meta.imbalanced.CSMOTE -l (trees.HoeffdingTree -e 2000000 -g 100 -c 0.01),ArffFileStream -f ./../../../Dataset/benchmarks/electricity.arff,1,45000.0,3.734375,6.686928423328536E-9,45000.0,0.792,0.7932203389830509,0.7932203389830509,0.5769950378264053,0.7931913655435752,0.7861419050846363,0.7932203389830509,0.41,0.59,45000.0,6504.0
meta.imbalanced.CSMOTE -l (trees.HoeffdingTree -e 2000000 -g 100 -c 0.01),ArffFileStream -f ./../../../Dataset/benchmarks/electricity.arff,1,45312.0,3.734375,6.686928423328536E-9,45312.0,0.842,0.8438492449283816,0.8438492449283815,0.6824350398765114,0.8436876976899638,0.8401946167780824,0.8438492449283816,0.444,0.556,45312.0,6328.0
