Learner,stream,randomSeed,learning evaluation instances,evaluation time (cpu seconds),model cost (RAM-Hours),classified instances,Accuracy,AvgAccuracy,AUC,Kappa,G-Mean,Precision,Recall,Ratio-Class-0,Ratio-Class-1,Ratio-Class-2,Ratio-Class-3,Ratio-Class-4,Ratio-Class-5,Ratio-Class-6,Ratio-Class-7,Ratio-Class-8,Ratio-Class-9,model training instances,model serialized size (bytes)
meta.imbalanced.OnlineAdaC2 -l (trees.HoeffdingTree -e 2000000 -g 100 -c 0.01),ArffFileStream -f ./../../../Dataset/benchmarks/penbased.arff,1,500.0,0.453125,4.0700090014272264E-10,500.0,0.11,0.1,0.9,0.0,0.0,0.11,0.1,0.11,0.092,0.1,0.096,0.104,0.116,0.098,0.104,0.094,0.086,500.0,3472.0
meta.imbalanced.OnlineAdaC2 -l (trees.HoeffdingTree -e 2000000 -g 100 -c 0.01),ArffFileStream -f ./../../../Dataset/benchmarks/penbased.arff,1,1000.0,0.703125,6.315531209111213E-10,1000.0,0.084,0.1,0.9,0.0,0.0,0.084,0.1,0.084,0.102,0.124,0.114,0.106,0.106,0.1,0.07,0.104,0.09,1000.0,3472.0
meta.imbalanced.OnlineAdaC2 -l (trees.HoeffdingTree -e 2000000 -g 100 -c 0.01),ArffFileStream -f ./../../../Dataset/benchmarks/penbased.arff,1,1500.0,1.0,8.982088830735948E-10,1500.0,0.108,0.1,0.9,0.0,0.0,0.108,0.1,0.108,0.11,0.1,0.078,0.096,0.076,0.112,0.118,0.114,0.088,1500.0,3472.0
meta.imbalanced.OnlineAdaC2 -l (trees.HoeffdingTree -e 2000000 -g 100 -c 0.01),ArffFileStream -f ./../../../Dataset/benchmarks/penbased.arff,1,2000.0,1.28125,1.1508301314380434E-9,2000.0,0.11,0.1,0.9,0.0,0.0,0.11,0.1,0.11,0.104,0.108,0.112,0.106,0.108,0.066,0.072,0.114,0.1,2000.0,3472.0
meta.imbalanced.OnlineAdaC2 -l (trees.HoeffdingTree -e 2000000 -g 100 -c 0.01),ArffFileStream -f ./../../../Dataset/benchmarks/penbased.arff,1,2500.0,1.75,1.571865545378791E-9,2500.0,0.094,0.1,0.9,0.0,0.0,0.094,0.1,0.094,0.096,0.114,0.102,0.108,0.098,0.086,0.13,0.084,0.088,2500.0,3472.0
meta.imbalanced.OnlineAdaC2 -l (trees.HoeffdingTree -e 2000000 -g 100 -c 0.01),ArffFileStream -f ./../../../Dataset/benchmarks/penbased.arff,1,3000.0,2.046875,1.8385213075412646E-9,3000.0,0.106,0.1,0.9,0.0,0.0,0.106,0.1,0.106,0.106,0.088,0.096,0.118,0.102,0.106,0.092,0.09,0.096,3000.0,3472.0
meta.imbalanced.OnlineAdaC2 -l (trees.HoeffdingTree -e 2000000 -g 100 -c 0.01),ArffFileStream -f ./../../../Dataset/benchmarks/penbased.arff,1,3500.0,2.328125,2.0911425559057133E-9,3500.0,0.106,0.1,0.9,0.0,0.0,0.106,0.1,0.106,0.112,0.102,0.11,0.112,0.076,0.1,0.104,0.082,0.096,3500.0,3472.0
meta.imbalanced.OnlineAdaC2 -l (trees.HoeffdingTree -e 2000000 -g 100 -c 0.01),ArffFileStream -f ./../../../Dataset/benchmarks/penbased.arff,1,4000.0,2.609375,2.343763804270162E-9,4000.0,0.104,0.1,0.9,0.0,0.0,0.104,0.1,0.104,0.102,0.126,0.088,0.092,0.068,0.088,0.124,0.092,0.116,4000.0,3472.0
meta.imbalanced.OnlineAdaC2 -l (trees.HoeffdingTree -e 2000000 -g 100 -c 0.01),ArffFileStream -f ./../../../Dataset/benchmarks/penbased.arff,1,4500.0,2.890625,2.596385052634611E-9,4500.0,0.084,0.1,0.9,0.0,0.0,0.084,0.1,0.084,0.114,0.116,0.086,0.1,0.116,0.092,0.104,0.086,0.102,4500.0,3472.0
meta.imbalanced.OnlineAdaC2 -l (trees.HoeffdingTree -e 2000000 -g 100 -c 0.01),ArffFileStream -f ./../../../Dataset/benchmarks/penbased.arff,1,5000.0,3.328125,2.9893514389793088E-9,5000.0,0.132,0.1,0.9,0.0,0.0,0.132,0.1,0.132,0.086,0.094,0.094,0.116,0.084,0.118,0.098,0.086,0.092,5000.0,3472.0
meta.imbalanced.OnlineAdaC2 -l (trees.HoeffdingTree -e 2000000 -g 100 -c 0.01),ArffFileStream -f ./../../../Dataset/benchmarks/penbased.arff,1,5500.0,3.65625,3.284076228737832E-9,5500.0,0.108,0.1,0.9,0.0,0.0,0.108,0.1,0.108,0.114,0.082,0.08,0.106,0.118,0.096,0.106,0.098,0.092,5500.0,3472.0
meta.imbalanced.OnlineAdaC2 -l (trees.HoeffdingTree -e 2000000 -g 100 -c 0.01),ArffFileStream -f ./../../../Dataset/benchmarks/penbased.arff,1,6000.0,3.96875,3.5647665046983305E-9,6000.0,0.102,0.1,0.9,0.0,0.0,0.102,0.1,0.102,0.114,0.094,0.104,0.13,0.088,0.078,0.094,0.096,0.1,6000.0,3472.0
meta.imbalanced.OnlineAdaC2 -l (trees.HoeffdingTree -e 2000000 -g 100 -c 0.01),ArffFileStream -f ./../../../Dataset/benchmarks/penbased.arff,1,6500.0,4.234375,3.803353239264754E-9,6500.0,0.092,0.1,0.9,0.0,0.0,0.092,0.1,0.092,0.086,0.13,0.08,0.088,0.102,0.106,0.114,0.098,0.104,6500.0,3472.0
meta.imbalanced.OnlineAdaC2 -l (trees.HoeffdingTree -e 2000000 -g 100 -c 0.01),ArffFileStream -f ./../../../Dataset/benchmarks/penbased.arff,1,7000.0,4.5,4.041939973831178E-9,7000.0,0.124,0.1,0.9,0.0,0.0,0.124,0.1,0.124,0.114,0.092,0.102,0.102,0.076,0.096,0.12,0.094,0.08,7000.0,3472.0
meta.imbalanced.OnlineAdaC2 -l (trees.HoeffdingTree -e 2000000 -g 100 -c 0.01),ArffFileStream -f ./../../../Dataset/benchmarks/penbased.arff,1,7500.0,4.75,4.266492194599577E-9,7500.0,0.102,0.1,0.9,0.0,0.0,0.102,0.1,0.102,0.086,0.082,0.078,0.106,0.108,0.108,0.138,0.098,0.094,7500.0,3472.0
meta.imbalanced.OnlineAdaC2 -l (trees.HoeffdingTree -e 2000000 -g 100 -c 0.01),ArffFileStream -f ./../../../Dataset/benchmarks/penbased.arff,1,8000.0,5.25,4.715596636136375E-9,8000.0,0.096,0.1,0.9,0.0,0.0,0.096,0.1,0.096,0.12,0.128,0.106,0.092,0.092,0.084,0.096,0.11,0.076,8000.0,3472.0
meta.imbalanced.OnlineAdaC2 -l (trees.HoeffdingTree -e 2000000 -g 100 -c 0.01),ArffFileStream -f ./../../../Dataset/benchmarks/penbased.arff,1,8500.0,5.53125,4.968217884500823E-9,8500.0,0.102,0.1,0.9,0.0,0.0,0.102,0.1,0.102,0.112,0.1,0.096,0.114,0.096,0.104,0.096,0.09,0.09,8500.0,3472.0
meta.imbalanced.OnlineAdaC2 -l (trees.HoeffdingTree -e 2000000 -g 100 -c 0.01),ArffFileStream -f ./../../../Dataset/benchmarks/penbased.arff,1,9000.0,5.765625,5.178735591471197E-9,9000.0,0.12,0.1,0.9,0.0,0.0,0.12,0.1,0.12,0.09,0.1,0.092,0.102,0.108,0.102,0.092,0.084,0.11,9000.0,3472.0
meta.imbalanced.OnlineAdaC2 -l (trees.HoeffdingTree -e 2000000 -g 100 -c 0.01),ArffFileStream -f ./../../../Dataset/benchmarks/penbased.arff,1,9500.0,6.109375,5.487494895027745E-9,9500.0,0.098,0.1,0.9,0.0,0.0,0.098,0.1,0.098,0.102,0.088,0.102,0.092,0.098,0.1,0.102,0.096,0.122,9500.0,3472.0
meta.imbalanced.OnlineAdaC2 -l (trees.HoeffdingTree -e 2000000 -g 100 -c 0.01),ArffFileStream -f ./../../../Dataset/benchmarks/penbased.arff,1,10000.0,6.375,5.726081629594169E-9,10000.0,0.112,0.1,0.9,0.0,0.0,0.112,0.1,0.112,0.124,0.114,0.094,0.084,0.088,0.08,0.1,0.118,0.086,10000.0,3472.0
meta.imbalanced.OnlineAdaC2 -l (trees.HoeffdingTree -e 2000000 -g 100 -c 0.01),ArffFileStream -f ./../../../Dataset/benchmarks/penbased.arff,1,10500.0,6.796875,6.105013502140842E-9,10500.0,0.108,0.1,0.9,0.0,0.0,0.108,0.1,0.108,0.116,0.092,0.084,0.078,0.098,0.098,0.102,0.104,0.12,10500.0,3472.0
meta.imbalanced.OnlineAdaC2 -l (trees.HoeffdingTree -e 2000000 -g 100 -c 0.01),ArffFileStream -f ./../../../Dataset/benchmarks/penbased.arff,1,10992.0,7.046875,6.329565722909241E-9,10992.0,0.086,0.1,0.9,0.0,0.0,0.086,0.1,0.086,0.084,0.118,0.12,0.136,0.088,0.096,0.11,0.078,0.084,10992.0,3472.0
