Learner,stream,randomSeed,learning evaluation instances,evaluation time (cpu seconds),model cost (RAM-Hours),classified instances,Accuracy,AvgAccuracy,AUC,Kappa,G-Mean,Precision,Recall,Ratio-Class-0,Ratio-Class-1,model training instances,model serialized size (bytes)
meta.imbalanced.OnlineUnderOverBagging -l (trees.HoeffdingTree -e 2000000 -g 100 -c 0.01),ArffFileStream -f ./../../../Dataset/benchmarks/electricity.arff,1,500.0,0.3125,2.392981615331438E-10,500.0,0.862,0.8632188723633962,0.8632188723633962,0.7232561124302124,0.8630969066816322,0.8610256903068743,0.8632188723633962,0.458,0.542,500.0,2960.0
meta.imbalanced.OnlineUnderOverBagging -l (trees.HoeffdingTree -e 2000000 -g 100 -c 0.01),ArffFileStream -f ./../../../Dataset/benchmarks/electricity.arff,1,1000.0,0.5,3.828770584530301E-10,1000.0,0.924,0.925652348454436,0.925652348454436,0.8480364712469007,0.9252425984126014,0.9241267860285765,0.925652348454436,0.53,0.47,1000.0,2960.0
meta.imbalanced.OnlineUnderOverBagging -l (trees.HoeffdingTree -e 2000000 -g 100 -c 0.01),ArffFileStream -f ./../../../Dataset/benchmarks/electricity.arff,1,1500.0,0.625,4.785963230662876E-10,1500.0,0.924,0.8465366045915854,0.8465366045915854,0.7475821022425337,0.8363626091779444,0.9104329560042013,0.8465366045915854,0.204,0.796,1500.0,2960.0
meta.imbalanced.OnlineUnderOverBagging -l (trees.HoeffdingTree -e 2000000 -g 100 -c 0.01),ArffFileStream -f ./../../../Dataset/benchmarks/electricity.arff,1,2000.0,0.796875,6.102103119095167E-10,2000.0,0.932,0.928672126745435,0.928672126745435,0.8573442534908701,0.928544317128795,0.928672126745435,0.928672126745435,0.392,0.608,2000.0,2960.0
meta.imbalanced.OnlineUnderOverBagging -l (trees.HoeffdingTree -e 2000000 -g 100 -c 0.01),ArffFileStream -f ./../../../Dataset/benchmarks/electricity.arff,1,2500.0,0.921875,7.059295765227742E-10,2500.0,0.854,0.837012987012987,0.837012987012987,0.6946628743516814,0.8249557249040387,0.882891606263487,0.837012987012987,0.44,0.56,2500.0,2960.0
meta.imbalanced.OnlineUnderOverBagging -l (trees.HoeffdingTree -e 2000000 -g 100 -c 0.01),ArffFileStream -f ./../../../Dataset/benchmarks/electricity.arff,1,3000.0,1.03125,7.896839330593745E-10,3000.0,0.946,0.9413155085650384,0.9413155085650384,0.8852860201896604,0.9411062014606496,0.9440466448445172,0.9413155085650384,0.382,0.618,3000.0,2960.0
meta.imbalanced.OnlineUnderOverBagging -l (trees.HoeffdingTree -e 2000000 -g 100 -c 0.01),ArffFileStream -f ./../../../Dataset/benchmarks/electricity.arff,1,3500.0,1.125,8.614733815193177E-10,3500.0,0.926,0.9261163431353706,0.9261163431353705,0.8519052193403779,0.9261092065954435,0.9258503401360545,0.9261163431353706,0.516,0.484,3500.0,2960.0
meta.imbalanced.OnlineUnderOverBagging -l (trees.HoeffdingTree -e 2000000 -g 100 -c 0.01),ArffFileStream -f ./../../../Dataset/benchmarks/electricity.arff,1,4000.0,1.203125,9.212979219026037E-10,4000.0,0.916,0.849296265186126,0.849296265186126,0.7645687123029664,0.8372511756028349,0.9361489857000332,0.849296265186126,0.266,0.734,4000.0,2960.0
meta.imbalanced.OnlineUnderOverBagging -l (trees.HoeffdingTree -e 2000000 -g 100 -c 0.01),ArffFileStream -f ./../../../Dataset/benchmarks/electricity.arff,1,4500.0,1.28125,9.811224622858897E-10,4500.0,0.908,0.8758066778900113,0.8758066778900112,0.7884473877851361,0.8690272339422588,0.9251984126984127,0.8758066778900113,0.352,0.648,4500.0,2960.0
meta.imbalanced.OnlineUnderOverBagging -l (trees.HoeffdingTree -e 2000000 -g 100 -c 0.01),ArffFileStream -f ./../../../Dataset/benchmarks/electricity.arff,1,5000.0,1.375,1.0529119107458328E-9,5000.0,0.922,0.9080361504640938,0.9080361504640938,0.827506899724011,0.9067407558069334,0.9205462947977918,0.9080361504640938,0.356,0.644,5000.0,2960.0
meta.imbalanced.OnlineUnderOverBagging -l (trees.HoeffdingTree -e 2000000 -g 100 -c 0.01),ArffFileStream -f ./../../../Dataset/benchmarks/electricity.arff,1,5500.0,1.453125,1.1127364511291188E-9,5500.0,0.844,0.8246382802811079,0.8246382802811079,0.6681698289798349,0.8175928329630884,0.8530326733919549,0.8246382802811079,0.41,0.59,5500.0,2960.0
meta.imbalanced.OnlineUnderOverBagging -l (trees.HoeffdingTree -e 2000000 -g 100 -c 0.01),ArffFileStream -f ./../../../Dataset/benchmarks/electricity.arff,1,6000.0,1.515625,1.1605960834357476E-9,6000.0,0.896,0.8882236508481784,0.8882236508481786,0.7849995865376664,0.8866682004108783,0.8990332072299285,0.8882236508481784,0.426,0.574,6000.0,2960.0
meta.imbalanced.OnlineUnderOverBagging -l (trees.HoeffdingTree -e 2000000 -g 100 -c 0.01),ArffFileStream -f ./../../../Dataset/benchmarks/electricity.arff,1,6500.0,1.5625,1.1964908076657192E-9,6500.0,0.892,0.8786867546743877,0.8786867546743877,0.7742437164501078,0.8740701493025328,0.9049168284619824,0.8786867546743877,0.426,0.574,6500.0,2960.0
meta.imbalanced.OnlineUnderOverBagging -l (trees.HoeffdingTree -e 2000000 -g 100 -c 0.01),ArffFileStream -f ./../../../Dataset/benchmarks/electricity.arff,1,7000.0,1.625,1.244350439972348E-9,7000.0,0.86,0.8351883561643836,0.8351883561643836,0.699395355228803,0.822026605242207,0.8907785626535627,0.8351883561643836,0.416,0.584,7000.0,2960.0
meta.imbalanced.OnlineUnderOverBagging -l (trees.HoeffdingTree -e 2000000 -g 100 -c 0.01),ArffFileStream -f ./../../../Dataset/benchmarks/electricity.arff,1,7500.0,1.6875,1.2922100722789768E-9,7500.0,0.814,0.8140000000000001,0.8140000000000001,0.628,0.7977167417072303,0.8508285811330198,0.8140000000000001,0.5,0.5,7500.0,2960.0
meta.imbalanced.OnlineUnderOverBagging -l (trees.HoeffdingTree -e 2000000 -g 100 -c 0.01),ArffFileStream -f ./../../../Dataset/benchmarks/electricity.arff,1,8000.0,1.765625,1.3520346126622628E-9,8000.0,0.92,0.9147474747474748,0.9147474747474748,0.8369343660823482,0.9132382166795476,0.9256439601267188,0.9147474747474748,0.55,0.45,8000.0,2960.0
meta.imbalanced.OnlineUnderOverBagging -l (trees.HoeffdingTree -e 2000000 -g 100 -c 0.01),ArffFileStream -f ./../../../Dataset/benchmarks/electricity.arff,1,8500.0,1.8125,1.3879293368922344E-9,8500.0,0.91,0.9073866187696453,0.9073866187696453,0.8187121309784711,0.9057517152813289,0.9155502118401466,0.9073866187696453,0.524,0.476,8500.0,2960.0
meta.imbalanced.OnlineUnderOverBagging -l (trees.HoeffdingTree -e 2000000 -g 100 -c 0.01),ArffFileStream -f ./../../../Dataset/benchmarks/electricity.arff,1,9000.0,1.875,1.4357889691988632E-9,9000.0,0.942,0.9414804827940422,0.9414804827940421,0.8835565834698532,0.9414347747073339,0.942140457475366,0.9414804827940422,0.528,0.472,9000.0,2960.0
meta.imbalanced.OnlineUnderOverBagging -l (trees.HoeffdingTree -e 2000000 -g 100 -c 0.01),ArffFileStream -f ./../../../Dataset/benchmarks/electricity.arff,1,9500.0,1.953125,1.4956135095821492E-9,9500.0,0.866,0.8680519814719506,0.8680519814719506,0.7320771617774081,0.8675840058492046,0.8661498583977344,0.8680519814719506,0.464,0.536,9500.0,2960.0
meta.imbalanced.OnlineUnderOverBagging -l (trees.HoeffdingTree -e 2000000 -g 100 -c 0.01),ArffFileStream -f ./../../../Dataset/benchmarks/electricity.arff,1,10000.0,2.015625,1.543473141888778E-9,10000.0,0.92,0.9231201167958158,0.923120116795816,0.8406298309082506,0.921167997978257,0.9244274932007275,0.9231201167958158,0.526,0.474,10000.0,2960.0
meta.imbalanced.OnlineUnderOverBagging -l (trees.HoeffdingTree -e 2000000 -g 100 -c 0.01),ArffFileStream -f ./../../../Dataset/benchmarks/electricity.arff,1,10500.0,2.078125,1.5913327741954068E-9,10500.0,0.946,0.9478844169246646,0.9478844169246646,0.8916567686430612,0.9476425042121495,0.9449927105528766,0.9478844169246646,0.544,0.456,10500.0,2960.0
meta.imbalanced.OnlineUnderOverBagging -l (trees.HoeffdingTree -e 2000000 -g 100 -c 0.01),ArffFileStream -f ./../../../Dataset/benchmarks/electricity.arff,1,11000.0,2.125,1.6272274984253784E-9,11000.0,0.898,0.8840576135747052,0.8840576135747054,0.7855917667238422,0.879960448073732,0.9096170033670034,0.8840576135747052,0.418,0.582,11000.0,2960.0
meta.imbalanced.OnlineUnderOverBagging -l (trees.HoeffdingTree -e 2000000 -g 100 -c 0.01),ArffFileStream -f ./../../../Dataset/benchmarks/electricity.arff,1,11500.0,2.1875,1.6750871307320072E-9,11500.0,0.858,0.8151952461799661,0.8151952461799661,0.676567055393586,0.7954454390588487,0.9003579823596645,0.8151952461799661,0.38,0.62,11500.0,2960.0
meta.imbalanced.OnlineUnderOverBagging -l (trees.HoeffdingTree -e 2000000 -g 100 -c 0.01),ArffFileStream -f ./../../../Dataset/benchmarks/electricity.arff,1,12000.0,2.25,1.722946763038636E-9,12000.0,0.894,0.8936461654303978,0.8936461654303978,0.7876330298756251,0.8935921132691953,0.8940438770928218,0.8936461654303978,0.518,0.482,12000.0,2960.0
meta.imbalanced.OnlineUnderOverBagging -l (trees.HoeffdingTree -e 2000000 -g 100 -c 0.01),ArffFileStream -f ./../../../Dataset/benchmarks/electricity.arff,1,12500.0,2.328125,1.782771303421922E-9,12500.0,0.89,0.8894387853161637,0.8894387853161637,0.7795767874318692,0.8892658617215501,0.8904456041750302,0.8894387853161637,0.484,0.516,12500.0,2960.0
meta.imbalanced.OnlineUnderOverBagging -l (trees.HoeffdingTree -e 2000000 -g 100 -c 0.01),ArffFileStream -f ./../../../Dataset/benchmarks/electricity.arff,1,13000.0,2.390625,1.8306309357285507E-9,13000.0,0.898,0.8982392957182873,0.8982392957182873,0.7960326347784354,0.8981596051206646,0.89810547875064,0.8982392957182873,0.51,0.49,13000.0,2960.0
meta.imbalanced.OnlineUnderOverBagging -l (trees.HoeffdingTree -e 2000000 -g 100 -c 0.01),ArffFileStream -f ./../../../Dataset/benchmarks/electricity.arff,1,13500.0,2.453125,1.8784905680351793E-9,13500.0,0.91,0.9082562917308681,0.9082562917308681,0.8189047358423747,0.9077223905835518,0.9117789901410047,0.9082562917308681,0.472,0.528,13500.0,2960.0
meta.imbalanced.OnlineUnderOverBagging -l (trees.HoeffdingTree -e 2000000 -g 100 -c 0.01),ArffFileStream -f ./../../../Dataset/benchmarks/electricity.arff,1,14000.0,2.515625,1.926350200341808E-9,14000.0,0.916,0.92002442002442,0.9200244200244201,0.8327705931069631,0.9178729991076339,0.9204837879567679,0.92002442002442,0.532,0.468,14000.0,2960.0
meta.imbalanced.OnlineUnderOverBagging -l (trees.HoeffdingTree -e 2000000 -g 100 -c 0.01),ArffFileStream -f ./../../../Dataset/benchmarks/electricity.arff,1,14500.0,2.578125,1.974209832648437E-9,14500.0,0.864,0.8487788231852971,0.8487788231852972,0.7163215245215011,0.839855688866362,0.8859578141015266,0.8487788231852971,0.438,0.562,14500.0,2960.0
meta.imbalanced.OnlineUnderOverBagging -l (trees.HoeffdingTree -e 2000000 -g 100 -c 0.01),ArffFileStream -f ./../../../Dataset/benchmarks/electricity.arff,1,15000.0,2.625,2.0101045568784085E-9,15000.0,0.812,0.7729468599033816,0.7729468599033816,0.584871663516402,0.7388462084945441,0.8785529715762275,0.7729468599033816,0.414,0.586,15000.0,2960.0
meta.imbalanced.OnlineUnderOverBagging -l (trees.HoeffdingTree -e 2000000 -g 100 -c 0.01),ArffFileStream -f ./../../../Dataset/benchmarks/electricity.arff,1,15500.0,2.6875,2.0579641891850373E-9,15500.0,0.82,0.7777500457578329,0.7777500457578329,0.5973874921714235,0.7472807991791599,0.8770186335403727,0.7777500457578329,0.402,0.598,15500.0,2960.0
meta.imbalanced.OnlineUnderOverBagging -l (trees.HoeffdingTree -e 2000000 -g 100 -c 0.01),ArffFileStream -f ./../../../Dataset/benchmarks/electricity.arff,1,16000.0,2.765625,2.1177887295683233E-9,16000.0,0.76,0.7282467532467533,0.7282467532467533,0.48382656572608396,0.6784723099174168,0.8413947163947164,0.7282467532467533,0.44,0.56,16000.0,2960.0
meta.imbalanced.OnlineUnderOverBagging -l (trees.HoeffdingTree -e 2000000 -g 100 -c 0.01),ArffFileStream -f ./../../../Dataset/benchmarks/electricity.arff,1,16500.0,2.84375,2.1776132699516093E-9,16500.0,0.876,0.8592929762774935,0.8592929762774936,0.7361971543331745,0.8548758264118214,0.883366420873511,0.8592929762774935,0.404,0.596,16500.0,2960.0
meta.imbalanced.OnlineUnderOverBagging -l (trees.HoeffdingTree -e 2000000 -g 100 -c 0.01),ArffFileStream -f ./../../../Dataset/benchmarks/electricity.arff,1,17000.0,2.90625,2.225472902258238E-9,17000.0,0.868,0.7945443778221926,0.7945443778221927,0.6586112720350906,0.7690627717037394,0.9103754125412541,0.7945443778221926,0.316,0.684,17000.0,2960.0
meta.imbalanced.OnlineUnderOverBagging -l (trees.HoeffdingTree -e 2000000 -g 100 -c 0.01),ArffFileStream -f ./../../../Dataset/benchmarks/electricity.arff,1,17500.0,2.984375,2.285297442641524E-9,17500.0,0.876,0.8425945124058332,0.8425945124058332,0.7189788962216259,0.8335959224128282,0.8900385553544732,0.8425945124058332,0.364,0.636,17500.0,2960.0
meta.imbalanced.OnlineUnderOverBagging -l (trees.HoeffdingTree -e 2000000 -g 100 -c 0.01),ArffFileStream -f ./../../../Dataset/benchmarks/electricity.arff,1,18000.0,3.046875,2.333157074948153E-9,18000.0,0.928,0.9287828100874935,0.9287828100874936,0.8555840821566111,0.9287191717906262,0.9272435897435898,0.9287828100874935,0.464,0.536,18000.0,2960.0
meta.imbalanced.OnlineUnderOverBagging -l (trees.HoeffdingTree -e 2000000 -g 100 -c 0.01),ArffFileStream -f ./../../../Dataset/benchmarks/electricity.arff,1,18500.0,3.109375,2.3810167072547817E-9,18500.0,0.824,0.7484662576687117,0.7484662576687117,0.5616482027576313,0.7060214286186445,0.8887356575463372,0.7484662576687117,0.348,0.652,18500.0,2960.0
meta.imbalanced.OnlineUnderOverBagging -l (trees.HoeffdingTree -e 2000000 -g 100 -c 0.01),ArffFileStream -f ./../../../Dataset/benchmarks/electricity.arff,1,19000.0,3.15625,2.4169114314847533E-9,19000.0,0.948,0.9329569268605276,0.9329569268605276,0.8849496433438944,0.9313634916344927,0.955089111794797,0.9329569268605276,0.362,0.638,19000.0,2960.0
meta.imbalanced.OnlineUnderOverBagging -l (trees.HoeffdingTree -e 2000000 -g 100 -c 0.01),ArffFileStream -f ./../../../Dataset/benchmarks/electricity.arff,1,19500.0,3.21875,2.464771063791382E-9,19500.0,0.748,0.7564102564102564,0.7564102564102563,0.5039370078740157,0.7266007968263715,0.8047619047619048,0.7564102564102564,0.52,0.48,19500.0,2960.0
meta.imbalanced.OnlineUnderOverBagging -l (trees.HoeffdingTree -e 2000000 -g 100 -c 0.01),ArffFileStream -f ./../../../Dataset/benchmarks/electricity.arff,1,20000.0,3.28125,2.512630696098011E-9,20000.0,0.926,0.9255312339989759,0.925531233998976,0.8518530382139082,0.9236745114890867,0.9321487186987114,0.9255312339989759,0.496,0.504,20000.0,2960.0
meta.imbalanced.OnlineUnderOverBagging -l (trees.HoeffdingTree -e 2000000 -g 100 -c 0.01),ArffFileStream -f ./../../../Dataset/benchmarks/electricity.arff,1,20500.0,3.328125,2.5485254203279824E-9,20500.0,0.828,0.8213180717869796,0.8213180717869796,0.6509003523470862,0.8071563086103217,0.860423297549046,0.8213180717869796,0.478,0.522,20500.0,2960.0
meta.imbalanced.OnlineUnderOverBagging -l (trees.HoeffdingTree -e 2000000 -g 100 -c 0.01),ArffFileStream -f ./../../../Dataset/benchmarks/electricity.arff,1,21000.0,3.390625,2.5963850526346112E-9,21000.0,0.842,0.8132699462587847,0.8132699462587847,0.6573560027758502,0.7974535744416915,0.8726689747423086,0.8132699462587847,0.41,0.59,21000.0,2960.0
meta.imbalanced.OnlineUnderOverBagging -l (trees.HoeffdingTree -e 2000000 -g 100 -c 0.01),ArffFileStream -f ./../../../Dataset/benchmarks/electricity.arff,1,21500.0,3.453125,2.64424468494124E-9,21500.0,0.932,0.8972366148531952,0.8972366148531953,0.8044178554993097,0.894958051332136,0.9074592074592074,0.8972366148531952,0.228,0.772,21500.0,2960.0
meta.imbalanced.OnlineUnderOverBagging -l (trees.HoeffdingTree -e 2000000 -g 100 -c 0.01),ArffFileStream -f ./../../../Dataset/benchmarks/electricity.arff,1,22000.0,3.515625,2.692104317247869E-9,22000.0,0.848,0.7674632352941176,0.7674632352941176,0.604989604989605,0.7341336430666783,0.8943089430894309,0.7674632352941176,0.32,0.68,22000.0,2960.0
meta.imbalanced.OnlineUnderOverBagging -l (trees.HoeffdingTree -e 2000000 -g 100 -c 0.01),ArffFileStream -f ./../../../Dataset/benchmarks/electricity.arff,1,22500.0,3.578125,2.7399639495544976E-9,22500.0,0.846,0.7966860183841316,0.7966860183841316,0.6408045977011494,0.7757824522114224,0.8787247182337502,0.7966860183841316,0.364,0.636,22500.0,2960.0
meta.imbalanced.OnlineUnderOverBagging -l (trees.HoeffdingTree -e 2000000 -g 100 -c 0.01),ArffFileStream -f ./../../../Dataset/benchmarks/electricity.arff,1,23000.0,3.640625,2.7878235818611264E-9,23000.0,0.734,0.7289715886354542,0.7289715886354542,0.4624959586162302,0.6842421171704969,0.8101960274091422,0.7289715886354542,0.49,0.51,23000.0,2960.0
meta.imbalanced.OnlineUnderOverBagging -l (trees.HoeffdingTree -e 2000000 -g 100 -c 0.01),ArffFileStream -f ./../../../Dataset/benchmarks/electricity.arff,1,23500.0,3.703125,2.835683214167755E-9,23500.0,0.8,0.7301247771836007,0.7301247771836007,0.5080676898858717,0.6967073054868281,0.813471250971251,0.7301247771836007,0.34,0.66,23500.0,2960.0
meta.imbalanced.OnlineUnderOverBagging -l (trees.HoeffdingTree -e 2000000 -g 100 -c 0.01),ArffFileStream -f ./../../../Dataset/benchmarks/electricity.arff,1,24000.0,3.765625,2.883542846474384E-9,24000.0,0.758,0.7357890317162974,0.7357890317162975,0.49118616699185896,0.6984669510066116,0.814873520087986,0.7357890317162974,0.452,0.548,24000.0,2960.0
meta.imbalanced.OnlineUnderOverBagging -l (trees.HoeffdingTree -e 2000000 -g 100 -c 0.01),ArffFileStream -f ./../../../Dataset/benchmarks/electricity.arff,1,24500.0,3.828125,2.931402478781013E-9,24500.0,0.848,0.8142143709004175,0.8142143709004175,0.6396328047947804,0.8092410330013812,0.8262518380930268,0.8142143709004175,0.312,0.688,24500.0,2960.0
meta.imbalanced.OnlineUnderOverBagging -l (trees.HoeffdingTree -e 2000000 -g 100 -c 0.01),ArffFileStream -f ./../../../Dataset/benchmarks/electricity.arff,1,25000.0,3.890625,2.9792621110876416E-9,25000.0,0.824,0.8056082648113009,0.8056082648113009,0.6314105249049207,0.7898523602556847,0.8549283306021737,0.8056082648113009,0.442,0.558,25000.0,2960.0
meta.imbalanced.OnlineUnderOverBagging -l (trees.HoeffdingTree -e 2000000 -g 100 -c 0.01),ArffFileStream -f ./../../../Dataset/benchmarks/electricity.arff,1,25500.0,3.953125,3.0271217433942704E-9,25500.0,0.886,0.8797979797979798,0.8797979797979798,0.7673469387755102,0.8776092409483732,0.8916666666666666,0.8797979797979798,0.45,0.55,25500.0,2960.0
meta.imbalanced.OnlineUnderOverBagging -l (trees.HoeffdingTree -e 2000000 -g 100 -c 0.01),ArffFileStream -f ./../../../Dataset/benchmarks/electricity.arff,1,26000.0,4.015625,3.074981375700899E-9,26000.0,0.878,0.8664327237791275,0.8664327237791275,0.74691317047265,0.8619898454302815,0.8888140161725068,0.8664327237791275,0.434,0.566,26000.0,2960.0
meta.imbalanced.OnlineUnderOverBagging -l (trees.HoeffdingTree -e 2000000 -g 100 -c 0.01),ArffFileStream -f ./../../../Dataset/benchmarks/electricity.arff,1,26500.0,4.078125,3.122841008007528E-9,26500.0,0.88,0.8454209836846494,0.8454209836846492,0.7302497886956678,0.8334583686118475,0.9082664736281193,0.8454209836846494,0.378,0.622,26500.0,2960.0
meta.imbalanced.OnlineUnderOverBagging -l (trees.HoeffdingTree -e 2000000 -g 100 -c 0.01),ArffFileStream -f ./../../../Dataset/benchmarks/electricity.arff,1,27000.0,4.125,3.1587357322374996E-9,27000.0,0.91,0.9033636614281775,0.9033636614281776,0.8155495802728226,0.9015502991099276,0.9159308314937453,0.9033636614281775,0.442,0.558,27000.0,2960.0
meta.imbalanced.OnlineUnderOverBagging -l (trees.HoeffdingTree -e 2000000 -g 100 -c 0.01),ArffFileStream -f ./../../../Dataset/benchmarks/electricity.arff,1,27500.0,4.171875,3.194630456467471E-9,27500.0,0.864,0.861525974025974,0.861525974025974,0.7237569060773481,0.8612792509122393,0.8622551890168522,0.861525974025974,0.44,0.56,27500.0,2960.0
meta.imbalanced.OnlineUnderOverBagging -l (trees.HoeffdingTree -e 2000000 -g 100 -c 0.01),ArffFileStream -f ./../../../Dataset/benchmarks/electricity.arff,1,28000.0,4.234375,3.2424900887741E-9,28000.0,0.828,0.7848896434634974,0.7848896434634974,0.6095168906647294,0.7640589493608931,0.8560818266700619,0.7848896434634974,0.38,0.62,28000.0,2960.0
meta.imbalanced.OnlineUnderOverBagging -l (trees.HoeffdingTree -e 2000000 -g 100 -c 0.01),ArffFileStream -f ./../../../Dataset/benchmarks/electricity.arff,1,28500.0,4.296875,3.2903497210807287E-9,28500.0,0.806,0.7392143958156532,0.7392143958156532,0.5325211088406524,0.6984877509983551,0.8561262376237624,0.7392143958156532,0.362,0.638,28500.0,2960.0
meta.imbalanced.OnlineUnderOverBagging -l (trees.HoeffdingTree -e 2000000 -g 100 -c 0.01),ArffFileStream -f ./../../../Dataset/benchmarks/electricity.arff,1,29000.0,4.375,3.3501742614640147E-9,29000.0,0.816,0.7775,0.7775,0.5914742451154529,0.7532927717693831,0.8533231474407945,0.7775,0.4,0.6,29000.0,2960.0
meta.imbalanced.OnlineUnderOverBagging -l (trees.HoeffdingTree -e 2000000 -g 100 -c 0.01),ArffFileStream -f ./../../../Dataset/benchmarks/electricity.arff,1,29500.0,4.4375,3.3980338937706435E-9,29500.0,0.86,0.8191148390616476,0.8191148390616476,0.68144750254842,0.802353075812101,0.8931031586021505,0.8191148390616476,0.376,0.624,29500.0,2960.0
meta.imbalanced.OnlineUnderOverBagging -l (trees.HoeffdingTree -e 2000000 -g 100 -c 0.01),ArffFileStream -f ./../../../Dataset/benchmarks/electricity.arff,1,30000.0,4.5,3.4458935260772723E-9,30000.0,0.842,0.819777397260274,0.819777397260274,0.6629347714783084,0.809035024725677,0.8606618261499323,0.819777397260274,0.416,0.584,30000.0,2960.0
meta.imbalanced.OnlineUnderOverBagging -l (trees.HoeffdingTree -e 2000000 -g 100 -c 0.01),ArffFileStream -f ./../../../Dataset/benchmarks/electricity.arff,1,30500.0,4.578125,3.5057180664605583E-9,30500.0,0.83,0.7823922531369341,0.7823922531369341,0.6092169627422854,0.7584763778206594,0.8653366858554445,0.7823922531369341,0.376,0.624,30500.0,2960.0
meta.imbalanced.OnlineUnderOverBagging -l (trees.HoeffdingTree -e 2000000 -g 100 -c 0.01),ArffFileStream -f ./../../../Dataset/benchmarks/electricity.arff,1,31000.0,4.640625,3.553577698767187E-9,31000.0,0.836,0.7973364509734153,0.7973364509734153,0.6312750687986762,0.7803240395303983,0.8595193706336686,0.7973364509734153,0.382,0.618,31000.0,2960.0
meta.imbalanced.OnlineUnderOverBagging -l (trees.HoeffdingTree -e 2000000 -g 100 -c 0.01),ArffFileStream -f ./../../../Dataset/benchmarks/electricity.arff,1,31500.0,4.734375,3.6253671472271303E-9,31500.0,0.798,0.733175582170132,0.7331755821701321,0.5194686560347125,0.6865669258100068,0.8635976129582268,0.733175582170132,0.374,0.626,31500.0,2960.0
meta.imbalanced.OnlineUnderOverBagging -l (trees.HoeffdingTree -e 2000000 -g 100 -c 0.01),ArffFileStream -f ./../../../Dataset/benchmarks/electricity.arff,1,32000.0,4.8125,3.6851916876104163E-9,32000.0,0.818,0.8125643335048893,0.8125643335048893,0.630789704307183,0.809049593966065,0.8233664453651475,0.8125643335048893,0.464,0.536,32000.0,2960.0
meta.imbalanced.OnlineUnderOverBagging -l (trees.HoeffdingTree -e 2000000 -g 100 -c 0.01),ArffFileStream -f ./../../../Dataset/benchmarks/electricity.arff,1,32500.0,4.890625,3.745016227993702E-9,32500.0,0.846,0.826461038961039,0.826461038961039,0.6763073818732134,0.8102629042637791,0.8845197804929349,0.826461038961039,0.44,0.56,32500.0,2960.0
meta.imbalanced.OnlineUnderOverBagging -l (trees.HoeffdingTree -e 2000000 -g 100 -c 0.01),ArffFileStream -f ./../../../Dataset/benchmarks/electricity.arff,1,33000.0,4.9375,3.780910952223673E-9,33000.0,0.894,0.8913287836210357,0.8913287836210357,0.7862558477173738,0.890216235419742,0.8972678664580073,0.8913287836210357,0.47,0.53,33000.0,2960.0
meta.imbalanced.OnlineUnderOverBagging -l (trees.HoeffdingTree -e 2000000 -g 100 -c 0.01),ArffFileStream -f ./../../../Dataset/benchmarks/electricity.arff,1,33500.0,5.0,3.828770584530302E-9,33500.0,0.884,0.882131886804784,0.882131886804784,0.7633657549448397,0.882036488345813,0.8812597809076683,0.882131886804784,0.428,0.572,33500.0,2960.0
meta.imbalanced.OnlineUnderOverBagging -l (trees.HoeffdingTree -e 2000000 -g 100 -c 0.01),ArffFileStream -f ./../../../Dataset/benchmarks/electricity.arff,1,34000.0,5.046875,3.864665308760273E-9,34000.0,0.89,0.8546277040118025,0.8546277040118025,0.7437187802877805,0.8472652925602329,0.8993714468732484,0.8546277040118025,0.342,0.658,34000.0,2960.0
meta.imbalanced.OnlineUnderOverBagging -l (trees.HoeffdingTree -e 2000000 -g 100 -c 0.01),ArffFileStream -f ./../../../Dataset/benchmarks/electricity.arff,1,34500.0,5.09375,3.900560032990244E-9,34500.0,0.766,0.7642089093701997,0.7642089093701997,0.5303015704788515,0.7306778831816481,0.8320263015020812,0.7642089093701997,0.496,0.504,34500.0,2960.0
meta.imbalanced.OnlineUnderOverBagging -l (trees.HoeffdingTree -e 2000000 -g 100 -c 0.01),ArffFileStream -f ./../../../Dataset/benchmarks/electricity.arff,1,35000.0,5.15625,3.948419665296873E-9,35000.0,0.816,0.749076381891782,0.7490763818917819,0.5506144858443563,0.7168701996196032,0.8445868283974469,0.749076381891782,0.346,0.654,35000.0,2960.0
meta.imbalanced.OnlineUnderOverBagging -l (trees.HoeffdingTree -e 2000000 -g 100 -c 0.01),ArffFileStream -f ./../../../Dataset/benchmarks/electricity.arff,1,35500.0,5.21875,3.996279297603502E-9,35500.0,0.894,0.8820149524847511,0.8820149524847511,0.7509772966471208,0.8815159143609658,0.8697349914871566,0.8820149524847511,0.298,0.702,35500.0,2960.0
meta.imbalanced.OnlineUnderOverBagging -l (trees.HoeffdingTree -e 2000000 -g 100 -c 0.01),ArffFileStream -f ./../../../Dataset/benchmarks/electricity.arff,1,36000.0,5.265625,4.032174021833473E-9,36000.0,0.866,0.8591576758091772,0.8591576758091772,0.6978279694039544,0.8589607655628342,0.8409667865453776,0.8591576758091772,0.314,0.686,36000.0,2960.0
meta.imbalanced.OnlineUnderOverBagging -l (trees.HoeffdingTree -e 2000000 -g 100 -c 0.01),ArffFileStream -f ./../../../Dataset/benchmarks/electricity.arff,1,36500.0,5.328125,4.080033654140102E-9,36500.0,0.788,0.7181818181818183,0.7181818181818181,0.48018830914083954,0.6842381297339533,0.7930753759218465,0.7181818181818183,0.34,0.66,36500.0,2960.0
meta.imbalanced.OnlineUnderOverBagging -l (trees.HoeffdingTree -e 2000000 -g 100 -c 0.01),ArffFileStream -f ./../../../Dataset/benchmarks/electricity.arff,1,37000.0,5.390625,4.1278932864467306E-9,37000.0,0.872,0.8339597152704411,0.8339597152704411,0.7067717401264547,0.8224916364780939,0.891324200913242,0.8339597152704411,0.362,0.638,37000.0,2960.0
meta.imbalanced.OnlineUnderOverBagging -l (trees.HoeffdingTree -e 2000000 -g 100 -c 0.01),ArffFileStream -f ./../../../Dataset/benchmarks/electricity.arff,1,37500.0,5.453125,4.175752918753359E-9,37500.0,0.874,0.8859930740927784,0.8859930740927783,0.7310083344719224,0.8852737932728065,0.8549617687548722,0.8859930740927784,0.332,0.668,37500.0,2960.0
meta.imbalanced.OnlineUnderOverBagging -l (trees.HoeffdingTree -e 2000000 -g 100 -c 0.01),ArffFileStream -f ./../../../Dataset/benchmarks/electricity.arff,1,38000.0,5.5,4.2116476429833305E-9,38000.0,0.902,0.8951317813013735,0.8951317813013735,0.7849216939391811,0.8948539781153148,0.8899958126875567,0.8951317813013735,0.346,0.654,38000.0,2960.0
meta.imbalanced.OnlineUnderOverBagging -l (trees.HoeffdingTree -e 2000000 -g 100 -c 0.01),ArffFileStream -f ./../../../Dataset/benchmarks/electricity.arff,1,38500.0,5.5625,4.259507275289959E-9,38500.0,0.838,0.8328111879077579,0.8328111879077579,0.6705602915338063,0.8310553883995617,0.8397965408649486,0.8328111879077579,0.452,0.548,38500.0,2960.0
meta.imbalanced.OnlineUnderOverBagging -l (trees.HoeffdingTree -e 2000000 -g 100 -c 0.01),ArffFileStream -f ./../../../Dataset/benchmarks/electricity.arff,1,39000.0,5.625,4.307366907596588E-9,39000.0,0.84,0.835992055865206,0.8359920558652059,0.677190264058364,0.8265564664839913,0.8624645794457115,0.835992055865206,0.484,0.516,39000.0,2960.0
meta.imbalanced.OnlineUnderOverBagging -l (trees.HoeffdingTree -e 2000000 -g 100 -c 0.01),ArffFileStream -f ./../../../Dataset/benchmarks/electricity.arff,1,39500.0,5.671875,4.343261631826559E-9,39500.0,0.86,0.8602264175113289,0.8602264175113289,0.7199686364872866,0.8601884098816887,0.8599497591961471,0.8602264175113289,0.514,0.486,39500.0,2960.0
meta.imbalanced.OnlineUnderOverBagging -l (trees.HoeffdingTree -e 2000000 -g 100 -c 0.01),ArffFileStream -f ./../../../Dataset/benchmarks/electricity.arff,1,40000.0,5.734375,4.391121264133188E-9,40000.0,0.922,0.9273274618102205,0.9273274618102204,0.8408890629589738,0.9268943866270797,0.9167313664596273,0.9273274618102205,0.594,0.406,40000.0,2960.0
meta.imbalanced.OnlineUnderOverBagging -l (trees.HoeffdingTree -e 2000000 -g 100 -c 0.01),ArffFileStream -f ./../../../Dataset/benchmarks/electricity.arff,1,40500.0,5.78125,4.427015988363159E-9,40500.0,0.862,0.8627021914426329,0.8627021914426329,0.724,0.8625545691403333,0.862,0.8627021914426329,0.478,0.522,40500.0,2960.0
meta.imbalanced.OnlineUnderOverBagging -l (trees.HoeffdingTree -e 2000000 -g 100 -c 0.01),ArffFileStream -f ./../../../Dataset/benchmarks/electricity.arff,1,41000.0,5.84375,4.474875620669788E-9,41000.0,0.926,0.9297286617492097,0.9297286617492097,0.8494711147274207,0.92946371226265,0.9218181818181819,0.9297286617492097,0.584,0.416,41000.0,2960.0
meta.imbalanced.OnlineUnderOverBagging -l (trees.HoeffdingTree -e 2000000 -g 100 -c 0.01),ArffFileStream -f ./../../../Dataset/benchmarks/electricity.arff,1,41500.0,5.890625,4.510770344899759E-9,41500.0,0.896,0.895703933747412,0.895703933747412,0.790078801188477,0.8956994097978492,0.8944788441692466,0.895703933747412,0.552,0.448,41500.0,2960.0
meta.imbalanced.OnlineUnderOverBagging -l (trees.HoeffdingTree -e 2000000 -g 100 -c 0.01),ArffFileStream -f ./../../../Dataset/benchmarks/electricity.arff,1,42000.0,5.9375,4.5466650691297304E-9,42000.0,0.886,0.876731078904992,0.876731078904992,0.7665465268676278,0.869041710370641,0.9092109636004269,0.876731078904992,0.46,0.54,42000.0,2960.0
meta.imbalanced.OnlineUnderOverBagging -l (trees.HoeffdingTree -e 2000000 -g 100 -c 0.01),ArffFileStream -f ./../../../Dataset/benchmarks/electricity.arff,1,42500.0,5.984375,4.582559793359702E-9,42500.0,0.902,0.8923232323232324,0.8923232323232323,0.7985197368421053,0.8870607463284393,0.9194311977330845,0.8923232323232324,0.45,0.55,42500.0,2960.0
meta.imbalanced.OnlineUnderOverBagging -l (trees.HoeffdingTree -e 2000000 -g 100 -c 0.01),ArffFileStream -f ./../../../Dataset/benchmarks/electricity.arff,1,43000.0,6.03125,4.618454517589673E-9,43000.0,0.854,0.8546474358974359,0.8546474358974359,0.7080467125259958,0.8544941523557995,0.8540856653706459,0.8546474358974359,0.48,0.52,43000.0,2960.0
meta.imbalanced.OnlineUnderOverBagging -l (trees.HoeffdingTree -e 2000000 -g 100 -c 0.01),ArffFileStream -f ./../../../Dataset/benchmarks/electricity.arff,1,43500.0,6.078125,4.654349241819644E-9,43500.0,0.858,0.8308176721090449,0.8308176721090449,0.6939127435764787,0.8141168837051455,0.8992063492063492,0.8308176721090449,0.418,0.582,43500.0,2960.0
meta.imbalanced.OnlineUnderOverBagging -l (trees.HoeffdingTree -e 2000000 -g 100 -c 0.01),ArffFileStream -f ./../../../Dataset/benchmarks/electricity.arff,1,44000.0,6.140625,4.702208874126273E-9,44000.0,0.81,0.6993670886075949,0.6993670886075949,0.47567114093959734,0.6314540182904769,0.8913043478260869,0.6993670886075949,0.316,0.684,44000.0,2960.0
meta.imbalanced.OnlineUnderOverBagging -l (trees.HoeffdingTree -e 2000000 -g 100 -c 0.01),ArffFileStream -f ./../../../Dataset/benchmarks/electricity.arff,1,44500.0,6.171875,4.726138690279587E-9,44500.0,0.86,0.8432051219551828,0.8432051219551829,0.7070688471903718,0.8322560839734627,0.8869711793913411,0.8432051219551828,0.438,0.562,44500.0,2960.0
meta.imbalanced.OnlineUnderOverBagging -l (trees.HoeffdingTree -e 2000000 -g 100 -c 0.01),ArffFileStream -f ./../../../Dataset/benchmarks/electricity.arff,1,45000.0,6.21875,4.762033414509558E-9,45000.0,0.904,0.8940884663083919,0.8940884663083918,0.7988770636051287,0.8923912444174117,0.9071773931762656,0.8940884663083919,0.41,0.59,45000.0,2960.0
meta.imbalanced.OnlineUnderOverBagging -l (trees.HoeffdingTree -e 2000000 -g 100 -c 0.01),ArffFileStream -f ./../../../Dataset/benchmarks/electricity.arff,1,45312.0,6.25,4.785963230662873E-9,45312.0,0.918,0.9140093330740813,0.9140093330740814,0.8329312817838049,0.9133145657515813,0.9201154244561732,0.9140093330740813,0.444,0.556,45312.0,2960.0
