Learner,stream,randomSeed,learning evaluation instances,evaluation time (cpu seconds),model cost (RAM-Hours),classified instances,Accuracy,AvgAccuracy,AUC,Kappa,G-Mean,Precision,Recall,Ratio-Class-0,Ratio-Class-1,model training instances,model serialized size (bytes),Member weight 1,Member weight 2,Member weight 3,Member weight 4,Member weight 5,Member weight 6,Member weight 7,Member weight 8,Member weight 9,Member weight 10,Stored member weight 11,Stored member weight 12,Stored member weight 13,Stored member weight 14,Stored member weight 15,Stored member weight 16,Stored member weight 17,Stored member weight 18,Stored member weight 19,Stored member weight 20,Stored member weight 21,Stored member weight 22,Stored member weight 23,Stored member weight 24,Stored member weight 25,Stored member weight 26,Stored member weight 27,Stored member weight 28,Stored member weight 29,Stored member weight 30,[avg] model training instances,[err] model training instances,[avg] model serialized size (bytes),[err] model serialized size (bytes),[avg] tree size (nodes),[err] tree size (nodes),[avg] tree size (leaves),[err] tree size (leaves),[avg] active learning leaves,[err] active learning leaves,[avg] tree depth,[err] tree depth,[avg] active leaf byte size estimate,[err] active leaf byte size estimate,[avg] inactive leaf byte size estimate,[err] inactive leaf byte size estimate,[avg] byte size estimate overhead,[err] byte size estimate overhead
meta.AccuracyWeightedEnsemble -l (trees.HoeffdingTree -e 2000000 -g 100 -c 0.01) -n 10.0,ArffFileStream -f ./../../../Dataset/benchmarks/nomao.arff,1,500.0,0.453125,1.399182818002171E-9,500.0,0.022,0.5,0.5,0.0,0.0,0.022,0.5,0.022,0.978,500.0,11936.0,0.01936355555555555,-1.0,-1.0,-1.0,-1.0,-1.0,-1.0,-1.0,-1.0,-1.0,-1.0,-1.0,-1.0,-1.0,-1.0,-1.0,-1.0,-1.0,-1.0,-1.0,-1.0,-1.0,-1.0,-1.0,-1.0,-1.0,-1.0,-1.0,-1.0,-1.0,0.0,0.0,0.0,0.0,0.0,0.0,0.0,0.0,0.0,0.0,0.0,0.0,0.0,0.0,0.0,0.0,0.0,0.0
meta.AccuracyWeightedEnsemble -l (trees.HoeffdingTree -e 2000000 -g 100 -c 0.01) -n 10.0,ArffFileStream -f ./../../../Dataset/benchmarks/nomao.arff,1,1000.0,0.65625,2.1550416325529416E-9,1000.0,1.0,1.0,1.0,1.0,1.0,1.0,1.0,0.0,1.0,1000.0,14384.0,0.0,0.0,-1.0,-1.0,-1.0,-1.0,-1.0,-1.0,-1.0,-1.0,-1.0,-1.0,-1.0,-1.0,-1.0,-1.0,-1.0,-1.0,-1.0,-1.0,-1.0,-1.0,-1.0,-1.0,-1.0,-1.0,-1.0,-1.0,-1.0,-1.0,500.0,0.0,264.0,0.0,1.0,0.0,1.0,0.0,1.0,0.0,0.0,0.0,0.0,0.0,0.0,0.0,1.0,0.0
meta.AccuracyWeightedEnsemble -l (trees.HoeffdingTree -e 2000000 -g 100 -c 0.01) -n 10.0,ArffFileStream -f ./../../../Dataset/benchmarks/nomao.arff,1,1500.0,0.875,3.108935844567087E-9,1500.0,0.0,0.0,0.5,0.0,0.0,0.0,0.0,0.0,1.0,1500.0,16856.0,0.0,0.0,0.0,-1.0,-1.0,-1.0,-1.0,-1.0,-1.0,-1.0,-1.0,-1.0,-1.0,-1.0,-1.0,-1.0,-1.0,-1.0,-1.0,-1.0,-1.0,-1.0,-1.0,-1.0,-1.0,-1.0,-1.0,-1.0,-1.0,-1.0,500.0,0.0,264.0,0.0,1.0,0.0,1.0,0.0,1.0,0.0,0.0,0.0,0.0,0.0,0.0,0.0,1.0,0.0
meta.AccuracyWeightedEnsemble -l (trees.HoeffdingTree -e 2000000 -g 100 -c 0.01) -n 10.0,ArffFileStream -f ./../../../Dataset/benchmarks/nomao.arff,1,2000.0,1.09375,4.201364289555285E-9,2000.0,0.054,0.5,0.5,0.0,0.0,0.054,0.5,0.054,0.946,2000.0,19304.0,0.045973629629629635,0.0,0.0,0.0,-1.0,-1.0,-1.0,-1.0,-1.0,-1.0,-1.0,-1.0,-1.0,-1.0,-1.0,-1.0,-1.0,-1.0,-1.0,-1.0,-1.0,-1.0,-1.0,-1.0,-1.0,-1.0,-1.0,-1.0,-1.0,-1.0,500.0,0.0,264.0,0.0,1.0,0.0,1.0,0.0,1.0,0.0,0.0,0.0,0.0,0.0,0.0,0.0,1.0,0.0
meta.AccuracyWeightedEnsemble -l (trees.HoeffdingTree -e 2000000 -g 100 -c 0.01) -n 10.0,ArffFileStream -f ./../../../Dataset/benchmarks/nomao.arff,1,2500.0,1.40625,5.962469408081638E-9,2500.0,0.57,0.5,0.5,0.0,0.0,0.57,0.5,0.43,0.57,2500.0,21784.0,0.23922768319144846,0.0,0.0,0.0,0.0,-1.0,-1.0,-1.0,-1.0,-1.0,-1.0,-1.0,-1.0,-1.0,-1.0,-1.0,-1.0,-1.0,-1.0,-1.0,-1.0,-1.0,-1.0,-1.0,-1.0,-1.0,-1.0,-1.0,-1.0,-1.0,500.0,0.0,313.6,110.90897168398958,1.4,0.8944271909999159,1.2,0.4472135954999579,1.2,0.4472135954999579,0.2,0.447213595499958,0.0,0.0,0.0,0.0,1.0,0.0
meta.AccuracyWeightedEnsemble -l (trees.HoeffdingTree -e 2000000 -g 100 -c 0.01) -n 10.0,ArffFileStream -f ./../../../Dataset/benchmarks/nomao.arff,1,3000.0,1.5625,6.941974990897709E-9,3000.0,0.904,0.6220083576041535,0.6220083576041534,0.3251223215792138,0.5087558039234861,0.7634673229423025,0.6220083576041535,0.106,0.894,3000.0,24232.0,0.08570278739158829,0.0,0.0,0.0,0.0,0.0,-1.0,-1.0,-1.0,-1.0,-1.0,-1.0,-1.0,-1.0,-1.0,-1.0,-1.0,-1.0,-1.0,-1.0,-1.0,-1.0,-1.0,-1.0,-1.0,-1.0,-1.0,-1.0,-1.0,-1.0,500.0,0.0,305.33333333333337,101.24557603503804,1.3333333333333333,0.816496580927726,1.1666666666666665,0.408248290463863,1.1666666666666665,0.408248290463863,0.16666666666666669,0.408248290463863,0.0,0.0,0.0,0.0,1.0,0.0
meta.AccuracyWeightedEnsemble -l (trees.HoeffdingTree -e 2000000 -g 100 -c 0.01) -n 10.0,ArffFileStream -f ./../../../Dataset/benchmarks/nomao.arff,1,3500.0,1.71875,8.021403724948565E-9,3500.0,1.0,1.0,1.0,1.0,1.0,1.0,1.0,0.0,1.0,3500.0,26704.0,0.0,0.0,0.0,0.0,0.0,0.0,0.0,-1.0,-1.0,-1.0,-1.0,-1.0,-1.0,-1.0,-1.0,-1.0,-1.0,-1.0,-1.0,-1.0,-1.0,-1.0,-1.0,-1.0,-1.0,-1.0,-1.0,-1.0,-1.0,-1.0,500.0,0.0,299.42857142857144,93.73518930628836,1.2857142857142856,0.7559289460184545,1.1428571428571428,0.3779644730092272,1.1428571428571428,0.3779644730092272,0.14285714285714288,0.37796447300922725,0.0,0.0,0.0,0.0,1.0,0.0
meta.AccuracyWeightedEnsemble -l (trees.HoeffdingTree -e 2000000 -g 100 -c 0.01) -n 10.0,ArffFileStream -f ./../../../Dataset/benchmarks/nomao.arff,1,4000.0,1.859375,9.081947306791942E-9,4000.0,0.0,0.0,0.5,0.0,0.0,0.0,0.0,0.0,1.0,4000.0,29152.0,0.0,0.0,0.0,0.0,0.0,0.0,0.0,0.0,-1.0,-1.0,-1.0,-1.0,-1.0,-1.0,-1.0,-1.0,-1.0,-1.0,-1.0,-1.0,-1.0,-1.0,-1.0,-1.0,-1.0,-1.0,-1.0,-1.0,-1.0,-1.0,500.0,0.0,295.0,87.6812408671319,1.25,0.7071067811865476,1.125,0.3535533905932738,1.125,0.3535533905932738,0.12500000000000003,0.3535533905932738,0.0,0.0,0.0,0.0,1.0,0.0
meta.AccuracyWeightedEnsemble -l (trees.HoeffdingTree -e 2000000 -g 100 -c 0.01) -n 10.0,ArffFileStream -f ./../../../Dataset/benchmarks/nomao.arff,1,4500.0,2.0,1.0232421724746626E-8,4500.0,0.0,0.0,0.5,0.0,0.0,0.0,0.0,0.0,1.0,4500.0,31624.0,0.0,0.0,0.0,0.0,0.0,0.0,0.0,0.0,0.0,-1.0,-1.0,-1.0,-1.0,-1.0,-1.0,-1.0,-1.0,-1.0,-1.0,-1.0,-1.0,-1.0,-1.0,-1.0,-1.0,-1.0,-1.0,-1.0,-1.0,-1.0,500.0,0.0,291.55555555555554,82.66666666666667,1.2222222222222223,0.6666666666666666,1.1111111111111112,0.3333333333333333,1.1111111111111112,0.3333333333333333,0.11111111111111113,0.33333333333333337,0.0,0.0,0.0,0.0,1.0,0.0
meta.AccuracyWeightedEnsemble -l (trees.HoeffdingTree -e 2000000 -g 100 -c 0.01) -n 10.0,ArffFileStream -f ./../../../Dataset/benchmarks/nomao.arff,1,5000.0,2.140625,1.1471953863898915E-8,5000.0,0.0,0.0,0.5,0.0,0.0,0.0,0.0,0.0,1.0,5000.0,34072.0,0.0,0.0,0.0,0.0,0.0,0.0,0.0,0.0,0.0,0.0,-1.0,-1.0,-1.0,-1.0,-1.0,-1.0,-1.0,-1.0,-1.0,-1.0,-1.0,-1.0,-1.0,-1.0,-1.0,-1.0,-1.0,-1.0,-1.0,-1.0,500.0,0.0,288.79999999999995,78.42448597217579,1.2000000000000002,0.6324555320336759,1.1000000000000003,0.31622776601683794,1.1000000000000003,0.31622776601683794,0.09999999999999999,0.31622776601683794,0.0,0.0,0.0,0.0,1.0,0.0
meta.AccuracyWeightedEnsemble -l (trees.HoeffdingTree -e 2000000 -g 100 -c 0.01) -n 10.0,ArffFileStream -f ./../../../Dataset/benchmarks/nomao.arff,1,5500.0,2.265625,1.2653181329369546E-8,5500.0,0.0,0.0,0.5,0.0,0.0,0.0,0.0,0.0,1.0,5500.0,36528.0,0.0,0.0,0.0,0.0,0.0,0.0,0.0,0.0,0.0,0.0,0.0,-1.0,-1.0,-1.0,-1.0,-1.0,-1.0,-1.0,-1.0,-1.0,-1.0,-1.0,-1.0,-1.0,-1.0,-1.0,-1.0,-1.0,-1.0,-1.0,500.0,0.0,288.8,78.4244859721758,1.2000000000000002,0.6324555320336759,1.1,0.31622776601683794,1.1,0.31622776601683794,0.09999999999999999,0.31622776601683794,0.0,0.0,0.0,0.0,1.0,0.0
meta.AccuracyWeightedEnsemble -l (trees.HoeffdingTree -e 2000000 -g 100 -c 0.01) -n 10.0,ArffFileStream -f ./../../../Dataset/benchmarks/nomao.arff,1,6000.0,2.40625,1.4070828910917044E-8,6000.0,0.0,0.0,0.5,0.0,0.0,0.0,0.0,0.0,1.0,6000.0,38968.0,0.0,0.0,0.0,0.0,0.0,0.0,0.0,0.0,0.0,0.0,0.0,0.0,-1.0,-1.0,-1.0,-1.0,-1.0,-1.0,-1.0,-1.0,-1.0,-1.0,-1.0,-1.0,-1.0,-1.0,-1.0,-1.0,-1.0,-1.0,500.0,0.0,288.8,78.4244859721758,1.2000000000000002,0.6324555320336759,1.1,0.31622776601683794,1.1,0.31622776601683794,0.09999999999999999,0.31622776601683794,0.0,0.0,0.0,0.0,1.0,0.0
meta.AccuracyWeightedEnsemble -l (trees.HoeffdingTree -e 2000000 -g 100 -c 0.01) -n 10.0,ArffFileStream -f ./../../../Dataset/benchmarks/nomao.arff,1,6500.0,2.546875,1.5577825251966715E-8,6500.0,0.0,0.0,0.5,0.0,0.0,0.0,0.0,0.0,1.0,6500.0,41424.0,0.0,0.0,0.0,0.0,0.0,0.0,0.0,0.0,0.0,0.0,0.0,0.0,0.0,-1.0,-1.0,-1.0,-1.0,-1.0,-1.0,-1.0,-1.0,-1.0,-1.0,-1.0,-1.0,-1.0,-1.0,-1.0,-1.0,-1.0,500.0,0.0,288.8,78.42448597217582,1.2000000000000002,0.6324555320336759,1.1,0.31622776601683794,1.1,0.31622776601683794,0.09999999999999999,0.31622776601683794,0.0,0.0,0.0,0.0,1.0,0.0
meta.AccuracyWeightedEnsemble -l (trees.HoeffdingTree -e 2000000 -g 100 -c 0.01) -n 10.0,ArffFileStream -f ./../../../Dataset/benchmarks/nomao.arff,1,7000.0,2.671875,1.6996281273249122E-8,7000.0,0.0,0.0,0.5,0.0,0.0,0.0,0.0,0.0,1.0,7000.0,43864.0,0.0,0.0,0.0,0.0,0.0,0.0,0.0,0.0,0.0,0.0,0.0,0.0,0.0,0.0,-1.0,-1.0,-1.0,-1.0,-1.0,-1.0,-1.0,-1.0,-1.0,-1.0,-1.0,-1.0,-1.0,-1.0,-1.0,-1.0,500.0,0.0,288.8,78.4244859721758,1.2,0.6324555320336759,1.1,0.31622776601683794,1.1,0.31622776601683794,0.1,0.31622776601683794,0.0,0.0,0.0,0.0,1.0,0.0
meta.AccuracyWeightedEnsemble -l (trees.HoeffdingTree -e 2000000 -g 100 -c 0.01) -n 10.0,ArffFileStream -f ./../../../Dataset/benchmarks/nomao.arff,1,7500.0,2.8125,1.8681393056694003E-8,7500.0,0.0,0.0,0.5,0.0,0.0,0.0,0.0,0.0,1.0,7500.0,46320.0,0.0,0.0,0.0,0.0,0.0,0.0,0.0,0.0,0.0,0.0,0.0,0.0,0.0,0.0,0.0,-1.0,-1.0,-1.0,-1.0,-1.0,-1.0,-1.0,-1.0,-1.0,-1.0,-1.0,-1.0,-1.0,-1.0,-1.0,500.0,0.0,264.0,0.0,1.0,0.0,1.0,0.0,1.0,0.0,0.0,0.0,0.0,0.0,0.0,0.0,1.0,0.0
meta.AccuracyWeightedEnsemble -l (trees.HoeffdingTree -e 2000000 -g 100 -c 0.01) -n 10.0,ArffFileStream -f ./../../../Dataset/benchmarks/nomao.arff,1,8000.0,2.9375,2.0258173915661043E-8,8000.0,0.0,0.0,0.5,0.0,0.0,0.0,0.0,0.0,1.0,8000.0,48760.0,0.0,0.0,0.0,0.0,0.0,0.0,0.0,0.0,0.0,0.0,0.0,0.0,0.0,0.0,0.0,0.0,-1.0,-1.0,-1.0,-1.0,-1.0,-1.0,-1.0,-1.0,-1.0,-1.0,-1.0,-1.0,-1.0,-1.0,500.0,0.0,264.0,0.0,1.0,0.0,1.0,0.0,1.0,0.0,0.0,0.0,0.0,0.0,0.0,0.0,1.0,0.0
meta.AccuracyWeightedEnsemble -l (trees.HoeffdingTree -e 2000000 -g 100 -c 0.01) -n 10.0,ArffFileStream -f ./../../../Dataset/benchmarks/nomao.arff,1,8500.0,3.078125,2.2121401141501134E-8,8500.0,0.0,0.0,0.5,0.0,0.0,0.0,0.0,0.0,1.0,8500.0,51216.0,0.0,0.0,0.0,0.0,0.0,0.0,0.0,0.0,0.0,0.0,0.0,0.0,0.0,0.0,0.0,0.0,0.0,-1.0,-1.0,-1.0,-1.0,-1.0,-1.0,-1.0,-1.0,-1.0,-1.0,-1.0,-1.0,-1.0,500.0,0.0,264.0,0.0,1.0,0.0,1.0,0.0,1.0,0.0,0.0,0.0,0.0,0.0,0.0,0.0,1.0,0.0
meta.AccuracyWeightedEnsemble -l (trees.HoeffdingTree -e 2000000 -g 100 -c 0.01) -n 10.0,ArffFileStream -f ./../../../Dataset/benchmarks/nomao.arff,1,9000.0,3.203125,2.3856506838152804E-8,9000.0,0.0,0.0,0.5,0.0,0.0,0.0,0.0,0.0,1.0,9000.0,53656.0,0.0,0.0,0.0,0.0,0.0,0.0,0.0,0.0,0.0,0.0,0.0,0.0,0.0,0.0,0.0,0.0,0.0,0.0,-1.0,-1.0,-1.0,-1.0,-1.0,-1.0,-1.0,-1.0,-1.0,-1.0,-1.0,-1.0,500.0,0.0,264.0,0.0,1.0,0.0,1.0,0.0,1.0,0.0,0.0,0.0,0.0,0.0,0.0,0.0,1.0,0.0
meta.AccuracyWeightedEnsemble -l (trees.HoeffdingTree -e 2000000 -g 100 -c 0.01) -n 10.0,ArffFileStream -f ./../../../Dataset/benchmarks/nomao.arff,1,9500.0,3.328125,2.5671033654361962E-8,9500.0,0.0,0.0,0.5,0.0,0.0,0.0,0.0,0.0,1.0,9500.0,56112.0,0.0,0.0,0.0,0.0,0.0,0.0,0.0,0.0,0.0,0.0,0.0,0.0,0.0,0.0,0.0,0.0,0.0,0.0,0.0,-1.0,-1.0,-1.0,-1.0,-1.0,-1.0,-1.0,-1.0,-1.0,-1.0,-1.0,500.0,0.0,264.0,0.0,1.0,0.0,1.0,0.0,1.0,0.0,0.0,0.0,0.0,0.0,0.0,0.0,1.0,0.0
meta.AccuracyWeightedEnsemble -l (trees.HoeffdingTree -e 2000000 -g 100 -c 0.01) -n 10.0,ArffFileStream -f ./../../../Dataset/benchmarks/nomao.arff,1,10000.0,3.46875,2.7801143005490303E-8,10000.0,0.0,0.0,0.5,0.0,0.0,0.0,0.0,0.0,1.0,10000.0,58552.0,0.0,0.0,0.0,0.0,0.0,0.0,0.0,0.0,0.0,0.0,0.0,0.0,0.0,0.0,0.0,0.0,0.0,0.0,0.0,0.0,-1.0,-1.0,-1.0,-1.0,-1.0,-1.0,-1.0,-1.0,-1.0,-1.0,500.0,0.0,264.0,0.0,1.0,0.0,1.0,0.0,1.0,0.0,0.0,0.0,0.0,0.0,0.0,0.0,1.0,0.0
meta.AccuracyWeightedEnsemble -l (trees.HoeffdingTree -e 2000000 -g 100 -c 0.01) -n 10.0,ArffFileStream -f ./../../../Dataset/benchmarks/nomao.arff,1,10500.0,3.59375,2.977399465938409E-8,10500.0,0.0,0.0,0.5,0.0,0.0,0.0,0.0,0.0,1.0,10500.0,61008.0,0.0,0.0,0.0,0.0,0.0,0.0,0.0,0.0,0.0,0.0,0.0,0.0,0.0,0.0,0.0,0.0,0.0,0.0,0.0,0.0,0.0,-1.0,-1.0,-1.0,-1.0,-1.0,-1.0,-1.0,-1.0,-1.0,500.0,0.0,264.0,0.0,1.0,0.0,1.0,0.0,1.0,0.0,0.0,0.0,0.0,0.0,0.0,0.0,1.0,0.0
meta.AccuracyWeightedEnsemble -l (trees.HoeffdingTree -e 2000000 -g 100 -c 0.01) -n 10.0,ArffFileStream -f ./../../../Dataset/benchmarks/nomao.arff,1,11000.0,3.734375,3.208221945290764E-8,11000.0,0.0,0.0,0.5,0.0,0.0,0.0,0.0,0.0,1.0,11000.0,63448.0,0.0,0.0,0.0,0.0,0.0,0.0,0.0,0.0,0.0,0.0,0.0,0.0,0.0,0.0,0.0,0.0,0.0,0.0,0.0,0.0,0.0,0.0,-1.0,-1.0,-1.0,-1.0,-1.0,-1.0,-1.0,-1.0,500.0,0.0,264.0,0.0,1.0,0.0,1.0,0.0,1.0,0.0,0.0,0.0,0.0,0.0,0.0,0.0,1.0,0.0
meta.AccuracyWeightedEnsemble -l (trees.HoeffdingTree -e 2000000 -g 100 -c 0.01) -n 10.0,ArffFileStream -f ./../../../Dataset/benchmarks/nomao.arff,1,11500.0,3.84375,3.3946998883038755E-8,11500.0,0.0,0.0,0.5,0.0,0.0,0.0,0.0,0.0,1.0,11500.0,65904.0,0.0,0.0,0.0,0.0,0.0,0.0,0.0,0.0,0.0,0.0,0.0,0.0,0.0,0.0,0.0,0.0,0.0,0.0,0.0,0.0,0.0,0.0,0.0,-1.0,-1.0,-1.0,-1.0,-1.0,-1.0,-1.0,500.0,0.0,264.0,0.0,1.0,0.0,1.0,0.0,1.0,0.0,0.0,0.0,0.0,0.0,0.0,0.0,1.0,0.0
meta.AccuracyWeightedEnsemble -l (trees.HoeffdingTree -e 2000000 -g 100 -c 0.01) -n 10.0,ArffFileStream -f ./../../../Dataset/benchmarks/nomao.arff,1,12000.0,3.984375,3.643333911895752E-8,12000.0,0.0,0.0,0.5,0.0,0.0,0.0,0.0,0.0,1.0,12000.0,68344.0,0.0,0.0,0.0,0.0,0.0,0.0,0.0,0.0,0.0,0.0,0.0,0.0,0.0,0.0,0.0,0.0,0.0,0.0,0.0,0.0,0.0,0.0,0.0,0.0,-1.0,-1.0,-1.0,-1.0,-1.0,-1.0,500.0,0.0,264.0,0.0,1.0,0.0,1.0,0.0,1.0,0.0,0.0,0.0,0.0,0.0,0.0,0.0,1.0,0.0
meta.AccuracyWeightedEnsemble -l (trees.HoeffdingTree -e 2000000 -g 100 -c 0.01) -n 10.0,ArffFileStream -f ./../../../Dataset/benchmarks/nomao.arff,1,12500.0,4.171875,3.986720306177934E-8,12500.0,0.392,0.5,0.5,0.0,0.0,0.392,0.5,0.392,0.608,12500.0,70792.0,0.2322731936535431,0.0,0.0,0.0,0.0,0.0,0.0,0.0,0.0,0.0,0.0,0.0,0.0,0.0,0.0,0.0,0.0,0.0,0.0,0.0,0.0,0.0,0.0,0.0,0.0,-1.0,-1.0,-1.0,-1.0,-1.0,500.0,0.0,299.2,111.31217363792695,1.2999999999999998,0.9486832980505138,1.2000000000000002,0.6324555320336759,1.2000000000000002,0.6324555320336759,0.10000000000000002,0.31622776601683794,0.0,0.0,0.0,0.0,1.0,0.0
meta.AccuracyWeightedEnsemble -l (trees.HoeffdingTree -e 2000000 -g 100 -c 0.01) -n 10.0,ArffFileStream -f ./../../../Dataset/benchmarks/nomao.arff,1,13000.0,4.28125,4.193933111511998E-8,13000.0,0.96,0.96,0.98,0.0,0.9797958971132712,0.5,0.96,0.0,1.0,13000.0,73232.0,0.0,0.0,0.0,0.0,0.0,0.0,0.0,0.0,0.0,0.0,0.0,0.0,0.0,0.0,0.0,0.0,0.0,0.0,0.0,0.0,0.0,0.0,0.0,0.0,0.0,0.0,-1.0,-1.0,-1.0,-1.0,500.0,0.0,299.2,111.31217363792695,1.2999999999999998,0.9486832980505138,1.2000000000000002,0.6324555320336759,1.2000000000000002,0.6324555320336759,0.10000000000000002,0.31622776601683794,0.0,0.0,0.0,0.0,1.0,0.0
meta.AccuracyWeightedEnsemble -l (trees.HoeffdingTree -e 2000000 -g 100 -c 0.01) -n 10.0,ArffFileStream -f ./../../../Dataset/benchmarks/nomao.arff,1,13500.0,4.421875,4.4692844514631555E-8,13500.0,0.0,0.0,0.5,0.0,0.0,0.0,0.0,0.0,1.0,13500.0,75688.0,0.0,0.0,0.0,0.0,0.0,0.0,0.0,0.0,0.0,0.0,0.0,0.0,0.0,0.0,0.0,0.0,0.0,0.0,0.0,0.0,0.0,0.0,0.0,0.0,0.0,0.0,0.0,-1.0,-1.0,-1.0,500.0,0.0,299.2,111.31217363792696,1.2999999999999998,0.9486832980505138,1.2000000000000002,0.6324555320336759,1.2000000000000002,0.6324555320336759,0.10000000000000002,0.31622776601683794,0.0,0.0,0.0,0.0,1.0,0.0
meta.AccuracyWeightedEnsemble -l (trees.HoeffdingTree -e 2000000 -g 100 -c 0.01) -n 10.0,ArffFileStream -f ./../../../Dataset/benchmarks/nomao.arff,1,14000.0,4.578125,4.785093349508113E-8,14000.0,0.016,0.5,0.5,0.0,0.0,0.016,0.5,0.016,0.984,14000.0,78128.0,0.014168098765432102,0.0,0.0,0.0,0.0,0.0,0.0,0.0,0.0,0.0,0.0,0.0,0.0,0.0,0.0,0.0,0.0,0.0,0.0,0.0,0.0,0.0,0.0,0.0,0.0,0.0,0.0,0.0,-1.0,-1.0,500.0,0.0,299.2,111.31217363792696,1.2999999999999998,0.9486832980505138,1.2000000000000002,0.6324555320336759,1.2000000000000002,0.6324555320336759,0.10000000000000002,0.31622776601683794,0.0,0.0,0.0,0.0,1.0,0.0
meta.AccuracyWeightedEnsemble -l (trees.HoeffdingTree -e 2000000 -g 100 -c 0.01) -n 10.0,ArffFileStream -f ./../../../Dataset/benchmarks/nomao.arff,1,14500.0,4.75,5.14340354129672E-8,14500.0,0.976,0.5,0.5,0.0,0.0,0.976,0.5,0.024,0.976,14500.0,80584.0,0.0210800987654321,0.0,0.0,0.0,0.0,0.0,0.0,0.0,0.0,0.0,0.0,0.0,0.0,0.0,0.0,0.0,0.0,0.0,0.0,0.0,0.0,0.0,0.0,0.0,0.0,0.0,0.0,0.0,0.0,-1.0,500.0,0.0,299.2,111.31217363792696,1.2999999999999998,0.9486832980505138,1.2000000000000002,0.6324555320336759,1.2000000000000002,0.6324555320336759,0.10000000000000002,0.31622776601683794,0.0,0.0,0.0,0.0,1.0,0.0
meta.AccuracyWeightedEnsemble -l (trees.HoeffdingTree -e 2000000 -g 100 -c 0.01) -n 10.0,ArffFileStream -f ./../../../Dataset/benchmarks/nomao.arff,1,15000.0,4.890625,5.445443093776702E-8,15000.0,0.996,0.5,0.5,0.0,0.0,0.996,0.5,0.004,0.996,15000.0,83024.0,0.0035840987654320996,0.0,0.0,0.0,0.0,0.0,0.0,0.0,0.0,0.0,0.0,0.0,0.0,0.0,0.0,0.0,0.0,0.0,0.0,0.0,0.0,0.0,0.0,0.0,0.0,0.0,0.0,0.0,0.0,0.0,500.0,0.0,299.2,111.31217363792696,1.2999999999999998,0.9486832980505138,1.2000000000000002,0.6324555320336759,1.2000000000000002,0.6324555320336759,0.09999999999999999,0.31622776601683794,0.0,0.0,0.0,0.0,1.0,0.0
meta.AccuracyWeightedEnsemble -l (trees.HoeffdingTree -e 2000000 -g 100 -c 0.01) -n 10.0,ArffFileStream -f ./../../../Dataset/benchmarks/nomao.arff,1,15500.0,5.03125,5.7474826462566844E-8,15500.0,0.998,0.5,0.5,0.0,0.0,0.998,0.5,0.002,0.998,15500.0,83024.0,0.0017959555555555555,0.0,0.0,0.0,0.0,0.0,0.0,0.0,0.0,0.0,0.0,0.0,0.0,0.0,0.0,0.0,0.0,0.0,0.0,0.0,0.0,0.0,0.0,0.0,0.0,0.0,0.0,0.0,0.0,0.0,500.0,0.0,299.2,111.31217363792696,1.2999999999999998,0.9486832980505138,1.2000000000000002,0.6324555320336759,1.2000000000000002,0.6324555320336759,0.09999999999999999,0.31622776601683794,0.0,0.0,0.0,0.0,1.0,0.0
meta.AccuracyWeightedEnsemble -l (trees.HoeffdingTree -e 2000000 -g 100 -c 0.01) -n 10.0,ArffFileStream -f ./../../../Dataset/benchmarks/nomao.arff,1,16000.0,5.203125,6.116642099287774E-8,16000.0,0.956,0.5,0.5,0.0,0.0,0.956,0.5,0.044,0.956,16000.0,83024.0,0.03838836389396019,0.0,0.0,0.0,0.0,0.0,0.0,0.0,0.0,0.0,0.0,0.0,0.0,0.0,0.0,0.0,0.0,0.0,0.0,0.0,0.0,0.0,0.0,0.0,0.0,0.0,0.0,0.0,0.0,0.0,500.0,0.0,299.2,111.31217363792696,1.2999999999999998,0.9486832980505138,1.2000000000000002,0.6324555320336759,1.2000000000000002,0.6324555320336759,0.09999999999999999,0.31622776601683794,0.0,0.0,0.0,0.0,1.0,0.0
meta.AccuracyWeightedEnsemble -l (trees.HoeffdingTree -e 2000000 -g 100 -c 0.01) -n 10.0,ArffFileStream -f ./../../../Dataset/benchmarks/nomao.arff,1,16500.0,5.375,6.485801552318863E-8,16500.0,0.44,0.5,0.5,0.0,0.0,0.44,0.5,0.56,0.44,16500.0,83024.0,0.24540000037498624,4.85847706072684E-4,0.0,0.0,0.0,0.0,0.0,0.0,0.0,0.0,0.0,0.0,0.0,0.0,0.0,0.0,0.0,0.0,0.0,0.0,0.0,0.0,0.0,0.0,0.0,0.0,0.0,0.0,0.0,0.0,500.0,0.0,299.2,111.31217363792695,1.2999999999999998,0.9486832980505138,1.2000000000000002,0.6324555320336759,1.2000000000000002,0.6324555320336759,0.10000000000000002,0.31622776601683794,0.0,0.0,0.0,0.0,1.0,0.0
meta.AccuracyWeightedEnsemble -l (trees.HoeffdingTree -e 2000000 -g 100 -c 0.01) -n 10.0,ArffFileStream -f ./../../../Dataset/benchmarks/nomao.arff,1,17000.0,5.5625,6.888520955625506E-8,17000.0,0.944,0.9517513736263736,0.9517513736263735,0.7504278379920137,0.9517010508084407,0.8265888778550149,0.9517513736263736,0.896,0.104,17000.0,83024.0,0.08978478513113275,0.037617973646844695,0.0,0.0,0.0,0.0,0.0,0.0,0.0,0.0,0.0,0.0,0.0,0.0,0.0,0.0,0.0,0.0,0.0,0.0,0.0,0.0,0.0,0.0,0.0,0.0,0.0,0.0,0.0,0.0,500.0,0.0,299.2,111.31217363792696,1.2999999999999998,0.9486832980505138,1.2000000000000002,0.6324555320336759,1.2000000000000002,0.6324555320336759,0.10000000000000002,0.31622776601683794,0.0,0.0,0.0,0.0,1.0,0.0
meta.AccuracyWeightedEnsemble -l (trees.HoeffdingTree -e 2000000 -g 100 -c 0.01) -n 10.0,ArffFileStream -f ./../../../Dataset/benchmarks/nomao.arff,1,17500.0,5.75,7.291201553824874E-8,17500.0,0.972,0.9858585858585859,0.9858585858585859,0.4072819644369179,0.9857571565640149,0.631578947368421,0.9858585858585859,0.99,0.01,17500.0,83016.0,0.008700000000000003,0.0,0.0,0.0,0.0,0.0,0.0,0.0,0.0,0.0,0.0,0.0,0.0,0.0,0.0,0.0,0.0,0.0,0.0,0.0,0.0,0.0,0.0,0.0,0.0,0.0,0.0,0.0,0.0,0.0,500.0,0.0,299.2,111.31217363792696,1.2999999999999998,0.9486832980505138,1.2000000000000002,0.6324555320336759,1.2000000000000002,0.6324555320336759,0.10000000000000002,0.31622776601683794,0.0,0.0,0.0,0.0,1.0,0.0
meta.AccuracyWeightedEnsemble -l (trees.HoeffdingTree -e 2000000 -g 100 -c 0.01) -n 10.0,ArffFileStream -f ./../../../Dataset/benchmarks/nomao.arff,1,18000.0,5.9375,7.693882152024242E-8,18000.0,0.924,0.8288288288288288,0.8288288288288288,0.7493205266907671,0.8109609470607433,0.955503512880562,0.8288288288288288,0.778,0.222,18000.0,83016.0,0.16540581857462344,0.090716,0.006284295388002709,0.003781258554002187,0.0,0.0,0.0,0.0,0.0,0.0,0.0,0.0,0.0,0.0,0.0,0.0,0.0,0.0,0.0,0.0,0.0,0.0,0.0,0.0,0.0,0.0,0.0,0.0,0.0,0.0,500.0,0.0,299.2,111.31217363792696,1.2999999999999998,0.9486832980505138,1.2000000000000002,0.6324555320336759,1.2000000000000002,0.6324555320336759,0.10000000000000002,0.31622776601683794,0.0,0.0,0.0,0.0,1.0,0.0
meta.AccuracyWeightedEnsemble -l (trees.HoeffdingTree -e 2000000 -g 100 -c 0.01) -n 10.0,ArffFileStream -f ./../../../Dataset/benchmarks/nomao.arff,1,18500.0,6.140625,8.130119466740223E-8,18500.0,0.9,0.8470438076416338,0.8470438076416338,0.7295308983901679,0.8395805033511546,0.8879326215022092,0.8470438076416338,0.736,0.264,18500.0,83016.0,0.18559600009387014,0.030347145823150734,0.0,0.0,0.0,0.0,0.0,0.0,0.0,0.0,0.0,0.0,0.0,0.0,0.0,0.0,0.0,0.0,0.0,0.0,0.0,0.0,0.0,0.0,0.0,0.0,0.0,0.0,0.0,0.0,500.0,0.0,299.2,111.31217363792696,1.2999999999999998,0.9486832980505138,1.2000000000000002,0.6324555320336759,1.2000000000000002,0.6324555320336759,0.09999999999999999,0.31622776601683794,0.0,0.0,0.0,0.0,1.0,0.0
meta.AccuracyWeightedEnsemble -l (trees.HoeffdingTree -e 2000000 -g 100 -c 0.01) -n 10.0,ArffFileStream -f ./../../../Dataset/benchmarks/nomao.arff,1,19000.0,6.3125,8.499243348422976E-8,19000.0,0.658,0.453392094017094,0.453392094017094,-0.03375731489094162,0.38795293352735283,0.4868527622384208,0.453392094017094,0.064,0.936,19000.0,83016.0,0.053912098765432084,0.0,0.0,0.0,0.0,0.0,0.0,0.0,0.0,0.0,0.0,0.0,0.0,0.0,0.0,0.0,0.0,0.0,0.0,0.0,0.0,0.0,0.0,0.0,0.0,0.0,0.0,0.0,0.0,0.0,500.0,0.0,299.2,111.31217363792696,1.2999999999999998,0.9486832980505138,1.2000000000000002,0.6324555320336759,1.2000000000000002,0.6324555320336759,0.09999999999999999,0.31622776601683794,0.0,0.0,0.0,0.0,1.0,0.0
meta.AccuracyWeightedEnsemble -l (trees.HoeffdingTree -e 2000000 -g 100 -c 0.01) -n 10.0,ArffFileStream -f ./../../../Dataset/benchmarks/nomao.arff,1,19500.0,6.515625,8.935480663138957E-8,19500.0,0.468,0.5,0.5,0.0,0.0,0.468,0.5,0.532,0.468,19500.0,83016.0,0.20787171613886493,0.0,0.0,0.0,0.0,0.0,0.0,0.0,0.0,0.0,0.0,0.0,0.0,0.0,0.0,0.0,0.0,0.0,0.0,0.0,0.0,0.0,0.0,0.0,0.0,0.0,0.0,0.0,0.0,0.0,500.0,0.0,299.2,111.31217363792696,1.2999999999999998,0.9486832980505138,1.2000000000000002,0.6324555320336759,1.2000000000000002,0.6324555320336759,0.09999999999999999,0.31622776601683794,0.0,0.0,0.0,0.0,1.0,0.0
meta.AccuracyWeightedEnsemble -l (trees.HoeffdingTree -e 2000000 -g 100 -c 0.01) -n 10.0,ArffFileStream -f ./../../../Dataset/benchmarks/nomao.arff,1,20000.0,6.703125,9.338161261338325E-8,20000.0,0.788,0.6651706404862086,0.6651706404862084,0.39997735763613723,0.5813527453214216,0.8497881272028831,0.6651706404862086,0.31,0.69,20000.0,83016.0,0.2079001623086855,0.1257166743550849,0.0741178143455595,0.05589982747303665,0.023485464162089298,0.0039676566635026556,0.0,0.0,0.0,0.0,0.0,0.0,0.0,0.0,0.0,0.0,0.0,0.0,0.0,0.0,0.0,0.0,0.0,0.0,0.0,0.0,0.0,0.0,0.0,0.0,500.0,0.0,299.2,111.31217363792696,1.2999999999999998,0.9486832980505138,1.2000000000000002,0.6324555320336759,1.2000000000000002,0.6324555320336759,0.09999999999999999,0.31622776601683794,0.0,0.0,0.0,0.0,1.0,0.0
meta.AccuracyWeightedEnsemble -l (trees.HoeffdingTree -e 2000000 -g 100 -c 0.01) -n 10.0,ArffFileStream -f ./../../../Dataset/benchmarks/nomao.arff,1,20500.0,6.890625,9.740841859537693E-8,20500.0,0.956,0.956,0.978,0.0,0.9777525249264253,0.5,0.956,0.0,1.0,20500.0,83016.0,0.0,0.0,0.0,0.0,0.0,0.0,0.0,0.0,0.0,0.0,0.0,0.0,0.0,0.0,0.0,0.0,0.0,0.0,0.0,0.0,0.0,0.0,0.0,0.0,0.0,0.0,0.0,0.0,0.0,0.0,500.0,0.0,299.2,111.31217363792696,1.2999999999999998,0.9486832980505138,1.2000000000000002,0.6324555320336759,1.2000000000000002,0.6324555320336759,0.09999999999999999,0.31622776601683794,0.0,0.0,0.0,0.0,1.0,0.0
meta.AccuracyWeightedEnsemble -l (trees.HoeffdingTree -e 2000000 -g 100 -c 0.01) -n 10.0,ArffFileStream -f ./../../../Dataset/benchmarks/nomao.arff,1,21000.0,7.09375,1.0177079174253674E-7,21000.0,0.25,0.5,0.5,0.0,0.0,0.25,0.5,0.25,0.75,21000.0,83016.0,0.1656497288174028,0.0,0.0,0.0,0.0,0.0,0.0,0.0,0.0,0.0,0.0,0.0,0.0,0.0,0.0,0.0,0.0,0.0,0.0,0.0,0.0,0.0,0.0,0.0,0.0,0.0,0.0,0.0,0.0,0.0,500.0,0.0,299.2,111.31217363792696,1.3,0.9486832980505139,1.2,0.6324555320336759,1.2,0.6324555320336759,0.1,0.31622776601683794,0.0,0.0,0.0,0.0,1.0,0.0
meta.AccuracyWeightedEnsemble -l (trees.HoeffdingTree -e 2000000 -g 100 -c 0.01) -n 10.0,ArffFileStream -f ./../../../Dataset/benchmarks/nomao.arff,1,21500.0,7.28125,1.0579759772453042E-7,21500.0,0.632,0.6285569105691057,0.6285569105691057,0.021526418786692758,0.6285468464731822,0.5086637901513595,0.6285569105691057,0.016,0.984,21500.0,83016.0,0.014168098765432102,0.0,0.0,0.0,0.0,0.0,0.0,0.0,0.0,0.0,0.0,0.0,0.0,0.0,0.0,0.0,0.0,0.0,0.0,0.0,0.0,0.0,0.0,0.0,0.0,0.0,0.0,0.0,0.0,0.0,500.0,0.0,264.0,0.0,1.0,0.0,1.0,0.0,1.0,0.0,0.0,0.0,0.0,0.0,0.0,0.0,1.0,0.0
meta.AccuracyWeightedEnsemble -l (trees.HoeffdingTree -e 2000000 -g 100 -c 0.01) -n 10.0,ArffFileStream -f ./../../../Dataset/benchmarks/nomao.arff,1,22000.0,7.46875,1.098244037065241E-7,22000.0,0.998,0.5,0.5,0.0,0.0,0.998,0.5,0.002,0.998,22000.0,83016.0,0.0017959555555555555,0.0,0.0,0.0,0.0,0.0,0.0,0.0,0.0,0.0,0.0,0.0,0.0,0.0,0.0,0.0,0.0,0.0,0.0,0.0,0.0,0.0,0.0,0.0,0.0,0.0,0.0,0.0,0.0,0.0,500.0,0.0,264.0,0.0,1.0,0.0,1.0,0.0,1.0,0.0,0.0,0.0,0.0,0.0,0.0,0.0,1.0,0.0
meta.AccuracyWeightedEnsemble -l (trees.HoeffdingTree -e 2000000 -g 100 -c 0.01) -n 10.0,ArffFileStream -f ./../../../Dataset/benchmarks/nomao.arff,1,22500.0,7.65625,1.1385120968851778E-7,22500.0,0.996,0.5,0.5,0.0,0.0,0.996,0.5,0.004,0.996,22500.0,83016.0,0.0035840987654320996,0.0,0.0,0.0,0.0,0.0,0.0,0.0,0.0,0.0,0.0,0.0,0.0,0.0,0.0,0.0,0.0,0.0,0.0,0.0,0.0,0.0,0.0,0.0,0.0,0.0,0.0,0.0,0.0,0.0,500.0,0.0,264.0,0.0,1.0,0.0,1.0,0.0,1.0,0.0,0.0,0.0,0.0,0.0,0.0,0.0,1.0,0.0
meta.AccuracyWeightedEnsemble -l (trees.HoeffdingTree -e 2000000 -g 100 -c 0.01) -n 10.0,ArffFileStream -f ./../../../Dataset/benchmarks/nomao.arff,1,23000.0,7.828125,1.1754244850534531E-7,23000.0,1.0,1.0,1.0,1.0,1.0,1.0,1.0,0.0,1.0,23000.0,83016.0,0.0,0.0,0.0,0.0,0.0,0.0,0.0,0.0,0.0,0.0,0.0,0.0,0.0,0.0,0.0,0.0,0.0,0.0,0.0,0.0,0.0,0.0,0.0,0.0,0.0,0.0,0.0,0.0,0.0,0.0,500.0,0.0,264.0,0.0,1.0,0.0,1.0,0.0,1.0,0.0,0.0,0.0,0.0,0.0,0.0,0.0,1.0,0.0
meta.AccuracyWeightedEnsemble -l (trees.HoeffdingTree -e 2000000 -g 100 -c 0.01) -n 10.0,ArffFileStream -f ./../../../Dataset/benchmarks/nomao.arff,1,23500.0,8.03125,1.2190482165250513E-7,23500.0,0.118,0.5,0.5,0.0,0.0,0.118,0.5,0.118,0.882,23500.0,83016.0,0.09241006404550053,0.008215758272721085,0.0,0.0,0.0,0.0,0.0,0.0,0.0,0.0,0.0,0.0,0.0,0.0,0.0,0.0,0.0,0.0,0.0,0.0,0.0,0.0,0.0,0.0,0.0,0.0,0.0,0.0,0.0,0.0,500.0,0.0,264.0,0.0,1.0,0.0,1.0,0.0,1.0,0.0,0.0,0.0,0.0,0.0,0.0,0.0,1.0,0.0
meta.AccuracyWeightedEnsemble -l (trees.HoeffdingTree -e 2000000 -g 100 -c 0.01) -n 10.0,ArffFileStream -f ./../../../Dataset/benchmarks/nomao.arff,1,24000.0,8.25,1.2660276196483108E-7,24000.0,0.328,0.5669524091043453,0.5669524091043453,0.06078089359989266,0.3981371045322462,0.5925245098039216,0.5669524091043453,0.796,0.204,24000.0,83016.0,0.15611457634670495,0.04838399999999997,0.0,0.0,0.0,0.0,0.0,0.0,0.0,0.0,0.0,0.0,0.0,0.0,0.0,0.0,0.0,0.0,0.0,0.0,0.0,0.0,0.0,0.0,0.0,0.0,0.0,0.0,0.0,0.0,500.0,0.0,264.0,0.0,1.0,0.0,1.0,0.0,1.0,0.0,0.0,0.0,0.0,0.0,0.0,0.0,1.0,0.0
meta.AccuracyWeightedEnsemble -l (trees.HoeffdingTree -e 2000000 -g 100 -c 0.01) -n 10.0,ArffFileStream -f ./../../../Dataset/benchmarks/nomao.arff,1,24500.0,8.421875,1.3029400078165862E-7,24500.0,1.0,1.0,1.0,1.0,1.0,1.0,1.0,1.0,0.0,24500.0,83016.0,0.0,0.0,0.0,0.0,0.0,0.0,0.0,0.0,0.0,0.0,0.0,0.0,0.0,0.0,0.0,0.0,0.0,0.0,0.0,0.0,0.0,0.0,0.0,0.0,0.0,0.0,0.0,0.0,0.0,0.0,500.0,0.0,264.0,0.0,1.0,0.0,1.0,0.0,1.0,0.0,0.0,0.0,0.0,0.0,0.0,0.0,1.0,0.0
meta.AccuracyWeightedEnsemble -l (trees.HoeffdingTree -e 2000000 -g 100 -c 0.01) -n 10.0,ArffFileStream -f ./../../../Dataset/benchmarks/nomao.arff,1,25000.0,8.625,1.3465637392881844E-7,25000.0,0.952,0.5,0.5,0.0,0.0,0.952,0.5,0.952,0.048,25000.0,83016.0,0.04360619595253562,0.023695999999999995,0.0,0.0,0.0,0.0,0.0,0.0,0.0,0.0,0.0,0.0,0.0,0.0,0.0,0.0,0.0,0.0,0.0,0.0,0.0,0.0,0.0,0.0,0.0,0.0,0.0,0.0,0.0,0.0,500.0,0.0,264.0,0.0,1.0,0.0,1.0,0.0,1.0,0.0,0.0,0.0,0.0,0.0,0.0,0.0,1.0,0.0
meta.AccuracyWeightedEnsemble -l (trees.HoeffdingTree -e 2000000 -g 100 -c 0.01) -n 10.0,ArffFileStream -f ./../../../Dataset/benchmarks/nomao.arff,1,25500.0,8.859375,1.3968988140631053E-7,25500.0,0.882,0.7790280963302753,0.7790280963302753,0.5135545148736891,0.7666350877687279,0.7390470050044518,0.7790280963302753,0.872,0.128,25500.0,83016.0,0.10596713810288594,0.023616000000000012,0.0,0.0,0.0,0.0,0.0,0.0,0.0,0.0,0.0,0.0,0.0,0.0,0.0,0.0,0.0,0.0,0.0,0.0,0.0,0.0,0.0,0.0,0.0,0.0,0.0,0.0,0.0,0.0,500.0,0.0,264.0,0.0,1.0,0.0,1.0,0.0,1.0,0.0,0.0,0.0,0.0,0.0,0.0,0.0,1.0,0.0
meta.AccuracyWeightedEnsemble -l (trees.HoeffdingTree -e 2000000 -g 100 -c 0.01) -n 10.0,ArffFileStream -f ./../../../Dataset/benchmarks/nomao.arff,1,26000.0,9.09375,1.4472338888380262E-7,26000.0,0.452,0.5970588235294118,0.5970588235294118,0.13356944093093853,0.440587842613506,0.684331797235023,0.5970588235294118,0.32,0.68,26000.0,83016.0,0.18719496012763498,0.0,0.0,0.0,0.0,0.0,0.0,0.0,0.0,0.0,0.0,0.0,0.0,0.0,0.0,0.0,0.0,0.0,0.0,0.0,0.0,0.0,0.0,0.0,0.0,0.0,0.0,0.0,0.0,0.0,500.0,0.0,264.0,0.0,1.0,0.0,1.0,0.0,1.0,0.0,0.0,0.0,0.0,0.0,0.0,0.0,1.0,0.0
meta.AccuracyWeightedEnsemble -l (trees.HoeffdingTree -e 2000000 -g 100 -c 0.01) -n 10.0,ArffFileStream -f ./../../../Dataset/benchmarks/nomao.arff,1,26500.0,9.265625,1.4841462770063015E-7,26500.0,1.0,1.0,1.0,1.0,1.0,1.0,1.0,0.0,1.0,26500.0,83016.0,0.0,0.0,0.0,0.0,0.0,0.0,0.0,0.0,0.0,0.0,0.0,0.0,0.0,0.0,0.0,0.0,0.0,0.0,0.0,0.0,0.0,0.0,0.0,0.0,0.0,0.0,0.0,0.0,0.0,0.0,500.0,0.0,264.0,0.0,1.0,0.0,1.0,0.0,1.0,0.0,0.0,0.0,0.0,0.0,0.0,0.0,1.0,0.0
meta.AccuracyWeightedEnsemble -l (trees.HoeffdingTree -e 2000000 -g 100 -c 0.01) -n 10.0,ArffFileStream -f ./../../../Dataset/benchmarks/nomao.arff,1,27000.0,9.453125,1.5244143368262382E-7,27000.0,0.0,0.0,0.5,0.0,0.0,0.0,0.0,0.0,1.0,27000.0,83016.0,0.0,0.0,0.0,0.0,0.0,0.0,0.0,0.0,0.0,0.0,0.0,0.0,0.0,0.0,0.0,0.0,0.0,0.0,0.0,0.0,0.0,0.0,0.0,0.0,0.0,0.0,0.0,0.0,0.0,0.0,500.0,0.0,264.0,0.0,1.0,0.0,1.0,0.0,1.0,0.0,0.0,0.0,0.0,0.0,0.0,0.0,1.0,0.0
meta.AccuracyWeightedEnsemble -l (trees.HoeffdingTree -e 2000000 -g 100 -c 0.01) -n 10.0,ArffFileStream -f ./../../../Dataset/benchmarks/nomao.arff,1,27500.0,9.625,1.5613267249945135E-7,27500.0,0.0,0.0,0.5,0.0,0.0,0.0,0.0,0.0,1.0,27500.0,83016.0,0.0,0.0,0.0,0.0,0.0,0.0,0.0,0.0,0.0,0.0,0.0,0.0,0.0,0.0,0.0,0.0,0.0,0.0,0.0,0.0,0.0,0.0,0.0,0.0,0.0,0.0,0.0,0.0,0.0,0.0,500.0,0.0,264.0,0.0,1.0,0.0,1.0,0.0,1.0,0.0,0.0,0.0,0.0,0.0,0.0,0.0,1.0,0.0
meta.AccuracyWeightedEnsemble -l (trees.HoeffdingTree -e 2000000 -g 100 -c 0.01) -n 10.0,ArffFileStream -f ./../../../Dataset/benchmarks/nomao.arff,1,28000.0,9.8125,1.6015947848144502E-7,28000.0,0.0,0.0,0.5,0.0,0.0,0.0,0.0,0.0,1.0,28000.0,83016.0,0.0,0.0,0.0,0.0,0.0,0.0,0.0,0.0,0.0,0.0,0.0,0.0,0.0,0.0,0.0,0.0,0.0,0.0,0.0,0.0,0.0,0.0,0.0,0.0,0.0,0.0,0.0,0.0,0.0,0.0,500.0,0.0,264.0,0.0,1.0,0.0,1.0,0.0,1.0,0.0,0.0,0.0,0.0,0.0,0.0,0.0,1.0,0.0
meta.AccuracyWeightedEnsemble -l (trees.HoeffdingTree -e 2000000 -g 100 -c 0.01) -n 10.0,ArffFileStream -f ./../../../Dataset/benchmarks/nomao.arff,1,28500.0,10.03125,1.6485741879377097E-7,28500.0,0.034,0.5,0.5,0.0,0.0,0.034,0.5,0.034,0.966,28500.0,83016.0,0.029557629629629635,0.0,0.0,0.0,0.0,0.0,0.0,0.0,0.0,0.0,0.0,0.0,0.0,0.0,0.0,0.0,0.0,0.0,0.0,0.0,0.0,0.0,0.0,0.0,0.0,0.0,0.0,0.0,0.0,0.0,500.0,0.0,264.0,0.0,1.0,0.0,1.0,0.0,1.0,0.0,0.0,0.0,0.0,0.0,0.0,0.0,1.0,0.0
meta.AccuracyWeightedEnsemble -l (trees.HoeffdingTree -e 2000000 -g 100 -c 0.01) -n 10.0,ArffFileStream -f ./../../../Dataset/benchmarks/nomao.arff,1,29000.0,10.28125,1.702264934364292E-7,29000.0,0.75,0.5,0.5,0.0,0.0,0.75,0.5,0.25,0.75,29000.0,83016.0,0.1722258780650815,0.015477738382048856,0.0,0.0,0.0,0.0,0.0,0.0,0.0,0.0,0.0,0.0,0.0,0.0,0.0,0.0,0.0,0.0,0.0,0.0,0.0,0.0,0.0,0.0,0.0,0.0,0.0,0.0,0.0,0.0,500.0,0.0,264.0,0.0,1.0,0.0,1.0,0.0,1.0,0.0,0.0,0.0,0.0,0.0,0.0,0.0,1.0,0.0
meta.AccuracyWeightedEnsemble -l (trees.HoeffdingTree -e 2000000 -g 100 -c 0.01) -n 10.0,ArffFileStream -f ./../../../Dataset/benchmarks/nomao.arff,1,29500.0,10.515625,1.7526000091392128E-7,29500.0,0.652,0.7218115622241836,0.7218115622241836,0.269938238453276,0.7137263760054166,0.6293425115800309,0.7218115622241836,0.824,0.176,29500.0,83016.0,0.12792289209121405,0.0,0.0,0.0,0.0,0.0,0.0,0.0,0.0,0.0,0.0,0.0,0.0,0.0,0.0,0.0,0.0,0.0,0.0,0.0,0.0,0.0,0.0,0.0,0.0,0.0,0.0,0.0,0.0,0.0,500.0,0.0,264.0,0.0,1.0,0.0,1.0,0.0,1.0,0.0,0.0,0.0,0.0,0.0,0.0,0.0,1.0,0.0
meta.AccuracyWeightedEnsemble -l (trees.HoeffdingTree -e 2000000 -g 100 -c 0.01) -n 10.0,ArffFileStream -f ./../../../Dataset/benchmarks/nomao.arff,1,30000.0,10.734375,1.7995794122624724E-7,30000.0,0.932,0.48140495867768596,0.48140495867768596,-0.03507062834875792,0.0,0.483402489626556,0.48140495867768596,0.968,0.032,30000.0,83016.0,0.02786093827160494,0.0,0.0,0.0,0.0,0.0,0.0,0.0,0.0,0.0,0.0,0.0,0.0,0.0,0.0,0.0,0.0,0.0,0.0,0.0,0.0,0.0,0.0,0.0,0.0,0.0,0.0,0.0,0.0,0.0,500.0,0.0,264.0,0.0,1.0,0.0,1.0,0.0,1.0,0.0,0.0,0.0,0.0,0.0,0.0,0.0,1.0,0.0
meta.AccuracyWeightedEnsemble -l (trees.HoeffdingTree -e 2000000 -g 100 -c 0.01) -n 10.0,ArffFileStream -f ./../../../Dataset/benchmarks/nomao.arff,1,30500.0,10.96875,1.8499144870373933E-7,30500.0,0.966,0.5,0.5,0.0,0.0,0.966,0.5,0.966,0.034,30500.0,83016.0,0.029557629629629635,0.0,0.0,0.0,0.0,0.0,0.0,0.0,0.0,0.0,0.0,0.0,0.0,0.0,0.0,0.0,0.0,0.0,0.0,0.0,0.0,0.0,0.0,0.0,0.0,0.0,0.0,0.0,0.0,0.0,500.0,0.0,264.0,0.0,1.0,0.0,1.0,0.0,1.0,0.0,0.0,0.0,0.0,0.0,0.0,0.0,1.0,0.0
meta.AccuracyWeightedEnsemble -l (trees.HoeffdingTree -e 2000000 -g 100 -c 0.01) -n 10.0,ArffFileStream -f ./../../../Dataset/benchmarks/nomao.arff,1,31000.0,11.203125,1.9002495618123142E-7,31000.0,0.966,0.5,0.5,0.0,0.0,0.966,0.5,0.966,0.034,31000.0,83016.0,0.029342074074074083,1.3877787807814457E-17,0.0,0.0,0.0,0.0,0.0,0.0,0.0,0.0,0.0,0.0,0.0,0.0,0.0,0.0,0.0,0.0,0.0,0.0,0.0,0.0,0.0,0.0,0.0,0.0,0.0,0.0,0.0,0.0,500.0,0.0,264.0,0.0,1.0,0.0,1.0,0.0,1.0,0.0,0.0,0.0,0.0,0.0,0.0,0.0,1.0,0.0
meta.AccuracyWeightedEnsemble -l (trees.HoeffdingTree -e 2000000 -g 100 -c 0.01) -n 10.0,ArffFileStream -f ./../../../Dataset/benchmarks/nomao.arff,1,31500.0,11.4375,1.950584636587235E-7,31500.0,0.874,0.5,0.5,0.0,0.0,0.874,0.5,0.874,0.126,31500.0,83016.0,0.09768538271604937,0.0,0.0,0.0,0.0,0.0,0.0,0.0,0.0,0.0,0.0,0.0,0.0,0.0,0.0,0.0,0.0,0.0,0.0,0.0,0.0,0.0,0.0,0.0,0.0,0.0,0.0,0.0,0.0,0.0,500.0,0.0,264.0,0.0,1.0,0.0,1.0,0.0,1.0,0.0,0.0,0.0,0.0,0.0,0.0,0.0,1.0,0.0
meta.AccuracyWeightedEnsemble -l (trees.HoeffdingTree -e 2000000 -g 100 -c 0.01) -n 10.0,ArffFileStream -f ./../../../Dataset/benchmarks/nomao.arff,1,32000.0,11.671875,2.000919711362156E-7,32000.0,0.858,0.5,0.5,0.0,0.0,0.858,0.5,0.858,0.142,32000.0,83016.0,0.10965155555555554,0.0,0.0,0.0,0.0,0.0,0.0,0.0,0.0,0.0,0.0,0.0,0.0,0.0,0.0,0.0,0.0,0.0,0.0,0.0,0.0,0.0,0.0,0.0,0.0,0.0,0.0,0.0,0.0,0.0,500.0,0.0,264.0,0.0,1.0,0.0,1.0,0.0,1.0,0.0,0.0,0.0,0.0,0.0,0.0,0.0,1.0,0.0
meta.AccuracyWeightedEnsemble -l (trees.HoeffdingTree -e 2000000 -g 100 -c 0.01) -n 10.0,ArffFileStream -f ./../../../Dataset/benchmarks/nomao.arff,1,32500.0,11.921875,2.0546104577887381E-7,32500.0,0.744,0.5,0.5,0.0,0.0,0.744,0.5,0.744,0.256,32500.0,83016.0,0.18172224783353189,0.0,0.0,0.0,0.0,0.0,0.0,0.0,0.0,0.0,0.0,0.0,0.0,0.0,0.0,0.0,0.0,0.0,0.0,0.0,0.0,0.0,0.0,0.0,0.0,0.0,0.0,0.0,0.0,0.0,500.0,0.0,264.0,0.0,1.0,0.0,1.0,0.0,1.0,0.0,0.0,0.0,0.0,0.0,0.0,0.0,1.0,0.0
meta.AccuracyWeightedEnsemble -l (trees.HoeffdingTree -e 2000000 -g 100 -c 0.01) -n 10.0,ArffFileStream -f ./../../../Dataset/benchmarks/nomao.arff,1,33000.0,12.140625,2.1015898609119977E-7,33000.0,0.978,0.9539976484420929,0.9539976484420929,0.6919802867383512,0.9536587547839802,0.7815604776228238,0.9539976484420929,0.972,0.028,33000.0,83016.0,0.024433432098765435,0.0,0.0,0.0,0.0,0.0,0.0,0.0,0.0,0.0,0.0,0.0,0.0,0.0,0.0,0.0,0.0,0.0,0.0,0.0,0.0,0.0,0.0,0.0,0.0,0.0,0.0,0.0,0.0,0.0,500.0,0.0,264.0,0.0,1.0,0.0,1.0,0.0,1.0,0.0,0.0,0.0,0.0,0.0,0.0,0.0,1.0,0.0
meta.AccuracyWeightedEnsemble -l (trees.HoeffdingTree -e 2000000 -g 100 -c 0.01) -n 10.0,ArffFileStream -f ./../../../Dataset/benchmarks/nomao.arff,1,33500.0,12.390625,2.15528060733858E-7,33500.0,0.728,0.7494005787515503,0.7494005787515503,0.47011610691186784,0.7399093829638418,0.7467242479265839,0.7494005787515503,0.59,0.41,33500.0,83016.0,0.22309994509806547,0.025815717233385632,0.015540215242655198,0.0,0.0,0.0,0.0,0.0,0.0,0.0,0.0,0.0,0.0,0.0,0.0,0.0,0.0,0.0,0.0,0.0,0.0,0.0,0.0,0.0,0.0,0.0,0.0,0.0,0.0,0.0,500.0,0.0,264.0,0.0,1.0,0.0,1.0,0.0,1.0,0.0,0.0,0.0,0.0,0.0,0.0,0.0,1.0,0.0
meta.AccuracyWeightedEnsemble -l (trees.HoeffdingTree -e 2000000 -g 100 -c 0.01) -n 10.0,ArffFileStream -f ./../../../Dataset/benchmarks/nomao.arff,1,34000.0,12.671875,2.215682697068485E-7,34000.0,0.834,0.8400301356102462,0.8400301356102462,0.6542588643028526,0.8397459614424563,0.8207796876021175,0.8400301356102462,0.638,0.362,34000.0,83016.0,0.2161370695087473,0.0657169810358248,0.030542308481425362,0.011883949962159579,0.0,0.0,0.0,0.0,0.0,0.0,0.0,0.0,0.0,0.0,0.0,0.0,0.0,0.0,0.0,0.0,0.0,0.0,0.0,0.0,0.0,0.0,0.0,0.0,0.0,0.0,500.0,0.0,264.0,0.0,1.0,0.0,1.0,0.0,1.0,0.0,0.0,0.0,0.0,0.0,0.0,0.0,1.0,0.0
meta.AccuracyWeightedEnsemble -l (trees.HoeffdingTree -e 2000000 -g 100 -c 0.01) -n 10.0,ArffFileStream -f ./../../../Dataset/benchmarks/nomao.arff,1,34465.0,12.703125,2.222491053139997E-7,34465.0,0.69,0.5528960837444128,0.5528960837444128,0.10545269864721363,0.4948611533379174,0.552558910162003,0.5528960837444128,0.778,0.222,34465.0,84216.0,0.2161370695087473,0.0657169810358248,0.030542308481425362,0.011883949962159579,0.0,0.0,0.0,0.0,0.0,0.0,0.0,0.0,0.0,0.0,0.0,0.0,0.0,0.0,0.0,0.0,0.0,0.0,0.0,0.0,0.0,0.0,0.0,0.0,0.0,0.0,500.0,0.0,264.0,0.0,1.0,0.0,1.0,0.0,1.0,0.0,0.0,0.0,0.0,0.0,0.0,0.0,1.0,0.0
