Learner,stream,randomSeed,learning evaluation instances,evaluation time (cpu seconds),model cost (RAM-Hours),classified instances,Accuracy,AvgAccuracy,AUC,Kappa,G-Mean,Precision,Recall,Ratio-Class-0,Ratio-Class-1,Ratio-Class-2,Ratio-Class-3,Ratio-Class-4,Ratio-Class-5,model training instances,model serialized size (bytes),Member weight 1,Member weight 2,Member weight 3,Member weight 4,Member weight 5,Member weight 6,Member weight 7,Member weight 8,Member weight 9,Member weight 10,Stored member weight 11,Stored member weight 12,Stored member weight 13,Stored member weight 14,Stored member weight 15,Stored member weight 16,Stored member weight 17,Stored member weight 18,Stored member weight 19,Stored member weight 20,Stored member weight 21,Stored member weight 22,Stored member weight 23,Stored member weight 24,Stored member weight 25,Stored member weight 26,Stored member weight 27,Stored member weight 28,Stored member weight 29,Stored member weight 30,[avg] model training instances,[err] model training instances,[avg] model serialized size (bytes),[err] model serialized size (bytes),[avg] tree size (nodes),[err] tree size (nodes),[avg] tree size (leaves),[err] tree size (leaves),[avg] active learning leaves,[err] active learning leaves,[avg] tree depth,[err] tree depth,[avg] active leaf byte size estimate,[err] active leaf byte size estimate,[avg] inactive leaf byte size estimate,[err] inactive leaf byte size estimate,[avg] byte size estimate overhead,[err] byte size estimate overhead
meta.AccuracyWeightedEnsemble -l (trees.HoeffdingTree -e 2000000 -g 100 -c 0.01) -n 10.0,ArffFileStream -f ./../../../Dataset/benchmarks/gas-sensor.arff,1,500.0,0.859375,2.285459130588505E-9,500.0,0.29,0.16666666666666666,0.8333333333333334,0.0,0.0,0.29,0.16666666666666666,0.29,0.196,0.166,0.06,0.14,0.148,500.0,10280.0,0.6277176502959846,-1.0,-1.0,-1.0,-1.0,-1.0,-1.0,-1.0,-1.0,-1.0,-1.0,-1.0,-1.0,-1.0,-1.0,-1.0,-1.0,-1.0,-1.0,-1.0,-1.0,-1.0,-1.0,-1.0,-1.0,-1.0,-1.0,-1.0,-1.0,-1.0,0.0,0.0,0.0,0.0,0.0,0.0,0.0,0.0,0.0,0.0,0.0,0.0,0.0,0.0,0.0,0.0,0.0,0.0
meta.AccuracyWeightedEnsemble -l (trees.HoeffdingTree -e 2000000 -g 100 -c 0.01) -n 10.0,ArffFileStream -f ./../../../Dataset/benchmarks/gas-sensor.arff,1,1000.0,1.71875,5.122274160385132E-9,1000.0,0.85,0.5864454577084364,0.8832474203048871,0.7242302346616857,0.0,0.5524823673205861,0.5864454577084364,0.218,0.668,0.082,0.008,0.014,0.01,1000.0,12760.0,0.29942311494766993,0.14648885943121412,-1.0,-1.0,-1.0,-1.0,-1.0,-1.0,-1.0,-1.0,-1.0,-1.0,-1.0,-1.0,-1.0,-1.0,-1.0,-1.0,-1.0,-1.0,-1.0,-1.0,-1.0,-1.0,-1.0,-1.0,-1.0,-1.0,-1.0,-1.0,500.0,0.0,296.0,0.0,1.0,0.0,1.0,0.0,1.0,0.0,0.0,0.0,0.0,0.0,0.0,0.0,1.0,0.0
meta.AccuracyWeightedEnsemble -l (trees.HoeffdingTree -e 2000000 -g 100 -c 0.01) -n 10.0,ArffFileStream -f ./../../../Dataset/benchmarks/gas-sensor.arff,1,1500.0,2.328125,7.527317696561416E-9,1500.0,0.154,0.07638888888888888,0.9076388888888888,0.05634280411193603,0.0,0.3333333333333333,0.07638888888888888,0.0,0.0,0.118,0.21,0.672,0.0,1500.0,15256.0,0.29075248,0.0,0.0,-1.0,-1.0,-1.0,-1.0,-1.0,-1.0,-1.0,-1.0,-1.0,-1.0,-1.0,-1.0,-1.0,-1.0,-1.0,-1.0,-1.0,-1.0,-1.0,-1.0,-1.0,-1.0,-1.0,-1.0,-1.0,-1.0,-1.0,500.0,0.0,293.3333333333333,4.61880215351701,1.0,0.0,1.0,0.0,1.0,0.0,0.0,0.0,0.0,0.0,0.0,0.0,1.0,0.0
meta.AccuracyWeightedEnsemble -l (trees.HoeffdingTree -e 2000000 -g 100 -c 0.01) -n 10.0,ArffFileStream -f ./../../../Dataset/benchmarks/gas-sensor.arff,1,2000.0,2.890625,1.010708122824629E-8,2000.0,0.626,0.5935027816056755,0.9712527269975736,0.2991792527077165,0.833171200698091,0.567287784679089,0.5935027816056755,0.622,0.0,0.0,0.0,0.378,0.0,2000.0,17728.0,0.233516,0.0,0.0,0.0,-1.0,-1.0,-1.0,-1.0,-1.0,-1.0,-1.0,-1.0,-1.0,-1.0,-1.0,-1.0,-1.0,-1.0,-1.0,-1.0,-1.0,-1.0,-1.0,-1.0,-1.0,-1.0,-1.0,-1.0,-1.0,-1.0,500.0,0.0,292.0,4.618802153516998,1.0,0.0,1.0,0.0,1.0,0.0,0.0,0.0,0.0,0.0,0.0,0.0,1.0,0.0
meta.AccuracyWeightedEnsemble -l (trees.HoeffdingTree -e 2000000 -g 100 -c 0.01) -n 10.0,ArffFileStream -f ./../../../Dataset/benchmarks/gas-sensor.arff,1,2500.0,3.34375,1.247500121179554E-8,2500.0,0.098,0.5,0.9666666666666667,0.0,0.0,0.098,0.5,0.098,0.902,0.0,0.0,0.0,0.0,2500.0,20200.0,0.08819600000000002,0.084396,0.0,0.0,0.0,-1.0,-1.0,-1.0,-1.0,-1.0,-1.0,-1.0,-1.0,-1.0,-1.0,-1.0,-1.0,-1.0,-1.0,-1.0,-1.0,-1.0,-1.0,-1.0,-1.0,-1.0,-1.0,-1.0,-1.0,-1.0,500.0,0.0,286.4,13.145341380123988,1.0,0.0,1.0,0.0,1.0,0.0,0.0,0.0,0.0,0.0,0.0,0.0,1.0,0.0
meta.AccuracyWeightedEnsemble -l (trees.HoeffdingTree -e 2000000 -g 100 -c 0.01) -n 10.0,ArffFileStream -f ./../../../Dataset/benchmarks/gas-sensor.arff,1,3000.0,3.9375,1.5956272060672442E-8,3000.0,0.078,0.46794871794871795,0.8623931623931624,0.037891626109242085,0.0,0.08232466927070775,0.46794871794871795,0.01,0.078,0.432,0.48,0.0,0.0,3000.0,22664.0,0.33781764586390056,0.17327311526961392,0.0,0.0,0.0,0.0,-1.0,-1.0,-1.0,-1.0,-1.0,-1.0,-1.0,-1.0,-1.0,-1.0,-1.0,-1.0,-1.0,-1.0,-1.0,-1.0,-1.0,-1.0,-1.0,-1.0,-1.0,-1.0,-1.0,-1.0,500.0,0.0,285.3333333333333,12.0443624433453,1.0,0.0,1.0,0.0,1.0,0.0,0.0,0.0,0.0,0.0,0.0,0.0,1.0,0.0
meta.AccuracyWeightedEnsemble -l (trees.HoeffdingTree -e 2000000 -g 100 -c 0.01) -n 10.0,ArffFileStream -f ./../../../Dataset/benchmarks/gas-sensor.arff,1,3500.0,4.609375,2.0329445962690647E-8,3500.0,0.684,0.8057721020405424,0.9619718101529127,0.5666127218366843,0.8101772933382267,0.6862433602203424,0.8057721020405424,0.184,0.158,0.024,0.06,0.574,0.0,3500.0,25160.0,0.41091990105890436,0.0,0.0,0.0,0.0,0.0,0.0,-1.0,-1.0,-1.0,-1.0,-1.0,-1.0,-1.0,-1.0,-1.0,-1.0,-1.0,-1.0,-1.0,-1.0,-1.0,-1.0,-1.0,-1.0,-1.0,-1.0,-1.0,-1.0,-1.0,500.0,0.0,285.7142857142857,11.041048949477666,1.0,0.0,1.0,0.0,1.0,0.0,0.0,0.0,0.0,0.0,0.0,0.0,1.0,0.0
meta.AccuracyWeightedEnsemble -l (trees.HoeffdingTree -e 2000000 -g 100 -c 0.01) -n 10.0,ArffFileStream -f ./../../../Dataset/benchmarks/gas-sensor.arff,1,4000.0,5.34375,2.5579065550118688E-8,4000.0,0.95,0.7817805383022775,0.9302967563837129,0.9222607808749083,0.0,0.915857973798738,0.7817805383022775,0.528,0.214,0.04,0.092,0.126,0.0,4000.0,27632.0,0.45620136624290514,0.4088003125334025,0.23055497305653283,0.20080136000000004,0.0,0.0,0.0,0.0,-1.0,-1.0,-1.0,-1.0,-1.0,-1.0,-1.0,-1.0,-1.0,-1.0,-1.0,-1.0,-1.0,-1.0,-1.0,-1.0,-1.0,-1.0,-1.0,-1.0,-1.0,-1.0,500.0,0.0,286.0,10.2539191113865,1.0,0.0,1.0,0.0,1.0,0.0,0.0,0.0,0.0,0.0,0.0,0.0,1.0,0.0
meta.AccuracyWeightedEnsemble -l (trees.HoeffdingTree -e 2000000 -g 100 -c 0.01) -n 10.0,ArffFileStream -f ./../../../Dataset/benchmarks/gas-sensor.arff,1,4500.0,6.265625,3.276619180623028E-8,4500.0,0.772,0.5569466991341991,0.7770065035290439,0.6791154846482093,0.0,0.6863719564579605,0.5569466991341991,0.384,0.04,0.22,0.058,0.28,0.018,4500.0,30136.0,0.5215380637137087,0.2484003183003367,0.12470547093445383,0.0,0.0,0.0,0.0,0.0,0.0,-1.0,-1.0,-1.0,-1.0,-1.0,-1.0,-1.0,-1.0,-1.0,-1.0,-1.0,-1.0,-1.0,-1.0,-1.0,-1.0,-1.0,-1.0,-1.0,-1.0,-1.0,500.0,0.0,287.1111111111111,10.154364141151879,1.0,0.0,1.0,0.0,1.0,0.0,0.0,0.0,0.0,0.0,0.0,0.0,1.0,0.0
meta.AccuracyWeightedEnsemble -l (trees.HoeffdingTree -e 2000000 -g 100 -c 0.01) -n 10.0,ArffFileStream -f ./../../../Dataset/benchmarks/gas-sensor.arff,1,5000.0,6.9375,3.8429764875521264E-8,5000.0,0.286,0.5961538461538461,0.9709673354168766,0.05409415605061789,0.7597419539765853,0.38060309698451505,0.5961538461538461,0.116,0.884,0.0,0.0,0.0,0.0,5000.0,32584.0,0.10046383158894685,0.0,0.0,0.0,0.0,0.0,0.0,0.0,0.0,0.0,-1.0,-1.0,-1.0,-1.0,-1.0,-1.0,-1.0,-1.0,-1.0,-1.0,-1.0,-1.0,-1.0,-1.0,-1.0,-1.0,-1.0,-1.0,-1.0,-1.0,500.0,0.0,284.8,12.044362443345296,1.0,0.0,1.0,0.0,1.0,0.0,0.0,0.0,0.0,0.0,0.0,0.0,1.0,0.0
meta.AccuracyWeightedEnsemble -l (trees.HoeffdingTree -e 2000000 -g 100 -c 0.01) -n 10.0,ArffFileStream -f ./../../../Dataset/benchmarks/gas-sensor.arff,1,5500.0,7.65625,4.495109250355098E-8,5500.0,0.018,0.3333333333333333,0.8666666666666667,0.006121160105581915,0.0,0.01355421686746988,0.3333333333333333,0.0,0.018,0.0,0.0,0.932,0.05,5500.0,35072.0,0.05967725492315555,0.0,0.0,0.0,0.0,0.0,0.0,0.0,0.0,0.0,0.0,-1.0,-1.0,-1.0,-1.0,-1.0,-1.0,-1.0,-1.0,-1.0,-1.0,-1.0,-1.0,-1.0,-1.0,-1.0,-1.0,-1.0,-1.0,-1.0,500.0,0.0,285.6,12.536169891779373,1.0,0.0,1.0,0.0,1.0,0.0,0.0,0.0,0.0,0.0,0.0,0.0,1.0,0.0
meta.AccuracyWeightedEnsemble -l (trees.HoeffdingTree -e 2000000 -g 100 -c 0.01) -n 10.0,ArffFileStream -f ./../../../Dataset/benchmarks/gas-sensor.arff,1,6000.0,8.46875,5.284262846948372E-8,6000.0,0.0,0.0,0.9,0.0,0.0,0.0,0.0,0.07,0.064,0.0,0.0,0.0,0.866,6000.0,37544.0,0.129185650598956,0.0,0.0,0.0,0.0,0.0,0.0,0.0,0.0,0.0,0.0,0.0,-1.0,-1.0,-1.0,-1.0,-1.0,-1.0,-1.0,-1.0,-1.0,-1.0,-1.0,-1.0,-1.0,-1.0,-1.0,-1.0,-1.0,-1.0,500.0,0.0,288.8,10.293471501663351,1.0,0.0,1.0,0.0,1.0,0.0,0.0,0.0,0.0,0.0,0.0,0.0,1.0,0.0
meta.AccuracyWeightedEnsemble -l (trees.HoeffdingTree -e 2000000 -g 100 -c 0.01) -n 10.0,ArffFileStream -f ./../../../Dataset/benchmarks/gas-sensor.arff,1,6500.0,9.125,5.963352224272158E-8,6500.0,0.924,0.9266409266409266,0.9951093951093951,0.8486321122990392,0.9739023600722786,0.931899641577061,0.9266409266409266,0.518,0.482,0.0,0.0,0.0,0.0,6500.0,40000.0,0.2474793094217501,0.1738307673551246,0.14369731343868036,0.0336759999443724,0.0,0.0,0.0,0.0,0.0,0.0,0.0,0.0,0.0,-1.0,-1.0,-1.0,-1.0,-1.0,-1.0,-1.0,-1.0,-1.0,-1.0,-1.0,-1.0,-1.0,-1.0,-1.0,-1.0,-1.0,500.0,0.0,286.4,12.95462165492386,1.0,0.0,1.0,0.0,1.0,0.0,0.0,0.0,0.0,0.0,0.0,0.0,1.0,0.0
meta.AccuracyWeightedEnsemble -l (trees.HoeffdingTree -e 2000000 -g 100 -c 0.01) -n 10.0,ArffFileStream -f ./../../../Dataset/benchmarks/gas-sensor.arff,1,7000.0,10.03125,6.958910186464588E-8,7000.0,0.018,0.41666666666666663,0.8555555555555556,0.008297179605257842,0.0,0.02173146433924006,0.41666666666666663,0.01,0.012,0.0,0.482,0.496,0.0,7000.0,42464.0,0.2592652399604924,0.10388180714097062,0.0,0.0,0.0,0.0,0.0,0.0,0.0,0.0,0.0,0.0,0.0,0.0,-1.0,-1.0,-1.0,-1.0,-1.0,-1.0,-1.0,-1.0,-1.0,-1.0,-1.0,-1.0,-1.0,-1.0,-1.0,-1.0,500.0,0.0,287.2,12.76105185493909,1.0,0.0,1.0,0.0,1.0,0.0,0.0,0.0,0.0,0.0,0.0,0.0,1.0,0.0
meta.AccuracyWeightedEnsemble -l (trees.HoeffdingTree -e 2000000 -g 100 -c 0.01) -n 10.0,ArffFileStream -f ./../../../Dataset/benchmarks/gas-sensor.arff,1,7500.0,11.0625,8.158162624264757E-8,7500.0,0.196,0.3990333686440678,0.8532044491525423,0.08542827892162438,0.0,0.2379796017484216,0.3990333686440678,0.0,0.0,0.322,0.118,0.128,0.432,7500.0,44952.0,0.4658714461777761,0.05626173387168937,0.0,0.0,0.0,0.0,0.0,0.0,0.0,0.0,0.0,0.0,0.0,0.0,0.0,-1.0,-1.0,-1.0,-1.0,-1.0,-1.0,-1.0,-1.0,-1.0,-1.0,-1.0,-1.0,-1.0,-1.0,-1.0,500.0,0.0,287.2,12.761051854939092,1.0,0.0,1.0,0.0,1.0,0.0,0.0,0.0,0.0,0.0,0.0,0.0,1.0,0.0
meta.AccuracyWeightedEnsemble -l (trees.HoeffdingTree -e 2000000 -g 100 -c 0.01) -n 10.0,ArffFileStream -f ./../../../Dataset/benchmarks/gas-sensor.arff,1,8000.0,11.984375,9.289176280920704E-8,8000.0,0.546,0.6277032766567796,0.9451208578960518,0.42200064165567536,0.6982422480528521,0.5492639462809917,0.6277032766567796,0.474,0.0,0.324,0.0,0.0,0.202,8000.0,47424.0,0.4000363556527352,0.10069225726718267,0.0,0.0,0.0,0.0,0.0,0.0,0.0,0.0,0.0,0.0,0.0,0.0,0.0,0.0,-1.0,-1.0,-1.0,-1.0,-1.0,-1.0,-1.0,-1.0,-1.0,-1.0,-1.0,-1.0,-1.0,-1.0,500.0,0.0,288.0,13.063945294843615,1.0,0.0,1.0,0.0,1.0,0.0,0.0,0.0,0.0,0.0,0.0,0.0,1.0,0.0
meta.AccuracyWeightedEnsemble -l (trees.HoeffdingTree -e 2000000 -g 100 -c 0.01) -n 10.0,ArffFileStream -f ./../../../Dataset/benchmarks/gas-sensor.arff,1,8500.0,13.09375,1.0721631244652801E-7,8500.0,0.426,0.48159679607260514,0.8802661326787676,0.2431913591966753,0.0,0.5819304152637487,0.48159679607260514,0.226,0.0,0.064,0.1,0.336,0.274,8500.0,49912.0,0.5572211933528531,0.12686086841663963,0.08876076726327842,0.015021199999999846,0.01300766305326262,0.0,0.0,0.0,0.0,0.0,0.0,0.0,0.0,0.0,0.0,0.0,0.0,-1.0,-1.0,-1.0,-1.0,-1.0,-1.0,-1.0,-1.0,-1.0,-1.0,-1.0,-1.0,-1.0,500.0,0.0,288.0,13.063945294843611,1.0,0.0,1.0,0.0,1.0,0.0,0.0,0.0,0.0,0.0,0.0,0.0,1.0,0.0
meta.AccuracyWeightedEnsemble -l (trees.HoeffdingTree -e 2000000 -g 100 -c 0.01) -n 10.0,ArffFileStream -f ./../../../Dataset/benchmarks/gas-sensor.arff,1,9000.0,14.28125,1.2330904913445314E-7,9000.0,0.366,0.355171783625731,0.74563216374269,0.24122017540500174,0.0,0.3041192283364959,0.355171783625731,0.0,0.242,0.0,0.242,0.288,0.228,9000.0,52384.0,0.5280702424407996,0.011973199999999795,0.0,0.0,0.0,0.0,0.0,0.0,0.0,0.0,0.0,0.0,0.0,0.0,0.0,0.0,0.0,0.0,-1.0,-1.0,-1.0,-1.0,-1.0,-1.0,-1.0,-1.0,-1.0,-1.0,-1.0,-1.0,500.0,0.0,291.2,10.1192885125388,1.0,0.0,1.0,0.0,1.0,0.0,0.0,0.0,0.0,0.0,0.0,0.0,1.0,0.0
meta.AccuracyWeightedEnsemble -l (trees.HoeffdingTree -e 2000000 -g 100 -c 0.01) -n 10.0,ArffFileStream -f ./../../../Dataset/benchmarks/gas-sensor.arff,1,9500.0,15.25,1.3705685786488985E-7,9500.0,0.606,0.6132199372157089,0.9665520143718961,0.40400556664851456,0.8292334788622312,0.3449275362318841,0.6132199372157089,0.0,0.484,0.0,0.516,0.0,0.0,9500.0,54856.0,0.2411440033618418,0.0,0.0,0.0,0.0,0.0,0.0,0.0,0.0,0.0,0.0,0.0,0.0,0.0,0.0,0.0,0.0,0.0,0.0,-1.0,-1.0,-1.0,-1.0,-1.0,-1.0,-1.0,-1.0,-1.0,-1.0,-1.0,500.0,0.0,289.6,10.532489417670135,1.0,0.0,1.0,0.0,1.0,0.0,0.0,0.0,0.0,0.0,0.0,0.0,1.0,0.0
meta.AccuracyWeightedEnsemble -l (trees.HoeffdingTree -e 2000000 -g 100 -c 0.01) -n 10.0,ArffFileStream -f ./../../../Dataset/benchmarks/gas-sensor.arff,1,10000.0,16.375,1.5374150178912614E-7,10000.0,0.176,0.1924537370824321,0.6718240807498198,0.031299375517267324,0.0,0.22421692379616642,0.1924537370824321,0.182,0.19,0.09,0.146,0.354,0.038,10000.0,57328.0,0.5955163589462404,0.13035342505838332,0.12664212745983916,0.10879128514724423,0.0,0.0,0.0,0.0,0.0,0.0,0.0,0.0,0.0,0.0,0.0,0.0,0.0,0.0,0.0,0.0,-1.0,-1.0,-1.0,-1.0,-1.0,-1.0,-1.0,-1.0,-1.0,-1.0,500.0,0.0,292.0,5.656854249492382,1.0,0.0,1.0,0.0,1.0,0.0,0.0,0.0,0.0,0.0,0.0,0.0,1.0,0.0
meta.AccuracyWeightedEnsemble -l (trees.HoeffdingTree -e 2000000 -g 100 -c 0.01) -n 10.0,ArffFileStream -f ./../../../Dataset/benchmarks/gas-sensor.arff,1,10500.0,17.609375,1.7284276610654262E-7,10500.0,0.158,0.28424242424242424,0.6794471094471095,0.09220286355011213,0.0,0.25286218206572186,0.28424242424242424,0.0,0.09,0.32,0.22,0.1,0.27,10500.0,59816.0,0.5621871006408969,0.16671451350087058,0.02522865783532513,0.02351418247906667,0.0,0.0,0.0,0.0,0.0,0.0,0.0,0.0,0.0,0.0,0.0,0.0,0.0,0.0,0.0,0.0,0.0,-1.0,-1.0,-1.0,-1.0,-1.0,-1.0,-1.0,-1.0,-1.0,500.0,0.0,290.3999999999999,6.586180818788516,1.0,0.0,1.0,0.0,1.0,0.0,0.0,0.0,0.0,0.0,0.0,0.0,1.0,0.0
meta.AccuracyWeightedEnsemble -l (trees.HoeffdingTree -e 2000000 -g 100 -c 0.01) -n 10.0,ArffFileStream -f ./../../../Dataset/benchmarks/gas-sensor.arff,1,11000.0,18.875,1.9323698426079419E-7,11000.0,0.462,0.466025641025641,0.9007035741564529,0.3031449147712554,0.5892034822505609,0.4188783411923282,0.466025641025641,0.0,0.26,0.24,0.24,0.0,0.26,11000.0,62288.0,0.5306137010062896,0.07966735641647871,0.0,0.0,0.0,0.0,0.0,0.0,0.0,0.0,0.0,0.0,0.0,0.0,0.0,0.0,0.0,0.0,0.0,0.0,0.0,0.0,-1.0,-1.0,-1.0,-1.0,-1.0,-1.0,-1.0,-1.0,500.0,0.0,290.4,6.586180818788512,1.0,0.0,1.0,0.0,1.0,0.0,0.0,0.0,0.0,0.0,0.0,0.0,1.0,0.0
meta.AccuracyWeightedEnsemble -l (trees.HoeffdingTree -e 2000000 -g 100 -c 0.01) -n 10.0,ArffFileStream -f ./../../../Dataset/benchmarks/gas-sensor.arff,1,11500.0,20.109375,2.139221437068449E-7,11500.0,0.48,0.5166349206349207,0.9230094832594179,0.24888054311714575,0.5779159825277062,0.5151203758073988,0.5166349206349207,0.35,0.5,0.0,0.0,0.0,0.15,11500.0,64776.0,0.35759693969737055,0.15334073577721133,0.08335006138272111,0.08326373776129631,0.033842455090899004,0.019325253305678913,0.0,0.0,0.0,0.0,0.0,0.0,0.0,0.0,0.0,0.0,0.0,0.0,0.0,0.0,0.0,0.0,0.0,-1.0,-1.0,-1.0,-1.0,-1.0,-1.0,-1.0,500.0,0.0,288.0,13.59738536958076,1.0,0.0,1.0,0.0,1.0,0.0,0.0,0.0,0.0,0.0,0.0,0.0,1.0,0.0
meta.AccuracyWeightedEnsemble -l (trees.HoeffdingTree -e 2000000 -g 100 -c 0.01) -n 10.0,ArffFileStream -f ./../../../Dataset/benchmarks/gas-sensor.arff,1,12000.0,21.359375,2.3566852582411633E-7,12000.0,0.602,0.5769122807017544,0.9296589834207426,0.42357269066998815,0.6033279947619328,0.7021826877333033,0.5769122807017544,0.38,0.25,0.0,0.0,0.25,0.12,12000.0,67248.0,0.5010036248524496,0.1122458666656771,0.07367203003664552,0.013748485708858227,0.0,0.0,0.0,0.0,0.0,0.0,0.0,0.0,0.0,0.0,0.0,0.0,0.0,0.0,0.0,0.0,0.0,0.0,0.0,0.0,-1.0,-1.0,-1.0,-1.0,-1.0,-1.0,500.0,0.0,289.6,13.492384683385085,1.0,0.0,1.0,0.0,1.0,0.0,0.0,0.0,0.0,0.0,0.0,0.0,1.0,0.0
meta.AccuracyWeightedEnsemble -l (trees.HoeffdingTree -e 2000000 -g 100 -c 0.01) -n 10.0,ArffFileStream -f ./../../../Dataset/benchmarks/gas-sensor.arff,1,12500.0,22.578125,2.576556936320331E-7,12500.0,0.568,0.3797852077001013,0.7592394334644718,0.37966685812751294,0.0,0.40484973741854474,0.3797852077001013,0.35,0.0,0.03,0.12,0.47,0.03,12500.0,69736.0,0.3979054867363377,0.02427581810043189,0.0,0.0,0.0,0.0,0.0,0.0,0.0,0.0,0.0,0.0,0.0,0.0,0.0,0.0,0.0,0.0,0.0,0.0,0.0,0.0,0.0,0.0,0.0,-1.0,-1.0,-1.0,-1.0,-1.0,500.0,0.0,289.6,13.492384683385088,1.0,0.0,1.0,0.0,1.0,0.0,0.0,0.0,0.0,0.0,0.0,0.0,1.0,0.0
meta.AccuracyWeightedEnsemble -l (trees.HoeffdingTree -e 2000000 -g 100 -c 0.01) -n 10.0,ArffFileStream -f ./../../../Dataset/benchmarks/gas-sensor.arff,1,13000.0,23.921875,2.8275729467471437E-7,13000.0,0.522,0.45821678321678316,0.773921056508008,0.41960708127929286,0.0,0.5382511109853739,0.45821678321678316,0.12,0.12,0.26,0.05,0.12,0.33,13000.0,72208.0,0.5809054339668422,0.14179112753737283,0.0,0.0,0.0,0.0,0.0,0.0,0.0,0.0,0.0,0.0,0.0,0.0,0.0,0.0,0.0,0.0,0.0,0.0,0.0,0.0,0.0,0.0,0.0,0.0,-1.0,-1.0,-1.0,-1.0,500.0,0.0,289.6,13.492384683385087,1.0,0.0,1.0,0.0,1.0,0.0,0.0,0.0,0.0,0.0,0.0,0.0,1.0,0.0
meta.AccuracyWeightedEnsemble -l (trees.HoeffdingTree -e 2000000 -g 100 -c 0.01) -n 10.0,ArffFileStream -f ./../../../Dataset/benchmarks/gas-sensor.arff,1,13500.0,25.28125,3.0902573295558486E-7,13500.0,0.622,0.612790039615167,0.9556754232549257,0.4427901765971874,0.7790852968326378,0.33047910295616717,0.612790039615167,0.0,0.0,0.5,0.31,0.0,0.19,13500.0,74696.0,0.3712116272234707,0.025220138121642255,0.0,0.0,0.0,0.0,0.0,0.0,0.0,0.0,0.0,0.0,0.0,0.0,0.0,0.0,0.0,0.0,0.0,0.0,0.0,0.0,0.0,0.0,0.0,0.0,0.0,-1.0,-1.0,-1.0,500.0,0.0,289.6,13.492384683385088,1.0,0.0,1.0,0.0,1.0,0.0,0.0,0.0,0.0,0.0,0.0,0.0,1.0,0.0
meta.AccuracyWeightedEnsemble -l (trees.HoeffdingTree -e 2000000 -g 100 -c 0.01) -n 10.0,ArffFileStream -f ./../../../Dataset/benchmarks/gas-sensor.arff,1,13910.0,25.359375,3.1056193013985944E-7,13910.0,0.394,0.44821428571428573,0.9042376888325128,0.25406203840472674,0.5557693172341933,0.4586094866796621,0.44821428571428573,0.0,0.0,0.14,0.36,0.36,0.14,13910.0,76008.0,0.3712116272234707,0.025220138121642255,0.0,0.0,0.0,0.0,0.0,0.0,0.0,0.0,0.0,0.0,0.0,0.0,0.0,0.0,0.0,0.0,0.0,0.0,0.0,0.0,0.0,0.0,0.0,0.0,0.0,-1.0,-1.0,-1.0,500.0,0.0,289.6,13.492384683385088,1.0,0.0,1.0,0.0,1.0,0.0,0.0,0.0,0.0,0.0,0.0,0.0,1.0,0.0
