Learner,stream,randomSeed,learning evaluation instances,evaluation time (cpu seconds),model cost (RAM-Hours),classified instances,Accuracy,AvgAccuracy,AUC,Kappa,G-Mean,Precision,Recall,Ratio-Class-0,Ratio-Class-1,model training instances,model serialized size (bytes)
meta.imbalanced.OnlineRUSBoost -l (trees.HoeffdingTree -e 2000000 -g 100 -c 0.01),ArffFileStream -f ./../../../Dataset/benchmarks/nomao.arff,1,500.0,0.90625,2.256322962542375E-9,500.0,0.478,0.6886967837888083,0.6886967837888084,0.03017241379310345,0.652479646834574,0.5163446054750402,0.6886967837888083,0.022,0.978,500.0,9624.0
meta.imbalanced.OnlineRUSBoost -l (trees.HoeffdingTree -e 2000000 -g 100 -c 0.01),ArffFileStream -f ./../../../Dataset/benchmarks/nomao.arff,1,1000.0,1.109375,2.7620505231122177E-9,1000.0,0.998,0.998,0.999,0.0,0.9989994994993742,0.5,0.998,0.0,1.0,1000.0,9624.0
meta.imbalanced.OnlineRUSBoost -l (trees.HoeffdingTree -e 2000000 -g 100 -c 0.01),ArffFileStream -f ./../../../Dataset/benchmarks/nomao.arff,1,1500.0,1.3125,3.2677780836820603E-9,1500.0,0.998,0.998,0.999,0.0,0.9989994994993742,0.5,0.998,0.0,1.0,1500.0,9624.0
meta.imbalanced.OnlineRUSBoost -l (trees.HoeffdingTree -e 2000000 -g 100 -c 0.01),ArffFileStream -f ./../../../Dataset/benchmarks/nomao.arff,1,2000.0,2.15625,5.368492566049098E-9,2000.0,0.976,0.7777777777777778,0.7777777777777778,0.7028231797919762,0.7453559924999299,0.9876288659793815,0.7777777777777778,0.054,0.946,2000.0,9624.0
meta.imbalanced.OnlineRUSBoost -l (trees.HoeffdingTree -e 2000000 -g 100 -c 0.01),ArffFileStream -f ./../../../Dataset/benchmarks/nomao.arff,1,2500.0,3.3125,8.247249449292819E-9,2500.0,0.954,0.9505099959200327,0.9505099959200326,0.9056758530183727,0.9501830440591236,0.9557988243841227,0.9505099959200327,0.43,0.57,2500.0,9624.0
meta.imbalanced.OnlineRUSBoost -l (trees.HoeffdingTree -e 2000000 -g 100 -c 0.01),ArffFileStream -f ./../../../Dataset/benchmarks/nomao.arff,1,3000.0,3.8125,9.492117290695508E-9,3000.0,0.984,0.9245283018867925,0.9245283018867925,0.9095636445851232,0.9214426752509268,0.9912087912087912,0.9245283018867925,0.106,0.894,3000.0,9624.0
meta.imbalanced.OnlineRUSBoost -l (trees.HoeffdingTree -e 2000000 -g 100 -c 0.01),ArffFileStream -f ./../../../Dataset/benchmarks/nomao.arff,1,3500.0,4.09375,1.019235545148452E-8,3500.0,1.0,1.0,1.0,1.0,1.0,1.0,1.0,0.0,1.0,3500.0,9624.0
meta.imbalanced.OnlineRUSBoost -l (trees.HoeffdingTree -e 2000000 -g 100 -c 0.01),ArffFileStream -f ./../../../Dataset/benchmarks/nomao.arff,1,4000.0,4.265625,1.0620278771966695E-8,4000.0,0.994,0.994,0.997,0.0,0.9969954864491614,0.5,0.994,0.0,1.0,4000.0,9624.0
meta.imbalanced.OnlineRUSBoost -l (trees.HoeffdingTree -e 2000000 -g 100 -c 0.01),ArffFileStream -f ./../../../Dataset/benchmarks/nomao.arff,1,4500.0,4.390625,1.0931495732317367E-8,4500.0,1.0,1.0,1.0,1.0,1.0,1.0,1.0,0.0,1.0,4500.0,9624.0
meta.imbalanced.OnlineRUSBoost -l (trees.HoeffdingTree -e 2000000 -g 100 -c 0.01),ArffFileStream -f ./../../../Dataset/benchmarks/nomao.arff,1,5000.0,4.578125,1.1398321172843376E-8,5000.0,1.0,1.0,1.0,1.0,1.0,1.0,1.0,0.0,1.0,5000.0,9624.0
meta.imbalanced.OnlineRUSBoost -l (trees.HoeffdingTree -e 2000000 -g 100 -c 0.01),ArffFileStream -f ./../../../Dataset/benchmarks/nomao.arff,1,5500.0,4.6875,1.1670636013150215E-8,5500.0,1.0,1.0,1.0,1.0,1.0,1.0,1.0,0.0,1.0,5500.0,9624.0
meta.imbalanced.OnlineRUSBoost -l (trees.HoeffdingTree -e 2000000 -g 100 -c 0.01),ArffFileStream -f ./../../../Dataset/benchmarks/nomao.arff,1,6000.0,4.828125,1.202075509354472E-8,6000.0,0.998,0.998,0.999,0.0,0.9989994994993742,0.5,0.998,0.0,1.0,6000.0,9624.0
meta.imbalanced.OnlineRUSBoost -l (trees.HoeffdingTree -e 2000000 -g 100 -c 0.01),ArffFileStream -f ./../../../Dataset/benchmarks/nomao.arff,1,6500.0,4.921875,1.2254167813807725E-8,6500.0,1.0,1.0,1.0,1.0,1.0,1.0,1.0,0.0,1.0,6500.0,9624.0
meta.imbalanced.OnlineRUSBoost -l (trees.HoeffdingTree -e 2000000 -g 100 -c 0.01),ArffFileStream -f ./../../../Dataset/benchmarks/nomao.arff,1,7000.0,5.078125,1.2643189014246065E-8,7000.0,1.0,1.0,1.0,1.0,1.0,1.0,1.0,0.0,1.0,7000.0,9624.0
meta.imbalanced.OnlineRUSBoost -l (trees.HoeffdingTree -e 2000000 -g 100 -c 0.01),ArffFileStream -f ./../../../Dataset/benchmarks/nomao.arff,1,7500.0,5.234375,1.3032210214684406E-8,7500.0,1.0,1.0,1.0,1.0,1.0,1.0,1.0,0.0,1.0,7500.0,9624.0
meta.imbalanced.OnlineRUSBoost -l (trees.HoeffdingTree -e 2000000 -g 100 -c 0.01),ArffFileStream -f ./../../../Dataset/benchmarks/nomao.arff,1,8000.0,5.359375,1.3343427175035078E-8,8000.0,1.0,1.0,1.0,1.0,1.0,1.0,1.0,0.0,1.0,8000.0,9624.0
meta.imbalanced.OnlineRUSBoost -l (trees.HoeffdingTree -e 2000000 -g 100 -c 0.01),ArffFileStream -f ./../../../Dataset/benchmarks/nomao.arff,1,8500.0,5.484375,1.365464413538575E-8,8500.0,1.0,1.0,1.0,1.0,1.0,1.0,1.0,0.0,1.0,8500.0,9624.0
meta.imbalanced.OnlineRUSBoost -l (trees.HoeffdingTree -e 2000000 -g 100 -c 0.01),ArffFileStream -f ./../../../Dataset/benchmarks/nomao.arff,1,9000.0,5.625,1.4004763215780256E-8,9000.0,1.0,1.0,1.0,1.0,1.0,1.0,1.0,0.0,1.0,9000.0,9624.0
meta.imbalanced.OnlineRUSBoost -l (trees.HoeffdingTree -e 2000000 -g 100 -c 0.01),ArffFileStream -f ./../../../Dataset/benchmarks/nomao.arff,1,9500.0,5.75,1.4315980176130928E-8,9500.0,0.998,0.998,0.999,0.0,0.9989994994993742,0.5,0.998,0.0,1.0,9500.0,9624.0
meta.imbalanced.OnlineRUSBoost -l (trees.HoeffdingTree -e 2000000 -g 100 -c 0.01),ArffFileStream -f ./../../../Dataset/benchmarks/nomao.arff,1,10000.0,5.84375,1.4549392896393932E-8,10000.0,1.0,1.0,1.0,1.0,1.0,1.0,1.0,0.0,1.0,10000.0,9624.0
meta.imbalanced.OnlineRUSBoost -l (trees.HoeffdingTree -e 2000000 -g 100 -c 0.01),ArffFileStream -f ./../../../Dataset/benchmarks/nomao.arff,1,10500.0,5.9375,1.4782805616656936E-8,10500.0,1.0,1.0,1.0,1.0,1.0,1.0,1.0,0.0,1.0,10500.0,9624.0
meta.imbalanced.OnlineRUSBoost -l (trees.HoeffdingTree -e 2000000 -g 100 -c 0.01),ArffFileStream -f ./../../../Dataset/benchmarks/nomao.arff,1,11000.0,6.015625,1.4977316216876106E-8,11000.0,1.0,1.0,1.0,1.0,1.0,1.0,1.0,0.0,1.0,11000.0,9624.0
meta.imbalanced.OnlineRUSBoost -l (trees.HoeffdingTree -e 2000000 -g 100 -c 0.01),ArffFileStream -f ./../../../Dataset/benchmarks/nomao.arff,1,11500.0,6.125,1.5249631057182945E-8,11500.0,1.0,1.0,1.0,1.0,1.0,1.0,1.0,0.0,1.0,11500.0,9624.0
meta.imbalanced.OnlineRUSBoost -l (trees.HoeffdingTree -e 2000000 -g 100 -c 0.01),ArffFileStream -f ./../../../Dataset/benchmarks/nomao.arff,1,12000.0,6.21875,1.548304377744595E-8,12000.0,0.998,0.998,0.999,0.0,0.9989994994993742,0.5,0.998,0.0,1.0,12000.0,9624.0
meta.imbalanced.OnlineRUSBoost -l (trees.HoeffdingTree -e 2000000 -g 100 -c 0.01),ArffFileStream -f ./../../../Dataset/benchmarks/nomao.arff,1,12500.0,6.84375,1.7039128579199312E-8,12500.0,0.986,0.9857679914070892,0.9857679914070892,0.970656292967571,0.9857674062182169,0.9848972206865356,0.9857679914070892,0.392,0.608,12500.0,9624.0
meta.imbalanced.OnlineRUSBoost -l (trees.HoeffdingTree -e 2000000 -g 100 -c 0.01),ArffFileStream -f ./../../../Dataset/benchmarks/nomao.arff,1,13000.0,7.078125,1.762266037985682E-8,13000.0,0.996,0.996,0.998,0.0,0.997997995989972,0.5,0.996,0.0,1.0,13000.0,9624.0
meta.imbalanced.OnlineRUSBoost -l (trees.HoeffdingTree -e 2000000 -g 100 -c 0.01),ArffFileStream -f ./../../../Dataset/benchmarks/nomao.arff,1,13500.0,7.203125,1.7933877340207495E-8,13500.0,0.996,0.996,0.998,0.0,0.997997995989972,0.5,0.996,0.0,1.0,13500.0,9624.0
meta.imbalanced.OnlineRUSBoost -l (trees.HoeffdingTree -e 2000000 -g 100 -c 0.01),ArffFileStream -f ./../../../Dataset/benchmarks/nomao.arff,1,14000.0,7.484375,1.863411550099651E-8,14000.0,0.99,0.6875,0.6875,0.541452677916361,0.6123724356957945,0.9949698189134809,0.6875,0.016,0.984,14000.0,9624.0
meta.imbalanced.OnlineRUSBoost -l (trees.HoeffdingTree -e 2000000 -g 100 -c 0.01),ArffFileStream -f ./../../../Dataset/benchmarks/nomao.arff,1,14500.0,8.078125,2.0112396062662203E-8,14500.0,0.97,0.6188524590163935,0.6188524590163934,0.2707117852975496,0.49691672291058664,0.6575016972165648,0.6188524590163935,0.024,0.976,14500.0,9624.0
meta.imbalanced.OnlineRUSBoost -l (trees.HoeffdingTree -e 2000000 -g 100 -c 0.01),ArffFileStream -f ./../../../Dataset/benchmarks/nomao.arff,1,15000.0,8.375,2.085153634349505E-8,15000.0,0.984,0.4939759036144578,0.4939759036144578,-0.006036217303822937,0.0,0.4979757085020243,0.4939759036144578,0.004,0.996,15000.0,9624.0
meta.imbalanced.OnlineRUSBoost -l (trees.HoeffdingTree -e 2000000 -g 100 -c 0.01),ArffFileStream -f ./../../../Dataset/benchmarks/nomao.arff,1,15500.0,8.625,2.1473970264196393E-8,15500.0,0.994,0.49799599198396793,0.49799599198396793,-0.00267379679144385,0.0,0.49899598393574296,0.49799599198396793,0.002,0.998,15500.0,9624.0
meta.imbalanced.OnlineRUSBoost -l (trees.HoeffdingTree -e 2000000 -g 100 -c 0.01),ArffFileStream -f ./../../../Dataset/benchmarks/nomao.arff,1,16000.0,9.234375,2.299115294590592E-8,16000.0,0.974,0.747907949790795,0.747907949790795,0.6160207939508506,0.7056259276633725,0.9117832885800032,0.747907949790795,0.044,0.956,16000.0,9624.0
meta.imbalanced.OnlineRUSBoost -l (trees.HoeffdingTree -e 2000000 -g 100 -c 0.01),ArffFileStream -f ./../../../Dataset/benchmarks/nomao.arff,1,16500.0,9.640625,2.4002608067045607E-8,16500.0,0.988,0.9887987012987013,0.9887987012987013,0.975696694750486,0.9887762999933662,0.9870276915113871,0.9887987012987013,0.56,0.44,16500.0,9624.0
meta.imbalanced.OnlineRUSBoost -l (trees.HoeffdingTree -e 2000000 -g 100 -c 0.01),ArffFileStream -f ./../../../Dataset/benchmarks/nomao.arff,1,17000.0,10.28125,2.55975949888428E-8,17000.0,0.98,0.9718406593406593,0.9718406593406593,0.89789250122529,0.9717860525178018,0.9287720393197066,0.9718406593406593,0.896,0.104,17000.0,9624.0
meta.imbalanced.OnlineRUSBoost -l (trees.HoeffdingTree -e 2000000 -g 100 -c 0.01),ArffFileStream -f ./../../../Dataset/benchmarks/nomao.arff,1,17500.0,10.625,2.645344162980715E-8,17500.0,0.994,0.897979797979798,0.897979797979798,0.7242647058823529,0.8926184385098018,0.8323211875843455,0.897979797979798,0.99,0.01,17500.0,9624.0
meta.imbalanced.OnlineRUSBoost -l (trees.HoeffdingTree -e 2000000 -g 100 -c 0.01),ArffFileStream -f ./../../../Dataset/benchmarks/nomao.arff,1,18000.0,11.296875,2.8126232791692014E-8,18000.0,0.976,0.9620417332499595,0.9620417332499595,0.9300715601034941,0.9617141184971071,0.9681128135338699,0.9620417332499595,0.778,0.222,18000.0,9624.0
meta.imbalanced.OnlineRUSBoost -l (trees.HoeffdingTree -e 2000000 -g 100 -c 0.01),ArffFileStream -f ./../../../Dataset/benchmarks/nomao.arff,1,18500.0,12.015625,2.991573031370838E-8,18500.0,0.958,0.9520339262187089,0.9520339262187089,0.8932188911036082,0.9519500130807708,0.941535460778991,0.9520339262187089,0.736,0.264,18500.0,9624.0
meta.imbalanced.OnlineRUSBoost -l (trees.HoeffdingTree -e 2000000 -g 100 -c 0.01),ArffFileStream -f ./../../../Dataset/benchmarks/nomao.arff,1,19000.0,13.3125,3.314460627734661E-8,19000.0,0.952,0.7123397435897436,0.7123397435897436,0.5145631067961165,0.6571841641739594,0.83125,0.7123397435897436,0.064,0.936,19000.0,9624.0
meta.imbalanced.OnlineRUSBoost -l (trees.HoeffdingTree -e 2000000 -g 100 -c 0.01),ArffFileStream -f ./../../../Dataset/benchmarks/nomao.arff,1,19500.0,16.375,4.076942180593808E-8,19500.0,0.812,0.8155966840177367,0.8155966840177367,0.6257246607632032,0.8136582296463876,0.8159418425115801,0.8155966840177367,0.532,0.468,19500.0,9624.0
meta.imbalanced.OnlineRUSBoost -l (trees.HoeffdingTree -e 2000000 -g 100 -c 0.01),ArffFileStream -f ./../../../Dataset/benchmarks/nomao.arff,1,20000.0,17.203125,4.2831234168261285E-8,20000.0,0.978,0.9769518466573166,0.9769518466573165,0.9488467261904762,0.9769479527988139,0.9720001480494485,0.9769518466573166,0.31,0.69,20000.0,9624.0
meta.imbalanced.OnlineRUSBoost -l (trees.HoeffdingTree -e 2000000 -g 100 -c 0.01),ArffFileStream -f ./../../../Dataset/benchmarks/nomao.arff,1,20500.0,17.5,4.3570374449094135E-8,20500.0,1.0,1.0,1.0,1.0,1.0,1.0,1.0,0.0,1.0,20500.0,9624.0
meta.imbalanced.OnlineRUSBoost -l (trees.HoeffdingTree -e 2000000 -g 100 -c 0.01),ArffFileStream -f ./../../../Dataset/benchmarks/nomao.arff,1,21000.0,19.125,4.7616194933652876E-8,21000.0,0.908,0.8453333333333333,0.8453333333333333,0.7378917378917379,0.8359904305672403,0.9016849053326386,0.8453333333333333,0.25,0.75,21000.0,9624.0
meta.imbalanced.OnlineRUSBoost -l (trees.HoeffdingTree -e 2000000 -g 100 -c 0.01),ArffFileStream -f ./../../../Dataset/benchmarks/nomao.arff,1,21500.0,19.765625,4.921118185545007E-8,21500.0,0.982,0.49898373983739835,0.49898373983739835,-0.003568242640499554,0.0,0.49198396793587174,0.49898373983739835,0.016,0.984,21500.0,9624.0
meta.imbalanced.OnlineRUSBoost -l (trees.HoeffdingTree -e 2000000 -g 100 -c 0.01),ArffFileStream -f ./../../../Dataset/benchmarks/nomao.arff,1,22000.0,20.109375,5.006702849641442E-8,22000.0,0.996,0.49899799599198397,0.49899799599198397,-0.002004008016032064,0.0,0.49899799599198397,0.49899799599198397,0.002,0.998,22000.0,9624.0
meta.imbalanced.OnlineRUSBoost -l (trees.HoeffdingTree -e 2000000 -g 100 -c 0.01),ArffFileStream -f ./../../../Dataset/benchmarks/nomao.arff,1,22500.0,20.515625,5.107848361755411E-8,22500.0,0.994,0.49899598393574296,0.49899598393574296,-0.00267379679144385,0.0,0.49799599198396793,0.49899598393574296,0.004,0.996,22500.0,9624.0
meta.imbalanced.OnlineRUSBoost -l (trees.HoeffdingTree -e 2000000 -g 100 -c 0.01),ArffFileStream -f ./../../../Dataset/benchmarks/nomao.arff,1,23000.0,20.765625,5.1700917538255455E-8,23000.0,1.0,1.0,1.0,1.0,1.0,1.0,1.0,0.0,1.0,23000.0,9624.0
meta.imbalanced.OnlineRUSBoost -l (trees.HoeffdingTree -e 2000000 -g 100 -c 0.01),ArffFileStream -f ./../../../Dataset/benchmarks/nomao.arff,1,23500.0,22.0625,5.492979350189368E-8,23500.0,0.926,0.7011222568123294,0.7011222568123294,0.5308378981537837,0.6363449184978627,0.9246186303148329,0.7011222568123294,0.118,0.882,23500.0,9624.0
meta.imbalanced.OnlineRUSBoost -l (trees.HoeffdingTree -e 2000000 -g 100 -c 0.01),ArffFileStream -f ./../../../Dataset/benchmarks/nomao.arff,1,24000.0,23.296875,5.800306098535657E-8,24000.0,0.936,0.930633559956646,0.930633559956646,0.8137975979890141,0.9305894099527717,0.887833880557281,0.930633559956646,0.796,0.204,24000.0,9624.0
meta.imbalanced.OnlineRUSBoost -l (trees.HoeffdingTree -e 2000000 -g 100 -c 0.01),ArffFileStream -f ./../../../Dataset/benchmarks/nomao.arff,1,24500.0,23.6875,5.8975613986452424E-8,24500.0,0.998,0.998,0.999,0.0,0.9989994994993742,0.5,0.998,1.0,0.0,24500.0,9624.0
meta.imbalanced.OnlineRUSBoost -l (trees.HoeffdingTree -e 2000000 -g 100 -c 0.01),ArffFileStream -f ./../../../Dataset/benchmarks/nomao.arff,1,25000.0,24.15625,6.014267758776744E-8,25000.0,0.986,0.8937324929971988,0.8937324929971989,0.8371487064954402,0.8878853169945169,0.9471617457003678,0.8937324929971988,0.952,0.048,25000.0,9624.0
meta.imbalanced.OnlineRUSBoost -l (trees.HoeffdingTree -e 2000000 -g 100 -c 0.01),ArffFileStream -f ./../../../Dataset/benchmarks/nomao.arff,1,25500.0,25.03125,6.232119631022215E-8,25500.0,0.968,0.9416571100917431,0.9416571100917431,0.8603741971516337,0.9409912058788246,0.9195261437908497,0.9416571100917431,0.872,0.128,25500.0,9624.0
meta.imbalanced.OnlineRUSBoost -l (trees.HoeffdingTree -e 2000000 -g 100 -c 0.01),ArffFileStream -f ./../../../Dataset/benchmarks/nomao.arff,1,26000.0,26.640625,6.632811467473706E-8,26000.0,0.95,0.9433823529411764,0.9433823529411764,0.8853000550559735,0.9432032405272877,0.9419282141482987,0.9433823529411764,0.32,0.68,26000.0,9624.0
meta.imbalanced.OnlineRUSBoost -l (trees.HoeffdingTree -e 2000000 -g 100 -c 0.01),ArffFileStream -f ./../../../Dataset/benchmarks/nomao.arff,1,26500.0,27.078125,6.741737403596442E-8,26500.0,0.996,0.996,0.998,0.0,0.997997995989972,0.5,0.996,0.0,1.0,26500.0,9624.0
meta.imbalanced.OnlineRUSBoost -l (trees.HoeffdingTree -e 2000000 -g 100 -c 0.01),ArffFileStream -f ./../../../Dataset/benchmarks/nomao.arff,1,27000.0,27.328125,6.803980795666577E-8,27000.0,0.998,0.998,0.999,0.0,0.9989994994993742,0.5,0.998,0.0,1.0,27000.0,9624.0
meta.imbalanced.OnlineRUSBoost -l (trees.HoeffdingTree -e 2000000 -g 100 -c 0.01),ArffFileStream -f ./../../../Dataset/benchmarks/nomao.arff,1,27500.0,27.5,6.846773127714794E-8,27500.0,1.0,1.0,1.0,1.0,1.0,1.0,1.0,0.0,1.0,27500.0,9624.0
meta.imbalanced.OnlineRUSBoost -l (trees.HoeffdingTree -e 2000000 -g 100 -c 0.01),ArffFileStream -f ./../../../Dataset/benchmarks/nomao.arff,1,28000.0,27.703125,6.897345883771778E-8,28000.0,0.998,0.998,0.999,0.0,0.9989994994993742,0.5,0.998,0.0,1.0,28000.0,9624.0
meta.imbalanced.OnlineRUSBoost -l (trees.HoeffdingTree -e 2000000 -g 100 -c 0.01),ArffFileStream -f ./../../../Dataset/benchmarks/nomao.arff,1,28500.0,28.21875,7.025722879916431E-8,28500.0,0.976,0.7889416636219706,0.7889416636219706,0.6126533247256294,0.762984863440289,0.8261168384879725,0.7889416636219706,0.034,0.966,28500.0,9624.0
meta.imbalanced.OnlineRUSBoost -l (trees.HoeffdingTree -e 2000000 -g 100 -c 0.01),ArffFileStream -f ./../../../Dataset/benchmarks/nomao.arff,1,29000.0,29.96875,7.461426624407372E-8,29000.0,0.922,0.8493333333333333,0.8493333333333333,0.7705882352941177,0.8368066283994966,0.9437669376693767,0.8493333333333333,0.25,0.75,29000.0,9624.0
meta.imbalanced.OnlineRUSBoost -l (trees.HoeffdingTree -e 2000000 -g 100 -c 0.01),ArffFileStream -f ./../../../Dataset/benchmarks/nomao.arff,1,29500.0,31.25,7.78042400876681E-8,29500.0,0.932,0.9229920564872021,0.9229920564872022,0.7830082712141325,0.9228873682305664,0.8672062063020785,0.9229920564872021,0.824,0.176,29500.0,9624.0
meta.imbalanced.OnlineRUSBoost -l (trees.HoeffdingTree -e 2000000 -g 100 -c 0.01),ArffFileStream -f ./../../../Dataset/benchmarks/nomao.arff,1,30000.0,32.5625,8.107201817135017E-8,30000.0,0.95,0.5511363636363636,0.5511363636363636,0.1124680488497586,0.34951264770976587,0.5625493602906334,0.5511363636363636,0.968,0.032,30000.0,9624.0
meta.imbalanced.OnlineRUSBoost -l (trees.HoeffdingTree -e 2000000 -g 100 -c 0.01),ArffFileStream -f ./../../../Dataset/benchmarks/nomao.arff,1,30500.0,33.78125,8.410638353476923E-8,30500.0,0.95,0.5484715625380587,0.5484715625380587,0.11297189894975873,0.33942790385009475,0.567964480874317,0.5484715625380587,0.966,0.034,30500.0,9624.0
meta.imbalanced.OnlineRUSBoost -l (trees.HoeffdingTree -e 2000000 -g 100 -c 0.01),ArffFileStream -f ./../../../Dataset/benchmarks/nomao.arff,1,31000.0,34.703125,8.640160861735544E-8,31000.0,0.964,0.6124710753866764,0.6124710753866764,0.29100362375925637,0.4825539977407695,0.7089839330165195,0.6124710753866764,0.966,0.034,31000.0,9624.0
meta.imbalanced.OnlineRUSBoost -l (trees.HoeffdingTree -e 2000000 -g 100 -c 0.01),ArffFileStream -f ./../../../Dataset/benchmarks/nomao.arff,1,31500.0,37.015625,9.215912238384288E-8,31500.0,0.908,0.7232210962188079,0.7232210962188079,0.516623933420201,0.6797239342441549,0.8127321764795685,0.7232210962188079,0.874,0.126,31500.0,9624.0
meta.imbalanced.OnlineRUSBoost -l (trees.HoeffdingTree -e 2000000 -g 100 -c 0.01),ArffFileStream -f ./../../../Dataset/benchmarks/nomao.arff,1,32000.0,39.59375,9.857797219107551E-8,32000.0,0.856,0.6575068124363899,0.6575068124363899,0.3477079181011053,0.5962058704579167,0.6960163432073544,0.6575068124363899,0.858,0.142,32000.0,9624.0
meta.imbalanced.OnlineRUSBoost -l (trees.HoeffdingTree -e 2000000 -g 100 -c 0.01),ArffFileStream -f ./../../../Dataset/benchmarks/nomao.arff,1,32500.0,40.71875,1.0137892483423157E-7,32500.0,0.928,0.9080561155913979,0.9080561155913979,0.8119515252820727,0.907135968486853,0.9039501039501039,0.9080561155913979,0.744,0.256,32500.0,9624.0
meta.imbalanced.OnlineRUSBoost -l (trees.HoeffdingTree -e 2000000 -g 100 -c 0.01),ArffFileStream -f ./../../../Dataset/benchmarks/nomao.arff,1,33000.0,41.171875,1.0250708631550275E-7,33000.0,0.986,0.9581128747795414,0.9581128747795414,0.780811623246493,0.9576573415237051,0.8410657621183937,0.9581128747795414,0.972,0.028,33000.0,9624.0
meta.imbalanced.OnlineRUSBoost -l (trees.HoeffdingTree -e 2000000 -g 100 -c 0.01),ArffFileStream -f ./../../../Dataset/benchmarks/nomao.arff,1,33500.0,43.28125,1.0775887252142034E-7,33500.0,0.892,0.8883836295990079,0.8883836295990077,0.7767672591980157,0.8881564204583126,0.8883836295990079,0.8883836295990079,0.59,0.41,33500.0,9624.0
meta.imbalanced.OnlineRUSBoost -l (trees.HoeffdingTree -e 2000000 -g 100 -c 0.01),ArffFileStream -f ./../../../Dataset/benchmarks/nomao.arff,1,34000.0,45.15625,1.1242712692668043E-7,34000.0,0.892,0.8902648123452086,0.8902648123452086,0.7694947666774805,0.8902426134712716,0.8803058176233312,0.8902648123452086,0.638,0.362,34000.0,9624.0
meta.imbalanced.OnlineRUSBoost -l (trees.HoeffdingTree -e 2000000 -g 100 -c 0.01),ArffFileStream -f ./../../../Dataset/benchmarks/nomao.arff,1,34465.0,47.703125,1.1876817249382538E-7,34465.0,0.842,0.7407188679682253,0.7407188679682253,0.5128028023089447,0.7179707953948431,0.7769075021312872,0.7407188679682253,0.778,0.222,34465.0,9624.0
