Learner,stream,randomSeed,learning evaluation instances,evaluation time (cpu seconds),model cost (RAM-Hours),classified instances,Accuracy,AvgAccuracy,AUC,Kappa,G-Mean,Precision,Recall,Ratio-Class-0,Ratio-Class-1,model training instances,model serialized size (bytes),ensemble size,[avg] model training instances,[err] model training instances,[avg] model serialized size (bytes),[err] model serialized size (bytes),[avg] tree size (nodes),[err] tree size (nodes),[avg] tree size (leaves),[err] tree size (leaves),[avg] active learning leaves,[err] active learning leaves,[avg] tree depth,[err] tree depth,[avg] active leaf byte size estimate,[err] active leaf byte size estimate,[avg] inactive leaf byte size estimate,[err] inactive leaf byte size estimate,[avg] byte size estimate overhead,[err] byte size estimate overhead
meta.OzaBoost -l (trees.HoeffdingTree -e 2000000 -g 100 -c 0.01),ArffFileStream -f ./../../../Dataset/benchmarks/magic.arff,1,500.0,0.09375,6.569704661766688E-10,500.0,1.0,1.0,1.0,1.0,1.0,1.0,1.0,1.0,0.0,500.0,27088.0,10.0,278.40000000000003,77.97606470364266,256.0,0.0,1.0,0.0,1.0,0.0,1.0,0.0,0.0,0.0,0.0,0.0,0.0,0.0,1.0,0.0
meta.OzaBoost -l (trees.HoeffdingTree -e 2000000 -g 100 -c 0.01),ArffFileStream -f ./../../../Dataset/benchmarks/magic.arff,1,1000.0,0.125,8.759606215688918E-10,1000.0,1.0,1.0,1.0,1.0,1.0,1.0,1.0,1.0,0.0,1000.0,27088.0,10.0,554.8000000000001,158.3524900691843,256.0,0.0,1.0,0.0,1.0,0.0,1.0,0.0,0.0,0.0,0.0,0.0,0.0,0.0,1.0,0.0
meta.OzaBoost -l (trees.HoeffdingTree -e 2000000 -g 100 -c 0.01),ArffFileStream -f ./../../../Dataset/benchmarks/magic.arff,1,1500.0,0.140625,9.854556992650032E-10,1500.0,1.0,1.0,1.0,1.0,1.0,1.0,1.0,1.0,0.0,1500.0,27088.0,10.0,822.1999999999999,228.1406973290337,256.0,0.0,1.0,0.0,1.0,0.0,1.0,0.0,0.0,0.0,0.0,0.0,0.0,0.0,1.0,0.0
meta.OzaBoost -l (trees.HoeffdingTree -e 2000000 -g 100 -c 0.01),ArffFileStream -f ./../../../Dataset/benchmarks/magic.arff,1,2000.0,0.15625,1.0949507769611146E-9,2000.0,1.0,1.0,1.0,1.0,1.0,1.0,1.0,1.0,0.0,2000.0,27088.0,10.0,1093.5,300.5717699466949,256.0,0.0,1.0,0.0,1.0,0.0,1.0,0.0,0.0,0.0,0.0,0.0,0.0,0.0,1.0,0.0
meta.OzaBoost -l (trees.HoeffdingTree -e 2000000 -g 100 -c 0.01),ArffFileStream -f ./../../../Dataset/benchmarks/magic.arff,1,2500.0,0.171875,1.204445854657226E-9,2500.0,1.0,1.0,1.0,1.0,1.0,1.0,1.0,1.0,0.0,2500.0,27088.0,10.0,1363.6,373.2369518445651,256.0,0.0,1.0,0.0,1.0,0.0,1.0,0.0,0.0,0.0,0.0,0.0,0.0,0.0,1.0,0.0
meta.OzaBoost -l (trees.HoeffdingTree -e 2000000 -g 100 -c 0.01),ArffFileStream -f ./../../../Dataset/benchmarks/magic.arff,1,3000.0,0.1875,1.3139409323533374E-9,3000.0,1.0,1.0,1.0,1.0,1.0,1.0,1.0,1.0,0.0,3000.0,27088.0,10.0,1639.6,452.3561035781925,256.0,0.0,1.0,0.0,1.0,0.0,1.0,0.0,0.0,0.0,0.0,0.0,0.0,0.0,1.0,0.0
meta.OzaBoost -l (trees.HoeffdingTree -e 2000000 -g 100 -c 0.01),ArffFileStream -f ./../../../Dataset/benchmarks/magic.arff,1,3500.0,0.203125,1.4234360100494489E-9,3500.0,1.0,1.0,1.0,1.0,1.0,1.0,1.0,1.0,0.0,3500.0,27088.0,10.0,1912.6,546.0069596626035,256.0,0.0,1.0,0.0,1.0,0.0,1.0,0.0,0.0,0.0,0.0,0.0,0.0,0.0,1.0,0.0
meta.OzaBoost -l (trees.HoeffdingTree -e 2000000 -g 100 -c 0.01),ArffFileStream -f ./../../../Dataset/benchmarks/magic.arff,1,4000.0,0.21875,1.5329310877455603E-9,4000.0,1.0,1.0,1.0,1.0,1.0,1.0,1.0,1.0,0.0,4000.0,27088.0,10.0,2187.7,629.4140220165986,256.0,0.0,1.0,0.0,1.0,0.0,1.0,0.0,0.0,0.0,0.0,0.0,0.0,0.0,1.0,0.0
meta.OzaBoost -l (trees.HoeffdingTree -e 2000000 -g 100 -c 0.01),ArffFileStream -f ./../../../Dataset/benchmarks/magic.arff,1,4500.0,0.234375,1.6424261654416717E-9,4500.0,1.0,1.0,1.0,1.0,1.0,1.0,1.0,1.0,0.0,4500.0,27088.0,10.0,2462.2999999999997,712.6325295846535,256.0,0.0,1.0,0.0,1.0,0.0,1.0,0.0,0.0,0.0,0.0,0.0,0.0,0.0,1.0,0.0
meta.OzaBoost -l (trees.HoeffdingTree -e 2000000 -g 100 -c 0.01),ArffFileStream -f ./../../../Dataset/benchmarks/magic.arff,1,5000.0,0.265625,1.8614163208338945E-9,5000.0,1.0,1.0,1.0,1.0,1.0,1.0,1.0,1.0,0.0,5000.0,27088.0,10.0,2736.8999999999996,792.7372340329563,256.0,0.0,1.0,0.0,1.0,0.0,1.0,0.0,0.0,0.0,0.0,0.0,0.0,0.0,1.0,0.0
meta.OzaBoost -l (trees.HoeffdingTree -e 2000000 -g 100 -c 0.01),ArffFileStream -f ./../../../Dataset/benchmarks/magic.arff,1,5500.0,0.28125,1.970911398530006E-9,5500.0,1.0,1.0,1.0,1.0,1.0,1.0,1.0,1.0,0.0,5500.0,27088.0,10.0,3009.4999999999995,876.1529863873977,256.0,0.0,1.0,0.0,1.0,0.0,1.0,0.0,0.0,0.0,0.0,0.0,0.0,0.0,1.0,0.0
meta.OzaBoost -l (trees.HoeffdingTree -e 2000000 -g 100 -c 0.01),ArffFileStream -f ./../../../Dataset/benchmarks/magic.arff,1,6000.0,0.296875,2.0804064762261174E-9,6000.0,1.0,1.0,1.0,1.0,1.0,1.0,1.0,1.0,0.0,6000.0,27088.0,10.0,3282.4999999999995,960.6105986414173,256.0,0.0,1.0,0.0,1.0,0.0,1.0,0.0,0.0,0.0,0.0,0.0,0.0,0.0,1.0,0.0
meta.OzaBoost -l (trees.HoeffdingTree -e 2000000 -g 100 -c 0.01),ArffFileStream -f ./../../../Dataset/benchmarks/magic.arff,1,6500.0,0.3125,2.189901553922229E-9,6500.0,1.0,1.0,1.0,1.0,1.0,1.0,1.0,1.0,0.0,6500.0,27088.0,10.0,3553.9,1025.710534215185,256.0,0.0,1.0,0.0,1.0,0.0,1.0,0.0,0.0,0.0,0.0,0.0,0.0,0.0,1.0,0.0
meta.OzaBoost -l (trees.HoeffdingTree -e 2000000 -g 100 -c 0.01),ArffFileStream -f ./../../../Dataset/benchmarks/magic.arff,1,7000.0,0.328125,2.2993966316183402E-9,7000.0,1.0,1.0,1.0,1.0,1.0,1.0,1.0,1.0,0.0,7000.0,27088.0,10.0,3834.5,1090.6983746409655,256.0,0.0,1.0,0.0,1.0,0.0,1.0,0.0,0.0,0.0,0.0,0.0,0.0,0.0,1.0,0.0
meta.OzaBoost -l (trees.HoeffdingTree -e 2000000 -g 100 -c 0.01),ArffFileStream -f ./../../../Dataset/benchmarks/magic.arff,1,7500.0,0.328125,2.2993966316183402E-9,7500.0,1.0,1.0,1.0,1.0,1.0,1.0,1.0,1.0,0.0,7500.0,27088.0,10.0,4105.0,1168.3734182376988,256.0,0.0,1.0,0.0,1.0,0.0,1.0,0.0,0.0,0.0,0.0,0.0,0.0,0.0,1.0,0.0
meta.OzaBoost -l (trees.HoeffdingTree -e 2000000 -g 100 -c 0.01),ArffFileStream -f ./../../../Dataset/benchmarks/magic.arff,1,8000.0,0.34375,2.4088917093144516E-9,8000.0,1.0,1.0,1.0,1.0,1.0,1.0,1.0,1.0,0.0,8000.0,27088.0,10.0,4375.6,1261.3644464097863,256.0,0.0,1.0,0.0,1.0,0.0,1.0,0.0,0.0,0.0,0.0,0.0,0.0,0.0,1.0,0.0
meta.OzaBoost -l (trees.HoeffdingTree -e 2000000 -g 100 -c 0.01),ArffFileStream -f ./../../../Dataset/benchmarks/magic.arff,1,8500.0,0.359375,2.518386787010563E-9,8500.0,1.0,1.0,1.0,1.0,1.0,1.0,1.0,1.0,0.0,8500.0,27088.0,10.0,4646.799999999999,1334.166972725345,256.0,0.0,1.0,0.0,1.0,0.0,1.0,0.0,0.0,0.0,0.0,0.0,0.0,0.0,1.0,0.0
meta.OzaBoost -l (trees.HoeffdingTree -e 2000000 -g 100 -c 0.01),ArffFileStream -f ./../../../Dataset/benchmarks/magic.arff,1,9000.0,0.375,2.6278818647066745E-9,9000.0,1.0,1.0,1.0,1.0,1.0,1.0,1.0,1.0,0.0,9000.0,27088.0,10.0,4926.999999999999,1411.2660982252778,256.0,0.0,1.0,0.0,1.0,0.0,1.0,0.0,0.0,0.0,0.0,0.0,0.0,0.0,1.0,0.0
meta.OzaBoost -l (trees.HoeffdingTree -e 2000000 -g 100 -c 0.01),ArffFileStream -f ./../../../Dataset/benchmarks/magic.arff,1,9500.0,0.375,2.6278818647066745E-9,9500.0,1.0,1.0,1.0,1.0,1.0,1.0,1.0,1.0,0.0,9500.0,27088.0,10.0,5202.8,1493.106738760941,256.0,0.0,1.0,0.0,1.0,0.0,1.0,0.0,0.0,0.0,0.0,0.0,0.0,0.0,1.0,0.0
meta.OzaBoost -l (trees.HoeffdingTree -e 2000000 -g 100 -c 0.01),ArffFileStream -f ./../../../Dataset/benchmarks/magic.arff,1,10000.0,0.390625,2.737376942402786E-9,10000.0,1.0,1.0,1.0,1.0,1.0,1.0,1.0,1.0,0.0,10000.0,27088.0,10.0,5487.200000000001,1564.2128869036835,256.0,0.0,1.0,0.0,1.0,0.0,1.0,0.0,0.0,0.0,0.0,0.0,0.0,0.0,1.0,0.0
meta.OzaBoost -l (trees.HoeffdingTree -e 2000000 -g 100 -c 0.01),ArffFileStream -f ./../../../Dataset/benchmarks/magic.arff,1,10500.0,0.40625,2.8468720200988973E-9,10500.0,1.0,1.0,1.0,1.0,1.0,1.0,1.0,1.0,0.0,10500.0,27088.0,10.0,5751.0,1644.1971360582716,256.0,0.0,1.0,0.0,1.0,0.0,1.0,0.0,0.0,0.0,0.0,0.0,0.0,0.0,1.0,0.0
meta.OzaBoost -l (trees.HoeffdingTree -e 2000000 -g 100 -c 0.01),ArffFileStream -f ./../../../Dataset/benchmarks/magic.arff,1,11000.0,0.40625,2.8468720200988973E-9,11000.0,1.0,1.0,1.0,1.0,1.0,1.0,1.0,1.0,0.0,11000.0,27088.0,10.0,6022.4000000000015,1718.6113386491243,256.0,0.0,1.0,0.0,1.0,0.0,1.0,0.0,0.0,0.0,0.0,0.0,0.0,0.0,1.0,0.0
meta.OzaBoost -l (trees.HoeffdingTree -e 2000000 -g 100 -c 0.01),ArffFileStream -f ./../../../Dataset/benchmarks/magic.arff,1,11500.0,0.421875,2.9563670977950087E-9,11500.0,1.0,1.0,1.0,1.0,1.0,1.0,1.0,1.0,0.0,11500.0,27088.0,10.0,6301.9,1799.8145243947286,256.0,0.0,1.0,0.0,1.0,0.0,1.0,0.0,0.0,0.0,0.0,0.0,0.0,0.0,1.0,0.0
meta.OzaBoost -l (trees.HoeffdingTree -e 2000000 -g 100 -c 0.01),ArffFileStream -f ./../../../Dataset/benchmarks/magic.arff,1,12000.0,0.4375,3.06586217549112E-9,12000.0,1.0,1.0,1.0,1.0,1.0,1.0,1.0,1.0,0.0,12000.0,27088.0,10.0,6581.4,1883.819241151691,256.0,0.0,1.0,0.0,1.0,0.0,1.0,0.0,0.0,0.0,0.0,0.0,0.0,0.0,1.0,0.0
meta.OzaBoost -l (trees.HoeffdingTree -e 2000000 -g 100 -c 0.01),ArffFileStream -f ./../../../Dataset/benchmarks/magic.arff,1,12500.0,0.5625,3.946996811363431E-9,12500.0,0.972,0.9583333333333333,0.9583333333333334,0.9359302921578677,0.9574271077563381,0.9797687861271676,0.9583333333333333,0.664,0.336,12500.0,27248.0,10.0,22722.1,6560.955561332341,834.4,167.38724231221713,5.600000000000001,1.3498971154211057,3.3000000000000007,0.6749485577105528,3.3000000000000007,0.6749485577105528,1.9,0.31622776601683794,0.0,0.0,0.0,0.0,1.0,0.0
meta.OzaBoost -l (trees.HoeffdingTree -e 2000000 -g 100 -c 0.01),ArffFileStream -f ./../../../Dataset/benchmarks/magic.arff,1,13000.0,0.59375,4.167280470331509E-9,13000.0,1.0,1.0,1.0,1.0,1.0,1.0,1.0,0.0,1.0,13000.0,27248.0,10.0,22905.6,6589.2581642818905,884.0,130.70747662029302,6.0,1.0540925533894596,3.5,0.5270462766947298,3.5,0.5270462766947298,2.0,0.0,0.0,0.0,0.0,0.0,1.0,0.0
meta.OzaBoost -l (trees.HoeffdingTree -e 2000000 -g 100 -c 0.01),ArffFileStream -f ./../../../Dataset/benchmarks/magic.arff,1,13500.0,0.609375,4.277422299815548E-9,13500.0,1.0,1.0,1.0,1.0,1.0,1.0,1.0,0.0,1.0,13500.0,27248.0,10.0,23007.1,6572.98610391215,884.0,130.70747662029302,6.0,1.0540925533894596,3.5,0.5270462766947298,3.5,0.5270462766947298,2.0,0.0,0.0,0.0,0.0,0.0,1.0,0.0
meta.OzaBoost -l (trees.HoeffdingTree -e 2000000 -g 100 -c 0.01),ArffFileStream -f ./../../../Dataset/benchmarks/magic.arff,1,14000.0,0.625,4.387564129299586E-9,14000.0,1.0,1.0,1.0,1.0,1.0,1.0,1.0,0.0,1.0,14000.0,27248.0,10.0,23116.3,6595.782491697082,933.6,119.79538110183267,6.399999999999999,0.9660917830792959,3.6999999999999993,0.48304589153964794,3.6999999999999993,0.48304589153964794,2.0,0.0,0.0,0.0,0.0,0.0,1.0,0.0
meta.OzaBoost -l (trees.HoeffdingTree -e 2000000 -g 100 -c 0.01),ArffFileStream -f ./../../../Dataset/benchmarks/magic.arff,1,14500.0,0.640625,4.497705958783625E-9,14500.0,1.0,1.0,1.0,1.0,1.0,1.0,1.0,0.0,1.0,14500.0,27248.0,10.0,23222.799999999996,6593.9531356808675,933.6,119.79538110183267,6.399999999999999,0.9660917830792959,3.6999999999999993,0.48304589153964794,3.6999999999999993,0.48304589153964794,2.0,0.0,0.0,0.0,0.0,0.0,1.0,0.0
meta.OzaBoost -l (trees.HoeffdingTree -e 2000000 -g 100 -c 0.01),ArffFileStream -f ./../../../Dataset/benchmarks/magic.arff,1,15000.0,0.65625,4.607847788267663E-9,15000.0,1.0,1.0,1.0,1.0,1.0,1.0,1.0,0.0,1.0,15000.0,27248.0,10.0,23322.0,6592.247163651153,933.6,119.79538110183267,6.399999999999999,0.9660917830792959,3.6999999999999993,0.48304589153964794,3.6999999999999993,0.48304589153964794,2.0,0.0,0.0,0.0,0.0,0.0,1.0,0.0
meta.OzaBoost -l (trees.HoeffdingTree -e 2000000 -g 100 -c 0.01),ArffFileStream -f ./../../../Dataset/benchmarks/magic.arff,1,15500.0,0.65625,4.607847788267663E-9,15500.0,1.0,1.0,1.0,1.0,1.0,1.0,1.0,0.0,1.0,15500.0,27248.0,10.0,23429.4,6599.82234104323,933.6,119.79538110183267,6.399999999999999,0.9660917830792959,3.6999999999999993,0.48304589153964794,3.6999999999999993,0.48304589153964794,2.0,0.0,0.0,0.0,0.0,0.0,1.0,0.0
meta.OzaBoost -l (trees.HoeffdingTree -e 2000000 -g 100 -c 0.01),ArffFileStream -f ./../../../Dataset/benchmarks/magic.arff,1,16000.0,0.671875,4.717989617751702E-9,16000.0,1.0,1.0,1.0,1.0,1.0,1.0,1.0,0.0,1.0,16000.0,27248.0,10.0,23553.8,6620.455234431474,933.6,119.79538110183267,6.399999999999999,0.9660917830792959,3.6999999999999993,0.48304589153964794,3.6999999999999993,0.48304589153964794,2.0,0.0,0.0,0.0,0.0,0.0,1.0,0.0
meta.OzaBoost -l (trees.HoeffdingTree -e 2000000 -g 100 -c 0.01),ArffFileStream -f ./../../../Dataset/benchmarks/magic.arff,1,16500.0,0.6875,4.82813144723574E-9,16500.0,1.0,1.0,1.0,1.0,1.0,1.0,1.0,0.0,1.0,16500.0,27248.0,10.0,23677.899999999998,6632.094732770669,933.6,119.79538110183267,6.399999999999999,0.9660917830792959,3.6999999999999993,0.48304589153964794,3.6999999999999993,0.48304589153964794,2.0,0.0,0.0,0.0,0.0,0.0,1.0,0.0
meta.OzaBoost -l (trees.HoeffdingTree -e 2000000 -g 100 -c 0.01),ArffFileStream -f ./../../../Dataset/benchmarks/magic.arff,1,17000.0,0.703125,4.938273276719779E-9,17000.0,1.0,1.0,1.0,1.0,1.0,1.0,1.0,0.0,1.0,17000.0,27248.0,10.0,23810.1,6666.1798730607325,933.6,119.79538110183267,6.399999999999999,0.9660917830792959,3.6999999999999993,0.48304589153964794,3.6999999999999993,0.48304589153964794,2.0,0.0,0.0,0.0,0.0,0.0,1.0,0.0
meta.OzaBoost -l (trees.HoeffdingTree -e 2000000 -g 100 -c 0.01),ArffFileStream -f ./../../../Dataset/benchmarks/magic.arff,1,17500.0,0.71875,5.048415106203817E-9,17500.0,1.0,1.0,1.0,1.0,1.0,1.0,1.0,0.0,1.0,17500.0,27248.0,10.0,23951.7,6701.7882530626775,933.6,119.79538110183267,6.399999999999999,0.9660917830792959,3.6999999999999993,0.48304589153964794,3.6999999999999993,0.48304589153964794,2.0,0.0,0.0,0.0,0.0,0.0,1.0,0.0
meta.OzaBoost -l (trees.HoeffdingTree -e 2000000 -g 100 -c 0.01),ArffFileStream -f ./../../../Dataset/benchmarks/magic.arff,1,18000.0,0.734375,5.158556935687856E-9,18000.0,1.0,1.0,1.0,1.0,1.0,1.0,1.0,0.0,1.0,18000.0,27248.0,10.0,27691.4,7990.592582670089,1008.0,0.0,7.0,0.0,4.0,0.0,4.0,0.0,2.0,0.0,0.0,0.0,0.0,0.0,1.0,0.0
meta.OzaBoost -l (trees.HoeffdingTree -e 2000000 -g 100 -c 0.01),ArffFileStream -f ./../../../Dataset/benchmarks/magic.arff,1,18500.0,0.75,5.268698765171894E-9,18500.0,1.0,1.0,1.0,1.0,1.0,1.0,1.0,0.0,1.0,18500.0,27248.0,10.0,28438.199999999997,9004.096447975468,1008.0,0.0,7.0,0.0,4.0,0.0,4.0,0.0,2.0,0.0,0.0,0.0,0.0,0.0,1.0,0.0
meta.OzaBoost -l (trees.HoeffdingTree -e 2000000 -g 100 -c 0.01),ArffFileStream -f ./../../../Dataset/benchmarks/magic.arff,1,19000.0,0.75,5.268698765171894E-9,19000.0,1.0,1.0,1.0,1.0,1.0,1.0,1.0,0.0,1.0,19000.0,27248.0,10.0,28518.7,8978.228011881483,1008.0,0.0,7.0,0.0,4.0,0.0,4.0,0.0,2.0,0.0,0.0,0.0,0.0,0.0,1.0,0.0
meta.OzaBoost -l (trees.HoeffdingTree -e 2000000 -g 100 -c 0.01),ArffFileStream -f ./../../../Dataset/benchmarks/magic.arff,1,19020.0,0.765625,5.378840594655933E-9,19020.0,1.0,1.0,1.0,1.0,1.0,1.0,1.0,0.0,1.0,19020.0,27248.0,10.0,28522.0,8978.29679467845,1008.0,0.0,7.0,0.0,4.0,0.0,4.0,0.0,2.0,0.0,0.0,0.0,0.0,0.0,1.0,0.0
