Learner,stream,randomSeed,learning evaluation instances,evaluation time (cpu seconds),model cost (RAM-Hours),classified instances,Accuracy,AvgAccuracy,AUC,Kappa,G-Mean,Precision,Recall,Ratio-Class-0,Ratio-Class-1,model training instances,model serialized size (bytes),members size
meta.DynamicWeightedMajority -l (trees.HoeffdingTree -e 2000000 -g 100 -c 0.01) -e 10,ArffFileStream -f ./../../../Dataset/benchmarks/magic.arff,1,500.0,0.046875,3.589472422997157E-11,500.0,1.0,1.0,1.0,1.0,1.0,1.0,1.0,1.0,0.0,500.0,2960.0,1.0
meta.DynamicWeightedMajority -l (trees.HoeffdingTree -e 2000000 -g 100 -c 0.01) -e 10,ArffFileStream -f ./../../../Dataset/benchmarks/magic.arff,1,1000.0,0.0625,4.7859632306628755E-11,1000.0,1.0,1.0,1.0,1.0,1.0,1.0,1.0,1.0,0.0,1000.0,2960.0,1.0
meta.DynamicWeightedMajority -l (trees.HoeffdingTree -e 2000000 -g 100 -c 0.01) -e 10,ArffFileStream -f ./../../../Dataset/benchmarks/magic.arff,1,1500.0,0.078125,5.982454038328594E-11,1500.0,1.0,1.0,1.0,1.0,1.0,1.0,1.0,1.0,0.0,1500.0,2960.0,1.0
meta.DynamicWeightedMajority -l (trees.HoeffdingTree -e 2000000 -g 100 -c 0.01) -e 10,ArffFileStream -f ./../../../Dataset/benchmarks/magic.arff,1,2000.0,0.09375,7.178944845994313E-11,2000.0,1.0,1.0,1.0,1.0,1.0,1.0,1.0,1.0,0.0,2000.0,2960.0,1.0
meta.DynamicWeightedMajority -l (trees.HoeffdingTree -e 2000000 -g 100 -c 0.01) -e 10,ArffFileStream -f ./../../../Dataset/benchmarks/magic.arff,1,2500.0,0.09375,7.178944845994313E-11,2500.0,1.0,1.0,1.0,1.0,1.0,1.0,1.0,1.0,0.0,2500.0,2960.0,1.0
meta.DynamicWeightedMajority -l (trees.HoeffdingTree -e 2000000 -g 100 -c 0.01) -e 10,ArffFileStream -f ./../../../Dataset/benchmarks/magic.arff,1,3000.0,0.09375,7.178944845994313E-11,3000.0,1.0,1.0,1.0,1.0,1.0,1.0,1.0,1.0,0.0,3000.0,2960.0,1.0
meta.DynamicWeightedMajority -l (trees.HoeffdingTree -e 2000000 -g 100 -c 0.01) -e 10,ArffFileStream -f ./../../../Dataset/benchmarks/magic.arff,1,3500.0,0.109375,8.375435653660031E-11,3500.0,1.0,1.0,1.0,1.0,1.0,1.0,1.0,1.0,0.0,3500.0,2960.0,1.0
meta.DynamicWeightedMajority -l (trees.HoeffdingTree -e 2000000 -g 100 -c 0.01) -e 10,ArffFileStream -f ./../../../Dataset/benchmarks/magic.arff,1,4000.0,0.109375,8.375435653660031E-11,4000.0,1.0,1.0,1.0,1.0,1.0,1.0,1.0,1.0,0.0,4000.0,2960.0,1.0
meta.DynamicWeightedMajority -l (trees.HoeffdingTree -e 2000000 -g 100 -c 0.01) -e 10,ArffFileStream -f ./../../../Dataset/benchmarks/magic.arff,1,4500.0,0.109375,8.375435653660031E-11,4500.0,1.0,1.0,1.0,1.0,1.0,1.0,1.0,1.0,0.0,4500.0,2960.0,1.0
meta.DynamicWeightedMajority -l (trees.HoeffdingTree -e 2000000 -g 100 -c 0.01) -e 10,ArffFileStream -f ./../../../Dataset/benchmarks/magic.arff,1,5000.0,0.125,9.57192646132575E-11,5000.0,1.0,1.0,1.0,1.0,1.0,1.0,1.0,1.0,0.0,5000.0,2960.0,1.0
meta.DynamicWeightedMajority -l (trees.HoeffdingTree -e 2000000 -g 100 -c 0.01) -e 10,ArffFileStream -f ./../../../Dataset/benchmarks/magic.arff,1,5500.0,0.125,9.57192646132575E-11,5500.0,1.0,1.0,1.0,1.0,1.0,1.0,1.0,1.0,0.0,5500.0,2960.0,1.0
meta.DynamicWeightedMajority -l (trees.HoeffdingTree -e 2000000 -g 100 -c 0.01) -e 10,ArffFileStream -f ./../../../Dataset/benchmarks/magic.arff,1,6000.0,0.125,9.57192646132575E-11,6000.0,1.0,1.0,1.0,1.0,1.0,1.0,1.0,1.0,0.0,6000.0,2960.0,1.0
meta.DynamicWeightedMajority -l (trees.HoeffdingTree -e 2000000 -g 100 -c 0.01) -e 10,ArffFileStream -f ./../../../Dataset/benchmarks/magic.arff,1,6500.0,0.140625,1.0768417268991468E-10,6500.0,1.0,1.0,1.0,1.0,1.0,1.0,1.0,1.0,0.0,6500.0,2960.0,1.0
meta.DynamicWeightedMajority -l (trees.HoeffdingTree -e 2000000 -g 100 -c 0.01) -e 10,ArffFileStream -f ./../../../Dataset/benchmarks/magic.arff,1,7000.0,0.140625,1.0768417268991468E-10,7000.0,1.0,1.0,1.0,1.0,1.0,1.0,1.0,1.0,0.0,7000.0,2960.0,1.0
meta.DynamicWeightedMajority -l (trees.HoeffdingTree -e 2000000 -g 100 -c 0.01) -e 10,ArffFileStream -f ./../../../Dataset/benchmarks/magic.arff,1,7500.0,0.140625,1.0768417268991468E-10,7500.0,1.0,1.0,1.0,1.0,1.0,1.0,1.0,1.0,0.0,7500.0,2960.0,1.0
meta.DynamicWeightedMajority -l (trees.HoeffdingTree -e 2000000 -g 100 -c 0.01) -e 10,ArffFileStream -f ./../../../Dataset/benchmarks/magic.arff,1,8000.0,0.15625,1.1964908076657188E-10,8000.0,1.0,1.0,1.0,1.0,1.0,1.0,1.0,1.0,0.0,8000.0,2960.0,1.0
meta.DynamicWeightedMajority -l (trees.HoeffdingTree -e 2000000 -g 100 -c 0.01) -e 10,ArffFileStream -f ./../../../Dataset/benchmarks/magic.arff,1,8500.0,0.15625,1.1964908076657188E-10,8500.0,1.0,1.0,1.0,1.0,1.0,1.0,1.0,1.0,0.0,8500.0,2960.0,1.0
meta.DynamicWeightedMajority -l (trees.HoeffdingTree -e 2000000 -g 100 -c 0.01) -e 10,ArffFileStream -f ./../../../Dataset/benchmarks/magic.arff,1,9000.0,0.15625,1.1964908076657188E-10,9000.0,1.0,1.0,1.0,1.0,1.0,1.0,1.0,1.0,0.0,9000.0,2960.0,1.0
meta.DynamicWeightedMajority -l (trees.HoeffdingTree -e 2000000 -g 100 -c 0.01) -e 10,ArffFileStream -f ./../../../Dataset/benchmarks/magic.arff,1,9500.0,0.15625,1.1964908076657188E-10,9500.0,1.0,1.0,1.0,1.0,1.0,1.0,1.0,1.0,0.0,9500.0,2960.0,1.0
meta.DynamicWeightedMajority -l (trees.HoeffdingTree -e 2000000 -g 100 -c 0.01) -e 10,ArffFileStream -f ./../../../Dataset/benchmarks/magic.arff,1,10000.0,0.171875,1.3161398884322908E-10,10000.0,1.0,1.0,1.0,1.0,1.0,1.0,1.0,1.0,0.0,10000.0,2960.0,1.0
meta.DynamicWeightedMajority -l (trees.HoeffdingTree -e 2000000 -g 100 -c 0.01) -e 10,ArffFileStream -f ./../../../Dataset/benchmarks/magic.arff,1,10500.0,0.171875,1.3161398884322908E-10,10500.0,1.0,1.0,1.0,1.0,1.0,1.0,1.0,1.0,0.0,10500.0,2960.0,1.0
meta.DynamicWeightedMajority -l (trees.HoeffdingTree -e 2000000 -g 100 -c 0.01) -e 10,ArffFileStream -f ./../../../Dataset/benchmarks/magic.arff,1,11000.0,0.171875,1.3161398884322908E-10,11000.0,1.0,1.0,1.0,1.0,1.0,1.0,1.0,1.0,0.0,11000.0,2960.0,1.0
meta.DynamicWeightedMajority -l (trees.HoeffdingTree -e 2000000 -g 100 -c 0.01) -e 10,ArffFileStream -f ./../../../Dataset/benchmarks/magic.arff,1,11500.0,0.1875,1.4357889691988628E-10,11500.0,1.0,1.0,1.0,1.0,1.0,1.0,1.0,1.0,0.0,11500.0,2960.0,1.0
meta.DynamicWeightedMajority -l (trees.HoeffdingTree -e 2000000 -g 100 -c 0.01) -e 10,ArffFileStream -f ./../../../Dataset/benchmarks/magic.arff,1,12000.0,0.1875,1.4357889691988628E-10,12000.0,1.0,1.0,1.0,1.0,1.0,1.0,1.0,1.0,0.0,12000.0,2960.0,1.0
meta.DynamicWeightedMajority -l (trees.HoeffdingTree -e 2000000 -g 100 -c 0.01) -e 10,ArffFileStream -f ./../../../Dataset/benchmarks/magic.arff,1,12500.0,0.21875,1.6750871307320065E-10,12500.0,0.902,0.8541666666666667,0.8541666666666666,0.7633216121179335,0.8416254115301732,0.9356955380577427,0.8541666666666667,0.664,0.336,12500.0,2960.0,1.0
meta.DynamicWeightedMajority -l (trees.HoeffdingTree -e 2000000 -g 100 -c 0.01) -e 10,ArffFileStream -f ./../../../Dataset/benchmarks/magic.arff,1,13000.0,0.234375,1.7947362114985785E-10,13000.0,0.996,0.996,0.998,0.0,0.997997995989972,0.5,0.996,0.0,1.0,13000.0,2960.0,1.0
meta.DynamicWeightedMajority -l (trees.HoeffdingTree -e 2000000 -g 100 -c 0.01) -e 10,ArffFileStream -f ./../../../Dataset/benchmarks/magic.arff,1,13500.0,0.234375,1.7947362114985785E-10,13500.0,1.0,1.0,1.0,1.0,1.0,1.0,1.0,0.0,1.0,13500.0,2960.0,1.0
meta.DynamicWeightedMajority -l (trees.HoeffdingTree -e 2000000 -g 100 -c 0.01) -e 10,ArffFileStream -f ./../../../Dataset/benchmarks/magic.arff,1,14000.0,0.25,1.9143852922651505E-10,14000.0,1.0,1.0,1.0,1.0,1.0,1.0,1.0,0.0,1.0,14000.0,2960.0,1.0
meta.DynamicWeightedMajority -l (trees.HoeffdingTree -e 2000000 -g 100 -c 0.01) -e 10,ArffFileStream -f ./../../../Dataset/benchmarks/magic.arff,1,14500.0,0.25,1.9143852922651505E-10,14500.0,1.0,1.0,1.0,1.0,1.0,1.0,1.0,0.0,1.0,14500.0,2960.0,1.0
meta.DynamicWeightedMajority -l (trees.HoeffdingTree -e 2000000 -g 100 -c 0.01) -e 10,ArffFileStream -f ./../../../Dataset/benchmarks/magic.arff,1,15000.0,0.265625,2.0340343730317224E-10,15000.0,1.0,1.0,1.0,1.0,1.0,1.0,1.0,0.0,1.0,15000.0,2960.0,1.0
meta.DynamicWeightedMajority -l (trees.HoeffdingTree -e 2000000 -g 100 -c 0.01) -e 10,ArffFileStream -f ./../../../Dataset/benchmarks/magic.arff,1,15500.0,0.265625,2.0340343730317224E-10,15500.0,1.0,1.0,1.0,1.0,1.0,1.0,1.0,0.0,1.0,15500.0,2960.0,1.0
meta.DynamicWeightedMajority -l (trees.HoeffdingTree -e 2000000 -g 100 -c 0.01) -e 10,ArffFileStream -f ./../../../Dataset/benchmarks/magic.arff,1,16000.0,0.28125,2.1536834537982944E-10,16000.0,0.998,0.998,0.999,0.0,0.9989994994993742,0.5,0.998,0.0,1.0,16000.0,2960.0,1.0
meta.DynamicWeightedMajority -l (trees.HoeffdingTree -e 2000000 -g 100 -c 0.01) -e 10,ArffFileStream -f ./../../../Dataset/benchmarks/magic.arff,1,16500.0,0.296875,2.2733325345648664E-10,16500.0,0.998,0.998,0.999,0.0,0.9989994994993742,0.5,0.998,0.0,1.0,16500.0,2960.0,1.0
meta.DynamicWeightedMajority -l (trees.HoeffdingTree -e 2000000 -g 100 -c 0.01) -e 10,ArffFileStream -f ./../../../Dataset/benchmarks/magic.arff,1,17000.0,0.296875,2.2733325345648664E-10,17000.0,1.0,1.0,1.0,1.0,1.0,1.0,1.0,0.0,1.0,17000.0,2960.0,1.0
meta.DynamicWeightedMajority -l (trees.HoeffdingTree -e 2000000 -g 100 -c 0.01) -e 10,ArffFileStream -f ./../../../Dataset/benchmarks/magic.arff,1,17500.0,0.296875,2.2733325345648664E-10,17500.0,1.0,1.0,1.0,1.0,1.0,1.0,1.0,0.0,1.0,17500.0,2960.0,1.0
meta.DynamicWeightedMajority -l (trees.HoeffdingTree -e 2000000 -g 100 -c 0.01) -e 10,ArffFileStream -f ./../../../Dataset/benchmarks/magic.arff,1,18000.0,0.3125,2.392981615331438E-10,18000.0,1.0,1.0,1.0,1.0,1.0,1.0,1.0,0.0,1.0,18000.0,2960.0,1.0
meta.DynamicWeightedMajority -l (trees.HoeffdingTree -e 2000000 -g 100 -c 0.01) -e 10,ArffFileStream -f ./../../../Dataset/benchmarks/magic.arff,1,18500.0,0.3125,2.392981615331438E-10,18500.0,1.0,1.0,1.0,1.0,1.0,1.0,1.0,0.0,1.0,18500.0,2960.0,1.0
meta.DynamicWeightedMajority -l (trees.HoeffdingTree -e 2000000 -g 100 -c 0.01) -e 10,ArffFileStream -f ./../../../Dataset/benchmarks/magic.arff,1,19000.0,0.328125,2.51263069609801E-10,19000.0,1.0,1.0,1.0,1.0,1.0,1.0,1.0,0.0,1.0,19000.0,2960.0,1.0
meta.DynamicWeightedMajority -l (trees.HoeffdingTree -e 2000000 -g 100 -c 0.01) -e 10,ArffFileStream -f ./../../../Dataset/benchmarks/magic.arff,1,19020.0,0.328125,2.51263069609801E-10,19020.0,1.0,1.0,1.0,1.0,1.0,1.0,1.0,0.0,1.0,19020.0,2960.0,1.0
