Learner,stream,randomSeed,learning evaluation instances,evaluation time (cpu seconds),model cost (RAM-Hours),classified instances,Accuracy,AvgAccuracy,AUC,Kappa,G-Mean,Precision,Recall,Ratio-Class-0,Ratio-Class-1,Ratio-Class-2,model training instances,model serialized size (bytes)
functions.MajorityClass,ArffFileStream -f ./../../../Dataset/benchmarks/connect-4.arff,1,500.0,0.03125,4.210354139407476E-11,500.0,0.718,0.3333333333333333,0.6666666666666666,0.0,0.0,0.718,0.3333333333333333,0.718,0.218,0.064,500.0,5208.0
functions.MajorityClass,ArffFileStream -f ./../../../Dataset/benchmarks/connect-4.arff,1,1000.0,0.0625,8.420708278814952E-11,1000.0,0.892,0.3333333333333333,0.6666666666666666,0.0,0.0,0.892,0.3333333333333333,0.892,0.09,0.018,1000.0,5208.0
functions.MajorityClass,ArffFileStream -f ./../../../Dataset/benchmarks/connect-4.arff,1,1500.0,0.078125,1.0525885348518691E-10,1500.0,0.928,0.3333333333333333,0.6666666666666666,0.0,0.0,0.928,0.3333333333333333,0.928,0.06,0.012,1500.0,5208.0
functions.MajorityClass,ArffFileStream -f ./../../../Dataset/benchmarks/connect-4.arff,1,2000.0,0.078125,1.0525885348518691E-10,2000.0,0.762,0.3333333333333333,0.6666666666666666,0.0,0.0,0.762,0.3333333333333333,0.762,0.188,0.05,2000.0,5208.0
functions.MajorityClass,ArffFileStream -f ./../../../Dataset/benchmarks/connect-4.arff,1,2500.0,0.09375,1.263106241822243E-10,2500.0,0.532,0.3333333333333333,0.6666666666666666,0.0,0.0,0.532,0.3333333333333333,0.532,0.422,0.046,2500.0,5208.0
functions.MajorityClass,ArffFileStream -f ./../../../Dataset/benchmarks/connect-4.arff,1,3000.0,0.109375,1.4736239487926168E-10,3000.0,0.492,0.3333333333333333,0.6666666666666666,0.0,0.0,0.492,0.3333333333333333,0.492,0.418,0.09,3000.0,5208.0
functions.MajorityClass,ArffFileStream -f ./../../../Dataset/benchmarks/connect-4.arff,1,3500.0,0.109375,1.4736239487926168E-10,3500.0,0.482,0.3333333333333333,0.6666666666666666,0.0,0.0,0.482,0.3333333333333333,0.482,0.476,0.042,3500.0,5208.0
functions.MajorityClass,ArffFileStream -f ./../../../Dataset/benchmarks/connect-4.arff,1,4000.0,0.125,1.6841416557629907E-10,4000.0,0.428,0.3333333333333333,0.6666666666666666,0.0,0.0,0.428,0.3333333333333333,0.428,0.508,0.064,4000.0,5208.0
functions.MajorityClass,ArffFileStream -f ./../../../Dataset/benchmarks/connect-4.arff,1,4500.0,0.125,1.6841416557629907E-10,4500.0,0.672,0.3333333333333333,0.6666666666666666,0.0,0.0,0.672,0.3333333333333333,0.672,0.256,0.072,4500.0,5208.0
functions.MajorityClass,ArffFileStream -f ./../../../Dataset/benchmarks/connect-4.arff,1,5000.0,0.140625,1.8946593627333646E-10,5000.0,0.448,0.3333333333333333,0.6666666666666666,0.0,0.0,0.448,0.3333333333333333,0.448,0.49,0.062,5000.0,5208.0
functions.MajorityClass,ArffFileStream -f ./../../../Dataset/benchmarks/connect-4.arff,1,5500.0,0.140625,1.8946593627333646E-10,5500.0,0.64,0.3333333333333333,0.6666666666666666,0.0,0.0,0.64,0.3333333333333333,0.64,0.238,0.122,5500.0,5208.0
functions.MajorityClass,ArffFileStream -f ./../../../Dataset/benchmarks/connect-4.arff,1,6000.0,0.15625,2.1051770697037384E-10,6000.0,0.358,0.3333333333333333,0.6666666666666666,0.0,0.0,0.358,0.3333333333333333,0.358,0.418,0.224,6000.0,5208.0
functions.MajorityClass,ArffFileStream -f ./../../../Dataset/benchmarks/connect-4.arff,1,6500.0,0.171875,2.3156947766741123E-10,6500.0,0.646,0.3333333333333333,0.6666666666666666,0.0,0.0,0.646,0.3333333333333333,0.646,0.268,0.086,6500.0,5208.0
functions.MajorityClass,ArffFileStream -f ./../../../Dataset/benchmarks/connect-4.arff,1,7000.0,0.171875,2.3156947766741123E-10,7000.0,0.982,0.3333333333333333,0.6666666666666666,0.0,0.0,0.982,0.3333333333333333,0.982,0.008,0.01,7000.0,5208.0
functions.MajorityClass,ArffFileStream -f ./../../../Dataset/benchmarks/connect-4.arff,1,7500.0,0.1875,2.526212483644486E-10,7500.0,0.994,0.3333333333333333,0.6666666666666666,0.0,0.0,0.994,0.3333333333333333,0.994,0.004,0.002,7500.0,5208.0
functions.MajorityClass,ArffFileStream -f ./../../../Dataset/benchmarks/connect-4.arff,1,8000.0,0.1875,2.526212483644486E-10,8000.0,0.978,0.3333333333333333,0.6666666666666666,0.0,0.0,0.978,0.3333333333333333,0.978,0.012,0.01,8000.0,5208.0
functions.MajorityClass,ArffFileStream -f ./../../../Dataset/benchmarks/connect-4.arff,1,8500.0,0.203125,2.7367301906148595E-10,8500.0,0.82,0.3333333333333333,0.6666666666666666,0.0,0.0,0.82,0.3333333333333333,0.82,0.08,0.1,8500.0,5208.0
functions.MajorityClass,ArffFileStream -f ./../../../Dataset/benchmarks/connect-4.arff,1,9000.0,0.203125,2.7367301906148595E-10,9000.0,0.66,0.3333333333333333,0.6666666666666666,0.0,0.0,0.66,0.3333333333333333,0.66,0.214,0.126,9000.0,5208.0
functions.MajorityClass,ArffFileStream -f ./../../../Dataset/benchmarks/connect-4.arff,1,9500.0,0.21875,2.947247897585233E-10,9500.0,0.988,0.3333333333333333,0.6666666666666666,0.0,0.0,0.988,0.3333333333333333,0.988,0.004,0.008,9500.0,5208.0
functions.MajorityClass,ArffFileStream -f ./../../../Dataset/benchmarks/connect-4.arff,1,10000.0,0.234375,3.1577656045556067E-10,10000.0,0.926,0.3333333333333333,0.6666666666666666,0.0,0.0,0.926,0.3333333333333333,0.926,0.03,0.044,10000.0,5208.0
functions.MajorityClass,ArffFileStream -f ./../../../Dataset/benchmarks/connect-4.arff,1,10500.0,0.234375,3.1577656045556067E-10,10500.0,0.802,0.3333333333333333,0.6666666666666666,0.0,0.0,0.802,0.3333333333333333,0.802,0.096,0.102,10500.0,5208.0
functions.MajorityClass,ArffFileStream -f ./../../../Dataset/benchmarks/connect-4.arff,1,11000.0,0.25,3.3682833115259803E-10,11000.0,0.57,0.3333333333333333,0.6666666666666666,0.0,0.0,0.57,0.3333333333333333,0.57,0.308,0.122,11000.0,5208.0
functions.MajorityClass,ArffFileStream -f ./../../../Dataset/benchmarks/connect-4.arff,1,11500.0,0.25,3.3682833115259803E-10,11500.0,0.744,0.3333333333333333,0.6666666666666666,0.0,0.0,0.744,0.3333333333333333,0.744,0.134,0.122,11500.0,5208.0
functions.MajorityClass,ArffFileStream -f ./../../../Dataset/benchmarks/connect-4.arff,1,12000.0,0.265625,3.578801018496354E-10,12000.0,0.67,0.3333333333333333,0.6666666666666666,0.0,0.0,0.67,0.3333333333333333,0.67,0.194,0.136,12000.0,5208.0
functions.MajorityClass,ArffFileStream -f ./../../../Dataset/benchmarks/connect-4.arff,1,12500.0,0.265625,3.578801018496354E-10,12500.0,0.762,0.3333333333333333,0.6666666666666666,0.0,0.0,0.762,0.3333333333333333,0.762,0.132,0.106,12500.0,5208.0
functions.MajorityClass,ArffFileStream -f ./../../../Dataset/benchmarks/connect-4.arff,1,13000.0,0.265625,3.578801018496354E-10,13000.0,0.792,0.3333333333333333,0.6666666666666666,0.0,0.0,0.792,0.3333333333333333,0.792,0.116,0.092,13000.0,5208.0
functions.MajorityClass,ArffFileStream -f ./../../../Dataset/benchmarks/connect-4.arff,1,13500.0,0.28125,3.7893187254667276E-10,13500.0,0.748,0.3333333333333333,0.6666666666666666,0.0,0.0,0.748,0.3333333333333333,0.748,0.12,0.132,13500.0,5208.0
functions.MajorityClass,ArffFileStream -f ./../../../Dataset/benchmarks/connect-4.arff,1,14000.0,0.28125,3.7893187254667276E-10,14000.0,0.878,0.3333333333333333,0.6666666666666666,0.0,0.0,0.878,0.3333333333333333,0.878,0.07,0.052,14000.0,5208.0
functions.MajorityClass,ArffFileStream -f ./../../../Dataset/benchmarks/connect-4.arff,1,14500.0,0.296875,3.999836432437101E-10,14500.0,0.692,0.3333333333333333,0.6666666666666666,0.0,0.0,0.692,0.3333333333333333,0.692,0.254,0.054,14500.0,5208.0
functions.MajorityClass,ArffFileStream -f ./../../../Dataset/benchmarks/connect-4.arff,1,15000.0,0.296875,3.999836432437101E-10,15000.0,0.972,0.3333333333333333,0.6666666666666666,0.0,0.0,0.972,0.3333333333333333,0.972,0.012,0.016,15000.0,5208.0
functions.MajorityClass,ArffFileStream -f ./../../../Dataset/benchmarks/connect-4.arff,1,15500.0,0.296875,3.999836432437101E-10,15500.0,0.744,0.3333333333333333,0.6666666666666666,0.0,0.0,0.744,0.3333333333333333,0.744,0.2,0.056,15500.0,5208.0
functions.MajorityClass,ArffFileStream -f ./../../../Dataset/benchmarks/connect-4.arff,1,16000.0,0.3125,4.210354139407475E-10,16000.0,0.79,0.3333333333333333,0.6666666666666666,0.0,0.0,0.79,0.3333333333333333,0.79,0.126,0.084,16000.0,5208.0
functions.MajorityClass,ArffFileStream -f ./../../../Dataset/benchmarks/connect-4.arff,1,16500.0,0.3125,4.210354139407475E-10,16500.0,0.94,0.3333333333333333,0.6666666666666666,0.0,0.0,0.94,0.3333333333333333,0.94,0.032,0.028,16500.0,5208.0
functions.MajorityClass,ArffFileStream -f ./../../../Dataset/benchmarks/connect-4.arff,1,17000.0,0.3125,4.210354139407475E-10,17000.0,0.958,0.3333333333333333,0.6666666666666666,0.0,0.0,0.958,0.3333333333333333,0.958,0.03,0.012,17000.0,5208.0
functions.MajorityClass,ArffFileStream -f ./../../../Dataset/benchmarks/connect-4.arff,1,17500.0,0.328125,4.4208718463778484E-10,17500.0,0.904,0.3333333333333333,0.6666666666666666,0.0,0.0,0.904,0.3333333333333333,0.904,0.06,0.036,17500.0,5208.0
functions.MajorityClass,ArffFileStream -f ./../../../Dataset/benchmarks/connect-4.arff,1,18000.0,0.328125,4.4208718463778484E-10,18000.0,0.9,0.3333333333333333,0.6666666666666666,0.0,0.0,0.9,0.3333333333333333,0.9,0.076,0.024,18000.0,5208.0
functions.MajorityClass,ArffFileStream -f ./../../../Dataset/benchmarks/connect-4.arff,1,18500.0,0.328125,4.4208718463778484E-10,18500.0,0.934,0.3333333333333333,0.6666666666666666,0.0,0.0,0.934,0.3333333333333333,0.934,0.036,0.03,18500.0,5208.0
functions.MajorityClass,ArffFileStream -f ./../../../Dataset/benchmarks/connect-4.arff,1,19000.0,0.34375,4.631389553348222E-10,19000.0,0.814,0.3333333333333333,0.6666666666666666,0.0,0.0,0.814,0.3333333333333333,0.814,0.088,0.098,19000.0,5208.0
functions.MajorityClass,ArffFileStream -f ./../../../Dataset/benchmarks/connect-4.arff,1,19500.0,0.34375,4.631389553348222E-10,19500.0,0.26,0.3333333333333333,0.6666666666666666,0.0,0.0,0.26,0.3333333333333333,0.26,0.488,0.252,19500.0,5208.0
functions.MajorityClass,ArffFileStream -f ./../../../Dataset/benchmarks/connect-4.arff,1,20000.0,0.34375,4.631389553348222E-10,20000.0,0.482,0.3333333333333333,0.6666666666666666,0.0,0.0,0.482,0.3333333333333333,0.482,0.378,0.14,20000.0,5208.0
functions.MajorityClass,ArffFileStream -f ./../../../Dataset/benchmarks/connect-4.arff,1,20500.0,0.359375,4.841907260318596E-10,20500.0,0.762,0.3333333333333333,0.6666666666666666,0.0,0.0,0.762,0.3333333333333333,0.762,0.11,0.128,20500.0,5208.0
functions.MajorityClass,ArffFileStream -f ./../../../Dataset/benchmarks/connect-4.arff,1,21000.0,0.359375,4.841907260318596E-10,21000.0,0.866,0.3333333333333333,0.6666666666666666,0.0,0.0,0.866,0.3333333333333333,0.866,0.052,0.082,21000.0,5208.0
functions.MajorityClass,ArffFileStream -f ./../../../Dataset/benchmarks/connect-4.arff,1,21500.0,0.359375,4.841907260318596E-10,21500.0,0.958,0.3333333333333333,0.6666666666666666,0.0,0.0,0.958,0.3333333333333333,0.958,0.024,0.018,21500.0,5208.0
functions.MajorityClass,ArffFileStream -f ./../../../Dataset/benchmarks/connect-4.arff,1,22000.0,0.375,5.05242496728897E-10,22000.0,0.912,0.3333333333333333,0.6666666666666666,0.0,0.0,0.912,0.3333333333333333,0.912,0.04,0.048,22000.0,5208.0
functions.MajorityClass,ArffFileStream -f ./../../../Dataset/benchmarks/connect-4.arff,1,22500.0,0.375,5.05242496728897E-10,22500.0,0.718,0.3333333333333333,0.6666666666666666,0.0,0.0,0.718,0.3333333333333333,0.718,0.256,0.026,22500.0,5208.0
functions.MajorityClass,ArffFileStream -f ./../../../Dataset/benchmarks/connect-4.arff,1,23000.0,0.375,5.05242496728897E-10,23000.0,0.474,0.3333333333333333,0.6666666666666666,0.0,0.0,0.474,0.3333333333333333,0.474,0.39,0.136,23000.0,5208.0
functions.MajorityClass,ArffFileStream -f ./../../../Dataset/benchmarks/connect-4.arff,1,23500.0,0.390625,5.262942674259343E-10,23500.0,0.364,0.3333333333333333,0.6666666666666666,0.0,0.0,0.364,0.3333333333333333,0.364,0.504,0.132,23500.0,5208.0
functions.MajorityClass,ArffFileStream -f ./../../../Dataset/benchmarks/connect-4.arff,1,24000.0,0.390625,5.262942674259343E-10,24000.0,0.924,0.3333333333333333,0.6666666666666666,0.0,0.0,0.924,0.3333333333333333,0.924,0.034,0.042,24000.0,5208.0
functions.MajorityClass,ArffFileStream -f ./../../../Dataset/benchmarks/connect-4.arff,1,24500.0,0.390625,5.262942674259343E-10,24500.0,0.824,0.3333333333333333,0.6666666666666666,0.0,0.0,0.824,0.3333333333333333,0.824,0.11,0.066,24500.0,5208.0
functions.MajorityClass,ArffFileStream -f ./../../../Dataset/benchmarks/connect-4.arff,1,25000.0,0.40625,5.473460381229717E-10,25000.0,0.326,0.3333333333333333,0.6666666666666666,0.0,0.0,0.326,0.3333333333333333,0.326,0.582,0.092,25000.0,5208.0
functions.MajorityClass,ArffFileStream -f ./../../../Dataset/benchmarks/connect-4.arff,1,25500.0,0.40625,5.473460381229717E-10,25500.0,0.328,0.3333333333333333,0.6666666666666666,0.0,0.0,0.328,0.3333333333333333,0.328,0.528,0.144,25500.0,5208.0
functions.MajorityClass,ArffFileStream -f ./../../../Dataset/benchmarks/connect-4.arff,1,26000.0,0.40625,5.473460381229717E-10,26000.0,0.254,0.3333333333333333,0.6666666666666666,0.0,0.0,0.254,0.3333333333333333,0.254,0.69,0.056,26000.0,5208.0
functions.MajorityClass,ArffFileStream -f ./../../../Dataset/benchmarks/connect-4.arff,1,26500.0,0.421875,5.683978088200091E-10,26500.0,0.36,0.3333333333333333,0.6666666666666666,0.0,0.0,0.36,0.3333333333333333,0.36,0.524,0.116,26500.0,5208.0
functions.MajorityClass,ArffFileStream -f ./../../../Dataset/benchmarks/connect-4.arff,1,27000.0,0.421875,5.683978088200091E-10,27000.0,0.45,0.3333333333333333,0.6666666666666666,0.0,0.0,0.45,0.3333333333333333,0.45,0.394,0.156,27000.0,5208.0
functions.MajorityClass,ArffFileStream -f ./../../../Dataset/benchmarks/connect-4.arff,1,27500.0,0.421875,5.683978088200091E-10,27500.0,0.416,0.3333333333333333,0.6666666666666666,0.0,0.0,0.416,0.3333333333333333,0.416,0.482,0.102,27500.0,5208.0
functions.MajorityClass,ArffFileStream -f ./../../../Dataset/benchmarks/connect-4.arff,1,28000.0,0.4375,5.894495795170464E-10,28000.0,0.518,0.3333333333333333,0.6666666666666666,0.0,0.0,0.518,0.3333333333333333,0.518,0.382,0.1,28000.0,5208.0
functions.MajorityClass,ArffFileStream -f ./../../../Dataset/benchmarks/connect-4.arff,1,28500.0,0.4375,5.894495795170464E-10,28500.0,0.668,0.3333333333333333,0.6666666666666666,0.0,0.0,0.668,0.3333333333333333,0.668,0.216,0.116,28500.0,5208.0
functions.MajorityClass,ArffFileStream -f ./../../../Dataset/benchmarks/connect-4.arff,1,29000.0,0.4375,5.894495795170464E-10,29000.0,0.342,0.3333333333333333,0.6666666666666666,0.0,0.0,0.342,0.3333333333333333,0.342,0.544,0.114,29000.0,5208.0
functions.MajorityClass,ArffFileStream -f ./../../../Dataset/benchmarks/connect-4.arff,1,29500.0,0.453125,6.105013502140838E-10,29500.0,0.47,0.3333333333333333,0.6666666666666666,0.0,0.0,0.47,0.3333333333333333,0.47,0.404,0.126,29500.0,5208.0
functions.MajorityClass,ArffFileStream -f ./../../../Dataset/benchmarks/connect-4.arff,1,30000.0,0.453125,6.105013502140838E-10,30000.0,0.536,0.3333333333333333,0.6666666666666666,0.0,0.0,0.536,0.3333333333333333,0.536,0.384,0.08,30000.0,5208.0
functions.MajorityClass,ArffFileStream -f ./../../../Dataset/benchmarks/connect-4.arff,1,30500.0,0.453125,6.105013502140838E-10,30500.0,0.576,0.3333333333333333,0.6666666666666666,0.0,0.0,0.576,0.3333333333333333,0.576,0.29,0.134,30500.0,5208.0
functions.MajorityClass,ArffFileStream -f ./../../../Dataset/benchmarks/connect-4.arff,1,31000.0,0.46875,6.315531209111211E-10,31000.0,0.648,0.3333333333333333,0.6666666666666666,0.0,0.0,0.648,0.3333333333333333,0.648,0.192,0.16,31000.0,5208.0
functions.MajorityClass,ArffFileStream -f ./../../../Dataset/benchmarks/connect-4.arff,1,31500.0,0.46875,6.315531209111211E-10,31500.0,0.752,0.3333333333333333,0.6666666666666666,0.0,0.0,0.752,0.3333333333333333,0.752,0.18,0.068,31500.0,5208.0
functions.MajorityClass,ArffFileStream -f ./../../../Dataset/benchmarks/connect-4.arff,1,32000.0,0.46875,6.315531209111211E-10,32000.0,0.722,0.3333333333333333,0.6666666666666666,0.0,0.0,0.722,0.3333333333333333,0.722,0.17,0.108,32000.0,5208.0
functions.MajorityClass,ArffFileStream -f ./../../../Dataset/benchmarks/connect-4.arff,1,32500.0,0.484375,6.526048916081585E-10,32500.0,0.86,0.3333333333333333,0.6666666666666666,0.0,0.0,0.86,0.3333333333333333,0.86,0.072,0.068,32500.0,5208.0
functions.MajorityClass,ArffFileStream -f ./../../../Dataset/benchmarks/connect-4.arff,1,33000.0,0.484375,6.526048916081585E-10,33000.0,0.596,0.3333333333333333,0.6666666666666666,0.0,0.0,0.596,0.3333333333333333,0.596,0.346,0.058,33000.0,5208.0
functions.MajorityClass,ArffFileStream -f ./../../../Dataset/benchmarks/connect-4.arff,1,33500.0,0.484375,6.526048916081585E-10,33500.0,0.632,0.3333333333333333,0.6666666666666666,0.0,0.0,0.632,0.3333333333333333,0.632,0.29,0.078,33500.0,5208.0
functions.MajorityClass,ArffFileStream -f ./../../../Dataset/benchmarks/connect-4.arff,1,34000.0,0.484375,6.526048916081585E-10,34000.0,0.536,0.3333333333333333,0.6666666666666666,0.0,0.0,0.536,0.3333333333333333,0.536,0.338,0.126,34000.0,5208.0
functions.MajorityClass,ArffFileStream -f ./../../../Dataset/benchmarks/connect-4.arff,1,34500.0,0.5,6.736566623051959E-10,34500.0,0.58,0.3333333333333333,0.6666666666666666,0.0,0.0,0.58,0.3333333333333333,0.58,0.336,0.084,34500.0,5208.0
functions.MajorityClass,ArffFileStream -f ./../../../Dataset/benchmarks/connect-4.arff,1,35000.0,0.5,6.736566623051959E-10,35000.0,0.488,0.3333333333333333,0.6666666666666666,0.0,0.0,0.488,0.3333333333333333,0.488,0.36,0.152,35000.0,5208.0
functions.MajorityClass,ArffFileStream -f ./../../../Dataset/benchmarks/connect-4.arff,1,35500.0,0.5,6.736566623051959E-10,35500.0,0.476,0.3333333333333333,0.6666666666666666,0.0,0.0,0.476,0.3333333333333333,0.476,0.39,0.134,35500.0,5208.0
functions.MajorityClass,ArffFileStream -f ./../../../Dataset/benchmarks/connect-4.arff,1,36000.0,0.515625,6.947084330022332E-10,36000.0,0.366,0.3333333333333333,0.6666666666666666,0.0,0.0,0.366,0.3333333333333333,0.366,0.502,0.132,36000.0,5208.0
functions.MajorityClass,ArffFileStream -f ./../../../Dataset/benchmarks/connect-4.arff,1,36500.0,0.515625,6.947084330022332E-10,36500.0,0.508,0.3333333333333333,0.6666666666666666,0.0,0.0,0.508,0.3333333333333333,0.508,0.36,0.132,36500.0,5208.0
functions.MajorityClass,ArffFileStream -f ./../../../Dataset/benchmarks/connect-4.arff,1,37000.0,0.515625,6.947084330022332E-10,37000.0,0.584,0.3333333333333333,0.6666666666666666,0.0,0.0,0.584,0.3333333333333333,0.584,0.314,0.102,37000.0,5208.0
functions.MajorityClass,ArffFileStream -f ./../../../Dataset/benchmarks/connect-4.arff,1,37500.0,0.515625,6.947084330022332E-10,37500.0,0.91,0.3333333333333333,0.6666666666666666,0.0,0.0,0.91,0.3333333333333333,0.91,0.046,0.044,37500.0,5208.0
functions.MajorityClass,ArffFileStream -f ./../../../Dataset/benchmarks/connect-4.arff,1,38000.0,0.53125,7.157602036992706E-10,38000.0,0.962,0.3333333333333333,0.6666666666666666,0.0,0.0,0.962,0.3333333333333333,0.962,0.012,0.026,38000.0,5208.0
functions.MajorityClass,ArffFileStream -f ./../../../Dataset/benchmarks/connect-4.arff,1,38500.0,0.53125,7.157602036992706E-10,38500.0,0.746,0.3333333333333333,0.6666666666666666,0.0,0.0,0.746,0.3333333333333333,0.746,0.156,0.098,38500.0,5208.0
functions.MajorityClass,ArffFileStream -f ./../../../Dataset/benchmarks/connect-4.arff,1,39000.0,0.53125,7.157602036992706E-10,39000.0,0.88,0.3333333333333333,0.6666666666666666,0.0,0.0,0.88,0.3333333333333333,0.88,0.046,0.074,39000.0,5208.0
functions.MajorityClass,ArffFileStream -f ./../../../Dataset/benchmarks/connect-4.arff,1,39500.0,0.546875,7.368119743963079E-10,39500.0,0.686,0.3333333333333333,0.6666666666666666,0.0,0.0,0.686,0.3333333333333333,0.686,0.22,0.094,39500.0,5208.0
functions.MajorityClass,ArffFileStream -f ./../../../Dataset/benchmarks/connect-4.arff,1,40000.0,0.546875,7.368119743963079E-10,40000.0,0.576,0.3333333333333333,0.6666666666666666,0.0,0.0,0.576,0.3333333333333333,0.576,0.336,0.088,40000.0,5208.0
functions.MajorityClass,ArffFileStream -f ./../../../Dataset/benchmarks/connect-4.arff,1,40500.0,0.546875,7.368119743963079E-10,40500.0,0.662,0.3333333333333333,0.6666666666666666,0.0,0.0,0.662,0.3333333333333333,0.662,0.214,0.124,40500.0,5208.0
functions.MajorityClass,ArffFileStream -f ./../../../Dataset/benchmarks/connect-4.arff,1,41000.0,0.546875,7.368119743963079E-10,41000.0,0.674,0.3333333333333333,0.6666666666666666,0.0,0.0,0.674,0.3333333333333333,0.674,0.204,0.122,41000.0,5208.0
functions.MajorityClass,ArffFileStream -f ./../../../Dataset/benchmarks/connect-4.arff,1,41500.0,0.5625,7.578637450933453E-10,41500.0,0.548,0.3333333333333333,0.6666666666666666,0.0,0.0,0.548,0.3333333333333333,0.548,0.31,0.142,41500.0,5208.0
functions.MajorityClass,ArffFileStream -f ./../../../Dataset/benchmarks/connect-4.arff,1,42000.0,0.5625,7.578637450933453E-10,42000.0,0.894,0.3333333333333333,0.6666666666666666,0.0,0.0,0.894,0.3333333333333333,0.894,0.056,0.05,42000.0,5208.0
functions.MajorityClass,ArffFileStream -f ./../../../Dataset/benchmarks/connect-4.arff,1,42500.0,0.5625,7.578637450933453E-10,42500.0,0.812,0.3333333333333333,0.6666666666666666,0.0,0.0,0.812,0.3333333333333333,0.812,0.096,0.092,42500.0,5208.0
functions.MajorityClass,ArffFileStream -f ./../../../Dataset/benchmarks/connect-4.arff,1,43000.0,0.578125,7.789155157903827E-10,43000.0,0.752,0.3333333333333333,0.6666666666666666,0.0,0.0,0.752,0.3333333333333333,0.752,0.168,0.08,43000.0,5208.0
functions.MajorityClass,ArffFileStream -f ./../../../Dataset/benchmarks/connect-4.arff,1,43500.0,0.578125,7.789155157903827E-10,43500.0,0.83,0.3333333333333333,0.6666666666666666,0.0,0.0,0.83,0.3333333333333333,0.83,0.09,0.08,43500.0,5208.0
functions.MajorityClass,ArffFileStream -f ./../../../Dataset/benchmarks/connect-4.arff,1,44000.0,0.578125,7.789155157903827E-10,44000.0,0.528,0.3333333333333333,0.6666666666666666,0.0,0.0,0.528,0.3333333333333333,0.528,0.288,0.184,44000.0,5208.0
functions.MajorityClass,ArffFileStream -f ./../../../Dataset/benchmarks/connect-4.arff,1,44500.0,0.578125,7.789155157903827E-10,44500.0,0.802,0.3333333333333333,0.6666666666666666,0.0,0.0,0.802,0.3333333333333333,0.802,0.124,0.074,44500.0,5208.0
functions.MajorityClass,ArffFileStream -f ./../../../Dataset/benchmarks/connect-4.arff,1,45000.0,0.59375,7.9996728648742E-10,45000.0,0.908,0.3333333333333333,0.6666666666666666,0.0,0.0,0.908,0.3333333333333333,0.908,0.06,0.032,45000.0,5208.0
functions.MajorityClass,ArffFileStream -f ./../../../Dataset/benchmarks/connect-4.arff,1,45500.0,0.59375,7.9996728648742E-10,45500.0,0.788,0.3333333333333333,0.6666666666666666,0.0,0.0,0.788,0.3333333333333333,0.788,0.148,0.064,45500.0,5208.0
functions.MajorityClass,ArffFileStream -f ./../../../Dataset/benchmarks/connect-4.arff,1,46000.0,0.59375,7.9996728648742E-10,46000.0,0.792,0.3333333333333333,0.6666666666666666,0.0,0.0,0.792,0.3333333333333333,0.792,0.118,0.09,46000.0,5208.0
functions.MajorityClass,ArffFileStream -f ./../../../Dataset/benchmarks/connect-4.arff,1,46500.0,0.59375,7.9996728648742E-10,46500.0,0.77,0.3333333333333333,0.6666666666666666,0.0,0.0,0.77,0.3333333333333333,0.77,0.114,0.116,46500.0,5208.0
functions.MajorityClass,ArffFileStream -f ./../../../Dataset/benchmarks/connect-4.arff,1,47000.0,0.59375,7.9996728648742E-10,47000.0,0.852,0.3333333333333333,0.6666666666666666,0.0,0.0,0.852,0.3333333333333333,0.852,0.078,0.07,47000.0,5208.0
functions.MajorityClass,ArffFileStream -f ./../../../Dataset/benchmarks/connect-4.arff,1,47500.0,0.59375,7.9996728648742E-10,47500.0,0.688,0.3333333333333333,0.6666666666666666,0.0,0.0,0.688,0.3333333333333333,0.688,0.222,0.09,47500.0,5208.0
functions.MajorityClass,ArffFileStream -f ./../../../Dataset/benchmarks/connect-4.arff,1,48000.0,0.59375,7.9996728648742E-10,48000.0,0.468,0.3333333333333333,0.6666666666666666,0.0,0.0,0.468,0.3333333333333333,0.468,0.328,0.204,48000.0,5208.0
functions.MajorityClass,ArffFileStream -f ./../../../Dataset/benchmarks/connect-4.arff,1,48500.0,0.609375,8.210190571844574E-10,48500.0,0.786,0.3333333333333333,0.6666666666666666,0.0,0.0,0.786,0.3333333333333333,0.786,0.092,0.122,48500.0,5208.0
functions.MajorityClass,ArffFileStream -f ./../../../Dataset/benchmarks/connect-4.arff,1,49000.0,0.609375,8.210190571844574E-10,49000.0,0.856,0.3333333333333333,0.6666666666666666,0.0,0.0,0.856,0.3333333333333333,0.856,0.082,0.062,49000.0,5208.0
functions.MajorityClass,ArffFileStream -f ./../../../Dataset/benchmarks/connect-4.arff,1,49500.0,0.609375,8.210190571844574E-10,49500.0,0.636,0.3333333333333333,0.6666666666666666,0.0,0.0,0.636,0.3333333333333333,0.636,0.31,0.054,49500.0,5208.0
functions.MajorityClass,ArffFileStream -f ./../../../Dataset/benchmarks/connect-4.arff,1,50000.0,0.625,8.420708278814948E-10,50000.0,0.65,0.3333333333333333,0.6666666666666666,0.0,0.0,0.65,0.3333333333333333,0.65,0.286,0.064,50000.0,5208.0
functions.MajorityClass,ArffFileStream -f ./../../../Dataset/benchmarks/connect-4.arff,1,50500.0,0.625,8.420708278814948E-10,50500.0,0.576,0.3333333333333333,0.6666666666666666,0.0,0.0,0.576,0.3333333333333333,0.576,0.386,0.038,50500.0,5208.0
functions.MajorityClass,ArffFileStream -f ./../../../Dataset/benchmarks/connect-4.arff,1,51000.0,0.625,8.420708278814948E-10,51000.0,0.438,0.3333333333333333,0.6666666666666666,0.0,0.0,0.438,0.3333333333333333,0.438,0.456,0.106,51000.0,5208.0
functions.MajorityClass,ArffFileStream -f ./../../../Dataset/benchmarks/connect-4.arff,1,51500.0,0.625,8.420708278814948E-10,51500.0,0.202,0.3333333333333333,0.6666666666666666,0.0,0.0,0.202,0.3333333333333333,0.202,0.706,0.092,51500.0,5208.0
functions.MajorityClass,ArffFileStream -f ./../../../Dataset/benchmarks/connect-4.arff,1,52000.0,0.640625,8.631225985785321E-10,52000.0,0.338,0.3333333333333333,0.6666666666666666,0.0,0.0,0.338,0.3333333333333333,0.338,0.522,0.14,52000.0,5208.0
functions.MajorityClass,ArffFileStream -f ./../../../Dataset/benchmarks/connect-4.arff,1,52500.0,0.640625,8.631225985785321E-10,52500.0,0.396,0.3333333333333333,0.6666666666666666,0.0,0.0,0.396,0.3333333333333333,0.396,0.446,0.158,52500.0,5208.0
functions.MajorityClass,ArffFileStream -f ./../../../Dataset/benchmarks/connect-4.arff,1,53000.0,0.640625,8.631225985785321E-10,53000.0,0.772,0.3333333333333333,0.6666666666666666,0.0,0.0,0.772,0.3333333333333333,0.772,0.176,0.052,53000.0,5208.0
functions.MajorityClass,ArffFileStream -f ./../../../Dataset/benchmarks/connect-4.arff,1,53500.0,0.65625,8.841743692755695E-10,53500.0,0.806,0.3333333333333333,0.6666666666666666,0.0,0.0,0.806,0.3333333333333333,0.806,0.13,0.064,53500.0,5208.0
functions.MajorityClass,ArffFileStream -f ./../../../Dataset/benchmarks/connect-4.arff,1,54000.0,0.65625,8.841743692755695E-10,54000.0,0.744,0.3333333333333333,0.6666666666666666,0.0,0.0,0.744,0.3333333333333333,0.744,0.19,0.066,54000.0,5208.0
functions.MajorityClass,ArffFileStream -f ./../../../Dataset/benchmarks/connect-4.arff,1,54500.0,0.65625,8.841743692755695E-10,54500.0,0.57,0.3333333333333333,0.6666666666666666,0.0,0.0,0.57,0.3333333333333333,0.57,0.374,0.056,54500.0,5208.0
functions.MajorityClass,ArffFileStream -f ./../../../Dataset/benchmarks/connect-4.arff,1,55000.0,0.65625,8.841743692755695E-10,55000.0,0.548,0.3333333333333333,0.6666666666666666,0.0,0.0,0.548,0.3333333333333333,0.548,0.38,0.072,55000.0,5208.0
functions.MajorityClass,ArffFileStream -f ./../../../Dataset/benchmarks/connect-4.arff,1,55500.0,0.671875,9.052261399726068E-10,55500.0,0.398,0.3333333333333333,0.6666666666666666,0.0,0.0,0.398,0.3333333333333333,0.398,0.478,0.124,55500.0,5208.0
functions.MajorityClass,ArffFileStream -f ./../../../Dataset/benchmarks/connect-4.arff,1,56000.0,0.671875,9.052261399726068E-10,56000.0,0.39,0.3333333333333333,0.6666666666666666,0.0,0.0,0.39,0.3333333333333333,0.39,0.494,0.116,56000.0,5208.0
functions.MajorityClass,ArffFileStream -f ./../../../Dataset/benchmarks/connect-4.arff,1,56500.0,0.671875,9.052261399726068E-10,56500.0,0.5,0.3333333333333333,0.6666666666666666,0.0,0.0,0.5,0.3333333333333333,0.5,0.34,0.16,56500.0,5208.0
functions.MajorityClass,ArffFileStream -f ./../../../Dataset/benchmarks/connect-4.arff,1,57000.0,0.6875,9.262779106696442E-10,57000.0,0.63,0.3333333333333333,0.6666666666666666,0.0,0.0,0.63,0.3333333333333333,0.63,0.216,0.154,57000.0,5208.0
functions.MajorityClass,ArffFileStream -f ./../../../Dataset/benchmarks/connect-4.arff,1,57500.0,0.6875,9.262779106696442E-10,57500.0,0.754,0.3333333333333333,0.6666666666666666,0.0,0.0,0.754,0.3333333333333333,0.754,0.152,0.094,57500.0,5208.0
functions.MajorityClass,ArffFileStream -f ./../../../Dataset/benchmarks/connect-4.arff,1,58000.0,0.6875,9.262779106696442E-10,58000.0,0.758,0.3333333333333333,0.6666666666666666,0.0,0.0,0.758,0.3333333333333333,0.758,0.156,0.086,58000.0,5208.0
functions.MajorityClass,ArffFileStream -f ./../../../Dataset/benchmarks/connect-4.arff,1,58500.0,0.703125,9.473296813666816E-10,58500.0,0.598,0.3333333333333333,0.6666666666666666,0.0,0.0,0.598,0.3333333333333333,0.598,0.274,0.128,58500.0,5208.0
functions.MajorityClass,ArffFileStream -f ./../../../Dataset/benchmarks/connect-4.arff,1,59000.0,0.703125,9.473296813666816E-10,59000.0,0.512,0.3333333333333333,0.6666666666666666,0.0,0.0,0.512,0.3333333333333333,0.512,0.316,0.172,59000.0,5208.0
functions.MajorityClass,ArffFileStream -f ./../../../Dataset/benchmarks/connect-4.arff,1,59500.0,0.703125,9.473296813666816E-10,59500.0,0.6,0.3333333333333333,0.6666666666666666,0.0,0.0,0.6,0.3333333333333333,0.6,0.204,0.196,59500.0,5208.0
functions.MajorityClass,ArffFileStream -f ./../../../Dataset/benchmarks/connect-4.arff,1,60000.0,0.703125,9.473296813666816E-10,60000.0,0.582,0.3333333333333333,0.6666666666666666,0.0,0.0,0.582,0.3333333333333333,0.582,0.27,0.148,60000.0,5208.0
functions.MajorityClass,ArffFileStream -f ./../../../Dataset/benchmarks/connect-4.arff,1,60500.0,0.71875,9.68381452063719E-10,60500.0,0.744,0.3333333333333333,0.6666666666666666,0.0,0.0,0.744,0.3333333333333333,0.744,0.154,0.102,60500.0,5208.0
functions.MajorityClass,ArffFileStream -f ./../../../Dataset/benchmarks/connect-4.arff,1,61000.0,0.71875,9.68381452063719E-10,61000.0,0.732,0.3333333333333333,0.6666666666666666,0.0,0.0,0.732,0.3333333333333333,0.732,0.168,0.1,61000.0,5208.0
functions.MajorityClass,ArffFileStream -f ./../../../Dataset/benchmarks/connect-4.arff,1,61500.0,0.71875,9.68381452063719E-10,61500.0,0.628,0.3333333333333333,0.6666666666666666,0.0,0.0,0.628,0.3333333333333333,0.628,0.226,0.146,61500.0,5208.0
functions.MajorityClass,ArffFileStream -f ./../../../Dataset/benchmarks/connect-4.arff,1,62000.0,0.734375,9.894332227607565E-10,62000.0,0.67,0.3333333333333333,0.6666666666666666,0.0,0.0,0.67,0.3333333333333333,0.67,0.182,0.148,62000.0,5208.0
functions.MajorityClass,ArffFileStream -f ./../../../Dataset/benchmarks/connect-4.arff,1,62500.0,0.734375,9.894332227607565E-10,62500.0,0.578,0.3333333333333333,0.6666666666666666,0.0,0.0,0.578,0.3333333333333333,0.578,0.3,0.122,62500.0,5208.0
functions.MajorityClass,ArffFileStream -f ./../../../Dataset/benchmarks/connect-4.arff,1,63000.0,0.734375,9.894332227607565E-10,63000.0,0.298,0.3333333333333333,0.6666666666666666,0.0,0.0,0.298,0.3333333333333333,0.298,0.566,0.136,63000.0,5208.0
functions.MajorityClass,ArffFileStream -f ./../../../Dataset/benchmarks/connect-4.arff,1,63500.0,0.734375,9.894332227607565E-10,63500.0,0.402,0.3333333333333333,0.6666666666666666,0.0,0.0,0.402,0.3333333333333333,0.402,0.486,0.112,63500.0,5208.0
functions.MajorityClass,ArffFileStream -f ./../../../Dataset/benchmarks/connect-4.arff,1,64000.0,0.75,1.010484993457794E-9,64000.0,0.788,0.3333333333333333,0.6666666666666666,0.0,0.0,0.788,0.3333333333333333,0.788,0.112,0.1,64000.0,5208.0
functions.MajorityClass,ArffFileStream -f ./../../../Dataset/benchmarks/connect-4.arff,1,64500.0,0.75,1.010484993457794E-9,64500.0,0.456,0.3333333333333333,0.6666666666666666,0.0,0.0,0.456,0.3333333333333333,0.456,0.344,0.2,64500.0,5208.0
functions.MajorityClass,ArffFileStream -f ./../../../Dataset/benchmarks/connect-4.arff,1,65000.0,0.765625,1.0315367641548314E-9,65000.0,0.53,0.3333333333333333,0.6666666666666666,0.0,0.0,0.53,0.3333333333333333,0.53,0.304,0.166,65000.0,5208.0
functions.MajorityClass,ArffFileStream -f ./../../../Dataset/benchmarks/connect-4.arff,1,65500.0,0.765625,1.0315367641548314E-9,65500.0,0.648,0.3333333333333333,0.6666666666666666,0.0,0.0,0.648,0.3333333333333333,0.648,0.258,0.094,65500.0,5208.0
functions.MajorityClass,ArffFileStream -f ./../../../Dataset/benchmarks/connect-4.arff,1,66000.0,0.765625,1.0315367641548314E-9,66000.0,0.648,0.3333333333333333,0.6666666666666666,0.0,0.0,0.648,0.3333333333333333,0.648,0.252,0.1,66000.0,5208.0
functions.MajorityClass,ArffFileStream -f ./../../../Dataset/benchmarks/connect-4.arff,1,66500.0,0.78125,1.0525885348518689E-9,66500.0,0.598,0.3333333333333333,0.6666666666666666,0.0,0.0,0.598,0.3333333333333333,0.598,0.294,0.108,66500.0,5208.0
functions.MajorityClass,ArffFileStream -f ./../../../Dataset/benchmarks/connect-4.arff,1,67000.0,0.78125,1.0525885348518689E-9,67000.0,0.664,0.3333333333333333,0.6666666666666666,0.0,0.0,0.664,0.3333333333333333,0.664,0.242,0.094,67000.0,5208.0
functions.MajorityClass,ArffFileStream -f ./../../../Dataset/benchmarks/connect-4.arff,1,67500.0,0.796875,1.0736403055489063E-9,67500.0,0.49,0.3333333333333333,0.6666666666666666,0.0,0.0,0.49,0.3333333333333333,0.49,0.318,0.192,67500.0,5208.0
functions.MajorityClass,ArffFileStream -f ./../../../Dataset/benchmarks/connect-4.arff,1,67557.0,0.796875,1.0736403055489063E-9,67557.0,0.436,0.3333333333333333,0.6666666666666666,0.0,0.0,0.436,0.3333333333333333,0.436,0.328,0.236,67557.0,5208.0
