Learner,stream,randomSeed,learning evaluation instances,evaluation time (cpu seconds),model cost (RAM-Hours),classified instances,Accuracy,AvgAccuracy,AUC,Kappa,G-Mean,Precision,Recall,Ratio-Class-0,Ratio-Class-1,Ratio-Class-2,model training instances,model serialized size (bytes)
meta.imbalanced.OnlineRUSBoost -l (trees.HoeffdingTree -e 2000000 -g 100 -c 0.01),ArffFileStream -f ./../../../Dataset/benchmarks/connect-4.arff,1,500.0,0.484375,9.423173550102446E-10,500.0,0.676,0.4520685858611672,0.5746306824377038,0.2725509214354995,0.29257353768563105,0.4405097486492835,0.4520685858611672,0.718,0.218,0.064,500.0,7520.0
meta.imbalanced.OnlineRUSBoost -l (trees.HoeffdingTree -e 2000000 -g 100 -c 0.01),ArffFileStream -f ./../../../Dataset/benchmarks/connect-4.arff,1,1000.0,0.625,1.2158933613035414E-9,1000.0,0.856,0.4664009300780601,0.5561817520469218,0.3293841511121046,0.0,0.4340501792114695,0.4664009300780601,0.892,0.09,0.018,1000.0,7520.0
meta.imbalanced.OnlineRUSBoost -l (trees.HoeffdingTree -e 2000000 -g 100 -c 0.01),ArffFileStream -f ./../../../Dataset/benchmarks/connect-4.arff,1,1500.0,0.75,1.4590720335642497E-9,1500.0,0.89,0.4132183908045977,0.5129554537449275,0.22752808988764045,0.0,0.4159420289855072,0.4132183908045977,0.928,0.06,0.012,1500.0,7520.0
meta.imbalanced.OnlineRUSBoost -l (trees.HoeffdingTree -e 2000000 -g 100 -c 0.01),ArffFileStream -f ./../../../Dataset/benchmarks/connect-4.arff,1,2000.0,0.859375,1.6718533717923694E-9,2000.0,0.786,0.5316926341654101,0.6281428177434293,0.4579259334312782,0.35559881976034785,0.5139417657263589,0.5316926341654101,0.762,0.188,0.05,2000.0,7520.0
meta.imbalanced.OnlineRUSBoost -l (trees.HoeffdingTree -e 2000000 -g 100 -c 0.01),ArffFileStream -f ./../../../Dataset/benchmarks/connect-4.arff,1,2500.0,0.96875,1.8846347100204893E-9,2500.0,0.758,0.5698593795430261,0.6734604660653684,0.5422457950925723,0.4332069933824606,0.6203999113769801,0.5698593795430261,0.532,0.422,0.046,2500.0,7520.0
meta.imbalanced.OnlineRUSBoost -l (trees.HoeffdingTree -e 2000000 -g 100 -c 0.01),ArffFileStream -f ./../../../Dataset/benchmarks/connect-4.arff,1,3000.0,1.0625,2.0670187142160205E-9,3000.0,0.698,0.5635935737347804,0.6835868037065724,0.4750199909606091,0.48061329976095263,0.5634920634920635,0.5635935737347804,0.492,0.418,0.09,3000.0,7520.0
meta.imbalanced.OnlineRUSBoost -l (trees.HoeffdingTree -e 2000000 -g 100 -c 0.01),ArffFileStream -f ./../../../Dataset/benchmarks/connect-4.arff,1,3500.0,1.234375,2.4013893885744945E-9,3500.0,0.758,0.5273951904413218,0.5925969062203982,0.5496300266499918,0.0,0.5282322298577924,0.5273951904413218,0.482,0.476,0.042,3500.0,7520.0
meta.imbalanced.OnlineRUSBoost -l (trees.HoeffdingTree -e 2000000 -g 100 -c 0.01),ArffFileStream -f ./../../../Dataset/benchmarks/connect-4.arff,1,4000.0,1.484375,2.887746733095911E-9,4000.0,0.722,0.571551438663625,0.6892041637541477,0.4952062754212667,0.4772066572317126,0.5955357142857143,0.571551438663625,0.428,0.508,0.064,4000.0,7520.0
meta.imbalanced.OnlineRUSBoost -l (trees.HoeffdingTree -e 2000000 -g 100 -c 0.01),ArffFileStream -f ./../../../Dataset/benchmarks/connect-4.arff,1,4500.0,1.640625,3.1917200734217963E-9,4500.0,0.696,0.5405505952380952,0.6875897639550267,0.3718800621508149,0.4864280947355222,0.5364887204659325,0.5405505952380952,0.672,0.256,0.072,4500.0,7520.0
meta.imbalanced.OnlineRUSBoost -l (trees.HoeffdingTree -e 2000000 -g 100 -c 0.01),ArffFileStream -f ./../../../Dataset/benchmarks/connect-4.arff,1,5000.0,1.78125,3.4652960797150933E-9,5000.0,0.694,0.5402430326969497,0.6616053470354553,0.44487177626518437,0.4411689999876249,0.5465971680495473,0.5402430326969497,0.448,0.49,0.062,5000.0,7520.0
meta.imbalanced.OnlineRUSBoost -l (trees.HoeffdingTree -e 2000000 -g 100 -c 0.01),ArffFileStream -f ./../../../Dataset/benchmarks/connect-4.arff,1,5500.0,1.875,3.6476800839106245E-9,5500.0,0.71,0.5620073644211784,0.7103384601555489,0.4101039030780371,0.5134869970100071,0.5964855690774873,0.5620073644211784,0.64,0.238,0.122,5500.0,7520.0
meta.imbalanced.OnlineRUSBoost -l (trees.HoeffdingTree -e 2000000 -g 100 -c 0.01),ArffFileStream -f ./../../../Dataset/benchmarks/connect-4.arff,1,6000.0,2.03125,3.95165342423651E-9,6000.0,0.714,0.6924851647911042,0.8160729525107291,0.5595066474451386,0.6859377441446739,0.6917814026044492,0.6924851647911042,0.358,0.418,0.224,6000.0,7520.0
meta.imbalanced.OnlineRUSBoost -l (trees.HoeffdingTree -e 2000000 -g 100 -c 0.01),ArffFileStream -f ./../../../Dataset/benchmarks/connect-4.arff,1,6500.0,2.171875,4.225229430529807E-9,6500.0,0.794,0.6498949202436232,0.7613360287025435,0.5917655545250609,0.5892781790155406,0.648368681897572,0.6498949202436232,0.646,0.268,0.086,6500.0,7520.0
meta.imbalanced.OnlineRUSBoost -l (trees.HoeffdingTree -e 2000000 -g 100 -c 0.01),ArffFileStream -f ./../../../Dataset/benchmarks/connect-4.arff,1,7000.0,2.28125,4.438010768757927E-9,7000.0,0.982,0.3333333333333333,0.6666666666666666,0.0,0.0,0.982,0.3333333333333333,0.982,0.008,0.01,7000.0,7520.0
meta.imbalanced.OnlineRUSBoost -l (trees.HoeffdingTree -e 2000000 -g 100 -c 0.01),ArffFileStream -f ./../../../Dataset/benchmarks/connect-4.arff,1,7500.0,2.375,4.620394772953458E-9,7500.0,0.994,0.3333333333333333,0.6666666666666666,0.0,0.0,0.994,0.3333333333333333,0.994,0.004,0.002,7500.0,7520.0
meta.imbalanced.OnlineRUSBoost -l (trees.HoeffdingTree -e 2000000 -g 100 -c 0.01),ArffFileStream -f ./../../../Dataset/benchmarks/connect-4.arff,1,8000.0,2.484375,4.833176111181578E-9,8000.0,0.974,0.3979550102249489,0.6989747085423188,0.12563895614743073,0.0,0.4932795698924732,0.3979550102249489,0.978,0.012,0.01,8000.0,7520.0
meta.imbalanced.OnlineRUSBoost -l (trees.HoeffdingTree -e 2000000 -g 100 -c 0.01),ArffFileStream -f ./../../../Dataset/benchmarks/connect-4.arff,1,8500.0,2.59375,5.045957449409697E-9,8500.0,0.83,0.5221138211382114,0.6541616469930548,0.3849493487698987,0.43669361998957507,0.5694491506279932,0.5221138211382114,0.82,0.08,0.1,8500.0,7520.0
meta.imbalanced.OnlineRUSBoost -l (trees.HoeffdingTree -e 2000000 -g 100 -c 0.01),ArffFileStream -f ./../../../Dataset/benchmarks/connect-4.arff,1,9000.0,2.703125,5.258738787637817E-9,9000.0,0.74,0.5876292969750914,0.7120755149915827,0.47875735754037624,0.5324471382308724,0.5911370077954942,0.5876292969750914,0.66,0.214,0.126,9000.0,7520.0
meta.imbalanced.OnlineRUSBoost -l (trees.HoeffdingTree -e 2000000 -g 100 -c 0.01),ArffFileStream -f ./../../../Dataset/benchmarks/connect-4.arff,1,9500.0,2.78125,5.41072545780076E-9,9500.0,0.986,0.3326585695006748,0.6663292847503374,-0.0028653295128939827,0.0,0.4939879759519038,0.3326585695006748,0.988,0.004,0.008,9500.0,7520.0
meta.imbalanced.OnlineRUSBoost -l (trees.HoeffdingTree -e 2000000 -g 100 -c 0.01),ArffFileStream -f ./../../../Dataset/benchmarks/connect-4.arff,1,10000.0,2.890625,5.623506796028879E-9,10000.0,0.918,0.4311844143377621,0.554466153871686,0.2747213868742261,0.28731904839224987,0.4925377582281348,0.4311844143377621,0.926,0.03,0.044,10000.0,7520.0
meta.imbalanced.OnlineRUSBoost -l (trees.HoeffdingTree -e 2000000 -g 100 -c 0.01),ArffFileStream -f ./../../../Dataset/benchmarks/connect-4.arff,1,10500.0,2.984375,5.805890800224411E-9,10500.0,0.832,0.5756381106058384,0.7215218609178679,0.4539781591263651,0.5255642161913854,0.6319988359524403,0.5756381106058384,0.802,0.096,0.102,10500.0,7520.0
meta.imbalanced.OnlineRUSBoost -l (trees.HoeffdingTree -e 2000000 -g 100 -c 0.01),ArffFileStream -f ./../../../Dataset/benchmarks/connect-4.arff,1,11000.0,3.078125,5.988274804419942E-9,11000.0,0.696,0.5708828703651827,0.6994600672047687,0.4601850996881859,0.5218762565315632,0.5774346518621328,0.5708828703651827,0.57,0.308,0.122,11000.0,7520.0
meta.imbalanced.OnlineRUSBoost -l (trees.HoeffdingTree -e 2000000 -g 100 -c 0.01),ArffFileStream -f ./../../../Dataset/benchmarks/connect-4.arff,1,11500.0,3.171875,6.170658808615474E-9,11500.0,0.768,0.5588052159439011,0.7062530222060772,0.4168099504288458,0.5134047319111972,0.5850667850667851,0.5588052159439011,0.744,0.134,0.122,11500.0,7520.0
meta.imbalanced.OnlineRUSBoost -l (trees.HoeffdingTree -e 2000000 -g 100 -c 0.01),ArffFileStream -f ./../../../Dataset/benchmarks/connect-4.arff,1,12000.0,3.28125,6.3834401468435934E-9,12000.0,0.728,0.5682565040172093,0.706133437614547,0.4283744819643743,0.5131428696710233,0.5882524839275277,0.5682565040172093,0.67,0.194,0.136,12000.0,7520.0
meta.imbalanced.OnlineRUSBoost -l (trees.HoeffdingTree -e 2000000 -g 100 -c 0.01),ArffFileStream -f ./../../../Dataset/benchmarks/connect-4.arff,1,12500.0,3.40625,6.626618819104302E-9,12500.0,0.77,0.5324887562296565,0.6747207847455012,0.3784926013597501,0.46428213986002914,0.5551300263015243,0.5324887562296565,0.762,0.132,0.106,12500.0,7520.0
meta.imbalanced.OnlineRUSBoost -l (trees.HoeffdingTree -e 2000000 -g 100 -c 0.01),ArffFileStream -f ./../../../Dataset/benchmarks/connect-4.arff,1,13000.0,3.5,6.809002823299833E-9,13000.0,0.824,0.5704105018197971,0.7157173220602823,0.44592756762202185,0.5154491587451128,0.6326055153244093,0.5704105018197971,0.792,0.116,0.092,13000.0,7520.0
meta.imbalanced.OnlineRUSBoost -l (trees.HoeffdingTree -e 2000000 -g 100 -c 0.01),ArffFileStream -f ./../../../Dataset/benchmarks/connect-4.arff,1,13500.0,3.59375,6.991386827495365E-9,13500.0,0.752,0.5765002970885323,0.7150856460123136,0.41756693283231566,0.5457576548620786,0.5663844325609032,0.5765002970885323,0.748,0.12,0.132,13500.0,7520.0
meta.imbalanced.OnlineRUSBoost -l (trees.HoeffdingTree -e 2000000 -g 100 -c 0.01),ArffFileStream -f ./../../../Dataset/benchmarks/connect-4.arff,1,14000.0,3.71875,7.234565499756073E-9,14000.0,0.876,0.5254733118058859,0.6929975849279476,0.36541728930830486,0.45192211494681334,0.5883362251783304,0.5254733118058859,0.878,0.07,0.052,14000.0,7520.0
meta.imbalanced.OnlineRUSBoost -l (trees.HoeffdingTree -e 2000000 -g 100 -c 0.01),ArffFileStream -f ./../../../Dataset/benchmarks/connect-4.arff,1,14500.0,3.828125,7.447346837984193E-9,14500.0,0.85,0.6116241330463108,0.722213765201068,0.6586409357789814,0.38563245188392214,0.625037424911295,0.6116241330463108,0.692,0.254,0.054,14500.0,7520.0
meta.imbalanced.OnlineRUSBoost -l (trees.HoeffdingTree -e 2000000 -g 100 -c 0.01),ArffFileStream -f ./../../../Dataset/benchmarks/connect-4.arff,1,15000.0,3.921875,7.629730842179724E-9,15000.0,0.974,0.4298696844993141,0.7149348422496571,0.2296752785020147,0.2749717497914248,0.8252850435949027,0.4298696844993141,0.972,0.012,0.016,15000.0,7520.0
meta.imbalanced.OnlineRUSBoost -l (trees.HoeffdingTree -e 2000000 -g 100 -c 0.01),ArffFileStream -f ./../../../Dataset/benchmarks/connect-4.arff,1,15500.0,4.046875,7.872909514440432E-9,15500.0,0.866,0.6075115207373272,0.7025878228021805,0.6366279069767442,0.4621538523895729,0.6953152111046847,0.6075115207373272,0.744,0.2,0.056,15500.0,7520.0
meta.imbalanced.OnlineRUSBoost -l (trees.HoeffdingTree -e 2000000 -g 100 -c 0.01),ArffFileStream -f ./../../../Dataset/benchmarks/connect-4.arff,1,16000.0,4.109375,7.994498850570787E-9,16000.0,0.782,0.505813408345054,0.650939746384415,0.34315190666730944,0.4360173981831111,0.5366450391997838,0.505813408345054,0.79,0.126,0.084,16000.0,7520.0
meta.imbalanced.OnlineRUSBoost -l (trees.HoeffdingTree -e 2000000 -g 100 -c 0.01),ArffFileStream -f ./../../../Dataset/benchmarks/connect-4.arff,1,16500.0,4.203125,8.176882854766318E-9,16500.0,0.91,0.36591945288753797,0.6002194076864462,0.06662241765535551,0.162648766961108,0.3878434065934066,0.36591945288753797,0.94,0.032,0.028,16500.0,7520.0
meta.imbalanced.OnlineRUSBoost -l (trees.HoeffdingTree -e 2000000 -g 100 -c 0.01),ArffFileStream -f ./../../../Dataset/benchmarks/connect-4.arff,1,17000.0,4.296875,8.359266858961849E-9,17000.0,0.96,0.49652052887961035,0.7244448988580238,0.37868903386144764,0.38023910091308144,0.620066788099575,0.49652052887961035,0.958,0.03,0.012,17000.0,7520.0
meta.imbalanced.OnlineRUSBoost -l (trees.HoeffdingTree -e 2000000 -g 100 -c 0.01),ArffFileStream -f ./../../../Dataset/benchmarks/connect-4.arff,1,17500.0,4.375,8.511253529124792E-9,17500.0,0.916,0.5644870534251066,0.7106196643864728,0.46564885496183206,0.476095991929618,0.6487068965517241,0.5644870534251066,0.904,0.06,0.036,17500.0,7520.0
meta.imbalanced.OnlineRUSBoost -l (trees.HoeffdingTree -e 2000000 -g 100 -c 0.01),ArffFileStream -f ./../../../Dataset/benchmarks/connect-4.arff,1,18000.0,4.46875,8.693637533320323E-9,18000.0,0.934,0.6438791423001949,0.7586408227145326,0.629812438302073,0.556668140760476,0.6773292013358239,0.6438791423001949,0.9,0.076,0.024,18000.0,7520.0
meta.imbalanced.OnlineRUSBoost -l (trees.HoeffdingTree -e 2000000 -g 100 -c 0.01),ArffFileStream -f ./../../../Dataset/benchmarks/connect-4.arff,1,18500.0,4.546875,8.845624203483265E-9,18500.0,0.934,0.46167023554603853,0.6863906733285746,0.31662870159453305,0.27973242641587664,0.5546398046398046,0.46167023554603853,0.934,0.036,0.03,18500.0,7520.0
meta.imbalanced.OnlineRUSBoost -l (trees.HoeffdingTree -e 2000000 -g 100 -c 0.01),ArffFileStream -f ./../../../Dataset/benchmarks/connect-4.arff,1,19000.0,4.640625,9.028008207678796E-9,19000.0,0.814,0.5223219508933795,0.6497882672882672,0.37147723125582904,0.4264227628955899,0.5612390753900188,0.5223219508933795,0.814,0.088,0.098,19000.0,7520.0
meta.imbalanced.OnlineRUSBoost -l (trees.HoeffdingTree -e 2000000 -g 100 -c 0.01),ArffFileStream -f ./../../../Dataset/benchmarks/connect-4.arff,1,19500.0,4.75,9.240789545906917E-9,19500.0,0.714,0.6938729758401889,0.8206673615761294,0.5538499937601398,0.6896567469772052,0.6868318193918856,0.6938729758401889,0.26,0.488,0.252,19500.0,7520.0
meta.imbalanced.OnlineRUSBoost -l (trees.HoeffdingTree -e 2000000 -g 100 -c 0.01),ArffFileStream -f ./../../../Dataset/benchmarks/connect-4.arff,1,20000.0,4.859375,9.453570884135037E-9,20000.0,0.816,0.7442205097806758,0.8492096450829253,0.6978633685607131,0.7212672436293884,0.7416177237718248,0.7442205097806758,0.482,0.378,0.14,20000.0,7520.0
meta.imbalanced.OnlineRUSBoost -l (trees.HoeffdingTree -e 2000000 -g 100 -c 0.01),ArffFileStream -f ./../../../Dataset/benchmarks/connect-4.arff,1,20500.0,4.96875,9.666352222363157E-9,20500.0,0.806,0.6433413863039847,0.7713744248980839,0.5084127305899048,0.6189854946031267,0.6400041498080714,0.6433413863039847,0.762,0.11,0.128,20500.0,7520.0
meta.imbalanced.OnlineRUSBoost -l (trees.HoeffdingTree -e 2000000 -g 100 -c 0.01),ArffFileStream -f ./../../../Dataset/benchmarks/connect-4.arff,1,21000.0,5.078125,9.879133560591278E-9,21000.0,0.862,0.5774249783712972,0.729480942727264,0.41757406938465436,0.5299013937683749,0.6237125309894073,0.5774249783712972,0.866,0.052,0.082,21000.0,7520.0
meta.imbalanced.OnlineRUSBoost -l (trees.HoeffdingTree -e 2000000 -g 100 -c 0.01),ArffFileStream -f ./../../../Dataset/benchmarks/connect-4.arff,1,21500.0,5.15625,1.003112023075422E-8,21500.0,0.96,0.5784620737647878,0.7122020536197825,0.4842170414689499,0.5153370055535641,0.6461439461439462,0.5784620737647878,0.958,0.024,0.018,21500.0,7520.0
meta.imbalanced.OnlineRUSBoost -l (trees.HoeffdingTree -e 2000000 -g 100 -c 0.01),ArffFileStream -f ./../../../Dataset/benchmarks/connect-4.arff,1,22000.0,5.25,1.0213504234949751E-8,22000.0,0.934,0.627485380116959,0.7432527450097428,0.5512402088772846,0.5424863881931092,0.6799816063764562,0.627485380116959,0.912,0.04,0.048,22000.0,7520.0
meta.imbalanced.OnlineRUSBoost -l (trees.HoeffdingTree -e 2000000 -g 100 -c 0.01),ArffFileStream -f ./../../../Dataset/benchmarks/connect-4.arff,1,22500.0,5.359375,1.0426285573177871E-8,22500.0,0.886,0.6563828030140705,0.7677055604750443,0.7190706660489508,0.5573527120727167,0.6893980233602875,0.6563828030140705,0.718,0.256,0.026,22500.0,7520.0
meta.imbalanced.OnlineRUSBoost -l (trees.HoeffdingTree -e 2000000 -g 100 -c 0.01),ArffFileStream -f ./../../../Dataset/benchmarks/connect-4.arff,1,23000.0,5.453125,1.0608669577373402E-8,23000.0,0.75,0.6803173784931045,0.7990865671409924,0.5817999330879893,0.6585940379948354,0.6955231853644178,0.6803173784931045,0.474,0.39,0.136,23000.0,7520.0
meta.imbalanced.OnlineRUSBoost -l (trees.HoeffdingTree -e 2000000 -g 100 -c 0.01),ArffFileStream -f ./../../../Dataset/benchmarks/connect-4.arff,1,23500.0,5.546875,1.0791053581568933E-8,23500.0,0.74,0.6677304177304176,0.7904800503864435,0.5742897187692388,0.645038671947203,0.6608111805207241,0.6677304177304176,0.364,0.504,0.132,23500.0,7520.0
meta.imbalanced.OnlineRUSBoost -l (trees.HoeffdingTree -e 2000000 -g 100 -c 0.01),ArffFileStream -f ./../../../Dataset/benchmarks/connect-4.arff,1,24000.0,5.640625,1.0973437585764464E-8,24000.0,0.94,0.5848399966047025,0.7029412745649272,0.5158635380692638,0.4992166423081639,0.6875811357145506,0.5848399966047025,0.924,0.034,0.042,24000.0,7520.0
meta.imbalanced.OnlineRUSBoost -l (trees.HoeffdingTree -e 2000000 -g 100 -c 0.01),ArffFileStream -f ./../../../Dataset/benchmarks/connect-4.arff,1,24500.0,5.75,1.1186218923992584E-8,24500.0,0.836,0.5943120525644797,0.7379503653313177,0.44578117818810997,0.5547743111835485,0.6088636363636364,0.5943120525644797,0.824,0.11,0.066,24500.0,7520.0
meta.imbalanced.OnlineRUSBoost -l (trees.HoeffdingTree -e 2000000 -g 100 -c 0.01),ArffFileStream -f ./../../../Dataset/benchmarks/connect-4.arff,1,25000.0,5.875,1.1429397596253292E-8,25000.0,0.784,0.6653766701284527,0.778613034403128,0.6040213828453264,0.6181327751275127,0.6815361317128102,0.6653766701284527,0.326,0.582,0.092,25000.0,7520.0
meta.imbalanced.OnlineRUSBoost -l (trees.HoeffdingTree -e 2000000 -g 100 -c 0.01),ArffFileStream -f ./../../../Dataset/benchmarks/connect-4.arff,1,25500.0,6.015625,1.1702973602546589E-8,25500.0,0.722,0.6311180914839452,0.7584236279714549,0.5235287665222399,0.5945157993448973,0.6429928098025772,0.6311180914839452,0.328,0.528,0.144,25500.0,7520.0
meta.imbalanced.OnlineRUSBoost -l (trees.HoeffdingTree -e 2000000 -g 100 -c 0.01),ArffFileStream -f ./../../../Dataset/benchmarks/connect-4.arff,1,26000.0,6.125,1.1915754940774709E-8,26000.0,0.812,0.6230799954353532,0.7351581012270468,0.5809595135564055,0.5455574899326205,0.7237021167657005,0.6230799954353532,0.254,0.69,0.056,26000.0,7520.0
meta.imbalanced.OnlineRUSBoost -l (trees.HoeffdingTree -e 2000000 -g 100 -c 0.01),ArffFileStream -f ./../../../Dataset/benchmarks/connect-4.arff,1,26500.0,6.234375,1.2128536279002829E-8,26500.0,0.736,0.6248286586138653,0.7479903449855839,0.5342929720575783,0.5678922355269236,0.6627341079972658,0.6248286586138653,0.36,0.524,0.116,26500.0,7520.0
meta.imbalanced.OnlineRUSBoost -l (trees.HoeffdingTree -e 2000000 -g 100 -c 0.01),ArffFileStream -f ./../../../Dataset/benchmarks/connect-4.arff,1,27000.0,6.34375,1.234131761723095E-8,27000.0,0.672,0.6153383371657483,0.7524033348675515,0.4726823747299105,0.5951870185436055,0.6132995304266022,0.6153383371657483,0.45,0.394,0.156,27000.0,7520.0
meta.imbalanced.OnlineRUSBoost -l (trees.HoeffdingTree -e 2000000 -g 100 -c 0.01),ArffFileStream -f ./../../../Dataset/benchmarks/connect-4.arff,1,27500.0,6.453125,1.255409895545907E-8,27500.0,0.768,0.6746591470932453,0.7947005528314461,0.6008341190477829,0.6440436889018705,0.6809515723651849,0.6746591470932453,0.416,0.482,0.102,27500.0,7520.0
meta.imbalanced.OnlineRUSBoost -l (trees.HoeffdingTree -e 2000000 -g 100 -c 0.01),ArffFileStream -f ./../../../Dataset/benchmarks/connect-4.arff,1,28000.0,6.578125,1.2797277627719778E-8,28000.0,0.796,0.6478034054997406,0.7432550699859286,0.6354382603971579,0.5579653923986799,0.6790146087802323,0.6478034054997406,0.518,0.382,0.1,28000.0,7520.0
meta.imbalanced.OnlineRUSBoost -l (trees.HoeffdingTree -e 2000000 -g 100 -c 0.01),ArffFileStream -f ./../../../Dataset/benchmarks/connect-4.arff,1,28500.0,6.703125,1.3040456299980486E-8,28500.0,0.758,0.5983301596041634,0.7232768788995453,0.49981811567842854,0.5373279058067889,0.6091393491074294,0.5983301596041634,0.668,0.216,0.116,28500.0,7520.0
meta.imbalanced.OnlineRUSBoost -l (trees.HoeffdingTree -e 2000000 -g 100 -c 0.01),ArffFileStream -f ./../../../Dataset/benchmarks/connect-4.arff,1,29000.0,6.796875,1.3222840304176017E-8,29000.0,0.768,0.6909399724802201,0.8089423373592748,0.5931965632123444,0.6712641410682,0.7123004206728144,0.6909399724802201,0.342,0.544,0.114,29000.0,7520.0
meta.imbalanced.OnlineRUSBoost -l (trees.HoeffdingTree -e 2000000 -g 100 -c 0.01),ArffFileStream -f ./../../../Dataset/benchmarks/connect-4.arff,1,29500.0,6.90625,1.3435621642404137E-8,29500.0,0.74,0.6309097475097053,0.7423699938185905,0.5626400392951103,0.5690481239655089,0.6358956737344948,0.6309097475097053,0.47,0.404,0.126,29500.0,7520.0
meta.imbalanced.OnlineRUSBoost -l (trees.HoeffdingTree -e 2000000 -g 100 -c 0.01),ArffFileStream -f ./../../../Dataset/benchmarks/connect-4.arff,1,30000.0,7.015625,1.3648402980632258E-8,30000.0,0.804,0.6486836650082918,0.7469585034091489,0.6402772067892172,0.5642336416101468,0.6954240244168303,0.6486836650082918,0.536,0.384,0.08,30000.0,7520.0
meta.imbalanced.OnlineRUSBoost -l (trees.HoeffdingTree -e 2000000 -g 100 -c 0.01),ArffFileStream -f ./../../../Dataset/benchmarks/connect-4.arff,1,30500.0,7.125,1.3861184318860378E-8,30500.0,0.738,0.6637879805951088,0.7918779107806401,0.5345465915308798,0.6490568844846111,0.6711426173395862,0.6637879805951088,0.576,0.29,0.134,30500.0,7520.0
meta.imbalanced.OnlineRUSBoost -l (trees.HoeffdingTree -e 2000000 -g 100 -c 0.01),ArffFileStream -f ./../../../Dataset/benchmarks/connect-4.arff,1,31000.0,7.265625,1.4134760325153674E-8,31000.0,0.688,0.5538065843621399,0.7025061041548425,0.37880284157879646,0.5214644201967265,0.5727415778556613,0.5538065843621399,0.648,0.192,0.16,31000.0,7520.0
meta.imbalanced.OnlineRUSBoost -l (trees.HoeffdingTree -e 2000000 -g 100 -c 0.01),ArffFileStream -f ./../../../Dataset/benchmarks/connect-4.arff,1,31500.0,7.390625,1.4377938997414382E-8,31500.0,0.788,0.5408369257868632,0.6549919649747927,0.45444064725985095,0.44246533590563764,0.5514387584679764,0.5408369257868632,0.752,0.18,0.068,31500.0,7520.0
meta.imbalanced.OnlineRUSBoost -l (trees.HoeffdingTree -e 2000000 -g 100 -c 0.01),ArffFileStream -f ./../../../Dataset/benchmarks/connect-4.arff,1,32000.0,7.53125,1.4651515003707679E-8,32000.0,0.738,0.5146371834873275,0.6327836953494849,0.3770625885664831,0.4068434665305369,0.5205165165165165,0.5146371834873275,0.722,0.17,0.108,32000.0,7520.0
meta.imbalanced.OnlineRUSBoost -l (trees.HoeffdingTree -e 2000000 -g 100 -c 0.01),ArffFileStream -f ./../../../Dataset/benchmarks/connect-4.arff,1,32500.0,7.625,1.483389900790321E-8,32500.0,0.884,0.5776967117596393,0.7387432406249413,0.4664802413716977,0.5177303568734847,0.6756146834195614,0.5776967117596393,0.86,0.072,0.068,32500.0,7520.0
meta.imbalanced.OnlineRUSBoost -l (trees.HoeffdingTree -e 2000000 -g 100 -c 0.01),ArffFileStream -f ./../../../Dataset/benchmarks/connect-4.arff,1,33000.0,7.75,1.5077077680163918E-8,33000.0,0.802,0.6174842225471427,0.720336557909456,0.609516747392834,0.5184101805834089,0.675652841781874,0.6174842225471427,0.596,0.346,0.058,33000.0,7520.0
meta.imbalanced.OnlineRUSBoost -l (trees.HoeffdingTree -e 2000000 -g 100 -c 0.01),ArffFileStream -f ./../../../Dataset/benchmarks/connect-4.arff,1,33500.0,7.859375,1.5289859018392038E-8,33500.0,0.812,0.6487957335840356,0.7644956090608265,0.6143747948802101,0.5884590305987866,0.6970001339225927,0.6487957335840356,0.632,0.29,0.078,33500.0,7520.0
meta.imbalanced.OnlineRUSBoost -l (trees.HoeffdingTree -e 2000000 -g 100 -c 0.01),ArffFileStream -f ./../../../Dataset/benchmarks/connect-4.arff,1,34000.0,7.96875,1.5502640356620158E-8,34000.0,0.752,0.6220357543549278,0.7295153160479498,0.5610370852862463,0.546768891486136,0.6434455391351942,0.6220357543549278,0.536,0.338,0.126,34000.0,7520.0
meta.imbalanced.OnlineRUSBoost -l (trees.HoeffdingTree -e 2000000 -g 100 -c 0.01),ArffFileStream -f ./../../../Dataset/benchmarks/connect-4.arff,1,34500.0,8.09375,1.5745819028880868E-8,34500.0,0.798,0.6571428571428571,0.767194056974299,0.621598129720657,0.6049849245416578,0.6720780079913206,0.6571428571428571,0.58,0.336,0.084,34500.0,7520.0
meta.imbalanced.OnlineRUSBoost -l (trees.HoeffdingTree -e 2000000 -g 100 -c 0.01),ArffFileStream -f ./../../../Dataset/benchmarks/connect-4.arff,1,35000.0,8.21875,1.5988997701141578E-8,35000.0,0.718,0.643691879973157,0.7687725040737897,0.5310254909265074,0.6143582278619371,0.6542189010483377,0.643691879973157,0.488,0.36,0.152,35000.0,7520.0
meta.imbalanced.OnlineRUSBoost -l (trees.HoeffdingTree -e 2000000 -g 100 -c 0.01),ArffFileStream -f ./../../../Dataset/benchmarks/connect-4.arff,1,35500.0,8.359375,1.6262573707434874E-8,35500.0,0.758,0.6753732951274655,0.7928800663714012,0.5919661163267509,0.6450620601445758,0.6954910909113581,0.6753732951274655,0.476,0.39,0.134,35500.0,7520.0
meta.imbalanced.OnlineRUSBoost -l (trees.HoeffdingTree -e 2000000 -g 100 -c 0.01),ArffFileStream -f ./../../../Dataset/benchmarks/connect-4.arff,1,36000.0,8.5,1.653614971372817E-8,36000.0,0.726,0.6313038951991339,0.7491500215315532,0.5378678504445914,0.5823616172791254,0.6377451952845558,0.6313038951991339,0.366,0.502,0.132,36000.0,7520.0
meta.imbalanced.OnlineRUSBoost -l (trees.HoeffdingTree -e 2000000 -g 100 -c 0.01),ArffFileStream -f ./../../../Dataset/benchmarks/connect-4.arff,1,36500.0,8.640625,1.6809725720021467E-8,36500.0,0.712,0.6078143641135767,0.7328267550306352,0.5082101581923991,0.5528222272229235,0.6170117983336375,0.6078143641135767,0.508,0.36,0.132,36500.0,7520.0
meta.imbalanced.OnlineRUSBoost -l (trees.HoeffdingTree -e 2000000 -g 100 -c 0.01),ArffFileStream -f ./../../../Dataset/benchmarks/connect-4.arff,1,37000.0,8.78125,1.7083301726314763E-8,37000.0,0.718,0.5756538371390786,0.7010491572705645,0.47051401448012736,0.505264213061796,0.6022613644146416,0.5756538371390786,0.584,0.314,0.102,37000.0,7520.0
meta.imbalanced.OnlineRUSBoost -l (trees.HoeffdingTree -e 2000000 -g 100 -c 0.01),ArffFileStream -f ./../../../Dataset/benchmarks/connect-4.arff,1,37500.0,8.890625,1.7296083064542883E-8,37500.0,0.922,0.5598676685633207,0.6824256104098138,0.45677911803214755,0.42242949578952743,0.6829424307036248,0.5598676685633207,0.91,0.046,0.044,37500.0,7520.0
meta.imbalanced.OnlineRUSBoost -l (trees.HoeffdingTree -e 2000000 -g 100 -c 0.01),ArffFileStream -f ./../../../Dataset/benchmarks/connect-4.arff,1,38000.0,8.984375,1.7478467068738414E-8,38000.0,0.96,0.3575883575883576,0.5121275121275121,0.1554054054054054,0.0,0.5838383838383838,0.3575883575883576,0.962,0.012,0.026,38000.0,7520.0
meta.imbalanced.OnlineRUSBoost -l (trees.HoeffdingTree -e 2000000 -g 100 -c 0.01),ArffFileStream -f ./../../../Dataset/benchmarks/connect-4.arff,1,38500.0,9.09375,1.7691248406966534E-8,38500.0,0.822,0.6223460993663981,0.74882614127658,0.5353936103570682,0.5857637851908578,0.6655649320206282,0.6223460993663981,0.746,0.156,0.098,38500.0,7520.0
meta.imbalanced.OnlineRUSBoost -l (trees.HoeffdingTree -e 2000000 -g 100 -c 0.01),ArffFileStream -f ./../../../Dataset/benchmarks/connect-4.arff,1,39000.0,9.21875,1.7934427079227244E-8,39000.0,0.874,0.539907595342378,0.6872912945345421,0.35456110154905335,0.4416797658079556,0.587038038889032,0.539907595342378,0.88,0.046,0.074,39000.0,7520.0
meta.imbalanced.OnlineRUSBoost -l (trees.HoeffdingTree -e 2000000 -g 100 -c 0.01),ArffFileStream -f ./../../../Dataset/benchmarks/connect-4.arff,1,39500.0,9.375,1.823840041955313E-8,39500.0,0.804,0.6182812555804306,0.7751554200844432,0.5378230522542916,0.5683634351445632,0.7163461538461539,0.6182812555804306,0.686,0.22,0.094,39500.0,7520.0
meta.imbalanced.OnlineRUSBoost -l (trees.HoeffdingTree -e 2000000 -g 100 -c 0.01),ArffFileStream -f ./../../../Dataset/benchmarks/connect-4.arff,1,40000.0,9.484375,1.845118175778125E-8,40000.0,0.758,0.5730669793169794,0.6815643212734744,0.5349730976172176,0.4379884307608264,0.6013675213675214,0.5730669793169794,0.576,0.336,0.088,40000.0,7520.0
meta.imbalanced.OnlineRUSBoost -l (trees.HoeffdingTree -e 2000000 -g 100 -c 0.01),ArffFileStream -f ./../../../Dataset/benchmarks/connect-4.arff,1,40500.0,9.609375,1.869436043004196E-8,40500.0,0.73,0.563821790216168,0.7053508918458343,0.43344440620777064,0.4959341236993134,0.5911087710960511,0.563821790216168,0.662,0.214,0.124,40500.0,7520.0
meta.imbalanced.OnlineRUSBoost -l (trees.HoeffdingTree -e 2000000 -g 100 -c 0.01),ArffFileStream -f ./../../../Dataset/benchmarks/connect-4.arff,1,41000.0,9.734375,1.893753910230267E-8,41000.0,0.776,0.5992814177445719,0.7056216237441423,0.5183831434100193,0.4985704204859005,0.617517489910551,0.5992814177445719,0.674,0.204,0.122,41000.0,7520.0
meta.imbalanced.OnlineRUSBoost -l (trees.HoeffdingTree -e 2000000 -g 100 -c 0.01),ArffFileStream -f ./../../../Dataset/benchmarks/connect-4.arff,1,41500.0,9.875,1.9211115108595966E-8,41500.0,0.736,0.617964627889778,0.7268310144972504,0.5333974322719304,0.5379159467470243,0.6354979801354675,0.617964627889778,0.548,0.31,0.142,41500.0,7520.0
meta.imbalanced.OnlineRUSBoost -l (trees.HoeffdingTree -e 2000000 -g 100 -c 0.01),ArffFileStream -f ./../../../Dataset/benchmarks/connect-4.arff,1,42000.0,10.0,1.9454293780856676E-8,42000.0,0.926,0.6428124001278364,0.7625930798199705,0.6038459067645988,0.6021865463544224,0.6829604527033176,0.6428124001278364,0.894,0.056,0.05,42000.0,7520.0
meta.imbalanced.OnlineRUSBoost -l (trees.HoeffdingTree -e 2000000 -g 100 -c 0.01),ArffFileStream -f ./../../../Dataset/benchmarks/connect-4.arff,1,42500.0,10.125,1.9697472453117386E-8,42500.0,0.83,0.5237366435829703,0.6578007797677472,0.39893647112066527,0.44012475612407764,0.5874926149119698,0.5237366435829703,0.812,0.096,0.092,42500.0,7520.0
meta.imbalanced.OnlineRUSBoost -l (trees.HoeffdingTree -e 2000000 -g 100 -c 0.01),ArffFileStream -f ./../../../Dataset/benchmarks/connect-4.arff,1,43000.0,10.234375,1.9910253791345506E-8,43000.0,0.828,0.6166328942924688,0.7415375908647323,0.5457042640409078,0.5570683747711297,0.6529728583545378,0.6166328942924688,0.752,0.168,0.08,43000.0,7520.0
meta.imbalanced.OnlineRUSBoost -l (trees.HoeffdingTree -e 2000000 -g 100 -c 0.01),ArffFileStream -f ./../../../Dataset/benchmarks/connect-4.arff,1,43500.0,10.34375,2.0123035129573626E-8,43500.0,0.834,0.5093038821954484,0.6399420994673898,0.3813818290228814,0.4285671787258394,0.5536005213424567,0.5093038821954484,0.83,0.09,0.08,43500.0,7520.0
meta.imbalanced.OnlineRUSBoost -l (trees.HoeffdingTree -e 2000000 -g 100 -c 0.01),ArffFileStream -f ./../../../Dataset/benchmarks/connect-4.arff,1,44000.0,10.4375,2.0305419133769157E-8,44000.0,0.684,0.5905065144195579,0.7190033079858118,0.46563852813852813,0.5419987672733159,0.598975402706746,0.5905065144195579,0.528,0.288,0.184,44000.0,7520.0
meta.imbalanced.OnlineRUSBoost -l (trees.HoeffdingTree -e 2000000 -g 100 -c 0.01),ArffFileStream -f ./../../../Dataset/benchmarks/connect-4.arff,1,44500.0,10.5625,2.0548597806029867E-8,44500.0,0.868,0.6479837169644908,0.7652323924558982,0.5903674280039722,0.5580821435474869,0.6740728663971133,0.6479837169644908,0.802,0.124,0.074,44500.0,7520.0
meta.imbalanced.OnlineRUSBoost -l (trees.HoeffdingTree -e 2000000 -g 100 -c 0.01),ArffFileStream -f ./../../../Dataset/benchmarks/connect-4.arff,1,45000.0,10.65625,2.0730981810225398E-8,45000.0,0.91,0.4994432207537935,0.6400443864161312,0.3784530386740331,0.3046219594204953,0.5688949432730527,0.4994432207537935,0.908,0.06,0.032,45000.0,7520.0
meta.imbalanced.OnlineRUSBoost -l (trees.HoeffdingTree -e 2000000 -g 100 -c 0.01),ArffFileStream -f ./../../../Dataset/benchmarks/connect-4.arff,1,45500.0,10.765625,2.0943763148453518E-8,45500.0,0.826,0.5202445465770339,0.667230083835729,0.4152282626230037,0.42163917647979793,0.6335941273060949,0.5202445465770339,0.788,0.148,0.064,45500.0,7520.0
meta.imbalanced.OnlineRUSBoost -l (trees.HoeffdingTree -e 2000000 -g 100 -c 0.01),ArffFileStream -f ./../../../Dataset/benchmarks/connect-4.arff,1,46000.0,10.875,2.115654448668164E-8,46000.0,0.82,0.5471551674941506,0.6657509144059234,0.45489564279917144,0.47189628598775357,0.5770432990714535,0.5471551674941506,0.792,0.118,0.09,46000.0,7520.0
meta.imbalanced.OnlineRUSBoost -l (trees.HoeffdingTree -e 2000000 -g 100 -c 0.01),ArffFileStream -f ./../../../Dataset/benchmarks/connect-4.arff,1,46500.0,10.984375,2.136932582490976E-8,46500.0,0.792,0.5946278968057552,0.7307673068257184,0.4535461700942633,0.5588738568691041,0.5972238649834278,0.5946278968057552,0.77,0.114,0.116,46500.0,7520.0
meta.imbalanced.OnlineRUSBoost -l (trees.HoeffdingTree -e 2000000 -g 100 -c 0.01),ArffFileStream -f ./../../../Dataset/benchmarks/connect-4.arff,1,47000.0,11.078125,2.155170982910529E-8,47000.0,0.894,0.5982802799704209,0.7239599301377281,0.5399225681001406,0.5086936320386517,0.6787402056940919,0.5982802799704209,0.852,0.078,0.07,47000.0,7520.0
meta.imbalanced.OnlineRUSBoost -l (trees.HoeffdingTree -e 2000000 -g 100 -c 0.01),ArffFileStream -f ./../../../Dataset/benchmarks/connect-4.arff,1,47500.0,11.1875,2.176449116733341E-8,47500.0,0.794,0.5968840933957213,0.7018282553821965,0.5445138237843383,0.4849105269348418,0.6126485324111023,0.5968840933957213,0.688,0.222,0.09,47500.0,7520.0
meta.imbalanced.OnlineRUSBoost -l (trees.HoeffdingTree -e 2000000 -g 100 -c 0.01),ArffFileStream -f ./../../../Dataset/benchmarks/connect-4.arff,1,48000.0,11.328125,2.2038067173626706E-8,48000.0,0.722,0.6677702976124785,0.7979540585931052,0.5498704663212435,0.645882639025143,0.6918570996930807,0.6677702976124785,0.468,0.328,0.204,48000.0,7520.0
meta.imbalanced.OnlineRUSBoost -l (trees.HoeffdingTree -e 2000000 -g 100 -c 0.01),ArffFileStream -f ./../../../Dataset/benchmarks/connect-4.arff,1,48500.0,11.46875,2.2311643179920002E-8,48500.0,0.806,0.6011406552177964,0.7264891518999238,0.4818818904367148,0.5584244982637618,0.5856296443957164,0.6011406552177964,0.786,0.092,0.122,48500.0,7520.0
meta.imbalanced.OnlineRUSBoost -l (trees.HoeffdingTree -e 2000000 -g 100 -c 0.01),ArffFileStream -f ./../../../Dataset/benchmarks/connect-4.arff,1,49000.0,11.59375,2.2554821852180712E-8,49000.0,0.88,0.6025561838373886,0.7502174218020455,0.48629257350297095,0.5535102722493968,0.6729527614363048,0.6025561838373886,0.856,0.082,0.062,49000.0,7520.0
meta.imbalanced.OnlineRUSBoost -l (trees.HoeffdingTree -e 2000000 -g 100 -c 0.01),ArffFileStream -f ./../../../Dataset/benchmarks/connect-4.arff,1,49500.0,11.703125,2.2767603190408833E-8,49500.0,0.804,0.5685406851363434,0.6708799424882756,0.5860892188912259,0.3652772163249769,0.5899338756481614,0.5685406851363434,0.636,0.31,0.054,49500.0,7520.0
meta.imbalanced.OnlineRUSBoost -l (trees.HoeffdingTree -e 2000000 -g 100 -c 0.01),ArffFileStream -f ./../../../Dataset/benchmarks/connect-4.arff,1,50000.0,11.828125,2.3010781862669542E-8,50000.0,0.788,0.6032400932400933,0.7217897601549771,0.5508855181764257,0.5298005459582985,0.636128052185957,0.6032400932400933,0.65,0.286,0.064,50000.0,7520.0
meta.imbalanced.OnlineRUSBoost -l (trees.HoeffdingTree -e 2000000 -g 100 -c 0.01),ArffFileStream -f ./../../../Dataset/benchmarks/connect-4.arff,1,50500.0,11.953125,2.3253960534930252E-8,50500.0,0.766,0.5575282297568908,0.6587565226010932,0.5423108218063466,0.4009404413952863,0.5665142586195218,0.5575282297568908,0.576,0.386,0.038,50500.0,7520.0
meta.imbalanced.OnlineRUSBoost -l (trees.HoeffdingTree -e 2000000 -g 100 -c 0.01),ArffFileStream -f ./../../../Dataset/benchmarks/connect-4.arff,1,51000.0,12.0625,2.3466741873158373E-8,51000.0,0.754,0.6292062865874949,0.7386898799758513,0.577920072474212,0.5582491693901148,0.6365365582536814,0.6292062865874949,0.438,0.456,0.106,51000.0,7520.0
meta.imbalanced.OnlineRUSBoost -l (trees.HoeffdingTree -e 2000000 -g 100 -c 0.01),ArffFileStream -f ./../../../Dataset/benchmarks/connect-4.arff,1,51500.0,12.203125,2.374031787945167E-8,51500.0,0.804,0.6351696322483584,0.7577281050772763,0.5534086766314255,0.5946532688307885,0.6567832251862533,0.6351696322483584,0.202,0.706,0.092,51500.0,7520.0
meta.imbalanced.OnlineRUSBoost -l (trees.HoeffdingTree -e 2000000 -g 100 -c 0.01),ArffFileStream -f ./../../../Dataset/benchmarks/connect-4.arff,1,52000.0,12.3125,2.395309921767979E-8,52000.0,0.744,0.6525970836315664,0.7705958582147395,0.5640059676683176,0.6112787251763991,0.6604111325802794,0.6525970836315664,0.338,0.522,0.14,52000.0,7520.0
meta.imbalanced.OnlineRUSBoost -l (trees.HoeffdingTree -e 2000000 -g 100 -c 0.01),ArffFileStream -f ./../../../Dataset/benchmarks/connect-4.arff,1,52500.0,12.453125,2.4226675223973085E-8,52500.0,0.744,0.6882776412208211,0.806038729666764,0.5857792850809348,0.6704511540236131,0.6902899311276274,0.6882776412208211,0.396,0.446,0.158,52500.0,7520.0
meta.imbalanced.OnlineRUSBoost -l (trees.HoeffdingTree -e 2000000 -g 100 -c 0.01),ArffFileStream -f ./../../../Dataset/benchmarks/connect-4.arff,1,53000.0,12.5625,2.4439456562201206E-8,53000.0,0.888,0.6393936374506323,0.738992661832779,0.6719236988259555,0.543450401889449,0.7124331550802139,0.6393936374506323,0.772,0.176,0.052,53000.0,7520.0
meta.imbalanced.OnlineRUSBoost -l (trees.HoeffdingTree -e 2000000 -g 100 -c 0.01),ArffFileStream -f ./../../../Dataset/benchmarks/connect-4.arff,1,53500.0,12.671875,2.4652237900429326E-8,53500.0,0.856,0.6206110421836227,0.7584278972867953,0.5295962367698942,0.5803866638785046,0.6676190476190476,0.6206110421836227,0.806,0.13,0.064,53500.0,7520.0
meta.imbalanced.OnlineRUSBoost -l (trees.HoeffdingTree -e 2000000 -g 100 -c 0.01),ArffFileStream -f ./../../../Dataset/benchmarks/connect-4.arff,1,54000.0,12.75,2.4804224570592267E-8,54000.0,0.84,0.6448122995661195,0.7639388988941076,0.5880323394613522,0.5927484446179597,0.706596035543404,0.6448122995661195,0.744,0.19,0.066,54000.0,7520.0
meta.imbalanced.OnlineRUSBoost -l (trees.HoeffdingTree -e 2000000 -g 100 -c 0.01),ArffFileStream -f ./../../../Dataset/benchmarks/connect-4.arff,1,54500.0,12.890625,2.5077800576885563E-8,54500.0,0.776,0.6212036329683389,0.7385502336420555,0.5724440168884614,0.5605289241606854,0.6349886075788241,0.6212036329683389,0.57,0.374,0.056,54500.0,7520.0
meta.imbalanced.OnlineRUSBoost -l (trees.HoeffdingTree -e 2000000 -g 100 -c 0.01),ArffFileStream -f ./../../../Dataset/benchmarks/connect-4.arff,1,55000.0,13.046875,2.538177391721145E-8,55000.0,0.752,0.5847149300664476,0.7024242531292745,0.5304951004891938,0.48888256678294845,0.6336357841529731,0.5847149300664476,0.548,0.38,0.072,55000.0,7520.0
meta.imbalanced.OnlineRUSBoost -l (trees.HoeffdingTree -e 2000000 -g 100 -c 0.01),ArffFileStream -f ./../../../Dataset/benchmarks/connect-4.arff,1,55500.0,13.21875,2.5716144591569924E-8,55500.0,0.67,0.5496529301476565,0.6625695694832053,0.442465855257378,0.44676829053754313,0.5479694908266336,0.5496529301476565,0.398,0.478,0.124,55500.0,7520.0
meta.imbalanced.OnlineRUSBoost -l (trees.HoeffdingTree -e 2000000 -g 100 -c 0.01),ArffFileStream -f ./../../../Dataset/benchmarks/connect-4.arff,1,56000.0,13.34375,2.5959323263830634E-8,56000.0,0.766,0.6114291032621341,0.6939739458795383,0.5888042286389068,0.46296115828252404,0.63497150997151,0.6114291032621341,0.39,0.494,0.116,56000.0,7520.0
meta.imbalanced.OnlineRUSBoost -l (trees.HoeffdingTree -e 2000000 -g 100 -c 0.01),ArffFileStream -f ./../../../Dataset/benchmarks/connect-4.arff,1,56500.0,13.453125,2.6172104602058755E-8,56500.0,0.736,0.6534509803921568,0.7701298190227274,0.5566303909713826,0.6097713757166586,0.6850113049095606,0.6534509803921568,0.5,0.34,0.16,56500.0,7520.0
meta.imbalanced.OnlineRUSBoost -l (trees.HoeffdingTree -e 2000000 -g 100 -c 0.01),ArffFileStream -f ./../../../Dataset/benchmarks/connect-4.arff,1,57000.0,13.5625,2.6384885940286875E-8,57000.0,0.778,0.6713644380311048,0.7906209861637351,0.5778311933304935,0.6481178469733878,0.680811833505332,0.6713644380311048,0.63,0.216,0.154,57000.0,7520.0
meta.imbalanced.OnlineRUSBoost -l (trees.HoeffdingTree -e 2000000 -g 100 -c 0.01),ArffFileStream -f ./../../../Dataset/benchmarks/connect-4.arff,1,57500.0,13.671875,2.6597667278514995E-8,57500.0,0.794,0.587710634733456,0.7309338086578819,0.4559705907208654,0.5380123332724972,0.6254279956570034,0.587710634733456,0.754,0.152,0.094,57500.0,7520.0
meta.imbalanced.OnlineRUSBoost -l (trees.HoeffdingTree -e 2000000 -g 100 -c 0.01),ArffFileStream -f ./../../../Dataset/benchmarks/connect-4.arff,1,58000.0,13.78125,2.6810448616743116E-8,58000.0,0.812,0.5753090731921192,0.7148486709607275,0.4737549265496238,0.5113058288973128,0.636437908496732,0.5753090731921192,0.758,0.156,0.086,58000.0,7520.0
meta.imbalanced.OnlineRUSBoost -l (trees.HoeffdingTree -e 2000000 -g 100 -c 0.01),ArffFileStream -f ./../../../Dataset/benchmarks/connect-4.arff,1,58500.0,13.90625,2.7053627289003825E-8,58500.0,0.744,0.6286895592770713,0.7502945186105762,0.532447418598365,0.5866867185687888,0.6322741559810856,0.6286895592770713,0.598,0.274,0.128,58500.0,7520.0
meta.imbalanced.OnlineRUSBoost -l (trees.HoeffdingTree -e 2000000 -g 100 -c 0.01),ArffFileStream -f ./../../../Dataset/benchmarks/connect-4.arff,1,59000.0,14.046875,2.732720329529712E-8,59000.0,0.69,0.6388916997841232,0.7759555720417816,0.48478966122427275,0.6268671473038301,0.6485025439526945,0.6388916997841232,0.512,0.316,0.172,59000.0,7520.0
meta.imbalanced.OnlineRUSBoost -l (trees.HoeffdingTree -e 2000000 -g 100 -c 0.01),ArffFileStream -f ./../../../Dataset/benchmarks/connect-4.arff,1,59500.0,14.1875,2.7600779301590418E-8,59500.0,0.688,0.5630865679605175,0.6980020573218368,0.4105555891421317,0.5146272701994045,0.5921969768123615,0.5630865679605175,0.6,0.204,0.196,59500.0,7520.0
meta.imbalanced.OnlineRUSBoost -l (trees.HoeffdingTree -e 2000000 -g 100 -c 0.01),ArffFileStream -f ./../../../Dataset/benchmarks/connect-4.arff,1,60000.0,14.34375,2.7904752641916303E-8,60000.0,0.7,0.5584185560130578,0.6710907852625608,0.4452785810965733,0.4587249365531527,0.5714792692242404,0.5584185560130578,0.582,0.27,0.148,60000.0,7520.0
meta.imbalanced.OnlineRUSBoost -l (trees.HoeffdingTree -e 2000000 -g 100 -c 0.01),ArffFileStream -f ./../../../Dataset/benchmarks/connect-4.arff,1,60500.0,14.46875,2.8147931314177013E-8,60500.0,0.792,0.5752838769916568,0.7167481489336761,0.4499682674000423,0.528535359624564,0.6283333333333334,0.5752838769916568,0.744,0.154,0.102,60500.0,7520.0
meta.imbalanced.OnlineRUSBoost -l (trees.HoeffdingTree -e 2000000 -g 100 -c 0.01),ArffFileStream -f ./../../../Dataset/benchmarks/connect-4.arff,1,61000.0,14.59375,2.8391109986437723E-8,61000.0,0.768,0.5502706219099661,0.69659855196576,0.40933254577672773,0.4797758769507523,0.5985305618893405,0.5502706219099661,0.732,0.168,0.1,61000.0,7520.0
meta.imbalanced.OnlineRUSBoost -l (trees.HoeffdingTree -e 2000000 -g 100 -c 0.01),ArffFileStream -f ./../../../Dataset/benchmarks/connect-4.arff,1,61500.0,14.71875,2.8634288658698433E-8,61500.0,0.702,0.5843101615096368,0.7214714547840871,0.4358624867484477,0.5532336626201709,0.5892746913580247,0.5843101615096368,0.628,0.226,0.146,61500.0,7520.0
meta.imbalanced.OnlineRUSBoost -l (trees.HoeffdingTree -e 2000000 -g 100 -c 0.01),ArffFileStream -f ./../../../Dataset/benchmarks/connect-4.arff,1,62000.0,14.84375,2.8877467330959143E-8,62000.0,0.752,0.5917558036961023,0.724162618250618,0.4684317020473953,0.5436133204869233,0.6277472527472528,0.5917558036961023,0.67,0.182,0.148,62000.0,7520.0
meta.imbalanced.OnlineRUSBoost -l (trees.HoeffdingTree -e 2000000 -g 100 -c 0.01),ArffFileStream -f ./../../../Dataset/benchmarks/connect-4.arff,1,62500.0,14.984375,2.915104333725244E-8,62500.0,0.812,0.7053855704930637,0.8076206282756613,0.6623053765295052,0.6675133103545275,0.7149802193633042,0.7053855704930637,0.578,0.3,0.122,62500.0,7520.0
meta.imbalanced.OnlineRUSBoost -l (trees.HoeffdingTree -e 2000000 -g 100 -c 0.01),ArffFileStream -f ./../../../Dataset/benchmarks/connect-4.arff,1,63000.0,15.109375,2.939422200951315E-8,63000.0,0.696,0.6068393088731686,0.7428535269739895,0.46574437274171554,0.581947480057598,0.6103298971449657,0.6068393088731686,0.298,0.566,0.136,63000.0,7520.0
meta.imbalanced.OnlineRUSBoost -l (trees.HoeffdingTree -e 2000000 -g 100 -c 0.01),ArffFileStream -f ./../../../Dataset/benchmarks/connect-4.arff,1,63500.0,15.21875,2.960700334774127E-8,63500.0,0.762,0.6154478928110769,0.7094827363157834,0.5823183786933234,0.4988170372169019,0.6456862414355365,0.6154478928110769,0.402,0.486,0.112,63500.0,7520.0
meta.imbalanced.OnlineRUSBoost -l (trees.HoeffdingTree -e 2000000 -g 100 -c 0.01),ArffFileStream -f ./../../../Dataset/benchmarks/connect-4.arff,1,64000.0,15.328125,2.981978468596939E-8,64000.0,0.822,0.5903589557650472,0.7221775588862167,0.4745666650923346,0.5442783177817206,0.61928918347523,0.5903589557650472,0.788,0.112,0.1,64000.0,7520.0
meta.imbalanced.OnlineRUSBoost -l (trees.HoeffdingTree -e 2000000 -g 100 -c 0.01),ArffFileStream -f ./../../../Dataset/benchmarks/connect-4.arff,1,64500.0,15.453125,3.00629633582301E-8,64500.0,0.646,0.5901767985856113,0.7252137249919716,0.43770966758157975,0.5520491428493842,0.5906489043686403,0.5901767985856113,0.456,0.344,0.2,64500.0,7520.0
meta.imbalanced.OnlineRUSBoost -l (trees.HoeffdingTree -e 2000000 -g 100 -c 0.01),ArffFileStream -f ./../../../Dataset/benchmarks/connect-4.arff,1,65000.0,15.578125,3.030614203049081E-8,65000.0,0.69,0.5955414508081981,0.721271303249253,0.47272813862827673,0.5432870143966402,0.6023394930111348,0.5955414508081981,0.53,0.304,0.166,65000.0,7520.0
meta.imbalanced.OnlineRUSBoost -l (trees.HoeffdingTree -e 2000000 -g 100 -c 0.01),ArffFileStream -f ./../../../Dataset/benchmarks/connect-4.arff,1,65500.0,15.71875,3.057971803678411E-8,65500.0,0.728,0.5421118380461939,0.6866752414178084,0.4129327462660796,0.47685956382182104,0.5936763952892985,0.5421118380461939,0.648,0.258,0.094,65500.0,7520.0
meta.imbalanced.OnlineRUSBoost -l (trees.HoeffdingTree -e 2000000 -g 100 -c 0.01),ArffFileStream -f ./../../../Dataset/benchmarks/connect-4.arff,1,66000.0,15.84375,3.082289670904482E-8,66000.0,0.75,0.5553497942386831,0.6739602256796009,0.4708143532081351,0.46595591814039683,0.5926529429869823,0.5553497942386831,0.648,0.252,0.1,66000.0,7520.0
meta.imbalanced.OnlineRUSBoost -l (trees.HoeffdingTree -e 2000000 -g 100 -c 0.01),ArffFileStream -f ./../../../Dataset/benchmarks/connect-4.arff,1,66500.0,15.984375,3.109647271533812E-8,66500.0,0.742,0.5856664231405432,0.70467855291289,0.5068279479454988,0.49493007692364677,0.6069134860769745,0.5856664231405432,0.598,0.294,0.108,66500.0,7520.0
meta.imbalanced.OnlineRUSBoost -l (trees.HoeffdingTree -e 2000000 -g 100 -c 0.01),ArffFileStream -f ./../../../Dataset/benchmarks/connect-4.arff,1,67000.0,16.109375,3.133965138759883E-8,67000.0,0.812,0.6443493333276838,0.7496506598198213,0.6092678344293232,0.5726233579817617,0.6592064397458369,0.6443493333276838,0.664,0.242,0.094,67000.0,7520.0
meta.imbalanced.OnlineRUSBoost -l (trees.HoeffdingTree -e 2000000 -g 100 -c 0.01),ArffFileStream -f ./../../../Dataset/benchmarks/connect-4.arff,1,67500.0,16.234375,3.158283005985954E-8,67500.0,0.698,0.6422608351516708,0.7744438830621538,0.5134839063053774,0.6217410476844119,0.64953314659197,0.6422608351516708,0.49,0.318,0.192,67500.0,7520.0
meta.imbalanced.OnlineRUSBoost -l (trees.HoeffdingTree -e 2000000 -g 100 -c 0.01),ArffFileStream -f ./../../../Dataset/benchmarks/connect-4.arff,1,67557.0,16.265625,3.164362472792472E-8,67557.0,0.666,0.6333078596685516,0.7699449704312133,0.48193279396436195,0.6186883157843777,0.6394682363119516,0.6333078596685516,0.436,0.328,0.236,67557.0,7520.0
