Learner,stream,randomSeed,learning evaluation instances,evaluation time (cpu seconds),model cost (RAM-Hours),classified instances,Accuracy,AvgAccuracy,AUC,Kappa,G-Mean,Precision,Recall,Ratio-Class-0,Ratio-Class-1,model training instances,model serialized size (bytes)
functions.MajorityClass,ArffFileStream -f ./../../../Dataset/benchmarks/GMSC.arff,1,500.0,0.03125,7.243620024787055E-12,500.0,0.942,0.5157384987893463,0.5157384987893463,0.05426558831202713,0.18858142537152853,0.6395036887994634,0.5157384987893463,0.056,0.944,500.0,896.0
functions.MajorityClass,ArffFileStream -f ./../../../Dataset/benchmarks/GMSC.arff,1,1000.0,0.046875,1.0865430037180582E-11,1000.0,0.942,0.5,0.5,0.0,0.0,0.942,0.5,0.058,0.942,1000.0,896.0
functions.MajorityClass,ArffFileStream -f ./../../../Dataset/benchmarks/GMSC.arff,1,1500.0,0.046875,1.0865430037180582E-11,1500.0,0.942,0.5,0.5,0.0,0.0,0.942,0.5,0.058,0.942,1500.0,896.0
functions.MajorityClass,ArffFileStream -f ./../../../Dataset/benchmarks/GMSC.arff,1,2000.0,0.0625,1.448724004957411E-11,2000.0,0.94,0.5,0.5,0.0,0.0,0.94,0.5,0.06,0.94,2000.0,896.0
functions.MajorityClass,ArffFileStream -f ./../../../Dataset/benchmarks/GMSC.arff,1,2500.0,0.0625,1.448724004957411E-11,2500.0,0.938,0.5,0.5,0.0,0.0,0.938,0.5,0.062,0.938,2500.0,896.0
functions.MajorityClass,ArffFileStream -f ./../../../Dataset/benchmarks/GMSC.arff,1,3000.0,0.078125,1.8109050061967638E-11,3000.0,0.96,0.5,0.5,0.0,0.0,0.96,0.5,0.04,0.96,3000.0,896.0
functions.MajorityClass,ArffFileStream -f ./../../../Dataset/benchmarks/GMSC.arff,1,3500.0,0.078125,1.8109050061967638E-11,3500.0,0.932,0.5,0.5,0.0,0.0,0.932,0.5,0.068,0.932,3500.0,896.0
functions.MajorityClass,ArffFileStream -f ./../../../Dataset/benchmarks/GMSC.arff,1,4000.0,0.078125,1.8109050061967638E-11,4000.0,0.92,0.5,0.5,0.0,0.0,0.92,0.5,0.08,0.92,4000.0,896.0
functions.MajorityClass,ArffFileStream -f ./../../../Dataset/benchmarks/GMSC.arff,1,4500.0,0.09375,2.1730860074361166E-11,4500.0,0.942,0.5,0.5,0.0,0.0,0.942,0.5,0.058,0.942,4500.0,896.0
functions.MajorityClass,ArffFileStream -f ./../../../Dataset/benchmarks/GMSC.arff,1,5000.0,0.09375,2.1730860074361166E-11,5000.0,0.93,0.5,0.5,0.0,0.0,0.93,0.5,0.07,0.93,5000.0,896.0
functions.MajorityClass,ArffFileStream -f ./../../../Dataset/benchmarks/GMSC.arff,1,5500.0,0.09375,2.1730860074361166E-11,5500.0,0.948,0.5,0.5,0.0,0.0,0.948,0.5,0.052,0.948,5500.0,896.0
functions.MajorityClass,ArffFileStream -f ./../../../Dataset/benchmarks/GMSC.arff,1,6000.0,0.09375,2.1730860074361166E-11,6000.0,0.926,0.5,0.5,0.0,0.0,0.926,0.5,0.074,0.926,6000.0,896.0
functions.MajorityClass,ArffFileStream -f ./../../../Dataset/benchmarks/GMSC.arff,1,6500.0,0.109375,2.5352670086754695E-11,6500.0,0.942,0.5,0.5,0.0,0.0,0.942,0.5,0.058,0.942,6500.0,896.0
functions.MajorityClass,ArffFileStream -f ./../../../Dataset/benchmarks/GMSC.arff,1,7000.0,0.109375,2.5352670086754695E-11,7000.0,0.922,0.5,0.5,0.0,0.0,0.922,0.5,0.078,0.922,7000.0,896.0
functions.MajorityClass,ArffFileStream -f ./../../../Dataset/benchmarks/GMSC.arff,1,7500.0,0.109375,2.5352670086754695E-11,7500.0,0.93,0.5,0.5,0.0,0.0,0.93,0.5,0.07,0.93,7500.0,896.0
functions.MajorityClass,ArffFileStream -f ./../../../Dataset/benchmarks/GMSC.arff,1,8000.0,0.109375,2.5352670086754695E-11,8000.0,0.928,0.5,0.5,0.0,0.0,0.928,0.5,0.072,0.928,8000.0,896.0
functions.MajorityClass,ArffFileStream -f ./../../../Dataset/benchmarks/GMSC.arff,1,8500.0,0.125,2.8974480099148223E-11,8500.0,0.94,0.5,0.5,0.0,0.0,0.94,0.5,0.06,0.94,8500.0,896.0
functions.MajorityClass,ArffFileStream -f ./../../../Dataset/benchmarks/GMSC.arff,1,9000.0,0.125,2.8974480099148223E-11,9000.0,0.928,0.5,0.5,0.0,0.0,0.928,0.5,0.072,0.928,9000.0,896.0
functions.MajorityClass,ArffFileStream -f ./../../../Dataset/benchmarks/GMSC.arff,1,9500.0,0.125,2.8974480099148223E-11,9500.0,0.932,0.5,0.5,0.0,0.0,0.932,0.5,0.068,0.932,9500.0,896.0
functions.MajorityClass,ArffFileStream -f ./../../../Dataset/benchmarks/GMSC.arff,1,10000.0,0.125,2.8974480099148223E-11,10000.0,0.934,0.5,0.5,0.0,0.0,0.934,0.5,0.066,0.934,10000.0,896.0
functions.MajorityClass,ArffFileStream -f ./../../../Dataset/benchmarks/GMSC.arff,1,10500.0,0.125,2.8974480099148223E-11,10500.0,0.912,0.5,0.5,0.0,0.0,0.912,0.5,0.088,0.912,10500.0,896.0
functions.MajorityClass,ArffFileStream -f ./../../../Dataset/benchmarks/GMSC.arff,1,11000.0,0.140625,3.259629011154175E-11,11000.0,0.934,0.5,0.5,0.0,0.0,0.934,0.5,0.066,0.934,11000.0,896.0
functions.MajorityClass,ArffFileStream -f ./../../../Dataset/benchmarks/GMSC.arff,1,11500.0,0.140625,3.259629011154175E-11,11500.0,0.934,0.5,0.5,0.0,0.0,0.934,0.5,0.066,0.934,11500.0,896.0
functions.MajorityClass,ArffFileStream -f ./../../../Dataset/benchmarks/GMSC.arff,1,12000.0,0.140625,3.259629011154175E-11,12000.0,0.948,0.5,0.5,0.0,0.0,0.948,0.5,0.052,0.948,12000.0,896.0
functions.MajorityClass,ArffFileStream -f ./../../../Dataset/benchmarks/GMSC.arff,1,12500.0,0.140625,3.259629011154175E-11,12500.0,0.93,0.5,0.5,0.0,0.0,0.93,0.5,0.07,0.93,12500.0,896.0
functions.MajorityClass,ArffFileStream -f ./../../../Dataset/benchmarks/GMSC.arff,1,13000.0,0.140625,3.259629011154175E-11,13000.0,0.936,0.5,0.5,0.0,0.0,0.936,0.5,0.064,0.936,13000.0,896.0
functions.MajorityClass,ArffFileStream -f ./../../../Dataset/benchmarks/GMSC.arff,1,13500.0,0.140625,3.259629011154175E-11,13500.0,0.936,0.5,0.5,0.0,0.0,0.936,0.5,0.064,0.936,13500.0,896.0
functions.MajorityClass,ArffFileStream -f ./../../../Dataset/benchmarks/GMSC.arff,1,14000.0,0.140625,3.259629011154175E-11,14000.0,0.918,0.5,0.5,0.0,0.0,0.918,0.5,0.082,0.918,14000.0,896.0
functions.MajorityClass,ArffFileStream -f ./../../../Dataset/benchmarks/GMSC.arff,1,14500.0,0.15625,3.6218100123935276E-11,14500.0,0.956,0.5,0.5,0.0,0.0,0.956,0.5,0.044,0.956,14500.0,896.0
functions.MajorityClass,ArffFileStream -f ./../../../Dataset/benchmarks/GMSC.arff,1,15000.0,0.15625,3.6218100123935276E-11,15000.0,0.934,0.5,0.5,0.0,0.0,0.934,0.5,0.066,0.934,15000.0,896.0
functions.MajorityClass,ArffFileStream -f ./../../../Dataset/benchmarks/GMSC.arff,1,15500.0,0.15625,3.6218100123935276E-11,15500.0,0.956,0.5,0.5,0.0,0.0,0.956,0.5,0.044,0.956,15500.0,896.0
functions.MajorityClass,ArffFileStream -f ./../../../Dataset/benchmarks/GMSC.arff,1,16000.0,0.15625,3.6218100123935276E-11,16000.0,0.92,0.5,0.5,0.0,0.0,0.92,0.5,0.08,0.92,16000.0,896.0
functions.MajorityClass,ArffFileStream -f ./../../../Dataset/benchmarks/GMSC.arff,1,16500.0,0.15625,3.6218100123935276E-11,16500.0,0.936,0.5,0.5,0.0,0.0,0.936,0.5,0.064,0.936,16500.0,896.0
functions.MajorityClass,ArffFileStream -f ./../../../Dataset/benchmarks/GMSC.arff,1,17000.0,0.15625,3.6218100123935276E-11,17000.0,0.93,0.5,0.5,0.0,0.0,0.93,0.5,0.07,0.93,17000.0,896.0
functions.MajorityClass,ArffFileStream -f ./../../../Dataset/benchmarks/GMSC.arff,1,17500.0,0.15625,3.6218100123935276E-11,17500.0,0.946,0.5,0.5,0.0,0.0,0.946,0.5,0.054,0.946,17500.0,896.0
functions.MajorityClass,ArffFileStream -f ./../../../Dataset/benchmarks/GMSC.arff,1,18000.0,0.171875,3.98399101363288E-11,18000.0,0.938,0.5,0.5,0.0,0.0,0.938,0.5,0.062,0.938,18000.0,896.0
functions.MajorityClass,ArffFileStream -f ./../../../Dataset/benchmarks/GMSC.arff,1,18500.0,0.171875,3.98399101363288E-11,18500.0,0.932,0.5,0.5,0.0,0.0,0.932,0.5,0.068,0.932,18500.0,896.0
functions.MajorityClass,ArffFileStream -f ./../../../Dataset/benchmarks/GMSC.arff,1,19000.0,0.171875,3.98399101363288E-11,19000.0,0.948,0.5,0.5,0.0,0.0,0.948,0.5,0.052,0.948,19000.0,896.0
functions.MajorityClass,ArffFileStream -f ./../../../Dataset/benchmarks/GMSC.arff,1,19500.0,0.171875,3.98399101363288E-11,19500.0,0.932,0.5,0.5,0.0,0.0,0.932,0.5,0.068,0.932,19500.0,896.0
functions.MajorityClass,ArffFileStream -f ./../../../Dataset/benchmarks/GMSC.arff,1,20000.0,0.171875,3.98399101363288E-11,20000.0,0.936,0.5,0.5,0.0,0.0,0.936,0.5,0.064,0.936,20000.0,896.0
functions.MajorityClass,ArffFileStream -f ./../../../Dataset/benchmarks/GMSC.arff,1,20500.0,0.171875,3.98399101363288E-11,20500.0,0.922,0.5,0.5,0.0,0.0,0.922,0.5,0.078,0.922,20500.0,896.0
functions.MajorityClass,ArffFileStream -f ./../../../Dataset/benchmarks/GMSC.arff,1,21000.0,0.1875,4.3461720148722326E-11,21000.0,0.944,0.5,0.5,0.0,0.0,0.944,0.5,0.056,0.944,21000.0,896.0
functions.MajorityClass,ArffFileStream -f ./../../../Dataset/benchmarks/GMSC.arff,1,21500.0,0.1875,4.3461720148722326E-11,21500.0,0.942,0.5,0.5,0.0,0.0,0.942,0.5,0.058,0.942,21500.0,896.0
functions.MajorityClass,ArffFileStream -f ./../../../Dataset/benchmarks/GMSC.arff,1,22000.0,0.1875,4.3461720148722326E-11,22000.0,0.95,0.5,0.5,0.0,0.0,0.95,0.5,0.05,0.95,22000.0,896.0
functions.MajorityClass,ArffFileStream -f ./../../../Dataset/benchmarks/GMSC.arff,1,22500.0,0.1875,4.3461720148722326E-11,22500.0,0.922,0.5,0.5,0.0,0.0,0.922,0.5,0.078,0.922,22500.0,896.0
functions.MajorityClass,ArffFileStream -f ./../../../Dataset/benchmarks/GMSC.arff,1,23000.0,0.1875,4.3461720148722326E-11,23000.0,0.936,0.5,0.5,0.0,0.0,0.936,0.5,0.064,0.936,23000.0,896.0
functions.MajorityClass,ArffFileStream -f ./../../../Dataset/benchmarks/GMSC.arff,1,23500.0,0.1875,4.3461720148722326E-11,23500.0,0.914,0.5,0.5,0.0,0.0,0.914,0.5,0.086,0.914,23500.0,896.0
functions.MajorityClass,ArffFileStream -f ./../../../Dataset/benchmarks/GMSC.arff,1,24000.0,0.203125,4.708353016111585E-11,24000.0,0.93,0.5,0.5,0.0,0.0,0.93,0.5,0.07,0.93,24000.0,896.0
functions.MajorityClass,ArffFileStream -f ./../../../Dataset/benchmarks/GMSC.arff,1,24500.0,0.203125,4.708353016111585E-11,24500.0,0.934,0.5,0.5,0.0,0.0,0.934,0.5,0.066,0.934,24500.0,896.0
functions.MajorityClass,ArffFileStream -f ./../../../Dataset/benchmarks/GMSC.arff,1,25000.0,0.203125,4.708353016111585E-11,25000.0,0.916,0.5,0.5,0.0,0.0,0.916,0.5,0.084,0.916,25000.0,896.0
functions.MajorityClass,ArffFileStream -f ./../../../Dataset/benchmarks/GMSC.arff,1,25500.0,0.203125,4.708353016111585E-11,25500.0,0.93,0.5,0.5,0.0,0.0,0.93,0.5,0.07,0.93,25500.0,896.0
functions.MajorityClass,ArffFileStream -f ./../../../Dataset/benchmarks/GMSC.arff,1,26000.0,0.203125,4.708353016111585E-11,26000.0,0.944,0.5,0.5,0.0,0.0,0.944,0.5,0.056,0.944,26000.0,896.0
functions.MajorityClass,ArffFileStream -f ./../../../Dataset/benchmarks/GMSC.arff,1,26500.0,0.203125,4.708353016111585E-11,26500.0,0.934,0.5,0.5,0.0,0.0,0.934,0.5,0.066,0.934,26500.0,896.0
functions.MajorityClass,ArffFileStream -f ./../../../Dataset/benchmarks/GMSC.arff,1,27000.0,0.21875,5.0705340173509376E-11,27000.0,0.92,0.5,0.5,0.0,0.0,0.92,0.5,0.08,0.92,27000.0,896.0
functions.MajorityClass,ArffFileStream -f ./../../../Dataset/benchmarks/GMSC.arff,1,27500.0,0.21875,5.0705340173509376E-11,27500.0,0.932,0.5,0.5,0.0,0.0,0.932,0.5,0.068,0.932,27500.0,896.0
functions.MajorityClass,ArffFileStream -f ./../../../Dataset/benchmarks/GMSC.arff,1,28000.0,0.21875,5.0705340173509376E-11,28000.0,0.946,0.5,0.5,0.0,0.0,0.946,0.5,0.054,0.946,28000.0,896.0
functions.MajorityClass,ArffFileStream -f ./../../../Dataset/benchmarks/GMSC.arff,1,28500.0,0.21875,5.0705340173509376E-11,28500.0,0.928,0.5,0.5,0.0,0.0,0.928,0.5,0.072,0.928,28500.0,896.0
functions.MajorityClass,ArffFileStream -f ./../../../Dataset/benchmarks/GMSC.arff,1,29000.0,0.21875,5.0705340173509376E-11,29000.0,0.942,0.5,0.5,0.0,0.0,0.942,0.5,0.058,0.942,29000.0,896.0
functions.MajorityClass,ArffFileStream -f ./../../../Dataset/benchmarks/GMSC.arff,1,29500.0,0.21875,5.0705340173509376E-11,29500.0,0.952,0.5,0.5,0.0,0.0,0.952,0.5,0.048,0.952,29500.0,896.0
functions.MajorityClass,ArffFileStream -f ./../../../Dataset/benchmarks/GMSC.arff,1,30000.0,0.234375,5.43271501859029E-11,30000.0,0.948,0.5,0.5,0.0,0.0,0.948,0.5,0.052,0.948,30000.0,896.0
functions.MajorityClass,ArffFileStream -f ./../../../Dataset/benchmarks/GMSC.arff,1,30500.0,0.234375,5.43271501859029E-11,30500.0,0.93,0.5,0.5,0.0,0.0,0.93,0.5,0.07,0.93,30500.0,896.0
functions.MajorityClass,ArffFileStream -f ./../../../Dataset/benchmarks/GMSC.arff,1,31000.0,0.234375,5.43271501859029E-11,31000.0,0.936,0.5,0.5,0.0,0.0,0.936,0.5,0.064,0.936,31000.0,896.0
functions.MajorityClass,ArffFileStream -f ./../../../Dataset/benchmarks/GMSC.arff,1,31500.0,0.234375,5.43271501859029E-11,31500.0,0.912,0.5,0.5,0.0,0.0,0.912,0.5,0.088,0.912,31500.0,896.0
functions.MajorityClass,ArffFileStream -f ./../../../Dataset/benchmarks/GMSC.arff,1,32000.0,0.234375,5.43271501859029E-11,32000.0,0.928,0.5,0.5,0.0,0.0,0.928,0.5,0.072,0.928,32000.0,896.0
functions.MajorityClass,ArffFileStream -f ./../../../Dataset/benchmarks/GMSC.arff,1,32500.0,0.234375,5.43271501859029E-11,32500.0,0.926,0.5,0.5,0.0,0.0,0.926,0.5,0.074,0.926,32500.0,896.0
functions.MajorityClass,ArffFileStream -f ./../../../Dataset/benchmarks/GMSC.arff,1,33000.0,0.234375,5.43271501859029E-11,33000.0,0.942,0.5,0.5,0.0,0.0,0.942,0.5,0.058,0.942,33000.0,896.0
functions.MajorityClass,ArffFileStream -f ./../../../Dataset/benchmarks/GMSC.arff,1,33500.0,0.25,5.7948960198296426E-11,33500.0,0.93,0.5,0.5,0.0,0.0,0.93,0.5,0.07,0.93,33500.0,896.0
functions.MajorityClass,ArffFileStream -f ./../../../Dataset/benchmarks/GMSC.arff,1,34000.0,0.25,5.7948960198296426E-11,34000.0,0.928,0.5,0.5,0.0,0.0,0.928,0.5,0.072,0.928,34000.0,896.0
functions.MajorityClass,ArffFileStream -f ./../../../Dataset/benchmarks/GMSC.arff,1,34500.0,0.25,5.7948960198296426E-11,34500.0,0.92,0.5,0.5,0.0,0.0,0.92,0.5,0.08,0.92,34500.0,896.0
functions.MajorityClass,ArffFileStream -f ./../../../Dataset/benchmarks/GMSC.arff,1,35000.0,0.25,5.7948960198296426E-11,35000.0,0.936,0.5,0.5,0.0,0.0,0.936,0.5,0.064,0.936,35000.0,896.0
functions.MajorityClass,ArffFileStream -f ./../../../Dataset/benchmarks/GMSC.arff,1,35500.0,0.25,5.7948960198296426E-11,35500.0,0.916,0.5,0.5,0.0,0.0,0.916,0.5,0.084,0.916,35500.0,896.0
functions.MajorityClass,ArffFileStream -f ./../../../Dataset/benchmarks/GMSC.arff,1,36000.0,0.25,5.7948960198296426E-11,36000.0,0.946,0.5,0.5,0.0,0.0,0.946,0.5,0.054,0.946,36000.0,896.0
functions.MajorityClass,ArffFileStream -f ./../../../Dataset/benchmarks/GMSC.arff,1,36500.0,0.25,5.7948960198296426E-11,36500.0,0.93,0.5,0.5,0.0,0.0,0.93,0.5,0.07,0.93,36500.0,896.0
functions.MajorityClass,ArffFileStream -f ./../../../Dataset/benchmarks/GMSC.arff,1,37000.0,0.265625,6.157077021068995E-11,37000.0,0.936,0.5,0.5,0.0,0.0,0.936,0.5,0.064,0.936,37000.0,896.0
functions.MajorityClass,ArffFileStream -f ./../../../Dataset/benchmarks/GMSC.arff,1,37500.0,0.265625,6.157077021068995E-11,37500.0,0.944,0.5,0.5,0.0,0.0,0.944,0.5,0.056,0.944,37500.0,896.0
functions.MajorityClass,ArffFileStream -f ./../../../Dataset/benchmarks/GMSC.arff,1,38000.0,0.265625,6.157077021068995E-11,38000.0,0.936,0.5,0.5,0.0,0.0,0.936,0.5,0.064,0.936,38000.0,896.0
functions.MajorityClass,ArffFileStream -f ./../../../Dataset/benchmarks/GMSC.arff,1,38500.0,0.265625,6.157077021068995E-11,38500.0,0.942,0.5,0.5,0.0,0.0,0.942,0.5,0.058,0.942,38500.0,896.0
functions.MajorityClass,ArffFileStream -f ./../../../Dataset/benchmarks/GMSC.arff,1,39000.0,0.265625,6.157077021068995E-11,39000.0,0.906,0.5,0.5,0.0,0.0,0.906,0.5,0.094,0.906,39000.0,896.0
functions.MajorityClass,ArffFileStream -f ./../../../Dataset/benchmarks/GMSC.arff,1,39500.0,0.265625,6.157077021068995E-11,39500.0,0.936,0.5,0.5,0.0,0.0,0.936,0.5,0.064,0.936,39500.0,896.0
functions.MajorityClass,ArffFileStream -f ./../../../Dataset/benchmarks/GMSC.arff,1,40000.0,0.28125,6.519258022308348E-11,40000.0,0.932,0.5,0.5,0.0,0.0,0.932,0.5,0.068,0.932,40000.0,896.0
functions.MajorityClass,ArffFileStream -f ./../../../Dataset/benchmarks/GMSC.arff,1,40500.0,0.28125,6.519258022308348E-11,40500.0,0.906,0.5,0.5,0.0,0.0,0.906,0.5,0.094,0.906,40500.0,896.0
functions.MajorityClass,ArffFileStream -f ./../../../Dataset/benchmarks/GMSC.arff,1,41000.0,0.28125,6.519258022308348E-11,41000.0,0.928,0.5,0.5,0.0,0.0,0.928,0.5,0.072,0.928,41000.0,896.0
functions.MajorityClass,ArffFileStream -f ./../../../Dataset/benchmarks/GMSC.arff,1,41500.0,0.28125,6.519258022308348E-11,41500.0,0.93,0.5,0.5,0.0,0.0,0.93,0.5,0.07,0.93,41500.0,896.0
functions.MajorityClass,ArffFileStream -f ./../../../Dataset/benchmarks/GMSC.arff,1,42000.0,0.28125,6.519258022308348E-11,42000.0,0.926,0.5,0.5,0.0,0.0,0.926,0.5,0.074,0.926,42000.0,896.0
functions.MajorityClass,ArffFileStream -f ./../../../Dataset/benchmarks/GMSC.arff,1,42500.0,0.28125,6.519258022308348E-11,42500.0,0.922,0.5,0.5,0.0,0.0,0.922,0.5,0.078,0.922,42500.0,896.0
functions.MajorityClass,ArffFileStream -f ./../../../Dataset/benchmarks/GMSC.arff,1,43000.0,0.28125,6.519258022308348E-11,43000.0,0.926,0.5,0.5,0.0,0.0,0.926,0.5,0.074,0.926,43000.0,896.0
functions.MajorityClass,ArffFileStream -f ./../../../Dataset/benchmarks/GMSC.arff,1,43500.0,0.28125,6.519258022308348E-11,43500.0,0.936,0.5,0.5,0.0,0.0,0.936,0.5,0.064,0.936,43500.0,896.0
functions.MajorityClass,ArffFileStream -f ./../../../Dataset/benchmarks/GMSC.arff,1,44000.0,0.296875,6.8814390235477E-11,44000.0,0.916,0.5,0.5,0.0,0.0,0.916,0.5,0.084,0.916,44000.0,896.0
functions.MajorityClass,ArffFileStream -f ./../../../Dataset/benchmarks/GMSC.arff,1,44500.0,0.296875,6.8814390235477E-11,44500.0,0.918,0.5,0.5,0.0,0.0,0.918,0.5,0.082,0.918,44500.0,896.0
functions.MajorityClass,ArffFileStream -f ./../../../Dataset/benchmarks/GMSC.arff,1,45000.0,0.296875,6.8814390235477E-11,45000.0,0.942,0.5,0.5,0.0,0.0,0.942,0.5,0.058,0.942,45000.0,896.0
functions.MajorityClass,ArffFileStream -f ./../../../Dataset/benchmarks/GMSC.arff,1,45500.0,0.296875,6.8814390235477E-11,45500.0,0.958,0.5,0.5,0.0,0.0,0.958,0.5,0.042,0.958,45500.0,896.0
functions.MajorityClass,ArffFileStream -f ./../../../Dataset/benchmarks/GMSC.arff,1,46000.0,0.296875,6.8814390235477E-11,46000.0,0.942,0.5,0.5,0.0,0.0,0.942,0.5,0.058,0.942,46000.0,896.0
functions.MajorityClass,ArffFileStream -f ./../../../Dataset/benchmarks/GMSC.arff,1,46500.0,0.296875,6.8814390235477E-11,46500.0,0.918,0.5,0.5,0.0,0.0,0.918,0.5,0.082,0.918,46500.0,896.0
functions.MajorityClass,ArffFileStream -f ./../../../Dataset/benchmarks/GMSC.arff,1,47000.0,0.296875,6.8814390235477E-11,47000.0,0.944,0.5,0.5,0.0,0.0,0.944,0.5,0.056,0.944,47000.0,896.0
functions.MajorityClass,ArffFileStream -f ./../../../Dataset/benchmarks/GMSC.arff,1,47500.0,0.296875,6.8814390235477E-11,47500.0,0.93,0.5,0.5,0.0,0.0,0.93,0.5,0.07,0.93,47500.0,896.0
functions.MajorityClass,ArffFileStream -f ./../../../Dataset/benchmarks/GMSC.arff,1,48000.0,0.296875,6.8814390235477E-11,48000.0,0.938,0.5,0.5,0.0,0.0,0.938,0.5,0.062,0.938,48000.0,896.0
functions.MajorityClass,ArffFileStream -f ./../../../Dataset/benchmarks/GMSC.arff,1,48500.0,0.3125,7.243620024787053E-11,48500.0,0.932,0.5,0.5,0.0,0.0,0.932,0.5,0.068,0.932,48500.0,896.0
functions.MajorityClass,ArffFileStream -f ./../../../Dataset/benchmarks/GMSC.arff,1,49000.0,0.3125,7.243620024787053E-11,49000.0,0.93,0.5,0.5,0.0,0.0,0.93,0.5,0.07,0.93,49000.0,896.0
functions.MajorityClass,ArffFileStream -f ./../../../Dataset/benchmarks/GMSC.arff,1,49500.0,0.3125,7.243620024787053E-11,49500.0,0.942,0.5,0.5,0.0,0.0,0.942,0.5,0.058,0.942,49500.0,896.0
functions.MajorityClass,ArffFileStream -f ./../../../Dataset/benchmarks/GMSC.arff,1,50000.0,0.3125,7.243620024787053E-11,50000.0,0.892,0.5,0.5,0.0,0.0,0.892,0.5,0.108,0.892,50000.0,896.0
functions.MajorityClass,ArffFileStream -f ./../../../Dataset/benchmarks/GMSC.arff,1,50500.0,0.3125,7.243620024787053E-11,50500.0,0.926,0.5,0.5,0.0,0.0,0.926,0.5,0.074,0.926,50500.0,896.0
functions.MajorityClass,ArffFileStream -f ./../../../Dataset/benchmarks/GMSC.arff,1,51000.0,0.3125,7.243620024787053E-11,51000.0,0.938,0.5,0.5,0.0,0.0,0.938,0.5,0.062,0.938,51000.0,896.0
functions.MajorityClass,ArffFileStream -f ./../../../Dataset/benchmarks/GMSC.arff,1,51500.0,0.3125,7.243620024787053E-11,51500.0,0.95,0.5,0.5,0.0,0.0,0.95,0.5,0.05,0.95,51500.0,896.0
functions.MajorityClass,ArffFileStream -f ./../../../Dataset/benchmarks/GMSC.arff,1,52000.0,0.3125,7.243620024787053E-11,52000.0,0.94,0.5,0.5,0.0,0.0,0.94,0.5,0.06,0.94,52000.0,896.0
functions.MajorityClass,ArffFileStream -f ./../../../Dataset/benchmarks/GMSC.arff,1,52500.0,0.3125,7.243620024787053E-11,52500.0,0.958,0.5,0.5,0.0,0.0,0.958,0.5,0.042,0.958,52500.0,896.0
functions.MajorityClass,ArffFileStream -f ./../../../Dataset/benchmarks/GMSC.arff,1,53000.0,0.3125,7.243620024787053E-11,53000.0,0.93,0.5,0.5,0.0,0.0,0.93,0.5,0.07,0.93,53000.0,896.0
functions.MajorityClass,ArffFileStream -f ./../../../Dataset/benchmarks/GMSC.arff,1,53500.0,0.328125,7.605801026026405E-11,53500.0,0.932,0.5,0.5,0.0,0.0,0.932,0.5,0.068,0.932,53500.0,896.0
functions.MajorityClass,ArffFileStream -f ./../../../Dataset/benchmarks/GMSC.arff,1,54000.0,0.328125,7.605801026026405E-11,54000.0,0.918,0.5,0.5,0.0,0.0,0.918,0.5,0.082,0.918,54000.0,896.0
functions.MajorityClass,ArffFileStream -f ./../../../Dataset/benchmarks/GMSC.arff,1,54500.0,0.328125,7.605801026026405E-11,54500.0,0.932,0.5,0.5,0.0,0.0,0.932,0.5,0.068,0.932,54500.0,896.0
functions.MajorityClass,ArffFileStream -f ./../../../Dataset/benchmarks/GMSC.arff,1,55000.0,0.328125,7.605801026026405E-11,55000.0,0.92,0.5,0.5,0.0,0.0,0.92,0.5,0.08,0.92,55000.0,896.0
functions.MajorityClass,ArffFileStream -f ./../../../Dataset/benchmarks/GMSC.arff,1,55500.0,0.328125,7.605801026026405E-11,55500.0,0.926,0.5,0.5,0.0,0.0,0.926,0.5,0.074,0.926,55500.0,896.0
functions.MajorityClass,ArffFileStream -f ./../../../Dataset/benchmarks/GMSC.arff,1,56000.0,0.328125,7.605801026026405E-11,56000.0,0.948,0.5,0.5,0.0,0.0,0.948,0.5,0.052,0.948,56000.0,896.0
functions.MajorityClass,ArffFileStream -f ./../../../Dataset/benchmarks/GMSC.arff,1,56500.0,0.328125,7.605801026026405E-11,56500.0,0.928,0.5,0.5,0.0,0.0,0.928,0.5,0.072,0.928,56500.0,896.0
functions.MajorityClass,ArffFileStream -f ./../../../Dataset/benchmarks/GMSC.arff,1,57000.0,0.328125,7.605801026026405E-11,57000.0,0.93,0.5,0.5,0.0,0.0,0.93,0.5,0.07,0.93,57000.0,896.0
functions.MajorityClass,ArffFileStream -f ./../../../Dataset/benchmarks/GMSC.arff,1,57500.0,0.328125,7.605801026026405E-11,57500.0,0.922,0.5,0.5,0.0,0.0,0.922,0.5,0.078,0.922,57500.0,896.0
functions.MajorityClass,ArffFileStream -f ./../../../Dataset/benchmarks/GMSC.arff,1,58000.0,0.34375,7.967982027265758E-11,58000.0,0.924,0.5,0.5,0.0,0.0,0.924,0.5,0.076,0.924,58000.0,896.0
functions.MajorityClass,ArffFileStream -f ./../../../Dataset/benchmarks/GMSC.arff,1,58500.0,0.34375,7.967982027265758E-11,58500.0,0.932,0.5,0.5,0.0,0.0,0.932,0.5,0.068,0.932,58500.0,896.0
functions.MajorityClass,ArffFileStream -f ./../../../Dataset/benchmarks/GMSC.arff,1,59000.0,0.34375,7.967982027265758E-11,59000.0,0.948,0.5,0.5,0.0,0.0,0.948,0.5,0.052,0.948,59000.0,896.0
functions.MajorityClass,ArffFileStream -f ./../../../Dataset/benchmarks/GMSC.arff,1,59500.0,0.34375,7.967982027265758E-11,59500.0,0.928,0.5,0.5,0.0,0.0,0.928,0.5,0.072,0.928,59500.0,896.0
functions.MajorityClass,ArffFileStream -f ./../../../Dataset/benchmarks/GMSC.arff,1,60000.0,0.34375,7.967982027265758E-11,60000.0,0.952,0.5,0.5,0.0,0.0,0.952,0.5,0.048,0.952,60000.0,896.0
functions.MajorityClass,ArffFileStream -f ./../../../Dataset/benchmarks/GMSC.arff,1,60500.0,0.34375,7.967982027265758E-11,60500.0,0.932,0.5,0.5,0.0,0.0,0.932,0.5,0.068,0.932,60500.0,896.0
functions.MajorityClass,ArffFileStream -f ./../../../Dataset/benchmarks/GMSC.arff,1,61000.0,0.34375,7.967982027265758E-11,61000.0,0.934,0.5,0.5,0.0,0.0,0.934,0.5,0.066,0.934,61000.0,896.0
functions.MajorityClass,ArffFileStream -f ./../../../Dataset/benchmarks/GMSC.arff,1,61500.0,0.34375,7.967982027265758E-11,61500.0,0.932,0.5,0.5,0.0,0.0,0.932,0.5,0.068,0.932,61500.0,896.0
functions.MajorityClass,ArffFileStream -f ./../../../Dataset/benchmarks/GMSC.arff,1,62000.0,0.359375,8.33016302850511E-11,62000.0,0.934,0.5,0.5,0.0,0.0,0.934,0.5,0.066,0.934,62000.0,896.0
functions.MajorityClass,ArffFileStream -f ./../../../Dataset/benchmarks/GMSC.arff,1,62500.0,0.359375,8.33016302850511E-11,62500.0,0.928,0.5,0.5,0.0,0.0,0.928,0.5,0.072,0.928,62500.0,896.0
functions.MajorityClass,ArffFileStream -f ./../../../Dataset/benchmarks/GMSC.arff,1,63000.0,0.359375,8.33016302850511E-11,63000.0,0.936,0.5,0.5,0.0,0.0,0.936,0.5,0.064,0.936,63000.0,896.0
functions.MajorityClass,ArffFileStream -f ./../../../Dataset/benchmarks/GMSC.arff,1,63500.0,0.359375,8.33016302850511E-11,63500.0,0.938,0.5,0.5,0.0,0.0,0.938,0.5,0.062,0.938,63500.0,896.0
functions.MajorityClass,ArffFileStream -f ./../../../Dataset/benchmarks/GMSC.arff,1,64000.0,0.359375,8.33016302850511E-11,64000.0,0.936,0.5,0.5,0.0,0.0,0.936,0.5,0.064,0.936,64000.0,896.0
functions.MajorityClass,ArffFileStream -f ./../../../Dataset/benchmarks/GMSC.arff,1,64500.0,0.359375,8.33016302850511E-11,64500.0,0.918,0.5,0.5,0.0,0.0,0.918,0.5,0.082,0.918,64500.0,896.0
functions.MajorityClass,ArffFileStream -f ./../../../Dataset/benchmarks/GMSC.arff,1,65000.0,0.359375,8.33016302850511E-11,65000.0,0.94,0.5,0.5,0.0,0.0,0.94,0.5,0.06,0.94,65000.0,896.0
functions.MajorityClass,ArffFileStream -f ./../../../Dataset/benchmarks/GMSC.arff,1,65500.0,0.359375,8.33016302850511E-11,65500.0,0.918,0.5,0.5,0.0,0.0,0.918,0.5,0.082,0.918,65500.0,896.0
functions.MajorityClass,ArffFileStream -f ./../../../Dataset/benchmarks/GMSC.arff,1,66000.0,0.359375,8.33016302850511E-11,66000.0,0.926,0.5,0.5,0.0,0.0,0.926,0.5,0.074,0.926,66000.0,896.0
functions.MajorityClass,ArffFileStream -f ./../../../Dataset/benchmarks/GMSC.arff,1,66500.0,0.359375,8.33016302850511E-11,66500.0,0.952,0.5,0.5,0.0,0.0,0.952,0.5,0.048,0.952,66500.0,896.0
functions.MajorityClass,ArffFileStream -f ./../../../Dataset/benchmarks/GMSC.arff,1,67000.0,0.359375,8.33016302850511E-11,67000.0,0.936,0.5,0.5,0.0,0.0,0.936,0.5,0.064,0.936,67000.0,896.0
functions.MajorityClass,ArffFileStream -f ./../../../Dataset/benchmarks/GMSC.arff,1,67500.0,0.375,8.692344029744463E-11,67500.0,0.94,0.5,0.5,0.0,0.0,0.94,0.5,0.06,0.94,67500.0,896.0
functions.MajorityClass,ArffFileStream -f ./../../../Dataset/benchmarks/GMSC.arff,1,68000.0,0.375,8.692344029744463E-11,68000.0,0.922,0.5,0.5,0.0,0.0,0.922,0.5,0.078,0.922,68000.0,896.0
functions.MajorityClass,ArffFileStream -f ./../../../Dataset/benchmarks/GMSC.arff,1,68500.0,0.375,8.692344029744463E-11,68500.0,0.95,0.5,0.5,0.0,0.0,0.95,0.5,0.05,0.95,68500.0,896.0
functions.MajorityClass,ArffFileStream -f ./../../../Dataset/benchmarks/GMSC.arff,1,69000.0,0.375,8.692344029744463E-11,69000.0,0.928,0.5,0.5,0.0,0.0,0.928,0.5,0.072,0.928,69000.0,896.0
functions.MajorityClass,ArffFileStream -f ./../../../Dataset/benchmarks/GMSC.arff,1,69500.0,0.375,8.692344029744463E-11,69500.0,0.922,0.5,0.5,0.0,0.0,0.922,0.5,0.078,0.922,69500.0,896.0
functions.MajorityClass,ArffFileStream -f ./../../../Dataset/benchmarks/GMSC.arff,1,70000.0,0.375,8.692344029744463E-11,70000.0,0.934,0.5,0.5,0.0,0.0,0.934,0.5,0.066,0.934,70000.0,896.0
functions.MajorityClass,ArffFileStream -f ./../../../Dataset/benchmarks/GMSC.arff,1,70500.0,0.375,8.692344029744463E-11,70500.0,0.94,0.5,0.5,0.0,0.0,0.94,0.5,0.06,0.94,70500.0,896.0
functions.MajorityClass,ArffFileStream -f ./../../../Dataset/benchmarks/GMSC.arff,1,71000.0,0.375,8.692344029744463E-11,71000.0,0.92,0.5,0.5,0.0,0.0,0.92,0.5,0.08,0.92,71000.0,896.0
functions.MajorityClass,ArffFileStream -f ./../../../Dataset/benchmarks/GMSC.arff,1,71500.0,0.375,8.692344029744463E-11,71500.0,0.932,0.5,0.5,0.0,0.0,0.932,0.5,0.068,0.932,71500.0,896.0
functions.MajorityClass,ArffFileStream -f ./../../../Dataset/benchmarks/GMSC.arff,1,72000.0,0.375,8.692344029744463E-11,72000.0,0.918,0.5,0.5,0.0,0.0,0.918,0.5,0.082,0.918,72000.0,896.0
functions.MajorityClass,ArffFileStream -f ./../../../Dataset/benchmarks/GMSC.arff,1,72500.0,0.375,8.692344029744463E-11,72500.0,0.946,0.5,0.5,0.0,0.0,0.946,0.5,0.054,0.946,72500.0,896.0
functions.MajorityClass,ArffFileStream -f ./../../../Dataset/benchmarks/GMSC.arff,1,73000.0,0.390625,9.054525030983815E-11,73000.0,0.934,0.5,0.5,0.0,0.0,0.934,0.5,0.066,0.934,73000.0,896.0
functions.MajorityClass,ArffFileStream -f ./../../../Dataset/benchmarks/GMSC.arff,1,73500.0,0.390625,9.054525030983815E-11,73500.0,0.944,0.5,0.5,0.0,0.0,0.944,0.5,0.056,0.944,73500.0,896.0
functions.MajorityClass,ArffFileStream -f ./../../../Dataset/benchmarks/GMSC.arff,1,74000.0,0.390625,9.054525030983815E-11,74000.0,0.944,0.5,0.5,0.0,0.0,0.944,0.5,0.056,0.944,74000.0,896.0
functions.MajorityClass,ArffFileStream -f ./../../../Dataset/benchmarks/GMSC.arff,1,74500.0,0.390625,9.054525030983815E-11,74500.0,0.938,0.5,0.5,0.0,0.0,0.938,0.5,0.062,0.938,74500.0,896.0
functions.MajorityClass,ArffFileStream -f ./../../../Dataset/benchmarks/GMSC.arff,1,75000.0,0.390625,9.054525030983815E-11,75000.0,0.946,0.5,0.5,0.0,0.0,0.946,0.5,0.054,0.946,75000.0,896.0
functions.MajorityClass,ArffFileStream -f ./../../../Dataset/benchmarks/GMSC.arff,1,75500.0,0.390625,9.054525030983815E-11,75500.0,0.934,0.5,0.5,0.0,0.0,0.934,0.5,0.066,0.934,75500.0,896.0
functions.MajorityClass,ArffFileStream -f ./../../../Dataset/benchmarks/GMSC.arff,1,76000.0,0.390625,9.054525030983815E-11,76000.0,0.926,0.5,0.5,0.0,0.0,0.926,0.5,0.074,0.926,76000.0,896.0
functions.MajorityClass,ArffFileStream -f ./../../../Dataset/benchmarks/GMSC.arff,1,76500.0,0.390625,9.054525030983815E-11,76500.0,0.93,0.5,0.5,0.0,0.0,0.93,0.5,0.07,0.93,76500.0,896.0
functions.MajorityClass,ArffFileStream -f ./../../../Dataset/benchmarks/GMSC.arff,1,77000.0,0.390625,9.054525030983815E-11,77000.0,0.946,0.5,0.5,0.0,0.0,0.946,0.5,0.054,0.946,77000.0,896.0
functions.MajorityClass,ArffFileStream -f ./../../../Dataset/benchmarks/GMSC.arff,1,77500.0,0.390625,9.054525030983815E-11,77500.0,0.942,0.5,0.5,0.0,0.0,0.942,0.5,0.058,0.942,77500.0,896.0
functions.MajorityClass,ArffFileStream -f ./../../../Dataset/benchmarks/GMSC.arff,1,78000.0,0.390625,9.054525030983815E-11,78000.0,0.942,0.5,0.5,0.0,0.0,0.942,0.5,0.058,0.942,78000.0,896.0
functions.MajorityClass,ArffFileStream -f ./../../../Dataset/benchmarks/GMSC.arff,1,78500.0,0.40625,9.416706032223168E-11,78500.0,0.942,0.5,0.5,0.0,0.0,0.942,0.5,0.058,0.942,78500.0,896.0
functions.MajorityClass,ArffFileStream -f ./../../../Dataset/benchmarks/GMSC.arff,1,79000.0,0.40625,9.416706032223168E-11,79000.0,0.944,0.5,0.5,0.0,0.0,0.944,0.5,0.056,0.944,79000.0,896.0
functions.MajorityClass,ArffFileStream -f ./../../../Dataset/benchmarks/GMSC.arff,1,79500.0,0.40625,9.416706032223168E-11,79500.0,0.93,0.5,0.5,0.0,0.0,0.93,0.5,0.07,0.93,79500.0,896.0
functions.MajorityClass,ArffFileStream -f ./../../../Dataset/benchmarks/GMSC.arff,1,80000.0,0.40625,9.416706032223168E-11,80000.0,0.94,0.5,0.5,0.0,0.0,0.94,0.5,0.06,0.94,80000.0,896.0
functions.MajorityClass,ArffFileStream -f ./../../../Dataset/benchmarks/GMSC.arff,1,80500.0,0.40625,9.416706032223168E-11,80500.0,0.94,0.5,0.5,0.0,0.0,0.94,0.5,0.06,0.94,80500.0,896.0
functions.MajorityClass,ArffFileStream -f ./../../../Dataset/benchmarks/GMSC.arff,1,81000.0,0.40625,9.416706032223168E-11,81000.0,0.932,0.5,0.5,0.0,0.0,0.932,0.5,0.068,0.932,81000.0,896.0
functions.MajorityClass,ArffFileStream -f ./../../../Dataset/benchmarks/GMSC.arff,1,81500.0,0.40625,9.416706032223168E-11,81500.0,0.942,0.5,0.5,0.0,0.0,0.942,0.5,0.058,0.942,81500.0,896.0
functions.MajorityClass,ArffFileStream -f ./../../../Dataset/benchmarks/GMSC.arff,1,82000.0,0.40625,9.416706032223168E-11,82000.0,0.92,0.5,0.5,0.0,0.0,0.92,0.5,0.08,0.92,82000.0,896.0
functions.MajorityClass,ArffFileStream -f ./../../../Dataset/benchmarks/GMSC.arff,1,82500.0,0.40625,9.416706032223168E-11,82500.0,0.926,0.5,0.5,0.0,0.0,0.926,0.5,0.074,0.926,82500.0,896.0
functions.MajorityClass,ArffFileStream -f ./../../../Dataset/benchmarks/GMSC.arff,1,83000.0,0.40625,9.416706032223168E-11,83000.0,0.946,0.5,0.5,0.0,0.0,0.946,0.5,0.054,0.946,83000.0,896.0
functions.MajorityClass,ArffFileStream -f ./../../../Dataset/benchmarks/GMSC.arff,1,83500.0,0.40625,9.416706032223168E-11,83500.0,0.938,0.5,0.5,0.0,0.0,0.938,0.5,0.062,0.938,83500.0,896.0
functions.MajorityClass,ArffFileStream -f ./../../../Dataset/benchmarks/GMSC.arff,1,84000.0,0.421875,9.77888703346252E-11,84000.0,0.928,0.5,0.5,0.0,0.0,0.928,0.5,0.072,0.928,84000.0,896.0
functions.MajorityClass,ArffFileStream -f ./../../../Dataset/benchmarks/GMSC.arff,1,84500.0,0.421875,9.77888703346252E-11,84500.0,0.92,0.5,0.5,0.0,0.0,0.92,0.5,0.08,0.92,84500.0,896.0
functions.MajorityClass,ArffFileStream -f ./../../../Dataset/benchmarks/GMSC.arff,1,85000.0,0.421875,9.77888703346252E-11,85000.0,0.932,0.5,0.5,0.0,0.0,0.932,0.5,0.068,0.932,85000.0,896.0
functions.MajorityClass,ArffFileStream -f ./../../../Dataset/benchmarks/GMSC.arff,1,85500.0,0.421875,9.77888703346252E-11,85500.0,0.952,0.5,0.5,0.0,0.0,0.952,0.5,0.048,0.952,85500.0,896.0
functions.MajorityClass,ArffFileStream -f ./../../../Dataset/benchmarks/GMSC.arff,1,86000.0,0.421875,9.77888703346252E-11,86000.0,0.94,0.5,0.5,0.0,0.0,0.94,0.5,0.06,0.94,86000.0,896.0
functions.MajorityClass,ArffFileStream -f ./../../../Dataset/benchmarks/GMSC.arff,1,86500.0,0.421875,9.77888703346252E-11,86500.0,0.928,0.5,0.5,0.0,0.0,0.928,0.5,0.072,0.928,86500.0,896.0
functions.MajorityClass,ArffFileStream -f ./../../../Dataset/benchmarks/GMSC.arff,1,87000.0,0.421875,9.77888703346252E-11,87000.0,0.93,0.5,0.5,0.0,0.0,0.93,0.5,0.07,0.93,87000.0,896.0
functions.MajorityClass,ArffFileStream -f ./../../../Dataset/benchmarks/GMSC.arff,1,87500.0,0.421875,9.77888703346252E-11,87500.0,0.934,0.5,0.5,0.0,0.0,0.934,0.5,0.066,0.934,87500.0,896.0
functions.MajorityClass,ArffFileStream -f ./../../../Dataset/benchmarks/GMSC.arff,1,88000.0,0.421875,9.77888703346252E-11,88000.0,0.94,0.5,0.5,0.0,0.0,0.94,0.5,0.06,0.94,88000.0,896.0
functions.MajorityClass,ArffFileStream -f ./../../../Dataset/benchmarks/GMSC.arff,1,88500.0,0.421875,9.77888703346252E-11,88500.0,0.93,0.5,0.5,0.0,0.0,0.93,0.5,0.07,0.93,88500.0,896.0
functions.MajorityClass,ArffFileStream -f ./../../../Dataset/benchmarks/GMSC.arff,1,89000.0,0.421875,9.77888703346252E-11,89000.0,0.936,0.5,0.5,0.0,0.0,0.936,0.5,0.064,0.936,89000.0,896.0
functions.MajorityClass,ArffFileStream -f ./../../../Dataset/benchmarks/GMSC.arff,1,89500.0,0.4375,1.0141068034701873E-10,89500.0,0.938,0.5,0.5,0.0,0.0,0.938,0.5,0.062,0.938,89500.0,896.0
functions.MajorityClass,ArffFileStream -f ./../../../Dataset/benchmarks/GMSC.arff,1,90000.0,0.4375,1.0141068034701873E-10,90000.0,0.938,0.5,0.5,0.0,0.0,0.938,0.5,0.062,0.938,90000.0,896.0
functions.MajorityClass,ArffFileStream -f ./../../../Dataset/benchmarks/GMSC.arff,1,90500.0,0.4375,1.0141068034701873E-10,90500.0,0.952,0.5,0.5,0.0,0.0,0.952,0.5,0.048,0.952,90500.0,896.0
functions.MajorityClass,ArffFileStream -f ./../../../Dataset/benchmarks/GMSC.arff,1,91000.0,0.4375,1.0141068034701873E-10,91000.0,0.944,0.5,0.5,0.0,0.0,0.944,0.5,0.056,0.944,91000.0,896.0
functions.MajorityClass,ArffFileStream -f ./../../../Dataset/benchmarks/GMSC.arff,1,91500.0,0.4375,1.0141068034701873E-10,91500.0,0.94,0.5,0.5,0.0,0.0,0.94,0.5,0.06,0.94,91500.0,896.0
functions.MajorityClass,ArffFileStream -f ./../../../Dataset/benchmarks/GMSC.arff,1,92000.0,0.4375,1.0141068034701873E-10,92000.0,0.936,0.5,0.5,0.0,0.0,0.936,0.5,0.064,0.936,92000.0,896.0
functions.MajorityClass,ArffFileStream -f ./../../../Dataset/benchmarks/GMSC.arff,1,92500.0,0.4375,1.0141068034701873E-10,92500.0,0.914,0.5,0.5,0.0,0.0,0.914,0.5,0.086,0.914,92500.0,896.0
functions.MajorityClass,ArffFileStream -f ./../../../Dataset/benchmarks/GMSC.arff,1,93000.0,0.4375,1.0141068034701873E-10,93000.0,0.932,0.5,0.5,0.0,0.0,0.932,0.5,0.068,0.932,93000.0,896.0
functions.MajorityClass,ArffFileStream -f ./../../../Dataset/benchmarks/GMSC.arff,1,93500.0,0.4375,1.0141068034701873E-10,93500.0,0.942,0.5,0.5,0.0,0.0,0.942,0.5,0.058,0.942,93500.0,896.0
functions.MajorityClass,ArffFileStream -f ./../../../Dataset/benchmarks/GMSC.arff,1,94000.0,0.4375,1.0141068034701873E-10,94000.0,0.93,0.5,0.5,0.0,0.0,0.93,0.5,0.07,0.93,94000.0,896.0
functions.MajorityClass,ArffFileStream -f ./../../../Dataset/benchmarks/GMSC.arff,1,94500.0,0.4375,1.0141068034701873E-10,94500.0,0.928,0.5,0.5,0.0,0.0,0.928,0.5,0.072,0.928,94500.0,896.0
functions.MajorityClass,ArffFileStream -f ./../../../Dataset/benchmarks/GMSC.arff,1,95000.0,0.453125,1.0503249035941225E-10,95000.0,0.956,0.5,0.5,0.0,0.0,0.956,0.5,0.044,0.956,95000.0,896.0
functions.MajorityClass,ArffFileStream -f ./../../../Dataset/benchmarks/GMSC.arff,1,95500.0,0.453125,1.0503249035941225E-10,95500.0,0.906,0.5,0.5,0.0,0.0,0.906,0.5,0.094,0.906,95500.0,896.0
functions.MajorityClass,ArffFileStream -f ./../../../Dataset/benchmarks/GMSC.arff,1,96000.0,0.453125,1.0503249035941225E-10,96000.0,0.92,0.5,0.5,0.0,0.0,0.92,0.5,0.08,0.92,96000.0,896.0
functions.MajorityClass,ArffFileStream -f ./../../../Dataset/benchmarks/GMSC.arff,1,96500.0,0.453125,1.0503249035941225E-10,96500.0,0.902,0.5,0.5,0.0,0.0,0.902,0.5,0.098,0.902,96500.0,896.0
functions.MajorityClass,ArffFileStream -f ./../../../Dataset/benchmarks/GMSC.arff,1,97000.0,0.453125,1.0503249035941225E-10,97000.0,0.918,0.5,0.5,0.0,0.0,0.918,0.5,0.082,0.918,97000.0,896.0
functions.MajorityClass,ArffFileStream -f ./../../../Dataset/benchmarks/GMSC.arff,1,97500.0,0.453125,1.0503249035941225E-10,97500.0,0.912,0.5,0.5,0.0,0.0,0.912,0.5,0.088,0.912,97500.0,896.0
functions.MajorityClass,ArffFileStream -f ./../../../Dataset/benchmarks/GMSC.arff,1,98000.0,0.453125,1.0503249035941225E-10,98000.0,0.938,0.5,0.5,0.0,0.0,0.938,0.5,0.062,0.938,98000.0,896.0
functions.MajorityClass,ArffFileStream -f ./../../../Dataset/benchmarks/GMSC.arff,1,98500.0,0.453125,1.0503249035941225E-10,98500.0,0.932,0.5,0.5,0.0,0.0,0.932,0.5,0.068,0.932,98500.0,896.0
functions.MajorityClass,ArffFileStream -f ./../../../Dataset/benchmarks/GMSC.arff,1,99000.0,0.453125,1.0503249035941225E-10,99000.0,0.928,0.5,0.5,0.0,0.0,0.928,0.5,0.072,0.928,99000.0,896.0
functions.MajorityClass,ArffFileStream -f ./../../../Dataset/benchmarks/GMSC.arff,1,99500.0,0.453125,1.0503249035941225E-10,99500.0,0.938,0.5,0.5,0.0,0.0,0.938,0.5,0.062,0.938,99500.0,896.0
functions.MajorityClass,ArffFileStream -f ./../../../Dataset/benchmarks/GMSC.arff,1,100000.0,0.453125,1.0503249035941225E-10,100000.0,0.928,0.5,0.5,0.0,0.0,0.928,0.5,0.072,0.928,100000.0,896.0
functions.MajorityClass,ArffFileStream -f ./../../../Dataset/benchmarks/GMSC.arff,1,100500.0,0.453125,1.0503249035941225E-10,100500.0,0.942,0.5,0.5,0.0,0.0,0.942,0.5,0.058,0.942,100500.0,896.0
functions.MajorityClass,ArffFileStream -f ./../../../Dataset/benchmarks/GMSC.arff,1,101000.0,0.46875,1.0865430037180578E-10,101000.0,0.942,0.5,0.5,0.0,0.0,0.942,0.5,0.058,0.942,101000.0,896.0
functions.MajorityClass,ArffFileStream -f ./../../../Dataset/benchmarks/GMSC.arff,1,101500.0,0.46875,1.0865430037180578E-10,101500.0,0.906,0.5,0.5,0.0,0.0,0.906,0.5,0.094,0.906,101500.0,896.0
functions.MajorityClass,ArffFileStream -f ./../../../Dataset/benchmarks/GMSC.arff,1,102000.0,0.46875,1.0865430037180578E-10,102000.0,0.938,0.5,0.5,0.0,0.0,0.938,0.5,0.062,0.938,102000.0,896.0
functions.MajorityClass,ArffFileStream -f ./../../../Dataset/benchmarks/GMSC.arff,1,102500.0,0.46875,1.0865430037180578E-10,102500.0,0.94,0.5,0.5,0.0,0.0,0.94,0.5,0.06,0.94,102500.0,896.0
functions.MajorityClass,ArffFileStream -f ./../../../Dataset/benchmarks/GMSC.arff,1,103000.0,0.46875,1.0865430037180578E-10,103000.0,0.924,0.5,0.5,0.0,0.0,0.924,0.5,0.076,0.924,103000.0,896.0
functions.MajorityClass,ArffFileStream -f ./../../../Dataset/benchmarks/GMSC.arff,1,103500.0,0.46875,1.0865430037180578E-10,103500.0,0.918,0.5,0.5,0.0,0.0,0.918,0.5,0.082,0.918,103500.0,896.0
functions.MajorityClass,ArffFileStream -f ./../../../Dataset/benchmarks/GMSC.arff,1,104000.0,0.46875,1.0865430037180578E-10,104000.0,0.934,0.5,0.5,0.0,0.0,0.934,0.5,0.066,0.934,104000.0,896.0
functions.MajorityClass,ArffFileStream -f ./../../../Dataset/benchmarks/GMSC.arff,1,104500.0,0.46875,1.0865430037180578E-10,104500.0,0.93,0.5,0.5,0.0,0.0,0.93,0.5,0.07,0.93,104500.0,896.0
functions.MajorityClass,ArffFileStream -f ./../../../Dataset/benchmarks/GMSC.arff,1,105000.0,0.46875,1.0865430037180578E-10,105000.0,0.946,0.5,0.5,0.0,0.0,0.946,0.5,0.054,0.946,105000.0,896.0
functions.MajorityClass,ArffFileStream -f ./../../../Dataset/benchmarks/GMSC.arff,1,105500.0,0.46875,1.0865430037180578E-10,105500.0,0.926,0.5,0.5,0.0,0.0,0.926,0.5,0.074,0.926,105500.0,896.0
functions.MajorityClass,ArffFileStream -f ./../../../Dataset/benchmarks/GMSC.arff,1,106000.0,0.484375,1.122761103841993E-10,106000.0,0.93,0.5,0.5,0.0,0.0,0.93,0.5,0.07,0.93,106000.0,896.0
functions.MajorityClass,ArffFileStream -f ./../../../Dataset/benchmarks/GMSC.arff,1,106500.0,0.484375,1.122761103841993E-10,106500.0,0.946,0.5,0.5,0.0,0.0,0.946,0.5,0.054,0.946,106500.0,896.0
functions.MajorityClass,ArffFileStream -f ./../../../Dataset/benchmarks/GMSC.arff,1,107000.0,0.484375,1.122761103841993E-10,107000.0,0.928,0.5,0.5,0.0,0.0,0.928,0.5,0.072,0.928,107000.0,896.0
functions.MajorityClass,ArffFileStream -f ./../../../Dataset/benchmarks/GMSC.arff,1,107500.0,0.484375,1.122761103841993E-10,107500.0,0.93,0.5,0.5,0.0,0.0,0.93,0.5,0.07,0.93,107500.0,896.0
functions.MajorityClass,ArffFileStream -f ./../../../Dataset/benchmarks/GMSC.arff,1,108000.0,0.484375,1.122761103841993E-10,108000.0,0.938,0.5,0.5,0.0,0.0,0.938,0.5,0.062,0.938,108000.0,896.0
functions.MajorityClass,ArffFileStream -f ./../../../Dataset/benchmarks/GMSC.arff,1,108500.0,0.484375,1.122761103841993E-10,108500.0,0.932,0.5,0.5,0.0,0.0,0.932,0.5,0.068,0.932,108500.0,896.0
functions.MajorityClass,ArffFileStream -f ./../../../Dataset/benchmarks/GMSC.arff,1,109000.0,0.484375,1.122761103841993E-10,109000.0,0.932,0.5,0.5,0.0,0.0,0.932,0.5,0.068,0.932,109000.0,896.0
functions.MajorityClass,ArffFileStream -f ./../../../Dataset/benchmarks/GMSC.arff,1,109500.0,0.484375,1.122761103841993E-10,109500.0,0.938,0.5,0.5,0.0,0.0,0.938,0.5,0.062,0.938,109500.0,896.0
functions.MajorityClass,ArffFileStream -f ./../../../Dataset/benchmarks/GMSC.arff,1,110000.0,0.484375,1.122761103841993E-10,110000.0,0.95,0.5,0.5,0.0,0.0,0.95,0.5,0.05,0.95,110000.0,896.0
functions.MajorityClass,ArffFileStream -f ./../../../Dataset/benchmarks/GMSC.arff,1,110500.0,0.484375,1.122761103841993E-10,110500.0,0.94,0.5,0.5,0.0,0.0,0.94,0.5,0.06,0.94,110500.0,896.0
functions.MajorityClass,ArffFileStream -f ./../../../Dataset/benchmarks/GMSC.arff,1,111000.0,0.5,1.1589792039659283E-10,111000.0,0.938,0.5,0.5,0.0,0.0,0.938,0.5,0.062,0.938,111000.0,896.0
functions.MajorityClass,ArffFileStream -f ./../../../Dataset/benchmarks/GMSC.arff,1,111500.0,0.5,1.1589792039659283E-10,111500.0,0.924,0.5,0.5,0.0,0.0,0.924,0.5,0.076,0.924,111500.0,896.0
functions.MajorityClass,ArffFileStream -f ./../../../Dataset/benchmarks/GMSC.arff,1,112000.0,0.5,1.1589792039659283E-10,112000.0,0.944,0.5,0.5,0.0,0.0,0.944,0.5,0.056,0.944,112000.0,896.0
functions.MajorityClass,ArffFileStream -f ./../../../Dataset/benchmarks/GMSC.arff,1,112500.0,0.5,1.1589792039659283E-10,112500.0,0.94,0.5,0.5,0.0,0.0,0.94,0.5,0.06,0.94,112500.0,896.0
functions.MajorityClass,ArffFileStream -f ./../../../Dataset/benchmarks/GMSC.arff,1,113000.0,0.5,1.1589792039659283E-10,113000.0,0.932,0.5,0.5,0.0,0.0,0.932,0.5,0.068,0.932,113000.0,896.0
functions.MajorityClass,ArffFileStream -f ./../../../Dataset/benchmarks/GMSC.arff,1,113500.0,0.5,1.1589792039659283E-10,113500.0,0.952,0.5,0.5,0.0,0.0,0.952,0.5,0.048,0.952,113500.0,896.0
functions.MajorityClass,ArffFileStream -f ./../../../Dataset/benchmarks/GMSC.arff,1,114000.0,0.5,1.1589792039659283E-10,114000.0,0.934,0.5,0.5,0.0,0.0,0.934,0.5,0.066,0.934,114000.0,896.0
functions.MajorityClass,ArffFileStream -f ./../../../Dataset/benchmarks/GMSC.arff,1,114500.0,0.5,1.1589792039659283E-10,114500.0,0.942,0.5,0.5,0.0,0.0,0.942,0.5,0.058,0.942,114500.0,896.0
functions.MajorityClass,ArffFileStream -f ./../../../Dataset/benchmarks/GMSC.arff,1,115000.0,0.5,1.1589792039659283E-10,115000.0,0.938,0.5,0.5,0.0,0.0,0.938,0.5,0.062,0.938,115000.0,896.0
functions.MajorityClass,ArffFileStream -f ./../../../Dataset/benchmarks/GMSC.arff,1,115500.0,0.5,1.1589792039659283E-10,115500.0,0.938,0.5,0.5,0.0,0.0,0.938,0.5,0.062,0.938,115500.0,896.0
functions.MajorityClass,ArffFileStream -f ./../../../Dataset/benchmarks/GMSC.arff,1,116000.0,0.5,1.1589792039659283E-10,116000.0,0.93,0.5,0.5,0.0,0.0,0.93,0.5,0.07,0.93,116000.0,896.0
functions.MajorityClass,ArffFileStream -f ./../../../Dataset/benchmarks/GMSC.arff,1,116500.0,0.515625,1.1951973040898635E-10,116500.0,0.938,0.5,0.5,0.0,0.0,0.938,0.5,0.062,0.938,116500.0,896.0
functions.MajorityClass,ArffFileStream -f ./../../../Dataset/benchmarks/GMSC.arff,1,117000.0,0.515625,1.1951973040898635E-10,117000.0,0.92,0.5,0.5,0.0,0.0,0.92,0.5,0.08,0.92,117000.0,896.0
functions.MajorityClass,ArffFileStream -f ./../../../Dataset/benchmarks/GMSC.arff,1,117500.0,0.515625,1.1951973040898635E-10,117500.0,0.942,0.5,0.5,0.0,0.0,0.942,0.5,0.058,0.942,117500.0,896.0
functions.MajorityClass,ArffFileStream -f ./../../../Dataset/benchmarks/GMSC.arff,1,118000.0,0.515625,1.1951973040898635E-10,118000.0,0.92,0.5,0.5,0.0,0.0,0.92,0.5,0.08,0.92,118000.0,896.0
functions.MajorityClass,ArffFileStream -f ./../../../Dataset/benchmarks/GMSC.arff,1,118500.0,0.515625,1.1951973040898635E-10,118500.0,0.944,0.5,0.5,0.0,0.0,0.944,0.5,0.056,0.944,118500.0,896.0
functions.MajorityClass,ArffFileStream -f ./../../../Dataset/benchmarks/GMSC.arff,1,119000.0,0.515625,1.1951973040898635E-10,119000.0,0.932,0.5,0.5,0.0,0.0,0.932,0.5,0.068,0.932,119000.0,896.0
functions.MajorityClass,ArffFileStream -f ./../../../Dataset/benchmarks/GMSC.arff,1,119500.0,0.515625,1.1951973040898635E-10,119500.0,0.916,0.5,0.5,0.0,0.0,0.916,0.5,0.084,0.916,119500.0,896.0
functions.MajorityClass,ArffFileStream -f ./../../../Dataset/benchmarks/GMSC.arff,1,120000.0,0.515625,1.1951973040898635E-10,120000.0,0.934,0.5,0.5,0.0,0.0,0.934,0.5,0.066,0.934,120000.0,896.0
functions.MajorityClass,ArffFileStream -f ./../../../Dataset/benchmarks/GMSC.arff,1,120500.0,0.515625,1.1951973040898635E-10,120500.0,0.94,0.5,0.5,0.0,0.0,0.94,0.5,0.06,0.94,120500.0,896.0
functions.MajorityClass,ArffFileStream -f ./../../../Dataset/benchmarks/GMSC.arff,1,121000.0,0.515625,1.1951973040898635E-10,121000.0,0.93,0.5,0.5,0.0,0.0,0.93,0.5,0.07,0.93,121000.0,896.0
functions.MajorityClass,ArffFileStream -f ./../../../Dataset/benchmarks/GMSC.arff,1,121500.0,0.515625,1.1951973040898635E-10,121500.0,0.92,0.5,0.5,0.0,0.0,0.92,0.5,0.08,0.92,121500.0,896.0
functions.MajorityClass,ArffFileStream -f ./../../../Dataset/benchmarks/GMSC.arff,1,122000.0,0.515625,1.1951973040898635E-10,122000.0,0.952,0.5,0.5,0.0,0.0,0.952,0.5,0.048,0.952,122000.0,896.0
functions.MajorityClass,ArffFileStream -f ./../../../Dataset/benchmarks/GMSC.arff,1,122500.0,0.53125,1.2314154042137988E-10,122500.0,0.944,0.5,0.5,0.0,0.0,0.944,0.5,0.056,0.944,122500.0,896.0
functions.MajorityClass,ArffFileStream -f ./../../../Dataset/benchmarks/GMSC.arff,1,123000.0,0.53125,1.2314154042137988E-10,123000.0,0.936,0.5,0.5,0.0,0.0,0.936,0.5,0.064,0.936,123000.0,896.0
functions.MajorityClass,ArffFileStream -f ./../../../Dataset/benchmarks/GMSC.arff,1,123500.0,0.53125,1.2314154042137988E-10,123500.0,0.934,0.5,0.5,0.0,0.0,0.934,0.5,0.066,0.934,123500.0,896.0
functions.MajorityClass,ArffFileStream -f ./../../../Dataset/benchmarks/GMSC.arff,1,124000.0,0.53125,1.2314154042137988E-10,124000.0,0.932,0.5,0.5,0.0,0.0,0.932,0.5,0.068,0.932,124000.0,896.0
functions.MajorityClass,ArffFileStream -f ./../../../Dataset/benchmarks/GMSC.arff,1,124500.0,0.53125,1.2314154042137988E-10,124500.0,0.946,0.5,0.5,0.0,0.0,0.946,0.5,0.054,0.946,124500.0,896.0
functions.MajorityClass,ArffFileStream -f ./../../../Dataset/benchmarks/GMSC.arff,1,125000.0,0.53125,1.2314154042137988E-10,125000.0,0.942,0.5,0.5,0.0,0.0,0.942,0.5,0.058,0.942,125000.0,896.0
functions.MajorityClass,ArffFileStream -f ./../../../Dataset/benchmarks/GMSC.arff,1,125500.0,0.53125,1.2314154042137988E-10,125500.0,0.942,0.5,0.5,0.0,0.0,0.942,0.5,0.058,0.942,125500.0,896.0
functions.MajorityClass,ArffFileStream -f ./../../../Dataset/benchmarks/GMSC.arff,1,126000.0,0.53125,1.2314154042137988E-10,126000.0,0.932,0.5,0.5,0.0,0.0,0.932,0.5,0.068,0.932,126000.0,896.0
functions.MajorityClass,ArffFileStream -f ./../../../Dataset/benchmarks/GMSC.arff,1,126500.0,0.53125,1.2314154042137988E-10,126500.0,0.918,0.5,0.5,0.0,0.0,0.918,0.5,0.082,0.918,126500.0,896.0
functions.MajorityClass,ArffFileStream -f ./../../../Dataset/benchmarks/GMSC.arff,1,127000.0,0.53125,1.2314154042137988E-10,127000.0,0.908,0.5,0.5,0.0,0.0,0.908,0.5,0.092,0.908,127000.0,896.0
functions.MajorityClass,ArffFileStream -f ./../../../Dataset/benchmarks/GMSC.arff,1,127500.0,0.53125,1.2314154042137988E-10,127500.0,0.92,0.5,0.5,0.0,0.0,0.92,0.5,0.08,0.92,127500.0,896.0
functions.MajorityClass,ArffFileStream -f ./../../../Dataset/benchmarks/GMSC.arff,1,128000.0,0.546875,1.267633504337734E-10,128000.0,0.924,0.5,0.5,0.0,0.0,0.924,0.5,0.076,0.924,128000.0,896.0
functions.MajorityClass,ArffFileStream -f ./../../../Dataset/benchmarks/GMSC.arff,1,128500.0,0.546875,1.267633504337734E-10,128500.0,0.944,0.5,0.5,0.0,0.0,0.944,0.5,0.056,0.944,128500.0,896.0
functions.MajorityClass,ArffFileStream -f ./../../../Dataset/benchmarks/GMSC.arff,1,129000.0,0.546875,1.267633504337734E-10,129000.0,0.942,0.5,0.5,0.0,0.0,0.942,0.5,0.058,0.942,129000.0,896.0
functions.MajorityClass,ArffFileStream -f ./../../../Dataset/benchmarks/GMSC.arff,1,129500.0,0.546875,1.267633504337734E-10,129500.0,0.946,0.5,0.5,0.0,0.0,0.946,0.5,0.054,0.946,129500.0,896.0
functions.MajorityClass,ArffFileStream -f ./../../../Dataset/benchmarks/GMSC.arff,1,130000.0,0.546875,1.267633504337734E-10,130000.0,0.924,0.5,0.5,0.0,0.0,0.924,0.5,0.076,0.924,130000.0,896.0
functions.MajorityClass,ArffFileStream -f ./../../../Dataset/benchmarks/GMSC.arff,1,130500.0,0.546875,1.267633504337734E-10,130500.0,0.934,0.5,0.5,0.0,0.0,0.934,0.5,0.066,0.934,130500.0,896.0
functions.MajorityClass,ArffFileStream -f ./../../../Dataset/benchmarks/GMSC.arff,1,131000.0,0.546875,1.267633504337734E-10,131000.0,0.918,0.5,0.5,0.0,0.0,0.918,0.5,0.082,0.918,131000.0,896.0
functions.MajorityClass,ArffFileStream -f ./../../../Dataset/benchmarks/GMSC.arff,1,131500.0,0.546875,1.267633504337734E-10,131500.0,0.952,0.5,0.5,0.0,0.0,0.952,0.5,0.048,0.952,131500.0,896.0
functions.MajorityClass,ArffFileStream -f ./../../../Dataset/benchmarks/GMSC.arff,1,132000.0,0.546875,1.267633504337734E-10,132000.0,0.942,0.5,0.5,0.0,0.0,0.942,0.5,0.058,0.942,132000.0,896.0
functions.MajorityClass,ArffFileStream -f ./../../../Dataset/benchmarks/GMSC.arff,1,132500.0,0.546875,1.267633504337734E-10,132500.0,0.928,0.5,0.5,0.0,0.0,0.928,0.5,0.072,0.928,132500.0,896.0
functions.MajorityClass,ArffFileStream -f ./../../../Dataset/benchmarks/GMSC.arff,1,133000.0,0.546875,1.267633504337734E-10,133000.0,0.946,0.5,0.5,0.0,0.0,0.946,0.5,0.054,0.946,133000.0,896.0
functions.MajorityClass,ArffFileStream -f ./../../../Dataset/benchmarks/GMSC.arff,1,133500.0,0.546875,1.267633504337734E-10,133500.0,0.946,0.5,0.5,0.0,0.0,0.946,0.5,0.054,0.946,133500.0,896.0
functions.MajorityClass,ArffFileStream -f ./../../../Dataset/benchmarks/GMSC.arff,1,134000.0,0.5625,1.3038516044616693E-10,134000.0,0.942,0.5,0.5,0.0,0.0,0.942,0.5,0.058,0.942,134000.0,896.0
functions.MajorityClass,ArffFileStream -f ./../../../Dataset/benchmarks/GMSC.arff,1,134500.0,0.5625,1.3038516044616693E-10,134500.0,0.93,0.5,0.5,0.0,0.0,0.93,0.5,0.07,0.93,134500.0,896.0
functions.MajorityClass,ArffFileStream -f ./../../../Dataset/benchmarks/GMSC.arff,1,135000.0,0.5625,1.3038516044616693E-10,135000.0,0.92,0.5,0.5,0.0,0.0,0.92,0.5,0.08,0.92,135000.0,896.0
functions.MajorityClass,ArffFileStream -f ./../../../Dataset/benchmarks/GMSC.arff,1,135500.0,0.5625,1.3038516044616693E-10,135500.0,0.932,0.5,0.5,0.0,0.0,0.932,0.5,0.068,0.932,135500.0,896.0
functions.MajorityClass,ArffFileStream -f ./../../../Dataset/benchmarks/GMSC.arff,1,136000.0,0.5625,1.3038516044616693E-10,136000.0,0.936,0.5,0.5,0.0,0.0,0.936,0.5,0.064,0.936,136000.0,896.0
functions.MajorityClass,ArffFileStream -f ./../../../Dataset/benchmarks/GMSC.arff,1,136500.0,0.5625,1.3038516044616693E-10,136500.0,0.94,0.5,0.5,0.0,0.0,0.94,0.5,0.06,0.94,136500.0,896.0
functions.MajorityClass,ArffFileStream -f ./../../../Dataset/benchmarks/GMSC.arff,1,137000.0,0.5625,1.3038516044616693E-10,137000.0,0.918,0.5,0.5,0.0,0.0,0.918,0.5,0.082,0.918,137000.0,896.0
functions.MajorityClass,ArffFileStream -f ./../../../Dataset/benchmarks/GMSC.arff,1,137500.0,0.5625,1.3038516044616693E-10,137500.0,0.932,0.5,0.5,0.0,0.0,0.932,0.5,0.068,0.932,137500.0,896.0
functions.MajorityClass,ArffFileStream -f ./../../../Dataset/benchmarks/GMSC.arff,1,138000.0,0.5625,1.3038516044616693E-10,138000.0,0.94,0.5,0.5,0.0,0.0,0.94,0.5,0.06,0.94,138000.0,896.0
functions.MajorityClass,ArffFileStream -f ./../../../Dataset/benchmarks/GMSC.arff,1,138500.0,0.5625,1.3038516044616693E-10,138500.0,0.92,0.5,0.5,0.0,0.0,0.92,0.5,0.08,0.92,138500.0,896.0
functions.MajorityClass,ArffFileStream -f ./../../../Dataset/benchmarks/GMSC.arff,1,139000.0,0.5625,1.3038516044616693E-10,139000.0,0.936,0.5,0.5,0.0,0.0,0.936,0.5,0.064,0.936,139000.0,896.0
functions.MajorityClass,ArffFileStream -f ./../../../Dataset/benchmarks/GMSC.arff,1,139500.0,0.5625,1.3038516044616693E-10,139500.0,0.92,0.5,0.5,0.0,0.0,0.92,0.5,0.08,0.92,139500.0,896.0
functions.MajorityClass,ArffFileStream -f ./../../../Dataset/benchmarks/GMSC.arff,1,140000.0,0.578125,1.3400697045856045E-10,140000.0,0.948,0.5,0.5,0.0,0.0,0.948,0.5,0.052,0.948,140000.0,896.0
functions.MajorityClass,ArffFileStream -f ./../../../Dataset/benchmarks/GMSC.arff,1,140500.0,0.578125,1.3400697045856045E-10,140500.0,0.926,0.5,0.5,0.0,0.0,0.926,0.5,0.074,0.926,140500.0,896.0
functions.MajorityClass,ArffFileStream -f ./../../../Dataset/benchmarks/GMSC.arff,1,141000.0,0.578125,1.3400697045856045E-10,141000.0,0.918,0.5,0.5,0.0,0.0,0.918,0.5,0.082,0.918,141000.0,896.0
functions.MajorityClass,ArffFileStream -f ./../../../Dataset/benchmarks/GMSC.arff,1,141500.0,0.578125,1.3400697045856045E-10,141500.0,0.922,0.5,0.5,0.0,0.0,0.922,0.5,0.078,0.922,141500.0,896.0
functions.MajorityClass,ArffFileStream -f ./../../../Dataset/benchmarks/GMSC.arff,1,142000.0,0.578125,1.3400697045856045E-10,142000.0,0.926,0.5,0.5,0.0,0.0,0.926,0.5,0.074,0.926,142000.0,896.0
functions.MajorityClass,ArffFileStream -f ./../../../Dataset/benchmarks/GMSC.arff,1,142500.0,0.578125,1.3400697045856045E-10,142500.0,0.94,0.5,0.5,0.0,0.0,0.94,0.5,0.06,0.94,142500.0,896.0
functions.MajorityClass,ArffFileStream -f ./../../../Dataset/benchmarks/GMSC.arff,1,143000.0,0.578125,1.3400697045856045E-10,143000.0,0.926,0.5,0.5,0.0,0.0,0.926,0.5,0.074,0.926,143000.0,896.0
functions.MajorityClass,ArffFileStream -f ./../../../Dataset/benchmarks/GMSC.arff,1,143500.0,0.578125,1.3400697045856045E-10,143500.0,0.944,0.5,0.5,0.0,0.0,0.944,0.5,0.056,0.944,143500.0,896.0
functions.MajorityClass,ArffFileStream -f ./../../../Dataset/benchmarks/GMSC.arff,1,144000.0,0.578125,1.3400697045856045E-10,144000.0,0.922,0.5,0.5,0.0,0.0,0.922,0.5,0.078,0.922,144000.0,896.0
functions.MajorityClass,ArffFileStream -f ./../../../Dataset/benchmarks/GMSC.arff,1,144500.0,0.578125,1.3400697045856045E-10,144500.0,0.912,0.5,0.5,0.0,0.0,0.912,0.5,0.088,0.912,144500.0,896.0
functions.MajorityClass,ArffFileStream -f ./../../../Dataset/benchmarks/GMSC.arff,1,145000.0,0.578125,1.3400697045856045E-10,145000.0,0.93,0.5,0.5,0.0,0.0,0.93,0.5,0.07,0.93,145000.0,896.0
functions.MajorityClass,ArffFileStream -f ./../../../Dataset/benchmarks/GMSC.arff,1,145500.0,0.578125,1.3400697045856045E-10,145500.0,0.934,0.5,0.5,0.0,0.0,0.934,0.5,0.066,0.934,145500.0,896.0
functions.MajorityClass,ArffFileStream -f ./../../../Dataset/benchmarks/GMSC.arff,1,146000.0,0.59375,1.3762878047095398E-10,146000.0,0.934,0.5,0.5,0.0,0.0,0.934,0.5,0.066,0.934,146000.0,896.0
functions.MajorityClass,ArffFileStream -f ./../../../Dataset/benchmarks/GMSC.arff,1,146500.0,0.59375,1.3762878047095398E-10,146500.0,0.94,0.5,0.5,0.0,0.0,0.94,0.5,0.06,0.94,146500.0,896.0
functions.MajorityClass,ArffFileStream -f ./../../../Dataset/benchmarks/GMSC.arff,1,147000.0,0.59375,1.3762878047095398E-10,147000.0,0.926,0.5,0.5,0.0,0.0,0.926,0.5,0.074,0.926,147000.0,896.0
functions.MajorityClass,ArffFileStream -f ./../../../Dataset/benchmarks/GMSC.arff,1,147500.0,0.59375,1.3762878047095398E-10,147500.0,0.928,0.5,0.5,0.0,0.0,0.928,0.5,0.072,0.928,147500.0,896.0
functions.MajorityClass,ArffFileStream -f ./../../../Dataset/benchmarks/GMSC.arff,1,148000.0,0.59375,1.3762878047095398E-10,148000.0,0.934,0.5,0.5,0.0,0.0,0.934,0.5,0.066,0.934,148000.0,896.0
functions.MajorityClass,ArffFileStream -f ./../../../Dataset/benchmarks/GMSC.arff,1,148500.0,0.59375,1.3762878047095398E-10,148500.0,0.922,0.5,0.5,0.0,0.0,0.922,0.5,0.078,0.922,148500.0,896.0
functions.MajorityClass,ArffFileStream -f ./../../../Dataset/benchmarks/GMSC.arff,1,149000.0,0.59375,1.3762878047095398E-10,149000.0,0.932,0.5,0.5,0.0,0.0,0.932,0.5,0.068,0.932,149000.0,896.0
functions.MajorityClass,ArffFileStream -f ./../../../Dataset/benchmarks/GMSC.arff,1,149500.0,0.59375,1.3762878047095398E-10,149500.0,0.91,0.5,0.5,0.0,0.0,0.91,0.5,0.09,0.91,149500.0,896.0
functions.MajorityClass,ArffFileStream -f ./../../../Dataset/benchmarks/GMSC.arff,1,150000.0,0.59375,1.3762878047095398E-10,150000.0,0.93,0.5,0.5,0.0,0.0,0.93,0.5,0.07,0.93,150000.0,896.0
