Learner,stream,randomSeed,learning evaluation instances,evaluation time (cpu seconds),model cost (RAM-Hours),classified instances,Accuracy,AvgAccuracy,AUC,Kappa,G-Mean,Precision,Recall,Ratio-Class-0,Ratio-Class-1,Ratio-Class-2,Ratio-Class-3,Ratio-Class-4,Ratio-Class-5,Ratio-Class-6,Ratio-Class-7,Ratio-Class-8,Ratio-Class-9,model training instances,model serialized size (bytes)
meta.imbalanced.OnlineUnderOverBagging -l (trees.HoeffdingTree -e 2000000 -g 100 -c 0.01),ArffFileStream -f ./../../../Dataset/benchmarks/penbased.arff,1,500.0,0.34375,2.8314793275462257E-10,500.0,0.79,0.7921969358355535,0.9730038044696709,0.7666407378597622,0.7902796669184043,0.8102286313830541,0.7921969358355535,0.11,0.092,0.1,0.096,0.104,0.116,0.098,0.104,0.094,0.086,500.0,3184.0
meta.imbalanced.OnlineUnderOverBagging -l (trees.HoeffdingTree -e 2000000 -g 100 -c 0.01),ArffFileStream -f ./../../../Dataset/benchmarks/penbased.arff,1,1000.0,0.65625,5.40555144349734E-10,1000.0,0.866,0.8628906320486343,0.9829159114039319,0.8507422786975816,0.8567967583835631,0.8749963351775666,0.8628906320486343,0.084,0.102,0.124,0.114,0.106,0.106,0.1,0.07,0.104,0.09,1000.0,3184.0
meta.imbalanced.OnlineUnderOverBagging -l (trees.HoeffdingTree -e 2000000 -g 100 -c 0.01),ArffFileStream -f ./../../../Dataset/benchmarks/penbased.arff,1,1500.0,0.859375,7.078698318865564E-10,1500.0,0.868,0.8628924687002296,0.9828479312419725,0.8529136469392667,0.8582855074976258,0.8815905835073566,0.8628924687002296,0.108,0.11,0.1,0.078,0.096,0.076,0.112,0.118,0.114,0.088,1500.0,3184.0
meta.imbalanced.OnlineUnderOverBagging -l (trees.HoeffdingTree -e 2000000 -g 100 -c 0.01),ArffFileStream -f ./../../../Dataset/benchmarks/penbased.arff,1,2000.0,1.0625,8.751845194233789E-10,2000.0,0.912,0.9132017516486236,0.989912484626954,0.9019087662352139,0.9123182587046862,0.9213067051746296,0.9132017516486236,0.11,0.104,0.108,0.112,0.106,0.108,0.066,0.072,0.114,0.1,2000.0,3184.0
meta.imbalanced.OnlineUnderOverBagging -l (trees.HoeffdingTree -e 2000000 -g 100 -c 0.01),ArffFileStream -f ./../../../Dataset/benchmarks/penbased.arff,1,2500.0,1.21875,1.0038881252209345E-9,2500.0,0.904,0.9046910348489489,0.9890415934428023,0.8931818889892781,0.9035215758847938,0.9103614039367972,0.9046910348489489,0.094,0.096,0.114,0.102,0.108,0.098,0.086,0.13,0.084,0.088,2500.0,3184.0
meta.imbalanced.OnlineUnderOverBagging -l (trees.HoeffdingTree -e 2000000 -g 100 -c 0.01),ArffFileStream -f ./../../../Dataset/benchmarks/penbased.arff,1,3000.0,1.40625,1.1583324521780013E-9,3000.0,0.886,0.8863236462193866,0.9865189742262374,0.8732916603682989,0.8849092331544995,0.8906105982349757,0.8863236462193866,0.106,0.106,0.088,0.096,0.118,0.102,0.106,0.092,0.09,0.096,3000.0,3184.0
meta.imbalanced.OnlineUnderOverBagging -l (trees.HoeffdingTree -e 2000000 -g 100 -c 0.01),ArffFileStream -f ./../../../Dataset/benchmarks/penbased.arff,1,3500.0,1.5625,1.287036057975557E-9,3500.0,0.894,0.8905360740310106,0.9869493220997517,0.882021921662556,0.887666537745669,0.9042860982342635,0.8905360740310106,0.106,0.112,0.102,0.11,0.112,0.076,0.1,0.104,0.082,0.096,3500.0,3184.0
meta.imbalanced.OnlineUnderOverBagging -l (trees.HoeffdingTree -e 2000000 -g 100 -c 0.01),ArffFileStream -f ./../../../Dataset/benchmarks/penbased.arff,1,4000.0,1.734375,1.4286100243528684E-9,4000.0,0.902,0.8959212118013886,0.9872719243790148,0.8906903905699269,0.8924227664803056,0.9074210987168978,0.8959212118013886,0.104,0.102,0.126,0.088,0.092,0.068,0.088,0.124,0.092,0.116,4000.0,3184.0
meta.imbalanced.OnlineUnderOverBagging -l (trees.HoeffdingTree -e 2000000 -g 100 -c 0.01),ArffFileStream -f ./../../../Dataset/benchmarks/penbased.arff,1,4500.0,1.875,1.5444432695706684E-9,4500.0,0.864,0.8709041988635802,0.9831880488958709,0.8487712665406427,0.8601429403439148,0.8730902076489933,0.8709041988635802,0.084,0.114,0.116,0.086,0.1,0.116,0.092,0.104,0.086,0.102,4500.0,3184.0
meta.imbalanced.OnlineUnderOverBagging -l (trees.HoeffdingTree -e 2000000 -g 100 -c 0.01),ArffFileStream -f ./../../../Dataset/benchmarks/penbased.arff,1,5000.0,2.046875,1.6860172359479797E-9,5000.0,0.854,0.8462480529743015,0.9782522670371477,0.8375416716739439,0.8284643265075977,0.8480836315155251,0.8462480529743015,0.132,0.086,0.094,0.094,0.116,0.084,0.118,0.098,0.086,0.092,5000.0,3184.0
meta.imbalanced.OnlineUnderOverBagging -l (trees.HoeffdingTree -e 2000000 -g 100 -c 0.01),ArffFileStream -f ./../../../Dataset/benchmarks/penbased.arff,1,5500.0,2.234375,1.8404615629050465E-9,5500.0,0.852,0.8582088226836639,0.9811993170671616,0.8354619516880715,0.8481719735197937,0.8643080714476115,0.8582088226836639,0.108,0.114,0.082,0.08,0.106,0.118,0.096,0.106,0.098,0.092,5500.0,3184.0
meta.imbalanced.OnlineUnderOverBagging -l (trees.HoeffdingTree -e 2000000 -g 100 -c 0.01),ArffFileStream -f ./../../../Dataset/benchmarks/penbased.arff,1,6000.0,2.390625,1.9691651687026023E-9,6000.0,0.914,0.9109830899454276,0.9891627731396476,0.9041842514561765,0.9081394468763407,0.9222129155251368,0.9109830899454276,0.102,0.114,0.094,0.104,0.13,0.088,0.078,0.094,0.096,0.1,6000.0,3184.0
meta.imbalanced.OnlineUnderOverBagging -l (trees.HoeffdingTree -e 2000000 -g 100 -c 0.01),ArffFileStream -f ./../../../Dataset/benchmarks/penbased.arff,1,6500.0,2.5625,2.1107391350799136E-9,6500.0,0.894,0.8942498360133531,0.9870522598726091,0.8819767338285857,0.8896288047827846,0.8998377832709602,0.8942498360133531,0.092,0.086,0.13,0.08,0.088,0.102,0.106,0.114,0.098,0.104,6500.0,3184.0
meta.imbalanced.OnlineUnderOverBagging -l (trees.HoeffdingTree -e 2000000 -g 100 -c 0.01),ArffFileStream -f ./../../../Dataset/benchmarks/penbased.arff,1,7000.0,2.71875,2.239442740877469E-9,7000.0,0.852,0.8551600893707129,0.9827885022336541,0.83528029061899,0.8518082279178,0.8703207291816222,0.8551600893707129,0.124,0.114,0.092,0.102,0.102,0.076,0.096,0.12,0.094,0.08,7000.0,3184.0
meta.imbalanced.OnlineUnderOverBagging -l (trees.HoeffdingTree -e 2000000 -g 100 -c 0.01),ArffFileStream -f ./../../../Dataset/benchmarks/penbased.arff,1,7500.0,2.875,2.3681463466750247E-9,7500.0,0.87,0.8667946425930175,0.9841519263551012,0.8552686658888285,0.8606089028302462,0.8691971934561943,0.8667946425930175,0.102,0.086,0.082,0.078,0.106,0.108,0.108,0.138,0.098,0.094,7500.0,3184.0
meta.imbalanced.OnlineUnderOverBagging -l (trees.HoeffdingTree -e 2000000 -g 100 -c 0.01),ArffFileStream -f ./../../../Dataset/benchmarks/penbased.arff,1,8000.0,3.03125,2.4968499524725803E-9,8000.0,0.894,0.8991551239712751,0.9881670648110928,0.8818241007482988,0.8936801841612171,0.9090225108545184,0.8991551239712751,0.096,0.12,0.128,0.106,0.092,0.092,0.084,0.096,0.11,0.076,8000.0,3184.0
meta.imbalanced.OnlineUnderOverBagging -l (trees.HoeffdingTree -e 2000000 -g 100 -c 0.01),ArffFileStream -f ./../../../Dataset/benchmarks/penbased.arff,1,8500.0,3.1875,2.625553558270136E-9,8500.0,0.876,0.8784533997134616,0.9856257772024019,0.8621677018909703,0.873018195834247,0.8838813043847681,0.8784533997134616,0.102,0.112,0.1,0.096,0.114,0.096,0.104,0.096,0.09,0.09,8500.0,3184.0
meta.imbalanced.OnlineUnderOverBagging -l (trees.HoeffdingTree -e 2000000 -g 100 -c 0.01),ArffFileStream -f ./../../../Dataset/benchmarks/penbased.arff,1,9000.0,3.34375,2.7542571640676914E-9,9000.0,0.884,0.8827311527158074,0.9866568531674931,0.8710188179097043,0.8784344232170984,0.886063446969189,0.8827311527158074,0.12,0.09,0.1,0.092,0.102,0.108,0.102,0.092,0.084,0.11,9000.0,3184.0
meta.imbalanced.OnlineUnderOverBagging -l (trees.HoeffdingTree -e 2000000 -g 100 -c 0.01),ArffFileStream -f ./../../../Dataset/benchmarks/penbased.arff,1,9500.0,3.484375,2.8700904092854917E-9,9500.0,0.904,0.902961459734545,0.9890044485260159,0.8932735665305904,0.8992786257403868,0.9073229664984401,0.902961459734545,0.098,0.102,0.088,0.102,0.092,0.098,0.1,0.102,0.096,0.122,9500.0,3184.0
meta.imbalanced.OnlineUnderOverBagging -l (trees.HoeffdingTree -e 2000000 -g 100 -c 0.01),ArffFileStream -f ./../../../Dataset/benchmarks/penbased.arff,1,10000.0,3.640625,2.9987940150830472E-9,10000.0,0.894,0.8995984878966021,0.9879225054778036,0.8818736181442123,0.8959684497301545,0.906248552268703,0.8995984878966021,0.112,0.124,0.114,0.094,0.084,0.088,0.08,0.1,0.118,0.086,10000.0,3184.0
meta.imbalanced.OnlineUnderOverBagging -l (trees.HoeffdingTree -e 2000000 -g 100 -c 0.01),ArffFileStream -f ./../../../Dataset/benchmarks/penbased.arff,1,10500.0,3.78125,3.1146272603008475E-9,10500.0,0.908,0.908785544228327,0.9894152991066436,0.897529571629057,0.9075460667537031,0.9221262824368109,0.908785544228327,0.108,0.116,0.092,0.084,0.078,0.098,0.098,0.102,0.104,0.12,10500.0,3184.0
meta.imbalanced.OnlineUnderOverBagging -l (trees.HoeffdingTree -e 2000000 -g 100 -c 0.01),ArffFileStream -f ./../../../Dataset/benchmarks/penbased.arff,1,10992.0,3.9375,3.243330866098403E-9,10992.0,0.88,0.87773166816528,0.9858682636907489,0.866348278565828,0.8762222904481262,0.8845424787913047,0.87773166816528,0.086,0.084,0.118,0.12,0.136,0.088,0.096,0.11,0.078,0.084,10992.0,3184.0
