Learner,stream,randomSeed,learning evaluation instances,evaluation time (cpu seconds),model cost (RAM-Hours),classified instances,Accuracy,AvgAccuracy,AUC,Kappa,G-Mean,Precision,Recall,Ratio-Class-0,Ratio-Class-1,Ratio-Class-2,Ratio-Class-3,Ratio-Class-4,Ratio-Class-5,model training instances,model serialized size (bytes)
meta.imbalanced.OnlineRUSBoost -l (trees.HoeffdingTree -e 2000000 -g 100 -c 0.01),ArffFileStream -f ./../../../Dataset/benchmarks/gas-sensor.arff,1,500.0,2.3125,4.747675524817573E-9,500.0,0.766,0.7192174267312259,0.9356808140553057,0.7076227984246617,0.6982206246654665,0.7886026450521162,0.7192174267312259,0.29,0.196,0.166,0.06,0.14,0.148,500.0,7936.0
meta.imbalanced.OnlineRUSBoost -l (trees.HoeffdingTree -e 2000000 -g 100 -c 0.01),ArffFileStream -f ./../../../Dataset/benchmarks/gas-sensor.arff,1,1000.0,4.671875,9.591587715678745E-9,1000.0,0.682,0.6038580002032824,0.9108848862014993,0.4832360473732791,0.0,0.5090499324298882,0.6038580002032824,0.218,0.668,0.082,0.008,0.014,0.01,1000.0,7936.0
meta.imbalanced.OnlineRUSBoost -l (trees.HoeffdingTree -e 2000000 -g 100 -c 0.01),ArffFileStream -f ./../../../Dataset/benchmarks/gas-sensor.arff,1,1500.0,6.90625,1.4178868797090318E-8,1500.0,0.832,0.692830239440409,0.9664128641378164,0.6844691192932109,0.8110568459506896,0.5704545454545455,0.692830239440409,0.0,0.0,0.118,0.21,0.672,0.0,1500.0,7936.0
meta.imbalanced.OnlineRUSBoost -l (trees.HoeffdingTree -e 2000000 -g 100 -c 0.01),ArffFileStream -f ./../../../Dataset/benchmarks/gas-sensor.arff,1,2000.0,8.53125,1.7515073219935098E-8,2000.0,0.918,0.9122901036084315,0.9940517550097254,0.8382604716482441,0.9697579447592378,0.4953523388877735,0.9122901036084315,0.622,0.0,0.0,0.0,0.378,0.0,2000.0,7936.0
meta.imbalanced.OnlineRUSBoost -l (trees.HoeffdingTree -e 2000000 -g 100 -c 0.01),ArffFileStream -f ./../../../Dataset/benchmarks/gas-sensor.arff,1,2500.0,9.859375,2.024177875783708E-8,2500.0,0.938,0.9656319290465631,0.9977087952697709,0.7264384045181786,0.9882013846664247,0.80625,0.9656319290465631,0.098,0.902,0.0,0.0,0.0,0.0,2500.0,7936.0
meta.imbalanced.OnlineRUSBoost -l (trees.HoeffdingTree -e 2000000 -g 100 -c 0.01),ArffFileStream -f ./../../../Dataset/benchmarks/gas-sensor.arff,1,3000.0,11.265625,2.3128878739145066E-8,3000.0,0.96,0.9135238603988605,0.9884207145723938,0.9313658201784488,0.9396442725208205,0.8089620322764446,0.9135238603988605,0.01,0.078,0.432,0.48,0.0,0.0,3000.0,7936.0
meta.imbalanced.OnlineRUSBoost -l (trees.HoeffdingTree -e 2000000 -g 100 -c 0.01),ArffFileStream -f ./../../../Dataset/benchmarks/gas-sensor.arff,1,3500.0,12.8125,2.6304688718583848E-8,3500.0,0.854,0.8467193437639228,0.9742011983766153,0.7700700498916494,0.8616979769642347,0.8333714191081839,0.8467193437639228,0.184,0.158,0.024,0.06,0.574,0.0,3500.0,7936.0
meta.imbalanced.OnlineRUSBoost -l (trees.HoeffdingTree -e 2000000 -g 100 -c 0.01),ArffFileStream -f ./../../../Dataset/benchmarks/gas-sensor.arff,1,4000.0,14.390625,2.954465647538503E-8,4000.0,0.962,0.9236853002070393,0.9863616805990129,0.9413565767055977,0.9321225337553646,0.9042376405461601,0.9236853002070393,0.528,0.214,0.04,0.092,0.126,0.0,4000.0,7936.0
meta.imbalanced.OnlineRUSBoost -l (trees.HoeffdingTree -e 2000000 -g 100 -c 0.01),ArffFileStream -f ./../../../Dataset/benchmarks/gas-sensor.arff,1,4500.0,16.765625,3.44206475549274E-8,4500.0,0.916,0.7699274145394835,0.9205042101019756,0.8833099953323998,0.0,0.901727884245363,0.7699274145394835,0.384,0.04,0.22,0.058,0.28,0.018,4500.0,7936.0
meta.imbalanced.OnlineRUSBoost -l (trees.HoeffdingTree -e 2000000 -g 100 -c 0.01),ArffFileStream -f ./../../../Dataset/benchmarks/gas-sensor.arff,1,5000.0,18.0625,3.708319531546699E-8,5000.0,0.988,0.9932126696832579,0.9995475113122172,0.9440047782589219,0.997724652747808,0.953125,0.9932126696832579,0.116,0.884,0.0,0.0,0.0,0.0,5000.0,7936.0
meta.imbalanced.OnlineRUSBoost -l (trees.HoeffdingTree -e 2000000 -g 100 -c 0.01),ArffFileStream -f ./../../../Dataset/benchmarks/gas-sensor.arff,1,5500.0,19.796875,4.0643951959080164E-8,5500.0,0.9,0.8254363376251789,0.9810356907766287,0.4550171124626687,0.8947567792282063,0.644279176201373,0.8254363376251789,0.0,0.018,0.0,0.0,0.932,0.05,5500.0,7936.0
meta.imbalanced.OnlineRUSBoost -l (trees.HoeffdingTree -e 2000000 -g 100 -c 0.01),ArffFileStream -f ./../../../Dataset/benchmarks/gas-sensor.arff,1,6000.0,21.359375,4.3851840827200144E-8,6000.0,0.958,0.8128691026064004,0.9772935920171032,0.8236153807387996,0.885578177428535,0.6650557297109021,0.8128691026064004,0.07,0.064,0.0,0.0,0.0,0.866,6000.0,7936.0
meta.imbalanced.OnlineRUSBoost -l (trees.HoeffdingTree -e 2000000 -g 100 -c 0.01),ArffFileStream -f ./../../../Dataset/benchmarks/gas-sensor.arff,1,6500.0,22.71875,4.664270414246453E-8,6500.0,0.846,0.8405373363879588,0.989368158083781,0.6889265947561912,0.9385427677617108,0.5893694538633576,0.8405373363879588,0.518,0.482,0.0,0.0,0.0,0.0,6500.0,7936.0
meta.imbalanced.OnlineRUSBoost -l (trees.HoeffdingTree -e 2000000 -g 100 -c 0.01),ArffFileStream -f ./../../../Dataset/benchmarks/gas-sensor.arff,1,7000.0,26.671875,5.4758662978808085E-8,7000.0,0.826,0.7895613037076696,0.9706340984292399,0.6905236198064884,0.8361462062570602,0.5052177234530176,0.7895613037076696,0.01,0.012,0.0,0.482,0.496,0.0,7000.0,7936.0
meta.imbalanced.OnlineRUSBoost -l (trees.HoeffdingTree -e 2000000 -g 100 -c 0.01),ArffFileStream -f ./../../../Dataset/benchmarks/gas-sensor.arff,1,7500.0,29.171875,5.989128516780005E-8,7500.0,0.934,0.9060379284564067,0.9856520287737882,0.9043300786232809,0.9293743385725526,0.7438575575861412,0.9060379284564067,0.0,0.0,0.322,0.118,0.128,0.432,7500.0,7936.0
meta.imbalanced.OnlineRUSBoost -l (trees.HoeffdingTree -e 2000000 -g 100 -c 0.01),ArffFileStream -f ./../../../Dataset/benchmarks/gas-sensor.arff,1,8000.0,30.71875,6.306709514723883E-8,8000.0,0.982,0.9827837682971298,0.998278376829713,0.9713618399699617,0.9912640743455904,0.983885634812378,0.9827837682971298,0.474,0.0,0.324,0.0,0.0,0.202,8000.0,7936.0
meta.imbalanced.OnlineRUSBoost -l (trees.HoeffdingTree -e 2000000 -g 100 -c 0.01),ArffFileStream -f ./../../../Dataset/benchmarks/gas-sensor.arff,1,8500.0,33.109375,6.79751651154624E-8,8500.0,0.86,0.890904501216545,0.9794729069521584,0.8146687070759487,0.9009325810133826,0.8981373611696476,0.890904501216545,0.226,0.0,0.064,0.1,0.336,0.274,8500.0,7936.0
meta.imbalanced.OnlineRUSBoost -l (trees.HoeffdingTree -e 2000000 -g 100 -c 0.01),ArffFileStream -f ./../../../Dataset/benchmarks/gas-sensor.arff,1,9000.0,36.5,7.493628395928276E-8,9000.0,0.75,0.7614089459185154,0.9619378968241032,0.6845505476202494,0.8182015451470581,0.7326235121937357,0.7614089459185154,0.0,0.242,0.0,0.242,0.288,0.228,9000.0,7936.0
meta.imbalanced.OnlineRUSBoost -l (trees.HoeffdingTree -e 2000000 -g 100 -c 0.01),ArffFileStream -f ./../../../Dataset/benchmarks/gas-sensor.arff,1,9500.0,38.90625,7.987643281618753E-8,9500.0,0.796,0.7924594785059902,0.9844977536777205,0.6477803254233543,0.9223607183650028,0.3841897233201581,0.7924594785059902,0.0,0.484,0.0,0.516,0.0,0.0,9500.0,7936.0
meta.imbalanced.OnlineRUSBoost -l (trees.HoeffdingTree -e 2000000 -g 100 -c 0.01),ArffFileStream -f ./../../../Dataset/benchmarks/gas-sensor.arff,1,10000.0,42.28125,8.680547277132668E-8,10000.0,0.866,0.8105925599760604,0.957199252005063,0.826866227027474,0.7963858126535468,0.8213554230949689,0.8105925599760604,0.182,0.19,0.09,0.146,0.354,0.038,10000.0,7936.0
meta.imbalanced.OnlineRUSBoost -l (trees.HoeffdingTree -e 2000000 -g 100 -c 0.01),ArffFileStream -f ./../../../Dataset/benchmarks/gas-sensor.arff,1,10500.0,44.546875,9.145691163010065E-8,10500.0,0.85,0.8235547138047137,0.9651899780610926,0.8061915344462246,0.8445492209915519,0.751807078578628,0.8235547138047137,0.0,0.09,0.32,0.22,0.1,0.27,10500.0,7936.0
meta.imbalanced.OnlineRUSBoost -l (trees.HoeffdingTree -e 2000000 -g 100 -c 0.01),ArffFileStream -f ./../../../Dataset/benchmarks/gas-sensor.arff,1,11000.0,47.34375,9.719903270403542E-8,11000.0,0.798,0.7987179487179488,0.9681291004509452,0.7378257709479805,0.8553151391429992,0.7114215201246489,0.7987179487179488,0.0,0.26,0.24,0.24,0.0,0.26,11000.0,7936.0
meta.imbalanced.OnlineRUSBoost -l (trees.HoeffdingTree -e 2000000 -g 100 -c 0.01),ArffFileStream -f ./../../../Dataset/benchmarks/gas-sensor.arff,1,11500.0,49.65625,1.01946708228853E-7,11500.0,0.86,0.8963809523809524,0.9889701412790561,0.7754971135343168,0.9446359385224253,0.6497461450840125,0.8963809523809524,0.35,0.5,0.0,0.0,0.0,0.15,11500.0,7936.0
meta.imbalanced.OnlineRUSBoost -l (trees.HoeffdingTree -e 2000000 -g 100 -c 0.01),ArffFileStream -f ./../../../Dataset/benchmarks/gas-sensor.arff,1,12000.0,52.359375,1.0749635597070057E-7,12000.0,0.758,0.7329122807017544,0.9600251131504705,0.653016746960312,0.7980029288675194,0.6466733999177048,0.7329122807017544,0.38,0.25,0.0,0.0,0.25,0.12,12000.0,7936.0
meta.imbalanced.OnlineRUSBoost -l (trees.HoeffdingTree -e 2000000 -g 100 -c 0.01),ArffFileStream -f ./../../../Dataset/benchmarks/gas-sensor.arff,1,12500.0,54.671875,1.1224403149551814E-7,12500.0,0.696,0.6975623100303951,0.9407746990305133,0.5389608420030938,0.7271196403779472,0.7741024578845622,0.6975623100303951,0.35,0.0,0.03,0.12,0.47,0.03,12500.0,7936.0
meta.imbalanced.OnlineRUSBoost -l (trees.HoeffdingTree -e 2000000 -g 100 -c 0.01),ArffFileStream -f ./../../../Dataset/benchmarks/gas-sensor.arff,1,13000.0,56.9375,1.1689547035429211E-7,13000.0,0.82,0.7707498057498056,0.9471690925910111,0.7686613201727329,0.7370369355254786,0.8242270130653645,0.7707498057498056,0.12,0.12,0.26,0.05,0.12,0.33,13000.0,7936.0
meta.imbalanced.OnlineRUSBoost -l (trees.HoeffdingTree -e 2000000 -g 100 -c 0.01),ArffFileStream -f ./../../../Dataset/benchmarks/gas-sensor.arff,1,13500.0,58.875,1.2087325255076087E-7,13500.0,0.808,0.8238641765704585,0.9798943256128504,0.7083042143964025,0.9034760954619797,0.5128194993412385,0.8238641765704585,0.0,0.0,0.5,0.31,0.0,0.19,13500.0,7936.0
meta.imbalanced.OnlineRUSBoost -l (trees.HoeffdingTree -e 2000000 -g 100 -c 0.01),ArffFileStream -f ./../../../Dataset/benchmarks/gas-sensor.arff,1,13910.0,60.796875,1.2481895585854846E-7,13910.0,0.682,0.700595238095238,0.9509338665572477,0.5775096986767285,0.7751803383488576,0.6671967545638945,0.700595238095238,0.0,0.0,0.14,0.36,0.36,0.14,13910.0,7936.0
