Learner,stream,randomSeed,learning evaluation instances,evaluation time (cpu seconds),model cost (RAM-Hours),classified instances,Accuracy,AvgAccuracy,AUC,Kappa,G-Mean,Precision,Recall,Ratio-Class-0,Ratio-Class-1,model training instances,model serialized size (bytes)
meta.imbalanced.CSMOTE -l (trees.HoeffdingTree -e 2000000 -g 100 -c 0.01),ArffFileStream -f ./../../../Dataset/benchmarks/nomao.arff,1,500.0,0.125,4.729049073325263E-10,500.0,0.974,0.49795501022494887,0.49795501022494887,-0.006815365551425031,0.0,0.48895582329317266,0.49795501022494887,0.022,0.978,500.0,14624.0
meta.imbalanced.CSMOTE -l (trees.HoeffdingTree -e 2000000 -g 100 -c 0.01),ArffFileStream -f ./../../../Dataset/benchmarks/nomao.arff,1,1000.0,0.1875,7.149194263749652E-10,1000.0,1.0,1.0,1.0,1.0,1.0,1.0,1.0,0.0,1.0,1000.0,14968.0
meta.imbalanced.CSMOTE -l (trees.HoeffdingTree -e 2000000 -g 100 -c 0.01),ArffFileStream -f ./../../../Dataset/benchmarks/nomao.arff,1,1500.0,0.3125,1.2098138944970238E-9,1500.0,0.988,0.988,0.994,0.0,0.9939818911831342,0.5,0.988,0.0,1.0,1500.0,15304.0
meta.imbalanced.CSMOTE -l (trees.HoeffdingTree -e 2000000 -g 100 -c 0.01),ArffFileStream -f ./../../../Dataset/benchmarks/nomao.arff,1,2000.0,0.359375,1.3811384431189963E-9,2000.0,0.952,0.5555555555555556,0.5555555555555556,0.19126566922765872,0.3333333333333333,0.9758551307847083,0.5555555555555556,0.054,0.946,2000.0,14128.0
meta.imbalanced.CSMOTE -l (trees.HoeffdingTree -e 2000000 -g 100 -c 0.01),ArffFileStream -f ./../../../Dataset/benchmarks/nomao.arff,1,2500.0,0.390625,1.4994293451309207E-9,2500.0,0.882,0.8696450428396573,0.8696450428396573,0.7543713572023314,0.8651557617239012,0.8932291666666667,0.8696450428396573,0.43,0.57,2500.0,14632.0
meta.imbalanced.CSMOTE -l (trees.HoeffdingTree -e 2000000 -g 100 -c 0.01),ArffFileStream -f ./../../../Dataset/benchmarks/nomao.arff,1,3000.0,0.4375,1.6747314172486467E-9,3000.0,0.902,0.5626820311510701,0.56268203115107,0.19513797634691196,0.36220030250730173,0.8030612244897959,0.5626820311510701,0.106,0.894,3000.0,14456.0
meta.imbalanced.CSMOTE -l (trees.HoeffdingTree -e 2000000 -g 100 -c 0.01),ArffFileStream -f ./../../../Dataset/benchmarks/nomao.arff,1,3500.0,0.484375,1.8561452937622868E-9,3500.0,1.0,1.0,1.0,1.0,1.0,1.0,1.0,0.0,1.0,3500.0,14960.0
meta.imbalanced.CSMOTE -l (trees.HoeffdingTree -e 2000000 -g 100 -c 0.01),ArffFileStream -f ./../../../Dataset/benchmarks/nomao.arff,1,4000.0,0.5,1.917295675310824E-9,4000.0,1.0,1.0,1.0,1.0,1.0,1.0,1.0,0.0,1.0,4000.0,15128.0
meta.imbalanced.CSMOTE -l (trees.HoeffdingTree -e 2000000 -g 100 -c 0.01),ArffFileStream -f ./../../../Dataset/benchmarks/nomao.arff,1,4500.0,0.546875,2.102784088088407E-9,4500.0,1.0,1.0,1.0,1.0,1.0,1.0,1.0,0.0,1.0,4500.0,15296.0
meta.imbalanced.CSMOTE -l (trees.HoeffdingTree -e 2000000 -g 100 -c 0.01),ArffFileStream -f ./../../../Dataset/benchmarks/nomao.arff,1,5000.0,0.578125,2.2264430299401287E-9,5000.0,1.0,1.0,1.0,1.0,1.0,1.0,1.0,0.0,1.0,5000.0,15296.0
meta.imbalanced.CSMOTE -l (trees.HoeffdingTree -e 2000000 -g 100 -c 0.01),ArffFileStream -f ./../../../Dataset/benchmarks/nomao.arff,1,5500.0,0.609375,2.3528183293011457E-9,5500.0,1.0,1.0,1.0,1.0,1.0,1.0,1.0,0.0,1.0,5500.0,15632.0
meta.imbalanced.CSMOTE -l (trees.HoeffdingTree -e 2000000 -g 100 -c 0.01),ArffFileStream -f ./../../../Dataset/benchmarks/nomao.arff,1,6000.0,0.625,2.4160059789816543E-9,6000.0,1.0,1.0,1.0,1.0,1.0,1.0,1.0,0.0,1.0,6000.0,15632.0
meta.imbalanced.CSMOTE -l (trees.HoeffdingTree -e 2000000 -g 100 -c 0.01),ArffFileStream -f ./../../../Dataset/benchmarks/nomao.arff,1,6500.0,0.6875,2.668756577703688E-9,6500.0,1.0,1.0,1.0,1.0,1.0,1.0,1.0,0.0,1.0,6500.0,15632.0
meta.imbalanced.CSMOTE -l (trees.HoeffdingTree -e 2000000 -g 100 -c 0.01),ArffFileStream -f ./../../../Dataset/benchmarks/nomao.arff,1,7000.0,0.71875,2.795131877064705E-9,7000.0,1.0,1.0,1.0,1.0,1.0,1.0,1.0,0.0,1.0,7000.0,15632.0
meta.imbalanced.CSMOTE -l (trees.HoeffdingTree -e 2000000 -g 100 -c 0.01),ArffFileStream -f ./../../../Dataset/benchmarks/nomao.arff,1,7500.0,0.765625,2.9846948261062307E-9,7500.0,1.0,1.0,1.0,1.0,1.0,1.0,1.0,0.0,1.0,7500.0,15632.0
meta.imbalanced.CSMOTE -l (trees.HoeffdingTree -e 2000000 -g 100 -c 0.01),ArffFileStream -f ./../../../Dataset/benchmarks/nomao.arff,1,8000.0,0.796875,3.1137864829765427E-9,8000.0,1.0,1.0,1.0,1.0,1.0,1.0,1.0,0.0,1.0,8000.0,15968.0
meta.imbalanced.CSMOTE -l (trees.HoeffdingTree -e 2000000 -g 100 -c 0.01),ArffFileStream -f ./../../../Dataset/benchmarks/nomao.arff,1,8500.0,0.828125,3.242878139846855E-9,8500.0,1.0,1.0,1.0,1.0,1.0,1.0,1.0,0.0,1.0,8500.0,15968.0
meta.imbalanced.CSMOTE -l (trees.HoeffdingTree -e 2000000 -g 100 -c 0.01),ArffFileStream -f ./../../../Dataset/benchmarks/nomao.arff,1,9000.0,0.84375,3.307423968282011E-9,9000.0,1.0,1.0,1.0,1.0,1.0,1.0,1.0,0.0,1.0,9000.0,15968.0
meta.imbalanced.CSMOTE -l (trees.HoeffdingTree -e 2000000 -g 100 -c 0.01),ArffFileStream -f ./../../../Dataset/benchmarks/nomao.arff,1,9500.0,0.859375,3.3719697967171673E-9,9500.0,1.0,1.0,1.0,1.0,1.0,1.0,1.0,0.0,1.0,9500.0,15968.0
meta.imbalanced.CSMOTE -l (trees.HoeffdingTree -e 2000000 -g 100 -c 0.01),ArffFileStream -f ./../../../Dataset/benchmarks/nomao.arff,1,10000.0,0.890625,3.5010614535874794E-9,10000.0,1.0,1.0,1.0,1.0,1.0,1.0,1.0,0.0,1.0,10000.0,15968.0
meta.imbalanced.CSMOTE -l (trees.HoeffdingTree -e 2000000 -g 100 -c 0.01),ArffFileStream -f ./../../../Dataset/benchmarks/nomao.arff,1,10500.0,0.90625,3.5656072820226356E-9,10500.0,1.0,1.0,1.0,1.0,1.0,1.0,1.0,0.0,1.0,10500.0,15968.0
meta.imbalanced.CSMOTE -l (trees.HoeffdingTree -e 2000000 -g 100 -c 0.01),ArffFileStream -f ./../../../Dataset/benchmarks/nomao.arff,1,11000.0,0.921875,3.630153110457792E-9,11000.0,1.0,1.0,1.0,1.0,1.0,1.0,1.0,0.0,1.0,11000.0,15968.0
meta.imbalanced.CSMOTE -l (trees.HoeffdingTree -e 2000000 -g 100 -c 0.01),ArffFileStream -f ./../../../Dataset/benchmarks/nomao.arff,1,11500.0,0.953125,3.759244767328104E-9,11500.0,1.0,1.0,1.0,1.0,1.0,1.0,1.0,0.0,1.0,11500.0,15968.0
meta.imbalanced.CSMOTE -l (trees.HoeffdingTree -e 2000000 -g 100 -c 0.01),ArffFileStream -f ./../../../Dataset/benchmarks/nomao.arff,1,12000.0,0.96875,3.82379059576326E-9,12000.0,1.0,1.0,1.0,1.0,1.0,1.0,1.0,0.0,1.0,12000.0,15968.0
meta.imbalanced.CSMOTE -l (trees.HoeffdingTree -e 2000000 -g 100 -c 0.01),ArffFileStream -f ./../../../Dataset/benchmarks/nomao.arff,1,12500.0,1.015625,3.997152412517204E-9,12500.0,0.954,0.949483082706767,0.949483082706767,0.9030582998954716,0.9492527730102606,0.9537860688930684,0.949483082706767,0.392,0.608,12500.0,14296.0
meta.imbalanced.CSMOTE -l (trees.HoeffdingTree -e 2000000 -g 100 -c 0.01),ArffFileStream -f ./../../../Dataset/benchmarks/nomao.arff,1,13000.0,1.078125,4.236450574050348E-9,13000.0,0.962,0.962,0.981,0.0,0.9808159868191383,0.5,0.962,0.0,1.0,13000.0,14800.0
meta.imbalanced.CSMOTE -l (trees.HoeffdingTree -e 2000000 -g 100 -c 0.01),ArffFileStream -f ./../../../Dataset/benchmarks/nomao.arff,1,13500.0,1.09375,4.297633293188281E-9,13500.0,0.982,0.982,0.991,0.0,0.9909591313469996,0.5,0.982,0.0,1.0,13500.0,15136.0
meta.imbalanced.CSMOTE -l (trees.HoeffdingTree -e 2000000 -g 100 -c 0.01),ArffFileStream -f ./../../../Dataset/benchmarks/nomao.arff,1,14000.0,1.109375,4.359495101703539E-9,14000.0,0.988,0.6864837398373984,0.6864837398373984,0.4946091644204852,0.6117497894384998,0.8699596774193548,0.6864837398373984,0.016,0.984,14000.0,15304.0
meta.imbalanced.CSMOTE -l (trees.HoeffdingTree -e 2000000 -g 100 -c 0.01),ArffFileStream -f ./../../../Dataset/benchmarks/nomao.arff,1,14500.0,1.21875,4.787774135669074E-9,14500.0,0.942,0.7264344262295082,0.7264344262295082,0.267824681882448,0.6902422953061542,0.5970788491104766,0.7264344262295082,0.024,0.976,14500.0,15136.0
meta.imbalanced.CSMOTE -l (trees.HoeffdingTree -e 2000000 -g 100 -c 0.01),ArffFileStream -f ./../../../Dataset/benchmarks/nomao.arff,1,15000.0,1.234375,4.850315033561655E-9,15000.0,0.986,0.49497991967871485,0.49497991967871485,-0.005747126436781609,0.0,0.49797979797979797,0.49497991967871485,0.004,0.996,15000.0,15472.0
meta.imbalanced.CSMOTE -l (trees.HoeffdingTree -e 2000000 -g 100 -c 0.01),ArffFileStream -f ./../../../Dataset/benchmarks/nomao.arff,1,15500.0,1.265625,4.975396829346817E-9,15500.0,0.984,0.49298597194388777,0.49298597194388777,-0.0035122930255895636,0.0,0.49898580121703856,0.49298597194388777,0.002,0.998,15500.0,15472.0
meta.imbalanced.CSMOTE -l (trees.HoeffdingTree -e 2000000 -g 100 -c 0.01),ArffFileStream -f ./../../../Dataset/benchmarks/nomao.arff,1,16000.0,1.34375,5.281310425036485E-9,16000.0,0.966,0.7220426017497147,0.7220426017497148,0.523542600896861,0.6706644429064952,0.8209621993127147,0.7220426017497147,0.044,0.956,16000.0,15136.0
meta.imbalanced.CSMOTE -l (trees.HoeffdingTree -e 2000000 -g 100 -c 0.01),ArffFileStream -f ./../../../Dataset/benchmarks/nomao.arff,1,16500.0,1.390625,5.462821314318314E-9,16500.0,0.95,0.9548701298701299,0.9548701298701298,0.8996628672339059,0.9540072694324033,0.9486717586587885,0.9548701298701299,0.56,0.44,16500.0,14968.0
meta.imbalanced.CSMOTE -l (trees.HoeffdingTree -e 2000000 -g 100 -c 0.01),ArffFileStream -f ./../../../Dataset/benchmarks/nomao.arff,1,17000.0,1.4375,5.642294935468172E-9,17000.0,0.944,0.9432520604395604,0.9432520604395604,0.7468537537971937,0.94325158769668,0.8275599543205177,0.9432520604395604,0.896,0.104,17000.0,14800.0
meta.imbalanced.CSMOTE -l (trees.HoeffdingTree -e 2000000 -g 100 -c 0.01),ArffFileStream -f ./../../../Dataset/benchmarks/nomao.arff,1,17500.0,1.5,5.887025812019906E-9,17500.0,0.968,0.9838383838383838,0.9838383838383838,0.3745113369820172,0.9837056306013338,0.6190476190476191,0.9838383838383838,0.99,0.01,17500.0,15136.0
meta.imbalanced.CSMOTE -l (trees.HoeffdingTree -e 2000000 -g 100 -c 0.01),ArffFileStream -f ./../../../Dataset/benchmarks/nomao.arff,1,18000.0,1.53125,6.006674892786478E-9,18000.0,0.912,0.93056810023391,0.9305681002339099,0.7717037129277962,0.9299686583206297,0.8582798558516891,0.93056810023391,0.778,0.222,18000.0,14800.0
meta.imbalanced.CSMOTE -l (trees.HoeffdingTree -e 2000000 -g 100 -c 0.01),ArffFileStream -f ./../../../Dataset/benchmarks/nomao.arff,1,18500.0,1.640625,6.414581245432299E-9,18500.0,0.794,0.8309041501976284,0.8309041501976284,0.5552523403226364,0.8272173460157899,0.7635989438987192,0.8309041501976284,0.736,0.264,18500.0,14416.0
meta.imbalanced.CSMOTE -l (trees.HoeffdingTree -e 2000000 -g 100 -c 0.01),ArffFileStream -f ./../../../Dataset/benchmarks/nomao.arff,1,19000.0,1.6875,6.595510058104994E-9,19000.0,0.932,0.49786324786324787,0.49786324786324787,-0.007586533902323376,0.0,0.4678714859437751,0.49786324786324787,0.064,0.936,19000.0,14920.0
meta.imbalanced.CSMOTE -l (trees.HoeffdingTree -e 2000000 -g 100 -c 0.01),ArffFileStream -f ./../../../Dataset/benchmarks/nomao.arff,1,19500.0,2.265625,8.903540826092166E-9,19500.0,0.612,0.6255703360966519,0.6255703360966518,0.2437472712530406,0.5885395207047688,0.6500307125307125,0.6255703360966519,0.532,0.468,19500.0,15432.0
meta.imbalanced.CSMOTE -l (trees.HoeffdingTree -e 2000000 -g 100 -c 0.01),ArffFileStream -f ./../../../Dataset/benchmarks/nomao.arff,1,20000.0,2.359375,9.265398451437555E-9,20000.0,0.91,0.8992519869097709,0.8992519869097709,0.7914735866543096,0.8988070635277658,0.8924632352941176,0.8992519869097709,0.31,0.69,20000.0,14920.0
meta.imbalanced.CSMOTE -l (trees.HoeffdingTree -e 2000000 -g 100 -c 0.01),ArffFileStream -f ./../../../Dataset/benchmarks/nomao.arff,1,20500.0,2.390625,9.39009219614996E-9,20500.0,0.974,0.974,0.987,0.0,0.9869143833180262,0.5,0.974,0.0,1.0,20500.0,15424.0
meta.imbalanced.CSMOTE -l (trees.HoeffdingTree -e 2000000 -g 100 -c 0.01),ArffFileStream -f ./../../../Dataset/benchmarks/nomao.arff,1,21000.0,2.4375,9.575192557854787E-9,21000.0,0.824,0.7653333333333334,0.7653333333333334,0.5306666666666666,0.7562856603162591,0.7653333333333334,0.7653333333333334,0.25,0.75,21000.0,15264.0
meta.imbalanced.CSMOTE -l (trees.HoeffdingTree -e 2000000 -g 100 -c 0.01),ArffFileStream -f ./../../../Dataset/benchmarks/nomao.arff,1,21500.0,2.484375,9.760195906791425E-9,21500.0,0.974,0.5564024390243902,0.5564024390243902,0.12019491066594477,0.35139096424936367,0.5643291799478412,0.5564024390243902,0.016,0.984,21500.0,15256.0
meta.imbalanced.CSMOTE -l (trees.HoeffdingTree -e 2000000 -g 100 -c 0.01),ArffFileStream -f ./../../../Dataset/benchmarks/nomao.arff,1,22000.0,2.5,9.823221868524951E-9,22000.0,0.998,0.5,0.5,0.0,0.0,0.998,0.5,0.002,0.998,22000.0,15592.0
meta.imbalanced.CSMOTE -l (trees.HoeffdingTree -e 2000000 -g 100 -c 0.01),ArffFileStream -f ./../../../Dataset/benchmarks/nomao.arff,1,22500.0,2.546875,1.0014434034625692E-8,22500.0,0.988,0.4959839357429719,0.4959839357429719,-0.005361930294906166,0.0,0.49798387096774194,0.4959839357429719,0.004,0.996,22500.0,15768.0
meta.imbalanced.CSMOTE -l (trees.HoeffdingTree -e 2000000 -g 100 -c 0.01),ArffFileStream -f ./../../../Dataset/benchmarks/nomao.arff,1,23000.0,2.5625,1.0078850512703262E-8,23000.0,1.0,1.0,1.0,1.0,1.0,1.0,1.0,0.0,1.0,23000.0,15936.0
meta.imbalanced.CSMOTE -l (trees.HoeffdingTree -e 2000000 -g 100 -c 0.01),ArffFileStream -f ./../../../Dataset/benchmarks/nomao.arff,1,23500.0,2.59375,1.0202250753839813E-8,23500.0,0.9,0.576271186440678,0.576271186440678,0.24099823911591475,0.39056673294247163,0.9490835030549898,0.576271186440678,0.118,0.882,23500.0,15264.0
meta.imbalanced.CSMOTE -l (trees.HoeffdingTree -e 2000000 -g 100 -c 0.01),ArffFileStream -f ./../../../Dataset/benchmarks/nomao.arff,1,24000.0,2.640625,1.0381142298380535E-8,24000.0,0.508,0.6143955069464971,0.6143955069464972,0.13120867943719275,0.5875217368825503,0.5782292298362645,0.6143955069464971,0.796,0.204,24000.0,14752.0
meta.imbalanced.CSMOTE -l (trees.HoeffdingTree -e 2000000 -g 100 -c 0.01),ArffFileStream -f ./../../../Dataset/benchmarks/nomao.arff,1,24500.0,2.671875,1.0504477864338293E-8,24500.0,0.994,0.994,0.997,0.0,0.9969954864491614,0.5,0.994,1.0,0.0,24500.0,15256.0
meta.imbalanced.CSMOTE -l (trees.HoeffdingTree -e 2000000 -g 100 -c 0.01),ArffFileStream -f ./../../../Dataset/benchmarks/nomao.arff,1,25000.0,2.71875,1.068957822604312E-8,25000.0,0.98,0.9301470588235294,0.9301470588235294,0.7972096041531473,0.9285108254302566,0.8718220338983051,0.9301470588235294,0.952,0.048,25000.0,15264.0
meta.imbalanced.CSMOTE -l (trees.HoeffdingTree -e 2000000 -g 100 -c 0.01),ArffFileStream -f ./../../../Dataset/benchmarks/nomao.arff,1,25500.0,2.734375,1.0752636525366043E-8,25500.0,0.942,0.8200974770642202,0.8200974770642202,0.7113163972286374,0.8035632371797437,0.9041811846689896,0.8200974770642202,0.872,0.128,25500.0,15600.0
meta.imbalanced.CSMOTE -l (trees.HoeffdingTree -e 2000000 -g 100 -c 0.01),ArffFileStream -f ./../../../Dataset/benchmarks/nomao.arff,1,26000.0,2.765625,1.0871897555059858E-8,26000.0,0.788,0.8292279411764706,0.8292279411764707,0.574775353016688,0.8212817278319227,0.786578341013825,0.8292279411764706,0.32,0.68,26000.0,14752.0
meta.imbalanced.CSMOTE -l (trees.HoeffdingTree -e 2000000 -g 100 -c 0.01),ArffFileStream -f ./../../../Dataset/benchmarks/nomao.arff,1,26500.0,2.78125,1.0934244427416062E-8,26500.0,1.0,1.0,1.0,1.0,1.0,1.0,1.0,0.0,1.0,26500.0,15424.0
meta.imbalanced.CSMOTE -l (trees.HoeffdingTree -e 2000000 -g 100 -c 0.01),ArffFileStream -f ./../../../Dataset/benchmarks/nomao.arff,1,27000.0,2.8125,1.1061654529637763E-8,27000.0,1.0,1.0,1.0,1.0,1.0,1.0,1.0,0.0,1.0,27000.0,15760.0
meta.imbalanced.CSMOTE -l (trees.HoeffdingTree -e 2000000 -g 100 -c 0.01),ArffFileStream -f ./../../../Dataset/benchmarks/nomao.arff,1,27500.0,2.828125,1.1126038670125938E-8,27500.0,1.0,1.0,1.0,1.0,1.0,1.0,1.0,0.0,1.0,27500.0,15928.0
meta.imbalanced.CSMOTE -l (trees.HoeffdingTree -e 2000000 -g 100 -c 0.01),ArffFileStream -f ./../../../Dataset/benchmarks/nomao.arff,1,28000.0,2.84375,1.1190422810614112E-8,28000.0,1.0,1.0,1.0,1.0,1.0,1.0,1.0,0.0,1.0,28000.0,15928.0
meta.imbalanced.CSMOTE -l (trees.HoeffdingTree -e 2000000 -g 100 -c 0.01),ArffFileStream -f ./../../../Dataset/benchmarks/nomao.arff,1,28500.0,2.890625,1.1375523172318939E-8,28500.0,0.954,0.5221653878942881,0.5221653878942881,0.0595354923127249,0.2407717061715384,0.546239837398374,0.5221653878942881,0.034,0.966,28500.0,15264.0
meta.imbalanced.CSMOTE -l (trees.HoeffdingTree -e 2000000 -g 100 -c 0.01),ArffFileStream -f ./../../../Dataset/benchmarks/nomao.arff,1,29000.0,2.921875,1.1492132519682252E-8,29000.0,0.806,0.6386666666666667,0.6386666666666667,0.348993288590604,0.54396078290014,0.799594395280236,0.6386666666666667,0.25,0.75,29000.0,14424.0
meta.imbalanced.CSMOTE -l (trees.HoeffdingTree -e 2000000 -g 100 -c 0.01),ArffFileStream -f ./../../../Dataset/benchmarks/nomao.arff,1,29500.0,2.953125,1.161546808564001E-8,29500.0,0.912,0.8974514563106797,0.8974514563106797,0.7237569060773481,0.8971705794015369,0.8358974358974358,0.8974514563106797,0.824,0.176,29500.0,15256.0
meta.imbalanced.CSMOTE -l (trees.HoeffdingTree -e 2000000 -g 100 -c 0.01),ArffFileStream -f ./../../../Dataset/benchmarks/nomao.arff,1,30000.0,2.984375,1.1741520009107063E-8,30000.0,0.968,0.5,0.5,0.0,0.0,0.968,0.5,0.968,0.032,30000.0,15592.0
meta.imbalanced.CSMOTE -l (trees.HoeffdingTree -e 2000000 -g 100 -c 0.01),ArffFileStream -f ./../../../Dataset/benchmarks/nomao.arff,1,30500.0,3.03125,1.1934769443339774E-8,30500.0,0.962,0.4979296066252588,0.49792960662525876,-0.00720949957591179,0.0,0.48293172690763053,0.4979296066252588,0.966,0.034,30500.0,15936.0
meta.imbalanced.CSMOTE -l (trees.HoeffdingTree -e 2000000 -g 100 -c 0.01),ArffFileStream -f ./../../../Dataset/benchmarks/nomao.arff,1,31000.0,3.046875,1.1999185921417344E-8,31000.0,0.968,0.5294117647058824,0.5294117647058824,0.10774035244256079,0.24253562503633297,0.9839679358717435,0.5294117647058824,0.966,0.034,31000.0,15936.0
meta.imbalanced.CSMOTE -l (trees.HoeffdingTree -e 2000000 -g 100 -c 0.01),ArffFileStream -f ./../../../Dataset/benchmarks/nomao.arff,1,31500.0,3.96875,1.555936048842139E-8,31500.0,0.828,0.5348152991173586,0.5348152991173587,0.08186360336507666,0.36386289713445924,0.5509325681492109,0.5348152991173586,0.874,0.126,31500.0,14928.0
meta.imbalanced.CSMOTE -l (trees.HoeffdingTree -e 2000000 -g 100 -c 0.01),ArffFileStream -f ./../../../Dataset/benchmarks/nomao.arff,1,32000.0,5.484375,2.1164725896798905E-8,32000.0,0.732,0.5969992448865689,0.5969992448865689,0.1499403689512548,0.5664428887448927,0.5644257397675484,0.5969992448865689,0.858,0.142,32000.0,14296.0
meta.imbalanced.CSMOTE -l (trees.HoeffdingTree -e 2000000 -g 100 -c 0.01),ArffFileStream -f ./../../../Dataset/benchmarks/nomao.arff,1,32500.0,6.21875,2.406463156350785E-8,32500.0,0.88,0.8143061155913979,0.8143061155913979,0.6661622006587733,0.8031016612022456,0.8583469016377742,0.8143061155913979,0.744,0.256,32500.0,15264.0
meta.imbalanced.CSMOTE -l (trees.HoeffdingTree -e 2000000 -g 100 -c 0.01),ArffFileStream -f ./../../../Dataset/benchmarks/nomao.arff,1,33000.0,6.296875,2.4366179584629008E-8,33000.0,0.978,0.8152557319223985,0.8152557319223985,0.609375,0.7968190728895957,0.7948453608247423,0.8152557319223985,0.972,0.028,33000.0,14920.0
meta.imbalanced.CSMOTE -l (trees.HoeffdingTree -e 2000000 -g 100 -c 0.01),ArffFileStream -f ./../../../Dataset/benchmarks/nomao.arff,1,33500.0,6.734375,2.609378296054072E-8,33500.0,0.694,0.6997519636213312,0.6997519636213311,0.3871174491267425,0.6990219352621753,0.6932923707117256,0.6997519636213312,0.59,0.41,33500.0,15264.0
meta.imbalanced.CSMOTE -l (trees.HoeffdingTree -e 2000000 -g 100 -c 0.01),ArffFileStream -f ./../../../Dataset/benchmarks/nomao.arff,1,34000.0,7.25,2.817470683819718E-8,34000.0,0.818,0.8478065085990405,0.8478065085990405,0.6383952697332868,0.8409001386473042,0.8214971823770492,0.8478065085990405,0.638,0.362,34000.0,15600.0
meta.imbalanced.CSMOTE -l (trees.HoeffdingTree -e 2000000 -g 100 -c 0.01),ArffFileStream -f ./../../../Dataset/benchmarks/nomao.arff,1,34465.0,7.875,3.072420238620705E-8,34465.0,0.674,0.6359688737580769,0.6359688737580769,0.22369122913967843,0.6322797400680721,0.6024321306441482,0.6359688737580769,0.778,0.222,34465.0,15768.0
