Learner,stream,randomSeed,learning evaluation instances,evaluation time (cpu seconds),model cost (RAM-Hours),classified instances,Accuracy,AvgAccuracy,AUC,Kappa,G-Mean,Precision,Recall,Ratio-Class-0,Ratio-Class-1,model training instances,model serialized size (bytes),ensemble size,size of class 0,size of class 1,[avg] model training instances,[err] model training instances,[avg] model serialized size (bytes),[err] model serialized size (bytes),[avg] tree size (nodes),[err] tree size (nodes),[avg] tree size (leaves),[err] tree size (leaves),[avg] active learning leaves,[err] active learning leaves,[avg] tree depth,[err] tree depth,[avg] active leaf byte size estimate,[err] active leaf byte size estimate,[avg] inactive leaf byte size estimate,[err] inactive leaf byte size estimate,[avg] byte size estimate overhead,[err] byte size estimate overhead
meta.imbalanced.OOB -l (trees.HoeffdingTree -e 2000000 -g 100 -c 0.01),ArffFileStream -f ./../../../Dataset/benchmarks/magic.arff,1,500.0,0.0625,4.3591070506307814E-10,500.0,1.0,1.0,1.0,1.0,1.0,1.0,1.0,1.0,0.0,500.0,26960.0,10.0,0.9999999999999994,6.6103540974041185E-24,505.5,36.27748000558412,256.0,0.0,1.0,0.0,1.0,0.0,1.0,0.0,0.0,0.0,0.0,0.0,0.0,0.0,1.0,0.0
meta.imbalanced.OOB -l (trees.HoeffdingTree -e 2000000 -g 100 -c 0.01),ArffFileStream -f ./../../../Dataset/benchmarks/magic.arff,1,1000.0,0.109375,7.628437338603868E-10,1000.0,1.0,1.0,1.0,1.0,1.0,1.0,1.0,1.0,0.0,1000.0,26960.0,10.0,0.9999999999999994,8.739356258613483E-47,1008.1,38.417154732980656,256.0,0.0,1.0,0.0,1.0,0.0,1.0,0.0,0.0,0.0,0.0,0.0,0.0,0.0,1.0,0.0
meta.imbalanced.OOB -l (trees.HoeffdingTree -e 2000000 -g 100 -c 0.01),ArffFileStream -f ./../../../Dataset/benchmarks/magic.arff,1,1500.0,0.140625,9.807990863919259E-10,1500.0,1.0,1.0,1.0,1.0,1.0,1.0,1.0,1.0,0.0,1500.0,26960.0,10.0,0.9999999999999994,1.1554047890559998E-69,1498.0,33.542675968251395,256.0,0.0,1.0,0.0,1.0,0.0,1.0,0.0,0.0,0.0,0.0,0.0,0.0,0.0,1.0,0.0
meta.imbalanced.OOB -l (trees.HoeffdingTree -e 2000000 -g 100 -c 0.01),ArffFileStream -f ./../../../Dataset/benchmarks/magic.arff,1,2000.0,0.15625,1.0897767626576955E-9,2000.0,1.0,1.0,1.0,1.0,1.0,1.0,1.0,1.0,0.0,2000.0,26960.0,10.0,0.9999999999999994,1.5275269562993333E-92,1993.6,47.25627530345103,256.0,0.0,1.0,0.0,1.0,0.0,1.0,0.0,0.0,0.0,0.0,0.0,0.0,0.0,1.0,0.0
meta.imbalanced.OOB -l (trees.HoeffdingTree -e 2000000 -g 100 -c 0.01),ArffFileStream -f ./../../../Dataset/benchmarks/magic.arff,1,2500.0,0.171875,1.1987544389234651E-9,2500.0,1.0,1.0,1.0,1.0,1.0,1.0,1.0,1.0,0.0,2500.0,26960.0,10.0,0.9999999999999994,2.0194988148937063E-115,2486.5,64.78039826984708,256.0,0.0,1.0,0.0,1.0,0.0,1.0,0.0,0.0,0.0,0.0,0.0,0.0,0.0,1.0,0.0
meta.imbalanced.OOB -l (trees.HoeffdingTree -e 2000000 -g 100 -c 0.01),ArffFileStream -f ./../../../Dataset/benchmarks/magic.arff,1,3000.0,0.1875,1.3077321151892347E-9,3000.0,1.0,1.0,1.0,1.0,1.0,1.0,1.0,1.0,0.0,3000.0,26960.0,10.0,0.9999999999999994,2.6699204531470687E-138,2985.8,64.72299951846071,256.0,0.0,1.0,0.0,1.0,0.0,1.0,0.0,0.0,0.0,0.0,0.0,0.0,0.0,1.0,0.0
meta.imbalanced.OOB -l (trees.HoeffdingTree -e 2000000 -g 100 -c 0.01),ArffFileStream -f ./../../../Dataset/benchmarks/magic.arff,1,3500.0,0.203125,1.4167097914550043E-9,3500.0,1.0,1.0,1.0,1.0,1.0,1.0,1.0,1.0,0.0,3500.0,26960.0,10.0,0.9999999999999994,3.529823921440756E-161,3481.0,69.5317673201729,256.0,0.0,1.0,0.0,1.0,0.0,1.0,0.0,0.0,0.0,0.0,0.0,0.0,0.0,1.0,0.0
meta.imbalanced.OOB -l (trees.HoeffdingTree -e 2000000 -g 100 -c 0.01),ArffFileStream -f ./../../../Dataset/benchmarks/magic.arff,1,4000.0,0.21875,1.525687467720774E-9,4000.0,1.0,1.0,1.0,1.0,1.0,1.0,1.0,1.0,0.0,4000.0,26960.0,10.0,0.9999999999999994,4.6666772044421964E-184,3983.5000000000005,76.24995446264585,256.0,0.0,1.0,0.0,1.0,0.0,1.0,0.0,0.0,0.0,0.0,0.0,0.0,0.0,1.0,0.0
meta.imbalanced.OOB -l (trees.HoeffdingTree -e 2000000 -g 100 -c 0.01),ArffFileStream -f ./../../../Dataset/benchmarks/magic.arff,1,4500.0,0.234375,1.6346651439865436E-9,4500.0,1.0,1.0,1.0,1.0,1.0,1.0,1.0,1.0,0.0,4500.0,26960.0,10.0,0.9999999999999994,6.169677755929365E-207,4484.1,70.89029082556608,256.0,0.0,1.0,0.0,1.0,0.0,1.0,0.0,0.0,0.0,0.0,0.0,0.0,0.0,1.0,0.0
meta.imbalanced.OOB -l (trees.HoeffdingTree -e 2000000 -g 100 -c 0.01),ArffFileStream -f ./../../../Dataset/benchmarks/magic.arff,1,5000.0,0.265625,1.8526204965180826E-9,5000.0,1.0,1.0,1.0,1.0,1.0,1.0,1.0,1.0,0.0,5000.0,26960.0,10.0,0.9999999999999994,8.156750926714144E-230,4983.3,68.98478093028926,256.0,0.0,1.0,0.0,1.0,0.0,1.0,0.0,0.0,0.0,0.0,0.0,0.0,0.0,1.0,0.0
meta.imbalanced.OOB -l (trees.HoeffdingTree -e 2000000 -g 100 -c 0.01),ArffFileStream -f ./../../../Dataset/benchmarks/magic.arff,1,5500.0,0.28125,1.961598172783852E-9,5500.0,1.0,1.0,1.0,1.0,1.0,1.0,1.0,1.0,0.0,5500.0,26960.0,10.0,0.9999999999999994,1.0783802381981918E-252,5479.5,82.51094203531768,256.0,0.0,1.0,0.0,1.0,0.0,1.0,0.0,0.0,0.0,0.0,0.0,0.0,0.0,1.0,0.0
meta.imbalanced.OOB -l (trees.HoeffdingTree -e 2000000 -g 100 -c 0.01),ArffFileStream -f ./../../../Dataset/benchmarks/magic.arff,1,6000.0,0.296875,2.0705758490496216E-9,6000.0,1.0,1.0,1.0,1.0,1.0,1.0,1.0,1.0,0.0,6000.0,26960.0,10.0,0.9999999999999994,1.4256950452266096E-275,5975.299999999999,76.3355894863085,256.0,0.0,1.0,0.0,1.0,0.0,1.0,0.0,0.0,0.0,0.0,0.0,0.0,0.0,1.0,0.0
meta.imbalanced.OOB -l (trees.HoeffdingTree -e 2000000 -g 100 -c 0.01),ArffFileStream -f ./../../../Dataset/benchmarks/magic.arff,1,6500.0,0.3125,2.179553525315391E-9,6500.0,1.0,1.0,1.0,1.0,1.0,1.0,1.0,1.0,0.0,6500.0,26960.0,10.0,0.9999999999999994,1.8848698167724897E-298,6469.0,88.23579520554885,256.0,0.0,1.0,0.0,1.0,0.0,1.0,0.0,0.0,0.0,0.0,0.0,0.0,0.0,1.0,0.0
meta.imbalanced.OOB -l (trees.HoeffdingTree -e 2000000 -g 100 -c 0.01),ArffFileStream -f ./../../../Dataset/benchmarks/magic.arff,1,7000.0,0.328125,2.2885312015811604E-9,7000.0,1.0,1.0,1.0,1.0,1.0,1.0,1.0,1.0,0.0,7000.0,26960.0,10.0,0.9999999999999994,2.5E-321,6979.2,85.94933908349084,256.0,0.0,1.0,0.0,1.0,0.0,1.0,0.0,0.0,0.0,0.0,0.0,0.0,0.0,1.0,0.0
meta.imbalanced.OOB -l (trees.HoeffdingTree -e 2000000 -g 100 -c 0.01),ArffFileStream -f ./../../../Dataset/benchmarks/magic.arff,1,7500.0,0.328125,2.2885312015811604E-9,7500.0,1.0,1.0,1.0,1.0,1.0,1.0,1.0,1.0,0.0,7500.0,26960.0,10.0,0.9999999999999994,2.5E-323,7475.800000000001,85.50087718848273,256.0,0.0,1.0,0.0,1.0,0.0,1.0,0.0,0.0,0.0,0.0,0.0,0.0,0.0,1.0,0.0
meta.imbalanced.OOB -l (trees.HoeffdingTree -e 2000000 -g 100 -c 0.01),ArffFileStream -f ./../../../Dataset/benchmarks/magic.arff,1,8000.0,0.34375,2.39750887784693E-9,8000.0,1.0,1.0,1.0,1.0,1.0,1.0,1.0,1.0,0.0,8000.0,26960.0,10.0,0.9999999999999994,2.5E-323,7973.1,75.93630371714323,256.0,0.0,1.0,0.0,1.0,0.0,1.0,0.0,0.0,0.0,0.0,0.0,0.0,0.0,1.0,0.0
meta.imbalanced.OOB -l (trees.HoeffdingTree -e 2000000 -g 100 -c 0.01),ArffFileStream -f ./../../../Dataset/benchmarks/magic.arff,1,8500.0,0.359375,2.5064865541126992E-9,8500.0,1.0,1.0,1.0,1.0,1.0,1.0,1.0,1.0,0.0,8500.0,26960.0,10.0,0.9999999999999994,2.5E-323,8465.0,79.04007422398675,256.0,0.0,1.0,0.0,1.0,0.0,1.0,0.0,0.0,0.0,0.0,0.0,0.0,0.0,1.0,0.0
meta.imbalanced.OOB -l (trees.HoeffdingTree -e 2000000 -g 100 -c 0.01),ArffFileStream -f ./../../../Dataset/benchmarks/magic.arff,1,9000.0,0.359375,2.5064865541126992E-9,9000.0,1.0,1.0,1.0,1.0,1.0,1.0,1.0,1.0,0.0,9000.0,26960.0,10.0,0.9999999999999994,2.5E-323,8971.0,71.45939017683018,256.0,0.0,1.0,0.0,1.0,0.0,1.0,0.0,0.0,0.0,0.0,0.0,0.0,0.0,1.0,0.0
meta.imbalanced.OOB -l (trees.HoeffdingTree -e 2000000 -g 100 -c 0.01),ArffFileStream -f ./../../../Dataset/benchmarks/magic.arff,1,9500.0,0.375,2.6154642303784686E-9,9500.0,1.0,1.0,1.0,1.0,1.0,1.0,1.0,1.0,0.0,9500.0,26960.0,10.0,0.9999999999999994,2.5E-323,9469.599999999999,67.21309396241173,256.0,0.0,1.0,0.0,1.0,0.0,1.0,0.0,0.0,0.0,0.0,0.0,0.0,0.0,1.0,0.0
meta.imbalanced.OOB -l (trees.HoeffdingTree -e 2000000 -g 100 -c 0.01),ArffFileStream -f ./../../../Dataset/benchmarks/magic.arff,1,10000.0,0.390625,2.724441906644238E-9,10000.0,1.0,1.0,1.0,1.0,1.0,1.0,1.0,1.0,0.0,10000.0,26960.0,10.0,0.9999999999999994,2.5E-323,9980.100000000002,62.197624106105835,256.0,0.0,1.0,0.0,1.0,0.0,1.0,0.0,0.0,0.0,0.0,0.0,0.0,0.0,1.0,0.0
meta.imbalanced.OOB -l (trees.HoeffdingTree -e 2000000 -g 100 -c 0.01),ArffFileStream -f ./../../../Dataset/benchmarks/magic.arff,1,10500.0,0.390625,2.724441906644238E-9,10500.0,1.0,1.0,1.0,1.0,1.0,1.0,1.0,1.0,0.0,10500.0,26960.0,10.0,0.9999999999999994,2.5E-323,10466.099999999999,67.21185411319452,256.0,0.0,1.0,0.0,1.0,0.0,1.0,0.0,0.0,0.0,0.0,0.0,0.0,0.0,1.0,0.0
meta.imbalanced.OOB -l (trees.HoeffdingTree -e 2000000 -g 100 -c 0.01),ArffFileStream -f ./../../../Dataset/benchmarks/magic.arff,1,11000.0,0.40625,2.8334195829100075E-9,11000.0,1.0,1.0,1.0,1.0,1.0,1.0,1.0,1.0,0.0,11000.0,26960.0,10.0,0.9999999999999994,2.5E-323,10964.699999999999,68.58417374940723,256.0,0.0,1.0,0.0,1.0,0.0,1.0,0.0,0.0,0.0,0.0,0.0,0.0,0.0,1.0,0.0
meta.imbalanced.OOB -l (trees.HoeffdingTree -e 2000000 -g 100 -c 0.01),ArffFileStream -f ./../../../Dataset/benchmarks/magic.arff,1,11500.0,0.421875,2.942397259175777E-9,11500.0,1.0,1.0,1.0,1.0,1.0,1.0,1.0,1.0,0.0,11500.0,26960.0,10.0,0.9999999999999994,2.5E-323,11474.6,76.80162035327714,256.0,0.0,1.0,0.0,1.0,0.0,1.0,0.0,0.0,0.0,0.0,0.0,0.0,0.0,1.0,0.0
meta.imbalanced.OOB -l (trees.HoeffdingTree -e 2000000 -g 100 -c 0.01),ArffFileStream -f ./../../../Dataset/benchmarks/magic.arff,1,12000.0,0.4375,3.0513749354415463E-9,12000.0,1.0,1.0,1.0,1.0,1.0,1.0,1.0,1.0,0.0,12000.0,26960.0,10.0,0.9999999999999994,2.5E-323,11984.300000000001,85.6453280817012,256.0,0.0,1.0,0.0,1.0,0.0,1.0,0.0,0.0,0.0,0.0,0.0,0.0,0.0,1.0,0.0
meta.imbalanced.OOB -l (trees.HoeffdingTree -e 2000000 -g 100 -c 0.01),ArffFileStream -f ./../../../Dataset/benchmarks/magic.arff,1,12500.0,0.5,3.489872647656334E-9,12500.0,0.968,0.9523809523809523,0.9523809523809523,0.9265569917743831,0.9511897312113419,0.9770114942528736,0.9523809523809523,0.664,0.336,12500.0,27120.0,10.0,2.0546676624565697E-8,0.9999999794533233,12497.8,78.56320880525317,660.8000000000001,128.06664931459193,4.199999999999999,1.0327955589886446,2.5999999999999996,0.5163977794943223,2.5999999999999996,0.5163977794943223,1.6,0.5163977794943222,0.0,0.0,0.0,0.0,1.0,0.0
meta.imbalanced.OOB -l (trees.HoeffdingTree -e 2000000 -g 100 -c 0.01),ArffFileStream -f ./../../../Dataset/benchmarks/magic.arff,1,13000.0,0.546875,3.818745931817425E-9,13000.0,1.0,1.0,1.0,1.0,1.0,1.0,1.0,0.0,1.0,13000.0,27120.0,10.0,2.7164161602647063E-31,0.9999999999999994,13015.900000000001,89.5798216365967,834.4,119.7953811018327,5.6000000000000005,0.9660917830792958,3.3000000000000003,0.4830458915396479,3.3000000000000003,0.4830458915396479,2.0,0.0,0.0,0.0,0.0,0.0,1.0,0.0
meta.imbalanced.OOB -l (trees.HoeffdingTree -e 2000000 -g 100 -c 0.01),ArffFileStream -f ./../../../Dataset/benchmarks/magic.arff,1,13500.0,0.5625,3.928370359871122E-9,13500.0,1.0,1.0,1.0,1.0,1.0,1.0,1.0,0.0,1.0,13500.0,27120.0,10.0,3.59129453905211E-54,0.9999999999999994,13510.699999999999,87.62426097326639,834.4,119.7953811018327,5.6000000000000005,0.9660917830792958,3.3000000000000003,0.4830458915396479,3.3000000000000003,0.4830458915396479,2.0,0.0,0.0,0.0,0.0,0.0,1.0,0.0
meta.imbalanced.OOB -l (trees.HoeffdingTree -e 2000000 -g 100 -c 0.01),ArffFileStream -f ./../../../Dataset/benchmarks/magic.arff,1,14000.0,0.59375,4.147619215978516E-9,14000.0,1.0,1.0,1.0,1.0,1.0,1.0,1.0,0.0,1.0,14000.0,27120.0,10.0,4.747945714241635E-77,0.9999999999999994,14009.2,87.7455918487582,884.0,130.707476620293,6.0,1.0540925533894596,3.5,0.5270462766947298,3.5,0.5270462766947298,2.0,0.0,0.0,0.0,0.0,0.0,1.0,0.0
meta.imbalanced.OOB -l (trees.HoeffdingTree -e 2000000 -g 100 -c 0.01),ArffFileStream -f ./../../../Dataset/benchmarks/magic.arff,1,14500.0,0.609375,4.257243644032213E-9,14500.0,1.0,1.0,1.0,1.0,1.0,1.0,1.0,0.0,1.0,14500.0,27120.0,10.0,6.277120481277901E-100,0.9999999999999994,14521.300000000001,93.39527706355268,908.8000000000001,128.06664931459193,6.199999999999999,1.0327955589886444,3.5999999999999996,0.5163977794943222,3.5999999999999996,0.5163977794943222,2.0,0.0,0.0,0.0,0.0,0.0,1.0,0.0
meta.imbalanced.OOB -l (trees.HoeffdingTree -e 2000000 -g 100 -c 0.01),ArffFileStream -f ./../../../Dataset/benchmarks/magic.arff,1,15000.0,0.625,4.3668680720859106E-9,15000.0,1.0,1.0,1.0,1.0,1.0,1.0,1.0,0.0,1.0,15000.0,27120.0,10.0,8.298797818662924E-123,0.9999999999999994,15026.800000000001,85.11795736897496,908.8000000000001,128.06664931459193,6.199999999999999,1.0327955589886444,3.5999999999999996,0.5163977794943222,3.5999999999999996,0.5163977794943222,2.0,0.0,0.0,0.0,0.0,0.0,1.0,0.0
meta.imbalanced.OOB -l (trees.HoeffdingTree -e 2000000 -g 100 -c 0.01),ArffFileStream -f ./../../../Dataset/benchmarks/magic.arff,1,15500.0,0.640625,4.476492500139608E-9,15500.0,1.0,1.0,1.0,1.0,1.0,1.0,1.0,0.0,1.0,15500.0,27120.0,10.0,1.0971598432825344E-145,0.9999999999999994,15529.2,93.29499212474127,933.6,119.79538110183269,6.399999999999999,0.9660917830792958,3.6999999999999993,0.4830458915396479,3.6999999999999993,0.4830458915396479,2.0,0.0,0.0,0.0,0.0,0.0,1.0,0.0
meta.imbalanced.OOB -l (trees.HoeffdingTree -e 2000000 -g 100 -c 0.01),ArffFileStream -f ./../../../Dataset/benchmarks/magic.arff,1,16000.0,0.671875,4.695741356247002E-9,16000.0,1.0,1.0,1.0,1.0,1.0,1.0,1.0,0.0,1.0,16000.0,27120.0,10.0,1.4505230131099928E-168,0.9999999999999994,16026.300000000001,85.9716361495011,1008.0,0.0,7.0,0.0,4.0,0.0,4.0,0.0,2.0,0.0,0.0,0.0,0.0,0.0,1.0,0.0
meta.imbalanced.OOB -l (trees.HoeffdingTree -e 2000000 -g 100 -c 0.01),ArffFileStream -f ./../../../Dataset/benchmarks/magic.arff,1,16500.0,0.6875,4.805365784300699E-9,16500.0,1.0,1.0,1.0,1.0,1.0,1.0,1.0,0.0,1.0,16500.0,27120.0,10.0,1.9176941486181223E-191,0.9999999999999994,16535.9,93.60965049965016,1008.0,0.0,7.0,0.0,4.0,0.0,4.0,0.0,2.0,0.0,0.0,0.0,0.0,0.0,1.0,0.0
meta.imbalanced.OOB -l (trees.HoeffdingTree -e 2000000 -g 100 -c 0.01),ArffFileStream -f ./../../../Dataset/benchmarks/magic.arff,1,17000.0,0.703125,4.9149902123543964E-9,17000.0,1.0,1.0,1.0,1.0,1.0,1.0,1.0,0.0,1.0,17000.0,27120.0,10.0,2.5353274745771375E-214,0.9999999999999994,17033.8,81.31256565459883,1008.0,0.0,7.0,0.0,4.0,0.0,4.0,0.0,2.0,0.0,0.0,0.0,0.0,0.0,1.0,0.0
meta.imbalanced.OOB -l (trees.HoeffdingTree -e 2000000 -g 100 -c 0.01),ArffFileStream -f ./../../../Dataset/benchmarks/magic.arff,1,17500.0,0.703125,4.9149902123543964E-9,17500.0,1.0,1.0,1.0,1.0,1.0,1.0,1.0,0.0,1.0,17500.0,27120.0,10.0,3.351882471966442E-237,0.9999999999999994,17527.8,77.79288742123738,1008.0,0.0,7.0,0.0,4.0,0.0,4.0,0.0,2.0,0.0,0.0,0.0,0.0,0.0,1.0,0.0
meta.imbalanced.OOB -l (trees.HoeffdingTree -e 2000000 -g 100 -c 0.01),ArffFileStream -f ./../../../Dataset/benchmarks/magic.arff,1,18000.0,0.71875,5.024614640408094E-9,18000.0,1.0,1.0,1.0,1.0,1.0,1.0,1.0,0.0,1.0,18000.0,27120.0,10.0,4.431426006516076E-260,0.9999999999999994,18031.2,74.39952210121324,1008.0,0.0,7.0,0.0,4.0,0.0,4.0,0.0,2.0,0.0,0.0,0.0,0.0,0.0,1.0,0.0
meta.imbalanced.OOB -l (trees.HoeffdingTree -e 2000000 -g 100 -c 0.01),ArffFileStream -f ./../../../Dataset/benchmarks/magic.arff,1,18500.0,0.734375,5.134239068461791E-9,18500.0,1.0,1.0,1.0,1.0,1.0,1.0,1.0,0.0,1.0,18500.0,27120.0,10.0,5.858659011903341E-283,0.9999999999999994,18529.100000000002,69.2041264023403,1008.0,0.0,7.0,0.0,4.0,0.0,4.0,0.0,2.0,0.0,0.0,0.0,0.0,0.0,1.0,0.0
meta.imbalanced.OOB -l (trees.HoeffdingTree -e 2000000 -g 100 -c 0.01),ArffFileStream -f ./../../../Dataset/benchmarks/magic.arff,1,19000.0,0.734375,5.134239068461791E-9,19000.0,1.0,1.0,1.0,1.0,1.0,1.0,1.0,0.0,1.0,19000.0,27120.0,10.0,7.745562120925754E-306,0.9999999999999994,19017.700000000004,75.56755623649232,1008.0,0.0,7.0,0.0,4.0,0.0,4.0,0.0,2.0,0.0,0.0,0.0,0.0,0.0,1.0,0.0
meta.imbalanced.OOB -l (trees.HoeffdingTree -e 2000000 -g 100 -c 0.01),ArffFileStream -f ./../../../Dataset/benchmarks/magic.arff,1,19020.0,0.75,5.2438634965154884E-9,19020.0,1.0,1.0,1.0,1.0,1.0,1.0,1.0,0.0,1.0,19020.0,27120.0,10.0,9.416795305855881E-307,0.9999999999999994,19035.2,74.93671403998908,1008.0,0.0,7.0,0.0,4.0,0.0,4.0,0.0,2.0,0.0,0.0,0.0,0.0,0.0,1.0,0.0
