Learner,stream,randomSeed,learning evaluation instances,evaluation time (cpu seconds),model cost (RAM-Hours),classified instances,Accuracy,AvgAccuracy,AUC,Kappa,G-Mean,Precision,Recall,Ratio-Class-0,Ratio-Class-1,model training instances,model serialized size (bytes)
meta.imbalanced.CSMOTE -l (trees.HoeffdingTree -e 2000000 -g 100 -c 0.01),ArffFileStream -f ./../../../Dataset/Synthetic_IM10/stream_gen_RBF_drift.arff,1,500.0,0.09375,1.5735471000274024E-10,500.0,0.912,0.5086296527344563,0.5086296527344563,0.02929756441934345,0.15379715936903857,0.5836693548387097,0.5086296527344563,0.916,0.084,500.0,6488.0
meta.imbalanced.CSMOTE -l (trees.HoeffdingTree -e 2000000 -g 100 -c 0.01),ArffFileStream -f ./../../../Dataset/Synthetic_IM10/stream_gen_RBF_drift.arff,1,1000.0,0.125,2.1258731269174153E-10,1000.0,0.892,0.5,0.5,0.0,0.0,0.892,0.5,0.892,0.108,1000.0,6832.0
meta.imbalanced.CSMOTE -l (trees.HoeffdingTree -e 2000000 -g 100 -c 0.01),ArffFileStream -f ./../../../Dataset/Synthetic_IM10/stream_gen_RBF_drift.arff,1,1500.0,0.28125,4.968347234858407E-10,1500.0,0.642,0.6855555555555555,0.6855555555555556,0.15725047080979285,0.6833902415327733,0.5692474830405865,0.6855555555555555,0.9,0.1,1500.0,7032.0
meta.imbalanced.CSMOTE -l (trees.HoeffdingTree -e 2000000 -g 100 -c 0.01),ArffFileStream -f ./../../../Dataset/Synthetic_IM10/stream_gen_RBF_drift.arff,1,2000.0,0.375,6.714577062262429E-10,2000.0,0.752,0.7799242424242424,0.7799242424242424,0.32284840541721277,0.7790582893351551,0.6349623785521221,0.7799242424242424,0.88,0.12,2000.0,7200.0
meta.imbalanced.CSMOTE -l (trees.HoeffdingTree -e 2000000 -g 100 -c 0.01),ArffFileStream -f ./../../../Dataset/Synthetic_IM10/stream_gen_RBF_drift.arff,1,2500.0,0.453125,8.134197236763106E-10,2500.0,0.746,0.7477272727272728,0.7477272727272728,0.29176890475128264,0.7477238187264794,0.621446212698,0.7477272727272728,0.88,0.12,2500.0,7024.0
meta.imbalanced.CSMOTE -l (trees.HoeffdingTree -e 2000000 -g 100 -c 0.01),ArffFileStream -f ./../../../Dataset/Synthetic_IM10/stream_gen_RBF_drift.arff,1,3000.0,0.5625,1.021900162514713E-9,3000.0,0.684,0.6688051958338284,0.6688051958338284,0.17751171264966165,0.6685155148123416,0.574945054945055,0.6688051958338284,0.886,0.114,3000.0,7368.0
meta.imbalanced.CSMOTE -l (trees.HoeffdingTree -e 2000000 -g 100 -c 0.01),ArffFileStream -f ./../../../Dataset/Synthetic_IM10/stream_gen_RBF_drift.arff,1,3500.0,0.671875,1.235134226994382E-9,3500.0,0.716,0.7498156342182891,0.7498156342182891,0.23392317652136382,0.7486467634346521,0.5966131907308379,0.7498156342182891,0.904,0.096,3500.0,7536.0
meta.imbalanced.CSMOTE -l (trees.HoeffdingTree -e 2000000 -g 100 -c 0.01),ArffFileStream -f ./../../../Dataset/Synthetic_IM10/stream_gen_RBF_drift.arff,1,4000.0,0.8125,1.496777662800418E-9,4000.0,0.682,0.6779366700715015,0.6779366700715015,0.1797358646306232,0.6779166547643934,0.5759822737106567,0.6779366700715015,0.89,0.11,4000.0,7192.0
meta.imbalanced.CSMOTE -l (trees.HoeffdingTree -e 2000000 -g 100 -c 0.01),ArffFileStream -f ./../../../Dataset/Synthetic_IM10/stream_gen_RBF_drift.arff,1,4500.0,0.890625,1.6456922619707056E-9,4500.0,0.68,0.7261904761904762,0.7261904761904762,0.21948173587261943,0.7237468644557459,0.5951028138528138,0.7261904761904762,0.888,0.112,4500.0,7368.0
meta.imbalanced.CSMOTE -l (trees.HoeffdingTree -e 2000000 -g 100 -c 0.01),ArffFileStream -f ./../../../Dataset/Synthetic_IM10/stream_gen_RBF_drift.arff,1,5000.0,1.0,1.8589263264503745E-9,5000.0,0.692,0.6899889380530974,0.6899889380530974,0.17636488105425296,0.6899844489718655,0.5730643788996029,0.6899889380530974,0.904,0.096,5000.0,7536.0
meta.imbalanced.CSMOTE -l (trees.HoeffdingTree -e 2000000 -g 100 -c 0.01),ArffFileStream -f ./../../../Dataset/Synthetic_IM10/stream_gen_RBF_drift.arff,1,5500.0,1.125,2.0969309844076637E-9,5500.0,0.79,0.7721238938053097,0.7721238938053097,0.3102632823585054,0.7718068674920978,0.6233623769823857,0.7721238938053097,0.904,0.096,5500.0,7360.0
meta.imbalanced.CSMOTE -l (trees.HoeffdingTree -e 2000000 -g 100 -c 0.01),ArffFileStream -f ./../../../Dataset/Synthetic_IM10/stream_gen_RBF_drift.arff,1,6000.0,1.28125,2.4015510765214765E-9,6000.0,0.678,0.6356932153392331,0.6356932153392331,0.12761714855433698,0.6335331931198718,0.5526287563238528,0.6356932153392331,0.904,0.096,6000.0,7536.0
meta.imbalanced.CSMOTE -l (trees.HoeffdingTree -e 2000000 -g 100 -c 0.01),ArffFileStream -f ./../../../Dataset/Synthetic_IM10/stream_gen_RBF_drift.arff,1,6500.0,1.4375,2.7129620624085272E-9,6500.0,0.696,0.679676858766615,0.679676858766615,0.16759764298701013,0.6793795156109295,0.568790347233461,0.679676858766615,0.906,0.094,6500.0,7704.0
meta.imbalanced.CSMOTE -l (trees.HoeffdingTree -e 2000000 -g 100 -c 0.01),ArffFileStream -f ./../../../Dataset/Synthetic_IM10/stream_gen_RBF_drift.arff,1,7000.0,1.5625,2.9620908511181678E-9,7000.0,0.772,0.7810138871301338,0.7810138871301339,0.3184264020088485,0.7809301136925281,0.6293346284604178,0.7810138871301338,0.894,0.106,7000.0,7704.0
meta.imbalanced.CSMOTE -l (trees.HoeffdingTree -e 2000000 -g 100 -c 0.01),ArffFileStream -f ./../../../Dataset/Synthetic_IM10/stream_gen_RBF_drift.arff,1,7500.0,1.6875,3.2112196398278083E-9,7500.0,0.812,0.7957373636816145,0.7957373636816145,0.35741434469935196,0.7954802410955805,0.6425129200375063,0.7957373636816145,0.902,0.098,7500.0,7704.0
meta.imbalanced.CSMOTE -l (trees.HoeffdingTree -e 2000000 -g 100 -c 0.01),ArffFileStream -f ./../../../Dataset/Synthetic_IM10/stream_gen_RBF_drift.arff,1,8000.0,1.8125,3.443791582766507E-9,8000.0,0.764,0.7638406537282942,0.7638406537282942,0.30449133561240127,0.7638406264094796,0.6244435451234318,0.7638406537282942,0.89,0.11,8000.0,7192.0
meta.imbalanced.CSMOTE -l (trees.HoeffdingTree -e 2000000 -g 100 -c 0.01),ArffFileStream -f ./../../../Dataset/Synthetic_IM10/stream_gen_RBF_drift.arff,1,8500.0,1.96875,3.748411674880319E-9,8500.0,0.63,0.6540995802114884,0.6540995802114883,0.11143131604226705,0.6534640392130713,0.5483333333333333,0.6540995802114884,0.918,0.082,8500.0,7536.0
meta.imbalanced.CSMOTE -l (trees.HoeffdingTree -e 2000000 -g 100 -c 0.01),ArffFileStream -f ./../../../Dataset/Synthetic_IM10/stream_gen_RBF_drift.arff,1,9000.0,2.109375,4.0225697577827505E-9,9000.0,0.652,0.6962719298245614,0.6962719298245614,0.15330115228900654,0.6941958619416009,0.5660915682062299,0.6962719298245614,0.912,0.088,9000.0,7536.0
meta.imbalanced.CSMOTE -l (trees.HoeffdingTree -e 2000000 -g 100 -c 0.01),ArffFileStream -f ./../../../Dataset/Synthetic_IM10/stream_gen_RBF_drift.arff,1,9500.0,2.25,4.302839645081096E-9,9500.0,0.658,0.6892942583732058,0.6892942583732057,0.15087593850554165,0.6882472016116853,0.564352157779698,0.6892942583732058,0.912,0.088,9500.0,7704.0
meta.imbalanced.CSMOTE -l (trees.HoeffdingTree -e 2000000 -g 100 -c 0.01),ArffFileStream -f ./../../../Dataset/Synthetic_IM10/stream_gen_RBF_drift.arff,1,10000.0,2.40625,4.614250630968146E-9,10000.0,0.75,0.7669986263736264,0.7669986263736265,0.2847333485923552,0.7666982693757279,0.6163160355306219,0.7669986263736264,0.896,0.104,10000.0,7704.0
meta.imbalanced.CSMOTE -l (trees.HoeffdingTree -e 2000000 -g 100 -c 0.01),ArffFileStream -f ./../../../Dataset/Synthetic_IM10/stream_gen_RBF_drift.arff,1,10500.0,2.5625,4.939243404401672E-9,10500.0,0.748,0.8017771134363063,0.8017771134363063,0.31575288904335735,0.7988375959689384,0.6310872231440733,0.8017771134363063,0.892,0.108,10500.0,8040.0
meta.imbalanced.CSMOTE -l (trees.HoeffdingTree -e 2000000 -g 100 -c 0.01),ArffFileStream -f ./../../../Dataset/Synthetic_IM10/stream_gen_RBF_drift.arff,1,11000.0,2.71875,5.243540120621521E-9,11000.0,0.706,0.7548979695689787,0.7548979695689788,0.21420629490249743,0.7525844737690658,0.5883047739933714,0.7548979695689787,0.914,0.086,11000.0,7528.0
meta.imbalanced.CSMOTE -l (trees.HoeffdingTree -e 2000000 -g 100 -c 0.01),ArffFileStream -f ./../../../Dataset/Synthetic_IM10/stream_gen_RBF_drift.arff,1,11500.0,2.890625,5.586092205097277E-9,11500.0,0.764,0.7533333333333334,0.7533333333333333,0.2787286063569682,0.7532153299909219,0.6121252655598395,0.7533333333333334,0.9,0.1,11500.0,7704.0
meta.imbalanced.CSMOTE -l (trees.HoeffdingTree -e 2000000 -g 100 -c 0.01),ArffFileStream -f ./../../../Dataset/Synthetic_IM10/stream_gen_RBF_drift.arff,1,12000.0,3.0625,5.920818592939111E-9,12000.0,0.69,0.7122919428487259,0.7122919428487259,0.22931583134447095,0.7116748360894006,0.5989274989274989,0.7122919428487259,0.876,0.124,12000.0,7528.0
meta.imbalanced.CSMOTE -l (trees.HoeffdingTree -e 2000000 -g 100 -c 0.01),ArffFileStream -f ./../../../Dataset/Synthetic_IM10/stream_gen_RBF_drift.arff,1,12500.0,3.234375,6.263370677414867E-9,12500.0,0.684,0.7082478924584188,0.7082478924584188,0.15619926514568913,0.7076704375384556,0.5641133557800224,0.7082478924584188,0.924,0.076,12500.0,7704.0
meta.imbalanced.CSMOTE -l (trees.HoeffdingTree -e 2000000 -g 100 -c 0.01),ArffFileStream -f ./../../../Dataset/Synthetic_IM10/stream_gen_RBF_drift.arff,1,13000.0,3.421875,6.645212933007213E-9,13000.0,0.668,0.6979021569372335,0.6979021569372336,0.18430725082060656,0.6968697535862354,0.5794405191548484,0.6979021569372335,0.894,0.106,13000.0,7872.0
meta.imbalanced.CSMOTE -l (trees.HoeffdingTree -e 2000000 -g 100 -c 0.01),ArffFileStream -f ./../../../Dataset/Synthetic_IM10/stream_gen_RBF_drift.arff,1,13500.0,3.609375,7.0270551885995594E-9,13500.0,0.764,0.785674778761062,0.785674778761062,0.2958755012411686,0.7852166996993414,0.6189726658476659,0.785674778761062,0.904,0.096,13500.0,7872.0
meta.imbalanced.CSMOTE -l (trees.HoeffdingTree -e 2000000 -g 100 -c 0.01),ArffFileStream -f ./../../../Dataset/Synthetic_IM10/stream_gen_RBF_drift.arff,1,14000.0,3.828125,7.415041586177216E-9,14000.0,0.77,0.7655555555555555,0.7655555555555555,0.2936117936117936,0.7655353972511294,0.6180386811276398,0.7655555555555555,0.9,0.1,14000.0,6856.0
meta.imbalanced.CSMOTE -l (trees.HoeffdingTree -e 2000000 -g 100 -c 0.01),ArffFileStream -f ./../../../Dataset/Synthetic_IM10/stream_gen_RBF_drift.arff,1,14500.0,4.0625,7.871971724347936E-9,14500.0,0.664,0.6994119681771014,0.6994119681771013,0.19812131278996506,0.6978744226499495,0.5869226516560285,0.6994119681771014,0.882,0.118,14500.0,7536.0
meta.imbalanced.CSMOTE -l (trees.HoeffdingTree -e 2000000 -g 100 -c 0.01),ArffFileStream -f ./../../../Dataset/Synthetic_IM10/stream_gen_RBF_drift.arff,1,15000.0,4.25,8.245664907412396E-9,15000.0,0.724,0.7419685577580315,0.7419685577580314,0.19759977672341614,0.7416659306587647,0.5786142571618921,0.7419685577580315,0.924,0.076,15000.0,7704.0
meta.imbalanced.CSMOTE -l (trees.HoeffdingTree -e 2000000 -g 100 -c 0.01),ArffFileStream -f ./../../../Dataset/Synthetic_IM10/stream_gen_RBF_drift.arff,1,15500.0,4.5,8.754787914868858E-9,15500.0,0.734,0.7505247316937943,0.7505247316937943,0.2756306914731384,0.7502194311555592,0.6148011033681766,0.7505247316937943,0.886,0.114,15500.0,7872.0
meta.imbalanced.CSMOTE -l (trees.HoeffdingTree -e 2000000 -g 100 -c 0.01),ArffFileStream -f ./../../../Dataset/Synthetic_IM10/stream_gen_RBF_drift.arff,1,16000.0,4.734375,9.23209073435929E-9,16000.0,0.782,0.7442830239440409,0.7442830239440408,0.31810219708723286,0.7426439544259865,0.6308465085638999,0.7442830239440409,0.882,0.118,16000.0,7872.0
meta.imbalanced.CSMOTE -l (trees.HoeffdingTree -e 2000000 -g 100 -c 0.01),ArffFileStream -f ./../../../Dataset/Synthetic_IM10/stream_gen_RBF_drift.arff,1,16500.0,4.96875,9.678349468029206E-9,16500.0,0.718,0.6822267620020429,0.6822267620020428,0.20194702286619878,0.680683427518599,0.5831097197376267,0.6822267620020429,0.89,0.11,16500.0,7360.0
meta.imbalanced.CSMOTE -l (trees.HoeffdingTree -e 2000000 -g 100 -c 0.01),ArffFileStream -f ./../../../Dataset/Synthetic_IM10/stream_gen_RBF_drift.arff,1,17000.0,5.203125,1.0145465946859782E-8,17000.0,0.686,0.7098735874353572,0.7098735874353571,0.18256414528490503,0.7092704329250186,0.5762804782540594,0.7098735874353572,0.908,0.092,17000.0,7704.0
meta.imbalanced.CSMOTE -l (trees.HoeffdingTree -e 2000000 -g 100 -c 0.01),ArffFileStream -f ./../../../Dataset/Synthetic_IM10/stream_gen_RBF_drift.arff,1,17500.0,5.453125,1.0643723524279063E-8,17500.0,0.706,0.7233338030153587,0.7233338030153587,0.20557717250324253,0.7230187370492398,0.58475935828877,0.7233338030153587,0.906,0.094,17500.0,7704.0
meta.imbalanced.CSMOTE -l (trees.HoeffdingTree -e 2000000 -g 100 -c 0.01),ArffFileStream -f ./../../../Dataset/Synthetic_IM10/stream_gen_RBF_drift.arff,1,18000.0,5.703125,1.110886741015646E-8,18000.0,0.694,0.741111111111111,0.7411111111111112,0.2209775967413442,0.738767742783737,0.5935167468238782,0.741111111111111,0.9,0.1,18000.0,7192.0
meta.imbalanced.CSMOTE -l (trees.HoeffdingTree -e 2000000 -g 100 -c 0.01),ArffFileStream -f ./../../../Dataset/Synthetic_IM10/stream_gen_RBF_drift.arff,1,18500.0,5.96875,1.1626721566749943E-8,18500.0,0.618,0.6609122584732341,0.6609122584732341,0.12963435529145856,0.6587535864151512,0.5582416142557651,0.6609122584732341,0.902,0.098,18500.0,7536.0
meta.imbalanced.CSMOTE -l (trees.HoeffdingTree -e 2000000 -g 100 -c 0.01),ArffFileStream -f ./../../../Dataset/Synthetic_IM10/stream_gen_RBF_drift.arff,1,19000.0,6.265625,1.2218402439935338E-8,19000.0,0.672,0.6849629717634945,0.6849629717634945,0.18555451818597168,0.6847571256264474,0.5797953221369873,0.6849629717634945,0.886,0.114,19000.0,7704.0
meta.imbalanced.CSMOTE -l (trees.HoeffdingTree -e 2000000 -g 100 -c 0.01),ArffFileStream -f ./../../../Dataset/Synthetic_IM10/stream_gen_RBF_drift.arff,1,19500.0,6.5625,1.27836635025839E-8,19500.0,0.726,0.7026098901098901,0.7026098901098902,0.21606775005722134,0.7019889326324608,0.5882655446470313,0.7026098901098901,0.896,0.104,19500.0,7360.0
meta.imbalanced.CSMOTE -l (trees.HoeffdingTree -e 2000000 -g 100 -c 0.01),ArffFileStream -f ./../../../Dataset/Synthetic_IM10/stream_gen_RBF_drift.arff,1,20000.0,6.875,1.3406485474358E-8,20000.0,0.682,0.6906063126212822,0.6906063126212822,0.19495301360985093,0.6905163281871685,0.5831605501416822,0.6906063126212822,0.886,0.114,20000.0,7704.0
meta.imbalanced.CSMOTE -l (trees.HoeffdingTree -e 2000000 -g 100 -c 0.01),ArffFileStream -f ./../../../Dataset/Synthetic_IM10/stream_gen_RBF_drift.arff,1,20500.0,7.171875,1.4011069045712548E-8,20500.0,0.63,0.6248212461695608,0.6248212461695608,0.11669213139801375,0.6247859694814524,0.551090373938056,0.6248212461695608,0.89,0.11,20500.0,7872.0
meta.imbalanced.CSMOTE -l (trees.HoeffdingTree -e 2000000 -g 100 -c 0.01),ArffFileStream -f ./../../../Dataset/Synthetic_IM10/stream_gen_RBF_drift.arff,1,21000.0,7.46875,1.4628555315236247E-8,21000.0,0.702,0.7183925972135579,0.7183925972135579,0.18404451064575483,0.7181223639976191,0.5750996621319652,0.7183925972135579,0.916,0.084,21000.0,8040.0
meta.imbalanced.CSMOTE -l (trees.HoeffdingTree -e 2000000 -g 100 -c 0.01),ArffFileStream -f ./../../../Dataset/Synthetic_IM10/stream_gen_RBF_drift.arff,1,21500.0,7.78125,1.5237148747675946E-8,21500.0,0.742,0.7362647492625369,0.7362647492625369,0.24121217825043528,0.7362305333454247,0.5972693979012884,0.7362647492625369,0.904,0.096,21500.0,7528.0
meta.imbalanced.CSMOTE -l (trees.HoeffdingTree -e 2000000 -g 100 -c 0.01),ArffFileStream -f ./../../../Dataset/Synthetic_IM10/stream_gen_RBF_drift.arff,1,22000.0,8.078125,1.5841732319030494E-8,22000.0,0.66,0.6742788461538461,0.6742788461538461,0.1604109047807191,0.6740377757046878,0.5689303904923599,0.6742788461538461,0.896,0.104,22000.0,7872.0
meta.imbalanced.CSMOTE -l (trees.HoeffdingTree -e 2000000 -g 100 -c 0.01),ArffFileStream -f ./../../../Dataset/Synthetic_IM10/stream_gen_RBF_drift.arff,1,22500.0,8.359375,1.6414495702419012E-8,22500.0,0.618,0.6402747650036154,0.6402747650036154,0.09554115998030079,0.6397306012901389,0.541766030736619,0.6402747650036154,0.922,0.078,22500.0,7872.0
meta.imbalanced.CSMOTE -l (trees.HoeffdingTree -e 2000000 -g 100 -c 0.01),ArffFileStream -f ./../../../Dataset/Synthetic_IM10/stream_gen_RBF_drift.arff,1,23000.0,8.671875,1.7064481249286066E-8,23000.0,0.716,0.7860598374900193,0.7860598374900193,0.2554686353054676,0.7813102637505668,0.6065312833429536,0.7860598374900193,0.906,0.094,23000.0,8040.0
meta.imbalanced.CSMOTE -l (trees.HoeffdingTree -e 2000000 -g 100 -c 0.01),ArffFileStream -f ./../../../Dataset/Synthetic_IM10/stream_gen_RBF_drift.arff,1,23500.0,8.984375,1.7686656469272238E-8,23500.0,0.69,0.7316127178701398,0.7316127178701397,0.19977697009747233,0.7298332543803325,0.5837735326209321,0.7316127178701398,0.908,0.092,23500.0,7696.0
meta.imbalanced.CSMOTE -l (trees.HoeffdingTree -e 2000000 -g 100 -c 0.01),ArffFileStream -f ./../../../Dataset/Synthetic_IM10/stream_gen_RBF_drift.arff,1,24000.0,9.359375,1.845034098045693E-8,24000.0,0.738,0.7863636363636364,0.7863636363636364,0.3158554418216002,0.7837845251203814,0.6336373760407277,0.7863636363636364,0.88,0.12,24000.0,7872.0
meta.imbalanced.CSMOTE -l (trees.HoeffdingTree -e 2000000 -g 100 -c 0.01),ArffFileStream -f ./../../../Dataset/Synthetic_IM10/stream_gen_RBF_drift.arff,1,24500.0,9.703125,1.9134733722441723E-8,24500.0,0.704,0.6584269662921348,0.6584269662921349,0.17327672885711093,0.6558295201884112,0.5715155203895314,0.6584269662921348,0.89,0.11,24500.0,7696.0
meta.imbalanced.CSMOTE -l (trees.HoeffdingTree -e 2000000 -g 100 -c 0.01),ArffFileStream -f ./../../../Dataset/Synthetic_IM10/stream_gen_RBF_drift.arff,1,25000.0,10.078125,1.9898418233626415E-8,25000.0,0.656,0.7022222222222223,0.7022222222222222,0.1746641074856046,0.6998412518405712,0.5760920462907217,0.7022222222222223,0.9,0.1,25000.0,7872.0
meta.imbalanced.CSMOTE -l (trees.HoeffdingTree -e 2000000 -g 100 -c 0.01),ArffFileStream -f ./../../../Dataset/Synthetic_IM10/stream_gen_RBF_drift.arff,1,25500.0,10.4375,2.0645901612523525E-8,25500.0,0.69,0.8011111111111111,0.8011111111111111,0.25908221797323133,0.7889796504909926,0.6131070635569876,0.8011111111111111,0.9,0.1,25500.0,8040.0
meta.imbalanced.CSMOTE -l (trees.HoeffdingTree -e 2000000 -g 100 -c 0.01),ArffFileStream -f ./../../../Dataset/Synthetic_IM10/stream_gen_RBF_drift.arff,1,26000.0,10.78125,2.1360885714077284E-8,26000.0,0.752,0.7950584179276001,0.7950584179276,0.28446126858092513,0.7933054021137084,0.6148255813953488,0.7950584179276001,0.908,0.092,26000.0,8040.0
meta.imbalanced.CSMOTE -l (trees.HoeffdingTree -e 2000000 -g 100 -c 0.01),ArffFileStream -f ./../../../Dataset/Synthetic_IM10/stream_gen_RBF_drift.arff,1,26500.0,11.171875,2.2121627504626907E-8,26500.0,0.742,0.7569347029277342,0.7569347029277342,0.26042287758565336,0.7567067432322636,0.6058064997018485,0.7569347029277342,0.902,0.098,26500.0,7528.0
meta.imbalanced.CSMOTE -l (trees.HoeffdingTree -e 2000000 -g 100 -c 0.01),ArffFileStream -f ./../../../Dataset/Synthetic_IM10/stream_gen_RBF_drift.arff,1,27000.0,11.5625,2.291713220377763E-8,27000.0,0.716,0.7879994569890041,0.7879994569890041,0.263928341869,0.7828944128706945,0.610765937451052,0.7879994569890041,0.902,0.098,27000.0,7872.0
meta.imbalanced.CSMOTE -l (trees.HoeffdingTree -e 2000000 -g 100 -c 0.01),ArffFileStream -f ./../../../Dataset/Synthetic_IM10/stream_gen_RBF_drift.arff,1,27500.0,11.90625,2.3617176339030263E-8,27500.0,0.688,0.7048913043478261,0.7048913043478262,0.16201117318435754,0.704604421859775,0.5664621676891616,0.7048913043478261,0.92,0.08,27500.0,7872.0
meta.imbalanced.CSMOTE -l (trees.HoeffdingTree -e 2000000 -g 100 -c 0.01),ArffFileStream -f ./../../../Dataset/Synthetic_IM10/stream_gen_RBF_drift.arff,1,28000.0,12.3125,2.446215754995743E-8,28000.0,0.754,0.7600546975546976,0.7600546975546976,0.2960487157181448,0.7600146479655936,0.6217908873443709,0.7600546975546976,0.888,0.112,28000.0,8040.0
meta.imbalanced.CSMOTE -l (trees.HoeffdingTree -e 2000000 -g 100 -c 0.01),ArffFileStream -f ./../../../Dataset/Synthetic_IM10/stream_gen_RBF_drift.arff,1,28500.0,12.703125,2.5274639483541245E-8,28500.0,0.802,0.8311355311355311,0.8311355311355311,0.35395458104933436,0.8303757038376121,0.6395750988142292,0.8311355311355311,0.91,0.09,28500.0,8040.0
meta.imbalanced.CSMOTE -l (trees.HoeffdingTree -e 2000000 -g 100 -c 0.01),ArffFileStream -f ./../../../Dataset/Synthetic_IM10/stream_gen_RBF_drift.arff,1,29000.0,13.078125,2.598865345741311E-8,29000.0,0.786,0.7649396667305114,0.7649396667305114,0.29262745927649675,0.764504138173264,0.6156104389978896,0.7649396667305114,0.908,0.092,29000.0,7360.0
meta.imbalanced.CSMOTE -l (trees.HoeffdingTree -e 2000000 -g 100 -c 0.01),ArffFileStream -f ./../../../Dataset/Synthetic_IM10/stream_gen_RBF_drift.arff,1,29500.0,13.46875,2.6784158156563834E-8,29500.0,0.694,0.6745967126354893,0.6745967126354894,0.15211030324525626,0.6741895697808009,0.561882259577231,0.6745967126354893,0.914,0.086,29500.0,7872.0
meta.imbalanced.CSMOTE -l (trees.HoeffdingTree -e 2000000 -g 100 -c 0.01),ArffFileStream -f ./../../../Dataset/Synthetic_IM10/stream_gen_RBF_drift.arff,1,30000.0,13.890625,2.7643303231646612E-8,30000.0,0.672,0.7084546874340467,0.7084546874340467,0.19413487430469564,0.7069426032777132,0.5836764431793151,0.7084546874340467,0.894,0.106,30000.0,7872.0
meta.imbalanced.CSMOTE -l (trees.HoeffdingTree -e 2000000 -g 100 -c 0.01),ArffFileStream -f ./../../../Dataset/Synthetic_IM10/stream_gen_RBF_drift.arff,1,30500.0,14.296875,2.848828444257378E-8,30500.0,0.726,0.7343713306091776,0.7343713306091777,0.22563870676011757,0.7342989616012603,0.5917279411764707,0.7343713306091776,0.906,0.094,30500.0,8040.0
meta.imbalanced.CSMOTE -l (trees.HoeffdingTree -e 2000000 -g 100 -c 0.01),ArffFileStream -f ./../../../Dataset/Synthetic_IM10/stream_gen_RBF_drift.arff,1,31000.0,14.71875,2.93657649308443E-8,31000.0,0.674,0.7262040437296864,0.7262040437296864,0.20824590036527552,0.7231759201066218,0.5902735664712621,0.7262040437296864,0.894,0.106,31000.0,8040.0
meta.imbalanced.CSMOTE -l (trees.HoeffdingTree -e 2000000 -g 100 -c 0.01),ArffFileStream -f ./../../../Dataset/Synthetic_IM10/stream_gen_RBF_drift.arff,1,31500.0,15.21875,3.0427472665905946E-8,31500.0,0.776,0.7895132866025107,0.7895132866025109,0.3430468548368175,0.7893192197709202,0.6408818484901042,0.7895132866025107,0.886,0.114,31500.0,8208.0
meta.imbalanced.CSMOTE -l (trees.HoeffdingTree -e 2000000 -g 100 -c 0.01),ArffFileStream -f ./../../../Dataset/Synthetic_IM10/stream_gen_RBF_drift.arff,1,32000.0,15.625,3.1200987804267136E-8,32000.0,0.772,0.7472606930307581,0.7472606930307581,0.23778449359471532,0.7466855773788581,0.591965079956143,0.7472606930307581,0.922,0.078,32000.0,7360.0
meta.imbalanced.CSMOTE -l (trees.HoeffdingTree -e 2000000 -g 100 -c 0.01),ArffFileStream -f ./../../../Dataset/Synthetic_IM10/stream_gen_RBF_drift.arff,1,32500.0,16.046875,3.2041797466162175E-8,32500.0,0.656,0.6808302808302809,0.6808302808302809,0.1469100287669874,0.6801565574284664,0.5627340348023517,0.6808302808302809,0.91,0.09,32500.0,7704.0
meta.imbalanced.CSMOTE -l (trees.HoeffdingTree -e 2000000 -g 100 -c 0.01),ArffFileStream -f ./../../../Dataset/Synthetic_IM10/stream_gen_RBF_drift.arff,1,33000.0,16.453125,3.286912235327893E-8,33000.0,0.632,0.640679863620172,0.640679863620172,0.10729880261600264,0.640594096045421,0.546313514600191,0.640679863620172,0.914,0.086,33000.0,7872.0
meta.imbalanced.CSMOTE -l (trees.HoeffdingTree -e 2000000 -g 100 -c 0.01),ArffFileStream -f ./../../../Dataset/Synthetic_IM10/stream_gen_RBF_drift.arff,1,33500.0,16.890625,3.37791021188928E-8,33500.0,0.716,0.7137973137973138,0.7137973137973139,0.1978307535871653,0.7137922593439842,0.5802048406896425,0.7137973137973138,0.91,0.09,33500.0,8040.0
meta.imbalanced.CSMOTE -l (trees.HoeffdingTree -e 2000000 -g 100 -c 0.01),ArffFileStream -f ./../../../Dataset/Synthetic_IM10/stream_gen_RBF_drift.arff,1,34000.0,17.3125,3.4600703252686394E-8,34000.0,0.716,0.7152214597629445,0.7152214597629445,0.18912745545911375,0.7152208476308832,0.5761029411764707,0.7152214597629445,0.916,0.084,34000.0,7528.0
meta.imbalanced.CSMOTE -l (trees.HoeffdingTree -e 2000000 -g 100 -c 0.01),ArffFileStream -f ./../../../Dataset/Synthetic_IM10/stream_gen_RBF_drift.arff,1,34500.0,17.78125,3.555530889166726E-8,34500.0,0.71,0.7426259337291707,0.7426259337291706,0.21848051052086925,0.7415488225303383,0.5900655895056791,0.7426259337291707,0.908,0.092,34500.0,7872.0
meta.imbalanced.CSMOTE -l (trees.HoeffdingTree -e 2000000 -g 100 -c 0.01),ArffFileStream -f ./../../../Dataset/Synthetic_IM10/stream_gen_RBF_drift.arff,1,35000.0,18.265625,3.6541734718614155E-8,35000.0,0.644,0.7061880431459888,0.7061880431459888,0.17505515080733366,0.7018532111778167,0.5778470264299023,0.7061880431459888,0.898,0.102,35000.0,7872.0
meta.imbalanced.CSMOTE -l (trees.HoeffdingTree -e 2000000 -g 100 -c 0.01),ArffFileStream -f ./../../../Dataset/Synthetic_IM10/stream_gen_RBF_drift.arff,1,35500.0,18.75,3.7549212316258084E-8,35500.0,0.684,0.7771499712698717,0.7771499712698717,0.22664265016837654,0.7687202717229618,0.5975001684522606,0.7771499712698717,0.908,0.092,35500.0,8040.0
meta.imbalanced.CSMOTE -l (trees.HoeffdingTree -e 2000000 -g 100 -c 0.01),ArffFileStream -f ./../../../Dataset/Synthetic_IM10/stream_gen_RBF_drift.arff,1,36000.0,19.21875,3.8421357102278204E-8,36000.0,0.776,0.8096378751585177,0.8096378751585176,0.3201408279713488,0.808577379830959,0.6280718795531812,0.8096378751585177,0.906,0.094,36000.0,7192.0
meta.imbalanced.CSMOTE -l (trees.HoeffdingTree -e 2000000 -g 100 -c 0.01),ArffFileStream -f ./../../../Dataset/Synthetic_IM10/stream_gen_RBF_drift.arff,1,36500.0,19.671875,3.932444896135065E-8,36500.0,0.698,0.6760869565217391,0.6760869565217391,0.14650689577210038,0.6755834837222272,0.5589830878738782,0.6760869565217391,0.92,0.08,36500.0,7704.0
meta.imbalanced.CSMOTE -l (trees.HoeffdingTree -e 2000000 -g 100 -c 0.01),ArffFileStream -f ./../../../Dataset/Synthetic_IM10/stream_gen_RBF_drift.arff,1,37000.0,20.203125,4.0406335352195633E-8,37000.0,0.736,0.7574129874667016,0.7574129874667015,0.2632119493625667,0.756935125276285,0.6079994136939115,0.7574129874667016,0.898,0.102,37000.0,7872.0
meta.imbalanced.CSMOTE -l (trees.HoeffdingTree -e 2000000 -g 100 -c 0.01),ArffFileStream -f ./../../../Dataset/Synthetic_IM10/stream_gen_RBF_drift.arff,1,37500.0,20.71875,4.147881150452627E-8,37500.0,0.78,0.7325218335671297,0.7325218335671297,0.2720438361966276,0.7301376892724873,0.608473538662895,0.7325218335671297,0.902,0.098,37500.0,8040.0
meta.imbalanced.CSMOTE -l (trees.HoeffdingTree -e 2000000 -g 100 -c 0.01),ArffFileStream -f ./../../../Dataset/Synthetic_IM10/stream_gen_RBF_drift.arff,1,38000.0,21.296875,4.2681284766230313E-8,38000.0,0.8,0.8079673135852912,0.8079673135852911,0.37616968184653776,0.8079027439723668,0.6529680365296804,0.8079673135852912,0.89,0.11,38000.0,8040.0
meta.imbalanced.CSMOTE -l (trees.HoeffdingTree -e 2000000 -g 100 -c 0.01),ArffFileStream -f ./../../../Dataset/Synthetic_IM10/stream_gen_RBF_drift.arff,1,38500.0,21.84375,4.3770091401206116E-8,38500.0,0.746,0.7377936670071501,0.7377936670071502,0.26826457709149576,0.7377186488783933,0.61002722323049,0.7377936670071501,0.89,0.11,38500.0,7696.0
meta.imbalanced.CSMOTE -l (trees.HoeffdingTree -e 2000000 -g 100 -c 0.01),ArffFileStream -f ./../../../Dataset/Synthetic_IM10/stream_gen_RBF_drift.arff,1,39000.0,22.375,4.48519777920511E-8,39000.0,0.704,0.7288888888888889,0.7288888888888889,0.21775898520084566,0.72822462956914,0.5907904943233905,0.7288888888888889,0.9,0.1,39000.0,7872.0
meta.imbalanced.CSMOTE -l (trees.HoeffdingTree -e 2000000 -g 100 -c 0.01),ArffFileStream -f ./../../../Dataset/Synthetic_IM10/stream_gen_RBF_drift.arff,1,39500.0,22.828125,4.579445683500833E-8,39500.0,0.712,0.6910919540229885,0.6910919540229886,0.1506228765571914,0.690660187250484,0.5594812164579607,0.6910919540229885,0.928,0.072,39500.0,8040.0
meta.imbalanced.CSMOTE -l (trees.HoeffdingTree -e 2000000 -g 100 -c 0.01),ArffFileStream -f ./../../../Dataset/Synthetic_IM10/stream_gen_RBF_drift.arff,1,40000.0,23.40625,4.6996930096712374E-8,40000.0,0.662,0.7702757916241062,0.7702757916241063,0.23846431146359048,0.7576642781105767,0.6080811711652833,0.7702757916241062,0.89,0.11,40000.0,8040.0
meta.imbalanced.CSMOTE -l (trees.HoeffdingTree -e 2000000 -g 100 -c 0.01),ArffFileStream -f ./../../../Dataset/Synthetic_IM10/stream_gen_RBF_drift.arff,1,40500.0,23.921875,4.806940624904301E-8,40500.0,0.744,0.8185805422647527,0.8185805422647529,0.2854590925330475,0.8135612931251409,0.6159988385598142,0.8185805422647527,0.912,0.088,40500.0,8040.0
meta.imbalanced.CSMOTE -l (trees.HoeffdingTree -e 2000000 -g 100 -c 0.01),ArffFileStream -f ./../../../Dataset/Synthetic_IM10/stream_gen_RBF_drift.arff,1,41000.0,24.4375,4.918670230027702E-8,41000.0,0.75,0.8105694366698896,0.8105694366698896,0.2808818114874816,0.8072618352510498,0.6129432230364942,0.8105694366698896,0.914,0.086,41000.0,8376.0
meta.imbalanced.CSMOTE -l (trees.HoeffdingTree -e 2000000 -g 100 -c 0.01),ArffFileStream -f ./../../../Dataset/Synthetic_IM10/stream_gen_RBF_drift.arff,1,41500.0,24.984375,5.025174080704649E-8,41500.0,0.762,0.7771132376395534,0.7771132376395534,0.27208221189136284,0.7768967631173814,0.6080135988343857,0.7771132376395534,0.912,0.088,41500.0,7528.0
meta.imbalanced.CSMOTE -l (trees.HoeffdingTree -e 2000000 -g 100 -c 0.01),ArffFileStream -f ./../../../Dataset/Synthetic_IM10/stream_gen_RBF_drift.arff,1,42000.0,25.59375,5.149272813772162E-8,42000.0,0.694,0.6818856718634001,0.6818856718634002,0.17883211678832117,0.6817158142315773,0.5742424242424242,0.6818856718634001,0.898,0.102,42000.0,7872.0
meta.imbalanced.CSMOTE -l (trees.HoeffdingTree -e 2000000 -g 100 -c 0.01),ArffFileStream -f ./../../../Dataset/Synthetic_IM10/stream_gen_RBF_drift.arff,1,42500.0,26.203125,5.276019995411237E-8,42500.0,0.73,0.7106205511157693,0.7106205511157693,0.22227855101852706,0.7102033778718048,0.5905149763531267,0.7106205511157693,0.898,0.102,42500.0,8040.0
meta.imbalanced.CSMOTE -l (trees.HoeffdingTree -e 2000000 -g 100 -c 0.01),ArffFileStream -f ./../../../Dataset/Synthetic_IM10/stream_gen_RBF_drift.arff,1,43000.0,26.765625,5.395462115605672E-8,43000.0,0.804,0.748814052886196,0.748814052886196,0.30189485681721046,0.7457234862322423,0.6196499153020892,0.748814052886196,0.906,0.094,43000.0,8208.0
meta.imbalanced.CSMOTE -l (trees.HoeffdingTree -e 2000000 -g 100 -c 0.01),ArffFileStream -f ./../../../Dataset/Synthetic_IM10/stream_gen_RBF_drift.arff,1,43500.0,27.359375,5.521539909144242E-8,43500.0,0.736,0.7525642649107256,0.7525642649107256,0.26612849422910134,0.7522706331388292,0.609630077502336,0.7525642649107256,0.894,0.106,43500.0,8208.0
meta.imbalanced.CSMOTE -l (trees.HoeffdingTree -e 2000000 -g 100 -c 0.01),ArffFileStream -f ./../../../Dataset/Synthetic_IM10/stream_gen_RBF_drift.arff,1,44000.0,27.90625,5.640041005487243E-8,44000.0,0.844,0.8499688084840923,0.8499688084840924,0.40844557699308337,0.8499385321431834,0.6590136054421769,0.8499688084840923,0.916,0.084,44000.0,8376.0
meta.imbalanced.CSMOTE -l (trees.HoeffdingTree -e 2000000 -g 100 -c 0.01),ArffFileStream -f ./../../../Dataset/Synthetic_IM10/stream_gen_RBF_drift.arff,1,44500.0,28.546875,5.770371192031436E-8,44500.0,0.756,0.740010296621916,0.740010296621916,0.28439032401867625,0.7397203863957672,0.6167928927945115,0.740010296621916,0.886,0.114,44500.0,7864.0
meta.imbalanced.CSMOTE -l (trees.HoeffdingTree -e 2000000 -g 100 -c 0.01),ArffFileStream -f ./../../../Dataset/Synthetic_IM10/stream_gen_RBF_drift.arff,1,45000.0,29.171875,5.900368301404847E-8,45000.0,0.672,0.6918238993710691,0.6918238993710691,0.18145700652837948,0.6913663438320148,0.5776426167330133,0.6918238993710691,0.894,0.106,45000.0,8040.0
meta.imbalanced.CSMOTE -l (trees.HoeffdingTree -e 2000000 -g 100 -c 0.01),ArffFileStream -f ./../../../Dataset/Synthetic_IM10/stream_gen_RBF_drift.arff,1,45500.0,29.75,6.023128258271349E-8,45500.0,0.638,0.6680622009569378,0.6680622009569378,0.1297072739162211,0.6670652715851905,0.5562947628507988,0.6680622009569378,0.912,0.088,45500.0,8208.0
meta.imbalanced.CSMOTE -l (trees.HoeffdingTree -e 2000000 -g 100 -c 0.01),ArffFileStream -f ./../../../Dataset/Synthetic_IM10/stream_gen_RBF_drift.arff,1,46000.0,30.390625,6.147889911921488E-8,46000.0,0.786,0.7700892857142857,0.7700892857142857,0.3199267809020186,0.7698272069571382,0.6289053696912581,0.7700892857142857,0.896,0.104,46000.0,7528.0
meta.imbalanced.CSMOTE -l (trees.HoeffdingTree -e 2000000 -g 100 -c 0.01),ArffFileStream -f ./../../../Dataset/Synthetic_IM10/stream_gen_RBF_drift.arff,1,46500.0,31.0,6.274637093560564E-8,46500.0,0.692,0.7106227106227105,0.7106227106227107,0.1830238726790451,0.710259716208701,0.5758241758241758,0.7106227106227105,0.91,0.09,46500.0,8040.0
meta.imbalanced.CSMOTE -l (trees.HoeffdingTree -e 2000000 -g 100 -c 0.01),ArffFileStream -f ./../../../Dataset/Synthetic_IM10/stream_gen_RBF_drift.arff,1,47000.0,31.671875,6.414383986136981E-8,47000.0,0.73,0.7106205511157693,0.7106205511157693,0.22227855101852706,0.7102033778718048,0.5905149763531267,0.7106205511157693,0.898,0.102,47000.0,8040.0
meta.imbalanced.CSMOTE -l (trees.HoeffdingTree -e 2000000 -g 100 -c 0.01),ArffFileStream -f ./../../../Dataset/Synthetic_IM10/stream_gen_RBF_drift.arff,1,47500.0,32.40625,6.57032230972416E-8,47500.0,0.692,0.7540236752679339,0.7540236752679338,0.2611073793301986,0.7495470830806151,0.6143757881462799,0.7540236752679339,0.878,0.122,47500.0,8208.0
meta.imbalanced.CSMOTE -l (trees.HoeffdingTree -e 2000000 -g 100 -c 0.01),ArffFileStream -f ./../../../Dataset/Synthetic_IM10/stream_gen_RBF_drift.arff,1,48000.0,32.96875,6.689764429918595E-8,48000.0,0.812,0.8179347826086956,0.8179347826086957,0.33238636363636365,0.81790426781155,0.6282894736842106,0.8179347826086956,0.92,0.08,48000.0,8208.0
meta.imbalanced.CSMOTE -l (trees.HoeffdingTree -e 2000000 -g 100 -c 0.01),ArffFileStream -f ./../../../Dataset/Synthetic_IM10/stream_gen_RBF_drift.arff,1,48500.0,33.625,6.814716875346172E-8,48500.0,0.79,0.7744468075478528,0.7744468075478529,0.3160500260552371,0.7742051651346455,0.6260914760914761,0.7744468075478528,0.902,0.098,48500.0,7360.0
meta.imbalanced.CSMOTE -l (trees.HoeffdingTree -e 2000000 -g 100 -c 0.01),ArffFileStream -f ./../../../Dataset/Synthetic_IM10/stream_gen_RBF_drift.arff,1,49000.0,34.328125,6.957907721193301E-8,49000.0,0.696,0.6586945690084705,0.6586945690084705,0.16746998510209446,0.656973629437122,0.569359756097561,0.6586945690084705,0.892,0.108,49000.0,7872.0
meta.imbalanced.CSMOTE -l (trees.HoeffdingTree -e 2000000 -g 100 -c 0.01),ArffFileStream -f ./../../../Dataset/Synthetic_IM10/stream_gen_RBF_drift.arff,1,49500.0,35.03125,7.104154469238388E-8,49500.0,0.75,0.7052399933565853,0.7052399933565853,0.24032477635161414,0.7029252943523175,0.5976510796341294,0.7052399933565853,0.892,0.108,49500.0,8040.0
meta.imbalanced.CSMOTE -l (trees.HoeffdingTree -e 2000000 -g 100 -c 0.01),ArffFileStream -f ./../../../Dataset/Synthetic_IM10/stream_gen_RBF_drift.arff,1,50000.0,35.609375,7.22691442610489E-8,50000.0,0.774,0.7038993637265776,0.7038993637265776,0.19826313997048473,0.6990741644552394,0.5757437765634487,0.7038993637265776,0.926,0.074,50000.0,8208.0
meta.imbalanced.CSMOTE -l (trees.HoeffdingTree -e 2000000 -g 100 -c 0.01),ArffFileStream -f ./../../../Dataset/Synthetic_IM10/stream_gen_RBF_drift.arff,1,50500.0,36.359375,7.386170586364136E-8,50500.0,0.782,0.7602155727155727,0.7602155727155728,0.3219706394625529,0.7596970709695015,0.6313039066463724,0.7602155727155727,0.888,0.112,50500.0,8208.0
meta.imbalanced.CSMOTE -l (trees.HoeffdingTree -e 2000000 -g 100 -c 0.01),ArffFileStream -f ./../../../Dataset/Synthetic_IM10/stream_gen_RBF_drift.arff,1,51000.0,37.015625,7.513975207176473E-8,51000.0,0.772,0.7767669028921662,0.7767669028921662,0.28856714927608584,0.7767449355393552,0.6146825396825397,0.7767669028921662,0.908,0.092,51000.0,7528.0
meta.imbalanced.CSMOTE -l (trees.HoeffdingTree -e 2000000 -g 100 -c 0.01),ArffFileStream -f ./../../../Dataset/Synthetic_IM10/stream_gen_RBF_drift.arff,1,51500.0,37.640625,7.641255959040588E-8,51500.0,0.662,0.70484616610872,0.7048461661087199,0.15432345876701362,0.7029803783907196,0.5654499151103566,0.70484616610872,0.918,0.082,51500.0,7872.0
meta.imbalanced.CSMOTE -l (trees.HoeffdingTree -e 2000000 -g 100 -c 0.01),ArffFileStream -f ./../../../Dataset/Synthetic_IM10/stream_gen_RBF_drift.arff,1,52000.0,38.40625,7.800502418023016E-8,52000.0,0.706,0.7456817804351437,0.7456817804351437,0.2435781327185905,0.7439620208431792,0.6029777754572826,0.7456817804351437,0.892,0.108,52000.0,8040.0
meta.imbalanced.CSMOTE -l (trees.HoeffdingTree -e 2000000 -g 100 -c 0.01),ArffFileStream -f ./../../../Dataset/Synthetic_IM10/stream_gen_RBF_drift.arff,1,52500.0,39.03125,7.933215884905721E-8,52500.0,0.71,0.7488458757439234,0.7488458757439235,0.1979733616531705,0.7474301040144946,0.5802137119908204,0.7488458757439234,0.922,0.078,52500.0,8208.0
meta.imbalanced.CSMOTE -l (trees.HoeffdingTree -e 2000000 -g 100 -c 0.01),ArffFileStream -f ./../../../Dataset/Synthetic_IM10/stream_gen_RBF_drift.arff,1,53000.0,39.8125,8.099107718509103E-8,53000.0,0.746,0.8072630494505495,0.8072630494505495,0.3107715017583467,0.8035485344724034,0.6287155418891945,0.8072630494505495,0.896,0.104,53000.0,8208.0
meta.imbalanced.CSMOTE -l (trees.HoeffdingTree -e 2000000 -g 100 -c 0.01),ArffFileStream -f ./../../../Dataset/Synthetic_IM10/stream_gen_RBF_drift.arff,1,53500.0,40.546875,8.258237762169705E-8,53500.0,0.81,0.8144444444444444,0.8144444444444444,0.3733509234828496,0.8144254962173574,0.6493529796711068,0.8144444444444444,0.9,0.1,53500.0,8376.0
meta.imbalanced.CSMOTE -l (trees.HoeffdingTree -e 2000000 -g 100 -c 0.01),ArffFileStream -f ./../../../Dataset/Synthetic_IM10/stream_gen_RBF_drift.arff,1,54000.0,41.296875,8.410819443977541E-8,54000.0,0.708,0.6983711079086423,0.6983711079086423,0.19929801469781727,0.6982663364904809,0.5821800090456807,0.6983711079086423,0.898,0.102,54000.0,7864.0
meta.imbalanced.CSMOTE -l (trees.HoeffdingTree -e 2000000 -g 100 -c 0.01),ArffFileStream -f ./../../../Dataset/Synthetic_IM10/stream_gen_RBF_drift.arff,1,54500.0,42.09375,8.576565758428639E-8,54500.0,0.662,0.6838942307692308,0.6838942307692308,0.16860167657129363,0.6833352876770051,0.5725867940832613,0.6838942307692308,0.896,0.104,54500.0,8040.0
meta.imbalanced.CSMOTE -l (trees.HoeffdingTree -e 2000000 -g 100 -c 0.01),ArffFileStream -f ./../../../Dataset/Synthetic_IM10/stream_gen_RBF_drift.arff,1,55000.0,42.78125,8.722550571999614E-8,55000.0,0.636,0.6880434782608695,0.6880434782608695,0.13201068294544066,0.685248288864193,0.5574789022526414,0.6880434782608695,0.92,0.08,55000.0,8208.0
meta.imbalanced.CSMOTE -l (trees.HoeffdingTree -e 2000000 -g 100 -c 0.01),ArffFileStream -f ./../../../Dataset/Synthetic_IM10/stream_gen_RBF_drift.arff,1,55500.0,43.5625,8.888442405602997E-8,55500.0,0.712,0.7640876282132456,0.7640876282132455,0.25793086389215264,0.7612230649691343,0.6088863363441759,0.7640876282132456,0.894,0.106,55500.0,8208.0
meta.imbalanced.CSMOTE -l (trees.HoeffdingTree -e 2000000 -g 100 -c 0.01),ArffFileStream -f ./../../../Dataset/Synthetic_IM10/stream_gen_RBF_drift.arff,1,56000.0,44.375,9.050207962799402E-8,56000.0,0.73,0.6910008019923177,0.6910008019923178,0.21144859813084113,0.6892261695877051,0.5861904761904762,0.6910008019923177,0.894,0.106,56000.0,7696.0
meta.imbalanced.CSMOTE -l (trees.HoeffdingTree -e 2000000 -g 100 -c 0.01),ArffFileStream -f ./../../../Dataset/Synthetic_IM10/stream_gen_RBF_drift.arff,1,56500.0,45.265625,9.235453843656512E-8,56500.0,0.642,0.6729323308270676,0.6729323308270676,0.17544958726415094,0.6716604942594675,0.5786110560729146,0.6729323308270676,0.874,0.126,56500.0,8040.0
meta.imbalanced.CSMOTE -l (trees.HoeffdingTree -e 2000000 -g 100 -c 0.01),ArffFileStream -f ./../../../Dataset/Synthetic_IM10/stream_gen_RBF_drift.arff,1,57000.0,46.0625,9.40120015810761E-8,57000.0,0.712,0.7584958595411557,0.7584958595411557,0.24090669478123353,0.7562880287460222,0.6004395604395605,0.7584958595411557,0.902,0.098,57000.0,8040.0
meta.imbalanced.CSMOTE -l (trees.HoeffdingTree -e 2000000 -g 100 -c 0.01),ArffFileStream -f ./../../../Dataset/Synthetic_IM10/stream_gen_RBF_drift.arff,1,57500.0,46.875,9.562965715304016E-8,57500.0,0.7,0.7074838546283398,0.7074838546283398,0.20770742219686886,0.7074201059348442,0.586890809778862,0.7074838546283398,0.894,0.106,57500.0,7696.0
meta.imbalanced.CSMOTE -l (trees.HoeffdingTree -e 2000000 -g 100 -c 0.01),ArffFileStream -f ./../../../Dataset/Synthetic_IM10/stream_gen_RBF_drift.arff,1,58000.0,47.640625,9.722212174286444E-8,58000.0,0.676,0.7449156920764642,0.7449156920764642,0.20477527538337686,0.7400650036760664,0.5880069534691398,0.7449156920764642,0.906,0.094,58000.0,8040.0
meta.imbalanced.CSMOTE -l (trees.HoeffdingTree -e 2000000 -g 100 -c 0.01),ArffFileStream -f ./../../../Dataset/Synthetic_IM10/stream_gen_RBF_drift.arff,1,58500.0,48.546875,9.91070798287789E-8,58500.0,0.698,0.7243329692619753,0.7243329692619753,0.23353366360756925,0.7235209759157696,0.5996033876582553,0.7243329692619753,0.884,0.116,58500.0,8040.0
meta.imbalanced.CSMOTE -l (trees.HoeffdingTree -e 2000000 -g 100 -c 0.01),ArffFileStream -f ./../../../Dataset/Synthetic_IM10/stream_gen_RBF_drift.arff,1,59000.0,49.359375,1.0083235489825407E-7,59000.0,0.686,0.7227850274725275,0.7227850274725274,0.20914769292766472,0.7212911957115441,0.5890604890604891,0.7227850274725275,0.896,0.104,59000.0,8208.0
meta.imbalanced.CSMOTE -l (trees.HoeffdingTree -e 2000000 -g 100 -c 0.01),ArffFileStream -f ./../../../Dataset/Synthetic_IM10/stream_gen_RBF_drift.arff,1,59500.0,50.25,1.0256684618070722E-7,59500.0,0.782,0.7852560294641797,0.7852560294641796,0.3458325331284809,0.7852447027508618,0.6416909276890392,0.7852560294641797,0.886,0.114,59500.0,7528.0
meta.imbalanced.CSMOTE -l (trees.HoeffdingTree -e 2000000 -g 100 -c 0.01),ArffFileStream -f ./../../../Dataset/Synthetic_IM10/stream_gen_RBF_drift.arff,1,60000.0,50.96875,1.0406181293850144E-7,60000.0,0.65,0.7094160157287848,0.7094160157287848,0.15265726681127983,0.7058469268613599,0.5659074185564251,0.7094160157287848,0.918,0.082,60000.0,8040.0
meta.imbalanced.CSMOTE -l (trees.HoeffdingTree -e 2000000 -g 100 -c 0.01),ArffFileStream -f ./../../../Dataset/Synthetic_IM10/stream_gen_RBF_drift.arff,1,60500.0,51.890625,1.0597927030175925E-7,60500.0,0.71,0.7508848133848134,0.7508848133848134,0.2560440011492838,0.7490341270944358,0.6085643676360535,0.7508848133848134,0.888,0.112,60500.0,8040.0
meta.imbalanced.CSMOTE -l (trees.HoeffdingTree -e 2000000 -g 100 -c 0.01),ArffFileStream -f ./../../../Dataset/Synthetic_IM10/stream_gen_RBF_drift.arff,1,61000.0,52.734375,1.0777090210467577E-7,61000.0,0.702,0.7657108516483516,0.7657108516483517,0.24944589965746525,0.7614735930858226,0.6062205062205062,0.7657108516483516,0.896,0.104,61000.0,8208.0
meta.imbalanced.CSMOTE -l (trees.HoeffdingTree -e 2000000 -g 100 -c 0.01),ArffFileStream -f ./../../../Dataset/Synthetic_IM10/stream_gen_RBF_drift.arff,1,61500.0,53.5625,1.0952935554087162E-7,61500.0,0.796,0.780214518291515,0.7802145182915151,0.3145898290506397,0.779974658141802,0.6241830065359477,0.780214518291515,0.908,0.092,61500.0,8208.0
meta.imbalanced.CSMOTE -l (trees.HoeffdingTree -e 2000000 -g 100 -c 0.01),ArffFileStream -f ./../../../Dataset/Synthetic_IM10/stream_gen_RBF_drift.arff,1,62000.0,54.265625,1.1095980880782009E-7,62000.0,0.69,0.7176724137931034,0.7176724137931034,0.15801138585893704,0.7169439452911609,0.5642732141910166,0.7176724137931034,0.928,0.072,62000.0,7864.0
meta.imbalanced.CSMOTE -l (trees.HoeffdingTree -e 2000000 -g 100 -c 0.01),ArffFileStream -f ./../../../Dataset/Synthetic_IM10/stream_gen_RBF_drift.arff,1,62500.0,55.140625,1.1277976833904783E-7,62500.0,0.708,0.7244421153762173,0.7244421153762173,0.21973535133286304,0.7241475756647305,0.591354272205336,0.7244421153762173,0.898,0.102,62500.0,8040.0
meta.imbalanced.CSMOTE -l (trees.HoeffdingTree -e 2000000 -g 100 -c 0.01),ArffFileStream -f ./../../../Dataset/Synthetic_IM10/stream_gen_RBF_drift.arff,1,63000.0,55.96875,1.144285326720112E-7,63000.0,0.742,0.786682615629984,0.786682615629984,0.262924532614161,0.7848114595960215,0.6060882716390933,0.786682615629984,0.912,0.088,63000.0,7696.0
meta.imbalanced.CSMOTE -l (trees.HoeffdingTree -e 2000000 -g 100 -c 0.01),ArffFileStream -f ./../../../Dataset/Synthetic_IM10/stream_gen_RBF_drift.arff,1,63500.0,56.828125,1.1621599292589559E-7,63500.0,0.674,0.6866046686393312,0.6866046686393311,0.1631756201741416,0.6864291716919914,0.5686467620429885,0.6866046686393312,0.906,0.094,63500.0,8040.0
meta.imbalanced.CSMOTE -l (trees.HoeffdingTree -e 2000000 -g 100 -c 0.01),ArffFileStream -f ./../../../Dataset/Synthetic_IM10/stream_gen_RBF_drift.arff,1,64000.0,57.65625,1.1793845462509328E-7,64000.0,0.746,0.776779807643377,0.776779807643377,0.2551843858496763,0.7758898034022365,0.6020756699947452,0.776779807643377,0.914,0.086,64000.0,8040.0
meta.imbalanced.CSMOTE -l (trees.HoeffdingTree -e 2000000 -g 100 -c 0.01),ArffFileStream -f ./../../../Dataset/Synthetic_IM10/stream_gen_RBF_drift.arff,1,64500.0,58.578125,1.198959782616132E-7,64500.0,0.752,0.7596153846153846,0.7596153846153846,0.2806757007610915,0.75955452531275,0.6143375680580763,0.7596153846153846,0.896,0.104,64500.0,8208.0
meta.imbalanced.CSMOTE -l (trees.HoeffdingTree -e 2000000 -g 100 -c 0.01),ArffFileStream -f ./../../../Dataset/Synthetic_IM10/stream_gen_RBF_drift.arff,1,65000.0,59.46875,1.2163046954406633E-7,65000.0,0.728,0.740078736594416,0.740078736594416,0.2378561341373204,0.7399262373300753,0.5972077172538888,0.740078736594416,0.902,0.098,65000.0,7528.0
meta.imbalanced.CSMOTE -l (trees.HoeffdingTree -e 2000000 -g 100 -c 0.01),ArffFileStream -f ./../../../Dataset/Synthetic_IM10/stream_gen_RBF_drift.arff,1,65500.0,60.53125,1.2379424232575628E-7,65500.0,0.728,0.7259062776304155,0.7259062776304155,0.27311598075895244,0.7259007636420123,0.6155585707824514,0.7259062776304155,0.87,0.13,65500.0,7872.0
meta.imbalanced.CSMOTE -l (trees.HoeffdingTree -e 2000000 -g 100 -c 0.01),ArffFileStream -f ./../../../Dataset/Synthetic_IM10/stream_gen_RBF_drift.arff,1,66000.0,61.53125,1.2587419607573084E-7,66000.0,0.754,0.7560071774067717,0.7560071774067717,0.29916127267754583,0.7560026599452422,0.6236179390103784,0.7560071774067717,0.884,0.116,66000.0,8040.0
meta.imbalanced.CSMOTE -l (trees.HoeffdingTree -e 2000000 -g 100 -c 0.01),ArffFileStream -f ./../../../Dataset/Synthetic_IM10/stream_gen_RBF_drift.arff,1,66500.0,62.484375,1.278980764456921E-7,66500.0,0.8,0.7966738423874045,0.7966738423874046,0.3599098753104437,0.7966626602272314,0.6454001944599599,0.7966738423874045,0.894,0.106,66500.0,8208.0
meta.imbalanced.CSMOTE -l (trees.HoeffdingTree -e 2000000 -g 100 -c 0.01),ArffFileStream -f ./../../../Dataset/Synthetic_IM10/stream_gen_RBF_drift.arff,1,67000.0,63.40625,1.29855600082212E-7,67000.0,0.764,0.7484328908554572,0.7484328908554573,0.2676266137040715,0.7481848733566885,0.6069444444444445,0.7484328908554572,0.904,0.096,67000.0,8208.0
meta.imbalanced.CSMOTE -l (trees.HoeffdingTree -e 2000000 -g 100 -c 0.01),ArffFileStream -f ./../../../Dataset/Synthetic_IM10/stream_gen_RBF_drift.arff,1,67500.0,64.34375,1.3188704744809203E-7,67500.0,0.758,0.711231277433368,0.7112312774333681,0.23584095387258122,0.7088484851786329,0.5942954104718811,0.711231277433368,0.902,0.098,67500.0,8376.0
meta.imbalanced.CSMOTE -l (trees.HoeffdingTree -e 2000000 -g 100 -c 0.01),ArffFileStream -f ./../../../Dataset/Synthetic_IM10/stream_gen_RBF_drift.arff,1,68000.0,65.21875,1.3355308005379305E-7,68000.0,0.846,0.8943127469328342,0.8943127469328342,0.44073213248111565,0.8924255559107364,0.6713156408808583,0.8943127469328342,0.916,0.084,68000.0,7360.0
meta.imbalanced.CSMOTE -l (trees.HoeffdingTree -e 2000000 -g 100 -c 0.01),ArffFileStream -f ./../../../Dataset/Synthetic_IM10/stream_gen_RBF_drift.arff,1,68500.0,66.28125,1.35716852835483E-7,68500.0,0.694,0.6771337182087689,0.6771337182087689,0.19187864446885827,0.676777491826963,0.5807159743329956,0.6771337182087689,0.884,0.116,68500.0,7872.0
meta.imbalanced.CSMOTE -l (trees.HoeffdingTree -e 2000000 -g 100 -c 0.01),ArffFileStream -f ./../../../Dataset/Synthetic_IM10/stream_gen_RBF_drift.arff,1,69000.0,67.203125,1.376343101987408E-7,69000.0,0.736,0.7494246395190456,0.7494246395190456,0.24348364319937646,0.7492422549492126,0.5986146961059219,0.7494246395190456,0.906,0.094,69000.0,8040.0
meta.imbalanced.CSMOTE -l (trees.HoeffdingTree -e 2000000 -g 100 -c 0.01),ArffFileStream -f ./../../../Dataset/Synthetic_IM10/stream_gen_RBF_drift.arff,1,69500.0,68.3125,1.3998997423590882E-7,69500.0,0.766,0.7702839756592292,0.7702839756592292,0.32147165259348615,0.7702637782165629,0.6324881928908774,0.7702839756592292,0.884,0.116,69500.0,8208.0
meta.imbalanced.CSMOTE -l (trees.HoeffdingTree -e 2000000 -g 100 -c 0.01),ArffFileStream -f ./../../../Dataset/Synthetic_IM10/stream_gen_RBF_drift.arff,1,70000.0,69.359375,1.4221292480619415E-7,70000.0,0.752,0.8284338149809002,0.8284338149809003,0.3378897906877403,0.8226772599916028,0.6409982174688057,0.8284338149809002,0.892,0.108,70000.0,8208.0
meta.imbalanced.CSMOTE -l (trees.HoeffdingTree -e 2000000 -g 100 -c 0.01),ArffFileStream -f ./../../../Dataset/Synthetic_IM10/stream_gen_RBF_drift.arff,1,70500.0,70.328125,1.4431208708427017E-7,70500.0,0.858,0.8072190127283829,0.8072190127283829,0.4242994291645044,0.8047928384657778,0.6713918876428048,0.8072190127283829,0.906,0.094,70500.0,8376.0
meta.imbalanced.CSMOTE -l (trees.HoeffdingTree -e 2000000 -g 100 -c 0.01),ArffFileStream -f ./../../../Dataset/Synthetic_IM10/stream_gen_RBF_drift.arff,1,71000.0,71.234375,1.4615578240611485E-7,71000.0,0.746,0.7364130434782609,0.736413043478261,0.21508034610630408,0.7363245976086079,0.5845070422535211,0.7364130434782609,0.92,0.08,71000.0,7864.0
meta.imbalanced.CSMOTE -l (trees.HoeffdingTree -e 2000000 -g 100 -c 0.01),ArffFileStream -f ./../../../Dataset/Synthetic_IM10/stream_gen_RBF_drift.arff,1,71500.0,72.28125,1.4833323398811947E-7,71500.0,0.716,0.7129724208375894,0.7129724208375894,0.22700054436581382,0.7129618550396459,0.5943012211668928,0.7129724208375894,0.89,0.11,71500.0,8040.0
meta.imbalanced.CSMOTE -l (trees.HoeffdingTree -e 2000000 -g 100 -c 0.01),ArffFileStream -f ./../../../Dataset/Synthetic_IM10/stream_gen_RBF_drift.arff,1,72000.0,73.265625,1.5042347109152208E-7,72000.0,0.752,0.7169124688756943,0.7169124688756943,0.22616075886170744,0.7156217837970934,0.5898809523809524,0.7169124688756943,0.908,0.092,72000.0,8208.0
meta.imbalanced.CSMOTE -l (trees.HoeffdingTree -e 2000000 -g 100 -c 0.01),ArffFileStream -f ./../../../Dataset/Synthetic_IM10/stream_gen_RBF_drift.arff,1,72500.0,74.484375,1.5301138369573484E-7,72500.0,0.788,0.7829788700837613,0.7829788700837613,0.3825578415154128,0.7829488225348867,0.6608097784568373,0.7829788700837613,0.866,0.134,72500.0,8208.0
meta.imbalanced.CSMOTE -l (trees.HoeffdingTree -e 2000000 -g 100 -c 0.01),ArffFileStream -f ./../../../Dataset/Synthetic_IM10/stream_gen_RBF_drift.arff,1,73000.0,75.40625,1.5484680059469405E-7,73000.0,0.77,0.7747754928529678,0.7747754928529678,0.2645554077560626,0.7747544345254741,0.6035110897589879,0.7747754928529678,0.918,0.082,73000.0,7696.0
meta.imbalanced.CSMOTE -l (trees.HoeffdingTree -e 2000000 -g 100 -c 0.01),ArffFileStream -f ./../../../Dataset/Synthetic_IM10/stream_gen_RBF_drift.arff,1,73500.0,76.484375,1.5708925073138539E-7,73500.0,0.714,0.7038815117466803,0.7038815117466803,0.21823748086595232,0.7037619617998719,0.5905560394889663,0.7038815117466803,0.89,0.11,73500.0,8040.0
meta.imbalanced.CSMOTE -l (trees.HoeffdingTree -e 2000000 -g 100 -c 0.01),ArffFileStream -f ./../../../Dataset/Synthetic_IM10/stream_gen_RBF_drift.arff,1,74000.0,77.46875,1.591367052040166E-7,74000.0,0.68,0.7116228070175439,0.7116228070175439,0.1751216695537408,0.7105872293577445,0.5733637431750639,0.7116228070175439,0.912,0.088,74000.0,8040.0
meta.imbalanced.CSMOTE -l (trees.HoeffdingTree -e 2000000 -g 100 -c 0.01),ArffFileStream -f ./../../../Dataset/Synthetic_IM10/stream_gen_RBF_drift.arff,1,74500.0,78.5,1.6123470332887437E-7,74500.0,0.758,0.758888888888889,0.7588888888888888,0.27804295942720764,0.75888807548354,0.6122545335414619,0.758888888888889,0.9,0.1,74500.0,7864.0
meta.imbalanced.CSMOTE -l (trees.HoeffdingTree -e 2000000 -g 100 -c 0.01),ArffFileStream -f ./../../../Dataset/Synthetic_IM10/stream_gen_RBF_drift.arff,1,75000.0,79.53125,1.6337965563353564E-7,75000.0,0.678,0.7174158094969705,0.7174158094969706,0.18700008079502303,0.7157717186109748,0.5792582699815081,0.7174158094969705,0.906,0.094,75000.0,8040.0
meta.imbalanced.CSMOTE -l (trees.HoeffdingTree -e 2000000 -g 100 -c 0.01),ArffFileStream -f ./../../../Dataset/Synthetic_IM10/stream_gen_RBF_drift.arff,1,75500.0,80.546875,1.6553624947037961E-7,75500.0,0.69,0.6954346907143863,0.6954346907143863,0.17679299796057105,0.6954024828952311,0.5733551935688598,0.6954346907143863,0.906,0.094,75500.0,8208.0
meta.imbalanced.CSMOTE -l (trees.HoeffdingTree -e 2000000 -g 100 -c 0.01),ArffFileStream -f ./../../../Dataset/Synthetic_IM10/stream_gen_RBF_drift.arff,1,76000.0,81.625,1.6782555677410628E-7,76000.0,0.634,0.7255555555555555,0.7255555555555556,0.1815742397137746,0.7164728420068226,0.5826399179300126,0.7255555555555555,0.9,0.1,76000.0,8208.0
meta.imbalanced.CSMOTE -l (trees.HoeffdingTree -e 2000000 -g 100 -c 0.01),ArffFileStream -f ./../../../Dataset/Synthetic_IM10/stream_gen_RBF_drift.arff,1,76500.0,82.578125,1.6984943714406754E-7,76500.0,0.73,0.7733695652173913,0.7733695652173913,0.2296279388267519,0.7716442072669862,0.5921599882738783,0.7733695652173913,0.92,0.08,76500.0,8208.0
meta.imbalanced.CSMOTE -l (trees.HoeffdingTree -e 2000000 -g 100 -c 0.01),ArffFileStream -f ./../../../Dataset/Synthetic_IM10/stream_gen_RBF_drift.arff,1,77000.0,83.75,1.72233525922315E-7,77000.0,0.734,0.765811254999802,0.7658112549998021,0.2876119466940909,0.764701850424576,0.6203384968445209,0.765811254999802,0.886,0.114,77000.0,7864.0
meta.imbalanced.CSMOTE -l (trees.HoeffdingTree -e 2000000 -g 100 -c 0.01),ArffFileStream -f ./../../../Dataset/Synthetic_IM10/stream_gen_RBF_drift.arff,1,77500.0,84.90625,1.7463847244572308E-7,77500.0,0.654,0.6861082737487232,0.6861082737487232,0.1739877769289534,0.6848722881475954,0.5761756639240083,0.6861082737487232,0.89,0.11,77500.0,8040.0
meta.imbalanced.CSMOTE -l (trees.HoeffdingTree -e 2000000 -g 100 -c 0.01),ArffFileStream -f ./../../../Dataset/Synthetic_IM10/stream_gen_RBF_drift.arff,1,78000.0,86.0,1.7696095811617044E-7,78000.0,0.7,0.7518439748404906,0.7518439748404906,0.22888692397853222,0.7490736696114013,0.5963906544969604,0.7518439748404906,0.902,0.098,78000.0,8208.0
meta.imbalanced.CSMOTE -l (trees.HoeffdingTree -e 2000000 -g 100 -c 0.01),ArffFileStream -f ./../../../Dataset/Synthetic_IM10/stream_gen_RBF_drift.arff,1,78500.0,87.125,1.7934980052005914E-7,78500.0,0.768,0.7466666666666666,0.7466666666666667,0.27680798004987534,0.7461903242471052,0.61109776603411,0.7466666666666666,0.9,0.1,78500.0,8208.0
meta.imbalanced.CSMOTE -l (trees.HoeffdingTree -e 2000000 -g 100 -c 0.01),ArffFileStream -f ./../../../Dataset/Synthetic_IM10/stream_gen_RBF_drift.arff,1,79000.0,88.234375,1.8160673789680004E-7,79000.0,0.706,0.7328683481283171,0.7328683481283171,0.21248874983928343,0.7321209785526301,0.5878828701077708,0.7328683481283171,0.906,0.094,79000.0,7864.0
meta.imbalanced.CSMOTE -l (trees.HoeffdingTree -e 2000000 -g 100 -c 0.01),ArffFileStream -f ./../../../Dataset/Synthetic_IM10/stream_gen_RBF_drift.arff,1,79500.0,89.328125,1.8388168731083474E-7,79500.0,0.674,0.680033185840708,0.680033185840708,0.1608665211482229,0.6799921915220597,0.5676492492076413,0.680033185840708,0.904,0.096,79500.0,8040.0
meta.imbalanced.CSMOTE -l (trees.HoeffdingTree -e 2000000 -g 100 -c 0.01),ArffFileStream -f ./../../../Dataset/Synthetic_IM10/stream_gen_RBF_drift.arff,1,80000.0,90.453125,1.8627052971472344E-7,80000.0,0.66,0.7188421828908554,0.7188421828908554,0.18262943303331025,0.715143816631366,0.5794033045688675,0.7188421828908554,0.904,0.096,80000.0,8208.0
meta.imbalanced.CSMOTE -l (trees.HoeffdingTree -e 2000000 -g 100 -c 0.01),ArffFileStream -f ./../../../Dataset/Synthetic_IM10/stream_gen_RBF_drift.arff,1,80500.0,91.453125,1.8839394518484673E-7,80500.0,0.694,0.6462817731798209,0.6462817731798209,0.12089174902321305,0.6438039796072905,0.5483455882352941,0.6462817731798209,0.922,0.078,80500.0,8208.0
meta.imbalanced.CSMOTE -l (trees.HoeffdingTree -e 2000000 -g 100 -c 0.01),ArffFileStream -f ./../../../Dataset/Synthetic_IM10/stream_gen_RBF_drift.arff,1,81000.0,92.625,1.9088232268889746E-7,81000.0,0.72,0.7332589285714286,0.7332589285714286,0.23694078660504056,0.7330677955395004,0.5980088016737609,0.7332589285714286,0.896,0.104,81000.0,8208.0
meta.imbalanced.CSMOTE -l (trees.HoeffdingTree -e 2000000 -g 100 -c 0.01),ArffFileStream -f ./../../../Dataset/Synthetic_IM10/stream_gen_RBF_drift.arff,1,81500.0,93.90625,1.934889264197813E-7,81500.0,0.686,0.6992424242424242,0.6992424242424242,0.2113723126381354,0.6990252954195317,0.5906724586716312,0.6992424242424242,0.88,0.12,81500.0,7864.0
meta.imbalanced.CSMOTE -l (trees.HoeffdingTree -e 2000000 -g 100 -c 0.01),ArffFileStream -f ./../../../Dataset/Synthetic_IM10/stream_gen_RBF_drift.arff,1,82000.0,94.953125,1.9571187699006664E-7,82000.0,0.63,0.658518271316536,0.658518271316536,0.109720885466795,0.6576508106030139,0.5475,0.658518271316536,0.922,0.078,82000.0,8208.0
meta.imbalanced.CSMOTE -l (trees.HoeffdingTree -e 2000000 -g 100 -c 0.01),ArffFileStream -f ./../../../Dataset/Synthetic_IM10/stream_gen_RBF_drift.arff,1,82500.0,96.109375,1.9821732874131866E-7,82500.0,0.616,0.7201685500861904,0.7201685500861904,0.1607804741590321,0.7087639196611561,0.5743724120082816,0.7201685500861904,0.908,0.092,82500.0,8376.0
meta.imbalanced.CSMOTE -l (trees.HoeffdingTree -e 2000000 -g 100 -c 0.01),ArffFileStream -f ./../../../Dataset/Synthetic_IM10/stream_gen_RBF_drift.arff,1,83000.0,97.3125,2.007172831023733E-7,83000.0,0.712,0.7066666666666667,0.7066666666666667,0.2052980132450331,0.7066352194260723,0.5843858885017422,0.7066666666666667,0.9,0.1,83000.0,8032.0
meta.imbalanced.CSMOTE -l (trees.HoeffdingTree -e 2000000 -g 100 -c 0.01),ArffFileStream -f ./../../../Dataset/Synthetic_IM10/stream_gen_RBF_drift.arff,1,83500.0,98.421875,2.0307294713954132E-7,83500.0,0.632,0.7076923076923077,0.7076923076923077,0.15604073020823778,0.7016464154456233,0.5697371226159825,0.7076923076923077,0.91,0.09,83500.0,8208.0
meta.imbalanced.CSMOTE -l (trees.HoeffdingTree -e 2000000 -g 100 -c 0.01),ArffFileStream -f ./../../../Dataset/Synthetic_IM10/stream_gen_RBF_drift.arff,1,84000.0,99.671875,2.0578154362738134E-7,84000.0,0.684,0.7317968848929974,0.7317968848929973,0.21755838599132382,0.7292787786843808,0.593426223651304,0.7317968848929974,0.894,0.106,84000.0,8376.0
meta.imbalanced.CSMOTE -l (trees.HoeffdingTree -e 2000000 -g 100 -c 0.01),ArffFileStream -f ./../../../Dataset/Synthetic_IM10/stream_gen_RBF_drift.arff,1,84500.0,100.84375,2.0816563240562878E-7,84500.0,0.746,0.7384771386430679,0.7384771386430679,0.2458074017768065,0.7384184446572482,0.5989311459110116,0.7384771386430679,0.904,0.096,84500.0,7864.0
meta.imbalanced.CSMOTE -l (trees.HoeffdingTree -e 2000000 -g 100 -c 0.01),ArffFileStream -f ./../../../Dataset/Synthetic_IM10/stream_gen_RBF_drift.arff,1,85000.0,102.015625,2.106540099096795E-7,85000.0,0.69,0.7316127178701398,0.7316127178701397,0.19977697009747233,0.7298332543803325,0.5837735326209321,0.7316127178701398,0.908,0.092,85000.0,8208.0
meta.imbalanced.CSMOTE -l (trees.HoeffdingTree -e 2000000 -g 100 -c 0.01),ArffFileStream -f ./../../../Dataset/Synthetic_IM10/stream_gen_RBF_drift.arff,1,85500.0,103.3125,2.1340781434749565E-7,85500.0,0.722,0.7732464607464608,0.7732464607464608,0.28110389341718733,0.7704212523346602,0.6188364730370293,0.7732464607464608,0.888,0.112,85500.0,8208.0
meta.imbalanced.CSMOTE -l (trees.HoeffdingTree -e 2000000 -g 100 -c 0.01),ArffFileStream -f ./../../../Dataset/Synthetic_IM10/stream_gen_RBF_drift.arff,1,86000.0,104.546875,2.1608255337923768E-7,86000.0,0.788,0.8279107651929951,0.8279107651929952,0.3535481667601786,0.8264212486284606,0.6419462890051125,0.8279107651929951,0.902,0.098,86000.0,8376.0
meta.imbalanced.CSMOTE -l (trees.HoeffdingTree -e 2000000 -g 100 -c 0.01),ArffFileStream -f ./../../../Dataset/Synthetic_IM10/stream_gen_RBF_drift.arff,1,86500.0,105.78125,2.186474416198002E-7,86500.0,0.74,0.7194443187474546,0.7194443187474546,0.22983956965804878,0.7189898943420417,0.5927264383640223,0.7194443187474546,0.902,0.098,86500.0,8032.0
meta.imbalanced.CSMOTE -l (trees.HoeffdingTree -e 2000000 -g 100 -c 0.01),ArffFileStream -f ./../../../Dataset/Synthetic_IM10/stream_gen_RBF_drift.arff,1,87000.0,107.03125,2.2130171095745432E-7,87000.0,0.69,0.6795722713864307,0.6795722713864307,0.16741867560483004,0.679449716612002,0.5692511420394959,0.6795722713864307,0.904,0.096,87000.0,8208.0
meta.imbalanced.CSMOTE -l (trees.HoeffdingTree -e 2000000 -g 100 -c 0.01),ArffFileStream -f ./../../../Dataset/Synthetic_IM10/stream_gen_RBF_drift.arff,1,87500.0,108.28125,2.2401030744529433E-7,87500.0,0.724,0.70466394251092,0.70466394251092,0.201666088163832,0.7042614703957266,0.5814866760168304,0.70466394251092,0.906,0.094,87500.0,8376.0
meta.imbalanced.CSMOTE -l (trees.HoeffdingTree -e 2000000 -g 100 -c 0.01),ArffFileStream -f ./../../../Dataset/Synthetic_IM10/stream_gen_RBF_drift.arff,1,88000.0,109.5625,2.2667259650511875E-7,88000.0,0.726,0.7153022403832605,0.7153022403832605,0.21115666313510525,0.7151809040500343,0.5854203935599285,0.7153022403832605,0.906,0.094,88000.0,8032.0
meta.imbalanced.CSMOTE -l (trees.HoeffdingTree -e 2000000 -g 100 -c 0.01),ArffFileStream -f ./../../../Dataset/Synthetic_IM10/stream_gen_RBF_drift.arff,1,88500.0,110.953125,2.2962547114325895E-7,88500.0,0.724,0.7469568758767364,0.7469568758767364,0.240339095012661,0.7464109336471149,0.5987336047037539,0.7469568758767364,0.902,0.098,88500.0,8208.0
meta.imbalanced.CSMOTE -l (trees.HoeffdingTree -e 2000000 -g 100 -c 0.01),ArffFileStream -f ./../../../Dataset/Synthetic_IM10/stream_gen_RBF_drift.arff,1,89000.0,112.265625,2.3246949745549098E-7,89000.0,0.758,0.7981300915959647,0.7981300915959647,0.31832522084009374,0.7965036933174923,0.6307091568583907,0.7981300915959647,0.894,0.106,89000.0,8376.0
meta.imbalanced.CSMOTE -l (trees.HoeffdingTree -e 2000000 -g 100 -c 0.01),ArffFileStream -f ./../../../Dataset/Synthetic_IM10/stream_gen_RBF_drift.arff,1,89500.0,113.375,2.3487337683844899E-7,89500.0,0.778,0.7907088122605364,0.7907088122605365,0.25924937269766696,0.7905694150420949,0.5994857716498331,0.7907088122605364,0.928,0.072,89500.0,8376.0
meta.imbalanced.CSMOTE -l (trees.HoeffdingTree -e 2000000 -g 100 -c 0.01),ArffFileStream -f ./../../../Dataset/Synthetic_IM10/stream_gen_RBF_drift.arff,1,90000.0,114.78125,2.3773428337234591E-7,90000.0,0.782,0.7938800432107462,0.7938800432107463,0.3147067699426617,0.7937452164868101,0.6252502201937705,0.7938800432107462,0.906,0.094,90000.0,7864.0
meta.imbalanced.CSMOTE -l (trees.HoeffdingTree -e 2000000 -g 100 -c 0.01),ArffFileStream -f ./../../../Dataset/Synthetic_IM10/stream_gen_RBF_drift.arff,1,90500.0,116.21875,2.407866931106481E-7,90500.0,0.722,0.7449162679425837,0.7449162679425837,0.22046749517699313,0.7443969332677112,0.5894576832753818,0.7449162679425837,0.912,0.088,90500.0,8208.0
meta.imbalanced.CSMOTE -l (trees.HoeffdingTree -e 2000000 -g 100 -c 0.01),ArffFileStream -f ./../../../Dataset/Synthetic_IM10/stream_gen_RBF_drift.arff,1,91000.0,117.5,2.4356300451068414E-7,91000.0,0.77,0.7395848010896623,0.7395848010896623,0.26191209693982337,0.7386356615763594,0.6040086452980996,0.7395848010896623,0.906,0.094,91000.0,8376.0
meta.imbalanced.CSMOTE -l (trees.HoeffdingTree -e 2000000 -g 100 -c 0.01),ArffFileStream -f ./../../../Dataset/Synthetic_IM10/stream_gen_RBF_drift.arff,1,91500.0,118.90625,2.464879394715859E-7,91500.0,0.616,0.6688193828880165,0.6688193828880166,0.1428418364613654,0.66545201913306,0.5651267688199182,0.6688193828880165,0.894,0.106,91500.0,8040.0
meta.imbalanced.CSMOTE -l (trees.HoeffdingTree -e 2000000 -g 100 -c 0.01),ArffFileStream -f ./../../../Dataset/Synthetic_IM10/stream_gen_RBF_drift.arff,1,92000.0,120.234375,2.4901673896238207E-7,92000.0,0.806,0.7358658592438044,0.7358658592438044,0.27655131264916466,0.730974659601475,0.608041958041958,0.7358658592438044,0.914,0.086,92000.0,7360.0
meta.imbalanced.CSMOTE -l (trees.HoeffdingTree -e 2000000 -g 100 -c 0.01),ArffFileStream -f ./../../../Dataset/Synthetic_IM10/stream_gen_RBF_drift.arff,1,92500.0,121.578125,2.518116768139104E-7,92500.0,0.688,0.6914384217582838,0.6914384217582838,0.17014213975657502,0.691425581951062,0.570481630350469,0.6914384217582838,0.908,0.092,92500.0,8040.0
meta.imbalanced.CSMOTE -l (trees.HoeffdingTree -e 2000000 -g 100 -c 0.01),ArffFileStream -f ./../../../Dataset/Synthetic_IM10/stream_gen_RBF_drift.arff,1,93000.0,123.140625,2.55129513485978E-7,93000.0,0.694,0.7184684684684685,0.7184684684684685,0.2211996579386733,0.7177762204912493,0.5940785257798022,0.7184684684684685,0.888,0.112,93000.0,8208.0
meta.imbalanced.CSMOTE -l (trees.HoeffdingTree -e 2000000 -g 100 -c 0.01),ArffFileStream -f ./../../../Dataset/Synthetic_IM10/stream_gen_RBF_drift.arff,1,93500.0,124.703125,2.5851525909577806E-7,93500.0,0.67,0.7092260421856835,0.7092260421856834,0.1963450748129676,0.7074590137270408,0.5850449781438288,0.7092260421856835,0.892,0.108,93500.0,8376.0
meta.imbalanced.CSMOTE -l (trees.HoeffdingTree -e 2000000 -g 100 -c 0.01),ArffFileStream -f ./../../../Dataset/Synthetic_IM10/stream_gen_RBF_drift.arff,1,94000.0,126.296875,2.6168835271770755E-7,94000.0,0.786,0.7534310667498441,0.7534310667498441,0.2671232876712329,0.7524134592923408,0.604,0.7534310667498441,0.916,0.084,94000.0,7696.0
meta.imbalanced.CSMOTE -l (trees.HoeffdingTree -e 2000000 -g 100 -c 0.01),ArffFileStream -f ./../../../Dataset/Synthetic_IM10/stream_gen_RBF_drift.arff,1,94500.0,127.671875,2.6454828912392257E-7,94500.0,0.686,0.7455555555555555,0.7455555555555556,0.21968190854870775,0.7418295701245071,0.5939961550894026,0.7455555555555555,0.9,0.1,94500.0,8040.0
meta.imbalanced.CSMOTE -l (trees.HoeffdingTree -e 2000000 -g 100 -c 0.01),ArffFileStream -f ./../../../Dataset/Synthetic_IM10/stream_gen_RBF_drift.arff,1,95000.0,129.046875,2.674679853953421E-7,95000.0,0.764,0.7643128520896109,0.7643128520896109,0.29095060689820934,0.7643127510362283,0.6175813501699854,0.7643128520896109,0.898,0.102,95000.0,8208.0
meta.imbalanced.CSMOTE -l (trees.HoeffdingTree -e 2000000 -g 100 -c 0.01),ArffFileStream -f ./../../../Dataset/Synthetic_IM10/stream_gen_RBF_drift.arff,1,95500.0,130.390625,2.702017405277325E-7,95500.0,0.724,0.733143351483385,0.733143351483385,0.20985731626319767,0.733060183553031,0.5844998985595455,0.733143351483385,0.914,0.086,95500.0,7864.0
meta.imbalanced.CSMOTE -l (trees.HoeffdingTree -e 2000000 -g 100 -c 0.01),ArffFileStream -f ./../../../Dataset/Synthetic_IM10/stream_gen_RBF_drift.arff,1,96000.0,131.84375,2.732873286327554E-7,96000.0,0.67,0.6684861717612809,0.668486171761281,0.1357998826782871,0.6684836955657658,0.5564054369202388,0.6684861717612809,0.916,0.084,96000.0,8208.0
meta.imbalanced.CSMOTE -l (trees.HoeffdingTree -e 2000000 -g 100 -c 0.01),ArffFileStream -f ./../../../Dataset/Synthetic_IM10/stream_gen_RBF_drift.arff,1,96500.0,133.359375,2.76505630204661E-7,96500.0,0.738,0.7123902118265935,0.7123902118265935,0.21639469780351248,0.7116917141922998,0.58680128992629,0.7123902118265935,0.906,0.094,96500.0,8208.0
meta.imbalanced.CSMOTE -l (trees.HoeffdingTree -e 2000000 -g 100 -c 0.01),ArffFileStream -f ./../../../Dataset/Synthetic_IM10/stream_gen_RBF_drift.arff,1,97000.0,134.734375,2.793627209030092E-7,97000.0,0.748,0.7543148263672281,0.7543148263672281,0.23699253948260826,0.7542766403355983,0.5939035626535627,0.7543148263672281,0.916,0.084,97000.0,8032.0
meta.imbalanced.CSMOTE -l (trees.HoeffdingTree -e 2000000 -g 100 -c 0.01),ArffFileStream -f ./../../../Dataset/Synthetic_IM10/stream_gen_RBF_drift.arff,1,97500.0,136.234375,2.825478441081941E-7,97500.0,0.722,0.6821801891488303,0.6821801891488303,0.18812205037147797,0.6803799483132199,0.5761116152450091,0.6821801891488303,0.902,0.098,97500.0,8208.0
meta.imbalanced.CSMOTE -l (trees.HoeffdingTree -e 2000000 -g 100 -c 0.01),ArffFileStream -f ./../../../Dataset/Synthetic_IM10/stream_gen_RBF_drift.arff,1,98000.0,137.984375,2.858799093195962E-7,98000.0,0.812,0.7636363636363637,0.7636363636363636,0.3719935863174773,0.7609802291064526,0.6544058922708315,0.7636363636363637,0.88,0.12,98000.0,7360.0
meta.imbalanced.CSMOTE -l (trees.HoeffdingTree -e 2000000 -g 100 -c 0.01),ArffFileStream -f ./../../../Dataset/Synthetic_IM10/stream_gen_RBF_drift.arff,1,98500.0,139.515625,2.890648384992447E-7,98500.0,0.72,0.687671950740207,0.6876719507402069,0.19715563711434797,0.686471620486238,0.5803646563814866,0.687671950740207,0.898,0.102,98500.0,8040.0
meta.imbalanced.CSMOTE -l (trees.HoeffdingTree -e 2000000 -g 100 -c 0.01),ArffFileStream -f ./../../../Dataset/Synthetic_IM10/stream_gen_RBF_drift.arff,1,99000.0,141.0,2.9221678333770895E-7,99000.0,0.634,0.6765302359882006,0.6765302359882006,0.14341883542407788,0.6744794780952801,0.5633319553534518,0.6765302359882006,0.904,0.096,99000.0,8208.0
meta.imbalanced.CSMOTE -l (trees.HoeffdingTree -e 2000000 -g 100 -c 0.01),ArffFileStream -f ./../../../Dataset/Synthetic_IM10/stream_gen_RBF_drift.arff,1,99500.0,142.578125,2.9563638640360695E-7,99500.0,0.688,0.7052093973442288,0.7052093973442288,0.20481190743195024,0.7048641738484632,0.5869862657822269,0.7052093973442288,0.89,0.11,99500.0,8376.0
meta.imbalanced.CSMOTE -l (trees.HoeffdingTree -e 2000000 -g 100 -c 0.01),ArffFileStream -f ./../../../Dataset/Synthetic_IM10/stream_gen_RBF_drift.arff,1,100000.0,143.96875,2.98649699996329E-7,100000.0,0.7,0.7726833240038675,0.7726833240038674,0.22226600576560135,0.7676808426283795,0.5928055560366476,0.7726833240038675,0.914,0.086,100000.0,8376.0
