Learner,stream,randomSeed,learning evaluation instances,evaluation time (cpu seconds),model cost (RAM-Hours),classified instances,Accuracy,AvgAccuracy,AUC,Kappa,G-Mean,Precision,Recall,Ratio-Class-0,Ratio-Class-1,model training instances,model serialized size (bytes)
functions.MajorityClass,ArffFileStream -f ./../../../Dataset/Synthetic_IM10/stream_gen_agrawal.arff,1,500.0,0.015625,4.300899389717314E-12,500.0,0.908,0.5,0.5,0.0,0.0,0.908,0.5,0.908,0.092,500.0,1064.0
functions.MajorityClass,ArffFileStream -f ./../../../Dataset/Synthetic_IM10/stream_gen_agrawal.arff,1,1000.0,0.03125,8.601798779434628E-12,1000.0,0.894,0.5,0.5,0.0,0.0,0.894,0.5,0.894,0.106,1000.0,1064.0
functions.MajorityClass,ArffFileStream -f ./../../../Dataset/Synthetic_IM10/stream_gen_agrawal.arff,1,1500.0,0.046875,1.2902698169151943E-11,1500.0,0.884,0.5,0.5,0.0,0.0,0.884,0.5,0.884,0.116,1500.0,1064.0
functions.MajorityClass,ArffFileStream -f ./../../../Dataset/Synthetic_IM10/stream_gen_agrawal.arff,1,2000.0,0.0625,1.7203597558869257E-11,2000.0,0.898,0.5,0.5,0.0,0.0,0.898,0.5,0.898,0.102,2000.0,1064.0
functions.MajorityClass,ArffFileStream -f ./../../../Dataset/Synthetic_IM10/stream_gen_agrawal.arff,1,2500.0,0.0625,1.7203597558869257E-11,2500.0,0.914,0.5,0.5,0.0,0.0,0.914,0.5,0.914,0.086,2500.0,1064.0
functions.MajorityClass,ArffFileStream -f ./../../../Dataset/Synthetic_IM10/stream_gen_agrawal.arff,1,3000.0,0.078125,2.150449694858657E-11,3000.0,0.882,0.5,0.5,0.0,0.0,0.882,0.5,0.882,0.118,3000.0,1064.0
functions.MajorityClass,ArffFileStream -f ./../../../Dataset/Synthetic_IM10/stream_gen_agrawal.arff,1,3500.0,0.09375,2.5805396338303885E-11,3500.0,0.89,0.5,0.5,0.0,0.0,0.89,0.5,0.89,0.11,3500.0,1064.0
functions.MajorityClass,ArffFileStream -f ./../../../Dataset/Synthetic_IM10/stream_gen_agrawal.arff,1,4000.0,0.09375,2.5805396338303885E-11,4000.0,0.89,0.5,0.5,0.0,0.0,0.89,0.5,0.89,0.11,4000.0,1064.0
functions.MajorityClass,ArffFileStream -f ./../../../Dataset/Synthetic_IM10/stream_gen_agrawal.arff,1,4500.0,0.09375,2.5805396338303885E-11,4500.0,0.896,0.5,0.5,0.0,0.0,0.896,0.5,0.896,0.104,4500.0,1064.0
functions.MajorityClass,ArffFileStream -f ./../../../Dataset/Synthetic_IM10/stream_gen_agrawal.arff,1,5000.0,0.109375,3.01062957280212E-11,5000.0,0.906,0.5,0.5,0.0,0.0,0.906,0.5,0.906,0.094,5000.0,1064.0
functions.MajorityClass,ArffFileStream -f ./../../../Dataset/Synthetic_IM10/stream_gen_agrawal.arff,1,5500.0,0.109375,3.01062957280212E-11,5500.0,0.888,0.5,0.5,0.0,0.0,0.888,0.5,0.888,0.112,5500.0,1064.0
functions.MajorityClass,ArffFileStream -f ./../../../Dataset/Synthetic_IM10/stream_gen_agrawal.arff,1,6000.0,0.109375,3.01062957280212E-11,6000.0,0.876,0.5,0.5,0.0,0.0,0.876,0.5,0.876,0.124,6000.0,1064.0
functions.MajorityClass,ArffFileStream -f ./../../../Dataset/Synthetic_IM10/stream_gen_agrawal.arff,1,6500.0,0.109375,3.01062957280212E-11,6500.0,0.924,0.5,0.5,0.0,0.0,0.924,0.5,0.924,0.076,6500.0,1064.0
functions.MajorityClass,ArffFileStream -f ./../../../Dataset/Synthetic_IM10/stream_gen_agrawal.arff,1,7000.0,0.109375,3.01062957280212E-11,7000.0,0.878,0.5,0.5,0.0,0.0,0.878,0.5,0.878,0.122,7000.0,1064.0
functions.MajorityClass,ArffFileStream -f ./../../../Dataset/Synthetic_IM10/stream_gen_agrawal.arff,1,7500.0,0.109375,3.01062957280212E-11,7500.0,0.904,0.5,0.5,0.0,0.0,0.904,0.5,0.904,0.096,7500.0,1064.0
functions.MajorityClass,ArffFileStream -f ./../../../Dataset/Synthetic_IM10/stream_gen_agrawal.arff,1,8000.0,0.109375,3.01062957280212E-11,8000.0,0.924,0.5,0.5,0.0,0.0,0.924,0.5,0.924,0.076,8000.0,1064.0
functions.MajorityClass,ArffFileStream -f ./../../../Dataset/Synthetic_IM10/stream_gen_agrawal.arff,1,8500.0,0.125,3.4407195117738514E-11,8500.0,0.93,0.5,0.5,0.0,0.0,0.93,0.5,0.93,0.07,8500.0,1064.0
functions.MajorityClass,ArffFileStream -f ./../../../Dataset/Synthetic_IM10/stream_gen_agrawal.arff,1,9000.0,0.125,3.4407195117738514E-11,9000.0,0.884,0.5,0.5,0.0,0.0,0.884,0.5,0.884,0.116,9000.0,1064.0
functions.MajorityClass,ArffFileStream -f ./../../../Dataset/Synthetic_IM10/stream_gen_agrawal.arff,1,9500.0,0.125,3.4407195117738514E-11,9500.0,0.898,0.5,0.5,0.0,0.0,0.898,0.5,0.898,0.102,9500.0,1064.0
functions.MajorityClass,ArffFileStream -f ./../../../Dataset/Synthetic_IM10/stream_gen_agrawal.arff,1,10000.0,0.140625,3.870809450745583E-11,10000.0,0.892,0.5,0.5,0.0,0.0,0.892,0.5,0.892,0.108,10000.0,1064.0
functions.MajorityClass,ArffFileStream -f ./../../../Dataset/Synthetic_IM10/stream_gen_agrawal.arff,1,10500.0,0.140625,3.870809450745583E-11,10500.0,0.878,0.5,0.5,0.0,0.0,0.878,0.5,0.878,0.122,10500.0,1064.0
functions.MajorityClass,ArffFileStream -f ./../../../Dataset/Synthetic_IM10/stream_gen_agrawal.arff,1,11000.0,0.140625,3.870809450745583E-11,11000.0,0.896,0.5,0.5,0.0,0.0,0.896,0.5,0.896,0.104,11000.0,1064.0
functions.MajorityClass,ArffFileStream -f ./../../../Dataset/Synthetic_IM10/stream_gen_agrawal.arff,1,11500.0,0.140625,3.870809450745583E-11,11500.0,0.89,0.5,0.5,0.0,0.0,0.89,0.5,0.89,0.11,11500.0,1064.0
functions.MajorityClass,ArffFileStream -f ./../../../Dataset/Synthetic_IM10/stream_gen_agrawal.arff,1,12000.0,0.15625,4.300899389717314E-11,12000.0,0.914,0.5,0.5,0.0,0.0,0.914,0.5,0.914,0.086,12000.0,1064.0
functions.MajorityClass,ArffFileStream -f ./../../../Dataset/Synthetic_IM10/stream_gen_agrawal.arff,1,12500.0,0.15625,4.300899389717314E-11,12500.0,0.894,0.5,0.5,0.0,0.0,0.894,0.5,0.894,0.106,12500.0,1064.0
functions.MajorityClass,ArffFileStream -f ./../../../Dataset/Synthetic_IM10/stream_gen_agrawal.arff,1,13000.0,0.15625,4.300899389717314E-11,13000.0,0.898,0.5,0.5,0.0,0.0,0.898,0.5,0.898,0.102,13000.0,1064.0
functions.MajorityClass,ArffFileStream -f ./../../../Dataset/Synthetic_IM10/stream_gen_agrawal.arff,1,13500.0,0.15625,4.300899389717314E-11,13500.0,0.898,0.5,0.5,0.0,0.0,0.898,0.5,0.898,0.102,13500.0,1064.0
functions.MajorityClass,ArffFileStream -f ./../../../Dataset/Synthetic_IM10/stream_gen_agrawal.arff,1,14000.0,0.15625,4.300899389717314E-11,14000.0,0.918,0.5,0.5,0.0,0.0,0.918,0.5,0.918,0.082,14000.0,1064.0
functions.MajorityClass,ArffFileStream -f ./../../../Dataset/Synthetic_IM10/stream_gen_agrawal.arff,1,14500.0,0.171875,4.7309893286890456E-11,14500.0,0.91,0.5,0.5,0.0,0.0,0.91,0.5,0.91,0.09,14500.0,1064.0
functions.MajorityClass,ArffFileStream -f ./../../../Dataset/Synthetic_IM10/stream_gen_agrawal.arff,1,15000.0,0.171875,4.7309893286890456E-11,15000.0,0.888,0.5,0.5,0.0,0.0,0.888,0.5,0.888,0.112,15000.0,1064.0
functions.MajorityClass,ArffFileStream -f ./../../../Dataset/Synthetic_IM10/stream_gen_agrawal.arff,1,15500.0,0.171875,4.7309893286890456E-11,15500.0,0.884,0.5,0.5,0.0,0.0,0.884,0.5,0.884,0.116,15500.0,1064.0
functions.MajorityClass,ArffFileStream -f ./../../../Dataset/Synthetic_IM10/stream_gen_agrawal.arff,1,16000.0,0.171875,4.7309893286890456E-11,16000.0,0.92,0.5,0.5,0.0,0.0,0.92,0.5,0.92,0.08,16000.0,1064.0
functions.MajorityClass,ArffFileStream -f ./../../../Dataset/Synthetic_IM10/stream_gen_agrawal.arff,1,16500.0,0.1875,5.161079267660777E-11,16500.0,0.896,0.5,0.5,0.0,0.0,0.896,0.5,0.896,0.104,16500.0,1064.0
functions.MajorityClass,ArffFileStream -f ./../../../Dataset/Synthetic_IM10/stream_gen_agrawal.arff,1,17000.0,0.1875,5.161079267660777E-11,17000.0,0.892,0.5,0.5,0.0,0.0,0.892,0.5,0.892,0.108,17000.0,1064.0
functions.MajorityClass,ArffFileStream -f ./../../../Dataset/Synthetic_IM10/stream_gen_agrawal.arff,1,17500.0,0.1875,5.161079267660777E-11,17500.0,0.914,0.5,0.5,0.0,0.0,0.914,0.5,0.914,0.086,17500.0,1064.0
functions.MajorityClass,ArffFileStream -f ./../../../Dataset/Synthetic_IM10/stream_gen_agrawal.arff,1,18000.0,0.1875,5.161079267660777E-11,18000.0,0.91,0.5,0.5,0.0,0.0,0.91,0.5,0.91,0.09,18000.0,1064.0
functions.MajorityClass,ArffFileStream -f ./../../../Dataset/Synthetic_IM10/stream_gen_agrawal.arff,1,18500.0,0.1875,5.161079267660777E-11,18500.0,0.896,0.5,0.5,0.0,0.0,0.896,0.5,0.896,0.104,18500.0,1064.0
functions.MajorityClass,ArffFileStream -f ./../../../Dataset/Synthetic_IM10/stream_gen_agrawal.arff,1,19000.0,0.1875,5.161079267660777E-11,19000.0,0.874,0.5,0.5,0.0,0.0,0.874,0.5,0.874,0.126,19000.0,1064.0
functions.MajorityClass,ArffFileStream -f ./../../../Dataset/Synthetic_IM10/stream_gen_agrawal.arff,1,19500.0,0.1875,5.161079267660777E-11,19500.0,0.878,0.5,0.5,0.0,0.0,0.878,0.5,0.878,0.122,19500.0,1064.0
functions.MajorityClass,ArffFileStream -f ./../../../Dataset/Synthetic_IM10/stream_gen_agrawal.arff,1,20000.0,0.203125,5.5911692066325085E-11,20000.0,0.892,0.5,0.5,0.0,0.0,0.892,0.5,0.892,0.108,20000.0,1064.0
functions.MajorityClass,ArffFileStream -f ./../../../Dataset/Synthetic_IM10/stream_gen_agrawal.arff,1,20500.0,0.203125,5.5911692066325085E-11,20500.0,0.87,0.5,0.5,0.0,0.0,0.87,0.5,0.87,0.13,20500.0,1064.0
functions.MajorityClass,ArffFileStream -f ./../../../Dataset/Synthetic_IM10/stream_gen_agrawal.arff,1,21000.0,0.203125,5.5911692066325085E-11,21000.0,0.898,0.5,0.5,0.0,0.0,0.898,0.5,0.898,0.102,21000.0,1064.0
functions.MajorityClass,ArffFileStream -f ./../../../Dataset/Synthetic_IM10/stream_gen_agrawal.arff,1,21500.0,0.21875,6.02125914560424E-11,21500.0,0.894,0.5,0.5,0.0,0.0,0.894,0.5,0.894,0.106,21500.0,1064.0
functions.MajorityClass,ArffFileStream -f ./../../../Dataset/Synthetic_IM10/stream_gen_agrawal.arff,1,22000.0,0.21875,6.02125914560424E-11,22000.0,0.882,0.5,0.5,0.0,0.0,0.882,0.5,0.882,0.118,22000.0,1064.0
functions.MajorityClass,ArffFileStream -f ./../../../Dataset/Synthetic_IM10/stream_gen_agrawal.arff,1,22500.0,0.21875,6.02125914560424E-11,22500.0,0.896,0.5,0.5,0.0,0.0,0.896,0.5,0.896,0.104,22500.0,1064.0
functions.MajorityClass,ArffFileStream -f ./../../../Dataset/Synthetic_IM10/stream_gen_agrawal.arff,1,23000.0,0.21875,6.02125914560424E-11,23000.0,0.902,0.5,0.5,0.0,0.0,0.902,0.5,0.902,0.098,23000.0,1064.0
functions.MajorityClass,ArffFileStream -f ./../../../Dataset/Synthetic_IM10/stream_gen_agrawal.arff,1,23500.0,0.234375,6.451349084575971E-11,23500.0,0.886,0.5,0.5,0.0,0.0,0.886,0.5,0.886,0.114,23500.0,1064.0
functions.MajorityClass,ArffFileStream -f ./../../../Dataset/Synthetic_IM10/stream_gen_agrawal.arff,1,24000.0,0.234375,6.451349084575971E-11,24000.0,0.908,0.5,0.5,0.0,0.0,0.908,0.5,0.908,0.092,24000.0,1064.0
functions.MajorityClass,ArffFileStream -f ./../../../Dataset/Synthetic_IM10/stream_gen_agrawal.arff,1,24500.0,0.234375,6.451349084575971E-11,24500.0,0.896,0.5,0.5,0.0,0.0,0.896,0.5,0.896,0.104,24500.0,1064.0
functions.MajorityClass,ArffFileStream -f ./../../../Dataset/Synthetic_IM10/stream_gen_agrawal.arff,1,25000.0,0.234375,6.451349084575971E-11,25000.0,0.902,0.5,0.5,0.0,0.0,0.902,0.5,0.902,0.098,25000.0,1064.0
functions.MajorityClass,ArffFileStream -f ./../../../Dataset/Synthetic_IM10/stream_gen_agrawal.arff,1,25500.0,0.25,6.881439023547703E-11,25500.0,0.898,0.5,0.5,0.0,0.0,0.898,0.5,0.898,0.102,25500.0,1064.0
functions.MajorityClass,ArffFileStream -f ./../../../Dataset/Synthetic_IM10/stream_gen_agrawal.arff,1,26000.0,0.25,6.881439023547703E-11,26000.0,0.904,0.5,0.5,0.0,0.0,0.904,0.5,0.904,0.096,26000.0,1064.0
functions.MajorityClass,ArffFileStream -f ./../../../Dataset/Synthetic_IM10/stream_gen_agrawal.arff,1,26500.0,0.25,6.881439023547703E-11,26500.0,0.914,0.5,0.5,0.0,0.0,0.914,0.5,0.914,0.086,26500.0,1064.0
functions.MajorityClass,ArffFileStream -f ./../../../Dataset/Synthetic_IM10/stream_gen_agrawal.arff,1,27000.0,0.25,6.881439023547703E-11,27000.0,0.892,0.5,0.5,0.0,0.0,0.892,0.5,0.892,0.108,27000.0,1064.0
functions.MajorityClass,ArffFileStream -f ./../../../Dataset/Synthetic_IM10/stream_gen_agrawal.arff,1,27500.0,0.265625,7.311528962519434E-11,27500.0,0.92,0.5,0.5,0.0,0.0,0.92,0.5,0.92,0.08,27500.0,1064.0
functions.MajorityClass,ArffFileStream -f ./../../../Dataset/Synthetic_IM10/stream_gen_agrawal.arff,1,28000.0,0.265625,7.311528962519434E-11,28000.0,0.904,0.5,0.5,0.0,0.0,0.904,0.5,0.904,0.096,28000.0,1064.0
functions.MajorityClass,ArffFileStream -f ./../../../Dataset/Synthetic_IM10/stream_gen_agrawal.arff,1,28500.0,0.265625,7.311528962519434E-11,28500.0,0.92,0.5,0.5,0.0,0.0,0.92,0.5,0.92,0.08,28500.0,1064.0
functions.MajorityClass,ArffFileStream -f ./../../../Dataset/Synthetic_IM10/stream_gen_agrawal.arff,1,29000.0,0.265625,7.311528962519434E-11,29000.0,0.902,0.5,0.5,0.0,0.0,0.902,0.5,0.902,0.098,29000.0,1064.0
functions.MajorityClass,ArffFileStream -f ./../../../Dataset/Synthetic_IM10/stream_gen_agrawal.arff,1,29500.0,0.28125,7.741618901491166E-11,29500.0,0.868,0.5,0.5,0.0,0.0,0.868,0.5,0.868,0.132,29500.0,1064.0
functions.MajorityClass,ArffFileStream -f ./../../../Dataset/Synthetic_IM10/stream_gen_agrawal.arff,1,30000.0,0.28125,7.741618901491166E-11,30000.0,0.91,0.5,0.5,0.0,0.0,0.91,0.5,0.91,0.09,30000.0,1064.0
functions.MajorityClass,ArffFileStream -f ./../../../Dataset/Synthetic_IM10/stream_gen_agrawal.arff,1,30500.0,0.28125,7.741618901491166E-11,30500.0,0.89,0.5,0.5,0.0,0.0,0.89,0.5,0.89,0.11,30500.0,1064.0
functions.MajorityClass,ArffFileStream -f ./../../../Dataset/Synthetic_IM10/stream_gen_agrawal.arff,1,31000.0,0.28125,7.741618901491166E-11,31000.0,0.914,0.5,0.5,0.0,0.0,0.914,0.5,0.914,0.086,31000.0,1064.0
functions.MajorityClass,ArffFileStream -f ./../../../Dataset/Synthetic_IM10/stream_gen_agrawal.arff,1,31500.0,0.296875,8.171708840462897E-11,31500.0,0.898,0.5,0.5,0.0,0.0,0.898,0.5,0.898,0.102,31500.0,1064.0
functions.MajorityClass,ArffFileStream -f ./../../../Dataset/Synthetic_IM10/stream_gen_agrawal.arff,1,32000.0,0.296875,8.171708840462897E-11,32000.0,0.88,0.5,0.5,0.0,0.0,0.88,0.5,0.88,0.12,32000.0,1064.0
functions.MajorityClass,ArffFileStream -f ./../../../Dataset/Synthetic_IM10/stream_gen_agrawal.arff,1,32500.0,0.296875,8.171708840462897E-11,32500.0,0.912,0.5,0.5,0.0,0.0,0.912,0.5,0.912,0.088,32500.0,1064.0
functions.MajorityClass,ArffFileStream -f ./../../../Dataset/Synthetic_IM10/stream_gen_agrawal.arff,1,33000.0,0.296875,8.171708840462897E-11,33000.0,0.896,0.5,0.5,0.0,0.0,0.896,0.5,0.896,0.104,33000.0,1064.0
functions.MajorityClass,ArffFileStream -f ./../../../Dataset/Synthetic_IM10/stream_gen_agrawal.arff,1,33500.0,0.296875,8.171708840462897E-11,33500.0,0.9,0.5,0.5,0.0,0.0,0.9,0.5,0.9,0.1,33500.0,1064.0
functions.MajorityClass,ArffFileStream -f ./../../../Dataset/Synthetic_IM10/stream_gen_agrawal.arff,1,34000.0,0.3125,8.601798779434628E-11,34000.0,0.898,0.5,0.5,0.0,0.0,0.898,0.5,0.898,0.102,34000.0,1064.0
functions.MajorityClass,ArffFileStream -f ./../../../Dataset/Synthetic_IM10/stream_gen_agrawal.arff,1,34500.0,0.3125,8.601798779434628E-11,34500.0,0.93,0.5,0.5,0.0,0.0,0.93,0.5,0.93,0.07,34500.0,1064.0
functions.MajorityClass,ArffFileStream -f ./../../../Dataset/Synthetic_IM10/stream_gen_agrawal.arff,1,35000.0,0.3125,8.601798779434628E-11,35000.0,0.914,0.5,0.5,0.0,0.0,0.914,0.5,0.914,0.086,35000.0,1064.0
functions.MajorityClass,ArffFileStream -f ./../../../Dataset/Synthetic_IM10/stream_gen_agrawal.arff,1,35500.0,0.3125,8.601798779434628E-11,35500.0,0.878,0.5,0.5,0.0,0.0,0.878,0.5,0.878,0.122,35500.0,1064.0
functions.MajorityClass,ArffFileStream -f ./../../../Dataset/Synthetic_IM10/stream_gen_agrawal.arff,1,36000.0,0.3125,8.601798779434628E-11,36000.0,0.878,0.5,0.5,0.0,0.0,0.878,0.5,0.878,0.122,36000.0,1064.0
functions.MajorityClass,ArffFileStream -f ./../../../Dataset/Synthetic_IM10/stream_gen_agrawal.arff,1,36500.0,0.3125,8.601798779434628E-11,36500.0,0.884,0.5,0.5,0.0,0.0,0.884,0.5,0.884,0.116,36500.0,1064.0
functions.MajorityClass,ArffFileStream -f ./../../../Dataset/Synthetic_IM10/stream_gen_agrawal.arff,1,37000.0,0.328125,9.03188871840636E-11,37000.0,0.906,0.5,0.5,0.0,0.0,0.906,0.5,0.906,0.094,37000.0,1064.0
functions.MajorityClass,ArffFileStream -f ./../../../Dataset/Synthetic_IM10/stream_gen_agrawal.arff,1,37500.0,0.328125,9.03188871840636E-11,37500.0,0.908,0.5,0.5,0.0,0.0,0.908,0.5,0.908,0.092,37500.0,1064.0
functions.MajorityClass,ArffFileStream -f ./../../../Dataset/Synthetic_IM10/stream_gen_agrawal.arff,1,38000.0,0.328125,9.03188871840636E-11,38000.0,0.91,0.5,0.5,0.0,0.0,0.91,0.5,0.91,0.09,38000.0,1064.0
functions.MajorityClass,ArffFileStream -f ./../../../Dataset/Synthetic_IM10/stream_gen_agrawal.arff,1,38500.0,0.328125,9.03188871840636E-11,38500.0,0.904,0.5,0.5,0.0,0.0,0.904,0.5,0.904,0.096,38500.0,1064.0
functions.MajorityClass,ArffFileStream -f ./../../../Dataset/Synthetic_IM10/stream_gen_agrawal.arff,1,39000.0,0.328125,9.03188871840636E-11,39000.0,0.904,0.5,0.5,0.0,0.0,0.904,0.5,0.904,0.096,39000.0,1064.0
functions.MajorityClass,ArffFileStream -f ./../../../Dataset/Synthetic_IM10/stream_gen_agrawal.arff,1,39500.0,0.328125,9.03188871840636E-11,39500.0,0.916,0.5,0.5,0.0,0.0,0.916,0.5,0.916,0.084,39500.0,1064.0
functions.MajorityClass,ArffFileStream -f ./../../../Dataset/Synthetic_IM10/stream_gen_agrawal.arff,1,40000.0,0.34375,9.461978657378091E-11,40000.0,0.896,0.5,0.5,0.0,0.0,0.896,0.5,0.896,0.104,40000.0,1064.0
functions.MajorityClass,ArffFileStream -f ./../../../Dataset/Synthetic_IM10/stream_gen_agrawal.arff,1,40500.0,0.34375,9.461978657378091E-11,40500.0,0.922,0.5,0.5,0.0,0.0,0.922,0.5,0.922,0.078,40500.0,1064.0
functions.MajorityClass,ArffFileStream -f ./../../../Dataset/Synthetic_IM10/stream_gen_agrawal.arff,1,41000.0,0.34375,9.461978657378091E-11,41000.0,0.91,0.5,0.5,0.0,0.0,0.91,0.5,0.91,0.09,41000.0,1064.0
functions.MajorityClass,ArffFileStream -f ./../../../Dataset/Synthetic_IM10/stream_gen_agrawal.arff,1,41500.0,0.34375,9.461978657378091E-11,41500.0,0.89,0.5,0.5,0.0,0.0,0.89,0.5,0.89,0.11,41500.0,1064.0
functions.MajorityClass,ArffFileStream -f ./../../../Dataset/Synthetic_IM10/stream_gen_agrawal.arff,1,42000.0,0.34375,9.461978657378091E-11,42000.0,0.908,0.5,0.5,0.0,0.0,0.908,0.5,0.908,0.092,42000.0,1064.0
functions.MajorityClass,ArffFileStream -f ./../../../Dataset/Synthetic_IM10/stream_gen_agrawal.arff,1,42500.0,0.34375,9.461978657378091E-11,42500.0,0.91,0.5,0.5,0.0,0.0,0.91,0.5,0.91,0.09,42500.0,1064.0
functions.MajorityClass,ArffFileStream -f ./../../../Dataset/Synthetic_IM10/stream_gen_agrawal.arff,1,43000.0,0.359375,9.892068596349823E-11,43000.0,0.882,0.5,0.5,0.0,0.0,0.882,0.5,0.882,0.118,43000.0,1064.0
functions.MajorityClass,ArffFileStream -f ./../../../Dataset/Synthetic_IM10/stream_gen_agrawal.arff,1,43500.0,0.359375,9.892068596349823E-11,43500.0,0.892,0.5,0.5,0.0,0.0,0.892,0.5,0.892,0.108,43500.0,1064.0
functions.MajorityClass,ArffFileStream -f ./../../../Dataset/Synthetic_IM10/stream_gen_agrawal.arff,1,44000.0,0.359375,9.892068596349823E-11,44000.0,0.908,0.5,0.5,0.0,0.0,0.908,0.5,0.908,0.092,44000.0,1064.0
functions.MajorityClass,ArffFileStream -f ./../../../Dataset/Synthetic_IM10/stream_gen_agrawal.arff,1,44500.0,0.359375,9.892068596349823E-11,44500.0,0.904,0.5,0.5,0.0,0.0,0.904,0.5,0.904,0.096,44500.0,1064.0
functions.MajorityClass,ArffFileStream -f ./../../../Dataset/Synthetic_IM10/stream_gen_agrawal.arff,1,45000.0,0.375,1.0322158535321554E-10,45000.0,0.898,0.5,0.5,0.0,0.0,0.898,0.5,0.898,0.102,45000.0,1064.0
functions.MajorityClass,ArffFileStream -f ./../../../Dataset/Synthetic_IM10/stream_gen_agrawal.arff,1,45500.0,0.375,1.0322158535321554E-10,45500.0,0.896,0.5,0.5,0.0,0.0,0.896,0.5,0.896,0.104,45500.0,1064.0
functions.MajorityClass,ArffFileStream -f ./../../../Dataset/Synthetic_IM10/stream_gen_agrawal.arff,1,46000.0,0.375,1.0322158535321554E-10,46000.0,0.91,0.5,0.5,0.0,0.0,0.91,0.5,0.91,0.09,46000.0,1064.0
functions.MajorityClass,ArffFileStream -f ./../../../Dataset/Synthetic_IM10/stream_gen_agrawal.arff,1,46500.0,0.375,1.0322158535321554E-10,46500.0,0.91,0.5,0.5,0.0,0.0,0.91,0.5,0.91,0.09,46500.0,1064.0
functions.MajorityClass,ArffFileStream -f ./../../../Dataset/Synthetic_IM10/stream_gen_agrawal.arff,1,47000.0,0.375,1.0322158535321554E-10,47000.0,0.894,0.5,0.5,0.0,0.0,0.894,0.5,0.894,0.106,47000.0,1064.0
functions.MajorityClass,ArffFileStream -f ./../../../Dataset/Synthetic_IM10/stream_gen_agrawal.arff,1,47500.0,0.375,1.0322158535321554E-10,47500.0,0.906,0.5,0.5,0.0,0.0,0.906,0.5,0.906,0.094,47500.0,1064.0
functions.MajorityClass,ArffFileStream -f ./../../../Dataset/Synthetic_IM10/stream_gen_agrawal.arff,1,48000.0,0.375,1.0322158535321554E-10,48000.0,0.92,0.5,0.5,0.0,0.0,0.92,0.5,0.92,0.08,48000.0,1064.0
functions.MajorityClass,ArffFileStream -f ./../../../Dataset/Synthetic_IM10/stream_gen_agrawal.arff,1,48500.0,0.390625,1.0752248474293286E-10,48500.0,0.898,0.5,0.5,0.0,0.0,0.898,0.5,0.898,0.102,48500.0,1064.0
functions.MajorityClass,ArffFileStream -f ./../../../Dataset/Synthetic_IM10/stream_gen_agrawal.arff,1,49000.0,0.390625,1.0752248474293286E-10,49000.0,0.906,0.5,0.5,0.0,0.0,0.906,0.5,0.906,0.094,49000.0,1064.0
functions.MajorityClass,ArffFileStream -f ./../../../Dataset/Synthetic_IM10/stream_gen_agrawal.arff,1,49500.0,0.390625,1.0752248474293286E-10,49500.0,0.906,0.5,0.5,0.0,0.0,0.906,0.5,0.906,0.094,49500.0,1064.0
functions.MajorityClass,ArffFileStream -f ./../../../Dataset/Synthetic_IM10/stream_gen_agrawal.arff,1,50000.0,0.390625,1.0752248474293286E-10,50000.0,0.888,0.5,0.5,0.0,0.0,0.888,0.5,0.888,0.112,50000.0,1064.0
functions.MajorityClass,ArffFileStream -f ./../../../Dataset/Synthetic_IM10/stream_gen_agrawal.arff,1,50500.0,0.390625,1.0752248474293286E-10,50500.0,0.916,0.5,0.5,0.0,0.0,0.916,0.5,0.916,0.084,50500.0,1064.0
functions.MajorityClass,ArffFileStream -f ./../../../Dataset/Synthetic_IM10/stream_gen_agrawal.arff,1,51000.0,0.40625,1.1182338413265017E-10,51000.0,0.91,0.5,0.5,0.0,0.0,0.91,0.5,0.91,0.09,51000.0,1064.0
functions.MajorityClass,ArffFileStream -f ./../../../Dataset/Synthetic_IM10/stream_gen_agrawal.arff,1,51500.0,0.40625,1.1182338413265017E-10,51500.0,0.892,0.5,0.5,0.0,0.0,0.892,0.5,0.892,0.108,51500.0,1064.0
functions.MajorityClass,ArffFileStream -f ./../../../Dataset/Synthetic_IM10/stream_gen_agrawal.arff,1,52000.0,0.40625,1.1182338413265017E-10,52000.0,0.898,0.5,0.5,0.0,0.0,0.898,0.5,0.898,0.102,52000.0,1064.0
functions.MajorityClass,ArffFileStream -f ./../../../Dataset/Synthetic_IM10/stream_gen_agrawal.arff,1,52500.0,0.40625,1.1182338413265017E-10,52500.0,0.878,0.5,0.5,0.0,0.0,0.878,0.5,0.878,0.122,52500.0,1064.0
functions.MajorityClass,ArffFileStream -f ./../../../Dataset/Synthetic_IM10/stream_gen_agrawal.arff,1,53000.0,0.40625,1.1182338413265017E-10,53000.0,0.916,0.5,0.5,0.0,0.0,0.916,0.5,0.916,0.084,53000.0,1064.0
functions.MajorityClass,ArffFileStream -f ./../../../Dataset/Synthetic_IM10/stream_gen_agrawal.arff,1,53500.0,0.40625,1.1182338413265017E-10,53500.0,0.882,0.5,0.5,0.0,0.0,0.882,0.5,0.882,0.118,53500.0,1064.0
functions.MajorityClass,ArffFileStream -f ./../../../Dataset/Synthetic_IM10/stream_gen_agrawal.arff,1,54000.0,0.421875,1.1612428352236748E-10,54000.0,0.9,0.5,0.5,0.0,0.0,0.9,0.5,0.9,0.1,54000.0,1064.0
functions.MajorityClass,ArffFileStream -f ./../../../Dataset/Synthetic_IM10/stream_gen_agrawal.arff,1,54500.0,0.421875,1.1612428352236748E-10,54500.0,0.904,0.5,0.5,0.0,0.0,0.904,0.5,0.904,0.096,54500.0,1064.0
functions.MajorityClass,ArffFileStream -f ./../../../Dataset/Synthetic_IM10/stream_gen_agrawal.arff,1,55000.0,0.421875,1.1612428352236748E-10,55000.0,0.87,0.5,0.5,0.0,0.0,0.87,0.5,0.87,0.13,55000.0,1064.0
functions.MajorityClass,ArffFileStream -f ./../../../Dataset/Synthetic_IM10/stream_gen_agrawal.arff,1,55500.0,0.421875,1.1612428352236748E-10,55500.0,0.894,0.5,0.5,0.0,0.0,0.894,0.5,0.894,0.106,55500.0,1064.0
functions.MajorityClass,ArffFileStream -f ./../../../Dataset/Synthetic_IM10/stream_gen_agrawal.arff,1,56000.0,0.421875,1.1612428352236748E-10,56000.0,0.886,0.5,0.5,0.0,0.0,0.886,0.5,0.886,0.114,56000.0,1064.0
functions.MajorityClass,ArffFileStream -f ./../../../Dataset/Synthetic_IM10/stream_gen_agrawal.arff,1,56500.0,0.421875,1.1612428352236748E-10,56500.0,0.91,0.5,0.5,0.0,0.0,0.91,0.5,0.91,0.09,56500.0,1064.0
functions.MajorityClass,ArffFileStream -f ./../../../Dataset/Synthetic_IM10/stream_gen_agrawal.arff,1,57000.0,0.4375,1.204251829120848E-10,57000.0,0.906,0.5,0.5,0.0,0.0,0.906,0.5,0.906,0.094,57000.0,1064.0
functions.MajorityClass,ArffFileStream -f ./../../../Dataset/Synthetic_IM10/stream_gen_agrawal.arff,1,57500.0,0.4375,1.204251829120848E-10,57500.0,0.926,0.5,0.5,0.0,0.0,0.926,0.5,0.926,0.074,57500.0,1064.0
functions.MajorityClass,ArffFileStream -f ./../../../Dataset/Synthetic_IM10/stream_gen_agrawal.arff,1,58000.0,0.4375,1.204251829120848E-10,58000.0,0.902,0.5,0.5,0.0,0.0,0.902,0.5,0.902,0.098,58000.0,1064.0
functions.MajorityClass,ArffFileStream -f ./../../../Dataset/Synthetic_IM10/stream_gen_agrawal.arff,1,58500.0,0.4375,1.204251829120848E-10,58500.0,0.906,0.5,0.5,0.0,0.0,0.906,0.5,0.906,0.094,58500.0,1064.0
functions.MajorityClass,ArffFileStream -f ./../../../Dataset/Synthetic_IM10/stream_gen_agrawal.arff,1,59000.0,0.4375,1.204251829120848E-10,59000.0,0.894,0.5,0.5,0.0,0.0,0.894,0.5,0.894,0.106,59000.0,1064.0
functions.MajorityClass,ArffFileStream -f ./../../../Dataset/Synthetic_IM10/stream_gen_agrawal.arff,1,59500.0,0.453125,1.247260823018021E-10,59500.0,0.882,0.5,0.5,0.0,0.0,0.882,0.5,0.882,0.118,59500.0,1064.0
functions.MajorityClass,ArffFileStream -f ./../../../Dataset/Synthetic_IM10/stream_gen_agrawal.arff,1,60000.0,0.453125,1.247260823018021E-10,60000.0,0.88,0.5,0.5,0.0,0.0,0.88,0.5,0.88,0.12,60000.0,1064.0
functions.MajorityClass,ArffFileStream -f ./../../../Dataset/Synthetic_IM10/stream_gen_agrawal.arff,1,60500.0,0.453125,1.247260823018021E-10,60500.0,0.898,0.5,0.5,0.0,0.0,0.898,0.5,0.898,0.102,60500.0,1064.0
functions.MajorityClass,ArffFileStream -f ./../../../Dataset/Synthetic_IM10/stream_gen_agrawal.arff,1,61000.0,0.453125,1.247260823018021E-10,61000.0,0.908,0.5,0.5,0.0,0.0,0.908,0.5,0.908,0.092,61000.0,1064.0
functions.MajorityClass,ArffFileStream -f ./../../../Dataset/Synthetic_IM10/stream_gen_agrawal.arff,1,61500.0,0.453125,1.247260823018021E-10,61500.0,0.91,0.5,0.5,0.0,0.0,0.91,0.5,0.91,0.09,61500.0,1064.0
functions.MajorityClass,ArffFileStream -f ./../../../Dataset/Synthetic_IM10/stream_gen_agrawal.arff,1,62000.0,0.46875,1.2902698169151943E-10,62000.0,0.874,0.5,0.5,0.0,0.0,0.874,0.5,0.874,0.126,62000.0,1064.0
functions.MajorityClass,ArffFileStream -f ./../../../Dataset/Synthetic_IM10/stream_gen_agrawal.arff,1,62500.0,0.46875,1.2902698169151943E-10,62500.0,0.9,0.5,0.5,0.0,0.0,0.9,0.5,0.9,0.1,62500.0,1064.0
functions.MajorityClass,ArffFileStream -f ./../../../Dataset/Synthetic_IM10/stream_gen_agrawal.arff,1,63000.0,0.46875,1.2902698169151943E-10,63000.0,0.898,0.5,0.5,0.0,0.0,0.898,0.5,0.898,0.102,63000.0,1064.0
functions.MajorityClass,ArffFileStream -f ./../../../Dataset/Synthetic_IM10/stream_gen_agrawal.arff,1,63500.0,0.46875,1.2902698169151943E-10,63500.0,0.912,0.5,0.5,0.0,0.0,0.912,0.5,0.912,0.088,63500.0,1064.0
functions.MajorityClass,ArffFileStream -f ./../../../Dataset/Synthetic_IM10/stream_gen_agrawal.arff,1,64000.0,0.46875,1.2902698169151943E-10,64000.0,0.9,0.5,0.5,0.0,0.0,0.9,0.5,0.9,0.1,64000.0,1064.0
functions.MajorityClass,ArffFileStream -f ./../../../Dataset/Synthetic_IM10/stream_gen_agrawal.arff,1,64500.0,0.46875,1.2902698169151943E-10,64500.0,0.914,0.5,0.5,0.0,0.0,0.914,0.5,0.914,0.086,64500.0,1064.0
functions.MajorityClass,ArffFileStream -f ./../../../Dataset/Synthetic_IM10/stream_gen_agrawal.arff,1,65000.0,0.484375,1.3332788108123674E-10,65000.0,0.904,0.5,0.5,0.0,0.0,0.904,0.5,0.904,0.096,65000.0,1064.0
functions.MajorityClass,ArffFileStream -f ./../../../Dataset/Synthetic_IM10/stream_gen_agrawal.arff,1,65500.0,0.484375,1.3332788108123674E-10,65500.0,0.892,0.5,0.5,0.0,0.0,0.892,0.5,0.892,0.108,65500.0,1064.0
functions.MajorityClass,ArffFileStream -f ./../../../Dataset/Synthetic_IM10/stream_gen_agrawal.arff,1,66000.0,0.484375,1.3332788108123674E-10,66000.0,0.906,0.5,0.5,0.0,0.0,0.906,0.5,0.906,0.094,66000.0,1064.0
functions.MajorityClass,ArffFileStream -f ./../../../Dataset/Synthetic_IM10/stream_gen_agrawal.arff,1,66500.0,0.484375,1.3332788108123674E-10,66500.0,0.89,0.5,0.5,0.0,0.0,0.89,0.5,0.89,0.11,66500.0,1064.0
functions.MajorityClass,ArffFileStream -f ./../../../Dataset/Synthetic_IM10/stream_gen_agrawal.arff,1,67000.0,0.484375,1.3332788108123674E-10,67000.0,0.926,0.5,0.5,0.0,0.0,0.926,0.5,0.926,0.074,67000.0,1064.0
functions.MajorityClass,ArffFileStream -f ./../../../Dataset/Synthetic_IM10/stream_gen_agrawal.arff,1,67500.0,0.484375,1.3332788108123674E-10,67500.0,0.884,0.5,0.5,0.0,0.0,0.884,0.5,0.884,0.116,67500.0,1064.0
functions.MajorityClass,ArffFileStream -f ./../../../Dataset/Synthetic_IM10/stream_gen_agrawal.arff,1,68000.0,0.484375,1.3332788108123674E-10,68000.0,0.898,0.5,0.5,0.0,0.0,0.898,0.5,0.898,0.102,68000.0,1064.0
functions.MajorityClass,ArffFileStream -f ./../../../Dataset/Synthetic_IM10/stream_gen_agrawal.arff,1,68500.0,0.5,1.3762878047095405E-10,68500.0,0.912,0.5,0.5,0.0,0.0,0.912,0.5,0.912,0.088,68500.0,1064.0
functions.MajorityClass,ArffFileStream -f ./../../../Dataset/Synthetic_IM10/stream_gen_agrawal.arff,1,69000.0,0.5,1.3762878047095405E-10,69000.0,0.904,0.5,0.5,0.0,0.0,0.904,0.5,0.904,0.096,69000.0,1064.0
functions.MajorityClass,ArffFileStream -f ./../../../Dataset/Synthetic_IM10/stream_gen_agrawal.arff,1,69500.0,0.5,1.3762878047095405E-10,69500.0,0.902,0.5,0.5,0.0,0.0,0.902,0.5,0.902,0.098,69500.0,1064.0
functions.MajorityClass,ArffFileStream -f ./../../../Dataset/Synthetic_IM10/stream_gen_agrawal.arff,1,70000.0,0.5,1.3762878047095405E-10,70000.0,0.894,0.5,0.5,0.0,0.0,0.894,0.5,0.894,0.106,70000.0,1064.0
functions.MajorityClass,ArffFileStream -f ./../../../Dataset/Synthetic_IM10/stream_gen_agrawal.arff,1,70500.0,0.5,1.3762878047095405E-10,70500.0,0.896,0.5,0.5,0.0,0.0,0.896,0.5,0.896,0.104,70500.0,1064.0
functions.MajorityClass,ArffFileStream -f ./../../../Dataset/Synthetic_IM10/stream_gen_agrawal.arff,1,71000.0,0.5,1.3762878047095405E-10,71000.0,0.904,0.5,0.5,0.0,0.0,0.904,0.5,0.904,0.096,71000.0,1064.0
functions.MajorityClass,ArffFileStream -f ./../../../Dataset/Synthetic_IM10/stream_gen_agrawal.arff,1,71500.0,0.515625,1.4192967986067137E-10,71500.0,0.878,0.5,0.5,0.0,0.0,0.878,0.5,0.878,0.122,71500.0,1064.0
functions.MajorityClass,ArffFileStream -f ./../../../Dataset/Synthetic_IM10/stream_gen_agrawal.arff,1,72000.0,0.515625,1.4192967986067137E-10,72000.0,0.908,0.5,0.5,0.0,0.0,0.908,0.5,0.908,0.092,72000.0,1064.0
functions.MajorityClass,ArffFileStream -f ./../../../Dataset/Synthetic_IM10/stream_gen_agrawal.arff,1,72500.0,0.515625,1.4192967986067137E-10,72500.0,0.89,0.5,0.5,0.0,0.0,0.89,0.5,0.89,0.11,72500.0,1064.0
functions.MajorityClass,ArffFileStream -f ./../../../Dataset/Synthetic_IM10/stream_gen_agrawal.arff,1,73000.0,0.515625,1.4192967986067137E-10,73000.0,0.882,0.5,0.5,0.0,0.0,0.882,0.5,0.882,0.118,73000.0,1064.0
functions.MajorityClass,ArffFileStream -f ./../../../Dataset/Synthetic_IM10/stream_gen_agrawal.arff,1,73500.0,0.515625,1.4192967986067137E-10,73500.0,0.906,0.5,0.5,0.0,0.0,0.906,0.5,0.906,0.094,73500.0,1064.0
functions.MajorityClass,ArffFileStream -f ./../../../Dataset/Synthetic_IM10/stream_gen_agrawal.arff,1,74000.0,0.515625,1.4192967986067137E-10,74000.0,0.914,0.5,0.5,0.0,0.0,0.914,0.5,0.914,0.086,74000.0,1064.0
functions.MajorityClass,ArffFileStream -f ./../../../Dataset/Synthetic_IM10/stream_gen_agrawal.arff,1,74500.0,0.53125,1.4623057925038868E-10,74500.0,0.886,0.5,0.5,0.0,0.0,0.886,0.5,0.886,0.114,74500.0,1064.0
functions.MajorityClass,ArffFileStream -f ./../../../Dataset/Synthetic_IM10/stream_gen_agrawal.arff,1,75000.0,0.53125,1.4623057925038868E-10,75000.0,0.918,0.5,0.5,0.0,0.0,0.918,0.5,0.918,0.082,75000.0,1064.0
functions.MajorityClass,ArffFileStream -f ./../../../Dataset/Synthetic_IM10/stream_gen_agrawal.arff,1,75500.0,0.53125,1.4623057925038868E-10,75500.0,0.904,0.5,0.5,0.0,0.0,0.904,0.5,0.904,0.096,75500.0,1064.0
functions.MajorityClass,ArffFileStream -f ./../../../Dataset/Synthetic_IM10/stream_gen_agrawal.arff,1,76000.0,0.53125,1.4623057925038868E-10,76000.0,0.898,0.5,0.5,0.0,0.0,0.898,0.5,0.898,0.102,76000.0,1064.0
functions.MajorityClass,ArffFileStream -f ./../../../Dataset/Synthetic_IM10/stream_gen_agrawal.arff,1,76500.0,0.53125,1.4623057925038868E-10,76500.0,0.914,0.5,0.5,0.0,0.0,0.914,0.5,0.914,0.086,76500.0,1064.0
functions.MajorityClass,ArffFileStream -f ./../../../Dataset/Synthetic_IM10/stream_gen_agrawal.arff,1,77000.0,0.53125,1.4623057925038868E-10,77000.0,0.922,0.5,0.5,0.0,0.0,0.922,0.5,0.922,0.078,77000.0,1064.0
functions.MajorityClass,ArffFileStream -f ./../../../Dataset/Synthetic_IM10/stream_gen_agrawal.arff,1,77500.0,0.546875,1.50531478640106E-10,77500.0,0.902,0.5,0.5,0.0,0.0,0.902,0.5,0.902,0.098,77500.0,1064.0
functions.MajorityClass,ArffFileStream -f ./../../../Dataset/Synthetic_IM10/stream_gen_agrawal.arff,1,78000.0,0.546875,1.50531478640106E-10,78000.0,0.896,0.5,0.5,0.0,0.0,0.896,0.5,0.896,0.104,78000.0,1064.0
functions.MajorityClass,ArffFileStream -f ./../../../Dataset/Synthetic_IM10/stream_gen_agrawal.arff,1,78500.0,0.546875,1.50531478640106E-10,78500.0,0.914,0.5,0.5,0.0,0.0,0.914,0.5,0.914,0.086,78500.0,1064.0
functions.MajorityClass,ArffFileStream -f ./../../../Dataset/Synthetic_IM10/stream_gen_agrawal.arff,1,79000.0,0.546875,1.50531478640106E-10,79000.0,0.924,0.5,0.5,0.0,0.0,0.924,0.5,0.924,0.076,79000.0,1064.0
functions.MajorityClass,ArffFileStream -f ./../../../Dataset/Synthetic_IM10/stream_gen_agrawal.arff,1,79500.0,0.546875,1.50531478640106E-10,79500.0,0.894,0.5,0.5,0.0,0.0,0.894,0.5,0.894,0.106,79500.0,1064.0
functions.MajorityClass,ArffFileStream -f ./../../../Dataset/Synthetic_IM10/stream_gen_agrawal.arff,1,80000.0,0.546875,1.50531478640106E-10,80000.0,0.904,0.5,0.5,0.0,0.0,0.904,0.5,0.904,0.096,80000.0,1064.0
functions.MajorityClass,ArffFileStream -f ./../../../Dataset/Synthetic_IM10/stream_gen_agrawal.arff,1,80500.0,0.5625,1.548323780298233E-10,80500.0,0.882,0.5,0.5,0.0,0.0,0.882,0.5,0.882,0.118,80500.0,1064.0
functions.MajorityClass,ArffFileStream -f ./../../../Dataset/Synthetic_IM10/stream_gen_agrawal.arff,1,81000.0,0.5625,1.548323780298233E-10,81000.0,0.898,0.5,0.5,0.0,0.0,0.898,0.5,0.898,0.102,81000.0,1064.0
functions.MajorityClass,ArffFileStream -f ./../../../Dataset/Synthetic_IM10/stream_gen_agrawal.arff,1,81500.0,0.5625,1.548323780298233E-10,81500.0,0.904,0.5,0.5,0.0,0.0,0.904,0.5,0.904,0.096,81500.0,1064.0
functions.MajorityClass,ArffFileStream -f ./../../../Dataset/Synthetic_IM10/stream_gen_agrawal.arff,1,82000.0,0.5625,1.548323780298233E-10,82000.0,0.886,0.5,0.5,0.0,0.0,0.886,0.5,0.886,0.114,82000.0,1064.0
functions.MajorityClass,ArffFileStream -f ./../../../Dataset/Synthetic_IM10/stream_gen_agrawal.arff,1,82500.0,0.5625,1.548323780298233E-10,82500.0,0.922,0.5,0.5,0.0,0.0,0.922,0.5,0.922,0.078,82500.0,1064.0
functions.MajorityClass,ArffFileStream -f ./../../../Dataset/Synthetic_IM10/stream_gen_agrawal.arff,1,83000.0,0.5625,1.548323780298233E-10,83000.0,0.926,0.5,0.5,0.0,0.0,0.926,0.5,0.926,0.074,83000.0,1064.0
functions.MajorityClass,ArffFileStream -f ./../../../Dataset/Synthetic_IM10/stream_gen_agrawal.arff,1,83500.0,0.5625,1.548323780298233E-10,83500.0,0.898,0.5,0.5,0.0,0.0,0.898,0.5,0.898,0.102,83500.0,1064.0
functions.MajorityClass,ArffFileStream -f ./../../../Dataset/Synthetic_IM10/stream_gen_agrawal.arff,1,84000.0,0.578125,1.5913327741954063E-10,84000.0,0.884,0.5,0.5,0.0,0.0,0.884,0.5,0.884,0.116,84000.0,1064.0
functions.MajorityClass,ArffFileStream -f ./../../../Dataset/Synthetic_IM10/stream_gen_agrawal.arff,1,84500.0,0.578125,1.5913327741954063E-10,84500.0,0.916,0.5,0.5,0.0,0.0,0.916,0.5,0.916,0.084,84500.0,1064.0
functions.MajorityClass,ArffFileStream -f ./../../../Dataset/Synthetic_IM10/stream_gen_agrawal.arff,1,85000.0,0.578125,1.5913327741954063E-10,85000.0,0.914,0.5,0.5,0.0,0.0,0.914,0.5,0.914,0.086,85000.0,1064.0
functions.MajorityClass,ArffFileStream -f ./../../../Dataset/Synthetic_IM10/stream_gen_agrawal.arff,1,85500.0,0.578125,1.5913327741954063E-10,85500.0,0.882,0.5,0.5,0.0,0.0,0.882,0.5,0.882,0.118,85500.0,1064.0
functions.MajorityClass,ArffFileStream -f ./../../../Dataset/Synthetic_IM10/stream_gen_agrawal.arff,1,86000.0,0.578125,1.5913327741954063E-10,86000.0,0.89,0.5,0.5,0.0,0.0,0.89,0.5,0.89,0.11,86000.0,1064.0
functions.MajorityClass,ArffFileStream -f ./../../../Dataset/Synthetic_IM10/stream_gen_agrawal.arff,1,86500.0,0.578125,1.5913327741954063E-10,86500.0,0.912,0.5,0.5,0.0,0.0,0.912,0.5,0.912,0.088,86500.0,1064.0
functions.MajorityClass,ArffFileStream -f ./../../../Dataset/Synthetic_IM10/stream_gen_agrawal.arff,1,87000.0,0.578125,1.5913327741954063E-10,87000.0,0.916,0.5,0.5,0.0,0.0,0.916,0.5,0.916,0.084,87000.0,1064.0
functions.MajorityClass,ArffFileStream -f ./../../../Dataset/Synthetic_IM10/stream_gen_agrawal.arff,1,87500.0,0.59375,1.6343417680925794E-10,87500.0,0.914,0.5,0.5,0.0,0.0,0.914,0.5,0.914,0.086,87500.0,1064.0
functions.MajorityClass,ArffFileStream -f ./../../../Dataset/Synthetic_IM10/stream_gen_agrawal.arff,1,88000.0,0.59375,1.6343417680925794E-10,88000.0,0.896,0.5,0.5,0.0,0.0,0.896,0.5,0.896,0.104,88000.0,1064.0
functions.MajorityClass,ArffFileStream -f ./../../../Dataset/Synthetic_IM10/stream_gen_agrawal.arff,1,88500.0,0.59375,1.6343417680925794E-10,88500.0,0.878,0.5,0.5,0.0,0.0,0.878,0.5,0.878,0.122,88500.0,1064.0
functions.MajorityClass,ArffFileStream -f ./../../../Dataset/Synthetic_IM10/stream_gen_agrawal.arff,1,89000.0,0.59375,1.6343417680925794E-10,89000.0,0.884,0.5,0.5,0.0,0.0,0.884,0.5,0.884,0.116,89000.0,1064.0
functions.MajorityClass,ArffFileStream -f ./../../../Dataset/Synthetic_IM10/stream_gen_agrawal.arff,1,89500.0,0.59375,1.6343417680925794E-10,89500.0,0.916,0.5,0.5,0.0,0.0,0.916,0.5,0.916,0.084,89500.0,1064.0
functions.MajorityClass,ArffFileStream -f ./../../../Dataset/Synthetic_IM10/stream_gen_agrawal.arff,1,90000.0,0.59375,1.6343417680925794E-10,90000.0,0.904,0.5,0.5,0.0,0.0,0.904,0.5,0.904,0.096,90000.0,1064.0
functions.MajorityClass,ArffFileStream -f ./../../../Dataset/Synthetic_IM10/stream_gen_agrawal.arff,1,90500.0,0.59375,1.6343417680925794E-10,90500.0,0.87,0.5,0.5,0.0,0.0,0.87,0.5,0.87,0.13,90500.0,1064.0
functions.MajorityClass,ArffFileStream -f ./../../../Dataset/Synthetic_IM10/stream_gen_agrawal.arff,1,91000.0,0.609375,1.6773507619897525E-10,91000.0,0.906,0.5,0.5,0.0,0.0,0.906,0.5,0.906,0.094,91000.0,1064.0
functions.MajorityClass,ArffFileStream -f ./../../../Dataset/Synthetic_IM10/stream_gen_agrawal.arff,1,91500.0,0.609375,1.6773507619897525E-10,91500.0,0.898,0.5,0.5,0.0,0.0,0.898,0.5,0.898,0.102,91500.0,1064.0
functions.MajorityClass,ArffFileStream -f ./../../../Dataset/Synthetic_IM10/stream_gen_agrawal.arff,1,92000.0,0.609375,1.6773507619897525E-10,92000.0,0.892,0.5,0.5,0.0,0.0,0.892,0.5,0.892,0.108,92000.0,1064.0
functions.MajorityClass,ArffFileStream -f ./../../../Dataset/Synthetic_IM10/stream_gen_agrawal.arff,1,92500.0,0.609375,1.6773507619897525E-10,92500.0,0.898,0.5,0.5,0.0,0.0,0.898,0.5,0.898,0.102,92500.0,1064.0
functions.MajorityClass,ArffFileStream -f ./../../../Dataset/Synthetic_IM10/stream_gen_agrawal.arff,1,93000.0,0.609375,1.6773507619897525E-10,93000.0,0.896,0.5,0.5,0.0,0.0,0.896,0.5,0.896,0.104,93000.0,1064.0
functions.MajorityClass,ArffFileStream -f ./../../../Dataset/Synthetic_IM10/stream_gen_agrawal.arff,1,93500.0,0.609375,1.6773507619897525E-10,93500.0,0.896,0.5,0.5,0.0,0.0,0.896,0.5,0.896,0.104,93500.0,1064.0
functions.MajorityClass,ArffFileStream -f ./../../../Dataset/Synthetic_IM10/stream_gen_agrawal.arff,1,94000.0,0.609375,1.6773507619897525E-10,94000.0,0.926,0.5,0.5,0.0,0.0,0.926,0.5,0.926,0.074,94000.0,1064.0
functions.MajorityClass,ArffFileStream -f ./../../../Dataset/Synthetic_IM10/stream_gen_agrawal.arff,1,94500.0,0.609375,1.6773507619897525E-10,94500.0,0.906,0.5,0.5,0.0,0.0,0.906,0.5,0.906,0.094,94500.0,1064.0
functions.MajorityClass,ArffFileStream -f ./../../../Dataset/Synthetic_IM10/stream_gen_agrawal.arff,1,95000.0,0.625,1.7203597558869257E-10,95000.0,0.93,0.5,0.5,0.0,0.0,0.93,0.5,0.93,0.07,95000.0,1064.0
functions.MajorityClass,ArffFileStream -f ./../../../Dataset/Synthetic_IM10/stream_gen_agrawal.arff,1,95500.0,0.625,1.7203597558869257E-10,95500.0,0.906,0.5,0.5,0.0,0.0,0.906,0.5,0.906,0.094,95500.0,1064.0
functions.MajorityClass,ArffFileStream -f ./../../../Dataset/Synthetic_IM10/stream_gen_agrawal.arff,1,96000.0,0.625,1.7203597558869257E-10,96000.0,0.896,0.5,0.5,0.0,0.0,0.896,0.5,0.896,0.104,96000.0,1064.0
functions.MajorityClass,ArffFileStream -f ./../../../Dataset/Synthetic_IM10/stream_gen_agrawal.arff,1,96500.0,0.625,1.7203597558869257E-10,96500.0,0.884,0.5,0.5,0.0,0.0,0.884,0.5,0.884,0.116,96500.0,1064.0
functions.MajorityClass,ArffFileStream -f ./../../../Dataset/Synthetic_IM10/stream_gen_agrawal.arff,1,97000.0,0.625,1.7203597558869257E-10,97000.0,0.902,0.5,0.5,0.0,0.0,0.902,0.5,0.902,0.098,97000.0,1064.0
functions.MajorityClass,ArffFileStream -f ./../../../Dataset/Synthetic_IM10/stream_gen_agrawal.arff,1,97500.0,0.625,1.7203597558869257E-10,97500.0,0.904,0.5,0.5,0.0,0.0,0.904,0.5,0.904,0.096,97500.0,1064.0
functions.MajorityClass,ArffFileStream -f ./../../../Dataset/Synthetic_IM10/stream_gen_agrawal.arff,1,98000.0,0.625,1.7203597558869257E-10,98000.0,0.892,0.5,0.5,0.0,0.0,0.892,0.5,0.892,0.108,98000.0,1064.0
functions.MajorityClass,ArffFileStream -f ./../../../Dataset/Synthetic_IM10/stream_gen_agrawal.arff,1,98500.0,0.640625,1.7633687497840988E-10,98500.0,0.894,0.5,0.5,0.0,0.0,0.894,0.5,0.894,0.106,98500.0,1064.0
functions.MajorityClass,ArffFileStream -f ./../../../Dataset/Synthetic_IM10/stream_gen_agrawal.arff,1,99000.0,0.640625,1.7633687497840988E-10,99000.0,0.888,0.5,0.5,0.0,0.0,0.888,0.5,0.888,0.112,99000.0,1064.0
functions.MajorityClass,ArffFileStream -f ./../../../Dataset/Synthetic_IM10/stream_gen_agrawal.arff,1,99500.0,0.640625,1.7633687497840988E-10,99500.0,0.892,0.5,0.5,0.0,0.0,0.892,0.5,0.892,0.108,99500.0,1064.0
functions.MajorityClass,ArffFileStream -f ./../../../Dataset/Synthetic_IM10/stream_gen_agrawal.arff,1,100000.0,0.640625,1.7633687497840988E-10,100000.0,0.902,0.5,0.5,0.0,0.0,0.902,0.5,0.902,0.098,100000.0,1064.0
