Learner,stream,randomSeed,learning evaluation instances,evaluation time (cpu seconds),model cost (RAM-Hours),classified instances,Accuracy,AvgAccuracy,AUC,Kappa,G-Mean,Precision,Recall,Ratio-Class-0,Ratio-Class-1,model training instances,model serialized size (bytes)
meta.imbalanced.OnlineRUSBoost -l (trees.HoeffdingTree -e 2000000 -g 100 -c 0.01),ArffFileStream -f ./../../../Dataset/Synthetic_IM10/stream_gen_agrawal.arff,1,500.0,0.15625,1.367880031466484E-10,500.0,0.882,0.6810476920130243,0.6810476920130244,0.3389207601290785,0.6349641466531437,0.6595964712338018,0.6810476920130243,0.908,0.092,500.0,3384.0
meta.imbalanced.OnlineRUSBoost -l (trees.HoeffdingTree -e 2000000 -g 100 -c 0.01),ArffFileStream -f ./../../../Dataset/Synthetic_IM10/stream_gen_agrawal.arff,1,1000.0,0.296875,2.5989720597863196E-10,1000.0,0.896,0.7588957832088135,0.7588957832088135,0.4854949143151146,0.7386814245188609,0.7290414130475373,0.7588957832088135,0.894,0.106,1000.0,3384.0
meta.imbalanced.OnlineRUSBoost -l (trees.HoeffdingTree -e 2000000 -g 100 -c 0.01),ArffFileStream -f ./../../../Dataset/Synthetic_IM10/stream_gen_agrawal.arff,1,1500.0,0.40625,3.556488081812858E-10,1500.0,0.892,0.7966141363707286,0.7966141363707286,0.529747805489759,0.7868725163569837,0.7412130440299454,0.7966141363707286,0.884,0.116,1500.0,3384.0
meta.imbalanced.OnlineRUSBoost -l (trees.HoeffdingTree -e 2000000 -g 100 -c 0.01),ArffFileStream -f ./../../../Dataset/Synthetic_IM10/stream_gen_agrawal.arff,1,2000.0,0.484375,4.2404280975461E-10,2000.0,0.934,0.8415869688632691,0.8415869688632691,0.6547250355737843,0.8335407401617577,0.8145913770913771,0.8415869688632691,0.898,0.102,2000.0,3384.0
meta.imbalanced.OnlineRUSBoost -l (trees.HoeffdingTree -e 2000000 -g 100 -c 0.01),ArffFileStream -f ./../../../Dataset/Synthetic_IM10/stream_gen_agrawal.arff,1,2500.0,0.5625,4.924368113279342E-10,2500.0,0.944,0.8218920156735026,0.8218920156735026,0.6437840313470052,0.8085530770885045,0.8218920156735026,0.8218920156735026,0.914,0.086,2500.0,3384.0
meta.imbalanced.OnlineRUSBoost -l (trees.HoeffdingTree -e 2000000 -g 100 -c 0.01),ArffFileStream -f ./../../../Dataset/Synthetic_IM10/stream_gen_agrawal.arff,1,3000.0,0.640625,5.608308129012585E-10,3000.0,0.898,0.8173834505553634,0.8173834505553634,0.5643408733684139,0.8105439140740331,0.7562686196623635,0.8173834505553634,0.882,0.118,3000.0,3384.0
meta.imbalanced.OnlineRUSBoost -l (trees.HoeffdingTree -e 2000000 -g 100 -c 0.01),ArffFileStream -f ./../../../Dataset/Synthetic_IM10/stream_gen_agrawal.arff,1,3500.0,0.71875,6.292248144745827E-10,3500.0,0.924,0.8298263534218591,0.8298263534218591,0.6295574186001169,0.8209961810603191,0.8014488965233952,0.8298263534218591,0.89,0.11,3500.0,3384.0
meta.imbalanced.OnlineRUSBoost -l (trees.HoeffdingTree -e 2000000 -g 100 -c 0.01),ArffFileStream -f ./../../../Dataset/Synthetic_IM10/stream_gen_agrawal.arff,1,4000.0,0.828125,7.249764166772366E-10,4000.0,0.874,0.6981613891726252,0.698161389172625,0.381139489194499,0.6607637887126935,0.6837121212121212,0.6981613891726252,0.89,0.11,4000.0,3384.0
meta.imbalanced.OnlineRUSBoost -l (trees.HoeffdingTree -e 2000000 -g 100 -c 0.01),ArffFileStream -f ./../../../Dataset/Synthetic_IM10/stream_gen_agrawal.arff,1,4500.0,0.953125,8.344068191945553E-10,4500.0,0.884,0.6887877747252746,0.6887877747252747,0.37757554945054944,0.6431766223848762,0.6887877747252746,0.6887877747252746,0.896,0.104,4500.0,3384.0
meta.imbalanced.OnlineRUSBoost -l (trees.HoeffdingTree -e 2000000 -g 100 -c 0.01),ArffFileStream -f ./../../../Dataset/Synthetic_IM10/stream_gen_agrawal.arff,1,5000.0,1.046875,9.164796210825444E-10,5000.0,0.898,0.7339486167864355,0.7339486167864355,0.43862275449101795,0.7055940382295095,0.7068178043514366,0.7339486167864355,0.906,0.094,5000.0,3384.0
meta.imbalanced.OnlineRUSBoost -l (trees.HoeffdingTree -e 2000000 -g 100 -c 0.01),ArffFileStream -f ./../../../Dataset/Synthetic_IM10/stream_gen_agrawal.arff,1,5500.0,1.09375,9.57516022026539E-10,5500.0,0.934,0.8223938223938224,0.8223938223938224,0.6602421546824808,0.8097201480429631,0.8383563378498163,0.8223938223938224,0.888,0.112,5500.0,3384.0
meta.imbalanced.OnlineRUSBoost -l (trees.HoeffdingTree -e 2000000 -g 100 -c 0.01),ArffFileStream -f ./../../../Dataset/Synthetic_IM10/stream_gen_agrawal.arff,1,6000.0,1.15625,1.0122312232851985E-9,6000.0,0.908,0.8090293121225511,0.8090293121225512,0.5934097015980766,0.7982526210525297,0.7856753812636166,0.8090293121225511,0.876,0.124,6000.0,3384.0
meta.imbalanced.OnlineRUSBoost -l (trees.HoeffdingTree -e 2000000 -g 100 -c 0.01),ArffFileStream -f ./../../../Dataset/Synthetic_IM10/stream_gen_agrawal.arff,1,6500.0,1.203125,1.053267624229193E-9,6500.0,0.926,0.7667464114832536,0.7667464114832536,0.5031155994843146,0.7433919416750282,0.7383084830288535,0.7667464114832536,0.924,0.076,6500.0,3384.0
meta.imbalanced.OnlineRUSBoost -l (trees.HoeffdingTree -e 2000000 -g 100 -c 0.01),ArffFileStream -f ./../../../Dataset/Synthetic_IM10/stream_gen_agrawal.arff,1,7000.0,1.28125,1.1216616258025173E-9,7000.0,0.898,0.7372381343590126,0.7372381343590126,0.4991357636706474,0.7059043188899342,0.7637850855339645,0.7372381343590126,0.878,0.122,7000.0,3384.0
meta.imbalanced.OnlineRUSBoost -l (trees.HoeffdingTree -e 2000000 -g 100 -c 0.01),ArffFileStream -f ./../../../Dataset/Synthetic_IM10/stream_gen_agrawal.arff,1,7500.0,1.34375,1.1763768270611768E-9,7500.0,0.916,0.767330383480826,0.7673303834808259,0.5248868778280543,0.7449436240077854,0.7577777777777779,0.767330383480826,0.904,0.096,7500.0,3384.0
meta.imbalanced.OnlineRUSBoost -l (trees.HoeffdingTree -e 2000000 -g 100 -c 0.01),ArffFileStream -f ./../../../Dataset/Synthetic_IM10/stream_gen_agrawal.arff,1,8000.0,1.390625,1.2174132280051712E-9,8000.0,0.924,0.7294372294372294,0.7294372294372294,0.4588744588744589,0.6924140592428994,0.7294372294372294,0.7294372294372294,0.924,0.076,8000.0,3384.0
meta.imbalanced.OnlineRUSBoost -l (trees.HoeffdingTree -e 2000000 -g 100 -c 0.01),ArffFileStream -f ./../../../Dataset/Synthetic_IM10/stream_gen_agrawal.arff,1,8500.0,1.46875,1.2858072295784954E-9,8500.0,0.92,0.6531490015360983,0.6531490015360983,0.332665999332666,0.5747369664856797,0.6824804158430339,0.6531490015360983,0.93,0.07,8500.0,3384.0
meta.imbalanced.OnlineRUSBoost -l (trees.HoeffdingTree -e 2000000 -g 100 -c 0.01),ArffFileStream -f ./../../../Dataset/Synthetic_IM10/stream_gen_agrawal.arff,1,9000.0,1.5625,1.3678800314664845E-9,9000.0,0.884,0.7920892494929006,0.7920892494929006,0.5080743655855612,0.7829962734906232,0.7274881516587678,0.7920892494929006,0.884,0.116,9000.0,3384.0
meta.imbalanced.OnlineRUSBoost -l (trees.HoeffdingTree -e 2000000 -g 100 -c 0.01),ArffFileStream -f ./../../../Dataset/Synthetic_IM10/stream_gen_agrawal.arff,1,9500.0,1.578125,1.3815588317811493E-9,9500.0,0.904,0.7466701602690073,0.7466701602690075,0.48491222045756965,0.7200351292554368,0.738423874044996,0.7466701602690073,0.898,0.102,9500.0,3384.0
meta.imbalanced.OnlineRUSBoost -l (trees.HoeffdingTree -e 2000000 -g 100 -c 0.01),ArffFileStream -f ./../../../Dataset/Synthetic_IM10/stream_gen_agrawal.arff,1,10000.0,1.65625,1.4499528333544735E-9,10000.0,0.914,0.8053064275037369,0.8053064275037369,0.5777027027027027,0.7932827105728899,0.7745808282609508,0.8053064275037369,0.892,0.108,10000.0,3384.0
meta.imbalanced.OnlineRUSBoost -l (trees.HoeffdingTree -e 2000000 -g 100 -c 0.01),ArffFileStream -f ./../../../Dataset/Synthetic_IM10/stream_gen_agrawal.arff,1,10500.0,1.703125,1.4909892342984682E-9,10500.0,0.896,0.7502147204899361,0.7502147204899361,0.507594409302678,0.725007420212842,0.7575233483223798,0.7502147204899361,0.878,0.122,10500.0,3384.0
meta.imbalanced.OnlineRUSBoost -l (trees.HoeffdingTree -e 2000000 -g 100 -c 0.01),ArffFileStream -f ./../../../Dataset/Synthetic_IM10/stream_gen_agrawal.arff,1,11000.0,1.765625,1.5457044355571276E-9,11000.0,0.882,0.7386675824175823,0.7386675824175825,0.42984151526865094,0.7161548346920149,0.6966401414677277,0.7386675824175823,0.896,0.104,11000.0,3384.0
meta.imbalanced.OnlineRUSBoost -l (trees.HoeffdingTree -e 2000000 -g 100 -c 0.01),ArffFileStream -f ./../../../Dataset/Synthetic_IM10/stream_gen_agrawal.arff,1,11500.0,1.8125,1.5867408365011222E-9,11500.0,0.906,0.7798774259448417,0.7798774259448417,0.5383104125736738,0.7629307504148056,0.759469696969697,0.7798774259448417,0.89,0.11,11500.0,3384.0
meta.imbalanced.OnlineRUSBoost -l (trees.HoeffdingTree -e 2000000 -g 100 -c 0.01),ArffFileStream -f ./../../../Dataset/Synthetic_IM10/stream_gen_agrawal.arff,1,12000.0,1.875,1.6414560377597817E-9,12000.0,0.912,0.7095822095567655,0.7095822095567657,0.4281852679731767,0.6661406164996906,0.7188479727934534,0.7095822095567655,0.914,0.086,12000.0,3384.0
meta.imbalanced.OnlineRUSBoost -l (trees.HoeffdingTree -e 2000000 -g 100 -c 0.01),ArffFileStream -f ./../../../Dataset/Synthetic_IM10/stream_gen_agrawal.arff,1,12500.0,1.921875,1.6824924387037763E-9,12500.0,0.904,0.7716854501709509,0.7716854501709509,0.5175491496803764,0.753195883889891,0.7473769168684423,0.7716854501709509,0.894,0.106,12500.0,3384.0
meta.imbalanced.OnlineRUSBoost -l (trees.HoeffdingTree -e 2000000 -g 100 -c 0.01),ArffFileStream -f ./../../../Dataset/Synthetic_IM10/stream_gen_agrawal.arff,1,13000.0,1.953125,1.709850039333106E-9,13000.0,0.92,0.8164111969955019,0.816411196995502,0.591686742068515,0.8059725089768441,0.7784695799223644,0.8164111969955019,0.898,0.102,13000.0,3384.0
meta.imbalanced.OnlineRUSBoost -l (trees.HoeffdingTree -e 2000000 -g 100 -c 0.01),ArffFileStream -f ./../../../Dataset/Synthetic_IM10/stream_gen_agrawal.arff,1,13500.0,2.015625,1.7645652405917654E-9,13500.0,0.902,0.78900825363553,0.7890082536355298,0.5193439535431217,0.7761342561680531,0.7371702981651376,0.78900825363553,0.898,0.102,13500.0,3384.0
meta.imbalanced.OnlineRUSBoost -l (trees.HoeffdingTree -e 2000000 -g 100 -c 0.01),ArffFileStream -f ./../../../Dataset/Synthetic_IM10/stream_gen_agrawal.arff,1,14000.0,2.078125,1.8192804418504248E-9,14000.0,0.914,0.7643604867421223,0.7643604867421223,0.4806763285024155,0.7431069068579074,0.721111111111111,0.7643604867421223,0.918,0.082,14000.0,3384.0
meta.imbalanced.OnlineRUSBoost -l (trees.HoeffdingTree -e 2000000 -g 100 -c 0.01),ArffFileStream -f ./../../../Dataset/Synthetic_IM10/stream_gen_agrawal.arff,1,14500.0,2.125,1.8603168427944192E-9,14500.0,0.94,0.7768009768009767,0.7768009768009768,0.6018051499867269,0.7508725083591247,0.8308329928200339,0.7768009768009767,0.91,0.09,14500.0,3384.0
meta.imbalanced.OnlineRUSBoost -l (trees.HoeffdingTree -e 2000000 -g 100 -c 0.01),ArffFileStream -f ./../../../Dataset/Synthetic_IM10/stream_gen_agrawal.arff,1,15000.0,2.171875,1.9013532437384136E-9,15000.0,0.908,0.760939510939511,0.7609395109395108,0.5301519856185651,0.7369630541041682,0.7693904666998836,0.760939510939511,0.888,0.112,15000.0,3384.0
meta.imbalanced.OnlineRUSBoost -l (trees.HoeffdingTree -e 2000000 -g 100 -c 0.01),ArffFileStream -f ./../../../Dataset/Synthetic_IM10/stream_gen_agrawal.arff,1,15500.0,2.21875,1.942389644682408E-9,15500.0,0.912,0.7779684818224372,0.7779684818224372,0.564390939331538,0.7581409212149536,0.7865990990990991,0.7779684818224372,0.884,0.116,15500.0,3384.0
meta.imbalanced.OnlineRUSBoost -l (trees.HoeffdingTree -e 2000000 -g 100 -c 0.01),ArffFileStream -f ./../../../Dataset/Synthetic_IM10/stream_gen_agrawal.arff,1,16000.0,2.265625,1.9834260456264025E-9,16000.0,0.91,0.7342391304347826,0.7342391304347826,0.4338198288877705,0.7037940657298282,0.7024329528908928,0.7342391304347826,0.92,0.08,16000.0,3384.0
meta.imbalanced.OnlineRUSBoost -l (trees.HoeffdingTree -e 2000000 -g 100 -c 0.01),ArffFileStream -f ./../../../Dataset/Synthetic_IM10/stream_gen_agrawal.arff,1,16500.0,2.3125,2.024462446570397E-9,16500.0,0.92,0.7768715659340659,0.7768715659340659,0.5633187772925764,0.7555597499300011,0.7866666666666666,0.7768715659340659,0.896,0.104,16500.0,3384.0
meta.imbalanced.OnlineRUSBoost -l (trees.HoeffdingTree -e 2000000 -g 100 -c 0.01),ArffFileStream -f ./../../../Dataset/Synthetic_IM10/stream_gen_agrawal.arff,1,17000.0,2.375,2.079177647829056E-9,17000.0,0.93,0.8224132203952832,0.8224132203952832,0.6396210873146623,0.8108834512020311,0.8172625127681308,0.8224132203952832,0.892,0.108,17000.0,3384.0
meta.imbalanced.OnlineRUSBoost -l (trees.HoeffdingTree -e 2000000 -g 100 -c 0.01),ArffFileStream -f ./../../../Dataset/Synthetic_IM10/stream_gen_agrawal.arff,1,17500.0,2.40625,2.1065352484583857E-9,17500.0,0.898,0.6808559360846776,0.6808559360846775,0.3579413838251586,0.6283224246026572,0.6771331738437002,0.6808559360846776,0.914,0.086,17500.0,3384.0
meta.imbalanced.OnlineRUSBoost -l (trees.HoeffdingTree -e 2000000 -g 100 -c 0.01),ArffFileStream -f ./../../../Dataset/Synthetic_IM10/stream_gen_agrawal.arff,1,18000.0,2.453125,2.14757164940238E-9,18000.0,0.924,0.7980463980463981,0.798046398046398,0.5623128311448975,0.7831248261193698,0.7664963535525569,0.7980463980463981,0.91,0.09,18000.0,3384.0
meta.imbalanced.OnlineRUSBoost -l (trees.HoeffdingTree -e 2000000 -g 100 -c 0.01),ArffFileStream -f ./../../../Dataset/Synthetic_IM10/stream_gen_agrawal.arff,1,18500.0,2.5,2.1886080503463746E-9,18500.0,0.932,0.7920673076923077,0.7920673076923077,0.6155237922923829,0.7721099961494128,0.8257996552384601,0.7920673076923077,0.896,0.104,18500.0,3384.0
meta.imbalanced.OnlineRUSBoost -l (trees.HoeffdingTree -e 2000000 -g 100 -c 0.01),ArffFileStream -f ./../../../Dataset/Synthetic_IM10/stream_gen_agrawal.arff,1,19000.0,2.53125,2.2159656509757042E-9,19000.0,0.924,0.8614289346554793,0.8614289346554793,0.6768817387163701,0.8573577394615949,0.8192229957332136,0.8614289346554793,0.874,0.126,19000.0,3384.0
meta.imbalanced.OnlineRUSBoost -l (trees.HoeffdingTree -e 2000000 -g 100 -c 0.01),ArffFileStream -f ./../../../Dataset/Synthetic_IM10/stream_gen_agrawal.arff,1,19500.0,2.5625,2.243323251605034E-9,19500.0,0.91,0.7864184622278652,0.7864184622278652,0.5769086122602483,0.7692413974625332,0.790530303030303,0.7864184622278652,0.878,0.122,19500.0,3384.0
meta.imbalanced.OnlineRUSBoost -l (trees.HoeffdingTree -e 2000000 -g 100 -c 0.01),ArffFileStream -f ./../../../Dataset/Synthetic_IM10/stream_gen_agrawal.arff,1,20000.0,2.609375,2.2843596525490282E-9,20000.0,0.93,0.7817223052649062,0.7817223052649062,0.6079749103942652,0.7584983284972797,0.8313797313797313,0.7817223052649062,0.892,0.108,20000.0,3384.0
meta.imbalanced.OnlineRUSBoost -l (trees.HoeffdingTree -e 2000000 -g 100 -c 0.01),ArffFileStream -f ./../../../Dataset/Synthetic_IM10/stream_gen_agrawal.arff,1,20500.0,2.671875,2.3390748538076875E-9,20500.0,0.9,0.785499557913351,0.785499557913351,0.5636236690521906,0.770109135995635,0.7782565233876806,0.785499557913351,0.87,0.13,20500.0,3384.0
meta.imbalanced.OnlineRUSBoost -l (trees.HoeffdingTree -e 2000000 -g 100 -c 0.01),ArffFileStream -f ./../../../Dataset/Synthetic_IM10/stream_gen_agrawal.arff,1,21000.0,2.75,2.4074688553810115E-9,21000.0,0.91,0.7500109175073147,0.7500109175073147,0.5044052863436124,0.7225779333882559,0.7544444444444445,0.7500109175073147,0.898,0.102,21000.0,3384.0
meta.imbalanced.OnlineRUSBoost -l (trees.HoeffdingTree -e 2000000 -g 100 -c 0.01),ArffFileStream -f ./../../../Dataset/Synthetic_IM10/stream_gen_agrawal.arff,1,21500.0,2.78125,2.434826456010341E-9,21500.0,0.898,0.7018065932210544,0.7018065932210544,0.4285586231624238,0.6561579415582623,0.7289312392262018,0.7018065932210544,0.894,0.106,21500.0,3384.0
meta.imbalanced.OnlineRUSBoost -l (trees.HoeffdingTree -e 2000000 -g 100 -c 0.01),ArffFileStream -f ./../../../Dataset/Synthetic_IM10/stream_gen_agrawal.arff,1,22000.0,2.84375,2.4895416572690004E-9,22000.0,0.874,0.7597332718398093,0.7597332718398093,0.4618328435727465,0.7448659744937286,0.709719463753724,0.7597332718398093,0.882,0.118,22000.0,3384.0
meta.imbalanced.OnlineRUSBoost -l (trees.HoeffdingTree -e 2000000 -g 100 -c 0.01),ArffFileStream -f ./../../../Dataset/Synthetic_IM10/stream_gen_agrawal.arff,1,22500.0,2.921875,2.5579356588423244E-9,22500.0,0.898,0.7050995879120879,0.705099587912088,0.42840491347619475,0.6616973678301937,0.724414071673477,0.7050995879120879,0.896,0.104,22500.0,3384.0
meta.imbalanced.OnlineRUSBoost -l (trees.HoeffdingTree -e 2000000 -g 100 -c 0.01),ArffFileStream -f ./../../../Dataset/Synthetic_IM10/stream_gen_agrawal.arff,1,23000.0,2.96875,2.598972059786319E-9,23000.0,0.904,0.7466853703787502,0.7466853703787502,0.4760511723355019,0.7205929953162632,0.7301084800135073,0.7466853703787502,0.902,0.098,23000.0,3384.0
meta.imbalanced.OnlineRUSBoost -l (trees.HoeffdingTree -e 2000000 -g 100 -c 0.01),ArffFileStream -f ./../../../Dataset/Synthetic_IM10/stream_gen_agrawal.arff,1,23500.0,3.015625,2.6400084607303132E-9,23500.0,0.886,0.7369411112431191,0.736941111243119,0.45643881599023495,0.7111974060875965,0.7203196347031964,0.7369411112431191,0.886,0.114,23500.0,3384.0
meta.imbalanced.OnlineRUSBoost -l (trees.HoeffdingTree -e 2000000 -g 100 -c 0.01),ArffFileStream -f ./../../../Dataset/Synthetic_IM10/stream_gen_agrawal.arff,1,24000.0,3.046875,2.667366061359643E-9,24000.0,0.916,0.758379620762306,0.758379620762306,0.5068570355062935,0.7333675765251763,0.7487094395280236,0.758379620762306,0.908,0.092,24000.0,3384.0
meta.imbalanced.OnlineRUSBoost -l (trees.HoeffdingTree -e 2000000 -g 100 -c 0.01),ArffFileStream -f ./../../../Dataset/Synthetic_IM10/stream_gen_agrawal.arff,1,24500.0,3.09375,2.7084024623036373E-9,24500.0,0.916,0.7831387362637363,0.7831387362637363,0.5568124261354044,0.7649606755675975,0.7738747716326191,0.7831387362637363,0.896,0.104,24500.0,3384.0
meta.imbalanced.OnlineRUSBoost -l (trees.HoeffdingTree -e 2000000 -g 100 -c 0.01),ArffFileStream -f ./../../../Dataset/Synthetic_IM10/stream_gen_agrawal.arff,1,25000.0,3.140625,2.7494388632476317E-9,25000.0,0.916,0.7715281234444997,0.7715281234444997,0.5333540731523043,0.7503110355543653,0.7620420105681471,0.7715281234444997,0.902,0.098,25000.0,3384.0
meta.imbalanced.OnlineRUSBoost -l (trees.HoeffdingTree -e 2000000 -g 100 -c 0.01),ArffFileStream -f ./../../../Dataset/Synthetic_IM10/stream_gen_agrawal.arff,1,25500.0,3.1875,2.790475264191626E-9,25500.0,0.906,0.7825450893052098,0.7825450893052098,0.524098825435399,0.767021925485944,0.7450757575757576,0.7825450893052098,0.898,0.102,25500.0,3384.0
meta.imbalanced.OnlineRUSBoost -l (trees.HoeffdingTree -e 2000000 -g 100 -c 0.01),ArffFileStream -f ./../../../Dataset/Synthetic_IM10/stream_gen_agrawal.arff,1,26000.0,3.234375,2.8315116651356206E-9,26000.0,0.904,0.7979351032448377,0.7979351032448377,0.5186136071887034,0.7870635467029791,0.731651376146789,0.7979351032448377,0.904,0.096,26000.0,3384.0
meta.imbalanced.OnlineRUSBoost -l (trees.HoeffdingTree -e 2000000 -g 100 -c 0.01),ArffFileStream -f ./../../../Dataset/Synthetic_IM10/stream_gen_agrawal.arff,1,26500.0,3.296875,2.8862268663942798E-9,26500.0,0.92,0.7666276525367666,0.7666276525367665,0.5116949069778798,0.7439132686679195,0.7460898971396365,0.7666276525367666,0.914,0.086,26500.0,3384.0
meta.imbalanced.OnlineRUSBoost -l (trees.HoeffdingTree -e 2000000 -g 100 -c 0.01),ArffFileStream -f ./../../../Dataset/Synthetic_IM10/stream_gen_agrawal.arff,1,27000.0,3.328125,2.9135844670236094E-9,27000.0,0.924,0.7702208935392791,0.7702208935392791,0.5780778113341624,0.7448265905955089,0.8116261252633595,0.7702208935392791,0.892,0.108,27000.0,3384.0
meta.imbalanced.OnlineRUSBoost -l (trees.HoeffdingTree -e 2000000 -g 100 -c 0.01),ArffFileStream -f ./../../../Dataset/Synthetic_IM10/stream_gen_agrawal.arff,1,27500.0,3.375,2.954620867967604E-9,27500.0,0.932,0.7233695652173913,0.7233695652173913,0.4916267942583732,0.6793939114803147,0.7744391025641026,0.7233695652173913,0.92,0.08,27500.0,3384.0
meta.imbalanced.OnlineRUSBoost -l (trees.HoeffdingTree -e 2000000 -g 100 -c 0.01),ArffFileStream -f ./../../../Dataset/Synthetic_IM10/stream_gen_agrawal.arff,1,28000.0,3.421875,2.9956572689115982E-9,28000.0,0.914,0.7196718289085546,0.7196718289085546,0.4699733754067646,0.6782955169095451,0.7532546894096392,0.7196718289085546,0.904,0.096,28000.0,3384.0
meta.imbalanced.OnlineRUSBoost -l (trees.HoeffdingTree -e 2000000 -g 100 -c 0.01),ArffFileStream -f ./../../../Dataset/Synthetic_IM10/stream_gen_agrawal.arff,1,28500.0,3.453125,3.023014869540928E-9,28500.0,0.934,0.7244565217391304,0.7244565217391306,0.5003028467595396,0.6801534353748233,0.7840635532017333,0.7244565217391304,0.92,0.08,28500.0,3384.0
meta.imbalanced.OnlineRUSBoost -l (trees.HoeffdingTree -e 2000000 -g 100 -c 0.01),ArffFileStream -f ./../../../Dataset/Synthetic_IM10/stream_gen_agrawal.arff,1,29000.0,3.515625,3.077730070799587E-9,29000.0,0.924,0.7941535816100276,0.7941535816100276,0.5777965423758944,0.7775586750202427,0.7838770251976068,0.7941535816100276,0.902,0.098,29000.0,3384.0
meta.imbalanced.OnlineRUSBoost -l (trees.HoeffdingTree -e 2000000 -g 100 -c 0.01),ArffFileStream -f ./../../../Dataset/Synthetic_IM10/stream_gen_agrawal.arff,1,29500.0,3.59375,3.146124072372911E-9,29500.0,0.898,0.748533724340176,0.748533724340176,0.5275678079146288,0.7204592865510948,0.7819294285374836,0.748533724340176,0.868,0.132,29500.0,3384.0
meta.imbalanced.OnlineRUSBoost -l (trees.HoeffdingTree -e 2000000 -g 100 -c 0.01),ArffFileStream -f ./../../../Dataset/Synthetic_IM10/stream_gen_agrawal.arff,1,30000.0,3.640625,3.1871604733169056E-9,30000.0,0.934,0.7835164835164835,0.7835164835164836,0.5845921450151057,0.7617215897030752,0.8017779164067373,0.7835164835164835,0.91,0.09,30000.0,3384.0
meta.imbalanced.OnlineRUSBoost -l (trees.HoeffdingTree -e 2000000 -g 100 -c 0.01),ArffFileStream -f ./../../../Dataset/Synthetic_IM10/stream_gen_agrawal.arff,1,30500.0,3.6875,3.2281968742609E-9,30500.0,0.92,0.7638406537282942,0.7638406537282942,0.5636046257909666,0.7371368845179666,0.8032971678173876,0.7638406537282942,0.89,0.11,30500.0,3384.0
meta.imbalanced.OnlineRUSBoost -l (trees.HoeffdingTree -e 2000000 -g 100 -c 0.01),ArffFileStream -f ./../../../Dataset/Synthetic_IM10/stream_gen_agrawal.arff,1,31000.0,3.71875,3.2555544748902296E-9,31000.0,0.912,0.6779807643376927,0.6779807643376928,0.3887190886357321,0.6162605865862381,0.7149001536098311,0.6779807643376927,0.914,0.086,31000.0,3384.0
meta.imbalanced.OnlineRUSBoost -l (trees.HoeffdingTree -e 2000000 -g 100 -c 0.01),ArffFileStream -f ./../../../Dataset/Synthetic_IM10/stream_gen_agrawal.arff,1,31500.0,3.765625,3.296590875834224E-9,31500.0,0.914,0.7435477531769946,0.7435477531769945,0.5092220598977356,0.7120456724789896,0.7670465428078912,0.7435477531769946,0.898,0.102,31500.0,3384.0
meta.imbalanced.OnlineRUSBoost -l (trees.HoeffdingTree -e 2000000 -g 100 -c 0.01),ArffFileStream -f ./../../../Dataset/Synthetic_IM10/stream_gen_agrawal.arff,1,32000.0,3.8125,3.3376272767782184E-9,32000.0,0.888,0.6988636363636364,0.6988636363636364,0.42857142857142855,0.6530522741153826,0.7333333333333334,0.6988636363636364,0.88,0.12,32000.0,3384.0
meta.imbalanced.OnlineRUSBoost -l (trees.HoeffdingTree -e 2000000 -g 100 -c 0.01),ArffFileStream -f ./../../../Dataset/Synthetic_IM10/stream_gen_agrawal.arff,1,32500.0,3.859375,3.378663677722213E-9,32500.0,0.918,0.7599681020733653,0.7599681020733652,0.5043999613190213,0.7353703403592395,0.7449861443802546,0.7599681020733653,0.912,0.088,32500.0,3384.0
meta.imbalanced.OnlineRUSBoost -l (trees.HoeffdingTree -e 2000000 -g 100 -c 0.01),ArffFileStream -f ./../../../Dataset/Synthetic_IM10/stream_gen_agrawal.arff,1,33000.0,3.90625,3.4197000786662073E-9,33000.0,0.898,0.7050995879120879,0.705099587912088,0.42840491347619475,0.6616973678301937,0.724414071673477,0.7050995879120879,0.896,0.104,33000.0,3384.0
meta.imbalanced.OnlineRUSBoost -l (trees.HoeffdingTree -e 2000000 -g 100 -c 0.01),ArffFileStream -f ./../../../Dataset/Synthetic_IM10/stream_gen_agrawal.arff,1,33500.0,3.953125,3.4607364796102017E-9,33500.0,0.91,0.7633333333333333,0.7633333333333334,0.512987012987013,0.7409903283219469,0.7500949727744712,0.7633333333333333,0.9,0.1,33500.0,3384.0
meta.imbalanced.OnlineRUSBoost -l (trees.HoeffdingTree -e 2000000 -g 100 -c 0.01),ArffFileStream -f ./../../../Dataset/Synthetic_IM10/stream_gen_agrawal.arff,1,34000.0,4.0,3.501772880554196E-9,34000.0,0.924,0.7838770251976068,0.7838770251976069,0.5777965423758944,0.7638555235962,0.7941535816100276,0.7838770251976068,0.898,0.102,34000.0,3384.0
meta.imbalanced.OnlineRUSBoost -l (trees.HoeffdingTree -e 2000000 -g 100 -c 0.01),ArffFileStream -f ./../../../Dataset/Synthetic_IM10/stream_gen_agrawal.arff,1,34500.0,4.03125,3.5291304811835257E-9,34500.0,0.9,0.5895545314900154,0.5895545314900155,0.18910152448913395,0.4661177372807009,0.6002476098768829,0.5895545314900154,0.93,0.07,34500.0,3384.0
meta.imbalanced.OnlineRUSBoost -l (trees.HoeffdingTree -e 2000000 -g 100 -c 0.01),ArffFileStream -f ./../../../Dataset/Synthetic_IM10/stream_gen_agrawal.arff,1,35000.0,4.09375,3.583845682442185E-9,35000.0,0.928,0.7815378352246705,0.7815378352246705,0.551457762272614,0.7612571792783964,0.7702075702075701,0.7815378352246705,0.914,0.086,35000.0,3384.0
meta.imbalanced.OnlineRUSBoost -l (trees.HoeffdingTree -e 2000000 -g 100 -c 0.01),ArffFileStream -f ./../../../Dataset/Synthetic_IM10/stream_gen_agrawal.arff,1,35500.0,4.15625,3.638560883700844E-9,35500.0,0.902,0.7677471152768961,0.7677471152768961,0.5393004889056036,0.7469269354461352,0.7715909090909091,0.7677471152768961,0.878,0.122,35500.0,3384.0
meta.imbalanced.OnlineRUSBoost -l (trees.HoeffdingTree -e 2000000 -g 100 -c 0.01),ArffFileStream -f ./../../../Dataset/Synthetic_IM10/stream_gen_agrawal.arff,1,36000.0,4.21875,3.6932760849595034E-9,36000.0,0.894,0.7137869225885956,0.7137869225885956,0.46356275303643724,0.6728061648642152,0.7544444444444445,0.7137869225885956,0.878,0.122,36000.0,3384.0
meta.imbalanced.OnlineRUSBoost -l (trees.HoeffdingTree -e 2000000 -g 100 -c 0.01),ArffFileStream -f ./../../../Dataset/Synthetic_IM10/stream_gen_agrawal.arff,1,36500.0,4.296875,3.761670086532828E-9,36500.0,0.904,0.8333593384303324,0.8333593384303324,0.5875154681699436,0.8282677473996142,0.7652060575968223,0.8333593384303324,0.884,0.116,36500.0,3384.0
meta.imbalanced.OnlineRUSBoost -l (trees.HoeffdingTree -e 2000000 -g 100 -c 0.01),ArffFileStream -f ./../../../Dataset/Synthetic_IM10/stream_gen_agrawal.arff,1,37000.0,4.34375,3.802706487476822E-9,37000.0,0.922,0.7376591047860599,0.7376591047860599,0.5093105183694011,0.701856472579697,0.7749999999999999,0.7376591047860599,0.906,0.094,37000.0,3384.0
meta.imbalanced.OnlineRUSBoost -l (trees.HoeffdingTree -e 2000000 -g 100 -c 0.01),ArffFileStream -f ./../../../Dataset/Synthetic_IM10/stream_gen_agrawal.arff,1,37500.0,4.359375,3.816385287791487E-9,37500.0,0.92,0.7898869948285769,0.7898869948285769,0.5476750497557445,0.7736255273822771,0.7598729395604396,0.7898869948285769,0.908,0.092,37500.0,3384.0
meta.imbalanced.OnlineRUSBoost -l (trees.HoeffdingTree -e 2000000 -g 100 -c 0.01),ArffFileStream -f ./../../../Dataset/Synthetic_IM10/stream_gen_agrawal.arff,1,38000.0,4.390625,3.843742888420817E-9,38000.0,0.932,0.8224664224664224,0.8224664224664225,0.6083851647085925,0.8115467075948609,0.7883313681820167,0.8224664224664224,0.91,0.09,38000.0,3384.0
meta.imbalanced.OnlineRUSBoost -l (trees.HoeffdingTree -e 2000000 -g 100 -c 0.01),ArffFileStream -f ./../../../Dataset/Synthetic_IM10/stream_gen_agrawal.arff,1,38500.0,4.4375,3.884779289364811E-9,38500.0,0.94,0.8364675516224189,0.8364675516224188,0.6606334841628959,0.826595177230456,0.8244444444444445,0.8364675516224189,0.904,0.096,38500.0,3384.0
meta.imbalanced.OnlineRUSBoost -l (trees.HoeffdingTree -e 2000000 -g 100 -c 0.01),ArffFileStream -f ./../../../Dataset/Synthetic_IM10/stream_gen_agrawal.arff,1,39000.0,4.484375,3.9258156903088056E-9,39000.0,0.944,0.8107485250737463,0.8107485250737463,0.6582698691661785,0.7937985578485753,0.8504886670825536,0.8107485250737463,0.904,0.096,39000.0,3384.0
meta.imbalanced.OnlineRUSBoost -l (trees.HoeffdingTree -e 2000000 -g 100 -c 0.01),ArffFileStream -f ./../../../Dataset/Synthetic_IM10/stream_gen_agrawal.arff,1,39500.0,4.515625,3.953173290938135E-9,39500.0,0.952,0.8224163027656477,0.8224163027656478,0.6739839165398827,0.8075336685920609,0.8532695374800638,0.8224163027656477,0.916,0.084,39500.0,3384.0
meta.imbalanced.OnlineRUSBoost -l (trees.HoeffdingTree -e 2000000 -g 100 -c 0.01),ArffFileStream -f ./../../../Dataset/Synthetic_IM10/stream_gen_agrawal.arff,1,40000.0,4.5625,3.99420969188213E-9,40000.0,0.934,0.8016826923076923,0.8016826923076923,0.6301443557787142,0.7840814076651441,0.830092527358978,0.8016826923076923,0.896,0.104,40000.0,3384.0
meta.imbalanced.OnlineRUSBoost -l (trees.HoeffdingTree -e 2000000 -g 100 -c 0.01),ArffFileStream -f ./../../../Dataset/Synthetic_IM10/stream_gen_agrawal.arff,1,40500.0,4.609375,4.035246092826124E-9,40500.0,0.926,0.819038878691807,0.8190388786918071,0.5536145159733616,0.8091748211643807,0.7462225274725275,0.819038878691807,0.922,0.078,40500.0,3384.0
meta.imbalanced.OnlineRUSBoost -l (trees.HoeffdingTree -e 2000000 -g 100 -c 0.01),ArffFileStream -f ./../../../Dataset/Synthetic_IM10/stream_gen_agrawal.arff,1,41000.0,4.65625,4.0762824937701185E-9,41000.0,0.934,0.7434676434676435,0.7434676434676435,0.5472008781558727,0.7062255863069382,0.8146301439030548,0.7434676434676435,0.91,0.09,41000.0,3384.0
meta.imbalanced.OnlineRUSBoost -l (trees.HoeffdingTree -e 2000000 -g 100 -c 0.01),ArffFileStream -f ./../../../Dataset/Synthetic_IM10/stream_gen_agrawal.arff,1,41500.0,4.6875,4.103640094399448E-9,41500.0,0.916,0.7775280898876404,0.7775280898876404,0.5640440107951007,0.7569898994472571,0.7867122535984129,0.7775280898876404,0.89,0.11,41500.0,3384.0
meta.imbalanced.OnlineRUSBoost -l (trees.HoeffdingTree -e 2000000 -g 100 -c 0.01),ArffFileStream -f ./../../../Dataset/Synthetic_IM10/stream_gen_agrawal.arff,1,42000.0,4.71875,4.130997695028778E-9,42000.0,0.93,0.7856253591266041,0.7856253591266041,0.5768858800773694,0.7654430636568866,0.7913308913308914,0.7856253591266041,0.908,0.092,42000.0,3384.0
meta.imbalanced.OnlineRUSBoost -l (trees.HoeffdingTree -e 2000000 -g 100 -c 0.01),ArffFileStream -f ./../../../Dataset/Synthetic_IM10/stream_gen_agrawal.arff,1,42500.0,4.765625,4.172034095972772E-9,42500.0,0.922,0.7869352869352869,0.7869352869352869,0.5465116279069767,0.7695042248985721,0.7611111111111111,0.7869352869352869,0.91,0.09,42500.0,3384.0
meta.imbalanced.OnlineRUSBoost -l (trees.HoeffdingTree -e 2000000 -g 100 -c 0.01),ArffFileStream -f ./../../../Dataset/Synthetic_IM10/stream_gen_agrawal.arff,1,43000.0,4.796875,4.199391696602102E-9,43000.0,0.916,0.7688612168031055,0.7688612168031054,0.5712710791719408,0.7443498175649345,0.8054936896807721,0.7688612168031055,0.882,0.118,43000.0,3384.0
meta.imbalanced.OnlineRUSBoost -l (trees.HoeffdingTree -e 2000000 -g 100 -c 0.01),ArffFileStream -f ./../../../Dataset/Synthetic_IM10/stream_gen_agrawal.arff,1,43500.0,4.828125,4.226749297231431E-9,43500.0,0.916,0.8227038697890716,0.8227038697890716,0.5968361234833359,0.8140519748993725,0.778526376146789,0.8227038697890716,0.892,0.108,43500.0,3384.0
meta.imbalanced.OnlineRUSBoost -l (trees.HoeffdingTree -e 2000000 -g 100 -c 0.01),ArffFileStream -f ./../../../Dataset/Synthetic_IM10/stream_gen_agrawal.arff,1,44000.0,4.859375,4.254106897860761E-9,44000.0,0.924,0.7627849071059184,0.7627849071059184,0.5360421957413557,0.7367549736571724,0.773524720893142,0.7627849071059184,0.908,0.092,44000.0,3384.0
meta.imbalanced.OnlineRUSBoost -l (trees.HoeffdingTree -e 2000000 -g 100 -c 0.01),ArffFileStream -f ./../../../Dataset/Synthetic_IM10/stream_gen_agrawal.arff,1,44500.0,4.90625,4.295143298804755E-9,44500.0,0.934,0.7959070796460177,0.7959070796460177,0.6088193456614509,0.777340883755333,0.8135531135531135,0.7959070796460177,0.904,0.096,44500.0,3384.0
meta.imbalanced.OnlineRUSBoost -l (trees.HoeffdingTree -e 2000000 -g 100 -c 0.01),ArffFileStream -f ./../../../Dataset/Synthetic_IM10/stream_gen_agrawal.arff,1,45000.0,4.921875,4.30882209911942E-9,45000.0,0.91,0.7500109175073147,0.7500109175073147,0.5044052863436124,0.7225779333882559,0.7544444444444445,0.7500109175073147,0.898,0.102,45000.0,3384.0
meta.imbalanced.OnlineRUSBoost -l (trees.HoeffdingTree -e 2000000 -g 100 -c 0.01),ArffFileStream -f ./../../../Dataset/Synthetic_IM10/stream_gen_agrawal.arff,1,45500.0,4.984375,4.3635373003780794E-9,45500.0,0.9,0.7402129120879121,0.740212912087912,0.4723957453992909,0.7121878533515847,0.7323534296628467,0.7402129120879121,0.896,0.104,45500.0,3384.0
meta.imbalanced.OnlineRUSBoost -l (trees.HoeffdingTree -e 2000000 -g 100 -c 0.01),ArffFileStream -f ./../../../Dataset/Synthetic_IM10/stream_gen_agrawal.arff,1,46000.0,5.046875,4.418252501636739E-9,46000.0,0.92,0.7858363858363858,0.7858363858363858,0.53927666436305,0.7686151382644182,0.755578846237827,0.7858363858363858,0.91,0.09,46000.0,3384.0
meta.imbalanced.OnlineRUSBoost -l (trees.HoeffdingTree -e 2000000 -g 100 -c 0.01),ArffFileStream -f ./../../../Dataset/Synthetic_IM10/stream_gen_agrawal.arff,1,46500.0,5.09375,4.459288902580733E-9,46500.0,0.924,0.8080586080586081,0.8080586080586081,0.5704273117793353,0.795592252958155,0.7662403444345954,0.8080586080586081,0.91,0.09,46500.0,3384.0
meta.imbalanced.OnlineRUSBoost -l (trees.HoeffdingTree -e 2000000 -g 100 -c 0.01),ArffFileStream -f ./../../../Dataset/Synthetic_IM10/stream_gen_agrawal.arff,1,47000.0,5.140625,4.5003253035247275E-9,47000.0,0.904,0.7467392680764847,0.7467392680764848,0.4934785361529695,0.7195773526297412,0.7467392680764847,0.7467392680764847,0.894,0.106,47000.0,3384.0
meta.imbalanced.OnlineRUSBoost -l (trees.HoeffdingTree -e 2000000 -g 100 -c 0.01),ArffFileStream -f ./../../../Dataset/Synthetic_IM10/stream_gen_agrawal.arff,1,47500.0,5.203125,4.555040504783387E-9,47500.0,0.924,0.7578319477713589,0.7578319477713589,0.5361101616289858,0.7296790690740808,0.7793496514172307,0.7578319477713589,0.906,0.094,47500.0,3384.0
meta.imbalanced.OnlineRUSBoost -l (trees.HoeffdingTree -e 2000000 -g 100 -c 0.01),ArffFileStream -f ./../../../Dataset/Synthetic_IM10/stream_gen_agrawal.arff,1,48000.0,5.234375,4.582398105412716E-9,48000.0,0.922,0.7864130434782608,0.7864130434782608,0.519467718087728,0.7696696072652383,0.7384723290646635,0.7864130434782608,0.92,0.08,48000.0,3384.0
meta.imbalanced.OnlineRUSBoost -l (trees.HoeffdingTree -e 2000000 -g 100 -c 0.01),ArffFileStream -f ./../../../Dataset/Synthetic_IM10/stream_gen_agrawal.arff,1,48500.0,5.28125,4.623434506356711E-9,48500.0,0.93,0.8219791257260143,0.8219791257260142,0.6275961865849506,0.8106996610007555,0.8061368543431324,0.8219791257260143,0.898,0.102,48500.0,3384.0
meta.imbalanced.OnlineRUSBoost -l (trees.HoeffdingTree -e 2000000 -g 100 -c 0.01),ArffFileStream -f ./../../../Dataset/Synthetic_IM10/stream_gen_agrawal.arff,1,49000.0,5.3125,4.65079210698604E-9,49000.0,0.926,0.7589357005307407,0.7589357005307407,0.5437956204379562,0.7305153777371947,0.7865980453316698,0.7589357005307407,0.906,0.094,49000.0,3384.0
meta.imbalanced.OnlineRUSBoost -l (trees.HoeffdingTree -e 2000000 -g 100 -c 0.01),ArffFileStream -f ./../../../Dataset/Synthetic_IM10/stream_gen_agrawal.arff,1,49500.0,5.34375,4.67814970761537E-9,49500.0,0.918,0.7259170541543375,0.7259170541543376,0.4841469552088576,0.6862923101271395,0.7614130434782609,0.7259170541543375,0.906,0.094,49500.0,3384.0
meta.imbalanced.OnlineRUSBoost -l (trees.HoeffdingTree -e 2000000 -g 100 -c 0.01),ArffFileStream -f ./../../../Dataset/Synthetic_IM10/stream_gen_agrawal.arff,1,50000.0,5.40625,4.732864908874029E-9,50000.0,0.91,0.785472972972973,0.785472972972973,0.5578872907333177,0.7689058565365569,0.7728006456820016,0.785472972972973,0.888,0.112,50000.0,3384.0
meta.imbalanced.OnlineRUSBoost -l (trees.HoeffdingTree -e 2000000 -g 100 -c 0.01),ArffFileStream -f ./../../../Dataset/Synthetic_IM10/stream_gen_agrawal.arff,1,50500.0,5.4375,4.760222509503359E-9,50500.0,0.914,0.7692347681430651,0.7692347681430651,0.4907144210725791,0.7492978622271093,0.7261670815319446,0.7692347681430651,0.916,0.084,50500.0,3384.0
meta.imbalanced.OnlineRUSBoost -l (trees.HoeffdingTree -e 2000000 -g 100 -c 0.01),ArffFileStream -f ./../../../Dataset/Synthetic_IM10/stream_gen_agrawal.arff,1,51000.0,5.484375,4.801258910447353E-9,51000.0,0.928,0.7601953601953602,0.7601953601953603,0.5421012465021623,0.7321335506719632,0.7830915564057601,0.7601953601953602,0.91,0.09,51000.0,3384.0
meta.imbalanced.OnlineRUSBoost -l (trees.HoeffdingTree -e 2000000 -g 100 -c 0.01),ArffFileStream -f ./../../../Dataset/Synthetic_IM10/stream_gen_agrawal.arff,1,51500.0,5.53125,4.842295311391348E-9,51500.0,0.912,0.7309417040358744,0.7309417040358744,0.5028023865485446,0.6934996063703818,0.7772129186602871,0.7309417040358744,0.892,0.108,51500.0,3384.0
meta.imbalanced.OnlineRUSBoost -l (trees.HoeffdingTree -e 2000000 -g 100 -c 0.01),ArffFileStream -f ./../../../Dataset/Synthetic_IM10/stream_gen_agrawal.arff,1,52000.0,5.578125,4.883331712335342E-9,52000.0,0.916,0.7533516747456221,0.753351674745622,0.5249513640682261,0.7251118205334899,0.7724860269597482,0.7533516747456221,0.898,0.102,52000.0,3384.0
meta.imbalanced.OnlineRUSBoost -l (trees.HoeffdingTree -e 2000000 -g 100 -c 0.01),ArffFileStream -f ./../../../Dataset/Synthetic_IM10/stream_gen_agrawal.arff,1,52500.0,5.625,4.9243681132793365E-9,52500.0,0.912,0.759326337802009,0.7593263378020091,0.558037687331753,0.7319788057758282,0.8032665181885672,0.759326337802009,0.878,0.122,52500.0,3384.0
meta.imbalanced.OnlineRUSBoost -l (trees.HoeffdingTree -e 2000000 -g 100 -c 0.01),ArffFileStream -f ./../../../Dataset/Synthetic_IM10/stream_gen_agrawal.arff,1,53000.0,5.671875,4.965404514223331E-9,53000.0,0.944,0.8072364316905802,0.8072364316905801,0.6280552603613178,0.7903227859875698,0.821195652173913,0.8072364316905802,0.916,0.084,53000.0,3384.0
meta.imbalanced.OnlineRUSBoost -l (trees.HoeffdingTree -e 2000000 -g 100 -c 0.01),ArffFileStream -f ./../../../Dataset/Synthetic_IM10/stream_gen_agrawal.arff,1,53500.0,5.71875,5.006440915167325E-9,53500.0,0.916,0.7541796379568777,0.7541796379568777,0.5574661777721583,0.7238265152417082,0.8106242074115824,0.7541796379568777,0.882,0.118,53500.0,3384.0
meta.imbalanced.OnlineRUSBoost -l (trees.HoeffdingTree -e 2000000 -g 100 -c 0.01),ArffFileStream -f ./../../../Dataset/Synthetic_IM10/stream_gen_agrawal.arff,1,54000.0,5.796875,5.0748349167406494E-9,54000.0,0.904,0.7244444444444444,0.7244444444444444,0.45701357466063347,0.6887992773257275,0.7327617994100295,0.7244444444444444,0.9,0.1,54000.0,3384.0
meta.imbalanced.OnlineRUSBoost -l (trees.HoeffdingTree -e 2000000 -g 100 -c 0.01),ArffFileStream -f ./../../../Dataset/Synthetic_IM10/stream_gen_agrawal.arff,1,54500.0,5.84375,5.115871317684644E-9,54500.0,0.914,0.7662241887905605,0.7662241887905604,0.51798045018384,0.7440769062925392,0.7522380889995197,0.7662241887905605,0.904,0.096,54500.0,3384.0
meta.imbalanced.OnlineRUSBoost -l (trees.HoeffdingTree -e 2000000 -g 100 -c 0.01),ArffFileStream -f ./../../../Dataset/Synthetic_IM10/stream_gen_agrawal.arff,1,55000.0,5.875,5.1432289183139735E-9,55000.0,0.882,0.7228116710875332,0.7228116710875332,0.4606946983546618,0.6900582376530151,0.7386363636363636,0.7228116710875332,0.87,0.13,55000.0,3384.0
meta.imbalanced.OnlineRUSBoost -l (trees.HoeffdingTree -e 2000000 -g 100 -c 0.01),ArffFileStream -f ./../../../Dataset/Synthetic_IM10/stream_gen_agrawal.arff,1,55500.0,5.9375,5.197944119572633E-9,55500.0,0.89,0.8054324426997594,0.8054324426997594,0.5127914393026717,0.7982505881736414,0.7245531281032771,0.8054324426997594,0.894,0.106,55500.0,3384.0
meta.imbalanced.OnlineRUSBoost -l (trees.HoeffdingTree -e 2000000 -g 100 -c 0.01),ArffFileStream -f ./../../../Dataset/Synthetic_IM10/stream_gen_agrawal.arff,1,56000.0,6.0,5.252659320831292E-9,56000.0,0.916,0.8150172270405133,0.8150172270405132,0.6024082699079859,0.8044517930978339,0.7889288438487523,0.8150172270405133,0.886,0.114,56000.0,3384.0
meta.imbalanced.OnlineRUSBoost -l (trees.HoeffdingTree -e 2000000 -g 100 -c 0.01),ArffFileStream -f ./../../../Dataset/Synthetic_IM10/stream_gen_agrawal.arff,1,56500.0,6.046875,5.293695721775286E-9,56500.0,0.922,0.7669108669108669,0.766910866910867,0.5285299806576402,0.7432233529572064,0.7616835855200152,0.7669108669108669,0.91,0.09,56500.0,3384.0
meta.imbalanced.OnlineRUSBoost -l (trees.HoeffdingTree -e 2000000 -g 100 -c 0.01),ArffFileStream -f ./../../../Dataset/Synthetic_IM10/stream_gen_agrawal.arff,1,57000.0,6.078125,5.321053322404616E-9,57000.0,0.93,0.8088159316142971,0.8088159316142971,0.6004566210045662,0.7949277934484166,0.7922222222222222,0.8088159316142971,0.906,0.094,57000.0,3384.0
meta.imbalanced.OnlineRUSBoost -l (trees.HoeffdingTree -e 2000000 -g 100 -c 0.01),ArffFileStream -f ./../../../Dataset/Synthetic_IM10/stream_gen_agrawal.arff,1,57500.0,6.125,5.36208972334861E-9,57500.0,0.938,0.767585079680112,0.767585079680112,0.5419080269535406,0.741066696995508,0.7744252873563219,0.767585079680112,0.926,0.074,57500.0,3384.0
meta.imbalanced.OnlineRUSBoost -l (trees.HoeffdingTree -e 2000000 -g 100 -c 0.01),ArffFileStream -f ./../../../Dataset/Synthetic_IM10/stream_gen_agrawal.arff,1,58000.0,6.15625,5.38944732397794E-9,58000.0,0.926,0.7861667948775963,0.7861667948775962,0.5775869942460499,0.7666872916257408,0.7914823008849557,0.7861667948775963,0.902,0.098,58000.0,3384.0
meta.imbalanced.OnlineRUSBoost -l (trees.HoeffdingTree -e 2000000 -g 100 -c 0.01),ArffFileStream -f ./../../../Dataset/Synthetic_IM10/stream_gen_agrawal.arff,1,58500.0,6.203125,5.430483724921934E-9,58500.0,0.91,0.7882438589075196,0.7882438589075197,0.5217650059513688,0.7738504908687714,0.7393899204244032,0.7882438589075196,0.906,0.094,58500.0,3384.0
meta.imbalanced.OnlineRUSBoost -l (trees.HoeffdingTree -e 2000000 -g 100 -c 0.01),ArffFileStream -f ./../../../Dataset/Synthetic_IM10/stream_gen_agrawal.arff,1,59000.0,6.25,5.471520125865929E-9,59000.0,0.904,0.7550546621079735,0.7550546621079735,0.5017645837658293,0.731013094519255,0.7468845760980592,0.7550546621079735,0.894,0.106,59000.0,3384.0
meta.imbalanced.OnlineRUSBoost -l (trees.HoeffdingTree -e 2000000 -g 100 -c 0.01),ArffFileStream -f ./../../../Dataset/Synthetic_IM10/stream_gen_agrawal.arff,1,59500.0,6.296875,5.512556526809923E-9,59500.0,0.902,0.8123102348283946,0.8123102348283946,0.5702055996070451,0.8037825179356511,0.7636941848390446,0.8123102348283946,0.882,0.118,59500.0,3384.0
meta.imbalanced.OnlineRUSBoost -l (trees.HoeffdingTree -e 2000000 -g 100 -c 0.01),ArffFileStream -f ./../../../Dataset/Synthetic_IM10/stream_gen_agrawal.arff,1,60000.0,6.34375,5.553592927753918E-9,60000.0,0.884,0.7973484848484849,0.7973484848484849,0.5198675496688742,0.7891547069587506,0.7336309523809523,0.7973484848484849,0.88,0.12,60000.0,3384.0
meta.imbalanced.OnlineRUSBoost -l (trees.HoeffdingTree -e 2000000 -g 100 -c 0.01),ArffFileStream -f ./../../../Dataset/Synthetic_IM10/stream_gen_agrawal.arff,1,60500.0,6.40625,5.608308129012577E-9,60500.0,0.916,0.7794226822131971,0.7794226822131971,0.5492981929003734,0.7603026879475824,0.7700814655354353,0.7794226822131971,0.898,0.102,60500.0,3384.0
meta.imbalanced.OnlineRUSBoost -l (trees.HoeffdingTree -e 2000000 -g 100 -c 0.01),ArffFileStream -f ./../../../Dataset/Synthetic_IM10/stream_gen_agrawal.arff,1,61000.0,6.453125,5.649344529956571E-9,61000.0,0.924,0.7725531507374066,0.7725531507374066,0.5451063014748132,0.7499281712395998,0.7725531507374066,0.7725531507374066,0.908,0.092,61000.0,3384.0
meta.imbalanced.OnlineRUSBoost -l (trees.HoeffdingTree -e 2000000 -g 100 -c 0.01),ArffFileStream -f ./../../../Dataset/Synthetic_IM10/stream_gen_agrawal.arff,1,61500.0,6.5,5.690380930900566E-9,61500.0,0.924,0.6979242979242979,0.697924297924298,0.4603805737006532,0.6411604253903161,0.778733062796616,0.6979242979242979,0.91,0.09,61500.0,3384.0
meta.imbalanced.OnlineRUSBoost -l (trees.HoeffdingTree -e 2000000 -g 100 -c 0.01),ArffFileStream -f ./../../../Dataset/Synthetic_IM10/stream_gen_agrawal.arff,1,62000.0,6.578125,5.75877493247389E-9,62000.0,0.918,0.8036576949620429,0.8036576949620429,0.6199480904708936,0.7889855985201427,0.8166666666666667,0.8036576949620429,0.874,0.126,62000.0,3384.0
meta.imbalanced.OnlineRUSBoost -l (trees.HoeffdingTree -e 2000000 -g 100 -c 0.01),ArffFileStream -f ./../../../Dataset/Synthetic_IM10/stream_gen_agrawal.arff,1,62500.0,6.65625,5.827168934047214E-9,62500.0,0.896,0.7555555555555555,0.7555555555555555,0.46938775510204084,0.7348771628268526,0.7178030303030303,0.7555555555555555,0.9,0.1,62500.0,3384.0
meta.imbalanced.OnlineRUSBoost -l (trees.HoeffdingTree -e 2000000 -g 100 -c 0.01),ArffFileStream -f ./../../../Dataset/Synthetic_IM10/stream_gen_agrawal.arff,1,63000.0,6.734375,5.895562935620538E-9,63000.0,0.932,0.7970217040045418,0.7970217040045418,0.6154368185314211,0.7787742717552214,0.8194542294866376,0.7970217040045418,0.898,0.102,63000.0,3384.0
meta.imbalanced.OnlineRUSBoost -l (trees.HoeffdingTree -e 2000000 -g 100 -c 0.01),ArffFileStream -f ./../../../Dataset/Synthetic_IM10/stream_gen_agrawal.arff,1,63500.0,6.796875,5.950278136879197E-9,63500.0,0.934,0.7995414673046253,0.7995414673046253,0.5929945732609768,0.7827129444624172,0.7935286935286936,0.7995414673046253,0.912,0.088,63500.0,3384.0
meta.imbalanced.OnlineRUSBoost -l (trees.HoeffdingTree -e 2000000 -g 100 -c 0.01),ArffFileStream -f ./../../../Dataset/Synthetic_IM10/stream_gen_agrawal.arff,1,64000.0,6.828125,5.977635737508527E-9,64000.0,0.912,0.72,0.72,0.47368421052631576,0.6788225099390857,0.7573300062383032,0.72,0.9,0.1,64000.0,3384.0
meta.imbalanced.OnlineRUSBoost -l (trees.HoeffdingTree -e 2000000 -g 100 -c 0.01),ArffFileStream -f ./../../../Dataset/Synthetic_IM10/stream_gen_agrawal.arff,1,64500.0,6.859375,6.004993338137856E-9,64500.0,0.92,0.7350262073176937,0.7350262073176937,0.48016842543016064,0.7002547571053039,0.7454168659333653,0.7350262073176937,0.914,0.086,64500.0,3384.0
meta.imbalanced.OnlineRUSBoost -l (trees.HoeffdingTree -e 2000000 -g 100 -c 0.01),ArffFileStream -f ./../../../Dataset/Synthetic_IM10/stream_gen_agrawal.arff,1,65000.0,6.90625,6.046029739081851E-9,65000.0,0.918,0.8056784660766961,0.8056784660766961,0.5640894786084886,0.7935953063901549,0.762643063641044,0.8056784660766961,0.904,0.096,65000.0,3384.0
meta.imbalanced.OnlineRUSBoost -l (trees.HoeffdingTree -e 2000000 -g 100 -c 0.01),ArffFileStream -f ./../../../Dataset/Synthetic_IM10/stream_gen_agrawal.arff,1,65500.0,6.953125,6.087066140025845E-9,65500.0,0.908,0.7693904666998836,0.7693904666998836,0.5301519856185651,0.7488018442550788,0.760939510939511,0.7693904666998836,0.892,0.108,65500.0,3384.0
meta.imbalanced.OnlineRUSBoost -l (trees.HoeffdingTree -e 2000000 -g 100 -c 0.01),ArffFileStream -f ./../../../Dataset/Synthetic_IM10/stream_gen_agrawal.arff,1,66000.0,7.0,6.12810254096984E-9,66000.0,0.914,0.7809168193133249,0.7809168193133249,0.5266819302571328,0.7635242823668085,0.7483391463212091,0.7809168193133249,0.906,0.094,66000.0,3384.0
meta.imbalanced.OnlineRUSBoost -l (trees.HoeffdingTree -e 2000000 -g 100 -c 0.01),ArffFileStream -f ./../../../Dataset/Synthetic_IM10/stream_gen_agrawal.arff,1,66500.0,7.046875,6.169138941913834E-9,66500.0,0.876,0.7311542390194075,0.7311542390194075,0.42196531791907516,0.7071790049527525,0.6950122367377891,0.7311542390194075,0.89,0.11,66500.0,3384.0
meta.imbalanced.OnlineRUSBoost -l (trees.HoeffdingTree -e 2000000 -g 100 -c 0.01),ArffFileStream -f ./../../../Dataset/Synthetic_IM10/stream_gen_agrawal.arff,1,67000.0,7.109375,6.223854143172493E-9,67000.0,0.926,0.674070398692429,0.674070398692429,0.3920073616405942,0.6057533586501731,0.725635593220339,0.674070398692429,0.926,0.074,67000.0,3384.0
meta.imbalanced.OnlineRUSBoost -l (trees.HoeffdingTree -e 2000000 -g 100 -c 0.01),ArffFileStream -f ./../../../Dataset/Synthetic_IM10/stream_gen_agrawal.arff,1,67500.0,7.15625,6.264890544116488E-9,67500.0,0.9,0.7487127476985489,0.7487127476985489,0.5049897037858387,0.7223339021451042,0.7564350064350065,0.7487127476985489,0.884,0.116,67500.0,3384.0
meta.imbalanced.OnlineRUSBoost -l (trees.HoeffdingTree -e 2000000 -g 100 -c 0.01),ArffFileStream -f ./../../../Dataset/Synthetic_IM10/stream_gen_agrawal.arff,1,68000.0,7.1875,6.292248144745817E-9,68000.0,0.902,0.71948556705533,0.71948556705533,0.450721908349027,0.6819720020700951,0.731655604719764,0.71948556705533,0.898,0.102,68000.0,3384.0
meta.imbalanced.OnlineRUSBoost -l (trees.HoeffdingTree -e 2000000 -g 100 -c 0.01),ArffFileStream -f ./../../../Dataset/Synthetic_IM10/stream_gen_agrawal.arff,1,68500.0,7.234375,6.333284545689812E-9,68500.0,0.898,0.8106060606060606,0.8106060606060606,0.4943285476322678,0.8036375634160796,0.7095564746629006,0.8106060606060606,0.912,0.088,68500.0,3384.0
meta.imbalanced.OnlineRUSBoost -l (trees.HoeffdingTree -e 2000000 -g 100 -c 0.01),ArffFileStream -f ./../../../Dataset/Synthetic_IM10/stream_gen_agrawal.arff,1,69000.0,7.265625,6.360642146319141E-9,69000.0,0.914,0.7569137168141593,0.7569137168141593,0.5090875879075715,0.7315201168907997,0.7522286076293045,0.7569137168141593,0.904,0.096,69000.0,3384.0
meta.imbalanced.OnlineRUSBoost -l (trees.HoeffdingTree -e 2000000 -g 100 -c 0.01),ArffFileStream -f ./../../../Dataset/Synthetic_IM10/stream_gen_agrawal.arff,1,69500.0,7.296875,6.387999746948471E-9,69500.0,0.882,0.7253948142449884,0.7253948142449884,0.403123988345743,0.6987541679389763,0.6834217115922816,0.7253948142449884,0.902,0.098,69500.0,3384.0
meta.imbalanced.OnlineRUSBoost -l (trees.HoeffdingTree -e 2000000 -g 100 -c 0.01),ArffFileStream -f ./../../../Dataset/Synthetic_IM10/stream_gen_agrawal.arff,1,70000.0,7.328125,6.4153573475778006E-9,70000.0,0.91,0.7334641847114938,0.7334641847114938,0.4957870204374328,0.698412607048792,0.7648438996360851,0.7334641847114938,0.894,0.106,70000.0,3384.0
meta.imbalanced.OnlineRUSBoost -l (trees.HoeffdingTree -e 2000000 -g 100 -c 0.01),ArffFileStream -f ./../../../Dataset/Synthetic_IM10/stream_gen_agrawal.arff,1,70500.0,7.34375,6.429036147892465E-9,70500.0,0.908,0.8296703296703296,0.8296703296703297,0.5718540580789278,0.823754471047914,0.7551495016611296,0.8296703296703296,0.896,0.104,70500.0,3384.0
meta.imbalanced.OnlineRUSBoost -l (trees.HoeffdingTree -e 2000000 -g 100 -c 0.01),ArffFileStream -f ./../../../Dataset/Synthetic_IM10/stream_gen_agrawal.arff,1,71000.0,7.390625,6.47007254883646E-9,71000.0,0.896,0.700405604719764,0.700405604719764,0.400811209439528,0.6572435062810986,0.700405604719764,0.700405604719764,0.904,0.096,71000.0,3384.0
meta.imbalanced.OnlineRUSBoost -l (trees.HoeffdingTree -e 2000000 -g 100 -c 0.01),ArffFileStream -f ./../../../Dataset/Synthetic_IM10/stream_gen_agrawal.arff,1,71500.0,7.421875,6.497430149465789E-9,71500.0,0.894,0.7914223832107248,0.7914223832107249,0.5408552221221152,0.7797044675539264,0.7532450674974039,0.7914223832107248,0.878,0.122,71500.0,3384.0
meta.imbalanced.OnlineRUSBoost -l (trees.HoeffdingTree -e 2000000 -g 100 -c 0.01),ArffFileStream -f ./../../../Dataset/Synthetic_IM10/stream_gen_agrawal.arff,1,72000.0,7.484375,6.552145350724449E-9,72000.0,0.904,0.7517716912468875,0.7517716912468876,0.46704565642209983,0.728256938815659,0.7183192160770636,0.7517716912468875,0.908,0.092,72000.0,3384.0
meta.imbalanced.OnlineRUSBoost -l (trees.HoeffdingTree -e 2000000 -g 100 -c 0.01),ArffFileStream -f ./../../../Dataset/Synthetic_IM10/stream_gen_agrawal.arff,1,72500.0,7.53125,6.593181751668443E-9,72500.0,0.888,0.7378958120531154,0.7378958120531154,0.4540846168843829,0.7123598727858446,0.7174278352440344,0.7378958120531154,0.89,0.11,72500.0,3384.0
meta.imbalanced.OnlineRUSBoost -l (trees.HoeffdingTree -e 2000000 -g 100 -c 0.01),ArffFileStream -f ./../../../Dataset/Synthetic_IM10/stream_gen_agrawal.arff,1,73000.0,7.578125,6.6342181526124375E-9,73000.0,0.898,0.7586571351704523,0.7586571351704524,0.5135444486837085,0.7364075056997844,0.7549242424242424,0.7586571351704523,0.882,0.118,73000.0,3384.0
meta.imbalanced.OnlineRUSBoost -l (trees.HoeffdingTree -e 2000000 -g 100 -c 0.01),ArffFileStream -f ./../../../Dataset/Synthetic_IM10/stream_gen_agrawal.arff,1,73500.0,7.609375,6.661575753241767E-9,73500.0,0.906,0.7383636278239631,0.7383636278239631,0.4634703196347032,0.7089144991024767,0.7255555555555555,0.7383636278239631,0.906,0.094,73500.0,3384.0
meta.imbalanced.OnlineRUSBoost -l (trees.HoeffdingTree -e 2000000 -g 100 -c 0.01),ArffFileStream -f ./../../../Dataset/Synthetic_IM10/stream_gen_agrawal.arff,1,74000.0,7.65625,6.7026121541857615E-9,74000.0,0.908,0.6968602106763014,0.6968602106763013,0.40219368924468474,0.6485285521764967,0.7055635262234975,0.6968602106763014,0.914,0.086,74000.0,3384.0
meta.imbalanced.OnlineRUSBoost -l (trees.HoeffdingTree -e 2000000 -g 100 -c 0.01),ArffFileStream -f ./../../../Dataset/Synthetic_IM10/stream_gen_agrawal.arff,1,74500.0,7.6875,6.729969754815091E-9,74500.0,0.908,0.7875727693952714,0.7875727693952714,0.5580832340621757,0.7719694259375773,0.7711639717689234,0.7875727693952714,0.886,0.114,74500.0,3384.0
meta.imbalanced.OnlineRUSBoost -l (trees.HoeffdingTree -e 2000000 -g 100 -c 0.01),ArffFileStream -f ./../../../Dataset/Synthetic_IM10/stream_gen_agrawal.arff,1,75000.0,7.71875,6.757327355444421E-9,75000.0,0.936,0.7763430575482225,0.7763430575482226,0.5652410195098092,0.7524867112433282,0.7892541298181212,0.7763430575482225,0.918,0.082,75000.0,3384.0
meta.imbalanced.OnlineRUSBoost -l (trees.HoeffdingTree -e 2000000 -g 100 -c 0.01),ArffFileStream -f ./../../../Dataset/Synthetic_IM10/stream_gen_agrawal.arff,1,75500.0,7.75,6.78468495607375E-9,75500.0,0.928,0.7925884955752213,0.7925884955752213,0.5851769911504425,0.7746680705108651,0.7925884955752213,0.7925884955752213,0.904,0.096,75500.0,3384.0
meta.imbalanced.OnlineRUSBoost -l (trees.HoeffdingTree -e 2000000 -g 100 -c 0.01),ArffFileStream -f ./../../../Dataset/Synthetic_IM10/stream_gen_agrawal.arff,1,76000.0,7.78125,6.81204255670308E-9,76000.0,0.922,0.7827634394515044,0.7827634394515044,0.5704845814977973,0.762968865695972,0.7877777777777778,0.7827634394515044,0.898,0.102,76000.0,3384.0
meta.imbalanced.OnlineRUSBoost -l (trees.HoeffdingTree -e 2000000 -g 100 -c 0.01),ArffFileStream -f ./../../../Dataset/Synthetic_IM10/stream_gen_agrawal.arff,1,76500.0,7.8125,6.83940015733241E-9,76500.0,0.928,0.8236730955167676,0.8236730955167675,0.5856544357994568,0.8139789319721796,0.7684774808999197,0.8236730955167676,0.914,0.086,76500.0,3384.0
meta.imbalanced.OnlineRUSBoost -l (trees.HoeffdingTree -e 2000000 -g 100 -c 0.01),ArffFileStream -f ./../../../Dataset/Synthetic_IM10/stream_gen_agrawal.arff,1,77000.0,7.875,6.894115358591069E-9,77000.0,0.92,0.7101618554980811,0.7101618554980811,0.4304266104687589,0.6652189631846624,0.7205650574981028,0.7101618554980811,0.922,0.078,77000.0,3384.0
meta.imbalanced.OnlineRUSBoost -l (trees.HoeffdingTree -e 2000000 -g 100 -c 0.01),ArffFileStream -f ./../../../Dataset/Synthetic_IM10/stream_gen_agrawal.arff,1,77500.0,7.90625,6.9214729592203984E-9,77500.0,0.904,0.8194488438390877,0.8194488438390877,0.5405643401355336,0.8126728270661927,0.7373818891018529,0.8194488438390877,0.902,0.098,77500.0,3384.0
meta.imbalanced.OnlineRUSBoost -l (trees.HoeffdingTree -e 2000000 -g 100 -c 0.01),ArffFileStream -f ./../../../Dataset/Synthetic_IM10/stream_gen_agrawal.arff,1,78000.0,7.96875,6.976188160479058E-9,78000.0,0.926,0.8142170329670331,0.814217032967033,0.6128087065717873,0.8018907944064741,0.7990806945863125,0.8142170329670331,0.896,0.104,78000.0,3384.0
meta.imbalanced.OnlineRUSBoost -l (trees.HoeffdingTree -e 2000000 -g 100 -c 0.01),ArffFileStream -f ./../../../Dataset/Synthetic_IM10/stream_gen_agrawal.arff,1,78500.0,8.015625,7.017224561423052E-9,78500.0,0.916,0.732838023510254,0.732838023510254,0.46567604702050786,0.6986541727103951,0.732838023510254,0.732838023510254,0.914,0.086,78500.0,3384.0
meta.imbalanced.OnlineRUSBoost -l (trees.HoeffdingTree -e 2000000 -g 100 -c 0.01),ArffFileStream -f ./../../../Dataset/Synthetic_IM10/stream_gen_agrawal.arff,1,79000.0,8.046875,7.044582162052382E-9,79000.0,0.9,0.7647527910685805,0.7647527910685805,0.4265002752798679,0.7479370885022729,0.6813075362771104,0.7647527910685805,0.924,0.076,79000.0,3384.0
meta.imbalanced.OnlineRUSBoost -l (trees.HoeffdingTree -e 2000000 -g 100 -c 0.01),ArffFileStream -f ./../../../Dataset/Synthetic_IM10/stream_gen_agrawal.arff,1,79500.0,8.09375,7.085618562996376E-9,79500.0,0.914,0.7107551390823519,0.7107551390823519,0.4815779320987654,0.6623047543929671,0.7844041922989291,0.7107551390823519,0.894,0.106,79500.0,3384.0
meta.imbalanced.OnlineRUSBoost -l (trees.HoeffdingTree -e 2000000 -g 100 -c 0.01),ArffFileStream -f ./../../../Dataset/Synthetic_IM10/stream_gen_agrawal.arff,1,80000.0,8.125,7.112976163625706E-9,80000.0,0.906,0.7152470501474927,0.7152470501474926,0.44286391654812707,0.675162495463304,0.728083028083028,0.7152470501474927,0.904,0.096,80000.0,3384.0
meta.imbalanced.OnlineRUSBoost -l (trees.HoeffdingTree -e 2000000 -g 100 -c 0.01),ArffFileStream -f ./../../../Dataset/Synthetic_IM10/stream_gen_agrawal.arff,1,80500.0,8.1875,7.167691364884365E-9,80500.0,0.872,0.6705100119143703,0.6705100119143702,0.35673219957383506,0.6164657152615481,0.6872652061964459,0.6705100119143703,0.882,0.118,80500.0,3384.0
meta.imbalanced.OnlineRUSBoost -l (trees.HoeffdingTree -e 2000000 -g 100 -c 0.01),ArffFileStream -f ./../../../Dataset/Synthetic_IM10/stream_gen_agrawal.arff,1,81000.0,8.234375,7.208727765828359E-9,81000.0,0.894,0.7150312240709201,0.7150312240709201,0.4263572603688631,0.6787627042506105,0.7113667582417582,0.7150312240709201,0.898,0.102,81000.0,3384.0
meta.imbalanced.OnlineRUSBoost -l (trees.HoeffdingTree -e 2000000 -g 100 -c 0.01),ArffFileStream -f ./../../../Dataset/Synthetic_IM10/stream_gen_agrawal.arff,1,81500.0,8.28125,7.249764166772354E-9,81500.0,0.91,0.745390855457227,0.7453908554572272,0.486254452461412,0.7170104478324462,0.7409158785465406,0.745390855457227,0.904,0.096,81500.0,3384.0
meta.imbalanced.OnlineRUSBoost -l (trees.HoeffdingTree -e 2000000 -g 100 -c 0.01),ArffFileStream -f ./../../../Dataset/Synthetic_IM10/stream_gen_agrawal.arff,1,82000.0,8.328125,7.290800567716348E-9,82000.0,0.932,0.8546196190249891,0.8546196190249891,0.6781400280207505,0.8487213369567372,0.8252515346336857,0.8546196190249891,0.886,0.114,82000.0,3384.0
meta.imbalanced.OnlineRUSBoost -l (trees.HoeffdingTree -e 2000000 -g 100 -c 0.01),ArffFileStream -f ./../../../Dataset/Synthetic_IM10/stream_gen_agrawal.arff,1,82500.0,8.375,7.331836968660343E-9,82500.0,0.922,0.7112464541965626,0.7112464541965626,0.43791075752334835,0.6659710481769046,0.7273706896551724,0.7112464541965626,0.922,0.078,82500.0,3384.0
meta.imbalanced.OnlineRUSBoost -l (trees.HoeffdingTree -e 2000000 -g 100 -c 0.01),ArffFileStream -f ./../../../Dataset/Synthetic_IM10/stream_gen_agrawal.arff,1,83000.0,8.40625,7.359194569289672E-9,83000.0,0.936,0.7789387659798027,0.7789387659798027,0.5443412883750072,0.7568109589735331,0.7657823015740586,0.7789387659798027,0.926,0.074,83000.0,3384.0
meta.imbalanced.OnlineRUSBoost -l (trees.HoeffdingTree -e 2000000 -g 100 -c 0.01),ArffFileStream -f ./../../../Dataset/Synthetic_IM10/stream_gen_agrawal.arff,1,83500.0,8.453125,7.400230970233667E-9,83500.0,0.928,0.8208655399799119,0.8208655399799117,0.6201730322852923,0.8097564382718287,0.8002042900919306,0.8208655399799119,0.898,0.102,83500.0,3384.0
meta.imbalanced.OnlineRUSBoost -l (trees.HoeffdingTree -e 2000000 -g 100 -c 0.01),ArffFileStream -f ./../../../Dataset/Synthetic_IM10/stream_gen_agrawal.arff,1,84000.0,8.484375,7.427588570862996E-9,84000.0,0.894,0.6779138711187394,0.6779138711187394,0.40774182013230825,0.6167678322525785,0.7423614432222754,0.6779138711187394,0.884,0.116,84000.0,3384.0
meta.imbalanced.OnlineRUSBoost -l (trees.HoeffdingTree -e 2000000 -g 100 -c 0.01),ArffFileStream -f ./../../../Dataset/Synthetic_IM10/stream_gen_agrawal.arff,1,84500.0,8.53125,7.468624971806992E-9,84500.0,0.92,0.7400707007693907,0.7400707007693907,0.48014140153878143,0.707768143870032,0.7400707007693907,0.7400707007693907,0.916,0.084,84500.0,3384.0
meta.imbalanced.OnlineRUSBoost -l (trees.HoeffdingTree -e 2000000 -g 100 -c 0.01),ArffFileStream -f ./../../../Dataset/Synthetic_IM10/stream_gen_agrawal.arff,1,85000.0,8.578125,7.509661372750987E-9,85000.0,0.932,0.8258612793242075,0.8258612793242075,0.6010700708687285,0.8158523036836274,0.7796410323594917,0.8258612793242075,0.914,0.086,85000.0,3384.0
meta.imbalanced.OnlineRUSBoost -l (trees.HoeffdingTree -e 2000000 -g 100 -c 0.01),ArffFileStream -f ./../../../Dataset/Synthetic_IM10/stream_gen_agrawal.arff,1,85500.0,8.609375,7.537018973380316E-9,85500.0,0.924,0.7880779430416234,0.7880779430416234,0.6121024049650892,0.7677339559950597,0.827328704310232,0.7880779430416234,0.882,0.118,85500.0,3384.0
meta.imbalanced.OnlineRUSBoost -l (trees.HoeffdingTree -e 2000000 -g 100 -c 0.01),ArffFileStream -f ./../../../Dataset/Synthetic_IM10/stream_gen_agrawal.arff,1,86000.0,8.65625,7.578055374324312E-9,86000.0,0.912,0.7912155260469866,0.7912155260469866,0.5644426846169075,0.775914235543662,0.7739344325300741,0.7912155260469866,0.89,0.11,86000.0,3384.0
meta.imbalanced.OnlineRUSBoost -l (trees.HoeffdingTree -e 2000000 -g 100 -c 0.01),ArffFileStream -f ./../../../Dataset/Synthetic_IM10/stream_gen_agrawal.arff,1,86500.0,8.6875,7.605412974953641E-9,86500.0,0.894,0.6749401913875598,0.6749401913875599,0.3463246176615688,0.6203776439013833,0.6714285714285715,0.6749401913875598,0.912,0.088,86500.0,3384.0
meta.imbalanced.OnlineRUSBoost -l (trees.HoeffdingTree -e 2000000 -g 100 -c 0.01),ArffFileStream -f ./../../../Dataset/Synthetic_IM10/stream_gen_agrawal.arff,1,87000.0,8.71875,7.632770575582971E-9,87000.0,0.942,0.849396964025785,0.849396964025785,0.6496230427218248,0.8420731133940225,0.8041314086610254,0.849396964025785,0.916,0.084,87000.0,3384.0
meta.imbalanced.OnlineRUSBoost -l (trees.HoeffdingTree -e 2000000 -g 100 -c 0.01),ArffFileStream -f ./../../../Dataset/Synthetic_IM10/stream_gen_agrawal.arff,1,87500.0,8.75,7.6601281762123E-9,87500.0,0.908,0.71792784082235,0.71792784082235,0.426862696237229,0.6802385929071065,0.7091575091575091,0.71792784082235,0.914,0.086,87500.0,3384.0
meta.imbalanced.OnlineRUSBoost -l (trees.HoeffdingTree -e 2000000 -g 100 -c 0.01),ArffFileStream -f ./../../../Dataset/Synthetic_IM10/stream_gen_agrawal.arff,1,88000.0,8.78125,7.68748577684163E-9,88000.0,0.93,0.8079498626373627,0.8079498626373627,0.6211793228850983,0.7931172848151322,0.8132887899034893,0.8079498626373627,0.896,0.104,88000.0,3384.0
meta.imbalanced.OnlineRUSBoost -l (trees.HoeffdingTree -e 2000000 -g 100 -c 0.01),ArffFileStream -f ./../../../Dataset/Synthetic_IM10/stream_gen_agrawal.arff,1,88500.0,8.828125,7.728522177785625E-9,88500.0,0.902,0.7677471152768961,0.7677471152768961,0.5393004889056036,0.7469269354461352,0.7715909090909091,0.7677471152768961,0.878,0.122,88500.0,3384.0
meta.imbalanced.OnlineRUSBoost -l (trees.HoeffdingTree -e 2000000 -g 100 -c 0.01),ArffFileStream -f ./../../../Dataset/Synthetic_IM10/stream_gen_agrawal.arff,1,89000.0,8.875,7.76955857872962E-9,89000.0,0.944,0.8634732407551879,0.863473240755188,0.726946481510376,0.8570834148600038,0.8634732407551879,0.8634732407551879,0.884,0.116,89000.0,3384.0
meta.imbalanced.OnlineRUSBoost -l (trees.HoeffdingTree -e 2000000 -g 100 -c 0.01),ArffFileStream -f ./../../../Dataset/Synthetic_IM10/stream_gen_agrawal.arff,1,89500.0,8.90625,7.79691617935895E-9,89500.0,0.918,0.7497920565606155,0.7497920565606155,0.4838872104733132,0.7220209155813355,0.7346764346764347,0.7497920565606155,0.916,0.084,89500.0,3384.0
meta.imbalanced.OnlineRUSBoost -l (trees.HoeffdingTree -e 2000000 -g 100 -c 0.01),ArffFileStream -f ./../../../Dataset/Synthetic_IM10/stream_gen_agrawal.arff,1,90000.0,8.9375,7.82427377998828E-9,90000.0,0.92,0.7881637168141593,0.7881637168141593,0.555634553857092,0.7710899078691791,0.7683722527472527,0.7881637168141593,0.904,0.096,90000.0,3384.0
meta.imbalanced.OnlineRUSBoost -l (trees.HoeffdingTree -e 2000000 -g 100 -c 0.01),ArffFileStream -f ./../../../Dataset/Synthetic_IM10/stream_gen_agrawal.arff,1,90500.0,8.96875,7.85163138061761E-9,90500.0,0.878,0.7466843501326259,0.746684350132626,0.4777397260273973,0.7252914899253198,0.7317275747508305,0.7466843501326259,0.87,0.13,90500.0,3384.0
meta.imbalanced.OnlineRUSBoost -l (trees.HoeffdingTree -e 2000000 -g 100 -c 0.01),ArffFileStream -f ./../../../Dataset/Synthetic_IM10/stream_gen_agrawal.arff,1,91000.0,9.015625,7.892667781561605E-9,91000.0,0.91,0.7596402235686441,0.759640223568644,0.49565139424370125,0.7367255584006386,0.7372939560439561,0.7596402235686441,0.906,0.094,91000.0,3384.0
meta.imbalanced.OnlineRUSBoost -l (trees.HoeffdingTree -e 2000000 -g 100 -c 0.01),ArffFileStream -f ./../../../Dataset/Synthetic_IM10/stream_gen_agrawal.arff,1,91500.0,9.046875,7.920025382190934E-9,91500.0,0.904,0.7553604960915323,0.7553604960915324,0.49356404304705637,0.7319154656920202,0.7389172625127681,0.7553604960915323,0.898,0.102,91500.0,3384.0
meta.imbalanced.OnlineRUSBoost -l (trees.HoeffdingTree -e 2000000 -g 100 -c 0.01),ArffFileStream -f ./../../../Dataset/Synthetic_IM10/stream_gen_agrawal.arff,1,92000.0,9.078125,7.947382982820264E-9,92000.0,0.916,0.7657365886065437,0.7657365886065437,0.5493562231759657,0.7413622620918049,0.7844444444444445,0.7657365886065437,0.892,0.108,92000.0,3384.0
meta.imbalanced.OnlineRUSBoost -l (trees.HoeffdingTree -e 2000000 -g 100 -c 0.01),ArffFileStream -f ./../../../Dataset/Synthetic_IM10/stream_gen_agrawal.arff,1,92500.0,9.125,7.98841938376426E-9,92500.0,0.918,0.8066072754268745,0.8066072754268746,0.5780503869586695,0.7943751776027422,0.7738726790450928,0.8066072754268745,0.898,0.102,92500.0,3384.0
meta.imbalanced.OnlineRUSBoost -l (trees.HoeffdingTree -e 2000000 -g 100 -c 0.01),ArffFileStream -f ./../../../Dataset/Synthetic_IM10/stream_gen_agrawal.arff,1,93000.0,9.15625,8.015776984393589E-9,93000.0,0.898,0.7220982142857143,0.7220982142857143,0.44800415620400036,0.6870940359846782,0.7259487313856501,0.7220982142857143,0.896,0.104,93000.0,3384.0
meta.imbalanced.OnlineRUSBoost -l (trees.HoeffdingTree -e 2000000 -g 100 -c 0.01),ArffFileStream -f ./../../../Dataset/Synthetic_IM10/stream_gen_agrawal.arff,1,93500.0,9.1875,8.043134585022918E-9,93500.0,0.914,0.739526098901099,0.7395260989010989,0.5093564582382474,0.7059524195590796,0.7725274725274724,0.739526098901099,0.896,0.104,93500.0,3384.0
meta.imbalanced.OnlineRUSBoost -l (trees.HoeffdingTree -e 2000000 -g 100 -c 0.01),ArffFileStream -f ./../../../Dataset/Synthetic_IM10/stream_gen_agrawal.arff,1,94000.0,9.21875,8.070492185652248E-9,94000.0,0.932,0.7519117389527756,0.7519117389527757,0.5038234779055514,0.7215909365123446,0.7519117389527756,0.7519117389527756,0.926,0.074,94000.0,3384.0
meta.imbalanced.OnlineRUSBoost -l (trees.HoeffdingTree -e 2000000 -g 100 -c 0.01),ArffFileStream -f ./../../../Dataset/Synthetic_IM10/stream_gen_agrawal.arff,1,94500.0,9.265625,8.111528586596243E-9,94500.0,0.908,0.7490019256963036,0.7490019256963036,0.4797086368366285,0.7229537728784767,0.7315166601161622,0.7490019256963036,0.906,0.094,94500.0,3384.0
meta.imbalanced.OnlineRUSBoost -l (trees.HoeffdingTree -e 2000000 -g 100 -c 0.01),ArffFileStream -f ./../../../Dataset/Synthetic_IM10/stream_gen_agrawal.arff,1,95000.0,9.296875,8.138886187225573E-9,95000.0,0.934,0.7927803379416283,0.7927803379416283,0.5359955005624297,0.7755875826173932,0.7477126221667707,0.7927803379416283,0.93,0.07,95000.0,3384.0
meta.imbalanced.OnlineRUSBoost -l (trees.HoeffdingTree -e 2000000 -g 100 -c 0.01),ArffFileStream -f ./../../../Dataset/Synthetic_IM10/stream_gen_agrawal.arff,1,95500.0,9.34375,8.179922588169568E-9,95500.0,0.908,0.7966746512610963,0.7966746512610963,0.5234740811337173,0.7847891689715776,0.7358751260315919,0.7966746512610963,0.906,0.094,95500.0,3384.0
meta.imbalanced.OnlineRUSBoost -l (trees.HoeffdingTree -e 2000000 -g 100 -c 0.01),ArffFileStream -f ./../../../Dataset/Synthetic_IM10/stream_gen_agrawal.arff,1,96000.0,9.390625,8.220958989113563E-9,96000.0,0.932,0.7750686813186813,0.7750686813186812,0.6012385062863577,0.7493128720499737,0.8331253898939488,0.7750686813186813,0.896,0.104,96000.0,3384.0
meta.imbalanced.OnlineRUSBoost -l (trees.HoeffdingTree -e 2000000 -g 100 -c 0.01),ArffFileStream -f ./../../../Dataset/Synthetic_IM10/stream_gen_agrawal.arff,1,96500.0,9.4375,8.261995390057559E-9,96500.0,0.918,0.7663832111093775,0.7663832111093776,0.57127321398695,0.7405197366837443,0.8090185076247793,0.7663832111093775,0.884,0.116,96500.0,3384.0
meta.imbalanced.OnlineRUSBoost -l (trees.HoeffdingTree -e 2000000 -g 100 -c 0.01),ArffFileStream -f ./../../../Dataset/Synthetic_IM10/stream_gen_agrawal.arff,1,97000.0,9.484375,8.303031791001554E-9,97000.0,0.906,0.747794017828861,0.747794017828861,0.4824244559950665,0.721440253686889,0.7350618131868132,0.747794017828861,0.902,0.098,97000.0,3384.0
meta.imbalanced.OnlineRUSBoost -l (trees.HoeffdingTree -e 2000000 -g 100 -c 0.01),ArffFileStream -f ./../../../Dataset/Synthetic_IM10/stream_gen_agrawal.arff,1,97500.0,9.515625,8.330389391630884E-9,97500.0,0.932,0.8506637168141593,0.8506637168141593,0.6415921740597065,0.8446866728090594,0.7967701669527227,0.8506637168141593,0.904,0.096,97500.0,3384.0
meta.imbalanced.OnlineRUSBoost -l (trees.HoeffdingTree -e 2000000 -g 100 -c 0.01),ArffFileStream -f ./../../../Dataset/Synthetic_IM10/stream_gen_agrawal.arff,1,98000.0,9.546875,8.357746992260213E-9,98000.0,0.914,0.7727536953994353,0.7727536953994353,0.5499832551908909,0.7514587485610275,0.777278291334262,0.7727536953994353,0.892,0.108,98000.0,3384.0
meta.imbalanced.OnlineRUSBoost -l (trees.HoeffdingTree -e 2000000 -g 100 -c 0.01),ArffFileStream -f ./../../../Dataset/Synthetic_IM10/stream_gen_agrawal.arff,1,98500.0,9.59375,8.398783393204208E-9,98500.0,0.896,0.7256342070828585,0.7256342070828585,0.45126841416571695,0.6926777437085009,0.7256342070828585,0.7256342070828585,0.894,0.106,98500.0,3384.0
meta.imbalanced.OnlineRUSBoost -l (trees.HoeffdingTree -e 2000000 -g 100 -c 0.01),ArffFileStream -f ./../../../Dataset/Synthetic_IM10/stream_gen_agrawal.arff,1,99000.0,9.625,8.426140993833538E-9,99000.0,0.894,0.6906370656370656,0.6906370656370656,0.4170699516058073,0.6389844742254371,0.7315018315018316,0.6906370656370656,0.888,0.112,99000.0,3384.0
meta.imbalanced.OnlineRUSBoost -l (trees.HoeffdingTree -e 2000000 -g 100 -c 0.01),ArffFileStream -f ./../../../Dataset/Synthetic_IM10/stream_gen_agrawal.arff,1,99500.0,9.6875,8.480856195092197E-9,99500.0,0.872,0.7573492775286498,0.7573492775286498,0.4365403577968728,0.7430964451913386,0.6923411122144985,0.7573492775286498,0.892,0.108,99500.0,3384.0
meta.imbalanced.OnlineRUSBoost -l (trees.HoeffdingTree -e 2000000 -g 100 -c 0.01),ArffFileStream -f ./../../../Dataset/Synthetic_IM10/stream_gen_agrawal.arff,1,100000.0,9.71875,8.508213795721527E-9,100000.0,0.892,0.740033485678085,0.740033485678085,0.4400431374175619,0.7154883761831726,0.7038702486644375,0.740033485678085,0.902,0.098,100000.0,3384.0
