Learner,stream,randomSeed,learning evaluation instances,evaluation time (cpu seconds),model cost (RAM-Hours),classified instances,Accuracy,AvgAccuracy,AUC,Kappa,G-Mean,Precision,Recall,Ratio-Class-0,Ratio-Class-1,model training instances,model serialized size (bytes)
meta.imbalanced.RebalanceStream -l (trees.HoeffdingTree -e 2000000 -g 100 -c 0.01),ArffFileStream -f ./../../../Dataset/Synthetic_IM40/stream_gen_agrawal.arff,1,500.0,0.09375,1.3057918598254523E-10,500.0,0.82,0.8079169370538611,0.807916937053861,0.6219186368906588,0.805561460541608,0.814831827693564,0.8079169370538611,0.598,0.402,500.0,5384.0
meta.imbalanced.RebalanceStream -l (trees.HoeffdingTree -e 2000000 -g 100 -c 0.01),ArffFileStream -f ./../../../Dataset/Synthetic_IM40/stream_gen_agrawal.arff,1,1000.0,0.171875,2.4279062118795184E-10,1000.0,0.836,0.8211668644008654,0.8211668644008654,0.6423337288017308,0.819550097943981,0.8211668644008654,0.8211668644008654,0.644,0.356,1000.0,5552.0
meta.imbalanced.RebalanceStream -l (trees.HoeffdingTree -e 2000000 -g 100 -c 0.01),ArffFileStream -f ./../../../Dataset/Synthetic_IM40/stream_gen_agrawal.arff,1,1500.0,0.234375,3.3527612686157225E-10,1500.0,0.88,0.8763636363636363,0.8763636363636363,0.756394640682095,0.875608879061256,0.8809442017961427,0.8763636363636363,0.55,0.45,1500.0,5720.0
meta.imbalanced.RebalanceStream -l (trees.HoeffdingTree -e 2000000 -g 100 -c 0.01),ArffFileStream -f ./../../../Dataset/Synthetic_IM40/stream_gen_agrawal.arff,1,2000.0,0.234375,3.3527612686157225E-10,2000.0,0.928,0.9358865433631789,0.935886543363179,0.8556674578228238,0.9342826795036788,0.9269573010690737,0.9358865433631789,0.572,0.428,2000.0,5720.0
meta.imbalanced.RebalanceStream -l (trees.HoeffdingTree -e 2000000 -g 100 -c 0.01),ArffFileStream -f ./../../../Dataset/Synthetic_IM40/stream_gen_agrawal.arff,1,2500.0,0.25,3.5839750327997736E-10,2500.0,0.94,0.945260589273054,0.9452605892730539,0.8780705890003414,0.9447656589522748,0.9357764115473366,0.945260589273054,0.586,0.414,2500.0,5720.0
meta.imbalanced.RebalanceStream -l (trees.HoeffdingTree -e 2000000 -g 100 -c 0.01),ArffFileStream -f ./../../../Dataset/Synthetic_IM40/stream_gen_agrawal.arff,1,3000.0,0.265625,3.8219796907570625E-10,3000.0,0.946,0.9563722441080932,0.9563722441080932,0.8866993420169196,0.9556117017463104,0.935491582991212,0.9563722441080932,0.636,0.364,3000.0,5888.0
meta.imbalanced.RebalanceStream -l (trees.HoeffdingTree -e 2000000 -g 100 -c 0.01),ArffFileStream -f ./../../../Dataset/Synthetic_IM40/stream_gen_agrawal.arff,1,3500.0,0.265625,3.8219796907570625E-10,3500.0,0.93,0.9384547321324229,0.9384547321324228,0.8572034728115412,0.9375391275495681,0.9241166591305472,0.9384547321324229,0.602,0.398,3500.0,5888.0
meta.imbalanced.RebalanceStream -l (trees.HoeffdingTree -e 2000000 -g 100 -c 0.01),ArffFileStream -f ./../../../Dataset/Synthetic_IM40/stream_gen_agrawal.arff,1,4000.0,0.28125,4.0599843487143514E-10,4000.0,0.908,0.9173853605846314,0.9173853605846315,0.8113548006102262,0.9164613664867052,0.9003577730650305,0.9173853605846314,0.614,0.386,4000.0,5888.0
meta.imbalanced.RebalanceStream -l (trees.HoeffdingTree -e 2000000 -g 100 -c 0.01),ArffFileStream -f ./../../../Dataset/Synthetic_IM40/stream_gen_agrawal.arff,1,4500.0,0.28125,4.0599843487143514E-10,4500.0,0.942,0.9485935903234994,0.9485935903234993,0.8807644233931978,0.948083580218535,0.9355683518771554,0.9485935903234994,0.606,0.394,4500.0,5888.0
meta.imbalanced.RebalanceStream -l (trees.HoeffdingTree -e 2000000 -g 100 -c 0.01),ArffFileStream -f ./../../../Dataset/Synthetic_IM40/stream_gen_agrawal.arff,1,5000.0,0.296875,4.2979890066716404E-10,5000.0,0.928,0.9360717148418969,0.936071714841897,0.8555724945839686,0.9344815647899078,0.9266906762705083,0.9360717148418969,0.574,0.426,5000.0,5888.0
meta.imbalanced.RebalanceStream -l (trees.HoeffdingTree -e 2000000 -g 100 -c 0.01),ArffFileStream -f ./../../../Dataset/Synthetic_IM40/stream_gen_agrawal.arff,1,5500.0,0.296875,4.2979890066716404E-10,5500.0,0.94,0.950037668652832,0.950037668652832,0.8751415062928681,0.9492282000348428,0.9304900419287212,0.950037668652832,0.628,0.372,5500.0,6056.0
meta.imbalanced.RebalanceStream -l (trees.HoeffdingTree -e 2000000 -g 100 -c 0.01),ArffFileStream -f ./../../../Dataset/Synthetic_IM40/stream_gen_agrawal.arff,1,6000.0,0.3125,4.542784558402167E-10,6000.0,0.93,0.9392586580086579,0.939258658008658,0.8558531844090804,0.9384104525681592,0.9221063065698175,0.9392586580086579,0.616,0.384,6000.0,6056.0
meta.imbalanced.RebalanceStream -l (trees.HoeffdingTree -e 2000000 -g 100 -c 0.01),ArffFileStream -f ./../../../Dataset/Synthetic_IM40/stream_gen_agrawal.arff,1,6500.0,0.328125,4.787580110132694E-10,6500.0,0.93,0.9407734342160572,0.9407734342160572,0.8569794050343249,0.9394980459768308,0.9233415154059815,0.9407734342160572,0.61,0.39,6500.0,6056.0
meta.imbalanced.RebalanceStream -l (trees.HoeffdingTree -e 2000000 -g 100 -c 0.01),ArffFileStream -f ./../../../Dataset/Synthetic_IM40/stream_gen_agrawal.arff,1,7000.0,0.328125,4.787580110132694E-10,7000.0,0.922,0.9310823466452605,0.9310823466452606,0.8409565444342947,0.9300578975645883,0.915952623001081,0.9310823466452605,0.604,0.396,7000.0,6056.0
meta.imbalanced.RebalanceStream -l (trees.HoeffdingTree -e 2000000 -g 100 -c 0.01),ArffFileStream -f ./../../../Dataset/Synthetic_IM40/stream_gen_agrawal.arff,1,7500.0,0.34375,5.032375661863221E-10,7500.0,0.93,0.939025607747217,0.9390256077472171,0.8577698309492848,0.937895825688151,0.9248792270531401,0.939025607747217,0.598,0.402,7500.0,6056.0
meta.imbalanced.RebalanceStream -l (trees.HoeffdingTree -e 2000000 -g 100 -c 0.01),ArffFileStream -f ./../../../Dataset/Synthetic_IM40/stream_gen_agrawal.arff,1,8000.0,0.34375,5.032375661863221E-10,8000.0,0.912,0.9225829820864068,0.9225829820864068,0.8235256369120195,0.9204298573133808,0.9107611548556431,0.9225829820864068,0.584,0.416,8000.0,6056.0
meta.imbalanced.RebalanceStream -l (trees.HoeffdingTree -e 2000000 -g 100 -c 0.01),ArffFileStream -f ./../../../Dataset/Synthetic_IM40/stream_gen_agrawal.arff,1,8500.0,0.359375,5.277171213593748E-10,8500.0,0.926,0.9351415094339622,0.9351415094339622,0.851729554707787,0.9332055730167035,0.9251492214878942,0.9351415094339622,0.576,0.424,8500.0,6056.0
meta.imbalanced.RebalanceStream -l (trees.HoeffdingTree -e 2000000 -g 100 -c 0.01),ArffFileStream -f ./../../../Dataset/Synthetic_IM40/stream_gen_agrawal.arff,1,9000.0,0.359375,5.277171213593748E-10,9000.0,0.928,0.9346086277571735,0.9346086277571735,0.8558523928502787,0.9331814614825219,0.9275153609831029,0.9346086277571735,0.564,0.436,9000.0,6056.0
meta.imbalanced.RebalanceStream -l (trees.HoeffdingTree -e 2000000 -g 100 -c 0.01),ArffFileStream -f ./../../../Dataset/Synthetic_IM40/stream_gen_agrawal.arff,1,9500.0,0.375,5.521966765324275E-10,9500.0,0.924,0.932062298603652,0.9320622986036521,0.8442316521282875,0.9313146293146641,0.9171365610214531,0.932062298603652,0.608,0.392,9500.0,6056.0
meta.imbalanced.RebalanceStream -l (trees.HoeffdingTree -e 2000000 -g 100 -c 0.01),ArffFileStream -f ./../../../Dataset/Synthetic_IM40/stream_gen_agrawal.arff,1,10000.0,0.375,5.521966765324275E-10,10000.0,0.928,0.9358333333333333,0.9358333333333333,0.8531810766721044,0.9350133688883812,0.9222918416122989,0.9358333333333333,0.6,0.4,10000.0,6056.0
meta.imbalanced.RebalanceStream -l (trees.HoeffdingTree -e 2000000 -g 100 -c 0.01),ArffFileStream -f ./../../../Dataset/Synthetic_IM40/stream_gen_agrawal.arff,1,10500.0,0.390625,5.773553210828039E-10,10500.0,0.928,0.9407478947457599,0.9407478947457598,0.8525194592380172,0.9391958362636331,0.9204040404040403,0.9407478947457599,0.618,0.382,10500.0,6224.0
meta.imbalanced.RebalanceStream -l (trees.HoeffdingTree -e 2000000 -g 100 -c 0.01),ArffFileStream -f ./../../../Dataset/Synthetic_IM40/stream_gen_agrawal.arff,1,11000.0,0.390625,5.773553210828039E-10,11000.0,0.938,0.9440839281851612,0.9440839281851612,0.8732168564324041,0.9435735021321985,0.9324486356860457,0.9440839281851612,0.598,0.402,11000.0,6224.0
meta.imbalanced.RebalanceStream -l (trees.HoeffdingTree -e 2000000 -g 100 -c 0.01),ArffFileStream -f ./../../../Dataset/Synthetic_IM40/stream_gen_agrawal.arff,1,11500.0,0.40625,6.025139656331804E-10,11500.0,0.93,0.9370465982615516,0.9370465982615516,0.8594332348027246,0.9357679848424577,0.9283198027253368,0.9370465982615516,0.572,0.428,11500.0,6224.0
meta.imbalanced.RebalanceStream -l (trees.HoeffdingTree -e 2000000 -g 100 -c 0.01),ArffFileStream -f ./../../../Dataset/Synthetic_IM40/stream_gen_agrawal.arff,1,12000.0,0.40625,6.025139656331804E-10,12000.0,0.938,0.9463917868296896,0.9463917868296896,0.8739673453457361,0.945381982497069,0.9329911858070545,0.9463917868296896,0.596,0.404,12000.0,6224.0
meta.imbalanced.RebalanceStream -l (trees.HoeffdingTree -e 2000000 -g 100 -c 0.01),ArffFileStream -f ./../../../Dataset/Synthetic_IM40/stream_gen_agrawal.arff,1,12500.0,0.421875,6.276726101835569E-10,12500.0,0.936,0.9448824203220807,0.9448824203220807,0.8684643209470568,0.9440499856001464,0.9287337662337662,0.9448824203220807,0.612,0.388,12500.0,6224.0
meta.imbalanced.RebalanceStream -l (trees.HoeffdingTree -e 2000000 -g 100 -c 0.01),ArffFileStream -f ./../../../Dataset/Synthetic_IM40/stream_gen_agrawal.arff,1,13000.0,0.421875,6.276726101835569E-10,13000.0,0.918,0.9250713096239138,0.9250713096239139,0.8341745939299813,0.9241572969656626,0.9141925326135852,0.9250713096239138,0.586,0.414,13000.0,6224.0
meta.imbalanced.RebalanceStream -l (trees.HoeffdingTree -e 2000000 -g 100 -c 0.01),ArffFileStream -f ./../../../Dataset/Synthetic_IM40/stream_gen_agrawal.arff,1,13500.0,0.4375,6.528312547339333E-10,13500.0,0.932,0.9421052631578948,0.9421052631578947,0.8596896665566194,0.9411638931048144,0.9235799336326371,0.9421052631578948,0.62,0.38,13500.0,6224.0
meta.imbalanced.RebalanceStream -l (trees.HoeffdingTree -e 2000000 -g 100 -c 0.01),ArffFileStream -f ./../../../Dataset/Synthetic_IM40/stream_gen_agrawal.arff,1,14000.0,0.4375,6.528312547339333E-10,14000.0,0.92,0.932122564935065,0.932122564935065,0.8363553053610002,0.9306568428217294,0.9126671403656095,0.932122564935065,0.616,0.384,14000.0,6224.0
meta.imbalanced.RebalanceStream -l (trees.HoeffdingTree -e 2000000 -g 100 -c 0.01),ArffFileStream -f ./../../../Dataset/Synthetic_IM40/stream_gen_agrawal.arff,1,14500.0,0.453125,6.779898992843098E-10,14500.0,0.91,0.9195272319110084,0.9195272319110084,0.8165780806730362,0.9184284114800607,0.9037990196078431,0.9195272319110084,0.606,0.394,14500.0,6224.0
meta.imbalanced.RebalanceStream -l (trees.HoeffdingTree -e 2000000 -g 100 -c 0.01),ArffFileStream -f ./../../../Dataset/Synthetic_IM40/stream_gen_agrawal.arff,1,15000.0,0.453125,6.779898992843098E-10,15000.0,0.928,0.9369038155802862,0.9369038155802862,0.8542840489605595,0.9356533216500572,0.9238480817428185,0.9369038155802862,0.592,0.408,15000.0,6224.0
meta.imbalanced.RebalanceStream -l (trees.HoeffdingTree -e 2000000 -g 100 -c 0.01),ArffFileStream -f ./../../../Dataset/Synthetic_IM40/stream_gen_agrawal.arff,1,15500.0,0.46875,7.031485438346863E-10,15500.0,0.924,0.9318683523981537,0.9318683523981537,0.8446392359521162,0.9311002211977556,0.9177018633540373,0.9318683523981537,0.604,0.396,15500.0,6224.0
meta.imbalanced.RebalanceStream -l (trees.HoeffdingTree -e 2000000 -g 100 -c 0.01),ArffFileStream -f ./../../../Dataset/Synthetic_IM40/stream_gen_agrawal.arff,1,16000.0,0.46875,7.031485438346863E-10,16000.0,0.938,0.9450992504048481,0.9450992504048481,0.8731006025674614,0.9444583293712839,0.9319949445848726,0.9450992504048481,0.602,0.398,16000.0,6224.0
meta.imbalanced.RebalanceStream -l (trees.HoeffdingTree -e 2000000 -g 100 -c 0.01),ArffFileStream -f ./../../../Dataset/Synthetic_IM40/stream_gen_agrawal.arff,1,16500.0,0.484375,7.283071883850628E-10,16500.0,0.928,0.9367491824666633,0.9367491824666633,0.8513698743249715,0.9360152978602946,0.9197375063099444,0.9367491824666633,0.618,0.382,16500.0,6224.0
meta.imbalanced.RebalanceStream -l (trees.HoeffdingTree -e 2000000 -g 100 -c 0.01),ArffFileStream -f ./../../../Dataset/Synthetic_IM40/stream_gen_agrawal.arff,1,17000.0,0.484375,7.283071883850628E-10,17000.0,0.936,0.9445310013234826,0.9445310013234827,0.8690006386218867,0.9436734121525688,0.9295624160204626,0.9445310013234826,0.606,0.394,17000.0,6224.0
meta.imbalanced.RebalanceStream -l (trees.HoeffdingTree -e 2000000 -g 100 -c 0.01),ArffFileStream -f ./../../../Dataset/Synthetic_IM40/stream_gen_agrawal.arff,1,17500.0,0.484375,7.283071883850628E-10,17500.0,0.928,0.9346184419713832,0.9346184419713832,0.8536299765807962,0.9339260174346443,0.9231811145510835,0.9346184419713832,0.592,0.408,17500.0,6224.0
meta.imbalanced.RebalanceStream -l (trees.HoeffdingTree -e 2000000 -g 100 -c 0.01),ArffFileStream -f ./../../../Dataset/Synthetic_IM40/stream_gen_agrawal.arff,1,18000.0,0.5,7.534658329354392E-10,18000.0,0.928,0.938049006010171,0.938049006010171,0.8549790525298099,0.9363097313836272,0.9251602564102563,0.938049006010171,0.588,0.412,18000.0,6224.0
meta.imbalanced.RebalanceStream -l (trees.HoeffdingTree -e 2000000 -g 100 -c 0.01),ArffFileStream -f ./../../../Dataset/Synthetic_IM40/stream_gen_agrawal.arff,1,18500.0,0.5,7.534658329354392E-10,18500.0,0.93,0.9367465932914046,0.9367465932914046,0.8590573757288748,0.9356944528074723,0.9274836082656022,0.9367465932914046,0.576,0.424,18500.0,6224.0
meta.imbalanced.RebalanceStream -l (trees.HoeffdingTree -e 2000000 -g 100 -c 0.01),ArffFileStream -f ./../../../Dataset/Synthetic_IM40/stream_gen_agrawal.arff,1,19000.0,0.5,7.534658329354392E-10,19000.0,0.932,0.9437086092715232,0.9437086092715232,0.86193229809629,0.9420282472107969,0.9267241379310345,0.9437086092715232,0.604,0.396,19000.0,6224.0
meta.imbalanced.RebalanceStream -l (trees.HoeffdingTree -e 2000000 -g 100 -c 0.01),ArffFileStream -f ./../../../Dataset/Synthetic_IM40/stream_gen_agrawal.arff,1,19500.0,0.515625,7.786244774858157E-10,19500.0,0.918,0.9269523060796645,0.9269523060796646,0.8357003173788992,0.9250793212066244,0.9171480693219823,0.9269523060796645,0.576,0.424,19500.0,6224.0
meta.imbalanced.RebalanceStream -l (trees.HoeffdingTree -e 2000000 -g 100 -c 0.01),ArffFileStream -f ./../../../Dataset/Synthetic_IM40/stream_gen_agrawal.arff,1,20000.0,0.515625,7.786244774858157E-10,20000.0,0.936,0.9409325038464111,0.9409325038464113,0.868273727194889,0.9406336294529608,0.9298056859676578,0.9409325038464111,0.604,0.396,20000.0,6224.0
meta.imbalanced.RebalanceStream -l (trees.HoeffdingTree -e 2000000 -g 100 -c 0.01),ArffFileStream -f ./../../../Dataset/Synthetic_IM40/stream_gen_agrawal.arff,1,20500.0,0.515625,7.786244774858157E-10,20500.0,0.916,0.9246156142707866,0.9246156142707868,0.8298244761024943,0.9234792108184422,0.9115108260597,0.9246156142707866,0.594,0.406,20500.0,6392.0
meta.imbalanced.RebalanceStream -l (trees.HoeffdingTree -e 2000000 -g 100 -c 0.01),ArffFileStream -f ./../../../Dataset/Synthetic_IM40/stream_gen_agrawal.arff,1,21000.0,0.53125,8.04462211413516E-10,21000.0,0.938,0.9434602212855637,0.9434602212855637,0.8742250641046447,0.9429002351945998,0.9340063487971124,0.9434602212855637,0.584,0.416,21000.0,6392.0
meta.imbalanced.RebalanceStream -l (trees.HoeffdingTree -e 2000000 -g 100 -c 0.01),ArffFileStream -f ./../../../Dataset/Synthetic_IM40/stream_gen_agrawal.arff,1,21500.0,0.53125,8.04462211413516E-10,21500.0,0.94,0.9449408476014576,0.9449408476014576,0.8770108722388941,0.9446045425076846,0.9345293228684248,0.9449408476014576,0.598,0.402,21500.0,6392.0
meta.imbalanced.RebalanceStream -l (trees.HoeffdingTree -e 2000000 -g 100 -c 0.01),ArffFileStream -f ./../../../Dataset/Synthetic_IM40/stream_gen_agrawal.arff,1,22000.0,0.546875,8.302999453412162E-10,22000.0,0.932,0.9410893045310853,0.9410893045310854,0.8630798969072165,0.939532832929078,0.9293269230769231,0.9410893045310853,0.584,0.416,22000.0,6392.0
meta.imbalanced.RebalanceStream -l (trees.HoeffdingTree -e 2000000 -g 100 -c 0.01),ArffFileStream -f ./../../../Dataset/Synthetic_IM40/stream_gen_agrawal.arff,1,22500.0,0.546875,8.302999453412162E-10,22500.0,0.934,0.944588430437487,0.9445884304374871,0.8618368167202572,0.9437859447988374,0.9230750258965126,0.944588430437487,0.636,0.364,22500.0,6392.0
meta.imbalanced.RebalanceStream -l (trees.HoeffdingTree -e 2000000 -g 100 -c 0.01),ArffFileStream -f ./../../../Dataset/Synthetic_IM40/stream_gen_agrawal.arff,1,23000.0,0.546875,8.302999453412162E-10,23000.0,0.912,0.9233903020667726,0.9233903020667726,0.8229575741968712,0.9213129585366568,0.909475302709975,0.9233903020667726,0.592,0.408,23000.0,6392.0
meta.imbalanced.RebalanceStream -l (trees.HoeffdingTree -e 2000000 -g 100 -c 0.01),ArffFileStream -f ./../../../Dataset/Synthetic_IM40/stream_gen_agrawal.arff,1,23500.0,0.5625,8.561376792689165E-10,23500.0,0.93,0.9354757291039064,0.9354757291039065,0.8594061314994537,0.9345555186068154,0.9283266064449996,0.9354757291039064,0.566,0.434,23500.0,6392.0
meta.imbalanced.RebalanceStream -l (trees.HoeffdingTree -e 2000000 -g 100 -c 0.01),ArffFileStream -f ./../../../Dataset/Synthetic_IM40/stream_gen_agrawal.arff,1,24000.0,0.5625,8.561376792689165E-10,24000.0,0.95,0.9543231611893583,0.9543231611893583,0.8991772866591385,0.9537935951882998,0.9475311120032115,0.9543231611893583,0.568,0.432,24000.0,6392.0
meta.imbalanced.RebalanceStream -l (trees.HoeffdingTree -e 2000000 -g 100 -c 0.01),ArffFileStream -f ./../../../Dataset/Synthetic_IM40/stream_gen_agrawal.arff,1,24500.0,0.5625,8.561376792689165E-10,24500.0,0.95,0.9560349157415264,0.9560349157415265,0.8939095600217273,0.9557848366900671,0.9403471804134056,0.9560349157415264,0.638,0.362,24500.0,6392.0
meta.imbalanced.RebalanceStream -l (trees.HoeffdingTree -e 2000000 -g 100 -c 0.01),ArffFileStream -f ./../../../Dataset/Synthetic_IM40/stream_gen_agrawal.arff,1,25000.0,0.5625,8.561376792689165E-10,25000.0,0.93,0.9353354978354979,0.9353354978354979,0.8547428533483847,0.9350527220823396,0.9221781268961446,0.9353354978354979,0.616,0.384,25000.0,6392.0
meta.imbalanced.RebalanceStream -l (trees.HoeffdingTree -e 2000000 -g 100 -c 0.01),ArffFileStream -f ./../../../Dataset/Synthetic_IM40/stream_gen_agrawal.arff,1,25500.0,0.578125,8.819754131966167E-10,25500.0,0.932,0.9442998349750761,0.9442998349750761,0.8600385305692315,0.9429533895950934,0.9235472518204966,0.9442998349750761,0.622,0.378,25500.0,6392.0
meta.imbalanced.RebalanceStream -l (trees.HoeffdingTree -e 2000000 -g 100 -c 0.01),ArffFileStream -f ./../../../Dataset/Synthetic_IM40/stream_gen_agrawal.arff,1,26000.0,0.578125,8.819754131966167E-10,26000.0,0.918,0.9320098140852857,0.9320098140852858,0.8298924588422729,0.9305854912663286,0.9071420429564736,0.9320098140852857,0.636,0.364,26000.0,6392.0
meta.imbalanced.RebalanceStream -l (trees.HoeffdingTree -e 2000000 -g 100 -c 0.01),ArffFileStream -f ./../../../Dataset/Synthetic_IM40/stream_gen_agrawal.arff,1,26500.0,0.59375,9.07813147124317E-10,26500.0,0.93,0.9360902255639099,0.9360902255639098,0.855891169010837,0.935665498355064,0.9231163798016642,0.9360902255639099,0.608,0.392,26500.0,6392.0
meta.imbalanced.RebalanceStream -l (trees.HoeffdingTree -e 2000000 -g 100 -c 0.01),ArffFileStream -f ./../../../Dataset/Synthetic_IM40/stream_gen_agrawal.arff,1,27000.0,0.609375,9.336508810520172E-10,27000.0,0.932,0.9405974728930719,0.940597472893072,0.857428001140576,0.9400502495814352,0.9214192676130649,0.9405974728930719,0.634,0.366,27000.0,6392.0
meta.imbalanced.RebalanceStream -l (trees.HoeffdingTree -e 2000000 -g 100 -c 0.01),ArffFileStream -f ./../../../Dataset/Synthetic_IM40/stream_gen_agrawal.arff,1,27500.0,0.609375,9.336508810520172E-10,27500.0,0.932,0.9427013890060927,0.9427013890060927,0.8605665917553846,0.9415322238554386,0.924641012772984,0.9427013890060927,0.614,0.386,27500.0,6392.0
meta.imbalanced.RebalanceStream -l (trees.HoeffdingTree -e 2000000 -g 100 -c 0.01),ArffFileStream -f ./../../../Dataset/Synthetic_IM40/stream_gen_agrawal.arff,1,28000.0,0.609375,9.336508810520172E-10,28000.0,0.924,0.933471343428104,0.9334713434281039,0.8453499161633756,0.9323160277031132,0.918384118339,0.933471343428104,0.602,0.398,28000.0,6392.0
meta.imbalanced.RebalanceStream -l (trees.HoeffdingTree -e 2000000 -g 100 -c 0.01),ArffFileStream -f ./../../../Dataset/Synthetic_IM40/stream_gen_agrawal.arff,1,28500.0,0.609375,9.336508810520172E-10,28500.0,0.924,0.9303844563869368,0.9303844563869368,0.8456664771342701,0.9297081113904961,0.9193992813290579,0.9303844563869368,0.59,0.41,28500.0,6392.0
meta.imbalanced.RebalanceStream -l (trees.HoeffdingTree -e 2000000 -g 100 -c 0.01),ArffFileStream -f ./../../../Dataset/Synthetic_IM40/stream_gen_agrawal.arff,1,29000.0,0.609375,9.336508810520172E-10,29000.0,0.924,0.9333333333333333,0.9333333333333333,0.8455284552845529,0.932165936587115,0.9186795491143317,0.9333333333333333,0.6,0.4,29000.0,6392.0
meta.imbalanced.RebalanceStream -l (trees.HoeffdingTree -e 2000000 -g 100 -c 0.01),ArffFileStream -f ./../../../Dataset/Synthetic_IM40/stream_gen_agrawal.arff,1,29500.0,0.609375,9.336508810520172E-10,29500.0,0.932,0.9455134311297391,0.945513431129739,0.8582080838073631,0.9442448833301561,0.92079305098886,0.9455134311297391,0.638,0.362,29500.0,6392.0
meta.imbalanced.RebalanceStream -l (trees.HoeffdingTree -e 2000000 -g 100 -c 0.01),ArffFileStream -f ./../../../Dataset/Synthetic_IM40/stream_gen_agrawal.arff,1,30000.0,0.625,9.594886149797174E-10,30000.0,0.922,0.9325980392156863,0.9325980392156863,0.8427267154885957,0.930817688179297,0.9187627246348932,0.9325980392156863,0.592,0.408,30000.0,6392.0
meta.imbalanced.RebalanceStream -l (trees.HoeffdingTree -e 2000000 -g 100 -c 0.01),ArffFileStream -f ./../../../Dataset/Synthetic_IM40/stream_gen_agrawal.arff,1,30500.0,0.625,9.594886149797174E-10,30500.0,0.93,0.938445638693675,0.938445638693675,0.8583684040142441,0.937271951042402,0.9259848338795708,0.938445638693675,0.59,0.41,30500.0,6392.0
meta.imbalanced.RebalanceStream -l (trees.HoeffdingTree -e 2000000 -g 100 -c 0.01),ArffFileStream -f ./../../../Dataset/Synthetic_IM40/stream_gen_agrawal.arff,1,31000.0,0.625,9.594886149797174E-10,31000.0,0.922,0.933151965922894,0.9331519659228938,0.842268741708998,0.9314157146684503,0.9178222907036466,0.933151965922894,0.598,0.402,31000.0,6392.0
meta.imbalanced.RebalanceStream -l (trees.HoeffdingTree -e 2000000 -g 100 -c 0.01),ArffFileStream -f ./../../../Dataset/Synthetic_IM40/stream_gen_agrawal.arff,1,31500.0,0.640625,9.853263489074177E-10,31500.0,0.94,0.9482638888888888,0.9482638888888889,0.8731822793371661,0.947804480540862,0.9289321549604626,0.9482638888888888,0.64,0.36,31500.0,6392.0
meta.imbalanced.RebalanceStream -l (trees.HoeffdingTree -e 2000000 -g 100 -c 0.01),ArffFileStream -f ./../../../Dataset/Synthetic_IM40/stream_gen_agrawal.arff,1,32000.0,0.640625,9.853263489074177E-10,32000.0,0.934,0.9421057869333731,0.9421057869333731,0.8659844054580896,0.9411186609456833,0.9292270531400966,0.9421057869333731,0.594,0.406,32000.0,6392.0
meta.imbalanced.RebalanceStream -l (trees.HoeffdingTree -e 2000000 -g 100 -c 0.01),ArffFileStream -f ./../../../Dataset/Synthetic_IM40/stream_gen_agrawal.arff,1,32500.0,0.640625,9.853263489074177E-10,32500.0,0.93,0.9400798018712163,0.9400798018712162,0.8539865834529253,0.939304125380045,0.9196198691352762,0.9400798018712163,0.632,0.368,32500.0,6392.0
meta.imbalanced.RebalanceStream -l (trees.HoeffdingTree -e 2000000 -g 100 -c 0.01),ArffFileStream -f ./../../../Dataset/Synthetic_IM40/stream_gen_agrawal.arff,1,33000.0,0.65625,1.011164082835118E-9,33000.0,0.934,0.9431854107389475,0.9431854107389473,0.8658972691807543,0.942020409874353,0.9289049919484702,0.9431854107389475,0.598,0.402,33000.0,6392.0
meta.imbalanced.RebalanceStream -l (trees.HoeffdingTree -e 2000000 -g 100 -c 0.01),ArffFileStream -f ./../../../Dataset/Synthetic_IM40/stream_gen_agrawal.arff,1,33500.0,0.65625,1.011164082835118E-9,33500.0,0.926,0.9330695346320346,0.9330695346320347,0.8470315859103688,0.932571823307838,0.917951856385149,0.9330695346320346,0.616,0.384,33500.0,6392.0
meta.imbalanced.RebalanceStream -l (trees.HoeffdingTree -e 2000000 -g 100 -c 0.01),ArffFileStream -f ./../../../Dataset/Synthetic_IM40/stream_gen_agrawal.arff,1,34000.0,0.65625,1.011164082835118E-9,34000.0,0.928,0.9362879453896675,0.9362879453896675,0.8490414129723746,0.9357770838088451,0.9172973240342286,0.9362879453896675,0.634,0.366,34000.0,6392.0
meta.imbalanced.RebalanceStream -l (trees.HoeffdingTree -e 2000000 -g 100 -c 0.01),ArffFileStream -f ./../../../Dataset/Synthetic_IM40/stream_gen_agrawal.arff,1,34500.0,0.65625,1.011164082835118E-9,34500.0,0.926,0.9353717801993664,0.9353717801993663,0.8501975772494655,0.9340424804011731,0.9217113296060664,0.9353717801993664,0.594,0.406,34500.0,6392.0
meta.imbalanced.RebalanceStream -l (trees.HoeffdingTree -e 2000000 -g 100 -c 0.01),ArffFileStream -f ./../../../Dataset/Synthetic_IM40/stream_gen_agrawal.arff,1,35000.0,0.671875,1.0370018167628182E-9,35000.0,0.938,0.9441386901485966,0.9441386901485966,0.8695242264049294,0.9438523095105555,0.9283226352191869,0.9441386901485966,0.632,0.368,35000.0,6392.0
meta.imbalanced.RebalanceStream -l (trees.HoeffdingTree -e 2000000 -g 100 -c 0.01),ArffFileStream -f ./../../../Dataset/Synthetic_IM40/stream_gen_agrawal.arff,1,35500.0,0.671875,1.0370018167628182E-9,35500.0,0.912,0.9300898531667763,0.9300898531667763,0.810671256454389,0.928668959049972,0.8925000000000001,0.9300898531667763,0.676,0.324,35500.0,6392.0
meta.imbalanced.RebalanceStream -l (trees.HoeffdingTree -e 2000000 -g 100 -c 0.01),ArffFileStream -f ./../../../Dataset/Synthetic_IM40/stream_gen_agrawal.arff,1,36000.0,0.671875,1.0370018167628182E-9,36000.0,0.956,0.9627035246279749,0.9627035246279749,0.9078186541523506,0.9623359329240979,0.9478296816866474,0.9627035246279749,0.626,0.374,36000.0,6392.0
meta.imbalanced.RebalanceStream -l (trees.HoeffdingTree -e 2000000 -g 100 -c 0.01),ArffFileStream -f ./../../../Dataset/Synthetic_IM40/stream_gen_agrawal.arff,1,36500.0,0.671875,1.0370018167628182E-9,36500.0,0.924,0.9376910016977928,0.9376910016977928,0.8444153291844088,0.9359541584699624,0.9163167754021058,0.9376910016977928,0.62,0.38,36500.0,6392.0
meta.imbalanced.RebalanceStream -l (trees.HoeffdingTree -e 2000000 -g 100 -c 0.01),ArffFileStream -f ./../../../Dataset/Synthetic_IM40/stream_gen_agrawal.arff,1,37000.0,0.6875,1.0628395506905185E-9,37000.0,0.92,0.9322760466968265,0.9322760466968264,0.8361327324866857,0.9308237446802247,0.9123232323232324,0.9322760466968265,0.618,0.382,37000.0,6392.0
meta.imbalanced.RebalanceStream -l (trees.HoeffdingTree -e 2000000 -g 100 -c 0.01),ArffFileStream -f ./../../../Dataset/Synthetic_IM40/stream_gen_agrawal.arff,1,37500.0,0.6875,1.0628395506905185E-9,37500.0,0.938,0.9465298923442986,0.9465298923442985,0.8738237113737749,0.9455288779210704,0.9327270381836945,0.9465298923442986,0.598,0.402,37500.0,6392.0
meta.imbalanced.RebalanceStream -l (trees.HoeffdingTree -e 2000000 -g 100 -c 0.01),ArffFileStream -f ./../../../Dataset/Synthetic_IM40/stream_gen_agrawal.arff,1,38000.0,0.6875,1.0628395506905185E-9,38000.0,0.936,0.9453310696095076,0.9453310696095076,0.8676811114786636,0.9445312165382784,0.9275886802295252,0.9453310696095076,0.62,0.38,38000.0,6392.0
meta.imbalanced.RebalanceStream -l (trees.HoeffdingTree -e 2000000 -g 100 -c 0.01),ArffFileStream -f ./../../../Dataset/Synthetic_IM40/stream_gen_agrawal.arff,1,38500.0,0.6875,1.0628395506905185E-9,38500.0,0.918,0.9271982325105934,0.9271982325105934,0.8348638633800548,0.9256547172784557,0.9152243589743589,0.9271982325105934,0.586,0.414,38500.0,6392.0
meta.imbalanced.RebalanceStream -l (trees.HoeffdingTree -e 2000000 -g 100 -c 0.01),ArffFileStream -f ./../../../Dataset/Synthetic_IM40/stream_gen_agrawal.arff,1,39000.0,0.703125,1.0886772846182187E-9,39000.0,0.924,0.9288888888888889,0.9288888888888889,0.8481821813823411,0.9276014469827246,0.9246611512057736,0.9288888888888889,0.55,0.45,39000.0,6392.0
meta.imbalanced.RebalanceStream -l (trees.HoeffdingTree -e 2000000 -g 100 -c 0.01),ArffFileStream -f ./../../../Dataset/Synthetic_IM40/stream_gen_agrawal.arff,1,39500.0,0.71875,1.114515018545919E-9,39500.0,0.944,0.9484872196139802,0.9484872196139802,0.8871404617567393,0.9479131734789202,0.9415767847971238,0.9484872196139802,0.568,0.432,39500.0,6392.0
meta.imbalanced.RebalanceStream -l (trees.HoeffdingTree -e 2000000 -g 100 -c 0.01),ArffFileStream -f ./../../../Dataset/Synthetic_IM40/stream_gen_agrawal.arff,1,40000.0,0.71875,1.114515018545919E-9,40000.0,0.95,0.9578579685379706,0.9578579685379706,0.8973895912001313,0.9571405370894392,0.9436688311688312,0.9578579685379706,0.606,0.394,40000.0,6392.0
meta.imbalanced.RebalanceStream -l (trees.HoeffdingTree -e 2000000 -g 100 -c 0.01),ArffFileStream -f ./../../../Dataset/Synthetic_IM40/stream_gen_agrawal.arff,1,40500.0,0.71875,1.114515018545919E-9,40500.0,0.95,0.9541077044025157,0.9541077044025158,0.8987066869793524,0.9537249052890218,0.9467683978149826,0.9541077044025157,0.576,0.424,40500.0,6392.0
meta.imbalanced.RebalanceStream -l (trees.HoeffdingTree -e 2000000 -g 100 -c 0.01),ArffFileStream -f ./../../../Dataset/Synthetic_IM40/stream_gen_agrawal.arff,1,41000.0,0.734375,1.141031841850943E-9,41000.0,0.926,0.9355763646922184,0.9355763646922184,0.8384392356865896,0.9351621062278488,0.9083431157386141,0.9355763646922184,0.672,0.328,41000.0,6560.0
meta.imbalanced.RebalanceStream -l (trees.HoeffdingTree -e 2000000 -g 100 -c 0.01),ArffFileStream -f ./../../../Dataset/Synthetic_IM40/stream_gen_agrawal.arff,1,41500.0,0.734375,1.141031841850943E-9,41500.0,0.922,0.9286965406509999,0.9286965406509999,0.8442889996167113,0.9269005612340505,0.9230362972921068,0.9286965406509999,0.558,0.442,41500.0,6560.0
meta.imbalanced.RebalanceStream -l (trees.HoeffdingTree -e 2000000 -g 100 -c 0.01),ArffFileStream -f ./../../../Dataset/Synthetic_IM40/stream_gen_agrawal.arff,1,42000.0,0.734375,1.141031841850943E-9,42000.0,0.916,0.9289172572079543,0.9289172572079543,0.8298355076574021,0.9269167977560369,0.9111200321156162,0.9289172572079543,0.606,0.394,42000.0,6560.0
meta.imbalanced.RebalanceStream -l (trees.HoeffdingTree -e 2000000 -g 100 -c 0.01),ArffFileStream -f ./../../../Dataset/Synthetic_IM40/stream_gen_agrawal.arff,1,42500.0,0.75,1.167548665155967E-9,42500.0,0.924,0.928389858853435,0.928389858853435,0.8435750510439307,0.9281499367941122,0.9175795513823684,0.928389858853435,0.604,0.396,42500.0,6560.0
meta.imbalanced.RebalanceStream -l (trees.HoeffdingTree -e 2000000 -g 100 -c 0.01),ArffFileStream -f ./../../../Dataset/Synthetic_IM40/stream_gen_agrawal.arff,1,43000.0,0.75,1.167548665155967E-9,43000.0,0.946,0.9501181082575263,0.9501181082575262,0.888403928181728,0.9499195163278983,0.9400550314465408,0.9501181082575263,0.606,0.394,43000.0,6560.0
meta.imbalanced.RebalanceStream -l (trees.HoeffdingTree -e 2000000 -g 100 -c 0.01),ArffFileStream -f ./../../../Dataset/Synthetic_IM40/stream_gen_agrawal.arff,1,43500.0,0.765625,1.1940654884609911E-9,43500.0,0.944,0.9539149654536279,0.9539149654536278,0.8816828085120768,0.9532758908274082,0.9325935877660017,0.9539149654536279,0.642,0.358,43500.0,6560.0
meta.imbalanced.RebalanceStream -l (trees.HoeffdingTree -e 2000000 -g 100 -c 0.01),ArffFileStream -f ./../../../Dataset/Synthetic_IM40/stream_gen_agrawal.arff,1,44000.0,0.765625,1.1940654884609911E-9,44000.0,0.936,0.9417031566564277,0.9417031566564277,0.871109106141651,0.9408699480098377,0.9335428828019757,0.9417031566564277,0.572,0.428,44000.0,6560.0
meta.imbalanced.RebalanceStream -l (trees.HoeffdingTree -e 2000000 -g 100 -c 0.01),ArffFileStream -f ./../../../Dataset/Synthetic_IM40/stream_gen_agrawal.arff,1,44500.0,0.78125,1.2205823117660152E-9,44500.0,0.93,0.9331533192834562,0.9331533192834562,0.8574128996512727,0.9329645295979274,0.9258956468245617,0.9331533192834562,0.584,0.416,44500.0,6560.0
meta.imbalanced.RebalanceStream -l (trees.HoeffdingTree -e 2000000 -g 100 -c 0.01),ArffFileStream -f ./../../../Dataset/Synthetic_IM40/stream_gen_agrawal.arff,1,45000.0,0.796875,1.2470991350710392E-9,45000.0,0.934,0.932342418096981,0.9323424180969812,0.8640722311925396,0.9322926100789044,0.9317373551106427,0.932342418096981,0.586,0.414,45000.0,6560.0
meta.imbalanced.RebalanceStream -l (trees.HoeffdingTree -e 2000000 -g 100 -c 0.01),ArffFileStream -f ./../../../Dataset/Synthetic_IM40/stream_gen_agrawal.arff,1,45500.0,0.8125,1.2736159583760633E-9,45500.0,0.94,0.9458789866703887,0.9458789866703886,0.8720398553197297,0.945658691498553,0.92890708915145,0.9458789866703887,0.644,0.356,45500.0,6560.0
meta.imbalanced.RebalanceStream -l (trees.HoeffdingTree -e 2000000 -g 100 -c 0.01),ArffFileStream -f ./../../../Dataset/Synthetic_IM40/stream_gen_agrawal.arff,1,46000.0,0.8125,1.2736159583760633E-9,46000.0,0.96,0.9608000535152853,0.9608000535152853,0.9168163971517934,0.9607923542349747,0.9563129305776364,0.9608000535152853,0.604,0.396,46000.0,6560.0
meta.imbalanced.RebalanceStream -l (trees.HoeffdingTree -e 2000000 -g 100 -c 0.01),ArffFileStream -f ./../../../Dataset/Synthetic_IM40/stream_gen_agrawal.arff,1,46500.0,0.828125,1.3001327816810873E-9,46500.0,0.942,0.9458672098031686,0.9458672098031686,0.8804892522748252,0.9456772251216363,0.9363603686033592,0.9458672098031686,0.602,0.398,46500.0,6560.0
meta.imbalanced.RebalanceStream -l (trees.HoeffdingTree -e 2000000 -g 100 -c 0.01),ArffFileStream -f ./../../../Dataset/Synthetic_IM40/stream_gen_agrawal.arff,1,47000.0,0.828125,1.3001327816810873E-9,47000.0,0.924,0.9218884975745897,0.9218884975745896,0.842433490346978,0.9218229000016073,0.9205749867514573,0.9218884975745897,0.596,0.404,47000.0,6560.0
meta.imbalanced.RebalanceStream -l (trees.HoeffdingTree -e 2000000 -g 100 -c 0.01),ArffFileStream -f ./../../../Dataset/Synthetic_IM40/stream_gen_agrawal.arff,1,47500.0,0.84375,1.3266496049861114E-9,47500.0,0.92,0.915281519510666,0.915281519510666,0.8305630390213321,0.9150631221180748,0.915281519510666,0.915281519510666,0.618,0.382,47500.0,6560.0
meta.imbalanced.RebalanceStream -l (trees.HoeffdingTree -e 2000000 -g 100 -c 0.01),ArffFileStream -f ./../../../Dataset/Synthetic_IM40/stream_gen_agrawal.arff,1,48000.0,0.875,1.3796832515961595E-9,48000.0,0.922,0.9119012521391416,0.9119012521391415,0.8329621380846325,0.9108966999130783,0.9220486111111111,0.9119012521391416,0.618,0.382,48000.0,6560.0
meta.imbalanced.RebalanceStream -l (trees.HoeffdingTree -e 2000000 -g 100 -c 0.01),ArffFileStream -f ./../../../Dataset/Synthetic_IM40/stream_gen_agrawal.arff,1,48500.0,0.890625,1.4062000749011835E-9,48500.0,0.924,0.9149009356081452,0.9149009356081452,0.8354921382558703,0.9142515005588332,0.9208946890920511,0.9149009356081452,0.632,0.368,48500.0,6560.0
meta.imbalanced.RebalanceStream -l (trees.HoeffdingTree -e 2000000 -g 100 -c 0.01),ArffFileStream -f ./../../../Dataset/Synthetic_IM40/stream_gen_agrawal.arff,1,49000.0,0.890625,1.4062000749011835E-9,49000.0,0.924,0.9218024965688517,0.9218024965688517,0.8445985735784859,0.9216761696151715,0.9228249475890986,0.9218024965688517,0.572,0.428,49000.0,6560.0
meta.imbalanced.RebalanceStream -l (trees.HoeffdingTree -e 2000000 -g 100 -c 0.01),ArffFileStream -f ./../../../Dataset/Synthetic_IM40/stream_gen_agrawal.arff,1,49500.0,0.90625,1.4327168982062076E-9,49500.0,0.93,0.9261617732840755,0.9261617732840755,0.85738036249837,0.9255275282356916,0.9324470971242539,0.9261617732840755,0.556,0.444,49500.0,6560.0
meta.imbalanced.RebalanceStream -l (trees.HoeffdingTree -e 2000000 -g 100 -c 0.01),ArffFileStream -f ./../../../Dataset/Synthetic_IM40/stream_gen_agrawal.arff,1,50000.0,0.90625,1.4327168982062076E-9,50000.0,0.92,0.9211822660098523,0.9211822660098522,0.8368678629690048,0.9211526298544042,0.9163961038961039,0.9211822660098523,0.58,0.42,50000.0,6560.0
meta.imbalanced.RebalanceStream -l (trees.HoeffdingTree -e 2000000 -g 100 -c 0.01),ArffFileStream -f ./../../../Dataset/Synthetic_IM40/stream_gen_agrawal.arff,1,50500.0,0.9375,1.4857505448162557E-9,50500.0,0.92,0.9165571935970418,0.9165571935970418,0.8370512799621959,0.9160765385029055,0.9212023811476082,0.9165571935970418,0.558,0.442,50500.0,6560.0
meta.imbalanced.RebalanceStream -l (trees.HoeffdingTree -e 2000000 -g 100 -c 0.01),ArffFileStream -f ./../../../Dataset/Synthetic_IM40/stream_gen_agrawal.arff,1,51000.0,0.9375,1.4857505448162557E-9,51000.0,0.924,0.923172118536357,0.9231721185363568,0.8419511545884075,0.92316353830515,0.919051404345522,0.923172118536357,0.604,0.396,51000.0,6560.0
meta.imbalanced.RebalanceStream -l (trees.HoeffdingTree -e 2000000 -g 100 -c 0.01),ArffFileStream -f ./../../../Dataset/Synthetic_IM40/stream_gen_agrawal.arff,1,51500.0,0.984375,1.5653010147313278E-9,51500.0,0.908,0.9037865494678496,0.9037865494678496,0.8106840069141493,0.9033828782998163,0.9071517155849524,0.9037865494678496,0.578,0.422,51500.0,6560.0
meta.imbalanced.RebalanceStream -l (trees.HoeffdingTree -e 2000000 -g 100 -c 0.01),ArffFileStream -f ./../../../Dataset/Synthetic_IM40/stream_gen_agrawal.arff,1,52000.0,1.0,1.5918178380363519E-9,52000.0,0.908,0.8999999999999999,0.8999999999999999,0.8067226890756303,0.8991106717195608,0.9074702886247878,0.8999999999999999,0.6,0.4,52000.0,6560.0
meta.imbalanced.RebalanceStream -l (trees.HoeffdingTree -e 2000000 -g 100 -c 0.01),ArffFileStream -f ./../../../Dataset/Synthetic_IM40/stream_gen_agrawal.arff,1,52500.0,1.015625,1.618334661341376E-9,52500.0,0.922,0.9195308237861429,0.9195308237861429,0.834650476545806,0.919476920250844,0.9153178849302122,0.9195308237861429,0.624,0.376,52500.0,6560.0
meta.imbalanced.RebalanceStream -l (trees.HoeffdingTree -e 2000000 -g 100 -c 0.01),ArffFileStream -f ./../../../Dataset/Synthetic_IM40/stream_gen_agrawal.arff,1,53000.0,1.015625,1.618334661341376E-9,53000.0,0.912,0.9009478996181124,0.9009478996181124,0.8104624715693708,0.8998450342430838,0.9103217251727267,0.9009478996181124,0.624,0.376,53000.0,6560.0
meta.imbalanced.RebalanceStream -l (trees.HoeffdingTree -e 2000000 -g 100 -c 0.01),ArffFileStream -f ./../../../Dataset/Synthetic_IM40/stream_gen_agrawal.arff,1,53500.0,1.03125,1.6448514846464E-9,53500.0,0.946,0.9517656067804869,0.9517656067804869,0.8849418743394811,0.951549064471063,0.9356538668098818,0.9517656067804869,0.642,0.358,53500.0,6560.0
meta.imbalanced.RebalanceStream -l (trees.HoeffdingTree -e 2000000 -g 100 -c 0.01),ArffFileStream -f ./../../../Dataset/Synthetic_IM40/stream_gen_agrawal.arff,1,54000.0,1.03125,1.6448514846464E-9,54000.0,0.952,0.9490126147546397,0.9490126147546397,0.9006425117573028,0.9488608084237811,0.9517575918665692,0.9490126147546397,0.588,0.412,54000.0,6560.0
meta.imbalanced.RebalanceStream -l (trees.HoeffdingTree -e 2000000 -g 100 -c 0.01),ArffFileStream -f ./../../../Dataset/Synthetic_IM40/stream_gen_agrawal.arff,1,54500.0,1.046875,1.671368307951424E-9,54500.0,0.936,0.934141201264489,0.934141201264489,0.8682824025289779,0.9340756744761372,0.934141201264489,0.934141201264489,0.584,0.416,54500.0,6560.0
meta.imbalanced.RebalanceStream -l (trees.HoeffdingTree -e 2000000 -g 100 -c 0.01),ArffFileStream -f ./../../../Dataset/Synthetic_IM40/stream_gen_agrawal.arff,1,55000.0,1.046875,1.671368307951424E-9,55000.0,0.94,0.9403940886699507,0.9403940886699508,0.8773307163886163,0.9403908630827174,0.937206572769953,0.9403940886699507,0.58,0.42,55000.0,6560.0
meta.imbalanced.RebalanceStream -l (trees.HoeffdingTree -e 2000000 -g 100 -c 0.01),ArffFileStream -f ./../../../Dataset/Synthetic_IM40/stream_gen_agrawal.arff,1,55500.0,1.046875,1.671368307951424E-9,55500.0,0.936,0.9361629881154498,0.93616298811545,0.8652745031997305,0.9361627417907357,0.9296273998260753,0.9361629881154498,0.62,0.38,55500.0,6560.0
meta.imbalanced.RebalanceStream -l (trees.HoeffdingTree -e 2000000 -g 100 -c 0.01),ArffFileStream -f ./../../../Dataset/Synthetic_IM40/stream_gen_agrawal.arff,1,56000.0,1.0625,1.697885131256448E-9,56000.0,0.962,0.9619868637110016,0.9619868637110016,0.9221566699442806,0.961986860207468,0.9602411215259035,0.9619868637110016,0.58,0.42,56000.0,6560.0
meta.imbalanced.RebalanceStream -l (trees.HoeffdingTree -e 2000000 -g 100 -c 0.01),ArffFileStream -f ./../../../Dataset/Synthetic_IM40/stream_gen_agrawal.arff,1,56500.0,1.0625,1.697885131256448E-9,56500.0,0.94,0.9416564667482661,0.941656466748266,0.8782961460446247,0.9415821299200303,0.9373737373737374,0.9416564667482661,0.57,0.43,56500.0,6560.0
meta.imbalanced.RebalanceStream -l (trees.HoeffdingTree -e 2000000 -g 100 -c 0.01),ArffFileStream -f ./../../../Dataset/Synthetic_IM40/stream_gen_agrawal.arff,1,57000.0,1.078125,1.7244019545614721E-9,57000.0,0.956,0.9552901546470678,0.9552901546470678,0.9068159869881233,0.955285724852933,0.95166326306729,0.9552901546470678,0.622,0.378,57000.0,6560.0
meta.imbalanced.RebalanceStream -l (trees.HoeffdingTree -e 2000000 -g 100 -c 0.01),ArffFileStream -f ./../../../Dataset/Synthetic_IM40/stream_gen_agrawal.arff,1,57500.0,1.078125,1.7244019545614721E-9,57500.0,0.948,0.9498820754716981,0.9498820754716981,0.8941988410703822,0.9498013695028208,0.9450709702508264,0.9498820754716981,0.576,0.424,57500.0,6560.0
meta.imbalanced.RebalanceStream -l (trees.HoeffdingTree -e 2000000 -g 100 -c 0.01),ArffFileStream -f ./../../../Dataset/Synthetic_IM40/stream_gen_agrawal.arff,1,58000.0,1.078125,1.7244019545614721E-9,58000.0,0.944,0.9431254976518956,0.9431254976518955,0.8862509953037911,0.9430991291668575,0.9431254976518956,0.9431254976518956,0.562,0.438,58000.0,6560.0
meta.imbalanced.RebalanceStream -l (trees.HoeffdingTree -e 2000000 -g 100 -c 0.01),ArffFileStream -f ./../../../Dataset/Synthetic_IM40/stream_gen_agrawal.arff,1,58500.0,1.078125,1.7244019545614721E-9,58500.0,0.96,0.9578365129835718,0.9578365129835719,0.9170702580773569,0.9577643411201717,0.9592663964383015,0.9578365129835718,0.592,0.408,58500.0,6560.0
meta.imbalanced.RebalanceStream -l (trees.HoeffdingTree -e 2000000 -g 100 -c 0.01),ArffFileStream -f ./../../../Dataset/Synthetic_IM40/stream_gen_agrawal.arff,1,59000.0,1.09375,1.7509187778664962E-9,59000.0,0.944,0.9476033834586466,0.9476033834586466,0.8839907192575406,0.9474565278578491,0.9379310344827586,0.9476033834586466,0.608,0.392,59000.0,6560.0
meta.imbalanced.RebalanceStream -l (trees.HoeffdingTree -e 2000000 -g 100 -c 0.01),ArffFileStream -f ./../../../Dataset/Synthetic_IM40/stream_gen_agrawal.arff,1,59500.0,1.09375,1.7509187778664962E-9,59500.0,0.952,0.9512919613171086,0.9512919613171086,0.8991240605928142,0.9512868925584719,0.9479653549111257,0.9512919613171086,0.614,0.386,59500.0,6560.0
meta.imbalanced.RebalanceStream -l (trees.HoeffdingTree -e 2000000 -g 100 -c 0.01),ArffFileStream -f ./../../../Dataset/Synthetic_IM40/stream_gen_agrawal.arff,1,60000.0,1.09375,1.7509187778664962E-9,60000.0,0.946,0.948339638503573,0.9483396385035728,0.8876498002663116,0.9482800075281539,0.9402780529687603,0.948339638503573,0.61,0.39,60000.0,6560.0
meta.imbalanced.RebalanceStream -l (trees.HoeffdingTree -e 2000000 -g 100 -c 0.01),ArffFileStream -f ./../../../Dataset/Synthetic_IM40/stream_gen_agrawal.arff,1,60500.0,1.109375,1.7774356011715202E-9,60500.0,0.94,0.9416564667482661,0.941656466748266,0.8782961460446247,0.9415821299200303,0.9373737373737374,0.9416564667482661,0.57,0.43,60500.0,6560.0
meta.imbalanced.RebalanceStream -l (trees.HoeffdingTree -e 2000000 -g 100 -c 0.01),ArffFileStream -f ./../../../Dataset/Synthetic_IM40/stream_gen_agrawal.arff,1,61000.0,1.109375,1.7774356011715202E-9,61000.0,0.932,0.9312117503059976,0.9312117503059976,0.8614394001141087,0.9311947288354976,0.9302567943853708,0.9312117503059976,0.57,0.43,61000.0,6560.0
meta.imbalanced.RebalanceStream -l (trees.HoeffdingTree -e 2000000 -g 100 -c 0.01),ArffFileStream -f ./../../../Dataset/Synthetic_IM40/stream_gen_agrawal.arff,1,61500.0,1.109375,1.7774356011715202E-9,61500.0,0.944,0.9429283740987804,0.9429283740987804,0.8825266832248103,0.9429162378502366,0.9397284099270855,0.9429283740987804,0.612,0.388,61500.0,6560.0
meta.imbalanced.RebalanceStream -l (trees.HoeffdingTree -e 2000000 -g 100 -c 0.01),ArffFileStream -f ./../../../Dataset/Synthetic_IM40/stream_gen_agrawal.arff,1,62000.0,1.109375,1.7774356011715202E-9,62000.0,0.958,0.956791148913549,0.956791148913549,0.9128543921386362,0.9567704331612397,0.9560713871058699,0.956791148913549,0.596,0.404,62000.0,6560.0
meta.imbalanced.RebalanceStream -l (trees.HoeffdingTree -e 2000000 -g 100 -c 0.01),ArffFileStream -f ./../../../Dataset/Synthetic_IM40/stream_gen_agrawal.arff,1,62500.0,1.125,1.8039524244765443E-9,62500.0,0.944,0.9412593984962406,0.9412593984962406,0.8825187969924813,0.9411738790875424,0.9412593984962406,0.9412593984962406,0.608,0.392,62500.0,6560.0
meta.imbalanced.RebalanceStream -l (trees.HoeffdingTree -e 2000000 -g 100 -c 0.01),ArffFileStream -f ./../../../Dataset/Synthetic_IM40/stream_gen_agrawal.arff,1,63000.0,1.125,1.8039524244765443E-9,63000.0,0.964,0.9635386523356759,0.9635386523356759,0.9256996615206803,0.9635352434434278,0.9621935334949135,0.9635386523356759,0.59,0.41,63000.0,6560.0
meta.imbalanced.RebalanceStream -l (trees.HoeffdingTree -e 2000000 -g 100 -c 0.01),ArffFileStream -f ./../../../Dataset/Synthetic_IM40/stream_gen_agrawal.arff,1,63500.0,1.125,1.8039524244765443E-9,63500.0,0.958,0.9630730050933786,0.9630730050933786,0.9122073578595318,0.9628410140496524,0.9510128152128979,0.9630730050933786,0.62,0.38,63500.0,6560.0
meta.imbalanced.RebalanceStream -l (trees.HoeffdingTree -e 2000000 -g 100 -c 0.01),ArffFileStream -f ./../../../Dataset/Synthetic_IM40/stream_gen_agrawal.arff,1,64000.0,1.140625,1.8304692477815683E-9,64000.0,0.932,0.9338059037052258,0.9338059037052258,0.8563509768133577,0.933779257900994,0.9237072713893906,0.9338059037052258,0.628,0.372,64000.0,6560.0
meta.imbalanced.RebalanceStream -l (trees.HoeffdingTree -e 2000000 -g 100 -c 0.01),ArffFileStream -f ./../../../Dataset/Synthetic_IM40/stream_gen_agrawal.arff,1,64500.0,1.140625,1.8304692477815683E-9,64500.0,0.96,0.9602987421383649,0.9602987421383649,0.9183113318520455,0.9602967308705964,0.9581377151799687,0.9602987421383649,0.576,0.424,64500.0,6560.0
meta.imbalanced.RebalanceStream -l (trees.HoeffdingTree -e 2000000 -g 100 -c 0.01),ArffFileStream -f ./../../../Dataset/Synthetic_IM40/stream_gen_agrawal.arff,1,65000.0,1.140625,1.8304692477815683E-9,65000.0,0.946,0.9458333333333333,0.9458333333333334,0.8879668049792531,0.9458329662260667,0.9423315419594874,0.9458333333333333,0.6,0.4,65000.0,6560.0
meta.imbalanced.RebalanceStream -l (trees.HoeffdingTree -e 2000000 -g 100 -c 0.01),ArffFileStream -f ./../../../Dataset/Synthetic_IM40/stream_gen_agrawal.arff,1,65500.0,1.15625,1.8569860710865924E-9,65500.0,0.954,0.955084634991177,0.955084634991177,0.906437125748503,0.9550549335763979,0.9517264308535656,0.955084634991177,0.572,0.428,65500.0,6560.0
meta.imbalanced.RebalanceStream -l (trees.HoeffdingTree -e 2000000 -g 100 -c 0.01),ArffFileStream -f ./../../../Dataset/Synthetic_IM40/stream_gen_agrawal.arff,1,66000.0,1.15625,1.8569860710865924E-9,66000.0,0.962,0.9625390391388131,0.9625390391388131,0.9214044609173341,0.962534944734582,0.9590691002621556,0.9625390391388131,0.596,0.404,66000.0,6560.0
meta.imbalanced.RebalanceStream -l (trees.HoeffdingTree -e 2000000 -g 100 -c 0.01),ArffFileStream -f ./../../../Dataset/Synthetic_IM40/stream_gen_agrawal.arff,1,66500.0,1.15625,1.8569860710865924E-9,66500.0,0.956,0.9562793427230047,0.9562793427230046,0.9105400130123618,0.9562771368391668,0.9543831168831169,0.9562793427230047,0.568,0.432,66500.0,6560.0
meta.imbalanced.RebalanceStream -l (trees.HoeffdingTree -e 2000000 -g 100 -c 0.01),ArffFileStream -f ./../../../Dataset/Synthetic_IM40/stream_gen_agrawal.arff,1,67000.0,1.15625,1.8569860710865924E-9,67000.0,0.954,0.9585459183673469,0.9585459183673469,0.9047918667417293,0.9583148474999099,0.948055888092622,0.9585459183673469,0.608,0.392,67000.0,6560.0
meta.imbalanced.RebalanceStream -l (trees.HoeffdingTree -e 2000000 -g 100 -c 0.01),ArffFileStream -f ./../../../Dataset/Synthetic_IM40/stream_gen_agrawal.arff,1,67500.0,1.171875,1.8835028943916162E-9,67500.0,0.954,0.9512453630100689,0.9512453630100689,0.9045579789529595,0.9511275488610546,0.9533852476746701,0.9512453630100689,0.592,0.408,67500.0,6560.0
meta.imbalanced.RebalanceStream -l (trees.HoeffdingTree -e 2000000 -g 100 -c 0.01),ArffFileStream -f ./../../../Dataset/Synthetic_IM40/stream_gen_agrawal.arff,1,68000.0,1.171875,1.8835028943916162E-9,68000.0,0.938,0.9362224842767295,0.9362224842767295,0.8729882985348586,0.9361494464899939,0.9367733154036636,0.9362224842767295,0.576,0.424,68000.0,6560.0
meta.imbalanced.RebalanceStream -l (trees.HoeffdingTree -e 2000000 -g 100 -c 0.01),ArffFileStream -f ./../../../Dataset/Synthetic_IM40/stream_gen_agrawal.arff,1,68500.0,1.171875,1.8835028943916162E-9,68500.0,0.958,0.9587922980124459,0.9587922980124459,0.9102257181942545,0.9587877402252422,0.9518675721561969,0.9587922980124459,0.634,0.366,68500.0,6560.0
meta.imbalanced.RebalanceStream -l (trees.HoeffdingTree -e 2000000 -g 100 -c 0.01),ArffFileStream -f ./../../../Dataset/Synthetic_IM40/stream_gen_agrawal.arff,1,69000.0,1.1875,1.9100197176966403E-9,69000.0,0.966,0.9675061877048632,0.9675061877048632,0.9293550531914894,0.9674790886676385,0.9622571310458867,0.9675061877048632,0.604,0.396,69000.0,6560.0
meta.imbalanced.RebalanceStream -l (trees.HoeffdingTree -e 2000000 -g 100 -c 0.01),ArffFileStream -f ./../../../Dataset/Synthetic_IM40/stream_gen_agrawal.arff,1,69500.0,1.203125,1.9365365410016643E-9,69500.0,0.95,0.9525425747290699,0.95254257472907,0.894869638351556,0.9524855758385744,0.9433333333333334,0.9525425747290699,0.622,0.378,69500.0,6560.0
meta.imbalanced.RebalanceStream -l (trees.HoeffdingTree -e 2000000 -g 100 -c 0.01),ArffFileStream -f ./../../../Dataset/Synthetic_IM40/stream_gen_agrawal.arff,1,70000.0,1.203125,1.9365365410016643E-9,70000.0,0.958,0.9576373446415335,0.9576373446415335,0.9100195386144723,0.9576363885757909,0.9526050190943808,0.9576373446415335,0.634,0.366,70000.0,6560.0
meta.imbalanced.RebalanceStream -l (trees.HoeffdingTree -e 2000000 -g 100 -c 0.01),ArffFileStream -f ./../../../Dataset/Synthetic_IM40/stream_gen_agrawal.arff,1,70500.0,1.203125,1.9365365410016643E-9,70500.0,0.954,0.9533915795266923,0.9533915795266923,0.9016656975749906,0.9533887940526711,0.9484935095867572,0.9533915795266923,0.632,0.368,70500.0,6560.0
meta.imbalanced.RebalanceStream -l (trees.HoeffdingTree -e 2000000 -g 100 -c 0.01),ArffFileStream -f ./../../../Dataset/Synthetic_IM40/stream_gen_agrawal.arff,1,71000.0,1.21875,1.9630533643066884E-9,71000.0,0.94,0.9425038950595568,0.9425038950595567,0.8756775573126461,0.9424298894864684,0.934296848024466,0.9425038950595568,0.606,0.394,71000.0,6560.0
meta.imbalanced.RebalanceStream -l (trees.HoeffdingTree -e 2000000 -g 100 -c 0.01),ArffFileStream -f ./../../../Dataset/Synthetic_IM40/stream_gen_agrawal.arff,1,71500.0,1.234375,1.9895701876117124E-9,71500.0,0.944,0.940057021916706,0.9400570219167059,0.8778721845176823,0.9399600331952832,0.9378513374754173,0.940057021916706,0.646,0.354,71500.0,6560.0
meta.imbalanced.RebalanceStream -l (trees.HoeffdingTree -e 2000000 -g 100 -c 0.01),ArffFileStream -f ./../../../Dataset/Synthetic_IM40/stream_gen_agrawal.arff,1,72000.0,1.234375,1.9895701876117124E-9,72000.0,0.946,0.9436571271326362,0.9436571271326362,0.8843029035686126,0.9436153964994064,0.9407237190548599,0.9436571271326362,0.632,0.368,72000.0,6560.0
meta.imbalanced.RebalanceStream -l (trees.HoeffdingTree -e 2000000 -g 100 -c 0.01),ArffFileStream -f ./../../../Dataset/Synthetic_IM40/stream_gen_agrawal.arff,1,72500.0,1.234375,1.9895701876117124E-9,72500.0,0.948,0.9465181617499498,0.9465181617499498,0.8914858096828047,0.9464913501867444,0.9450000000000001,0.9465181617499498,0.604,0.396,72500.0,6560.0
meta.imbalanced.RebalanceStream -l (trees.HoeffdingTree -e 2000000 -g 100 -c 0.01),ArffFileStream -f ./../../../Dataset/Synthetic_IM40/stream_gen_agrawal.arff,1,73000.0,1.234375,1.9895701876117124E-9,73000.0,0.922,0.9248768472906403,0.9248768472906405,0.8414634146341463,0.9247020555971613,0.9181818181818182,0.9248768472906403,0.58,0.42,73000.0,6560.0
meta.imbalanced.RebalanceStream -l (trees.HoeffdingTree -e 2000000 -g 100 -c 0.01),ArffFileStream -f ./../../../Dataset/Synthetic_IM40/stream_gen_agrawal.arff,1,73500.0,1.25,2.0160870109167365E-9,73500.0,0.938,0.9375194254960659,0.9375194254960658,0.8734528591489501,0.9375138022245514,0.9360002608242044,0.9375194254960659,0.574,0.426,73500.0,6560.0
meta.imbalanced.RebalanceStream -l (trees.HoeffdingTree -e 2000000 -g 100 -c 0.01),ArffFileStream -f ./../../../Dataset/Synthetic_IM40/stream_gen_agrawal.arff,1,74000.0,1.25,2.0160870109167365E-9,74000.0,0.948,0.9441666666666667,0.9441666666666667,0.8913043478260869,0.943972104107602,0.9472677228786252,0.9441666666666667,0.6,0.4,74000.0,6560.0
meta.imbalanced.RebalanceStream -l (trees.HoeffdingTree -e 2000000 -g 100 -c 0.01),ArffFileStream -f ./../../../Dataset/Synthetic_IM40/stream_gen_agrawal.arff,1,74500.0,1.25,2.0160870109167365E-9,74500.0,0.938,0.9354464758876524,0.9354464758876524,0.8715568961516789,0.9353435275733707,0.9361181602560913,0.9354464758876524,0.592,0.408,74500.0,6560.0
meta.imbalanced.RebalanceStream -l (trees.HoeffdingTree -e 2000000 -g 100 -c 0.01),ArffFileStream -f ./../../../Dataset/Synthetic_IM40/stream_gen_agrawal.arff,1,75000.0,1.265625,2.0426038342217605E-9,75000.0,0.952,0.9511368334022323,0.9511368334022323,0.9009328820275737,0.951124744857954,0.9498277027584047,0.9511368334022323,0.59,0.41,75000.0,6560.0
meta.imbalanced.RebalanceStream -l (trees.HoeffdingTree -e 2000000 -g 100 -c 0.01),ArffFileStream -f ./../../../Dataset/Synthetic_IM40/stream_gen_agrawal.arff,1,75500.0,1.265625,2.0426038342217605E-9,75500.0,0.944,0.9458128078817734,0.9458128078817734,0.8858075040783034,0.9457449431728122,0.9407467532467533,0.9458128078817734,0.58,0.42,75500.0,6560.0
meta.imbalanced.RebalanceStream -l (trees.HoeffdingTree -e 2000000 -g 100 -c 0.01),ArffFileStream -f ./../../../Dataset/Synthetic_IM40/stream_gen_agrawal.arff,1,76000.0,1.265625,2.0426038342217605E-9,76000.0,0.968,0.9672073045180671,0.9672073045180672,0.9326202307757095,0.9672010557427219,0.9654476670870114,0.9672073045180671,0.614,0.386,76000.0,6560.0
meta.imbalanced.RebalanceStream -l (trees.HoeffdingTree -e 2000000 -g 100 -c 0.01),ArffFileStream -f ./../../../Dataset/Synthetic_IM40/stream_gen_agrawal.arff,1,76500.0,1.265625,2.0426038342217605E-9,76500.0,0.96,0.9578869348426655,0.9578869348426656,0.9157738696853311,0.9578404837401813,0.9578869348426655,0.9578869348426655,0.612,0.388,76500.0,6560.0
meta.imbalanced.RebalanceStream -l (trees.HoeffdingTree -e 2000000 -g 100 -c 0.01),ArffFileStream -f ./../../../Dataset/Synthetic_IM40/stream_gen_agrawal.arff,1,77000.0,1.265625,2.0426038342217605E-9,77000.0,0.954,0.9542328393913216,0.9542328393913216,0.9048580316367728,0.9542320687961662,0.950825213104483,0.9542328393913216,0.596,0.404,77000.0,6560.0
meta.imbalanced.RebalanceStream -l (trees.HoeffdingTree -e 2000000 -g 100 -c 0.01),ArffFileStream -f ./../../../Dataset/Synthetic_IM40/stream_gen_agrawal.arff,1,77500.0,1.28125,2.0691206575267846E-9,77500.0,0.94,0.9401222854733291,0.9401222854733291,0.8785916632942129,0.9401216944296835,0.9385858585858586,0.9401222854733291,0.558,0.442,77500.0,6560.0
meta.imbalanced.RebalanceStream -l (trees.HoeffdingTree -e 2000000 -g 100 -c 0.01),ArffFileStream -f ./../../../Dataset/Synthetic_IM40/stream_gen_agrawal.arff,1,78000.0,1.28125,2.0691206575267846E-9,78000.0,0.944,0.9441226063874189,0.9441226063874189,0.8837305871605349,0.9441224150907052,0.9398925175692435,0.9441226063874189,0.602,0.398,78000.0,6560.0
meta.imbalanced.RebalanceStream -l (trees.HoeffdingTree -e 2000000 -g 100 -c 0.01),ArffFileStream -f ./../../../Dataset/Synthetic_IM40/stream_gen_agrawal.arff,1,78500.0,1.28125,2.0691206575267846E-9,78500.0,0.95,0.949441918147995,0.949441918147995,0.8968817026893252,0.9494368557818842,0.9475105374077977,0.949441918147995,0.59,0.41,78500.0,6560.0
meta.imbalanced.RebalanceStream -l (trees.HoeffdingTree -e 2000000 -g 100 -c 0.01),ArffFileStream -f ./../../../Dataset/Synthetic_IM40/stream_gen_agrawal.arff,1,79000.0,1.28125,2.0691206575267846E-9,79000.0,0.938,0.9377318494965554,0.9377318494965553,0.8721417494308246,0.937730717061807,0.934601029283612,0.9377318494965554,0.592,0.408,79000.0,6560.0
meta.imbalanced.RebalanceStream -l (trees.HoeffdingTree -e 2000000 -g 100 -c 0.01),ArffFileStream -f ./../../../Dataset/Synthetic_IM40/stream_gen_agrawal.arff,1,79500.0,1.296875,2.0956374808318086E-9,79500.0,0.942,0.9424614768193125,0.9424614768193126,0.8796800318640468,0.9424587619653758,0.9376031966184533,0.9424614768193125,0.602,0.398,79500.0,6560.0
meta.imbalanced.RebalanceStream -l (trees.HoeffdingTree -e 2000000 -g 100 -c 0.01),ArffFileStream -f ./../../../Dataset/Synthetic_IM40/stream_gen_agrawal.arff,1,80000.0,1.296875,2.0956374808318086E-9,80000.0,0.926,0.9243637450993422,0.924363745099342,0.8467020218760358,0.9243244592820091,0.9224059528730881,0.9243637450993422,0.596,0.404,80000.0,6560.0
meta.imbalanced.RebalanceStream -l (trees.HoeffdingTree -e 2000000 -g 100 -c 0.01),ArffFileStream -f ./../../../Dataset/Synthetic_IM40/stream_gen_agrawal.arff,1,80500.0,1.296875,2.0956374808318086E-9,80500.0,0.938,0.936308910372806,0.936308910372806,0.873146299145579,0.9362391872486263,0.9368448637316562,0.936308910372806,0.574,0.426,80500.0,6560.0
meta.imbalanced.RebalanceStream -l (trees.HoeffdingTree -e 2000000 -g 100 -c 0.01),ArffFileStream -f ./../../../Dataset/Synthetic_IM40/stream_gen_agrawal.arff,1,81000.0,1.3125,2.1221543041368327E-9,81000.0,0.954,0.9567465321563682,0.9567465321563682,0.9042942743009321,0.9566650775574003,0.9485337824450168,0.9567465321563682,0.61,0.39,81000.0,6560.0
meta.imbalanced.RebalanceStream -l (trees.HoeffdingTree -e 2000000 -g 100 -c 0.01),ArffFileStream -f ./../../../Dataset/Synthetic_IM40/stream_gen_agrawal.arff,1,81500.0,1.3125,2.1221543041368327E-9,81500.0,0.942,0.9433518028586166,0.9433518028586166,0.8802444664684506,0.9433265903126808,0.93752052545156,0.9433518028586166,0.598,0.402,81500.0,6560.0
meta.imbalanced.RebalanceStream -l (trees.HoeffdingTree -e 2000000 -g 100 -c 0.01),ArffFileStream -f ./../../../Dataset/Synthetic_IM40/stream_gen_agrawal.arff,1,82000.0,1.3125,2.1221543041368327E-9,82000.0,0.946,0.9439929092246973,0.9439929092246973,0.8872142761662879,0.9439435895756819,0.943229436217633,0.9439929092246973,0.604,0.396,82000.0,6728.0
meta.imbalanced.RebalanceStream -l (trees.HoeffdingTree -e 2000000 -g 100 -c 0.01),ArffFileStream -f ./../../../Dataset/Synthetic_IM40/stream_gen_agrawal.arff,1,82500.0,1.3125,2.1221543041368327E-9,82500.0,0.958,0.9591895971206317,0.9591895971206316,0.9133949191685913,0.9591687255861584,0.9545977011494253,0.9591895971206317,0.594,0.406,82500.0,6728.0
meta.imbalanced.RebalanceStream -l (trees.HoeffdingTree -e 2000000 -g 100 -c 0.01),ArffFileStream -f ./../../../Dataset/Synthetic_IM40/stream_gen_agrawal.arff,1,83000.0,1.328125,2.1493502168191803E-9,83000.0,0.958,0.960806336211917,0.960806336211917,0.9134206273293974,0.9606996457692631,0.9535835953878407,0.960806336211917,0.598,0.402,83000.0,6728.0
meta.imbalanced.RebalanceStream -l (trees.HoeffdingTree -e 2000000 -g 100 -c 0.01),ArffFileStream -f ./../../../Dataset/Synthetic_IM40/stream_gen_agrawal.arff,1,83500.0,1.328125,2.1493502168191803E-9,83500.0,0.946,0.9475294820122406,0.9475294820122406,0.8888230062259117,0.947494555250156,0.9419221698113207,0.9475294820122406,0.594,0.406,83500.0,6728.0
meta.imbalanced.RebalanceStream -l (trees.HoeffdingTree -e 2000000 -g 100 -c 0.01),ArffFileStream -f ./../../../Dataset/Synthetic_IM40/stream_gen_agrawal.arff,1,84000.0,1.328125,2.1493502168191803E-9,84000.0,0.952,0.9526451357241926,0.9526451357241926,0.9013612152298284,0.9526380836429827,0.9489976415094339,0.9526451357241926,0.588,0.412,84000.0,6728.0
meta.imbalanced.RebalanceStream -l (trees.HoeffdingTree -e 2000000 -g 100 -c 0.01),ArffFileStream -f ./../../../Dataset/Synthetic_IM40/stream_gen_agrawal.arff,1,84500.0,1.34375,2.176546129501528E-9,84500.0,0.936,0.9287575868884574,0.9287575868884574,0.8597106532222709,0.9284263444547118,0.930989010989011,0.9287575868884574,0.646,0.354,84500.0,6728.0
meta.imbalanced.RebalanceStream -l (trees.HoeffdingTree -e 2000000 -g 100 -c 0.01),ArffFileStream -f ./../../../Dataset/Synthetic_IM40/stream_gen_agrawal.arff,1,85000.0,1.34375,2.176546129501528E-9,85000.0,0.956,0.958403226079737,0.958403226079737,0.9077320538844805,0.9583491258329968,0.9501655601590708,0.958403226079737,0.618,0.382,85000.0,6728.0
meta.imbalanced.RebalanceStream -l (trees.HoeffdingTree -e 2000000 -g 100 -c 0.01),ArffFileStream -f ./../../../Dataset/Synthetic_IM40/stream_gen_agrawal.arff,1,85500.0,1.359375,2.2037420421838756E-9,85500.0,0.946,0.9455056936864092,0.9455056936864092,0.8868285158607739,0.9455031185352563,0.9415265697257049,0.9455056936864092,0.612,0.388,85500.0,6728.0
meta.imbalanced.RebalanceStream -l (trees.HoeffdingTree -e 2000000 -g 100 -c 0.01),ArffFileStream -f ./../../../Dataset/Synthetic_IM40/stream_gen_agrawal.arff,1,86000.0,1.359375,2.2037420421838756E-9,86000.0,0.942,0.9428142428142428,0.9428142428142428,0.8768263676520557,0.9428090415820634,0.9346910585540058,0.9428142428142428,0.63,0.37,86000.0,6728.0
meta.imbalanced.RebalanceStream -l (trees.HoeffdingTree -e 2000000 -g 100 -c 0.01),ArffFileStream -f ./../../../Dataset/Synthetic_IM40/stream_gen_agrawal.arff,1,86500.0,1.359375,2.2037420421838756E-9,86500.0,0.944,0.9422927898962918,0.9422927898962918,0.8845855797925838,0.9422405125860337,0.9422927898962918,0.9422927898962918,0.586,0.414,86500.0,6728.0
meta.imbalanced.RebalanceStream -l (trees.HoeffdingTree -e 2000000 -g 100 -c 0.01),ArffFileStream -f ./../../../Dataset/Synthetic_IM40/stream_gen_agrawal.arff,1,87000.0,1.375,2.2309379548662232E-9,87000.0,0.944,0.9451286870785313,0.9451286870785313,0.8852364947946553,0.9451059059882256,0.9405956752345981,0.9451286870785313,0.586,0.414,87000.0,6728.0
meta.imbalanced.RebalanceStream -l (trees.HoeffdingTree -e 2000000 -g 100 -c 0.01),ArffFileStream -f ./../../../Dataset/Synthetic_IM40/stream_gen_agrawal.arff,1,87500.0,1.375,2.2309379548662232E-9,87500.0,0.948,0.9459326657517071,0.945932665751707,0.8900857331281601,0.9458921040202501,0.9441865960068184,0.9459326657517071,0.618,0.382,87500.0,6728.0
meta.imbalanced.RebalanceStream -l (trees.HoeffdingTree -e 2000000 -g 100 -c 0.01),ArffFileStream -f ./../../../Dataset/Synthetic_IM40/stream_gen_agrawal.arff,1,88000.0,1.375,2.2309379548662232E-9,88000.0,0.938,0.939841407004524,0.939841407004524,0.8701146343098478,0.9398090179337502,0.9312412784902652,0.939841407004524,0.618,0.382,88000.0,6728.0
meta.imbalanced.RebalanceStream -l (trees.HoeffdingTree -e 2000000 -g 100 -c 0.01),ArffFileStream -f ./../../../Dataset/Synthetic_IM40/stream_gen_agrawal.arff,1,88500.0,1.390625,2.258133867548571E-9,88500.0,0.956,0.9600976653956786,0.9600976653956786,0.909126957900998,0.9598955280189001,0.9506027253668763,0.9600976653956786,0.604,0.396,88500.0,6728.0
meta.imbalanced.RebalanceStream -l (trees.HoeffdingTree -e 2000000 -g 100 -c 0.01),ArffFileStream -f ./../../../Dataset/Synthetic_IM40/stream_gen_agrawal.arff,1,89000.0,1.390625,2.258133867548571E-9,89000.0,0.946,0.946090086520045,0.9460900865200449,0.8889510397473019,0.9460899480576528,0.9430541661883599,0.946090086520045,0.588,0.412,89000.0,6728.0
meta.imbalanced.RebalanceStream -l (trees.HoeffdingTree -e 2000000 -g 100 -c 0.01),ArffFileStream -f ./../../../Dataset/Synthetic_IM40/stream_gen_agrawal.arff,1,89500.0,1.390625,2.258133867548571E-9,89500.0,0.95,0.9487736675426184,0.9487736675426185,0.8950144460122287,0.9487578721143392,0.946315189894624,0.9487736675426184,0.612,0.388,89500.0,6728.0
meta.imbalanced.RebalanceStream -l (trees.HoeffdingTree -e 2000000 -g 100 -c 0.01),ArffFileStream -f ./../../../Dataset/Synthetic_IM40/stream_gen_agrawal.arff,1,90000.0,1.390625,2.258133867548571E-9,90000.0,0.96,0.9579164944191815,0.9579164944191815,0.917197979630703,0.957846558138399,0.9593139937967524,0.9579164944191815,0.59,0.41,90000.0,6728.0
meta.imbalanced.RebalanceStream -l (trees.HoeffdingTree -e 2000000 -g 100 -c 0.01),ArffFileStream -f ./../../../Dataset/Synthetic_IM40/stream_gen_agrawal.arff,1,90500.0,1.40625,2.2853297802309185E-9,90500.0,0.946,0.9473135769836832,0.9473135769836832,0.8866498740554156,0.9472972251280064,0.94,0.9473135769836832,0.618,0.382,90500.0,6728.0
meta.imbalanced.RebalanceStream -l (trees.HoeffdingTree -e 2000000 -g 100 -c 0.01),ArffFileStream -f ./../../../Dataset/Synthetic_IM40/stream_gen_agrawal.arff,1,91000.0,1.40625,2.2853297802309185E-9,91000.0,0.944,0.9453575572836385,0.9453575572836385,0.8801964777764466,0.9453447612607727,0.9356986733085955,0.9453575572836385,0.638,0.362,91000.0,6728.0
meta.imbalanced.RebalanceStream -l (trees.HoeffdingTree -e 2000000 -g 100 -c 0.01),ArffFileStream -f ./../../../Dataset/Synthetic_IM40/stream_gen_agrawal.arff,1,91500.0,1.40625,2.2853297802309185E-9,91500.0,0.96,0.9651041666666667,0.9651041666666667,0.9146466370775008,0.9649319924222639,0.9512836062259955,0.9651041666666667,0.64,0.36,91500.0,6728.0
meta.imbalanced.RebalanceStream -l (trees.HoeffdingTree -e 2000000 -g 100 -c 0.01),ArffFileStream -f ./../../../Dataset/Synthetic_IM40/stream_gen_agrawal.arff,1,92000.0,1.40625,2.2853297802309185E-9,92000.0,0.93,0.9274891774891775,0.9274891774891775,0.8524700725004215,0.9274260335029676,0.92505254308533,0.9274891774891775,0.616,0.384,92000.0,6728.0
meta.imbalanced.RebalanceStream -l (trees.HoeffdingTree -e 2000000 -g 100 -c 0.01),ArffFileStream -f ./../../../Dataset/Synthetic_IM40/stream_gen_agrawal.arff,1,92500.0,1.421875,2.312525692913266E-9,92500.0,0.954,0.9508928571428572,0.9508928571428572,0.9026710450590745,0.9507985365695811,0.95178671275352,0.9508928571428572,0.616,0.384,92500.0,6728.0
meta.imbalanced.RebalanceStream -l (trees.HoeffdingTree -e 2000000 -g 100 -c 0.01),ArffFileStream -f ./../../../Dataset/Synthetic_IM40/stream_gen_agrawal.arff,1,93000.0,1.421875,2.312525692913266E-9,93000.0,0.948,0.94737023982307,0.94737023982307,0.8884771120719237,0.9473674106240714,0.9414211674849973,0.94737023982307,0.636,0.364,93000.0,6728.0
meta.imbalanced.RebalanceStream -l (trees.HoeffdingTree -e 2000000 -g 100 -c 0.01),ArffFileStream -f ./../../../Dataset/Synthetic_IM40/stream_gen_agrawal.arff,1,93500.0,1.421875,2.312525692913266E-9,93500.0,0.956,0.9549408170420207,0.9549408170420207,0.9083348610856485,0.9549267021229882,0.9534268457045875,0.9549408170420207,0.602,0.398,93500.0,6728.0
meta.imbalanced.RebalanceStream -l (trees.HoeffdingTree -e 2000000 -g 100 -c 0.01),ArffFileStream -f ./../../../Dataset/Synthetic_IM40/stream_gen_agrawal.arff,1,94000.0,1.4375,2.3397216055956138E-9,94000.0,0.952,0.9526451357241926,0.9526451357241926,0.9013612152298284,0.9526380836429827,0.9489976415094339,0.9526451357241926,0.588,0.412,94000.0,6728.0
meta.imbalanced.RebalanceStream -l (trees.HoeffdingTree -e 2000000 -g 100 -c 0.01),ArffFileStream -f ./../../../Dataset/Synthetic_IM40/stream_gen_agrawal.arff,1,94500.0,1.4375,2.3397216055956138E-9,94500.0,0.932,0.9293511218920558,0.9293511218920558,0.8570852108413478,0.9292758841647815,0.9277658431793769,0.9293511218920558,0.612,0.388,94500.0,6728.0
meta.imbalanced.RebalanceStream -l (trees.HoeffdingTree -e 2000000 -g 100 -c 0.01),ArffFileStream -f ./../../../Dataset/Synthetic_IM40/stream_gen_agrawal.arff,1,95000.0,1.4375,2.3397216055956138E-9,95000.0,0.946,0.9449728595090113,0.9449728595090113,0.8893769051755219,0.9449499209335748,0.9444116876310273,0.9449728595090113,0.578,0.422,95000.0,6728.0
meta.imbalanced.RebalanceStream -l (trees.HoeffdingTree -e 2000000 -g 100 -c 0.01),ArffFileStream -f ./../../../Dataset/Synthetic_IM40/stream_gen_agrawal.arff,1,95500.0,1.4375,2.3397216055956138E-9,95500.0,0.95,0.9508560874556982,0.9508560874556982,0.8965950828893815,0.9508460555918781,0.946127502634352,0.9508560874556982,0.598,0.402,95500.0,6728.0
meta.imbalanced.RebalanceStream -l (trees.HoeffdingTree -e 2000000 -g 100 -c 0.01),ArffFileStream -f ./../../../Dataset/Synthetic_IM40/stream_gen_agrawal.arff,1,96000.0,1.453125,2.3669175182779614E-9,96000.0,0.98,0.9807166849405663,0.9807166849405663,0.9567047087958713,0.9807134382041149,0.9761424557411524,0.9807166849405663,0.642,0.358,96000.0,6728.0
meta.imbalanced.RebalanceStream -l (trees.HoeffdingTree -e 2000000 -g 100 -c 0.01),ArffFileStream -f ./../../../Dataset/Synthetic_IM40/stream_gen_agrawal.arff,1,96500.0,1.453125,2.3669175182779614E-9,96500.0,0.962,0.9624999999999999,0.9625,0.921161825726141,0.9624967532412771,0.9588673005374122,0.9624999999999999,0.6,0.4,96500.0,6728.0
meta.imbalanced.RebalanceStream -l (trees.HoeffdingTree -e 2000000 -g 100 -c 0.01),ArffFileStream -f ./../../../Dataset/Synthetic_IM40/stream_gen_agrawal.arff,1,97000.0,1.453125,2.3669175182779614E-9,97000.0,0.948,0.9479110146500271,0.9479110146500271,0.8934129183542955,0.9479108593570558,0.9456249693281641,0.9479110146500271,0.582,0.418,97000.0,6728.0
meta.imbalanced.RebalanceStream -l (trees.HoeffdingTree -e 2000000 -g 100 -c 0.01),ArffFileStream -f ./../../../Dataset/Synthetic_IM40/stream_gen_agrawal.arff,1,97500.0,1.46875,2.394113430960309E-9,97500.0,0.944,0.9457908163265306,0.9457908163265306,0.8835739471758366,0.9457544769189543,0.9385773726966515,0.9457908163265306,0.608,0.392,97500.0,6728.0
meta.imbalanced.RebalanceStream -l (trees.HoeffdingTree -e 2000000 -g 100 -c 0.01),ArffFileStream -f ./../../../Dataset/Synthetic_IM40/stream_gen_agrawal.arff,1,98000.0,1.46875,2.394113430960309E-9,98000.0,0.96,0.9600935463004429,0.9600935463004429,0.9173266753749235,0.9600934173585569,0.9573626156205174,0.9600935463004429,0.594,0.406,98000.0,6728.0
meta.imbalanced.RebalanceStream -l (trees.HoeffdingTree -e 2000000 -g 100 -c 0.01),ArffFileStream -f ./../../../Dataset/Synthetic_IM40/stream_gen_agrawal.arff,1,98500.0,1.484375,2.4213093436426567E-9,98500.0,0.936,0.9353016774891775,0.9353016774891775,0.865510053123529,0.9352968340312704,0.930497023212255,0.9353016774891775,0.616,0.384,98500.0,6728.0
meta.imbalanced.RebalanceStream -l (trees.HoeffdingTree -e 2000000 -g 100 -c 0.01),ArffFileStream -f ./../../../Dataset/Synthetic_IM40/stream_gen_agrawal.arff,1,99000.0,1.484375,2.4213093436426567E-9,99000.0,0.932,0.931918505942275,0.931918505942275,0.8568541596497137,0.9319184440806272,0.9254465181617499,0.931918505942275,0.62,0.38,99000.0,6728.0
meta.imbalanced.RebalanceStream -l (trees.HoeffdingTree -e 2000000 -g 100 -c 0.01),ArffFileStream -f ./../../../Dataset/Synthetic_IM40/stream_gen_agrawal.arff,1,99500.0,1.484375,2.4213093436426567E-9,99500.0,0.942,0.943258281573499,0.9432582815734989,0.883173805150021,0.9431806843402962,0.9405008760508592,0.943258281573499,0.552,0.448,99500.0,6728.0
meta.imbalanced.RebalanceStream -l (trees.HoeffdingTree -e 2000000 -g 100 -c 0.01),ArffFileStream -f ./../../../Dataset/Synthetic_IM40/stream_gen_agrawal.arff,1,100000.0,1.484375,2.4213093436426567E-9,100000.0,0.954,0.9567027894842465,0.9567027894842465,0.9047508613835145,0.9566145402864926,0.9490208651901544,0.9567027894842465,0.604,0.396,100000.0,6728.0
