Learner,stream,randomSeed,learning evaluation instances,evaluation time (cpu seconds),model cost (RAM-Hours),classified instances,Accuracy,AvgAccuracy,AUC,Kappa,G-Mean,Precision,Recall,Ratio-Class-0,Ratio-Class-1,model training instances,model serialized size (bytes),members size
meta.DynamicWeightedMajority -l (trees.HoeffdingTree -e 2000000 -g 100 -c 0.01) -e 10,ArffFileStream -f ./../../../Dataset/Synthetic_IM10/stream_gen_RBF_drift.arff,1,500.0,0.0625,4.7859632306628755E-11,500.0,0.912,0.5086296527344563,0.5086296527344563,0.02929756441934345,0.15379715936903857,0.5836693548387097,0.5086296527344563,0.916,0.084,500.0,2960.0,1.0
meta.DynamicWeightedMajority -l (trees.HoeffdingTree -e 2000000 -g 100 -c 0.01) -e 10,ArffFileStream -f ./../../../Dataset/Synthetic_IM10/stream_gen_RBF_drift.arff,1,1000.0,0.125,9.571926461325751E-11,1000.0,0.892,0.5,0.5,0.0,0.0,0.892,0.5,0.892,0.108,1000.0,2960.0,2.0
meta.DynamicWeightedMajority -l (trees.HoeffdingTree -e 2000000 -g 100 -c 0.01) -e 10,ArffFileStream -f ./../../../Dataset/Synthetic_IM10/stream_gen_RBF_drift.arff,1,1500.0,0.171875,1.3161398884322908E-10,1500.0,0.9,0.5,0.5,0.0,0.0,0.9,0.5,0.9,0.1,1500.0,2960.0,2.0
meta.DynamicWeightedMajority -l (trees.HoeffdingTree -e 2000000 -g 100 -c 0.01) -e 10,ArffFileStream -f ./../../../Dataset/Synthetic_IM10/stream_gen_RBF_drift.arff,1,2000.0,0.203125,1.5554380499654345E-10,2000.0,0.878,0.49886363636363634,0.4988636363636363,-0.003949967083607637,0.0,0.43987975951903807,0.49886363636363634,0.88,0.12,2000.0,2960.0,5.0
meta.DynamicWeightedMajority -l (trees.HoeffdingTree -e 2000000 -g 100 -c 0.01) -e 10,ArffFileStream -f ./../../../Dataset/Synthetic_IM10/stream_gen_RBF_drift.arff,1,2500.0,0.234375,1.7947362114985782E-10,2500.0,0.884,0.5166666666666667,0.5166666666666666,0.05721716514954486,0.18257418583505536,0.9417670682730923,0.5166666666666667,0.88,0.12,2500.0,2960.0,6.0
meta.DynamicWeightedMajority -l (trees.HoeffdingTree -e 2000000 -g 100 -c 0.01) -e 10,ArffFileStream -f ./../../../Dataset/Synthetic_IM10/stream_gen_RBF_drift.arff,1,3000.0,0.28125,2.153683453798294E-10,3000.0,0.886,0.5076432616530039,0.5076432616530039,0.026373326045367587,0.1323036554942392,0.6937751004016064,0.5076432616530039,0.886,0.114,3000.0,2960.0,6.0
meta.DynamicWeightedMajority -l (trees.HoeffdingTree -e 2000000 -g 100 -c 0.01) -e 10,ArffFileStream -f ./../../../Dataset/Synthetic_IM10/stream_gen_RBF_drift.arff,1,3500.0,0.328125,2.5126306960980096E-10,3500.0,0.908,0.5208333333333334,0.5208333333333333,0.07287971622057401,0.2041241452319315,0.9538152610441767,0.5208333333333334,0.904,0.096,3500.0,2960.0,7.0
meta.DynamicWeightedMajority -l (trees.HoeffdingTree -e 2000000 -g 100 -c 0.01) -e 10,ArffFileStream -f ./../../../Dataset/Synthetic_IM10/stream_gen_RBF_drift.arff,1,4000.0,0.359375,2.7519288576311536E-10,4000.0,0.89,0.5,0.5,0.0,0.0,0.89,0.5,0.89,0.11,4000.0,2960.0,9.0
meta.DynamicWeightedMajority -l (trees.HoeffdingTree -e 2000000 -g 100 -c 0.01) -e 10,ArffFileStream -f ./../../../Dataset/Synthetic_IM10/stream_gen_RBF_drift.arff,1,4500.0,0.390625,2.9912270191642975E-10,4500.0,0.888,0.5,0.5,0.0,0.0,0.888,0.5,0.888,0.112,4500.0,2960.0,10.0
meta.DynamicWeightedMajority -l (trees.HoeffdingTree -e 2000000 -g 100 -c 0.01) -e 10,ArffFileStream -f ./../../../Dataset/Synthetic_IM10/stream_gen_RBF_drift.arff,1,5000.0,0.46875,3.589472422997157E-10,5000.0,0.906,0.5104166666666666,0.5104166666666667,0.03704310768726438,0.14433756729740643,0.9529058116232465,0.5104166666666666,0.904,0.096,5000.0,2960.0,10.0
meta.DynamicWeightedMajority -l (trees.HoeffdingTree -e 2000000 -g 100 -c 0.01) -e 10,ArffFileStream -f ./../../../Dataset/Synthetic_IM10/stream_gen_RBF_drift.arff,1,5500.0,0.53125,4.0680687460634444E-10,5500.0,0.908,0.5208333333333334,0.5208333333333333,0.07287971622057401,0.2041241452319315,0.9538152610441767,0.5208333333333334,0.904,0.096,5500.0,2960.0,10.0
meta.DynamicWeightedMajority -l (trees.HoeffdingTree -e 2000000 -g 100 -c 0.01) -e 10,ArffFileStream -f ./../../../Dataset/Synthetic_IM10/stream_gen_RBF_drift.arff,1,6000.0,0.5625,4.3073669075965883E-10,6000.0,0.912,0.560287610619469,0.560287610619469,0.19212690951821387,0.35277032564384897,0.8323170731707317,0.560287610619469,0.904,0.096,6000.0,2960.0,10.0
meta.DynamicWeightedMajority -l (trees.HoeffdingTree -e 2000000 -g 100 -c 0.01) -e 10,ArffFileStream -f ./../../../Dataset/Synthetic_IM10/stream_gen_RBF_drift.arff,1,6500.0,0.578125,4.4270159883631603E-10,6500.0,0.908,0.520172842985299,0.520172842985299,0.06950400517841249,0.20605643664857431,0.7880617035546613,0.520172842985299,0.906,0.094,6500.0,2960.0,10.0
meta.DynamicWeightedMajority -l (trees.HoeffdingTree -e 2000000 -g 100 -c 0.01) -e 10,ArffFileStream -f ./../../../Dataset/Synthetic_IM10/stream_gen_RBF_drift.arff,1,7000.0,0.640625,4.905612311429448E-10,7000.0,0.906,0.5649191676163944,0.5649191676163944,0.2074733576150007,0.3630151523617195,0.8907520325203252,0.5649191676163944,0.894,0.106,7000.0,2960.0,10.0
meta.DynamicWeightedMajority -l (trees.HoeffdingTree -e 2000000 -g 100 -c 0.01) -e 10,ArffFileStream -f ./../../../Dataset/Synthetic_IM10/stream_gen_RBF_drift.arff,1,7500.0,0.6875,5.264559553729164E-10,7500.0,0.91,0.5408163265306123,0.5408163265306123,0.138195189214034,0.2857142857142857,0.9546370967741935,0.5408163265306123,0.902,0.098,7500.0,2960.0,10.0
meta.DynamicWeightedMajority -l (trees.HoeffdingTree -e 2000000 -g 100 -c 0.01) -e 10,ArffFileStream -f ./../../../Dataset/Synthetic_IM10/stream_gen_RBF_drift.arff,1,8000.0,0.71875,5.503857715262308E-10,8000.0,0.89,0.5,0.5,0.0,0.0,0.89,0.5,0.89,0.11,8000.0,2960.0,10.0
meta.DynamicWeightedMajority -l (trees.HoeffdingTree -e 2000000 -g 100 -c 0.01) -e 10,ArffFileStream -f ./../../../Dataset/Synthetic_IM10/stream_gen_RBF_drift.arff,1,8500.0,0.765625,5.862804957562024E-10,8500.0,0.918,0.5,0.5,0.0,0.0,0.918,0.5,0.918,0.082,8500.0,2960.0,10.0
meta.DynamicWeightedMajority -l (trees.HoeffdingTree -e 2000000 -g 100 -c 0.01) -e 10,ArffFileStream -f ./../../../Dataset/Synthetic_IM10/stream_gen_RBF_drift.arff,1,9000.0,0.8125,6.22175219986174E-10,9000.0,0.912,0.5,0.5,0.0,0.0,0.912,0.5,0.912,0.088,9000.0,2960.0,10.0
meta.DynamicWeightedMajority -l (trees.HoeffdingTree -e 2000000 -g 100 -c 0.01) -e 10,ArffFileStream -f ./../../../Dataset/Synthetic_IM10/stream_gen_RBF_drift.arff,1,9500.0,0.84375,6.461050361394884E-10,9500.0,0.912,0.5,0.5,0.0,0.0,0.912,0.5,0.912,0.088,9500.0,2960.0,10.0
meta.DynamicWeightedMajority -l (trees.HoeffdingTree -e 2000000 -g 100 -c 0.01) -e 10,ArffFileStream -f ./../../../Dataset/Synthetic_IM10/stream_gen_RBF_drift.arff,1,10000.0,0.875,6.700348522928028E-10,10000.0,0.896,0.5,0.5,0.0,0.0,0.896,0.5,0.896,0.104,10000.0,2960.0,10.0
meta.DynamicWeightedMajority -l (trees.HoeffdingTree -e 2000000 -g 100 -c 0.01) -e 10,ArffFileStream -f ./../../../Dataset/Synthetic_IM10/stream_gen_RBF_drift.arff,1,10500.0,0.953125,7.298593926760888E-10,10500.0,0.898,0.5277777777777778,0.5277777777777778,0.09497444633730835,0.23570226039551584,0.948692152917505,0.5277777777777778,0.892,0.108,10500.0,2960.0,10.0
meta.DynamicWeightedMajority -l (trees.HoeffdingTree -e 2000000 -g 100 -c 0.01) -e 10,ArffFileStream -f ./../../../Dataset/Synthetic_IM10/stream_gen_RBF_drift.arff,1,11000.0,0.984375,7.537892088294032E-10,11000.0,0.936,0.6384407918172104,0.6384407918172104,0.40480619001562385,0.5276922507443124,0.9297109461380508,0.6384407918172104,0.914,0.086,11000.0,2960.0,10.0
meta.DynamicWeightedMajority -l (trees.HoeffdingTree -e 2000000 -g 100 -c 0.01) -e 10,ArffFileStream -f ./../../../Dataset/Synthetic_IM10/stream_gen_RBF_drift.arff,1,11500.0,1.015625,7.777190249827176E-10,11500.0,0.93,0.6766666666666666,0.6766666666666665,0.47604790419161674,0.5979966555090421,0.8951685058156874,0.6766666666666666,0.9,0.1,11500.0,2960.0,10.0
meta.DynamicWeightedMajority -l (trees.HoeffdingTree -e 2000000 -g 100 -c 0.01) -e 10,ArffFileStream -f ./../../../Dataset/Synthetic_IM10/stream_gen_RBF_drift.arff,1,12000.0,1.046875,8.01648841136032E-10,12000.0,0.904,0.6198261894240684,0.6198261894240683,0.3516317268208342,0.4913075612613151,0.9201962809917356,0.6198261894240684,0.876,0.124,12000.0,2960.0,10.0
meta.DynamicWeightedMajority -l (trees.HoeffdingTree -e 2000000 -g 100 -c 0.01) -e 10,ArffFileStream -f ./../../../Dataset/Synthetic_IM10/stream_gen_RBF_drift.arff,1,12500.0,1.078125,8.255786572893464E-10,12500.0,0.934,0.5899407609933925,0.5899407609933927,0.2768232819074334,0.42826753104796567,0.8573206607829826,0.5899407609933925,0.924,0.076,12500.0,2960.0,10.0
meta.DynamicWeightedMajority -l (trees.HoeffdingTree -e 2000000 -g 100 -c 0.01) -e 10,ArffFileStream -f ./../../../Dataset/Synthetic_IM10/stream_gen_RBF_drift.arff,1,13000.0,1.109375,8.495084734426608E-10,13000.0,0.898,0.5188679245283019,0.5188679245283019,0.06552330694810905,0.19425717247145283,0.9487951807228916,0.5188679245283019,0.894,0.106,13000.0,2960.0,10.0
meta.DynamicWeightedMajority -l (trees.HoeffdingTree -e 2000000 -g 100 -c 0.01) -e 10,ArffFileStream -f ./../../../Dataset/Synthetic_IM10/stream_gen_RBF_drift.arff,1,13500.0,1.140625,8.734382895959752E-10,13500.0,0.908,0.5208333333333334,0.5208333333333333,0.07287971622057401,0.2041241452319315,0.9538152610441767,0.5208333333333334,0.904,0.096,13500.0,2960.0,10.0
meta.DynamicWeightedMajority -l (trees.HoeffdingTree -e 2000000 -g 100 -c 0.01) -e 10,ArffFileStream -f ./../../../Dataset/Synthetic_IM10/stream_gen_RBF_drift.arff,1,14000.0,1.1875,9.093330138259468E-10,14000.0,0.898,0.4988888888888889,0.49888888888888894,-0.003937007874015748,0.0,0.4498997995991984,0.4988888888888889,0.9,0.1,14000.0,2960.0,10.0
meta.DynamicWeightedMajority -l (trees.HoeffdingTree -e 2000000 -g 100 -c 0.01) -e 10,ArffFileStream -f ./../../../Dataset/Synthetic_IM10/stream_gen_RBF_drift.arff,1,14500.0,1.21875,9.33262829979261E-10,14500.0,0.902,0.5847457627118644,0.5847457627118644,0.2647058823529412,0.41169348479630913,0.95,0.5847457627118644,0.882,0.118,14500.0,2960.0,10.0
meta.DynamicWeightedMajority -l (trees.HoeffdingTree -e 2000000 -g 100 -c 0.01) -e 10,ArffFileStream -f ./../../../Dataset/Synthetic_IM10/stream_gen_RBF_drift.arff,1,15000.0,1.25,9.571926461325755E-10,15000.0,0.932,0.5647072226019595,0.5647072226019595,0.2109171927218715,0.3623453386647042,0.8832658569500675,0.5647072226019595,0.924,0.076,15000.0,2960.0,10.0
meta.DynamicWeightedMajority -l (trees.HoeffdingTree -e 2000000 -g 100 -c 0.01) -e 10,ArffFileStream -f ./../../../Dataset/Synthetic_IM10/stream_gen_RBF_drift.arff,1,15500.0,1.296875,9.93087370362547E-10,15500.0,0.922,0.6731812601481129,0.673181260148113,0.4728589965397924,0.5910102345163551,0.9158425256751617,0.6731812601481129,0.886,0.114,15500.0,2960.0,10.0
meta.DynamicWeightedMajority -l (trees.HoeffdingTree -e 2000000 -g 100 -c 0.01) -e 10,ArffFileStream -f ./../../../Dataset/Synthetic_IM10/stream_gen_RBF_drift.arff,1,16000.0,1.328125,1.0170171865158615E-9,16000.0,0.91,0.633325646642838,0.6333256466428381,0.3814603034968111,0.5195734502442373,0.8998386353158137,0.633325646642838,0.882,0.118,16000.0,2960.0,10.0
meta.DynamicWeightedMajority -l (trees.HoeffdingTree -e 2000000 -g 100 -c 0.01) -e 10,ArffFileStream -f ./../../../Dataset/Synthetic_IM10/stream_gen_RBF_drift.arff,1,16500.0,1.359375,1.0409470026691759E-9,16500.0,0.922,0.6932584269662921,0.693258426966292,0.4924518479958355,0.6281773169838543,0.8578995157384988,0.6932584269662921,0.89,0.11,16500.0,2960.0,8.0
meta.DynamicWeightedMajority -l (trees.HoeffdingTree -e 2000000 -g 100 -c 0.01) -e 10,ArffFileStream -f ./../../../Dataset/Synthetic_IM10/stream_gen_RBF_drift.arff,1,17000.0,1.375,1.052911910745833E-9,17000.0,0.93,0.7563206282321394,0.7563206282321394,0.5502672697368421,0.7257541039118918,0.7977362478447078,0.7563206282321394,0.908,0.092,17000.0,2960.0,3.0
meta.DynamicWeightedMajority -l (trees.HoeffdingTree -e 2000000 -g 100 -c 0.01) -e 10,ArffFileStream -f ./../../../Dataset/Synthetic_IM10/stream_gen_RBF_drift.arff,1,17500.0,1.390625,1.0648768188224902E-9,17500.0,0.938,0.7655582170870321,0.7655582170870321,0.5933466260887816,0.735513260726624,0.8384818007662835,0.7655582170870321,0.906,0.094,17500.0,2960.0,2.0
meta.DynamicWeightedMajority -l (trees.HoeffdingTree -e 2000000 -g 100 -c 0.01) -e 10,ArffFileStream -f ./../../../Dataset/Synthetic_IM10/stream_gen_RBF_drift.arff,1,18000.0,1.40625,1.0768417268991474E-9,18000.0,0.92,0.6799999999999999,0.6799999999999999,0.44751381215469616,0.6102458520956943,0.8064467312348669,0.6799999999999999,0.9,0.1,18000.0,2960.0,2.0
meta.DynamicWeightedMajority -l (trees.HoeffdingTree -e 2000000 -g 100 -c 0.01) -e 10,ArffFileStream -f ./../../../Dataset/Synthetic_IM10/stream_gen_RBF_drift.arff,1,18500.0,1.421875,1.0888066349758046E-9,18500.0,0.932,0.7258246979501335,0.7258246979501335,0.5400681781288891,0.6790151592542883,0.843249191828874,0.7258246979501335,0.902,0.098,18500.0,2960.0,2.0
meta.DynamicWeightedMajority -l (trees.HoeffdingTree -e 2000000 -g 100 -c 0.01) -e 10,ArffFileStream -f ./../../../Dataset/Synthetic_IM10/stream_gen_RBF_drift.arff,1,19000.0,1.4375,1.1007715430524618E-9,19000.0,0.934,0.7793156706665083,0.7793156706665083,0.6309715512614064,0.7531171608731694,0.8666562694946974,0.7793156706665083,0.886,0.114,19000.0,2960.0,2.0
meta.DynamicWeightedMajority -l (trees.HoeffdingTree -e 2000000 -g 100 -c 0.01) -e 10,ArffFileStream -f ./../../../Dataset/Synthetic_IM10/stream_gen_RBF_drift.arff,1,19500.0,1.453125,1.112736451129119E-9,19500.0,0.934,0.7166895604395604,0.7166895604395604,0.5503106944293034,0.6620864871627546,0.8952705348054185,0.7166895604395604,0.896,0.104,19500.0,2960.0,2.0
meta.DynamicWeightedMajority -l (trees.HoeffdingTree -e 2000000 -g 100 -c 0.01) -e 10,ArffFileStream -f ./../../../Dataset/Synthetic_IM10/stream_gen_RBF_drift.arff,1,20000.0,1.453125,1.112736451129119E-9,20000.0,0.926,0.6983683814502396,0.6983683814502395,0.5199294166493669,0.6330688800461571,0.9064427134047387,0.6983683814502396,0.886,0.114,20000.0,2960.0,2.0
meta.DynamicWeightedMajority -l (trees.HoeffdingTree -e 2000000 -g 100 -c 0.01) -e 10,ArffFileStream -f ./../../../Dataset/Synthetic_IM10/stream_gen_RBF_drift.arff,1,20500.0,1.46875,1.1247013592057762E-9,20500.0,0.89,0.5,0.5,0.0,0.0,0.89,0.5,0.89,0.11,20500.0,2960.0,3.0
meta.DynamicWeightedMajority -l (trees.HoeffdingTree -e 2000000 -g 100 -c 0.01) -e 10,ArffFileStream -f ./../../../Dataset/Synthetic_IM10/stream_gen_RBF_drift.arff,1,21000.0,1.484375,1.1366662672824334E-9,21000.0,0.916,0.5,0.5,0.0,0.0,0.916,0.5,0.916,0.084,21000.0,2960.0,5.0
meta.DynamicWeightedMajority -l (trees.HoeffdingTree -e 2000000 -g 100 -c 0.01) -e 10,ArffFileStream -f ./../../../Dataset/Synthetic_IM10/stream_gen_RBF_drift.arff,1,21500.0,1.5,1.1486311753590906E-9,21500.0,0.904,0.5,0.5,0.0,0.0,0.904,0.5,0.904,0.096,21500.0,2960.0,5.0
meta.DynamicWeightedMajority -l (trees.HoeffdingTree -e 2000000 -g 100 -c 0.01) -e 10,ArffFileStream -f ./../../../Dataset/Synthetic_IM10/stream_gen_RBF_drift.arff,1,22000.0,1.515625,1.1605960834357478E-9,22000.0,0.902,0.5288461538461539,0.5288461538461539,0.09886714727085479,0.2401922307076307,0.9507042253521127,0.5288461538461539,0.896,0.104,22000.0,2960.0,6.0
meta.DynamicWeightedMajority -l (trees.HoeffdingTree -e 2000000 -g 100 -c 0.01) -e 10,ArffFileStream -f ./../../../Dataset/Synthetic_IM10/stream_gen_RBF_drift.arff,1,22500.0,1.53125,1.172560991512405E-9,22500.0,0.934,0.5769230769230769,0.5769230769230769,0.2510893246187364,0.3922322702763681,0.9665991902834008,0.5769230769230769,0.922,0.078,22500.0,2960.0,6.0
meta.DynamicWeightedMajority -l (trees.HoeffdingTree -e 2000000 -g 100 -c 0.01) -e 10,ArffFileStream -f ./../../../Dataset/Synthetic_IM10/stream_gen_RBF_drift.arff,1,23000.0,1.5625,1.1964908076657194E-9,23000.0,0.946,0.7604386830116012,0.7604386830116012,0.6216367713004485,0.7252888171626253,0.8932624113475178,0.7604386830116012,0.906,0.094,23000.0,2960.0,6.0
meta.DynamicWeightedMajority -l (trees.HoeffdingTree -e 2000000 -g 100 -c 0.01) -e 10,ArffFileStream -f ./../../../Dataset/Synthetic_IM10/stream_gen_RBF_drift.arff,1,23500.0,1.578125,1.2084557157423766E-9,23500.0,0.954,0.7793047308944646,0.7793047308944646,0.6698438217730822,0.7493213426973235,0.9270444395636577,0.7793047308944646,0.908,0.092,23500.0,2960.0,7.0
meta.DynamicWeightedMajority -l (trees.HoeffdingTree -e 2000000 -g 100 -c 0.01) -e 10,ArffFileStream -f ./../../../Dataset/Synthetic_IM10/stream_gen_RBF_drift.arff,1,24000.0,1.609375,1.232385531895691E-9,24000.0,0.904,0.6,0.6,0.3055555555555556,0.4472135954999579,0.9508196721311475,0.6,0.88,0.12,24000.0,2960.0,7.0
meta.DynamicWeightedMajority -l (trees.HoeffdingTree -e 2000000 -g 100 -c 0.01) -e 10,ArffFileStream -f ./../../../Dataset/Synthetic_IM10/stream_gen_RBF_drift.arff,1,24500.0,1.625,1.2443504399723482E-9,24500.0,0.93,0.689785495403473,0.689785495403473,0.5149667405764967,0.617219704345279,0.9417078737162419,0.689785495403473,0.89,0.11,24500.0,2960.0,7.0
meta.DynamicWeightedMajority -l (trees.HoeffdingTree -e 2000000 -g 100 -c 0.01) -e 10,ArffFileStream -f ./../../../Dataset/Synthetic_IM10/stream_gen_RBF_drift.arff,1,25000.0,1.65625,1.2682802561256626E-9,25000.0,0.928,0.64,0.64,0.4117647058823529,0.5291502622129182,0.962962962962963,0.64,0.9,0.1,25000.0,2960.0,8.0
meta.DynamicWeightedMajority -l (trees.HoeffdingTree -e 2000000 -g 100 -c 0.01) -e 10,ArffFileStream -f ./../../../Dataset/Synthetic_IM10/stream_gen_RBF_drift.arff,1,25500.0,1.671875,1.2802451642023198E-9,25500.0,0.904,0.52,0.52,0.06976744186046512,0.2,0.9518072289156627,0.52,0.9,0.1,25500.0,2960.0,8.0
meta.DynamicWeightedMajority -l (trees.HoeffdingTree -e 2000000 -g 100 -c 0.01) -e 10,ArffFileStream -f ./../../../Dataset/Synthetic_IM10/stream_gen_RBF_drift.arff,1,26000.0,1.703125,1.3041749803556342E-9,26000.0,0.912,0.5217391304347826,0.5217391304347826,0.0762512596573732,0.20851441405707477,0.9558232931726908,0.5217391304347826,0.908,0.092,26000.0,2960.0,9.0
meta.DynamicWeightedMajority -l (trees.HoeffdingTree -e 2000000 -g 100 -c 0.01) -e 10,ArffFileStream -f ./../../../Dataset/Synthetic_IM10/stream_gen_RBF_drift.arff,1,26500.0,1.71875,1.3161398884322914E-9,26500.0,0.91,0.5408163265306123,0.5408163265306123,0.138195189214034,0.2857142857142857,0.9546370967741935,0.5408163265306123,0.902,0.098,26500.0,2960.0,9.0
meta.DynamicWeightedMajority -l (trees.HoeffdingTree -e 2000000 -g 100 -c 0.01) -e 10,ArffFileStream -f ./../../../Dataset/Synthetic_IM10/stream_gen_RBF_drift.arff,1,27000.0,1.765625,1.352034612662263E-9,27000.0,0.936,0.6825648219376442,0.6825648219376442,0.5021469911008775,0.6054192120188715,0.9414596783017836,0.6825648219376442,0.902,0.098,27000.0,2960.0,9.0
meta.DynamicWeightedMajority -l (trees.HoeffdingTree -e 2000000 -g 100 -c 0.01) -e 10,ArffFileStream -f ./../../../Dataset/Synthetic_IM10/stream_gen_RBF_drift.arff,1,27500.0,1.78125,1.3639995207389202E-9,27500.0,0.95,0.7331521739130435,0.7331521739130435,0.5785569790964261,0.6861993625888845,0.8910308996445173,0.7331521739130435,0.92,0.08,27500.0,2960.0,7.0
meta.DynamicWeightedMajority -l (trees.HoeffdingTree -e 2000000 -g 100 -c 0.01) -e 10,ArffFileStream -f ./../../../Dataset/Synthetic_IM10/stream_gen_RBF_drift.arff,1,28000.0,1.8125,1.3879293368922346E-9,28000.0,0.958,0.8749195624195625,0.8749195624195624,0.7802795680924082,0.868344332060663,0.9070920127516485,0.8749195624195625,0.888,0.112,28000.0,2960.0,7.0
meta.DynamicWeightedMajority -l (trees.HoeffdingTree -e 2000000 -g 100 -c 0.01) -e 10,ArffFileStream -f ./../../../Dataset/Synthetic_IM10/stream_gen_RBF_drift.arff,1,28500.0,1.828125,1.3998942449688918E-9,28500.0,0.938,0.7556776556776557,0.7556776556776557,0.5746432491767288,0.7222269183654965,0.8304089876293865,0.7556776556776557,0.91,0.09,28500.0,2960.0,3.0
meta.DynamicWeightedMajority -l (trees.HoeffdingTree -e 2000000 -g 100 -c 0.01) -e 10,ArffFileStream -f ./../../../Dataset/Synthetic_IM10/stream_gen_RBF_drift.arff,1,29000.0,1.828125,1.3998942449688918E-9,29000.0,0.944,0.7835663665964374,0.7835663665964374,0.6285289747399703,0.7584990571954117,0.8545258620689655,0.7835663665964374,0.908,0.092,29000.0,2960.0,3.0
meta.DynamicWeightedMajority -l (trees.HoeffdingTree -e 2000000 -g 100 -c 0.01) -e 10,ArffFileStream -f ./../../../Dataset/Synthetic_IM10/stream_gen_RBF_drift.arff,1,29500.0,1.84375,1.411859153045549E-9,29500.0,0.954,0.7957610299730293,0.7957610299730293,0.6690457004719697,0.7724717700274153,0.8880876068376069,0.7957610299730293,0.914,0.086,29500.0,2960.0,2.0
meta.DynamicWeightedMajority -l (trees.HoeffdingTree -e 2000000 -g 100 -c 0.01) -e 10,ArffFileStream -f ./../../../Dataset/Synthetic_IM10/stream_gen_RBF_drift.arff,1,30000.0,1.859375,1.4238240611222062E-9,30000.0,0.946,0.8450677472457895,0.8450677472457896,0.7077922077922078,0.8353043256498104,0.8633333333333333,0.8450677472457895,0.894,0.106,30000.0,2960.0,2.0
meta.DynamicWeightedMajority -l (trees.HoeffdingTree -e 2000000 -g 100 -c 0.01) -e 10,ArffFileStream -f ./../../../Dataset/Synthetic_IM10/stream_gen_RBF_drift.arff,1,30500.0,1.875,1.4357889691988634E-9,30500.0,0.936,0.6786435583110234,0.6786435583110234,0.4874094957390914,0.6000876675733807,0.9161833898676004,0.6786435583110234,0.906,0.094,30500.0,2960.0,2.0
meta.DynamicWeightedMajority -l (trees.HoeffdingTree -e 2000000 -g 100 -c 0.01) -e 10,ArffFileStream -f ./../../../Dataset/Synthetic_IM10/stream_gen_RBF_drift.arff,1,31000.0,1.875,1.4357889691988634E-9,31000.0,0.942,0.7513612764340889,0.7513612764340889,0.6216075156576201,0.7113472727038345,0.922340425531915,0.7513612764340889,0.894,0.106,31000.0,2960.0,2.0
meta.DynamicWeightedMajority -l (trees.HoeffdingTree -e 2000000 -g 100 -c 0.01) -e 10,ArffFileStream -f ./../../../Dataset/Synthetic_IM10/stream_gen_RBF_drift.arff,1,31500.0,1.890625,1.4477538772755206E-9,31500.0,0.948,0.7872163478674112,0.7872163478674112,0.6905498690787908,0.7591663918734003,0.9456221198156682,0.7872163478674112,0.886,0.114,31500.0,2960.0,4.0
meta.DynamicWeightedMajority -l (trees.HoeffdingTree -e 2000000 -g 100 -c 0.01) -e 10,ArffFileStream -f ./../../../Dataset/Synthetic_IM10/stream_gen_RBF_drift.arff,1,32000.0,1.90625,1.4597187853521778E-9,32000.0,0.924,0.5128205128205128,0.5128205128205128,0.046280493926312616,0.16012815380508713,0.9619238476953909,0.5128205128205128,0.922,0.078,32000.0,2960.0,5.0
meta.DynamicWeightedMajority -l (trees.HoeffdingTree -e 2000000 -g 100 -c 0.01) -e 10,ArffFileStream -f ./../../../Dataset/Synthetic_IM10/stream_gen_RBF_drift.arff,1,32500.0,1.9375,1.4836486015054922E-9,32500.0,0.91,0.51001221001221,0.51001221001221,0.03516295025728988,0.14890729388912477,0.7058232931726908,0.51001221001221,0.91,0.09,32500.0,2960.0,8.0
meta.DynamicWeightedMajority -l (trees.HoeffdingTree -e 2000000 -g 100 -c 0.01) -e 10,ArffFileStream -f ./../../../Dataset/Synthetic_IM10/stream_gen_RBF_drift.arff,1,33000.0,1.953125,1.4956135095821494E-9,33000.0,0.916,0.5116279069767442,0.5116279069767442,0.041708496851327916,0.15249857033260467,0.9579158316633267,0.5116279069767442,0.914,0.086,33000.0,2960.0,10.0
meta.DynamicWeightedMajority -l (trees.HoeffdingTree -e 2000000 -g 100 -c 0.01) -e 10,ArffFileStream -f ./../../../Dataset/Synthetic_IM10/stream_gen_RBF_drift.arff,1,33500.0,1.984375,1.5195433257354638E-9,33500.0,0.91,0.5,0.5,0.0,0.0,0.91,0.5,0.91,0.09,33500.0,2960.0,10.0
meta.DynamicWeightedMajority -l (trees.HoeffdingTree -e 2000000 -g 100 -c 0.01) -e 10,ArffFileStream -f ./../../../Dataset/Synthetic_IM10/stream_gen_RBF_drift.arff,1,34000.0,2.015625,1.5434731418887782E-9,34000.0,0.916,0.5,0.5,0.0,0.0,0.916,0.5,0.916,0.084,34000.0,2960.0,10.0
meta.DynamicWeightedMajority -l (trees.HoeffdingTree -e 2000000 -g 100 -c 0.01) -e 10,ArffFileStream -f ./../../../Dataset/Synthetic_IM10/stream_gen_RBF_drift.arff,1,34500.0,2.046875,1.5674029580420926E-9,34500.0,0.908,0.5,0.5,0.0,0.0,0.908,0.5,0.908,0.092,34500.0,2960.0,10.0
meta.DynamicWeightedMajority -l (trees.HoeffdingTree -e 2000000 -g 100 -c 0.01) -e 10,ArffFileStream -f ./../../../Dataset/Synthetic_IM10/stream_gen_RBF_drift.arff,1,35000.0,2.0625,1.5793678661187498E-9,35000.0,0.904,0.5294117647058824,0.5294117647058824,0.10092155540570914,0.24253562503633297,0.9517102615694165,0.5294117647058824,0.898,0.102,35000.0,2960.0,10.0
meta.DynamicWeightedMajority -l (trees.HoeffdingTree -e 2000000 -g 100 -c 0.01) -e 10,ArffFileStream -f ./../../../Dataset/Synthetic_IM10/stream_gen_RBF_drift.arff,1,35500.0,2.09375,1.6032976822720642E-9,35500.0,0.918,0.5641160697184447,0.5641160697184449,0.20714727722772278,0.36075958937416563,0.8880034772529701,0.5641160697184447,0.908,0.092,35500.0,2960.0,10.0
meta.DynamicWeightedMajority -l (trees.HoeffdingTree -e 2000000 -g 100 -c 0.01) -e 10,ArffFileStream -f ./../../../Dataset/Synthetic_IM10/stream_gen_RBF_drift.arff,1,36000.0,2.125,1.6272274984253786E-9,36000.0,0.918,0.5638297872340425,0.5638297872340425,0.209592843923504,0.3572948005052482,0.958502024291498,0.5638297872340425,0.906,0.094,36000.0,2960.0,10.0
meta.DynamicWeightedMajority -l (trees.HoeffdingTree -e 2000000 -g 100 -c 0.01) -e 10,ArffFileStream -f ./../../../Dataset/Synthetic_IM10/stream_gen_RBF_drift.arff,1,36500.0,2.15625,1.651157314578693E-9,36500.0,0.918,0.4989130434782609,0.49891304347826093,-0.0039177277179236044,0.0,0.45991983967935873,0.4989130434782609,0.92,0.08,36500.0,2960.0,10.0
meta.DynamicWeightedMajority -l (trees.HoeffdingTree -e 2000000 -g 100 -c 0.01) -e 10,ArffFileStream -f ./../../../Dataset/Synthetic_IM10/stream_gen_RBF_drift.arff,1,37000.0,2.171875,1.6631222226553502E-9,37000.0,0.896,0.49888641425389757,0.49888641425389757,-0.0039385280716657655,0.0,0.44889779559118237,0.49888641425389757,0.898,0.102,37000.0,2960.0,10.0
meta.DynamicWeightedMajority -l (trees.HoeffdingTree -e 2000000 -g 100 -c 0.01) -e 10,ArffFileStream -f ./../../../Dataset/Synthetic_IM10/stream_gen_RBF_drift.arff,1,37500.0,2.1875,1.6750871307320074E-9,37500.0,0.902,0.5,0.5,0.0,0.0,0.902,0.5,0.902,0.098,37500.0,2960.0,10.0
meta.DynamicWeightedMajority -l (trees.HoeffdingTree -e 2000000 -g 100 -c 0.01) -e 10,ArffFileStream -f ./../../../Dataset/Synthetic_IM10/stream_gen_RBF_drift.arff,1,38000.0,2.21875,1.6990169468853218E-9,38000.0,0.89,0.5,0.5,0.0,0.0,0.89,0.5,0.89,0.11,38000.0,2960.0,10.0
meta.DynamicWeightedMajority -l (trees.HoeffdingTree -e 2000000 -g 100 -c 0.01) -e 10,ArffFileStream -f ./../../../Dataset/Synthetic_IM10/stream_gen_RBF_drift.arff,1,38500.0,2.25,1.7229467630386362E-9,38500.0,0.902,0.5545454545454546,0.5545454545454546,0.1789544235924933,0.3302891295379082,0.9504048582995952,0.5545454545454546,0.89,0.11,38500.0,2960.0,10.0
meta.DynamicWeightedMajority -l (trees.HoeffdingTree -e 2000000 -g 100 -c 0.01) -e 10,ArffFileStream -f ./../../../Dataset/Synthetic_IM10/stream_gen_RBF_drift.arff,1,39000.0,2.28125,1.7468765791919506E-9,39000.0,0.902,0.51,0.51,0.03543307086614173,0.1414213562373095,0.9509018036072144,0.51,0.9,0.1,39000.0,2960.0,10.0
meta.DynamicWeightedMajority -l (trees.HoeffdingTree -e 2000000 -g 100 -c 0.01) -e 10,ArffFileStream -f ./../../../Dataset/Synthetic_IM10/stream_gen_RBF_drift.arff,1,39500.0,2.3125,1.770806395345265E-9,39500.0,0.93,0.5138888888888888,0.5138888888888888,0.05035815064032993,0.16666666666666666,0.9649298597194389,0.5138888888888888,0.928,0.072,39500.0,2960.0,10.0
meta.DynamicWeightedMajority -l (trees.HoeffdingTree -e 2000000 -g 100 -c 0.01) -e 10,ArffFileStream -f ./../../../Dataset/Synthetic_IM10/stream_gen_RBF_drift.arff,1,40000.0,2.34375,1.7947362114985794E-9,40000.0,0.908,0.5818181818181818,0.5818181818181818,0.25830377297645923,0.40451991747794525,0.9531568228105907,0.5818181818181818,0.89,0.11,40000.0,2960.0,10.0
meta.DynamicWeightedMajority -l (trees.HoeffdingTree -e 2000000 -g 100 -c 0.01) -e 10,ArffFileStream -f ./../../../Dataset/Synthetic_IM10/stream_gen_RBF_drift.arff,1,40500.0,2.359375,1.8067011195752366E-9,40500.0,0.946,0.7034489633173844,0.7034489633173844,0.5474051227035001,0.6389004460041535,0.9466571834992887,0.7034489633173844,0.912,0.088,40500.0,2960.0,10.0
meta.DynamicWeightedMajority -l (trees.HoeffdingTree -e 2000000 -g 100 -c 0.01) -e 10,ArffFileStream -f ./../../../Dataset/Synthetic_IM10/stream_gen_RBF_drift.arff,1,41000.0,2.390625,1.830630935728551E-9,41000.0,0.95,0.7093023255813954,0.7093023255813953,0.5682508980381321,0.6469966392206306,0.9740663900414938,0.7093023255813954,0.914,0.086,41000.0,2960.0,10.0
meta.DynamicWeightedMajority -l (trees.HoeffdingTree -e 2000000 -g 100 -c 0.01) -e 10,ArffFileStream -f ./../../../Dataset/Synthetic_IM10/stream_gen_RBF_drift.arff,1,41500.0,2.421875,1.8545607518818653E-9,41500.0,0.932,0.6136363636363636,0.6136363636363636,0.34915773353751917,0.4767312946227962,0.9653061224489796,0.6136363636363636,0.912,0.088,41500.0,2960.0,10.0
meta.DynamicWeightedMajority -l (trees.HoeffdingTree -e 2000000 -g 100 -c 0.01) -e 10,ArffFileStream -f ./../../../Dataset/Synthetic_IM10/stream_gen_RBF_drift.arff,1,42000.0,2.453125,1.8784905680351797E-9,42000.0,0.922,0.6176470588235294,0.6176470588235294,0.3559254855330955,0.48507125007266594,0.9600409836065573,0.6176470588235294,0.898,0.102,42000.0,2960.0,10.0
meta.DynamicWeightedMajority -l (trees.HoeffdingTree -e 2000000 -g 100 -c 0.01) -e 10,ArffFileStream -f ./../../../Dataset/Synthetic_IM10/stream_gen_RBF_drift.arff,1,42500.0,2.484375,1.902420384188494E-9,42500.0,0.908,0.5490196078431373,0.5490196078431373,0.16333212077118953,0.3131121455425747,0.9535353535353535,0.5490196078431373,0.898,0.102,42500.0,2960.0,10.0
meta.DynamicWeightedMajority -l (trees.HoeffdingTree -e 2000000 -g 100 -c 0.01) -e 10,ArffFileStream -f ./../../../Dataset/Synthetic_IM10/stream_gen_RBF_drift.arff,1,43000.0,2.515625,1.9263502003418085E-9,43000.0,0.928,0.6265558217087032,0.6265558217087033,0.3745222044617416,0.5047331280051346,0.9256041699573527,0.6265558217087032,0.906,0.094,43000.0,2960.0,10.0
meta.DynamicWeightedMajority -l (trees.HoeffdingTree -e 2000000 -g 100 -c 0.01) -e 10,ArffFileStream -f ./../../../Dataset/Synthetic_IM10/stream_gen_RBF_drift.arff,1,43500.0,2.546875,1.950280016495123E-9,43500.0,0.916,0.6120889789371491,0.6120889789371491,0.33590538232875844,0.47529840403243057,0.9194440056863056,0.6120889789371491,0.894,0.106,43500.0,2960.0,10.0
meta.DynamicWeightedMajority -l (trees.HoeffdingTree -e 2000000 -g 100 -c 0.01) -e 10,ArffFileStream -f ./../../../Dataset/Synthetic_IM10/stream_gen_RBF_drift.arff,1,44000.0,2.5625,1.96224492457178E-9,44000.0,0.938,0.6417654398003743,0.6417654398003743,0.4130566495001515,0.5339386251210266,0.9307376401832255,0.6417654398003743,0.916,0.084,44000.0,2960.0,10.0
meta.DynamicWeightedMajority -l (trees.HoeffdingTree -e 2000000 -g 100 -c 0.01) -e 10,ArffFileStream -f ./../../../Dataset/Synthetic_IM10/stream_gen_RBF_drift.arff,1,44500.0,2.59375,1.9861747407250945E-9,44500.0,0.91,0.6052631578947368,0.6052631578947368,0.3208982252806954,0.45883146774112354,0.9538934426229508,0.6052631578947368,0.886,0.114,44500.0,2960.0,10.0
meta.DynamicWeightedMajority -l (trees.HoeffdingTree -e 2000000 -g 100 -c 0.01) -e 10,ArffFileStream -f ./../../../Dataset/Synthetic_IM10/stream_gen_RBF_drift.arff,1,45000.0,2.609375,1.9981396488017517E-9,45000.0,0.922,0.6320754716981132,0.6320754716981132,0.39092953523238383,0.5139561687500467,0.9598765432098766,0.6320754716981132,0.894,0.106,45000.0,2960.0,10.0
meta.DynamicWeightedMajority -l (trees.HoeffdingTree -e 2000000 -g 100 -c 0.01) -e 10,ArffFileStream -f ./../../../Dataset/Synthetic_IM10/stream_gen_RBF_drift.arff,1,45500.0,2.640625,2.022069464955066E-9,45500.0,0.934,0.625,0.625,0.3781094527363184,0.5,0.9662576687116564,0.625,0.912,0.088,45500.0,2960.0,10.0
meta.DynamicWeightedMajority -l (trees.HoeffdingTree -e 2000000 -g 100 -c 0.01) -e 10,ArffFileStream -f ./../../../Dataset/Synthetic_IM10/stream_gen_RBF_drift.arff,1,46000.0,2.671875,2.0459992811083805E-9,46000.0,0.942,0.7296531593406593,0.7296531593406594,0.596100278551532,0.6786075756711251,0.9505263157894737,0.7296531593406593,0.896,0.104,46000.0,2960.0,10.0
meta.DynamicWeightedMajority -l (trees.HoeffdingTree -e 2000000 -g 100 -c 0.01) -e 10,ArffFileStream -f ./../../../Dataset/Synthetic_IM10/stream_gen_RBF_drift.arff,1,46500.0,2.6875,2.0579641891850377E-9,46500.0,0.956,0.7555555555555555,0.7555555555555555,0.6554963983714375,0.7149203529842405,0.9769392033542976,0.7555555555555555,0.91,0.09,46500.0,2960.0,10.0
meta.DynamicWeightedMajority -l (trees.HoeffdingTree -e 2000000 -g 100 -c 0.01) -e 10,ArffFileStream -f ./../../../Dataset/Synthetic_IM10/stream_gen_RBF_drift.arff,1,47000.0,2.71875,2.081894005338352E-9,47000.0,0.934,0.6851609240578191,0.6851609240578191,0.5068738792588166,0.6096878619850683,0.9416666666666667,0.6851609240578191,0.898,0.102,47000.0,2960.0,10.0
meta.DynamicWeightedMajority -l (trees.HoeffdingTree -e 2000000 -g 100 -c 0.01) -e 10,ArffFileStream -f ./../../../Dataset/Synthetic_IM10/stream_gen_RBF_drift.arff,1,47500.0,2.75,2.1058238214916665E-9,47500.0,0.93,0.7131147540983607,0.7131147540983607,0.5660583217615552,0.652862549237373,0.9630801687763713,0.7131147540983607,0.878,0.122,47500.0,2960.0,10.0
meta.DynamicWeightedMajority -l (trees.HoeffdingTree -e 2000000 -g 100 -c 0.01) -e 10,ArffFileStream -f ./../../../Dataset/Synthetic_IM10/stream_gen_RBF_drift.arff,1,48000.0,2.765625,2.1177887295683237E-9,48000.0,0.948,0.675,0.675,0.49768160741885625,0.5916079783099616,0.9732510288065843,0.675,0.92,0.08,48000.0,2960.0,10.0
meta.DynamicWeightedMajority -l (trees.HoeffdingTree -e 2000000 -g 100 -c 0.01) -e 10,ArffFileStream -f ./../../../Dataset/Synthetic_IM10/stream_gen_RBF_drift.arff,1,48500.0,2.796875,2.141718545721638E-9,48500.0,0.958,0.7857142857142857,0.7857142857142857,0.706342991386061,0.7559289460184544,0.9777542372881356,0.7857142857142857,0.902,0.098,48500.0,2960.0,10.0
meta.DynamicWeightedMajority -l (trees.HoeffdingTree -e 2000000 -g 100 -c 0.01) -e 10,ArffFileStream -f ./../../../Dataset/Synthetic_IM10/stream_gen_RBF_drift.arff,1,49000.0,2.828125,2.1656483618749525E-9,49000.0,0.952,0.7777777777777778,0.7777777777777778,0.6904024767801857,0.7453559924999299,0.9744680851063829,0.7777777777777778,0.892,0.108,49000.0,2960.0,10.0
meta.DynamicWeightedMajority -l (trees.HoeffdingTree -e 2000000 -g 100 -c 0.01) -e 10,ArffFileStream -f ./../../../Dataset/Synthetic_IM10/stream_gen_RBF_drift.arff,1,49500.0,2.84375,2.1776132699516097E-9,49500.0,0.944,0.7488789237668161,0.7488789237668161,0.6313461133347378,0.7063136157308707,0.9535411622276029,0.7488789237668161,0.892,0.108,49500.0,2960.0,10.0
meta.DynamicWeightedMajority -l (trees.HoeffdingTree -e 2000000 -g 100 -c 0.01) -e 10,ArffFileStream -f ./../../../Dataset/Synthetic_IM10/stream_gen_RBF_drift.arff,1,50000.0,2.875,2.201543086104924E-9,50000.0,0.948,0.6486486486486487,0.6486486486486487,0.4393168291210213,0.5452497568062706,0.9734151329243355,0.6486486486486487,0.926,0.074,50000.0,2960.0,10.0
meta.DynamicWeightedMajority -l (trees.HoeffdingTree -e 2000000 -g 100 -c 0.01) -e 10,ArffFileStream -f ./../../../Dataset/Synthetic_IM10/stream_gen_RBF_drift.arff,1,50500.0,2.890625,2.2135079941815813E-9,50500.0,0.938,0.7232142857142857,0.7232142857142857,0.5888594164456233,0.6681531047810609,0.9673684210526317,0.7232142857142857,0.888,0.112,50500.0,2960.0,10.0
meta.DynamicWeightedMajority -l (trees.HoeffdingTree -e 2000000 -g 100 -c 0.01) -e 10,ArffFileStream -f ./../../../Dataset/Synthetic_IM10/stream_gen_RBF_drift.arff,1,51000.0,2.921875,2.2374378103348957E-9,51000.0,0.952,0.7391304347826086,0.7391304347826086,0.6247185389041782,0.6915640748081247,0.9748953974895398,0.7391304347826086,0.908,0.092,51000.0,2960.0,10.0
meta.DynamicWeightedMajority -l (trees.HoeffdingTree -e 2000000 -g 100 -c 0.01) -e 10,ArffFileStream -f ./../../../Dataset/Synthetic_IM10/stream_gen_RBF_drift.arff,1,51500.0,2.9375,2.249402718411553E-9,51500.0,0.97,0.8392847653966736,0.8392847653966736,0.7730024213075061,0.8245914826364765,0.9528368794326241,0.8392847653966736,0.918,0.082,51500.0,2960.0,10.0
meta.DynamicWeightedMajority -l (trees.HoeffdingTree -e 2000000 -g 100 -c 0.01) -e 10,ArffFileStream -f ./../../../Dataset/Synthetic_IM10/stream_gen_RBF_drift.arff,1,52000.0,2.96875,2.2733325345648673E-9,52000.0,0.942,0.7396196645075569,0.7396196645075568,0.6141975308641975,0.6931103278629366,0.9518831728134054,0.7396196645075569,0.892,0.108,52000.0,2960.0,10.0
meta.DynamicWeightedMajority -l (trees.HoeffdingTree -e 2000000 -g 100 -c 0.01) -e 10,ArffFileStream -f ./../../../Dataset/Synthetic_IM10/stream_gen_RBF_drift.arff,1,52500.0,3.0,2.2972623507181817E-9,52500.0,0.938,0.6025641025641025,0.6025641025641026,0.3224339919566358,0.4529108136578383,0.9684959349593496,0.6025641025641025,0.922,0.078,52500.0,2960.0,10.0
meta.DynamicWeightedMajority -l (trees.HoeffdingTree -e 2000000 -g 100 -c 0.01) -e 10,ArffFileStream -f ./../../../Dataset/Synthetic_IM10/stream_gen_RBF_drift.arff,1,53000.0,3.015625,2.309227258794839E-9,53000.0,0.914,0.5950377747252747,0.5950377747252747,0.291738041902754,0.43803930653074286,0.911600669269381,0.5950377747252747,0.896,0.104,53000.0,2960.0,10.0
meta.DynamicWeightedMajority -l (trees.HoeffdingTree -e 2000000 -g 100 -c 0.01) -e 10,ArffFileStream -f ./../../../Dataset/Synthetic_IM10/stream_gen_RBF_drift.arff,1,53500.0,3.03125,2.321192166871496E-9,53500.0,0.92,0.6088888888888889,0.6088888888888889,0.3288590604026846,0.46852012882170935,0.9183743169398907,0.6088888888888889,0.9,0.1,53500.0,2960.0,10.0
meta.DynamicWeightedMajority -l (trees.HoeffdingTree -e 2000000 -g 100 -c 0.01) -e 10,ArffFileStream -f ./../../../Dataset/Synthetic_IM10/stream_gen_RBF_drift.arff,1,54000.0,3.0625,2.3451219830248105E-9,54000.0,0.934,0.6851609240578191,0.6851609240578191,0.5068738792588166,0.6096878619850683,0.9416666666666667,0.6851609240578191,0.898,0.102,54000.0,2960.0,10.0
meta.DynamicWeightedMajority -l (trees.HoeffdingTree -e 2000000 -g 100 -c 0.01) -e 10,ArffFileStream -f ./../../../Dataset/Synthetic_IM10/stream_gen_RBF_drift.arff,1,54500.0,3.09375,2.369051799178125E-9,54500.0,0.956,0.7969608516483516,0.7969608516483517,0.7155564749689698,0.7712477848294902,0.9619391025641026,0.7969608516483516,0.896,0.104,54500.0,2960.0,10.0
meta.DynamicWeightedMajority -l (trees.HoeffdingTree -e 2000000 -g 100 -c 0.01) -e 10,ArffFileStream -f ./../../../Dataset/Synthetic_IM10/stream_gen_RBF_drift.arff,1,55000.0,3.109375,2.381016707254782E-9,55000.0,0.954,0.7353260869565217,0.7353260869565217,0.600971547536433,0.687702539335646,0.9304602843224973,0.7353260869565217,0.92,0.08,55000.0,2960.0,10.0
meta.DynamicWeightedMajority -l (trees.HoeffdingTree -e 2000000 -g 100 -c 0.01) -e 10,ArffFileStream -f ./../../../Dataset/Synthetic_IM10/stream_gen_RBF_drift.arff,1,55500.0,3.140625,2.4049465234080965E-9,55500.0,0.95,0.7724663374277152,0.7724663374277152,0.6737995824634656,0.7388813962897729,0.9578014184397163,0.7724663374277152,0.894,0.106,55500.0,2960.0,10.0
meta.DynamicWeightedMajority -l (trees.HoeffdingTree -e 2000000 -g 100 -c 0.01) -e 10,ArffFileStream -f ./../../../Dataset/Synthetic_IM10/stream_gen_RBF_drift.arff,1,56000.0,3.15625,2.4169114314847537E-9,56000.0,0.932,0.6792452830188679,0.679245283018868,0.49979403283705054,0.5987408170800917,0.9646569646569647,0.6792452830188679,0.894,0.106,56000.0,2960.0,9.0
meta.DynamicWeightedMajority -l (trees.HoeffdingTree -e 2000000 -g 100 -c 0.01) -e 10,ArffFileStream -f ./../../../Dataset/Synthetic_IM10/stream_gen_RBF_drift.arff,1,56500.0,3.1875,2.440841247638068E-9,56500.0,0.888,0.5555555555555556,0.5555555555555556,0.17931883463274517,0.3333333333333333,0.9432048681541583,0.5555555555555556,0.874,0.126,56500.0,2960.0,9.0
meta.DynamicWeightedMajority -l (trees.HoeffdingTree -e 2000000 -g 100 -c 0.01) -e 10,ArffFileStream -f ./../../../Dataset/Synthetic_IM10/stream_gen_RBF_drift.arff,1,57000.0,3.203125,2.4528061557147253E-9,57000.0,0.928,0.6326530612244898,0.6326530612244898,0.3944694879903115,0.5150787536377128,0.9630390143737166,0.6326530612244898,0.902,0.098,57000.0,2960.0,9.0
meta.DynamicWeightedMajority -l (trees.HoeffdingTree -e 2000000 -g 100 -c 0.01) -e 10,ArffFileStream -f ./../../../Dataset/Synthetic_IM10/stream_gen_RBF_drift.arff,1,57500.0,3.21875,2.4647710637913825E-9,57500.0,0.948,0.7630323751635641,0.7630323751635641,0.6572272319780625,0.726030304723439,0.9562193425580203,0.7630323751635641,0.894,0.106,57500.0,2960.0,8.0
meta.DynamicWeightedMajority -l (trees.HoeffdingTree -e 2000000 -g 100 -c 0.01) -e 10,ArffFileStream -f ./../../../Dataset/Synthetic_IM10/stream_gen_RBF_drift.arff,1,58000.0,3.25,2.488700879944697E-9,58000.0,0.936,0.7453853741017331,0.7453853741017332,0.5663721610927421,0.7074554163525305,0.8390110959704107,0.7453853741017331,0.906,0.094,58000.0,2960.0,8.0
meta.DynamicWeightedMajority -l (trees.HoeffdingTree -e 2000000 -g 100 -c 0.01) -e 10,ArffFileStream -f ./../../../Dataset/Synthetic_IM10/stream_gen_RBF_drift.arff,1,58500.0,3.265625,2.500665788021354E-9,58500.0,0.944,0.7810890934623187,0.7810890934623187,0.6730805155987297,0.7517338360996039,0.9313936781609196,0.7810890934623187,0.884,0.116,58500.0,2960.0,9.0
meta.DynamicWeightedMajority -l (trees.HoeffdingTree -e 2000000 -g 100 -c 0.01) -e 10,ArffFileStream -f ./../../../Dataset/Synthetic_IM10/stream_gen_RBF_drift.arff,1,59000.0,3.28125,2.5126306960980113E-9,59000.0,0.924,0.7196085164835164,0.7196085164835164,0.5185485505777417,0.6717412178333735,0.8228982580156526,0.7196085164835164,0.896,0.104,59000.0,2960.0,8.0
meta.DynamicWeightedMajority -l (trees.HoeffdingTree -e 2000000 -g 100 -c 0.01) -e 10,ArffFileStream -f ./../../../Dataset/Synthetic_IM10/stream_gen_RBF_drift.arff,1,59500.0,3.3125,2.5365605122513257E-9,59500.0,0.92,0.6644093303235515,0.6644093303235517,0.4536414795388734,0.576045521150823,0.9127149816085098,0.6644093303235515,0.886,0.114,59500.0,2960.0,9.0
meta.DynamicWeightedMajority -l (trees.HoeffdingTree -e 2000000 -g 100 -c 0.01) -e 10,ArffFileStream -f ./../../../Dataset/Synthetic_IM10/stream_gen_RBF_drift.arff,1,60000.0,3.34375,2.56049032840464E-9,60000.0,0.944,0.6585365853658537,0.6585365853658536,0.4601681190714892,0.563092506371473,0.971252566735113,0.6585365853658537,0.918,0.082,60000.0,2960.0,9.0
meta.DynamicWeightedMajority -l (trees.HoeffdingTree -e 2000000 -g 100 -c 0.01) -e 10,ArffFileStream -f ./../../../Dataset/Synthetic_IM10/stream_gen_RBF_drift.arff,1,60500.0,3.375,2.5844201445579545E-9,60500.0,0.904,0.5714285714285714,0.5714285714285714,0.22839506172839505,0.3779644730092272,0.9512195121951219,0.5714285714285714,0.888,0.112,60500.0,2960.0,10.0
meta.DynamicWeightedMajority -l (trees.HoeffdingTree -e 2000000 -g 100 -c 0.01) -e 10,ArffFileStream -f ./../../../Dataset/Synthetic_IM10/stream_gen_RBF_drift.arff,1,61000.0,3.390625,2.5963850526346117E-9,61000.0,0.912,0.5769230769230769,0.5769230769230769,0.24574876577070762,0.3922322702763681,0.9552845528455285,0.5769230769230769,0.896,0.104,61000.0,2960.0,10.0
meta.DynamicWeightedMajority -l (trees.HoeffdingTree -e 2000000 -g 100 -c 0.01) -e 10,ArffFileStream -f ./../../../Dataset/Synthetic_IM10/stream_gen_RBF_drift.arff,1,61500.0,3.421875,2.620314868787926E-9,61500.0,0.914,0.532608695652174,0.5326086956521738,0.11245046235138706,0.2553769592276246,0.9567404426559356,0.532608695652174,0.908,0.092,61500.0,2960.0,10.0
meta.DynamicWeightedMajority -l (trees.HoeffdingTree -e 2000000 -g 100 -c 0.01) -e 10,ArffFileStream -f ./../../../Dataset/Synthetic_IM10/stream_gen_RBF_drift.arff,1,62000.0,3.4375,2.6322797768645832E-9,62000.0,0.932,0.5277777777777778,0.5277777777777778,0.09843020789138736,0.23570226039551584,0.9658634538152611,0.5277777777777778,0.928,0.072,62000.0,2960.0,10.0
meta.DynamicWeightedMajority -l (trees.HoeffdingTree -e 2000000 -g 100 -c 0.01) -e 10,ArffFileStream -f ./../../../Dataset/Synthetic_IM10/stream_gen_RBF_drift.arff,1,62500.0,3.46875,2.6562095930178976E-9,62500.0,0.914,0.5784313725490196,0.5784313725490196,0.25045321433551804,0.3960590171906697,0.9563008130081301,0.5784313725490196,0.898,0.102,62500.0,2960.0,10.0
meta.DynamicWeightedMajority -l (trees.HoeffdingTree -e 2000000 -g 100 -c 0.01) -e 10,ArffFileStream -f ./../../../Dataset/Synthetic_IM10/stream_gen_RBF_drift.arff,1,63000.0,3.484375,2.668174501094555E-9,63000.0,0.936,0.6363636363636364,0.6363636363636364,0.40617577197149646,0.5222329678670935,0.9672131147540983,0.6363636363636364,0.912,0.088,63000.0,2960.0,10.0
meta.DynamicWeightedMajority -l (trees.HoeffdingTree -e 2000000 -g 100 -c 0.01) -e 10,ArffFileStream -f ./../../../Dataset/Synthetic_IM10/stream_gen_RBF_drift.arff,1,63500.0,3.515625,2.6921043172478692E-9,63500.0,0.914,0.5520877366023202,0.5520877366023202,0.17103639728562617,0.32580383317384376,0.8741565452091768,0.5520877366023202,0.906,0.094,63500.0,2960.0,10.0
meta.DynamicWeightedMajority -l (trees.HoeffdingTree -e 2000000 -g 100 -c 0.01) -e 10,ArffFileStream -f ./../../../Dataset/Synthetic_IM10/stream_gen_RBF_drift.arff,1,64000.0,3.53125,2.7040692253245264E-9,64000.0,0.912,0.4989059080962801,0.4989059080962801,-0.003924431870037419,0.0,0.45691382765531063,0.4989059080962801,0.914,0.086,64000.0,2960.0,10.0
meta.DynamicWeightedMajority -l (trees.HoeffdingTree -e 2000000 -g 100 -c 0.01) -e 10,ArffFileStream -f ./../../../Dataset/Synthetic_IM10/stream_gen_RBF_drift.arff,1,64500.0,3.5625,2.727999041477841E-9,64500.0,0.908,0.5576923076923077,0.5576923076923077,0.18945587820693544,0.3396831102433787,0.9534412955465588,0.5576923076923077,0.896,0.104,64500.0,2960.0,10.0
meta.DynamicWeightedMajority -l (trees.HoeffdingTree -e 2000000 -g 100 -c 0.01) -e 10,ArffFileStream -f ./../../../Dataset/Synthetic_IM10/stream_gen_RBF_drift.arff,1,65000.0,3.578125,2.739963949554498E-9,65000.0,0.91,0.5408163265306123,0.5408163265306123,0.138195189214034,0.2857142857142857,0.9546370967741935,0.5408163265306123,0.902,0.098,65000.0,2960.0,10.0
meta.DynamicWeightedMajority -l (trees.HoeffdingTree -e 2000000 -g 100 -c 0.01) -e 10,ArffFileStream -f ./../../../Dataset/Synthetic_IM10/stream_gen_RBF_drift.arff,1,65500.0,3.609375,2.7638937657078124E-9,65500.0,0.892,0.5977011494252874,0.5977011494252874,0.290407358738502,0.44618433384657846,0.8797250859106529,0.5977011494252874,0.87,0.13,65500.0,2960.0,10.0
meta.DynamicWeightedMajority -l (trees.HoeffdingTree -e 2000000 -g 100 -c 0.01) -e 10,ArffFileStream -f ./../../../Dataset/Synthetic_IM10/stream_gen_RBF_drift.arff,1,66000.0,3.625,2.7758586737844696E-9,66000.0,0.9,0.5914339210485255,0.5914339210485255,0.27274842913660696,0.4340137326310563,0.8445032333921223,0.5914339210485255,0.884,0.116,66000.0,2960.0,10.0
meta.DynamicWeightedMajority -l (trees.HoeffdingTree -e 2000000 -g 100 -c 0.01) -e 10,ArffFileStream -f ./../../../Dataset/Synthetic_IM10/stream_gen_RBF_drift.arff,1,66500.0,3.640625,2.787823581861127E-9,66500.0,0.928,0.660377358490566,0.6603773584905661,0.4577986625700343,0.5663521139548541,0.9627329192546583,0.660377358490566,0.894,0.106,66500.0,2960.0,10.0
meta.DynamicWeightedMajority -l (trees.HoeffdingTree -e 2000000 -g 100 -c 0.01) -e 10,ArffFileStream -f ./../../../Dataset/Synthetic_IM10/stream_gen_RBF_drift.arff,1,67000.0,3.671875,2.8117533980144412E-9,67000.0,0.93,0.6354166666666666,0.6354166666666667,0.40175030767127035,0.5204164998665332,0.9640657084188912,0.6354166666666666,0.904,0.096,67000.0,2960.0,10.0
meta.DynamicWeightedMajority -l (trees.HoeffdingTree -e 2000000 -g 100 -c 0.01) -e 10,ArffFileStream -f ./../../../Dataset/Synthetic_IM10/stream_gen_RBF_drift.arff,1,67500.0,3.6875,2.8237183060910984E-9,67500.0,0.92,0.5918367346938775,0.5918367346938775,0.2887118571733409,0.4285714285714286,0.9592668024439919,0.5918367346938775,0.902,0.098,67500.0,2960.0,10.0
meta.DynamicWeightedMajority -l (trees.HoeffdingTree -e 2000000 -g 100 -c 0.01) -e 10,ArffFileStream -f ./../../../Dataset/Synthetic_IM10/stream_gen_RBF_drift.arff,1,68000.0,3.71875,2.847648122244413E-9,68000.0,0.944,0.6666666666666666,0.6666666666666667,0.4780793319415449,0.5773502691896257,0.9711934156378601,0.6666666666666666,0.916,0.084,68000.0,2960.0,10.0
meta.DynamicWeightedMajority -l (trees.HoeffdingTree -e 2000000 -g 100 -c 0.01) -e 10,ArffFileStream -f ./../../../Dataset/Synthetic_IM10/stream_gen_RBF_drift.arff,1,68500.0,3.75,2.8715779383977272E-9,68500.0,0.938,0.7327586206896551,0.7327586206896552,0.6062792115423694,0.682288239221013,0.96723044397463,0.7327586206896551,0.884,0.116,68500.0,2960.0,10.0
meta.DynamicWeightedMajority -l (trees.HoeffdingTree -e 2000000 -g 100 -c 0.01) -e 10,ArffFileStream -f ./../../../Dataset/Synthetic_IM10/stream_gen_RBF_drift.arff,1,69000.0,3.765625,2.8835428464743844E-9,69000.0,0.928,0.6170212765957447,0.6170212765957447,0.3563612958592577,0.4837794468468967,0.9631901840490797,0.6170212765957447,0.906,0.094,69000.0,2960.0,10.0
meta.DynamicWeightedMajority -l (trees.HoeffdingTree -e 2000000 -g 100 -c 0.01) -e 10,ArffFileStream -f ./../../../Dataset/Synthetic_IM10/stream_gen_RBF_drift.arff,1,69500.0,3.796875,2.907472662627699E-9,69500.0,0.938,0.7552270244968013,0.7552270244968013,0.628047609905932,0.71675008979105,0.9245668678216858,0.7552270244968013,0.884,0.116,69500.0,2960.0,10.0
meta.DynamicWeightedMajority -l (trees.HoeffdingTree -e 2000000 -g 100 -c 0.01) -e 10,ArffFileStream -f ./../../../Dataset/Synthetic_IM10/stream_gen_RBF_drift.arff,1,70000.0,3.828125,2.9314024787810132E-9,70000.0,0.958,0.8462464706859325,0.8462464706859325,0.7605800802626779,0.8341550507726049,0.9243549946567604,0.8462464706859325,0.892,0.108,70000.0,2960.0,10.0
meta.DynamicWeightedMajority -l (trees.HoeffdingTree -e 2000000 -g 100 -c 0.01) -e 10,ArffFileStream -f ./../../../Dataset/Synthetic_IM10/stream_gen_RBF_drift.arff,1,70500.0,3.859375,2.9553322949343276E-9,70500.0,0.956,0.7754919919214691,0.7754919919214691,0.6808078463234868,0.7429470479758319,0.9592827499804244,0.7754919919214691,0.906,0.094,70500.0,2960.0,10.0
meta.DynamicWeightedMajority -l (trees.HoeffdingTree -e 2000000 -g 100 -c 0.01) -e 10,ArffFileStream -f ./../../../Dataset/Synthetic_IM10/stream_gen_RBF_drift.arff,1,71000.0,3.875,2.967297203010985E-9,71000.0,0.964,0.8206521739130435,0.8206521739130435,0.7239263803680982,0.8027127917798225,0.9184397163120568,0.8206521739130435,0.92,0.08,71000.0,2960.0,8.0
meta.DynamicWeightedMajority -l (trees.HoeffdingTree -e 2000000 -g 100 -c 0.01) -e 10,ArffFileStream -f ./../../../Dataset/Synthetic_IM10/stream_gen_RBF_drift.arff,1,71500.0,3.890625,2.979262111087642E-9,71500.0,0.962,0.8750766087844739,0.8750766087844739,0.7944612721765469,0.8679516939340947,0.9231194690265487,0.8750766087844739,0.89,0.11,71500.0,2960.0,9.0
meta.DynamicWeightedMajority -l (trees.HoeffdingTree -e 2000000 -g 100 -c 0.01) -e 10,ArffFileStream -f ./../../../Dataset/Synthetic_IM10/stream_gen_RBF_drift.arff,1,72000.0,3.90625,2.991227019164299E-9,72000.0,0.956,0.7706378088488794,0.7706378088488796,0.6726969769102594,0.7363974281522415,0.9586173320350535,0.7706378088488794,0.908,0.092,72000.0,2960.0,8.0
meta.DynamicWeightedMajority -l (trees.HoeffdingTree -e 2000000 -g 100 -c 0.01) -e 10,ArffFileStream -f ./../../../Dataset/Synthetic_IM10/stream_gen_RBF_drift.arff,1,72500.0,3.921875,3.0031919272409564E-9,72500.0,0.968,0.9121367757057668,0.9121367757057668,0.8566975961021747,0.9089386030017366,0.9464879196385227,0.9121367757057668,0.866,0.134,72500.0,2960.0,5.0
meta.DynamicWeightedMajority -l (trees.HoeffdingTree -e 2000000 -g 100 -c 0.01) -e 10,ArffFileStream -f ./../../../Dataset/Synthetic_IM10/stream_gen_RBF_drift.arff,1,73000.0,3.9375,3.0151568353176136E-9,73000.0,0.956,0.7539189117381371,0.7539189117381371,0.6347213920435678,0.7141171717074635,0.9355573785434327,0.7539189117381371,0.918,0.082,73000.0,2960.0,4.0
meta.DynamicWeightedMajority -l (trees.HoeffdingTree -e 2000000 -g 100 -c 0.01) -e 10,ArffFileStream -f ./../../../Dataset/Synthetic_IM10/stream_gen_RBF_drift.arff,1,73500.0,3.953125,3.027121743394271E-9,73500.0,0.966,0.8693564862104188,0.8693564862104188,0.8096730855351545,0.860481847102572,0.9505582137161084,0.8693564862104188,0.89,0.11,73500.0,2960.0,4.0
meta.DynamicWeightedMajority -l (trees.HoeffdingTree -e 2000000 -g 100 -c 0.01) -e 10,ArffFileStream -f ./../../../Dataset/Synthetic_IM10/stream_gen_RBF_drift.arff,1,74000.0,3.96875,3.039086651470928E-9,74000.0,0.972,0.8409090909090908,0.8409090909090909,0.7962747380675204,0.8257228238447705,0.9851063829787234,0.8409090909090908,0.912,0.088,74000.0,2960.0,4.0
meta.DynamicWeightedMajority -l (trees.HoeffdingTree -e 2000000 -g 100 -c 0.01) -e 10,ArffFileStream -f ./../../../Dataset/Synthetic_IM10/stream_gen_RBF_drift.arff,1,74500.0,3.96875,3.039086651470928E-9,74500.0,0.972,0.9133333333333333,0.9133333333333334,0.8416289592760181,0.9103845341392833,0.9286504424778761,0.9133333333333333,0.9,0.1,74500.0,2960.0,3.0
meta.DynamicWeightedMajority -l (trees.HoeffdingTree -e 2000000 -g 100 -c 0.01) -e 10,ArffFileStream -f ./../../../Dataset/Synthetic_IM10/stream_gen_RBF_drift.arff,1,75000.0,3.984375,3.051051559547585E-9,75000.0,0.946,0.741369592785684,0.741369592785684,0.6035940803382663,0.6972237059605074,0.9169912366114897,0.741369592785684,0.906,0.094,75000.0,2960.0,6.0
meta.DynamicWeightedMajority -l (trees.HoeffdingTree -e 2000000 -g 100 -c 0.01) -e 10,ArffFileStream -f ./../../../Dataset/Synthetic_IM10/stream_gen_RBF_drift.arff,1,75500.0,4.0,3.0630164676242424E-9,75500.0,0.922,0.5851063829787234,0.5851063829787234,0.2709735307312696,0.41256849850351734,0.9603658536585367,0.5851063829787234,0.906,0.094,75500.0,2960.0,6.0
meta.DynamicWeightedMajority -l (trees.HoeffdingTree -e 2000000 -g 100 -c 0.01) -e 10,ArffFileStream -f ./../../../Dataset/Synthetic_IM10/stream_gen_RBF_drift.arff,1,76000.0,4.015625,3.0749813757008996E-9,76000.0,0.958,0.8166666666666667,0.8166666666666667,0.7307692307692307,0.7973288740120562,0.9377880184331797,0.8166666666666667,0.9,0.1,76000.0,2960.0,6.0
meta.DynamicWeightedMajority -l (trees.HoeffdingTree -e 2000000 -g 100 -c 0.01) -e 10,ArffFileStream -f ./../../../Dataset/Synthetic_IM10/stream_gen_RBF_drift.arff,1,76500.0,4.03125,3.0869462837775568E-9,76500.0,0.974,0.8375,0.8375,0.7925973197192087,0.8215838362577492,0.9862579281183932,0.8375,0.92,0.08,76500.0,2960.0,6.0
meta.DynamicWeightedMajority -l (trees.HoeffdingTree -e 2000000 -g 100 -c 0.01) -e 10,ArffFileStream -f ./../../../Dataset/Synthetic_IM10/stream_gen_RBF_drift.arff,1,77000.0,4.046875,3.098911191854214E-9,77000.0,0.956,0.8223040671656567,0.8223040671656568,0.7474399595903936,0.8038608275135022,0.9526670003893432,0.8223040671656567,0.886,0.114,77000.0,2960.0,6.0
meta.DynamicWeightedMajority -l (trees.HoeffdingTree -e 2000000 -g 100 -c 0.01) -e 10,ArffFileStream -f ./../../../Dataset/Synthetic_IM10/stream_gen_RBF_drift.arff,1,77500.0,4.0625,3.110876099930871E-9,77500.0,0.972,0.8727272727272728,0.8727272727272728,0.8390434582662681,0.8633970960424557,0.9847494553376906,0.8727272727272728,0.89,0.11,77500.0,2960.0,3.0
meta.DynamicWeightedMajority -l (trees.HoeffdingTree -e 2000000 -g 100 -c 0.01) -e 10,ArffFileStream -f ./../../../Dataset/Synthetic_IM10/stream_gen_RBF_drift.arff,1,78000.0,4.078125,3.1228410080075284E-9,78000.0,0.96,0.8141092357120232,0.8141092357120232,0.7352115659587989,0.7936293243145469,0.9504250210888328,0.8141092357120232,0.902,0.098,78000.0,2960.0,3.0
meta.DynamicWeightedMajority -l (trees.HoeffdingTree -e 2000000 -g 100 -c 0.01) -e 10,ArffFileStream -f ./../../../Dataset/Synthetic_IM10/stream_gen_RBF_drift.arff,1,78500.0,4.09375,3.1348059160841856E-9,78500.0,0.96,0.8177777777777777,0.8177777777777777,0.7409326424870466,0.7982202425117741,0.9512749305730877,0.8177777777777777,0.9,0.1,78500.0,2960.0,3.0
meta.DynamicWeightedMajority -l (trees.HoeffdingTree -e 2000000 -g 100 -c 0.01) -e 10,ArffFileStream -f ./../../../Dataset/Synthetic_IM10/stream_gen_RBF_drift.arff,1,79000.0,4.09375,3.1348059160841856E-9,79000.0,0.956,0.8517683528251374,0.8517683528251374,0.7314321988378338,0.8420403703777634,0.8811256424609435,0.8517683528251374,0.906,0.094,79000.0,2960.0,3.0
meta.DynamicWeightedMajority -l (trees.HoeffdingTree -e 2000000 -g 100 -c 0.01) -e 10,ArffFileStream -f ./../../../Dataset/Synthetic_IM10/stream_gen_RBF_drift.arff,1,79500.0,4.109375,3.1467708241608428E-9,79500.0,0.942,0.8096423303834808,0.8096423303834808,0.6495214154500628,0.7928980487012302,0.8418655539158313,0.8096423303834808,0.904,0.096,79500.0,2960.0,3.0
meta.DynamicWeightedMajority -l (trees.HoeffdingTree -e 2000000 -g 100 -c 0.01) -e 10,ArffFileStream -f ./../../../Dataset/Synthetic_IM10/stream_gen_RBF_drift.arff,1,80000.0,4.125,3.1587357322375E-9,80000.0,0.936,0.8156342182890854,0.8156342182890856,0.6312684365781711,0.8019151118464283,0.8156342182890854,0.8156342182890854,0.904,0.096,80000.0,2960.0,3.0
meta.DynamicWeightedMajority -l (trees.HoeffdingTree -e 2000000 -g 100 -c 0.01) -e 10,ArffFileStream -f ./../../../Dataset/Synthetic_IM10/stream_gen_RBF_drift.arff,1,80500.0,4.125,3.1587357322375E-9,80500.0,0.97,0.8781077924244953,0.8781077924244952,0.7838118298166724,0.8713317903858974,0.9069683908045978,0.8781077924244953,0.922,0.078,80500.0,2960.0,3.0
meta.DynamicWeightedMajority -l (trees.HoeffdingTree -e 2000000 -g 100 -c 0.01) -e 10,ArffFileStream -f ./../../../Dataset/Synthetic_IM10/stream_gen_RBF_drift.arff,1,81000.0,4.140625,3.170700640314157E-9,81000.0,0.946,0.8083791208791209,0.8083791208791209,0.6803674590396818,0.78948272117442,0.8817418566342526,0.8083791208791209,0.896,0.104,81000.0,2960.0,3.0
meta.DynamicWeightedMajority -l (trees.HoeffdingTree -e 2000000 -g 100 -c 0.01) -e 10,ArffFileStream -f ./../../../Dataset/Synthetic_IM10/stream_gen_RBF_drift.arff,1,81500.0,4.15625,3.1826655483908144E-9,81500.0,0.94,0.75,0.75,0.6376811594202898,0.7071067811865476,0.9680851063829787,0.75,0.88,0.12,81500.0,2960.0,5.0
meta.DynamicWeightedMajority -l (trees.HoeffdingTree -e 2000000 -g 100 -c 0.01) -e 10,ArffFileStream -f ./../../../Dataset/Synthetic_IM10/stream_gen_RBF_drift.arff,1,82000.0,4.171875,3.1946304564674716E-9,82000.0,0.924,0.5128205128205128,0.5128205128205128,0.046280493926312616,0.16012815380508713,0.9619238476953909,0.5128205128205128,0.922,0.078,82000.0,2960.0,6.0
meta.DynamicWeightedMajority -l (trees.HoeffdingTree -e 2000000 -g 100 -c 0.01) -e 10,ArffFileStream -f ./../../../Dataset/Synthetic_IM10/stream_gen_RBF_drift.arff,1,82500.0,4.1875,3.2065953645441288E-9,82500.0,0.93,0.6195652173913043,0.6195652173913043,0.3633585564610012,0.48900964692182575,0.9642126789366053,0.6195652173913043,0.908,0.092,82500.0,2960.0,7.0
meta.DynamicWeightedMajority -l (trees.HoeffdingTree -e 2000000 -g 100 -c 0.01) -e 10,ArffFileStream -f ./../../../Dataset/Synthetic_IM10/stream_gen_RBF_drift.arff,1,83000.0,4.203125,3.218560272620786E-9,83000.0,0.918,0.59,0.5900000000000001,0.28321678321678323,0.4242640687119285,0.9582484725050917,0.59,0.9,0.1,83000.0,2960.0,7.0
meta.DynamicWeightedMajority -l (trees.HoeffdingTree -e 2000000 -g 100 -c 0.01) -e 10,ArffFileStream -f ./../../../Dataset/Synthetic_IM10/stream_gen_RBF_drift.arff,1,83500.0,4.234375,3.2424900887741004E-9,83500.0,0.958,0.7766788766788767,0.7766788766788767,0.6833534378769602,0.7445364694456238,0.9596721843557287,0.7766788766788767,0.91,0.09,83500.0,2960.0,7.0
meta.DynamicWeightedMajority -l (trees.HoeffdingTree -e 2000000 -g 100 -c 0.01) -e 10,ArffFileStream -f ./../../../Dataset/Synthetic_IM10/stream_gen_RBF_drift.arff,1,84000.0,4.25,3.2544549968507576E-9,84000.0,0.966,0.8479380355409227,0.8479380355409227,0.7950424382716049,0.834596569028199,0.9695260879471406,0.8479380355409227,0.894,0.106,84000.0,2960.0,7.0
meta.DynamicWeightedMajority -l (trees.HoeffdingTree -e 2000000 -g 100 -c 0.01) -e 10,ArffFileStream -f ./../../../Dataset/Synthetic_IM10/stream_gen_RBF_drift.arff,1,84500.0,4.265625,3.2664199049274148E-9,84500.0,0.97,0.8530604719764012,0.8530604719764011,0.8033560566334557,0.8406938944638475,0.9706605222734255,0.8530604719764012,0.904,0.096,84500.0,2960.0,7.0
meta.DynamicWeightedMajority -l (trees.HoeffdingTree -e 2000000 -g 100 -c 0.01) -e 10,ArffFileStream -f ./../../../Dataset/Synthetic_IM10/stream_gen_RBF_drift.arff,1,85000.0,4.28125,3.278384813004072E-9,85000.0,0.96,0.8021451829151504,0.8021451829151504,0.7162315550510783,0.7784691217575525,0.9475177304964539,0.8021451829151504,0.908,0.092,85000.0,2960.0,7.0
meta.DynamicWeightedMajority -l (trees.HoeffdingTree -e 2000000 -g 100 -c 0.01) -e 10,ArffFileStream -f ./../../../Dataset/Synthetic_IM10/stream_gen_RBF_drift.arff,1,85500.0,4.3125,3.3023146291573864E-9,85500.0,0.966,0.8794240669240669,0.8794240669240669,0.8161605675231421,0.8723184687598394,0.9430980226386736,0.8794240669240669,0.888,0.112,85500.0,2960.0,7.0
meta.DynamicWeightedMajority -l (trees.HoeffdingTree -e 2000000 -g 100 -c 0.01) -e 10,ArffFileStream -f ./../../../Dataset/Synthetic_IM10/stream_gen_RBF_drift.arff,1,86000.0,4.328125,3.3142795372340436E-9,86000.0,0.948,0.7346938775510204,0.7346938775510203,0.6147691578261127,0.6851187890446743,0.9727463312368974,0.7346938775510204,0.902,0.098,86000.0,2960.0,8.0
meta.DynamicWeightedMajority -l (trees.HoeffdingTree -e 2000000 -g 100 -c 0.01) -e 10,ArffFileStream -f ./../../../Dataset/Synthetic_IM10/stream_gen_RBF_drift.arff,1,86500.0,4.34375,3.3262444453107008E-9,86500.0,0.904,0.5192995158151953,0.5192995158151953,0.06636582898934101,0.20180640400629046,0.7860496311200537,0.5192995158151953,0.902,0.098,86500.0,2960.0,9.0
meta.DynamicWeightedMajority -l (trees.HoeffdingTree -e 2000000 -g 100 -c 0.01) -e 10,ArffFileStream -f ./../../../Dataset/Synthetic_IM10/stream_gen_RBF_drift.arff,1,87000.0,4.359375,3.338209353387358E-9,87000.0,0.912,0.5509771386430679,0.5509771386430677,0.16742355434453526,0.3223913916957586,0.873144399460189,0.5509771386430679,0.904,0.096,87000.0,2960.0,9.0
meta.DynamicWeightedMajority -l (trees.HoeffdingTree -e 2000000 -g 100 -c 0.01) -e 10,ArffFileStream -f ./../../../Dataset/Synthetic_IM10/stream_gen_RBF_drift.arff,1,87500.0,4.375,3.350174261464015E-9,87500.0,0.96,0.7872340425531915,0.7872340425531915,0.7098253148395334,0.7579367289598671,0.9788583509513742,0.7872340425531915,0.906,0.094,87500.0,2960.0,8.0
meta.DynamicWeightedMajority -l (trees.HoeffdingTree -e 2000000 -g 100 -c 0.01) -e 10,ArffFileStream -f ./../../../Dataset/Synthetic_IM10/stream_gen_RBF_drift.arff,1,88000.0,4.390625,3.3621391695406724E-9,88000.0,0.968,0.8583908693814288,0.8583908693814287,0.7923264628004777,0.8477107399705434,0.9454205825696107,0.8583908693814288,0.906,0.094,88000.0,2960.0,6.0
meta.DynamicWeightedMajority -l (trees.HoeffdingTree -e 2000000 -g 100 -c 0.01) -e 10,ArffFileStream -f ./../../../Dataset/Synthetic_IM10/stream_gen_RBF_drift.arff,1,88500.0,4.421875,3.3860689856939867E-9,88500.0,0.962,0.8515996198923028,0.8515996198923028,0.7658945293247905,0.8404563069712664,0.9222826086956522,0.8515996198923028,0.902,0.098,88500.0,2960.0,6.0
meta.DynamicWeightedMajority -l (trees.HoeffdingTree -e 2000000 -g 100 -c 0.01) -e 10,ArffFileStream -f ./../../../Dataset/Synthetic_IM10/stream_gen_RBF_drift.arff,1,89000.0,4.4375,3.398033893770644E-9,89000.0,0.966,0.872884217635389,0.8728842176353889,0.8060954466648417,0.8648487507154734,0.9402910685805422,0.872884217635389,0.894,0.106,89000.0,2960.0,6.0
meta.DynamicWeightedMajority -l (trees.HoeffdingTree -e 2000000 -g 100 -c 0.01) -e 10,ArffFileStream -f ./../../../Dataset/Synthetic_IM10/stream_gen_RBF_drift.arff,1,89500.0,4.453125,3.409998801847301E-9,89500.0,0.98,0.9123563218390804,0.9123563218390804,0.8463996067829934,0.9089276237893512,0.9347387023478919,0.9123563218390804,0.928,0.072,89500.0,2960.0,6.0
meta.DynamicWeightedMajority -l (trees.HoeffdingTree -e 2000000 -g 100 -c 0.01) -e 10,ArffFileStream -f ./../../../Dataset/Synthetic_IM10/stream_gen_RBF_drift.arff,1,90000.0,4.46875,3.4219637099239583E-9,90000.0,0.954,0.7934573293880043,0.7934573293880043,0.6848624356023238,0.768429724937845,0.9172008547008548,0.7934573293880043,0.906,0.094,90000.0,2960.0,6.0
meta.DynamicWeightedMajority -l (trees.HoeffdingTree -e 2000000 -g 100 -c 0.01) -e 10,ArffFileStream -f ./../../../Dataset/Synthetic_IM10/stream_gen_RBF_drift.arff,1,90500.0,4.484375,3.4339286180006155E-9,90500.0,0.962,0.886762360446571,0.886762360446571,0.7656635421805624,0.882048959426945,0.878998778998779,0.886762360446571,0.912,0.088,90500.0,2960.0,6.0
meta.DynamicWeightedMajority -l (trees.HoeffdingTree -e 2000000 -g 100 -c 0.01) -e 10,ArffFileStream -f ./../../../Dataset/Synthetic_IM10/stream_gen_RBF_drift.arff,1,91000.0,4.5,3.4458935260772727E-9,91000.0,0.968,0.8965290498332629,0.896529049833263,0.8084749820445296,0.8921979020518485,0.9123321123321123,0.8965290498332629,0.906,0.094,91000.0,2960.0,6.0
meta.DynamicWeightedMajority -l (trees.HoeffdingTree -e 2000000 -g 100 -c 0.01) -e 10,ArffFileStream -f ./../../../Dataset/Synthetic_IM10/stream_gen_RBF_drift.arff,1,91500.0,4.515625,3.45785843415393E-9,91500.0,0.962,0.854016293107087,0.854016293107087,0.7793161122467943,0.8429502912588673,0.936005406529424,0.854016293107087,0.894,0.106,91500.0,2960.0,6.0
meta.DynamicWeightedMajority -l (trees.HoeffdingTree -e 2000000 -g 100 -c 0.01) -e 10,ArffFileStream -f ./../../../Dataset/Synthetic_IM10/stream_gen_RBF_drift.arff,1,92000.0,4.53125,3.469823342230587E-9,92000.0,0.97,0.85718284056791,0.85718284056791,0.7891837193613672,0.8462846146389563,0.9430068164604898,0.85718284056791,0.914,0.086,92000.0,2960.0,6.0
meta.DynamicWeightedMajority -l (trees.HoeffdingTree -e 2000000 -g 100 -c 0.01) -e 10,ArffFileStream -f ./../../../Dataset/Synthetic_IM10/stream_gen_RBF_drift.arff,1,92500.0,4.546875,3.4817882503072443E-9,92500.0,0.956,0.8487837579007853,0.8487837579007853,0.7259318317719753,0.8385522588518335,0.8786650031191516,0.8487837579007853,0.908,0.092,92500.0,2960.0,6.0
meta.DynamicWeightedMajority -l (trees.HoeffdingTree -e 2000000 -g 100 -c 0.01) -e 10,ArffFileStream -f ./../../../Dataset/Synthetic_IM10/stream_gen_RBF_drift.arff,1,93000.0,4.5625,3.4937531583839015E-9,93000.0,0.962,0.8459620334620335,0.8459620334620335,0.7836385168989706,0.8326412827811901,0.9570912375790424,0.8459620334620335,0.888,0.112,93000.0,2960.0,6.0
meta.DynamicWeightedMajority -l (trees.HoeffdingTree -e 2000000 -g 100 -c 0.01) -e 10,ArffFileStream -f ./../../../Dataset/Synthetic_IM10/stream_gen_RBF_drift.arff,1,93500.0,4.578125,3.5057180664605587E-9,93500.0,0.968,0.8844045839561534,0.8844045839561534,0.8223485521406999,0.8779534112507656,0.9433058800995977,0.8844045839561534,0.892,0.108,93500.0,2960.0,3.0
meta.DynamicWeightedMajority -l (trees.HoeffdingTree -e 2000000 -g 100 -c 0.01) -e 10,ArffFileStream -f ./../../../Dataset/Synthetic_IM10/stream_gen_RBF_drift.arff,1,94000.0,4.59375,3.517682974537216E-9,94000.0,0.974,0.9209295071740486,0.9209295071740486,0.832853322361654,0.9187178132928708,0.9120400997404712,0.9209295071740486,0.916,0.084,94000.0,2960.0,3.0
meta.DynamicWeightedMajority -l (trees.HoeffdingTree -e 2000000 -g 100 -c 0.01) -e 10,ArffFileStream -f ./../../../Dataset/Synthetic_IM10/stream_gen_RBF_drift.arff,1,94500.0,4.59375,3.517682974537216E-9,94500.0,0.962,0.8988888888888888,0.898888888888889,0.7907488986784141,0.8954204474869768,0.8919385125988035,0.8988888888888888,0.9,0.1,94500.0,2960.0,3.0
meta.DynamicWeightedMajority -l (trees.HoeffdingTree -e 2000000 -g 100 -c 0.01) -e 10,ArffFileStream -f ./../../../Dataset/Synthetic_IM10/stream_gen_RBF_drift.arff,1,95000.0,4.609375,3.529647882613873E-9,95000.0,0.964,0.8409100834097558,0.8409100834097559,0.776264107790981,0.8265697839600703,0.9556943552623898,0.8409100834097558,0.898,0.102,95000.0,2960.0,4.0
meta.DynamicWeightedMajority -l (trees.HoeffdingTree -e 2000000 -g 100 -c 0.01) -e 10,ArffFileStream -f ./../../../Dataset/Synthetic_IM10/stream_gen_RBF_drift.arff,1,95500.0,4.625,3.5416127906905303E-9,95500.0,0.974,0.8699048394483742,0.8699048394483742,0.8172925567798516,0.86077245239275,0.9587856601868214,0.8699048394483742,0.914,0.086,95500.0,2960.0,3.0
meta.DynamicWeightedMajority -l (trees.HoeffdingTree -e 2000000 -g 100 -c 0.01) -e 10,ArffFileStream -f ./../../../Dataset/Synthetic_IM10/stream_gen_RBF_drift.arff,1,96000.0,4.640625,3.5535776987671875E-9,96000.0,0.964,0.8505926388022458,0.8505926388022458,0.7498332221480988,0.8396000592623921,0.9037356321839081,0.8505926388022458,0.916,0.084,96000.0,2960.0,3.0
meta.DynamicWeightedMajority -l (trees.HoeffdingTree -e 2000000 -g 100 -c 0.01) -e 10,ArffFileStream -f ./../../../Dataset/Synthetic_IM10/stream_gen_RBF_drift.arff,1,96500.0,4.640625,3.5535776987671875E-9,96500.0,0.982,0.9137898642618947,0.9137898642618947,0.8867639657775541,0.909920586723921,0.9788043478260869,0.9137898642618947,0.906,0.094,96500.0,2960.0,3.0
meta.DynamicWeightedMajority -l (trees.HoeffdingTree -e 2000000 -g 100 -c 0.01) -e 10,ArffFileStream -f ./../../../Dataset/Synthetic_IM10/stream_gen_RBF_drift.arff,1,97000.0,4.65625,3.5655426068438447E-9,97000.0,0.934,0.6828342690788105,0.6828342690788105,0.4602198377388118,0.6124785421952472,0.8205724181934191,0.6828342690788105,0.916,0.084,97000.0,2960.0,4.0
meta.DynamicWeightedMajority -l (trees.HoeffdingTree -e 2000000 -g 100 -c 0.01) -e 10,ArffFileStream -f ./../../../Dataset/Synthetic_IM10/stream_gen_RBF_drift.arff,1,97500.0,4.671875,3.577507514920502E-9,97500.0,0.902,0.5,0.5,0.0,0.0,0.902,0.5,0.902,0.098,97500.0,2960.0,6.0
meta.DynamicWeightedMajority -l (trees.HoeffdingTree -e 2000000 -g 100 -c 0.01) -e 10,ArffFileStream -f ./../../../Dataset/Synthetic_IM10/stream_gen_RBF_drift.arff,1,98000.0,4.6875,3.589472422997159E-9,98000.0,0.88,0.5,0.5,0.0,0.0,0.88,0.5,0.88,0.12,98000.0,2960.0,8.0
meta.DynamicWeightedMajority -l (trees.HoeffdingTree -e 2000000 -g 100 -c 0.01) -e 10,ArffFileStream -f ./../../../Dataset/Synthetic_IM10/stream_gen_RBF_drift.arff,1,98500.0,4.703125,3.6014373310738163E-9,98500.0,0.898,0.5,0.5,0.0,0.0,0.898,0.5,0.898,0.102,98500.0,2960.0,9.0
meta.DynamicWeightedMajority -l (trees.HoeffdingTree -e 2000000 -g 100 -c 0.01) -e 10,ArffFileStream -f ./../../../Dataset/Synthetic_IM10/stream_gen_RBF_drift.arff,1,99000.0,4.71875,3.6134022391504735E-9,99000.0,0.906,0.5104166666666666,0.5104166666666667,0.03704310768726438,0.14433756729740643,0.9529058116232465,0.5104166666666666,0.904,0.096,99000.0,2960.0,10.0
meta.DynamicWeightedMajority -l (trees.HoeffdingTree -e 2000000 -g 100 -c 0.01) -e 10,ArffFileStream -f ./../../../Dataset/Synthetic_IM10/stream_gen_RBF_drift.arff,1,99500.0,4.75,3.637332055303788E-9,99500.0,0.89,0.5,0.5,0.0,0.0,0.89,0.5,0.89,0.11,99500.0,2960.0,10.0
meta.DynamicWeightedMajority -l (trees.HoeffdingTree -e 2000000 -g 100 -c 0.01) -e 10,ArffFileStream -f ./../../../Dataset/Synthetic_IM10/stream_gen_RBF_drift.arff,1,100000.0,4.765625,3.649296963380445E-9,100000.0,0.914,0.5,0.5,0.0,0.0,0.914,0.5,0.914,0.086,100000.0,2960.0,10.0
