Learner,stream,randomSeed,learning evaluation instances,evaluation time (cpu seconds),model cost (RAM-Hours),classified instances,Accuracy,AvgAccuracy,AUC,Kappa,G-Mean,Precision,Recall,Ratio-Class-0,Ratio-Class-1,model training instances,model serialized size (bytes)
meta.imbalanced.OnlineRUSBoost -l (trees.HoeffdingTree -e 2000000 -g 100 -c 0.01),ArffFileStream -f ./../../../Dataset/Synthetic_IM10/stream_gen_hyperplane.arff,1,500.0,0.140625,1.169973984360695E-10,500.0,0.79,0.5027241557465596,0.5027241557465596,0.004399605552605629,0.3571633212733796,0.5018821391484943,0.5027241557465596,0.906,0.094,500.0,3216.0
meta.imbalanced.OnlineRUSBoost -l (trees.HoeffdingTree -e 2000000 -g 100 -c 0.01),ArffFileStream -f ./../../../Dataset/Synthetic_IM10/stream_gen_hyperplane.arff,1,1000.0,0.1875,1.5599653124809266E-10,1000.0,0.766,0.6388888888888888,0.6388888888888888,0.176056338028169,0.6188160739131889,0.5705815923207227,0.6388888888888888,0.9,0.1,1000.0,3216.0
meta.imbalanced.OnlineRUSBoost -l (trees.HoeffdingTree -e 2000000 -g 100 -c 0.01),ArffFileStream -f ./../../../Dataset/Synthetic_IM10/stream_gen_hyperplane.arff,1,1500.0,0.234375,1.9499566406011582E-10,1500.0,0.684,0.5666666666666667,0.5666666666666667,0.07058823529411765,0.5473572873361604,0.5285714285714286,0.5666666666666667,0.9,0.1,1500.0,3216.0
meta.imbalanced.OnlineRUSBoost -l (trees.HoeffdingTree -e 2000000 -g 100 -c 0.01),ArffFileStream -f ./../../../Dataset/Synthetic_IM10/stream_gen_hyperplane.arff,1,2000.0,0.328125,2.7299392968416216E-10,2000.0,0.77,0.6377591706539075,0.6377591706539075,0.1612696189976078,0.6172364710903101,0.5632045917083991,0.6377591706539075,0.912,0.088,2000.0,3216.0
meta.imbalanced.OnlineRUSBoost -l (trees.HoeffdingTree -e 2000000 -g 100 -c 0.01),ArffFileStream -f ./../../../Dataset/Synthetic_IM10/stream_gen_hyperplane.arff,1,2500.0,0.421875,3.509921953082085E-10,2500.0,0.874,0.5273049645390071,0.5273049645390071,0.046610169491525424,0.3504809259184073,0.5204580477177321,0.5273049645390071,0.94,0.06,2500.0,3216.0
meta.imbalanced.OnlineRUSBoost -l (trees.HoeffdingTree -e 2000000 -g 100 -c 0.01),ArffFileStream -f ./../../../Dataset/Synthetic_IM10/stream_gen_hyperplane.arff,1,3000.0,0.484375,4.029910390575727E-10,3000.0,0.762,0.5771072796934866,0.5771072796934866,0.07968817669987008,0.5351620945404768,0.5302212628170534,0.5771072796934866,0.928,0.072,3000.0,3216.0
meta.imbalanced.OnlineRUSBoost -l (trees.HoeffdingTree -e 2000000 -g 100 -c 0.01),ArffFileStream -f ./../../../Dataset/Synthetic_IM10/stream_gen_hyperplane.arff,1,3500.0,0.546875,4.5498988280693694E-10,3500.0,0.802,0.621594926180079,0.621594926180079,0.15896425173304335,0.5825493052742261,0.5628442462183294,0.621594926180079,0.916,0.084,3500.0,3216.0
meta.imbalanced.OnlineRUSBoost -l (trees.HoeffdingTree -e 2000000 -g 100 -c 0.01),ArffFileStream -f ./../../../Dataset/Synthetic_IM10/stream_gen_hyperplane.arff,1,4000.0,0.625,5.199884374936422E-10,4000.0,0.782,0.6317927762904514,0.6317927762904514,0.17077475503621203,0.6041050683729857,0.5681332556332557,0.6317927762904514,0.906,0.094,4000.0,3216.0
meta.imbalanced.OnlineRUSBoost -l (trees.HoeffdingTree -e 2000000 -g 100 -c 0.01),ArffFileStream -f ./../../../Dataset/Synthetic_IM10/stream_gen_hyperplane.arff,1,4500.0,0.671875,5.589875703056653E-10,4500.0,0.7,0.6245078962848998,0.6245078962848997,0.12796781619886985,0.6174088751976385,0.5518261098867981,0.6245078962848998,0.902,0.098,4500.0,3216.0
meta.imbalanced.OnlineRUSBoost -l (trees.HoeffdingTree -e 2000000 -g 100 -c 0.01),ArffFileStream -f ./../../../Dataset/Synthetic_IM10/stream_gen_hyperplane.arff,1,5000.0,0.703125,5.849869921803475E-10,5000.0,0.73,0.6126297496594806,0.6126297496594806,0.12442276760234525,0.5953335672275726,0.5493659420289855,0.6126297496594806,0.906,0.094,5000.0,3216.0
meta.imbalanced.OnlineRUSBoost -l (trees.HoeffdingTree -e 2000000 -g 100 -c 0.01),ArffFileStream -f ./../../../Dataset/Synthetic_IM10/stream_gen_hyperplane.arff,1,5500.0,0.78125,6.499855468670528E-10,5500.0,0.788,0.6247660636306924,0.6247660636306925,0.15335463258785942,0.5931612760780601,0.5599999999999999,0.6247660636306924,0.916,0.084,5500.0,3216.0
meta.imbalanced.OnlineRUSBoost -l (trees.HoeffdingTree -e 2000000 -g 100 -c 0.01),ArffFileStream -f ./../../../Dataset/Synthetic_IM10/stream_gen_hyperplane.arff,1,6000.0,0.8125,6.759849687417349E-10,6000.0,0.714,0.6534168956043955,0.6534168956043956,0.16662781481654157,0.6489239825779558,0.5678191237025371,0.6534168956043955,0.896,0.104,6000.0,3216.0
meta.imbalanced.OnlineRUSBoost -l (trees.HoeffdingTree -e 2000000 -g 100 -c 0.01),ArffFileStream -f ./../../../Dataset/Synthetic_IM10/stream_gen_hyperplane.arff,1,6500.0,0.875,7.279838124910991E-10,6500.0,0.712,0.5931614297120849,0.5931614297120849,0.09925688693171866,0.5748228464289378,0.5395284880129138,0.5931614297120849,0.906,0.094,6500.0,3216.0
meta.imbalanced.OnlineRUSBoost -l (trees.HoeffdingTree -e 2000000 -g 100 -c 0.01),ArffFileStream -f ./../../../Dataset/Synthetic_IM10/stream_gen_hyperplane.arff,1,7000.0,0.96875,8.059820781151454E-10,7000.0,0.722,0.616971916971917,0.616971916971917,0.12114314618108245,0.6035305164190824,0.5479421891264312,0.616971916971917,0.91,0.09,7000.0,3216.0
meta.imbalanced.OnlineRUSBoost -l (trees.HoeffdingTree -e 2000000 -g 100 -c 0.01),ArffFileStream -f ./../../../Dataset/Synthetic_IM10/stream_gen_hyperplane.arff,1,7500.0,1.015625,8.449812109271686E-10,7500.0,0.74,0.6304347826086957,0.6304347826086957,0.128686327077748,0.6167939547439613,0.5498960498960499,0.6304347826086957,0.92,0.08,7500.0,3216.0
meta.imbalanced.OnlineRUSBoost -l (trees.HoeffdingTree -e 2000000 -g 100 -c 0.01),ArffFileStream -f ./../../../Dataset/Synthetic_IM10/stream_gen_hyperplane.arff,1,8000.0,1.0625,8.839803437391917E-10,8000.0,0.74,0.5574347527472527,0.5574347527472527,0.07607459631566978,0.5075410041357455,0.530789764359352,0.5574347527472527,0.896,0.104,8000.0,3216.0
meta.imbalanced.OnlineRUSBoost -l (trees.HoeffdingTree -e 2000000 -g 100 -c 0.01),ArffFileStream -f ./../../../Dataset/Synthetic_IM10/stream_gen_hyperplane.arff,1,8500.0,1.109375,9.229794765512149E-10,8500.0,0.778,0.6679540753872779,0.6679540753872779,0.22286322392741123,0.6531920950586808,0.5904235978547405,0.6679540753872779,0.894,0.106,8500.0,3216.0
meta.imbalanced.OnlineRUSBoost -l (trees.HoeffdingTree -e 2000000 -g 100 -c 0.01),ArffFileStream -f ./../../../Dataset/Synthetic_IM10/stream_gen_hyperplane.arff,1,9000.0,1.171875,9.74978320300579E-10,9000.0,0.788,0.6437685121895648,0.6437685121895649,0.1600101432737416,0.6208938940064483,0.5612859362859363,0.6437685121895648,0.924,0.076,9000.0,3216.0
meta.imbalanced.OnlineRUSBoost -l (trees.HoeffdingTree -e 2000000 -g 100 -c 0.01),ArffFileStream -f ./../../../Dataset/Synthetic_IM10/stream_gen_hyperplane.arff,1,9500.0,1.21875,1.0139774531126023E-9,9500.0,0.792,0.5912676199684495,0.5912676199684493,0.12123567783148004,0.5392818320761504,0.5481877535667267,0.5912676199684495,0.914,0.086,9500.0,3216.0
meta.imbalanced.OnlineRUSBoost -l (trees.HoeffdingTree -e 2000000 -g 100 -c 0.01),ArffFileStream -f ./../../../Dataset/Synthetic_IM10/stream_gen_hyperplane.arff,1,10000.0,1.265625,1.0529765859246256E-9,10000.0,0.724,0.6832888365989411,0.6832888365989411,0.19015985540245534,0.6814100472351157,0.5768610410064707,0.6832888365989411,0.902,0.098,10000.0,3216.0
meta.imbalanced.OnlineRUSBoost -l (trees.HoeffdingTree -e 2000000 -g 100 -c 0.01),ArffFileStream -f ./../../../Dataset/Synthetic_IM10/stream_gen_hyperplane.arff,1,10500.0,1.296875,1.0789760077993076E-9,10500.0,0.678,0.6241903338315895,0.6241903338315894,0.12939089807925247,0.6204053836482971,0.5537843232454011,0.6241903338315895,0.892,0.108,10500.0,3216.0
meta.imbalanced.OnlineRUSBoost -l (trees.HoeffdingTree -e 2000000 -g 100 -c 0.01),ArffFileStream -f ./../../../Dataset/Synthetic_IM10/stream_gen_hyperplane.arff,1,11000.0,1.328125,1.1049754296739897E-9,11000.0,0.744,0.6147171700317037,0.6147171700317038,0.11418685121107267,0.5953263662867023,0.5439999999999999,0.6147171700317037,0.922,0.078,11000.0,3216.0
meta.imbalanced.OnlineRUSBoost -l (trees.HoeffdingTree -e 2000000 -g 100 -c 0.01),ArffFileStream -f ./../../../Dataset/Synthetic_IM10/stream_gen_hyperplane.arff,1,11500.0,1.375,1.143974562486013E-9,11500.0,0.768,0.5987742594484168,0.5987742594484168,0.142899364563322,0.5580866188660174,0.5591205888826392,0.5987742594484168,0.89,0.11,11500.0,3216.0
meta.imbalanced.OnlineRUSBoost -l (trees.HoeffdingTree -e 2000000 -g 100 -c 0.01),ArffFileStream -f ./../../../Dataset/Synthetic_IM10/stream_gen_hyperplane.arff,1,12000.0,1.421875,1.1829736952980362E-9,12000.0,0.722,0.563637234246313,0.563637234246313,0.07105431993156544,0.5291719797028772,0.528055139220198,0.563637234246313,0.908,0.092,12000.0,3216.0
meta.imbalanced.OnlineRUSBoost -l (trees.HoeffdingTree -e 2000000 -g 100 -c 0.01),ArffFileStream -f ./../../../Dataset/Synthetic_IM10/stream_gen_hyperplane.arff,1,12500.0,1.46875,1.2219728281100595E-9,12500.0,0.726,0.6055174167302313,0.6055174167302314,0.14503245132301548,0.5837009847196377,0.5603950103950104,0.6055174167302313,0.874,0.126,12500.0,3216.0
meta.imbalanced.OnlineRUSBoost -l (trees.HoeffdingTree -e 2000000 -g 100 -c 0.01),ArffFileStream -f ./../../../Dataset/Synthetic_IM10/stream_gen_hyperplane.arff,1,13000.0,1.515625,1.2609719609220827E-9,13000.0,0.762,0.6257439534000253,0.6257439534000253,0.16685336619244986,0.6013786870074295,0.5676983910553586,0.6257439534000253,0.894,0.106,13000.0,3216.0
meta.imbalanced.OnlineRUSBoost -l (trees.HoeffdingTree -e 2000000 -g 100 -c 0.01),ArffFileStream -f ./../../../Dataset/Synthetic_IM10/stream_gen_hyperplane.arff,1,13500.0,1.546875,1.2869713827967648E-9,13500.0,0.812,0.6764346764346765,0.6764346764346765,0.23515052888527258,0.6559207194714848,0.5938921377517868,0.6764346764346765,0.91,0.09,13500.0,3216.0
meta.imbalanced.OnlineRUSBoost -l (trees.HoeffdingTree -e 2000000 -g 100 -c 0.01),ArffFileStream -f ./../../../Dataset/Synthetic_IM10/stream_gen_hyperplane.arff,1,14000.0,1.59375,1.325970515608788E-9,14000.0,0.778,0.672382005899705,0.6723820058997051,0.21231904626738576,0.659553683900638,0.584472049689441,0.672382005899705,0.904,0.096,14000.0,3216.0
meta.imbalanced.OnlineRUSBoost -l (trees.HoeffdingTree -e 2000000 -g 100 -c 0.01),ArffFileStream -f ./../../../Dataset/Synthetic_IM10/stream_gen_hyperplane.arff,1,14500.0,1.640625,1.3649696484208113E-9,14500.0,0.798,0.6507639926922438,0.6507639926922437,0.2233636811023622,0.6230766786017372,0.5928858304980686,0.6507639926922438,0.892,0.108,14500.0,3216.0
meta.imbalanced.OnlineRUSBoost -l (trees.HoeffdingTree -e 2000000 -g 100 -c 0.01),ArffFileStream -f ./../../../Dataset/Synthetic_IM10/stream_gen_hyperplane.arff,1,15000.0,1.671875,1.3909690702954933E-9,15000.0,0.838,0.6540347293156282,0.6540347293156282,0.27132061892767184,0.6100285497094986,0.6223390446521287,0.6540347293156282,0.89,0.11,15000.0,3216.0
meta.imbalanced.OnlineRUSBoost -l (trees.HoeffdingTree -e 2000000 -g 100 -c 0.01),ArffFileStream -f ./../../../Dataset/Synthetic_IM10/stream_gen_hyperplane.arff,1,15500.0,1.71875,1.4299682031075166E-9,15500.0,0.822,0.6836324730337568,0.6836324730337568,0.2742987606001305,0.6611633632331613,0.6139566395663956,0.6836324730337568,0.898,0.102,15500.0,3216.0
meta.imbalanced.OnlineRUSBoost -l (trees.HoeffdingTree -e 2000000 -g 100 -c 0.01),ArffFileStream -f ./../../../Dataset/Synthetic_IM10/stream_gen_hyperplane.arff,1,16000.0,1.75,1.4559676249821986E-9,16000.0,0.8,0.61924101489148,0.61924101489148,0.1792784215882604,0.576100878638272,0.5746466551846687,0.61924101489148,0.898,0.102,16000.0,3216.0
meta.imbalanced.OnlineRUSBoost -l (trees.HoeffdingTree -e 2000000 -g 100 -c 0.01),ArffFileStream -f ./../../../Dataset/Synthetic_IM10/stream_gen_hyperplane.arff,1,16500.0,1.796875,1.4949667577942219E-9,16500.0,0.818,0.5633555544247112,0.5633555544247112,0.09865293185419968,0.4720038605718043,0.5413621262458472,0.5633555544247112,0.914,0.086,16500.0,3216.0
meta.imbalanced.OnlineRUSBoost -l (trees.HoeffdingTree -e 2000000 -g 100 -c 0.01),ArffFileStream -f ./../../../Dataset/Synthetic_IM10/stream_gen_hyperplane.arff,1,17000.0,1.84375,1.5339658906062451E-9,17000.0,0.856,0.6970495643897796,0.6970495643897796,0.2302099816105718,0.6734590646761103,0.5863462834044464,0.6970495643897796,0.942,0.058,17000.0,3216.0
meta.imbalanced.OnlineRUSBoost -l (trees.HoeffdingTree -e 2000000 -g 100 -c 0.01),ArffFileStream -f ./../../../Dataset/Synthetic_IM10/stream_gen_hyperplane.arff,1,17500.0,1.875,1.5599653124809272E-9,17500.0,0.718,0.6351016799292661,0.6351016799292661,0.17813010025647005,0.6251436616499838,0.5745162297128589,0.6351016799292661,0.87,0.13,17500.0,3216.0
meta.imbalanced.OnlineRUSBoost -l (trees.HoeffdingTree -e 2000000 -g 100 -c 0.01),ArffFileStream -f ./../../../Dataset/Synthetic_IM10/stream_gen_hyperplane.arff,1,18000.0,1.90625,1.5859647343556092E-9,18000.0,0.694,0.6015873015873016,0.6015873015873017,0.09809007309596793,0.5909368402852788,0.5393224440411373,0.6015873015873016,0.91,0.09,18000.0,3216.0
meta.imbalanced.OnlineRUSBoost -l (trees.HoeffdingTree -e 2000000 -g 100 -c 0.01),ArffFileStream -f ./../../../Dataset/Synthetic_IM10/stream_gen_hyperplane.arff,1,18500.0,1.953125,1.6249638671676325E-9,18500.0,0.802,0.6467630722083891,0.6467630722083891,0.19851036269430053,0.6181510387932361,0.5796621182586095,0.6467630722083891,0.908,0.092,18500.0,3216.0
meta.imbalanced.OnlineRUSBoost -l (trees.HoeffdingTree -e 2000000 -g 100 -c 0.01),ArffFileStream -f ./../../../Dataset/Synthetic_IM10/stream_gen_hyperplane.arff,1,19000.0,1.984375,1.6509632890423145E-9,19000.0,0.814,0.5991887905604719,0.599188790560472,0.1562023662626116,0.5369805234790832,0.566071044794449,0.5991887905604719,0.904,0.096,19000.0,3216.0
meta.imbalanced.OnlineRUSBoost -l (trees.HoeffdingTree -e 2000000 -g 100 -c 0.01),ArffFileStream -f ./../../../Dataset/Synthetic_IM10/stream_gen_hyperplane.arff,1,19500.0,2.015625,1.6769627109169965E-9,19500.0,0.82,0.6333655083655083,0.6333655083655083,0.22765343951668268,0.5859245628129899,0.6007412808360675,0.6333655083655083,0.888,0.112,19500.0,3216.0
meta.imbalanced.OnlineRUSBoost -l (trees.HoeffdingTree -e 2000000 -g 100 -c 0.01),ArffFileStream -f ./../../../Dataset/Synthetic_IM10/stream_gen_hyperplane.arff,1,20000.0,2.046875,1.7029621327916786E-9,20000.0,0.862,0.6327199001871491,0.6327199001871491,0.22839506172839505,0.5695540057271131,0.6011049067363669,0.6327199001871491,0.916,0.084,20000.0,3216.0
meta.imbalanced.OnlineRUSBoost -l (trees.HoeffdingTree -e 2000000 -g 100 -c 0.01),ArffFileStream -f ./../../../Dataset/Synthetic_IM10/stream_gen_hyperplane.arff,1,20500.0,2.09375,1.7419612656037018E-9,20500.0,0.734,0.5083886430678466,0.5083886430678466,0.010828821324448146,0.4248459724358762,0.504328077810278,0.5083886430678466,0.904,0.096,20500.0,3216.0
meta.imbalanced.OnlineRUSBoost -l (trees.HoeffdingTree -e 2000000 -g 100 -c 0.01),ArffFileStream -f ./../../../Dataset/Synthetic_IM10/stream_gen_hyperplane.arff,1,21000.0,2.140625,1.7809603984157251E-9,21000.0,0.752,0.5675637593349302,0.5675637593349303,0.08492487528411606,0.5201315665818431,0.5337525516788286,0.5675637593349302,0.906,0.094,21000.0,3216.0
meta.imbalanced.OnlineRUSBoost -l (trees.HoeffdingTree -e 2000000 -g 100 -c 0.01),ArffFileStream -f ./../../../Dataset/Synthetic_IM10/stream_gen_hyperplane.arff,1,21500.0,2.171875,1.8069598202904071E-9,21500.0,0.736,0.5746031746031746,0.5746031746031746,0.08473165996394398,0.5398412465054624,0.5333086199001287,0.5746031746031746,0.91,0.09,21500.0,3216.0
meta.imbalanced.OnlineRUSBoost -l (trees.HoeffdingTree -e 2000000 -g 100 -c 0.01),ArffFileStream -f ./../../../Dataset/Synthetic_IM10/stream_gen_hyperplane.arff,1,22000.0,2.21875,1.8459589531024304E-9,22000.0,0.706,0.591056302939711,0.591056302939711,0.10662193698949825,0.5725840691054226,0.5433236531737095,0.591056302939711,0.892,0.108,22000.0,3216.0
meta.imbalanced.OnlineRUSBoost -l (trees.HoeffdingTree -e 2000000 -g 100 -c 0.01),ArffFileStream -f ./../../../Dataset/Synthetic_IM10/stream_gen_hyperplane.arff,1,22500.0,2.265625,1.8849580859144537E-9,22500.0,0.804,0.6255980861244019,0.6255980861244019,0.17061611374407584,0.5869391856534222,0.5682926829268293,0.6255980861244019,0.912,0.088,22500.0,3216.0
meta.imbalanced.OnlineRUSBoost -l (trees.HoeffdingTree -e 2000000 -g 100 -c 0.01),ArffFileStream -f ./../../../Dataset/Synthetic_IM10/stream_gen_hyperplane.arff,1,23000.0,2.296875,1.9109575077891357E-9,23000.0,0.71,0.6255555555555556,0.6255555555555556,0.13484486873508353,0.6165855802544995,0.5544410398720395,0.6255555555555556,0.9,0.1,23000.0,3216.0
meta.imbalanced.OnlineRUSBoost -l (trees.HoeffdingTree -e 2000000 -g 100 -c 0.01),ArffFileStream -f ./../../../Dataset/Synthetic_IM10/stream_gen_hyperplane.arff,1,23500.0,2.328125,1.9369569296638177E-9,23500.0,0.708,0.6223893065998329,0.6223893065998329,0.15585466823932098,0.611775290321498,0.5649341889730396,0.6223893065998329,0.874,0.126,23500.0,3216.0
meta.imbalanced.OnlineRUSBoost -l (trees.HoeffdingTree -e 2000000 -g 100 -c 0.01),ArffFileStream -f ./../../../Dataset/Synthetic_IM10/stream_gen_hyperplane.arff,1,24000.0,2.375,1.975956062475841E-9,24000.0,0.75,0.6525622105745255,0.6525622105745255,0.1609837297964882,0.6418638576403484,0.5629620295698925,0.6525622105745255,0.914,0.086,24000.0,3216.0
meta.imbalanced.OnlineRUSBoost -l (trees.HoeffdingTree -e 2000000 -g 100 -c 0.01),ArffFileStream -f ./../../../Dataset/Synthetic_IM10/stream_gen_hyperplane.arff,1,24500.0,2.390625,1.9889557734131822E-9,24500.0,0.876,0.7271739130434782,0.7271739130434783,0.3503772003352892,0.7052597424692736,0.6459293394777266,0.7271739130434782,0.92,0.08,24500.0,3216.0
meta.imbalanced.OnlineRUSBoost -l (trees.HoeffdingTree -e 2000000 -g 100 -c 0.01),ArffFileStream -f ./../../../Dataset/Synthetic_IM10/stream_gen_hyperplane.arff,1,25000.0,2.4375,2.0279549062252055E-9,25000.0,0.864,0.6245158350421508,0.6245158350421508,0.204566722814898,0.5570137315241002,0.5879182754182755,0.6245158350421508,0.924,0.076,25000.0,3216.0
meta.imbalanced.OnlineRUSBoost -l (trees.HoeffdingTree -e 2000000 -g 100 -c 0.01),ArffFileStream -f ./../../../Dataset/Synthetic_IM10/stream_gen_hyperplane.arff,1,25500.0,2.46875,2.0539543280998875E-9,25500.0,0.814,0.6876826611403369,0.6876826611403369,0.23302764399287457,0.6708778203146276,0.5910684818481848,0.6876826611403369,0.918,0.082,25500.0,3216.0
meta.imbalanced.OnlineRUSBoost -l (trees.HoeffdingTree -e 2000000 -g 100 -c 0.01),ArffFileStream -f ./../../../Dataset/Synthetic_IM10/stream_gen_hyperplane.arff,1,26000.0,2.5,2.0799537499745696E-9,26000.0,0.786,0.6195867894763626,0.6195867894763625,0.1494435612082671,0.5860835859948056,0.55875,0.6195867894763626,0.914,0.086,26000.0,3216.0
meta.imbalanced.OnlineRUSBoost -l (trees.HoeffdingTree -e 2000000 -g 100 -c 0.01),ArffFileStream -f ./../../../Dataset/Synthetic_IM10/stream_gen_hyperplane.arff,1,26500.0,2.53125,2.1059531718492516E-9,26500.0,0.75,0.6123321123321124,0.6123321123321123,0.12831241283124128,0.5888670026112405,0.5504385964912281,0.6123321123321124,0.91,0.09,26500.0,3216.0
meta.imbalanced.OnlineRUSBoost -l (trees.HoeffdingTree -e 2000000 -g 100 -c 0.01),ArffFileStream -f ./../../../Dataset/Synthetic_IM10/stream_gen_hyperplane.arff,1,27000.0,2.578125,2.144952304661275E-9,27000.0,0.81,0.5718964441671865,0.5718964441671865,0.10431437622567506,0.49514171207272634,0.5424610850142765,0.5718964441671865,0.916,0.084,27000.0,3216.0
meta.imbalanced.OnlineRUSBoost -l (trees.HoeffdingTree -e 2000000 -g 100 -c 0.01),ArffFileStream -f ./../../../Dataset/Synthetic_IM10/stream_gen_hyperplane.arff,1,27500.0,2.609375,2.170951726535957E-9,27500.0,0.844,0.6475279106858054,0.6475279106858054,0.23288749016522423,0.6020300585415648,0.5983388704318937,0.6475279106858054,0.912,0.088,27500.0,3216.0
meta.imbalanced.OnlineRUSBoost -l (trees.HoeffdingTree -e 2000000 -g 100 -c 0.01),ArffFileStream -f ./../../../Dataset/Synthetic_IM10/stream_gen_hyperplane.arff,1,28000.0,2.640625,2.196951148410639E-9,28000.0,0.874,0.6825223539197338,0.6825223539197338,0.3083611452661163,0.6425509309758253,0.6349398516468734,0.6825223539197338,0.916,0.084,28000.0,3216.0
meta.imbalanced.OnlineRUSBoost -l (trees.HoeffdingTree -e 2000000 -g 100 -c 0.01),ArffFileStream -f ./../../../Dataset/Synthetic_IM10/stream_gen_hyperplane.arff,1,28500.0,2.671875,2.222950570285321E-9,28500.0,0.786,0.6340002818092152,0.6340002818092152,0.17580724673403994,0.6057355843435807,0.5702778598876737,0.6340002818092152,0.906,0.094,28500.0,3216.0
meta.imbalanced.OnlineRUSBoost -l (trees.HoeffdingTree -e 2000000 -g 100 -c 0.01),ArffFileStream -f ./../../../Dataset/Synthetic_IM10/stream_gen_hyperplane.arff,1,29000.0,2.71875,2.2619497030973442E-9,29000.0,0.754,0.5879186602870814,0.5879186602870814,0.10292315771048485,0.552289709704043,0.5403375180078205,0.5879186602870814,0.912,0.088,29000.0,3216.0
meta.imbalanced.OnlineRUSBoost -l (trees.HoeffdingTree -e 2000000 -g 100 -c 0.01),ArffFileStream -f ./../../../Dataset/Synthetic_IM10/stream_gen_hyperplane.arff,1,29500.0,2.75,2.2879491249720263E-9,29500.0,0.816,0.6508629652734457,0.6508629652734456,0.20149979169559784,0.6198608635191342,0.5800419240953222,0.6508629652734457,0.916,0.084,29500.0,3216.0
meta.imbalanced.OnlineRUSBoost -l (trees.HoeffdingTree -e 2000000 -g 100 -c 0.01),ArffFileStream -f ./../../../Dataset/Synthetic_IM10/stream_gen_hyperplane.arff,1,30000.0,2.78125,2.3139485468467083E-9,30000.0,0.796,0.6466666666666667,0.6466666666666667,0.205607476635514,0.6191391873668903,0.5837648492232714,0.6466666666666667,0.9,0.1,30000.0,3216.0
meta.imbalanced.OnlineRUSBoost -l (trees.HoeffdingTree -e 2000000 -g 100 -c 0.01),ArffFileStream -f ./../../../Dataset/Synthetic_IM10/stream_gen_hyperplane.arff,1,30500.0,2.8125,2.3399479687213903E-9,30500.0,0.836,0.616977969348659,0.616977969348659,0.16011143887250082,0.5614213796403209,0.5634086188992731,0.616977969348659,0.928,0.072,30500.0,3216.0
meta.imbalanced.OnlineRUSBoost -l (trees.HoeffdingTree -e 2000000 -g 100 -c 0.01),ArffFileStream -f ./../../../Dataset/Synthetic_IM10/stream_gen_hyperplane.arff,1,31000.0,2.84375,2.3659473905960724E-9,31000.0,0.798,0.6302245789145352,0.6302245789145352,0.16556510244547257,0.5970921426586551,0.5651072124756336,0.6302245789145352,0.916,0.084,31000.0,3216.0
meta.imbalanced.OnlineRUSBoost -l (trees.HoeffdingTree -e 2000000 -g 100 -c 0.01),ArffFileStream -f ./../../../Dataset/Synthetic_IM10/stream_gen_hyperplane.arff,1,31500.0,2.875,2.3919468124707544E-9,31500.0,0.822,0.6619047619047619,0.661904761904762,0.22957063711911357,0.6324555320336759,0.5931075160094371,0.6619047619047619,0.91,0.09,31500.0,3216.0
meta.imbalanced.OnlineRUSBoost -l (trees.HoeffdingTree -e 2000000 -g 100 -c 0.01),ArffFileStream -f ./../../../Dataset/Synthetic_IM10/stream_gen_hyperplane.arff,1,32000.0,2.921875,2.4309459452827777E-9,32000.0,0.832,0.5831102343713306,0.5831102343713306,0.14421940584375892,0.4960508169919419,0.5642730013439395,0.5831102343713306,0.906,0.094,32000.0,3216.0
meta.imbalanced.OnlineRUSBoost -l (trees.HoeffdingTree -e 2000000 -g 100 -c 0.01),ArffFileStream -f ./../../../Dataset/Synthetic_IM10/stream_gen_hyperplane.arff,1,32500.0,2.953125,2.4569453671574597E-9,32500.0,0.78,0.6455567846607669,0.6455567846607668,0.1867754908918855,0.6237450527703263,0.5745937263794406,0.6455567846607669,0.904,0.096,32500.0,3216.0
meta.imbalanced.OnlineRUSBoost -l (trees.HoeffdingTree -e 2000000 -g 100 -c 0.01),ArffFileStream -f ./../../../Dataset/Synthetic_IM10/stream_gen_hyperplane.arff,1,33000.0,3.03125,2.521943921844165E-9,33000.0,0.826,0.6309237637362638,0.6309237637362637,0.21903052064631956,0.5808588279625077,0.5956862745098039,0.6309237637362638,0.896,0.104,33000.0,3216.0
meta.imbalanced.OnlineRUSBoost -l (trees.HoeffdingTree -e 2000000 -g 100 -c 0.01),ArffFileStream -f ./../../../Dataset/Synthetic_IM10/stream_gen_hyperplane.arff,1,33500.0,3.109375,2.5869424765308703E-9,33500.0,0.788,0.6309523809523809,0.630952380952381,0.1972616018417545,0.5976143046671968,0.5826479845669611,0.6309523809523809,0.888,0.112,33500.0,3216.0
meta.imbalanced.OnlineRUSBoost -l (trees.HoeffdingTree -e 2000000 -g 100 -c 0.01),ArffFileStream -f ./../../../Dataset/Synthetic_IM10/stream_gen_hyperplane.arff,1,34000.0,3.140625,2.6129418984055524E-9,34000.0,0.828,0.6045069912665731,0.604506991266573,0.1768444427428309,0.5368033487192145,0.5776589663404956,0.6045069912665731,0.902,0.098,34000.0,3216.0
meta.imbalanced.OnlineRUSBoost -l (trees.HoeffdingTree -e 2000000 -g 100 -c 0.01),ArffFileStream -f ./../../../Dataset/Synthetic_IM10/stream_gen_hyperplane.arff,1,34500.0,3.171875,2.6389413202802344E-9,34500.0,0.794,0.6626106194690266,0.6626106194690266,0.21508260684021216,0.6423477403003972,0.5862781541170429,0.6626106194690266,0.904,0.096,34500.0,3216.0
meta.imbalanced.OnlineRUSBoost -l (trees.HoeffdingTree -e 2000000 -g 100 -c 0.01),ArffFileStream -f ./../../../Dataset/Synthetic_IM10/stream_gen_hyperplane.arff,1,35000.0,3.21875,2.6779404530922577E-9,35000.0,0.722,0.5282025276954283,0.5282025276954283,0.03994916565366339,0.4640282352958899,0.5165328942855183,0.5282025276954283,0.884,0.116,35000.0,3216.0
meta.imbalanced.OnlineRUSBoost -l (trees.HoeffdingTree -e 2000000 -g 100 -c 0.01),ArffFileStream -f ./../../../Dataset/Synthetic_IM10/stream_gen_hyperplane.arff,1,35500.0,3.25,2.7039398749669397E-9,35500.0,0.862,0.6916148573250438,0.6916148573250438,0.2948246259504538,0.6609028697321186,0.6227532679738562,0.6916148573250438,0.918,0.082,35500.0,3216.0
meta.imbalanced.OnlineRUSBoost -l (trees.HoeffdingTree -e 2000000 -g 100 -c 0.01),ArffFileStream -f ./../../../Dataset/Synthetic_IM10/stream_gen_hyperplane.arff,1,36000.0,3.296875,2.742939007778963E-9,36000.0,0.746,0.603279532967033,0.603279532967033,0.13161205623324762,0.5757371051840539,0.5530668960497584,0.603279532967033,0.896,0.104,36000.0,3216.0
meta.imbalanced.OnlineRUSBoost -l (trees.HoeffdingTree -e 2000000 -g 100 -c 0.01),ArffFileStream -f ./../../../Dataset/Synthetic_IM10/stream_gen_hyperplane.arff,1,36500.0,3.34375,2.7819381405909862E-9,36500.0,0.828,0.7010869565217391,0.7010869565217391,0.2560553633217993,0.6846135056905561,0.6002710027100271,0.7010869565217391,0.92,0.08,36500.0,3216.0
meta.imbalanced.OnlineRUSBoost -l (trees.HoeffdingTree -e 2000000 -g 100 -c 0.01),ArffFileStream -f ./../../../Dataset/Synthetic_IM10/stream_gen_hyperplane.arff,1,37000.0,3.375,2.8079375624656683E-9,37000.0,0.722,0.6555234826025902,0.6555234826025902,0.18663982773148582,0.6497836215817968,0.5768341330866624,0.6555234826025902,0.884,0.116,37000.0,3216.0
meta.imbalanced.OnlineRUSBoost -l (trees.HoeffdingTree -e 2000000 -g 100 -c 0.01),ArffFileStream -f ./../../../Dataset/Synthetic_IM10/stream_gen_hyperplane.arff,1,37500.0,3.40625,2.8339369843403503E-9,37500.0,0.766,0.625299043062201,0.625299043062201,0.14668300367582707,0.6015331289822348,0.5574878232832544,0.625299043062201,0.912,0.088,37500.0,3216.0
meta.imbalanced.OnlineRUSBoost -l (trees.HoeffdingTree -e 2000000 -g 100 -c 0.01),ArffFileStream -f ./../../../Dataset/Synthetic_IM10/stream_gen_hyperplane.arff,1,38000.0,3.453125,2.8729361171523736E-9,38000.0,0.82,0.6417021773393263,0.6417021773393263,0.17748126485103272,0.6066200279158576,0.5688164422395464,0.6417021773393263,0.926,0.074,38000.0,3216.0
meta.imbalanced.OnlineRUSBoost -l (trees.HoeffdingTree -e 2000000 -g 100 -c 0.01),ArffFileStream -f ./../../../Dataset/Synthetic_IM10/stream_gen_hyperplane.arff,1,38500.0,3.484375,2.8989355390270556E-9,38500.0,0.78,0.5581061692969871,0.5581061692969871,0.07366860915552262,0.4909511162684934,0.5288895934057225,0.5581061692969871,0.918,0.082,38500.0,3216.0
meta.imbalanced.OnlineRUSBoost -l (trees.HoeffdingTree -e 2000000 -g 100 -c 0.01),ArffFileStream -f ./../../../Dataset/Synthetic_IM10/stream_gen_hyperplane.arff,1,39000.0,3.515625,2.9249349609017376E-9,39000.0,0.698,0.6125,0.6125,0.1359578850995651,0.6020797289396148,0.556357805650961,0.6125,0.88,0.12,39000.0,3216.0
meta.imbalanced.OnlineRUSBoost -l (trees.HoeffdingTree -e 2000000 -g 100 -c 0.01),ArffFileStream -f ./../../../Dataset/Synthetic_IM10/stream_gen_hyperplane.arff,1,39500.0,3.5625,2.963934093713761E-9,39500.0,0.776,0.6558796960518625,0.6558796960518625,0.17323648389287508,0.639947590712396,0.5670805607006472,0.6558796960518625,0.918,0.082,39500.0,3216.0
meta.imbalanced.OnlineRUSBoost -l (trees.HoeffdingTree -e 2000000 -g 100 -c 0.01),ArffFileStream -f ./../../../Dataset/Synthetic_IM10/stream_gen_hyperplane.arff,1,40000.0,3.59375,2.989933515588443E-9,40000.0,0.754,0.662614913176711,0.662614913176711,0.2056316197365022,0.6521748012606644,0.5835853494623655,0.662614913176711,0.89,0.11,40000.0,3216.0
meta.imbalanced.OnlineRUSBoost -l (trees.HoeffdingTree -e 2000000 -g 100 -c 0.01),ArffFileStream -f ./../../../Dataset/Synthetic_IM10/stream_gen_hyperplane.arff,1,40500.0,3.625,3.015932937463125E-9,40500.0,0.74,0.6752200631124398,0.6752200631124398,0.2061553492916463,0.6701453832901179,0.5837301587301588,0.6752200631124398,0.892,0.108,40500.0,3216.0
meta.imbalanced.OnlineRUSBoost -l (trees.HoeffdingTree -e 2000000 -g 100 -c 0.01),ArffFileStream -f ./../../../Dataset/Synthetic_IM10/stream_gen_hyperplane.arff,1,41000.0,3.671875,3.0549320702751482E-9,41000.0,0.782,0.6532608695652173,0.6532608695652173,0.17148069321982365,0.6350282431240498,0.5661676716957226,0.6532608695652173,0.92,0.08,41000.0,3216.0
meta.imbalanced.OnlineRUSBoost -l (trees.HoeffdingTree -e 2000000 -g 100 -c 0.01),ArffFileStream -f ./../../../Dataset/Synthetic_IM10/stream_gen_hyperplane.arff,1,41500.0,3.703125,3.0809314921498303E-9,41500.0,0.648,0.6056818181818182,0.6056818181818182,0.11254538120209762,0.6031169040907409,0.5482065104706614,0.6056818181818182,0.88,0.12,41500.0,3216.0
meta.imbalanced.OnlineRUSBoost -l (trees.HoeffdingTree -e 2000000 -g 100 -c 0.01),ArffFileStream -f ./../../../Dataset/Synthetic_IM10/stream_gen_hyperplane.arff,1,42000.0,3.734375,3.1069309140245123E-9,42000.0,0.624,0.5272727272727273,0.5272727272727273,0.02972749793559042,0.5116817192534651,0.5126262626262625,0.5272727272727273,0.88,0.12,42000.0,3216.0
meta.imbalanced.OnlineRUSBoost -l (trees.HoeffdingTree -e 2000000 -g 100 -c 0.01),ArffFileStream -f ./../../../Dataset/Synthetic_IM10/stream_gen_hyperplane.arff,1,42500.0,3.78125,3.1459300468365356E-9,42500.0,0.758,0.6014766483516484,0.6014766483516483,0.13517067871233346,0.5680812848121704,0.5547488362398388,0.6014766483516484,0.896,0.104,42500.0,3216.0
meta.imbalanced.OnlineRUSBoost -l (trees.HoeffdingTree -e 2000000 -g 100 -c 0.01),ArffFileStream -f ./../../../Dataset/Synthetic_IM10/stream_gen_hyperplane.arff,1,43000.0,3.8125,3.1719294687112176E-9,43000.0,0.754,0.6548057502673161,0.6548057502673162,0.20270690728064716,0.6420754632894748,0.5829513623631271,0.6548057502673161,0.886,0.114,43000.0,3216.0
meta.imbalanced.OnlineRUSBoost -l (trees.HoeffdingTree -e 2000000 -g 100 -c 0.01),ArffFileStream -f ./../../../Dataset/Synthetic_IM10/stream_gen_hyperplane.arff,1,43500.0,3.859375,3.210928601523241E-9,43500.0,0.768,0.5985576923076923,0.5985576923076923,0.1366992140985949,0.5590169943749475,0.5557498057498058,0.5985576923076923,0.896,0.104,43500.0,3216.0
meta.imbalanced.OnlineRUSBoost -l (trees.HoeffdingTree -e 2000000 -g 100 -c 0.01),ArffFileStream -f ./../../../Dataset/Synthetic_IM10/stream_gen_hyperplane.arff,1,44000.0,3.890625,3.236928023397923E-9,44000.0,0.85,0.6135213304410702,0.6135213304410703,0.17878416257883673,0.5458050102215402,0.5751583443806156,0.6135213304410702,0.922,0.078,44000.0,3216.0
meta.imbalanced.OnlineRUSBoost -l (trees.HoeffdingTree -e 2000000 -g 100 -c 0.01),ArffFileStream -f ./../../../Dataset/Synthetic_IM10/stream_gen_hyperplane.arff,1,44500.0,3.9375,3.275927156209946E-9,44500.0,0.74,0.5837409910750961,0.5837409910750961,0.12126537785588752,0.5459231081675952,0.5506493506493506,0.5837409910750961,0.878,0.122,44500.0,3216.0
meta.imbalanced.OnlineRUSBoost -l (trees.HoeffdingTree -e 2000000 -g 100 -c 0.01),ArffFileStream -f ./../../../Dataset/Synthetic_IM10/stream_gen_hyperplane.arff,1,45000.0,3.96875,3.301926578084628E-9,45000.0,0.82,0.6583702064896755,0.6583702064896755,0.23396431976031595,0.6272452296917781,0.5965060105606113,0.6583702064896755,0.904,0.096,45000.0,3216.0
meta.imbalanced.OnlineRUSBoost -l (trees.HoeffdingTree -e 2000000 -g 100 -c 0.01),ArffFileStream -f ./../../../Dataset/Synthetic_IM10/stream_gen_hyperplane.arff,1,45500.0,4.0,3.3279259999593102E-9,45500.0,0.858,0.6616605616605616,0.6616605616605616,0.27164546573656134,0.6168176233409519,0.6186209862385321,0.6616605616605616,0.91,0.09,45500.0,3216.0
meta.imbalanced.OnlineRUSBoost -l (trees.HoeffdingTree -e 2000000 -g 100 -c 0.01),ArffFileStream -f ./../../../Dataset/Synthetic_IM10/stream_gen_hyperplane.arff,1,46000.0,4.046875,3.3669251327713335E-9,46000.0,0.84,0.6897321428571428,0.6897321428571428,0.3065187239944521,0.663123022415255,0.631547619047619,0.6897321428571428,0.896,0.104,46000.0,3216.0
meta.imbalanced.OnlineRUSBoost -l (trees.HoeffdingTree -e 2000000 -g 100 -c 0.01),ArffFileStream -f ./../../../Dataset/Synthetic_IM10/stream_gen_hyperplane.arff,1,46500.0,4.078125,3.3929245546460155E-9,46500.0,0.832,0.6463864306784661,0.6463864306784661,0.23223164668031587,0.6041889172995567,0.5985600794438928,0.6463864306784661,0.904,0.096,46500.0,3216.0
meta.imbalanced.OnlineRUSBoost -l (trees.HoeffdingTree -e 2000000 -g 100 -c 0.01),ArffFileStream -f ./../../../Dataset/Synthetic_IM10/stream_gen_hyperplane.arff,1,47000.0,4.125,3.431923687458039E-9,47000.0,0.85,0.6311821896576019,0.6311821896576019,0.22953648915187377,0.570763920309005,0.6028501988510826,0.6311821896576019,0.906,0.094,47000.0,3216.0
meta.imbalanced.OnlineRUSBoost -l (trees.HoeffdingTree -e 2000000 -g 100 -c 0.01),ArffFileStream -f ./../../../Dataset/Synthetic_IM10/stream_gen_hyperplane.arff,1,47500.0,4.15625,3.457923109332721E-9,47500.0,0.8,0.5772840452020686,0.5772840452020686,0.11435454158991072,0.5086872213256507,0.5470883416968141,0.5772840452020686,0.908,0.092,47500.0,3216.0
meta.imbalanced.OnlineRUSBoost -l (trees.HoeffdingTree -e 2000000 -g 100 -c 0.01),ArffFileStream -f ./../../../Dataset/Synthetic_IM10/stream_gen_hyperplane.arff,1,48000.0,4.203125,3.496922242144744E-9,48000.0,0.752,0.5510501143688917,0.5510501143688916,0.05958014804028637,0.4952991748568223,0.5231953892668179,0.5510501143688917,0.916,0.084,48000.0,3216.0
meta.imbalanced.OnlineRUSBoost -l (trees.HoeffdingTree -e 2000000 -g 100 -c 0.01),ArffFileStream -f ./../../../Dataset/Synthetic_IM10/stream_gen_hyperplane.arff,1,48500.0,4.234375,3.522921664019426E-9,48500.0,0.75,0.5479496921262937,0.5479496921262936,0.06565807570412008,0.48561111807511764,0.5266608391608392,0.5479496921262937,0.898,0.102,48500.0,3216.0
meta.imbalanced.OnlineRUSBoost -l (trees.HoeffdingTree -e 2000000 -g 100 -c 0.01),ArffFileStream -f ./../../../Dataset/Synthetic_IM10/stream_gen_hyperplane.arff,1,49000.0,4.28125,3.5619207968314494E-9,49000.0,0.832,0.5896132376395534,0.5896132376395534,0.1462026345747276,0.5109935751179288,0.5627705627705628,0.5896132376395534,0.912,0.088,49000.0,3216.0
meta.imbalanced.OnlineRUSBoost -l (trees.HoeffdingTree -e 2000000 -g 100 -c 0.01),ArffFileStream -f ./../../../Dataset/Synthetic_IM10/stream_gen_hyperplane.arff,1,49500.0,4.328125,3.6009199296434727E-9,49500.0,0.878,0.5549490538573508,0.5549490538573507,0.12174614144206404,0.39649116027305387,0.5685873726558951,0.5549490538573508,0.916,0.084,49500.0,3216.0
meta.imbalanced.OnlineRUSBoost -l (trees.HoeffdingTree -e 2000000 -g 100 -c 0.01),ArffFileStream -f ./../../../Dataset/Synthetic_IM10/stream_gen_hyperplane.arff,1,50000.0,4.375,3.639919062455496E-9,50000.0,0.814,0.642223630028508,0.6422236300285081,0.21282502708559048,0.6056433998480769,0.5882765981350411,0.642223630028508,0.902,0.098,50000.0,3216.0
meta.imbalanced.OnlineRUSBoost -l (trees.HoeffdingTree -e 2000000 -g 100 -c 0.01),ArffFileStream -f ./../../../Dataset/Synthetic_IM10/stream_gen_hyperplane.arff,1,50500.0,4.375,3.639919062455496E-9,50500.0,0.828,0.6404494382022472,0.6404494382022472,0.2422907488986784,0.5935988128035616,0.607843137254902,0.6404494382022472,0.89,0.11,50500.0,3216.0
meta.imbalanced.OnlineRUSBoost -l (trees.HoeffdingTree -e 2000000 -g 100 -c 0.01),ArffFileStream -f ./../../../Dataset/Synthetic_IM10/stream_gen_hyperplane.arff,1,51000.0,4.40625,3.665918484330178E-9,51000.0,0.836,0.6663478399489877,0.6663478399489877,0.23395986697059154,0.6346948540734694,0.5941248985237079,0.6663478399489877,0.918,0.082,51000.0,3216.0
meta.imbalanced.OnlineRUSBoost -l (trees.HoeffdingTree -e 2000000 -g 100 -c 0.01),ArffFileStream -f ./../../../Dataset/Synthetic_IM10/stream_gen_hyperplane.arff,1,51500.0,4.453125,3.7049176171422012E-9,51500.0,0.746,0.6623069257598406,0.6623069257598405,0.19758390618681762,0.6536471593061188,0.5800844072032943,0.6623069257598406,0.892,0.108,51500.0,3216.0
meta.imbalanced.OnlineRUSBoost -l (trees.HoeffdingTree -e 2000000 -g 100 -c 0.01),ArffFileStream -f ./../../../Dataset/Synthetic_IM10/stream_gen_hyperplane.arff,1,52000.0,4.5,3.743916749954224E-9,52000.0,0.812,0.6915869218500797,0.6915869218500797,0.24650506605104527,0.6759717442638133,0.5975733577012895,0.6915869218500797,0.912,0.088,52000.0,3216.0
meta.imbalanced.OnlineRUSBoost -l (trees.HoeffdingTree -e 2000000 -g 100 -c 0.01),ArffFileStream -f ./../../../Dataset/Synthetic_IM10/stream_gen_hyperplane.arff,1,52500.0,4.53125,3.7699161718289065E-9,52500.0,0.764,0.5708276098901099,0.5708276098901098,0.10060975609756098,0.516095668467571,0.54125,0.5708276098901099,0.896,0.104,52500.0,3216.0
meta.imbalanced.OnlineRUSBoost -l (trees.HoeffdingTree -e 2000000 -g 100 -c 0.01),ArffFileStream -f ./../../../Dataset/Synthetic_IM10/stream_gen_hyperplane.arff,1,53000.0,4.578125,3.80891530464093E-9,53000.0,0.822,0.6577762880674201,0.6577762880674201,0.22850208044382803,0.6262317875003824,0.5934089298369951,0.6577762880674201,0.908,0.092,53000.0,3216.0
meta.imbalanced.OnlineRUSBoost -l (trees.HoeffdingTree -e 2000000 -g 100 -c 0.01),ArffFileStream -f ./../../../Dataset/Synthetic_IM10/stream_gen_hyperplane.arff,1,53500.0,4.609375,3.834914726515612E-9,53500.0,0.822,0.6061951059132967,0.6061951059132967,0.16890781413417003,0.5448293677564934,0.5717231315822865,0.6061951059132967,0.906,0.094,53500.0,3216.0
meta.imbalanced.OnlineRUSBoost -l (trees.HoeffdingTree -e 2000000 -g 100 -c 0.01),ArffFileStream -f ./../../../Dataset/Synthetic_IM10/stream_gen_hyperplane.arff,1,54000.0,4.65625,3.8739138593276355E-9,54000.0,0.834,0.6430469206652851,0.6430469206652851,0.20601515267467665,0.6011130897782881,0.583540218470705,0.6430469206652851,0.918,0.082,54000.0,3216.0
meta.imbalanced.OnlineRUSBoost -l (trees.HoeffdingTree -e 2000000 -g 100 -c 0.01),ArffFileStream -f ./../../../Dataset/Synthetic_IM10/stream_gen_hyperplane.arff,1,54500.0,4.6875,3.899913281202318E-9,54500.0,0.84,0.6356801093643198,0.6356801093643198,0.19237602972056211,0.5882478588180023,0.577297507788162,0.6356801093643198,0.924,0.076,54500.0,3216.0
meta.imbalanced.OnlineRUSBoost -l (trees.HoeffdingTree -e 2000000 -g 100 -c 0.01),ArffFileStream -f ./../../../Dataset/Synthetic_IM10/stream_gen_hyperplane.arff,1,55000.0,4.71875,3.925912703077E-9,55000.0,0.786,0.6318068341394913,0.6318068341394913,0.2016831801360869,0.5990578758236661,0.5851154940930502,0.6318068341394913,0.884,0.116,55000.0,3216.0
meta.imbalanced.OnlineRUSBoost -l (trees.HoeffdingTree -e 2000000 -g 100 -c 0.01),ArffFileStream -f ./../../../Dataset/Synthetic_IM10/stream_gen_hyperplane.arff,1,55500.0,4.75,3.951912124951683E-9,55500.0,0.802,0.634768740031898,0.634768740031898,0.1793222362225612,0.6014502674722361,0.5714380069218779,0.634768740031898,0.912,0.088,55500.0,3216.0
meta.imbalanced.OnlineRUSBoost -l (trees.HoeffdingTree -e 2000000 -g 100 -c 0.01),ArffFileStream -f ./../../../Dataset/Synthetic_IM10/stream_gen_hyperplane.arff,1,56000.0,4.796875,3.990911257763706E-9,56000.0,0.792,0.6175762947954919,0.6175762947954919,0.17645940895125273,0.5765454974671242,0.5735911864944123,0.6175762947954919,0.894,0.106,56000.0,3216.0
meta.imbalanced.OnlineRUSBoost -l (trees.HoeffdingTree -e 2000000 -g 100 -c 0.01),ArffFileStream -f ./../../../Dataset/Synthetic_IM10/stream_gen_hyperplane.arff,1,56500.0,4.828125,4.0169106796383886E-9,56500.0,0.804,0.6040875147386349,0.6040875147386349,0.16287969385314519,0.5494062633767951,0.5688653896160181,0.6040875147386349,0.898,0.102,56500.0,3216.0
meta.imbalanced.OnlineRUSBoost -l (trees.HoeffdingTree -e 2000000 -g 100 -c 0.01),ArffFileStream -f ./../../../Dataset/Synthetic_IM10/stream_gen_hyperplane.arff,1,57000.0,4.875,4.055909812450412E-9,57000.0,0.728,0.5932348901098901,0.5932348901098902,0.11329021489672439,0.5683079280626843,0.5456149193548387,0.5932348901098901,0.896,0.104,57000.0,3216.0
meta.imbalanced.OnlineRUSBoost -l (trees.HoeffdingTree -e 2000000 -g 100 -c 0.01),ArffFileStream -f ./../../../Dataset/Synthetic_IM10/stream_gen_hyperplane.arff,1,57500.0,4.890625,4.068909523387753E-9,57500.0,0.798,0.6391304347826087,0.6391304347826087,0.1685874217978268,0.6105058487060937,0.5654882197948377,0.6391304347826087,0.92,0.08,57500.0,3216.0
meta.imbalanced.OnlineRUSBoost -l (trees.HoeffdingTree -e 2000000 -g 100 -c 0.01),ArffFileStream -f ./../../../Dataset/Synthetic_IM10/stream_gen_hyperplane.arff,1,58000.0,4.9375,4.107908656199776E-9,58000.0,0.788,0.6402853404246338,0.6402853404246338,0.20053096811174465,0.6122302534560037,0.582471029057793,0.6402853404246338,0.894,0.106,58000.0,3216.0
meta.imbalanced.OnlineRUSBoost -l (trees.HoeffdingTree -e 2000000 -g 100 -c 0.01),ArffFileStream -f ./../../../Dataset/Synthetic_IM10/stream_gen_hyperplane.arff,1,58500.0,4.96875,4.133908078074458E-9,58500.0,0.816,0.6149305378861127,0.6149305378861126,0.16415306901188356,0.5649508898241362,0.5665458616930374,0.6149305378861127,0.914,0.086,58500.0,3216.0
meta.imbalanced.OnlineRUSBoost -l (trees.HoeffdingTree -e 2000000 -g 100 -c 0.01),ArffFileStream -f ./../../../Dataset/Synthetic_IM10/stream_gen_hyperplane.arff,1,59000.0,5.015625,4.172907210886482E-9,59000.0,0.764,0.586484148389395,0.5864841483893949,0.1033162102191556,0.5458938557778344,0.540415210102019,0.586484148389395,0.914,0.086,59000.0,3216.0
meta.imbalanced.OnlineRUSBoost -l (trees.HoeffdingTree -e 2000000 -g 100 -c 0.01),ArffFileStream -f ./../../../Dataset/Synthetic_IM10/stream_gen_hyperplane.arff,1,59500.0,5.046875,4.198906632761164E-9,59500.0,0.746,0.6016929318146357,0.6016929318146356,0.14105616275294883,0.5716012934691316,0.5581776795876012,0.6016929318146357,0.884,0.116,59500.0,3216.0
meta.imbalanced.OnlineRUSBoost -l (trees.HoeffdingTree -e 2000000 -g 100 -c 0.01),ArffFileStream -f ./../../../Dataset/Synthetic_IM10/stream_gen_hyperplane.arff,1,60000.0,5.09375,4.237905765573187E-9,60000.0,0.774,0.6109552468437486,0.6109552468437486,0.14791578693370333,0.5763173829323118,0.5595376845376846,0.6109552468437486,0.902,0.098,60000.0,3216.0
meta.imbalanced.OnlineRUSBoost -l (trees.HoeffdingTree -e 2000000 -g 100 -c 0.01),ArffFileStream -f ./../../../Dataset/Synthetic_IM10/stream_gen_hyperplane.arff,1,60500.0,5.125,4.26390518744787E-9,60500.0,0.83,0.6874745463595637,0.6874745463595637,0.28053900325027087,0.6642261920669744,0.6163633299629255,0.6874745463595637,0.902,0.098,60500.0,3216.0
meta.imbalanced.OnlineRUSBoost -l (trees.HoeffdingTree -e 2000000 -g 100 -c 0.01),ArffFileStream -f ./../../../Dataset/Synthetic_IM10/stream_gen_hyperplane.arff,1,61000.0,5.15625,4.289904609322552E-9,61000.0,0.766,0.6824347527472527,0.6824347527472527,0.2251655629139073,0.674228802426875,0.5906666666666667,0.6824347527472527,0.896,0.104,61000.0,3216.0
meta.imbalanced.OnlineRUSBoost -l (trees.HoeffdingTree -e 2000000 -g 100 -c 0.01),ArffFileStream -f ./../../../Dataset/Synthetic_IM10/stream_gen_hyperplane.arff,1,61500.0,5.1875,4.315904031197235E-9,61500.0,0.746,0.6452307986975675,0.6452307986975676,0.1604082927861223,0.6333029223504145,0.5633736601266219,0.6452307986975675,0.908,0.092,61500.0,3216.0
meta.imbalanced.OnlineRUSBoost -l (trees.HoeffdingTree -e 2000000 -g 100 -c 0.01),ArffFileStream -f ./../../../Dataset/Synthetic_IM10/stream_gen_hyperplane.arff,1,62000.0,5.21875,4.341903453071917E-9,62000.0,0.74,0.6190298368124276,0.6190298368124276,0.1639871382636656,0.5979913350584263,0.5680000000000001,0.6190298368124276,0.878,0.122,62000.0,3216.0
meta.imbalanced.OnlineRUSBoost -l (trees.HoeffdingTree -e 2000000 -g 100 -c 0.01),ArffFileStream -f ./../../../Dataset/Synthetic_IM10/stream_gen_hyperplane.arff,1,62500.0,5.265625,4.38090258588394E-9,62500.0,0.804,0.5727453911310414,0.5727453911310414,0.1251249821454078,0.4909494781894866,0.5555767034640274,0.5727453911310414,0.892,0.108,62500.0,3216.0
meta.imbalanced.OnlineRUSBoost -l (trees.HoeffdingTree -e 2000000 -g 100 -c 0.01),ArffFileStream -f ./../../../Dataset/Synthetic_IM10/stream_gen_hyperplane.arff,1,63000.0,5.296875,4.406902007758623E-9,63000.0,0.78,0.6182795698924731,0.6182795698924732,0.1893644617380026,0.5796736197002104,0.5815311199106509,0.6182795698924731,0.876,0.124,63000.0,3216.0
meta.imbalanced.OnlineRUSBoost -l (trees.HoeffdingTree -e 2000000 -g 100 -c 0.01),ArffFileStream -f ./../../../Dataset/Synthetic_IM10/stream_gen_hyperplane.arff,1,63500.0,5.34375,4.445901140570646E-9,63500.0,0.788,0.6333333333333333,0.6333333333333333,0.18461538461538463,0.6031030868212609,0.5750000000000001,0.6333333333333333,0.9,0.1,63500.0,3216.0
meta.imbalanced.OnlineRUSBoost -l (trees.HoeffdingTree -e 2000000 -g 100 -c 0.01),ArffFileStream -f ./../../../Dataset/Synthetic_IM10/stream_gen_hyperplane.arff,1,64000.0,5.375,4.4719005624453285E-9,64000.0,0.846,0.6671128645906721,0.6671128645906721,0.2698930440719108,0.6296868791169142,0.6154595015576324,0.6671128645906721,0.906,0.094,64000.0,3216.0
meta.imbalanced.OnlineRUSBoost -l (trees.HoeffdingTree -e 2000000 -g 100 -c 0.01),ArffFileStream -f ./../../../Dataset/Synthetic_IM10/stream_gen_hyperplane.arff,1,64500.0,5.40625,4.497899984320011E-9,64500.0,0.818,0.6293325958702065,0.6293325958702065,0.19787038995839504,0.5844121923946052,0.5826777453666873,0.6293325958702065,0.904,0.096,64500.0,3216.0
meta.imbalanced.OnlineRUSBoost -l (trees.HoeffdingTree -e 2000000 -g 100 -c 0.01),ArffFileStream -f ./../../../Dataset/Synthetic_IM10/stream_gen_hyperplane.arff,1,65000.0,5.4375,4.5238994061946934E-9,65000.0,0.804,0.5990141528809888,0.5990141528809889,0.17793510720397276,0.5341331120711456,0.5814067728961345,0.5990141528809888,0.878,0.122,65000.0,3216.0
meta.imbalanced.OnlineRUSBoost -l (trees.HoeffdingTree -e 2000000 -g 100 -c 0.01),ArffFileStream -f ./../../../Dataset/Synthetic_IM10/stream_gen_hyperplane.arff,1,65500.0,5.46875,4.549898828069376E-9,65500.0,0.804,0.6215892330383481,0.6215892330383481,0.17718968296614723,0.5791437199673162,0.5727603706972639,0.6215892330383481,0.904,0.096,65500.0,3216.0
meta.imbalanced.OnlineRUSBoost -l (trees.HoeffdingTree -e 2000000 -g 100 -c 0.01),ArffFileStream -f ./../../../Dataset/Synthetic_IM10/stream_gen_hyperplane.arff,1,66000.0,5.515625,4.588897960881399E-9,66000.0,0.872,0.6493284493284492,0.6493284493284492,0.27650915668098575,0.5898200300834721,0.6290574479760247,0.6493284493284492,0.91,0.09,66000.0,3216.0
meta.imbalanced.OnlineRUSBoost -l (trees.HoeffdingTree -e 2000000 -g 100 -c 0.01),ArffFileStream -f ./../../../Dataset/Synthetic_IM10/stream_gen_hyperplane.arff,1,66500.0,5.546875,4.614897382756082E-9,66500.0,0.8,0.5654501902212202,0.5654501902212203,0.100298700831324,0.4861039260413148,0.54189843350672,0.5654501902212202,0.906,0.094,66500.0,3216.0
meta.imbalanced.OnlineRUSBoost -l (trees.HoeffdingTree -e 2000000 -g 100 -c 0.01),ArffFileStream -f ./../../../Dataset/Synthetic_IM10/stream_gen_hyperplane.arff,1,67000.0,5.59375,4.653896515568105E-9,67000.0,0.888,0.6781517094017093,0.6781517094017093,0.2759619362846504,0.6340161636161145,0.6145260989010989,0.6781517094017093,0.936,0.064,67000.0,3216.0
meta.imbalanced.OnlineRUSBoost -l (trees.HoeffdingTree -e 2000000 -g 100 -c 0.01),ArffFileStream -f ./../../../Dataset/Synthetic_IM10/stream_gen_hyperplane.arff,1,67500.0,5.625,4.679895937442787E-9,67500.0,0.876,0.6793119161540214,0.6793119161540213,0.28886034134703614,0.6384879752266285,0.6227960680293337,0.6793119161540214,0.924,0.076,67500.0,3216.0
meta.imbalanced.OnlineRUSBoost -l (trees.HoeffdingTree -e 2000000 -g 100 -c 0.01),ArffFileStream -f ./../../../Dataset/Synthetic_IM10/stream_gen_hyperplane.arff,1,68000.0,5.671875,4.7188950702548106E-9,68000.0,0.828,0.62,0.6199999999999999,0.20074349442379183,0.5628498911788116,0.5876168224299065,0.62,0.9,0.1,68000.0,3216.0
meta.imbalanced.OnlineRUSBoost -l (trees.HoeffdingTree -e 2000000 -g 100 -c 0.01),ArffFileStream -f ./../../../Dataset/Synthetic_IM10/stream_gen_hyperplane.arff,1,68500.0,5.703125,4.744894492129493E-9,68500.0,0.818,0.715271622134988,0.715271622134988,0.3095599393019727,0.7032909849035641,0.6275,0.715271622134988,0.894,0.106,68500.0,3216.0
meta.imbalanced.OnlineRUSBoost -l (trees.HoeffdingTree -e 2000000 -g 100 -c 0.01),ArffFileStream -f ./../../../Dataset/Synthetic_IM10/stream_gen_hyperplane.arff,1,69000.0,5.75,4.783893624941516E-9,69000.0,0.824,0.5883256528417818,0.5883256528417818,0.11557788944723618,0.5206046348889871,0.5450980392156862,0.5883256528417818,0.93,0.07,69000.0,3216.0
meta.imbalanced.OnlineRUSBoost -l (trees.HoeffdingTree -e 2000000 -g 100 -c 0.01),ArffFileStream -f ./../../../Dataset/Synthetic_IM10/stream_gen_hyperplane.arff,1,69500.0,5.78125,4.809893046816199E-9,69500.0,0.802,0.6283395247061219,0.6283395247061219,0.1692958313754447,0.592302153573392,0.5671888320545609,0.6283395247061219,0.914,0.086,69500.0,3216.0
meta.imbalanced.OnlineRUSBoost -l (trees.HoeffdingTree -e 2000000 -g 100 -c 0.01),ArffFileStream -f ./../../../Dataset/Synthetic_IM10/stream_gen_hyperplane.arff,1,70000.0,5.828125,4.848892179628222E-9,70000.0,0.736,0.5613102021864843,0.5613102021864844,0.0809079515387829,0.515677969783169,0.532806324110672,0.5613102021864843,0.894,0.106,70000.0,3216.0
meta.imbalanced.OnlineRUSBoost -l (trees.HoeffdingTree -e 2000000 -g 100 -c 0.01),ArffFileStream -f ./../../../Dataset/Synthetic_IM10/stream_gen_hyperplane.arff,1,70500.0,5.875,4.887891312440245E-9,70500.0,0.786,0.572039072039072,0.5720390720390721,0.09932659932659933,0.5090631583068049,0.5399728997289973,0.572039072039072,0.91,0.09,70500.0,3216.0
meta.imbalanced.OnlineRUSBoost -l (trees.HoeffdingTree -e 2000000 -g 100 -c 0.01),ArffFileStream -f ./../../../Dataset/Synthetic_IM10/stream_gen_hyperplane.arff,1,71000.0,5.90625,4.913890734314928E-9,71000.0,0.788,0.6569161284876113,0.6569161284876113,0.21909532930602624,0.6355048758066553,0.5896323086196504,0.6569161284876113,0.894,0.106,71000.0,3216.0
meta.imbalanced.OnlineRUSBoost -l (trees.HoeffdingTree -e 2000000 -g 100 -c 0.01),ArffFileStream -f ./../../../Dataset/Synthetic_IM10/stream_gen_hyperplane.arff,1,71500.0,5.953125,4.952889867126951E-9,71500.0,0.806,0.5973650838382415,0.5973650838382416,0.14600647978588532,0.5392838863219431,0.5604796358968375,0.5973650838382415,0.906,0.094,71500.0,3216.0
meta.imbalanced.OnlineRUSBoost -l (trees.HoeffdingTree -e 2000000 -g 100 -c 0.01),ArffFileStream -f ./../../../Dataset/Synthetic_IM10/stream_gen_hyperplane.arff,1,72000.0,5.984375,4.9788892890016334E-9,72000.0,0.784,0.5947583485979991,0.5947583485979991,0.13001449975833737,0.5471949297178468,0.5524366471734893,0.5947583485979991,0.906,0.094,72000.0,3216.0
meta.imbalanced.OnlineRUSBoost -l (trees.HoeffdingTree -e 2000000 -g 100 -c 0.01),ArffFileStream -f ./../../../Dataset/Synthetic_IM10/stream_gen_hyperplane.arff,1,72500.0,6.015625,5.004888710876316E-9,72500.0,0.864,0.6893500643500643,0.6893500643500643,0.35645063597819504,0.6515746692049573,0.6687213302752293,0.6893500643500643,0.888,0.112,72500.0,3216.0
meta.imbalanced.OnlineRUSBoost -l (trees.HoeffdingTree -e 2000000 -g 100 -c 0.01),ArffFileStream -f ./../../../Dataset/Synthetic_IM10/stream_gen_hyperplane.arff,1,73000.0,6.046875,5.030888132750998E-9,73000.0,0.71,0.5343207354443309,0.5343207354443309,0.04429211705773794,0.4845308799721419,0.5180164722031572,0.5343207354443309,0.89,0.11,73000.0,3216.0
meta.imbalanced.OnlineRUSBoost -l (trees.HoeffdingTree -e 2000000 -g 100 -c 0.01),ArffFileStream -f ./../../../Dataset/Synthetic_IM10/stream_gen_hyperplane.arff,1,73500.0,6.09375,5.069887265563022E-9,73500.0,0.754,0.5537915431424559,0.5537915431424559,0.082308702399427,0.4885967564883422,0.5347363913448702,0.5537915431424559,0.884,0.116,73500.0,3216.0
meta.imbalanced.OnlineRUSBoost -l (trees.HoeffdingTree -e 2000000 -g 100 -c 0.01),ArffFileStream -f ./../../../Dataset/Synthetic_IM10/stream_gen_hyperplane.arff,1,74000.0,6.125,5.095886687437704E-9,74000.0,0.784,0.6214174158963319,0.6214174158963319,0.17564803224132142,0.5861658408473115,0.57245774452757,0.6214174158963319,0.894,0.106,74000.0,3216.0
meta.imbalanced.OnlineRUSBoost -l (trees.HoeffdingTree -e 2000000 -g 100 -c 0.01),ArffFileStream -f ./../../../Dataset/Synthetic_IM10/stream_gen_hyperplane.arff,1,74500.0,6.15625,5.1218861093123865E-9,74500.0,0.832,0.6306818181818181,0.6306818181818181,0.19981710105166894,0.5814363093393651,0.5831747240197944,0.6306818181818181,0.912,0.088,74500.0,3216.0
meta.imbalanced.OnlineRUSBoost -l (trees.HoeffdingTree -e 2000000 -g 100 -c 0.01),ArffFileStream -f ./../../../Dataset/Synthetic_IM10/stream_gen_hyperplane.arff,1,75000.0,6.203125,5.16088524212441E-9,75000.0,0.832,0.5777777777777777,0.5777777777777778,0.14285714285714285,0.4825395781119352,0.5662878787878788,0.5777777777777777,0.9,0.1,75000.0,3216.0
meta.imbalanced.OnlineRUSBoost -l (trees.HoeffdingTree -e 2000000 -g 100 -c 0.01),ArffFileStream -f ./../../../Dataset/Synthetic_IM10/stream_gen_hyperplane.arff,1,75500.0,6.234375,5.186884663999092E-9,75500.0,0.84,0.6018917051915618,0.6018917051915618,0.16089783931193624,0.5302377082088245,0.5678160919540229,0.6018917051915618,0.918,0.082,75500.0,3216.0
meta.imbalanced.OnlineRUSBoost -l (trees.HoeffdingTree -e 2000000 -g 100 -c 0.01),ArffFileStream -f ./../../../Dataset/Synthetic_IM10/stream_gen_hyperplane.arff,1,76000.0,6.265625,5.212884085873775E-9,76000.0,0.748,0.5380536494073611,0.5380536494073611,0.0444120859119039,0.4752121370204609,0.5172902494331065,0.5380536494073611,0.916,0.084,76000.0,3216.0
meta.imbalanced.OnlineRUSBoost -l (trees.HoeffdingTree -e 2000000 -g 100 -c 0.01),ArffFileStream -f ./../../../Dataset/Synthetic_IM10/stream_gen_hyperplane.arff,1,76500.0,6.296875,5.238883507748457E-9,76500.0,0.74,0.6300704909037187,0.6300704909037187,0.15940304684064868,0.6144325276659649,0.5643870536367245,0.6300704909037187,0.894,0.106,76500.0,3216.0
meta.imbalanced.OnlineRUSBoost -l (trees.HoeffdingTree -e 2000000 -g 100 -c 0.01),ArffFileStream -f ./../../../Dataset/Synthetic_IM10/stream_gen_hyperplane.arff,1,77000.0,6.328125,5.2648829296231396E-9,77000.0,0.762,0.6128389154704944,0.6128389154704943,0.13209638835404633,0.5854938345559502,0.5517710548581098,0.6128389154704944,0.912,0.088,77000.0,3216.0
meta.imbalanced.OnlineRUSBoost -l (trees.HoeffdingTree -e 2000000 -g 100 -c 0.01),ArffFileStream -f ./../../../Dataset/Synthetic_IM10/stream_gen_hyperplane.arff,1,77500.0,6.359375,5.290882351497822E-9,77500.0,0.826,0.6277777777777778,0.6277777777777778,0.20909090909090908,0.5768111572352871,0.5901960784313726,0.6277777777777778,0.9,0.1,77500.0,3216.0
meta.imbalanced.OnlineRUSBoost -l (trees.HoeffdingTree -e 2000000 -g 100 -c 0.01),ArffFileStream -f ./../../../Dataset/Synthetic_IM10/stream_gen_hyperplane.arff,1,78000.0,6.390625,5.3168817733725045E-9,78000.0,0.854,0.6539401668526489,0.653940166852649,0.24097487938778905,0.6085806194501846,0.6011381092026253,0.6539401668526489,0.918,0.082,78000.0,3216.0
meta.imbalanced.OnlineRUSBoost -l (trees.HoeffdingTree -e 2000000 -g 100 -c 0.01),ArffFileStream -f ./../../../Dataset/Synthetic_IM10/stream_gen_hyperplane.arff,1,78500.0,6.4375,5.355880906184528E-9,78500.0,0.806,0.6878687315634218,0.6878687315634219,0.2515894080612308,0.6721520275076136,0.6011439489813644,0.6878687315634218,0.904,0.096,78500.0,3216.0
meta.imbalanced.OnlineRUSBoost -l (trees.HoeffdingTree -e 2000000 -g 100 -c 0.01),ArffFileStream -f ./../../../Dataset/Synthetic_IM10/stream_gen_hyperplane.arff,1,79000.0,6.46875,5.38188032805921E-9,79000.0,0.836,0.6595848595848596,0.6595848595848596,0.24172369151100426,0.6235116588860138,0.600319302446962,0.6595848595848596,0.91,0.09,79000.0,3216.0
meta.imbalanced.OnlineRUSBoost -l (trees.HoeffdingTree -e 2000000 -g 100 -c 0.01),ArffFileStream -f ./../../../Dataset/Synthetic_IM10/stream_gen_hyperplane.arff,1,79500.0,6.515625,5.4208794608712334E-9,79500.0,0.776,0.6431052093973443,0.6431052093973442,0.20011426939008714,0.6201255268492429,0.5821816560688895,0.6431052093973443,0.89,0.11,79500.0,3216.0
meta.imbalanced.OnlineRUSBoost -l (trees.HoeffdingTree -e 2000000 -g 100 -c 0.01),ArffFileStream -f ./../../../Dataset/Synthetic_IM10/stream_gen_hyperplane.arff,1,80000.0,6.546875,5.446878882745916E-9,80000.0,0.718,0.561320034603837,0.561320034603837,0.06399362719065321,0.5284631675187476,0.5250519750519751,0.561320034603837,0.914,0.086,80000.0,3216.0
meta.imbalanced.OnlineRUSBoost -l (trees.HoeffdingTree -e 2000000 -g 100 -c 0.01),ArffFileStream -f ./../../../Dataset/Synthetic_IM10/stream_gen_hyperplane.arff,1,80500.0,6.59375,5.485878015557939E-9,80500.0,0.844,0.5917448764604482,0.5917448764604483,0.16423795645465455,0.5045758818378708,0.57473864877516,0.5917448764604482,0.908,0.092,80500.0,3216.0
meta.imbalanced.OnlineRUSBoost -l (trees.HoeffdingTree -e 2000000 -g 100 -c 0.01),ArffFileStream -f ./../../../Dataset/Synthetic_IM10/stream_gen_hyperplane.arff,1,81000.0,6.625,5.511877437432622E-9,81000.0,0.736,0.6206332992849847,0.6206332992849846,0.15177997686672665,0.6027516067911182,0.5616916358469671,0.6206332992849847,0.89,0.11,81000.0,3216.0
meta.imbalanced.OnlineRUSBoost -l (trees.HoeffdingTree -e 2000000 -g 100 -c 0.01),ArffFileStream -f ./../../../Dataset/Synthetic_IM10/stream_gen_hyperplane.arff,1,81500.0,6.65625,5.537876859307304E-9,81500.0,0.774,0.5820165537998495,0.5820165537998496,0.1278710792788343,0.5262128131806135,0.5542658002305838,0.5820165537998495,0.886,0.114,81500.0,3216.0
meta.imbalanced.OnlineRUSBoost -l (trees.HoeffdingTree -e 2000000 -g 100 -c 0.01),ArffFileStream -f ./../../../Dataset/Synthetic_IM10/stream_gen_hyperplane.arff,1,82000.0,6.703125,5.576875992119327E-9,82000.0,0.772,0.6009385175253783,0.6009385175253783,0.12886660960997676,0.5631879053567185,0.5511849261849262,0.6009385175253783,0.908,0.092,82000.0,3216.0
meta.imbalanced.OnlineRUSBoost -l (trees.HoeffdingTree -e 2000000 -g 100 -c 0.01),ArffFileStream -f ./../../../Dataset/Synthetic_IM10/stream_gen_hyperplane.arff,1,82500.0,6.734375,5.60287541399401E-9,82500.0,0.832,0.6979160586072033,0.6979160586072034,0.2440876858284439,0.67994100565789,0.5943614149341794,0.6979160586072033,0.926,0.074,82500.0,3216.0
meta.imbalanced.OnlineRUSBoost -l (trees.HoeffdingTree -e 2000000 -g 100 -c 0.01),ArffFileStream -f ./../../../Dataset/Synthetic_IM10/stream_gen_hyperplane.arff,1,83000.0,6.765625,5.628874835868692E-9,83000.0,0.83,0.629585326953748,0.6295853269537479,0.19659735349716445,0.580707235310484,0.5815686274509804,0.629585326953748,0.912,0.088,83000.0,3216.0
meta.imbalanced.OnlineRUSBoost -l (trees.HoeffdingTree -e 2000000 -g 100 -c 0.01),ArffFileStream -f ./../../../Dataset/Synthetic_IM10/stream_gen_hyperplane.arff,1,83500.0,6.8125,5.6678739686807155E-9,83500.0,0.734,0.5144444444444445,0.5144444444444444,0.019174041297935103,0.43512450325548585,0.5077287103754964,0.5144444444444445,0.9,0.1,83500.0,3216.0
meta.imbalanced.OnlineRUSBoost -l (trees.HoeffdingTree -e 2000000 -g 100 -c 0.01),ArffFileStream -f ./../../../Dataset/Synthetic_IM10/stream_gen_hyperplane.arff,1,84000.0,6.84375,5.693873390555398E-9,84000.0,0.772,0.6210314860910957,0.6210314860910957,0.16282348794172077,0.5913624897686935,0.5659080640175025,0.6210314860910957,0.898,0.102,84000.0,3216.0
meta.imbalanced.OnlineRUSBoost -l (trees.HoeffdingTree -e 2000000 -g 100 -c 0.01),ArffFileStream -f ./../../../Dataset/Synthetic_IM10/stream_gen_hyperplane.arff,1,84500.0,6.875,5.71987281243008E-9,84500.0,0.75,0.6496170275445574,0.6496170275445574,0.20636936204794798,0.6357540700539945,0.5857697747567077,0.6496170275445574,0.876,0.124,84500.0,3216.0
meta.imbalanced.OnlineRUSBoost -l (trees.HoeffdingTree -e 2000000 -g 100 -c 0.01),ArffFileStream -f ./../../../Dataset/Synthetic_IM10/stream_gen_hyperplane.arff,1,85000.0,6.90625,5.745872234304763E-9,85000.0,0.742,0.6320960698689957,0.6320960698689957,0.13612986178077788,0.6181391994276011,0.5530934620447565,0.6320960698689957,0.916,0.084,85000.0,3216.0
meta.imbalanced.OnlineRUSBoost -l (trees.HoeffdingTree -e 2000000 -g 100 -c 0.01),ArffFileStream -f ./../../../Dataset/Synthetic_IM10/stream_gen_hyperplane.arff,1,85500.0,6.96875,5.797871078054127E-9,85500.0,0.772,0.6777777777777778,0.6777777777777778,0.2191780821917808,0.6674661872418042,0.5877192982456141,0.6777777777777778,0.9,0.1,85500.0,3216.0
meta.imbalanced.OnlineRUSBoost -l (trees.HoeffdingTree -e 2000000 -g 100 -c 0.01),ArffFileStream -f ./../../../Dataset/Synthetic_IM10/stream_gen_hyperplane.arff,1,86000.0,7.015625,5.83687021086615E-9,86000.0,0.822,0.6287466286702966,0.6287466286702966,0.18528011717319662,0.5838217142290908,0.575297619047619,0.6287466286702966,0.914,0.086,86000.0,3216.0
meta.imbalanced.OnlineRUSBoost -l (trees.HoeffdingTree -e 2000000 -g 100 -c 0.01),ArffFileStream -f ./../../../Dataset/Synthetic_IM10/stream_gen_hyperplane.arff,1,86500.0,7.046875,5.862869632740833E-9,86500.0,0.844,0.6212883141762452,0.6212883141762453,0.17204483695652173,0.5641870189371293,0.5689678649237473,0.6212883141762452,0.928,0.072,86500.0,3216.0
meta.imbalanced.OnlineRUSBoost -l (trees.HoeffdingTree -e 2000000 -g 100 -c 0.01),ArffFileStream -f ./../../../Dataset/Synthetic_IM10/stream_gen_hyperplane.arff,1,87000.0,7.078125,5.888869054615515E-9,87000.0,0.886,0.6480798771121352,0.6480798771121352,0.2527530152071316,0.5860644863675495,0.6110803834808259,0.6480798771121352,0.93,0.07,87000.0,3216.0
meta.imbalanced.OnlineRUSBoost -l (trees.HoeffdingTree -e 2000000 -g 100 -c 0.01),ArffFileStream -f ./../../../Dataset/Synthetic_IM10/stream_gen_hyperplane.arff,1,87500.0,7.125,5.927868187427538E-9,87500.0,0.77,0.6078651685393259,0.6078651685393259,0.15515721422274464,0.5712198655784484,0.5641025641025641,0.6078651685393259,0.89,0.11,87500.0,3216.0
meta.imbalanced.OnlineRUSBoost -l (trees.HoeffdingTree -e 2000000 -g 100 -c 0.01),ArffFileStream -f ./../../../Dataset/Synthetic_IM10/stream_gen_hyperplane.arff,1,88000.0,7.15625,5.953867609302221E-9,88000.0,0.816,0.6732456140350878,0.6732456140350878,0.23210470085470086,0.6505732964356036,0.5926044330775788,0.6732456140350878,0.912,0.088,88000.0,3216.0
meta.imbalanced.OnlineRUSBoost -l (trees.HoeffdingTree -e 2000000 -g 100 -c 0.01),ArffFileStream -f ./../../../Dataset/Synthetic_IM10/stream_gen_hyperplane.arff,1,88500.0,7.1875,5.979867031176903E-9,88500.0,0.764,0.6145074437757364,0.6145074437757364,0.1464367350481757,0.5857023106542548,0.5586048773709442,0.6145074437757364,0.902,0.098,88500.0,3216.0
meta.imbalanced.OnlineRUSBoost -l (trees.HoeffdingTree -e 2000000 -g 100 -c 0.01),ArffFileStream -f ./../../../Dataset/Synthetic_IM10/stream_gen_hyperplane.arff,1,89000.0,7.21875,6.005866453051586E-9,89000.0,0.764,0.6174388674388674,0.6174388674388674,0.16525183927560838,0.5878433852310031,0.568065268065268,0.6174388674388674,0.888,0.112,89000.0,3216.0
meta.imbalanced.OnlineRUSBoost -l (trees.HoeffdingTree -e 2000000 -g 100 -c 0.01),ArffFileStream -f ./../../../Dataset/Synthetic_IM10/stream_gen_hyperplane.arff,1,89500.0,7.28125,6.05786529680095E-9,89500.0,0.742,0.5868211260587942,0.5868211260587942,0.11478919631093544,0.5524326777787748,0.546662649795809,0.5868211260587942,0.892,0.108,89500.0,3216.0
meta.imbalanced.OnlineRUSBoost -l (trees.HoeffdingTree -e 2000000 -g 100 -c 0.01),ArffFileStream -f ./../../../Dataset/Synthetic_IM10/stream_gen_hyperplane.arff,1,90000.0,7.3125,6.083864718675632E-9,90000.0,0.862,0.6282701611009347,0.6282701611009347,0.2404896090172596,0.5584522045605559,0.6133947849194485,0.6282701611009347,0.906,0.094,90000.0,3216.0
meta.imbalanced.OnlineRUSBoost -l (trees.HoeffdingTree -e 2000000 -g 100 -c 0.01),ArffFileStream -f ./../../../Dataset/Synthetic_IM10/stream_gen_hyperplane.arff,1,90500.0,7.34375,6.109864140550315E-9,90500.0,0.844,0.6022222222222222,0.6022222222222223,0.1908713692946058,0.5208966628164682,0.5897175846465907,0.6022222222222222,0.9,0.1,90500.0,3216.0
meta.imbalanced.OnlineRUSBoost -l (trees.HoeffdingTree -e 2000000 -g 100 -c 0.01),ArffFileStream -f ./../../../Dataset/Synthetic_IM10/stream_gen_hyperplane.arff,1,91000.0,7.390625,6.148863273362338E-9,91000.0,0.832,0.5841748841630034,0.5841748841630034,0.1683497683260069,0.4880659666342474,0.5841748841630034,0.5841748841630034,0.886,0.114,91000.0,3216.0
meta.imbalanced.OnlineRUSBoost -l (trees.HoeffdingTree -e 2000000 -g 100 -c 0.01),ArffFileStream -f ./../../../Dataset/Synthetic_IM10/stream_gen_hyperplane.arff,1,91500.0,7.421875,6.17486269523702E-9,91500.0,0.836,0.6155555555555555,0.6155555555555554,0.20233463035019456,0.5504341720658137,0.5907694456081554,0.6155555555555555,0.9,0.1,91500.0,3216.0
meta.imbalanced.OnlineRUSBoost -l (trees.HoeffdingTree -e 2000000 -g 100 -c 0.01),ArffFileStream -f ./../../../Dataset/Synthetic_IM10/stream_gen_hyperplane.arff,1,92000.0,7.46875,6.213861828049044E-9,92000.0,0.784,0.5977782034093085,0.5977782034093084,0.13138592201775834,0.5525012339208003,0.5526505775577558,0.5977782034093085,0.908,0.092,92000.0,3216.0
meta.imbalanced.OnlineRUSBoost -l (trees.HoeffdingTree -e 2000000 -g 100 -c 0.01),ArffFileStream -f ./../../../Dataset/Synthetic_IM10/stream_gen_hyperplane.arff,1,92500.0,7.5,6.239861249923726E-9,92500.0,0.78,0.622707336523126,0.6227073365231259,0.15186281766592646,0.5927273889198622,0.5597804972804973,0.622707336523126,0.912,0.088,92500.0,3216.0
meta.imbalanced.OnlineRUSBoost -l (trees.HoeffdingTree -e 2000000 -g 100 -c 0.01),ArffFileStream -f ./../../../Dataset/Synthetic_IM10/stream_gen_hyperplane.arff,1,93000.0,7.53125,6.2658606717984085E-9,93000.0,0.798,0.601774322169059,0.601774322169059,0.13922410854298767,0.5526505654823043,0.5558243801088056,0.601774322169059,0.912,0.088,93000.0,3216.0
meta.imbalanced.OnlineRUSBoost -l (trees.HoeffdingTree -e 2000000 -g 100 -c 0.01),ArffFileStream -f ./../../../Dataset/Synthetic_IM10/stream_gen_hyperplane.arff,1,93500.0,7.578125,6.304859804610432E-9,93500.0,0.776,0.561739702221596,0.561739702221596,0.08583368702863299,0.49590877027008945,0.5347282766637605,0.561739702221596,0.906,0.094,93500.0,3216.0
meta.imbalanced.OnlineRUSBoost -l (trees.HoeffdingTree -e 2000000 -g 100 -c 0.01),ArffFileStream -f ./../../../Dataset/Synthetic_IM10/stream_gen_hyperplane.arff,1,94000.0,7.609375,6.330859226485114E-9,94000.0,0.742,0.5455915990850488,0.545591599085049,0.05158216680390542,0.4918761955246982,0.5200544236354074,0.5455915990850488,0.916,0.084,94000.0,3216.0
meta.imbalanced.OnlineRUSBoost -l (trees.HoeffdingTree -e 2000000 -g 100 -c 0.01),ArffFileStream -f ./../../../Dataset/Synthetic_IM10/stream_gen_hyperplane.arff,1,94500.0,7.640625,6.356858648359797E-9,94500.0,0.808,0.584126984126984,0.5841269841269842,0.125523774822372,0.5163977794943222,0.5517904927989417,0.584126984126984,0.91,0.09,94500.0,3216.0
meta.imbalanced.OnlineRUSBoost -l (trees.HoeffdingTree -e 2000000 -g 100 -c 0.01),ArffFileStream -f ./../../../Dataset/Synthetic_IM10/stream_gen_hyperplane.arff,1,95000.0,7.6875,6.39585778117182E-9,95000.0,0.842,0.671455938697318,0.671455938697318,0.22482141455373264,0.641216814994287,0.5879309815480028,0.671455938697318,0.928,0.072,95000.0,3216.0
meta.imbalanced.OnlineRUSBoost -l (trees.HoeffdingTree -e 2000000 -g 100 -c 0.01),ArffFileStream -f ./../../../Dataset/Synthetic_IM10/stream_gen_hyperplane.arff,1,95500.0,7.71875,6.421857203046502E-9,95500.0,0.796,0.5353260869565217,0.5353260869565217,0.048507462686567165,0.4362014891428442,0.5193452380952381,0.5353260869565217,0.92,0.08,95500.0,3216.0
meta.imbalanced.OnlineRUSBoost -l (trees.HoeffdingTree -e 2000000 -g 100 -c 0.01),ArffFileStream -f ./../../../Dataset/Synthetic_IM10/stream_gen_hyperplane.arff,1,96000.0,7.75,6.447856624921185E-9,96000.0,0.788,0.6637076699074727,0.6637076699074727,0.20826984553792835,0.6458154832758168,0.5828874461962854,0.6637076699074727,0.906,0.094,96000.0,3216.0
meta.imbalanced.OnlineRUSBoost -l (trees.HoeffdingTree -e 2000000 -g 100 -c 0.01),ArffFileStream -f ./../../../Dataset/Synthetic_IM10/stream_gen_hyperplane.arff,1,96500.0,7.78125,6.473856046795867E-9,96500.0,0.79,0.5853365384615384,0.5853365384615384,0.13154238073182029,0.525206003539417,0.5553282680693552,0.5853365384615384,0.896,0.104,96500.0,3216.0
meta.imbalanced.OnlineRUSBoost -l (trees.HoeffdingTree -e 2000000 -g 100 -c 0.01),ArffFileStream -f ./../../../Dataset/Synthetic_IM10/stream_gen_hyperplane.arff,1,97000.0,7.828125,6.5128551796078906E-9,97000.0,0.766,0.6134282091024377,0.6134282091024376,0.14172535211267606,0.5839427629016531,0.5562937062937063,0.6134282091024377,0.906,0.094,97000.0,3216.0
meta.imbalanced.OnlineRUSBoost -l (trees.HoeffdingTree -e 2000000 -g 100 -c 0.01),ArffFileStream -f ./../../../Dataset/Synthetic_IM10/stream_gen_hyperplane.arff,1,97500.0,7.859375,6.538854601482573E-9,97500.0,0.82,0.49130434782608695,0.49130434782608695,-0.014427412082957619,0.29708730966706975,0.49375877672023716,0.49130434782608695,0.92,0.08,97500.0,3216.0
meta.imbalanced.OnlineRUSBoost -l (trees.HoeffdingTree -e 2000000 -g 100 -c 0.01),ArffFileStream -f ./../../../Dataset/Synthetic_IM10/stream_gen_hyperplane.arff,1,98000.0,7.890625,6.5648540233572555E-9,98000.0,0.664,0.5320226648351648,0.5320226648351649,0.03430515956957601,0.5052522898252183,0.5140004504166354,0.5320226648351648,0.896,0.104,98000.0,3216.0
meta.imbalanced.OnlineRUSBoost -l (trees.HoeffdingTree -e 2000000 -g 100 -c 0.01),ArffFileStream -f ./../../../Dataset/Synthetic_IM10/stream_gen_hyperplane.arff,1,98500.0,7.921875,6.590853445231938E-9,98500.0,0.88,0.5947992931078011,0.594799293107801,0.1668518107087314,0.4947974729702681,0.5748604465709729,0.5947992931078011,0.932,0.068,98500.0,3216.0
meta.imbalanced.OnlineRUSBoost -l (trees.HoeffdingTree -e 2000000 -g 100 -c 0.01),ArffFileStream -f ./../../../Dataset/Synthetic_IM10/stream_gen_hyperplane.arff,1,99000.0,7.953125,6.61685286710662E-9,99000.0,0.8,0.5897435897435898,0.5897435897435899,0.12816041848299914,0.5310850045437944,0.5520907158043941,0.5897435897435898,0.91,0.09,99000.0,3216.0
meta.imbalanced.OnlineRUSBoost -l (trees.HoeffdingTree -e 2000000 -g 100 -c 0.01),ArffFileStream -f ./../../../Dataset/Synthetic_IM10/stream_gen_hyperplane.arff,1,99500.0,8.0,6.655851999918644E-9,99500.0,0.756,0.5918819856102087,0.5918819856102085,0.11750238708370707,0.5555686278886983,0.5470251742745316,0.5918819856102087,0.902,0.098,99500.0,3216.0
meta.imbalanced.OnlineRUSBoost -l (trees.HoeffdingTree -e 2000000 -g 100 -c 0.01),ArffFileStream -f ./../../../Dataset/Synthetic_IM10/stream_gen_hyperplane.arff,1,100000.0,8.03125,6.681851421793326E-9,100000.0,0.808,0.6210879853442572,0.6210879853442574,0.1654786327758267,0.5786122384968133,0.5662241518465949,0.6210879853442572,0.914,0.086,100000.0,3216.0
