Learner,stream,randomSeed,learning evaluation instances,evaluation time (cpu seconds),model cost (RAM-Hours),classified instances,Accuracy,AvgAccuracy,AUC,Kappa,G-Mean,Precision,Recall,Ratio-Class-0,Ratio-Class-1,model training instances,model serialized size (bytes),member weight 1,member weight 2,member weight 3,member weight 4,[avg] model training instances,[err] model training instances,[avg] model serialized size (bytes),[err] model serialized size (bytes),[avg] tree size (nodes),[err] tree size (nodes),[avg] tree size (leaves),[err] tree size (leaves),[avg] active learning leaves,[err] active learning leaves,[avg] tree depth,[err] tree depth,[avg] active leaf byte size estimate,[err] active leaf byte size estimate,[avg] inactive leaf byte size estimate,[err] inactive leaf byte size estimate,[avg] byte size estimate overhead,[err] byte size estimate overhead
meta.WeightedMajorityAlgorithm,ArffFileStream -f ./../../../Dataset/Synthetic_IM10/stream_gen_hyperplane.arff,1,500.0,0.09375,2.9627699404954915E-10,500.0,0.904,0.4988962472406181,0.4988962472406181,-0.003932067263448507,0.0,0.4529058116232465,0.4988962472406181,0.906,0.094,500.0,12216.0,0.2702702702702703,0.24324324324324326,0.24324324324324326,0.24324324324324326,500.0,0.0,238.0,31.58058475287203,1.0,0.0,1.0,0.0,1.0,0.0,0.0,0.0,0.0,0.0,0.0,0.0,1.0,0.0
meta.WeightedMajorityAlgorithm,ArffFileStream -f ./../../../Dataset/Synthetic_IM10/stream_gen_hyperplane.arff,1,1000.0,0.140625,4.4441549107432375E-10,1000.0,0.9,0.5,0.5,0.0,0.0,0.9,0.5,0.9,0.1,1000.0,12216.0,0.2702702702702703,0.24324324324324326,0.24324324324324326,0.24324324324324326,1000.0,0.0,238.0,31.58058475287203,1.0,0.0,1.0,0.0,1.0,0.0,0.0,0.0,0.0,0.0,0.0,0.0,1.0,0.0
meta.WeightedMajorityAlgorithm,ArffFileStream -f ./../../../Dataset/Synthetic_IM10/stream_gen_hyperplane.arff,1,1500.0,0.15625,4.937949900825819E-10,1500.0,0.9,0.5,0.5,0.0,0.0,0.9,0.5,0.9,0.1,1500.0,12216.0,0.25,0.25,0.25,0.25,1500.0,0.0,238.0,31.58058475287203,1.0,0.0,1.0,0.0,1.0,0.0,0.0,0.0,0.0,0.0,0.0,0.0,1.0,0.0
meta.WeightedMajorityAlgorithm,ArffFileStream -f ./../../../Dataset/Synthetic_IM10/stream_gen_hyperplane.arff,1,2000.0,0.171875,5.4317448909084E-10,2000.0,0.912,0.5,0.5,0.0,0.0,0.912,0.5,0.912,0.088,2000.0,12216.0,0.25,0.25,0.25,0.25,2000.0,0.0,238.0,31.58058475287203,1.0,0.0,1.0,0.0,1.0,0.0,0.0,0.0,0.0,0.0,0.0,0.0,1.0,0.0
meta.WeightedMajorityAlgorithm,ArffFileStream -f ./../../../Dataset/Synthetic_IM10/stream_gen_hyperplane.arff,1,2500.0,0.1875,5.925539880990982E-10,2500.0,0.938,0.498936170212766,0.49893617021276593,-0.0038860103626943004,0.0,0.46993987975951906,0.498936170212766,0.94,0.06,2500.0,12216.0,0.25,0.25,0.25,0.25,2500.0,0.0,238.0,31.58058475287203,1.0,0.0,1.0,0.0,1.0,0.0,0.0,0.0,0.0,0.0,0.0,0.0,1.0,0.0
meta.WeightedMajorityAlgorithm,ArffFileStream -f ./../../../Dataset/Synthetic_IM10/stream_gen_hyperplane.arff,1,3000.0,0.21875,6.913129861156146E-10,3000.0,0.928,0.5,0.5,0.0,0.0,0.928,0.5,0.928,0.072,3000.0,12216.0,0.23076923076923064,0.25641025641025644,0.25641025641025644,0.25641025641025644,3000.0,0.0,238.0,31.58058475287203,1.0,0.0,1.0,0.0,1.0,0.0,0.0,0.0,0.0,0.0,0.0,0.0,1.0,0.0
meta.WeightedMajorityAlgorithm,ArffFileStream -f ./../../../Dataset/Synthetic_IM10/stream_gen_hyperplane.arff,1,3500.0,0.25,7.905247103836801E-10,3500.0,0.914,0.49890829694323147,0.49890829694323147,-0.003922301083302204,0.0,0.45791583166332667,0.49890829694323147,0.916,0.084,3500.0,12272.0,0.23011363636363627,0.23011363636363638,0.2556818181818182,0.2840909090909091,3500.0,0.0,416.0,150.09330431434975,3.0,0.0,2.0,0.0,2.0,0.0,1.0,0.0,0.0,0.0,0.0,0.0,1.0,0.0
meta.WeightedMajorityAlgorithm,ArffFileStream -f ./../../../Dataset/Synthetic_IM10/stream_gen_hyperplane.arff,1,4000.0,0.28125,8.897364346517457E-10,4000.0,0.906,0.5,0.5,0.0,0.0,0.906,0.5,0.906,0.094,4000.0,12272.0,0.24724520008546733,0.20026861206922864,0.24724520008546733,0.3052409877598367,4000.0,0.0,416.0,150.09330431434975,3.0,0.0,2.0,0.0,2.0,0.0,1.0,0.0,0.0,0.0,0.0,0.0,1.0,0.0
meta.WeightedMajorityAlgorithm,ArffFileStream -f ./../../../Dataset/Synthetic_IM10/stream_gen_hyperplane.arff,1,4500.0,0.3125,9.889481589198114E-10,4500.0,0.902,0.5,0.5,0.0,0.0,0.902,0.5,0.902,0.098,4500.0,12272.0,0.2301136363636362,0.255681818181818,0.2301136363636362,0.2840909090909095,4500.0,0.0,594.0,268.95352758422786,5.0,0.0,3.0,0.0,3.0,0.0,2.0,0.0,0.0,0.0,0.0,0.0,1.0,0.0
meta.WeightedMajorityAlgorithm,ArffFileStream -f ./../../../Dataset/Synthetic_IM10/stream_gen_hyperplane.arff,1,5000.0,0.328125,1.0385540210538442E-9,5000.0,0.906,0.5,0.5,0.0,0.0,0.906,0.5,0.906,0.094,5000.0,12272.0,0.22437673130193886,0.24930747922437665,0.2493074792243765,0.27700831024930805,5000.0,0.0,594.0,268.95352758422786,5.0,0.0,3.0,0.0,3.0,0.0,2.0,0.0,0.0,0.0,0.0,0.0,1.0,0.0
meta.WeightedMajorityAlgorithm,ArffFileStream -f ./../../../Dataset/Synthetic_IM10/stream_gen_hyperplane.arff,1,5500.0,0.359375,1.1377657453219098E-9,5500.0,0.922,0.5357142857142857,0.5357142857142857,0.12351672060409924,0.2672612419124244,0.9607645875251509,0.5357142857142857,0.916,0.084,5500.0,12272.0,0.13461867229047084,0.3474743234100634,0.3127268910690571,0.20518011323040877,5500.0,0.0,594.0,268.95352758422786,5.0,0.0,3.0,0.0,3.0,0.0,2.0,0.0,0.0,0.0,0.0,0.0,1.0,0.0
meta.WeightedMajorityAlgorithm,ArffFileStream -f ./../../../Dataset/Synthetic_IM10/stream_gen_hyperplane.arff,1,6000.0,0.375,1.1873716074559425E-9,6000.0,0.908,0.5576923076923077,0.5576923076923077,0.18945587820693544,0.3396831102433787,0.9534412955465588,0.5576923076923077,0.896,0.104,6000.0,12272.0,0.06214089259121039,0.4600126851691442,0.37261027498700694,0.10523614725263856,6000.0,0.0,594.0,268.95352758422786,5.0,0.0,3.0,0.0,3.0,0.0,2.0,0.0,0.0,0.0,0.0,0.0,1.0,0.0
meta.WeightedMajorityAlgorithm,ArffFileStream -f ./../../../Dataset/Synthetic_IM10/stream_gen_hyperplane.arff,1,6500.0,0.390625,1.2369774695899754E-9,6500.0,0.908,0.520172842985299,0.520172842985299,0.06950400517841249,0.20605643664857431,0.7880617035546613,0.520172842985299,0.906,0.094,6500.0,12272.0,0.05627651059210054,0.4628891194746355,0.3749401867744549,0.10589418315880914,6500.0,0.0,594.0,268.95352758422786,5.0,0.0,3.0,0.0,3.0,0.0,2.0,0.0,0.0,0.0,0.0,0.0,1.0,0.0
meta.WeightedMajorityAlgorithm,ArffFileStream -f ./../../../Dataset/Synthetic_IM10/stream_gen_hyperplane.arff,1,7000.0,0.390625,1.2369774695899754E-9,7000.0,0.92,0.5555555555555556,0.5555555555555556,0.18533604887983707,0.3333333333333333,0.9595959595959596,0.5555555555555556,0.91,0.09,7000.0,12272.0,0.03214954858473991,0.497587697167972,0.40304603470605743,0.0672167195412306,7000.0,0.0,594.0,268.95352758422786,5.0,0.0,3.0,0.0,3.0,0.0,2.0,0.0,0.0,0.0,0.0,0.0,1.0,0.0
meta.WeightedMajorityAlgorithm,ArffFileStream -f ./../../../Dataset/Synthetic_IM10/stream_gen_hyperplane.arff,1,7500.0,0.40625,1.2865833317240082E-9,7500.0,0.926,0.5375,0.5375,0.12982126058325494,0.27386127875258304,0.9627766599597585,0.5375,0.92,0.08,7500.0,12272.0,0.016156882018992687,0.5228230690933204,0.42348668596558947,0.037533362922097434,7500.0,0.0,594.0,268.95352758422786,5.0,0.0,3.0,0.0,3.0,0.0,2.0,0.0,0.0,0.0,0.0,0.0,1.0,0.0
meta.WeightedMajorityAlgorithm,ArffFileStream -f ./../../../Dataset/Synthetic_IM10/stream_gen_hyperplane.arff,1,8000.0,0.40625,1.2865833317240082E-9,8000.0,0.9,0.5192307692307693,0.5192307692307692,0.06688563750373246,0.19611613513818404,0.9497991967871486,0.5192307692307693,0.896,0.104,8000.0,12272.0,0.01317698288546077,0.526414873513675,0.4263960475460766,0.03401209605478765,8000.0,0.0,594.0,268.95352758422786,5.0,0.0,3.0,0.0,3.0,0.0,2.0,0.0,0.0,0.0,0.0,0.0,1.0,0.0
meta.WeightedMajorityAlgorithm,ArffFileStream -f ./../../../Dataset/Synthetic_IM10/stream_gen_hyperplane.arff,1,8500.0,0.40625,1.2865833317240082E-9,8500.0,0.902,0.5377358490566038,0.5377358490566038,0.12736857102151303,0.27472112789737807,0.9506048387096775,0.5377358490566038,0.894,0.106,8500.0,12272.0,0.008765939999081892,0.5337533644257372,0.43234022518484694,0.025140470390334055,8500.0,0.0,594.0,268.95352758422786,5.0,0.0,3.0,0.0,3.0,0.0,2.0,0.0,0.0,0.0,0.0,0.0,1.0,0.0
meta.WeightedMajorityAlgorithm,ArffFileStream -f ./../../../Dataset/Synthetic_IM10/stream_gen_hyperplane.arff,1,9000.0,0.421875,1.3361891938580411E-9,9000.0,0.928,0.5383914331282752,0.5383914331282753,0.1302667182064167,0.2806714924448572,0.8397177419354839,0.5383914331282752,0.924,0.076,9000.0,12272.0,0.007130212662399988,0.5359935901778292,0.43415480804404105,0.022721389115729792,9000.0,0.0,594.0,268.95352758422786,5.0,0.0,3.0,0.0,3.0,0.0,2.0,0.0,0.0,0.0,0.0,0.0,1.0,0.0
meta.WeightedMajorityAlgorithm,ArffFileStream -f ./../../../Dataset/Synthetic_IM10/stream_gen_hyperplane.arff,1,9500.0,0.453125,1.4354009181261067E-9,9500.0,0.922,0.557045442980001,0.557045442980001,0.1869579719813209,0.34062388317590503,0.8782051282051282,0.557045442980001,0.914,0.086,9500.0,12272.0,0.004726656219138081,0.5415531563880808,0.43865805667434454,0.015062130718436597,9500.0,0.0,772.0,387.8418921846032,7.0,0.0,4.0,0.0,4.0,0.0,3.0,0.0,0.0,0.0,0.0,0.0,1.0,0.0
meta.WeightedMajorityAlgorithm,ArffFileStream -f ./../../../Dataset/Synthetic_IM10/stream_gen_hyperplane.arff,1,10000.0,0.46875,1.4850067802601394E-9,10000.0,0.918,0.5907280872437667,0.5907280872437667,0.2812061711079944,0.42809603027916016,0.9091836734693878,0.5907280872437667,0.902,0.098,10000.0,12272.0,0.002282482024804178,0.5467601766886868,0.4428757431178354,0.008081598168673591,10000.0,0.0,772.0,387.8418921846032,7.0,0.0,4.0,0.0,4.0,0.0,3.0,0.0,0.0,0.0,0.0,0.0,1.0,0.0
meta.WeightedMajorityAlgorithm,ArffFileStream -f ./../../../Dataset/Synthetic_IM10/stream_gen_hyperplane.arff,1,10500.0,0.484375,1.5346126423941722E-9,10500.0,0.908,0.5822122571001495,0.5822122571001493,0.25614489003880986,0.4077903561745161,0.9040816326530612,0.5822122571001495,0.892,0.108,10500.0,12272.0,0.0025461805975059847,0.5489353801784286,0.4446376579445258,0.003880781279539687,10500.0,0.0,772.0,387.8418921846032,7.0,0.0,4.0,0.0,4.0,0.0,3.0,0.0,0.0,0.0,0.0,0.0,1.0,0.0
meta.WeightedMajorityAlgorithm,ArffFileStream -f ./../../../Dataset/Synthetic_IM10/stream_gen_hyperplane.arff,1,11000.0,0.5,1.5842185045282051E-9,11000.0,0.934,0.5769230769230769,0.5769230769230769,0.2510893246187364,0.3922322702763681,0.9665991902834008,0.5769230769230769,0.922,0.078,11000.0,12272.0,0.002549583273081142,0.5496689687590272,0.4452318646948106,0.002549583273081144,11000.0,0.0,772.0,387.8418921846032,7.0,0.0,4.0,0.0,4.0,0.0,3.0,0.0,0.0,0.0,0.0,0.0,1.0,0.0
meta.WeightedMajorityAlgorithm,ArffFileStream -f ./../../../Dataset/Synthetic_IM10/stream_gen_hyperplane.arff,1,11500.0,0.515625,1.633824366662238E-9,11500.0,0.906,0.5806945863125639,0.5806945863125639,0.2515923566878981,0.40406514508292923,0.903061224489796,0.5806945863125639,0.89,0.11,11500.0,12272.0,0.002549583273081145,0.5496689687590272,0.4452318646948106,0.002549583273081145,11500.0,0.0,772.0,387.8418921846032,7.0,0.0,4.0,0.0,4.0,0.0,3.0,0.0,0.0,0.0,0.0,0.0,1.0,0.0
meta.WeightedMajorityAlgorithm,ArffFileStream -f ./../../../Dataset/Synthetic_IM10/stream_gen_hyperplane.arff,1,12000.0,0.515625,1.633824366662238E-9,12000.0,0.912,0.5217391304347826,0.5217391304347826,0.0762512596573732,0.20851441405707477,0.9558232931726908,0.5217391304347826,0.908,0.092,12000.0,12272.0,0.002549583273081145,0.5496689687590272,0.4452318646948106,0.002549583273081145,12000.0,0.0,772.0,387.8418921846032,7.0,0.0,4.0,0.0,4.0,0.0,3.0,0.0,0.0,0.0,0.0,0.0,1.0,0.0
meta.WeightedMajorityAlgorithm,ArffFileStream -f ./../../../Dataset/Synthetic_IM10/stream_gen_hyperplane.arff,1,12500.0,0.515625,1.633824366662238E-9,12500.0,0.884,0.5464748828593222,0.5464748828593222,0.15000879301248607,0.3082534007815415,0.8707620979426254,0.5464748828593222,0.874,0.126,12500.0,12272.0,0.0028469058785838314,0.4971530941214172,0.4971530941214151,0.0028469058785838314,12500.0,0.0,950.0,506.7385913861308,9.0,0.0,5.0,0.0,5.0,0.0,4.0,0.0,0.0,0.0,0.0,0.0,1.0,0.0
meta.WeightedMajorityAlgorithm,ArffFileStream -f ./../../../Dataset/Synthetic_IM10/stream_gen_hyperplane.arff,1,13000.0,0.53125,1.6834302287962709E-9,13000.0,0.916,0.6037735849056604,0.6037735849056604,0.31893364467795293,0.45557345160942025,0.9570552147239264,0.6037735849056604,0.894,0.106,13000.0,12272.0,0.0024294003351575466,0.5237585259629931,0.47138267336669176,0.0024294003351575466,13000.0,0.0,950.0,506.7385913861308,9.0,0.0,5.0,0.0,5.0,0.0,4.0,0.0,0.0,0.0,0.0,0.0,1.0,0.0
meta.WeightedMajorityAlgorithm,ArffFileStream -f ./../../../Dataset/Synthetic_IM10/stream_gen_hyperplane.arff,1,13500.0,0.53125,1.6834302287962709E-9,13500.0,0.92,0.5655677655677656,0.5655677655677656,0.21166732361056365,0.36474688900701135,0.8890176760359316,0.5655677655677656,0.91,0.09,13500.0,12272.0,0.0024294003351575466,0.5237585259629932,0.4713826733666917,0.0024294003351575466,13500.0,0.0,950.0,506.7385913861308,9.0,0.0,5.0,0.0,5.0,0.0,4.0,0.0,0.0,0.0,0.0,0.0,1.0,0.0
meta.WeightedMajorityAlgorithm,ArffFileStream -f ./../../../Dataset/Synthetic_IM10/stream_gen_hyperplane.arff,1,14000.0,0.578125,1.8322478151983691E-9,14000.0,0.902,0.5082042772861357,0.5082042772861357,0.028240520387117246,0.1440178823704816,0.619382964453387,0.5082042772861357,0.904,0.096,14000.0,12272.0,0.003143873281140297,0.5490122947169733,0.44469995872074614,0.003143873281140297,14000.0,0.0,1128.0,625.6388734725489,11.0,0.0,6.0,0.0,6.0,0.0,4.0,0.0,0.0,0.0,0.0,0.0,1.0,0.0
meta.WeightedMajorityAlgorithm,ArffFileStream -f ./../../../Dataset/Synthetic_IM10/stream_gen_hyperplane.arff,1,14500.0,0.59375,1.881853677332402E-9,14500.0,0.906,0.5810911808669657,0.5810911808669657,0.2494890137966275,0.4073319070625462,0.8630786391522588,0.5810911808669657,0.892,0.108,14500.0,12272.0,0.0029631189757622265,0.5749414471072747,0.419132314941201,0.0029631189757622265,14500.0,0.0,1128.0,625.6388734725489,11.0,0.0,6.0,0.0,6.0,0.0,4.0,0.0,0.0,0.0,0.0,0.0,1.0,0.0
meta.WeightedMajorityAlgorithm,ArffFileStream -f ./../../../Dataset/Synthetic_IM10/stream_gen_hyperplane.arff,1,15000.0,0.609375,1.931459539466435E-9,15000.0,0.898,0.5522982635342186,0.5522982635342186,0.16721097322011758,0.32954607093739685,0.8252032520325203,0.5522982635342186,0.89,0.11,15000.0,12272.0,0.0029631189757622256,0.5749414471072747,0.419132314941201,0.0029631189757622256,15000.0,0.0,1128.0,625.6388734725489,11.0,0.0,6.0,0.0,6.0,0.0,4.0,0.0,0.0,0.0,0.0,0.0,1.0,0.0
meta.WeightedMajorityAlgorithm,ArffFileStream -f ./../../../Dataset/Synthetic_IM10/stream_gen_hyperplane.arff,1,15500.0,0.609375,1.931459539466435E-9,15500.0,0.916,0.5969256299401721,0.5969256299401721,0.29714170961911773,0.4423140638505177,0.9126231641569065,0.5969256299401721,0.898,0.102,15500.0,12272.0,0.0026683884286635394,0.5752823731305239,0.4193808500121491,0.002668388428663535,15500.0,0.0,1128.0,625.6388734725489,11.0,0.0,6.0,0.0,6.0,0.0,4.0,0.0,0.0,0.0,0.0,0.0,1.0,0.0
meta.WeightedMajorityAlgorithm,ArffFileStream -f ./../../../Dataset/Synthetic_IM10/stream_gen_hyperplane.arff,1,16000.0,0.609375,1.931459539466435E-9,16000.0,0.91,0.5675138652342897,0.5675138652342897,0.21559057314182123,0.3700664963975689,0.8927845528455285,0.5675138652342897,0.898,0.102,16000.0,12272.0,0.0026683884286635394,0.5752823731305239,0.4193808500121491,0.002668388428663535,16000.0,0.0,1128.0,625.6388734725489,11.0,0.0,6.0,0.0,6.0,0.0,4.0,0.0,0.0,0.0,0.0,0.0,1.0,0.0
meta.WeightedMajorityAlgorithm,ArffFileStream -f ./../../../Dataset/Synthetic_IM10/stream_gen_hyperplane.arff,1,16500.0,0.609375,1.931459539466435E-9,16500.0,0.918,0.5337896290265126,0.5337896290265127,0.11470029366039039,0.2638461253721562,0.8346774193548387,0.5337896290265126,0.914,0.086,16500.0,12272.0,0.00266838842866354,0.5752823731305239,0.419380850012149,0.0026683884286635355,16500.0,0.0,1128.0,625.6388734725489,11.0,0.0,6.0,0.0,6.0,0.0,4.0,0.0,0.0,0.0,0.0,0.0,1.0,0.0
meta.WeightedMajorityAlgorithm,ArffFileStream -f ./../../../Dataset/Synthetic_IM10/stream_gen_hyperplane.arff,1,17000.0,0.625,1.9810654016004678E-9,17000.0,0.96,0.6551724137931034,0.6551724137931034,0.4588158891654941,0.5570860145311556,0.9796334012219959,0.6551724137931034,0.942,0.058,17000.0,12272.0,0.0026683884286635394,0.5752823731305239,0.4193808500121491,0.002668388428663535,17000.0,0.0,1128.0,625.6388734725489,11.0,0.0,6.0,0.0,6.0,0.0,4.0,0.0,0.0,0.0,0.0,0.0,1.0,0.0
meta.WeightedMajorityAlgorithm,ArffFileStream -f ./../../../Dataset/Synthetic_IM10/stream_gen_hyperplane.arff,1,17500.0,0.625,1.9810654016004678E-9,17500.0,0.88,0.5384615384615384,0.5384615384615384,0.12663755458515283,0.2773500981126146,0.9393939393939394,0.5384615384615384,0.87,0.13,17500.0,12272.0,0.0026683884286635394,0.5752823731305239,0.4193808500121491,0.002668388428663535,17500.0,0.0,1128.0,625.6388734725489,11.0,0.0,6.0,0.0,6.0,0.0,4.0,0.0,0.0,0.0,0.0,0.0,1.0,0.0
meta.WeightedMajorityAlgorithm,ArffFileStream -f ./../../../Dataset/Synthetic_IM10/stream_gen_hyperplane.arff,1,18000.0,0.640625,2.0306712637345007E-9,18000.0,0.922,0.5666666666666667,0.5666666666666667,0.21875,0.3651483716701107,0.9605263157894737,0.5666666666666667,0.91,0.09,18000.0,12272.0,0.002402831923577365,0.575589552430797,0.41960478372204824,0.002402831923577361,18000.0,0.0,1128.0,625.6388734725489,11.0,0.0,6.0,0.0,6.0,0.0,4.0,0.0,0.0,0.0,0.0,0.0,1.0,0.0
meta.WeightedMajorityAlgorithm,ArffFileStream -f ./../../../Dataset/Synthetic_IM10/stream_gen_hyperplane.arff,1,18500.0,0.65625,2.0802771258685335E-9,18500.0,0.916,0.5434782608695652,0.5434782608695652,0.14745047093212083,0.29488391230979427,0.9576612903225806,0.5434782608695652,0.908,0.092,18500.0,12272.0,0.0026683884286635394,0.5752823731305239,0.4193808500121491,0.002668388428663535,18500.0,0.0,1128.0,625.6388734725489,11.0,0.0,6.0,0.0,6.0,0.0,4.0,0.0,0.0,0.0,0.0,0.0,1.0,0.0
meta.WeightedMajorityAlgorithm,ArffFileStream -f ./../../../Dataset/Synthetic_IM10/stream_gen_hyperplane.arff,1,19000.0,0.65625,2.0802771258685335E-9,19000.0,0.91,0.5405604719764012,0.5405604719764012,0.13528055342044581,0.28835562687699096,0.8555555555555556,0.5405604719764012,0.904,0.096,19000.0,12272.0,0.0026683884286635394,0.5752823731305239,0.4193808500121491,0.002668388428663535,19000.0,0.0,1128.0,625.6388734725489,11.0,0.0,6.0,0.0,6.0,0.0,4.0,0.0,0.0,0.0,0.0,0.0,1.0,0.0
meta.WeightedMajorityAlgorithm,ArffFileStream -f ./../../../Dataset/Synthetic_IM10/stream_gen_hyperplane.arff,1,19500.0,0.671875,2.1298829880025664E-9,19500.0,0.906,0.5803571428571429,0.5803571428571428,0.253778737457132,0.4008918628686366,0.9521384928716905,0.5803571428571429,0.888,0.112,19500.0,12272.0,0.0026683884286635394,0.5752823731305239,0.4193808500121491,0.002668388428663535,19500.0,0.0,1128.0,625.6388734725489,11.0,0.0,6.0,0.0,6.0,0.0,4.0,0.0,0.0,0.0,0.0,0.0,1.0,0.0
meta.WeightedMajorityAlgorithm,ArffFileStream -f ./../../../Dataset/Synthetic_IM10/stream_gen_hyperplane.arff,1,20000.0,0.734375,2.3283064365386975E-9,20000.0,0.922,0.5681534622582658,0.5681534622582658,0.2119301648884578,0.3767245643436497,0.796673455532926,0.5681534622582658,0.916,0.084,20000.0,12272.0,0.0033265023499955415,0.522814208052638,0.4705327872473709,0.0033265023499955363,20000.0,0.0,1306.0,744.5410219278273,13.0,0.0,7.0,0.0,7.0,0.0,4.0,0.0,0.0,0.0,0.0,0.0,1.0,0.0
meta.WeightedMajorityAlgorithm,ArffFileStream -f ./../../../Dataset/Synthetic_IM10/stream_gen_hyperplane.arff,1,20500.0,0.734375,2.3283064365386975E-9,20500.0,0.912,0.5509771386430679,0.5509771386430677,0.16742355434453526,0.3223913916957586,0.873144399460189,0.5509771386430679,0.904,0.096,20500.0,12272.0,0.002846905878583834,0.49715309412141806,0.4971530941214143,0.0028469058785838292,20500.0,0.0,1484.0,863.4442657172494,15.0,0.0,8.0,0.0,8.0,0.0,5.0,0.0,0.0,0.0,0.0,0.0,1.0,0.0
meta.WeightedMajorityAlgorithm,ArffFileStream -f ./../../../Dataset/Synthetic_IM10/stream_gen_hyperplane.arff,1,21000.0,0.75,2.3779122986727304E-9,21000.0,0.914,0.5425531914893617,0.5425531914893618,0.14424454704664863,0.2917299829957891,0.9566532258064516,0.5425531914893617,0.906,0.094,21000.0,12272.0,0.002697877211552399,0.471128326852215,0.5234759187246802,0.002697877211552394,21000.0,0.0,1662.0,982.3482071037744,17.0,0.0,9.0,0.0,9.0,0.0,5.0,0.0,0.0,0.0,0.0,0.0,1.0,0.0
meta.WeightedMajorityAlgorithm,ArffFileStream -f ./../../../Dataset/Synthetic_IM10/stream_gen_hyperplane.arff,1,21500.0,0.75,2.3779122986727304E-9,21500.0,0.922,0.5666666666666667,0.5666666666666667,0.21875,0.3651483716701107,0.9605263157894737,0.5666666666666667,0.91,0.09,21500.0,12272.0,0.002549583273081154,0.44523186469481285,0.5496689687590248,0.0025495832730811465,21500.0,0.0,1662.0,982.3482071037744,17.0,0.0,9.0,0.0,9.0,0.0,5.0,0.0,0.0,0.0,0.0,0.0,1.0,0.0
meta.WeightedMajorityAlgorithm,ArffFileStream -f ./../../../Dataset/Synthetic_IM10/stream_gen_hyperplane.arff,1,22000.0,0.75,2.3779122986727304E-9,22000.0,0.9,0.5533134030891879,0.5533134030891879,0.17042739580568092,0.3325851094193392,0.8262195121951219,0.5533134030891879,0.892,0.108,22000.0,12272.0,0.002668388428663548,0.41938085001215214,0.5752823731305208,0.00266838842866354,22000.0,0.0,1662.0,982.3482071037744,17.0,0.0,9.0,0.0,9.0,0.0,5.0,0.0,0.0,0.0,0.0,0.0,1.0,0.0
meta.WeightedMajorityAlgorithm,ArffFileStream -f ./../../../Dataset/Synthetic_IM10/stream_gen_hyperplane.arff,1,22500.0,0.75,2.3779122986727304E-9,22500.0,0.924,0.5681818181818181,0.5681818181818181,0.2236024844720497,0.3692744729379982,0.9615384615384616,0.5681818181818181,0.912,0.088,22500.0,12272.0,0.002295795610190271,0.445459011663809,0.5499493971158105,0.002295795610190264,22500.0,0.0,1662.0,982.3482071037744,17.0,0.0,9.0,0.0,9.0,0.0,5.0,0.0,0.0,0.0,0.0,0.0,1.0,0.0
meta.WeightedMajorityAlgorithm,ArffFileStream -f ./../../../Dataset/Synthetic_IM10/stream_gen_hyperplane.arff,1,23000.0,0.765625,2.4275181608067633E-9,23000.0,0.92,0.6,0.6,0.3103448275862069,0.4472135954999579,0.9591836734693877,0.6,0.9,0.1,23000.0,12272.0,0.002697877211552406,0.4711283268522139,0.5234759187246814,0.0026978772115524,23000.0,0.0,1662.0,982.3482071037744,17.0,0.0,9.0,0.0,9.0,0.0,5.0,0.0,0.0,0.0,0.0,0.0,1.0,0.0
meta.WeightedMajorityAlgorithm,ArffFileStream -f ./../../../Dataset/Synthetic_IM10/stream_gen_hyperplane.arff,1,23500.0,0.78125,2.477124022940796E-9,23500.0,0.888,0.5555555555555556,0.5555555555555556,0.17931883463274517,0.3333333333333333,0.9432048681541583,0.5555555555555556,0.874,0.126,23500.0,12272.0,0.002549583273081156,0.5496689687590264,0.44523186469481135,0.002549583273081153,23500.0,0.0,1662.0,982.3482071037744,17.0,0.0,9.0,0.0,9.0,0.0,5.0,0.0,0.0,0.0,0.0,0.0,1.0,0.0
meta.WeightedMajorityAlgorithm,ArffFileStream -f ./../../../Dataset/Synthetic_IM10/stream_gen_hyperplane.arff,1,24000.0,0.78125,2.477124022940796E-9,24000.0,0.93,0.6035570708869777,0.6035570708869777,0.3174726989079563,0.45699489452476233,0.9153061224489796,0.6035570708869777,0.914,0.086,24000.0,12272.0,0.0026683884286635515,0.5752823731305221,0.4193808500121508,0.002668388428663547,24000.0,0.0,1662.0,982.3482071037744,17.0,0.0,9.0,0.0,9.0,0.0,5.0,0.0,0.0,0.0,0.0,0.0,1.0,0.0
meta.WeightedMajorityAlgorithm,ArffFileStream -f ./../../../Dataset/Synthetic_IM10/stream_gen_hyperplane.arff,1,24500.0,0.796875,2.526729885074829E-9,24500.0,0.928,0.55,0.55,0.16974169741697417,0.31622776601683794,0.9637096774193548,0.55,0.92,0.08,24500.0,12272.0,0.002668388428663553,0.5752823731305221,0.4193808500121508,0.0026683884286635485,24500.0,0.0,1662.0,982.3482071037744,17.0,0.0,9.0,0.0,9.0,0.0,5.0,0.0,0.0,0.0,0.0,0.0,1.0,0.0
meta.WeightedMajorityAlgorithm,ArffFileStream -f ./../../../Dataset/Synthetic_IM10/stream_gen_hyperplane.arff,1,25000.0,0.796875,2.526729885074829E-9,25000.0,0.932,0.5526315789473684,0.5526315789473684,0.17858523386161576,0.3244428422615251,0.9657258064516129,0.5526315789473684,0.924,0.076,25000.0,12272.0,0.002668388428663553,0.5752823731305221,0.4193808500121508,0.0026683884286635485,25000.0,0.0,1662.0,982.3482071037744,17.0,0.0,9.0,0.0,9.0,0.0,5.0,0.0,0.0,0.0,0.0,0.0,1.0,0.0
meta.WeightedMajorityAlgorithm,ArffFileStream -f ./../../../Dataset/Synthetic_IM10/stream_gen_hyperplane.arff,1,25500.0,0.8125,2.576335747208862E-9,25500.0,0.936,0.6097560975609756,0.6097560975609756,0.340532519990108,0.4685212856658182,0.9674134419551934,0.6097560975609756,0.918,0.082,25500.0,12272.0,0.002668388428663553,0.5752823731305221,0.4193808500121508,0.0026683884286635485,25500.0,0.0,1662.0,982.3482071037744,17.0,0.0,9.0,0.0,9.0,0.0,5.0,0.0,0.0,0.0,0.0,0.0,1.0,0.0
meta.WeightedMajorityAlgorithm,ArffFileStream -f ./../../../Dataset/Synthetic_IM10/stream_gen_hyperplane.arff,1,26000.0,0.828125,2.625941609342895E-9,26000.0,0.938,0.6500686987939546,0.6500686987939546,0.4321512309495897,0.549239508278096,0.9334215167548501,0.6500686987939546,0.914,0.086,26000.0,12272.0,0.002402831923577377,0.5755895524307953,0.41960478372205,0.0024028319235773732,26000.0,0.0,1662.0,982.3482071037744,17.0,0.0,9.0,0.0,9.0,0.0,5.0,0.0,0.0,0.0,0.0,0.0,1.0,0.0
meta.WeightedMajorityAlgorithm,ArffFileStream -f ./../../../Dataset/Synthetic_IM10/stream_gen_hyperplane.arff,1,26500.0,0.828125,2.625941609342895E-9,26500.0,0.926,0.5888888888888889,0.5888888888888889,0.28238944918541503,0.4216370213557839,0.9623983739837398,0.5888888888888889,0.91,0.09,26500.0,12272.0,0.002668388428663553,0.5752823731305221,0.4193808500121508,0.0026683884286635485,26500.0,0.0,1662.0,982.3482071037744,17.0,0.0,9.0,0.0,9.0,0.0,5.0,0.0,0.0,0.0,0.0,0.0,1.0,0.0
meta.WeightedMajorityAlgorithm,ArffFileStream -f ./../../../Dataset/Synthetic_IM10/stream_gen_hyperplane.arff,1,27000.0,0.859375,2.72515333361096E-9,27000.0,0.924,0.5692451653150343,0.5692451653150343,0.21900690562315028,0.37713832016779913,0.8384146341463414,0.5692451653150343,0.916,0.084,27000.0,12272.0,0.0029631189757622417,0.5749414471072732,0.41913231494120234,0.002963118975762237,27000.0,0.0,2018.0,1220.15736689986,21.0,0.0,11.0,0.0,11.0,0.0,6.0,0.0,0.0,0.0,0.0,0.0,1.0,0.0
meta.WeightedMajorityAlgorithm,ArffFileStream -f ./../../../Dataset/Synthetic_IM10/stream_gen_hyperplane.arff,1,27500.0,0.875,2.774759195744993E-9,27500.0,0.928,0.5909090909090909,0.5909090909090908,0.2884250474383302,0.4264014327112209,0.9634146341463414,0.5909090909090909,0.912,0.088,27500.0,12272.0,0.00254958327308116,0.5496689687590263,0.44523186469481146,0.0025495832730811556,27500.0,0.0,2018.0,1220.15736689986,21.0,0.0,11.0,0.0,11.0,0.0,6.0,0.0,0.0,0.0,0.0,0.0,1.0,0.0
meta.WeightedMajorityAlgorithm,ArffFileStream -f ./../../../Dataset/Synthetic_IM10/stream_gen_hyperplane.arff,1,28000.0,0.890625,2.824365057879026E-9,28000.0,0.93,0.5833333333333334,0.5833333333333333,0.2681498829039813,0.408248290463863,0.9645030425963489,0.5833333333333334,0.916,0.084,28000.0,12272.0,0.0026978772115524093,0.5234759187246816,0.4711283268522135,0.002697877211552405,28000.0,0.0,2196.0,1339.0623585180788,23.0,0.0,12.0,0.0,12.0,0.0,6.0,0.0,0.0,0.0,0.0,0.0,1.0,0.0
meta.WeightedMajorityAlgorithm,ArffFileStream -f ./../../../Dataset/Synthetic_IM10/stream_gen_hyperplane.arff,1,28500.0,0.90625,2.873970920013059E-9,28500.0,0.912,0.5605185289558968,0.5605185289558968,0.18980629004934815,0.3561097398592196,0.791581805838425,0.5605185289558968,0.906,0.094,28500.0,12272.0,0.0026978772115524093,0.5234759187246816,0.4711283268522135,0.002697877211552405,28500.0,0.0,2196.0,1339.0623585180788,23.0,0.0,12.0,0.0,12.0,0.0,6.0,0.0,0.0,0.0,0.0,0.0,1.0,0.0
meta.WeightedMajorityAlgorithm,ArffFileStream -f ./../../../Dataset/Synthetic_IM10/stream_gen_hyperplane.arff,1,29000.0,0.921875,2.9235767821470917E-9,29000.0,0.924,0.5681818181818181,0.5681818181818181,0.2236024844720497,0.3692744729379982,0.9615384615384616,0.5681818181818181,0.912,0.088,29000.0,12272.0,0.0025495832730811603,0.5496689687590264,0.44523186469481135,0.0025495832730811564,29000.0,0.0,2196.0,1339.0623585180788,23.0,0.0,12.0,0.0,12.0,0.0,6.0,0.0,0.0,0.0,0.0,0.0,1.0,0.0
meta.WeightedMajorityAlgorithm,ArffFileStream -f ./../../../Dataset/Synthetic_IM10/stream_gen_hyperplane.arff,1,29500.0,0.9375,2.9731826442811246E-9,29500.0,0.93,0.5941463921813267,0.5941463921813267,0.2927578402845134,0.43595906183656913,0.9098212265218375,0.5941463921813267,0.916,0.084,29500.0,12272.0,0.002549583273081163,0.5496689687590266,0.4452318646948112,0.0025495832730811586,29500.0,0.0,2196.0,1339.0623585180788,23.0,0.0,12.0,0.0,12.0,0.0,6.0,0.0,0.0,0.0,0.0,0.0,1.0,0.0
meta.WeightedMajorityAlgorithm,ArffFileStream -f ./../../../Dataset/Synthetic_IM10/stream_gen_hyperplane.arff,1,30000.0,0.9375,2.9731826442811246E-9,30000.0,0.918,0.5988888888888889,0.5988888888888889,0.30272108843537415,0.44671641514002547,0.913645659044432,0.5988888888888889,0.9,0.1,30000.0,12272.0,0.002549583273081163,0.5496689687590266,0.4452318646948112,0.0025495832730811586,30000.0,0.0,2196.0,1339.0623585180788,23.0,0.0,12.0,0.0,12.0,0.0,6.0,0.0,0.0,0.0,0.0,0.0,1.0,0.0
meta.WeightedMajorityAlgorithm,ArffFileStream -f ./../../../Dataset/Synthetic_IM10/stream_gen_hyperplane.arff,1,30500.0,0.953125,3.0227885064151575E-9,30500.0,0.942,0.5972222222222222,0.5972222222222222,0.30939226519337015,0.44095855184409843,0.9705882352941176,0.5972222222222222,0.928,0.072,30500.0,12272.0,0.0022957956101902774,0.549949397115812,0.4454590116638074,0.0022957956101902735,30500.0,0.0,2196.0,1339.0623585180788,23.0,0.0,12.0,0.0,12.0,0.0,6.0,0.0,0.0,0.0,0.0,0.0,1.0,0.0
meta.WeightedMajorityAlgorithm,ArffFileStream -f ./../../../Dataset/Synthetic_IM10/stream_gen_hyperplane.arff,1,31000.0,0.96875,3.0723943685491903E-9,31000.0,0.928,0.5822416302765648,0.5822416302765647,0.260111805327195,0.4078023610129591,0.901930894308943,0.5822416302765648,0.916,0.084,31000.0,12272.0,0.0025495832730811634,0.5496689687590266,0.4452318646948112,0.002549583273081159,31000.0,0.0,2196.0,1339.0623585180788,23.0,0.0,12.0,0.0,12.0,0.0,6.0,0.0,0.0,0.0,0.0,0.0,1.0,0.0
meta.WeightedMajorityAlgorithm,ArffFileStream -f ./../../../Dataset/Synthetic_IM10/stream_gen_hyperplane.arff,1,31500.0,0.96875,3.0723943685491903E-9,31500.0,0.93,0.6111111111111112,0.6111111111111112,0.34210526315789475,0.4714045207910317,0.9642857142857143,0.6111111111111112,0.91,0.09,31500.0,12272.0,0.0025495832730811634,0.5496689687590266,0.4452318646948112,0.002549583273081159,31500.0,0.0,2196.0,1339.0623585180788,23.0,0.0,12.0,0.0,12.0,0.0,6.0,0.0,0.0,0.0,0.0,0.0,1.0,0.0
meta.WeightedMajorityAlgorithm,ArffFileStream -f ./../../../Dataset/Synthetic_IM10/stream_gen_hyperplane.arff,1,32000.0,0.984375,3.1220002306832232E-9,32000.0,0.922,0.5946409280916819,0.594640928091682,0.29245283018867924,0.4371117109840294,0.9112244897959183,0.5946409280916819,0.906,0.094,32000.0,12272.0,0.002549583273081164,0.5496689687590266,0.4452318646948112,0.0025495832730811595,32000.0,0.0,2196.0,1339.0623585180788,23.0,0.0,12.0,0.0,12.0,0.0,6.0,0.0,0.0,0.0,0.0,0.0,1.0,0.0
meta.WeightedMajorityAlgorithm,ArffFileStream -f ./../../../Dataset/Synthetic_IM10/stream_gen_hyperplane.arff,1,32500.0,1.0,3.171606092817256E-9,32500.0,0.916,0.5625,0.5625,0.2052679382379655,0.3535533905932738,0.9574898785425101,0.5625,0.904,0.096,32500.0,12272.0,0.002549583273081164,0.5496689687590266,0.4452318646948112,0.0025495832730811595,32500.0,0.0,2196.0,1339.0623585180788,23.0,0.0,12.0,0.0,12.0,0.0,6.0,0.0,0.0,0.0,0.0,0.0,1.0,0.0
meta.WeightedMajorityAlgorithm,ArffFileStream -f ./../../../Dataset/Synthetic_IM10/stream_gen_hyperplane.arff,1,33000.0,1.0,3.171606092817256E-9,33000.0,0.912,0.5769230769230769,0.5769230769230769,0.24574876577070762,0.3922322702763681,0.9552845528455285,0.5769230769230769,0.896,0.104,33000.0,12272.0,0.002549583273081164,0.5496689687590266,0.4452318646948112,0.0025495832730811595,33000.0,0.0,2196.0,1339.0623585180788,23.0,0.0,12.0,0.0,12.0,0.0,6.0,0.0,0.0,0.0,0.0,0.0,1.0,0.0
meta.WeightedMajorityAlgorithm,ArffFileStream -f ./../../../Dataset/Synthetic_IM10/stream_gen_hyperplane.arff,1,33500.0,1.015625,3.221211954951289E-9,33500.0,0.91,0.6138191763191764,0.6138191763191763,0.33471318746303963,0.4807256687521154,0.8890034364261168,0.6138191763191764,0.888,0.112,33500.0,12272.0,0.002549583273081164,0.5496689687590266,0.4452318646948112,0.0025495832730811595,33500.0,0.0,2196.0,1339.0623585180788,23.0,0.0,12.0,0.0,12.0,0.0,6.0,0.0,0.0,0.0,0.0,0.0,1.0,0.0
meta.WeightedMajorityAlgorithm,ArffFileStream -f ./../../../Dataset/Synthetic_IM10/stream_gen_hyperplane.arff,1,34000.0,1.03125,3.270817817085322E-9,34000.0,0.914,0.5703199239784605,0.5703199239784607,0.22427478712656948,0.3775452111242115,0.8948170731707317,0.5703199239784605,0.902,0.098,34000.0,12272.0,0.002295210128708284,0.5498091471795301,0.44534540921541915,0.002550233476342533,34000.0,0.0,2196.0,1339.0623585180788,23.0,0.0,12.0,0.0,12.0,0.0,6.0,0.0,0.0,0.0,0.0,0.0,1.0,0.0
meta.WeightedMajorityAlgorithm,ArffFileStream -f ./../../../Dataset/Synthetic_IM10/stream_gen_hyperplane.arff,1,34500.0,1.03125,3.270817817085322E-9,34500.0,0.924,0.6041666666666666,0.6041666666666667,0.3223965763195435,0.45643546458763845,0.9612244897959183,0.6041666666666666,0.904,0.096,34500.0,12272.0,0.002549583273081166,0.5496689687590265,0.44523186469481113,0.0025495832730811616,34500.0,0.0,2196.0,1339.0623585180788,23.0,0.0,12.0,0.0,12.0,0.0,6.0,0.0,0.0,0.0,0.0,0.0,1.0,0.0
meta.WeightedMajorityAlgorithm,ArffFileStream -f ./../../../Dataset/Synthetic_IM10/stream_gen_hyperplane.arff,1,35000.0,1.046875,3.3204236792193548E-9,35000.0,0.906,0.5948275862068966,0.5948275862068966,0.29267999036840836,0.4354941703556927,0.9519427402862985,0.5948275862068966,0.884,0.116,35000.0,12272.0,0.0022957956101902805,0.549949397115812,0.4454590116638074,0.0022957956101902766,35000.0,0.0,2196.0,1339.0623585180788,23.0,0.0,12.0,0.0,12.0,0.0,6.0,0.0,0.0,0.0,0.0,0.0,1.0,0.0
meta.WeightedMajorityAlgorithm,ArffFileStream -f ./../../../Dataset/Synthetic_IM10/stream_gen_hyperplane.arff,1,35500.0,1.0625,3.3700295413533876E-9,35500.0,0.938,0.6219512195121951,0.6219512195121951,0.3719611021069692,0.4938647983247948,0.9683673469387755,0.6219512195121951,0.918,0.082,35500.0,12272.0,0.002549583273081166,0.5496689687590265,0.44523186469481113,0.0025495832730811616,35500.0,0.0,2196.0,1339.0623585180788,23.0,0.0,12.0,0.0,12.0,0.0,6.0,0.0,0.0,0.0,0.0,0.0,1.0,0.0
meta.WeightedMajorityAlgorithm,ArffFileStream -f ./../../../Dataset/Synthetic_IM10/stream_gen_hyperplane.arff,1,36000.0,1.0625,3.3700295413533876E-9,36000.0,0.92,0.6238839285714286,0.6238839285714286,0.36596500126807,0.4994416525338213,0.9241622574955908,0.6238839285714286,0.896,0.104,36000.0,12272.0,0.0025495832730811673,0.5496689687590265,0.4452318646948112,0.0025495832730811625,36000.0,0.0,2196.0,1339.0623585180788,23.0,0.0,12.0,0.0,12.0,0.0,6.0,0.0,0.0,0.0,0.0,0.0,1.0,0.0
meta.WeightedMajorityAlgorithm,ArffFileStream -f ./../../../Dataset/Synthetic_IM10/stream_gen_hyperplane.arff,1,36500.0,1.09375,3.4692412656214534E-9,36500.0,0.944,0.65,0.65,0.44089456869009586,0.5477225575051661,0.9713114754098361,0.65,0.92,0.08,36500.0,12272.0,0.0025495832730811673,0.5496689687590265,0.4452318646948112,0.0025495832730811625,36500.0,0.0,2374.0,1457.967535075227,25.0,0.0,13.0,0.0,13.0,0.0,6.0,0.0,0.0,0.0,0.0,0.0,1.0,0.0
meta.WeightedMajorityAlgorithm,ArffFileStream -f ./../../../Dataset/Synthetic_IM10/stream_gen_hyperplane.arff,1,37000.0,1.09375,3.4692412656214534E-9,37000.0,0.914,0.6367998127633017,0.6367998127633017,0.3948435037153794,0.5246312482473199,0.9271099744245523,0.6367998127633017,0.884,0.116,37000.0,12272.0,0.002295795610190285,0.5499493971158118,0.4454590116638075,0.00229579561019028,37000.0,0.0,2374.0,1457.967535075227,25.0,0.0,13.0,0.0,13.0,0.0,6.0,0.0,0.0,0.0,0.0,0.0,1.0,0.0
meta.WeightedMajorityAlgorithm,ArffFileStream -f ./../../../Dataset/Synthetic_IM10/stream_gen_hyperplane.arff,1,37500.0,1.109375,3.5188471277554863E-9,37500.0,0.924,0.6195175438596492,0.6195175438596492,0.3354784555120313,0.4972512161169891,0.8096590909090908,0.6195175438596492,0.912,0.088,37500.0,12272.0,0.0023078991694496028,0.4975638842100255,0.49756388421002534,0.0025643324104995553,37500.0,0.0,2552.0,1576.8728547349656,27.0,0.0,14.0,0.0,14.0,0.0,6.0,0.0,0.0,0.0,0.0,0.0,1.0,0.0
meta.WeightedMajorityAlgorithm,ArffFileStream -f ./../../../Dataset/Synthetic_IM10/stream_gen_hyperplane.arff,1,38000.0,1.125,3.568452989889519E-9,38000.0,0.938,0.5810810810810811,0.5810810810810811,0.2638677811550152,0.4026936331284146,0.9686234817813766,0.5810810810810811,0.926,0.074,38000.0,12272.0,0.002563674999010566,0.49743632500098955,0.4974363250009893,0.0025636749990105615,38000.0,0.0,2730.0,1695.7782873949059,29.0,0.0,15.0,0.0,15.0,0.0,6.0,0.0,0.0,0.0,0.0,0.0,1.0,0.0
meta.WeightedMajorityAlgorithm,ArffFileStream -f ./../../../Dataset/Synthetic_IM10/stream_gen_hyperplane.arff,1,38500.0,1.140625,3.618058852023552E-9,38500.0,0.934,0.5975609756097561,0.5975609756097561,0.3080020130850528,0.4417261042993862,0.9664634146341464,0.5975609756097561,0.918,0.082,38500.0,12272.0,0.0025636749990105663,0.4974363250009895,0.49743632500098944,0.002563674999010562,38500.0,0.0,2730.0,1695.7782873949059,29.0,0.0,15.0,0.0,15.0,0.0,6.0,0.0,0.0,0.0,0.0,0.0,1.0,0.0
meta.WeightedMajorityAlgorithm,ArffFileStream -f ./../../../Dataset/Synthetic_IM10/stream_gen_hyperplane.arff,1,39000.0,1.140625,3.618058852023552E-9,39000.0,0.902,0.6060606060606061,0.6060606060606062,0.3137254901960784,0.46441556625700886,0.8848797250859106,0.6060606060606061,0.88,0.12,39000.0,12272.0,0.0026978772115524175,0.5234759187246817,0.47112832685221345,0.002697877211552413,39000.0,0.0,2730.0,1695.7782873949059,29.0,0.0,15.0,0.0,15.0,0.0,6.0,0.0,0.0,0.0,0.0,0.0,1.0,0.0
meta.WeightedMajorityAlgorithm,ArffFileStream -f ./../../../Dataset/Synthetic_IM10/stream_gen_hyperplane.arff,1,39500.0,1.15625,3.667664714157585E-9,39500.0,0.934,0.5975609756097561,0.5975609756097561,0.3080020130850528,0.4417261042993862,0.9664634146341464,0.5975609756097561,0.918,0.082,39500.0,12272.0,0.0025636749990105632,0.4974363250009895,0.49743632500098944,0.002563674999010559,39500.0,0.0,2730.0,1695.7782873949059,29.0,0.0,15.0,0.0,15.0,0.0,6.0,0.0,0.0,0.0,0.0,0.0,1.0,0.0
meta.WeightedMajorityAlgorithm,ArffFileStream -f ./../../../Dataset/Synthetic_IM10/stream_gen_hyperplane.arff,1,40000.0,1.15625,3.667664714157585E-9,40000.0,0.916,0.6181818181818182,0.6181818181818182,0.355234878722751,0.4861724348043977,0.9568788501026695,0.6181818181818182,0.89,0.11,40000.0,12272.0,0.0025636749990105624,0.49743632500098944,0.49743632500098944,0.0025636749990105585,40000.0,0.0,2730.0,1695.7782873949059,29.0,0.0,15.0,0.0,15.0,0.0,6.0,0.0,0.0,0.0,0.0,0.0,1.0,0.0
meta.WeightedMajorityAlgorithm,ArffFileStream -f ./../../../Dataset/Synthetic_IM10/stream_gen_hyperplane.arff,1,40500.0,1.171875,3.717270576291618E-9,40500.0,0.912,0.6088689586447433,0.6088689586447433,0.32282688992858904,0.4703463723841693,0.8853615520282186,0.6088689586447433,0.892,0.108,40500.0,12272.0,0.0026978772115524227,0.5234759187246817,0.4711283268522135,0.0026978772115524192,40500.0,0.0,2730.0,1695.7782873949059,29.0,0.0,15.0,0.0,15.0,0.0,6.0,0.0,0.0,0.0,0.0,0.0,1.0,0.0
meta.WeightedMajorityAlgorithm,ArffFileStream -f ./../../../Dataset/Synthetic_IM10/stream_gen_hyperplane.arff,1,41000.0,1.1875,3.766876438425651E-9,41000.0,0.936,0.6114130434782609,0.611413043478261,0.33884297520661155,0.47382577976004786,0.9183673469387755,0.6114130434782609,0.92,0.08,41000.0,12272.0,0.0025636749990105667,0.49743632500098944,0.4974363250009895,0.0025636749990105637,41000.0,0.0,2730.0,1695.7782873949059,29.0,0.0,15.0,0.0,15.0,0.0,6.0,0.0,0.0,0.0,0.0,0.0,1.0,0.0
meta.WeightedMajorityAlgorithm,ArffFileStream -f ./../../../Dataset/Synthetic_IM10/stream_gen_hyperplane.arff,1,41500.0,1.203125,3.8164823005596836E-9,41500.0,0.904,0.6143939393939394,0.6143939393939395,0.3348115299334812,0.4819468095887006,0.8899793388429752,0.6143939393939394,0.88,0.12,41500.0,12272.0,0.002563674999010566,0.49743632500098933,0.4974363250009896,0.002563674999010566,41500.0,0.0,2730.0,1695.7782873949059,29.0,0.0,15.0,0.0,15.0,0.0,6.0,0.0,0.0,0.0,0.0,0.0,1.0,0.0
meta.WeightedMajorityAlgorithm,ArffFileStream -f ./../../../Dataset/Synthetic_IM10/stream_gen_hyperplane.arff,1,42000.0,1.21875,3.8660881626937165E-9,42000.0,0.898,0.5893939393939394,0.5893939393939395,0.2701774470520893,0.42720018726587655,0.8727689148633707,0.5893939393939394,0.88,0.12,42000.0,12272.0,0.0025636749990105663,0.4974363250009892,0.4974363250009896,0.0025636749990105663,42000.0,0.0,2730.0,1695.7782873949059,29.0,0.0,15.0,0.0,15.0,0.0,6.0,0.0,0.0,0.0,0.0,0.0,1.0,0.0
meta.WeightedMajorityAlgorithm,ArffFileStream -f ./../../../Dataset/Synthetic_IM10/stream_gen_hyperplane.arff,1,42500.0,1.234375,3.915694024827749E-9,42500.0,0.914,0.5950377747252747,0.5950377747252747,0.291738041902754,0.43803930653074286,0.911600669269381,0.5950377747252747,0.896,0.104,42500.0,12272.0,0.002563674999010567,0.4974363250009892,0.4974363250009896,0.002563674999010567,42500.0,0.0,2908.0,1814.6838108423553,31.0,0.0,16.0,0.0,16.0,0.0,7.0,0.0,0.0,0.0,0.0,0.0,1.0,0.0
meta.WeightedMajorityAlgorithm,ArffFileStream -f ./../../../Dataset/Synthetic_IM10/stream_gen_hyperplane.arff,1,43000.0,1.234375,3.915694024827749E-9,43000.0,0.908,0.6117777513761831,0.6117777513761832,0.32925051035287256,0.4764876842553227,0.8879725085910652,0.6117777513761831,0.886,0.114,43000.0,12272.0,0.002549583273081172,0.4452318646948112,0.5496689687590265,0.002549583273081172,43000.0,0.0,2908.0,1814.6838108423553,31.0,0.0,16.0,0.0,16.0,0.0,7.0,0.0,0.0,0.0,0.0,0.0,1.0,0.0
meta.WeightedMajorityAlgorithm,ArffFileStream -f ./../../../Dataset/Synthetic_IM10/stream_gen_hyperplane.arff,1,43500.0,1.234375,3.915694024827749E-9,43500.0,0.912,0.5854223901098901,0.5854223901098902,0.2656875834445928,0.415560573995345,0.9061224489795918,0.5854223901098901,0.896,0.104,43500.0,12272.0,0.0026978772115524223,0.47112832685221334,0.5234759187246818,0.0026978772115524223,43500.0,0.0,2908.0,1814.6838108423553,31.0,0.0,16.0,0.0,16.0,0.0,7.0,0.0,0.0,0.0,0.0,0.0,1.0,0.0
meta.WeightedMajorityAlgorithm,ArffFileStream -f ./../../../Dataset/Synthetic_IM10/stream_gen_hyperplane.arff,1,44000.0,1.25,3.965299886961782E-9,44000.0,0.938,0.6143000166861339,0.6143000166861339,0.34654300168634067,0.47986315419559666,0.9193877551020408,0.6143000166861339,0.922,0.078,44000.0,12272.0,0.002308491143315422,0.4976915088566844,0.4976915088566848,0.0023084911433154227,44000.0,0.0,2908.0,1814.6838108423553,31.0,0.0,16.0,0.0,16.0,0.0,7.0,0.0,0.0,0.0,0.0,0.0,1.0,0.0
meta.WeightedMajorityAlgorithm,ArffFileStream -f ./../../../Dataset/Synthetic_IM10/stream_gen_hyperplane.arff,1,44500.0,1.25,3.965299886961782E-9,44500.0,0.898,0.5960827514096867,0.5960827514096867,0.28755029056772463,0.4425212840324896,0.8781599059376837,0.5960827514096867,0.878,0.122,44500.0,12272.0,0.0026978772115524223,0.5234759187246816,0.4711283268522135,0.0026978772115524223,44500.0,0.0,2908.0,1814.6838108423553,31.0,0.0,16.0,0.0,16.0,0.0,7.0,0.0,0.0,0.0,0.0,0.0,1.0,0.0
meta.WeightedMajorityAlgorithm,ArffFileStream -f ./../../../Dataset/Synthetic_IM10/stream_gen_hyperplane.arff,1,45000.0,1.265625,4.014905749095815E-9,45000.0,0.918,0.5822271386430679,0.5822271386430677,0.2582139238674193,0.40779643831603635,0.9037112468884363,0.5822271386430679,0.904,0.096,45000.0,12272.0,0.0026978772115524223,0.5234759187246816,0.4711283268522135,0.0026978772115524223,45000.0,0.0,2908.0,1814.6838108423553,31.0,0.0,16.0,0.0,16.0,0.0,7.0,0.0,0.0,0.0,0.0,0.0,1.0,0.0
meta.WeightedMajorityAlgorithm,ArffFileStream -f ./../../../Dataset/Synthetic_IM10/stream_gen_hyperplane.arff,1,45500.0,1.265625,4.014905749095815E-9,45500.0,0.93,0.6211233211233211,0.6211233211233211,0.36177972283005105,0.49386962237740833,0.9234972677595628,0.6211233211233211,0.91,0.09,45500.0,12272.0,0.0023084911433154214,0.4976915088566846,0.4976915088566846,0.0023084911433154214,45500.0,0.0,2908.0,1814.6838108423553,31.0,0.0,16.0,0.0,16.0,0.0,7.0,0.0,0.0,0.0,0.0,0.0,1.0,0.0
meta.WeightedMajorityAlgorithm,ArffFileStream -f ./../../../Dataset/Synthetic_IM10/stream_gen_hyperplane.arff,1,46000.0,1.28125,4.064511611229848E-9,46000.0,0.916,0.5961538461538461,0.5961538461538461,0.29906542056074764,0.4385290096535146,0.9571428571428571,0.5961538461538461,0.896,0.104,46000.0,12272.0,0.002697877211552424,0.5234759187246816,0.4711283268522135,0.002697877211552424,46000.0,0.0,2908.0,1814.6838108423553,31.0,0.0,16.0,0.0,16.0,0.0,7.0,0.0,0.0,0.0,0.0,0.0,1.0,0.0
meta.WeightedMajorityAlgorithm,ArffFileStream -f ./../../../Dataset/Synthetic_IM10/stream_gen_hyperplane.arff,1,46500.0,1.28125,4.064511611229848E-9,46500.0,0.926,0.6332042772861357,0.6332042772861357,0.38456420492348636,0.5192638594705127,0.8972508591065292,0.6332042772861357,0.904,0.096,46500.0,12272.0,0.002697877211552423,0.5234759187246816,0.4711283268522135,0.002697877211552423,46500.0,0.0,2908.0,1814.6838108423553,31.0,0.0,16.0,0.0,16.0,0.0,7.0,0.0,0.0,0.0,0.0,0.0,1.0,0.0
meta.WeightedMajorityAlgorithm,ArffFileStream -f ./../../../Dataset/Synthetic_IM10/stream_gen_hyperplane.arff,1,47000.0,1.296875,4.114117473363881E-9,47000.0,0.924,0.5957446808510638,0.5957446808510638,0.3002872504971643,0.4375949744936837,0.9613034623217922,0.5957446808510638,0.906,0.094,47000.0,12272.0,0.002295795610190287,0.5499493971158118,0.44545901166380764,0.002295795610190287,47000.0,0.0,3086.0,1933.5894083284588,33.0,0.0,17.0,0.0,17.0,0.0,7.0,0.0,0.0,0.0,0.0,0.0,1.0,0.0
meta.WeightedMajorityAlgorithm,ArffFileStream -f ./../../../Dataset/Synthetic_IM10/stream_gen_hyperplane.arff,1,47500.0,1.3125,4.163723335497914E-9,47500.0,0.922,0.5858552001532273,0.5858552001532273,0.26889622075584885,0.4165692920758267,0.9057479067662366,0.5858552001532273,0.908,0.092,47500.0,12272.0,0.002549583273081173,0.5496689687590263,0.4452318646948114,0.002549583273081173,47500.0,0.0,3086.0,1933.5894083284588,33.0,0.0,17.0,0.0,17.0,0.0,7.0,0.0,0.0,0.0,0.0,0.0,1.0,0.0
meta.WeightedMajorityAlgorithm,ArffFileStream -f ./../../../Dataset/Synthetic_IM10/stream_gen_hyperplane.arff,1,48000.0,1.3125,4.163723335497914E-9,48000.0,0.926,0.5811499272197962,0.5811499272197962,0.2523440025864856,0.40735594340677167,0.8532473410273818,0.5811499272197962,0.916,0.084,48000.0,12272.0,0.002549583273081173,0.5496689687590263,0.44523186469481135,0.002549583273081173,48000.0,0.0,3086.0,1933.5894083284588,33.0,0.0,17.0,0.0,17.0,0.0,7.0,0.0,0.0,0.0,0.0,0.0,1.0,0.0
meta.WeightedMajorityAlgorithm,ArffFileStream -f ./../../../Dataset/Synthetic_IM10/stream_gen_hyperplane.arff,1,48500.0,1.328125,4.213329197631947E-9,48500.0,0.91,0.5588235294117647,0.5588235294117647,0.1932013769363167,0.3429971702850177,0.9544534412955465,0.5588235294117647,0.898,0.102,48500.0,12272.0,0.002549583273081173,0.5496689687590263,0.44523186469481135,0.002549583273081173,48500.0,0.0,3086.0,1933.5894083284588,33.0,0.0,17.0,0.0,17.0,0.0,7.0,0.0,0.0,0.0,0.0,0.0,1.0,0.0
meta.WeightedMajorityAlgorithm,ArffFileStream -f ./../../../Dataset/Synthetic_IM10/stream_gen_hyperplane.arff,1,49000.0,1.328125,4.213329197631947E-9,49000.0,0.93,0.6022727272727273,0.6022727272727273,0.31927804574451535,0.45226701686664544,0.9643584521384929,0.6022727272727273,0.912,0.088,49000.0,12272.0,0.0025495832730811734,0.5496689687590263,0.44523186469481135,0.0025495832730811725,49000.0,0.0,3086.0,1933.5894083284588,33.0,0.0,17.0,0.0,17.0,0.0,7.0,0.0,0.0,0.0,0.0,0.0,1.0,0.0
meta.WeightedMajorityAlgorithm,ArffFileStream -f ./../../../Dataset/Synthetic_IM10/stream_gen_hyperplane.arff,1,49500.0,1.34375,4.2629350597659795E-9,49500.0,0.922,0.5681534622582658,0.5681534622582658,0.2119301648884578,0.3767245643436497,0.796673455532926,0.5681534622582658,0.916,0.084,49500.0,12272.0,0.002995845252250385,0.523162268155526,0.4708460413399733,0.0029958452522503834,49500.0,0.0,3086.0,1933.5894083284588,33.0,0.0,17.0,0.0,17.0,0.0,7.0,0.0,0.0,0.0,0.0,0.0,1.0,0.0
meta.WeightedMajorityAlgorithm,ArffFileStream -f ./../../../Dataset/Synthetic_IM10/stream_gen_hyperplane.arff,1,50000.0,1.359375,4.312540921900012E-9,50000.0,0.926,0.631544413774379,0.6315444137743789,0.38595326606479025,0.5145073959980322,0.9272486772486772,0.631544413774379,0.902,0.098,50000.0,12272.0,0.002429400335157572,0.5237585259629921,0.4713826733666928,0.002429400335157572,50000.0,0.0,3086.0,1933.5894083284588,33.0,0.0,17.0,0.0,17.0,0.0,7.0,0.0,0.0,0.0,0.0,0.0,1.0,0.0
meta.WeightedMajorityAlgorithm,ArffFileStream -f ./../../../Dataset/Synthetic_IM10/stream_gen_hyperplane.arff,1,50500.0,1.359375,4.312540921900012E-9,50500.0,0.91,0.5909090909090909,0.5909090909090908,0.28343949044585987,0.4264014327112209,0.9540816326530612,0.5909090909090909,0.89,0.11,50500.0,12272.0,0.002429400335157572,0.5237585259629921,0.4713826733666928,0.002429400335157572,50500.0,0.0,3086.0,1933.5894083284588,33.0,0.0,17.0,0.0,17.0,0.0,7.0,0.0,0.0,0.0,0.0,0.0,1.0,0.0
meta.WeightedMajorityAlgorithm,ArffFileStream -f ./../../../Dataset/Synthetic_IM10/stream_gen_hyperplane.arff,1,51000.0,1.375,4.362146784034045E-9,51000.0,0.938,0.6219512195121951,0.6219512195121951,0.3719611021069692,0.4938647983247948,0.9683673469387755,0.6219512195121951,0.918,0.082,51000.0,12272.0,0.0026978772115524223,0.5234759187246817,0.47112832685221345,0.0026978772115524223,51000.0,0.0,3086.0,1933.5894083284588,33.0,0.0,17.0,0.0,17.0,0.0,7.0,0.0,0.0,0.0,0.0,0.0,1.0,0.0
meta.WeightedMajorityAlgorithm,ArffFileStream -f ./../../../Dataset/Synthetic_IM10/stream_gen_hyperplane.arff,1,51500.0,1.375,4.362146784034045E-9,51500.0,0.906,0.5729529978408903,0.5729529978408902,0.23021488469601678,0.3844684348713038,0.8976012672550351,0.5729529978408903,0.892,0.108,51500.0,12272.0,0.0024028319235773893,0.5755895524307953,0.41960478372204985,0.0024028319235773893,51500.0,0.0,3086.0,1933.5894083284588,33.0,0.0,17.0,0.0,17.0,0.0,7.0,0.0,0.0,0.0,0.0,0.0,1.0,0.0
meta.WeightedMajorityAlgorithm,ArffFileStream -f ./../../../Dataset/Synthetic_IM10/stream_gen_hyperplane.arff,1,52000.0,1.390625,4.411752646168078E-9,52000.0,0.938,0.6477272727272727,0.6477272727272727,0.4333966954233075,0.543557306504609,0.9681724845995894,0.6477272727272727,0.912,0.088,52000.0,12272.0,0.0026683884286635663,0.5752823731305221,0.4193808500121508,0.0026683884286635663,52000.0,0.0,3086.0,1933.5894083284588,33.0,0.0,17.0,0.0,17.0,0.0,7.0,0.0,0.0,0.0,0.0,0.0,1.0,0.0
meta.WeightedMajorityAlgorithm,ArffFileStream -f ./../../../Dataset/Synthetic_IM10/stream_gen_hyperplane.arff,1,52500.0,1.40625,4.461358508302111E-9,52500.0,0.908,0.5576923076923077,0.5576923076923077,0.18945587820693544,0.3396831102433787,0.9534412955465588,0.5576923076923077,0.896,0.104,52500.0,12272.0,0.0026683884286635663,0.5752823731305221,0.4193808500121508,0.0026683884286635663,52500.0,0.0,3086.0,1933.5894083284588,33.0,0.0,17.0,0.0,17.0,0.0,7.0,0.0,0.0,0.0,0.0,0.0,1.0,0.0
meta.WeightedMajorityAlgorithm,ArffFileStream -f ./../../../Dataset/Synthetic_IM10/stream_gen_hyperplane.arff,1,53000.0,1.40625,4.461358508302111E-9,53000.0,0.936,0.6717104003064547,0.6717104003064547,0.47271289216978646,0.5884673427180985,0.913324112494237,0.6717104003064547,0.908,0.092,53000.0,12272.0,0.002668388428663566,0.5752823731305221,0.41938085001215075,0.002668388428663566,53000.0,0.0,3086.0,1933.5894083284588,33.0,0.0,17.0,0.0,17.0,0.0,7.0,0.0,0.0,0.0,0.0,0.0,1.0,0.0
meta.WeightedMajorityAlgorithm,ArffFileStream -f ./../../../Dataset/Synthetic_IM10/stream_gen_hyperplane.arff,1,53500.0,1.421875,4.510964370436144E-9,53500.0,0.928,0.6170212765957447,0.6170212765957447,0.3563612958592577,0.4837794468468967,0.9631901840490797,0.6170212765957447,0.906,0.094,53500.0,12272.0,0.002668388428663566,0.5752823731305221,0.41938085001215075,0.002668388428663566,53500.0,0.0,3086.0,1933.5894083284588,33.0,0.0,17.0,0.0,17.0,0.0,7.0,0.0,0.0,0.0,0.0,0.0,1.0,0.0
meta.WeightedMajorityAlgorithm,ArffFileStream -f ./../../../Dataset/Synthetic_IM10/stream_gen_hyperplane.arff,1,54000.0,1.4375,4.560570232570177E-9,54000.0,0.94,0.6341463414634146,0.6341463414634146,0.40234281616065026,0.5179697702828122,0.9693251533742331,0.6341463414634146,0.918,0.082,54000.0,12272.0,0.002668388428663566,0.5752823731305221,0.41938085001215075,0.002668388428663566,54000.0,0.0,3264.0,2052.4950669855457,35.0,0.0,18.0,0.0,18.0,0.0,7.0,0.0,0.0,0.0,0.0,0.0,1.0,0.0
meta.WeightedMajorityAlgorithm,ArffFileStream -f ./../../../Dataset/Synthetic_IM10/stream_gen_hyperplane.arff,1,54500.0,1.453125,4.61017609470421E-9,54500.0,0.944,0.643654591023012,0.6436545910230121,0.4187977416140817,0.537444990482269,0.9306693989071038,0.643654591023012,0.924,0.076,54500.0,12272.0,0.002668388428663566,0.5752823731305221,0.4193808500121508,0.002668388428663566,54500.0,0.0,3264.0,2052.4950669855457,35.0,0.0,18.0,0.0,18.0,0.0,7.0,0.0,0.0,0.0,0.0,0.0,1.0,0.0
meta.WeightedMajorityAlgorithm,ArffFileStream -f ./../../../Dataset/Synthetic_IM10/stream_gen_hyperplane.arff,1,55000.0,1.453125,4.61017609470421E-9,55000.0,0.914,0.6517787486347324,0.6517787486347324,0.41992229656809843,0.5551922322306815,0.8868177751267521,0.6517787486347324,0.884,0.116,55000.0,12272.0,0.003143873281140326,0.5490122947169722,0.4446999587207473,0.003143873281140326,55000.0,0.0,3264.0,2052.4950669855457,35.0,0.0,18.0,0.0,18.0,0.0,7.0,0.0,0.0,0.0,0.0,0.0,1.0,0.0
meta.WeightedMajorityAlgorithm,ArffFileStream -f ./../../../Dataset/Synthetic_IM10/stream_gen_hyperplane.arff,1,55500.0,1.46875,4.6597819568382426E-9,55500.0,0.93,0.6125398724082934,0.6125398724082934,0.34041911653851953,0.4762082760400737,0.9197806283695854,0.6125398724082934,0.912,0.088,55500.0,12272.0,0.0025495832730811716,0.5496689687590264,0.44523186469481135,0.0025495832730811716,55500.0,0.0,3264.0,2052.4950669855457,35.0,0.0,18.0,0.0,18.0,0.0,7.0,0.0,0.0,0.0,0.0,0.0,1.0,0.0
meta.WeightedMajorityAlgorithm,ArffFileStream -f ./../../../Dataset/Synthetic_IM10/stream_gen_hyperplane.arff,1,56000.0,1.484375,4.7093878189722755E-9,56000.0,0.92,0.6226415094339622,0.6226415094339622,0.36752893555119853,0.4952605565436486,0.9589322381930185,0.6226415094339622,0.894,0.106,56000.0,12272.0,0.0025495832730811716,0.5496689687590264,0.44523186469481135,0.0025495832730811716,56000.0,0.0,3442.0,2171.4007767644675,37.0,0.0,19.0,0.0,19.0,0.0,7.0,0.0,0.0,0.0,0.0,0.0,1.0,0.0
meta.WeightedMajorityAlgorithm,ArffFileStream -f ./../../../Dataset/Synthetic_IM10/stream_gen_hyperplane.arff,1,56500.0,1.5,4.758993681106308E-9,56500.0,0.912,0.5686274509803921,0.5686274509803921,0.2222300784840557,0.3704792868174742,0.9553752535496958,0.5686274509803921,0.898,0.102,56500.0,12272.0,0.002549583273081171,0.5496689687590264,0.44523186469481135,0.002549583273081171,56500.0,0.0,3442.0,2171.4007767644675,37.0,0.0,19.0,0.0,19.0,0.0,7.0,0.0,0.0,0.0,0.0,0.0,1.0,0.0
meta.WeightedMajorityAlgorithm,ArffFileStream -f ./../../../Dataset/Synthetic_IM10/stream_gen_hyperplane.arff,1,57000.0,1.5,4.758993681106308E-9,57000.0,0.91,0.5758070054945055,0.5758070054945055,0.238939250439724,0.39179426648784343,0.8996379271328354,0.5758070054945055,0.896,0.104,57000.0,12272.0,0.00269787721155242,0.5234759187246816,0.4711283268522135,0.00269787721155242,57000.0,0.0,3442.0,2171.4007767644675,37.0,0.0,19.0,0.0,19.0,0.0,7.0,0.0,0.0,0.0,0.0,0.0,1.0,0.0
meta.WeightedMajorityAlgorithm,ArffFileStream -f ./../../../Dataset/Synthetic_IM10/stream_gen_hyperplane.arff,1,57500.0,1.515625,4.808599543240341E-9,57500.0,0.936,0.6456521739130435,0.6456521739130435,0.40119760479041916,0.5453359554878314,0.8460743801652892,0.6456521739130435,0.92,0.08,57500.0,12272.0,0.002563674999010566,0.49743632500098944,0.4974363250009895,0.002563674999010566,57500.0,0.0,3442.0,2171.4007767644675,37.0,0.0,19.0,0.0,19.0,0.0,7.0,0.0,0.0,0.0,0.0,0.0,1.0,0.0
meta.WeightedMajorityAlgorithm,ArffFileStream -f ./../../../Dataset/Synthetic_IM10/stream_gen_hyperplane.arff,1,58000.0,1.515625,4.808599543240341E-9,58000.0,0.912,0.601536448440336,0.6015364484403359,0.3042818291063184,0.4545531290483008,0.8799557731795925,0.601536448440336,0.894,0.106,58000.0,12272.0,0.0028469058785838617,0.4971530941214162,0.4971530941214162,0.0028469058785838617,58000.0,0.0,3442.0,2171.4007767644675,37.0,0.0,19.0,0.0,19.0,0.0,7.0,0.0,0.0,0.0,0.0,0.0,1.0,0.0
meta.WeightedMajorityAlgorithm,ArffFileStream -f ./../../../Dataset/Synthetic_IM10/stream_gen_hyperplane.arff,1,58500.0,1.53125,4.858205405374374E-9,58500.0,0.934,0.6268128848404662,0.6268128848404662,0.3766057125585613,0.5052268654155593,0.9255464480874317,0.6268128848404662,0.914,0.086,58500.0,12272.0,0.002563674999010572,0.4974363250009894,0.4974363250009894,0.002563674999010572,58500.0,0.0,3620.0,2290.3065297029566,39.0,0.0,20.0,0.0,20.0,0.0,8.0,0.0,0.0,0.0,0.0,0.0,1.0,0.0
meta.WeightedMajorityAlgorithm,ArffFileStream -f ./../../../Dataset/Synthetic_IM10/stream_gen_hyperplane.arff,1,59000.0,1.546875,4.907811267508407E-9,59000.0,0.932,0.615184977863722,0.615184977863722,0.3475090197282567,0.48171491525555354,0.920803123257111,0.615184977863722,0.914,0.086,59000.0,12272.0,0.0025636749990105762,0.49743632500098944,0.49743632500098944,0.0025636749990105762,59000.0,0.0,3620.0,2290.3065297029566,39.0,0.0,20.0,0.0,20.0,0.0,8.0,0.0,0.0,0.0,0.0,0.0,1.0,0.0
meta.WeightedMajorityAlgorithm,ArffFileStream -f ./../../../Dataset/Synthetic_IM10/stream_gen_hyperplane.arff,1,59500.0,1.5625,4.95741712964244E-9,59500.0,0.912,0.6281791231081292,0.6281791231081292,0.37400409742772595,0.5079720218404697,0.9243285123966942,0.6281791231081292,0.884,0.116,59500.0,12272.0,0.002697877211552435,0.47112832685221334,0.5234759187246818,0.002697877211552435,59500.0,0.0,3620.0,2290.3065297029566,39.0,0.0,20.0,0.0,20.0,0.0,8.0,0.0,0.0,0.0,0.0,0.0,1.0,0.0
meta.WeightedMajorityAlgorithm,ArffFileStream -f ./../../../Dataset/Synthetic_IM10/stream_gen_hyperplane.arff,1,60000.0,1.5625,4.95741712964244E-9,60000.0,0.912,0.5601158423458075,0.5601158423458075,0.19455224427033754,0.34953894503166655,0.8849608809040858,0.5601158423458075,0.902,0.098,60000.0,12272.0,0.002697877211552435,0.47112832685221323,0.5234759187246818,0.002697877211552435,60000.0,0.0,3620.0,2290.3065297029566,39.0,0.0,20.0,0.0,20.0,0.0,8.0,0.0,0.0,0.0,0.0,0.0,1.0,0.0
meta.WeightedMajorityAlgorithm,ArffFileStream -f ./../../../Dataset/Synthetic_IM10/stream_gen_hyperplane.arff,1,60500.0,1.578125,5.007022991776473E-9,60500.0,0.926,0.631544413774379,0.6315444137743789,0.38595326606479025,0.5145073959980322,0.9272486772486772,0.631544413774379,0.902,0.098,60500.0,12272.0,0.002549583273081184,0.4452318646948113,0.5496689687590264,0.002549583273081184,60500.0,0.0,3620.0,2290.3065297029566,39.0,0.0,20.0,0.0,20.0,0.0,8.0,0.0,0.0,0.0,0.0,0.0,1.0,0.0
meta.WeightedMajorityAlgorithm,ArffFileStream -f ./../../../Dataset/Synthetic_IM10/stream_gen_hyperplane.arff,1,61000.0,1.59375,5.056628853910506E-9,61000.0,0.92,0.6238839285714286,0.6238839285714286,0.36596500126807,0.4994416525338213,0.9241622574955908,0.6238839285714286,0.896,0.104,61000.0,12272.0,0.002668388428663579,0.41938085001215075,0.5752823731305221,0.002668388428663579,61000.0,0.0,3620.0,2290.3065297029566,39.0,0.0,20.0,0.0,20.0,0.0,8.0,0.0,0.0,0.0,0.0,0.0,1.0,0.0
meta.WeightedMajorityAlgorithm,ArffFileStream -f ./../../../Dataset/Synthetic_IM10/stream_gen_hyperplane.arff,1,61500.0,1.59375,5.056628853910506E-9,61500.0,0.93,0.6195652173913043,0.6195652173913043,0.3633585564610012,0.48900964692182575,0.9642126789366053,0.6195652173913043,0.908,0.092,61500.0,12272.0,0.002668388428663579,0.41938085001215075,0.5752823731305221,0.002668388428663579,61500.0,0.0,3620.0,2290.3065297029566,39.0,0.0,20.0,0.0,20.0,0.0,8.0,0.0,0.0,0.0,0.0,0.0,1.0,0.0
meta.WeightedMajorityAlgorithm,ArffFileStream -f ./../../../Dataset/Synthetic_IM10/stream_gen_hyperplane.arff,1,62000.0,1.609375,5.1062347160445385E-9,62000.0,0.91,0.6311475409836066,0.6311475409836065,0.38437123782423116,0.5121475197315839,0.953512396694215,0.6311475409836066,0.878,0.122,62000.0,12272.0,0.002668388428663579,0.41938085001215075,0.5752823731305221,0.002668388428663579,62000.0,0.0,3620.0,2290.3065297029566,39.0,0.0,20.0,0.0,20.0,0.0,8.0,0.0,0.0,0.0,0.0,0.0,1.0,0.0
meta.WeightedMajorityAlgorithm,ArffFileStream -f ./../../../Dataset/Synthetic_IM10/stream_gen_hyperplane.arff,1,62500.0,1.609375,5.1062347160445385E-9,62500.0,0.912,0.600730775618668,0.600730775618668,0.30608125157708804,0.4508292015187528,0.9142759562841529,0.600730775618668,0.892,0.108,62500.0,12272.0,0.002668388428663579,0.41938085001215075,0.5752823731305221,0.002668388428663579,62500.0,0.0,3620.0,2290.3065297029566,39.0,0.0,20.0,0.0,20.0,0.0,8.0,0.0,0.0,0.0,0.0,0.0,1.0,0.0
meta.WeightedMajorityAlgorithm,ArffFileStream -f ./../../../Dataset/Synthetic_IM10/stream_gen_hyperplane.arff,1,63000.0,1.625,5.155840578178571E-9,63000.0,0.906,0.6348136691707174,0.6348136691707172,0.38391359060402686,0.52243805666509,0.9005908742750848,0.6348136691707174,0.876,0.124,63000.0,12272.0,0.0024021905835528807,0.4194927869820198,0.5754359217860352,0.00266910064839209,63000.0,0.0,3620.0,2290.3065297029566,39.0,0.0,20.0,0.0,20.0,0.0,8.0,0.0,0.0,0.0,0.0,0.0,1.0,0.0
meta.WeightedMajorityAlgorithm,ArffFileStream -f ./../../../Dataset/Synthetic_IM10/stream_gen_hyperplane.arff,1,63500.0,1.625,5.155840578178571E-9,63500.0,0.928,0.64,0.64,0.4117647058823529,0.5291502622129182,0.962962962962963,0.64,0.9,0.1,63500.0,12272.0,0.002668388428663579,0.41938085001215075,0.5752823731305221,0.002668388428663579,63500.0,0.0,3620.0,2290.3065297029566,39.0,0.0,20.0,0.0,20.0,0.0,8.0,0.0,0.0,0.0,0.0,0.0,1.0,0.0
meta.WeightedMajorityAlgorithm,ArffFileStream -f ./../../../Dataset/Synthetic_IM10/stream_gen_hyperplane.arff,1,64000.0,1.640625,5.205446440312604E-9,64000.0,0.93,0.6276595744680851,0.6276595744680851,0.3831946989990131,0.5052911526399113,0.9641393442622951,0.6276595744680851,0.906,0.094,64000.0,12272.0,0.002668388428663579,0.41938085001215075,0.5752823731305221,0.002668388428663579,64000.0,0.0,3620.0,2290.3065297029566,39.0,0.0,20.0,0.0,20.0,0.0,8.0,0.0,0.0,0.0,0.0,0.0,1.0,0.0
meta.WeightedMajorityAlgorithm,ArffFileStream -f ./../../../Dataset/Synthetic_IM10/stream_gen_hyperplane.arff,1,64500.0,1.640625,5.205446440312604E-9,64500.0,0.922,0.6030604719764012,0.6030604719764012,0.31444241316270566,0.45593027852847856,0.9156906488194831,0.6030604719764012,0.904,0.096,64500.0,12272.0,0.0024028319235774006,0.41960478372204996,0.5755895524307953,0.0024028319235774006,64500.0,0.0,3620.0,2290.3065297029566,39.0,0.0,20.0,0.0,20.0,0.0,8.0,0.0,0.0,0.0,0.0,0.0,1.0,0.0
meta.WeightedMajorityAlgorithm,ArffFileStream -f ./../../../Dataset/Synthetic_IM10/stream_gen_hyperplane.arff,1,65000.0,1.65625,5.255052302446637E-9,65000.0,0.902,0.6054184248851712,0.6054184248851713,0.3154894948591864,0.46111744607814986,0.9149029982363316,0.6054184248851712,0.878,0.122,65000.0,12272.0,0.002668388428663579,0.41938085001215075,0.5752823731305221,0.002668388428663579,65000.0,0.0,3798.0,2409.2123194106407,41.0,0.0,21.0,0.0,21.0,0.0,8.0,0.0,0.0,0.0,0.0,0.0,1.0,0.0
meta.WeightedMajorityAlgorithm,ArffFileStream -f ./../../../Dataset/Synthetic_IM10/stream_gen_hyperplane.arff,1,65500.0,1.671875,5.30465816458067E-9,65500.0,0.916,0.5904314159292036,0.5904314159292036,0.2720465890183028,0.43157332050701575,0.8350409836065573,0.5904314159292036,0.904,0.096,65500.0,12272.0,0.002668388428663578,0.4193808500121506,0.5752823731305222,0.002668388428663579,65500.0,0.0,3976.0,2528.1181406993883,43.0,0.0,22.0,0.0,22.0,0.0,8.0,0.0,0.0,0.0,0.0,0.0,1.0,0.0
meta.WeightedMajorityAlgorithm,ArffFileStream -f ./../../../Dataset/Synthetic_IM10/stream_gen_hyperplane.arff,1,66000.0,1.671875,5.30465816458067E-9,66000.0,0.944,0.6989010989010989,0.6989010989010989,0.5378012545394519,0.6317601436628296,0.9456176824597877,0.6989010989010989,0.91,0.09,66000.0,12272.0,0.002549583273081187,0.4452318646948113,0.5496689687590264,0.002549583273081184,66000.0,0.0,3976.0,2528.1181406993883,43.0,0.0,22.0,0.0,22.0,0.0,8.0,0.0,0.0,0.0,0.0,0.0,1.0,0.0
meta.WeightedMajorityAlgorithm,ArffFileStream -f ./../../../Dataset/Synthetic_IM10/stream_gen_hyperplane.arff,1,66500.0,1.6875,5.354264026714703E-9,66500.0,0.918,0.5828988774599596,0.5828988774599596,0.25616835994194487,0.41165674380121187,0.860204081632653,0.5828988774599596,0.906,0.094,66500.0,12272.0,0.003145752352026385,0.44496575274955463,0.5493404354932776,0.002548059405141368,66500.0,0.0,3976.0,2528.1181406993883,43.0,0.0,22.0,0.0,22.0,0.0,8.0,0.0,0.0,0.0,0.0,0.0,1.0,0.0
meta.WeightedMajorityAlgorithm,ArffFileStream -f ./../../../Dataset/Synthetic_IM10/stream_gen_hyperplane.arff,1,67000.0,1.703125,5.403869888848736E-9,67000.0,0.958,0.671875,0.671875,0.49509521061742645,0.5863019699779287,0.9785276073619632,0.671875,0.936,0.064,67000.0,12272.0,0.0025495832730811894,0.4452318646948112,0.5496689687590265,0.002549583273081189,67000.0,0.0,3976.0,2528.1181406993883,43.0,0.0,22.0,0.0,22.0,0.0,8.0,0.0,0.0,0.0,0.0,0.0,1.0,0.0
meta.WeightedMajorityAlgorithm,ArffFileStream -f ./../../../Dataset/Synthetic_IM10/stream_gen_hyperplane.arff,1,67500.0,1.703125,5.403869888848736E-9,67500.0,0.934,0.6020164046479837,0.6020164046479836,0.30273833671399597,0.45733932893513624,0.8329615170105968,0.6020164046479837,0.924,0.076,67500.0,12272.0,0.0028320680152857675,0.44510577200247226,0.5495132987684848,0.002548861213757191,67500.0,0.0,3976.0,2528.1181406993883,43.0,0.0,22.0,0.0,22.0,0.0,8.0,0.0,0.0,0.0,0.0,0.0,1.0,0.0
meta.WeightedMajorityAlgorithm,ArffFileStream -f ./../../../Dataset/Synthetic_IM10/stream_gen_hyperplane.arff,1,68000.0,1.71875,5.453475750982769E-9,68000.0,0.918,0.5988888888888889,0.5988888888888889,0.30272108843537415,0.44671641514002547,0.913645659044432,0.5988888888888889,0.9,0.1,68000.0,12272.0,0.002402190583552885,0.419492786982019,0.575435921786036,0.0026691006483920985,68000.0,0.0,3976.0,2528.1181406993883,43.0,0.0,22.0,0.0,22.0,0.0,8.0,0.0,0.0,0.0,0.0,0.0,1.0,0.0
meta.WeightedMajorityAlgorithm,ArffFileStream -f ./../../../Dataset/Synthetic_IM10/stream_gen_hyperplane.arff,1,68500.0,1.734375,5.5030816131168016E-9,68500.0,0.92,0.630956903465451,0.630956903465451,0.38290651033631595,0.5133809518168793,0.9264604810996564,0.630956903465451,0.894,0.106,68500.0,12272.0,0.002610993111553287,0.3693242141447708,0.6254537996321227,0.0026109931115532933,68500.0,0.0,3976.0,2528.1181406993883,43.0,0.0,22.0,0.0,22.0,0.0,8.0,0.0,0.0,0.0,0.0,0.0,1.0,0.0
meta.WeightedMajorityAlgorithm,ArffFileStream -f ./../../../Dataset/Synthetic_IM10/stream_gen_hyperplane.arff,1,69000.0,1.734375,5.5030816131168016E-9,69000.0,0.94,0.5978494623655914,0.5978494623655913,0.2980814225549836,0.44625080946283624,0.8603756505996831,0.5978494623655914,0.93,0.07,69000.0,12272.0,0.0026109931115532877,0.36932421414477096,0.6254537996321226,0.002610993111553293,69000.0,0.0,4154.0,2647.0239893132816,45.0,0.0,23.0,0.0,23.0,0.0,8.0,0.0,0.0,0.0,0.0,0.0,1.0,0.0
meta.WeightedMajorityAlgorithm,ArffFileStream -f ./../../../Dataset/Synthetic_IM10/stream_gen_hyperplane.arff,1,69500.0,1.734375,5.5030816131168016E-9,69500.0,0.93,0.6246247010330264,0.6246247010330264,0.3588804220398593,0.504117694230376,0.8599353321575544,0.6246247010330264,0.914,0.086,69500.0,12272.0,0.0026102358551269174,0.3692171004441123,0.6252724016395087,0.002900262061252141,69500.0,0.0,4154.0,2647.0239893132816,45.0,0.0,23.0,0.0,23.0,0.0,8.0,0.0,0.0,0.0,0.0,0.0,1.0,0.0
meta.WeightedMajorityAlgorithm,ArffFileStream -f ./../../../Dataset/Synthetic_IM10/stream_gen_hyperplane.arff,1,70000.0,1.765625,5.602293337384867E-9,70000.0,0.916,0.6120889789371491,0.6120889789371491,0.33590538232875844,0.47529840403243057,0.9194440056863056,0.6120889789371491,0.894,0.106,70000.0,12272.0,0.0026109931115532764,0.36932421414477085,0.6254537996321227,0.002610993111553287,70000.0,0.0,4332.0,2765.9298617282398,47.0,0.0,24.0,0.0,24.0,0.0,8.0,0.0,0.0,0.0,0.0,0.0,1.0,0.0
meta.WeightedMajorityAlgorithm,ArffFileStream -f ./../../../Dataset/Synthetic_IM10/stream_gen_hyperplane.arff,1,70500.0,1.765625,5.602293337384867E-9,70500.0,0.91,0.54004884004884,0.5400488400488401,0.12723041117145073,0.2968289879837347,0.7083333333333333,0.54004884004884,0.91,0.09,70500.0,12272.0,0.002507373075497274,0.39407465584996504,0.6006320009906517,0.002785970083885875,70500.0,0.0,4332.0,2765.9298617282398,47.0,0.0,24.0,0.0,24.0,0.0,8.0,0.0,0.0,0.0,0.0,0.0,1.0,0.0
meta.WeightedMajorityAlgorithm,ArffFileStream -f ./../../../Dataset/Synthetic_IM10/stream_gen_hyperplane.arff,1,71000.0,1.78125,5.6518991995189E-9,71000.0,0.908,0.5992993119750116,0.5992993119750115,0.29034248688676334,0.4535305110396451,0.8233676975945017,0.5992993119750116,0.894,0.106,71000.0,12272.0,0.002610993111553274,0.36932421414477085,0.6254537996321227,0.002610993111553291,71000.0,0.0,4332.0,2765.9298617282398,47.0,0.0,24.0,0.0,24.0,0.0,8.0,0.0,0.0,0.0,0.0,0.0,1.0,0.0
meta.WeightedMajorityAlgorithm,ArffFileStream -f ./../../../Dataset/Synthetic_IM10/stream_gen_hyperplane.arff,1,71500.0,1.796875,5.701505061652933E-9,71500.0,0.916,0.5817951247005777,0.5817951247005777,0.24908817850246728,0.4112001083375362,0.8237590630228667,0.5817951247005777,0.906,0.094,71500.0,12272.0,0.0026102358551269114,0.3692171004441121,0.6252724016395089,0.0029002620612521425,71500.0,0.0,4332.0,2765.9298617282398,47.0,0.0,24.0,0.0,24.0,0.0,8.0,0.0,0.0,0.0,0.0,0.0,1.0,0.0
meta.WeightedMajorityAlgorithm,ArffFileStream -f ./../../../Dataset/Synthetic_IM10/stream_gen_hyperplane.arff,1,72000.0,1.796875,5.701505061652933E-9,72000.0,0.926,0.6254520689493213,0.6254520689493213,0.36609100877192985,0.5041744857442955,0.8925631981187536,0.6254520689493213,0.906,0.094,72000.0,12272.0,0.0023505075162913156,0.369420669627137,0.6256171478384703,0.0026116750181014795,72000.0,0.0,4332.0,2765.9298617282398,47.0,0.0,24.0,0.0,24.0,0.0,8.0,0.0,0.0,0.0,0.0,0.0,1.0,0.0
meta.WeightedMajorityAlgorithm,ArffFileStream -f ./../../../Dataset/Synthetic_IM10/stream_gen_hyperplane.arff,1,72500.0,1.796875,5.701505061652933E-9,72500.0,0.914,0.6316763191763192,0.6316763191763193,0.37854087177708406,0.5163822025889149,0.8987334064060406,0.6316763191763192,0.888,0.112,72500.0,12272.0,0.002508071816802259,0.3941844744653043,0.6007993819010913,0.002508071816802276,72500.0,0.0,4332.0,2765.9298617282398,47.0,0.0,24.0,0.0,24.0,0.0,8.0,0.0,0.0,0.0,0.0,0.0,1.0,0.0
meta.WeightedMajorityAlgorithm,ArffFileStream -f ./../../../Dataset/Synthetic_IM10/stream_gen_hyperplane.arff,1,73000.0,1.796875,5.701505061652933E-9,73000.0,0.902,0.5784473953013279,0.5784473953013278,0.23865755127408328,0.40315406129659503,0.8278688524590163,0.5784473953013279,0.89,0.11,73000.0,12272.0,0.0025080718168022592,0.3941844744653043,0.6007993819010913,0.002508071816802278,73000.0,0.0,4332.0,2765.9298617282398,47.0,0.0,24.0,0.0,24.0,0.0,8.0,0.0,0.0,0.0,0.0,0.0,1.0,0.0
meta.WeightedMajorityAlgorithm,ArffFileStream -f ./../../../Dataset/Synthetic_IM10/stream_gen_hyperplane.arff,1,73500.0,1.796875,5.701505061652933E-9,73500.0,0.908,0.6109377437977843,0.6109377437977843,0.3309285548056784,0.47289621656659725,0.917989417989418,0.6109377437977843,0.884,0.116,73500.0,12272.0,0.002508071816802258,0.3941844744653042,0.6007993819010913,0.002508071816802279,73500.0,0.0,4332.0,2765.9298617282398,47.0,0.0,24.0,0.0,24.0,0.0,8.0,0.0,0.0,0.0,0.0,0.0,1.0,0.0
meta.WeightedMajorityAlgorithm,ArffFileStream -f ./../../../Dataset/Synthetic_IM10/stream_gen_hyperplane.arff,1,74000.0,1.8125,5.751110923786966E-9,74000.0,0.912,0.601536448440336,0.6015364484403359,0.3042818291063184,0.4545531290483008,0.8799557731795925,0.601536448440336,0.894,0.106,74000.0,12272.0,0.0024021905835528703,0.41949278698201864,0.5754359217860364,0.002669100648392103,74000.0,0.0,4510.0,2884.8357550011983,49.0,0.0,25.0,0.0,25.0,0.0,8.0,0.0,0.0,0.0,0.0,0.0,1.0,0.0
meta.WeightedMajorityAlgorithm,ArffFileStream -f ./../../../Dataset/Synthetic_IM10/stream_gen_hyperplane.arff,1,74500.0,1.828125,5.800716785920999E-9,74500.0,0.928,0.5909090909090909,0.5909090909090908,0.2884250474383302,0.4264014327112209,0.9634146341463414,0.5909090909090909,0.912,0.088,74500.0,12272.0,0.00266838842866357,0.4193808500121496,0.5752823731305233,0.002668388428663592,74500.0,0.0,4510.0,2884.8357550011983,49.0,0.0,25.0,0.0,25.0,0.0,8.0,0.0,0.0,0.0,0.0,0.0,1.0,0.0
meta.WeightedMajorityAlgorithm,ArffFileStream -f ./../../../Dataset/Synthetic_IM10/stream_gen_hyperplane.arff,1,75000.0,1.84375,5.850322648055032E-9,75000.0,0.922,0.6277777777777778,0.6277777777777778,0.3709677419354839,0.5087675740890377,0.8951890034364262,0.6277777777777778,0.9,0.1,75000.0,12272.0,0.002402831923577393,0.41960478372204835,0.5755895524307969,0.0024028319235774127,75000.0,0.0,4688.0,3003.741666655107,51.0,0.0,26.0,0.0,26.0,0.0,8.0,0.0,0.0,0.0,0.0,0.0,1.0,0.0
meta.WeightedMajorityAlgorithm,ArffFileStream -f ./../../../Dataset/Synthetic_IM10/stream_gen_hyperplane.arff,1,75500.0,1.859375,5.899928510189065E-9,75500.0,0.932,0.5964716509910197,0.5964716509910196,0.29931580248948975,0.44124465881104286,0.9108395564607377,0.5964716509910197,0.918,0.082,75500.0,12272.0,0.0024028319235773928,0.419604783722048,0.5755895524307972,0.0024028319235774123,75500.0,0.0,4688.0,3003.741666655107,51.0,0.0,26.0,0.0,26.0,0.0,8.0,0.0,0.0,0.0,0.0,0.0,1.0,0.0
meta.WeightedMajorityAlgorithm,ArffFileStream -f ./../../../Dataset/Synthetic_IM10/stream_gen_hyperplane.arff,1,76000.0,1.875,5.9495343723230975E-9,76000.0,0.922,0.5465273445622791,0.5465273445622791,0.15511265164644714,0.3082696089443634,0.8616161616161616,0.5465273445622791,0.916,0.084,76000.0,12272.0,0.002548861213757181,0.44510577200247065,0.5495132987684864,0.0028320680152857758,76000.0,0.0,4866.0,3122.647594590206,53.0,0.0,27.0,0.0,27.0,0.0,8.0,0.0,0.0,0.0,0.0,0.0,1.0,0.0
meta.WeightedMajorityAlgorithm,ArffFileStream -f ./../../../Dataset/Synthetic_IM10/stream_gen_hyperplane.arff,1,76500.0,1.890625,5.99914023445713E-9,76500.0,0.908,0.5743531298805453,0.5743531298805453,0.23450708913000068,0.38807952181288446,0.8986195971939352,0.5743531298805453,0.894,0.106,76500.0,12272.0,0.002549583273081185,0.44523186469480935,0.5496689687590283,0.002549583273081203,76500.0,0.0,5044.0,3241.553537014827,55.0,0.0,28.0,0.0,28.0,0.0,8.0,0.0,0.0,0.0,0.0,0.0,1.0,0.0
meta.WeightedMajorityAlgorithm,ArffFileStream -f ./../../../Dataset/Synthetic_IM10/stream_gen_hyperplane.arff,1,77000.0,1.90625,6.048746096591163E-9,77000.0,0.932,0.6444377990430622,0.6444377990430622,0.40542809177392275,0.5417663385171132,0.8742252066115703,0.6444377990430622,0.912,0.088,77000.0,12272.0,0.0022952101287083046,0.4453454092154171,0.5498091471795321,0.002550233476342581,77000.0,0.0,5044.0,3241.553537014827,55.0,0.0,28.0,0.0,28.0,0.0,8.0,0.0,0.0,0.0,0.0,0.0,1.0,0.0
meta.WeightedMajorityAlgorithm,ArffFileStream -f ./../../../Dataset/Synthetic_IM10/stream_gen_hyperplane.arff,1,77500.0,1.90625,6.048746096591163E-9,77500.0,0.91,0.6033333333333334,0.6033333333333334,0.29245283018867924,0.465904138924164,0.7831567409572524,0.6033333333333334,0.9,0.1,77500.0,12272.0,0.0024294003351575874,0.47138267336668993,0.5237585259629949,0.002429400335157607,77500.0,0.0,5044.0,3241.553537014827,55.0,0.0,28.0,0.0,28.0,0.0,8.0,0.0,0.0,0.0,0.0,0.0,1.0,0.0
meta.WeightedMajorityAlgorithm,ArffFileStream -f ./../../../Dataset/Synthetic_IM10/stream_gen_hyperplane.arff,1,78000.0,1.90625,6.048746096591163E-9,78000.0,0.926,0.5820978798023274,0.5820978798023275,0.25040518638573744,0.4118444048487206,0.8153061224489795,0.5820978798023274,0.918,0.082,78000.0,12272.0,0.0028460056219021656,0.496995882954656,0.4969958829546616,0.0031622284687802074,78000.0,0.0,5044.0,3241.553537014827,55.0,0.0,28.0,0.0,28.0,0.0,8.0,0.0,0.0,0.0,0.0,0.0,1.0,0.0
meta.WeightedMajorityAlgorithm,ArffFileStream -f ./../../../Dataset/Synthetic_IM10/stream_gen_hyperplane.arff,1,78500.0,1.921875,6.098351958725196E-9,78500.0,0.916,0.5904314159292036,0.5904314159292036,0.2720465890183028,0.43157332050701575,0.8350409836065573,0.5904314159292036,0.904,0.096,78500.0,12272.0,0.002846905878583892,0.49715309412141334,0.4971530941214189,0.002846905878583912,78500.0,0.0,5044.0,3241.553537014827,55.0,0.0,28.0,0.0,28.0,0.0,8.0,0.0,0.0,0.0,0.0,0.0,1.0,0.0
meta.WeightedMajorityAlgorithm,ArffFileStream -f ./../../../Dataset/Synthetic_IM10/stream_gen_hyperplane.arff,1,79000.0,1.9375,6.147957820859229E-9,79000.0,0.924,0.6078144078144079,0.6078144078144079,0.31728350700682717,0.46984786980151433,0.8486810930342759,0.6078144078144079,0.91,0.09,79000.0,12272.0,0.0025636749990106014,0.4974363250009868,0.497436325000992,0.0025636749990106183,79000.0,0.0,5044.0,3241.553537014827,55.0,0.0,28.0,0.0,28.0,0.0,8.0,0.0,0.0,0.0,0.0,0.0,1.0,0.0
meta.WeightedMajorityAlgorithm,ArffFileStream -f ./../../../Dataset/Synthetic_IM10/stream_gen_hyperplane.arff,1,79500.0,1.9375,6.147957820859229E-9,79500.0,0.912,0.6159346271705822,0.6159346271705822,0.3403298350824588,0.48507868215950034,0.8900343642611683,0.6159346271705822,0.89,0.11,79500.0,12272.0,0.0026978772115524613,0.4711283268522105,0.5234759187246846,0.0026978772115524782,79500.0,0.0,5044.0,3241.553537014827,55.0,0.0,28.0,0.0,28.0,0.0,8.0,0.0,0.0,0.0,0.0,0.0,1.0,0.0
meta.WeightedMajorityAlgorithm,ArffFileStream -f ./../../../Dataset/Synthetic_IM10/stream_gen_hyperplane.arff,1,80000.0,1.953125,6.197563682993262E-9,80000.0,0.932,0.6467864230827948,0.6467864230827949,0.404303034550424,0.5474298179933317,0.8512970405553526,0.6467864230827948,0.914,0.086,80000.0,12272.0,0.002508071816802291,0.3941844744653023,0.6007993819010932,0.002508071816802307,80000.0,0.0,5044.0,3241.553537014827,55.0,0.0,28.0,0.0,28.0,0.0,8.0,0.0,0.0,0.0,0.0,0.0,1.0,0.0
meta.WeightedMajorityAlgorithm,ArffFileStream -f ./../../../Dataset/Synthetic_IM10/stream_gen_hyperplane.arff,1,80500.0,1.96875,6.247169545127295E-9,80500.0,0.928,0.6086956521739131,0.6086956521739131,0.3353028064992615,0.4662524041201569,0.963265306122449,0.6086956521739131,0.908,0.092,80500.0,12272.0,0.00250807181680229,0.3941844744653016,0.6007993819010938,0.002508071816802307,80500.0,0.0,5044.0,3241.553537014827,55.0,0.0,28.0,0.0,28.0,0.0,8.0,0.0,0.0,0.0,0.0,0.0,1.0,0.0
meta.WeightedMajorityAlgorithm,ArffFileStream -f ./../../../Dataset/Synthetic_IM10/stream_gen_hyperplane.arff,1,81000.0,1.96875,6.247169545127295E-9,81000.0,0.904,0.5955056179775281,0.5955056179775281,0.280359820089955,0.4451991096026712,0.8213058419243986,0.5955056179775281,0.89,0.11,81000.0,12272.0,0.002610235855126942,0.369217100444109,0.6252724016395119,0.0029002620612521785,81000.0,0.0,5044.0,3241.553537014827,55.0,0.0,28.0,0.0,28.0,0.0,8.0,0.0,0.0,0.0,0.0,0.0,1.0,0.0
meta.WeightedMajorityAlgorithm,ArffFileStream -f ./../../../Dataset/Synthetic_IM10/stream_gen_hyperplane.arff,1,81500.0,1.984375,6.296775407261328E-9,81500.0,0.908,0.6041344897231793,0.6041344897231793,0.3138015394713288,0.4583133066862231,0.9153372295056074,0.6041344897231793,0.886,0.114,81500.0,12272.0,0.002611675018101492,0.3694206696271338,0.6256171478384733,0.002350507516291358,81500.0,0.0,5044.0,3241.553537014827,55.0,0.0,28.0,0.0,28.0,0.0,8.0,0.0,0.0,0.0,0.0,0.0,1.0,0.0
meta.WeightedMajorityAlgorithm,ArffFileStream -f ./../../../Dataset/Synthetic_IM10/stream_gen_hyperplane.arff,1,82000.0,2.0,6.3463812693953606E-9,82000.0,0.912,0.5510438613292472,0.5510438613292472,0.16235150776728602,0.3285991463252992,0.7708333333333333,0.5510438613292472,0.908,0.092,82000.0,12272.0,0.0027111213892052335,0.34513859683500214,0.6494391603865873,0.002711121389205251,82000.0,0.0,5222.0,3360.4594923908844,57.0,0.0,29.0,0.0,29.0,0.0,8.0,0.0,0.0,0.0,0.0,0.0,1.0,0.0
meta.WeightedMajorityAlgorithm,ArffFileStream -f ./../../../Dataset/Synthetic_IM10/stream_gen_hyperplane.arff,1,82500.0,2.0,6.3463812693953606E-9,82500.0,0.952,0.6881092755822777,0.6881092755822777,0.5178786661309763,0.614460044640524,0.9429553264604811,0.6881092755822777,0.926,0.074,82500.0,12272.0,0.003010543332800774,0.34493078589468346,0.649048127439715,0.003010543332800793,82500.0,0.0,5222.0,3360.4594923908844,57.0,0.0,29.0,0.0,29.0,0.0,8.0,0.0,0.0,0.0,0.0,0.0,1.0,0.0
meta.WeightedMajorityAlgorithm,ArffFileStream -f ./../../../Dataset/Synthetic_IM10/stream_gen_hyperplane.arff,1,83000.0,2.015625,6.3959871315293935E-9,83000.0,0.936,0.6363636363636364,0.6363636363636364,0.40617577197149646,0.5222329678670935,0.9672131147540983,0.6363636363636364,0.912,0.088,83000.0,12272.0,0.002711121389205234,0.34513859683500225,0.6494391603865872,0.0027111213892052483,83000.0,0.0,5222.0,3360.4594923908844,57.0,0.0,29.0,0.0,29.0,0.0,8.0,0.0,0.0,0.0,0.0,0.0,1.0,0.0
meta.WeightedMajorityAlgorithm,ArffFileStream -f ./../../../Dataset/Synthetic_IM10/stream_gen_hyperplane.arff,1,83500.0,2.015625,6.3959871315293935E-9,83500.0,0.912,0.5866666666666667,0.5866666666666667,0.26174496644295303,0.4228474902373195,0.8329918032786885,0.5866666666666667,0.9,0.1,83500.0,12272.0,0.0027111213892052344,0.34513859683500225,0.6494391603865872,0.002711121389205247,83500.0,0.0,5222.0,3360.4594923908844,57.0,0.0,29.0,0.0,29.0,0.0,8.0,0.0,0.0,0.0,0.0,0.0,1.0,0.0
meta.WeightedMajorityAlgorithm,ArffFileStream -f ./../../../Dataset/Synthetic_IM10/stream_gen_hyperplane.arff,1,84000.0,2.03125,6.445592993663426E-9,84000.0,0.92,0.607843137254902,0.607843137254902,0.3306111520182074,0.464420364012824,0.9591002044989775,0.607843137254902,0.898,0.102,84000.0,12272.0,0.0024406709458052287,0.34523219347339906,0.6496152789743453,0.002711856606450267,84000.0,0.0,5222.0,3360.4594923908844,57.0,0.0,29.0,0.0,29.0,0.0,8.0,0.0,0.0,0.0,0.0,0.0,1.0,0.0
meta.WeightedMajorityAlgorithm,ArffFileStream -f ./../../../Dataset/Synthetic_IM10/stream_gen_hyperplane.arff,1,84500.0,2.03125,6.445592993663426E-9,84500.0,0.904,0.6198261894240684,0.6198261894240683,0.3516317268208342,0.4913075612613151,0.9201962809917356,0.6198261894240684,0.876,0.124,84500.0,12272.0,0.002711121389205234,0.34513859683500225,0.6494391603865872,0.0027111213892052457,84500.0,0.0,5222.0,3360.4594923908844,57.0,0.0,29.0,0.0,29.0,0.0,8.0,0.0,0.0,0.0,0.0,0.0,1.0,0.0
meta.WeightedMajorityAlgorithm,ArffFileStream -f ./../../../Dataset/Synthetic_IM10/stream_gen_hyperplane.arff,1,85000.0,2.046875,6.495198855797459E-9,85000.0,0.94,0.6536702017051362,0.6536702017051362,0.4407992842230838,0.5557409408580674,0.9344503233392123,0.6536702017051362,0.916,0.084,85000.0,12272.0,0.002711121389205234,0.34513859683500225,0.6494391603865872,0.0027111213892052465,85000.0,0.0,5222.0,3360.4594923908844,57.0,0.0,29.0,0.0,29.0,0.0,8.0,0.0,0.0,0.0,0.0,0.0,1.0,0.0
meta.WeightedMajorityAlgorithm,ArffFileStream -f ./../../../Dataset/Synthetic_IM10/stream_gen_hyperplane.arff,1,85500.0,2.046875,6.495198855797459E-9,85500.0,0.924,0.6377777777777778,0.6377777777777778,0.39490445859872614,0.5279730632859555,0.9003099173553719,0.6377777777777778,0.9,0.1,85500.0,12272.0,0.002711121389205234,0.34513859683500225,0.6494391603865872,0.0027111213892052426,85500.0,0.0,5222.0,3360.4594923908844,57.0,0.0,29.0,0.0,29.0,0.0,8.0,0.0,0.0,0.0,0.0,0.0,1.0,0.0
meta.WeightedMajorityAlgorithm,ArffFileStream -f ./../../../Dataset/Synthetic_IM10/stream_gen_hyperplane.arff,1,86000.0,2.0625,6.544804717931492E-9,86000.0,0.928,0.5919291639102335,0.5919291639102335,0.2864504875921668,0.4308589185147873,0.9088028965829373,0.5919291639102335,0.914,0.086,86000.0,12272.0,0.0024406709458052282,0.34523219347339906,0.6496152789743453,0.0027118566064502623,86000.0,0.0,5400.0,3479.365459390548,59.0,0.0,30.0,0.0,30.0,0.0,8.0,0.0,0.0,0.0,0.0,0.0,1.0,0.0
meta.WeightedMajorityAlgorithm,ArffFileStream -f ./../../../Dataset/Synthetic_IM10/stream_gen_hyperplane.arff,1,86500.0,2.078125,6.594410580065525E-9,86500.0,0.942,0.5972222222222222,0.5972222222222222,0.30939226519337015,0.44095855184409843,0.9705882352941176,0.5972222222222222,0.928,0.072,86500.0,12272.0,0.0027111213892052335,0.34513859683500225,0.6494391603865872,0.0027111213892052418,86500.0,0.0,5400.0,3479.365459390548,59.0,0.0,30.0,0.0,30.0,0.0,8.0,0.0,0.0,0.0,0.0,0.0,1.0,0.0
meta.WeightedMajorityAlgorithm,ArffFileStream -f ./../../../Dataset/Synthetic_IM10/stream_gen_hyperplane.arff,1,87000.0,2.09375,6.644016442199558E-9,87000.0,0.938,0.5703533026113671,0.5703533026113672,0.22808764940239043,0.37755784086029054,0.8863022941970311,0.5703533026113671,0.93,0.07,87000.0,12272.0,0.002711121389205234,0.34513859683500225,0.6494391603865872,0.0027111213892052426,87000.0,0.0,5400.0,3479.365459390548,59.0,0.0,30.0,0.0,30.0,0.0,8.0,0.0,0.0,0.0,0.0,0.0,1.0,0.0
meta.WeightedMajorityAlgorithm,ArffFileStream -f ./../../../Dataset/Synthetic_IM10/stream_gen_hyperplane.arff,1,87500.0,2.09375,6.644016442199558E-9,87500.0,0.926,0.6636363636363636,0.6636363636363636,0.4640787949015064,0.5720775535473553,0.9616182572614108,0.6636363636363636,0.89,0.11,87500.0,12272.0,0.002711121389205234,0.34513859683500225,0.6494391603865872,0.0027111213892052426,87500.0,0.0,5400.0,3479.365459390548,59.0,0.0,30.0,0.0,30.0,0.0,8.0,0.0,0.0,0.0,0.0,0.0,1.0,0.0
meta.WeightedMajorityAlgorithm,ArffFileStream -f ./../../../Dataset/Synthetic_IM10/stream_gen_hyperplane.arff,1,88000.0,2.109375,6.693622304333591E-9,88000.0,0.938,0.6477272727272727,0.6477272727272727,0.4333966954233075,0.543557306504609,0.9681724845995894,0.6477272727272727,0.912,0.088,88000.0,12272.0,0.0026109931115533037,0.36932421414476757,0.6254537996321258,0.002610993111553313,88000.0,0.0,5400.0,3479.365459390548,59.0,0.0,30.0,0.0,30.0,0.0,8.0,0.0,0.0,0.0,0.0,0.0,1.0,0.0
meta.WeightedMajorityAlgorithm,ArffFileStream -f ./../../../Dataset/Synthetic_IM10/stream_gen_hyperplane.arff,1,88500.0,2.109375,6.693622304333591E-9,88500.0,0.926,0.6406398479569211,0.6406398479569211,0.4019138755980861,0.5333359729635871,0.9013429752066116,0.6406398479569211,0.902,0.098,88500.0,12272.0,0.0027111213892052335,0.3451385968350023,0.6494391603865872,0.0027111213892052418,88500.0,0.0,5400.0,3479.365459390548,59.0,0.0,30.0,0.0,30.0,0.0,8.0,0.0,0.0,0.0,0.0,0.0,1.0,0.0
meta.WeightedMajorityAlgorithm,ArffFileStream -f ./../../../Dataset/Synthetic_IM10/stream_gen_hyperplane.arff,1,89000.0,2.125,6.743228166467624E-9,89000.0,0.914,0.6238738738738738,0.6238738738738738,0.3642814902424601,0.49943661953939356,0.9233676975945018,0.6238738738738738,0.888,0.112,89000.0,12272.0,0.003010543332800775,0.34493078589468357,0.649048127439715,0.0030105433328007835,89000.0,0.0,5578.0,3598.271436861501,61.0,0.0,31.0,0.0,31.0,0.0,8.0,0.0,0.0,0.0,0.0,0.0,1.0,0.0
meta.WeightedMajorityAlgorithm,ArffFileStream -f ./../../../Dataset/Synthetic_IM10/stream_gen_hyperplane.arff,1,89500.0,2.140625,6.7928340286016565E-9,89500.0,0.912,0.6332835077229696,0.6332835077229695,0.3685419058553387,0.5240836547060449,0.834375,0.6332835077229696,0.892,0.108,89500.0,12272.0,0.0027111213892052335,0.34513859683500214,0.6494391603865873,0.002711121389205242,89500.0,0.0,5578.0,3598.271436861501,61.0,0.0,31.0,0.0,31.0,0.0,8.0,0.0,0.0,0.0,0.0,0.0,1.0,0.0
meta.WeightedMajorityAlgorithm,ArffFileStream -f ./../../../Dataset/Synthetic_IM10/stream_gen_hyperplane.arff,1,90000.0,2.15625,6.842439890735689E-9,90000.0,0.93,0.6276595744680851,0.6276595744680851,0.3831946989990131,0.5052911526399113,0.9641393442622951,0.6276595744680851,0.906,0.094,90000.0,12272.0,0.002440670945805229,0.3452321934733991,0.6496152789743455,0.002711856606450263,90000.0,0.0,5578.0,3598.271436861501,61.0,0.0,31.0,0.0,31.0,0.0,8.0,0.0,0.0,0.0,0.0,0.0,1.0,0.0
meta.WeightedMajorityAlgorithm,ArffFileStream -f ./../../../Dataset/Synthetic_IM10/stream_gen_hyperplane.arff,1,90500.0,2.15625,6.842439890735689E-9,90500.0,0.908,0.5755555555555556,0.5755555555555556,0.22818791946308725,0.3982182539484821,0.7903005464480874,0.5755555555555556,0.9,0.1,90500.0,12272.0,0.002528653955663632,0.3219096281022178,0.6730330639864549,0.0025286539556636403,90500.0,0.0,5578.0,3598.271436861501,61.0,0.0,31.0,0.0,31.0,0.0,8.0,0.0,0.0,0.0,0.0,0.0,1.0,0.0
meta.WeightedMajorityAlgorithm,ArffFileStream -f ./../../../Dataset/Synthetic_IM10/stream_gen_hyperplane.arff,1,91000.0,2.171875,6.892045752869722E-9,91000.0,0.902,0.5701754385964912,0.5701754385964912,0.22438900848423451,0.3746343246326776,0.9502032520325203,0.5701754385964912,0.886,0.114,91000.0,12272.0,0.0025286539556636308,0.3219096281022176,0.6730330639864551,0.0025286539556636394,91000.0,0.0,5578.0,3598.271436861501,61.0,0.0,31.0,0.0,31.0,0.0,8.0,0.0,0.0,0.0,0.0,0.0,1.0,0.0
meta.WeightedMajorityAlgorithm,ArffFileStream -f ./../../../Dataset/Synthetic_IM10/stream_gen_hyperplane.arff,1,91500.0,2.1875,6.941651615003755E-9,91500.0,0.914,0.5877777777777777,0.5877777777777777,0.2687074829931973,0.42332020977033447,0.8671686187023611,0.5877777777777777,0.9,0.1,91500.0,12272.0,0.0022763641738245354,0.3219910484960644,0.6732032938036394,0.0025292935264717145,91500.0,0.0,6112.0,3954.989422657579,67.0,0.0,34.0,0.0,34.0,0.0,8.0,0.0,0.0,0.0,0.0,0.0,1.0,0.0
meta.WeightedMajorityAlgorithm,ArffFileStream -f ./../../../Dataset/Synthetic_IM10/stream_gen_hyperplane.arff,1,92000.0,2.203125,6.991257477137788E-9,92000.0,0.928,0.6184638958054013,0.6184638958054013,0.3547462001720677,0.4884707931527368,0.9224726775956285,0.6184638958054013,0.908,0.092,92000.0,12272.0,0.002276940078804684,0.3220725100875465,0.6733736097548441,0.0022769400788046935,92000.0,0.0,6112.0,3954.989422657579,67.0,0.0,34.0,0.0,34.0,0.0,8.0,0.0,0.0,0.0,0.0,0.0,1.0,0.0
meta.WeightedMajorityAlgorithm,ArffFileStream -f ./../../../Dataset/Synthetic_IM10/stream_gen_hyperplane.arff,1,92500.0,2.203125,6.991257477137788E-9,92500.0,0.916,0.5637958532695375,0.5637958532695375,0.19601837672281777,0.3676512805836973,0.7612244897959184,0.5637958532695375,0.912,0.088,92500.0,12272.0,0.0028434357132805055,0.23749693944192035,0.7568161891315187,0.002843435713280519,92500.0,0.0,6112.0,3954.989422657579,67.0,0.0,34.0,0.0,34.0,0.0,8.0,0.0,0.0,0.0,0.0,0.0,1.0,0.0
meta.WeightedMajorityAlgorithm,ArffFileStream -f ./../../../Dataset/Synthetic_IM10/stream_gen_hyperplane.arff,1,93000.0,2.21875,7.040863339271821E-9,93000.0,0.926,0.5898125996810207,0.5898125996810206,0.2803796483584876,0.4259336306694357,0.9077845666440371,0.5898125996810207,0.912,0.088,93000.0,12272.0,0.0026933892635337756,0.2777337827169023,0.7168794387560302,0.002693389263533789,93000.0,0.0,6112.0,3954.989422657579,67.0,0.0,34.0,0.0,34.0,0.0,8.0,0.0,0.0,0.0,0.0,0.0,1.0,0.0
meta.WeightedMajorityAlgorithm,ArffFileStream -f ./../../../Dataset/Synthetic_IM10/stream_gen_hyperplane.arff,1,93500.0,2.234375,7.090469201405854E-9,93500.0,0.92,0.5935371753323,0.5935371753323,0.28484588428806407,0.4366279125945153,0.8702361033649377,0.5935371753323,0.906,0.094,93500.0,12272.0,0.002902983786727528,0.29934650708299393,0.6953990922630293,0.002351416867249309,93500.0,0.0,6112.0,3954.989422657579,67.0,0.0,34.0,0.0,34.0,0.0,8.0,0.0,0.0,0.0,0.0,0.0,1.0,0.0
meta.WeightedMajorityAlgorithm,ArffFileStream -f ./../../../Dataset/Synthetic_IM10/stream_gen_hyperplane.arff,1,94000.0,2.234375,7.090469201405854E-9,94000.0,0.926,0.6027760449157828,0.6027760449157828,0.2994547106937292,0.46088417561384537,0.8122729426630864,0.6027760449157828,0.916,0.084,94000.0,12272.0,0.0023520996779722875,0.2994334321228596,0.6956010241125322,0.00261344408663589,94000.0,0.0,6112.0,3954.989422657579,67.0,0.0,34.0,0.0,34.0,0.0,8.0,0.0,0.0,0.0,0.0,0.0,1.0,0.0
meta.WeightedMajorityAlgorithm,ArffFileStream -f ./../../../Dataset/Synthetic_IM10/stream_gen_hyperplane.arff,1,94500.0,2.25,7.140075063539887E-9,94500.0,0.93,0.6311355311355311,0.6311355311355311,0.3803116147308782,0.5152615893839803,0.894620811287478,0.6311355311355311,0.91,0.09,94500.0,12272.0,0.0027111213892052253,0.3451385968350026,0.6494391603865869,0.002711121389205233,94500.0,0.0,6112.0,3954.989422657579,67.0,0.0,34.0,0.0,34.0,0.0,8.0,0.0,0.0,0.0,0.0,0.0,1.0,0.0
meta.WeightedMajorityAlgorithm,ArffFileStream -f ./../../../Dataset/Synthetic_IM10/stream_gen_hyperplane.arff,1,95000.0,2.25,7.140075063539887E-9,95000.0,0.946,0.625,0.625,0.38220757825370677,0.5,0.9725050916496945,0.625,0.928,0.072,95000.0,12272.0,0.0027118566064502454,0.3452321934733996,0.649615278974345,0.0024406709458052287,95000.0,0.0,6112.0,3954.989422657579,67.0,0.0,34.0,0.0,34.0,0.0,8.0,0.0,0.0,0.0,0.0,0.0,1.0,0.0
meta.WeightedMajorityAlgorithm,ArffFileStream -f ./../../../Dataset/Synthetic_IM10/stream_gen_hyperplane.arff,1,95500.0,2.265625,7.1896809256739196E-9,95500.0,0.934,0.5875,0.5875,0.2807323452484743,0.4183300132670378,0.9665314401622718,0.5875,0.92,0.08,95500.0,12272.0,0.002528653955663626,0.32190962810221807,0.6730330639864546,0.002528653955663633,95500.0,0.0,6112.0,3954.989422657579,67.0,0.0,34.0,0.0,34.0,0.0,8.0,0.0,0.0,0.0,0.0,0.0,1.0,0.0
meta.WeightedMajorityAlgorithm,ArffFileStream -f ./../../../Dataset/Synthetic_IM10/stream_gen_hyperplane.arff,1,96000.0,2.28125,7.2392867878079525E-9,96000.0,0.926,0.6063829787234043,0.6063829787234043,0.32873730043541366,0.46126560401444255,0.9622448979591837,0.6063829787234043,0.906,0.094,96000.0,12272.0,0.0025286539556636264,0.32190962810221807,0.6730330639864548,0.002528653955663635,96000.0,0.0,6112.0,3954.989422657579,67.0,0.0,34.0,0.0,34.0,0.0,8.0,0.0,0.0,0.0,0.0,0.0,1.0,0.0
meta.WeightedMajorityAlgorithm,ArffFileStream -f ./../../../Dataset/Synthetic_IM10/stream_gen_hyperplane.arff,1,96500.0,2.28125,7.2392867878079525E-9,96500.0,0.906,0.590573489010989,0.5905734890109889,0.26424546023794615,0.4360749948104123,0.7900343642611684,0.590573489010989,0.896,0.104,96500.0,12272.0,0.002528653955663626,0.32190962810221807,0.6730330639864546,0.002528653955663635,96500.0,0.0,6112.0,3954.989422657579,67.0,0.0,34.0,0.0,34.0,0.0,8.0,0.0,0.0,0.0,0.0,0.0,1.0,0.0
meta.WeightedMajorityAlgorithm,ArffFileStream -f ./../../../Dataset/Synthetic_IM10/stream_gen_hyperplane.arff,1,97000.0,2.296875,7.288892649941985E-9,97000.0,0.92,0.5840026302193415,0.5840026302193415,0.2634602636812256,0.41211287329714863,0.9047295768273365,0.5840026302193415,0.906,0.094,97000.0,12272.0,0.002528653955663626,0.321909628102218,0.6730330639864547,0.002528653955663637,97000.0,0.0,6112.0,3954.989422657579,67.0,0.0,34.0,0.0,34.0,0.0,8.0,0.0,0.0,0.0,0.0,0.0,1.0,0.0
meta.WeightedMajorityAlgorithm,ArffFileStream -f ./../../../Dataset/Synthetic_IM10/stream_gen_hyperplane.arff,1,97500.0,2.296875,7.288892649941985E-9,97500.0,0.926,0.5717391304347826,0.5717391304347825,0.2220353238015139,0.3860333394027448,0.7987101154107263,0.5717391304347826,0.92,0.08,97500.0,12272.0,0.0025286539556636264,0.32190962810221807,0.6730330639864548,0.002528653955663637,97500.0,0.0,6290.0,4073.895433120492,69.0,0.0,35.0,0.0,35.0,0.0,8.0,0.0,0.0,0.0,0.0,0.0,1.0,0.0
meta.WeightedMajorityAlgorithm,ArffFileStream -f ./../../../Dataset/Synthetic_IM10/stream_gen_hyperplane.arff,1,98000.0,2.3125,7.338498512076018E-9,98000.0,0.908,0.5661916208791209,0.5661916208791209,0.21146461876028524,0.36648997782497933,0.8917682926829269,0.5661916208791209,0.896,0.104,98000.0,12272.0,0.002610993111553298,0.3693242141447683,0.6254537996321252,0.002610993111553309,98000.0,0.0,6290.0,4073.895433120492,69.0,0.0,35.0,0.0,35.0,0.0,8.0,0.0,0.0,0.0,0.0,0.0,1.0,0.0
meta.WeightedMajorityAlgorithm,ArffFileStream -f ./../../../Dataset/Synthetic_IM10/stream_gen_hyperplane.arff,1,98500.0,2.328125,7.388104374210051E-9,98500.0,0.95,0.6459858621560212,0.645985862156021,0.4253401986024274,0.5417439370309282,0.930005577244841,0.6459858621560212,0.932,0.068,98500.0,12272.0,0.002611675018101487,0.36942066962713443,0.6256171478384728,0.0023505075162913477,98500.0,0.0,6290.0,4073.895433120492,69.0,0.0,35.0,0.0,35.0,0.0,8.0,0.0,0.0,0.0,0.0,0.0,1.0,0.0
meta.WeightedMajorityAlgorithm,ArffFileStream -f ./../../../Dataset/Synthetic_IM10/stream_gen_hyperplane.arff,1,99000.0,2.328125,7.388104374210051E-9,99000.0,0.928,0.6100122100122101,0.6100122100122101,0.3335801554979637,0.4708862089017067,0.9187581334820598,0.6100122100122101,0.91,0.09,99000.0,12272.0,0.002610993111553299,0.3693242141447682,0.6254537996321252,0.002610993111553309,99000.0,0.0,6290.0,4073.895433120492,69.0,0.0,35.0,0.0,35.0,0.0,8.0,0.0,0.0,0.0,0.0,0.0,1.0,0.0
meta.WeightedMajorityAlgorithm,ArffFileStream -f ./../../../Dataset/Synthetic_IM10/stream_gen_hyperplane.arff,1,99500.0,2.34375,7.437710236344084E-9,99500.0,0.914,0.5794153581610028,0.5794153581610028,0.24614305750350632,0.40316409991609137,0.8581632653061224,0.5794153581610028,0.902,0.098,99500.0,12272.0,0.003011449942855523,0.3450346600742312,0.6492435850343433,0.002710304948569975,99500.0,0.0,6290.0,4073.895433120492,69.0,0.0,35.0,0.0,35.0,0.0,8.0,0.0,0.0,0.0,0.0,0.0,1.0,0.0
meta.WeightedMajorityAlgorithm,ArffFileStream -f ./../../../Dataset/Synthetic_IM10/stream_gen_hyperplane.arff,1,100000.0,2.359375,7.487316098478116E-9,100000.0,0.928,0.5919291639102335,0.5919291639102335,0.2864504875921668,0.4308589185147873,0.9088028965829373,0.5919291639102335,0.914,0.086,100000.0,12272.0,0.0027111213892052296,0.3451385968350028,0.6494391603865867,0.0027111213892052344,100000.0,0.0,6290.0,4073.895433120492,69.0,0.0,35.0,0.0,35.0,0.0,8.0,0.0,0.0,0.0,0.0,0.0,1.0,0.0
