Learner,stream,randomSeed,learning evaluation instances,evaluation time (cpu seconds),model cost (RAM-Hours),classified instances,Accuracy,AvgAccuracy,AUC,Kappa,G-Mean,Precision,Recall,Ratio-Class-0,Ratio-Class-1,model training instances,model serialized size (bytes)
meta.imbalanced.OnlineAdaC2 -l (trees.HoeffdingTree -e 2000000 -g 100 -c 0.01),ArffFileStream -f ./../../../Dataset/Synthetic_IM05/stream_gen_RBF_drift.arff,1,500.0,0.265625,2.2209456397427453E-10,500.0,0.914,0.5453325380256486,0.5453325380256486,0.07820270965529069,0.3679689298207807,0.534503631961259,0.5453325380256486,0.958,0.042,500.0,3232.0
meta.imbalanced.OnlineAdaC2 -l (trees.HoeffdingTree -e 2000000 -g 100 -c 0.01),ArffFileStream -f ./../../../Dataset/Synthetic_IM05/stream_gen_RBF_drift.arff,1,1000.0,0.453125,3.7886719736788006E-10,1000.0,0.856,0.7295549638645873,0.7295549638645873,0.21149465568599965,0.7162595669251948,0.5749131082423039,0.7295549638645873,0.956,0.044,1000.0,3232.0
meta.imbalanced.OnlineAdaC2 -l (trees.HoeffdingTree -e 2000000 -g 100 -c 0.01),ArffFileStream -f ./../../../Dataset/Synthetic_IM05/stream_gen_RBF_drift.arff,1,1500.0,0.640625,5.356398307614856E-10,1500.0,0.832,0.5968992248062015,0.5968992248062015,0.10543130990415335,0.5355573782764612,0.5388235294117647,0.5968992248062015,0.946,0.054,1500.0,3232.0
meta.imbalanced.OnlineAdaC2 -l (trees.HoeffdingTree -e 2000000 -g 100 -c 0.01),ArffFileStream -f ./../../../Dataset/Synthetic_IM05/stream_gen_RBF_drift.arff,1,2000.0,0.78125,6.532193058066897E-10,2000.0,0.87,0.7042105263157895,0.7042105263157895,0.22985781990521326,0.679690331966272,0.5846599636922217,0.7042105263157895,0.95,0.05,2000.0,3232.0
meta.imbalanced.OnlineAdaC2 -l (trees.HoeffdingTree -e 2000000 -g 100 -c 0.01),ArffFileStream -f ./../../../Dataset/Synthetic_IM05/stream_gen_RBF_drift.arff,1,2500.0,0.890625,7.446700086196263E-10,2500.0,0.938,0.6897362949994529,0.6897362949994529,0.30914601533250136,0.6352521118819746,0.6312046004842615,0.6897362949994529,0.962,0.038,2500.0,3232.0
meta.imbalanced.OnlineAdaC2 -l (trees.HoeffdingTree -e 2000000 -g 100 -c 0.01),ArffFileStream -f ./../../../Dataset/Synthetic_IM05/stream_gen_RBF_drift.arff,1,3000.0,0.96875,8.099919392002953E-10,3000.0,0.96,0.8056295169265881,0.8056295169265881,0.5624781239061953,0.787647116557038,0.7607919506653684,0.8056295169265881,0.956,0.044,3000.0,3232.0
meta.imbalanced.OnlineAdaC2 -l (trees.HoeffdingTree -e 2000000 -g 100 -c 0.01),ArffFileStream -f ./../../../Dataset/Synthetic_IM05/stream_gen_RBF_drift.arff,1,3500.0,1.0625,8.88378255897098E-10,3500.0,0.964,0.779078673815516,0.779078673815516,0.5312988230392668,0.7529349511048422,0.7535540312158266,0.779078673815516,0.962,0.038,3500.0,3232.0
meta.imbalanced.OnlineAdaC2 -l (trees.HoeffdingTree -e 2000000 -g 100 -c 0.01),ArffFileStream -f ./../../../Dataset/Synthetic_IM05/stream_gen_RBF_drift.arff,1,4000.0,1.125,9.40635800361633E-10,4000.0,0.96,0.8273107645492582,0.8273107645492582,0.5792662403231236,0.8144169752094557,0.7604418886198547,0.8273107645492582,0.956,0.044,4000.0,3232.0
meta.imbalanced.OnlineAdaC2 -l (trees.HoeffdingTree -e 2000000 -g 100 -c 0.01),ArffFileStream -f ./../../../Dataset/Synthetic_IM05/stream_gen_RBF_drift.arff,1,4500.0,1.21875,1.019022117058436E-9,4500.0,0.936,0.843943309059588,0.8439433090595881,0.5233839737861186,0.83760941900079,0.7145299145299145,0.843943309059588,0.946,0.054,4500.0,3232.0
meta.imbalanced.OnlineAdaC2 -l (trees.HoeffdingTree -e 2000000 -g 100 -c 0.01),ArffFileStream -f ./../../../Dataset/Synthetic_IM05/stream_gen_RBF_drift.arff,1,5000.0,1.328125,1.1104728198713725E-9,5000.0,0.944,0.8671953331510346,0.8671953331510345,0.5350999535099954,0.8630601639489394,0.7140655720282693,0.8671953331510346,0.954,0.046,5000.0,3232.0
meta.imbalanced.OnlineAdaC2 -l (trees.HoeffdingTree -e 2000000 -g 100 -c 0.01),ArffFileStream -f ./../../../Dataset/Synthetic_IM05/stream_gen_RBF_drift.arff,1,5500.0,1.40625,1.1757947504520416E-9,5500.0,0.946,0.9067135793077216,0.9067135793077217,0.55893883951908,0.9056897197114602,0.7176479568469798,0.9067135793077216,0.956,0.044,5500.0,3232.0
meta.imbalanced.OnlineAdaC2 -l (trees.HoeffdingTree -e 2000000 -g 100 -c 0.01),ArffFileStream -f ./../../../Dataset/Synthetic_IM05/stream_gen_RBF_drift.arff,1,6000.0,1.5,1.2541810671488444E-9,6000.0,0.926,0.7928268765133173,0.7928268765133172,0.45556209535020603,0.7785136704701845,0.689010989010989,0.7928268765133173,0.944,0.056,6000.0,3232.0
meta.imbalanced.OnlineAdaC2 -l (trees.HoeffdingTree -e 2000000 -g 100 -c 0.01),ArffFileStream -f ./../../../Dataset/Synthetic_IM05/stream_gen_RBF_drift.arff,1,6500.0,1.59375,1.3325673838456472E-9,6500.0,0.958,0.9097822845213241,0.9097822845213241,0.6109381947532236,0.9082581658945361,0.7467672413793103,0.9097822845213241,0.958,0.042,6500.0,3232.0
meta.imbalanced.OnlineAdaC2 -l (trees.HoeffdingTree -e 2000000 -g 100 -c 0.01),ArffFileStream -f ./../../../Dataset/Synthetic_IM05/stream_gen_RBF_drift.arff,1,7000.0,1.734375,1.4501468588908514E-9,7000.0,0.902,0.8447078544061303,0.8447078544061302,0.48455777160649666,0.8420520911071542,0.6936178082652409,0.8447078544061303,0.928,0.072,7000.0,3232.0
meta.imbalanced.OnlineAdaC2 -l (trees.HoeffdingTree -e 2000000 -g 100 -c 0.01),ArffFileStream -f ./../../../Dataset/Synthetic_IM05/stream_gen_RBF_drift.arff,1,7500.0,1.828125,1.5285331755876542E-9,7500.0,0.956,0.9010526315789473,0.9010526315789474,0.6339434276206323,0.8989818802693587,0.764892374436843,0.9010526315789473,0.95,0.05,7500.0,3232.0
meta.imbalanced.OnlineAdaC2 -l (trees.HoeffdingTree -e 2000000 -g 100 -c 0.01),ArffFileStream -f ./../../../Dataset/Synthetic_IM05/stream_gen_RBF_drift.arff,1,8000.0,1.9375,1.6199838784005908E-9,8000.0,0.938,0.8764199935086011,0.8764199935086011,0.544867277425417,0.8737210711800153,0.7178854915222395,0.8764199935086011,0.948,0.052,8000.0,3232.0
meta.imbalanced.OnlineAdaC2 -l (trees.HoeffdingTree -e 2000000 -g 100 -c 0.01),ArffFileStream -f ./../../../Dataset/Synthetic_IM05/stream_gen_RBF_drift.arff,1,8500.0,2.0625,1.7244989673296612E-9,8500.0,0.938,0.8158044883986306,0.8158044883986307,0.4615063924402446,0.8047264336035455,0.6847155014183214,0.8158044883986306,0.956,0.044,8500.0,3232.0
meta.imbalanced.OnlineAdaC2 -l (trees.HoeffdingTree -e 2000000 -g 100 -c 0.01),ArffFileStream -f ./../../../Dataset/Synthetic_IM05/stream_gen_RBF_drift.arff,1,9000.0,2.15625,1.802885284026464E-9,9000.0,0.934,0.8894736842105263,0.8894736842105263,0.5285714285714286,0.8880967230396046,0.7055555555555556,0.8894736842105263,0.95,0.05,9000.0,3232.0
meta.imbalanced.OnlineAdaC2 -l (trees.HoeffdingTree -e 2000000 -g 100 -c 0.01),ArffFileStream -f ./../../../Dataset/Synthetic_IM05/stream_gen_RBF_drift.arff,1,9500.0,2.203125,1.8420784423748653E-9,9500.0,0.96,0.8886880165289256,0.8886880165289256,0.5462794918330308,0.8854161602656143,0.7134751773049646,0.8886880165289256,0.968,0.032,9500.0,3232.0
meta.imbalanced.OnlineAdaC2 -l (trees.HoeffdingTree -e 2000000 -g 100 -c 0.01),ArffFileStream -f ./../../../Dataset/Synthetic_IM05/stream_gen_RBF_drift.arff,1,10000.0,2.28125,1.907400372955534E-9,10000.0,0.95,0.9020833333333333,0.9020833333333333,0.5526127415891195,0.9005785177688099,0.7146949218532732,0.9020833333333333,0.96,0.04,10000.0,3232.0
meta.imbalanced.OnlineAdaC2 -l (trees.HoeffdingTree -e 2000000 -g 100 -c 0.01),ArffFileStream -f ./../../../Dataset/Synthetic_IM05/stream_gen_RBF_drift.arff,1,10500.0,2.34375,1.9596579174200692E-9,10500.0,0.958,0.9210526315789473,0.9210526315789473,0.6557377049180327,0.9201372895274635,0.7717391304347827,0.9210526315789473,0.95,0.05,10500.0,3232.0
meta.imbalanced.OnlineAdaC2 -l (trees.HoeffdingTree -e 2000000 -g 100 -c 0.01),ArffFileStream -f ./../../../Dataset/Synthetic_IM05/stream_gen_RBF_drift.arff,1,11000.0,2.40625,2.0119154618846043E-9,11000.0,0.952,0.9098030602533128,0.9098030602533128,0.6510613550450712,0.9085499791679161,0.7733821733821734,0.9098030602533128,0.942,0.058,11000.0,3232.0
meta.imbalanced.OnlineAdaC2 -l (trees.HoeffdingTree -e 2000000 -g 100 -c 0.01),ArffFileStream -f ./../../../Dataset/Synthetic_IM05/stream_gen_RBF_drift.arff,1,11500.0,2.5,2.090301778581407E-9,11500.0,0.966,0.8954925827310765,0.8954925827310763,0.6618395926161681,0.8921490970746891,0.7860581883210676,0.8954925827310765,0.956,0.044,11500.0,3232.0
meta.imbalanced.OnlineAdaC2 -l (trees.HoeffdingTree -e 2000000 -g 100 -c 0.01),ArffFileStream -f ./../../../Dataset/Synthetic_IM05/stream_gen_RBF_drift.arff,1,12000.0,2.578125,2.1556237091620758E-9,12000.0,0.954,0.9111590038314177,0.9111590038314177,0.7049163502001436,0.9097834570365181,0.8107832933616905,0.9111590038314177,0.928,0.072,12000.0,3232.0
meta.imbalanced.OnlineAdaC2 -l (trees.HoeffdingTree -e 2000000 -g 100 -c 0.01),ArffFileStream -f ./../../../Dataset/Synthetic_IM05/stream_gen_RBF_drift.arff,1,12500.0,2.65625,2.2209456397427446E-9,12500.0,0.978,0.9057059520554188,0.9057059520554189,0.7639890147614143,0.9021995827636037,0.8611652061019149,0.9057059520554188,0.954,0.046,12500.0,3232.0
meta.imbalanced.OnlineAdaC2 -l (trees.HoeffdingTree -e 2000000 -g 100 -c 0.01),ArffFileStream -f ./../../../Dataset/Synthetic_IM05/stream_gen_RBF_drift.arff,1,13000.0,2.734375,2.2862675703234135E-9,13000.0,0.974,0.8772314183706589,0.8772314183706589,0.7409945808096908,0.8705577644027767,0.8640278756557827,0.8772314183706589,0.948,0.052,13000.0,3232.0
meta.imbalanced.OnlineAdaC2 -l (trees.HoeffdingTree -e 2000000 -g 100 -c 0.01),ArffFileStream -f ./../../../Dataset/Synthetic_IM05/stream_gen_RBF_drift.arff,1,13500.0,2.890625,2.4169114314847516E-9,13500.0,0.97,0.839440342721721,0.839440342721721,0.6651187712091445,0.827033887757574,0.8259803921568627,0.839440342721721,0.954,0.046,13500.0,3232.0
meta.imbalanced.OnlineAdaC2 -l (trees.HoeffdingTree -e 2000000 -g 100 -c 0.01),ArffFileStream -f ./../../../Dataset/Synthetic_IM05/stream_gen_RBF_drift.arff,1,14000.0,3.0,2.508362134297688E-9,14000.0,0.96,0.8153197013956508,0.8153197013956508,0.6085186345129971,0.7991698873992147,0.7940375302663438,0.8153197013956508,0.948,0.052,14000.0,3232.0
meta.imbalanced.OnlineAdaC2 -l (trees.HoeffdingTree -e 2000000 -g 100 -c 0.01),ArffFileStream -f ./../../../Dataset/Synthetic_IM05/stream_gen_RBF_drift.arff,1,14500.0,3.078125,2.573684064878357E-9,14500.0,0.962,0.8978162080282757,0.8978162080282757,0.7263194284397326,0.8947376237194716,0.8349274669217281,0.8978162080282757,0.932,0.068,14500.0,3232.0
meta.imbalanced.OnlineAdaC2 -l (trees.HoeffdingTree -e 2000000 -g 100 -c 0.01),ArffFileStream -f ./../../../Dataset/Synthetic_IM05/stream_gen_RBF_drift.arff,1,15000.0,3.1875,2.6651347676912932E-9,15000.0,0.972,0.9094736842105263,0.9094736842105263,0.7353497164461248,0.9068162931231906,0.8344452850952611,0.9094736842105263,0.95,0.05,15000.0,3232.0
meta.imbalanced.OnlineAdaC2 -l (trees.HoeffdingTree -e 2000000 -g 100 -c 0.01),ArffFileStream -f ./../../../Dataset/Synthetic_IM05/stream_gen_RBF_drift.arff,1,15500.0,3.25,2.7173923121558283E-9,15500.0,0.964,0.8936653355258006,0.8936653355258006,0.6908278941944349,0.8901799409692673,0.8089093701996928,0.8936653355258006,0.946,0.054,15500.0,3232.0
meta.imbalanced.OnlineAdaC2 -l (trees.HoeffdingTree -e 2000000 -g 100 -c 0.01),ArffFileStream -f ./../../../Dataset/Synthetic_IM05/stream_gen_RBF_drift.arff,1,16000.0,3.3125,2.7696498566203634E-9,16000.0,0.958,0.91859243697479,0.91859243697479,0.6456055083029567,0.9175574994003822,0.7659769731353245,0.91859243697479,0.952,0.048,16000.0,3232.0
meta.imbalanced.OnlineAdaC2 -l (trees.HoeffdingTree -e 2000000 -g 100 -c 0.01),ArffFileStream -f ./../../../Dataset/Synthetic_IM05/stream_gen_RBF_drift.arff,1,16500.0,3.375,2.8219074010848985E-9,16500.0,0.936,0.8202457264957265,0.8202457264957265,0.5452478399272397,0.8094329026742265,0.7390350877192983,0.8202457264957265,0.936,0.064,16500.0,3232.0
meta.imbalanced.OnlineAdaC2 -l (trees.HoeffdingTree -e 2000000 -g 100 -c 0.01),ArffFileStream -f ./../../../Dataset/Synthetic_IM05/stream_gen_RBF_drift.arff,1,17000.0,3.421875,2.8611005594332998E-9,17000.0,0.958,0.8869685167153522,0.8869685167153522,0.6449824181769002,0.8834186053775224,0.7783842157492266,0.8869685167153522,0.948,0.052,17000.0,3232.0
meta.imbalanced.OnlineAdaC2 -l (trees.HoeffdingTree -e 2000000 -g 100 -c 0.01),ArffFileStream -f ./../../../Dataset/Synthetic_IM05/stream_gen_RBF_drift.arff,1,17500.0,3.515625,2.9394868761301024E-9,17500.0,0.934,0.9164287283110037,0.9164287283110037,0.579639254050749,0.9162131404748718,0.7287644787644787,0.9164287283110037,0.942,0.058,17500.0,3232.0
meta.imbalanced.OnlineAdaC2 -l (trees.HoeffdingTree -e 2000000 -g 100 -c 0.01),ArffFileStream -f ./../../../Dataset/Synthetic_IM05/stream_gen_RBF_drift.arff,1,18000.0,3.578125,2.9917444205946375E-9,18000.0,0.956,0.9404414151249594,0.9404414151249595,0.6637319638053314,0.9402810907904879,0.7705342902711323,0.9404414151249594,0.948,0.052,18000.0,3232.0
meta.imbalanced.OnlineAdaC2 -l (trees.HoeffdingTree -e 2000000 -g 100 -c 0.01),ArffFileStream -f ./../../../Dataset/Synthetic_IM05/stream_gen_RBF_drift.arff,1,18500.0,3.65625,3.0570663511753063E-9,18500.0,0.946,0.8578947368421053,0.8578947368421053,0.5573770491803278,0.8522910301065006,0.7309782608695652,0.8578947368421053,0.95,0.05,18500.0,3232.0
meta.imbalanced.OnlineAdaC2 -l (trees.HoeffdingTree -e 2000000 -g 100 -c 0.01),ArffFileStream -f ./../../../Dataset/Synthetic_IM05/stream_gen_RBF_drift.arff,1,19000.0,3.78125,3.1615814401043765E-9,19000.0,0.968,0.9004950219700762,0.9004950219700761,0.7826205097549046,0.8969359687530314,0.8826186301078698,0.9004950219700762,0.922,0.078,19000.0,3232.0
meta.imbalanced.OnlineAdaC2 -l (trees.HoeffdingTree -e 2000000 -g 100 -c 0.01),ArffFileStream -f ./../../../Dataset/Synthetic_IM05/stream_gen_RBF_drift.arff,1,19500.0,3.828125,3.200774598452778E-9,19500.0,0.934,0.866421568627451,0.866421568627451,0.503669835158224,0.8631906158060838,0.6966088957775586,0.866421568627451,0.952,0.048,19500.0,3232.0
meta.imbalanced.OnlineAdaC2 -l (trees.HoeffdingTree -e 2000000 -g 100 -c 0.01),ArffFileStream -f ./../../../Dataset/Synthetic_IM05/stream_gen_RBF_drift.arff,1,20000.0,3.953125,3.305289687381848E-9,20000.0,0.952,0.9098030602533128,0.9098030602533128,0.6510613550450712,0.9085499791679161,0.7733821733821734,0.9098030602533128,0.942,0.058,20000.0,3232.0
meta.imbalanced.OnlineAdaC2 -l (trees.HoeffdingTree -e 2000000 -g 100 -c 0.01),ArffFileStream -f ./../../../Dataset/Synthetic_IM05/stream_gen_RBF_drift.arff,1,20500.0,4.03125,3.370611617962517E-9,20500.0,0.956,0.9263014527845037,0.9263014527845036,0.6719942748091603,0.9256974989510152,0.7808014354066986,0.9263014527845037,0.944,0.056,20500.0,3232.0
meta.imbalanced.OnlineAdaC2 -l (trees.HoeffdingTree -e 2000000 -g 100 -c 0.01),ArffFileStream -f ./../../../Dataset/Synthetic_IM05/stream_gen_RBF_drift.arff,1,21000.0,4.09375,3.422869162427052E-9,21000.0,0.948,0.9388619854721549,0.938861985472155,0.6408839779005525,0.9388055880763546,0.7577777777777778,0.9388619854721549,0.944,0.056,21000.0,3232.0
meta.imbalanced.OnlineAdaC2 -l (trees.HoeffdingTree -e 2000000 -g 100 -c 0.01),ArffFileStream -f ./../../../Dataset/Synthetic_IM05/stream_gen_RBF_drift.arff,1,21500.0,4.203125,3.5143198652399883E-9,21500.0,0.97,0.8833023306707517,0.8833023306707518,0.6513573819263667,0.87830472643145,0.784242129178838,0.8833023306707517,0.962,0.038,21500.0,3232.0
meta.imbalanced.OnlineAdaC2 -l (trees.HoeffdingTree -e 2000000 -g 100 -c 0.01),ArffFileStream -f ./../../../Dataset/Synthetic_IM05/stream_gen_RBF_drift.arff,1,22000.0,4.296875,3.592706181936791E-9,22000.0,0.964,0.9184397163120568,0.9184397163120568,0.7239263803680982,0.9169793148320126,0.8206521739130435,0.9184397163120568,0.94,0.06,22000.0,3232.0
meta.imbalanced.OnlineAdaC2 -l (trees.HoeffdingTree -e 2000000 -g 100 -c 0.01),ArffFileStream -f ./../../../Dataset/Synthetic_IM05/stream_gen_RBF_drift.arff,1,22500.0,4.375,3.6580281125174598E-9,22500.0,0.952,0.8989473684210526,0.8989473684210526,0.6122778675282714,0.8970125857240624,0.7517402625006642,0.8989473684210526,0.95,0.05,22500.0,3232.0
meta.imbalanced.OnlineAdaC2 -l (trees.HoeffdingTree -e 2000000 -g 100 -c 0.01),ArffFileStream -f ./../../../Dataset/Synthetic_IM05/stream_gen_RBF_drift.arff,1,23000.0,4.46875,3.736414429214262E-9,23000.0,0.958,0.9071118032574135,0.9071118032574135,0.7050230362962131,0.9052152803521448,0.8126993620414673,0.9071118032574135,0.934,0.066,23000.0,3232.0
meta.imbalanced.OnlineAdaC2 -l (trees.HoeffdingTree -e 2000000 -g 100 -c 0.01),ArffFileStream -f ./../../../Dataset/Synthetic_IM05/stream_gen_RBF_drift.arff,1,23500.0,4.5625,3.814800745911065E-9,23500.0,0.956,0.9199999999999999,0.9199999999999999,0.6445880452342488,0.9191300234460846,0.7650247090706201,0.9199999999999999,0.95,0.05,23500.0,3232.0
meta.imbalanced.OnlineAdaC2 -l (trees.HoeffdingTree -e 2000000 -g 100 -c 0.01),ArffFileStream -f ./../../../Dataset/Synthetic_IM05/stream_gen_RBF_drift.arff,1,24000.0,4.6875,3.919315834840135E-9,24000.0,0.95,0.8727300242130751,0.8727300242130751,0.6118494596944479,0.8683812275817948,0.761756735214411,0.8727300242130751,0.944,0.056,24000.0,3232.0
meta.imbalanced.OnlineAdaC2 -l (trees.HoeffdingTree -e 2000000 -g 100 -c 0.01),ArffFileStream -f ./../../../Dataset/Synthetic_IM05/stream_gen_RBF_drift.arff,1,24500.0,4.765625,3.984637765420804E-9,24500.0,0.956,0.9571078431372549,0.9571078431372549,0.6550426492724536,0.9571070585721472,0.7602671451355663,0.9571078431372549,0.952,0.048,24500.0,3232.0
meta.imbalanced.OnlineAdaC2 -l (trees.HoeffdingTree -e 2000000 -g 100 -c 0.01),ArffFileStream -f ./../../../Dataset/Synthetic_IM05/stream_gen_RBF_drift.arff,1,25000.0,4.875,4.07608846823374E-9,25000.0,0.976,0.9269550863195544,0.9269550863195544,0.8053843658773921,0.9252627461010802,0.8814132104454686,0.9269550863195544,0.938,0.062,25000.0,3232.0
meta.imbalanced.OnlineAdaC2 -l (trees.HoeffdingTree -e 2000000 -g 100 -c 0.01),ArffFileStream -f ./../../../Dataset/Synthetic_IM05/stream_gen_RBF_drift.arff,1,25500.0,4.953125,4.141410398814409E-9,25500.0,0.956,0.9040895813047711,0.9040895813047711,0.6442432082794308,0.9022313570345238,0.7706521739130435,0.9040895813047711,0.948,0.052,25500.0,3232.0
meta.imbalanced.OnlineAdaC2 -l (trees.HoeffdingTree -e 2000000 -g 100 -c 0.01),ArffFileStream -f ./../../../Dataset/Synthetic_IM05/stream_gen_RBF_drift.arff,1,26000.0,5.03125,4.206732329395078E-9,26000.0,0.956,0.9265784002626107,0.9265784002626107,0.5863728660600135,0.9260311263706698,0.7275699025159068,0.9265784002626107,0.962,0.038,26000.0,3232.0
meta.imbalanced.OnlineAdaC2 -l (trees.HoeffdingTree -e 2000000 -g 100 -c 0.01),ArffFileStream -f ./../../../Dataset/Synthetic_IM05/stream_gen_RBF_drift.arff,1,26500.0,5.140625,4.2981830322080145E-9,26500.0,0.956,0.9430992736077481,0.9430992736077483,0.680455496165466,0.9429873708582014,0.7804060524803678,0.9430992736077481,0.944,0.056,26500.0,3232.0
meta.imbalanced.OnlineAdaC2 -l (trees.HoeffdingTree -e 2000000 -g 100 -c 0.01),ArffFileStream -f ./../../../Dataset/Synthetic_IM05/stream_gen_RBF_drift.arff,1,27000.0,5.234375,4.376569348904817E-9,27000.0,0.96,0.9552083333333333,0.9552083333333333,0.636098981077147,0.9551941338457504,0.748917748917749,0.9552083333333333,0.96,0.04,27000.0,3232.0
meta.imbalanced.OnlineAdaC2 -l (trees.HoeffdingTree -e 2000000 -g 100 -c 0.01),ArffFileStream -f ./../../../Dataset/Synthetic_IM05/stream_gen_RBF_drift.arff,1,27500.0,5.328125,4.45495566560162E-9,27500.0,0.966,0.9139576498657918,0.9139576498657919,0.6621084433137224,0.9121900378079402,0.7780448717948718,0.9139576498657918,0.958,0.042,27500.0,3232.0
meta.imbalanced.OnlineAdaC2 -l (trees.HoeffdingTree -e 2000000 -g 100 -c 0.01),ArffFileStream -f ./../../../Dataset/Synthetic_IM05/stream_gen_RBF_drift.arff,1,28000.0,5.40625,4.520277596182289E-9,28000.0,0.956,0.898581560283688,0.8985815602836879,0.6714456391875747,0.8962095119790362,0.7921605323352048,0.898581560283688,0.94,0.06,28000.0,3232.0
meta.imbalanced.OnlineAdaC2 -l (trees.HoeffdingTree -e 2000000 -g 100 -c 0.01),ArffFileStream -f ./../../../Dataset/Synthetic_IM05/stream_gen_RBF_drift.arff,1,28500.0,5.453125,4.55947075453069E-9,28500.0,0.962,0.9457671957671958,0.9457671957671957,0.5608357988165681,0.9456108576893003,0.7086113212738152,0.9457671957671958,0.972,0.028,28500.0,3232.0
meta.imbalanced.OnlineAdaC2 -l (trees.HoeffdingTree -e 2000000 -g 100 -c 0.01),ArffFileStream -f ./../../../Dataset/Synthetic_IM05/stream_gen_RBF_drift.arff,1,29000.0,5.53125,4.624792685111359E-9,29000.0,0.962,0.9173758865248227,0.9173758865248227,0.7124697336561744,0.9159733032128075,0.8127158722567618,0.9173758865248227,0.94,0.06,29000.0,3232.0
meta.imbalanced.OnlineAdaC2 -l (trees.HoeffdingTree -e 2000000 -g 100 -c 0.01),ArffFileStream -f ./../../../Dataset/Synthetic_IM05/stream_gen_RBF_drift.arff,1,29500.0,5.578125,4.66398584345976E-9,29500.0,0.962,0.9802904564315353,0.9802904564315353,0.6369611739529196,0.9800922981347576,0.7432432432432432,0.9802904564315353,0.964,0.036,29500.0,3232.0
meta.imbalanced.OnlineAdaC2 -l (trees.HoeffdingTree -e 2000000 -g 100 -c 0.01),ArffFileStream -f ./../../../Dataset/Synthetic_IM05/stream_gen_RBF_drift.arff,1,30000.0,5.65625,4.729307774040429E-9,30000.0,0.952,0.88,0.88,0.6006655574043261,0.8763560920082658,0.7509872629178486,0.88,0.95,0.05,30000.0,3232.0
meta.imbalanced.OnlineAdaC2 -l (trees.HoeffdingTree -e 2000000 -g 100 -c 0.01),ArffFileStream -f ./../../../Dataset/Synthetic_IM05/stream_gen_RBF_drift.arff,1,30500.0,5.71875,4.781565318504964E-9,30500.0,0.948,0.9273287603141465,0.9273287603141465,0.5694508842816454,0.9270541336600878,0.7187420487506997,0.9273287603141465,0.958,0.042,30500.0,3232.0
meta.imbalanced.OnlineAdaC2 -l (trees.HoeffdingTree -e 2000000 -g 100 -c 0.01),ArffFileStream -f ./../../../Dataset/Synthetic_IM05/stream_gen_RBF_drift.arff,1,31000.0,5.796875,4.846887249085633E-9,31000.0,0.972,0.894352482960078,0.8943524829600779,0.735249621785174,0.8901440208187751,0.8446808510638297,0.894352482960078,0.948,0.052,31000.0,3232.0
meta.imbalanced.OnlineAdaC2 -l (trees.HoeffdingTree -e 2000000 -g 100 -c 0.01),ArffFileStream -f ./../../../Dataset/Synthetic_IM05/stream_gen_RBF_drift.arff,1,31500.0,5.84375,4.886080407434034E-9,31500.0,0.964,0.8854166666666667,0.8854166666666666,0.6218487394957983,0.8812869377601524,0.7624113475177305,0.8854166666666667,0.96,0.04,31500.0,3232.0
meta.imbalanced.OnlineAdaC2 -l (trees.HoeffdingTree -e 2000000 -g 100 -c 0.01),ArffFileStream -f ./../../../Dataset/Synthetic_IM05/stream_gen_RBF_drift.arff,1,32000.0,5.921875,4.951402338014703E-9,32000.0,0.958,0.912987773629109,0.912987773629109,0.682434067263489,0.9115667555240834,0.7932522353919733,0.912987773629109,0.942,0.058,32000.0,3232.0
meta.imbalanced.OnlineAdaC2 -l (trees.HoeffdingTree -e 2000000 -g 100 -c 0.01),ArffFileStream -f ./../../../Dataset/Synthetic_IM05/stream_gen_RBF_drift.arff,1,32500.0,6.03125,5.042853040827639E-9,32500.0,0.962,0.84156162464986,0.84156162464986,0.6216345387924168,0.8309489698388166,0.7856724503990042,0.84156162464986,0.952,0.048,32500.0,3232.0
meta.imbalanced.OnlineAdaC2 -l (trees.HoeffdingTree -e 2000000 -g 100 -c 0.01),ArffFileStream -f ./../../../Dataset/Synthetic_IM05/stream_gen_RBF_drift.arff,1,33000.0,6.125,5.121239357524442E-9,33000.0,0.95,0.8154761904761905,0.8154761904761906,0.5355922128102244,0.8017837257372731,0.733858931931737,0.8154761904761905,0.952,0.048,33000.0,3232.0
meta.imbalanced.OnlineAdaC2 -l (trees.HoeffdingTree -e 2000000 -g 100 -c 0.01),ArffFileStream -f ./../../../Dataset/Synthetic_IM05/stream_gen_RBF_drift.arff,1,33500.0,6.234375,5.212690060337378E-9,33500.0,0.95,0.8373098717566358,0.8373098717566358,0.5205584535133476,0.8282227224724542,0.7141504670537743,0.8373098717566358,0.958,0.042,33500.0,3232.0
meta.imbalanced.OnlineAdaC2 -l (trees.HoeffdingTree -e 2000000 -g 100 -c 0.01),ArffFileStream -f ./../../../Dataset/Synthetic_IM05/stream_gen_RBF_drift.arff,1,34000.0,6.359375,5.3172051492664486E-9,34000.0,0.964,0.8776775134445356,0.8776775134445356,0.6480800813326034,0.8725134597756906,0.784992090240044,0.8776775134445356,0.954,0.046,34000.0,3232.0
meta.imbalanced.OnlineAdaC2 -l (trees.HoeffdingTree -e 2000000 -g 100 -c 0.01),ArffFileStream -f ./../../../Dataset/Synthetic_IM05/stream_gen_RBF_drift.arff,1,34500.0,6.453125,5.395591465963251E-9,34500.0,0.94,0.9010290556900726,0.9010290556900726,0.585635359116022,0.8999596439701163,0.7355555555555555,0.9010290556900726,0.944,0.056,34500.0,3232.0
meta.imbalanced.OnlineAdaC2 -l (trees.HoeffdingTree -e 2000000 -g 100 -c 0.01),ArffFileStream -f ./../../../Dataset/Synthetic_IM05/stream_gen_RBF_drift.arff,1,35000.0,6.53125,5.46091339654392E-9,35000.0,0.974,0.9538399590013911,0.9538399590013911,0.7923057259713702,0.9535672905679576,0.8530986557302347,0.9538399590013911,0.942,0.058,35000.0,3232.0
meta.imbalanced.OnlineAdaC2 -l (trees.HoeffdingTree -e 2000000 -g 100 -c 0.01),ArffFileStream -f ./../../../Dataset/Synthetic_IM05/stream_gen_RBF_drift.arff,1,35500.0,6.59375,5.513170941008455E-9,35500.0,0.962,0.9235781269029351,0.9235781269029351,0.5942251836664958,0.9226575965954827,0.7322382478632479,0.9235781269029351,0.966,0.034,35500.0,3232.0
meta.imbalanced.OnlineAdaC2 -l (trees.HoeffdingTree -e 2000000 -g 100 -c 0.01),ArffFileStream -f ./../../../Dataset/Synthetic_IM05/stream_gen_RBF_drift.arff,1,36000.0,6.671875,5.578492871589124E-9,36000.0,0.958,0.8988095238095238,0.8988095238095238,0.6344520261801977,0.8964214570007952,0.7659506158426245,0.8988095238095238,0.952,0.048,36000.0,3232.0
meta.imbalanced.OnlineAdaC2 -l (trees.HoeffdingTree -e 2000000 -g 100 -c 0.01),ArffFileStream -f ./../../../Dataset/Synthetic_IM05/stream_gen_RBF_drift.arff,1,36500.0,6.765625,5.656879188285927E-9,36500.0,0.956,0.8760258233942444,0.8760258233942445,0.5554837145397236,0.8717396230849475,0.7229900720264746,0.8760258233942444,0.962,0.038,36500.0,3232.0
meta.imbalanced.OnlineAdaC2 -l (trees.HoeffdingTree -e 2000000 -g 100 -c 0.01),ArffFileStream -f ./../../../Dataset/Synthetic_IM05/stream_gen_RBF_drift.arff,1,37000.0,6.84375,5.7222011188665954E-9,37000.0,0.97,0.9409471281856219,0.9409471281856219,0.7120700245700246,0.9404077197395599,0.8008889754071766,0.9409471281856219,0.956,0.044,37000.0,3232.0
meta.imbalanced.OnlineAdaC2 -l (trees.HoeffdingTree -e 2000000 -g 100 -c 0.01),ArffFileStream -f ./../../../Dataset/Synthetic_IM05/stream_gen_RBF_drift.arff,1,37500.0,6.921875,5.787523049447264E-9,37500.0,0.95,0.9143907563025211,0.9143907563025211,0.6023667133223056,0.9135419112057267,0.7409037708004682,0.9143907563025211,0.952,0.048,37500.0,3232.0
meta.imbalanced.OnlineAdaC2 -l (trees.HoeffdingTree -e 2000000 -g 100 -c 0.01),ArffFileStream -f ./../../../Dataset/Synthetic_IM05/stream_gen_RBF_drift.arff,1,38000.0,7.0,5.852844980027933E-9,38000.0,0.962,0.9514956849003958,0.9514956849003958,0.7455266259509268,0.9514187228238523,0.8207042772861357,0.9514956849003958,0.934,0.066,38000.0,3232.0
meta.imbalanced.OnlineAdaC2 -l (trees.HoeffdingTree -e 2000000 -g 100 -c 0.01),ArffFileStream -f ./../../../Dataset/Synthetic_IM05/stream_gen_RBF_drift.arff,1,38500.0,7.078125,5.918166910608602E-9,38500.0,0.956,0.8734846413271352,0.8734846413271351,0.5983935742971888,0.8687444855261388,0.7517665130568356,0.8734846413271352,0.954,0.046,38500.0,3232.0
meta.imbalanced.OnlineAdaC2 -l (trees.HoeffdingTree -e 2000000 -g 100 -c 0.01),ArffFileStream -f ./../../../Dataset/Synthetic_IM05/stream_gen_RBF_drift.arff,1,39000.0,7.15625,5.983488841189271E-9,39000.0,0.962,0.9584442753898821,0.9584442753898821,0.6699555308504724,0.9584363454208418,0.7681461705322876,0.9584442753898821,0.956,0.044,39000.0,3232.0
meta.imbalanced.OnlineAdaC2 -l (trees.HoeffdingTree -e 2000000 -g 100 -c 0.01),ArffFileStream -f ./../../../Dataset/Synthetic_IM05/stream_gen_RBF_drift.arff,1,39500.0,7.234375,6.04881077176994E-9,39500.0,0.98,0.9177083333333333,0.9177083333333333,0.7623574144486692,0.9152071714462615,0.8510154061624651,0.9177083333333333,0.96,0.04,39500.0,3232.0
meta.imbalanced.OnlineAdaC2 -l (trees.HoeffdingTree -e 2000000 -g 100 -c 0.01),ArffFileStream -f ./../../../Dataset/Synthetic_IM05/stream_gen_RBF_drift.arff,1,40000.0,7.296875,6.101068316234475E-9,40000.0,0.964,0.9054955636563725,0.9054955636563725,0.7237738628690689,0.9030292692935861,0.8279103398409255,0.9054955636563725,0.938,0.062,40000.0,3232.0
meta.imbalanced.OnlineAdaC2 -l (trees.HoeffdingTree -e 2000000 -g 100 -c 0.01),ArffFileStream -f ./../../../Dataset/Synthetic_IM05/stream_gen_RBF_drift.arff,1,40500.0,7.4375,6.218647791279679E-9,40500.0,0.956,0.9222654982148653,0.9222654982148653,0.6542620065375911,0.9214966728878948,0.7705344146392181,0.9222654982148653,0.948,0.052,40500.0,3232.0
meta.imbalanced.OnlineAdaC2 -l (trees.HoeffdingTree -e 2000000 -g 100 -c 0.01),ArffFileStream -f ./../../../Dataset/Synthetic_IM05/stream_gen_RBF_drift.arff,1,41000.0,7.515625,6.2839697218603476E-9,41000.0,0.974,0.9269957983193278,0.9269957983193278,0.7501153313855143,0.9255364104446802,0.8355113831762844,0.9269957983193278,0.952,0.048,41000.0,3232.0
meta.imbalanced.OnlineAdaC2 -l (trees.HoeffdingTree -e 2000000 -g 100 -c 0.01),ArffFileStream -f ./../../../Dataset/Synthetic_IM05/stream_gen_RBF_drift.arff,1,41500.0,7.578125,6.336227266324883E-9,41500.0,0.972,0.9855072463768115,0.9855072463768115,0.6949359365466748,0.9854006762498304,0.7741935483870968,0.9855072463768115,0.966,0.034,41500.0,3232.0
meta.imbalanced.OnlineAdaC2 -l (trees.HoeffdingTree -e 2000000 -g 100 -c 0.01),ArffFileStream -f ./../../../Dataset/Synthetic_IM05/stream_gen_RBF_drift.arff,1,42000.0,7.640625,6.388484810789418E-9,42000.0,0.96,0.8405112044817927,0.8405112044817927,0.6087636932707355,0.8300530677240433,0.775886524822695,0.8405112044817927,0.952,0.048,42000.0,3232.0
meta.imbalanced.OnlineAdaC2 -l (trees.HoeffdingTree -e 2000000 -g 100 -c 0.01),ArffFileStream -f ./../../../Dataset/Synthetic_IM05/stream_gen_RBF_drift.arff,1,42500.0,7.703125,6.440742355253953E-9,42500.0,0.96,0.897869536569295,0.897869536569295,0.6849202848320625,0.8951144945029508,0.8022693141998999,0.897869536569295,0.942,0.058,42500.0,3232.0
meta.imbalanced.OnlineAdaC2 -l (trees.HoeffdingTree -e 2000000 -g 100 -c 0.01),ArffFileStream -f ./../../../Dataset/Synthetic_IM05/stream_gen_RBF_drift.arff,1,43000.0,7.78125,6.506064285834622E-9,43000.0,0.962,0.9072541382667965,0.9072541382667965,0.6787936164457669,0.9051943579728828,0.7929776428696516,0.9072541382667965,0.948,0.052,43000.0,3232.0
meta.imbalanced.OnlineAdaC2 -l (trees.HoeffdingTree -e 2000000 -g 100 -c 0.01),ArffFileStream -f ./../../../Dataset/Synthetic_IM05/stream_gen_RBF_drift.arff,1,43500.0,7.84375,6.558321830299157E-9,43500.0,0.944,0.9024753951685058,0.9024753951685058,0.5363317215340796,0.9013361192589054,0.7060200498702356,0.9024753951685058,0.958,0.042,43500.0,3232.0
meta.imbalanced.OnlineAdaC2 -l (trees.HoeffdingTree -e 2000000 -g 100 -c 0.01),ArffFileStream -f ./../../../Dataset/Synthetic_IM05/stream_gen_RBF_drift.arff,1,44000.0,7.90625,6.610579374763692E-9,44000.0,0.964,0.9415266106442577,0.9415266106442578,0.691527282698108,0.9411983540873277,0.7873091820460242,0.9415266106442577,0.952,0.048,44000.0,3232.0
meta.imbalanced.OnlineAdaC2 -l (trees.HoeffdingTree -e 2000000 -g 100 -c 0.01),ArffFileStream -f ./../../../Dataset/Synthetic_IM05/stream_gen_RBF_drift.arff,1,44500.0,7.96875,6.662836919228227E-9,44500.0,0.956,0.890262457208064,0.8902624572080639,0.5987744382842136,0.8873396329431634,0.7456896551724138,0.890262457208064,0.956,0.044,44500.0,3232.0
meta.imbalanced.OnlineAdaC2 -l (trees.HoeffdingTree -e 2000000 -g 100 -c 0.01),ArffFileStream -f ./../../../Dataset/Synthetic_IM05/stream_gen_RBF_drift.arff,1,45000.0,8.046875,6.728158849808896E-9,45000.0,0.956,0.87590799031477,0.8759079903147701,0.6436900751490023,0.8712519171558245,0.7829801777170198,0.87590799031477,0.944,0.056,45000.0,3232.0
meta.imbalanced.OnlineAdaC2 -l (trees.HoeffdingTree -e 2000000 -g 100 -c 0.01),ArffFileStream -f ./../../../Dataset/Synthetic_IM05/stream_gen_RBF_drift.arff,1,45500.0,8.09375,6.767352008157297E-9,45500.0,0.97,0.9542871900826446,0.9542871900826446,0.6523270906730948,0.954139524076515,0.7575591185299071,0.9542871900826446,0.968,0.032,45500.0,3232.0
meta.imbalanced.OnlineAdaC2 -l (trees.HoeffdingTree -e 2000000 -g 100 -c 0.01),ArffFileStream -f ./../../../Dataset/Synthetic_IM05/stream_gen_RBF_drift.arff,1,46000.0,8.171875,6.832673938737966E-9,46000.0,0.97,0.9652631578947368,0.9652631578947368,0.7466216216216216,0.9652488089388636,0.8147072226019594,0.9652631578947368,0.95,0.05,46000.0,3232.0
meta.imbalanced.OnlineAdaC2 -l (trees.HoeffdingTree -e 2000000 -g 100 -c 0.01),ArffFileStream -f ./../../../Dataset/Synthetic_IM05/stream_gen_RBF_drift.arff,1,46500.0,8.234375,6.884931483202501E-9,46500.0,0.974,0.910657621183937,0.910657621183937,0.6978430643361845,0.9080737179488547,0.8045277507302824,0.910657621183937,0.962,0.038,46500.0,3232.0
meta.imbalanced.OnlineAdaC2 -l (trees.HoeffdingTree -e 2000000 -g 100 -c 0.01),ArffFileStream -f ./../../../Dataset/Synthetic_IM05/stream_gen_RBF_drift.arff,1,47000.0,8.3125,6.95025341378317E-9,47000.0,0.966,0.931775905460116,0.931775905460116,0.6499752923735793,0.9310394437304008,0.7634882478632479,0.931775905460116,0.962,0.038,47000.0,3232.0
meta.imbalanced.OnlineAdaC2 -l (trees.HoeffdingTree -e 2000000 -g 100 -c 0.01),ArffFileStream -f ./../../../Dataset/Synthetic_IM05/stream_gen_RBF_drift.arff,1,47500.0,8.4375,7.05476850271224E-9,47500.0,0.972,0.9304468568543297,0.9304468568543297,0.7957992998833139,0.929203061071622,0.8706521739130435,0.9304468568543297,0.932,0.068,47500.0,3232.0
meta.imbalanced.OnlineAdaC2 -l (trees.HoeffdingTree -e 2000000 -g 100 -c 0.01),ArffFileStream -f ./../../../Dataset/Synthetic_IM05/stream_gen_RBF_drift.arff,1,48000.0,8.515625,7.120090433292909E-9,48000.0,0.96,0.891551170620938,0.891551170620938,0.6666888874075062,0.8882426591496048,0.79189772926274,0.891551170620938,0.946,0.054,48000.0,3232.0
meta.imbalanced.OnlineAdaC2 -l (trees.HoeffdingTree -e 2000000 -g 100 -c 0.01),ArffFileStream -f ./../../../Dataset/Synthetic_IM05/stream_gen_RBF_drift.arff,1,48500.0,8.578125,7.172347977757444E-9,48500.0,0.962,0.9000691562932227,0.9000691562932227,0.5937393089291824,0.8975916755653764,0.7387371896278974,0.9000691562932227,0.964,0.036,48500.0,3232.0
meta.imbalanced.OnlineAdaC2 -l (trees.HoeffdingTree -e 2000000 -g 100 -c 0.01),ArffFileStream -f ./../../../Dataset/Synthetic_IM05/stream_gen_RBF_drift.arff,1,49000.0,8.65625,7.237669908338113E-9,49000.0,0.972,0.9365985796910462,0.9365985796910462,0.7731250405133856,0.935742031138707,0.848111610530617,0.9365985796910462,0.942,0.058,49000.0,3232.0
meta.imbalanced.OnlineAdaC2 -l (trees.HoeffdingTree -e 2000000 -g 100 -c 0.01),ArffFileStream -f ./../../../Dataset/Synthetic_IM05/stream_gen_RBF_drift.arff,1,49500.0,8.734375,7.302991838918782E-9,49500.0,0.958,0.91859243697479,0.91859243697479,0.6456055083029567,0.9175574994003822,0.7659769731353245,0.91859243697479,0.952,0.048,49500.0,3232.0
meta.imbalanced.OnlineAdaC2 -l (trees.HoeffdingTree -e 2000000 -g 100 -c 0.01),ArffFileStream -f ./../../../Dataset/Synthetic_IM05/stream_gen_RBF_drift.arff,1,50000.0,8.84375,7.394442541731718E-9,50000.0,0.972,0.9307043167802661,0.9307043167802661,0.7520544063474072,0.9295624430910077,0.8350164099974754,0.9307043167802661,0.948,0.052,50000.0,3232.0
meta.imbalanced.OnlineAdaC2 -l (trees.HoeffdingTree -e 2000000 -g 100 -c 0.01),ArffFileStream -f ./../../../Dataset/Synthetic_IM05/stream_gen_RBF_drift.arff,1,50500.0,8.90625,7.446700086196253E-9,50500.0,0.966,0.8738113351084063,0.8738113351084063,0.649108322324967,0.867944849455576,0.787795592649535,0.8738113351084063,0.956,0.044,50500.0,3232.0
meta.imbalanced.OnlineAdaC2 -l (trees.HoeffdingTree -e 2000000 -g 100 -c 0.01),ArffFileStream -f ./../../../Dataset/Synthetic_IM05/stream_gen_RBF_drift.arff,1,51000.0,9.0,7.525086402893057E-9,51000.0,0.966,0.9121838540443192,0.9121838540443191,0.7124103396941399,0.910186482590571,0.8151340996168582,0.9121838540443192,0.946,0.054,51000.0,3232.0
meta.imbalanced.OnlineAdaC2 -l (trees.HoeffdingTree -e 2000000 -g 100 -c 0.01),ArffFileStream -f ./../../../Dataset/Synthetic_IM05/stream_gen_RBF_drift.arff,1,51500.0,9.109375,7.616537105705994E-9,51500.0,0.966,0.9227941176470589,0.9227941176470589,0.6944644140905823,0.9215555902290176,0.7967741935483871,0.9227941176470589,0.952,0.048,51500.0,3232.0
meta.imbalanced.OnlineAdaC2 -l (trees.HoeffdingTree -e 2000000 -g 100 -c 0.01),ArffFileStream -f ./../../../Dataset/Synthetic_IM05/stream_gen_RBF_drift.arff,1,52000.0,9.25,7.734116580751199E-9,52000.0,0.968,0.9182198554583492,0.9182198554583492,0.6874023132228821,0.9165960644572236,0.7936698717948718,0.9182198554583492,0.956,0.044,52000.0,3232.0
meta.imbalanced.OnlineAdaC2 -l (trees.HoeffdingTree -e 2000000 -g 100 -c 0.01),ArffFileStream -f ./../../../Dataset/Synthetic_IM05/stream_gen_RBF_drift.arff,1,52500.0,9.359375,7.825567283564136E-9,52500.0,0.978,0.9234499809813617,0.9234499809813617,0.764070006863418,0.9215108238944258,0.8486806044945581,0.9234499809813617,0.956,0.044,52500.0,3232.0
meta.imbalanced.OnlineAdaC2 -l (trees.HoeffdingTree -e 2000000 -g 100 -c 0.01),ArffFileStream -f ./../../../Dataset/Synthetic_IM05/stream_gen_RBF_drift.arff,1,53000.0,9.421875,7.87782482802867E-9,53000.0,0.966,0.9063157894736842,0.9063157894736843,0.6942446043165468,0.9038863459062701,0.8045316839182025,0.9063157894736842,0.95,0.05,53000.0,3232.0
meta.imbalanced.OnlineAdaC2 -l (trees.HoeffdingTree -e 2000000 -g 100 -c 0.01),ArffFileStream -f ./../../../Dataset/Synthetic_IM05/stream_gen_RBF_drift.arff,1,53500.0,9.515625,7.956211144725473E-9,53500.0,0.966,0.9351063829787234,0.9351063829787234,0.7427360774818402,0.9344471570729412,0.8260003188267178,0.9351063829787234,0.94,0.06,53500.0,3232.0
meta.imbalanced.OnlineAdaC2 -l (trees.HoeffdingTree -e 2000000 -g 100 -c 0.01),ArffFileStream -f ./../../../Dataset/Synthetic_IM05/stream_gen_RBF_drift.arff,1,54000.0,9.640625,8.060726233654544E-9,54000.0,0.976,0.9460395588369337,0.9460395588369337,0.7653867208884023,0.9454639631159921,0.8365774812573079,0.9460395588369337,0.954,0.046,54000.0,3232.0
meta.imbalanced.OnlineAdaC2 -l (trees.HoeffdingTree -e 2000000 -g 100 -c 0.01),ArffFileStream -f ./../../../Dataset/Synthetic_IM05/stream_gen_RBF_drift.arff,1,54500.0,9.703125,8.112983778119079E-9,54500.0,0.964,0.928588207657975,0.928588207657975,0.7086812973392892,0.9277392001477145,0.8044385115968631,0.928588207657975,0.946,0.054,54500.0,3232.0
meta.imbalanced.OnlineAdaC2 -l (trees.HoeffdingTree -e 2000000 -g 100 -c 0.01),ArffFileStream -f ./../../../Dataset/Synthetic_IM05/stream_gen_RBF_drift.arff,1,55000.0,9.765625,8.165241322583614E-9,55000.0,0.966,0.9388550779764169,0.9388550779764169,0.6847181008902077,0.9383831582528849,0.7835637480798772,0.9388550779764169,0.956,0.044,55000.0,3232.0
meta.imbalanced.OnlineAdaC2 -l (trees.HoeffdingTree -e 2000000 -g 100 -c 0.01),ArffFileStream -f ./../../../Dataset/Synthetic_IM05/stream_gen_RBF_drift.arff,1,55500.0,9.828125,8.217498867048149E-9,55500.0,0.95,0.9088056295169267,0.9088056295169267,0.5790678879310345,0.907682438775516,0.7284393432169616,0.9088056295169267,0.956,0.044,55500.0,3232.0
meta.imbalanced.OnlineAdaC2 -l (trees.HoeffdingTree -e 2000000 -g 100 -c 0.01),ArffFileStream -f ./../../../Dataset/Synthetic_IM05/stream_gen_RBF_drift.arff,1,56000.0,9.890625,8.269756411512684E-9,56000.0,0.96,0.8816897283842156,0.8816897283842156,0.6758929150191223,0.8772281619480738,0.8043313291693421,0.8816897283842156,0.942,0.058,56000.0,3232.0
meta.imbalanced.OnlineAdaC2 -l (trees.HoeffdingTree -e 2000000 -g 100 -c 0.01),ArffFileStream -f ./../../../Dataset/Synthetic_IM05/stream_gen_RBF_drift.arff,1,56500.0,9.96875,8.335078342093354E-9,56500.0,0.968,0.9182198554583492,0.9182198554583492,0.6874023132228821,0.9165960644572236,0.7936698717948718,0.9182198554583492,0.956,0.044,56500.0,3232.0
meta.imbalanced.OnlineAdaC2 -l (trees.HoeffdingTree -e 2000000 -g 100 -c 0.01),ArffFileStream -f ./../../../Dataset/Synthetic_IM05/stream_gen_RBF_drift.arff,1,57000.0,10.078125,8.42652904490629E-9,57000.0,0.946,0.8904385386924372,0.8904385386924372,0.6124253559944878,0.8882175271725631,0.755362957287876,0.8904385386924372,0.942,0.058,57000.0,3232.0
meta.imbalanced.OnlineAdaC2 -l (trees.HoeffdingTree -e 2000000 -g 100 -c 0.01),ArffFileStream -f ./../../../Dataset/Synthetic_IM05/stream_gen_RBF_drift.arff,1,57500.0,10.15625,8.49185097548696E-9,57500.0,0.956,0.9068984417821627,0.9068984417821627,0.6539356949600453,0.905226301343459,0.7761305064031032,0.9068984417821627,0.946,0.054,57500.0,3232.0
meta.imbalanced.OnlineAdaC2 -l (trees.HoeffdingTree -e 2000000 -g 100 -c 0.01),ArffFileStream -f ./../../../Dataset/Synthetic_IM05/stream_gen_RBF_drift.arff,1,58000.0,10.21875,8.544108519951496E-9,58000.0,0.96,0.892354507417269,0.8923545074172688,0.6226984606097193,0.8892665399527288,0.760414036859379,0.892354507417269,0.956,0.044,58000.0,3232.0
meta.imbalanced.OnlineAdaC2 -l (trees.HoeffdingTree -e 2000000 -g 100 -c 0.01),ArffFileStream -f ./../../../Dataset/Synthetic_IM05/stream_gen_RBF_drift.arff,1,58500.0,10.265625,8.583301678299898E-9,58500.0,0.962,0.944992561271631,0.944992561271631,0.7052618515760735,0.94480019277904,0.7954356415055105,0.944992561271631,0.946,0.054,58500.0,3232.0
meta.imbalanced.OnlineAdaC2 -l (trees.HoeffdingTree -e 2000000 -g 100 -c 0.01),ArffFileStream -f ./../../../Dataset/Synthetic_IM05/stream_gen_RBF_drift.arff,1,59000.0,10.421875,8.713945539461235E-9,59000.0,0.948,0.8589473684210527,0.8589473684210526,0.56738768718802,0.8532291603080616,0.7370821513988542,0.8589473684210527,0.95,0.05,59000.0,3232.0
meta.imbalanced.OnlineAdaC2 -l (trees.HoeffdingTree -e 2000000 -g 100 -c 0.01),ArffFileStream -f ./../../../Dataset/Synthetic_IM05/stream_gen_RBF_drift.arff,1,59500.0,10.5625,8.83152501450644E-9,59500.0,0.952,0.8840360409931907,0.8840360409931908,0.6504922234519718,0.8806249929980794,0.7841331229962851,0.8840360409931907,0.938,0.062,59500.0,3232.0
meta.imbalanced.OnlineAdaC2 -l (trees.HoeffdingTree -e 2000000 -g 100 -c 0.01),ArffFileStream -f ./../../../Dataset/Synthetic_IM05/stream_gen_RBF_drift.arff,1,60000.0,10.609375,8.870718172854842E-9,60000.0,0.978,0.9488795518207283,0.9488795518207284,0.7885591265569737,0.9483326072078073,0.8527065135153724,0.9488795518207283,0.952,0.048,60000.0,3232.0
meta.imbalanced.OnlineAdaC2 -l (trees.HoeffdingTree -e 2000000 -g 100 -c 0.01),ArffFileStream -f ./../../../Dataset/Synthetic_IM05/stream_gen_RBF_drift.arff,1,60500.0,10.6875,8.936040103435512E-9,60500.0,0.978,0.9488795518207283,0.9488795518207284,0.7885591265569737,0.9483326072078073,0.8527065135153724,0.9488795518207283,0.952,0.048,60500.0,3232.0
meta.imbalanced.OnlineAdaC2 -l (trees.HoeffdingTree -e 2000000 -g 100 -c 0.01),ArffFileStream -f ./../../../Dataset/Synthetic_IM05/stream_gen_RBF_drift.arff,1,61000.0,10.78125,9.014426420132315E-9,61000.0,0.97,0.8705263157894737,0.8705263157894737,0.701195219123506,0.8634813257969162,0.8329297820823245,0.8705263157894737,0.95,0.05,61000.0,3232.0
meta.imbalanced.OnlineAdaC2 -l (trees.HoeffdingTree -e 2000000 -g 100 -c 0.01),ArffFileStream -f ./../../../Dataset/Synthetic_IM05/stream_gen_RBF_drift.arff,1,61500.0,10.859375,9.079748350712984E-9,61500.0,0.958,0.8684397163120567,0.8684397163120567,0.6643222506393862,0.8624556726197832,0.8032514155624306,0.8684397163120567,0.94,0.06,61500.0,3232.0
meta.imbalanced.OnlineAdaC2 -l (trees.HoeffdingTree -e 2000000 -g 100 -c 0.01),ArffFileStream -f ./../../../Dataset/Synthetic_IM05/stream_gen_RBF_drift.arff,1,62000.0,10.9375,9.145070281293654E-9,62000.0,0.964,0.9083089905874716,0.9083089905874717,0.691018950837682,0.9061798719914643,0.8012452107279694,0.9083089905874716,0.948,0.052,62000.0,3232.0
meta.imbalanced.OnlineAdaC2 -l (trees.HoeffdingTree -e 2000000 -g 100 -c 0.01),ArffFileStream -f ./../../../Dataset/Synthetic_IM05/stream_gen_RBF_drift.arff,1,62500.0,11.03125,9.223456597990457E-9,62500.0,0.984,0.9517665130568356,0.9517665130568357,0.8802753666566896,0.9510282251856915,0.9291926916116982,0.9517665130568356,0.93,0.07,62500.0,3232.0
meta.imbalanced.OnlineAdaC2 -l (trees.HoeffdingTree -e 2000000 -g 100 -c 0.01),ArffFileStream -f ./../../../Dataset/Synthetic_IM05/stream_gen_RBF_drift.arff,1,63000.0,11.078125,9.262649756338859E-9,63000.0,0.976,0.9073305670816044,0.9073305670816044,0.7020262216924911,0.9043081152783212,0.8093487394957983,0.9073305670816044,0.964,0.036,63000.0,3232.0
meta.imbalanced.OnlineAdaC2 -l (trees.HoeffdingTree -e 2000000 -g 100 -c 0.01),ArffFileStream -f ./../../../Dataset/Synthetic_IM05/stream_gen_RBF_drift.arff,1,63500.0,11.140625,9.314907300803394E-9,63500.0,0.962,0.8890782213567023,0.8890782213567024,0.6687587168758717,0.8853453658024134,0.7946236559139785,0.8890782213567023,0.948,0.052,63500.0,3232.0
meta.imbalanced.OnlineAdaC2 -l (trees.HoeffdingTree -e 2000000 -g 100 -c 0.01),ArffFileStream -f ./../../../Dataset/Synthetic_IM05/stream_gen_RBF_drift.arff,1,64000.0,11.203125,9.367164845267929E-9,64000.0,0.97,0.9277189136524175,0.9277189136524175,0.6519398552069797,0.926609039071891,0.7657384987893463,0.9277189136524175,0.966,0.034,64000.0,3232.0
meta.imbalanced.OnlineAdaC2 -l (trees.HoeffdingTree -e 2000000 -g 100 -c 0.01),ArffFileStream -f ./../../../Dataset/Synthetic_IM05/stream_gen_RBF_drift.arff,1,64500.0,11.265625,9.419422389732464E-9,64500.0,0.962,0.8923611111111112,0.8923611111111112,0.7121561022906314,0.8887803753208976,0.826825741142444,0.8923611111111112,0.936,0.064,64500.0,3232.0
meta.imbalanced.OnlineAdaC2 -l (trees.HoeffdingTree -e 2000000 -g 100 -c 0.01),ArffFileStream -f ./../../../Dataset/Synthetic_IM05/stream_gen_RBF_drift.arff,1,65000.0,11.328125,9.471679934196999E-9,65000.0,0.946,0.8961046066309224,0.8961046066309224,0.5175125089349535,0.8944761242926734,0.6967391304347826,0.8961046066309224,0.962,0.038,65000.0,3232.0
meta.imbalanced.OnlineAdaC2 -l (trees.HoeffdingTree -e 2000000 -g 100 -c 0.01),ArffFileStream -f ./../../../Dataset/Synthetic_IM05/stream_gen_RBF_drift.arff,1,65500.0,11.421875,9.550066250893802E-9,65500.0,0.962,0.9206932773109244,0.9206932773109244,0.6692661189249408,0.9195587176978519,0.7805440429630495,0.9206932773109244,0.952,0.048,65500.0,3232.0
meta.imbalanced.OnlineAdaC2 -l (trees.HoeffdingTree -e 2000000 -g 100 -c 0.01),ArffFileStream -f ./../../../Dataset/Synthetic_IM05/stream_gen_RBF_drift.arff,1,66000.0,11.5,9.615388181474471E-9,66000.0,0.966,0.8911879259980526,0.8911879259980525,0.6940685286495825,0.8872679421507642,0.8128284991240023,0.8911879259980526,0.948,0.052,66000.0,3232.0
meta.imbalanced.OnlineAdaC2 -l (trees.HoeffdingTree -e 2000000 -g 100 -c 0.01),ArffFileStream -f ./../../../Dataset/Synthetic_IM05/stream_gen_RBF_drift.arff,1,66500.0,11.609375,9.706838884287409E-9,66500.0,0.962,0.8663157894736842,0.8663157894736843,0.6468401486988847,0.859767410408187,0.7904647435897436,0.8663157894736842,0.95,0.05,66500.0,3232.0
meta.imbalanced.OnlineAdaC2 -l (trees.HoeffdingTree -e 2000000 -g 100 -c 0.01),ArffFileStream -f ./../../../Dataset/Synthetic_IM05/stream_gen_RBF_drift.arff,1,67000.0,11.6875,9.772160814868078E-9,67000.0,0.976,0.9305263157894736,0.9305263157894736,0.7731568998109641,0.9291535480153287,0.851640415434349,0.9305263157894736,0.95,0.05,67000.0,3232.0
meta.imbalanced.OnlineAdaC2 -l (trees.HoeffdingTree -e 2000000 -g 100 -c 0.01),ArffFileStream -f ./../../../Dataset/Synthetic_IM05/stream_gen_RBF_drift.arff,1,67500.0,11.765625,9.837482745448748E-9,67500.0,0.958,0.8869685167153522,0.8869685167153522,0.6449824181769002,0.8834186053775224,0.7783842157492266,0.8869685167153522,0.948,0.052,67500.0,3232.0
meta.imbalanced.OnlineAdaC2 -l (trees.HoeffdingTree -e 2000000 -g 100 -c 0.01),ArffFileStream -f ./../../../Dataset/Synthetic_IM05/stream_gen_RBF_drift.arff,1,68000.0,11.828125,9.889740289913283E-9,68000.0,0.978,0.9602362684204117,0.9602362684204117,0.7332169188979434,0.9600470901453498,0.8066374553716327,0.9602362684204117,0.966,0.034,68000.0,3232.0
meta.imbalanced.OnlineAdaC2 -l (trees.HoeffdingTree -e 2000000 -g 100 -c 0.01),ArffFileStream -f ./../../../Dataset/Synthetic_IM05/stream_gen_RBF_drift.arff,1,68500.0,11.921875,9.968126606610086E-9,68500.0,0.97,0.9528368794326241,0.9528368794326242,0.7730024213075061,0.9526372502146102,0.8392847653966736,0.9528368794326241,0.94,0.06,68500.0,3232.0
meta.imbalanced.OnlineAdaC2 -l (trees.HoeffdingTree -e 2000000 -g 100 -c 0.01),ArffFileStream -f ./../../../Dataset/Synthetic_IM05/stream_gen_RBF_drift.arff,1,69000.0,11.984375,1.002038415107462E-8,69000.0,0.968,0.8922427783187277,0.8922427783187277,0.7073456248170911,0.8882276697889866,0.8227831196581197,0.8922427783187277,0.948,0.052,69000.0,3232.0
meta.imbalanced.OnlineAdaC2 -l (trees.HoeffdingTree -e 2000000 -g 100 -c 0.01),ArffFileStream -f ./../../../Dataset/Synthetic_IM05/stream_gen_RBF_drift.arff,1,69500.0,12.109375,1.0124899240003691E-8,69500.0,0.97,0.8932796500646187,0.8932796500646187,0.6784428056937061,0.889344417194413,0.7993341404358354,0.8932796500646187,0.958,0.042,69500.0,3232.0
meta.imbalanced.OnlineAdaC2 -l (trees.HoeffdingTree -e 2000000 -g 100 -c 0.01),ArffFileStream -f ./../../../Dataset/Synthetic_IM05/stream_gen_RBF_drift.arff,1,70000.0,12.203125,1.0203285556700493E-8,70000.0,0.972,0.9515738498789346,0.9515738498789347,0.7732573205493651,0.9512957901659237,0.8399407609933927,0.9515738498789346,0.944,0.056,70000.0,3232.0
meta.imbalanced.OnlineAdaC2 -l (trees.HoeffdingTree -e 2000000 -g 100 -c 0.01),ArffFileStream -f ./../../../Dataset/Synthetic_IM05/stream_gen_RBF_drift.arff,1,70500.0,12.3125,1.029473625951343E-8,70500.0,0.964,0.8374999999999999,0.8375,0.5901639344262295,0.8261355820929153,0.7629016553067186,0.8374999999999999,0.96,0.04,70500.0,3232.0
meta.imbalanced.OnlineAdaC2 -l (trees.HoeffdingTree -e 2000000 -g 100 -c 0.01),ArffFileStream -f ./../../../Dataset/Synthetic_IM05/stream_gen_RBF_drift.arff,1,71000.0,12.390625,1.03600581900941E-8,71000.0,0.966,0.9388550779764169,0.9388550779764169,0.6847181008902077,0.9383831582528849,0.7835637480798772,0.9388550779764169,0.956,0.044,71000.0,3232.0
meta.imbalanced.OnlineAdaC2 -l (trees.HoeffdingTree -e 2000000 -g 100 -c 0.01),ArffFileStream -f ./../../../Dataset/Synthetic_IM05/stream_gen_RBF_drift.arff,1,71500.0,12.46875,1.042538012067477E-8,71500.0,0.97,0.9051120448179272,0.9051120448179272,0.7116715362140551,0.9022613979618661,0.8183162528371966,0.9051120448179272,0.952,0.048,71500.0,3232.0
meta.imbalanced.OnlineAdaC2 -l (trees.HoeffdingTree -e 2000000 -g 100 -c 0.01),ArffFileStream -f ./../../../Dataset/Synthetic_IM05/stream_gen_RBF_drift.arff,1,72000.0,12.53125,1.0477637665139305E-8,72000.0,0.972,0.8905263157894737,0.8905263157894737,0.726027397260274,0.8859131476974241,0.8395197305805696,0.8905263157894737,0.95,0.05,72000.0,3232.0
meta.imbalanced.OnlineAdaC2 -l (trees.HoeffdingTree -e 2000000 -g 100 -c 0.01),ArffFileStream -f ./../../../Dataset/Synthetic_IM05/stream_gen_RBF_drift.arff,1,72500.0,12.609375,1.0542959595719975E-8,72500.0,0.974,0.9513350559862188,0.9513350559862188,0.7800784950602246,0.9509956702624262,0.8450670498084292,0.9513350559862188,0.946,0.054,72500.0,3232.0
meta.imbalanced.OnlineAdaC2 -l (trees.HoeffdingTree -e 2000000 -g 100 -c 0.01),ArffFileStream -f ./../../../Dataset/Synthetic_IM05/stream_gen_RBF_drift.arff,1,73000.0,12.703125,1.0621345912416777E-8,73000.0,0.96,0.828254132231405,0.828254132231405,0.5041650138833796,0.8162065803570698,0.706264199935086,0.828254132231405,0.968,0.032,73000.0,3232.0
meta.imbalanced.OnlineAdaC2 -l (trees.HoeffdingTree -e 2000000 -g 100 -c 0.01),ArffFileStream -f ./../../../Dataset/Synthetic_IM05/stream_gen_RBF_drift.arff,1,73500.0,12.765625,1.0673603456881313E-8,73500.0,0.972,0.9319963116643615,0.9319963116643615,0.6817024372499091,0.9309988587842791,0.7835956416464891,0.9319963116643615,0.964,0.036,73500.0,3232.0
meta.imbalanced.OnlineAdaC2 -l (trees.HoeffdingTree -e 2000000 -g 100 -c 0.01),ArffFileStream -f ./../../../Dataset/Synthetic_IM05/stream_gen_RBF_drift.arff,1,74000.0,12.828125,1.0725861001345848E-8,74000.0,0.978,0.9726950354609929,0.9726950354609928,0.8289800995024875,0.9726763545908483,0.8707102730963903,0.9726950354609929,0.94,0.06,74000.0,3232.0
meta.imbalanced.OnlineAdaC2 -l (trees.HoeffdingTree -e 2000000 -g 100 -c 0.01),ArffFileStream -f ./../../../Dataset/Synthetic_IM05/stream_gen_RBF_drift.arff,1,74500.0,12.921875,1.080424731804265E-8,74500.0,0.974,0.9156771137499189,0.9156771137499188,0.7976590710994895,0.9132085063850042,0.8835009578544062,0.9156771137499189,0.934,0.066,74500.0,3232.0
meta.imbalanced.OnlineAdaC2 -l (trees.HoeffdingTree -e 2000000 -g 100 -c 0.01),ArffFileStream -f ./../../../Dataset/Synthetic_IM05/stream_gen_RBF_drift.arff,1,75000.0,13.0,1.086956924862332E-8,75000.0,0.974,0.9636643801570732,0.9636643801570732,0.7416123390046112,0.9635983197583614,0.8114316239316239,0.9636643801570732,0.958,0.042,75000.0,3232.0
meta.imbalanced.OnlineAdaC2 -l (trees.HoeffdingTree -e 2000000 -g 100 -c 0.01),ArffFileStream -f ./../../../Dataset/Synthetic_IM05/stream_gen_RBF_drift.arff,1,75500.0,13.0625,1.0921826793087855E-8,75500.0,0.976,0.9657664511220997,0.9657664511220997,0.7655517349171617,0.9657012619587912,0.8270566239316239,0.9657664511220997,0.956,0.044,75500.0,3232.0
meta.imbalanced.OnlineAdaC2 -l (trees.HoeffdingTree -e 2000000 -g 100 -c 0.01),ArffFileStream -f ./../../../Dataset/Synthetic_IM05/stream_gen_RBF_drift.arff,1,76000.0,13.125,1.097408433755239E-8,76000.0,0.976,0.9191768565463764,0.9191768565463765,0.7376016793492521,0.9170811722680179,0.8301620859760395,0.9191768565463764,0.958,0.042,76000.0,3232.0
meta.imbalanced.OnlineAdaC2 -l (trees.HoeffdingTree -e 2000000 -g 100 -c 0.01),ArffFileStream -f ./../../../Dataset/Synthetic_IM05/stream_gen_RBF_drift.arff,1,76500.0,13.21875,1.1052470654249193E-8,76500.0,0.96,0.8886880165289256,0.8886880165289256,0.5462794918330308,0.8854161602656143,0.7134751773049646,0.8886880165289256,0.968,0.032,76500.0,3232.0
meta.imbalanced.OnlineAdaC2 -l (trees.HoeffdingTree -e 2000000 -g 100 -c 0.01),ArffFileStream -f ./../../../Dataset/Synthetic_IM05/stream_gen_RBF_drift.arff,1,77000.0,13.28125,1.1104728198713728E-8,77000.0,0.972,0.9398548563475495,0.9398548563475495,0.7165762409911733,0.9391994653688217,0.8043194167411789,0.9398548563475495,0.958,0.042,77000.0,3232.0
meta.imbalanced.OnlineAdaC2 -l (trees.HoeffdingTree -e 2000000 -g 100 -c 0.01),ArffFileStream -f ./../../../Dataset/Synthetic_IM05/stream_gen_RBF_drift.arff,1,77500.0,13.359375,1.1170050129294397E-8,77500.0,0.964,0.8719571567672834,0.8719571567672832,0.6707638279192274,0.8658848494698257,0.8060897435897436,0.8719571567672834,0.948,0.052,77500.0,3232.0
meta.imbalanced.OnlineAdaC2 -l (trees.HoeffdingTree -e 2000000 -g 100 -c 0.01),ArffFileStream -f ./../../../Dataset/Synthetic_IM05/stream_gen_RBF_drift.arff,1,78000.0,13.5,1.1287629604339602E-8,78000.0,0.962,0.9173758865248227,0.9173758865248227,0.7124697336561744,0.9159733032128075,0.8127158722567618,0.9173758865248227,0.94,0.06,78000.0,3232.0
meta.imbalanced.OnlineAdaC2 -l (trees.HoeffdingTree -e 2000000 -g 100 -c 0.01),ArffFileStream -f ./../../../Dataset/Synthetic_IM05/stream_gen_RBF_drift.arff,1,78500.0,13.578125,1.1352951534920272E-8,78500.0,0.966,0.9063157894736842,0.9063157894736843,0.6942446043165468,0.9038863459062701,0.8045316839182025,0.9063157894736842,0.95,0.05,78500.0,3232.0
meta.imbalanced.OnlineAdaC2 -l (trees.HoeffdingTree -e 2000000 -g 100 -c 0.01),ArffFileStream -f ./../../../Dataset/Synthetic_IM05/stream_gen_RBF_drift.arff,1,79000.0,13.625,1.1392144693268674E-8,79000.0,0.968,0.9285946121389159,0.9285946121389159,0.7253501785223839,0.9275525759976397,0.8162116858237547,0.9285946121389159,0.948,0.052,79000.0,3232.0
meta.imbalanced.OnlineAdaC2 -l (trees.HoeffdingTree -e 2000000 -g 100 -c 0.01),ArffFileStream -f ./../../../Dataset/Synthetic_IM05/stream_gen_RBF_drift.arff,1,79500.0,13.6875,1.1444402237733209E-8,79500.0,0.962,0.9322916666666667,0.9322916666666666,0.6360153256704981,0.9317322576792112,0.7549923195084485,0.9322916666666667,0.96,0.04,79500.0,3232.0
meta.imbalanced.OnlineAdaC2 -l (trees.HoeffdingTree -e 2000000 -g 100 -c 0.01),ArffFileStream -f ./../../../Dataset/Synthetic_IM05/stream_gen_RBF_drift.arff,1,80000.0,13.765625,1.1509724168313879E-8,80000.0,0.974,0.9467787114845938,0.9467787114845939,0.7585079506613167,0.9462997375447755,0.8311920057102069,0.9467787114845938,0.952,0.048,80000.0,3232.0
meta.imbalanced.OnlineAdaC2 -l (trees.HoeffdingTree -e 2000000 -g 100 -c 0.01),ArffFileStream -f ./../../../Dataset/Synthetic_IM05/stream_gen_RBF_drift.arff,1,80500.0,13.84375,1.1575046098894548E-8,80500.0,0.972,0.901180387409201,0.9011803874092009,0.7518434486670448,0.8976445501972311,0.8540331196581197,0.901180387409201,0.944,0.056,80500.0,3232.0
meta.imbalanced.OnlineAdaC2 -l (trees.HoeffdingTree -e 2000000 -g 100 -c 0.01),ArffFileStream -f ./../../../Dataset/Synthetic_IM05/stream_gen_RBF_drift.arff,1,81000.0,13.96875,1.1679561187823619E-8,81000.0,0.958,0.8394607843137255,0.8394607843137255,0.596340150699677,0.82915619758885,0.7667308618199326,0.8394607843137255,0.952,0.048,81000.0,3232.0
meta.imbalanced.OnlineAdaC2 -l (trees.HoeffdingTree -e 2000000 -g 100 -c 0.01),ArffFileStream -f ./../../../Dataset/Synthetic_IM05/stream_gen_RBF_drift.arff,1,81500.0,14.09375,1.1784076276752689E-8,81500.0,0.964,0.9293582375478927,0.9293582375478927,0.7611971980471237,0.9284766908852593,0.8434208006129094,0.9293582375478927,0.928,0.072,81500.0,3232.0
meta.imbalanced.OnlineAdaC2 -l (trees.HoeffdingTree -e 2000000 -g 100 -c 0.01),ArffFileStream -f ./../../../Dataset/Synthetic_IM05/stream_gen_RBF_drift.arff,1,82000.0,14.140625,1.1823269435101091E-8,82000.0,0.972,0.9614583333333333,0.9614583333333333,0.7168284789644013,0.961390052649461,0.7958066239316239,0.9614583333333333,0.96,0.04,82000.0,3232.0
meta.imbalanced.OnlineAdaC2 -l (trees.HoeffdingTree -e 2000000 -g 100 -c 0.01),ArffFileStream -f ./../../../Dataset/Synthetic_IM05/stream_gen_RBF_drift.arff,1,82500.0,14.203125,1.1875526979565626E-8,82500.0,0.976,0.947829131652661,0.9478291316526611,0.7732769044740024,0.9473167176744186,0.8416132478632479,0.947829131652661,0.952,0.048,82500.0,3232.0
meta.imbalanced.OnlineAdaC2 -l (trees.HoeffdingTree -e 2000000 -g 100 -c 0.01),ArffFileStream -f ./../../../Dataset/Synthetic_IM05/stream_gen_RBF_drift.arff,1,83000.0,14.359375,1.2006170840726964E-8,83000.0,0.956,0.8176757132915797,0.8176757132915797,0.5374653098982424,0.8036105026344096,0.7339483124679699,0.8176757132915797,0.958,0.042,83000.0,3232.0
meta.imbalanced.OnlineAdaC2 -l (trees.HoeffdingTree -e 2000000 -g 100 -c 0.01),ArffFileStream -f ./../../../Dataset/Synthetic_IM05/stream_gen_RBF_drift.arff,1,83500.0,14.453125,1.2084557157423766E-8,83500.0,0.968,0.9132409364967504,0.9132409364967505,0.7251803503950532,0.9111752786264141,0.8242703533026114,0.9132409364967504,0.946,0.054,83500.0,3232.0
meta.imbalanced.OnlineAdaC2 -l (trees.HoeffdingTree -e 2000000 -g 100 -c 0.01),ArffFileStream -f ./../../../Dataset/Synthetic_IM05/stream_gen_RBF_drift.arff,1,84000.0,14.515625,1.2136814701888301E-8,84000.0,0.962,0.9421052631578948,0.9421052631578948,0.6885245901639344,0.9418458919645646,0.7853260869565217,0.9421052631578948,0.95,0.05,84000.0,3232.0
meta.imbalanced.OnlineAdaC2 -l (trees.HoeffdingTree -e 2000000 -g 100 -c 0.01),ArffFileStream -f ./../../../Dataset/Synthetic_IM05/stream_gen_RBF_drift.arff,1,84500.0,14.59375,1.2202136632468971E-8,84500.0,0.96,0.897869536569295,0.897869536569295,0.6849202848320625,0.8951144945029508,0.8022693141998999,0.897869536569295,0.942,0.058,84500.0,3232.0
meta.imbalanced.OnlineAdaC2 -l (trees.HoeffdingTree -e 2000000 -g 100 -c 0.01),ArffFileStream -f ./../../../Dataset/Synthetic_IM05/stream_gen_RBF_drift.arff,1,85000.0,14.71875,1.2306651721398041E-8,85000.0,0.972,0.9122596153846154,0.9122596153846154,0.7791519434628975,0.9096834825704699,0.8696120689655172,0.9122596153846154,0.936,0.064,85000.0,3232.0
meta.imbalanced.OnlineAdaC2 -l (trees.HoeffdingTree -e 2000000 -g 100 -c 0.01),ArffFileStream -f ./../../../Dataset/Synthetic_IM05/stream_gen_RBF_drift.arff,1,85500.0,14.78125,1.2358909265862576E-8,85500.0,0.964,0.8821778711484594,0.8821778711484595,0.6599153567110037,0.8775223747616255,0.7915331196581197,0.8821778711484594,0.952,0.048,85500.0,3232.0
meta.imbalanced.OnlineAdaC2 -l (trees.HoeffdingTree -e 2000000 -g 100 -c 0.01),ArffFileStream -f ./../../../Dataset/Synthetic_IM05/stream_gen_RBF_drift.arff,1,86000.0,14.84375,1.2411166810327111E-8,86000.0,0.984,0.9915789473684211,0.9915789473684211,0.8537477148080439,0.9915431885383723,0.8787878787878788,0.9915789473684211,0.95,0.05,86000.0,3232.0
meta.imbalanced.OnlineAdaC2 -l (trees.HoeffdingTree -e 2000000 -g 100 -c 0.01),ArffFileStream -f ./../../../Dataset/Synthetic_IM05/stream_gen_RBF_drift.arff,1,86500.0,14.890625,1.2450359968675514E-8,86500.0,0.978,0.9602362684204117,0.9602362684204117,0.7332169188979434,0.9600470901453498,0.8066374553716327,0.9602362684204117,0.966,0.034,86500.0,3232.0
meta.imbalanced.OnlineAdaC2 -l (trees.HoeffdingTree -e 2000000 -g 100 -c 0.01),ArffFileStream -f ./../../../Dataset/Synthetic_IM05/stream_gen_RBF_drift.arff,1,87000.0,14.953125,1.2502617513140049E-8,87000.0,0.98,0.8860632576793365,0.8860632576793364,0.7721265153586728,0.8800029830660157,0.8860632576793365,0.8860632576793365,0.954,0.046,87000.0,3232.0
meta.imbalanced.OnlineAdaC2 -l (trees.HoeffdingTree -e 2000000 -g 100 -c 0.01),ArffFileStream -f ./../../../Dataset/Synthetic_IM05/stream_gen_RBF_drift.arff,1,87500.0,15.03125,1.2567939443720718E-8,87500.0,0.982,0.8947916666666667,0.8947916666666668,0.7711088504577823,0.8897565210026093,0.8767770156079133,0.8947916666666667,0.96,0.04,87500.0,3232.0
meta.imbalanced.OnlineAdaC2 -l (trees.HoeffdingTree -e 2000000 -g 100 -c 0.01),ArffFileStream -f ./../../../Dataset/Synthetic_IM05/stream_gen_RBF_drift.arff,1,88000.0,15.125,1.2646325760417521E-8,88000.0,0.97,0.8894736842105264,0.8894736842105263,0.7115384615384616,0.8849620866098401,0.8280141843971631,0.8894736842105264,0.95,0.05,88000.0,3232.0
meta.imbalanced.OnlineAdaC2 -l (trees.HoeffdingTree -e 2000000 -g 100 -c 0.01),ArffFileStream -f ./../../../Dataset/Synthetic_IM05/stream_gen_RBF_drift.arff,1,88500.0,15.296875,1.2790034007694993E-8,88500.0,0.974,0.9067588325652842,0.9067588325652841,0.802910855063675,0.9033815972731892,0.8963122605363985,0.9067588325652842,0.93,0.07,88500.0,3232.0
meta.imbalanced.OnlineAdaC2 -l (trees.HoeffdingTree -e 2000000 -g 100 -c 0.01),ArffFileStream -f ./../../../Dataset/Synthetic_IM05/stream_gen_RBF_drift.arff,1,89000.0,15.390625,1.2868420324391796E-8,89000.0,0.974,0.8829186035912862,0.8829186035912862,0.7210779265362169,0.8772019054566819,0.8408795845504706,0.8829186035912862,0.954,0.046,89000.0,3232.0
meta.imbalanced.OnlineAdaC2 -l (trees.HoeffdingTree -e 2000000 -g 100 -c 0.01),ArffFileStream -f ./../../../Dataset/Synthetic_IM05/stream_gen_RBF_drift.arff,1,89500.0,15.484375,1.2946806641088598E-8,89500.0,0.968,0.9418466867195333,0.9418466867195334,0.7079225994888646,0.9414061591401712,0.7978494623655914,0.9418466867195333,0.954,0.046,89500.0,3232.0
meta.imbalanced.OnlineAdaC2 -l (trees.HoeffdingTree -e 2000000 -g 100 -c 0.01),ArffFileStream -f ./../../../Dataset/Synthetic_IM05/stream_gen_RBF_drift.arff,1,90000.0,15.625,1.3064386116133803E-8,90000.0,0.966,0.8947224179782319,0.894722417978232,0.7034607870499582,0.8911470025699979,0.8181646048977531,0.8947224179782319,0.946,0.054,90000.0,3232.0
meta.imbalanced.OnlineAdaC2 -l (trees.HoeffdingTree -e 2000000 -g 100 -c 0.01),ArffFileStream -f ./../../../Dataset/Synthetic_IM05/stream_gen_RBF_drift.arff,1,90500.0,15.6875,1.3116643660598338E-8,90500.0,0.968,0.9004648619086684,0.9004648619086684,0.6871822945178697,0.8973878173467981,0.802187220579132,0.9004648619086684,0.954,0.046,90500.0,3232.0
meta.imbalanced.OnlineAdaC2 -l (trees.HoeffdingTree -e 2000000 -g 100 -c 0.01),ArffFileStream -f ./../../../Dataset/Synthetic_IM05/stream_gen_RBF_drift.arff,1,91000.0,15.75,1.3168901205062873E-8,91000.0,0.978,0.9715496368038741,0.971549636803874,0.8192454318390956,0.9715224815738387,0.8637849512579534,0.9715496368038741,0.944,0.056,91000.0,3232.0
meta.imbalanced.OnlineAdaC2 -l (trees.HoeffdingTree -e 2000000 -g 100 -c 0.01),ArffFileStream -f ./../../../Dataset/Synthetic_IM05/stream_gen_RBF_drift.arff,1,91500.0,15.828125,1.3234223135643543E-8,91500.0,0.966,0.8305263157894738,0.8305263157894737,0.6487603305785123,0.8167715650496682,0.8184842583576761,0.8305263157894738,0.95,0.05,91500.0,3232.0
meta.imbalanced.OnlineAdaC2 -l (trees.HoeffdingTree -e 2000000 -g 100 -c 0.01),ArffFileStream -f ./../../../Dataset/Synthetic_IM05/stream_gen_RBF_drift.arff,1,92000.0,15.9375,1.332567383845648E-8,92000.0,0.968,0.8447128851540616,0.8447128851540616,0.6631862579993264,0.8336308992536662,0.8195391106783512,0.8447128851540616,0.952,0.048,92000.0,3232.0
meta.imbalanced.OnlineAdaC2 -l (trees.HoeffdingTree -e 2000000 -g 100 -c 0.01),ArffFileStream -f ./../../../Dataset/Synthetic_IM05/stream_gen_RBF_drift.arff,1,92500.0,15.984375,1.3364866996804882E-8,92500.0,0.964,0.7827304834977469,0.7827304834977469,0.5078201903095264,0.7581811334401666,0.7307883487424197,0.7827304834977469,0.966,0.034,92500.0,3232.0
meta.imbalanced.OnlineAdaC2 -l (trees.HoeffdingTree -e 2000000 -g 100 -c 0.01),ArffFileStream -f ./../../../Dataset/Synthetic_IM05/stream_gen_RBF_drift.arff,1,93000.0,16.0625,1.3430188927385552E-8,93000.0,0.972,0.9259453781512605,0.9259453781512605,0.7354897218863361,0.9245428122941122,0.8249198717948718,0.9259453781512605,0.952,0.048,93000.0,3232.0
meta.imbalanced.OnlineAdaC2 -l (trees.HoeffdingTree -e 2000000 -g 100 -c 0.01),ArffFileStream -f ./../../../Dataset/Synthetic_IM05/stream_gen_RBF_drift.arff,1,93500.0,16.21875,1.356083278854689E-8,93500.0,0.974,0.9135832521908471,0.9135832521908471,0.7582564712883071,0.9110914519877257,0.8505743173533256,0.9135832521908471,0.948,0.052,93500.0,3232.0
meta.imbalanced.OnlineAdaC2 -l (trees.HoeffdingTree -e 2000000 -g 100 -c 0.01),ArffFileStream -f ./../../../Dataset/Synthetic_IM05/stream_gen_RBF_drift.arff,1,94000.0,16.265625,1.3600025946895292E-8,94000.0,0.978,0.9443205056701989,0.944320505670199,0.6347941567065073,0.9436631247188165,0.7489583333333334,0.9443205056701989,0.978,0.022,94000.0,3232.0
meta.imbalanced.OnlineAdaC2 -l (trees.HoeffdingTree -e 2000000 -g 100 -c 0.01),ArffFileStream -f ./../../../Dataset/Synthetic_IM05/stream_gen_RBF_drift.arff,1,94500.0,16.359375,1.3678412263592095E-8,94500.0,0.976,0.9253486464315013,0.9253486464315013,0.7567501824373631,0.9236657006174521,0.8416428728311004,0.9253486464315013,0.954,0.046,94500.0,3232.0
meta.imbalanced.OnlineAdaC2 -l (trees.HoeffdingTree -e 2000000 -g 100 -c 0.01),ArffFileStream -f ./../../../Dataset/Synthetic_IM05/stream_gen_RBF_drift.arff,1,95000.0,16.453125,1.3756798580288897E-8,95000.0,0.954,0.9111590038314177,0.9111590038314177,0.7049163502001436,0.9097834570365181,0.8107832933616905,0.9111590038314177,0.928,0.072,95000.0,3232.0
meta.imbalanced.OnlineAdaC2 -l (trees.HoeffdingTree -e 2000000 -g 100 -c 0.01),ArffFileStream -f ./../../../Dataset/Synthetic_IM05/stream_gen_RBF_drift.arff,1,95500.0,16.515625,1.3809056124753432E-8,95500.0,0.968,0.9004648619086684,0.9004648619086684,0.6871822945178697,0.8973878173467981,0.802187220579132,0.9004648619086684,0.954,0.046,95500.0,3232.0
meta.imbalanced.OnlineAdaC2 -l (trees.HoeffdingTree -e 2000000 -g 100 -c 0.01),ArffFileStream -f ./../../../Dataset/Synthetic_IM05/stream_gen_RBF_drift.arff,1,96000.0,16.578125,1.3861313669217967E-8,96000.0,0.972,0.915355101401613,0.915355101401613,0.751931391310511,0.9131496585766092,0.8442021932385959,0.915355101401613,0.946,0.054,96000.0,3232.0
meta.imbalanced.OnlineAdaC2 -l (trees.HoeffdingTree -e 2000000 -g 100 -c 0.01),ArffFileStream -f ./../../../Dataset/Synthetic_IM05/stream_gen_RBF_drift.arff,1,96500.0,16.6875,1.3952764372030905E-8,96500.0,0.978,0.9520447906523857,0.9520447906523856,0.802044342067377,0.951603985939779,0.8614950360132373,0.9520447906523857,0.948,0.052,96500.0,3232.0
meta.imbalanced.OnlineAdaC2 -l (trees.HoeffdingTree -e 2000000 -g 100 -c 0.01),ArffFileStream -f ./../../../Dataset/Synthetic_IM05/stream_gen_RBF_drift.arff,1,97000.0,16.75,1.400502191649544E-8,97000.0,0.94,0.8547368421052632,0.8547368421052631,0.5290423861852434,0.8494704232638121,0.7143656811358201,0.8547368421052632,0.95,0.05,97000.0,3232.0
meta.imbalanced.OnlineAdaC2 -l (trees.HoeffdingTree -e 2000000 -g 100 -c 0.01),ArffFileStream -f ./../../../Dataset/Synthetic_IM05/stream_gen_RBF_drift.arff,1,97500.0,16.8125,1.4057279460959975E-8,97500.0,0.976,0.9368946731234867,0.9368946731234866,0.7937860874346989,0.9358591370795104,0.8644281747033578,0.9368946731234867,0.944,0.056,97500.0,3232.0
meta.imbalanced.OnlineAdaC2 -l (trees.HoeffdingTree -e 2000000 -g 100 -c 0.01),ArffFileStream -f ./../../../Dataset/Synthetic_IM05/stream_gen_RBF_drift.arff,1,98000.0,16.875,1.410953700542451E-8,98000.0,0.976,0.938721721941577,0.938721721941577,0.7997997997997998,0.9377740466286107,0.8682027649769586,0.938721721941577,0.942,0.058,98000.0,3232.0
meta.imbalanced.OnlineAdaC2 -l (trees.HoeffdingTree -e 2000000 -g 100 -c 0.01),ArffFileStream -f ./../../../Dataset/Synthetic_IM05/stream_gen_RBF_drift.arff,1,98500.0,16.984375,1.4200987708237447E-8,98500.0,0.972,0.9070921985815603,0.9070921985815602,0.7663551401869159,0.9040884284874035,0.8622822519565767,0.9070921985815603,0.94,0.06,98500.0,3232.0
meta.imbalanced.OnlineAdaC2 -l (trees.HoeffdingTree -e 2000000 -g 100 -c 0.01),ArffFileStream -f ./../../../Dataset/Synthetic_IM05/stream_gen_RBF_drift.arff,1,99000.0,17.03125,1.4240180866585849E-8,99000.0,0.976,0.9676120448179272,0.9676120448179272,0.780765857936276,0.9675675556724275,0.8371623327442566,0.9676120448179272,0.952,0.048,99000.0,3232.0
meta.imbalanced.OnlineAdaC2 -l (trees.HoeffdingTree -e 2000000 -g 100 -c 0.01),ArffFileStream -f ./../../../Dataset/Synthetic_IM05/stream_gen_RBF_drift.arff,1,99500.0,17.171875,1.4357760341631054E-8,99500.0,0.962,0.8890782213567023,0.8890782213567024,0.6687587168758717,0.8853453658024134,0.7946236559139785,0.8890782213567023,0.948,0.052,99500.0,3232.0
meta.imbalanced.OnlineAdaC2 -l (trees.HoeffdingTree -e 2000000 -g 100 -c 0.01),ArffFileStream -f ./../../../Dataset/Synthetic_IM05/stream_gen_RBF_drift.arff,1,100000.0,17.234375,1.4410017886095589E-8,100000.0,0.966,0.9407984686901831,0.9407984686901832,0.694727768998707,0.940388972285438,0.7895114942528736,0.9407984686901831,0.954,0.046,100000.0,3232.0
