Learner,stream,randomSeed,learning evaluation instances,evaluation time (cpu seconds),model cost (RAM-Hours),classified instances,Accuracy,AvgAccuracy,AUC,Kappa,G-Mean,Precision,Recall,Ratio-Class-0,Ratio-Class-1,model training instances,model serialized size (bytes)
meta.imbalanced.OnlineAdaBoost -l (trees.HoeffdingTree -e 2000000 -g 100 -c 0.01),ArffFileStream -f ./../../../Dataset/Synthetic_IM50/stream_gen_hyperplane.arff,1,500.0,0.34375,2.6536225858661865E-10,500.0,0.664,0.6697336405678467,0.6697336405678468,0.334041574833114,0.6662462351318451,0.6705250036424859,0.6697336405678467,0.458,0.542,500.0,2984.0
meta.imbalanced.OnlineAdaBoost -l (trees.HoeffdingTree -e 2000000 -g 100 -c 0.01),ArffFileStream -f ./../../../Dataset/Synthetic_IM50/stream_gen_hyperplane.arff,1,1000.0,0.515625,3.98043387879928E-10,1000.0,0.794,0.7907202906238446,0.7907202906238446,0.5841542585833791,0.7892479627411779,0.7948291601460615,0.7907202906238446,0.534,0.466,1000.0,2984.0
meta.imbalanced.OnlineAdaBoost -l (trees.HoeffdingTree -e 2000000 -g 100 -c 0.01),ArffFileStream -f ./../../../Dataset/Synthetic_IM50/stream_gen_hyperplane.arff,1,1500.0,0.671875,5.18662596328391E-10,1500.0,0.818,0.8171746926229508,0.8171746926229508,0.6352646936223426,0.816450829485287,0.8192445898258109,0.8171746926229508,0.512,0.488,1500.0,2984.0
meta.imbalanced.OnlineAdaBoost -l (trees.HoeffdingTree -e 2000000 -g 100 -c 0.01),ArffFileStream -f ./../../../Dataset/Synthetic_IM50/stream_gen_hyperplane.arff,1,2000.0,0.796875,6.151579630871614E-10,2000.0,0.802,0.802,0.802,0.604,0.8019775557956719,0.802043494263174,0.802,0.5,0.5,2000.0,2984.0
meta.imbalanced.OnlineAdaBoost -l (trees.HoeffdingTree -e 2000000 -g 100 -c 0.01),ArffFileStream -f ./../../../Dataset/Synthetic_IM50/stream_gen_hyperplane.arff,1,2500.0,0.96875,7.478390923804708E-10,2500.0,0.772,0.772,0.772,0.544,0.7719585481099358,0.7720696498303565,0.772,0.5,0.5,2500.0,2984.0
meta.imbalanced.OnlineAdaBoost -l (trees.HoeffdingTree -e 2000000 -g 100 -c 0.01),ArffFileStream -f ./../../../Dataset/Synthetic_IM50/stream_gen_hyperplane.arff,1,3000.0,1.0625,8.202106174495486E-10,3000.0,0.808,0.8077956989247312,0.8077956989247312,0.615827890895121,0.8073919249225295,0.8087442218798151,0.8077956989247312,0.504,0.496,3000.0,2984.0
meta.imbalanced.OnlineAdaBoost -l (trees.HoeffdingTree -e 2000000 -g 100 -c 0.01),ArffFileStream -f ./../../../Dataset/Synthetic_IM50/stream_gen_hyperplane.arff,1,3500.0,1.140625,8.805202216737801E-10,3500.0,0.82,0.8207633440823988,0.8207633440823988,0.6399251044217197,0.8206320573658763,0.8199011184178947,0.8207633440823988,0.474,0.526,3500.0,2984.0
meta.imbalanced.OnlineAdaBoost -l (trees.HoeffdingTree -e 2000000 -g 100 -c 0.01),ArffFileStream -f ./../../../Dataset/Synthetic_IM50/stream_gen_hyperplane.arff,1,4000.0,1.25,9.649536675877042E-10,4000.0,0.822,0.8215686274509804,0.8215686274509805,0.6436008329328848,0.8212854582430938,0.8224512069851053,0.8215686274509804,0.51,0.49,4000.0,2984.0
meta.imbalanced.OnlineAdaBoost -l (trees.HoeffdingTree -e 2000000 -g 100 -c 0.01),ArffFileStream -f ./../../../Dataset/Synthetic_IM50/stream_gen_hyperplane.arff,1,4500.0,1.34375,1.037325192656782E-9,4500.0,0.812,0.8123569794050343,0.8123569794050343,0.624234477685924,0.811812109790086,0.8131587813447563,0.8123569794050343,0.494,0.506,4500.0,2984.0
meta.imbalanced.OnlineAdaBoost -l (trees.HoeffdingTree -e 2000000 -g 100 -c 0.01),ArffFileStream -f ./../../../Dataset/Synthetic_IM50/stream_gen_hyperplane.arff,1,5000.0,1.4375,1.1096967177258597E-9,5000.0,0.802,0.8015232974910395,0.8015232974910395,0.6036067779237003,0.7993052538854533,0.8062123206421943,0.8015232974910395,0.504,0.496,5000.0,2984.0
meta.imbalanced.OnlineAdaBoost -l (trees.HoeffdingTree -e 2000000 -g 100 -c 0.01),ArffFileStream -f ./../../../Dataset/Synthetic_IM50/stream_gen_hyperplane.arff,1,5500.0,1.53125,1.1820682427949375E-9,5500.0,0.782,0.7647783251231527,0.7647783251231526,0.542016806722689,0.757166093146568,0.7835164835164835,0.7647783251231527,0.58,0.42,5500.0,2984.0
meta.imbalanced.OnlineAdaBoost -l (trees.HoeffdingTree -e 2000000 -g 100 -c 0.01),ArffFileStream -f ./../../../Dataset/Synthetic_IM50/stream_gen_hyperplane.arff,1,6000.0,1.609375,1.242377847019169E-9,6000.0,0.84,0.8392156862745098,0.8392156862745098,0.6794101146108841,0.8382989311929341,0.8419744719304191,0.8392156862745098,0.51,0.49,6000.0,2984.0
meta.imbalanced.OnlineAdaBoost -l (trees.HoeffdingTree -e 2000000 -g 100 -c 0.01),ArffFileStream -f ./../../../Dataset/Synthetic_IM50/stream_gen_hyperplane.arff,1,6500.0,1.6875,1.3026874512434005E-9,6500.0,0.846,0.8460055360885774,0.8460055360885774,0.692,0.8460044039928074,0.846,0.8460055360885774,0.502,0.498,6500.0,2984.0
meta.imbalanced.OnlineAdaBoost -l (trees.HoeffdingTree -e 2000000 -g 100 -c 0.01),ArffFileStream -f ./../../../Dataset/Synthetic_IM50/stream_gen_hyperplane.arff,1,7000.0,1.78125,1.3750589763124783E-9,7000.0,0.85,0.8499063865196588,0.8499063865196588,0.6999135751096316,0.8498705832779472,0.8500576331967213,0.8499063865196588,0.494,0.506,7000.0,2984.0
meta.imbalanced.OnlineAdaBoost -l (trees.HoeffdingTree -e 2000000 -g 100 -c 0.01),ArffFileStream -f ./../../../Dataset/Synthetic_IM50/stream_gen_hyperplane.arff,1,7500.0,1.84375,1.4233066596918636E-9,7500.0,0.82,0.8200000000000001,0.82,0.64,0.8195218117902658,0.8210066769388803,0.8200000000000001,0.5,0.5,7500.0,2984.0
meta.imbalanced.OnlineAdaBoost -l (trees.HoeffdingTree -e 2000000 -g 100 -c 0.01),ArffFileStream -f ./../../../Dataset/Synthetic_IM50/stream_gen_hyperplane.arff,1,8000.0,1.921875,1.483616263916095E-9,8000.0,0.778,0.777972447559161,0.777972447559161,0.5559715821812596,0.7779419535536888,0.7780391780295756,0.777972447559161,0.502,0.498,8000.0,2984.0
meta.imbalanced.OnlineAdaBoost -l (trees.HoeffdingTree -e 2000000 -g 100 -c 0.01),ArffFileStream -f ./../../../Dataset/Synthetic_IM50/stream_gen_hyperplane.arff,1,8500.0,2.0,1.5439258681403266E-9,8500.0,0.794,0.79375,0.7937500000000001,0.5874058644448005,0.7937253933193772,0.7936605841170157,0.79375,0.52,0.48,8500.0,2984.0
meta.imbalanced.OnlineAdaBoost -l (trees.HoeffdingTree -e 2000000 -g 100 -c 0.01),ArffFileStream -f ./../../../Dataset/Synthetic_IM50/stream_gen_hyperplane.arff,1,9000.0,2.09375,1.6162973932094044E-9,9000.0,0.79,0.789330835374934,0.789330835374934,0.5792460088478554,0.7889689588711084,0.7902930402930403,0.789330835374934,0.514,0.486,9000.0,2984.0
meta.imbalanced.OnlineAdaBoost -l (trees.HoeffdingTree -e 2000000 -g 100 -c 0.01),ArffFileStream -f ./../../../Dataset/Synthetic_IM50/stream_gen_hyperplane.arff,1,9500.0,2.171875,1.676606997433636E-9,9500.0,0.782,0.7819380440348183,0.7819380440348181,0.5639302288366138,0.7818996914541915,0.7820328131252501,0.7819380440348183,0.504,0.496,9500.0,2984.0
meta.imbalanced.OnlineAdaBoost -l (trees.HoeffdingTree -e 2000000 -g 100 -c 0.01),ArffFileStream -f ./../../../Dataset/Synthetic_IM50/stream_gen_hyperplane.arff,1,10000.0,2.25,1.7369166016578674E-9,10000.0,0.842,0.841607451507586,0.841607451507586,0.6836963484945547,0.8412497676076375,0.8427539140907266,0.841607451507586,0.508,0.492,10000.0,2984.0
meta.imbalanced.OnlineAdaBoost -l (trees.HoeffdingTree -e 2000000 -g 100 -c 0.01),ArffFileStream -f ./../../../Dataset/Synthetic_IM50/stream_gen_hyperplane.arff,1,10500.0,2.328125,1.797226205882099E-9,10500.0,0.86,0.8597839135654262,0.8597839135654262,0.7197982547434153,0.8597160255909292,0.8601066982809722,0.8597839135654262,0.49,0.51,10500.0,2984.0
meta.imbalanced.OnlineAdaBoost -l (trees.HoeffdingTree -e 2000000 -g 100 -c 0.01),ArffFileStream -f ./../../../Dataset/Synthetic_IM50/stream_gen_hyperplane.arff,1,11000.0,2.390625,1.8454738892614843E-9,11000.0,0.828,0.8279972479559673,0.8279972479559674,0.6559944959119346,0.8279969621100721,0.8279972479559673,0.8279972479559673,0.502,0.498,11000.0,2984.0
meta.imbalanced.OnlineAdaBoost -l (trees.HoeffdingTree -e 2000000 -g 100 -c 0.01),ArffFileStream -f ./../../../Dataset/Synthetic_IM50/stream_gen_hyperplane.arff,1,11500.0,2.46875,1.9057834934857156E-9,11500.0,0.832,0.8310220852593735,0.8310220852593734,0.662639763526539,0.830838587265522,0.8317035512094699,0.8310220852593735,0.472,0.528,11500.0,2984.0
meta.imbalanced.OnlineAdaBoost -l (trees.HoeffdingTree -e 2000000 -g 100 -c 0.01),ArffFileStream -f ./../../../Dataset/Synthetic_IM50/stream_gen_hyperplane.arff,1,12000.0,2.53125,1.954031176865101E-9,12000.0,0.836,0.8358939888611484,0.8358939888611484,0.6718739996158525,0.8358677292277502,0.8360015368852459,0.8358939888611484,0.492,0.508,12000.0,2984.0
meta.imbalanced.OnlineAdaBoost -l (trees.HoeffdingTree -e 2000000 -g 100 -c 0.01),ArffFileStream -f ./../../../Dataset/Synthetic_IM50/stream_gen_hyperplane.arff,1,12500.0,2.609375,2.0143407810893324E-9,12500.0,0.83,0.8295863957342556,0.8295863957342557,0.6595424250192259,0.8294548742303546,0.830088523959202,0.8295863957342556,0.514,0.486,12500.0,2984.0
meta.imbalanced.OnlineAdaBoost -l (trees.HoeffdingTree -e 2000000 -g 100 -c 0.01),ArffFileStream -f ./../../../Dataset/Synthetic_IM50/stream_gen_hyperplane.arff,1,13000.0,2.671875,2.0625884644687177E-9,13000.0,0.808,0.8079557091653866,0.8079557091653865,0.6159508417077386,0.8079367405643292,0.8080148518020613,0.8079557091653866,0.496,0.504,13000.0,2984.0
meta.imbalanced.OnlineAdaBoost -l (trees.HoeffdingTree -e 2000000 -g 100 -c 0.01),ArffFileStream -f ./../../../Dataset/Synthetic_IM50/stream_gen_hyperplane.arff,1,13500.0,2.734375,2.110836147848103E-9,13500.0,0.836,0.8358939888611484,0.8358939888611484,0.6718739996158525,0.8358677292277502,0.8360015368852459,0.8358939888611484,0.492,0.508,13500.0,2984.0
meta.imbalanced.OnlineAdaBoost -l (trees.HoeffdingTree -e 2000000 -g 100 -c 0.01),ArffFileStream -f ./../../../Dataset/Synthetic_IM50/stream_gen_hyperplane.arff,1,14000.0,2.8125,2.1711457520723345E-9,14000.0,0.81,0.8090740266393442,0.8090740266393442,0.6191591033000866,0.8081535699500132,0.8115328137354569,0.8090740266393442,0.488,0.512,14000.0,2984.0
meta.imbalanced.OnlineAdaBoost -l (trees.HoeffdingTree -e 2000000 -g 100 -c 0.01),ArffFileStream -f ./../../../Dataset/Synthetic_IM50/stream_gen_hyperplane.arff,1,14500.0,2.875,2.21939343545172E-9,14500.0,0.842,0.842,0.842,0.684,0.8415984790860781,0.8429272753525533,0.842,0.5,0.5,14500.0,2984.0
meta.imbalanced.OnlineAdaBoost -l (trees.HoeffdingTree -e 2000000 -g 100 -c 0.01),ArffFileStream -f ./../../../Dataset/Synthetic_IM50/stream_gen_hyperplane.arff,1,15000.0,2.9375,2.267641118831105E-9,15000.0,0.88,0.8808313566022817,0.8808313566022817,0.758846320798701,0.8807850025495106,0.8786318204424765,0.8808313566022817,0.546,0.454,15000.0,2984.0
meta.imbalanced.OnlineAdaBoost -l (trees.HoeffdingTree -e 2000000 -g 100 -c 0.01),ArffFileStream -f ./../../../Dataset/Synthetic_IM50/stream_gen_hyperplane.arff,1,15500.0,3.015625,2.3279507230553367E-9,15500.0,0.832,0.8315319210260844,0.8315319210260845,0.6635100706628851,0.83136386380769,0.8321701881888627,0.8315319210260844,0.514,0.486,15500.0,2984.0
meta.imbalanced.OnlineAdaBoost -l (trees.HoeffdingTree -e 2000000 -g 100 -c 0.01),ArffFileStream -f ./../../../Dataset/Synthetic_IM50/stream_gen_hyperplane.arff,1,16000.0,3.09375,2.388260327279568E-9,16000.0,0.846,0.8463785514205682,0.8463785514205682,0.692147769070846,0.8461668862344731,0.8464395491803278,0.8463785514205682,0.51,0.49,16000.0,2984.0
meta.imbalanced.OnlineAdaBoost -l (trees.HoeffdingTree -e 2000000 -g 100 -c 0.01),ArffFileStream -f ./../../../Dataset/Synthetic_IM50/stream_gen_hyperplane.arff,1,16500.0,3.15625,2.4365080106589535E-9,16500.0,0.824,0.8230162293925204,0.8230162293925204,0.6467792691541969,0.8227609979575401,0.8239513638703037,0.8230162293925204,0.524,0.476,16500.0,2984.0
meta.imbalanced.OnlineAdaBoost -l (trees.HoeffdingTree -e 2000000 -g 100 -c 0.01),ArffFileStream -f ./../../../Dataset/Synthetic_IM50/stream_gen_hyperplane.arff,1,17000.0,3.234375,2.496817614883185E-9,17000.0,0.836,0.8357592352404285,0.8357592352404286,0.6716690423947339,0.8357149998269587,0.835931367051699,0.8357592352404285,0.514,0.486,17000.0,2984.0
meta.imbalanced.OnlineAdaBoost -l (trees.HoeffdingTree -e 2000000 -g 100 -c 0.01),ArffFileStream -f ./../../../Dataset/Synthetic_IM50/stream_gen_hyperplane.arff,1,17500.0,3.296875,2.5450652982625703E-9,17500.0,0.808,0.8103578852382409,0.810357885238241,0.6161289806624974,0.8098715785647124,0.8081729307668923,0.8103578852382409,0.458,0.542,17500.0,2984.0
meta.imbalanced.OnlineAdaBoost -l (trees.HoeffdingTree -e 2000000 -g 100 -c 0.01),ArffFileStream -f ./../../../Dataset/Synthetic_IM50/stream_gen_hyperplane.arff,1,18000.0,3.359375,2.5933129816419556E-9,18000.0,0.87,0.8699572738474339,0.8699572738474339,0.7399500704135193,0.8699499876827828,0.8699987196722361,0.8699572738474339,0.506,0.494,18000.0,2984.0
meta.imbalanced.OnlineAdaBoost -l (trees.HoeffdingTree -e 2000000 -g 100 -c 0.01),ArffFileStream -f ./../../../Dataset/Synthetic_IM50/stream_gen_hyperplane.arff,1,18500.0,3.421875,2.641560665021341E-9,18500.0,0.834,0.8292929292929293,0.8292929292929293,0.6626016260162602,0.8279559838005346,0.8345648604269293,0.8292929292929293,0.55,0.45,18500.0,2984.0
meta.imbalanced.OnlineAdaBoost -l (trees.HoeffdingTree -e 2000000 -g 100 -c 0.01),ArffFileStream -f ./../../../Dataset/Synthetic_IM50/stream_gen_hyperplane.arff,1,19000.0,3.46875,2.67774642755588E-9,19000.0,0.836,0.83627029723684,0.83627029723684,0.6708994878874958,0.8362627344593314,0.8349765145321342,0.83627029723684,0.462,0.538,19000.0,2984.0
meta.imbalanced.OnlineAdaBoost -l (trees.HoeffdingTree -e 2000000 -g 100 -c 0.01),ArffFileStream -f ./../../../Dataset/Synthetic_IM50/stream_gen_hyperplane.arff,1,19500.0,3.53125,2.7259941109352653E-9,19500.0,0.852,0.8510992618212678,0.8510992618212678,0.7033021666960692,0.8504910903203254,0.8533170047857683,0.8510992618212678,0.486,0.514,19500.0,2984.0
meta.imbalanced.OnlineAdaBoost -l (trees.HoeffdingTree -e 2000000 -g 100 -c 0.01),ArffFileStream -f ./../../../Dataset/Synthetic_IM50/stream_gen_hyperplane.arff,1,20000.0,3.59375,2.7742417943146506E-9,20000.0,0.838,0.8377192982456141,0.8377192982456141,0.6749181275284145,0.837707816583391,0.837247918371276,0.8377192982456141,0.468,0.532,20000.0,2984.0
meta.imbalanced.OnlineAdaBoost -l (trees.HoeffdingTree -e 2000000 -g 100 -c 0.01),ArffFileStream -f ./../../../Dataset/Synthetic_IM50/stream_gen_hyperplane.arff,1,20500.0,3.65625,2.822489477694036E-9,20500.0,0.838,0.8379289362860483,0.8379289362860484,0.6757821255883955,0.8379250926385512,0.837858606557377,0.8379289362860483,0.514,0.486,20500.0,2984.0
meta.imbalanced.OnlineAdaBoost -l (trees.HoeffdingTree -e 2000000 -g 100 -c 0.01),ArffFileStream -f ./../../../Dataset/Synthetic_IM50/stream_gen_hyperplane.arff,1,21000.0,3.71875,2.8707371610734212E-9,21000.0,0.868,0.8676084310333783,0.8676084310333781,0.7355938721876802,0.8675221362758964,0.868080056450061,0.8676084310333783,0.516,0.484,21000.0,2984.0
meta.imbalanced.OnlineAdaBoost -l (trees.HoeffdingTree -e 2000000 -g 100 -c 0.01),ArffFileStream -f ./../../../Dataset/Synthetic_IM50/stream_gen_hyperplane.arff,1,21500.0,3.78125,2.9189848444528065E-9,21500.0,0.844,0.8440500809567322,0.8440500809567322,0.687615141854765,0.8440493135212643,0.8436534242846392,0.8440500809567322,0.478,0.522,21500.0,2984.0
meta.imbalanced.OnlineAdaBoost -l (trees.HoeffdingTree -e 2000000 -g 100 -c 0.01),ArffFileStream -f ./../../../Dataset/Synthetic_IM50/stream_gen_hyperplane.arff,1,22000.0,3.84375,2.967232527832192E-9,22000.0,0.848,0.8476565627451922,0.8476565627451922,0.6956250100123352,0.8475678161794312,0.8480578399781978,0.8476565627451922,0.486,0.514,22000.0,2984.0
meta.imbalanced.OnlineAdaBoost -l (trees.HoeffdingTree -e 2000000 -g 100 -c 0.01),ArffFileStream -f ./../../../Dataset/Synthetic_IM50/stream_gen_hyperplane.arff,1,22500.0,3.890625,3.003418290366731E-9,22500.0,0.84,0.8399014384230148,0.8399014384230148,0.6799334261526397,0.8395399199778625,0.8408175707112031,0.8399014384230148,0.502,0.498,22500.0,2984.0
meta.imbalanced.OnlineAdaBoost -l (trees.HoeffdingTree -e 2000000 -g 100 -c 0.01),ArffFileStream -f ./../../../Dataset/Synthetic_IM50/stream_gen_hyperplane.arff,1,23000.0,3.96875,3.0637278945909625E-9,23000.0,0.842,0.8427884615384615,0.8427884615384615,0.6841516072285303,0.8425579185752432,0.8422892896577108,0.8427884615384615,0.52,0.48,23000.0,2984.0
meta.imbalanced.OnlineAdaBoost -l (trees.HoeffdingTree -e 2000000 -g 100 -c 0.01),ArffFileStream -f ./../../../Dataset/Synthetic_IM50/stream_gen_hyperplane.arff,1,23500.0,4.03125,3.1119755779703478E-9,23500.0,0.834,0.8339573433174932,0.833957343317493,0.6679681249399942,0.8338891568655963,0.8341444672131147,0.8339573433174932,0.498,0.502,23500.0,2984.0
meta.imbalanced.OnlineAdaBoost -l (trees.HoeffdingTree -e 2000000 -g 100 -c 0.01),ArffFileStream -f ./../../../Dataset/Synthetic_IM50/stream_gen_hyperplane.arff,1,24000.0,4.09375,3.160223261349733E-9,24000.0,0.87,0.8694111232279171,0.8694111232279171,0.7392490372272144,0.8693245601268231,0.8698916097952629,0.8694111232279171,0.476,0.524,24000.0,2984.0
meta.imbalanced.OnlineAdaBoost -l (trees.HoeffdingTree -e 2000000 -g 100 -c 0.01),ArffFileStream -f ./../../../Dataset/Synthetic_IM50/stream_gen_hyperplane.arff,1,24500.0,4.15625,3.2084709447291184E-9,24500.0,0.842,0.8418967587034814,0.8418967587034814,0.6838482471586361,0.8418809330316022,0.8419569672131147,0.8418967587034814,0.49,0.51,24500.0,2984.0
meta.imbalanced.OnlineAdaBoost -l (trees.HoeffdingTree -e 2000000 -g 100 -c 0.01),ArffFileStream -f ./../../../Dataset/Synthetic_IM50/stream_gen_hyperplane.arff,1,25000.0,4.21875,3.2567186281085037E-9,25000.0,0.832,0.8319813117009872,0.8319813117009872,0.6639838712258188,0.831968193344671,0.8320238114288457,0.8319813117009872,0.498,0.502,25000.0,2984.0
meta.imbalanced.OnlineAdaBoost -l (trees.HoeffdingTree -e 2000000 -g 100 -c 0.01),ArffFileStream -f ./../../../Dataset/Synthetic_IM50/stream_gen_hyperplane.arff,1,25500.0,4.28125,3.304966311487889E-9,25500.0,0.856,0.8559976959631355,0.8559976959631355,0.7119953919262708,0.8559975021619978,0.8559976959631355,0.8559976959631355,0.502,0.498,25500.0,2984.0
meta.imbalanced.OnlineAdaBoost -l (trees.HoeffdingTree -e 2000000 -g 100 -c 0.01),ArffFileStream -f ./../../../Dataset/Synthetic_IM50/stream_gen_hyperplane.arff,1,26000.0,4.34375,3.3532139948672743E-9,26000.0,0.834,0.8324112197632527,0.8324112197632527,0.6657861675740102,0.8321186893250475,0.8335108357134788,0.8324112197632527,0.536,0.464,26000.0,2984.0
meta.imbalanced.OnlineAdaBoost -l (trees.HoeffdingTree -e 2000000 -g 100 -c 0.01),ArffFileStream -f ./../../../Dataset/Synthetic_IM50/stream_gen_hyperplane.arff,1,26500.0,4.40625,3.4014616782466596E-9,26500.0,0.864,0.8640232974910395,0.8640232974910395,0.728,0.8640183897219884,0.864,0.8640232974910395,0.496,0.504,26500.0,2984.0
meta.imbalanced.OnlineAdaBoost -l (trees.HoeffdingTree -e 2000000 -g 100 -c 0.01),ArffFileStream -f ./../../../Dataset/Synthetic_IM50/stream_gen_hyperplane.arff,1,27000.0,4.46875,3.449709361626045E-9,27000.0,0.854,0.8542216886754702,0.8542216886754703,0.7080467125259958,0.8541497694968329,0.8541026625704045,0.8542216886754702,0.49,0.51,27000.0,2984.0
meta.imbalanced.OnlineAdaBoost -l (trees.HoeffdingTree -e 2000000 -g 100 -c 0.01),ArffFileStream -f ./../../../Dataset/Synthetic_IM50/stream_gen_hyperplane.arff,1,27500.0,4.53125,3.49795704500543E-9,27500.0,0.826,0.8260469507609096,0.8260469507609096,0.652,0.826037684799529,0.826,0.8260469507609096,0.506,0.494,27500.0,2984.0
meta.imbalanced.OnlineAdaBoost -l (trees.HoeffdingTree -e 2000000 -g 100 -c 0.01),ArffFileStream -f ./../../../Dataset/Synthetic_IM50/stream_gen_hyperplane.arff,1,28000.0,4.59375,3.5462047283848155E-9,28000.0,0.84,0.83858723623263,0.83858723623263,0.677959551719696,0.8383576449917476,0.8394607843137255,0.83858723623263,0.464,0.536,28000.0,2984.0
meta.imbalanced.OnlineAdaBoost -l (trees.HoeffdingTree -e 2000000 -g 100 -c 0.01),ArffFileStream -f ./../../../Dataset/Synthetic_IM50/stream_gen_hyperplane.arff,1,28500.0,4.671875,3.606514332609047E-9,28500.0,0.824,0.823283284249827,0.823283284249827,0.6461714138668639,0.823229270831202,0.8229091318255615,0.823283284249827,0.462,0.538,28500.0,2984.0
meta.imbalanced.OnlineAdaBoost -l (trees.HoeffdingTree -e 2000000 -g 100 -c 0.01),ArffFileStream -f ./../../../Dataset/Synthetic_IM50/stream_gen_hyperplane.arff,1,29000.0,4.71875,3.642700095143586E-9,29000.0,0.828,0.8274589111453519,0.8274589111453519,0.6549178222907036,0.827402495508506,0.8274589111453519,0.8274589111453519,0.528,0.472,29000.0,2984.0
meta.imbalanced.OnlineAdaBoost -l (trees.HoeffdingTree -e 2000000 -g 100 -c 0.01),ArffFileStream -f ./../../../Dataset/Synthetic_IM50/stream_gen_hyperplane.arff,1,29500.0,4.78125,3.6909477785229714E-9,29500.0,0.836,0.835736346033829,0.8357363460338288,0.6717952002049279,0.8354474896970832,0.8365981614285026,0.835736346033829,0.506,0.494,29500.0,2984.0
meta.imbalanced.OnlineAdaBoost -l (trees.HoeffdingTree -e 2000000 -g 100 -c 0.01),ArffFileStream -f ./../../../Dataset/Synthetic_IM50/stream_gen_hyperplane.arff,1,30000.0,4.84375,3.739195461902356E-9,30000.0,0.852,0.8521878763548776,0.8521878763548776,0.7033592559929448,0.8521821235735104,0.8513753824957144,0.8521878763548776,0.53,0.47,30000.0,2984.0
meta.imbalanced.OnlineAdaBoost -l (trees.HoeffdingTree -e 2000000 -g 100 -c 0.01),ArffFileStream -f ./../../../Dataset/Synthetic_IM50/stream_gen_hyperplane.arff,1,30500.0,4.90625,3.787443145281741E-9,30500.0,0.858,0.8579837879567679,0.8579837879567679,0.7149327080589728,0.8579837584105808,0.8570935810431406,0.8579837879567679,0.464,0.536,30500.0,2984.0
meta.imbalanced.OnlineAdaBoost -l (trees.HoeffdingTree -e 2000000 -g 100 -c 0.01),ArffFileStream -f ./../../../Dataset/Synthetic_IM50/stream_gen_hyperplane.arff,1,31000.0,4.96875,3.835690828661126E-9,31000.0,0.834,0.8338563012295082,0.8338563012295082,0.6677767459732941,0.8338348047169638,0.8339257978254953,0.8338563012295082,0.512,0.488,31000.0,2984.0
meta.imbalanced.OnlineAdaBoost -l (trees.HoeffdingTree -e 2000000 -g 100 -c 0.01),ArffFileStream -f ./../../../Dataset/Synthetic_IM50/stream_gen_hyperplane.arff,1,31500.0,5.03125,3.883938512040511E-9,31500.0,0.862,0.862,0.8619999999999999,0.724,0.8619976798112626,0.8620057920926735,0.862,0.5,0.5,31500.0,2984.0
meta.imbalanced.OnlineAdaBoost -l (trees.HoeffdingTree -e 2000000 -g 100 -c 0.01),ArffFileStream -f ./../../../Dataset/Synthetic_IM50/stream_gen_hyperplane.arff,1,32000.0,5.09375,3.932186195419896E-9,32000.0,0.842,0.8419767907162865,0.8419767907162865,0.683898847631242,0.8419759910043583,0.8419275334485629,0.8419767907162865,0.49,0.51,32000.0,2984.0
meta.imbalanced.OnlineAdaBoost -l (trees.HoeffdingTree -e 2000000 -g 100 -c 0.01),ArffFileStream -f ./../../../Dataset/Synthetic_IM50/stream_gen_hyperplane.arff,1,32500.0,5.15625,3.980433878799281E-9,32500.0,0.892,0.8924018194631302,0.8924018194631302,0.784,0.8923134722129199,0.892,0.8924018194631302,0.484,0.516,32500.0,2984.0
meta.imbalanced.OnlineAdaBoost -l (trees.HoeffdingTree -e 2000000 -g 100 -c 0.01),ArffFileStream -f ./../../../Dataset/Synthetic_IM50/stream_gen_hyperplane.arff,1,33000.0,5.234375,4.040743483023512E-9,33000.0,0.886,0.886038961038961,0.886038961038961,0.7694547807798091,0.886038901552824,0.8837278727146569,0.886038961038961,0.44,0.56,33000.0,2984.0
meta.imbalanced.OnlineAdaBoost -l (trees.HoeffdingTree -e 2000000 -g 100 -c 0.01),ArffFileStream -f ./../../../Dataset/Synthetic_IM50/stream_gen_hyperplane.arff,1,33500.0,5.3125,4.101053087247744E-9,33500.0,0.88,0.8770056935817805,0.8770056935817806,0.756556738509478,0.8765329665265691,0.8799556598852374,0.8770056935817805,0.552,0.448,33500.0,2984.0
meta.imbalanced.OnlineAdaBoost -l (trees.HoeffdingTree -e 2000000 -g 100 -c 0.01),ArffFileStream -f ./../../../Dataset/Synthetic_IM50/stream_gen_hyperplane.arff,1,34000.0,5.359375,4.137238849782283E-9,34000.0,0.846,0.8462906015760139,0.8462906015760138,0.6919605709530819,0.8462418757777327,0.845941535064561,0.8462906015760139,0.484,0.516,34000.0,2984.0
meta.imbalanced.OnlineAdaBoost -l (trees.HoeffdingTree -e 2000000 -g 100 -c 0.01),ArffFileStream -f ./../../../Dataset/Synthetic_IM50/stream_gen_hyperplane.arff,1,34500.0,5.421875,4.185486533161668E-9,34500.0,0.864,0.8636450931438449,0.8636450931438447,0.7277560694382167,0.8633601913743375,0.8646956856702619,0.8636450931438449,0.492,0.508,34500.0,2984.0
meta.imbalanced.OnlineAdaBoost -l (trees.HoeffdingTree -e 2000000 -g 100 -c 0.01),ArffFileStream -f ./../../../Dataset/Synthetic_IM50/stream_gen_hyperplane.arff,1,35000.0,5.5,4.245796137385899E-9,35000.0,0.848,0.848611200205273,0.848611200205273,0.6958832191561559,0.8485156635131418,0.8478302611367128,0.848611200205273,0.476,0.524,35000.0,2984.0
meta.imbalanced.OnlineAdaBoost -l (trees.HoeffdingTree -e 2000000 -g 100 -c 0.01),ArffFileStream -f ./../../../Dataset/Synthetic_IM50/stream_gen_hyperplane.arff,1,35500.0,5.546875,4.281981899920438E-9,35500.0,0.818,0.8182072829131652,0.8182072829131652,0.6360582306830908,0.8181416395080493,0.8181003584229392,0.8182072829131652,0.51,0.49,35500.0,2984.0
meta.imbalanced.OnlineAdaBoost -l (trees.HoeffdingTree -e 2000000 -g 100 -c 0.01),ArffFileStream -f ./../../../Dataset/Synthetic_IM50/stream_gen_hyperplane.arff,1,36000.0,5.609375,4.330229583299823E-9,36000.0,0.87,0.8708990371477713,0.8708990371477714,0.7395749863777685,0.8707986762201463,0.8693967725409837,0.8708990371477713,0.534,0.466,36000.0,2984.0
meta.imbalanced.OnlineAdaBoost -l (trees.HoeffdingTree -e 2000000 -g 100 -c 0.01),ArffFileStream -f ./../../../Dataset/Synthetic_IM50/stream_gen_hyperplane.arff,1,36500.0,5.671875,4.378477266679208E-9,36500.0,0.858,0.8580466397591133,0.8580466397591133,0.7158181235991035,0.8580454018975912,0.8578231292517007,0.8580466397591133,0.516,0.484,36500.0,2984.0
meta.imbalanced.OnlineAdaBoost -l (trees.HoeffdingTree -e 2000000 -g 100 -c 0.01),ArffFileStream -f ./../../../Dataset/Synthetic_IM50/stream_gen_hyperplane.arff,1,37000.0,5.734375,4.426724950058593E-9,37000.0,0.844,0.8433172302737519,0.843317230273752,0.6861924686192469,0.8432740427115678,0.8428975810602162,0.8433172302737519,0.46,0.54,37000.0,2984.0
meta.imbalanced.OnlineAdaBoost -l (trees.HoeffdingTree -e 2000000 -g 100 -c 0.01),ArffFileStream -f ./../../../Dataset/Synthetic_IM50/stream_gen_hyperplane.arff,1,37500.0,5.796875,4.474972633437978E-9,37500.0,0.856,0.856697117858981,0.856697117858981,0.7113349156456475,0.8566424031628085,0.8552117368185022,0.856697117858981,0.536,0.464,37500.0,2984.0
meta.imbalanced.OnlineAdaBoost -l (trees.HoeffdingTree -e 2000000 -g 100 -c 0.01),ArffFileStream -f ./../../../Dataset/Synthetic_IM50/stream_gen_hyperplane.arff,1,38000.0,5.859375,4.523220316817363E-9,38000.0,0.874,0.8729283983892445,0.8729283983892445,0.7469473007712082,0.8726851152938679,0.8743156199677939,0.8729283983892445,0.474,0.526,38000.0,2984.0
meta.imbalanced.OnlineAdaBoost -l (trees.HoeffdingTree -e 2000000 -g 100 -c 0.01),ArffFileStream -f ./../../../Dataset/Synthetic_IM50/stream_gen_hyperplane.arff,1,38500.0,5.921875,4.571468000196748E-9,38500.0,0.842,0.8418934702955247,0.8418934702955247,0.6839292001408316,0.841472120278068,0.8429635336414998,0.8418934702955247,0.498,0.502,38500.0,2984.0
meta.imbalanced.OnlineAdaBoost -l (trees.HoeffdingTree -e 2000000 -g 100 -c 0.01),ArffFileStream -f ./../../../Dataset/Synthetic_IM50/stream_gen_hyperplane.arff,1,39000.0,5.984375,4.619715683576133E-9,39000.0,0.786,0.7839717043458645,0.7839717043458644,0.5685205497128847,0.7835997611668244,0.7845907887087398,0.7839717043458645,0.458,0.542,39000.0,2984.0
meta.imbalanced.OnlineAdaBoost -l (trees.HoeffdingTree -e 2000000 -g 100 -c 0.01),ArffFileStream -f ./../../../Dataset/Synthetic_IM50/stream_gen_hyperplane.arff,1,39500.0,6.0625,4.680025287800364E-9,39500.0,0.822,0.8235649109255057,0.8235649109255057,0.6437834203195543,0.8233074613875669,0.8217165898617511,0.8235649109255057,0.538,0.462,39500.0,2984.0
meta.imbalanced.OnlineAdaBoost -l (trees.HoeffdingTree -e 2000000 -g 100 -c 0.01),ArffFileStream -f ./../../../Dataset/Synthetic_IM50/stream_gen_hyperplane.arff,1,40000.0,6.125,4.728272971179749E-9,40000.0,0.832,0.8319758045158503,0.8319758045158503,0.6639516090317006,0.8319733612760914,0.8319758045158503,0.8319758045158503,0.494,0.506,40000.0,2984.0
meta.imbalanced.OnlineAdaBoost -l (trees.HoeffdingTree -e 2000000 -g 100 -c 0.01),ArffFileStream -f ./../../../Dataset/Synthetic_IM50/stream_gen_hyperplane.arff,1,40500.0,6.171875,4.764458733714288E-9,40500.0,0.862,0.8618627057406665,0.8618627057406664,0.7232028241335045,0.8618596681102175,0.8613926486625184,0.8618627057406665,0.53,0.47,40500.0,2984.0
meta.imbalanced.OnlineAdaBoost -l (trees.HoeffdingTree -e 2000000 -g 100 -c 0.01),ArffFileStream -f ./../../../Dataset/Synthetic_IM50/stream_gen_hyperplane.arff,1,41000.0,6.234375,4.812706417093673E-9,41000.0,0.874,0.8739578499303899,0.87395784993039,0.747951606708488,0.8739507913824148,0.8739997439344472,0.8739578499303899,0.494,0.506,41000.0,2984.0
meta.imbalanced.OnlineAdaBoost -l (trees.HoeffdingTree -e 2000000 -g 100 -c 0.01),ArffFileStream -f ./../../../Dataset/Synthetic_IM50/stream_gen_hyperplane.arff,1,41500.0,6.296875,4.860954100473058E-9,41500.0,0.836,0.8345663921770459,0.8345663921770459,0.6699085405126884,0.8343288358189175,0.8354295665634675,0.8345663921770459,0.536,0.464,41500.0,2984.0
meta.imbalanced.OnlineAdaBoost -l (trees.HoeffdingTree -e 2000000 -g 100 -c 0.01),ArffFileStream -f ./../../../Dataset/Synthetic_IM50/stream_gen_hyperplane.arff,1,42000.0,6.375,4.921263704697289E-9,42000.0,0.842,0.840699108100751,0.840699108100751,0.6830059065228556,0.8394143311099173,0.8447566271307279,0.840699108100751,0.514,0.486,42000.0,2984.0
meta.imbalanced.OnlineAdaBoost -l (trees.HoeffdingTree -e 2000000 -g 100 -c 0.01),ArffFileStream -f ./../../../Dataset/Synthetic_IM50/stream_gen_hyperplane.arff,1,42500.0,6.4375,4.969511388076674E-9,42500.0,0.846,0.8459212557900154,0.8459212557900154,0.6908425143738156,0.8459205488012451,0.8450610450658581,0.8459212557900154,0.536,0.464,42500.0,2984.0
meta.imbalanced.OnlineAdaBoost -l (trees.HoeffdingTree -e 2000000 -g 100 -c 0.01),ArffFileStream -f ./../../../Dataset/Synthetic_IM50/stream_gen_hyperplane.arff,1,43000.0,6.5,5.017759071456059E-9,43000.0,0.862,0.8613782051282051,0.8613782051282051,0.723336006415397,0.8612379283512595,0.8621035728623043,0.8613782051282051,0.52,0.48,43000.0,2984.0
meta.imbalanced.OnlineAdaBoost -l (trees.HoeffdingTree -e 2000000 -g 100 -c 0.01),ArffFileStream -f ./../../../Dataset/Synthetic_IM50/stream_gen_hyperplane.arff,1,43500.0,6.5625,5.066006754835444E-9,43500.0,0.856,0.8552117368185022,0.8552117368185022,0.7113349156456475,0.8548568997479659,0.856697117858981,0.8552117368185022,0.516,0.484,43500.0,2984.0
meta.imbalanced.OnlineAdaBoost -l (trees.HoeffdingTree -e 2000000 -g 100 -c 0.01),ArffFileStream -f ./../../../Dataset/Synthetic_IM50/stream_gen_hyperplane.arff,1,44000.0,6.625,5.114254438214829E-9,44000.0,0.858,0.8576675041205933,0.8576675041205933,0.7157817203612374,0.8572198171515565,0.8590868196131354,0.8576675041205933,0.506,0.494,44000.0,2984.0
meta.imbalanced.OnlineAdaBoost -l (trees.HoeffdingTree -e 2000000 -g 100 -c 0.01),ArffFileStream -f ./../../../Dataset/Synthetic_IM50/stream_gen_hyperplane.arff,1,44500.0,6.6875,5.162502121594214E-9,44500.0,0.864,0.8658028096734878,0.8658028096734877,0.7285212392206962,0.8649877812416489,0.8655448717948717,0.8658028096734878,0.476,0.524,44500.0,2984.0
meta.imbalanced.OnlineAdaBoost -l (trees.HoeffdingTree -e 2000000 -g 100 -c 0.01),ArffFileStream -f ./../../../Dataset/Synthetic_IM50/stream_gen_hyperplane.arff,1,45000.0,6.75,5.210749804973599E-9,45000.0,0.884,0.883752963034147,0.883752963034147,0.7677026594040371,0.8837192442940242,0.8839743589743589,0.883752963034147,0.484,0.516,45000.0,2984.0
meta.imbalanced.OnlineAdaBoost -l (trees.HoeffdingTree -e 2000000 -g 100 -c 0.01),ArffFileStream -f ./../../../Dataset/Synthetic_IM50/stream_gen_hyperplane.arff,1,45500.0,6.8125,5.258997488352984E-9,45500.0,0.858,0.858562789500772,0.858562789500772,0.715261958997722,0.8585272072085086,0.8571668882872203,0.858562789500772,0.464,0.536,45500.0,2984.0
meta.imbalanced.OnlineAdaBoost -l (trees.HoeffdingTree -e 2000000 -g 100 -c 0.01),ArffFileStream -f ./../../../Dataset/Synthetic_IM50/stream_gen_hyperplane.arff,1,46000.0,6.859375,5.295183250887523E-9,46000.0,0.872,0.8715455229978051,0.8715455229978052,0.7435198691951332,0.8714540860897461,0.8720700774895317,0.8715455229978051,0.518,0.482,46000.0,2984.0
meta.imbalanced.OnlineAdaBoost -l (trees.HoeffdingTree -e 2000000 -g 100 -c 0.01),ArffFileStream -f ./../../../Dataset/Synthetic_IM50/stream_gen_hyperplane.arff,1,46500.0,6.921875,5.343430934266908E-9,46500.0,0.844,0.8437374981997408,0.8437374981997408,0.6878051904388338,0.8434538776245504,0.8446198520800243,0.8437374981997408,0.506,0.494,46500.0,2984.0
meta.imbalanced.OnlineAdaBoost -l (trees.HoeffdingTree -e 2000000 -g 100 -c 0.01),ArffFileStream -f ./../../../Dataset/Synthetic_IM50/stream_gen_hyperplane.arff,1,47000.0,7.0,5.403740538491139E-9,47000.0,0.864,0.8637324620411302,0.8637324620411301,0.7276513937840435,0.8636919977629802,0.8639423076923077,0.8637324620411302,0.516,0.484,47000.0,2984.0
meta.imbalanced.OnlineAdaBoost -l (trees.HoeffdingTree -e 2000000 -g 100 -c 0.01),ArffFileStream -f ./../../../Dataset/Synthetic_IM50/stream_gen_hyperplane.arff,1,47500.0,7.0625,5.451988221870524E-9,47500.0,0.864,0.8640458247331957,0.8640458247331957,0.7280217582593392,0.8639698739557357,0.8641856742697078,0.8640458247331957,0.498,0.502,47500.0,2984.0
meta.imbalanced.OnlineAdaBoost -l (trees.HoeffdingTree -e 2000000 -g 100 -c 0.01),ArffFileStream -f ./../../../Dataset/Synthetic_IM50/stream_gen_hyperplane.arff,1,48000.0,7.125,5.500235905249909E-9,48000.0,0.834,0.8287739810089787,0.8287739810089788,0.6624259777445175,0.8269841888773858,0.8356745972861124,0.8287739810089787,0.548,0.452,48000.0,2984.0
meta.imbalanced.OnlineAdaBoost -l (trees.HoeffdingTree -e 2000000 -g 100 -c 0.01),ArffFileStream -f ./../../../Dataset/Synthetic_IM50/stream_gen_hyperplane.arff,1,48500.0,7.203125,5.5605455094741404E-9,48500.0,0.838,0.8378980075597412,0.8378980075597412,0.6757094356543463,0.8378919455528382,0.8378168484091528,0.8378980075597412,0.484,0.516,48500.0,2984.0
meta.imbalanced.OnlineAdaBoost -l (trees.HoeffdingTree -e 2000000 -g 100 -c 0.01),ArffFileStream -f ./../../../Dataset/Synthetic_IM50/stream_gen_hyperplane.arff,1,49000.0,7.265625,5.608793192853525E-9,49000.0,0.85,0.8482376345638607,0.8482376345638607,0.6983687783533349,0.8475602876639943,0.8510934265010353,0.8482376345638607,0.526,0.474,49000.0,2984.0
meta.imbalanced.OnlineAdaBoost -l (trees.HoeffdingTree -e 2000000 -g 100 -c 0.01),ArffFileStream -f ./../../../Dataset/Synthetic_IM50/stream_gen_hyperplane.arff,1,49500.0,7.328125,5.65704087623291E-9,49500.0,0.852,0.8516265368852459,0.8516265368852459,0.7036586147241622,0.8514843596649903,0.8522355507088331,0.8516265368852459,0.512,0.488,49500.0,2984.0
meta.imbalanced.OnlineAdaBoost -l (trees.HoeffdingTree -e 2000000 -g 100 -c 0.01),ArffFileStream -f ./../../../Dataset/Synthetic_IM50/stream_gen_hyperplane.arff,1,50000.0,7.390625,5.705288559612295E-9,50000.0,0.868,0.8677318135245902,0.8677318135245902,0.7357463164638053,0.8676598597216142,0.8681089743589744,0.8677318135245902,0.488,0.512,50000.0,2984.0
meta.imbalanced.OnlineAdaBoost -l (trees.HoeffdingTree -e 2000000 -g 100 -c 0.01),ArffFileStream -f ./../../../Dataset/Synthetic_IM50/stream_gen_hyperplane.arff,1,50500.0,7.453125,5.75353624299168E-9,50500.0,0.854,0.8538296612745804,0.8538296612745805,0.7078971798072922,0.8527670463767735,0.8565853973168214,0.8538296612745804,0.502,0.498,50500.0,2984.0
meta.imbalanced.OnlineAdaBoost -l (trees.HoeffdingTree -e 2000000 -g 100 -c 0.01),ArffFileStream -f ./../../../Dataset/Synthetic_IM50/stream_gen_hyperplane.arff,1,51000.0,7.53125,5.8138458472159115E-9,51000.0,0.84,0.8405351770053133,0.8405351770053133,0.6802864633288573,0.8398693811705613,0.8415190035952749,0.8405351770053133,0.492,0.508,51000.0,2984.0
meta.imbalanced.OnlineAdaBoost -l (trees.HoeffdingTree -e 2000000 -g 100 -c 0.01),ArffFileStream -f ./../../../Dataset/Synthetic_IM50/stream_gen_hyperplane.arff,1,51500.0,7.59375,5.8620935305952964E-9,51500.0,0.866,0.8651579217118329,0.8651579217118329,0.7313466350163598,0.8647576267898222,0.8669032330742368,0.8651579217118329,0.516,0.484,51500.0,2984.0
meta.imbalanced.OnlineAdaBoost -l (trees.HoeffdingTree -e 2000000 -g 100 -c 0.01),ArffFileStream -f ./../../../Dataset/Synthetic_IM50/stream_gen_hyperplane.arff,1,52000.0,7.671875,5.922403134819528E-9,52000.0,0.84,0.8395358143257303,0.8395358143257303,0.6796155386463757,0.83921493831144,0.8406262545162586,0.8395358143257303,0.51,0.49,52000.0,2984.0
meta.imbalanced.OnlineAdaBoost -l (trees.HoeffdingTree -e 2000000 -g 100 -c 0.01),ArffFileStream -f ./../../../Dataset/Synthetic_IM50/stream_gen_hyperplane.arff,1,52500.0,7.734375,5.970650818198913E-9,52500.0,0.858,0.8579749103942653,0.8579749103942652,0.7159727333824047,0.8579691784155834,0.8580035525115617,0.8579749103942653,0.504,0.496,52500.0,2984.0
meta.imbalanced.OnlineAdaBoost -l (trees.HoeffdingTree -e 2000000 -g 100 -c 0.01),ArffFileStream -f ./../../../Dataset/Synthetic_IM50/stream_gen_hyperplane.arff,1,53000.0,7.78125,6.006836580733452E-9,53000.0,0.822,0.822036610343062,0.822036610343062,0.6440113916354676,0.8220238720911713,0.8220211523384374,0.822036610343062,0.496,0.504,53000.0,2984.0
meta.imbalanced.OnlineAdaBoost -l (trees.HoeffdingTree -e 2000000 -g 100 -c 0.01),ArffFileStream -f ./../../../Dataset/Synthetic_IM50/stream_gen_hyperplane.arff,1,53500.0,7.859375,6.0671461849576835E-9,53500.0,0.846,0.8462941628264209,0.8462941628264209,0.6921674609012697,0.8454949740548868,0.8478805998939094,0.8462941628264209,0.496,0.504,53500.0,2984.0
meta.imbalanced.OnlineAdaBoost -l (trees.HoeffdingTree -e 2000000 -g 100 -c 0.01),ArffFileStream -f ./../../../Dataset/Synthetic_IM50/stream_gen_hyperplane.arff,1,54000.0,7.921875,6.115393868337068E-9,54000.0,0.88,0.880152329749104,0.880152329749104,0.7600614242753855,0.8799463367476198,0.8805176500736754,0.880152329749104,0.496,0.504,54000.0,2984.0
meta.imbalanced.OnlineAdaBoost -l (trees.HoeffdingTree -e 2000000 -g 100 -c 0.01),ArffFileStream -f ./../../../Dataset/Synthetic_IM50/stream_gen_hyperplane.arff,1,54500.0,7.984375,6.163641551716453E-9,54500.0,0.832,0.8316338819751103,0.8316338819751105,0.6629483990048953,0.8316114956196362,0.8313359323611045,0.8316338819751103,0.47,0.53,54500.0,2984.0
meta.imbalanced.OnlineAdaBoost -l (trees.HoeffdingTree -e 2000000 -g 100 -c 0.01),ArffFileStream -f ./../../../Dataset/Synthetic_IM50/stream_gen_hyperplane.arff,1,55000.0,8.046875,6.211889235095838E-9,55000.0,0.84,0.8407722848360656,0.8407722848360656,0.6803682158153807,0.8401562812026476,0.8413624991981525,0.8407722848360656,0.488,0.512,55000.0,2984.0
meta.imbalanced.OnlineAdaBoost -l (trees.HoeffdingTree -e 2000000 -g 100 -c 0.01),ArffFileStream -f ./../../../Dataset/Synthetic_IM50/stream_gen_hyperplane.arff,1,55500.0,8.109375,6.260136918475223E-9,55500.0,0.832,0.832,0.832,0.664,0.8319615375725009,0.8320850137635234,0.832,0.5,0.5,55500.0,2984.0
meta.imbalanced.OnlineAdaBoost -l (trees.HoeffdingTree -e 2000000 -g 100 -c 0.01),ArffFileStream -f ./../../../Dataset/Synthetic_IM50/stream_gen_hyperplane.arff,1,56000.0,8.1875,6.3204465226994545E-9,56000.0,0.854,0.8539576633226131,0.8539576633226132,0.7079719653086697,0.8538920693545864,0.854155993852459,0.8539576633226131,0.502,0.498,56000.0,2984.0
meta.imbalanced.OnlineAdaBoost -l (trees.HoeffdingTree -e 2000000 -g 100 -c 0.01),ArffFileStream -f ./../../../Dataset/Synthetic_IM50/stream_gen_hyperplane.arff,1,56500.0,8.25,6.3686942060788394E-9,56500.0,0.836,0.8359343737494997,0.8359343737494999,0.6718687474989996,0.8359279336187311,0.8359343737494997,0.8359343737494997,0.51,0.49,56500.0,2984.0
meta.imbalanced.OnlineAdaBoost -l (trees.HoeffdingTree -e 2000000 -g 100 -c 0.01),ArffFileStream -f ./../../../Dataset/Synthetic_IM50/stream_gen_hyperplane.arff,1,57000.0,8.3125,6.416941889458224E-9,57000.0,0.858,0.8577508960573477,0.8577508960573477,0.7158454199084302,0.8571855254783562,0.8593898185208404,0.8577508960573477,0.504,0.496,57000.0,2984.0
meta.imbalanced.OnlineAdaBoost -l (trees.HoeffdingTree -e 2000000 -g 100 -c 0.01),ArffFileStream -f ./../../../Dataset/Synthetic_IM50/stream_gen_hyperplane.arff,1,57500.0,8.375,6.465189572837609E-9,57500.0,0.868,0.8673359914172711,0.8673359914172711,0.7354963851172632,0.867011730095191,0.8687531144009901,0.8673359914172711,0.514,0.486,57500.0,2984.0
meta.imbalanced.OnlineAdaBoost -l (trees.HoeffdingTree -e 2000000 -g 100 -c 0.01),ArffFileStream -f ./../../../Dataset/Synthetic_IM50/stream_gen_hyperplane.arff,1,58000.0,8.4375,6.513437256216994E-9,58000.0,0.832,0.8316378025921594,0.8316378025921595,0.6634669316196856,0.8315769418354559,0.8318504624953911,0.8316378025921594,0.482,0.518,58000.0,2984.0
meta.imbalanced.OnlineAdaBoost -l (trees.HoeffdingTree -e 2000000 -g 100 -c 0.01),ArffFileStream -f ./../../../Dataset/Synthetic_IM50/stream_gen_hyperplane.arff,1,58500.0,8.515625,6.573746860441226E-9,58500.0,0.836,0.8361936475409837,0.8361936475409837,0.672,0.8361547184072778,0.836,0.8361936475409837,0.488,0.512,58500.0,2984.0
meta.imbalanced.OnlineAdaBoost -l (trees.HoeffdingTree -e 2000000 -g 100 -c 0.01),ArffFileStream -f ./../../../Dataset/Synthetic_IM50/stream_gen_hyperplane.arff,1,59000.0,8.59375,6.634056464665457E-9,59000.0,0.886,0.8870370370370371,0.887037037037037,0.7713414634146342,0.886942313043338,0.8850590365113187,0.8870370370370371,0.46,0.54,59000.0,2984.0
meta.imbalanced.OnlineAdaBoost -l (trees.HoeffdingTree -e 2000000 -g 100 -c 0.01),ArffFileStream -f ./../../../Dataset/Synthetic_IM50/stream_gen_hyperplane.arff,1,59500.0,8.640625,6.670242227199996E-9,59500.0,0.864,0.8638255635245902,0.8638255635245902,0.7277909434445654,0.8637949858988152,0.8639887244538407,0.8638255635245902,0.512,0.488,59500.0,2984.0
meta.imbalanced.OnlineAdaBoost -l (trees.HoeffdingTree -e 2000000 -g 100 -c 0.01),ArffFileStream -f ./../../../Dataset/Synthetic_IM50/stream_gen_hyperplane.arff,1,60000.0,8.703125,6.718489910579381E-9,60000.0,0.88,0.8800787313373126,0.8800787313373126,0.7600115194470666,0.8800542752330331,0.8800300804812877,0.8800787313373126,0.494,0.506,60000.0,2984.0
meta.imbalanced.OnlineAdaBoost -l (trees.HoeffdingTree -e 2000000 -g 100 -c 0.01),ArffFileStream -f ./../../../Dataset/Synthetic_IM50/stream_gen_hyperplane.arff,1,60500.0,8.765625,6.766737593958766E-9,60500.0,0.856,0.8561024409763905,0.8561024409763907,0.7119769581566525,0.856087118266374,0.8559656954511272,0.8561024409763905,0.49,0.51,60500.0,2984.0
meta.imbalanced.OnlineAdaBoost -l (trees.HoeffdingTree -e 2000000 -g 100 -c 0.01),ArffFileStream -f ./../../../Dataset/Synthetic_IM50/stream_gen_hyperplane.arff,1,61000.0,8.828125,6.814985277338151E-9,61000.0,0.858,0.8565421160760144,0.8565421160760144,0.714529254720319,0.8561463929271905,0.8584579884139356,0.8565421160760144,0.528,0.472,61000.0,2984.0
meta.imbalanced.OnlineAdaBoost -l (trees.HoeffdingTree -e 2000000 -g 100 -c 0.01),ArffFileStream -f ./../../../Dataset/Synthetic_IM50/stream_gen_hyperplane.arff,1,61500.0,8.890625,6.863232960717536E-9,61500.0,0.896,0.8959583833533413,0.8959583833533413,0.7919167667066827,0.895955967019549,0.8959583833533413,0.8959583833533413,0.51,0.49,61500.0,2984.0
meta.imbalanced.OnlineAdaBoost -l (trees.HoeffdingTree -e 2000000 -g 100 -c 0.01),ArffFileStream -f ./../../../Dataset/Synthetic_IM50/stream_gen_hyperplane.arff,1,62000.0,8.953125,6.911480644096921E-9,62000.0,0.872,0.8720939535032561,0.872093953503256,0.7440450480715394,0.8717775862790687,0.872809759694769,0.8720939535032561,0.498,0.502,62000.0,2984.0
meta.imbalanced.OnlineAdaBoost -l (trees.HoeffdingTree -e 2000000 -g 100 -c 0.01),ArffFileStream -f ./../../../Dataset/Synthetic_IM50/stream_gen_hyperplane.arff,1,62500.0,9.015625,6.9597283274763056E-9,62500.0,0.854,0.8545550643859312,0.8545550643859311,0.7081120849593756,0.8543790040761704,0.854243010993583,0.8545550643859312,0.484,0.516,62500.0,2984.0
meta.imbalanced.OnlineAdaBoost -l (trees.HoeffdingTree -e 2000000 -g 100 -c 0.01),ArffFileStream -f ./../../../Dataset/Synthetic_IM50/stream_gen_hyperplane.arff,1,63000.0,9.078125,7.0079760108556905E-9,63000.0,0.852,0.8524332306111968,0.8524332306111967,0.7036016406049731,0.8523981246561425,0.851530481557377,0.8524332306111968,0.528,0.472,63000.0,2984.0
meta.imbalanced.OnlineAdaBoost -l (trees.HoeffdingTree -e 2000000 -g 100 -c 0.01),ArffFileStream -f ./../../../Dataset/Synthetic_IM50/stream_gen_hyperplane.arff,1,63500.0,9.15625,7.068285615079922E-9,63500.0,0.862,0.8620057920926735,0.8620057920926736,0.724,0.862004575875454,0.862,0.8620057920926735,0.502,0.498,63500.0,2984.0
meta.imbalanced.OnlineAdaBoost -l (trees.HoeffdingTree -e 2000000 -g 100 -c 0.01),ArffFileStream -f ./../../../Dataset/Synthetic_IM50/stream_gen_hyperplane.arff,1,64000.0,9.25,7.140657140149E-9,64000.0,0.878,0.878,0.8779999999999999,0.756,0.8778154703580929,0.8784905237187395,0.878,0.5,0.5,64000.0,2984.0
meta.imbalanced.OnlineAdaBoost -l (trees.HoeffdingTree -e 2000000 -g 100 -c 0.01),ArffFileStream -f ./../../../Dataset/Synthetic_IM50/stream_gen_hyperplane.arff,1,64500.0,9.328125,7.200966744373232E-9,64500.0,0.85,0.8500696011136178,0.8500696011136178,0.7000383950854291,0.8498914972212116,0.8504228329809725,0.8500696011136178,0.498,0.502,64500.0,2984.0
meta.imbalanced.OnlineAdaBoost -l (trees.HoeffdingTree -e 2000000 -g 100 -c 0.01),ArffFileStream -f ./../../../Dataset/Synthetic_IM50/stream_gen_hyperplane.arff,1,65000.0,9.390625,7.2492144277526166E-9,65000.0,0.85,0.8502304147465438,0.8502304147465438,0.7001247481047884,0.8497424386139407,0.8511575299610146,0.8502304147465438,0.504,0.496,65000.0,2984.0
meta.imbalanced.OnlineAdaBoost -l (trees.HoeffdingTree -e 2000000 -g 100 -c 0.01),ArffFileStream -f ./../../../Dataset/Synthetic_IM50/stream_gen_hyperplane.arff,1,65500.0,9.46875,7.309524031976848E-9,65500.0,0.886,0.8866720192693698,0.8866720192693697,0.7716712065374138,0.8866012759754073,0.8855020491803278,0.8866720192693698,0.47,0.53,65500.0,2984.0
meta.imbalanced.OnlineAdaBoost -l (trees.HoeffdingTree -e 2000000 -g 100 -c 0.01),ArffFileStream -f ./../../../Dataset/Synthetic_IM50/stream_gen_hyperplane.arff,1,66000.0,9.515625,7.345709794511387E-9,66000.0,0.862,0.8618686383714231,0.861868638371423,0.7238762965808683,0.8618295330498216,0.8620598549262621,0.8618686383714231,0.492,0.508,66000.0,2984.0
meta.imbalanced.OnlineAdaBoost -l (trees.HoeffdingTree -e 2000000 -g 100 -c 0.01),ArffFileStream -f ./../../../Dataset/Synthetic_IM50/stream_gen_hyperplane.arff,1,66500.0,9.578125,7.393957477890772E-9,66500.0,0.866,0.8648062463851938,0.8648062463851938,0.7305514445659868,0.8646050727080301,0.8658937462737073,0.8648062463851938,0.532,0.468,66500.0,2984.0
meta.imbalanced.OnlineAdaBoost -l (trees.HoeffdingTree -e 2000000 -g 100 -c 0.01),ArffFileStream -f ./../../../Dataset/Synthetic_IM50/stream_gen_hyperplane.arff,1,67000.0,9.640625,7.442205161270157E-9,67000.0,0.848,0.8480192076830733,0.8480192076830733,0.6959270224853965,0.8480186638640123,0.8479301019346785,0.8480192076830733,0.49,0.51,67000.0,2984.0
meta.imbalanced.OnlineAdaBoost -l (trees.HoeffdingTree -e 2000000 -g 100 -c 0.01),ArffFileStream -f ./../../../Dataset/Synthetic_IM50/stream_gen_hyperplane.arff,1,67500.0,9.71875,7.502514765494388E-9,67500.0,0.862,0.8620648259303721,0.8620648259303721,0.7239558329332694,0.8620587323977649,0.8619431643625193,0.8620648259303721,0.51,0.49,67500.0,2984.0
meta.imbalanced.OnlineAdaBoost -l (trees.HoeffdingTree -e 2000000 -g 100 -c 0.01),ArffFileStream -f ./../../../Dataset/Synthetic_IM50/stream_gen_hyperplane.arff,1,68000.0,9.78125,7.550762448873773E-9,68000.0,0.834,0.8341441167528124,0.8341441167528124,0.6680637317635014,0.8340576562282991,0.8341815504769221,0.8341441167528124,0.494,0.506,68000.0,2984.0
meta.imbalanced.OnlineAdaBoost -l (trees.HoeffdingTree -e 2000000 -g 100 -c 0.01),ArffFileStream -f ./../../../Dataset/Synthetic_IM50/stream_gen_hyperplane.arff,1,68500.0,9.84375,7.599010132253157E-9,68500.0,0.874,0.872325043377675,0.872325043377675,0.7463768115942029,0.8719323653470686,0.8745454545454545,0.872325043377675,0.532,0.468,68500.0,2984.0
meta.imbalanced.OnlineAdaBoost -l (trees.HoeffdingTree -e 2000000 -g 100 -c 0.01),ArffFileStream -f ./../../../Dataset/Synthetic_IM50/stream_gen_hyperplane.arff,1,69000.0,9.921875,7.659319736477388E-9,69000.0,0.846,0.8461846232635555,0.8461846232635555,0.6920591246480676,0.8461059444235765,0.8461458450016802,0.8461846232635555,0.492,0.508,69000.0,2984.0
meta.imbalanced.OnlineAdaBoost -l (trees.HoeffdingTree -e 2000000 -g 100 -c 0.01),ArffFileStream -f ./../../../Dataset/Synthetic_IM50/stream_gen_hyperplane.arff,1,69500.0,9.984375,7.707567419856773E-9,69500.0,0.864,0.8640618249891998,0.8640618249891997,0.7280304605884141,0.8639235740637415,0.8643416438487774,0.8640618249891998,0.498,0.502,69500.0,2984.0
meta.imbalanced.OnlineAdaBoost -l (trees.HoeffdingTree -e 2000000 -g 100 -c 0.01),ArffFileStream -f ./../../../Dataset/Synthetic_IM50/stream_gen_hyperplane.arff,1,70000.0,10.0625,7.767877024081004E-9,70000.0,0.866,0.8662264905962385,0.8662264905962385,0.7320428731402976,0.8661524623501419,0.8661034306195596,0.8662264905962385,0.49,0.51,70000.0,2984.0
meta.imbalanced.OnlineAdaBoost -l (trees.HoeffdingTree -e 2000000 -g 100 -c 0.01),ArffFileStream -f ./../../../Dataset/Synthetic_IM50/stream_gen_hyperplane.arff,1,70500.0,10.125,7.816124707460389E-9,70500.0,0.878,0.8775038520801233,0.8775038520801234,0.7551773960507304,0.8774591241977626,0.8776796467282216,0.8775038520801233,0.472,0.528,70500.0,2984.0
meta.imbalanced.OnlineAdaBoost -l (trees.HoeffdingTree -e 2000000 -g 100 -c 0.01),ArffFileStream -f ./../../../Dataset/Synthetic_IM50/stream_gen_hyperplane.arff,1,71000.0,10.1875,7.864372390839774E-9,71000.0,0.85,0.8501400560224089,0.850140056022409,0.7,0.8501112136833934,0.85,0.8501400560224089,0.49,0.51,71000.0,2984.0
meta.imbalanced.OnlineAdaBoost -l (trees.HoeffdingTree -e 2000000 -g 100 -c 0.01),ArffFileStream -f ./../../../Dataset/Synthetic_IM50/stream_gen_hyperplane.arff,1,71500.0,10.25,7.912620074219158E-9,71500.0,0.862,0.8621794871794872,0.8621794871794872,0.7237790232185749,0.8621678104251708,0.8617446978791516,0.8621794871794872,0.48,0.52,71500.0,2984.0
meta.imbalanced.OnlineAdaBoost -l (trees.HoeffdingTree -e 2000000 -g 100 -c 0.01),ArffFileStream -f ./../../../Dataset/Synthetic_IM50/stream_gen_hyperplane.arff,1,72000.0,10.3125,7.960867757598543E-9,72000.0,0.874,0.874198717948718,0.874198717948718,0.7477982385908727,0.8741846017568131,0.87374949979992,0.874198717948718,0.52,0.48,72000.0,2984.0
meta.imbalanced.OnlineAdaBoost -l (trees.HoeffdingTree -e 2000000 -g 100 -c 0.01),ArffFileStream -f ./../../../Dataset/Synthetic_IM50/stream_gen_hyperplane.arff,1,72500.0,10.359375,7.997053520133082E-9,72500.0,0.868,0.868187274909964,0.868187274909964,0.7360211183105352,0.8681367775793365,0.8680458887342197,0.868187274909964,0.49,0.51,72500.0,2984.0
meta.imbalanced.OnlineAdaBoost -l (trees.HoeffdingTree -e 2000000 -g 100 -c 0.01),ArffFileStream -f ./../../../Dataset/Synthetic_IM50/stream_gen_hyperplane.arff,1,73000.0,10.421875,8.045301203512467E-9,73000.0,0.848,0.8479325572059414,0.8479325572059414,0.6951953156332719,0.8479318121695405,0.8473524743904198,0.8479325572059414,0.53,0.47,73000.0,2984.0
meta.imbalanced.OnlineAdaBoost -l (trees.HoeffdingTree -e 2000000 -g 100 -c 0.01),ArffFileStream -f ./../../../Dataset/Synthetic_IM50/stream_gen_hyperplane.arff,1,73500.0,10.484375,8.093548886891852E-9,73500.0,0.85,0.85,0.8500000000000001,0.699663623258049,0.85,0.8497141759139165,0.85,0.48,0.52,73500.0,2984.0
meta.imbalanced.OnlineAdaBoost -l (trees.HoeffdingTree -e 2000000 -g 100 -c 0.01),ArffFileStream -f ./../../../Dataset/Synthetic_IM50/stream_gen_hyperplane.arff,1,74000.0,10.546875,8.141796570271237E-9,74000.0,0.868,0.8672331386086033,0.8672331386086034,0.7344662772172066,0.8671744362703913,0.8672331386086033,0.8672331386086033,0.538,0.462,74000.0,2984.0
meta.imbalanced.OnlineAdaBoost -l (trees.HoeffdingTree -e 2000000 -g 100 -c 0.01),ArffFileStream -f ./../../../Dataset/Synthetic_IM50/stream_gen_hyperplane.arff,1,74500.0,10.609375,8.190044253650622E-9,74500.0,0.838,0.8372564090246754,0.8372564090246754,0.6753454965209863,0.8368351269726388,0.8387480699948533,0.8372564090246754,0.514,0.486,74500.0,2984.0
meta.imbalanced.OnlineAdaBoost -l (trees.HoeffdingTree -e 2000000 -g 100 -c 0.01),ArffFileStream -f ./../../../Dataset/Synthetic_IM50/stream_gen_hyperplane.arff,1,75000.0,10.671875,8.238291937030007E-9,75000.0,0.884,0.8823680699554741,0.8823680699554741,0.7664115988723319,0.8820416431531024,0.8844444444444444,0.8823680699554741,0.466,0.534,75000.0,2984.0
meta.imbalanced.OnlineAdaBoost -l (trees.HoeffdingTree -e 2000000 -g 100 -c 0.01),ArffFileStream -f ./../../../Dataset/Synthetic_IM50/stream_gen_hyperplane.arff,1,75500.0,10.734375,8.286539620409392E-9,75500.0,0.86,0.8592948717948719,0.8592948717948719,0.7192813602823227,0.8591140338028026,0.8601953601953602,0.8592948717948719,0.52,0.48,75500.0,2984.0
meta.imbalanced.OnlineAdaBoost -l (trees.HoeffdingTree -e 2000000 -g 100 -c 0.01),ArffFileStream -f ./../../../Dataset/Synthetic_IM50/stream_gen_hyperplane.arff,1,76000.0,10.78125,8.32272538294393E-9,76000.0,0.856,0.8561111911738803,0.8561111911738803,0.7119031994750236,0.85610198102323,0.855883247187595,0.8561111911738803,0.486,0.514,76000.0,2984.0
meta.imbalanced.OnlineAdaBoost -l (trees.HoeffdingTree -e 2000000 -g 100 -c 0.01),ArffFileStream -f ./../../../Dataset/Synthetic_IM50/stream_gen_hyperplane.arff,1,76500.0,10.859375,8.383034987168161E-9,76500.0,0.838,0.8378274268104777,0.8378274268104776,0.6751996920411895,0.8378217593630818,0.8374212475352282,0.8378274268104777,0.528,0.472,76500.0,2984.0
meta.imbalanced.OnlineAdaBoost -l (trees.HoeffdingTree -e 2000000 -g 100 -c 0.01),ArffFileStream -f ./../../../Dataset/Synthetic_IM50/stream_gen_hyperplane.arff,1,77000.0,10.921875,8.431282670547546E-9,77000.0,0.842,0.8416153055983564,0.8416153055983565,0.6830771205751147,0.8415872693891856,0.8414673276539764,0.8416153055983564,0.528,0.472,77000.0,2984.0
meta.imbalanced.OnlineAdaBoost -l (trees.HoeffdingTree -e 2000000 -g 100 -c 0.01),ArffFileStream -f ./../../../Dataset/Synthetic_IM50/stream_gen_hyperplane.arff,1,77500.0,10.984375,8.479530353926931E-9,77500.0,0.826,0.8267114179977251,0.8267114179977251,0.6522003326084176,0.826475194652931,0.8263715511170859,0.8267114179977251,0.482,0.518,77500.0,2984.0
meta.imbalanced.OnlineAdaBoost -l (trees.HoeffdingTree -e 2000000 -g 100 -c 0.01),ArffFileStream -f ./../../../Dataset/Synthetic_IM50/stream_gen_hyperplane.arff,1,78000.0,11.046875,8.527778037306316E-9,78000.0,0.86,0.8600137602201635,0.8600137602201636,0.7200044799283212,0.8600068800825611,0.8600137602201635,0.8600137602201635,0.502,0.498,78000.0,2984.0
meta.imbalanced.OnlineAdaBoost -l (trees.HoeffdingTree -e 2000000 -g 100 -c 0.01),ArffFileStream -f ./../../../Dataset/Synthetic_IM50/stream_gen_hyperplane.arff,1,78500.0,11.109375,8.576025720685701E-9,78500.0,0.856,0.8548460144927537,0.8548460144927537,0.7090956105759907,0.8547739975903115,0.8542729797816678,0.8548460144927537,0.448,0.552,78500.0,2984.0
meta.imbalanced.OnlineAdaBoost -l (trees.HoeffdingTree -e 2000000 -g 100 -c 0.01),ArffFileStream -f ./../../../Dataset/Synthetic_IM50/stream_gen_hyperplane.arff,1,79000.0,11.171875,8.624273404065086E-9,79000.0,0.878,0.8773509403761505,0.8773509403761504,0.7556089743589743,0.8767505212947616,0.8796296296296297,0.8773509403761505,0.51,0.49,79000.0,2984.0
meta.imbalanced.OnlineAdaBoost -l (trees.HoeffdingTree -e 2000000 -g 100 -c 0.01),ArffFileStream -f ./../../../Dataset/Synthetic_IM50/stream_gen_hyperplane.arff,1,79500.0,11.234375,8.672521087444471E-9,79500.0,0.846,0.845608475769797,0.845608475769797,0.6917040358744395,0.8452543406895444,0.846768366118025,0.845608475769797,0.508,0.492,79500.0,2984.0
meta.imbalanced.OnlineAdaBoost -l (trees.HoeffdingTree -e 2000000 -g 100 -c 0.01),ArffFileStream -f ./../../../Dataset/Synthetic_IM50/stream_gen_hyperplane.arff,1,80000.0,11.296875,8.720768770823856E-9,80000.0,0.884,0.8842213114754098,0.8842213114754098,0.768,0.8841732268520502,0.884,0.8842213114754098,0.488,0.512,80000.0,2984.0
meta.imbalanced.OnlineAdaBoost -l (trees.HoeffdingTree -e 2000000 -g 100 -c 0.01),ArffFileStream -f ./../../../Dataset/Synthetic_IM50/stream_gen_hyperplane.arff,1,80500.0,11.359375,8.76901645420324E-9,80500.0,0.87,0.8690705128205128,0.8690705128205127,0.7392071898571658,0.8687597997971532,0.8706207051931959,0.8690705128205128,0.48,0.52,80500.0,2984.0
meta.imbalanced.OnlineAdaBoost -l (trees.HoeffdingTree -e 2000000 -g 100 -c 0.01),ArffFileStream -f ./../../../Dataset/Synthetic_IM50/stream_gen_hyperplane.arff,1,81000.0,11.421875,8.817264137582626E-9,81000.0,0.868,0.868187274909964,0.868187274909964,0.7360211183105352,0.8681367775793365,0.8680458887342197,0.868187274909964,0.49,0.51,81000.0,2984.0
meta.imbalanced.OnlineAdaBoost -l (trees.HoeffdingTree -e 2000000 -g 100 -c 0.01),ArffFileStream -f ./../../../Dataset/Synthetic_IM50/stream_gen_hyperplane.arff,1,81500.0,11.484375,8.86551182096201E-9,81500.0,0.828,0.8279272215198988,0.827927221519899,0.6559174201808434,0.8279050075008655,0.8280112044817927,0.8279272215198988,0.494,0.506,81500.0,2984.0
meta.imbalanced.OnlineAdaBoost -l (trees.HoeffdingTree -e 2000000 -g 100 -c 0.01),ArffFileStream -f ./../../../Dataset/Synthetic_IM50/stream_gen_hyperplane.arff,1,82000.0,11.546875,8.913759504341395E-9,82000.0,0.878,0.8775110044017607,0.8775110044017607,0.7556872797180391,0.8771703204671505,0.8789120236488658,0.8775110044017607,0.51,0.49,82000.0,2984.0
meta.imbalanced.OnlineAdaBoost -l (trees.HoeffdingTree -e 2000000 -g 100 -c 0.01),ArffFileStream -f ./../../../Dataset/Synthetic_IM50/stream_gen_hyperplane.arff,1,82500.0,11.609375,8.96200718772078E-9,82500.0,0.874,0.8737266451021097,0.8737266451021098,0.746768280918387,0.873719241845564,0.8730962020435704,0.8737266451021097,0.538,0.462,82500.0,2984.0
meta.imbalanced.OnlineAdaBoost -l (trees.HoeffdingTree -e 2000000 -g 100 -c 0.01),ArffFileStream -f ./../../../Dataset/Synthetic_IM50/stream_gen_hyperplane.arff,1,83000.0,11.65625,8.99819295025532E-9,83000.0,0.874,0.8739579833277332,0.8739579833277333,0.747975805677345,0.8738948558468034,0.8741675204918034,0.8739579833277332,0.502,0.498,83000.0,2984.0
meta.imbalanced.OnlineAdaBoost -l (trees.HoeffdingTree -e 2000000 -g 100 -c 0.01),ArffFileStream -f ./../../../Dataset/Synthetic_IM50/stream_gen_hyperplane.arff,1,83500.0,11.71875,9.046440633634704E-9,83500.0,0.852,0.8524182817935524,0.8524182817935524,0.7038436294363424,0.8523652711198857,0.8517866572786481,0.8524182817935524,0.478,0.522,83500.0,2984.0
meta.imbalanced.OnlineAdaBoost -l (trees.HoeffdingTree -e 2000000 -g 100 -c 0.01),ArffFileStream -f ./../../../Dataset/Synthetic_IM50/stream_gen_hyperplane.arff,1,84000.0,11.78125,9.094688317014089E-9,84000.0,0.86,0.86,0.86,0.72,0.8594044449501062,0.8614806246385194,0.86,0.5,0.5,84000.0,2984.0
meta.imbalanced.OnlineAdaBoost -l (trees.HoeffdingTree -e 2000000 -g 100 -c 0.01),ArffFileStream -f ./../../../Dataset/Synthetic_IM50/stream_gen_hyperplane.arff,1,84500.0,11.84375,9.142936000393474E-9,84500.0,0.84,0.8399590295115549,0.839959029511555,0.6799180590231099,0.8399551263616772,0.8399590295115549,0.8399590295115549,0.492,0.508,84500.0,2984.0
meta.imbalanced.OnlineAdaBoost -l (trees.HoeffdingTree -e 2000000 -g 100 -c 0.01),ArffFileStream -f ./../../../Dataset/Synthetic_IM50/stream_gen_hyperplane.arff,1,85000.0,11.90625,9.191183683772859E-9,85000.0,0.85,0.8496598639455782,0.8496598639455782,0.6997117232543242,0.8494896427039146,0.8503271537622683,0.8496598639455782,0.51,0.49,85000.0,2984.0
meta.imbalanced.OnlineAdaBoost -l (trees.HoeffdingTree -e 2000000 -g 100 -c 0.01),ArffFileStream -f ./../../../Dataset/Synthetic_IM50/stream_gen_hyperplane.arff,1,85500.0,11.96875,9.239431367152244E-9,85500.0,0.864,0.8646886364728688,0.8646886364728689,0.7281174532601916,0.8644770253763341,0.8642684546574707,0.8646886364728688,0.482,0.518,85500.0,2984.0
meta.imbalanced.OnlineAdaBoost -l (trees.HoeffdingTree -e 2000000 -g 100 -c 0.01),ArffFileStream -f ./../../../Dataset/Synthetic_IM50/stream_gen_hyperplane.arff,1,86000.0,12.03125,9.287679050531629E-9,86000.0,0.876,0.875640368852459,0.875640368852459,0.7517139744986224,0.8755121452004208,0.8762909744050291,0.875640368852459,0.512,0.488,86000.0,2984.0
meta.imbalanced.OnlineAdaBoost -l (trees.HoeffdingTree -e 2000000 -g 100 -c 0.01),ArffFileStream -f ./../../../Dataset/Synthetic_IM50/stream_gen_hyperplane.arff,1,86500.0,12.109375,9.34798865475586E-9,86500.0,0.858,0.858243587076539,0.858243587076539,0.7161090141385708,0.8580035014387886,0.8585591645845345,0.858243587076539,0.494,0.506,86500.0,2984.0
meta.imbalanced.OnlineAdaBoost -l (trees.HoeffdingTree -e 2000000 -g 100 -c 0.01),ArffFileStream -f ./../../../Dataset/Synthetic_IM50/stream_gen_hyperplane.arff,1,87000.0,12.171875,9.396236338135244E-9,87000.0,0.872,0.873015873015873,0.873015873015873,0.7437375872893843,0.8728715609439694,0.8715831252800716,0.873015873015873,0.532,0.468,87000.0,2984.0
meta.imbalanced.OnlineAdaBoost -l (trees.HoeffdingTree -e 2000000 -g 100 -c 0.01),ArffFileStream -f ./../../../Dataset/Synthetic_IM50/stream_gen_hyperplane.arff,1,87500.0,12.234375,9.444484021514629E-9,87500.0,0.88,0.8801203277009728,0.8801203277009728,0.7600460711543384,0.8799917958003264,0.8803150614754098,0.8801203277009728,0.496,0.504,87500.0,2984.0
meta.imbalanced.OnlineAdaBoost -l (trees.HoeffdingTree -e 2000000 -g 100 -c 0.01),ArffFileStream -f ./../../../Dataset/Synthetic_IM50/stream_gen_hyperplane.arff,1,88000.0,12.296875,9.492731704894014E-9,88000.0,0.864,0.8637324620411302,0.8637324620411301,0.7276513937840435,0.8636919977629802,0.8639423076923077,0.8637324620411302,0.516,0.484,88000.0,2984.0
meta.imbalanced.OnlineAdaBoost -l (trees.HoeffdingTree -e 2000000 -g 100 -c 0.01),ArffFileStream -f ./../../../Dataset/Synthetic_IM50/stream_gen_hyperplane.arff,1,88500.0,12.359375,9.540979388273399E-9,88500.0,0.874,0.8733030225409837,0.8733030225409836,0.7475395120700157,0.8728200303200362,0.8752554756272228,0.8733030225409837,0.512,0.488,88500.0,2984.0
meta.imbalanced.OnlineAdaBoost -l (trees.HoeffdingTree -e 2000000 -g 100 -c 0.01),ArffFileStream -f ./../../../Dataset/Synthetic_IM50/stream_gen_hyperplane.arff,1,89000.0,12.421875,9.589227071652784E-9,89000.0,0.834,0.8342951954984851,0.834295195498485,0.6677661073395671,0.8342682198812289,0.8337334357595545,0.8342951954984851,0.478,0.522,89000.0,2984.0
meta.imbalanced.OnlineAdaBoost -l (trees.HoeffdingTree -e 2000000 -g 100 -c 0.01),ArffFileStream -f ./../../../Dataset/Synthetic_IM50/stream_gen_hyperplane.arff,1,89500.0,12.484375,9.637474755032169E-9,89500.0,0.86,0.8599001344344153,0.8599001344344153,0.7198924386964595,0.8598774817708719,0.860015368852459,0.8599001344344153,0.508,0.492,89500.0,2984.0
meta.imbalanced.OnlineAdaBoost -l (trees.HoeffdingTree -e 2000000 -g 100 -c 0.01),ArffFileStream -f ./../../../Dataset/Synthetic_IM50/stream_gen_hyperplane.arff,1,90000.0,12.546875,9.685722438411554E-9,90000.0,0.836,0.8360215053763441,0.8360215053763441,0.672,0.8360171835451684,0.836,0.8360215053763441,0.504,0.496,90000.0,2984.0
meta.imbalanced.OnlineAdaBoost -l (trees.HoeffdingTree -e 2000000 -g 100 -c 0.01),ArffFileStream -f ./../../../Dataset/Synthetic_IM50/stream_gen_hyperplane.arff,1,90500.0,12.609375,9.733970121790938E-9,90500.0,0.838,0.8378274268104777,0.8378274268104776,0.6751996920411895,0.8378217593630818,0.8374212475352282,0.8378274268104777,0.528,0.472,90500.0,2984.0
meta.imbalanced.OnlineAdaBoost -l (trees.HoeffdingTree -e 2000000 -g 100 -c 0.01),ArffFileStream -f ./../../../Dataset/Synthetic_IM50/stream_gen_hyperplane.arff,1,91000.0,12.671875,9.782217805170323E-9,91000.0,0.846,0.8440596851383362,0.8440596851383361,0.6892855989928011,0.8437435563611047,0.8453674948240166,0.8440596851383362,0.542,0.458,91000.0,2984.0
meta.imbalanced.OnlineAdaBoost -l (trees.HoeffdingTree -e 2000000 -g 100 -c 0.01),ArffFileStream -f ./../../../Dataset/Synthetic_IM50/stream_gen_hyperplane.arff,1,91500.0,12.71875,9.818403567704862E-9,91500.0,0.862,0.8618627057406665,0.8618627057406664,0.7232028241335045,0.8618596681102175,0.8613926486625184,0.8618627057406665,0.53,0.47,91500.0,2984.0
meta.imbalanced.OnlineAdaBoost -l (trees.HoeffdingTree -e 2000000 -g 100 -c 0.01),ArffFileStream -f ./../../../Dataset/Synthetic_IM50/stream_gen_hyperplane.arff,1,92000.0,12.78125,9.866651251084247E-9,92000.0,0.874,0.8739357275462518,0.8739357275462518,0.7479193341869398,0.8739264954016198,0.8739895958383354,0.8739357275462518,0.508,0.492,92000.0,2984.0
meta.imbalanced.OnlineAdaBoost -l (trees.HoeffdingTree -e 2000000 -g 100 -c 0.01),ArffFileStream -f ./../../../Dataset/Synthetic_IM50/stream_gen_hyperplane.arff,1,92500.0,12.84375,9.914898934463632E-9,92500.0,0.86,0.8599817597081554,0.8599817597081554,0.719986559354849,0.8599696696775556,0.8600278440095375,0.8599817597081554,0.498,0.502,92500.0,2984.0
meta.imbalanced.OnlineAdaBoost -l (trees.HoeffdingTree -e 2000000 -g 100 -c 0.01),ArffFileStream -f ./../../../Dataset/Synthetic_IM50/stream_gen_hyperplane.arff,1,93000.0,12.90625,9.963146617843017E-9,93000.0,0.876,0.8759503801520608,0.8759503801520608,0.7519007603041217,0.8759468666336253,0.8759503801520608,0.8759503801520608,0.49,0.51,93000.0,2984.0
meta.imbalanced.OnlineAdaBoost -l (trees.HoeffdingTree -e 2000000 -g 100 -c 0.01),ArffFileStream -f ./../../../Dataset/Synthetic_IM50/stream_gen_hyperplane.arff,1,93500.0,12.984375,1.0023456222067248E-8,93500.0,0.848,0.8495329947612106,0.8495329947612105,0.6966552247146164,0.8484650737088533,0.8503412284223204,0.8495329947612106,0.482,0.518,93500.0,2984.0
meta.imbalanced.OnlineAdaBoost -l (trees.HoeffdingTree -e 2000000 -g 100 -c 0.01),ArffFileStream -f ./../../../Dataset/Synthetic_IM50/stream_gen_hyperplane.arff,1,94000.0,13.046875,1.0071703905446633E-8,94000.0,0.87,0.8703733440385388,0.8703733440385387,0.739499839692209,0.870351101420039,0.8694182843231469,0.8703733440385388,0.53,0.47,94000.0,2984.0
meta.imbalanced.OnlineAdaBoost -l (trees.HoeffdingTree -e 2000000 -g 100 -c 0.01),ArffFileStream -f ./../../../Dataset/Synthetic_IM50/stream_gen_hyperplane.arff,1,94500.0,13.09375,1.0107889667981172E-8,94500.0,0.882,0.8810789049919485,0.8810789049919485,0.7624033505154639,0.8810036729887372,0.8813306692018885,0.8810789049919485,0.54,0.46,94500.0,2984.0
meta.imbalanced.OnlineAdaBoost -l (trees.HoeffdingTree -e 2000000 -g 100 -c 0.01),ArffFileStream -f ./../../../Dataset/Synthetic_IM50/stream_gen_hyperplane.arff,1,95000.0,13.15625,1.0156137351360557E-8,95000.0,0.872,0.8713329902213072,0.8713329902213073,0.7426659804426146,0.8712837412085038,0.8713329902213072,0.8713329902213072,0.536,0.464,95000.0,2984.0
meta.imbalanced.OnlineAdaBoost -l (trees.HoeffdingTree -e 2000000 -g 100 -c 0.01),ArffFileStream -f ./../../../Dataset/Synthetic_IM50/stream_gen_hyperplane.arff,1,95500.0,13.21875,1.0204385034739942E-8,95500.0,0.838,0.8383367204877502,0.8383367204877502,0.6761865165664577,0.8378669888694203,0.8390692154724486,0.8383367204877502,0.494,0.506,95500.0,2984.0
meta.imbalanced.OnlineAdaBoost -l (trees.HoeffdingTree -e 2000000 -g 100 -c 0.01),ArffFileStream -f ./../../../Dataset/Synthetic_IM50/stream_gen_hyperplane.arff,1,96000.0,13.28125,1.0252632718119326E-8,96000.0,0.862,0.8613782051282051,0.8613782051282051,0.723336006415397,0.8612379283512595,0.8621035728623043,0.8613782051282051,0.52,0.48,96000.0,2984.0
meta.imbalanced.OnlineAdaBoost -l (trees.HoeffdingTree -e 2000000 -g 100 -c 0.01),ArffFileStream -f ./../../../Dataset/Synthetic_IM50/stream_gen_hyperplane.arff,1,96500.0,13.34375,1.0300880401498711E-8,96500.0,0.874,0.8739357275462518,0.8739357275462518,0.7479193341869398,0.8739264954016198,0.8739895958383354,0.8739357275462518,0.508,0.492,96500.0,2984.0
meta.imbalanced.OnlineAdaBoost -l (trees.HoeffdingTree -e 2000000 -g 100 -c 0.01),ArffFileStream -f ./../../../Dataset/Synthetic_IM50/stream_gen_hyperplane.arff,1,97000.0,13.40625,1.0349128084878096E-8,97000.0,0.844,0.8439102564102564,0.8439102564102565,0.68760012816405,0.8439072740411041,0.8437119610481132,0.8439102564102564,0.48,0.52,97000.0,2984.0
meta.imbalanced.OnlineAdaBoost -l (trees.HoeffdingTree -e 2000000 -g 100 -c 0.01),ArffFileStream -f ./../../../Dataset/Synthetic_IM50/stream_gen_hyperplane.arff,1,97500.0,13.484375,1.0409437689102327E-8,97500.0,0.856,0.8549564549180328,0.8549564549180328,0.7112793532657513,0.8538500679420188,0.8586309523809523,0.8549564549180328,0.512,0.488,97500.0,2984.0
meta.imbalanced.OnlineAdaBoost -l (trees.HoeffdingTree -e 2000000 -g 100 -c 0.01),ArffFileStream -f ./../../../Dataset/Synthetic_IM50/stream_gen_hyperplane.arff,1,98000.0,13.5625,1.0469747293326558E-8,98000.0,0.852,0.851224407868326,0.851224407868326,0.7027873724797172,0.851126252227029,0.8515857324267413,0.851224407868326,0.53,0.47,98000.0,2984.0
meta.imbalanced.OnlineAdaBoost -l (trees.HoeffdingTree -e 2000000 -g 100 -c 0.01),ArffFileStream -f ./../../../Dataset/Synthetic_IM50/stream_gen_hyperplane.arff,1,98500.0,13.625,1.0517994976705942E-8,98500.0,0.838,0.8373372249663225,0.8373372249663223,0.6750641848523748,0.8372233707971194,0.8377759935768767,0.8373372249663225,0.476,0.524,98500.0,2984.0
meta.imbalanced.OnlineAdaBoost -l (trees.HoeffdingTree -e 2000000 -g 100 -c 0.01),ArffFileStream -f ./../../../Dataset/Synthetic_IM50/stream_gen_hyperplane.arff,1,99000.0,13.6875,1.0566242660085327E-8,99000.0,0.86,0.8600961538461538,0.8600961538461539,0.7197309417040358,0.8600927946359134,0.8597272028688525,0.8600961538461538,0.48,0.52,99000.0,2984.0
meta.imbalanced.OnlineAdaBoost -l (trees.HoeffdingTree -e 2000000 -g 100 -c 0.01),ArffFileStream -f ./../../../Dataset/Synthetic_IM50/stream_gen_hyperplane.arff,1,99500.0,13.75,1.0614490343464712E-8,99500.0,0.866,0.8657514080901179,0.8657514080901177,0.7318541286459834,0.865193566685572,0.8674269823664624,0.8657514080901179,0.504,0.496,99500.0,2984.0
meta.imbalanced.OnlineAdaBoost -l (trees.HoeffdingTree -e 2000000 -g 100 -c 0.01),ArffFileStream -f ./../../../Dataset/Synthetic_IM50/stream_gen_hyperplane.arff,1,100000.0,13.828125,1.0674799947688943E-8,100000.0,0.862,0.8609500805152979,0.8609500805152979,0.7221327319587629,0.860850046136008,0.8611885463832805,0.8609500805152979,0.46,0.54,100000.0,2984.0
