Learner,stream,randomSeed,learning evaluation instances,evaluation time (cpu seconds),model cost (RAM-Hours),classified instances,Accuracy,AvgAccuracy,AUC,Kappa,G-Mean,Precision,Recall,Ratio-Class-0,Ratio-Class-1,model training instances,model serialized size (bytes),members size
meta.DynamicWeightedMajority -l (trees.HoeffdingTree -e 2000000 -g 100 -c 0.01) -e 10,ArffFileStream -f ./../../../Dataset/Synthetic_IM10/stream_gen_agrawal.arff,1,500.0,0.0625,5.0575989815923905E-11,500.0,0.904,0.507565600459682,0.507565600459682,0.025657681065280935,0.14695400570635384,0.5796370967741935,0.507565600459682,0.908,0.092,500.0,3128.0,2.0
meta.DynamicWeightedMajority -l (trees.HoeffdingTree -e 2000000 -g 100 -c 0.01) -e 10,ArffFileStream -f ./../../../Dataset/Synthetic_IM10/stream_gen_agrawal.arff,1,1000.0,0.09375,7.586398472388586E-11,1000.0,0.894,0.5,0.5,0.0,0.0,0.894,0.5,0.894,0.106,1000.0,3128.0,3.0
meta.DynamicWeightedMajority -l (trees.HoeffdingTree -e 2000000 -g 100 -c 0.01) -e 10,ArffFileStream -f ./../../../Dataset/Synthetic_IM10/stream_gen_agrawal.arff,1,1500.0,0.140625,1.1379597708582879E-10,1500.0,0.902,0.6075440786394133,0.6075440786394133,0.3104030623733393,0.47128498116167444,0.8357690902447936,0.6075440786394133,0.884,0.116,1500.0,3128.0,3.0
meta.DynamicWeightedMajority -l (trees.HoeffdingTree -e 2000000 -g 100 -c 0.01) -e 10,ArffFileStream -f ./../../../Dataset/Synthetic_IM10/stream_gen_agrawal.arff,1,2000.0,0.1875,1.5172796944777172E-10,2000.0,0.95,0.7809729682518887,0.7809729682518888,0.673082958468459,0.751550502917047,0.9296207264957265,0.7809729682518887,0.898,0.102,2000.0,3128.0,3.0
meta.DynamicWeightedMajority -l (trees.HoeffdingTree -e 2000000 -g 100 -c 0.01) -e 10,ArffFileStream -f ./../../../Dataset/Synthetic_IM10/stream_gen_agrawal.arff,1,2500.0,0.203125,1.643719669017527E-10,2500.0,0.958,0.8190168439265177,0.8190168439265177,0.7048572071059142,0.8016318403419381,0.8956702852814946,0.8190168439265177,0.914,0.086,2500.0,3128.0,3.0
meta.DynamicWeightedMajority -l (trees.HoeffdingTree -e 2000000 -g 100 -c 0.01) -e 10,ArffFileStream -f ./../../../Dataset/Synthetic_IM10/stream_gen_agrawal.arff,1,3000.0,0.203125,1.643719669017527E-10,3000.0,0.976,0.9203274530151043,0.9203274530151043,0.8793872874200941,0.9174380683441736,0.9616309991135874,0.9203274530151043,0.882,0.118,3000.0,3128.0,3.0
meta.DynamicWeightedMajority -l (trees.HoeffdingTree -e 2000000 -g 100 -c 0.01) -e 10,ArffFileStream -f ./../../../Dataset/Synthetic_IM10/stream_gen_agrawal.arff,1,3500.0,0.234375,1.8965996180971466E-10,3500.0,0.982,0.9420837589376916,0.9420837589376915,0.9058183340309753,0.9406928096920552,0.9644574175824177,0.9420837589376916,0.89,0.11,3500.0,3128.0,3.0
meta.DynamicWeightedMajority -l (trees.HoeffdingTree -e 2000000 -g 100 -c 0.01) -e 10,ArffFileStream -f ./../../../Dataset/Synthetic_IM10/stream_gen_agrawal.arff,1,4000.0,0.25,2.0230395926369565E-10,4000.0,0.972,0.9045965270684372,0.9045965270684372,0.8498176357004934,0.9004595353886363,0.9480971989682792,0.9045965270684372,0.89,0.11,4000.0,3128.0,3.0
meta.DynamicWeightedMajority -l (trees.HoeffdingTree -e 2000000 -g 100 -c 0.01) -e 10,ArffFileStream -f ./../../../Dataset/Synthetic_IM10/stream_gen_agrawal.arff,1,4500.0,0.25,2.0230395926369565E-10,4500.0,0.98,0.9038461538461539,0.9038461538461539,0.8827172077312817,0.8987170342729172,0.9890829694323144,0.9038461538461539,0.896,0.104,4500.0,3128.0,3.0
meta.DynamicWeightedMajority -l (trees.HoeffdingTree -e 2000000 -g 100 -c 0.01) -e 10,ArffFileStream -f ./../../../Dataset/Synthetic_IM10/stream_gen_agrawal.arff,1,5000.0,0.296875,2.4023595162563856E-10,5000.0,0.976,0.9009440608707904,0.9009440608707905,0.8505455088925422,0.8961898589081484,0.953610712577714,0.9009440608707904,0.906,0.094,5000.0,3128.0,3.0
meta.DynamicWeightedMajority -l (trees.HoeffdingTree -e 2000000 -g 100 -c 0.01) -e 10,ArffFileStream -f ./../../../Dataset/Synthetic_IM10/stream_gen_agrawal.arff,1,5500.0,0.3125,2.5287994907961955E-10,5500.0,0.982,0.9274453024453024,0.9274453024453024,0.9042797583595678,0.9247769218640542,0.98092673876646,0.9274453024453024,0.888,0.112,5500.0,3128.0,3.0
meta.DynamicWeightedMajority -l (trees.HoeffdingTree -e 2000000 -g 100 -c 0.01) -e 10,ArffFileStream -f ./../../../Dataset/Synthetic_IM10/stream_gen_agrawal.arff,1,6000.0,0.34375,2.781679439875815E-10,6000.0,0.974,0.9020842539401974,0.9020842539401973,0.8704559948979592,0.8970007799189119,0.9768330494781432,0.9020842539401974,0.876,0.124,6000.0,3128.0,4.0
meta.DynamicWeightedMajority -l (trees.HoeffdingTree -e 2000000 -g 100 -c 0.01) -e 10,ArffFileStream -f ./../../../Dataset/Synthetic_IM10/stream_gen_agrawal.arff,1,6500.0,0.359375,2.908119414415625E-10,6500.0,0.986,0.9078947368421053,0.9078947368421053,0.8911149825783972,0.9032106474595007,0.9925373134328358,0.9078947368421053,0.924,0.076,6500.0,3128.0,4.0
meta.DynamicWeightedMajority -l (trees.HoeffdingTree -e 2000000 -g 100 -c 0.01) -e 10,ArffFileStream -f ./../../../Dataset/Synthetic_IM10/stream_gen_agrawal.arff,1,7000.0,0.40625,3.287439338035054E-10,7000.0,0.97,0.8982224877702678,0.8982224877702677,0.8504665443815296,0.8931905242001872,0.957760989010989,0.8982224877702678,0.878,0.122,7000.0,3128.0,5.0
meta.DynamicWeightedMajority -l (trees.HoeffdingTree -e 2000000 -g 100 -c 0.01) -e 10,ArffFileStream -f ./../../../Dataset/Synthetic_IM10/stream_gen_agrawal.arff,1,7500.0,0.421875,3.413879312574864E-10,7500.0,0.968,0.8612647492625369,0.8612647492625369,0.7967066476926205,0.8510740654589088,0.9464570517202096,0.8612647492625369,0.904,0.096,7500.0,3128.0,5.0
meta.DynamicWeightedMajority -l (trees.HoeffdingTree -e 2000000 -g 100 -c 0.01) -e 10,ArffFileStream -f ./../../../Dataset/Synthetic_IM10/stream_gen_agrawal.arff,1,8000.0,0.453125,3.666759261654484E-10,8000.0,0.986,0.9441216678058784,0.9441216678058784,0.8991005535055351,0.942829179974333,0.9551398050318136,0.9441216678058784,0.924,0.076,8000.0,3128.0,6.0
meta.DynamicWeightedMajority -l (trees.HoeffdingTree -e 2000000 -g 100 -c 0.01) -e 10,ArffFileStream -f ./../../../Dataset/Synthetic_IM10/stream_gen_agrawal.arff,1,8500.0,0.453125,3.666759261654484E-10,8500.0,0.978,0.8692780337941628,0.8692780337941628,0.8138117806364252,0.8600360796918556,0.9547518159806296,0.8692780337941628,0.93,0.07,8500.0,3128.0,6.0
meta.DynamicWeightedMajority -l (trees.HoeffdingTree -e 2000000 -g 100 -c 0.01) -e 10,ArffFileStream -f ./../../../Dataset/Synthetic_IM10/stream_gen_agrawal.arff,1,9000.0,0.46875,3.7931992361942937E-10,9000.0,0.962,0.8586753003588703,0.8586753003588703,0.7947277441659464,0.8480701431495331,0.949084249084249,0.8586753003588703,0.884,0.116,9000.0,3128.0,6.0
meta.DynamicWeightedMajority -l (trees.HoeffdingTree -e 2000000 -g 100 -c 0.01) -e 10,ArffFileStream -f ./../../../Dataset/Synthetic_IM10/stream_gen_agrawal.arff,1,9500.0,0.484375,3.9196392107341036E-10,9500.0,0.964,0.884361762522381,0.884361762522381,0.7964077274578112,0.8786843103741517,0.9133906345404161,0.884361762522381,0.898,0.102,9500.0,3128.0,6.0
meta.DynamicWeightedMajority -l (trees.HoeffdingTree -e 2000000 -g 100 -c 0.01) -e 10,ArffFileStream -f ./../../../Dataset/Synthetic_IM10/stream_gen_agrawal.arff,1,10000.0,0.5,4.0460791852739135E-10,10000.0,0.972,0.8866467364225212,0.8866467364225212,0.8418007593563551,0.8799374892867771,0.9641148325358853,0.8866467364225212,0.892,0.108,10000.0,3128.0,6.0
meta.DynamicWeightedMajority -l (trees.HoeffdingTree -e 2000000 -g 100 -c 0.01) -e 10,ArffFileStream -f ./../../../Dataset/Synthetic_IM10/stream_gen_agrawal.arff,1,10500.0,0.53125,4.298959134353533E-10,10500.0,0.964,0.8665745546883752,0.8665745546883752,0.8135333360958025,0.8569387817000772,0.9610633601052088,0.8665745546883752,0.878,0.122,10500.0,3128.0,6.0
meta.DynamicWeightedMajority -l (trees.HoeffdingTree -e 2000000 -g 100 -c 0.01) -e 10,ArffFileStream -f ./../../../Dataset/Synthetic_IM10/stream_gen_agrawal.arff,1,11000.0,0.546875,4.425399108893343E-10,11000.0,0.968,0.880151098901099,0.8801510989010989,0.8157700810611643,0.8731338026686617,0.9413875598086124,0.880151098901099,0.896,0.104,11000.0,3128.0,6.0
meta.DynamicWeightedMajority -l (trees.HoeffdingTree -e 2000000 -g 100 -c 0.01) -e 10,ArffFileStream -f ./../../../Dataset/Synthetic_IM10/stream_gen_agrawal.arff,1,11500.0,0.5625,4.551839083433153E-10,11500.0,0.972,0.8966292134831462,0.8966292134831461,0.8472616190268383,0.8914071693524984,0.9559438260297779,0.8966292134831462,0.89,0.11,11500.0,3128.0,6.0
meta.DynamicWeightedMajority -l (trees.HoeffdingTree -e 2000000 -g 100 -c 0.01) -e 10,ArffFileStream -f ./../../../Dataset/Synthetic_IM10/stream_gen_agrawal.arff,1,12000.0,0.5625,4.551839083433153E-10,12000.0,0.978,0.8931606534018625,0.8931606534018626,0.8489177013514998,0.8872639352093143,0.9625239463601533,0.8931606534018625,0.914,0.086,12000.0,3128.0,6.0
meta.DynamicWeightedMajority -l (trees.HoeffdingTree -e 2000000 -g 100 -c 0.01) -e 10,ArffFileStream -f ./../../../Dataset/Synthetic_IM10/stream_gen_agrawal.arff,1,12500.0,0.578125,4.678279057972962E-10,12500.0,0.974,0.8856738845975265,0.8856738845975265,0.8490057610109645,0.8785523835599673,0.9749948014140154,0.8856738845975265,0.894,0.106,12500.0,3128.0,6.0
meta.DynamicWeightedMajority -l (trees.HoeffdingTree -e 2000000 -g 100 -c 0.01) -e 10,ArffFileStream -f ./../../../Dataset/Synthetic_IM10/stream_gen_agrawal.arff,1,13000.0,0.625,5.057598981592392E-10,13000.0,0.97,0.8790121839381633,0.8790121839381633,0.8223422399090392,0.8715483285106154,0.9511852776044916,0.8790121839381633,0.898,0.102,13000.0,3128.0,6.0
meta.DynamicWeightedMajority -l (trees.HoeffdingTree -e 2000000 -g 100 -c 0.01) -e 10,ArffFileStream -f ./../../../Dataset/Synthetic_IM10/stream_gen_agrawal.arff,1,13500.0,0.640625,5.184038956132202E-10,13500.0,0.976,0.8997336128215205,0.8997336128215206,0.8592012014830807,0.8946175865855867,0.9658032670093125,0.8997336128215205,0.898,0.102,13500.0,3128.0,5.0
meta.DynamicWeightedMajority -l (trees.HoeffdingTree -e 2000000 -g 100 -c 0.01) -e 10,ArffFileStream -f ./../../../Dataset/Synthetic_IM10/stream_gen_agrawal.arff,1,14000.0,0.65625,5.310478930672012E-10,14000.0,0.974,0.8525692119666295,0.8525692119666294,0.8032687651331719,0.840104801419809,0.9705673758865248,0.8525692119666295,0.918,0.082,14000.0,3128.0,6.0
meta.DynamicWeightedMajority -l (trees.HoeffdingTree -e 2000000 -g 100 -c 0.01) -e 10,ArffFileStream -f ./../../../Dataset/Synthetic_IM10/stream_gen_agrawal.arff,1,14500.0,0.671875,5.436918905211822E-10,14500.0,0.972,0.8644688644688645,0.8644688644688645,0.8100407055630936,0.8544646804344168,0.9585253456221199,0.8644688644688645,0.91,0.09,14500.0,3128.0,6.0
meta.DynamicWeightedMajority -l (trees.HoeffdingTree -e 2000000 -g 100 -c 0.01) -e 10,ArffFileStream -f ./../../../Dataset/Synthetic_IM10/stream_gen_agrawal.arff,1,15000.0,0.703125,5.689798854291441E-10,15000.0,0.966,0.8716216216216216,0.8716216216216216,0.8130224373075231,0.8630946833531258,0.9512820512820512,0.8716216216216216,0.888,0.112,15000.0,3128.0,6.0
meta.DynamicWeightedMajority -l (trees.HoeffdingTree -e 2000000 -g 100 -c 0.01) -e 10,ArffFileStream -f ./../../../Dataset/Synthetic_IM10/stream_gen_agrawal.arff,1,15500.0,0.71875,5.816238828831251E-10,15500.0,0.968,0.8770479013886722,0.8770479013886722,0.8285616320932625,0.8690155446545837,0.9628423673625742,0.8770479013886722,0.884,0.116,15500.0,3128.0,6.0
meta.DynamicWeightedMajority -l (trees.HoeffdingTree -e 2000000 -g 100 -c 0.01) -e 10,ArffFileStream -f ./../../../Dataset/Synthetic_IM10/stream_gen_agrawal.arff,1,16000.0,0.734375,5.942678803371061E-10,16000.0,0.978,0.8967391304347827,0.8967391304347826,0.8414985590778098,0.8915058096813796,0.9485407066052227,0.8967391304347827,0.92,0.08,16000.0,3128.0,7.0
meta.DynamicWeightedMajority -l (trees.HoeffdingTree -e 2000000 -g 100 -c 0.01) -e 10,ArffFileStream -f ./../../../Dataset/Synthetic_IM10/stream_gen_agrawal.arff,1,16500.0,0.734375,5.942678803371061E-10,16500.0,0.966,0.8705357142857143,0.8705357142857143,0.8024542158594403,0.8621505503266651,0.9392651773446643,0.8705357142857143,0.896,0.104,16500.0,3128.0,7.0
meta.DynamicWeightedMajority -l (trees.HoeffdingTree -e 2000000 -g 100 -c 0.01) -e 10,ArffFileStream -f ./../../../Dataset/Synthetic_IM10/stream_gen_agrawal.arff,1,17000.0,0.765625,6.195558752450681E-10,17000.0,0.988,0.9444444444444444,0.9444444444444444,0.9345206914614982,0.9428090415820634,0.9933628318584071,0.9444444444444444,0.892,0.108,17000.0,3128.0,8.0
meta.DynamicWeightedMajority -l (trees.HoeffdingTree -e 2000000 -g 100 -c 0.01) -e 10,ArffFileStream -f ./../../../Dataset/Synthetic_IM10/stream_gen_agrawal.arff,1,17500.0,0.78125,6.321998726990491E-10,17500.0,0.96,0.799043305684189,0.7990433056841891,0.7015459917626694,0.7750367082532238,0.9302291529394539,0.799043305684189,0.914,0.086,17500.0,3128.0,8.0
meta.DynamicWeightedMajority -l (trees.HoeffdingTree -e 2000000 -g 100 -c 0.01) -e 10,ArffFileStream -f ./../../../Dataset/Synthetic_IM10/stream_gen_agrawal.arff,1,18000.0,0.8125,6.57487867607011E-10,18000.0,0.972,0.8544566544566545,0.8544566544566545,0.8057174576741605,0.8423468582171062,0.9709298552981637,0.8544566544566545,0.91,0.09,18000.0,3128.0,9.0
meta.DynamicWeightedMajority -l (trees.HoeffdingTree -e 2000000 -g 100 -c 0.01) -e 10,ArffFileStream -f ./../../../Dataset/Synthetic_IM10/stream_gen_agrawal.arff,1,18500.0,0.828125,6.70131865060992E-10,18500.0,0.968,0.8631524725274725,0.8631524725274726,0.8087954110898662,0.852940131622301,0.9597826086956521,0.8631524725274725,0.896,0.104,18500.0,3128.0,9.0
meta.DynamicWeightedMajority -l (trees.HoeffdingTree -e 2000000 -g 100 -c 0.01) -e 10,ArffFileStream -f ./../../../Dataset/Synthetic_IM10/stream_gen_agrawal.arff,1,19000.0,0.84375,6.82775862514973E-10,19000.0,0.976,0.9115542479386873,0.9115542479386872,0.8830910720548693,0.9074734406449639,0.9782617871765649,0.9115542479386873,0.874,0.126,19000.0,3128.0,10.0
meta.DynamicWeightedMajority -l (trees.HoeffdingTree -e 2000000 -g 100 -c 0.01) -e 10,ArffFileStream -f ./../../../Dataset/Synthetic_IM10/stream_gen_agrawal.arff,1,19500.0,0.875,7.08063857422935E-10,19500.0,0.97,0.8982224877702678,0.8982224877702677,0.8504665443815296,0.8931905242001872,0.957760989010989,0.8982224877702678,0.878,0.122,19500.0,3128.0,10.0
meta.DynamicWeightedMajority -l (trees.HoeffdingTree -e 2000000 -g 100 -c 0.01) -e 10,ArffFileStream -f ./../../../Dataset/Synthetic_IM10/stream_gen_agrawal.arff,1,20000.0,0.90625,7.33351852330897E-10,20000.0,0.968,0.8681282179040026,0.8681282179040026,0.815939628198049,0.8587310599851148,0.9609066333957164,0.8681282179040026,0.892,0.108,20000.0,3128.0,9.0
meta.DynamicWeightedMajority -l (trees.HoeffdingTree -e 2000000 -g 100 -c 0.01) -e 10,ArffFileStream -f ./../../../Dataset/Synthetic_IM10/stream_gen_agrawal.arff,1,20500.0,0.9375,7.586398472388589E-10,20500.0,0.976,0.9273209549071618,0.9273209549071618,0.8895637769188294,0.9249847658075928,0.9643721895537876,0.9273209549071618,0.87,0.13,20500.0,3128.0,10.0
meta.DynamicWeightedMajority -l (trees.HoeffdingTree -e 2000000 -g 100 -c 0.01) -e 10,ArffFileStream -f ./../../../Dataset/Synthetic_IM10/stream_gen_agrawal.arff,1,21000.0,0.953125,7.712838446928399E-10,21000.0,0.912,0.5860081226254421,0.5860081226254422,0.2636722672200281,0.4191473818463305,0.8661461238148356,0.5860081226254421,0.898,0.102,21000.0,3128.0,10.0
meta.DynamicWeightedMajority -l (trees.HoeffdingTree -e 2000000 -g 100 -c 0.01) -e 10,ArffFileStream -f ./../../../Dataset/Synthetic_IM10/stream_gen_agrawal.arff,1,21500.0,0.953125,7.712838446928399E-10,21500.0,0.966,0.8396226415094339,0.839622641509434,0.7910726575557959,0.8241633836921342,0.9816810344827587,0.8396226415094339,0.894,0.106,21500.0,3128.0,10.0
meta.DynamicWeightedMajority -l (trees.HoeffdingTree -e 2000000 -g 100 -c 0.01) -e 10,ArffFileStream -f ./../../../Dataset/Synthetic_IM10/stream_gen_agrawal.arff,1,22000.0,0.984375,7.965718396008019E-10,22000.0,0.978,0.9288020292862909,0.9288020292862907,0.8902808809447813,0.9265670301883348,0.9632536123567513,0.9288020292862909,0.882,0.118,22000.0,3128.0,10.0
meta.DynamicWeightedMajority -l (trees.HoeffdingTree -e 2000000 -g 100 -c 0.01) -e 10,ArffFileStream -f ./../../../Dataset/Synthetic_IM10/stream_gen_agrawal.arff,1,22500.0,1.03125,8.345038319627449E-10,22500.0,0.97,0.8727678571428572,0.8727678571428572,0.8224263661331566,0.8640901490668006,0.961448536053988,0.8727678571428572,0.896,0.104,22500.0,3128.0,10.0
meta.DynamicWeightedMajority -l (trees.HoeffdingTree -e 2000000 -g 100 -c 0.01) -e 10,ArffFileStream -f ./../../../Dataset/Synthetic_IM10/stream_gen_agrawal.arff,1,23000.0,1.0625,8.597918268707068E-10,23000.0,0.978,0.9059459704059007,0.9059459704059007,0.867098395515175,0.9015023334998976,0.9663651486795591,0.9059459704059007,0.902,0.098,23000.0,3128.0,10.0
meta.DynamicWeightedMajority -l (trees.HoeffdingTree -e 2000000 -g 100 -c 0.01) -e 10,ArffFileStream -f ./../../../Dataset/Synthetic_IM10/stream_gen_agrawal.arff,1,23500.0,1.078125,8.724358243246878E-10,23500.0,0.966,0.8814502395944714,0.8814502395944716,0.8192566130815684,0.874619805156581,0.943952802359882,0.8814502395944714,0.886,0.114,23500.0,3128.0,10.0
meta.DynamicWeightedMajority -l (trees.HoeffdingTree -e 2000000 -g 100 -c 0.01) -e 10,ArffFileStream -f ./../../../Dataset/Synthetic_IM10/stream_gen_agrawal.arff,1,24000.0,1.09375,8.850798217786688E-10,24000.0,0.982,0.9314786439379429,0.9314786439379429,0.8890094711917916,0.9294187386349185,0.958551727647448,0.9314786439379429,0.908,0.092,24000.0,3128.0,10.0
meta.DynamicWeightedMajority -l (trees.HoeffdingTree -e 2000000 -g 100 -c 0.01) -e 10,ArffFileStream -f ./../../../Dataset/Synthetic_IM10/stream_gen_agrawal.arff,1,24500.0,1.125,9.103678166866308E-10,24500.0,0.988,0.9423076923076923,0.9423076923076923,0.9321512574633617,0.9405399431259602,0.9933920704845816,0.9423076923076923,0.896,0.104,24500.0,3128.0,10.0
meta.DynamicWeightedMajority -l (trees.HoeffdingTree -e 2000000 -g 100 -c 0.01) -e 10,ArffFileStream -f ./../../../Dataset/Synthetic_IM10/stream_gen_agrawal.arff,1,25000.0,1.140625,9.230118141406118E-10,25000.0,0.98,0.9070546178560116,0.9070546178560116,0.8779952174125226,0.9025056753057028,0.9780009564801531,0.9070546178560116,0.902,0.098,25000.0,3128.0,10.0
meta.DynamicWeightedMajority -l (trees.HoeffdingTree -e 2000000 -g 100 -c 0.01) -e 10,ArffFileStream -f ./../../../Dataset/Synthetic_IM10/stream_gen_agrawal.arff,1,25500.0,1.15625,9.356558115945927E-10,25500.0,0.982,0.9117647058823529,0.9117647058823529,0.8934053439454236,0.9074852129730301,0.990174672489083,0.9117647058823529,0.898,0.102,25500.0,3128.0,10.0
meta.DynamicWeightedMajority -l (trees.HoeffdingTree -e 2000000 -g 100 -c 0.01) -e 10,ArffFileStream -f ./../../../Dataset/Synthetic_IM10/stream_gen_agrawal.arff,1,26000.0,1.1875,9.609438065025546E-10,26000.0,0.974,0.901825221238938,0.901825221238938,0.8428889103741661,0.8973905139421045,0.943641544959544,0.901825221238938,0.904,0.096,26000.0,3128.0,10.0
meta.DynamicWeightedMajority -l (trees.HoeffdingTree -e 2000000 -g 100 -c 0.01) -e 10,ArffFileStream -f ./../../../Dataset/Synthetic_IM10/stream_gen_agrawal.arff,1,26500.0,1.203125,9.735878039565356E-10,26500.0,0.97,0.8677166556409344,0.8677166556409344,0.7939786836611361,0.8588785613140139,0.9325909961685823,0.8677166556409344,0.914,0.086,26500.0,3128.0,10.0
meta.DynamicWeightedMajority -l (trees.HoeffdingTree -e 2000000 -g 100 -c 0.01) -e 10,ArffFileStream -f ./../../../Dataset/Synthetic_IM10/stream_gen_agrawal.arff,1,27000.0,1.21875,9.862318014105166E-10,27000.0,0.976,0.9133034379671151,0.9133034379671151,0.8690413829229964,0.9097955551481959,0.9587942477876106,0.9133034379671151,0.892,0.108,27000.0,3128.0,10.0
meta.DynamicWeightedMajority -l (trees.HoeffdingTree -e 2000000 -g 100 -c 0.01) -e 10,ArffFileStream -f ./../../../Dataset/Synthetic_IM10/stream_gen_agrawal.arff,1,27500.0,1.234375,9.988757988644976E-10,27500.0,0.988,0.9364130434782609,0.9364130434782609,0.9145785876993167,0.9343970387832768,0.9807231800766283,0.9364130434782609,0.92,0.08,27500.0,3128.0,10.0
meta.DynamicWeightedMajority -l (trees.HoeffdingTree -e 2000000 -g 100 -c 0.01) -e 10,ArffFileStream -f ./../../../Dataset/Synthetic_IM10/stream_gen_agrawal.arff,1,28000.0,1.25,1.0115197963184786E-9,28000.0,0.974,0.8738938053097345,0.8738938053097345,0.8331108144192256,0.8650668806309728,0.9735275232035492,0.8738938053097345,0.904,0.096,28000.0,3128.0,10.0
meta.DynamicWeightedMajority -l (trees.HoeffdingTree -e 2000000 -g 100 -c 0.01) -e 10,ArffFileStream -f ./../../../Dataset/Synthetic_IM10/stream_gen_agrawal.arff,1,28500.0,1.28125,1.0368077912264406E-9,28500.0,0.98,0.8864130434782609,0.8864130434782609,0.8504784688995215,0.8793834302460471,0.9747596153846154,0.8864130434782609,0.92,0.08,28500.0,3128.0,10.0
meta.DynamicWeightedMajority -l (trees.HoeffdingTree -e 2000000 -g 100 -c 0.01) -e 10,ArffFileStream -f ./../../../Dataset/Synthetic_IM10/stream_gen_agrawal.arff,1,29000.0,1.296875,1.0494517886804216E-9,29000.0,0.978,0.8968505362233585,0.8968505362233585,0.8644652538196156,0.8911529507385517,0.9766304347826087,0.8968505362233585,0.902,0.098,29000.0,3128.0,10.0
meta.DynamicWeightedMajority -l (trees.HoeffdingTree -e 2000000 -g 100 -c 0.01) -e 10,ArffFileStream -f ./../../../Dataset/Synthetic_IM10/stream_gen_agrawal.arff,1,29500.0,1.328125,1.0747397835883835E-9,29500.0,0.968,0.8852115626309174,0.8852115626309175,0.8465551634187509,0.8780357596022746,0.9736435439560439,0.8852115626309174,0.868,0.132,29500.0,3128.0,10.0
meta.DynamicWeightedMajority -l (trees.HoeffdingTree -e 2000000 -g 100 -c 0.01) -e 10,ArffFileStream -f ./../../../Dataset/Synthetic_IM10/stream_gen_agrawal.arff,1,30000.0,1.359375,1.1000277784963455E-9,30000.0,0.978,0.8877899877899877,0.8877899877899877,0.8523886205045625,0.880947430933524,0.9753352490421456,0.8877899877899877,0.91,0.09,30000.0,3128.0,10.0
meta.DynamicWeightedMajority -l (trees.HoeffdingTree -e 2000000 -g 100 -c 0.01) -e 10,ArffFileStream -f ./../../../Dataset/Synthetic_IM10/stream_gen_agrawal.arff,1,30500.0,1.390625,1.1253157734043075E-9,30500.0,0.97,0.8795709908069459,0.8795709908069459,0.8320644872369011,0.8718969492388023,0.963018341307815,0.8795709908069459,0.89,0.11,30500.0,3128.0,10.0
meta.DynamicWeightedMajority -l (trees.HoeffdingTree -e 2000000 -g 100 -c 0.01) -e 10,ArffFileStream -f ./../../../Dataset/Synthetic_IM10/stream_gen_agrawal.arff,1,31000.0,1.4375,1.1632477657662504E-9,31000.0,0.978,0.8931606534018625,0.8931606534018626,0.8489177013514998,0.8872639352093143,0.9625239463601533,0.8931606534018625,0.914,0.086,31000.0,3128.0,10.0
meta.DynamicWeightedMajority -l (trees.HoeffdingTree -e 2000000 -g 100 -c 0.01) -e 10,ArffFileStream -f ./../../../Dataset/Synthetic_IM10/stream_gen_agrawal.arff,1,31500.0,1.453125,1.1758917632202314E-9,31500.0,0.972,0.8888161055067907,0.8888161055067907,0.8357347350635941,0.8826513025986682,0.9530812681288484,0.8888161055067907,0.898,0.102,31500.0,3128.0,10.0
meta.DynamicWeightedMajority -l (trees.HoeffdingTree -e 2000000 -g 100 -c 0.01) -e 10,ArffFileStream -f ./../../../Dataset/Synthetic_IM10/stream_gen_agrawal.arff,1,32000.0,1.46875,1.1885357606742124E-9,32000.0,0.968,0.8666666666666667,0.8666666666666667,0.8287671232876712,0.8563488385776752,0.9824561403508771,0.8666666666666667,0.88,0.12,32000.0,3128.0,10.0
meta.DynamicWeightedMajority -l (trees.HoeffdingTree -e 2000000 -g 100 -c 0.01) -e 10,ArffFileStream -f ./../../../Dataset/Synthetic_IM10/stream_gen_agrawal.arff,1,32500.0,1.5,1.2138237555821744E-9,32500.0,0.976,0.884170653907496,0.8841706539074959,0.8370981754995656,0.8771192153990975,0.9614463601532567,0.884170653907496,0.912,0.088,32500.0,3128.0,10.0
meta.DynamicWeightedMajority -l (trees.HoeffdingTree -e 2000000 -g 100 -c 0.01) -e 10,ArffFileStream -f ./../../../Dataset/Synthetic_IM10/stream_gen_agrawal.arff,1,33000.0,1.515625,1.2264677530361554E-9,33000.0,0.978,0.8942307692307692,0.8942307692307693,0.8697793351643148,0.8879535677396304,0.9880174291938998,0.8942307692307692,0.896,0.104,33000.0,3128.0,10.0
meta.DynamicWeightedMajority -l (trees.HoeffdingTree -e 2000000 -g 100 -c 0.01) -e 10,ArffFileStream -f ./../../../Dataset/Synthetic_IM10/stream_gen_agrawal.arff,1,33500.0,1.53125,1.2391117504901364E-9,33500.0,0.982,0.9188888888888889,0.918888888888889,0.8933649289099526,0.9154962224571619,0.9796193577934965,0.9188888888888889,0.9,0.1,33500.0,3128.0,10.0
meta.DynamicWeightedMajority -l (trees.HoeffdingTree -e 2000000 -g 100 -c 0.01) -e 10,ArffFileStream -f ./../../../Dataset/Synthetic_IM10/stream_gen_agrawal.arff,1,34000.0,1.546875,1.2517557479441174E-9,34000.0,0.98,0.9193414559587755,0.9193414559587756,0.8848191660907625,0.9161777296931495,0.968986568986569,0.9193414559587755,0.898,0.102,34000.0,3128.0,10.0
meta.DynamicWeightedMajority -l (trees.HoeffdingTree -e 2000000 -g 100 -c 0.01) -e 10,ArffFileStream -f ./../../../Dataset/Synthetic_IM10/stream_gen_agrawal.arff,1,34500.0,1.5625,1.2643997453980983E-9,34500.0,0.974,0.8539170506912442,0.8539170506912444,0.7799593771157752,0.842423539174232,0.9358353510895884,0.8539170506912442,0.93,0.07,34500.0,3128.0,10.0
meta.DynamicWeightedMajority -l (trees.HoeffdingTree -e 2000000 -g 100 -c 0.01) -e 10,ArffFileStream -f ./../../../Dataset/Synthetic_IM10/stream_gen_agrawal.arff,1,35000.0,1.578125,1.2770437428520793E-9,35000.0,0.978,0.8826268383288383,0.8826268383288383,0.8454013941983359,0.875078600248512,0.9745645039131532,0.8826268383288383,0.914,0.086,35000.0,3128.0,10.0
meta.DynamicWeightedMajority -l (trees.HoeffdingTree -e 2000000 -g 100 -c 0.01) -e 10,ArffFileStream -f ./../../../Dataset/Synthetic_IM10/stream_gen_agrawal.arff,1,35500.0,1.59375,1.2896877403060603E-9,35500.0,0.968,0.8900257664587923,0.8900257664587923,0.8392864317570011,0.8840293535736018,0.9561116205947857,0.8900257664587923,0.878,0.122,35500.0,3128.0,10.0
meta.DynamicWeightedMajority -l (trees.HoeffdingTree -e 2000000 -g 100 -c 0.01) -e 10,ArffFileStream -f ./../../../Dataset/Synthetic_IM10/stream_gen_agrawal.arff,1,36000.0,1.625,1.3149757352140223E-9,36000.0,0.96,0.8501811120654243,0.8501811120654243,0.7895179962113239,0.8376792710287861,0.957997557997558,0.8501811120654243,0.878,0.122,36000.0,3128.0,10.0
meta.DynamicWeightedMajority -l (trees.HoeffdingTree -e 2000000 -g 100 -c 0.01) -e 10,ArffFileStream -f ./../../../Dataset/Synthetic_IM10/stream_gen_agrawal.arff,1,36500.0,1.640625,1.3276197326680033E-9,36500.0,0.968,0.8770479013886722,0.8770479013886722,0.8285616320932625,0.8690155446545837,0.9628423673625742,0.8770479013886722,0.884,0.116,36500.0,3128.0,10.0
meta.DynamicWeightedMajority -l (trees.HoeffdingTree -e 2000000 -g 100 -c 0.01) -e 10,ArffFileStream -f ./../../../Dataset/Synthetic_IM10/stream_gen_agrawal.arff,1,37000.0,1.65625,1.3402637301219843E-9,37000.0,0.974,0.8903057629984501,0.89030576299845,0.8364368394564671,0.8843192704406632,0.9516304347826088,0.8903057629984501,0.906,0.094,37000.0,3128.0,10.0
meta.DynamicWeightedMajority -l (trees.HoeffdingTree -e 2000000 -g 100 -c 0.01) -e 10,ArffFileStream -f ./../../../Dataset/Synthetic_IM10/stream_gen_agrawal.arff,1,37500.0,1.671875,1.3529077275759653E-9,37500.0,0.98,0.9010725914575752,0.9010725914575752,0.8701433617286516,0.8958661366744861,0.9771018455228981,0.9010725914575752,0.908,0.092,37500.0,3128.0,10.0
meta.DynamicWeightedMajority -l (trees.HoeffdingTree -e 2000000 -g 100 -c 0.01) -e 10,ArffFileStream -f ./../../../Dataset/Synthetic_IM10/stream_gen_agrawal.arff,1,38000.0,1.671875,1.3529077275759653E-9,38000.0,0.982,0.9300366300366301,0.9300366300366301,0.8867069486404834,0.9278751968623695,0.957735495945103,0.9300366300366301,0.91,0.09,38000.0,3128.0,10.0
meta.DynamicWeightedMajority -l (trees.HoeffdingTree -e 2000000 -g 100 -c 0.01) -e 10,ArffFileStream -f ./../../../Dataset/Synthetic_IM10/stream_gen_agrawal.arff,1,38500.0,1.703125,1.3781957224839272E-9,38500.0,0.988,0.9375,0.9375,0.9267721148213239,0.9354143466934853,0.9934497816593886,0.9375,0.904,0.096,38500.0,3128.0,10.0
meta.DynamicWeightedMajority -l (trees.HoeffdingTree -e 2000000 -g 100 -c 0.01) -e 10,ArffFileStream -f ./../../../Dataset/Synthetic_IM10/stream_gen_agrawal.arff,1,39000.0,1.71875,1.3908397199379082E-9,39000.0,0.982,0.9155604719764012,0.9155604719764011,0.8890641948525786,0.9118605570569571,0.9790902810988894,0.9155604719764012,0.904,0.096,39000.0,3128.0,10.0
meta.DynamicWeightedMajority -l (trees.HoeffdingTree -e 2000000 -g 100 -c 0.01) -e 10,ArffFileStream -f ./../../../Dataset/Synthetic_IM10/stream_gen_agrawal.arff,1,39500.0,1.734375,1.4034837173918892E-9,39500.0,0.984,0.9263880224578914,0.9263880224578915,0.8913279721799608,0.9237964468615022,0.9671907040328093,0.9263880224578914,0.916,0.084,39500.0,3128.0,10.0
meta.DynamicWeightedMajority -l (trees.HoeffdingTree -e 2000000 -g 100 -c 0.01) -e 10,ArffFileStream -f ./../../../Dataset/Synthetic_IM10/stream_gen_agrawal.arff,1,40000.0,1.75,1.4161277148458702E-9,40000.0,0.966,0.8365384615384616,0.8365384615384616,0.7867536377320622,0.820412654142367,0.9817204301075269,0.8365384615384616,0.896,0.104,40000.0,3128.0,10.0
meta.DynamicWeightedMajority -l (trees.HoeffdingTree -e 2000000 -g 100 -c 0.01) -e 10,ArffFileStream -f ./../../../Dataset/Synthetic_IM10/stream_gen_agrawal.arff,1,40500.0,1.765625,1.4287717122998512E-9,40500.0,0.972,0.8791923911229769,0.8791923911229768,0.7957397140355996,0.872288772322201,0.9188940092165898,0.8791923911229769,0.922,0.078,40500.0,3128.0,10.0
meta.DynamicWeightedMajority -l (trees.HoeffdingTree -e 2000000 -g 100 -c 0.01) -e 10,ArffFileStream -f ./../../../Dataset/Synthetic_IM10/stream_gen_agrawal.arff,1,41000.0,1.78125,1.4414157097538322E-9,41000.0,0.984,0.9211233211233212,0.9211233211233212,0.8960769030917122,0.9179262075943374,0.9795872962901162,0.9211233211233212,0.91,0.09,41000.0,3128.0,10.0
meta.DynamicWeightedMajority -l (trees.HoeffdingTree -e 2000000 -g 100 -c 0.01) -e 10,ArffFileStream -f ./../../../Dataset/Synthetic_IM10/stream_gen_agrawal.arff,1,41500.0,1.796875,1.4540597072078132E-9,41500.0,0.974,0.889785495403473,0.889785495403473,0.8544558889386475,0.8832107828981591,0.9754784688995215,0.889785495403473,0.89,0.11,41500.0,3128.0,10.0
meta.DynamicWeightedMajority -l (trees.HoeffdingTree -e 2000000 -g 100 -c 0.01) -e 10,ArffFileStream -f ./../../../Dataset/Synthetic_IM10/stream_gen_agrawal.arff,1,42000.0,1.8125,1.4667037046617942E-9,42000.0,0.986,0.9336812871097491,0.9336812871097492,0.911900926298832,0.931477254420513,0.9812689303363622,0.9336812871097491,0.908,0.092,42000.0,3128.0,10.0
meta.DynamicWeightedMajority -l (trees.HoeffdingTree -e 2000000 -g 100 -c 0.01) -e 10,ArffFileStream -f ./../../../Dataset/Synthetic_IM10/stream_gen_agrawal.arff,1,42500.0,1.828125,1.4793477021157751E-9,42500.0,0.974,0.8956043956043956,0.8956043956043956,0.8329048843187661,0.8904869639512041,0.9402173913043479,0.8956043956043956,0.91,0.09,42500.0,3128.0,10.0
meta.DynamicWeightedMajority -l (trees.HoeffdingTree -e 2000000 -g 100 -c 0.01) -e 10,ArffFileStream -f ./../../../Dataset/Synthetic_IM10/stream_gen_agrawal.arff,1,43000.0,1.828125,1.4793477021157751E-9,43000.0,0.97,0.894903724201545,0.894903724201545,0.845679012345679,0.8894892088677993,0.9566666666666667,0.894903724201545,0.882,0.118,43000.0,3128.0,10.0
meta.DynamicWeightedMajority -l (trees.HoeffdingTree -e 2000000 -g 100 -c 0.01) -e 10,ArffFileStream -f ./../../../Dataset/Synthetic_IM10/stream_gen_agrawal.arff,1,43500.0,1.84375,1.4919916995697561E-9,43500.0,0.966,0.8670071416708187,0.8670071416708188,0.8061838744983583,0.8577634753848918,0.9497989924176886,0.8670071416708187,0.892,0.108,43500.0,3128.0,10.0
meta.DynamicWeightedMajority -l (trees.HoeffdingTree -e 2000000 -g 100 -c 0.01) -e 10,ArffFileStream -f ./../../../Dataset/Synthetic_IM10/stream_gen_agrawal.arff,1,44000.0,1.859375,1.5046356970237371E-9,44000.0,0.968,0.8553916874162037,0.8553916874162037,0.7877308427085544,0.8441864919398565,0.9443247126436781,0.8553916874162037,0.908,0.092,44000.0,3128.0,10.0
meta.DynamicWeightedMajority -l (trees.HoeffdingTree -e 2000000 -g 100 -c 0.01) -e 10,ArffFileStream -f ./../../../Dataset/Synthetic_IM10/stream_gen_agrawal.arff,1,44500.0,1.875,1.517279694477718E-9,44500.0,0.976,0.9029314159292036,0.9029314159292036,0.8535442296426479,0.8983915075761545,0.9544603867747973,0.9029314159292036,0.904,0.096,44500.0,3128.0,10.0
meta.DynamicWeightedMajority -l (trees.HoeffdingTree -e 2000000 -g 100 -c 0.01) -e 10,ArffFileStream -f ./../../../Dataset/Synthetic_IM10/stream_gen_agrawal.arff,1,45000.0,1.890625,1.529923691931699E-9,45000.0,0.968,0.8605179265470108,0.8605179265470109,0.804982692213934,0.8498579963224864,0.9591745925802324,0.8605179265470108,0.898,0.102,45000.0,3128.0,10.0
meta.DynamicWeightedMajority -l (trees.HoeffdingTree -e 2000000 -g 100 -c 0.01) -e 10,ArffFileStream -f ./../../../Dataset/Synthetic_IM10/stream_gen_agrawal.arff,1,45500.0,1.90625,1.54256768938568E-9,45500.0,0.962,0.8428056318681318,0.8428056318681318,0.7707750217160506,0.8292597321085253,0.9441848823627566,0.8428056318681318,0.896,0.104,45500.0,3128.0,10.0
meta.DynamicWeightedMajority -l (trees.HoeffdingTree -e 2000000 -g 100 -c 0.01) -e 10,ArffFileStream -f ./../../../Dataset/Synthetic_IM10/stream_gen_agrawal.arff,1,46000.0,1.9375,1.567855684293642E-9,46000.0,0.978,0.9078144078144078,0.9078144078144078,0.8586118251928021,0.9037704226190282,0.9538043478260869,0.9078144078144078,0.91,0.09,46000.0,3128.0,10.0
meta.DynamicWeightedMajority -l (trees.HoeffdingTree -e 2000000 -g 100 -c 0.01) -e 10,ArffFileStream -f ./../../../Dataset/Synthetic_IM10/stream_gen_agrawal.arff,1,46500.0,1.953125,1.580499681747623E-9,46500.0,0.984,0.9311355311355312,0.9311355311355312,0.898244721444925,0.9289010404005063,0.9690738083851427,0.9311355311355312,0.91,0.09,46500.0,3128.0,10.0
meta.DynamicWeightedMajority -l (trees.HoeffdingTree -e 2000000 -g 100 -c 0.01) -e 10,ArffFileStream -f ./../../../Dataset/Synthetic_IM10/stream_gen_agrawal.arff,1,47000.0,1.96875,1.593143679201604E-9,47000.0,0.976,0.9034232408931662,0.9034232408931662,0.8643454668776849,0.8987161310592335,0.9667887667887668,0.9034232408931662,0.894,0.106,47000.0,3128.0,9.0
meta.DynamicWeightedMajority -l (trees.HoeffdingTree -e 2000000 -g 100 -c 0.01) -e 10,ArffFileStream -f ./../../../Dataset/Synthetic_IM10/stream_gen_agrawal.arff,1,47500.0,1.984375,1.605787676655585E-9,47500.0,0.974,0.8617021276595744,0.8617021276595744,0.8257559511044392,0.8505317485662419,0.9860515021459227,0.8617021276595744,0.906,0.094,47500.0,3128.0,9.0
meta.DynamicWeightedMajority -l (trees.HoeffdingTree -e 2000000 -g 100 -c 0.01) -e 10,ArffFileStream -f ./../../../Dataset/Synthetic_IM10/stream_gen_agrawal.arff,1,48000.0,2.0,1.618431674109566E-9,48000.0,0.986,0.9581521739130435,0.9581521739130435,0.9059645351961311,0.9575784676668176,0.9479515383389128,0.9581521739130435,0.92,0.08,48000.0,3128.0,9.0
meta.DynamicWeightedMajority -l (trees.HoeffdingTree -e 2000000 -g 100 -c 0.01) -e 10,ArffFileStream -f ./../../../Dataset/Synthetic_IM10/stream_gen_agrawal.arff,1,48500.0,2.015625,1.631075671563547E-9,48500.0,0.978,0.909537534390148,0.9095375343901481,0.8721287082674603,0.9054618320542046,0.9674043062200957,0.909537534390148,0.898,0.102,48500.0,3128.0,9.0
meta.DynamicWeightedMajority -l (trees.HoeffdingTree -e 2000000 -g 100 -c 0.01) -e 10,ArffFileStream -f ./../../../Dataset/Synthetic_IM10/stream_gen_agrawal.arff,1,49000.0,2.046875,1.656363666471509E-9,49000.0,0.98,0.9031515663895542,0.9031515663895543,0.8728835104489754,0.8981791840172263,0.9774180988931531,0.9031515663895542,0.906,0.094,49000.0,3128.0,9.0
meta.DynamicWeightedMajority -l (trees.HoeffdingTree -e 2000000 -g 100 -c 0.01) -e 10,ArffFileStream -f ./../../../Dataset/Synthetic_IM10/stream_gen_agrawal.arff,1,49500.0,2.0625,1.66900766392549E-9,49500.0,0.972,0.8605983749001926,0.8605983749001925,0.8143728453990984,0.8495924531404658,0.9717357910906298,0.8605983749001926,0.906,0.094,49500.0,3128.0,10.0
meta.DynamicWeightedMajority -l (trees.HoeffdingTree -e 2000000 -g 100 -c 0.01) -e 10,ArffFileStream -f ./../../../Dataset/Synthetic_IM10/stream_gen_agrawal.arff,1,50000.0,2.078125,1.681651661379471E-9,50000.0,0.968,0.8805501930501931,0.880550193050193,0.8255103821322631,0.8733091771640322,0.953074123731086,0.8805501930501931,0.888,0.112,50000.0,3128.0,10.0
meta.DynamicWeightedMajority -l (trees.HoeffdingTree -e 2000000 -g 100 -c 0.01) -e 10,ArffFileStream -f ./../../../Dataset/Synthetic_IM10/stream_gen_agrawal.arff,1,50500.0,2.109375,1.706939656287433E-9,50500.0,0.974,0.8776772717820753,0.8776772717820753,0.8172103487064117,0.8700081145366027,0.9463901689708141,0.8776772717820753,0.916,0.084,50500.0,3128.0,10.0
meta.DynamicWeightedMajority -l (trees.HoeffdingTree -e 2000000 -g 100 -c 0.01) -e 10,ArffFileStream -f ./../../../Dataset/Synthetic_IM10/stream_gen_agrawal.arff,1,51000.0,2.125,1.719583653741414E-9,51000.0,0.988,0.9533577533577533,0.9533577533577534,0.925242960378769,0.9524212445689287,0.972367818431632,0.9533577533577533,0.91,0.09,51000.0,3128.0,10.0
meta.DynamicWeightedMajority -l (trees.HoeffdingTree -e 2000000 -g 100 -c 0.01) -e 10,ArffFileStream -f ./../../../Dataset/Synthetic_IM10/stream_gen_agrawal.arff,1,51500.0,2.140625,1.7322276511953949E-9,51500.0,0.972,0.8866467364225212,0.8866467364225212,0.8418007593563551,0.8799374892867771,0.9641148325358853,0.8866467364225212,0.892,0.108,51500.0,3128.0,10.0
meta.DynamicWeightedMajority -l (trees.HoeffdingTree -e 2000000 -g 100 -c 0.01) -e 10,ArffFileStream -f ./../../../Dataset/Synthetic_IM10/stream_gen_agrawal.arff,1,52000.0,2.171875,1.7575156461033569E-9,52000.0,0.978,0.9008471985676231,0.9008471985676231,0.8697176425999621,0.895617718353001,0.9771782075275525,0.9008471985676231,0.898,0.102,52000.0,3128.0,10.0
meta.DynamicWeightedMajority -l (trees.HoeffdingTree -e 2000000 -g 100 -c 0.01) -e 10,ArffFileStream -f ./../../../Dataset/Synthetic_IM10/stream_gen_agrawal.arff,1,52500.0,2.1875,1.7701596435573379E-9,52500.0,0.978,0.9098360655737705,0.9098360655737705,0.888663967611336,0.9053574604251853,0.9877777777777778,0.9098360655737705,0.878,0.122,52500.0,3128.0,9.0
meta.DynamicWeightedMajority -l (trees.HoeffdingTree -e 2000000 -g 100 -c 0.01) -e 10,ArffFileStream -f ./../../../Dataset/Synthetic_IM10/stream_gen_agrawal.arff,1,53000.0,2.21875,1.7954476384652998E-9,53000.0,0.982,0.9144832605531296,0.9144832605531296,0.8763464497691801,0.9108755804960987,0.9654135777245929,0.9144832605531296,0.916,0.084,53000.0,3128.0,10.0
meta.DynamicWeightedMajority -l (trees.HoeffdingTree -e 2000000 -g 100 -c 0.01) -e 10,ArffFileStream -f ./../../../Dataset/Synthetic_IM10/stream_gen_agrawal.arff,1,53500.0,2.234375,1.8080916359192808E-9,53500.0,0.964,0.8621392059648718,0.8621392059648719,0.8072392375240951,0.8517677397090176,0.9601953601953602,0.8621392059648718,0.882,0.118,53500.0,3128.0,10.0
meta.DynamicWeightedMajority -l (trees.HoeffdingTree -e 2000000 -g 100 -c 0.01) -e 10,ArffFileStream -f ./../../../Dataset/Synthetic_IM10/stream_gen_agrawal.arff,1,54000.0,2.25,1.8207356333732618E-9,54000.0,0.976,0.9066666666666666,0.9066666666666666,0.8591549295774648,0.9025150044920767,0.9560406698564593,0.9066666666666666,0.9,0.1,54000.0,3128.0,10.0
meta.DynamicWeightedMajority -l (trees.HoeffdingTree -e 2000000 -g 100 -c 0.01) -e 10,ArffFileStream -f ./../../../Dataset/Synthetic_IM10/stream_gen_agrawal.arff,1,54500.0,2.28125,1.8460236282812238E-9,54500.0,0.978,0.9412794985250738,0.9412794985250738,0.874417755046123,0.9401817592428494,0.9332322729535273,0.9412794985250738,0.904,0.096,54500.0,3128.0,10.0
meta.DynamicWeightedMajority -l (trees.HoeffdingTree -e 2000000 -g 100 -c 0.01) -e 10,ArffFileStream -f ./../../../Dataset/Synthetic_IM10/stream_gen_agrawal.arff,1,55000.0,2.3125,1.8713116231891858E-9,55000.0,0.972,0.905393457117595,0.9053934571175951,0.8675496688741722,0.9009082753539551,0.9683350357507661,0.905393457117595,0.87,0.13,55000.0,3128.0,10.0
meta.DynamicWeightedMajority -l (trees.HoeffdingTree -e 2000000 -g 100 -c 0.01) -e 10,ArffFileStream -f ./../../../Dataset/Synthetic_IM10/stream_gen_agrawal.arff,1,55500.0,2.328125,1.8839556206431665E-9,55500.0,0.978,0.8962264150943396,0.8962264150943396,0.8722356439323545,0.8901981971385244,0.9879912663755459,0.8962264150943396,0.894,0.106,55500.0,3128.0,10.0
meta.DynamicWeightedMajority -l (trees.HoeffdingTree -e 2000000 -g 100 -c 0.01) -e 10,ArffFileStream -f ./../../../Dataset/Synthetic_IM10/stream_gen_agrawal.arff,1,56000.0,2.34375,1.8965996180971473E-9,56000.0,0.974,0.9012514355867094,0.9012514355867095,0.8617844688270817,0.8963113988994434,0.9669985250737463,0.9012514355867094,0.886,0.114,56000.0,3128.0,10.0
meta.DynamicWeightedMajority -l (trees.HoeffdingTree -e 2000000 -g 100 -c 0.01) -e 10,ArffFileStream -f ./../../../Dataset/Synthetic_IM10/stream_gen_agrawal.arff,1,56500.0,2.375,1.9218876130051093E-9,56500.0,0.974,0.8755799755799756,0.8755799755799756,0.8255501878690285,0.867314494421967,0.9603687739463602,0.8755799755799756,0.91,0.09,56500.0,3128.0,10.0
meta.DynamicWeightedMajority -l (trees.HoeffdingTree -e 2000000 -g 100 -c 0.01) -e 10,ArffFileStream -f ./../../../Dataset/Synthetic_IM10/stream_gen_agrawal.arff,1,57000.0,2.40625,1.9471756079130713E-9,57000.0,0.978,0.8925132685172139,0.8925132685172138,0.8587135224003288,0.8862822457093996,0.9760195944406471,0.8925132685172139,0.906,0.094,57000.0,3128.0,10.0
meta.DynamicWeightedMajority -l (trees.HoeffdingTree -e 2000000 -g 100 -c 0.01) -e 10,ArffFileStream -f ./../../../Dataset/Synthetic_IM10/stream_gen_agrawal.arff,1,57500.0,2.421875,1.959819605367052E-9,57500.0,0.978,0.8762185511645555,0.8762185511645555,0.8241687979539642,0.868036767125553,0.9570921985815604,0.8762185511645555,0.926,0.074,57500.0,3128.0,10.0
meta.DynamicWeightedMajority -l (trees.HoeffdingTree -e 2000000 -g 100 -c 0.01) -e 10,ArffFileStream -f ./../../../Dataset/Synthetic_IM10/stream_gen_agrawal.arff,1,58000.0,2.4375,1.972463602821033E-9,58000.0,0.974,0.8764423729580524,0.8764423729580524,0.8365848753016895,0.8680021641171625,0.9738550922761449,0.8764423729580524,0.902,0.098,58000.0,3128.0,10.0
meta.DynamicWeightedMajority -l (trees.HoeffdingTree -e 2000000 -g 100 -c 0.01) -e 10,ArffFileStream -f ./../../../Dataset/Synthetic_IM10/stream_gen_agrawal.arff,1,58500.0,2.46875,1.997751597728995E-9,58500.0,0.978,0.8925132685172139,0.8925132685172138,0.8587135224003288,0.8862822457093996,0.9760195944406471,0.8925132685172139,0.906,0.094,58500.0,3128.0,10.0
meta.DynamicWeightedMajority -l (trees.HoeffdingTree -e 2000000 -g 100 -c 0.01) -e 10,ArffFileStream -f ./../../../Dataset/Synthetic_IM10/stream_gen_agrawal.arff,1,59000.0,2.484375,2.0103955951829756E-9,59000.0,0.976,0.8867924528301887,0.8867924528301887,0.859333239555493,0.8795367562872954,0.9869281045751634,0.8867924528301887,0.894,0.106,59000.0,3128.0,10.0
meta.DynamicWeightedMajority -l (trees.HoeffdingTree -e 2000000 -g 100 -c 0.01) -e 10,ArffFileStream -f ./../../../Dataset/Synthetic_IM10/stream_gen_agrawal.arff,1,59500.0,2.546875,2.0609715849988995E-9,59500.0,0.97,0.894903724201545,0.894903724201545,0.845679012345679,0.8894892088677993,0.9566666666666667,0.894903724201545,0.882,0.118,59500.0,3128.0,10.0
meta.DynamicWeightedMajority -l (trees.HoeffdingTree -e 2000000 -g 100 -c 0.01) -e 10,ArffFileStream -f ./../../../Dataset/Synthetic_IM10/stream_gen_agrawal.arff,1,60000.0,2.5625,2.0736155824528803E-9,60000.0,0.968,0.8738636363636363,0.8738636363636363,0.83150800336984,0.8650407242121347,0.9726106109940624,0.8738636363636363,0.88,0.12,60000.0,3128.0,10.0
meta.DynamicWeightedMajority -l (trees.HoeffdingTree -e 2000000 -g 100 -c 0.01) -e 10,ArffFileStream -f ./../../../Dataset/Synthetic_IM10/stream_gen_agrawal.arff,1,60500.0,2.59375,2.0989035773608423E-9,60500.0,0.968,0.8605179265470108,0.8605179265470109,0.804982692213934,0.8498579963224864,0.9591745925802324,0.8605179265470108,0.898,0.102,60500.0,3128.0,10.0
meta.DynamicWeightedMajority -l (trees.HoeffdingTree -e 2000000 -g 100 -c 0.01) -e 10,ArffFileStream -f ./../../../Dataset/Synthetic_IM10/stream_gen_agrawal.arff,1,61000.0,2.59375,2.0989035773608423E-9,61000.0,0.978,0.9195077571346486,0.9195077571346485,0.864344909234412,0.9167094706564703,0.9458297287669839,0.9195077571346486,0.908,0.092,61000.0,3128.0,10.0
meta.DynamicWeightedMajority -l (trees.HoeffdingTree -e 2000000 -g 100 -c 0.01) -e 10,ArffFileStream -f ./../../../Dataset/Synthetic_IM10/stream_gen_agrawal.arff,1,61500.0,2.625,2.1241915722688043E-9,61500.0,0.976,0.8866910866910866,0.8866910866910866,0.8407220599946907,0.8799766896679562,0.9621738369038585,0.8866910866910866,0.91,0.09,61500.0,3128.0,10.0
meta.DynamicWeightedMajority -l (trees.HoeffdingTree -e 2000000 -g 100 -c 0.01) -e 10,ArffFileStream -f ./../../../Dataset/Synthetic_IM10/stream_gen_agrawal.arff,1,62000.0,2.671875,2.162123564630747E-9,62000.0,0.978,0.9194907558751952,0.9194907558751952,0.8936087898483441,0.9161575948810553,0.9795299784089022,0.9194907558751952,0.874,0.126,62000.0,3128.0,10.0
meta.DynamicWeightedMajority -l (trees.HoeffdingTree -e 2000000 -g 100 -c 0.01) -e 10,ArffFileStream -f ./../../../Dataset/Synthetic_IM10/stream_gen_agrawal.arff,1,62500.0,2.703125,2.187411559538709E-9,62500.0,0.97,0.8855555555555557,0.8855555555555555,0.8222748815165877,0.8792420978699022,0.9414533611521042,0.8855555555555557,0.9,0.1,62500.0,3128.0,10.0
meta.DynamicWeightedMajority -l (trees.HoeffdingTree -e 2000000 -g 100 -c 0.01) -e 10,ArffFileStream -f ./../../../Dataset/Synthetic_IM10/stream_gen_agrawal.arff,1,63000.0,2.734375,2.212699554446671E-9,63000.0,0.98,0.9019607843137255,0.9019607843137255,0.8804342627576641,0.8966167345234256,0.9891067538126361,0.9019607843137255,0.898,0.102,63000.0,3128.0,10.0
meta.DynamicWeightedMajority -l (trees.HoeffdingTree -e 2000000 -g 100 -c 0.01) -e 10,ArffFileStream -f ./../../../Dataset/Synthetic_IM10/stream_gen_agrawal.arff,1,63500.0,2.765625,2.237987549354633E-9,63500.0,0.98,0.9068979266347688,0.9068979266347686,0.8672190354790738,0.9025482266535162,0.9650262018683071,0.9068979266347688,0.912,0.088,63500.0,3128.0,10.0
meta.DynamicWeightedMajority -l (trees.HoeffdingTree -e 2000000 -g 100 -c 0.01) -e 10,ArffFileStream -f ./../../../Dataset/Synthetic_IM10/stream_gen_agrawal.arff,1,64000.0,2.796875,2.263275544262595E-9,64000.0,0.964,0.8644444444444445,0.8644444444444445,0.784688995215311,0.8554401076508967,0.9262840507381992,0.8644444444444445,0.9,0.1,64000.0,3128.0,10.0
meta.DynamicWeightedMajority -l (trees.HoeffdingTree -e 2000000 -g 100 -c 0.01) -e 10,ArffFileStream -f ./../../../Dataset/Synthetic_IM10/stream_gen_agrawal.arff,1,64500.0,2.8125,2.2759195417165757E-9,64500.0,0.978,0.8931606534018625,0.8931606534018626,0.8489177013514998,0.8872639352093143,0.9625239463601533,0.8931606534018625,0.914,0.086,64500.0,3128.0,10.0
meta.DynamicWeightedMajority -l (trees.HoeffdingTree -e 2000000 -g 100 -c 0.01) -e 10,ArffFileStream -f ./../../../Dataset/Synthetic_IM10/stream_gen_agrawal.arff,1,65000.0,2.84375,2.3012075366245377E-9,65000.0,0.984,0.9259771386430679,0.9259771386430679,0.9023628197617652,0.9231884517281018,0.9804533166978582,0.9259771386430679,0.904,0.096,65000.0,3128.0,10.0
meta.DynamicWeightedMajority -l (trees.HoeffdingTree -e 2000000 -g 100 -c 0.01) -e 10,ArffFileStream -f ./../../../Dataset/Synthetic_IM10/stream_gen_agrawal.arff,1,65500.0,2.875,2.3264955315324997E-9,65500.0,0.968,0.876266400930078,0.8762664009300781,0.8192008678358343,0.8684193308517362,0.9516547049441786,0.876266400930078,0.892,0.108,65500.0,3128.0,10.0
meta.DynamicWeightedMajority -l (trees.HoeffdingTree -e 2000000 -g 100 -c 0.01) -e 10,ArffFileStream -f ./../../../Dataset/Synthetic_IM10/stream_gen_agrawal.arff,1,66000.0,2.90625,2.3517835264404616E-9,66000.0,0.976,0.9009440608707904,0.9009440608707905,0.8505455088925422,0.8961898589081484,0.953610712577714,0.9009440608707904,0.906,0.094,66000.0,3128.0,10.0
meta.DynamicWeightedMajority -l (trees.HoeffdingTree -e 2000000 -g 100 -c 0.01) -e 10,ArffFileStream -f ./../../../Dataset/Synthetic_IM10/stream_gen_agrawal.arff,1,66500.0,2.921875,2.3644275238944424E-9,66500.0,0.97,0.887538304392237,0.8875383043922369,0.8349471830985915,0.8812193242583676,0.9541754453169891,0.887538304392237,0.89,0.11,66500.0,3128.0,10.0
meta.DynamicWeightedMajority -l (trees.HoeffdingTree -e 2000000 -g 100 -c 0.01) -e 10,ArffFileStream -f ./../../../Dataset/Synthetic_IM10/stream_gen_agrawal.arff,1,67000.0,2.921875,2.3644275238944424E-9,67000.0,0.982,0.9281127780047866,0.9281127780047866,0.8670055562123182,0.9259551987970084,0.9390565134099617,0.9281127780047866,0.926,0.074,67000.0,3128.0,10.0
meta.DynamicWeightedMajority -l (trees.HoeffdingTree -e 2000000 -g 100 -c 0.01) -e 10,ArffFileStream -f ./../../../Dataset/Synthetic_IM10/stream_gen_agrawal.arff,1,67500.0,2.9375,2.377071521348423E-9,67500.0,0.98,0.9287720393197066,0.9287720393197066,0.89789250122529,0.9263736832225911,0.9718406593406593,0.9287720393197066,0.884,0.116,67500.0,3128.0,10.0
meta.DynamicWeightedMajority -l (trees.HoeffdingTree -e 2000000 -g 100 -c 0.01) -e 10,ArffFileStream -f ./../../../Dataset/Synthetic_IM10/stream_gen_agrawal.arff,1,68000.0,2.953125,2.389715518802404E-9,68000.0,0.968,0.8518275907244859,0.8518275907244858,0.8011236513697608,0.8392319297356694,0.9702877823828149,0.8518275907244859,0.898,0.102,68000.0,3128.0,10.0
meta.DynamicWeightedMajority -l (trees.HoeffdingTree -e 2000000 -g 100 -c 0.01) -e 10,ArffFileStream -f ./../../../Dataset/Synthetic_IM10/stream_gen_agrawal.arff,1,68500.0,2.96875,2.4023595162563848E-9,68500.0,0.982,0.9182615629984051,0.918261562998405,0.8817904801933383,0.9149977558125189,0.9667667834696034,0.9182615629984051,0.912,0.088,68500.0,3128.0,10.0
meta.DynamicWeightedMajority -l (trees.HoeffdingTree -e 2000000 -g 100 -c 0.01) -e 10,ArffFileStream -f ./../../../Dataset/Synthetic_IM10/stream_gen_agrawal.arff,1,69000.0,2.984375,2.4150035137103655E-9,69000.0,0.978,0.9319690265486726,0.9319690265486726,0.872057318321392,0.9302262071454325,0.9401859940820065,0.9319690265486726,0.904,0.096,69000.0,3128.0,10.0
meta.DynamicWeightedMajority -l (trees.HoeffdingTree -e 2000000 -g 100 -c 0.01) -e 10,ArffFileStream -f ./../../../Dataset/Synthetic_IM10/stream_gen_agrawal.arff,1,69500.0,3.0,2.4276475111643463E-9,69500.0,0.978,0.9241368387709851,0.9241368387709852,0.8720692221808709,0.9217053234083221,0.9488124880291131,0.9241368387709851,0.902,0.098,69500.0,3128.0,10.0
meta.DynamicWeightedMajority -l (trees.HoeffdingTree -e 2000000 -g 100 -c 0.01) -e 10,ArffFileStream -f ./../../../Dataset/Synthetic_IM10/stream_gen_agrawal.arff,1,70000.0,3.03125,2.4529355060723083E-9,70000.0,0.968,0.8823181798995399,0.8823181798995399,0.8191272891702465,0.8755926253997734,0.9423687423687424,0.8823181798995399,0.894,0.106,70000.0,3128.0,10.0
meta.DynamicWeightedMajority -l (trees.HoeffdingTree -e 2000000 -g 100 -c 0.01) -e 10,ArffFileStream -f ./../../../Dataset/Synthetic_IM10/stream_gen_agrawal.arff,1,70500.0,3.078125,2.490867498434251E-9,70500.0,0.982,0.9134615384615384,0.9134615384615384,0.895416937807939,0.9093531090412992,0.9901531728665207,0.9134615384615384,0.896,0.104,70500.0,3128.0,10.0
meta.DynamicWeightedMajority -l (trees.HoeffdingTree -e 2000000 -g 100 -c 0.01) -e 10,ArffFileStream -f ./../../../Dataset/Synthetic_IM10/stream_gen_agrawal.arff,1,71000.0,3.109375,2.516155493342213E-9,71000.0,0.972,0.9007190265486726,0.9007190265486726,0.8324396782841823,0.8963884025028397,0.9333133971291866,0.9007190265486726,0.904,0.096,71000.0,3128.0,10.0
meta.DynamicWeightedMajority -l (trees.HoeffdingTree -e 2000000 -g 100 -c 0.01) -e 10,ArffFileStream -f ./../../../Dataset/Synthetic_IM10/stream_gen_agrawal.arff,1,71500.0,3.125,2.528799490796194E-9,71500.0,0.958,0.8490421599014153,0.8490421599014153,0.7807383895756765,0.836720278990258,0.9475675158015706,0.8490421599014153,0.878,0.122,71500.0,3128.0,10.0
meta.DynamicWeightedMajority -l (trees.HoeffdingTree -e 2000000 -g 100 -c 0.01) -e 10,ArffFileStream -f ./../../../Dataset/Synthetic_IM10/stream_gen_agrawal.arff,1,72000.0,3.140625,2.5414434882501746E-9,72000.0,0.97,0.8662612526335951,0.866261252633595,0.8031289374212516,0.8568817380285709,0.9465004961765221,0.8662612526335951,0.908,0.092,72000.0,3128.0,10.0
meta.DynamicWeightedMajority -l (trees.HoeffdingTree -e 2000000 -g 100 -c 0.01) -e 10,ArffFileStream -f ./../../../Dataset/Synthetic_IM10/stream_gen_agrawal.arff,1,72500.0,3.171875,2.5667314831581366E-9,72500.0,0.966,0.8852911133810011,0.885291113381001,0.8160969277369104,0.8792233549361439,0.9346423303834808,0.8852911133810011,0.89,0.11,72500.0,3128.0,10.0
meta.DynamicWeightedMajority -l (trees.HoeffdingTree -e 2000000 -g 100 -c 0.01) -e 10,ArffFileStream -f ./../../../Dataset/Synthetic_IM10/stream_gen_agrawal.arff,1,73000.0,3.203125,2.5920194780660985E-9,73000.0,0.972,0.8960375110496176,0.8960375110496177,0.8548259985897383,0.8905040286032871,0.9662880673333635,0.8960375110496176,0.882,0.118,73000.0,3128.0,9.0
meta.DynamicWeightedMajority -l (trees.HoeffdingTree -e 2000000 -g 100 -c 0.01) -e 10,ArffFileStream -f ./../../../Dataset/Synthetic_IM10/stream_gen_agrawal.arff,1,73500.0,3.21875,2.6046634755200793E-9,73500.0,0.972,0.8605983749001926,0.8605983749001925,0.8143728453990984,0.8495924531404658,0.9717357910906298,0.8605983749001926,0.906,0.094,73500.0,3128.0,9.0
meta.DynamicWeightedMajority -l (trees.HoeffdingTree -e 2000000 -g 100 -c 0.01) -e 10,ArffFileStream -f ./../../../Dataset/Synthetic_IM10/stream_gen_agrawal.arff,1,74000.0,3.21875,2.6046634755200793E-9,74000.0,0.982,0.9058826522823267,0.9058826522823267,0.8763872101966816,0.9012060854925626,0.9774904214559387,0.9058826522823267,0.914,0.086,74000.0,3128.0,9.0
meta.DynamicWeightedMajority -l (trees.HoeffdingTree -e 2000000 -g 100 -c 0.01) -e 10,ArffFileStream -f ./../../../Dataset/Synthetic_IM10/stream_gen_agrawal.arff,1,74500.0,3.234375,2.61730747297406E-9,74500.0,0.98,0.9352104867133975,0.9352104867133975,0.897871645083541,0.9334091405479533,0.9638681355789118,0.9352104867133975,0.886,0.114,74500.0,3128.0,8.0
meta.DynamicWeightedMajority -l (trees.HoeffdingTree -e 2000000 -g 100 -c 0.01) -e 10,ArffFileStream -f ./../../../Dataset/Synthetic_IM10/stream_gen_agrawal.arff,1,75000.0,3.25,2.629951470428041E-9,75000.0,0.98,0.9002603751527711,0.9002603751527712,0.8576715058354683,0.8951932500225968,0.962826420890937,0.9002603751527711,0.918,0.082,75000.0,3128.0,8.0
meta.DynamicWeightedMajority -l (trees.HoeffdingTree -e 2000000 -g 100 -c 0.01) -e 10,ArffFileStream -f ./../../../Dataset/Synthetic_IM10/stream_gen_agrawal.arff,1,75500.0,3.265625,2.6425954678820217E-9,75500.0,0.98,0.9237647492625369,0.9237647492625369,0.8803140559172731,0.9211391962559492,0.9582336523125996,0.9237647492625369,0.904,0.096,75500.0,3128.0,8.0
meta.DynamicWeightedMajority -l (trees.HoeffdingTree -e 2000000 -g 100 -c 0.01) -e 10,ArffFileStream -f ./../../../Dataset/Synthetic_IM10/stream_gen_agrawal.arff,1,76000.0,3.28125,2.6552394653360024E-9,76000.0,0.98,0.9193414559587755,0.9193414559587756,0.8848191660907625,0.9161777296931495,0.968986568986569,0.9193414559587755,0.898,0.102,76000.0,3128.0,8.0
meta.DynamicWeightedMajority -l (trees.HoeffdingTree -e 2000000 -g 100 -c 0.01) -e 10,ArffFileStream -f ./../../../Dataset/Synthetic_IM10/stream_gen_agrawal.arff,1,76500.0,3.28125,2.6552394653360024E-9,76500.0,0.99,0.9523942801893033,0.9523942801893034,0.9343142406726221,0.9513107338618093,0.9831521739130435,0.9523942801893033,0.914,0.086,76500.0,3128.0,8.0
meta.DynamicWeightedMajority -l (trees.HoeffdingTree -e 2000000 -g 100 -c 0.01) -e 10,ArffFileStream -f ./../../../Dataset/Synthetic_IM10/stream_gen_agrawal.arff,1,77000.0,3.3125,2.6805274602439644E-9,77000.0,0.976,0.928305245008065,0.928305245008065,0.8369653823161785,0.9265836204190042,0.9091875232477815,0.928305245008065,0.922,0.078,77000.0,3128.0,8.0
meta.DynamicWeightedMajority -l (trees.HoeffdingTree -e 2000000 -g 100 -c 0.01) -e 10,ArffFileStream -f ./../../../Dataset/Synthetic_IM10/stream_gen_agrawal.arff,1,77500.0,3.328125,2.693171457697945E-9,77500.0,0.972,0.9208108964206525,0.9208108964206525,0.841621792841305,0.9186071454879537,0.9208108964206525,0.9208108964206525,0.902,0.098,77500.0,3128.0,8.0
meta.DynamicWeightedMajority -l (trees.HoeffdingTree -e 2000000 -g 100 -c 0.01) -e 10,ArffFileStream -f ./../../../Dataset/Synthetic_IM10/stream_gen_agrawal.arff,1,78000.0,3.34375,2.705815455151926E-9,78000.0,0.974,0.9089972527472527,0.9089972527472527,0.8542992916704025,0.9052843946323361,0.9475130336762012,0.9089972527472527,0.896,0.104,78000.0,3128.0,6.0
meta.DynamicWeightedMajority -l (trees.HoeffdingTree -e 2000000 -g 100 -c 0.01) -e 10,ArffFileStream -f ./../../../Dataset/Synthetic_IM10/stream_gen_agrawal.arff,1,78500.0,3.359375,2.7184594526059068E-9,78500.0,0.97,0.8677166556409344,0.8677166556409344,0.7939786836611361,0.8588785613140139,0.9325909961685823,0.8677166556409344,0.914,0.086,78500.0,3128.0,6.0
meta.DynamicWeightedMajority -l (trees.HoeffdingTree -e 2000000 -g 100 -c 0.01) -e 10,ArffFileStream -f ./../../../Dataset/Synthetic_IM10/stream_gen_agrawal.arff,1,79000.0,3.359375,2.7184594526059068E-9,79000.0,0.972,0.9486215538847118,0.9486215538847118,0.8182007064201122,0.948220864048848,0.8771308178509865,0.9486215538847118,0.924,0.076,79000.0,3128.0,6.0
meta.DynamicWeightedMajority -l (trees.HoeffdingTree -e 2000000 -g 100 -c 0.01) -e 10,ArffFileStream -f ./../../../Dataset/Synthetic_IM10/stream_gen_agrawal.arff,1,79500.0,3.375,2.7311034500598875E-9,79500.0,0.968,0.8823181798995399,0.8823181798995399,0.8191272891702465,0.8755926253997734,0.9423687423687424,0.8823181798995399,0.894,0.106,79500.0,3128.0,6.0
meta.DynamicWeightedMajority -l (trees.HoeffdingTree -e 2000000 -g 100 -c 0.01) -e 10,ArffFileStream -f ./../../../Dataset/Synthetic_IM10/stream_gen_agrawal.arff,1,80000.0,3.40625,2.7563914449678495E-9,80000.0,0.97,0.9182337758112094,0.9182337758112095,0.828751484153804,0.9159960003004225,0.9106068147879995,0.9182337758112094,0.904,0.096,80000.0,3128.0,6.0
meta.DynamicWeightedMajority -l (trees.HoeffdingTree -e 2000000 -g 100 -c 0.01) -e 10,ArffFileStream -f ./../../../Dataset/Synthetic_IM10/stream_gen_agrawal.arff,1,80500.0,3.40625,2.7563914449678495E-9,80500.0,0.964,0.8841615742342135,0.8841615742342134,0.8162590339308318,0.8779643061534075,0.9365037774575309,0.8841615742342135,0.882,0.118,80500.0,3128.0,5.0
meta.DynamicWeightedMajority -l (trees.HoeffdingTree -e 2000000 -g 100 -c 0.01) -e 10,ArffFileStream -f ./../../../Dataset/Synthetic_IM10/stream_gen_agrawal.arff,1,81000.0,3.421875,2.7690354424218303E-9,81000.0,0.986,0.9487532206646578,0.9487532206646578,0.9215317011927181,0.947598618414941,0.9736356932153393,0.9487532206646578,0.898,0.102,81000.0,3128.0,5.0
meta.DynamicWeightedMajority -l (trees.HoeffdingTree -e 2000000 -g 100 -c 0.01) -e 10,ArffFileStream -f ./../../../Dataset/Synthetic_IM10/stream_gen_agrawal.arff,1,81500.0,3.421875,2.7690354424218303E-9,81500.0,0.974,0.8738938053097345,0.8738938053097345,0.8331108144192256,0.8650668806309728,0.9735275232035492,0.8738938053097345,0.904,0.096,81500.0,3128.0,5.0
meta.DynamicWeightedMajority -l (trees.HoeffdingTree -e 2000000 -g 100 -c 0.01) -e 10,ArffFileStream -f ./../../../Dataset/Synthetic_IM10/stream_gen_agrawal.arff,1,82000.0,3.4375,2.781679439875811E-9,82000.0,0.972,0.9306958140271673,0.9306958140271673,0.8613916280543344,0.9291566849899826,0.9306958140271673,0.9306958140271673,0.886,0.114,82000.0,3128.0,7.0
meta.DynamicWeightedMajority -l (trees.HoeffdingTree -e 2000000 -g 100 -c 0.01) -e 10,ArffFileStream -f ./../../../Dataset/Synthetic_IM10/stream_gen_agrawal.arff,1,82500.0,3.453125,2.794323437329792E-9,82500.0,0.932,0.5641025641025641,0.5641025641025641,0.21332716335030077,0.35805743701971643,0.9656565656565657,0.5641025641025641,0.922,0.078,82500.0,3128.0,7.0
meta.DynamicWeightedMajority -l (trees.HoeffdingTree -e 2000000 -g 100 -c 0.01) -e 10,ArffFileStream -f ./../../../Dataset/Synthetic_IM10/stream_gen_agrawal.arff,1,83000.0,3.46875,2.8069674347837726E-9,83000.0,0.938,0.5810810810810811,0.5810810810810811,0.2638677811550152,0.4026936331284146,0.9686234817813766,0.5810810810810811,0.926,0.074,83000.0,3128.0,7.0
meta.DynamicWeightedMajority -l (trees.HoeffdingTree -e 2000000 -g 100 -c 0.01) -e 10,ArffFileStream -f ./../../../Dataset/Synthetic_IM10/stream_gen_agrawal.arff,1,83500.0,3.484375,2.8196114322377534E-9,83500.0,0.926,0.6633259094283593,0.6633259094283595,0.44710101613867304,0.5754182494856488,0.8895833333333334,0.6633259094283593,0.898,0.102,83500.0,3128.0,7.0
meta.DynamicWeightedMajority -l (trees.HoeffdingTree -e 2000000 -g 100 -c 0.01) -e 10,ArffFileStream -f ./../../../Dataset/Synthetic_IM10/stream_gen_agrawal.arff,1,84000.0,3.515625,2.8448994271457154E-9,84000.0,0.962,0.8436963644874396,0.8436963644874396,0.787681029858752,0.8295148380793754,0.9681970349115256,0.8436963644874396,0.884,0.116,84000.0,3128.0,7.0
meta.DynamicWeightedMajority -l (trees.HoeffdingTree -e 2000000 -g 100 -c 0.01) -e 10,ArffFileStream -f ./../../../Dataset/Synthetic_IM10/stream_gen_agrawal.arff,1,84500.0,3.515625,2.8448994271457154E-9,84500.0,0.98,0.8809523809523809,0.8809523809523809,0.8542783865702961,0.8728715609439694,0.9893162393162394,0.8809523809523809,0.916,0.084,84500.0,3128.0,7.0
meta.DynamicWeightedMajority -l (trees.HoeffdingTree -e 2000000 -g 100 -c 0.01) -e 10,ArffFileStream -f ./../../../Dataset/Synthetic_IM10/stream_gen_agrawal.arff,1,85000.0,3.53125,2.857543424599696E-9,85000.0,0.978,0.9142282835479111,0.9142282835479111,0.8554913294797688,0.9109782823813277,0.942391304347826,0.9142282835479111,0.914,0.086,85000.0,3128.0,7.0
meta.DynamicWeightedMajority -l (trees.HoeffdingTree -e 2000000 -g 100 -c 0.01) -e 10,ArffFileStream -f ./../../../Dataset/Synthetic_IM10/stream_gen_agrawal.arff,1,85500.0,3.546875,2.870187422053677E-9,85500.0,0.982,0.923728813559322,0.923728813559322,0.9074074074074074,0.9205746178983234,0.99,0.923728813559322,0.882,0.118,85500.0,3128.0,7.0
meta.DynamicWeightedMajority -l (trees.HoeffdingTree -e 2000000 -g 100 -c 0.01) -e 10,ArffFileStream -f ./../../../Dataset/Synthetic_IM10/stream_gen_agrawal.arff,1,86000.0,3.5625,2.8828314195076577E-9,86000.0,0.964,0.8762002042900919,0.8762002042900919,0.803622081605935,0.8689396870757377,0.9324597247663331,0.8762002042900919,0.89,0.11,86000.0,3128.0,7.0
meta.DynamicWeightedMajority -l (trees.HoeffdingTree -e 2000000 -g 100 -c 0.01) -e 10,ArffFileStream -f ./../../../Dataset/Synthetic_IM10/stream_gen_agrawal.arff,1,86500.0,3.5625,2.8828314195076577E-9,86500.0,0.974,0.893341307814992,0.893341307814992,0.8292529158348219,0.8879622030262266,0.9389565604316147,0.893341307814992,0.912,0.088,86500.0,3128.0,7.0
meta.DynamicWeightedMajority -l (trees.HoeffdingTree -e 2000000 -g 100 -c 0.01) -e 10,ArffFileStream -f ./../../../Dataset/Synthetic_IM10/stream_gen_agrawal.arff,1,87000.0,3.578125,2.8954754169616385E-9,87000.0,0.98,0.913391557496361,0.913391557496361,0.8641599652249511,0.9098762652413187,0.9529505582137161,0.913391557496361,0.916,0.084,87000.0,3128.0,8.0
meta.DynamicWeightedMajority -l (trees.HoeffdingTree -e 2000000 -g 100 -c 0.01) -e 10,ArffFileStream -f ./../../../Dataset/Synthetic_IM10/stream_gen_agrawal.arff,1,87500.0,3.59375,2.9081194144156193E-9,87500.0,0.954,0.7536257696809323,0.7536257696809323,0.6341773762565212,0.713714813615202,0.9362745098039216,0.7536257696809323,0.914,0.086,87500.0,3128.0,10.0
meta.DynamicWeightedMajority -l (trees.HoeffdingTree -e 2000000 -g 100 -c 0.01) -e 10,ArffFileStream -f ./../../../Dataset/Synthetic_IM10/stream_gen_agrawal.arff,1,88000.0,3.625,2.9334074093235813E-9,88000.0,0.896,0.5,0.5,0.0,0.0,0.896,0.5,0.896,0.104,88000.0,3128.0,10.0
meta.DynamicWeightedMajority -l (trees.HoeffdingTree -e 2000000 -g 100 -c 0.01) -e 10,ArffFileStream -f ./../../../Dataset/Synthetic_IM10/stream_gen_agrawal.arff,1,88500.0,3.65625,2.9586954042315432E-9,88500.0,0.948,0.801000784196572,0.801000784196572,0.712656381238672,0.7770418378056853,0.9483286055954169,0.801000784196572,0.878,0.122,88500.0,3128.0,10.0
meta.DynamicWeightedMajority -l (trees.HoeffdingTree -e 2000000 -g 100 -c 0.01) -e 10,ArffFileStream -f ./../../../Dataset/Synthetic_IM10/stream_gen_agrawal.arff,1,89000.0,3.671875,2.971339401685524E-9,89000.0,0.96,0.8425651427679826,0.8425651427679826,0.7784080836731077,0.8285738113010281,0.9565398211686421,0.8425651427679826,0.884,0.116,89000.0,3128.0,10.0
meta.DynamicWeightedMajority -l (trees.HoeffdingTree -e 2000000 -g 100 -c 0.01) -e 10,ArffFileStream -f ./../../../Dataset/Synthetic_IM10/stream_gen_agrawal.arff,1,89500.0,3.6875,2.983983399139505E-9,89500.0,0.974,0.866864212934082,0.866864212934082,0.8128311448974891,0.8572468225574117,0.9579196677697749,0.866864212934082,0.916,0.084,89500.0,3128.0,10.0
meta.DynamicWeightedMajority -l (trees.HoeffdingTree -e 2000000 -g 100 -c 0.01) -e 10,ArffFileStream -f ./../../../Dataset/Synthetic_IM10/stream_gen_agrawal.arff,1,90000.0,3.6875,2.983983399139505E-9,90000.0,0.982,0.9155604719764012,0.9155604719764011,0.8890641948525786,0.9118605570569571,0.9790902810988894,0.9155604719764012,0.904,0.096,90000.0,3128.0,10.0
meta.DynamicWeightedMajority -l (trees.HoeffdingTree -e 2000000 -g 100 -c 0.01) -e 10,ArffFileStream -f ./../../../Dataset/Synthetic_IM10/stream_gen_agrawal.arff,1,90500.0,3.71875,3.0092713940474668E-9,90500.0,0.958,0.8711759504862953,0.8711759504862953,0.7999237804878049,0.8632388172030282,0.935766483972762,0.8711759504862953,0.87,0.13,90500.0,3128.0,10.0
meta.DynamicWeightedMajority -l (trees.HoeffdingTree -e 2000000 -g 100 -c 0.01) -e 10,ArffFileStream -f ./../../../Dataset/Synthetic_IM10/stream_gen_agrawal.arff,1,91000.0,3.75,3.0345593889554288E-9,91000.0,0.982,0.9137898642618947,0.9137898642618947,0.8867639657775541,0.909920586723921,0.9788043478260869,0.9137898642618947,0.906,0.094,91000.0,3128.0,10.0
meta.DynamicWeightedMajority -l (trees.HoeffdingTree -e 2000000 -g 100 -c 0.01) -e 10,ArffFileStream -f ./../../../Dataset/Synthetic_IM10/stream_gen_agrawal.arff,1,91500.0,3.765625,3.0472033864094095E-9,91500.0,0.97,0.8790121839381633,0.8790121839381633,0.8223422399090392,0.8715483285106154,0.9511852776044916,0.8790121839381633,0.898,0.102,91500.0,3128.0,10.0
meta.DynamicWeightedMajority -l (trees.HoeffdingTree -e 2000000 -g 100 -c 0.01) -e 10,ArffFileStream -f ./../../../Dataset/Synthetic_IM10/stream_gen_agrawal.arff,1,92000.0,3.78125,3.0598473838633903E-9,92000.0,0.98,0.9318219564856336,0.9318219564856337,0.8927038626609443,0.929793450801108,0.9622222222222222,0.9318219564856336,0.892,0.108,92000.0,3128.0,10.0
meta.DynamicWeightedMajority -l (trees.HoeffdingTree -e 2000000 -g 100 -c 0.01) -e 10,ArffFileStream -f ./../../../Dataset/Synthetic_IM10/stream_gen_agrawal.arff,1,92500.0,3.796875,3.072491381317371E-9,92500.0,0.984,0.9389492990960304,0.9389492990960304,0.909514545536805,0.9372420383994563,0.9721008876990278,0.9389492990960304,0.898,0.102,92500.0,3128.0,9.0
meta.DynamicWeightedMajority -l (trees.HoeffdingTree -e 2000000 -g 100 -c 0.01) -e 10,ArffFileStream -f ./../../../Dataset/Synthetic_IM10/stream_gen_agrawal.arff,1,93000.0,3.8125,3.085135378771352E-9,93000.0,0.952,0.8202266483516484,0.8202266483516483,0.7131931166347992,0.8031745051446079,0.9054347826086957,0.8202266483516484,0.896,0.104,93000.0,3128.0,9.0
meta.DynamicWeightedMajority -l (trees.HoeffdingTree -e 2000000 -g 100 -c 0.01) -e 10,ArffFileStream -f ./../../../Dataset/Synthetic_IM10/stream_gen_agrawal.arff,1,93500.0,3.84375,3.110423373679314E-9,93500.0,0.974,0.9174965659340659,0.9174965659340659,0.8568408069773589,0.9147186260458267,0.9401104122358478,0.9174965659340659,0.896,0.104,93500.0,3128.0,9.0
meta.DynamicWeightedMajority -l (trees.HoeffdingTree -e 2000000 -g 100 -c 0.01) -e 10,ArffFileStream -f ./../../../Dataset/Synthetic_IM10/stream_gen_agrawal.arff,1,94000.0,3.84375,3.110423373679314E-9,94000.0,0.992,0.9459459459459459,0.9459459459459459,0.9385711653049942,0.944400281603035,0.9957173447537473,0.9459459459459459,0.926,0.074,94000.0,3128.0,9.0
meta.DynamicWeightedMajority -l (trees.HoeffdingTree -e 2000000 -g 100 -c 0.01) -e 10,ArffFileStream -f ./../../../Dataset/Synthetic_IM10/stream_gen_agrawal.arff,1,94500.0,3.875,3.135711368587276E-9,94500.0,0.968,0.8488563242684702,0.8488563242684702,0.7878546804561124,0.8360787990421078,0.9563748079877112,0.8488563242684702,0.906,0.094,94500.0,3128.0,10.0
meta.DynamicWeightedMajority -l (trees.HoeffdingTree -e 2000000 -g 100 -c 0.01) -e 10,ArffFileStream -f ./../../../Dataset/Synthetic_IM10/stream_gen_agrawal.arff,1,95000.0,3.890625,3.1483553660412566E-9,95000.0,0.98,0.8835637480798771,0.883563748079877,0.8331664998331665,0.8764191914137556,0.9570246723771871,0.8835637480798771,0.93,0.07,95000.0,3128.0,10.0
meta.DynamicWeightedMajority -l (trees.HoeffdingTree -e 2000000 -g 100 -c 0.01) -e 10,ArffFileStream -f ./../../../Dataset/Synthetic_IM10/stream_gen_agrawal.arff,1,95500.0,3.90625,3.1609993634952374E-9,95500.0,0.98,0.9031515663895542,0.9031515663895543,0.8728835104489754,0.8981791840172263,0.9774180988931531,0.9031515663895542,0.906,0.094,95500.0,3128.0,10.0
meta.DynamicWeightedMajority -l (trees.HoeffdingTree -e 2000000 -g 100 -c 0.01) -e 10,ArffFileStream -f ./../../../Dataset/Synthetic_IM10/stream_gen_agrawal.arff,1,96000.0,3.921875,3.173643360949218E-9,96000.0,0.976,0.8931146978021978,0.8931146978021979,0.859260649277538,0.8869619944903668,0.9760865044707839,0.8931146978021978,0.896,0.104,96000.0,3128.0,10.0
meta.DynamicWeightedMajority -l (trees.HoeffdingTree -e 2000000 -g 100 -c 0.01) -e 10,ArffFileStream -f ./../../../Dataset/Synthetic_IM10/stream_gen_agrawal.arff,1,96500.0,3.9375,3.186287358403199E-9,96500.0,0.984,0.9310344827586207,0.9310344827586207,0.91701244813278,0.9284766908852593,0.991111111111111,0.9310344827586207,0.884,0.116,96500.0,3128.0,8.0
meta.DynamicWeightedMajority -l (trees.HoeffdingTree -e 2000000 -g 100 -c 0.01) -e 10,ArffFileStream -f ./../../../Dataset/Synthetic_IM10/stream_gen_agrawal.arff,1,97000.0,3.9375,3.186287358403199E-9,97000.0,0.984,0.9365582153038599,0.93655821530386,0.9060812397276355,0.9346975134254356,0.9711843711843713,0.9365582153038599,0.902,0.098,97000.0,3128.0,8.0
meta.DynamicWeightedMajority -l (trees.HoeffdingTree -e 2000000 -g 100 -c 0.01) -e 10,ArffFileStream -f ./../../../Dataset/Synthetic_IM10/stream_gen_agrawal.arff,1,97500.0,3.984375,3.2242193507651417E-9,97500.0,0.97,0.8996128318584071,0.8996128318584071,0.8221906116642959,0.8953851695052312,0.9234432234432235,0.8996128318584071,0.904,0.096,97500.0,3128.0,8.0
meta.DynamicWeightedMajority -l (trees.HoeffdingTree -e 2000000 -g 100 -c 0.01) -e 10,ArffFileStream -f ./../../../Dataset/Synthetic_IM10/stream_gen_agrawal.arff,1,98000.0,4.015625,3.2495073456731037E-9,98000.0,0.972,0.8703703703703703,0.8703703703703703,0.8359887535145267,0.8606629658238704,0.9847826086956522,0.8703703703703703,0.892,0.108,98000.0,3128.0,8.0
meta.DynamicWeightedMajority -l (trees.HoeffdingTree -e 2000000 -g 100 -c 0.01) -e 10,ArffFileStream -f ./../../../Dataset/Synthetic_IM10/stream_gen_agrawal.arff,1,98500.0,4.03125,3.2621513431270845E-9,98500.0,0.97,0.8751213541007135,0.8751213541007133,0.8257758780895744,0.8667988067441575,0.9619983364524849,0.8751213541007135,0.894,0.106,98500.0,3128.0,9.0
meta.DynamicWeightedMajority -l (trees.HoeffdingTree -e 2000000 -g 100 -c 0.01) -e 10,ArffFileStream -f ./../../../Dataset/Synthetic_IM10/stream_gen_agrawal.arff,1,99000.0,4.03125,3.2621513431270845E-9,99000.0,0.95,0.8157979407979408,0.8157979407979408,0.7153138380249613,0.79725639578354,0.9172378978691748,0.8157979407979408,0.888,0.112,99000.0,3128.0,9.0
meta.DynamicWeightedMajority -l (trees.HoeffdingTree -e 2000000 -g 100 -c 0.01) -e 10,ArffFileStream -f ./../../../Dataset/Synthetic_IM10/stream_gen_agrawal.arff,1,99500.0,4.03125,3.2621513431270845E-9,99500.0,0.966,0.8588689586447433,0.8588689586447433,0.8026560178306092,0.847928981429801,0.9592698868165153,0.8588689586447433,0.892,0.108,99500.0,3128.0,10.0
meta.DynamicWeightedMajority -l (trees.HoeffdingTree -e 2000000 -g 100 -c 0.01) -e 10,ArffFileStream -f ./../../../Dataset/Synthetic_IM10/stream_gen_agrawal.arff,1,100000.0,4.0625,3.2874393380350464E-9,100000.0,0.98,0.8979591836734694,0.8979591836734694,0.8755537856538405,0.8921425711997711,0.9891540130151844,0.8979591836734694,0.902,0.098,100000.0,3128.0,10.0
