Learner,stream,randomSeed,learning evaluation instances,evaluation time (cpu seconds),model cost (RAM-Hours),classified instances,Accuracy,AvgAccuracy,AUC,Kappa,G-Mean,Precision,Recall,Ratio-Class-0,Ratio-Class-1,model training instances,model serialized size (bytes),members size
meta.DynamicWeightedMajority -l (trees.HoeffdingTree -e 2000000 -g 100 -c 0.01) -e 10,ArffFileStream -f ./../../../Dataset/Synthetic_IM05/stream_gen_RBF.arff,1,500.0,0.0625,4.7859632306628755E-11,500.0,0.956,0.544487523610697,0.544487523610697,0.13995308835027365,0.30763877271013784,0.6808080808080808,0.544487523610697,0.958,0.042,500.0,2960.0,1.0
meta.DynamicWeightedMajority -l (trees.HoeffdingTree -e 2000000 -g 100 -c 0.01) -e 10,ArffFileStream -f ./../../../Dataset/Synthetic_IM05/stream_gen_RBF.arff,1,1000.0,0.109375,8.375435653660032E-11,1000.0,0.958,0.5227272727272727,0.5227272727272727,0.08344972067039107,0.21320071635561044,0.9789579158316633,0.5227272727272727,0.956,0.044,1000.0,2960.0,1.0
meta.DynamicWeightedMajority -l (trees.HoeffdingTree -e 2000000 -g 100 -c 0.01) -e 10,ArffFileStream -f ./../../../Dataset/Synthetic_IM05/stream_gen_RBF.arff,1,1500.0,0.140625,1.0768417268991471E-10,1500.0,0.944,0.5338657896797432,0.5338657896797432,0.10998092816274635,0.27130104985195186,0.6747474747474748,0.5338657896797432,0.946,0.054,1500.0,2960.0,2.0
meta.DynamicWeightedMajority -l (trees.HoeffdingTree -e 2000000 -g 100 -c 0.01) -e 10,ArffFileStream -f ./../../../Dataset/Synthetic_IM05/stream_gen_RBF.arff,1,2000.0,0.15625,1.196490807665719E-10,2000.0,0.95,0.5,0.5,0.0,0.0,0.95,0.5,0.95,0.05,2000.0,2960.0,2.0
meta.DynamicWeightedMajority -l (trees.HoeffdingTree -e 2000000 -g 100 -c 0.01) -e 10,ArffFileStream -f ./../../../Dataset/Synthetic_IM05/stream_gen_RBF.arff,1,2500.0,0.1875,1.4357889691988628E-10,2500.0,0.962,0.5,0.5,0.0,0.0,0.962,0.5,0.962,0.038,2500.0,2960.0,2.0
meta.DynamicWeightedMajority -l (trees.HoeffdingTree -e 2000000 -g 100 -c 0.01) -e 10,ArffFileStream -f ./../../../Dataset/Synthetic_IM05/stream_gen_RBF.arff,1,3000.0,0.21875,1.6750871307320065E-10,3000.0,0.958,0.5227272727272727,0.5227272727272727,0.08344972067039107,0.21320071635561044,0.9789579158316633,0.5227272727272727,0.956,0.044,3000.0,2960.0,3.0
meta.DynamicWeightedMajority -l (trees.HoeffdingTree -e 2000000 -g 100 -c 0.01) -e 10,ArffFileStream -f ./../../../Dataset/Synthetic_IM05/stream_gen_RBF.arff,1,3500.0,0.234375,1.7947362114985785E-10,3500.0,0.962,0.5,0.5,0.0,0.0,0.962,0.5,0.962,0.038,3500.0,2960.0,3.0
meta.DynamicWeightedMajority -l (trees.HoeffdingTree -e 2000000 -g 100 -c 0.01) -e 10,ArffFileStream -f ./../../../Dataset/Synthetic_IM05/stream_gen_RBF.arff,1,4000.0,0.265625,2.0340343730317222E-10,4000.0,0.956,0.5,0.5,0.0,0.0,0.956,0.5,0.956,0.044,4000.0,2960.0,4.0
meta.DynamicWeightedMajority -l (trees.HoeffdingTree -e 2000000 -g 100 -c 0.01) -e 10,ArffFileStream -f ./../../../Dataset/Synthetic_IM05/stream_gen_RBF.arff,1,4500.0,0.28125,2.1536834537982942E-10,4500.0,0.948,0.5185185185185185,0.5185185185185186,0.06783307041445576,0.19245008972987526,0.9739478957915831,0.5185185185185185,0.946,0.054,4500.0,2960.0,4.0
meta.DynamicWeightedMajority -l (trees.HoeffdingTree -e 2000000 -g 100 -c 0.01) -e 10,ArffFileStream -f ./../../../Dataset/Synthetic_IM05/stream_gen_RBF.arff,1,5000.0,0.328125,2.5126306960980096E-10,5000.0,0.954,0.5,0.5,0.0,0.0,0.954,0.5,0.954,0.046,5000.0,2960.0,4.0
meta.DynamicWeightedMajority -l (trees.HoeffdingTree -e 2000000 -g 100 -c 0.01) -e 10,ArffFileStream -f ./../../../Dataset/Synthetic_IM05/stream_gen_RBF.arff,1,5500.0,0.34375,2.6322797768645816E-10,5500.0,0.956,0.5,0.5,0.0,0.0,0.956,0.5,0.956,0.044,5500.0,2960.0,4.0
meta.DynamicWeightedMajority -l (trees.HoeffdingTree -e 2000000 -g 100 -c 0.01) -e 10,ArffFileStream -f ./../../../Dataset/Synthetic_IM05/stream_gen_RBF.arff,1,6000.0,0.359375,2.7519288576311536E-10,6000.0,0.946,0.5178571428571429,0.5178571428571428,0.06535585710329549,0.1889822365046136,0.9729458917835672,0.5178571428571429,0.944,0.056,6000.0,2960.0,4.0
meta.DynamicWeightedMajority -l (trees.HoeffdingTree -e 2000000 -g 100 -c 0.01) -e 10,ArffFileStream -f ./../../../Dataset/Synthetic_IM05/stream_gen_RBF.arff,1,6500.0,0.390625,2.9912270191642975E-10,6500.0,0.956,0.4989561586638831,0.4989561586638831,-0.003832816207337105,0.0,0.4789579158316633,0.4989561586638831,0.958,0.042,6500.0,2960.0,4.0
meta.DynamicWeightedMajority -l (trees.HoeffdingTree -e 2000000 -g 100 -c 0.01) -e 10,ArffFileStream -f ./../../../Dataset/Synthetic_IM05/stream_gen_RBF.arff,1,7000.0,0.40625,3.1108760999308695E-10,7000.0,0.928,0.5,0.5,0.0,0.0,0.928,0.5,0.928,0.072,7000.0,2960.0,4.0
meta.DynamicWeightedMajority -l (trees.HoeffdingTree -e 2000000 -g 100 -c 0.01) -e 10,ArffFileStream -f ./../../../Dataset/Synthetic_IM05/stream_gen_RBF.arff,1,7500.0,0.453125,3.4698233422305855E-10,7500.0,0.95,0.5,0.5,0.0,0.0,0.95,0.5,0.95,0.05,7500.0,2960.0,6.0
meta.DynamicWeightedMajority -l (trees.HoeffdingTree -e 2000000 -g 100 -c 0.01) -e 10,ArffFileStream -f ./../../../Dataset/Synthetic_IM05/stream_gen_RBF.arff,1,8000.0,0.484375,3.7091215037637295E-10,8000.0,0.948,0.5,0.5,0.0,0.0,0.948,0.5,0.948,0.052,8000.0,2960.0,6.0
meta.DynamicWeightedMajority -l (trees.HoeffdingTree -e 2000000 -g 100 -c 0.01) -e 10,ArffFileStream -f ./../../../Dataset/Synthetic_IM05/stream_gen_RBF.arff,1,8500.0,0.515625,3.9484196652968734E-10,8500.0,0.956,0.5,0.5,0.0,0.0,0.956,0.5,0.956,0.044,8500.0,2960.0,6.0
meta.DynamicWeightedMajority -l (trees.HoeffdingTree -e 2000000 -g 100 -c 0.01) -e 10,ArffFileStream -f ./../../../Dataset/Synthetic_IM05/stream_gen_RBF.arff,1,9000.0,0.546875,4.1877178268300174E-10,9000.0,0.95,0.5,0.5,0.0,0.0,0.95,0.5,0.95,0.05,9000.0,2960.0,7.0
meta.DynamicWeightedMajority -l (trees.HoeffdingTree -e 2000000 -g 100 -c 0.01) -e 10,ArffFileStream -f ./../../../Dataset/Synthetic_IM05/stream_gen_RBF.arff,1,9500.0,0.5625,4.3073669075965894E-10,9500.0,0.968,0.5,0.5,0.0,0.0,0.968,0.5,0.968,0.032,9500.0,2960.0,7.0
meta.DynamicWeightedMajority -l (trees.HoeffdingTree -e 2000000 -g 100 -c 0.01) -e 10,ArffFileStream -f ./../../../Dataset/Synthetic_IM05/stream_gen_RBF.arff,1,10000.0,0.59375,4.5466650691297333E-10,10000.0,0.96,0.5,0.5,0.0,0.0,0.96,0.5,0.96,0.04,10000.0,2960.0,7.0
meta.DynamicWeightedMajority -l (trees.HoeffdingTree -e 2000000 -g 100 -c 0.01) -e 10,ArffFileStream -f ./../../../Dataset/Synthetic_IM05/stream_gen_RBF.arff,1,10500.0,0.625,4.785963230662877E-10,10500.0,0.95,0.5,0.5,0.0,0.0,0.95,0.5,0.95,0.05,10500.0,2960.0,8.0
meta.DynamicWeightedMajority -l (trees.HoeffdingTree -e 2000000 -g 100 -c 0.01) -e 10,ArffFileStream -f ./../../../Dataset/Synthetic_IM05/stream_gen_RBF.arff,1,11000.0,0.65625,5.025261392196021E-10,11000.0,0.942,0.5,0.5,0.0,0.0,0.942,0.5,0.942,0.058,11000.0,2960.0,9.0
meta.DynamicWeightedMajority -l (trees.HoeffdingTree -e 2000000 -g 100 -c 0.01) -e 10,ArffFileStream -f ./../../../Dataset/Synthetic_IM05/stream_gen_RBF.arff,1,11500.0,0.703125,5.384208634495737E-10,11500.0,0.96,0.5454545454545454,0.5454545454545454,0.1605104096709201,0.30151134457776363,0.9799196787148594,0.5454545454545454,0.956,0.044,11500.0,2960.0,9.0
meta.DynamicWeightedMajority -l (trees.HoeffdingTree -e 2000000 -g 100 -c 0.01) -e 10,ArffFileStream -f ./../../../Dataset/Synthetic_IM05/stream_gen_RBF.arff,1,12000.0,0.734375,5.623506796028881E-10,12000.0,0.934,0.5672892720306514,0.5672892720306513,0.21413602590969708,0.37187394354143377,0.8257026948710519,0.5672892720306514,0.928,0.072,12000.0,2960.0,9.0
meta.DynamicWeightedMajority -l (trees.HoeffdingTree -e 2000000 -g 100 -c 0.01) -e 10,ArffFileStream -f ./../../../Dataset/Synthetic_IM05/stream_gen_RBF.arff,1,12500.0,0.765625,5.862804957562025E-10,12500.0,0.958,0.5434782608695652,0.5434782608695652,0.15377176015473887,0.29488391230979427,0.9789156626506024,0.5434782608695652,0.954,0.046,12500.0,2960.0,9.0
meta.DynamicWeightedMajority -l (trees.HoeffdingTree -e 2000000 -g 100 -c 0.01) -e 10,ArffFileStream -f ./../../../Dataset/Synthetic_IM05/stream_gen_RBF.arff,1,13000.0,0.796875,6.102103119095169E-10,13000.0,0.954,0.5758682246024018,0.5758682246024018,0.24540682414698162,0.3918183047042733,0.8777777777777778,0.5758682246024018,0.948,0.052,13000.0,2960.0,10.0
meta.DynamicWeightedMajority -l (trees.HoeffdingTree -e 2000000 -g 100 -c 0.01) -e 10,ArffFileStream -f ./../../../Dataset/Synthetic_IM05/stream_gen_RBF.arff,1,13500.0,0.84375,6.461050361394885E-10,13500.0,0.956,0.5217391304347826,0.5217391304347826,0.0798059227036975,0.20851441405707477,0.9779559118236473,0.5217391304347826,0.954,0.046,13500.0,2960.0,10.0
meta.DynamicWeightedMajority -l (trees.HoeffdingTree -e 2000000 -g 100 -c 0.01) -e 10,ArffFileStream -f ./../../../Dataset/Synthetic_IM05/stream_gen_RBF.arff,1,14000.0,0.875,6.700348522928029E-10,14000.0,0.95,0.5192307692307693,0.5192307692307692,0.07049375371802498,0.19611613513818404,0.9749498997995991,0.5192307692307693,0.948,0.052,14000.0,2960.0,10.0
meta.DynamicWeightedMajority -l (trees.HoeffdingTree -e 2000000 -g 100 -c 0.01) -e 10,ArffFileStream -f ./../../../Dataset/Synthetic_IM05/stream_gen_RBF.arff,1,14500.0,0.921875,7.059295765227745E-10,14500.0,0.932,0.5,0.5,0.0,0.0,0.932,0.5,0.932,0.068,14500.0,2960.0,10.0
meta.DynamicWeightedMajority -l (trees.HoeffdingTree -e 2000000 -g 100 -c 0.01) -e 10,ArffFileStream -f ./../../../Dataset/Synthetic_IM05/stream_gen_RBF.arff,1,15000.0,0.96875,7.418243007527461E-10,15000.0,0.95,0.5,0.5,0.0,0.0,0.95,0.5,0.95,0.05,15000.0,2960.0,10.0
meta.DynamicWeightedMajority -l (trees.HoeffdingTree -e 2000000 -g 100 -c 0.01) -e 10,ArffFileStream -f ./../../../Dataset/Synthetic_IM05/stream_gen_RBF.arff,1,15500.0,1.0,7.657541169060605E-10,15500.0,0.946,0.5,0.5,0.0,0.0,0.946,0.5,0.946,0.054,15500.0,2960.0,10.0
meta.DynamicWeightedMajority -l (trees.HoeffdingTree -e 2000000 -g 100 -c 0.01) -e 10,ArffFileStream -f ./../../../Dataset/Synthetic_IM05/stream_gen_RBF.arff,1,16000.0,1.046875,8.016488411360321E-10,16000.0,0.95,0.4989495798319328,0.4989495798319328,-0.0038548024413748794,0.0,0.4759519038076152,0.4989495798319328,0.952,0.048,16000.0,2960.0,10.0
meta.DynamicWeightedMajority -l (trees.HoeffdingTree -e 2000000 -g 100 -c 0.01) -e 10,ArffFileStream -f ./../../../Dataset/Synthetic_IM05/stream_gen_RBF.arff,1,16500.0,1.078125,8.255786572893465E-10,16500.0,0.936,0.5,0.5,0.0,0.0,0.936,0.5,0.936,0.064,16500.0,2960.0,10.0
meta.DynamicWeightedMajority -l (trees.HoeffdingTree -e 2000000 -g 100 -c 0.01) -e 10,ArffFileStream -f ./../../../Dataset/Synthetic_IM05/stream_gen_RBF.arff,1,17000.0,1.125,8.614733815193181E-10,17000.0,0.948,0.5,0.5,0.0,0.0,0.948,0.5,0.948,0.052,17000.0,2960.0,10.0
meta.DynamicWeightedMajority -l (trees.HoeffdingTree -e 2000000 -g 100 -c 0.01) -e 10,ArffFileStream -f ./../../../Dataset/Synthetic_IM05/stream_gen_RBF.arff,1,17500.0,1.15625,8.854031976726325E-10,17500.0,0.942,0.5,0.5,0.0,0.0,0.942,0.5,0.942,0.058,17500.0,2960.0,10.0
meta.DynamicWeightedMajority -l (trees.HoeffdingTree -e 2000000 -g 100 -c 0.01) -e 10,ArffFileStream -f ./../../../Dataset/Synthetic_IM05/stream_gen_RBF.arff,1,18000.0,1.1875,9.093330138259469E-10,18000.0,0.948,0.5,0.5,0.0,0.0,0.948,0.5,0.948,0.052,18000.0,2960.0,10.0
meta.DynamicWeightedMajority -l (trees.HoeffdingTree -e 2000000 -g 100 -c 0.01) -e 10,ArffFileStream -f ./../../../Dataset/Synthetic_IM05/stream_gen_RBF.arff,1,18500.0,1.21875,9.332628299792613E-10,18500.0,0.95,0.5,0.5,0.0,0.0,0.95,0.5,0.95,0.05,18500.0,2960.0,10.0
meta.DynamicWeightedMajority -l (trees.HoeffdingTree -e 2000000 -g 100 -c 0.01) -e 10,ArffFileStream -f ./../../../Dataset/Synthetic_IM05/stream_gen_RBF.arff,1,19000.0,1.25,9.571926461325757E-10,19000.0,0.922,0.5,0.5,0.0,0.0,0.922,0.5,0.922,0.078,19000.0,2960.0,10.0
meta.DynamicWeightedMajority -l (trees.HoeffdingTree -e 2000000 -g 100 -c 0.01) -e 10,ArffFileStream -f ./../../../Dataset/Synthetic_IM05/stream_gen_RBF.arff,1,19500.0,1.28125,9.8112246228589E-10,19500.0,0.952,0.5,0.5,0.0,0.0,0.952,0.5,0.952,0.048,19500.0,2960.0,10.0
meta.DynamicWeightedMajority -l (trees.HoeffdingTree -e 2000000 -g 100 -c 0.01) -e 10,ArffFileStream -f ./../../../Dataset/Synthetic_IM05/stream_gen_RBF.arff,1,20000.0,1.3125,1.0050522784392045E-9,20000.0,0.942,0.5,0.5,0.0,0.0,0.942,0.5,0.942,0.058,20000.0,2960.0,10.0
meta.DynamicWeightedMajority -l (trees.HoeffdingTree -e 2000000 -g 100 -c 0.01) -e 10,ArffFileStream -f ./../../../Dataset/Synthetic_IM05/stream_gen_RBF.arff,1,20500.0,1.34375,1.0289820945925189E-9,20500.0,0.944,0.5,0.5,0.0,0.0,0.944,0.5,0.944,0.056,20500.0,2960.0,10.0
meta.DynamicWeightedMajority -l (trees.HoeffdingTree -e 2000000 -g 100 -c 0.01) -e 10,ArffFileStream -f ./../../../Dataset/Synthetic_IM05/stream_gen_RBF.arff,1,21000.0,1.390625,1.0648768188224905E-9,21000.0,0.946,0.5178571428571429,0.5178571428571428,0.06535585710329549,0.1889822365046136,0.9729458917835672,0.5178571428571429,0.944,0.056,21000.0,2960.0,10.0
meta.DynamicWeightedMajority -l (trees.HoeffdingTree -e 2000000 -g 100 -c 0.01) -e 10,ArffFileStream -f ./../../../Dataset/Synthetic_IM05/stream_gen_RBF.arff,1,21500.0,1.421875,1.0888066349758049E-9,21500.0,0.96,0.498960498960499,0.498960498960499,-0.003814495081308974,0.0,0.48096192384769537,0.498960498960499,0.962,0.038,21500.0,2960.0,10.0
meta.DynamicWeightedMajority -l (trees.HoeffdingTree -e 2000000 -g 100 -c 0.01) -e 10,ArffFileStream -f ./../../../Dataset/Synthetic_IM05/stream_gen_RBF.arff,1,22000.0,1.453125,1.1127364511291192E-9,22000.0,0.942,0.5166666666666667,0.5166666666666666,0.06088082901554404,0.18257418583505536,0.9709418837675351,0.5166666666666667,0.94,0.06,22000.0,2960.0,10.0
meta.DynamicWeightedMajority -l (trees.HoeffdingTree -e 2000000 -g 100 -c 0.01) -e 10,ArffFileStream -f ./../../../Dataset/Synthetic_IM05/stream_gen_RBF.arff,1,22500.0,1.484375,1.1366662672824336E-9,22500.0,0.956,0.5789473684210527,0.5789473684210527,0.2542372881355932,0.3995787255281953,0.8787878787878788,0.5789473684210527,0.95,0.05,22500.0,2960.0,10.0
meta.DynamicWeightedMajority -l (trees.HoeffdingTree -e 2000000 -g 100 -c 0.01) -e 10,ArffFileStream -f ./../../../Dataset/Synthetic_IM05/stream_gen_RBF.arff,1,23000.0,1.515625,1.160596083435748E-9,23000.0,0.944,0.5757575757575758,0.5757575757575757,0.25013390465988217,0.3892494720807615,0.9717171717171718,0.5757575757575758,0.934,0.066,23000.0,2960.0,10.0
meta.DynamicWeightedMajority -l (trees.HoeffdingTree -e 2000000 -g 100 -c 0.01) -e 10,ArffFileStream -f ./../../../Dataset/Synthetic_IM05/stream_gen_RBF.arff,1,23500.0,1.546875,1.1845258995890624E-9,23500.0,0.95,0.5,0.5,0.0,0.0,0.95,0.5,0.95,0.05,23500.0,2960.0,10.0
meta.DynamicWeightedMajority -l (trees.HoeffdingTree -e 2000000 -g 100 -c 0.01) -e 10,ArffFileStream -f ./../../../Dataset/Synthetic_IM05/stream_gen_RBF.arff,1,24000.0,1.578125,1.2084557157423768E-9,24000.0,0.944,0.5,0.5,0.0,0.0,0.944,0.5,0.944,0.056,24000.0,2960.0,10.0
meta.DynamicWeightedMajority -l (trees.HoeffdingTree -e 2000000 -g 100 -c 0.01) -e 10,ArffFileStream -f ./../../../Dataset/Synthetic_IM05/stream_gen_RBF.arff,1,24500.0,1.609375,1.2323855318956912E-9,24500.0,0.956,0.5416666666666666,0.5416666666666667,0.14755114693118412,0.28867513459481287,0.9779116465863453,0.5416666666666666,0.952,0.048,24500.0,2960.0,10.0
meta.DynamicWeightedMajority -l (trees.HoeffdingTree -e 2000000 -g 100 -c 0.01) -e 10,ArffFileStream -f ./../../../Dataset/Synthetic_IM05/stream_gen_RBF.arff,1,25000.0,1.640625,1.2563153480490056E-9,25000.0,0.938,0.5,0.5,0.0,0.0,0.938,0.5,0.938,0.062,25000.0,2960.0,10.0
meta.DynamicWeightedMajority -l (trees.HoeffdingTree -e 2000000 -g 100 -c 0.01) -e 10,ArffFileStream -f ./../../../Dataset/Synthetic_IM05/stream_gen_RBF.arff,1,25500.0,1.65625,1.2682802561256628E-9,25500.0,0.95,0.5192307692307693,0.5192307692307692,0.07049375371802498,0.19611613513818404,0.9749498997995991,0.5192307692307693,0.948,0.052,25500.0,2960.0,10.0
meta.DynamicWeightedMajority -l (trees.HoeffdingTree -e 2000000 -g 100 -c 0.01) -e 10,ArffFileStream -f ./../../../Dataset/Synthetic_IM05/stream_gen_RBF.arff,1,26000.0,1.6875,1.2922100722789772E-9,26000.0,0.968,0.5789473684210527,0.5789473684210527,0.26511115193826934,0.39735970711951313,0.9839034205231388,0.5789473684210527,0.962,0.038,26000.0,2960.0,10.0
meta.DynamicWeightedMajority -l (trees.HoeffdingTree -e 2000000 -g 100 -c 0.01) -e 10,ArffFileStream -f ./../../../Dataset/Synthetic_IM05/stream_gen_RBF.arff,1,26500.0,1.703125,1.3041749803556344E-9,26500.0,0.958,0.6417978208232445,0.6417978208232444,0.41653700822404977,0.5339559521512729,0.9240778456664404,0.6417978208232445,0.944,0.056,26500.0,2960.0,10.0
meta.DynamicWeightedMajority -l (trees.HoeffdingTree -e 2000000 -g 100 -c 0.01) -e 10,ArffFileStream -f ./../../../Dataset/Synthetic_IM05/stream_gen_RBF.arff,1,27000.0,1.734375,1.3281047965089488E-9,27000.0,0.972,0.65,0.65,0.45141065830721006,0.5477225575051661,0.98582995951417,0.65,0.96,0.04,27000.0,2960.0,10.0
meta.DynamicWeightedMajority -l (trees.HoeffdingTree -e 2000000 -g 100 -c 0.01) -e 10,ArffFileStream -f ./../../../Dataset/Synthetic_IM05/stream_gen_RBF.arff,1,27500.0,1.765625,1.3520346126622632E-9,27500.0,0.962,0.5703847300924545,0.5703847300924545,0.22964644826467726,0.3775697319375524,0.8568548387096775,0.5703847300924545,0.958,0.042,27500.0,2960.0,10.0
meta.DynamicWeightedMajority -l (trees.HoeffdingTree -e 2000000 -g 100 -c 0.01) -e 10,ArffFileStream -f ./../../../Dataset/Synthetic_IM05/stream_gen_RBF.arff,1,28000.0,1.796875,1.3759644288155776E-9,28000.0,0.948,0.5666666666666667,0.5666666666666667,0.2243436754176611,0.3651483716701107,0.9737903225806452,0.5666666666666667,0.94,0.06,28000.0,2960.0,10.0
meta.DynamicWeightedMajority -l (trees.HoeffdingTree -e 2000000 -g 100 -c 0.01) -e 10,ArffFileStream -f ./../../../Dataset/Synthetic_IM05/stream_gen_RBF.arff,1,28500.0,1.828125,1.399894244968892E-9,28500.0,0.974,0.5357142857142857,0.5357142857142857,0.13008565310492506,0.2672612419124244,0.9869739478957915,0.5357142857142857,0.972,0.028,28500.0,2960.0,10.0
meta.DynamicWeightedMajority -l (trees.HoeffdingTree -e 2000000 -g 100 -c 0.01) -e 10,ArffFileStream -f ./../../../Dataset/Synthetic_IM05/stream_gen_RBF.arff,1,29000.0,1.859375,1.4238240611222064E-9,29000.0,0.948,0.5666666666666667,0.5666666666666667,0.2243436754176611,0.3651483716701107,0.9737903225806452,0.5666666666666667,0.94,0.06,29000.0,2960.0,10.0
meta.DynamicWeightedMajority -l (trees.HoeffdingTree -e 2000000 -g 100 -c 0.01) -e 10,ArffFileStream -f ./../../../Dataset/Synthetic_IM05/stream_gen_RBF.arff,1,29500.0,1.890625,1.4477538772755208E-9,29500.0,0.972,0.6378515444905486,0.6378515444905486,0.4059742023082145,0.5264992643245149,0.9035087719298246,0.6378515444905486,0.964,0.036,29500.0,2960.0,10.0
meta.DynamicWeightedMajority -l (trees.HoeffdingTree -e 2000000 -g 100 -c 0.01) -e 10,ArffFileStream -f ./../../../Dataset/Synthetic_IM05/stream_gen_RBF.arff,1,30000.0,1.921875,1.4716836934288352E-9,30000.0,0.966,0.66,0.6599999999999999,0.4720496894409938,0.565685424949238,0.9827235772357723,0.66,0.95,0.05,30000.0,2960.0,10.0
meta.DynamicWeightedMajority -l (trees.HoeffdingTree -e 2000000 -g 100 -c 0.01) -e 10,ArffFileStream -f ./../../../Dataset/Synthetic_IM05/stream_gen_RBF.arff,1,30500.0,1.96875,1.5075784176588068E-9,30500.0,0.974,0.6904761904761905,0.6904761904761905,0.5410900875458909,0.6172133998483676,0.9867886178861789,0.6904761904761905,0.958,0.042,30500.0,2960.0,10.0
meta.DynamicWeightedMajority -l (trees.HoeffdingTree -e 2000000 -g 100 -c 0.01) -e 10,ArffFileStream -f ./../../../Dataset/Synthetic_IM05/stream_gen_RBF.arff,1,31000.0,1.984375,1.519543325735464E-9,31000.0,0.968,0.7104836092177864,0.7104836092177865,0.5646495428820201,0.6497571513486092,0.942964480874317,0.7104836092177864,0.948,0.052,31000.0,2960.0,10.0
meta.DynamicWeightedMajority -l (trees.HoeffdingTree -e 2000000 -g 100 -c 0.01) -e 10,ArffFileStream -f ./../../../Dataset/Synthetic_IM05/stream_gen_RBF.arff,1,31500.0,2.0,1.5315082338121212E-9,31500.0,0.974,0.6989583333333333,0.6989583333333333,0.5403111739745403,0.6317963807008289,0.932224485177642,0.6989583333333333,0.96,0.04,31500.0,2960.0,10.0
meta.DynamicWeightedMajority -l (trees.HoeffdingTree -e 2000000 -g 100 -c 0.01) -e 10,ArffFileStream -f ./../../../Dataset/Synthetic_IM05/stream_gen_RBF.arff,1,32000.0,2.03125,1.5554380499654356E-9,32000.0,0.954,0.603448275862069,0.603448275862069,0.3295242537313433,0.454858826147342,0.9767206477732793,0.603448275862069,0.942,0.058,32000.0,2960.0,10.0
meta.DynamicWeightedMajority -l (trees.HoeffdingTree -e 2000000 -g 100 -c 0.01) -e 10,ArffFileStream -f ./../../../Dataset/Synthetic_IM05/stream_gen_RBF.arff,1,32500.0,2.0625,1.57936786611875E-9,32500.0,0.968,0.6864495798319328,0.6864495798319328,0.5157384987893463,0.6117288491431065,0.9346938775510204,0.6864495798319328,0.952,0.048,32500.0,2960.0,10.0
meta.DynamicWeightedMajority -l (trees.HoeffdingTree -e 2000000 -g 100 -c 0.01) -e 10,ArffFileStream -f ./../../../Dataset/Synthetic_IM05/stream_gen_RBF.arff,1,33000.0,2.09375,1.6032976822720644E-9,33000.0,0.97,0.6875,0.6875,0.5332337565347274,0.6123724356957945,0.9847250509164969,0.6875,0.952,0.048,33000.0,2960.0,10.0
meta.DynamicWeightedMajority -l (trees.HoeffdingTree -e 2000000 -g 100 -c 0.01) -e 10,ArffFileStream -f ./../../../Dataset/Synthetic_IM05/stream_gen_RBF.arff,1,33500.0,2.109375,1.6152625903487216E-9,33500.0,0.968,0.6190476190476191,0.6190476190476191,0.3745113369820172,0.4879500364742666,0.9838383838383838,0.6190476190476191,0.958,0.042,33500.0,2960.0,10.0
meta.DynamicWeightedMajority -l (trees.HoeffdingTree -e 2000000 -g 100 -c 0.01) -e 10,ArffFileStream -f ./../../../Dataset/Synthetic_IM05/stream_gen_RBF.arff,1,34000.0,2.15625,1.6511573145786932E-9,34000.0,0.964,0.6086956521739131,0.6086956521739131,0.3464052287581699,0.4662524041201569,0.9818181818181818,0.6086956521739131,0.954,0.046,34000.0,2960.0,10.0
meta.DynamicWeightedMajority -l (trees.HoeffdingTree -e 2000000 -g 100 -c 0.01) -e 10,ArffFileStream -f ./../../../Dataset/Synthetic_IM05/stream_gen_RBF.arff,1,34500.0,2.1875,1.6750871307320076E-9,34500.0,0.948,0.5357142857142857,0.5357142857142857,0.12681354110693177,0.2672612419124244,0.9738955823293173,0.5357142857142857,0.944,0.056,34500.0,2960.0,10.0
meta.DynamicWeightedMajority -l (trees.HoeffdingTree -e 2000000 -g 100 -c 0.01) -e 10,ArffFileStream -f ./../../../Dataset/Synthetic_IM05/stream_gen_RBF.arff,1,35000.0,2.203125,1.6870520388086648E-9,35000.0,0.96,0.6551724137931034,0.6551724137931034,0.4588158891654941,0.5570860145311556,0.9796334012219959,0.6551724137931034,0.942,0.058,35000.0,2960.0,10.0
meta.DynamicWeightedMajority -l (trees.HoeffdingTree -e 2000000 -g 100 -c 0.01) -e 10,ArffFileStream -f ./../../../Dataset/Synthetic_IM05/stream_gen_RBF.arff,1,35500.0,2.234375,1.7109818549619792E-9,35500.0,0.976,0.6470588235294118,0.6470588235294117,0.44598337950138506,0.5423261445466404,0.9878787878787878,0.6470588235294118,0.966,0.034,35500.0,2960.0,10.0
meta.DynamicWeightedMajority -l (trees.HoeffdingTree -e 2000000 -g 100 -c 0.01) -e 10,ArffFileStream -f ./../../../Dataset/Synthetic_IM05/stream_gen_RBF.arff,1,36000.0,2.265625,1.7349116711152936E-9,36000.0,0.966,0.6853991596638656,0.6853991596638656,0.49917511194909264,0.6110845847735804,0.8937534857780256,0.6853991596638656,0.952,0.048,36000.0,2960.0,10.0
meta.DynamicWeightedMajority -l (trees.HoeffdingTree -e 2000000 -g 100 -c 0.01) -e 10,ArffFileStream -f ./../../../Dataset/Synthetic_IM05/stream_gen_RBF.arff,1,36500.0,2.296875,1.758841487268608E-9,36500.0,0.972,0.631578947368421,0.631578947368421,0.4072819644369179,0.512989176042577,0.9858585858585859,0.631578947368421,0.962,0.038,36500.0,2960.0,10.0
meta.DynamicWeightedMajority -l (trees.HoeffdingTree -e 2000000 -g 100 -c 0.01) -e 10,ArffFileStream -f ./../../../Dataset/Synthetic_IM05/stream_gen_RBF.arff,1,37000.0,2.328125,1.7827713034219224E-9,37000.0,0.974,0.7045454545454546,0.7045454545454546,0.5696504237288136,0.6396021490668313,0.9867617107942974,0.7045454545454546,0.956,0.044,37000.0,2960.0,10.0
meta.DynamicWeightedMajority -l (trees.HoeffdingTree -e 2000000 -g 100 -c 0.01) -e 10,ArffFileStream -f ./../../../Dataset/Synthetic_IM05/stream_gen_RBF.arff,1,37500.0,2.34375,1.7947362114985796E-9,37500.0,0.954,0.5999649859943977,0.5999649859943978,0.28429176001991535,0.45451362251666483,0.7584295089386739,0.5999649859943977,0.952,0.048,37500.0,2960.0,10.0
meta.DynamicWeightedMajority -l (trees.HoeffdingTree -e 2000000 -g 100 -c 0.01) -e 10,ArffFileStream -f ./../../../Dataset/Synthetic_IM05/stream_gen_RBF.arff,1,38000.0,2.375,1.818666027651894E-9,38000.0,0.956,0.6948283693465707,0.6948283693465707,0.5219469795740982,0.6263004768697161,0.9127147766323025,0.6948283693465707,0.934,0.066,38000.0,2960.0,10.0
meta.DynamicWeightedMajority -l (trees.HoeffdingTree -e 2000000 -g 100 -c 0.01) -e 10,ArffFileStream -f ./../../../Dataset/Synthetic_IM05/stream_gen_RBF.arff,1,38500.0,2.390625,1.8306309357285512E-9,38500.0,0.962,0.6076474341445629,0.607647434144563,0.3321147356580427,0.4657634135250894,0.8984480431848854,0.6076474341445629,0.954,0.046,38500.0,2960.0,10.0
meta.DynamicWeightedMajority -l (trees.HoeffdingTree -e 2000000 -g 100 -c 0.01) -e 10,ArffFileStream -f ./../../../Dataset/Synthetic_IM05/stream_gen_RBF.arff,1,39000.0,2.421875,1.8545607518818656E-9,39000.0,0.972,0.6818181818181819,0.6818181818181819,0.5221190606226106,0.6030226891555273,0.9857723577235773,0.6818181818181819,0.956,0.044,39000.0,2960.0,10.0
meta.DynamicWeightedMajority -l (trees.HoeffdingTree -e 2000000 -g 100 -c 0.01) -e 10,ArffFileStream -f ./../../../Dataset/Synthetic_IM05/stream_gen_RBF.arff,1,39500.0,2.453125,1.8784905680351797E-9,39500.0,0.962,0.525,0.525,0.09177820267686425,0.22360679774997896,0.9809619238476954,0.525,0.96,0.04,39500.0,2960.0,10.0
meta.DynamicWeightedMajority -l (trees.HoeffdingTree -e 2000000 -g 100 -c 0.01) -e 10,ArffFileStream -f ./../../../Dataset/Synthetic_IM05/stream_gen_RBF.arff,1,40000.0,2.46875,1.890455476111837E-9,40000.0,0.952,0.6129032258064516,0.6129032258064516,0.3536572228805343,0.47519096331149147,0.975659229208925,0.6129032258064516,0.938,0.062,40000.0,2960.0,10.0
meta.DynamicWeightedMajority -l (trees.HoeffdingTree -e 2000000 -g 100 -c 0.01) -e 10,ArffFileStream -f ./../../../Dataset/Synthetic_IM05/stream_gen_RBF.arff,1,40500.0,2.5,1.9143852922651513E-9,40500.0,0.952,0.5384615384615384,0.5384615384615384,0.13644214162348878,0.2773500981126146,0.9759036144578312,0.5384615384615384,0.948,0.052,40500.0,2960.0,10.0
meta.DynamicWeightedMajority -l (trees.HoeffdingTree -e 2000000 -g 100 -c 0.01) -e 10,ArffFileStream -f ./../../../Dataset/Synthetic_IM05/stream_gen_RBF.arff,1,41000.0,2.53125,1.9383151084184657E-9,41000.0,0.956,0.5614495798319328,0.5614495798319328,0.2033603707995365,0.3531818157238325,0.8538306451612903,0.5614495798319328,0.952,0.048,41000.0,2960.0,10.0
meta.DynamicWeightedMajority -l (trees.HoeffdingTree -e 2000000 -g 100 -c 0.01) -e 10,ArffFileStream -f ./../../../Dataset/Synthetic_IM05/stream_gen_RBF.arff,1,41500.0,2.546875,1.950280016495123E-9,41500.0,0.972,0.5882352941176471,0.5882352941176471,0.2927864214992928,0.42008402520840293,0.9859154929577465,0.5882352941176471,0.966,0.034,41500.0,2960.0,10.0
meta.DynamicWeightedMajority -l (trees.HoeffdingTree -e 2000000 -g 100 -c 0.01) -e 10,ArffFileStream -f ./../../../Dataset/Synthetic_IM05/stream_gen_RBF.arff,1,42000.0,2.5625,1.96224492457178E-9,42000.0,0.964,0.625,0.625,0.38825448613376834,0.5,0.9817813765182186,0.625,0.952,0.048,42000.0,2960.0,10.0
meta.DynamicWeightedMajority -l (trees.HoeffdingTree -e 2000000 -g 100 -c 0.01) -e 10,ArffFileStream -f ./../../../Dataset/Synthetic_IM05/stream_gen_RBF.arff,1,42500.0,2.59375,1.9861747407250945E-9,42500.0,0.954,0.603448275862069,0.603448275862069,0.3295242537313433,0.454858826147342,0.9767206477732793,0.603448275862069,0.942,0.058,42500.0,2960.0,10.0
meta.DynamicWeightedMajority -l (trees.HoeffdingTree -e 2000000 -g 100 -c 0.01) -e 10,ArffFileStream -f ./../../../Dataset/Synthetic_IM05/stream_gen_RBF.arff,1,43000.0,2.625,2.010104556878409E-9,43000.0,0.97,0.7297143784485557,0.7297143784485558,0.6015724606884828,0.678649211083305,0.9471647449060181,0.7297143784485557,0.948,0.052,43000.0,2960.0,10.0
meta.DynamicWeightedMajority -l (trees.HoeffdingTree -e 2000000 -g 100 -c 0.01) -e 10,ArffFileStream -f ./../../../Dataset/Synthetic_IM05/stream_gen_RBF.arff,1,43500.0,2.640625,2.022069464955066E-9,43500.0,0.972,0.7349637140868874,0.7349637140868874,0.574571532757992,0.6879012082944754,0.8733217501184647,0.7349637140868874,0.958,0.042,43500.0,2960.0,10.0
meta.DynamicWeightedMajority -l (trees.HoeffdingTree -e 2000000 -g 100 -c 0.01) -e 10,ArffFileStream -f ./../../../Dataset/Synthetic_IM05/stream_gen_RBF.arff,1,44000.0,2.671875,2.0459992811083805E-9,44000.0,0.982,0.8125,0.8125,0.7603833865814696,0.7905694150420949,0.9907216494845361,0.8125,0.952,0.048,44000.0,2960.0,10.0
meta.DynamicWeightedMajority -l (trees.HoeffdingTree -e 2000000 -g 100 -c 0.01) -e 10,ArffFileStream -f ./../../../Dataset/Synthetic_IM05/stream_gen_RBF.arff,1,44500.0,2.6875,2.0579641891850377E-9,44500.0,0.964,0.5909090909090909,0.5909090909090908,0.29819089207735494,0.4264014327112209,0.9818548387096775,0.5909090909090909,0.956,0.044,44500.0,2960.0,10.0
meta.DynamicWeightedMajority -l (trees.HoeffdingTree -e 2000000 -g 100 -c 0.01) -e 10,ArffFileStream -f ./../../../Dataset/Synthetic_IM05/stream_gen_RBF.arff,1,45000.0,2.71875,2.081894005338352E-9,45000.0,0.97,0.7657384987893463,0.7657384987893463,0.6519398552069797,0.7303727198679869,0.9277189136524175,0.7657384987893463,0.944,0.056,45000.0,2960.0,10.0
meta.DynamicWeightedMajority -l (trees.HoeffdingTree -e 2000000 -g 100 -c 0.01) -e 10,ArffFileStream -f ./../../../Dataset/Synthetic_IM05/stream_gen_RBF.arff,1,45500.0,2.734375,2.0938589134150093E-9,45500.0,0.99,0.84375,0.84375,0.8098570124733799,0.82915619758885,0.9948875255623721,0.84375,0.968,0.032,45500.0,2960.0,10.0
meta.DynamicWeightedMajority -l (trees.HoeffdingTree -e 2000000 -g 100 -c 0.01) -e 10,ArffFileStream -f ./../../../Dataset/Synthetic_IM05/stream_gen_RBF.arff,1,46000.0,2.75,2.1058238214916665E-9,46000.0,0.978,0.8936842105263159,0.8936842105263157,0.7727272727272727,0.8887602246062237,0.8793411230120092,0.8936842105263159,0.95,0.05,46000.0,2960.0,6.0
meta.DynamicWeightedMajority -l (trees.HoeffdingTree -e 2000000 -g 100 -c 0.01) -e 10,ArffFileStream -f ./../../../Dataset/Synthetic_IM05/stream_gen_RBF.arff,1,46500.0,2.765625,2.1177887295683237E-9,46500.0,0.986,0.8157894736842105,0.8157894736842105,0.767349109279447,0.7947194142390263,0.992827868852459,0.8157894736842105,0.962,0.038,46500.0,2960.0,6.0
meta.DynamicWeightedMajority -l (trees.HoeffdingTree -e 2000000 -g 100 -c 0.01) -e 10,ArffFileStream -f ./../../../Dataset/Synthetic_IM05/stream_gen_RBF.arff,1,47000.0,2.78125,2.129753637644981E-9,47000.0,0.984,0.9158551263814422,0.9158551263814422,0.7916883657952296,0.9128809178604159,0.8778208569440302,0.9158551263814422,0.962,0.038,47000.0,2960.0,5.0
meta.DynamicWeightedMajority -l (trees.HoeffdingTree -e 2000000 -g 100 -c 0.01) -e 10,ArffFileStream -f ./../../../Dataset/Synthetic_IM05/stream_gen_RBF.arff,1,47500.0,2.796875,2.141718545721638E-9,47500.0,0.962,0.8023857611714214,0.8023857611714214,0.6685738208205414,0.7808293805854505,0.8751468170072821,0.8023857611714214,0.932,0.068,47500.0,2960.0,5.0
meta.DynamicWeightedMajority -l (trees.HoeffdingTree -e 2000000 -g 100 -c 0.01) -e 10,ArffFileStream -f ./../../../Dataset/Synthetic_IM05/stream_gen_RBF.arff,1,48000.0,2.8125,2.1536834537982953E-9,48000.0,0.964,0.7539738469971028,0.7539738469971029,0.5904250477837444,0.7162662565322009,0.8549075391180654,0.7539738469971028,0.946,0.054,48000.0,2960.0,5.0
meta.DynamicWeightedMajority -l (trees.HoeffdingTree -e 2000000 -g 100 -c 0.01) -e 10,ArffFileStream -f ./../../../Dataset/Synthetic_IM05/stream_gen_RBF.arff,1,48500.0,2.84375,2.1776132699516097E-9,48500.0,0.978,0.774665744582757,0.774665744582757,0.6341138903672167,0.743032799339586,0.8764018322539884,0.774665744582757,0.964,0.036,48500.0,2960.0,5.0
meta.DynamicWeightedMajority -l (trees.HoeffdingTree -e 2000000 -g 100 -c 0.01) -e 10,ArffFileStream -f ./../../../Dataset/Synthetic_IM05/stream_gen_RBF.arff,1,49000.0,2.859375,2.189578178028267E-9,49000.0,0.974,0.8567611098909145,0.8567611098909145,0.7499230532471529,0.8464341036675722,0.895407335280753,0.8567611098909145,0.942,0.058,49000.0,2960.0,5.0
meta.DynamicWeightedMajority -l (trees.HoeffdingTree -e 2000000 -g 100 -c 0.01) -e 10,ArffFileStream -f ./../../../Dataset/Synthetic_IM05/stream_gen_RBF.arff,1,49500.0,2.875,2.201543086104924E-9,49500.0,0.974,0.8280812324929971,0.8280812324929973,0.6975618834915317,0.8121969376611922,0.8726016502634457,0.8280812324929971,0.952,0.048,49500.0,2960.0,5.0
meta.DynamicWeightedMajority -l (trees.HoeffdingTree -e 2000000 -g 100 -c 0.01) -e 10,ArffFileStream -f ./../../../Dataset/Synthetic_IM05/stream_gen_RBF.arff,1,50000.0,2.890625,2.2135079941815813E-9,50000.0,0.974,0.8045277507302824,0.8045277507302824,0.6978430643361845,0.7819781173707727,0.910657621183937,0.8045277507302824,0.948,0.052,50000.0,2960.0,6.0
meta.DynamicWeightedMajority -l (trees.HoeffdingTree -e 2000000 -g 100 -c 0.01) -e 10,ArffFileStream -f ./../../../Dataset/Synthetic_IM05/stream_gen_RBF.arff,1,50500.0,2.90625,2.2254729022582385E-9,50500.0,0.978,0.75,0.75,0.6565934065934066,0.7071067811865476,0.9887525562372188,0.75,0.956,0.044,50500.0,2960.0,6.0
meta.DynamicWeightedMajority -l (trees.HoeffdingTree -e 2000000 -g 100 -c 0.01) -e 10,ArffFileStream -f ./../../../Dataset/Synthetic_IM05/stream_gen_RBF.arff,1,51000.0,2.921875,2.2374378103348957E-9,51000.0,0.96,0.6296296296296297,0.6296296296296297,0.3983876789796655,0.5091750772173156,0.9797160243407708,0.6296296296296297,0.946,0.054,51000.0,2960.0,6.0
meta.DynamicWeightedMajority -l (trees.HoeffdingTree -e 2000000 -g 100 -c 0.01) -e 10,ArffFileStream -f ./../../../Dataset/Synthetic_IM05/stream_gen_RBF.arff,1,51500.0,2.9375,2.249402718411553E-9,51500.0,0.984,0.8531162464985995,0.8531162464985994,0.8013508144616607,0.8407408864181866,0.9649608114338405,0.8531162464985995,0.952,0.048,51500.0,2960.0,6.0
meta.DynamicWeightedMajority -l (trees.HoeffdingTree -e 2000000 -g 100 -c 0.01) -e 10,ArffFileStream -f ./../../../Dataset/Synthetic_IM05/stream_gen_RBF.arff,1,52000.0,2.953125,2.26136762648821E-9,52000.0,0.978,0.858406238113351,0.8584062381133511,0.7326982892690513,0.8483308741089924,0.8746893329356795,0.858406238113351,0.956,0.044,52000.0,2960.0,6.0
meta.DynamicWeightedMajority -l (trees.HoeffdingTree -e 2000000 -g 100 -c 0.01) -e 10,ArffFileStream -f ./../../../Dataset/Synthetic_IM05/stream_gen_RBF.arff,1,52500.0,2.96875,2.2733325345648673E-9,52500.0,0.982,0.860498288322556,0.8604982883225561,0.7711554109031733,0.8501224935790178,0.914815625341941,0.860498288322556,0.956,0.044,52500.0,2960.0,5.0
meta.DynamicWeightedMajority -l (trees.HoeffdingTree -e 2000000 -g 100 -c 0.01) -e 10,ArffFileStream -f ./../../../Dataset/Synthetic_IM05/stream_gen_RBF.arff,1,53000.0,2.984375,2.2852974426415245E-9,53000.0,0.972,0.776842105263158,0.776842105263158,0.652605459057072,0.7459645821986034,0.9003775423212763,0.776842105263158,0.95,0.05,53000.0,2960.0,5.0
meta.DynamicWeightedMajority -l (trees.HoeffdingTree -e 2000000 -g 100 -c 0.01) -e 10,ArffFileStream -f ./../../../Dataset/Synthetic_IM05/stream_gen_RBF.arff,1,53500.0,3.0,2.2972623507181817E-9,53500.0,0.972,0.7978723404255319,0.7978723404255319,0.7058823529411765,0.7729468342070095,0.9375,0.7978723404255319,0.94,0.06,53500.0,2960.0,6.0
meta.DynamicWeightedMajority -l (trees.HoeffdingTree -e 2000000 -g 100 -c 0.01) -e 10,ArffFileStream -f ./../../../Dataset/Synthetic_IM05/stream_gen_RBF.arff,1,54000.0,3.015625,2.309227258794839E-9,54000.0,0.98,0.8239905204630389,0.823990520463039,0.7398272452908732,0.8058780498485998,0.9328948970892705,0.8239905204630389,0.954,0.046,54000.0,2960.0,5.0
meta.DynamicWeightedMajority -l (trees.HoeffdingTree -e 2000000 -g 100 -c 0.01) -e 10,ArffFileStream -f ./../../../Dataset/Synthetic_IM05/stream_gen_RBF.arff,1,54500.0,3.03125,2.321192166871496E-9,54500.0,0.97,0.7222222222222222,0.7222222222222222,0.6021642266072565,0.6666666666666666,0.9846311475409837,0.7222222222222222,0.946,0.054,54500.0,2960.0,5.0
meta.DynamicWeightedMajority -l (trees.HoeffdingTree -e 2000000 -g 100 -c 0.01) -e 10,ArffFileStream -f ./../../../Dataset/Synthetic_IM05/stream_gen_RBF.arff,1,55000.0,3.046875,2.3331570749481533E-9,55000.0,0.966,0.6136363636363636,0.6136363636363636,0.35993975903614456,0.4767312946227962,0.9828282828282828,0.6136363636363636,0.956,0.044,55000.0,2960.0,6.0
meta.DynamicWeightedMajority -l (trees.HoeffdingTree -e 2000000 -g 100 -c 0.01) -e 10,ArffFileStream -f ./../../../Dataset/Synthetic_IM05/stream_gen_RBF.arff,1,55500.0,3.0625,2.3451219830248105E-9,55500.0,0.96,0.5454545454545454,0.5454545454545454,0.1605104096709201,0.30151134457776363,0.9799196787148594,0.5454545454545454,0.956,0.044,55500.0,2960.0,6.0
meta.DynamicWeightedMajority -l (trees.HoeffdingTree -e 2000000 -g 100 -c 0.01) -e 10,ArffFileStream -f ./../../../Dataset/Synthetic_IM05/stream_gen_RBF.arff,1,56000.0,3.078125,2.3570868911014677E-9,56000.0,0.942,0.5,0.5,0.0,0.0,0.942,0.5,0.942,0.058,56000.0,2960.0,6.0
meta.DynamicWeightedMajority -l (trees.HoeffdingTree -e 2000000 -g 100 -c 0.01) -e 10,ArffFileStream -f ./../../../Dataset/Synthetic_IM05/stream_gen_RBF.arff,1,56500.0,3.09375,2.369051799178125E-9,56500.0,0.968,0.6363636363636364,0.6363636363636364,0.41758881770529993,0.5222329678670935,0.9838056680161944,0.6363636363636364,0.956,0.044,56500.0,2960.0,6.0
meta.DynamicWeightedMajority -l (trees.HoeffdingTree -e 2000000 -g 100 -c 0.01) -e 10,ArffFileStream -f ./../../../Dataset/Synthetic_IM05/stream_gen_RBF.arff,1,57000.0,3.109375,2.381016707254782E-9,57000.0,0.966,0.7068965517241379,0.7068965517241379,0.5707937790345384,0.6432675209026769,0.9825819672131147,0.7068965517241379,0.942,0.058,57000.0,2960.0,6.0
meta.DynamicWeightedMajority -l (trees.HoeffdingTree -e 2000000 -g 100 -c 0.01) -e 10,ArffFileStream -f ./../../../Dataset/Synthetic_IM05/stream_gen_RBF.arff,1,57500.0,3.125,2.3929816153314393E-9,57500.0,0.962,0.7529167645446715,0.7529167645446715,0.576271186440678,0.7155006055848446,0.8364583333333333,0.7529167645446715,0.946,0.054,57500.0,2960.0,6.0
meta.DynamicWeightedMajority -l (trees.HoeffdingTree -e 2000000 -g 100 -c 0.01) -e 10,ArffFileStream -f ./../../../Dataset/Synthetic_IM05/stream_gen_RBF.arff,1,58000.0,3.140625,2.4049465234080965E-9,58000.0,0.974,0.7912704450361354,0.7912704450361354,0.6533703071672355,0.7654830141551547,0.8730361709901351,0.7912704450361354,0.956,0.044,58000.0,2960.0,6.0
meta.DynamicWeightedMajority -l (trees.HoeffdingTree -e 2000000 -g 100 -c 0.01) -e 10,ArffFileStream -f ./../../../Dataset/Synthetic_IM05/stream_gen_RBF.arff,1,58500.0,3.15625,2.4169114314847537E-9,58500.0,0.966,0.8423381097799703,0.8423381097799703,0.6729259658303832,0.8308513661537629,0.8308111380145279,0.8423381097799703,0.946,0.054,58500.0,2960.0,6.0
meta.DynamicWeightedMajority -l (trees.HoeffdingTree -e 2000000 -g 100 -c 0.01) -e 10,ArffFileStream -f ./../../../Dataset/Synthetic_IM05/stream_gen_RBF.arff,1,59000.0,3.171875,2.428876339561411E-9,59000.0,0.968,0.7747368421052632,0.7747368421052632,0.6199524940617577,0.7443824710173492,0.8569865411970675,0.7747368421052632,0.95,0.05,59000.0,2960.0,7.0
meta.DynamicWeightedMajority -l (trees.HoeffdingTree -e 2000000 -g 100 -c 0.01) -e 10,ArffFileStream -f ./../../../Dataset/Synthetic_IM05/stream_gen_RBF.arff,1,59500.0,3.1875,2.440841247638068E-9,59500.0,0.972,0.7741935483870968,0.7741935483870968,0.6949359365466748,0.7405316311773545,0.9855072463768115,0.7741935483870968,0.938,0.062,59500.0,2960.0,7.0
meta.DynamicWeightedMajority -l (trees.HoeffdingTree -e 2000000 -g 100 -c 0.01) -e 10,ArffFileStream -f ./../../../Dataset/Synthetic_IM05/stream_gen_RBF.arff,1,60000.0,3.21875,2.4647710637913825E-9,60000.0,0.982,0.832282913165266,0.8322829131652661,0.7713879292826661,0.815638465524142,0.9623066617951528,0.832282913165266,0.952,0.048,60000.0,2960.0,7.0
meta.DynamicWeightedMajority -l (trees.HoeffdingTree -e 2000000 -g 100 -c 0.01) -e 10,ArffFileStream -f ./../../../Dataset/Synthetic_IM05/stream_gen_RBF.arff,1,60500.0,3.234375,2.4767359718680397E-9,60500.0,0.98,0.8114495798319328,0.8114495798319328,0.7400166389351082,0.7897385483752936,0.959452479338843,0.8114495798319328,0.952,0.048,60500.0,2960.0,6.0
meta.DynamicWeightedMajority -l (trees.HoeffdingTree -e 2000000 -g 100 -c 0.01) -e 10,ArffFileStream -f ./../../../Dataset/Synthetic_IM05/stream_gen_RBF.arff,1,61000.0,3.25,2.488700879944697E-9,61000.0,0.976,0.7978947368421052,0.7978947368421052,0.7022332506203474,0.7729642192304417,0.9308245037145293,0.7978947368421052,0.95,0.05,61000.0,2960.0,5.0
meta.DynamicWeightedMajority -l (trees.HoeffdingTree -e 2000000 -g 100 -c 0.01) -e 10,ArffFileStream -f ./../../../Dataset/Synthetic_IM05/stream_gen_RBF.arff,1,61500.0,3.25,2.488700879944697E-9,61500.0,0.976,0.8312056737588652,0.8312056737588652,0.7568881685575365,0.8147575021035661,0.9440852034994294,0.8312056737588652,0.94,0.06,61500.0,2960.0,4.0
meta.DynamicWeightedMajority -l (trees.HoeffdingTree -e 2000000 -g 100 -c 0.01) -e 10,ArffFileStream -f ./../../../Dataset/Synthetic_IM05/stream_gen_RBF.arff,1,62000.0,3.265625,2.500665788021354E-9,62000.0,0.958,0.6143297630639403,0.6143297630639404,0.349281110560238,0.4798774592039056,0.9082874529121994,0.6143297630639403,0.948,0.052,62000.0,2960.0,5.0
meta.DynamicWeightedMajority -l (trees.HoeffdingTree -e 2000000 -g 100 -c 0.01) -e 10,ArffFileStream -f ./../../../Dataset/Synthetic_IM05/stream_gen_RBF.arff,1,62500.0,3.28125,2.5126306960980113E-9,62500.0,0.936,0.5428571428571428,0.5428571428571429,0.1484832357637041,0.29277002188455997,0.9678068410462777,0.5428571428571428,0.93,0.07,62500.0,2960.0,6.0
meta.DynamicWeightedMajority -l (trees.HoeffdingTree -e 2000000 -g 100 -c 0.01) -e 10,ArffFileStream -f ./../../../Dataset/Synthetic_IM05/stream_gen_RBF.arff,1,63000.0,3.296875,2.5245956041746685E-9,63000.0,0.968,0.5555555555555556,0.5555555555555556,0.19419822723609992,0.3333333333333333,0.9839357429718876,0.5555555555555556,0.964,0.036,63000.0,2960.0,6.0
meta.DynamicWeightedMajority -l (trees.HoeffdingTree -e 2000000 -g 100 -c 0.01) -e 10,ArffFileStream -f ./../../../Dataset/Synthetic_IM05/stream_gen_RBF.arff,1,63500.0,3.328125,2.548525420327983E-9,63500.0,0.95,0.5192307692307693,0.5192307692307692,0.07049375371802498,0.19611613513818404,0.9749498997995991,0.5192307692307693,0.948,0.052,63500.0,2960.0,7.0
meta.DynamicWeightedMajority -l (trees.HoeffdingTree -e 2000000 -g 100 -c 0.01) -e 10,ArffFileStream -f ./../../../Dataset/Synthetic_IM05/stream_gen_RBF.arff,1,64000.0,3.34375,2.56049032840464E-9,64000.0,0.97,0.5588235294117647,0.5588235294117647,0.20483460559796438,0.3429971702850177,0.9849397590361446,0.5588235294117647,0.966,0.034,64000.0,2960.0,7.0
meta.DynamicWeightedMajority -l (trees.HoeffdingTree -e 2000000 -g 100 -c 0.01) -e 10,ArffFileStream -f ./../../../Dataset/Synthetic_IM05/stream_gen_RBF.arff,1,64500.0,3.34375,2.56049032840464E-9,64500.0,0.938,0.5301816239316239,0.5301816239316239,0.10446036514906401,0.24973276315183995,0.8031522468142187,0.5301816239316239,0.936,0.064,64500.0,2960.0,8.0
meta.DynamicWeightedMajority -l (trees.HoeffdingTree -e 2000000 -g 100 -c 0.01) -e 10,ArffFileStream -f ./../../../Dataset/Synthetic_IM05/stream_gen_RBF.arff,1,65000.0,3.375,2.5844201445579545E-9,65000.0,0.962,0.5,0.5,0.0,0.0,0.962,0.5,0.962,0.038,65000.0,2960.0,9.0
meta.DynamicWeightedMajority -l (trees.HoeffdingTree -e 2000000 -g 100 -c 0.01) -e 10,ArffFileStream -f ./../../../Dataset/Synthetic_IM05/stream_gen_RBF.arff,1,65500.0,3.390625,2.5963850526346117E-9,65500.0,0.954,0.5208333333333334,0.5208333333333333,0.07645358175393512,0.2041241452319315,0.9769539078156313,0.5208333333333334,0.952,0.048,65500.0,2960.0,9.0
meta.DynamicWeightedMajority -l (trees.HoeffdingTree -e 2000000 -g 100 -c 0.01) -e 10,ArffFileStream -f ./../../../Dataset/Synthetic_IM05/stream_gen_RBF.arff,1,66000.0,3.421875,2.620314868787926E-9,66000.0,0.948,0.5,0.5,0.0,0.0,0.948,0.5,0.948,0.052,66000.0,2960.0,10.0
meta.DynamicWeightedMajority -l (trees.HoeffdingTree -e 2000000 -g 100 -c 0.01) -e 10,ArffFileStream -f ./../../../Dataset/Synthetic_IM05/stream_gen_RBF.arff,1,66500.0,3.4375,2.6322797768645832E-9,66500.0,0.952,0.52,0.52,0.07335907335907337,0.2,0.9759519038076152,0.52,0.95,0.05,66500.0,2960.0,10.0
meta.DynamicWeightedMajority -l (trees.HoeffdingTree -e 2000000 -g 100 -c 0.01) -e 10,ArffFileStream -f ./../../../Dataset/Synthetic_IM05/stream_gen_RBF.arff,1,67000.0,3.46875,2.6562095930178976E-9,67000.0,0.95,0.5189473684210526,0.5189473684210526,0.06716417910447761,0.19978936276409764,0.7259036144578312,0.5189473684210526,0.95,0.05,67000.0,2960.0,10.0
meta.DynamicWeightedMajority -l (trees.HoeffdingTree -e 2000000 -g 100 -c 0.01) -e 10,ArffFileStream -f ./../../../Dataset/Synthetic_IM05/stream_gen_RBF.arff,1,67500.0,3.484375,2.668174501094555E-9,67500.0,0.95,0.5192307692307693,0.5192307692307692,0.07049375371802498,0.19611613513818404,0.9749498997995991,0.5192307692307693,0.948,0.052,67500.0,2960.0,10.0
meta.DynamicWeightedMajority -l (trees.HoeffdingTree -e 2000000 -g 100 -c 0.01) -e 10,ArffFileStream -f ./../../../Dataset/Synthetic_IM05/stream_gen_RBF.arff,1,68000.0,3.515625,2.6921043172478692E-9,68000.0,0.974,0.6176470588235294,0.6176470588235294,0.3728290235430336,0.48507125007266594,0.9868951612903225,0.6176470588235294,0.966,0.034,68000.0,2960.0,10.0
meta.DynamicWeightedMajority -l (trees.HoeffdingTree -e 2000000 -g 100 -c 0.01) -e 10,ArffFileStream -f ./../../../Dataset/Synthetic_IM05/stream_gen_RBF.arff,1,68500.0,3.53125,2.7040692253245264E-9,68500.0,0.96,0.6666666666666666,0.6666666666666667,0.4845360824742268,0.5773502691896257,0.9795918367346939,0.6666666666666666,0.94,0.06,68500.0,2960.0,10.0
meta.DynamicWeightedMajority -l (trees.HoeffdingTree -e 2000000 -g 100 -c 0.01) -e 10,ArffFileStream -f ./../../../Dataset/Synthetic_IM05/stream_gen_RBF.arff,1,69000.0,3.5625,2.727999041477841E-9,69000.0,0.956,0.5769230769230769,0.5769230769230769,0.25635478637101133,0.3922322702763681,0.9778225806451613,0.5769230769230769,0.948,0.052,69000.0,2960.0,10.0
meta.DynamicWeightedMajority -l (trees.HoeffdingTree -e 2000000 -g 100 -c 0.01) -e 10,ArffFileStream -f ./../../../Dataset/Synthetic_IM05/stream_gen_RBF.arff,1,69500.0,3.578125,2.739963949554498E-9,69500.0,0.976,0.7142857142857143,0.7142857142857143,0.5896594173163726,0.6546536707079771,0.9877800407331976,0.7142857142857143,0.958,0.042,69500.0,2960.0,10.0
meta.DynamicWeightedMajority -l (trees.HoeffdingTree -e 2000000 -g 100 -c 0.01) -e 10,ArffFileStream -f ./../../../Dataset/Synthetic_IM05/stream_gen_RBF.arff,1,70000.0,3.609375,2.7638937657078124E-9,70000.0,0.962,0.6607142857142857,0.6607142857142857,0.4721049122027117,0.5669467095138409,0.9806517311608962,0.6607142857142857,0.944,0.056,70000.0,2960.0,10.0
meta.DynamicWeightedMajority -l (trees.HoeffdingTree -e 2000000 -g 100 -c 0.01) -e 10,ArffFileStream -f ./../../../Dataset/Synthetic_IM05/stream_gen_RBF.arff,1,70500.0,3.625,2.7758586737844696E-9,70500.0,0.978,0.725,0.725,0.611032531824611,0.6708203932499369,0.9887983706720977,0.725,0.96,0.04,70500.0,2960.0,10.0
meta.DynamicWeightedMajority -l (trees.HoeffdingTree -e 2000000 -g 100 -c 0.01) -e 10,ArffFileStream -f ./../../../Dataset/Synthetic_IM05/stream_gen_RBF.arff,1,71000.0,3.65625,2.799788489937784E-9,71000.0,0.97,0.6807721567135794,0.6807721567135794,0.5034427966101694,0.6023915820342642,0.9301878252998416,0.6807721567135794,0.956,0.044,71000.0,2960.0,10.0
meta.DynamicWeightedMajority -l (trees.HoeffdingTree -e 2000000 -g 100 -c 0.01) -e 10,ArffFileStream -f ./../../../Dataset/Synthetic_IM05/stream_gen_RBF.arff,1,71500.0,3.671875,2.8117533980144412E-9,71500.0,0.974,0.7291666666666666,0.7291666666666667,0.6170162620787178,0.67700320038633,0.9867075664621676,0.7291666666666666,0.952,0.048,71500.0,2960.0,10.0
meta.DynamicWeightedMajority -l (trees.HoeffdingTree -e 2000000 -g 100 -c 0.01) -e 10,ArffFileStream -f ./../../../Dataset/Synthetic_IM05/stream_gen_RBF.arff,1,72000.0,3.6875,2.8237183060910984E-9,72000.0,0.956,0.56,0.56,0.20577617328519857,0.34641016151377546,0.9778672032193159,0.56,0.95,0.05,72000.0,2960.0,10.0
meta.DynamicWeightedMajority -l (trees.HoeffdingTree -e 2000000 -g 100 -c 0.01) -e 10,ArffFileStream -f ./../../../Dataset/Synthetic_IM05/stream_gen_RBF.arff,1,72500.0,3.71875,2.847648122244413E-9,72500.0,0.964,0.6666666666666666,0.6666666666666667,0.48612538540596095,0.5773502691896257,0.9816700610997964,0.6666666666666666,0.946,0.054,72500.0,2960.0,10.0
meta.DynamicWeightedMajority -l (trees.HoeffdingTree -e 2000000 -g 100 -c 0.01) -e 10,ArffFileStream -f ./../../../Dataset/Synthetic_IM05/stream_gen_RBF.arff,1,73000.0,3.75,2.8715779383977272E-9,73000.0,0.978,0.65625,0.65625,0.46808510638297873,0.5590169943749475,0.9888888888888889,0.65625,0.968,0.032,73000.0,2960.0,10.0
meta.DynamicWeightedMajority -l (trees.HoeffdingTree -e 2000000 -g 100 -c 0.01) -e 10,ArffFileStream -f ./../../../Dataset/Synthetic_IM05/stream_gen_RBF.arff,1,73500.0,3.78125,2.8955077545510416E-9,73500.0,0.972,0.6111111111111112,0.6111111111111112,0.35519528371407516,0.4714045207910317,0.9858870967741935,0.6111111111111112,0.964,0.036,73500.0,2960.0,10.0
meta.DynamicWeightedMajority -l (trees.HoeffdingTree -e 2000000 -g 100 -c 0.01) -e 10,ArffFileStream -f ./../../../Dataset/Synthetic_IM05/stream_gen_RBF.arff,1,74000.0,3.796875,2.907472662627699E-9,74000.0,0.94,0.5,0.5,0.0,0.0,0.94,0.5,0.94,0.06,74000.0,2960.0,10.0
meta.DynamicWeightedMajority -l (trees.HoeffdingTree -e 2000000 -g 100 -c 0.01) -e 10,ArffFileStream -f ./../../../Dataset/Synthetic_IM05/stream_gen_RBF.arff,1,74500.0,3.8125,2.919437570704356E-9,74500.0,0.944,0.5757575757575758,0.5757575757575757,0.25013390465988217,0.3892494720807615,0.9717171717171718,0.5757575757575758,0.934,0.066,74500.0,2960.0,10.0
meta.DynamicWeightedMajority -l (trees.HoeffdingTree -e 2000000 -g 100 -c 0.01) -e 10,ArffFileStream -f ./../../../Dataset/Synthetic_IM05/stream_gen_RBF.arff,1,75000.0,3.84375,2.9433673868576704E-9,75000.0,0.972,0.6666666666666666,0.6666666666666667,0.48927477017364657,0.5773502691896257,0.9858012170385395,0.6666666666666666,0.958,0.042,75000.0,2960.0,10.0
meta.DynamicWeightedMajority -l (trees.HoeffdingTree -e 2000000 -g 100 -c 0.01) -e 10,ArffFileStream -f ./../../../Dataset/Synthetic_IM05/stream_gen_RBF.arff,1,75500.0,3.875,2.967297203010985E-9,75500.0,0.956,0.5,0.5,0.0,0.0,0.956,0.5,0.956,0.044,75500.0,2960.0,10.0
meta.DynamicWeightedMajority -l (trees.HoeffdingTree -e 2000000 -g 100 -c 0.01) -e 10,ArffFileStream -f ./../../../Dataset/Synthetic_IM05/stream_gen_RBF.arff,1,76000.0,3.890625,2.979262111087642E-9,76000.0,0.96,0.5238095238095238,0.5238095238095238,0.08742471253878445,0.21821789023599236,0.9799599198396793,0.5238095238095238,0.958,0.042,76000.0,2960.0,10.0
meta.DynamicWeightedMajority -l (trees.HoeffdingTree -e 2000000 -g 100 -c 0.01) -e 10,ArffFileStream -f ./../../../Dataset/Synthetic_IM05/stream_gen_RBF.arff,1,76500.0,3.921875,3.0031919272409564E-9,76500.0,0.986,0.78125,0.78125,0.7133966590239109,0.75,0.9928716904276986,0.78125,0.968,0.032,76500.0,2960.0,10.0
meta.DynamicWeightedMajority -l (trees.HoeffdingTree -e 2000000 -g 100 -c 0.01) -e 10,ArffFileStream -f ./../../../Dataset/Synthetic_IM05/stream_gen_RBF.arff,1,77000.0,3.9375,3.0151568353176136E-9,77000.0,0.966,0.5952380952380952,0.5952380952380952,0.31073629581576384,0.4364357804719847,0.9828629032258065,0.5952380952380952,0.958,0.042,77000.0,2960.0,10.0
meta.DynamicWeightedMajority -l (trees.HoeffdingTree -e 2000000 -g 100 -c 0.01) -e 10,ArffFileStream -f ./../../../Dataset/Synthetic_IM05/stream_gen_RBF.arff,1,77500.0,3.96875,3.039086651470928E-9,77500.0,0.96,0.6153846153846154,0.6153846153846154,0.3625701172870984,0.4803844614152614,0.9797570850202428,0.6153846153846154,0.948,0.052,77500.0,2960.0,10.0
meta.DynamicWeightedMajority -l (trees.HoeffdingTree -e 2000000 -g 100 -c 0.01) -e 10,ArffFileStream -f ./../../../Dataset/Synthetic_IM05/stream_gen_RBF.arff,1,78000.0,3.984375,3.051051559547585E-9,78000.0,0.956,0.6333333333333333,0.6333333333333333,0.4060475161987041,0.5163977794943222,0.9776422764227642,0.6333333333333333,0.94,0.06,78000.0,2960.0,10.0
meta.DynamicWeightedMajority -l (trees.HoeffdingTree -e 2000000 -g 100 -c 0.01) -e 10,ArffFileStream -f ./../../../Dataset/Synthetic_IM05/stream_gen_RBF.arff,1,78500.0,4.015625,3.0749813757008996E-9,78500.0,0.962,0.62,0.62,0.375,0.4898979485566356,0.9807692307692308,0.62,0.95,0.05,78500.0,2960.0,10.0
meta.DynamicWeightedMajority -l (trees.HoeffdingTree -e 2000000 -g 100 -c 0.01) -e 10,ArffFileStream -f ./../../../Dataset/Synthetic_IM05/stream_gen_RBF.arff,1,79000.0,4.03125,3.0869462837775568E-9,79000.0,0.962,0.6346153846153846,0.6346153846153846,0.4112543381259296,0.5188745216627708,0.9807302231237323,0.6346153846153846,0.948,0.052,79000.0,2960.0,10.0
meta.DynamicWeightedMajority -l (trees.HoeffdingTree -e 2000000 -g 100 -c 0.01) -e 10,ArffFileStream -f ./../../../Dataset/Synthetic_IM05/stream_gen_RBF.arff,1,79500.0,4.0625,3.110876099930871E-9,79500.0,0.966,0.575,0.575,0.2530755711775044,0.3872983346207417,0.9828973843058351,0.575,0.96,0.04,79500.0,2960.0,10.0
meta.DynamicWeightedMajority -l (trees.HoeffdingTree -e 2000000 -g 100 -c 0.01) -e 10,ArffFileStream -f ./../../../Dataset/Synthetic_IM05/stream_gen_RBF.arff,1,80000.0,4.078125,3.1228410080075284E-9,80000.0,0.958,0.5625,0.5625,0.2138364779874214,0.3535533905932738,0.9788732394366197,0.5625,0.952,0.048,80000.0,2960.0,10.0
meta.DynamicWeightedMajority -l (trees.HoeffdingTree -e 2000000 -g 100 -c 0.01) -e 10,ArffFileStream -f ./../../../Dataset/Synthetic_IM05/stream_gen_RBF.arff,1,80500.0,4.09375,3.1348059160841856E-9,80500.0,0.948,0.5357142857142857,0.5357142857142857,0.12681354110693177,0.2672612419124244,0.9738955823293173,0.5357142857142857,0.944,0.056,80500.0,2960.0,10.0
meta.DynamicWeightedMajority -l (trees.HoeffdingTree -e 2000000 -g 100 -c 0.01) -e 10,ArffFileStream -f ./../../../Dataset/Synthetic_IM05/stream_gen_RBF.arff,1,81000.0,4.109375,3.1467708241608428E-9,81000.0,0.952,0.5,0.5,0.0,0.0,0.952,0.5,0.952,0.048,81000.0,2960.0,10.0
meta.DynamicWeightedMajority -l (trees.HoeffdingTree -e 2000000 -g 100 -c 0.01) -e 10,ArffFileStream -f ./../../../Dataset/Synthetic_IM05/stream_gen_RBF.arff,1,81500.0,4.140625,3.170700640314157E-9,81500.0,0.94,0.5833333333333334,0.5833333333333333,0.2707117852975496,0.408248290463863,0.9696356275303644,0.5833333333333334,0.928,0.072,81500.0,2960.0,10.0
meta.DynamicWeightedMajority -l (trees.HoeffdingTree -e 2000000 -g 100 -c 0.01) -e 10,ArffFileStream -f ./../../../Dataset/Synthetic_IM05/stream_gen_RBF.arff,1,82000.0,4.15625,3.1826655483908144E-9,82000.0,0.966,0.575,0.575,0.2530755711775044,0.3872983346207417,0.9828973843058351,0.575,0.96,0.04,82000.0,2960.0,10.0
meta.DynamicWeightedMajority -l (trees.HoeffdingTree -e 2000000 -g 100 -c 0.01) -e 10,ArffFileStream -f ./../../../Dataset/Synthetic_IM05/stream_gen_RBF.arff,1,82500.0,4.1875,3.2065953645441288E-9,82500.0,0.966,0.6656162464985994,0.6656162464985995,0.4709982574060244,0.5767434899687108,0.9281511654220411,0.6656162464985994,0.952,0.048,82500.0,2960.0,10.0
meta.DynamicWeightedMajority -l (trees.HoeffdingTree -e 2000000 -g 100 -c 0.01) -e 10,ArffFileStream -f ./../../../Dataset/Synthetic_IM05/stream_gen_RBF.arff,1,83000.0,4.21875,3.230525180697443E-9,83000.0,0.974,0.6904761904761905,0.6904761904761905,0.5410900875458909,0.6172133998483676,0.9867886178861789,0.6904761904761905,0.958,0.042,83000.0,2960.0,10.0
meta.DynamicWeightedMajority -l (trees.HoeffdingTree -e 2000000 -g 100 -c 0.01) -e 10,ArffFileStream -f ./../../../Dataset/Synthetic_IM05/stream_gen_RBF.arff,1,83500.0,4.234375,3.2424900887741004E-9,83500.0,0.968,0.7037037037037037,0.7037037037037037,0.5653591220254265,0.6382847385042254,0.983640081799591,0.7037037037037037,0.946,0.054,83500.0,2960.0,10.0
meta.DynamicWeightedMajority -l (trees.HoeffdingTree -e 2000000 -g 100 -c 0.01) -e 10,ArffFileStream -f ./../../../Dataset/Synthetic_IM05/stream_gen_RBF.arff,1,84000.0,4.25,3.2544549968507576E-9,84000.0,0.972,0.72,0.72,0.5988538681948424,0.6633249580710799,0.9856850715746421,0.72,0.95,0.05,84000.0,2960.0,10.0
meta.DynamicWeightedMajority -l (trees.HoeffdingTree -e 2000000 -g 100 -c 0.01) -e 10,ArffFileStream -f ./../../../Dataset/Synthetic_IM05/stream_gen_RBF.arff,1,84500.0,4.265625,3.2664199049274148E-9,84500.0,0.96,0.6713522219781829,0.6713522219781829,0.48352442929449435,0.5865965122547799,0.9351180516824689,0.6713522219781829,0.942,0.058,84500.0,2960.0,10.0
meta.DynamicWeightedMajority -l (trees.HoeffdingTree -e 2000000 -g 100 -c 0.01) -e 10,ArffFileStream -f ./../../../Dataset/Synthetic_IM05/stream_gen_RBF.arff,1,85000.0,4.296875,3.290349721080729E-9,85000.0,0.964,0.71875,0.71875,0.5928338762214984,0.6614378277661477,0.9814814814814814,0.71875,0.936,0.064,85000.0,2960.0,10.0
meta.DynamicWeightedMajority -l (trees.HoeffdingTree -e 2000000 -g 100 -c 0.01) -e 10,ArffFileStream -f ./../../../Dataset/Synthetic_IM05/stream_gen_RBF.arff,1,85500.0,4.3125,3.3023146291573864E-9,85500.0,0.98,0.8114495798319328,0.8114495798319328,0.7400166389351082,0.7897385483752936,0.959452479338843,0.8114495798319328,0.952,0.048,85500.0,2960.0,10.0
meta.DynamicWeightedMajority -l (trees.HoeffdingTree -e 2000000 -g 100 -c 0.01) -e 10,ArffFileStream -f ./../../../Dataset/Synthetic_IM05/stream_gen_RBF.arff,1,86000.0,4.34375,3.3262444453107008E-9,86000.0,0.976,0.76,0.76,0.6730245231607629,0.7211102550927979,0.9876796714579055,0.76,0.95,0.05,86000.0,2960.0,10.0
meta.DynamicWeightedMajority -l (trees.HoeffdingTree -e 2000000 -g 100 -c 0.01) -e 10,ArffFileStream -f ./../../../Dataset/Synthetic_IM05/stream_gen_RBF.arff,1,86500.0,4.359375,3.338209353387358E-9,86500.0,0.976,0.6470588235294118,0.6470588235294117,0.44598337950138506,0.5423261445466404,0.9878787878787878,0.6470588235294118,0.966,0.034,86500.0,2960.0,10.0
meta.DynamicWeightedMajority -l (trees.HoeffdingTree -e 2000000 -g 100 -c 0.01) -e 10,ArffFileStream -f ./../../../Dataset/Synthetic_IM05/stream_gen_RBF.arff,1,87000.0,4.390625,3.3621391695406724E-9,87000.0,0.966,0.6304347826086957,0.6304347826086957,0.40241844769403823,0.5107539184552492,0.9827935222672064,0.6304347826086957,0.954,0.046,87000.0,2960.0,10.0
meta.DynamicWeightedMajority -l (trees.HoeffdingTree -e 2000000 -g 100 -c 0.01) -e 10,ArffFileStream -f ./../../../Dataset/Synthetic_IM05/stream_gen_RBF.arff,1,87500.0,4.40625,3.3741040776173296E-9,87500.0,0.966,0.575,0.575,0.2530755711775044,0.3872983346207417,0.9828973843058351,0.575,0.96,0.04,87500.0,2960.0,10.0
meta.DynamicWeightedMajority -l (trees.HoeffdingTree -e 2000000 -g 100 -c 0.01) -e 10,ArffFileStream -f ./../../../Dataset/Synthetic_IM05/stream_gen_RBF.arff,1,88000.0,4.421875,3.3860689856939867E-9,88000.0,0.958,0.58,0.5800000000000001,0.26573426573426573,0.4,0.9788306451612903,0.58,0.95,0.05,88000.0,2960.0,10.0
meta.DynamicWeightedMajority -l (trees.HoeffdingTree -e 2000000 -g 100 -c 0.01) -e 10,ArffFileStream -f ./../../../Dataset/Synthetic_IM05/stream_gen_RBF.arff,1,88500.0,4.453125,3.409998801847301E-9,88500.0,0.95,0.6560675883256528,0.6560675883256528,0.44836716681376876,0.5600087776358383,0.9337431693989071,0.6560675883256528,0.93,0.07,88500.0,2960.0,10.0
meta.DynamicWeightedMajority -l (trees.HoeffdingTree -e 2000000 -g 100 -c 0.01) -e 10,ArffFileStream -f ./../../../Dataset/Synthetic_IM05/stream_gen_RBF.arff,1,89000.0,4.484375,3.4339286180006155E-9,89000.0,0.96,0.5652173913043478,0.5652173913043479,0.2225159384232623,0.3611575592573076,0.9798792756539235,0.5652173913043478,0.954,0.046,89000.0,2960.0,10.0
meta.DynamicWeightedMajority -l (trees.HoeffdingTree -e 2000000 -g 100 -c 0.01) -e 10,ArffFileStream -f ./../../../Dataset/Synthetic_IM05/stream_gen_RBF.arff,1,89500.0,4.5,3.4458935260772727E-9,89500.0,0.96,0.5652173913043478,0.5652173913043479,0.2225159384232623,0.3611575592573076,0.9798792756539235,0.5652173913043478,0.954,0.046,89500.0,2960.0,10.0
meta.DynamicWeightedMajority -l (trees.HoeffdingTree -e 2000000 -g 100 -c 0.01) -e 10,ArffFileStream -f ./../../../Dataset/Synthetic_IM05/stream_gen_RBF.arff,1,90000.0,4.53125,3.469823342230587E-9,90000.0,0.952,0.5555555555555556,0.5555555555555556,0.19126566922765872,0.3333333333333333,0.9758551307847083,0.5555555555555556,0.946,0.054,90000.0,2960.0,10.0
meta.DynamicWeightedMajority -l (trees.HoeffdingTree -e 2000000 -g 100 -c 0.01) -e 10,ArffFileStream -f ./../../../Dataset/Synthetic_IM05/stream_gen_RBF.arff,1,90500.0,4.546875,3.4817882503072443E-9,90500.0,0.96,0.5652173913043478,0.5652173913043479,0.2225159384232623,0.3611575592573076,0.9798792756539235,0.5652173913043478,0.954,0.046,90500.0,2960.0,10.0
meta.DynamicWeightedMajority -l (trees.HoeffdingTree -e 2000000 -g 100 -c 0.01) -e 10,ArffFileStream -f ./../../../Dataset/Synthetic_IM05/stream_gen_RBF.arff,1,91000.0,4.5625,3.4937531583839015E-9,91000.0,0.958,0.625,0.625,0.3862520458265139,0.5,0.9787018255578093,0.625,0.944,0.056,91000.0,2960.0,10.0
meta.DynamicWeightedMajority -l (trees.HoeffdingTree -e 2000000 -g 100 -c 0.01) -e 10,ArffFileStream -f ./../../../Dataset/Synthetic_IM05/stream_gen_RBF.arff,1,91500.0,4.59375,3.517682974537216E-9,91500.0,0.95,0.5,0.5,0.0,0.0,0.95,0.5,0.95,0.05,91500.0,2960.0,10.0
meta.DynamicWeightedMajority -l (trees.HoeffdingTree -e 2000000 -g 100 -c 0.01) -e 10,ArffFileStream -f ./../../../Dataset/Synthetic_IM05/stream_gen_RBF.arff,1,92000.0,4.609375,3.529647882613873E-9,92000.0,0.952,0.5,0.5,0.0,0.0,0.952,0.5,0.952,0.048,92000.0,2960.0,10.0
meta.DynamicWeightedMajority -l (trees.HoeffdingTree -e 2000000 -g 100 -c 0.01) -e 10,ArffFileStream -f ./../../../Dataset/Synthetic_IM05/stream_gen_RBF.arff,1,92500.0,4.625,3.5416127906905303E-9,92500.0,0.966,0.5,0.5,0.0,0.0,0.966,0.5,0.966,0.034,92500.0,2960.0,10.0
meta.DynamicWeightedMajority -l (trees.HoeffdingTree -e 2000000 -g 100 -c 0.01) -e 10,ArffFileStream -f ./../../../Dataset/Synthetic_IM05/stream_gen_RBF.arff,1,93000.0,4.65625,3.5655426068438447E-9,93000.0,0.95,0.4989495798319328,0.4989495798319328,-0.0038548024413748794,0.0,0.4759519038076152,0.4989495798319328,0.952,0.048,93000.0,2960.0,10.0
meta.DynamicWeightedMajority -l (trees.HoeffdingTree -e 2000000 -g 100 -c 0.01) -e 10,ArffFileStream -f ./../../../Dataset/Synthetic_IM05/stream_gen_RBF.arff,1,93500.0,4.6875,3.589472422997159E-9,93500.0,0.948,0.5,0.5,0.0,0.0,0.948,0.5,0.948,0.052,93500.0,2960.0,10.0
meta.DynamicWeightedMajority -l (trees.HoeffdingTree -e 2000000 -g 100 -c 0.01) -e 10,ArffFileStream -f ./../../../Dataset/Synthetic_IM05/stream_gen_RBF.arff,1,94000.0,4.703125,3.6014373310738163E-9,94000.0,0.98,0.5454545454545454,0.5454545454545454,0.16359986617597858,0.30151134457776363,0.9899799599198397,0.5454545454545454,0.978,0.022,94000.0,2960.0,10.0
meta.DynamicWeightedMajority -l (trees.HoeffdingTree -e 2000000 -g 100 -c 0.01) -e 10,ArffFileStream -f ./../../../Dataset/Synthetic_IM05/stream_gen_RBF.arff,1,94500.0,4.734375,3.6253671472271307E-9,94500.0,0.958,0.5434782608695652,0.5434782608695652,0.15377176015473887,0.29488391230979427,0.9789156626506024,0.5434782608695652,0.954,0.046,94500.0,2960.0,10.0
meta.DynamicWeightedMajority -l (trees.HoeffdingTree -e 2000000 -g 100 -c 0.01) -e 10,ArffFileStream -f ./../../../Dataset/Synthetic_IM05/stream_gen_RBF.arff,1,95000.0,4.75,3.637332055303788E-9,95000.0,0.952,0.6666666666666666,0.6666666666666667,0.48132780082987553,0.5773502691896257,0.9754098360655737,0.6666666666666666,0.928,0.072,95000.0,2960.0,10.0
meta.DynamicWeightedMajority -l (trees.HoeffdingTree -e 2000000 -g 100 -c 0.01) -e 10,ArffFileStream -f ./../../../Dataset/Synthetic_IM05/stream_gen_RBF.arff,1,95500.0,4.78125,3.6612618714571023E-9,95500.0,0.98,0.7826086956521738,0.782608695652174,0.7126767038271463,0.7518094115561123,0.9897330595482546,0.7826086956521738,0.954,0.046,95500.0,2960.0,10.0
meta.DynamicWeightedMajority -l (trees.HoeffdingTree -e 2000000 -g 100 -c 0.01) -e 10,ArffFileStream -f ./../../../Dataset/Synthetic_IM05/stream_gen_RBF.arff,1,96000.0,4.8125,3.6851916876104167E-9,96000.0,0.964,0.6666666666666666,0.6666666666666667,0.48612538540596095,0.5773502691896257,0.9816700610997964,0.6666666666666666,0.946,0.054,96000.0,2960.0,10.0
meta.DynamicWeightedMajority -l (trees.HoeffdingTree -e 2000000 -g 100 -c 0.01) -e 10,ArffFileStream -f ./../../../Dataset/Synthetic_IM05/stream_gen_RBF.arff,1,96500.0,4.828125,3.697156595687074E-9,96500.0,0.958,0.5961538461538461,0.5961538461538461,0.3110236220472441,0.4385290096535146,0.9787878787878788,0.5961538461538461,0.948,0.052,96500.0,2960.0,10.0
meta.DynamicWeightedMajority -l (trees.HoeffdingTree -e 2000000 -g 100 -c 0.01) -e 10,ArffFileStream -f ./../../../Dataset/Synthetic_IM05/stream_gen_RBF.arff,1,97000.0,4.859375,3.7210864118403883E-9,97000.0,0.956,0.56,0.56,0.20577617328519857,0.34641016151377546,0.9778672032193159,0.56,0.95,0.05,97000.0,2960.0,10.0
meta.DynamicWeightedMajority -l (trees.HoeffdingTree -e 2000000 -g 100 -c 0.01) -e 10,ArffFileStream -f ./../../../Dataset/Synthetic_IM05/stream_gen_RBF.arff,1,97500.0,4.875,3.733051319917045E-9,97500.0,0.956,0.6071428571428571,0.6071428571428572,0.3398943831012962,0.4629100498862757,0.9777327935222673,0.6071428571428571,0.944,0.056,97500.0,2960.0,10.0
meta.DynamicWeightedMajority -l (trees.HoeffdingTree -e 2000000 -g 100 -c 0.01) -e 10,ArffFileStream -f ./../../../Dataset/Synthetic_IM05/stream_gen_RBF.arff,1,98000.0,4.90625,3.7569811360703595E-9,98000.0,0.954,0.603448275862069,0.603448275862069,0.3295242537313433,0.454858826147342,0.9767206477732793,0.603448275862069,0.942,0.058,98000.0,2960.0,10.0
meta.DynamicWeightedMajority -l (trees.HoeffdingTree -e 2000000 -g 100 -c 0.01) -e 10,ArffFileStream -f ./../../../Dataset/Synthetic_IM05/stream_gen_RBF.arff,1,98500.0,4.921875,3.768946044147016E-9,98500.0,0.95,0.5833333333333334,0.5833333333333333,0.27325581395348836,0.408248290463863,0.9747474747474747,0.5833333333333334,0.94,0.06,98500.0,2960.0,10.0
meta.DynamicWeightedMajority -l (trees.HoeffdingTree -e 2000000 -g 100 -c 0.01) -e 10,ArffFileStream -f ./../../../Dataset/Synthetic_IM05/stream_gen_RBF.arff,1,99000.0,4.953125,3.792875860300331E-9,99000.0,0.962,0.6041666666666666,0.6041666666666667,0.3338008415147265,0.45643546458763845,0.9808080808080808,0.6041666666666666,0.952,0.048,99000.0,2960.0,10.0
meta.DynamicWeightedMajority -l (trees.HoeffdingTree -e 2000000 -g 100 -c 0.01) -e 10,ArffFileStream -f ./../../../Dataset/Synthetic_IM05/stream_gen_RBF.arff,1,99500.0,4.984375,3.816805676453645E-9,99500.0,0.97,0.7660662122687438,0.7660662122687438,0.6362048894062864,0.7314735497889829,0.8993423456339057,0.7660662122687438,0.948,0.052,99500.0,2960.0,10.0
meta.DynamicWeightedMajority -l (trees.HoeffdingTree -e 2000000 -g 100 -c 0.01) -e 10,ArffFileStream -f ./../../../Dataset/Synthetic_IM05/stream_gen_RBF.arff,1,100000.0,5.0,3.828770584530302E-9,100000.0,0.98,0.8239905204630389,0.823990520463039,0.7398272452908732,0.8058780498485998,0.9328948970892705,0.8239905204630389,0.954,0.046,100000.0,2960.0,10.0
