Learner,stream,randomSeed,learning evaluation instances,evaluation time (cpu seconds),model cost (RAM-Hours),classified instances,Accuracy,AvgAccuracy,AUC,Kappa,G-Mean,Precision,Recall,Ratio-Class-0,Ratio-Class-1,model training instances,model serialized size (bytes)
meta.imbalanced.OnlineUnderOverBagging -l (trees.HoeffdingTree -e 2000000 -g 100 -c 0.01),ArffFileStream -f ./../../../Dataset/Synthetic_IM50/stream_gen_hyperplane.arff,1,500.0,0.21875,1.6660326057010225E-10,500.0,0.736,0.7155126573099793,0.7155126573099793,0.447689501079516,0.6726608707195717,0.7949888616864069,0.7155126573099793,0.458,0.542,500.0,2944.0
meta.imbalanced.OnlineUnderOverBagging -l (trees.HoeffdingTree -e 2000000 -g 100 -c 0.01),ArffFileStream -f ./../../../Dataset/Synthetic_IM50/stream_gen_hyperplane.arff,1,1000.0,0.40625,3.094060553444756E-10,1000.0,0.822,0.8295076433428172,0.8295076433428171,0.6482102200860106,0.8221273202864875,0.8384683970675649,0.8295076433428172,0.534,0.466,1000.0,2944.0
meta.imbalanced.OnlineUnderOverBagging -l (trees.HoeffdingTree -e 2000000 -g 100 -c 0.01),ArffFileStream -f ./../../../Dataset/Synthetic_IM50/stream_gen_hyperplane.arff,1,1500.0,0.53125,4.046079185273912E-10,1500.0,0.836,0.8384029200819672,0.8384029200819673,0.6734420797757105,0.832403212140587,0.8500596184419714,0.8384029200819672,0.512,0.488,1500.0,2944.0
meta.imbalanced.OnlineUnderOverBagging -l (trees.HoeffdingTree -e 2000000 -g 100 -c 0.01),ArffFileStream -f ./../../../Dataset/Synthetic_IM50/stream_gen_hyperplane.arff,1,2000.0,0.65625,4.998097817103068E-10,2000.0,0.854,0.854,0.854,0.708,0.8463568987135391,0.8734114192165533,0.854,0.5,0.5,2000.0,2944.0
meta.imbalanced.OnlineUnderOverBagging -l (trees.HoeffdingTree -e 2000000 -g 100 -c 0.01),ArffFileStream -f ./../../../Dataset/Synthetic_IM50/stream_gen_hyperplane.arff,1,2500.0,0.78125,5.950116448932223E-10,2500.0,0.818,0.818,0.818,0.636,0.808237588831403,0.8395636500316073,0.818,0.5,0.5,2500.0,2944.0
meta.imbalanced.OnlineUnderOverBagging -l (trees.HoeffdingTree -e 2000000 -g 100 -c 0.01),ArffFileStream -f ./../../../Dataset/Synthetic_IM50/stream_gen_hyperplane.arff,1,3000.0,0.90625,6.902135080761379E-10,3000.0,0.832,0.8329493087557605,0.8329493087557605,0.6646224607129169,0.824453456723997,0.8518668831168832,0.8329493087557605,0.504,0.496,3000.0,2944.0
meta.imbalanced.OnlineUnderOverBagging -l (trees.HoeffdingTree -e 2000000 -g 100 -c 0.01),ArffFileStream -f ./../../../Dataset/Synthetic_IM50/stream_gen_hyperplane.arff,1,3500.0,1.03125,7.854153712590535E-10,3500.0,0.844,0.8375286775440791,0.8375286775440791,0.6833233187716192,0.8282311599874927,0.8661480359908804,0.8375286775440791,0.474,0.526,3500.0,2944.0
meta.imbalanced.OnlineUnderOverBagging -l (trees.HoeffdingTree -e 2000000 -g 100 -c 0.01),ArffFileStream -f ./../../../Dataset/Synthetic_IM50/stream_gen_hyperplane.arff,1,4000.0,1.171875,8.925174673398335E-10,4000.0,0.838,0.8401360544217686,0.8401360544217688,0.6772908366533864,0.8333197277800898,0.8541666666666667,0.8401360544217686,0.51,0.49,4000.0,2944.0
meta.imbalanced.OnlineUnderOverBagging -l (trees.HoeffdingTree -e 2000000 -g 100 -c 0.01),ArffFileStream -f ./../../../Dataset/Synthetic_IM50/stream_gen_hyperplane.arff,1,4500.0,1.28125,9.758190976248846E-10,4500.0,0.836,0.834632187034933,0.834632187034933,0.6710684658954158,0.8268122163197106,0.8543181009505414,0.834632187034933,0.494,0.506,4500.0,2944.0
meta.imbalanced.OnlineUnderOverBagging -l (trees.HoeffdingTree -e 2000000 -g 100 -c 0.01),ArffFileStream -f ./../../../Dataset/Synthetic_IM50/stream_gen_hyperplane.arff,1,5000.0,1.375,1.0472204950120713E-9,5000.0,0.842,0.8428379416282643,0.8428379416282642,0.6845148717293377,0.8363042280801658,0.8577021319220688,0.8428379416282643,0.504,0.496,5000.0,2944.0
meta.imbalanced.OnlineUnderOverBagging -l (trees.HoeffdingTree -e 2000000 -g 100 -c 0.01),ArffFileStream -f ./../../../Dataset/Synthetic_IM50/stream_gen_hyperplane.arff,1,5500.0,1.453125,1.1067216595013936E-9,5500.0,0.846,0.8619868637110016,0.8619868637110016,0.6960846226712978,0.85617624752785,0.8552264780289724,0.8619868637110016,0.58,0.42,5500.0,2944.0
meta.imbalanced.OnlineUnderOverBagging -l (trees.HoeffdingTree -e 2000000 -g 100 -c 0.01),ArffFileStream -f ./../../../Dataset/Synthetic_IM50/stream_gen_hyperplane.arff,1,6000.0,1.53125,1.1662228239907158E-9,6000.0,0.852,0.8541016406562625,0.8541016406562625,0.7051557893059208,0.847612752942982,0.8681009667382154,0.8541016406562625,0.51,0.49,6000.0,2944.0
meta.imbalanced.OnlineUnderOverBagging -l (trees.HoeffdingTree -e 2000000 -g 100 -c 0.01),ArffFileStream -f ./../../../Dataset/Synthetic_IM50/stream_gen_hyperplane.arff,1,6500.0,1.609375,1.225723988480038E-9,6500.0,0.852,0.852429638874222,0.852429638874222,0.7042507953255639,0.8456355252655043,0.8690087282839959,0.852429638874222,0.502,0.498,6500.0,2944.0
meta.imbalanced.OnlineUnderOverBagging -l (trees.HoeffdingTree -e 2000000 -g 100 -c 0.01),ArffFileStream -f ./../../../Dataset/Synthetic_IM50/stream_gen_hyperplane.arff,1,7000.0,1.6875,1.2852251529693603E-9,7000.0,0.84,0.838536749291898,0.838536749291898,0.6790293848598161,0.8296234758106069,0.8614409458235807,0.838536749291898,0.494,0.506,7000.0,2944.0
meta.imbalanced.OnlineUnderOverBagging -l (trees.HoeffdingTree -e 2000000 -g 100 -c 0.01),ArffFileStream -f ./../../../Dataset/Synthetic_IM50/stream_gen_hyperplane.arff,1,7500.0,1.78125,1.356626550356547E-9,7500.0,0.822,0.8220000000000001,0.8220000000000001,0.644,0.8096418961491556,0.8502497432952192,0.8220000000000001,0.5,0.5,7500.0,2944.0
meta.imbalanced.OnlineUnderOverBagging -l (trees.HoeffdingTree -e 2000000 -g 100 -c 0.01),ArffFileStream -f ./../../../Dataset/Synthetic_IM50/stream_gen_hyperplane.arff,1,8000.0,1.859375,1.4161277148458692E-9,8000.0,0.816,0.81644506312101,0.81644506312101,0.6323235552713612,0.8088278353515511,0.8325346784363178,0.81644506312101,0.502,0.498,8000.0,2944.0
meta.imbalanced.OnlineUnderOverBagging -l (trees.HoeffdingTree -e 2000000 -g 100 -c 0.01),ArffFileStream -f ./../../../Dataset/Synthetic_IM50/stream_gen_hyperplane.arff,1,8500.0,1.9375,1.4756288793351914E-9,8500.0,0.812,0.8153846153846154,0.8153846153846154,0.6261533566656061,0.8109823103448729,0.8215476112672374,0.8153846153846154,0.52,0.48,8500.0,2944.0
meta.imbalanced.OnlineUnderOverBagging -l (trees.HoeffdingTree -e 2000000 -g 100 -c 0.01),ArffFileStream -f ./../../../Dataset/Synthetic_IM50/stream_gen_hyperplane.arff,1,9000.0,2.03125,1.547030276722378E-9,9000.0,0.858,0.8604105618805143,0.8604105618805142,0.7172035815568939,0.8560926289590728,0.868645178197065,0.8604105618805143,0.514,0.486,9000.0,2944.0
meta.imbalanced.OnlineUnderOverBagging -l (trees.HoeffdingTree -e 2000000 -g 100 -c 0.01),ArffFileStream -f ./../../../Dataset/Synthetic_IM50/stream_gen_hyperplane.arff,1,9500.0,2.125,1.6184316741095648E-9,9500.0,0.834,0.8348374295954941,0.8348374295954941,0.6685409411839878,0.8282486967921164,0.8493547471577154,0.8348374295954941,0.504,0.496,9500.0,2944.0
meta.imbalanced.OnlineUnderOverBagging -l (trees.HoeffdingTree -e 2000000 -g 100 -c 0.01),ArffFileStream -f ./../../../Dataset/Synthetic_IM50/stream_gen_hyperplane.arff,1,10000.0,2.203125,1.677932838598887E-9,10000.0,0.874,0.8752160553101593,0.8752160553101593,0.7485632183908046,0.8719097533656861,0.8826193390452877,0.8752160553101593,0.508,0.492,10000.0,2944.0
meta.imbalanced.OnlineUnderOverBagging -l (trees.HoeffdingTree -e 2000000 -g 100 -c 0.01),ArffFileStream -f ./../../../Dataset/Synthetic_IM50/stream_gen_hyperplane.arff,1,10500.0,2.296875,1.7493342359860737E-9,10500.0,0.866,0.8642256902761104,0.8642256902761104,0.7309669129457115,0.8596601690450111,0.8780151505083393,0.8642256902761104,0.49,0.51,10500.0,2944.0
meta.imbalanced.OnlineUnderOverBagging -l (trees.HoeffdingTree -e 2000000 -g 100 -c 0.01),ArffFileStream -f ./../../../Dataset/Synthetic_IM50/stream_gen_hyperplane.arff,1,11000.0,2.40625,1.8326358662711248E-9,11000.0,0.834,0.834437350997616,0.834437350997616,0.668286600377274,0.8272429808074461,0.8507988721804511,0.834437350997616,0.502,0.498,11000.0,2944.0
meta.imbalanced.OnlineUnderOverBagging -l (trees.HoeffdingTree -e 2000000 -g 100 -c 0.01),ArffFileStream -f ./../../../Dataset/Synthetic_IM50/stream_gen_hyperplane.arff,1,11500.0,2.484375,1.8921370307604472E-9,11500.0,0.842,0.8371212121212122,0.8371212121212122,0.6802033744616082,0.8325754129097365,0.8518788427066057,0.8371212121212122,0.472,0.528,11500.0,2944.0
meta.imbalanced.OnlineUnderOverBagging -l (trees.HoeffdingTree -e 2000000 -g 100 -c 0.01),ArffFileStream -f ./../../../Dataset/Synthetic_IM50/stream_gen_hyperplane.arff,1,12000.0,2.578125,1.963538428147634E-9,12000.0,0.858,0.8567153191216952,0.8567153191216952,0.715216275189321,0.8529444551941078,0.8674960017147285,0.8567153191216952,0.492,0.508,12000.0,2944.0
meta.imbalanced.OnlineUnderOverBagging -l (trees.HoeffdingTree -e 2000000 -g 100 -c 0.01),ArffFileStream -f ./../../../Dataset/Synthetic_IM50/stream_gen_hyperplane.arff,1,12500.0,2.65625,2.0230395926369564E-9,12500.0,0.818,0.8206033530287745,0.8206033530287746,0.6377042392585279,0.8153190542392599,0.8296562170706007,0.8206033530287745,0.514,0.486,12500.0,2944.0
meta.imbalanced.OnlineUnderOverBagging -l (trees.HoeffdingTree -e 2000000 -g 100 -c 0.01),ArffFileStream -f ./../../../Dataset/Synthetic_IM50/stream_gen_hyperplane.arff,1,13000.0,2.75,2.094440990024143E-9,13000.0,0.858,0.8572708653353814,0.8572708653353814,0.7155722206198122,0.8524121672150041,0.8703371979234048,0.8572708653353814,0.496,0.504,13000.0,2944.0
meta.imbalanced.OnlineUnderOverBagging -l (trees.HoeffdingTree -e 2000000 -g 100 -c 0.01),ArffFileStream -f ./../../../Dataset/Synthetic_IM50/stream_gen_hyperplane.arff,1,13500.0,2.828125,2.1539421545134655E-9,13500.0,0.846,0.8444561807822802,0.8444561807822804,0.6909913959162707,0.8389256056528409,0.8593215245663534,0.8444561807822802,0.492,0.508,13500.0,2944.0
meta.imbalanced.OnlineUnderOverBagging -l (trees.HoeffdingTree -e 2000000 -g 100 -c 0.01),ArffFileStream -f ./../../../Dataset/Synthetic_IM50/stream_gen_hyperplane.arff,1,14000.0,2.90625,2.213443319002788E-9,14000.0,0.832,0.8292136270491803,0.8292136270491803,0.66198815348957,0.8210458519373973,0.8505864702673214,0.8292136270491803,0.488,0.512,14000.0,2944.0
meta.imbalanced.OnlineUnderOverBagging -l (trees.HoeffdingTree -e 2000000 -g 100 -c 0.01),ArffFileStream -f ./../../../Dataset/Synthetic_IM50/stream_gen_hyperplane.arff,1,14500.0,3.0,2.2848447163899746E-9,14500.0,0.864,0.864,0.864,0.728,0.8606509164580027,0.872608752620545,0.864,0.5,0.5,14500.0,2944.0
meta.imbalanced.OnlineUnderOverBagging -l (trees.HoeffdingTree -e 2000000 -g 100 -c 0.01),ArffFileStream -f ./../../../Dataset/Synthetic_IM50/stream_gen_hyperplane.arff,1,15000.0,3.078125,2.344345880879297E-9,15000.0,0.858,0.8658808152200222,0.8658808152200222,0.7186915591619386,0.8616332011063511,0.8667507763975155,0.8658808152200222,0.546,0.454,15000.0,2944.0
meta.imbalanced.OnlineUnderOverBagging -l (trees.HoeffdingTree -e 2000000 -g 100 -c 0.01),ArffFileStream -f ./../../../Dataset/Synthetic_IM50/stream_gen_hyperplane.arff,1,15500.0,3.15625,2.4038470453686195E-9,15500.0,0.836,0.8387856079166066,0.8387856079166066,0.6736448300565152,0.8328648344387201,0.8498553121124433,0.8387856079166066,0.514,0.486,15500.0,2944.0
meta.imbalanced.OnlineUnderOverBagging -l (trees.HoeffdingTree -e 2000000 -g 100 -c 0.01),ArffFileStream -f ./../../../Dataset/Synthetic_IM50/stream_gen_hyperplane.arff,1,16000.0,3.234375,2.463348209857942E-9,16000.0,0.868,0.8699479791916767,0.8699479791916767,0.7369469908330012,0.8644784145203793,0.882182720132286,0.8699479791916767,0.51,0.49,16000.0,2944.0
meta.imbalanced.OnlineUnderOverBagging -l (trees.HoeffdingTree -e 2000000 -g 100 -c 0.01),ArffFileStream -f ./../../../Dataset/Synthetic_IM50/stream_gen_hyperplane.arff,1,16500.0,3.34375,2.546649840142993E-9,16500.0,0.832,0.8371928924241452,0.8371928924241453,0.66694157203578,0.8301734089309393,0.8482048224695283,0.8371928924241452,0.524,0.476,16500.0,2944.0
meta.imbalanced.OnlineUnderOverBagging -l (trees.HoeffdingTree -e 2000000 -g 100 -c 0.01),ArffFileStream -f ./../../../Dataset/Synthetic_IM50/stream_gen_hyperplane.arff,1,17000.0,3.4375,2.6180512375301795E-9,17000.0,0.842,0.8447342716689885,0.8447342716689885,0.6855496115144567,0.8390708952969291,0.8554751997886534,0.8447342716689885,0.514,0.486,17000.0,2944.0
meta.imbalanced.OnlineUnderOverBagging -l (trees.HoeffdingTree -e 2000000 -g 100 -c 0.01),ArffFileStream -f ./../../../Dataset/Synthetic_IM50/stream_gen_hyperplane.arff,1,17500.0,3.5,2.6656521691216373E-9,17500.0,0.854,0.845348780998727,0.845348780998727,0.7013777530516739,0.839051534028745,0.8686020913593836,0.845348780998727,0.458,0.542,17500.0,2944.0
meta.imbalanced.OnlineUnderOverBagging -l (trees.HoeffdingTree -e 2000000 -g 100 -c 0.01),ArffFileStream -f ./../../../Dataset/Synthetic_IM50/stream_gen_hyperplane.arff,1,18000.0,3.5625,2.713253100713095E-9,18000.0,0.856,0.8573714614904546,0.8573714614904547,0.7127583180403734,0.8497199370686139,0.8754939050021018,0.8573714614904546,0.506,0.494,18000.0,2944.0
meta.imbalanced.OnlineUnderOverBagging -l (trees.HoeffdingTree -e 2000000 -g 100 -c 0.01),ArffFileStream -f ./../../../Dataset/Synthetic_IM50/stream_gen_hyperplane.arff,1,18500.0,3.640625,2.7727542652024175E-9,18500.0,0.85,0.8591919191919192,0.8591919191919191,0.7033227848101266,0.8542608595514699,0.8601173115561604,0.8591919191919192,0.55,0.45,18500.0,2944.0
meta.imbalanced.OnlineUnderOverBagging -l (trees.HoeffdingTree -e 2000000 -g 100 -c 0.01),ArffFileStream -f ./../../../Dataset/Synthetic_IM50/stream_gen_hyperplane.arff,1,19000.0,3.71875,2.83225542969174E-9,19000.0,0.858,0.8509068378956854,0.8509068378956854,0.7107235984354628,0.8457728750816909,0.8702037351443124,0.8509068378956854,0.462,0.538,19000.0,2944.0
meta.imbalanced.OnlineUnderOverBagging -l (trees.HoeffdingTree -e 2000000 -g 100 -c 0.01),ArffFileStream -f ./../../../Dataset/Synthetic_IM50/stream_gen_hyperplane.arff,1,19500.0,3.78125,2.8798563612831978E-9,19500.0,0.852,0.8490816800371492,0.8490816800371491,0.7020981948760889,0.8426604892439803,0.8679347184013773,0.8490816800371492,0.486,0.514,19500.0,2944.0
meta.imbalanced.OnlineUnderOverBagging -l (trees.HoeffdingTree -e 2000000 -g 100 -c 0.01),ArffFileStream -f ./../../../Dataset/Synthetic_IM50/stream_gen_hyperplane.arff,1,20000.0,3.875,2.9512577586703845E-9,20000.0,0.856,0.8497525865946918,0.8497525865946919,0.7075073123171921,0.8441271274443497,0.8696095076400678,0.8497525865946918,0.468,0.532,20000.0,2944.0
meta.imbalanced.OnlineUnderOverBagging -l (trees.HoeffdingTree -e 2000000 -g 100 -c 0.01),ArffFileStream -f ./../../../Dataset/Synthetic_IM50/stream_gen_hyperplane.arff,1,20500.0,3.953125,3.010758923159707E-9,20500.0,0.816,0.8192182671214232,0.8192182671214233,0.6341715576338852,0.8111151581094861,0.8339783216900369,0.8192182671214232,0.514,0.486,20500.0,2944.0
meta.imbalanced.OnlineUnderOverBagging -l (trees.HoeffdingTree -e 2000000 -g 100 -c 0.01),ArffFileStream -f ./../../../Dataset/Synthetic_IM50/stream_gen_hyperplane.arff,1,21000.0,4.03125,3.0702600876490293E-9,21000.0,0.896,0.8979434941379973,0.8979434941379973,0.7926370190773943,0.8958872008292386,0.9012337704282669,0.8979434941379973,0.516,0.484,21000.0,2944.0
meta.imbalanced.OnlineUnderOverBagging -l (trees.HoeffdingTree -e 2000000 -g 100 -c 0.01),ArffFileStream -f ./../../../Dataset/Synthetic_IM50/stream_gen_hyperplane.arff,1,21500.0,4.078125,3.105960786342623E-9,21500.0,0.844,0.8382308148575642,0.8382308148575642,0.6839392515033146,0.8279124409762251,0.8690419968165679,0.8382308148575642,0.478,0.522,21500.0,2944.0
meta.imbalanced.OnlineUnderOverBagging -l (trees.HoeffdingTree -e 2000000 -g 100 -c 0.01),ArffFileStream -f ./../../../Dataset/Synthetic_IM50/stream_gen_hyperplane.arff,1,22000.0,4.15625,3.1654619508319453E-9,22000.0,0.85,0.8467998911146339,0.8467998911146338,0.6979022331066929,0.8390518114077972,0.8692375886524822,0.8467998911146339,0.486,0.514,22000.0,2944.0
meta.imbalanced.OnlineUnderOverBagging -l (trees.HoeffdingTree -e 2000000 -g 100 -c 0.01),ArffFileStream -f ./../../../Dataset/Synthetic_IM50/stream_gen_hyperplane.arff,1,22500.0,4.25,3.236863348219132E-9,22500.0,0.838,0.8383734139746236,0.8383734139746236,0.676238288619576,0.8331597124691662,0.8502252252252251,0.8383734139746236,0.502,0.498,22500.0,2944.0
meta.imbalanced.OnlineUnderOverBagging -l (trees.HoeffdingTree -e 2000000 -g 100 -c 0.01),ArffFileStream -f ./../../../Dataset/Synthetic_IM50/stream_gen_hyperplane.arff,1,23000.0,4.3125,3.2844642798105898E-9,23000.0,0.832,0.836698717948718,0.836698717948718,0.6667724531894637,0.8284117488550158,0.8513612950699043,0.836698717948718,0.52,0.48,23000.0,2944.0
meta.imbalanced.OnlineUnderOverBagging -l (trees.HoeffdingTree -e 2000000 -g 100 -c 0.01),ArffFileStream -f ./../../../Dataset/Synthetic_IM50/stream_gen_hyperplane.arff,1,23500.0,4.390625,3.3439654442999122E-9,23500.0,0.834,0.8336853389654234,0.8336853389654235,0.6677873839257125,0.8299656748856207,0.8424466338259442,0.8336853389654234,0.498,0.502,23500.0,2944.0
meta.imbalanced.OnlineUnderOverBagging -l (trees.HoeffdingTree -e 2000000 -g 100 -c 0.01),ArffFileStream -f ./../../../Dataset/Synthetic_IM50/stream_gen_hyperplane.arff,1,24000.0,4.46875,3.4034666087892347E-9,24000.0,0.88,0.8758740137276284,0.8758740137276284,0.7575796754799923,0.8716458581446112,0.8919660177938324,0.8758740137276284,0.476,0.524,24000.0,2944.0
meta.imbalanced.OnlineUnderOverBagging -l (trees.HoeffdingTree -e 2000000 -g 100 -c 0.01),ArffFileStream -f ./../../../Dataset/Synthetic_IM50/stream_gen_hyperplane.arff,1,24500.0,4.546875,3.462967773278557E-9,24500.0,0.864,0.8622649059623849,0.8622649059623849,0.7269734200594234,0.857889497403892,0.8753877029739099,0.8622649059623849,0.49,0.51,24500.0,2944.0
meta.imbalanced.OnlineUnderOverBagging -l (trees.HoeffdingTree -e 2000000 -g 100 -c 0.01),ArffFileStream -f ./../../../Dataset/Synthetic_IM50/stream_gen_hyperplane.arff,1,25000.0,4.640625,3.534369170665744E-9,25000.0,0.842,0.8415734651754428,0.8415734651754428,0.6837267399032765,0.834790482697545,0.8582841031149302,0.8415734651754428,0.498,0.502,25000.0,2944.0
meta.imbalanced.OnlineUnderOverBagging -l (trees.HoeffdingTree -e 2000000 -g 100 -c 0.01),ArffFileStream -f ./../../../Dataset/Synthetic_IM50/stream_gen_hyperplane.arff,1,25500.0,4.75,3.617670800950795E-9,25500.0,0.832,0.8324133186130978,0.8324133186130979,0.6642739524547969,0.825975130230113,0.8468421843436451,0.8324133186130978,0.502,0.498,25500.0,2944.0
meta.imbalanced.OnlineUnderOverBagging -l (trees.HoeffdingTree -e 2000000 -g 100 -c 0.01),ArffFileStream -f ./../../../Dataset/Synthetic_IM50/stream_gen_hyperplane.arff,1,26000.0,4.84375,3.689072198337982E-9,26000.0,0.86,0.8650604734945959,0.8650604734945959,0.7217629102009667,0.8622005174973044,0.8660023219814241,0.8650604734945959,0.536,0.464,26000.0,2944.0
meta.imbalanced.OnlineUnderOverBagging -l (trees.HoeffdingTree -e 2000000 -g 100 -c 0.01),ArffFileStream -f ./../../../Dataset/Synthetic_IM50/stream_gen_hyperplane.arff,1,26500.0,4.953125,3.772373828623033E-9,26500.0,0.842,0.8413658474142345,0.8413658474142346,0.683584863340703,0.8376233659741151,0.8507785396011115,0.8413658474142345,0.496,0.504,26500.0,2944.0
meta.imbalanced.OnlineUnderOverBagging -l (trees.HoeffdingTree -e 2000000 -g 100 -c 0.01),ArffFileStream -f ./../../../Dataset/Synthetic_IM50/stream_gen_hyperplane.arff,1,27000.0,5.015625,3.819974760214491E-9,27000.0,0.81,0.8079631852741096,0.8079631852741097,0.6183512775188815,0.8015191658277896,0.8229054779806659,0.8079631852741096,0.49,0.51,27000.0,2944.0
meta.imbalanced.OnlineUnderOverBagging -l (trees.HoeffdingTree -e 2000000 -g 100 -c 0.01),ArffFileStream -f ./../../../Dataset/Synthetic_IM50/stream_gen_hyperplane.arff,1,27500.0,5.109375,3.891376157601678E-9,27500.0,0.82,0.8213182698308557,0.8213182698308555,0.6409135160152571,0.8139382036355737,0.8363907456735521,0.8213182698308557,0.506,0.494,27500.0,2944.0
meta.imbalanced.OnlineUnderOverBagging -l (trees.HoeffdingTree -e 2000000 -g 100 -c 0.01),ArffFileStream -f ./../../../Dataset/Synthetic_IM50/stream_gen_hyperplane.arff,1,28000.0,5.171875,3.938977089193136E-9,28000.0,0.85,0.8432835820895522,0.8432835820895522,0.694814284319151,0.838108210873947,0.8616462495128687,0.8432835820895522,0.464,0.536,28000.0,2944.0
meta.imbalanced.OnlineUnderOverBagging -l (trees.HoeffdingTree -e 2000000 -g 100 -c 0.01),ArffFileStream -f ./../../../Dataset/Synthetic_IM50/stream_gen_hyperplane.arff,1,28500.0,5.25,3.998478253682458E-9,28500.0,0.834,0.8249328119216595,0.8249328119216595,0.6605705686056402,0.8162600295231688,0.8522751064275247,0.8249328119216595,0.462,0.538,28500.0,2944.0
meta.imbalanced.OnlineUnderOverBagging -l (trees.HoeffdingTree -e 2000000 -g 100 -c 0.01),ArffFileStream -f ./../../../Dataset/Synthetic_IM50/stream_gen_hyperplane.arff,1,29000.0,5.328125,4.057979418171781E-9,29000.0,0.836,0.842899332306112,0.842899332306112,0.6757765546909597,0.8338467858363519,0.8572814235065891,0.842899332306112,0.528,0.472,29000.0,2944.0
meta.imbalanced.OnlineUnderOverBagging -l (trees.HoeffdingTree -e 2000000 -g 100 -c 0.01),ArffFileStream -f ./../../../Dataset/Synthetic_IM50/stream_gen_hyperplane.arff,1,29500.0,5.40625,4.117480582661103E-9,29500.0,0.854,0.8550591285145062,0.855059128514506,0.708587487624948,0.8504917168362657,0.8653187565858799,0.8550591285145062,0.506,0.494,29500.0,2944.0
meta.imbalanced.OnlineUnderOverBagging -l (trees.HoeffdingTree -e 2000000 -g 100 -c 0.01),ArffFileStream -f ./../../../Dataset/Synthetic_IM50/stream_gen_hyperplane.arff,1,30000.0,5.484375,4.1769817471504256E-9,30000.0,0.832,0.8364512244078683,0.8364512244078683,0.6661632620618393,0.8331548049097474,0.8391963866539314,0.8364512244078683,0.53,0.47,30000.0,2944.0
meta.imbalanced.OnlineUnderOverBagging -l (trees.HoeffdingTree -e 2000000 -g 100 -c 0.01),ArffFileStream -f ./../../../Dataset/Synthetic_IM50/stream_gen_hyperplane.arff,1,30500.0,5.578125,4.248383144537613E-9,30500.0,0.882,0.8768978383942356,0.8768978383942356,0.7606218961991625,0.8740298643688003,0.8899232932328325,0.8768978383942356,0.464,0.536,30500.0,2944.0
meta.imbalanced.OnlineUnderOverBagging -l (trees.HoeffdingTree -e 2000000 -g 100 -c 0.01),ArffFileStream -f ./../../../Dataset/Synthetic_IM50/stream_gen_hyperplane.arff,1,31000.0,5.671875,4.3197845419248E-9,31000.0,0.856,0.8579341700819672,0.8579341700819673,0.712991899993622,0.8541406350158304,0.8653029213776877,0.8579341700819672,0.512,0.488,31000.0,2944.0
meta.imbalanced.OnlineUnderOverBagging -l (trees.HoeffdingTree -e 2000000 -g 100 -c 0.01),ArffFileStream -f ./../../../Dataset/Synthetic_IM50/stream_gen_hyperplane.arff,1,31500.0,5.75,4.379285706414122E-9,31500.0,0.874,0.874,0.874,0.748,0.8708616422830896,0.8823755541378351,0.874,0.5,0.5,31500.0,2944.0
meta.imbalanced.OnlineUnderOverBagging -l (trees.HoeffdingTree -e 2000000 -g 100 -c 0.01),ArffFileStream -f ./../../../Dataset/Synthetic_IM50/stream_gen_hyperplane.arff,1,32000.0,5.859375,4.462587336699173E-9,32000.0,0.862,0.8603841536614646,0.8603841536614646,0.7230250481695568,0.8565824498536956,0.8717554983158312,0.8603841536614646,0.49,0.51,32000.0,2944.0
meta.imbalanced.OnlineUnderOverBagging -l (trees.HoeffdingTree -e 2000000 -g 100 -c 0.01),ArffFileStream -f ./../../../Dataset/Synthetic_IM50/stream_gen_hyperplane.arff,1,32500.0,5.9375,4.5220885011884956E-9,32500.0,0.888,0.88557883272471,0.88557883272471,0.774731286606166,0.8823407560658469,0.8974968628227991,0.88557883272471,0.484,0.516,32500.0,2944.0
meta.imbalanced.OnlineUnderOverBagging -l (trees.HoeffdingTree -e 2000000 -g 100 -c 0.01),ArffFileStream -f ./../../../Dataset/Synthetic_IM50/stream_gen_hyperplane.arff,1,33000.0,6.015625,4.581589665677818E-9,33000.0,0.878,0.8667207792207792,0.8667207792207792,0.7476418997186828,0.8616090353925786,0.8912433537123954,0.8667207792207792,0.44,0.56,33000.0,2944.0
meta.imbalanced.OnlineUnderOverBagging -l (trees.HoeffdingTree -e 2000000 -g 100 -c 0.01),ArffFileStream -f ./../../../Dataset/Synthetic_IM50/stream_gen_hyperplane.arff,1,33500.0,6.0625,4.617290364371411E-9,33500.0,0.884,0.8890398550724637,0.8890398550724637,0.768385406683279,0.8877181299606703,0.8849305422188081,0.8890398550724637,0.552,0.448,33500.0,2944.0
meta.imbalanced.OnlineUnderOverBagging -l (trees.HoeffdingTree -e 2000000 -g 100 -c 0.01),ArffFileStream -f ./../../../Dataset/Synthetic_IM50/stream_gen_hyperplane.arff,1,34000.0,6.140625,4.6767915288607336E-9,34000.0,0.856,0.8530335063104619,0.8530335063104619,0.7100702274337993,0.8479813264842496,0.8686199745802394,0.8530335063104619,0.484,0.516,34000.0,2944.0
meta.imbalanced.OnlineUnderOverBagging -l (trees.HoeffdingTree -e 2000000 -g 100 -c 0.01),ArffFileStream -f ./../../../Dataset/Synthetic_IM50/stream_gen_hyperplane.arff,1,34500.0,6.21875,4.736292693350056E-9,34500.0,0.852,0.85055374175789,0.8505537417578901,0.7030878859857482,0.8457370214221483,0.8638779985381089,0.85055374175789,0.492,0.508,34500.0,2944.0
meta.imbalanced.OnlineUnderOverBagging -l (trees.HoeffdingTree -e 2000000 -g 100 -c 0.01),ArffFileStream -f ./../../../Dataset/Synthetic_IM50/stream_gen_hyperplane.arff,1,35000.0,6.3125,4.807694090737243E-9,35000.0,0.858,0.854304317146706,0.854304317146706,0.7134138465512787,0.8508277638653975,0.8664394354049527,0.854304317146706,0.476,0.524,35000.0,2944.0
meta.imbalanced.OnlineUnderOverBagging -l (trees.HoeffdingTree -e 2000000 -g 100 -c 0.01),ArffFileStream -f ./../../../Dataset/Synthetic_IM50/stream_gen_hyperplane.arff,1,35500.0,6.390625,4.8671952552265656E-9,35500.0,0.846,0.8481392557022809,0.8481392557022809,0.6932270916334662,0.8413674343970449,0.8625,0.8481392557022809,0.51,0.49,35500.0,2944.0
meta.imbalanced.OnlineUnderOverBagging -l (trees.HoeffdingTree -e 2000000 -g 100 -c 0.01),ArffFileStream -f ./../../../Dataset/Synthetic_IM50/stream_gen_hyperplane.arff,1,36000.0,6.484375,4.938596652613753E-9,36000.0,0.876,0.8819822860908842,0.8819822860908844,0.754073650974979,0.8775837215576059,0.8861534961569086,0.8819822860908842,0.534,0.466,36000.0,2944.0
meta.imbalanced.OnlineUnderOverBagging -l (trees.HoeffdingTree -e 2000000 -g 100 -c 0.01),ArffFileStream -f ./../../../Dataset/Synthetic_IM50/stream_gen_hyperplane.arff,1,36500.0,6.578125,5.00999805000094E-9,36500.0,0.862,0.8648696264975335,0.8648696264975335,0.7253709482264535,0.860207949685367,0.8735876285278539,0.8648696264975335,0.516,0.484,36500.0,2944.0
meta.imbalanced.OnlineUnderOverBagging -l (trees.HoeffdingTree -e 2000000 -g 100 -c 0.01),ArffFileStream -f ./../../../Dataset/Synthetic_IM50/stream_gen_hyperplane.arff,1,37000.0,6.671875,5.081399447388127E-9,37000.0,0.864,0.8570048309178744,0.8570048309178744,0.7228562112813824,0.8525324593250972,0.874898538961039,0.8570048309178744,0.46,0.54,37000.0,2944.0
meta.imbalanced.OnlineUnderOverBagging -l (trees.HoeffdingTree -e 2000000 -g 100 -c 0.01),ArffFileStream -f ./../../../Dataset/Synthetic_IM50/stream_gen_hyperplane.arff,1,37500.0,6.78125,5.164701077673178E-9,37500.0,0.872,0.8777020072053525,0.8777020072053525,0.7459026807267183,0.874121866544229,0.8798524844720497,0.8777020072053525,0.536,0.464,37500.0,2944.0
meta.imbalanced.OnlineUnderOverBagging -l (trees.HoeffdingTree -e 2000000 -g 100 -c 0.01),ArffFileStream -f ./../../../Dataset/Synthetic_IM50/stream_gen_hyperplane.arff,1,38000.0,6.875,5.236102475060365E-9,38000.0,0.88,0.8746691052606248,0.8746691052606248,0.7569157469979094,0.8686404699663927,0.8973102638697494,0.8746691052606248,0.474,0.526,38000.0,2944.0
meta.imbalanced.OnlineUnderOverBagging -l (trees.HoeffdingTree -e 2000000 -g 100 -c 0.01),ArffFileStream -f ./../../../Dataset/Synthetic_IM50/stream_gen_hyperplane.arff,1,38500.0,6.9375,5.283703406651823E-9,38500.0,0.86,0.8595497527960447,0.8595497527960447,0.719744406899092,0.8521476506391928,0.8792594217819109,0.8595497527960447,0.498,0.502,38500.0,2944.0
meta.imbalanced.OnlineUnderOverBagging -l (trees.HoeffdingTree -e 2000000 -g 100 -c 0.01),ArffFileStream -f ./../../../Dataset/Synthetic_IM50/stream_gen_hyperplane.arff,1,39000.0,7.015625,5.343204571141145E-9,39000.0,0.838,0.82788153209043,0.8278815320904301,0.6677386538903292,0.8190712503463564,0.8568322109988776,0.82788153209043,0.458,0.542,39000.0,2944.0
meta.imbalanced.OnlineUnderOverBagging -l (trees.HoeffdingTree -e 2000000 -g 100 -c 0.01),ArffFileStream -f ./../../../Dataset/Synthetic_IM50/stream_gen_hyperplane.arff,1,39500.0,7.09375,5.4027057356304675E-9,39500.0,0.854,0.8603373082926986,0.8603373082926986,0.7104645259550705,0.8562868210151434,0.8628070516559725,0.8603373082926986,0.538,0.462,39500.0,2944.0
meta.imbalanced.OnlineUnderOverBagging -l (trees.HoeffdingTree -e 2000000 -g 100 -c 0.01),ArffFileStream -f ./../../../Dataset/Synthetic_IM50/stream_gen_hyperplane.arff,1,40000.0,7.171875,5.46220690011979E-9,40000.0,0.832,0.8309196524299499,0.8309196524299499,0.663240270049231,0.8260279985597547,0.8429948085120499,0.8309196524299499,0.494,0.506,40000.0,2944.0
meta.imbalanced.OnlineUnderOverBagging -l (trees.HoeffdingTree -e 2000000 -g 100 -c 0.01),ArffFileStream -f ./../../../Dataset/Synthetic_IM50/stream_gen_hyperplane.arff,1,40500.0,7.234375,5.509807831711248E-9,40500.0,0.84,0.8456844640706545,0.8456844640706543,0.6828165886924114,0.8403608408500501,0.8521535718375293,0.8456844640706545,0.53,0.47,40500.0,2944.0
meta.imbalanced.OnlineUnderOverBagging -l (trees.HoeffdingTree -e 2000000 -g 100 -c 0.01),ArffFileStream -f ./../../../Dataset/Synthetic_IM50/stream_gen_hyperplane.arff,1,41000.0,7.3125,5.56930899620057E-9,41000.0,0.842,0.8409450960938375,0.8409450960938375,0.6833007280074405,0.8363376843978857,0.852841812400636,0.8409450960938375,0.494,0.506,41000.0,2944.0
meta.imbalanced.OnlineUnderOverBagging -l (trees.HoeffdingTree -e 2000000 -g 100 -c 0.01),ArffFileStream -f ./../../../Dataset/Synthetic_IM50/stream_gen_hyperplane.arff,1,41500.0,7.421875,5.652610626485621E-9,41500.0,0.86,0.8647709727225938,0.864770972722594,0.7216035634743875,0.8622284978480396,0.8652173913043478,0.8647709727225938,0.536,0.464,41500.0,2944.0
meta.imbalanced.OnlineUnderOverBagging -l (trees.HoeffdingTree -e 2000000 -g 100 -c 0.01),ArffFileStream -f ./../../../Dataset/Synthetic_IM50/stream_gen_hyperplane.arff,1,42000.0,7.53125,5.735912256770672E-9,42000.0,0.824,0.8261036652735745,0.8261036652735745,0.6492962012402161,0.8226801403028926,0.8316262558824966,0.8261036652735745,0.514,0.486,42000.0,2944.0
meta.imbalanced.OnlineUnderOverBagging -l (trees.HoeffdingTree -e 2000000 -g 100 -c 0.01),ArffFileStream -f ./../../../Dataset/Synthetic_IM50/stream_gen_hyperplane.arff,1,42500.0,7.625,5.807313654157859E-9,42500.0,0.862,0.8677946474523932,0.8677946474523932,0.7261296161051662,0.864054584063336,0.8702060837609882,0.8677946474523932,0.536,0.464,42500.0,2944.0
meta.imbalanced.OnlineUnderOverBagging -l (trees.HoeffdingTree -e 2000000 -g 100 -c 0.01),ArffFileStream -f ./../../../Dataset/Synthetic_IM50/stream_gen_hyperplane.arff,1,43000.0,7.71875,5.878715051545046E-9,43000.0,0.854,0.8575320512820512,0.8575320512820512,0.7097184666772706,0.8529736822224367,0.8649539513503788,0.8575320512820512,0.52,0.48,43000.0,2944.0
meta.imbalanced.OnlineUnderOverBagging -l (trees.HoeffdingTree -e 2000000 -g 100 -c 0.01),ArffFileStream -f ./../../../Dataset/Synthetic_IM50/stream_gen_hyperplane.arff,1,43500.0,7.8125,5.950116448932233E-9,43500.0,0.876,0.8783073867640464,0.8783073867640464,0.7529486770800128,0.875342569514782,0.8834415584415585,0.8783073867640464,0.516,0.484,43500.0,2944.0
meta.imbalanced.OnlineUnderOverBagging -l (trees.HoeffdingTree -e 2000000 -g 100 -c 0.01),ArffFileStream -f ./../../../Dataset/Synthetic_IM50/stream_gen_hyperplane.arff,1,44000.0,7.90625,6.02151784631942E-9,44000.0,0.858,0.8590116976844666,0.8590116976844665,0.7165442350686682,0.8548644537151656,0.8683908045977011,0.8590116976844666,0.506,0.494,44000.0,2944.0
meta.imbalanced.OnlineUnderOverBagging -l (trees.HoeffdingTree -e 2000000 -g 100 -c 0.01),ArffFileStream -f ./../../../Dataset/Synthetic_IM50/stream_gen_hyperplane.arff,1,44500.0,7.96875,6.069118777910878E-9,44500.0,0.874,0.8707261530566426,0.8707261530566425,0.7459021683014971,0.8680507426755907,0.8811478788478343,0.8707261530566426,0.476,0.524,44500.0,2944.0
meta.imbalanced.OnlineUnderOverBagging -l (trees.HoeffdingTree -e 2000000 -g 100 -c 0.01),ArffFileStream -f ./../../../Dataset/Synthetic_IM50/stream_gen_hyperplane.arff,1,45000.0,8.046875,6.128619942400201E-9,45000.0,0.86,0.8566532128899994,0.8566532128899993,0.7179057321555226,0.8502448272448629,0.8765557359307359,0.8566532128899994,0.484,0.516,45000.0,2944.0
meta.imbalanced.OnlineUnderOverBagging -l (trees.HoeffdingTree -e 2000000 -g 100 -c 0.01),ArffFileStream -f ./../../../Dataset/Synthetic_IM50/stream_gen_hyperplane.arff,1,45500.0,8.125,6.188121106889523E-9,45500.0,0.852,0.8457282552753473,0.8457282552753473,0.6991478566317569,0.8412303809200011,0.8621049794488242,0.8457282552753473,0.464,0.536,45500.0,2944.0
meta.imbalanced.OnlineUnderOverBagging -l (trees.HoeffdingTree -e 2000000 -g 100 -c 0.01),ArffFileStream -f ./../../../Dataset/Synthetic_IM50/stream_gen_hyperplane.arff,1,46000.0,8.1875,6.235722038480981E-9,46000.0,0.894,0.8959531552892548,0.8959531552892549,0.7886088066368858,0.894308965587176,0.8979871175523348,0.8959531552892548,0.518,0.482,46000.0,2944.0
meta.imbalanced.OnlineUnderOverBagging -l (trees.HoeffdingTree -e 2000000 -g 100 -c 0.01),ArffFileStream -f ./../../../Dataset/Synthetic_IM50/stream_gen_hyperplane.arff,1,46500.0,8.265625,6.295223202970303E-9,46500.0,0.852,0.8530828439295259,0.8530828439295258,0.7046096856089032,0.8482968958435388,0.8637944963809335,0.8530828439295259,0.506,0.494,46500.0,2944.0
meta.imbalanced.OnlineUnderOverBagging -l (trees.HoeffdingTree -e 2000000 -g 100 -c 0.01),ArffFileStream -f ./../../../Dataset/Synthetic_IM50/stream_gen_hyperplane.arff,1,47000.0,8.359375,6.36662460035749E-9,47000.0,0.868,0.8706835799859056,0.8706835799859056,0.7372109320252278,0.8666354957261048,0.8781452192667146,0.8706835799859056,0.516,0.484,47000.0,2944.0
meta.imbalanced.OnlineUnderOverBagging -l (trees.HoeffdingTree -e 2000000 -g 100 -c 0.01),ArffFileStream -f ./../../../Dataset/Synthetic_IM50/stream_gen_hyperplane.arff,1,47500.0,8.453125,6.4380259977446775E-9,47500.0,0.86,0.8595977535640571,0.8595977535640571,0.719771333408061,0.853695297357653,0.8752065977729178,0.8595977535640571,0.498,0.502,47500.0,2944.0
meta.imbalanced.OnlineUnderOverBagging -l (trees.HoeffdingTree -e 2000000 -g 100 -c 0.01),ArffFileStream -f ./../../../Dataset/Synthetic_IM50/stream_gen_hyperplane.arff,1,48000.0,8.53125,6.497527162234E-9,48000.0,0.836,0.8418383825334281,0.8418383825334281,0.6737538990387676,0.8396387422531252,0.8397534668721109,0.8418383825334281,0.548,0.452,48000.0,2944.0
meta.imbalanced.OnlineUnderOverBagging -l (trees.HoeffdingTree -e 2000000 -g 100 -c 0.01),ArffFileStream -f ./../../../Dataset/Synthetic_IM50/stream_gen_hyperplane.arff,1,48500.0,8.59375,6.545128093825458E-9,48500.0,0.854,0.8505829969889167,0.8505829969889166,0.7057780357258012,0.8438537665494082,0.8708805638862062,0.8505829969889167,0.484,0.516,48500.0,2944.0
meta.imbalanced.OnlineUnderOverBagging -l (trees.HoeffdingTree -e 2000000 -g 100 -c 0.01),ArffFileStream -f ./../../../Dataset/Synthetic_IM50/stream_gen_hyperplane.arff,1,49000.0,8.671875,6.60462925831478E-9,49000.0,0.88,0.883637355409026,0.883637355409026,0.761241543971349,0.8808644012221134,0.8864646464646464,0.883637355409026,0.526,0.474,49000.0,2944.0
meta.imbalanced.OnlineUnderOverBagging -l (trees.HoeffdingTree -e 2000000 -g 100 -c 0.01),ArffFileStream -f ./../../../Dataset/Synthetic_IM50/stream_gen_hyperplane.arff,1,49500.0,8.75,6.664130422804103E-9,49500.0,0.858,0.8600794057377049,0.8600794057377049,0.7170593298689706,0.8557042505119759,0.8688482920349629,0.8600794057377049,0.512,0.488,49500.0,2944.0
meta.imbalanced.OnlineUnderOverBagging -l (trees.HoeffdingTree -e 2000000 -g 100 -c 0.01),ArffFileStream -f ./../../../Dataset/Synthetic_IM50/stream_gen_hyperplane.arff,1,50000.0,8.8125,6.71173135439556E-9,50000.0,0.874,0.871766137295082,0.871766137295082,0.7467601376338554,0.8667829925347756,0.887685937995626,0.871766137295082,0.488,0.512,50000.0,2944.0
meta.imbalanced.OnlineUnderOverBagging -l (trees.HoeffdingTree -e 2000000 -g 100 -c 0.01),ArffFileStream -f ./../../../Dataset/Synthetic_IM50/stream_gen_hyperplane.arff,1,50500.0,8.890625,6.771232518884883E-9,50500.0,0.852,0.8523176370821933,0.8523176370821933,0.7041845888165784,0.848610347705209,0.8610997228554091,0.8523176370821933,0.502,0.498,50500.0,2944.0
meta.imbalanced.OnlineUnderOverBagging -l (trees.HoeffdingTree -e 2000000 -g 100 -c 0.01),ArffFileStream -f ./../../../Dataset/Synthetic_IM50/stream_gen_hyperplane.arff,1,51000.0,8.96875,6.830733683374205E-9,51000.0,0.876,0.8747519364957429,0.874751936495743,0.7513315792851184,0.8712670837468799,0.8855374077976818,0.8747519364957429,0.492,0.508,51000.0,2944.0
meta.imbalanced.OnlineUnderOverBagging -l (trees.HoeffdingTree -e 2000000 -g 100 -c 0.01),ArffFileStream -f ./../../../Dataset/Synthetic_IM50/stream_gen_hyperplane.arff,1,51500.0,9.046875,6.890234847863528E-9,51500.0,0.842,0.8448491255045166,0.8448491255045166,0.685569636375215,0.8401445012673725,0.8530887682644845,0.8448491255045166,0.516,0.484,51500.0,2944.0
meta.imbalanced.OnlineUnderOverBagging -l (trees.HoeffdingTree -e 2000000 -g 100 -c 0.01),ArffFileStream -f ./../../../Dataset/Synthetic_IM50/stream_gen_hyperplane.arff,1,52000.0,9.125,6.94973601235285E-9,52000.0,0.84,0.8417767106842737,0.8417767106842737,0.6810461685670999,0.837076029110501,0.8510827208602575,0.8417767106842737,0.51,0.49,52000.0,2944.0
meta.imbalanced.OnlineUnderOverBagging -l (trees.HoeffdingTree -e 2000000 -g 100 -c 0.01),ArffFileStream -f ./../../../Dataset/Synthetic_IM50/stream_gen_hyperplane.arff,1,52500.0,9.1875,6.997336943944308E-9,52500.0,0.864,0.86463133640553,0.8646313364055299,0.7283303502940425,0.8610223266586113,0.8732311320754718,0.86463133640553,0.504,0.496,52500.0,2944.0
meta.imbalanced.OnlineUnderOverBagging -l (trees.HoeffdingTree -e 2000000 -g 100 -c 0.01),ArffFileStream -f ./../../../Dataset/Synthetic_IM50/stream_gen_hyperplane.arff,1,53000.0,9.265625,7.05683810843363E-9,53000.0,0.846,0.8453981054787506,0.8453981054787506,0.6916151356893403,0.8420435727396873,0.8539907181160727,0.8453981054787506,0.496,0.504,53000.0,2944.0
meta.imbalanced.OnlineUnderOverBagging -l (trees.HoeffdingTree -e 2000000 -g 100 -c 0.01),ArffFileStream -f ./../../../Dataset/Synthetic_IM50/stream_gen_hyperplane.arff,1,53500.0,9.34375,7.116339272922953E-9,53500.0,0.85,0.8493983614951357,0.8493983614951357,0.6996251321649418,0.846062534684054,0.8580904901687466,0.8493983614951357,0.496,0.504,53500.0,2944.0
meta.imbalanced.OnlineUnderOverBagging -l (trees.HoeffdingTree -e 2000000 -g 100 -c 0.01),ArffFileStream -f ./../../../Dataset/Synthetic_IM50/stream_gen_hyperplane.arff,1,54000.0,9.40625,7.163940204514411E-9,54000.0,0.86,0.8593509984639016,0.8593509984639017,0.7196231735452449,0.8555132037449066,0.8697642255005269,0.8593509984639016,0.496,0.504,54000.0,2944.0
meta.imbalanced.OnlineUnderOverBagging -l (trees.HoeffdingTree -e 2000000 -g 100 -c 0.01),ArffFileStream -f ./../../../Dataset/Synthetic_IM50/stream_gen_hyperplane.arff,1,54500.0,9.484375,7.223441369003733E-9,54500.0,0.85,0.8437976716178242,0.8437976716178242,0.6954685723566673,0.8374417659520567,0.8650095471903982,0.8437976716178242,0.47,0.53,54500.0,2944.0
meta.imbalanced.OnlineUnderOverBagging -l (trees.HoeffdingTree -e 2000000 -g 100 -c 0.01),ArffFileStream -f ./../../../Dataset/Synthetic_IM50/stream_gen_hyperplane.arff,1,55000.0,9.5625,7.2829425334930555E-9,55000.0,0.864,0.8624807889344263,0.8624807889344263,0.7270567079827885,0.8601547319580566,0.8699431409711784,0.8624807889344263,0.488,0.512,55000.0,2944.0
meta.imbalanced.OnlineUnderOverBagging -l (trees.HoeffdingTree -e 2000000 -g 100 -c 0.01),ArffFileStream -f ./../../../Dataset/Synthetic_IM50/stream_gen_hyperplane.arff,1,55500.0,9.640625,7.342443697982378E-9,55500.0,0.868,0.868,0.868,0.736,0.8646664096632874,0.8767033542976939,0.868,0.5,0.5,55500.0,2944.0
meta.imbalanced.OnlineUnderOverBagging -l (trees.HoeffdingTree -e 2000000 -g 100 -c 0.01),ArffFileStream -f ./../../../Dataset/Synthetic_IM50/stream_gen_hyperplane.arff,1,56000.0,9.734375,7.413845095369565E-9,56000.0,0.876,0.8762220195523129,0.8762220195523129,0.7521070897372335,0.8744622547301623,0.8806559712486441,0.8762220195523129,0.502,0.498,56000.0,2944.0
meta.imbalanced.OnlineUnderOverBagging -l (trees.HoeffdingTree -e 2000000 -g 100 -c 0.01),ArffFileStream -f ./../../../Dataset/Synthetic_IM50/stream_gen_hyperplane.arff,1,56500.0,9.828125,7.485246492756751E-9,56500.0,0.862,0.8635854341736695,0.8635854341736694,0.7247925973197192,0.8599394154935147,0.871135873472322,0.8635854341736695,0.51,0.49,56500.0,2944.0
meta.imbalanced.OnlineUnderOverBagging -l (trees.HoeffdingTree -e 2000000 -g 100 -c 0.01),ArffFileStream -f ./../../../Dataset/Synthetic_IM50/stream_gen_hyperplane.arff,1,57000.0,9.90625,7.544747657246073E-9,57000.0,0.888,0.8884408602150538,0.8884408602150539,0.7761862130707251,0.8867301295099007,0.8926630434782609,0.8884408602150538,0.504,0.496,57000.0,2944.0
meta.imbalanced.OnlineUnderOverBagging -l (trees.HoeffdingTree -e 2000000 -g 100 -c 0.01),ArffFileStream -f ./../../../Dataset/Synthetic_IM50/stream_gen_hyperplane.arff,1,57500.0,10.015625,7.628049287531124E-9,57500.0,0.87,0.8724199772621735,0.8724199772621735,0.7411018704394099,0.8681283655874653,0.8809289832285115,0.8724199772621735,0.514,0.486,57500.0,2944.0
meta.imbalanced.OnlineUnderOverBagging -l (trees.HoeffdingTree -e 2000000 -g 100 -c 0.01),ArffFileStream -f ./../../../Dataset/Synthetic_IM50/stream_gen_hyperplane.arff,1,58000.0,10.09375,7.687550452020445E-9,58000.0,0.868,0.8646565949470514,0.8646565949470514,0.7339696564177804,0.8596544372327082,0.881322142366521,0.8646565949470514,0.482,0.518,58000.0,2944.0
meta.imbalanced.OnlineUnderOverBagging -l (trees.HoeffdingTree -e 2000000 -g 100 -c 0.01),ArffFileStream -f ./../../../Dataset/Synthetic_IM50/stream_gen_hyperplane.arff,1,58500.0,10.171875,7.747051616509767E-9,58500.0,0.85,0.84765625,0.84765625,0.6984657939596668,0.8420120990817175,0.8638069390695415,0.84765625,0.488,0.512,58500.0,2944.0
meta.imbalanced.OnlineUnderOverBagging -l (trees.HoeffdingTree -e 2000000 -g 100 -c 0.01),ArffFileStream -f ./../../../Dataset/Synthetic_IM50/stream_gen_hyperplane.arff,1,59000.0,10.25,7.806552780999089E-9,59000.0,0.864,0.8570048309178744,0.8570048309178744,0.7228562112813824,0.8525324593250972,0.874898538961039,0.8570048309178744,0.46,0.54,59000.0,2944.0
meta.imbalanced.OnlineUnderOverBagging -l (trees.HoeffdingTree -e 2000000 -g 100 -c 0.01),ArffFileStream -f ./../../../Dataset/Synthetic_IM50/stream_gen_hyperplane.arff,1,59500.0,10.328125,7.86605394548841E-9,59500.0,0.866,0.8680840163934427,0.8680840163934426,0.7329996493129722,0.863730115901231,0.8770478361403107,0.8680840163934427,0.512,0.488,59500.0,2944.0
meta.imbalanced.OnlineUnderOverBagging -l (trees.HoeffdingTree -e 2000000 -g 100 -c 0.01),ArffFileStream -f ./../../../Dataset/Synthetic_IM50/stream_gen_hyperplane.arff,1,60000.0,10.40625,7.925555109977732E-9,60000.0,0.882,0.8812388984013697,0.8812388984013698,0.763614218404436,0.8789534962282068,0.8883672404799166,0.8812388984013697,0.494,0.506,60000.0,2944.0
meta.imbalanced.OnlineUnderOverBagging -l (trees.HoeffdingTree -e 2000000 -g 100 -c 0.01),ArffFileStream -f ./../../../Dataset/Synthetic_IM50/stream_gen_hyperplane.arff,1,60500.0,10.5,7.996956507364918E-9,60500.0,0.866,0.8644657863145258,0.8644657863145259,0.7310964841868679,0.861055495671824,0.8749012118018967,0.8644657863145258,0.49,0.51,60500.0,2944.0
meta.imbalanced.OnlineUnderOverBagging -l (trees.HoeffdingTree -e 2000000 -g 100 -c 0.01),ArffFileStream -f ./../../../Dataset/Synthetic_IM50/stream_gen_hyperplane.arff,1,61000.0,10.578125,8.05645767185424E-9,61000.0,0.86,0.8624807395993837,0.8624807395993838,0.7207506223271846,0.8613423429398674,0.8621784591699275,0.8624807395993837,0.528,0.472,61000.0,2944.0
meta.imbalanced.OnlineUnderOverBagging -l (trees.HoeffdingTree -e 2000000 -g 100 -c 0.01),ArffFileStream -f ./../../../Dataset/Synthetic_IM50/stream_gen_hyperplane.arff,1,61500.0,10.640625,8.104058603445698E-9,61500.0,0.874,0.8755902360944378,0.8755902360944376,0.7487236758136566,0.8719725537273415,0.8833899745114699,0.8755902360944378,0.51,0.49,61500.0,2944.0
meta.imbalanced.OnlineUnderOverBagging -l (trees.HoeffdingTree -e 2000000 -g 100 -c 0.01),ArffFileStream -f ./../../../Dataset/Synthetic_IM50/stream_gen_hyperplane.arff,1,62000.0,10.71875,8.16355976793502E-9,62000.0,0.882,0.8817181074897198,0.8817181074897198,0.7638639856557377,0.878897240504116,0.8897947846545977,0.8817181074897198,0.498,0.502,62000.0,2944.0
meta.imbalanced.OnlineUnderOverBagging -l (trees.HoeffdingTree -e 2000000 -g 100 -c 0.01),ArffFileStream -f ./../../../Dataset/Synthetic_IM50/stream_gen_hyperplane.arff,1,62500.0,10.828125,8.246861398220071E-9,62500.0,0.872,0.8694343007239413,0.8694343007239413,0.7424837442863581,0.8657294468681187,0.8819886062533122,0.8694343007239413,0.484,0.516,62500.0,2944.0
meta.imbalanced.OnlineUnderOverBagging -l (trees.HoeffdingTree -e 2000000 -g 100 -c 0.01),ArffFileStream -f ./../../../Dataset/Synthetic_IM50/stream_gen_hyperplane.arff,1,63000.0,10.90625,8.306362562709393E-9,63000.0,0.848,0.8531394453004623,0.8531394453004622,0.6984318455971049,0.8481887254742141,0.8594863080844389,0.8531394453004623,0.528,0.472,63000.0,2944.0
meta.imbalanced.OnlineUnderOverBagging -l (trees.HoeffdingTree -e 2000000 -g 100 -c 0.01),ArffFileStream -f ./../../../Dataset/Synthetic_IM50/stream_gen_hyperplane.arff,1,63500.0,10.984375,8.365863727198714E-9,63500.0,0.878,0.8783260532168514,0.8783260532168514,0.7561560601215223,0.8745354406745285,0.8882594417077175,0.8783260532168514,0.502,0.498,63500.0,2944.0
meta.imbalanced.OnlineUnderOverBagging -l (trees.HoeffdingTree -e 2000000 -g 100 -c 0.01),ArffFileStream -f ./../../../Dataset/Synthetic_IM50/stream_gen_hyperplane.arff,1,64000.0,11.078125,8.4372651245859E-9,64000.0,0.888,0.8879999999999999,0.8879999999999999,0.776,0.8853925682995085,0.895311684924361,0.8879999999999999,0.5,0.5,64000.0,2944.0
meta.imbalanced.OnlineUnderOverBagging -l (trees.HoeffdingTree -e 2000000 -g 100 -c 0.01),ArffFileStream -f ./../../../Dataset/Synthetic_IM50/stream_gen_hyperplane.arff,1,64500.0,11.15625,8.496766289075222E-9,64500.0,0.838,0.8377174034784556,0.8377174034784557,0.6758132684426229,0.8347329803394469,0.8448630808443893,0.8377174034784556,0.498,0.502,64500.0,2944.0
meta.imbalanced.OnlineUnderOverBagging -l (trees.HoeffdingTree -e 2000000 -g 100 -c 0.01),ArffFileStream -f ./../../../Dataset/Synthetic_IM50/stream_gen_hyperplane.arff,1,65000.0,11.21875,8.54436722066668E-9,65000.0,0.856,0.8568228366615463,0.8568228366615463,0.7124600638977636,0.8506270088844626,0.8716666666666666,0.8568228366615463,0.504,0.496,65000.0,2944.0
meta.imbalanced.OnlineUnderOverBagging -l (trees.HoeffdingTree -e 2000000 -g 100 -c 0.01),ArffFileStream -f ./../../../Dataset/Synthetic_IM50/stream_gen_hyperplane.arff,1,65500.0,11.296875,8.603868385156002E-9,65500.0,0.86,0.8539542352468887,0.8539542352468887,0.7158398960785906,0.8479886231181265,0.8750063798295309,0.8539542352468887,0.47,0.53,65500.0,2944.0
meta.imbalanced.OnlineUnderOverBagging -l (trees.HoeffdingTree -e 2000000 -g 100 -c 0.01),ArffFileStream -f ./../../../Dataset/Synthetic_IM50/stream_gen_hyperplane.arff,1,66000.0,11.375,8.663369549645324E-9,66000.0,0.874,0.8729114653351258,0.8729114653351259,0.7474018475750578,0.8702562154592288,0.8811650390145753,0.8729114653351258,0.492,0.508,66000.0,2944.0
meta.imbalanced.OnlineUnderOverBagging -l (trees.HoeffdingTree -e 2000000 -g 100 -c 0.01),ArffFileStream -f ./../../../Dataset/Synthetic_IM50/stream_gen_hyperplane.arff,1,66500.0,11.453125,8.722870714134645E-9,66500.0,0.878,0.8812254996465523,0.8812254996465523,0.7568093385214008,0.8797831433265456,0.8806933949399176,0.8812254996465523,0.532,0.468,66500.0,2944.0
meta.imbalanced.OnlineUnderOverBagging -l (trees.HoeffdingTree -e 2000000 -g 100 -c 0.01),ArffFileStream -f ./../../../Dataset/Synthetic_IM50/stream_gen_hyperplane.arff,1,67000.0,11.546875,8.794272111521832E-9,67000.0,0.858,0.8562224889955983,0.8562224889955982,0.7149052361066496,0.851597373900891,0.869708950760848,0.8562224889955983,0.49,0.51,67000.0,2944.0
meta.imbalanced.OnlineUnderOverBagging -l (trees.HoeffdingTree -e 2000000 -g 100 -c 0.01),ArffFileStream -f ./../../../Dataset/Synthetic_IM50/stream_gen_hyperplane.arff,1,67500.0,11.640625,8.865673508909018E-9,67500.0,0.87,0.8714285714285714,0.8714285714285714,0.7406639004149378,0.8684962373468951,0.8774643763419872,0.8714285714285714,0.51,0.49,67500.0,2944.0
meta.imbalanced.OnlineUnderOverBagging -l (trees.HoeffdingTree -e 2000000 -g 100 -c 0.01),ArffFileStream -f ./../../../Dataset/Synthetic_IM50/stream_gen_hyperplane.arff,1,68000.0,11.71875,8.92517467339834E-9,68000.0,0.856,0.8548751020146901,0.8548751020146902,0.7113210270556348,0.8497199370686138,0.8689994841844291,0.8548751020146901,0.494,0.506,68000.0,2944.0
meta.imbalanced.OnlineUnderOverBagging -l (trees.HoeffdingTree -e 2000000 -g 100 -c 0.01),ArffFileStream -f ./../../../Dataset/Synthetic_IM50/stream_gen_hyperplane.arff,1,68500.0,11.78125,8.972775604989798E-9,68500.0,0.88,0.8843904633378317,0.8843904633378318,0.7613441099726341,0.881725805373444,0.8858036635706914,0.8843904633378317,0.532,0.468,68500.0,2944.0
meta.imbalanced.OnlineUnderOverBagging -l (trees.HoeffdingTree -e 2000000 -g 100 -c 0.01),ArffFileStream -f ./../../../Dataset/Synthetic_IM50/stream_gen_hyperplane.arff,1,69000.0,11.859375,9.03227676947912E-9,69000.0,0.884,0.8830100505729467,0.8830100505729468,0.7674940670899878,0.8808397271513028,0.8901278038601983,0.8830100505729467,0.492,0.508,69000.0,2944.0
meta.imbalanced.OnlineUnderOverBagging -l (trees.HoeffdingTree -e 2000000 -g 100 -c 0.01),ArffFileStream -f ./../../../Dataset/Synthetic_IM50/stream_gen_hyperplane.arff,1,69500.0,11.9375,9.091777933968441E-9,69500.0,0.856,0.8555656890510248,0.8555656890510248,0.7117463367763632,0.8486480561789864,0.8736443883984868,0.8555656890510248,0.498,0.502,69500.0,2944.0
meta.imbalanced.OnlineUnderOverBagging -l (trees.HoeffdingTree -e 2000000 -g 100 -c 0.01),ArffFileStream -f ./../../../Dataset/Synthetic_IM50/stream_gen_hyperplane.arff,1,70000.0,12.015625,9.151279098457763E-9,70000.0,0.856,0.8537815126050421,0.853781512605042,0.7106341933928141,0.8465451290168675,0.8744980430031006,0.8537815126050421,0.49,0.51,70000.0,2944.0
meta.imbalanced.OnlineUnderOverBagging -l (trees.HoeffdingTree -e 2000000 -g 100 -c 0.01),ArffFileStream -f ./../../../Dataset/Synthetic_IM50/stream_gen_hyperplane.arff,1,70500.0,12.109375,9.22268049584495E-9,70500.0,0.864,0.8593027734976888,0.8593027734976887,0.724794405232144,0.8551991361102385,0.8743728677503512,0.8593027734976888,0.472,0.528,70500.0,2944.0
meta.imbalanced.OnlineUnderOverBagging -l (trees.HoeffdingTree -e 2000000 -g 100 -c 0.01),ArffFileStream -f ./../../../Dataset/Synthetic_IM50/stream_gen_hyperplane.arff,1,71000.0,12.203125,9.294081893232136E-9,71000.0,0.866,0.8642256902761104,0.8642256902761104,0.7309669129457115,0.8596601690450111,0.8780151505083393,0.8642256902761104,0.49,0.51,71000.0,2944.0
meta.imbalanced.OnlineUnderOverBagging -l (trees.HoeffdingTree -e 2000000 -g 100 -c 0.01),ArffFileStream -f ./../../../Dataset/Synthetic_IM50/stream_gen_hyperplane.arff,1,71500.0,12.328125,9.389283756415051E-9,71500.0,0.87,0.866826923076923,0.8668269230769231,0.7380299854908915,0.8631895237120025,0.8796586555207244,0.866826923076923,0.48,0.52,71500.0,2944.0
meta.imbalanced.OnlineUnderOverBagging -l (trees.HoeffdingTree -e 2000000 -g 100 -c 0.01),ArffFileStream -f ./../../../Dataset/Synthetic_IM50/stream_gen_hyperplane.arff,1,72000.0,12.453125,9.484485619597967E-9,72000.0,0.864,0.866826923076923,0.866826923076923,0.729213125199108,0.8639411037618425,0.8708924752090219,0.866826923076923,0.52,0.48,72000.0,2944.0
meta.imbalanced.OnlineUnderOverBagging -l (trees.HoeffdingTree -e 2000000 -g 100 -c 0.01),ArffFileStream -f ./../../../Dataset/Synthetic_IM50/stream_gen_hyperplane.arff,1,72500.0,12.53125,9.543986784087288E-9,72500.0,0.868,0.8665066026410564,0.8665066026410564,0.7351312304358295,0.8632833273273013,0.8764859665565037,0.8665066026410564,0.49,0.51,72500.0,2944.0
meta.imbalanced.OnlineUnderOverBagging -l (trees.HoeffdingTree -e 2000000 -g 100 -c 0.01),ArffFileStream -f ./../../../Dataset/Synthetic_IM50/stream_gen_hyperplane.arff,1,73000.0,12.609375,9.60348794857661E-9,73000.0,0.85,0.8541549578482537,0.8541549578482537,0.701718103722558,0.8513431897986496,0.8561623926102965,0.8541549578482537,0.53,0.47,73000.0,2944.0
meta.imbalanced.OnlineUnderOverBagging -l (trees.HoeffdingTree -e 2000000 -g 100 -c 0.01),ArffFileStream -f ./../../../Dataset/Synthetic_IM50/stream_gen_hyperplane.arff,1,73500.0,12.6875,9.662989113065932E-9,73500.0,0.848,0.8450320512820513,0.8450320512820514,0.6938446664518209,0.841768209157793,0.8554917112476059,0.8450320512820513,0.48,0.52,73500.0,2944.0
meta.imbalanced.OnlineUnderOverBagging -l (trees.HoeffdingTree -e 2000000 -g 100 -c 0.01),ArffFileStream -f ./../../../Dataset/Synthetic_IM50/stream_gen_hyperplane.arff,1,74000.0,12.78125,9.734390510453118E-9,74000.0,0.856,0.8625018104572008,0.8625018104572008,0.7145168197173717,0.8582485345163537,0.8653237970126015,0.8625018104572008,0.538,0.462,74000.0,2944.0
meta.imbalanced.OnlineUnderOverBagging -l (trees.HoeffdingTree -e 2000000 -g 100 -c 0.01),ArffFileStream -f ./../../../Dataset/Synthetic_IM50/stream_gen_hyperplane.arff,1,74500.0,12.859375,9.79389167494244E-9,74500.0,0.884,0.8855903027973933,0.8855903027973933,0.7685960964555305,0.8837671292606379,0.8885769150086331,0.8855903027973933,0.514,0.486,74500.0,2944.0
meta.imbalanced.OnlineUnderOverBagging -l (trees.HoeffdingTree -e 2000000 -g 100 -c 0.01),ArffFileStream -f ./../../../Dataset/Synthetic_IM50/stream_gen_hyperplane.arff,1,75000.0,12.9375,9.853392839431761E-9,75000.0,0.864,0.8587227339216537,0.8587227339216538,0.7241737380948517,0.8552086938003005,0.8725688241873821,0.8587227339216537,0.466,0.534,75000.0,2944.0
meta.imbalanced.OnlineUnderOverBagging -l (trees.HoeffdingTree -e 2000000 -g 100 -c 0.01),ArffFileStream -f ./../../../Dataset/Synthetic_IM50/stream_gen_hyperplane.arff,1,75500.0,13.015625,9.912894003921083E-9,75500.0,0.862,0.8655448717948718,0.8655448717948717,0.7256243041196119,0.8609959945110677,0.8731331075886212,0.8655448717948718,0.52,0.48,75500.0,2944.0
meta.imbalanced.OnlineUnderOverBagging -l (trees.HoeffdingTree -e 2000000 -g 100 -c 0.01),ArffFileStream -f ./../../../Dataset/Synthetic_IM50/stream_gen_hyperplane.arff,1,76000.0,13.09375,9.972395168410404E-9,76000.0,0.864,0.8615394469263903,0.8615394469263903,0.7264990266583008,0.8570460138463759,0.8756884473951314,0.8615394469263903,0.486,0.514,76000.0,2944.0
meta.imbalanced.OnlineUnderOverBagging -l (trees.HoeffdingTree -e 2000000 -g 100 -c 0.01),ArffFileStream -f ./../../../Dataset/Synthetic_IM50/stream_gen_hyperplane.arff,1,76500.0,13.171875,1.0031896332899726E-8,76500.0,0.86,0.8654019003595275,0.8654019003595276,0.7223632440665059,0.8600089732095981,0.8728708071278826,0.8654019003595275,0.528,0.472,76500.0,2944.0
meta.imbalanced.OnlineUnderOverBagging -l (trees.HoeffdingTree -e 2000000 -g 100 -c 0.01),ArffFileStream -f ./../../../Dataset/Synthetic_IM50/stream_gen_hyperplane.arff,1,77000.0,13.234375,1.0079497264491185E-8,77000.0,0.866,0.8701848998459167,0.8701848998459167,0.7336111199465631,0.8669700883262285,0.8733790937494941,0.8701848998459167,0.528,0.472,77000.0,2944.0
meta.imbalanced.OnlineUnderOverBagging -l (trees.HoeffdingTree -e 2000000 -g 100 -c 0.01),ArffFileStream -f ./../../../Dataset/Synthetic_IM50/stream_gen_hyperplane.arff,1,77500.0,13.328125,1.0150898661878371E-8,77500.0,0.858,0.8558692064916131,0.855869206491613,0.7145200720535255,0.8538201188768257,0.8629337951767858,0.8558692064916131,0.482,0.518,77500.0,2944.0
meta.imbalanced.OnlineUnderOverBagging -l (trees.HoeffdingTree -e 2000000 -g 100 -c 0.01),ArffFileStream -f ./../../../Dataset/Synthetic_IM50/stream_gen_hyperplane.arff,1,78000.0,13.390625,1.019849959346983E-8,78000.0,0.882,0.8822141154258468,0.8822141154258469,0.7640981351757669,0.8805886707098336,0.8863871635610766,0.8822141154258468,0.502,0.498,78000.0,2944.0
meta.imbalanced.OnlineUnderOverBagging -l (trees.HoeffdingTree -e 2000000 -g 100 -c 0.01),ArffFileStream -f ./../../../Dataset/Synthetic_IM50/stream_gen_hyperplane.arff,1,78500.0,13.46875,1.0258000757959151E-8,78500.0,0.872,0.8638716356107661,0.863871635610766,0.7376705141657922,0.8603287926542847,0.8804112554112553,0.8638716356107661,0.448,0.552,78500.0,2944.0
meta.imbalanced.OnlineUnderOverBagging -l (trees.HoeffdingTree -e 2000000 -g 100 -c 0.01),ArffFileStream -f ./../../../Dataset/Synthetic_IM50/stream_gen_hyperplane.arff,1,79000.0,13.546875,1.0317501922448473E-8,79000.0,0.864,0.8653861544617847,0.8653861544617847,0.7286728912297502,0.8626063040891492,0.8709436292432442,0.8653861544617847,0.51,0.49,79000.0,2944.0
meta.imbalanced.OnlineUnderOverBagging -l (trees.HoeffdingTree -e 2000000 -g 100 -c 0.01),ArffFileStream -f ./../../../Dataset/Synthetic_IM50/stream_gen_hyperplane.arff,1,79500.0,13.609375,1.0365102854039931E-8,79500.0,0.87,0.8710869982715574,0.8710869982715574,0.7405148185998978,0.8684336873531268,0.8767854531272852,0.8710869982715574,0.508,0.492,79500.0,2944.0
meta.imbalanced.OnlineUnderOverBagging -l (trees.HoeffdingTree -e 2000000 -g 100 -c 0.01),ArffFileStream -f ./../../../Dataset/Synthetic_IM50/stream_gen_hyperplane.arff,1,80000.0,13.6875,1.0424604018529253E-8,80000.0,0.87,0.8683401639344263,0.8683401639344263,0.73902290174413,0.8655816295284052,0.8773102215516817,0.8683401639344263,0.488,0.512,80000.0,2944.0
meta.imbalanced.OnlineUnderOverBagging -l (trees.HoeffdingTree -e 2000000 -g 100 -c 0.01),ArffFileStream -f ./../../../Dataset/Synthetic_IM50/stream_gen_hyperplane.arff,1,80500.0,13.765625,1.0484105183018575E-8,80500.0,0.88,0.8769230769230769,0.8769230769230769,0.758220502901354,0.8735427425586703,0.8895071542130366,0.8769230769230769,0.48,0.52,80500.0,2944.0
meta.imbalanced.OnlineUnderOverBagging -l (trees.HoeffdingTree -e 2000000 -g 100 -c 0.01),ArffFileStream -f ./../../../Dataset/Synthetic_IM50/stream_gen_hyperplane.arff,1,81000.0,13.859375,1.055550658040576E-8,81000.0,0.89,0.8889555822328932,0.8889555822328932,0.7794707297514034,0.8874204223491823,0.8944805194805194,0.8889555822328932,0.49,0.51,81000.0,2944.0
meta.imbalanced.OnlineUnderOverBagging -l (trees.HoeffdingTree -e 2000000 -g 100 -c 0.01),ArffFileStream -f ./../../../Dataset/Synthetic_IM50/stream_gen_hyperplane.arff,1,81500.0,13.9375,1.0615007744895082E-8,81500.0,0.854,0.8530428381686963,0.8530428381686963,0.7074101388399012,0.8493055222128777,0.8632442044257113,0.8530428381686963,0.494,0.506,81500.0,2944.0
meta.imbalanced.OnlineUnderOverBagging -l (trees.HoeffdingTree -e 2000000 -g 100 -c 0.01),ArffFileStream -f ./../../../Dataset/Synthetic_IM50/stream_gen_hyperplane.arff,1,82000.0,14.046875,1.0698309375180133E-8,82000.0,0.85,0.8515806322529011,0.8515806322529011,0.7008615188257817,0.8479054059451281,0.8588817724331743,0.8515806322529011,0.51,0.49,82000.0,2944.0
meta.imbalanced.OnlineUnderOverBagging -l (trees.HoeffdingTree -e 2000000 -g 100 -c 0.01),ArffFileStream -f ./../../../Dataset/Synthetic_IM50/stream_gen_hyperplane.arff,1,82500.0,14.125,1.0757810539669455E-8,82500.0,0.872,0.8779832311430824,0.8779832311430824,0.7459309249702263,0.8744464859841141,0.8795959595959596,0.8779832311430824,0.538,0.462,82500.0,2944.0
meta.imbalanced.OnlineUnderOverBagging -l (trees.HoeffdingTree -e 2000000 -g 100 -c 0.01),ArffFileStream -f ./../../../Dataset/Synthetic_IM50/stream_gen_hyperplane.arff,1,83000.0,14.1875,1.0805411471260914E-8,83000.0,0.884,0.8843021488343813,0.8843021488343813,0.7681372627404577,0.8810700429311672,0.8929021282164532,0.8843021488343813,0.502,0.498,83000.0,2944.0
meta.imbalanced.OnlineUnderOverBagging -l (trees.HoeffdingTree -e 2000000 -g 100 -c 0.01),ArffFileStream -f ./../../../Dataset/Synthetic_IM50/stream_gen_hyperplane.arff,1,83500.0,14.265625,1.0864912635750235E-8,83500.0,0.864,0.8607383895221148,0.8607383895221148,0.7258285622127247,0.8575404872836455,0.872095907399752,0.8607383895221148,0.478,0.522,83500.0,2944.0
meta.imbalanced.OnlineUnderOverBagging -l (trees.HoeffdingTree -e 2000000 -g 100 -c 0.01),ArffFileStream -f ./../../../Dataset/Synthetic_IM50/stream_gen_hyperplane.arff,1,84000.0,14.359375,1.0936314033137421E-8,84000.0,0.856,0.8560000000000001,0.856,0.712,0.8522534834191058,0.8653530377668308,0.8560000000000001,0.5,0.5,84000.0,2944.0
meta.imbalanced.OnlineUnderOverBagging -l (trees.HoeffdingTree -e 2000000 -g 100 -c 0.01),ArffFileStream -f ./../../../Dataset/Synthetic_IM50/stream_gen_hyperplane.arff,1,84500.0,14.453125,1.1007715430524608E-8,84500.0,0.842,0.8405191729082645,0.8405191729082645,0.6830059065228556,0.8354080823801091,0.8540325130201833,0.8405191729082645,0.492,0.508,84500.0,2944.0
meta.imbalanced.OnlineUnderOverBagging -l (trees.HoeffdingTree -e 2000000 -g 100 -c 0.01),ArffFileStream -f ./../../../Dataset/Synthetic_IM50/stream_gen_hyperplane.arff,1,85000.0,14.5625,1.1091017060809659E-8,85000.0,0.854,0.8552621048419368,0.8552621048419367,0.7086526181353767,0.852930827440631,0.8596312139477607,0.8552621048419368,0.51,0.49,85000.0,2944.0
meta.imbalanced.OnlineUnderOverBagging -l (trees.HoeffdingTree -e 2000000 -g 100 -c 0.01),ArffFileStream -f ./../../../Dataset/Synthetic_IM50/stream_gen_hyperplane.arff,1,85500.0,14.65625,1.1162418458196845E-8,85500.0,0.852,0.8495009532353931,0.849500953235393,0.7022420369863676,0.8466599173152124,0.8586954734540193,0.8495009532353931,0.482,0.518,85500.0,2944.0
meta.imbalanced.OnlineUnderOverBagging -l (trees.HoeffdingTree -e 2000000 -g 100 -c 0.01),ArffFileStream -f ./../../../Dataset/Synthetic_IM50/stream_gen_hyperplane.arff,1,86000.0,14.75,1.1233819855584031E-8,86000.0,0.856,0.8578381147540983,0.8578381147540983,0.7129369737177852,0.8544123663684174,0.8643714136671883,0.8578381147540983,0.512,0.488,86000.0,2944.0
meta.imbalanced.OnlineUnderOverBagging -l (trees.HoeffdingTree -e 2000000 -g 100 -c 0.01),ArffFileStream -f ./../../../Dataset/Synthetic_IM50/stream_gen_hyperplane.arff,1,86500.0,14.84375,1.1305221252971217E-8,86500.0,0.844,0.8429213806788178,0.8429213806788177,0.687294536474286,0.8381152372733339,0.8554344761241313,0.8429213806788178,0.494,0.506,86500.0,2944.0
meta.imbalanced.OnlineUnderOverBagging -l (trees.HoeffdingTree -e 2000000 -g 100 -c 0.01),ArffFileStream -f ./../../../Dataset/Synthetic_IM50/stream_gen_hyperplane.arff,1,87000.0,14.921875,1.1364722417460539E-8,87000.0,0.862,0.867473170104749,0.867473170104749,0.7261730903549432,0.8632475451130415,0.8716829977737695,0.867473170104749,0.532,0.468,87000.0,2944.0
meta.imbalanced.OnlineUnderOverBagging -l (trees.HoeffdingTree -e 2000000 -g 100 -c 0.01),ArffFileStream -f ./../../../Dataset/Synthetic_IM50/stream_gen_hyperplane.arff,1,87500.0,15.0,1.142422358194986E-8,87500.0,0.88,0.879384280593958,0.8793842805939579,0.7596924062800384,0.8760097677304987,0.8893267651888341,0.879384280593958,0.496,0.504,87500.0,2944.0
meta.imbalanced.OnlineUnderOverBagging -l (trees.HoeffdingTree -e 2000000 -g 100 -c 0.01),ArffFileStream -f ./../../../Dataset/Synthetic_IM50/stream_gen_hyperplane.arff,1,88000.0,15.078125,1.1483724746439182E-8,88000.0,0.826,0.8285764622973926,0.8285764622973926,0.6535520866518,0.8246553084354676,0.8348021215830272,0.8285764622973926,0.516,0.484,88000.0,2944.0
meta.imbalanced.OnlineUnderOverBagging -l (trees.HoeffdingTree -e 2000000 -g 100 -c 0.01),ArffFileStream -f ./../../../Dataset/Synthetic_IM50/stream_gen_hyperplane.arff,1,88500.0,15.15625,1.1543225910928504E-8,88500.0,0.876,0.8776575307377049,0.8776575307377049,0.7527121888959796,0.8749359607713125,0.8829545454545454,0.8776575307377049,0.512,0.488,88500.0,2944.0
meta.imbalanced.OnlineUnderOverBagging -l (trees.HoeffdingTree -e 2000000 -g 100 -c 0.01),ArffFileStream -f ./../../../Dataset/Synthetic_IM50/stream_gen_hyperplane.arff,1,89000.0,15.234375,1.1602727075417825E-8,89000.0,0.85,0.8462703794546241,0.8462703794546241,0.6973365617433414,0.8420146090973379,0.8600000000000001,0.8462703794546241,0.478,0.522,89000.0,2944.0
meta.imbalanced.OnlineUnderOverBagging -l (trees.HoeffdingTree -e 2000000 -g 100 -c 0.01),ArffFileStream -f ./../../../Dataset/Synthetic_IM50/stream_gen_hyperplane.arff,1,89500.0,15.328125,1.1674128472805012E-8,89500.0,0.886,0.8868350297676204,0.8868350297676204,0.7723351226993865,0.8852980518876188,0.8900372754998306,0.8868350297676204,0.508,0.492,89500.0,2944.0
meta.imbalanced.OnlineUnderOverBagging -l (trees.HoeffdingTree -e 2000000 -g 100 -c 0.01),ArffFileStream -f ./../../../Dataset/Synthetic_IM50/stream_gen_hyperplane.arff,1,90000.0,15.40625,1.1733629637294333E-8,90000.0,0.836,0.8366295442908346,0.8366295442908346,0.6723983635898747,0.8329204046063622,0.8445689203354297,0.8366295442908346,0.504,0.496,90000.0,2944.0
meta.imbalanced.OnlineUnderOverBagging -l (trees.HoeffdingTree -e 2000000 -g 100 -c 0.01),ArffFileStream -f ./../../../Dataset/Synthetic_IM50/stream_gen_hyperplane.arff,1,90500.0,15.5,1.180503103468152E-8,90500.0,0.858,0.862384437596302,0.862384437596302,0.7178329571106095,0.8588230560496529,0.866175254220795,0.862384437596302,0.528,0.472,90500.0,2944.0
meta.imbalanced.OnlineUnderOverBagging -l (trees.HoeffdingTree -e 2000000 -g 100 -c 0.01),ArffFileStream -f ./../../../Dataset/Synthetic_IM50/stream_gen_hyperplane.arff,1,91000.0,15.5625,1.1852631966272978E-8,91000.0,0.844,0.8483056446284987,0.8483056446284987,0.6891489056447371,0.846755642171594,0.8465188605139551,0.8483056446284987,0.542,0.458,91000.0,2944.0
meta.imbalanced.OnlineUnderOverBagging -l (trees.HoeffdingTree -e 2000000 -g 100 -c 0.01),ArffFileStream -f ./../../../Dataset/Synthetic_IM50/stream_gen_hyperplane.arff,1,91500.0,15.640625,1.19121331307623E-8,91500.0,0.874,0.8784825371336813,0.8784825371336813,0.7495627285737001,0.8753000288505771,0.881243530020704,0.8784825371336813,0.53,0.47,91500.0,2944.0
meta.imbalanced.OnlineUnderOverBagging -l (trees.HoeffdingTree -e 2000000 -g 100 -c 0.01),ArffFileStream -f ./../../../Dataset/Synthetic_IM50/stream_gen_hyperplane.arff,1,92000.0,15.703125,1.1959734062353758E-8,92000.0,0.884,0.8851866077715895,0.8851866077715895,0.7685037358707453,0.8820743631500829,0.8923448095983307,0.8851866077715895,0.508,0.492,92000.0,2944.0
meta.imbalanced.OnlineUnderOverBagging -l (trees.HoeffdingTree -e 2000000 -g 100 -c 0.01),ArffFileStream -f ./../../../Dataset/Synthetic_IM50/stream_gen_hyperplane.arff,1,92500.0,15.765625,1.2007334993945217E-8,92500.0,0.868,0.8676778828461256,0.8676778828461256,0.7358267023167198,0.8639328342406447,0.8778342294348805,0.8676778828461256,0.498,0.502,92500.0,2944.0
meta.imbalanced.OnlineUnderOverBagging -l (trees.HoeffdingTree -e 2000000 -g 100 -c 0.01),ArffFileStream -f ./../../../Dataset/Synthetic_IM50/stream_gen_hyperplane.arff,1,93000.0,15.84375,1.2066836158434539E-8,93000.0,0.878,0.8763105242096838,0.8763105242096838,0.7550987634494941,0.8722295074838331,0.8893415474297828,0.8763105242096838,0.49,0.51,93000.0,2944.0
meta.imbalanced.OnlineUnderOverBagging -l (trees.HoeffdingTree -e 2000000 -g 100 -c 0.01),ArffFileStream -f ./../../../Dataset/Synthetic_IM50/stream_gen_hyperplane.arff,1,93500.0,15.90625,1.2114437090025997E-8,93500.0,0.886,0.883617167849533,0.883617167849533,0.7706791116832958,0.8811346163231015,0.8931855500821018,0.883617167849533,0.482,0.518,93500.0,2944.0
meta.imbalanced.OnlineUnderOverBagging -l (trees.HoeffdingTree -e 2000000 -g 100 -c 0.01),ArffFileStream -f ./../../../Dataset/Synthetic_IM50/stream_gen_hyperplane.arff,1,94000.0,15.984375,1.2173938254515319E-8,94000.0,0.87,0.8749498193496588,0.8749498193496588,0.7418586179507546,0.871051911862533,0.8790584415584416,0.8749498193496588,0.53,0.47,94000.0,2944.0
meta.imbalanced.OnlineUnderOverBagging -l (trees.HoeffdingTree -e 2000000 -g 100 -c 0.01),ArffFileStream -f ./../../../Dataset/Synthetic_IM50/stream_gen_hyperplane.arff,1,94500.0,16.046875,1.2221539186106778E-8,94500.0,0.86,0.8648953301127213,0.8648953301127215,0.7214262973575295,0.8627279506937355,0.8640511535248377,0.8648953301127213,0.54,0.46,94500.0,2944.0
meta.imbalanced.OnlineUnderOverBagging -l (trees.HoeffdingTree -e 2000000 -g 100 -c 0.01),ArffFileStream -f ./../../../Dataset/Synthetic_IM50/stream_gen_hyperplane.arff,1,95000.0,16.125,1.2281040350596099E-8,95000.0,0.88,0.8840066906845085,0.8840066906845085,0.7609637939826619,0.8822534078461821,0.8832177709296354,0.8840066906845085,0.536,0.464,95000.0,2944.0
meta.imbalanced.OnlineUnderOverBagging -l (trees.HoeffdingTree -e 2000000 -g 100 -c 0.01),ArffFileStream -f ./../../../Dataset/Synthetic_IM50/stream_gen_hyperplane.arff,1,95500.0,16.1875,1.2328641282187558E-8,95500.0,0.856,0.8550671296666721,0.855067129666672,0.7114320983695913,0.8515259325960656,0.8648284253276115,0.8550671296666721,0.494,0.506,95500.0,2944.0
meta.imbalanced.OnlineUnderOverBagging -l (trees.HoeffdingTree -e 2000000 -g 100 -c 0.01),ArffFileStream -f ./../../../Dataset/Synthetic_IM50/stream_gen_hyperplane.arff,1,96000.0,16.25,1.2376242213779016E-8,96000.0,0.872,0.8746794871794872,0.8746794871794872,0.7450605481198216,0.8721106140146002,0.8781702898550725,0.8746794871794872,0.52,0.48,96000.0,2944.0
meta.imbalanced.OnlineUnderOverBagging -l (trees.HoeffdingTree -e 2000000 -g 100 -c 0.01),ArffFileStream -f ./../../../Dataset/Synthetic_IM50/stream_gen_hyperplane.arff,1,96500.0,16.34375,1.2447643611166203E-8,96500.0,0.886,0.8870910953204021,0.887091095320402,0.7724514563106796,0.8844660896538201,0.8930353109410292,0.8870910953204021,0.508,0.492,96500.0,2944.0
meta.imbalanced.OnlineUnderOverBagging -l (trees.HoeffdingTree -e 2000000 -g 100 -c 0.01),ArffFileStream -f ./../../../Dataset/Synthetic_IM50/stream_gen_hyperplane.arff,1,97000.0,16.4375,1.2519045008553389E-8,97000.0,0.87,0.866826923076923,0.8668269230769231,0.7380299854908915,0.8631895237120025,0.8796586555207244,0.866826923076923,0.48,0.52,97000.0,2944.0
meta.imbalanced.OnlineUnderOverBagging -l (trees.HoeffdingTree -e 2000000 -g 100 -c 0.01),ArffFileStream -f ./../../../Dataset/Synthetic_IM50/stream_gen_hyperplane.arff,1,97500.0,16.515625,1.257854617304271E-8,97500.0,0.862,0.8632172131147541,0.8632172131147541,0.7245552965222112,0.8617260129017085,0.8655875860068645,0.8632172131147541,0.512,0.488,97500.0,2944.0
meta.imbalanced.OnlineUnderOverBagging -l (trees.HoeffdingTree -e 2000000 -g 100 -c 0.01),ArffFileStream -f ./../../../Dataset/Synthetic_IM50/stream_gen_hyperplane.arff,1,98000.0,16.59375,1.2638047337532032E-8,98000.0,0.872,0.8758731433159375,0.8758731433159374,0.7452837698002069,0.8734911289236486,0.8771813919012552,0.8758731433159375,0.53,0.47,98000.0,2944.0
meta.imbalanced.OnlineUnderOverBagging -l (trees.HoeffdingTree -e 2000000 -g 100 -c 0.01),ArffFileStream -f ./../../../Dataset/Synthetic_IM50/stream_gen_hyperplane.arff,1,98500.0,16.671875,1.2697548502021354E-8,98500.0,0.892,0.8882866123548656,0.8882866123548656,0.781990827465926,0.8849114018407177,0.9022194165725297,0.8882866123548656,0.476,0.524,98500.0,2944.0
meta.imbalanced.OnlineUnderOverBagging -l (trees.HoeffdingTree -e 2000000 -g 100 -c 0.01),ArffFileStream -f ./../../../Dataset/Synthetic_IM50/stream_gen_hyperplane.arff,1,99000.0,16.75,1.2757049666510675E-8,99000.0,0.872,0.8687499999999999,0.86875,0.7420187036439858,0.8649421946003096,0.8822513123795601,0.8687499999999999,0.48,0.52,99000.0,2944.0
meta.imbalanced.OnlineUnderOverBagging -l (trees.HoeffdingTree -e 2000000 -g 100 -c 0.01),ArffFileStream -f ./../../../Dataset/Synthetic_IM50/stream_gen_hyperplane.arff,1,99500.0,16.8125,1.2804650598102134E-8,99500.0,0.892,0.8923771121351767,0.8923771121351767,0.7841519570222564,0.8911312043401322,0.8954140866873065,0.8923771121351767,0.504,0.496,99500.0,2944.0
meta.imbalanced.OnlineUnderOverBagging -l (trees.HoeffdingTree -e 2000000 -g 100 -c 0.01),ArffFileStream -f ./../../../Dataset/Synthetic_IM50/stream_gen_hyperplane.arff,1,100000.0,16.890625,1.2864151762591456E-8,100000.0,0.864,0.8582930756843801,0.8582930756843801,0.7235772357723578,0.8553233890400574,0.8708333333333333,0.8582930756843801,0.46,0.54,100000.0,2944.0
