Learner,stream,randomSeed,learning evaluation instances,evaluation time (cpu seconds),model cost (RAM-Hours),classified instances,Accuracy,AvgAccuracy,AUC,Kappa,G-Mean,Precision,Recall,Ratio-Class-0,Ratio-Class-1,model training instances,model serialized size (bytes),members size
meta.DynamicWeightedMajority -l (trees.HoeffdingTree -e 2000000 -g 100 -c 0.01) -e 10,ArffFileStream -f ./../../../Dataset/Synthetic_IM40/stream_gen_agrawal.arff,1,500.0,0.140625,1.1379597708582879E-10,500.0,0.782,0.759022612689063,0.759022612689063,0.5332625376815566,0.7499147191901252,0.7807697857297453,0.759022612689063,0.598,0.402,500.0,3128.0,4.0
meta.DynamicWeightedMajority -l (trees.HoeffdingTree -e 2000000 -g 100 -c 0.01) -e 10,ArffFileStream -f ./../../../Dataset/Synthetic_IM40/stream_gen_agrawal.arff,1,1000.0,0.203125,1.6437196690175268E-10,1000.0,0.856,0.8454881708423476,0.8454881708423477,0.6875216998819527,0.8446999706036319,0.8421452761075403,0.8454881708423476,0.644,0.356,1000.0,3128.0,5.0
meta.DynamicWeightedMajority -l (trees.HoeffdingTree -e 2000000 -g 100 -c 0.01) -e 10,ArffFileStream -f ./../../../Dataset/Synthetic_IM40/stream_gen_agrawal.arff,1,1500.0,0.25,2.0230395926369562E-10,1500.0,0.904,0.9026262626262627,0.9026262626262627,0.8059037606146381,0.9025217197084259,0.9033041394829289,0.9026262626262627,0.55,0.45,1500.0,3128.0,4.0
meta.DynamicWeightedMajority -l (trees.HoeffdingTree -e 2000000 -g 100 -c 0.01) -e 10,ArffFileStream -f ./../../../Dataset/Synthetic_IM40/stream_gen_agrawal.arff,1,2000.0,0.28125,2.2759195417165757E-10,2000.0,0.93,0.9382229919613098,0.9382229919613098,0.8597576612386203,0.9364835840364355,0.9291978044838457,0.9382229919613098,0.572,0.428,2000.0,3128.0,4.0
meta.DynamicWeightedMajority -l (trees.HoeffdingTree -e 2000000 -g 100 -c 0.01) -e 10,ArffFileStream -f ./../../../Dataset/Synthetic_IM40/stream_gen_agrawal.arff,1,2500.0,0.296875,2.4023595162563856E-10,2500.0,0.94,0.945260589273054,0.9452605892730539,0.8780705890003414,0.9447656589522748,0.9357764115473366,0.945260589273054,0.586,0.414,2500.0,3128.0,4.0
meta.DynamicWeightedMajority -l (trees.HoeffdingTree -e 2000000 -g 100 -c 0.01) -e 10,ArffFileStream -f ./../../../Dataset/Synthetic_IM40/stream_gen_agrawal.arff,1,3000.0,0.3125,2.5287994907961955E-10,3000.0,0.946,0.9563722441080932,0.9563722441080932,0.8866993420169196,0.9556117017463104,0.935491582991212,0.9563722441080932,0.636,0.364,3000.0,3128.0,3.0
meta.DynamicWeightedMajority -l (trees.HoeffdingTree -e 2000000 -g 100 -c 0.01) -e 10,ArffFileStream -f ./../../../Dataset/Synthetic_IM40/stream_gen_agrawal.arff,1,3500.0,0.375,3.0345593889554344E-10,3500.0,0.93,0.9384547321324229,0.9384547321324228,0.8572034728115412,0.9375391275495681,0.9241166591305472,0.9384547321324229,0.602,0.398,3500.0,3128.0,3.0
meta.DynamicWeightedMajority -l (trees.HoeffdingTree -e 2000000 -g 100 -c 0.01) -e 10,ArffFileStream -f ./../../../Dataset/Synthetic_IM40/stream_gen_agrawal.arff,1,4000.0,0.375,3.0345593889554344E-10,4000.0,0.926,0.9320433410406574,0.9320433410406576,0.8469759131815775,0.9316663715142353,0.9182569766681916,0.9320433410406574,0.614,0.386,4000.0,3128.0,4.0
meta.DynamicWeightedMajority -l (trees.HoeffdingTree -e 2000000 -g 100 -c 0.01) -e 10,ArffFileStream -f ./../../../Dataset/Synthetic_IM40/stream_gen_agrawal.arff,1,4500.0,0.40625,3.287439338035054E-10,4500.0,0.942,0.9485935903234994,0.9485935903234993,0.8807644233931978,0.948083580218535,0.9355683518771554,0.9485935903234994,0.606,0.394,4500.0,3128.0,4.0
meta.DynamicWeightedMajority -l (trees.HoeffdingTree -e 2000000 -g 100 -c 0.01) -e 10,ArffFileStream -f ./../../../Dataset/Synthetic_IM40/stream_gen_agrawal.arff,1,5000.0,0.40625,3.287439338035054E-10,5000.0,0.928,0.9360717148418969,0.936071714841897,0.8555724945839686,0.9344815647899078,0.9266906762705083,0.9360717148418969,0.574,0.426,5000.0,3128.0,4.0
meta.DynamicWeightedMajority -l (trees.HoeffdingTree -e 2000000 -g 100 -c 0.01) -e 10,ArffFileStream -f ./../../../Dataset/Synthetic_IM40/stream_gen_agrawal.arff,1,5500.0,0.421875,3.413879312574864E-10,5500.0,0.938,0.9473494966098213,0.9473494966098213,0.8708419438704086,0.9466452613694466,0.928458977680841,0.9473494966098213,0.628,0.372,5500.0,3128.0,5.0
meta.DynamicWeightedMajority -l (trees.HoeffdingTree -e 2000000 -g 100 -c 0.01) -e 10,ArffFileStream -f ./../../../Dataset/Synthetic_IM40/stream_gen_agrawal.arff,1,6000.0,0.46875,3.793199236194293E-10,6000.0,0.93,0.9392586580086579,0.939258658008658,0.8558531844090804,0.9384104525681592,0.9221063065698175,0.9392586580086579,0.616,0.384,6000.0,3128.0,5.0
meta.DynamicWeightedMajority -l (trees.HoeffdingTree -e 2000000 -g 100 -c 0.01) -e 10,ArffFileStream -f ./../../../Dataset/Synthetic_IM40/stream_gen_agrawal.arff,1,6500.0,0.5,4.046079185273913E-10,6500.0,0.926,0.9356452290878521,0.9356452290878521,0.8485344686425413,0.9346175036345307,0.9190929089026916,0.9356452290878521,0.61,0.39,6500.0,3128.0,6.0
meta.DynamicWeightedMajority -l (trees.HoeffdingTree -e 2000000 -g 100 -c 0.01) -e 10,ArffFileStream -f ./../../../Dataset/Synthetic_IM40/stream_gen_agrawal.arff,1,7000.0,0.53125,4.2989591343535327E-10,7000.0,0.93,0.9359656164291925,0.9359656164291926,0.8562935225331757,0.9355260787830643,0.9236175433464957,0.9359656164291925,0.604,0.396,7000.0,3128.0,7.0
meta.DynamicWeightedMajority -l (trees.HoeffdingTree -e 2000000 -g 100 -c 0.01) -e 10,ArffFileStream -f ./../../../Dataset/Synthetic_IM40/stream_gen_agrawal.arff,1,7500.0,0.546875,4.4253991088933426E-10,7500.0,0.94,0.9465714903742158,0.946571490374216,0.8774049070729195,0.9459775149510645,0.9344838192679412,0.9465714903742158,0.598,0.402,7500.0,3128.0,9.0
meta.DynamicWeightedMajority -l (trees.HoeffdingTree -e 2000000 -g 100 -c 0.01) -e 10,ArffFileStream -f ./../../../Dataset/Synthetic_IM40/stream_gen_agrawal.arff,1,8000.0,0.578125,4.678279057972962E-10,8000.0,0.912,0.915667808219178,0.915667808219178,0.8211149417810447,0.9154074996475389,0.9076933014663136,0.915667808219178,0.584,0.416,8000.0,3128.0,10.0
meta.DynamicWeightedMajority -l (trees.HoeffdingTree -e 2000000 -g 100 -c 0.01) -e 10,ArffFileStream -f ./../../../Dataset/Synthetic_IM40/stream_gen_agrawal.arff,1,8500.0,0.609375,4.931159007052582E-10,8500.0,0.93,0.9373689727463312,0.9373689727463312,0.8592297049454616,0.9361144548273398,0.9278184527147183,0.9373689727463312,0.576,0.424,8500.0,3128.0,10.0
meta.DynamicWeightedMajority -l (trees.HoeffdingTree -e 2000000 -g 100 -c 0.01) -e 10,ArffFileStream -f ./../../../Dataset/Synthetic_IM40/stream_gen_agrawal.arff,1,9000.0,0.671875,5.436918905211822E-10,9000.0,0.94,0.9426442839482074,0.9426442839482074,0.8788837930366256,0.9424178870044074,0.9376608337622234,0.9426442839482074,0.564,0.436,9000.0,3128.0,10.0
meta.DynamicWeightedMajority -l (trees.HoeffdingTree -e 2000000 -g 100 -c 0.01) -e 10,ArffFileStream -f ./../../../Dataset/Synthetic_IM40/stream_gen_agrawal.arff,1,9500.0,0.71875,5.816238828831251E-10,9500.0,0.946,0.9438104189044039,0.9438104189044039,0.886817130017774,0.9437559796297998,0.9430148598616207,0.9438104189044039,0.608,0.392,9500.0,3128.0,10.0
meta.DynamicWeightedMajority -l (trees.HoeffdingTree -e 2000000 -g 100 -c 0.01) -e 10,ArffFileStream -f ./../../../Dataset/Synthetic_IM40/stream_gen_agrawal.arff,1,10000.0,0.765625,6.195558752450681E-10,10000.0,0.936,0.9358333333333333,0.9358333333333333,0.867330016583748,0.9358329623032806,0.9317746516082162,0.9358333333333333,0.6,0.4,10000.0,3128.0,10.0
meta.DynamicWeightedMajority -l (trees.HoeffdingTree -e 2000000 -g 100 -c 0.01) -e 10,ArffFileStream -f ./../../../Dataset/Synthetic_IM40/stream_gen_agrawal.arff,1,10500.0,0.78125,6.321998726990491E-10,10500.0,0.906,0.8899591656924042,0.8899591656924041,0.7966424368293528,0.8873598171317346,0.9102495543672015,0.8899591656924042,0.618,0.382,10500.0,3128.0,10.0
meta.DynamicWeightedMajority -l (trees.HoeffdingTree -e 2000000 -g 100 -c 0.01) -e 10,ArffFileStream -f ./../../../Dataset/Synthetic_IM40/stream_gen_agrawal.arff,1,11000.0,0.8125,6.57487867607011E-10,11000.0,0.926,0.9226359839597997,0.9226359839597997,0.8459616985845129,0.9224763294590742,0.9233333333333333,0.9226359839597997,0.598,0.402,11000.0,3128.0,10.0
meta.DynamicWeightedMajority -l (trees.HoeffdingTree -e 2000000 -g 100 -c 0.01) -e 10,ArffFileStream -f ./../../../Dataset/Synthetic_IM40/stream_gen_agrawal.arff,1,11500.0,0.828125,6.70131865060992E-10,11500.0,0.93,0.9370465982615516,0.9370465982615516,0.8594332348027246,0.9357679848424577,0.9283198027253368,0.9370465982615516,0.572,0.428,11500.0,3128.0,10.0
meta.DynamicWeightedMajority -l (trees.HoeffdingTree -e 2000000 -g 100 -c 0.01) -e 10,ArffFileStream -f ./../../../Dataset/Synthetic_IM40/stream_gen_agrawal.arff,1,12000.0,0.84375,6.82775862514973E-10,12000.0,0.946,0.9515084058741444,0.9515084058741444,0.8895398311186752,0.9510757869390994,0.9407953421236154,0.9515084058741444,0.596,0.404,12000.0,3128.0,10.0
meta.DynamicWeightedMajority -l (trees.HoeffdingTree -e 2000000 -g 100 -c 0.01) -e 10,ArffFileStream -f ./../../../Dataset/Synthetic_IM40/stream_gen_agrawal.arff,1,12500.0,0.890625,7.20707854876916E-10,12500.0,0.946,0.9521090223030793,0.9521090223030794,0.8882968160455418,0.9517183435260395,0.939040748556379,0.9521090223030793,0.612,0.388,12500.0,3128.0,10.0
meta.DynamicWeightedMajority -l (trees.HoeffdingTree -e 2000000 -g 100 -c 0.01) -e 10,ArffFileStream -f ./../../../Dataset/Synthetic_IM40/stream_gen_agrawal.arff,1,13000.0,0.953125,7.712838446928399E-10,13000.0,0.926,0.9255164795304283,0.9255164795304283,0.8480268129990471,0.925512210200823,0.9226939203354297,0.9255164795304283,0.586,0.414,13000.0,3128.0,10.0
meta.DynamicWeightedMajority -l (trees.HoeffdingTree -e 2000000 -g 100 -c 0.01) -e 10,ArffFileStream -f ./../../../Dataset/Synthetic_IM40/stream_gen_agrawal.arff,1,13500.0,0.96875,7.839278421468209E-10,13500.0,0.936,0.9432937181663837,0.9432937181663837,0.8671537695117901,0.9428040393985814,0.9276401991614256,0.9432937181663837,0.62,0.38,13500.0,3128.0,10.0
meta.DynamicWeightedMajority -l (trees.HoeffdingTree -e 2000000 -g 100 -c 0.01) -e 10,ArffFileStream -f ./../../../Dataset/Synthetic_IM40/stream_gen_agrawal.arff,1,14000.0,1.0,8.092158370547829E-10,14000.0,0.92,0.933103354978355,0.933103354978355,0.8366653599895466,0.9313924431285038,0.9129901960784315,0.933103354978355,0.616,0.384,14000.0,3128.0,10.0
meta.DynamicWeightedMajority -l (trees.HoeffdingTree -e 2000000 -g 100 -c 0.01) -e 10,ArffFileStream -f ./../../../Dataset/Synthetic_IM40/stream_gen_agrawal.arff,1,14500.0,1.046875,8.471478294167259E-10,14500.0,0.932,0.9341274228945737,0.9341274228945737,0.8591012316209989,0.934073519967582,0.9260757329124123,0.9341274228945737,0.606,0.394,14500.0,3128.0,10.0
meta.DynamicWeightedMajority -l (trees.HoeffdingTree -e 2000000 -g 100 -c 0.01) -e 10,ArffFileStream -f ./../../../Dataset/Synthetic_IM40/stream_gen_agrawal.arff,1,15000.0,1.078125,8.724358243246878E-10,15000.0,0.948,0.9499867514573397,0.9499867514573396,0.8931694168693709,0.949925386856007,0.9439579112476308,0.9499867514573397,0.592,0.408,15000.0,3128.0,10.0
meta.DynamicWeightedMajority -l (trees.HoeffdingTree -e 2000000 -g 100 -c 0.01) -e 10,ArffFileStream -f ./../../../Dataset/Synthetic_IM40/stream_gen_agrawal.arff,1,15500.0,1.09375,8.850798217786688E-10,15500.0,0.948,0.9482574085223092,0.9482574085223091,0.8918613162973315,0.9482566009840304,0.9438924218335982,0.9482574085223092,0.604,0.396,15500.0,3128.0,10.0
meta.DynamicWeightedMajority -l (trees.HoeffdingTree -e 2000000 -g 100 -c 0.01) -e 10,ArffFileStream -f ./../../../Dataset/Synthetic_IM40/stream_gen_agrawal.arff,1,16000.0,1.140625,9.230118141406118E-10,16000.0,0.96,0.9591145094241974,0.9591145094241973,0.9166680555324078,0.959104687211848,0.9575866486963178,0.9591145094241974,0.602,0.398,16000.0,3128.0,10.0
meta.DynamicWeightedMajority -l (trees.HoeffdingTree -e 2000000 -g 100 -c 0.01) -e 10,ArffFileStream -f ./../../../Dataset/Synthetic_IM40/stream_gen_agrawal.arff,1,16500.0,1.15625,9.356558115945927E-10,16500.0,0.938,0.9378420508649756,0.9378420508649756,0.8695988692960022,0.9378418120558845,0.9321526523513279,0.9378420508649756,0.618,0.382,16500.0,3128.0,10.0
meta.DynamicWeightedMajority -l (trees.HoeffdingTree -e 2000000 -g 100 -c 0.01) -e 10,ArffFileStream -f ./../../../Dataset/Synthetic_IM40/stream_gen_agrawal.arff,1,17000.0,1.1875,9.609438065025546E-10,17000.0,0.95,0.950754720142065,0.950754720142065,0.8959408611101861,0.9507480550953786,0.9455816110227875,0.950754720142065,0.606,0.394,17000.0,3128.0,10.0
meta.DynamicWeightedMajority -l (trees.HoeffdingTree -e 2000000 -g 100 -c 0.01) -e 10,ArffFileStream -f ./../../../Dataset/Synthetic_IM40/stream_gen_agrawal.arff,1,17500.0,1.203125,9.735878039565356E-10,17500.0,0.936,0.9360426603073662,0.9360426603073663,0.8681173755357732,0.9360426315938298,0.9323481116584564,0.9360426603073662,0.592,0.408,17500.0,3128.0,10.0
meta.DynamicWeightedMajority -l (trees.HoeffdingTree -e 2000000 -g 100 -c 0.01) -e 10,ArffFileStream -f ./../../../Dataset/Synthetic_IM40/stream_gen_agrawal.arff,1,18000.0,1.234375,9.988757988644976E-10,18000.0,0.946,0.951175615877419,0.951175615877419,0.8900651465798045,0.9507209295994641,0.9416161616161616,0.951175615877419,0.588,0.412,18000.0,3128.0,10.0
meta.DynamicWeightedMajority -l (trees.HoeffdingTree -e 2000000 -g 100 -c 0.01) -e 10,ArffFileStream -f ./../../../Dataset/Synthetic_IM40/stream_gen_agrawal.arff,1,18500.0,1.28125,1.0368077912264406E-9,18500.0,0.942,0.9428066037735849,0.9428066037735849,0.881771631714556,0.9427916694983424,0.9393311558523862,0.9428066037735849,0.576,0.424,18500.0,3128.0,10.0
meta.DynamicWeightedMajority -l (trees.HoeffdingTree -e 2000000 -g 100 -c 0.01) -e 10,ArffFileStream -f ./../../../Dataset/Synthetic_IM40/stream_gen_agrawal.arff,1,19000.0,1.328125,1.0747397835883835E-9,19000.0,0.94,0.9451133855107365,0.9451133855107365,0.8765066192452085,0.9447936064877474,0.9338810641627543,0.9451133855107365,0.604,0.396,19000.0,3128.0,10.0
meta.DynamicWeightedMajority -l (trees.HoeffdingTree -e 2000000 -g 100 -c 0.01) -e 10,ArffFileStream -f ./../../../Dataset/Synthetic_IM40/stream_gen_agrawal.arff,1,19500.0,1.34375,1.0873837810423645E-9,19500.0,0.934,0.9377292976939203,0.9377292976939203,0.8662928268127451,0.9374082764353853,0.9306546995600959,0.9377292976939203,0.576,0.424,19500.0,3128.0,10.0
meta.DynamicWeightedMajority -l (trees.HoeffdingTree -e 2000000 -g 100 -c 0.01) -e 10,ArffFileStream -f ./../../../Dataset/Synthetic_IM40/stream_gen_agrawal.arff,1,20000.0,1.390625,1.1253157734043075E-9,20000.0,0.946,0.9431232858385177,0.9431232858385176,0.8870179432244242,0.9430218733034055,0.9439027659111089,0.9431232858385177,0.604,0.396,20000.0,3128.0,10.0
meta.DynamicWeightedMajority -l (trees.HoeffdingTree -e 2000000 -g 100 -c 0.01) -e 10,ArffFileStream -f ./../../../Dataset/Synthetic_IM40/stream_gen_agrawal.arff,1,20500.0,1.40625,1.1379597708582885E-9,20500.0,0.928,0.9292597568459637,0.9292597568459637,0.8518786721745857,0.9292355968823393,0.9233613060476682,0.9292597568459637,0.594,0.406,20500.0,3128.0,10.0
meta.DynamicWeightedMajority -l (trees.HoeffdingTree -e 2000000 -g 100 -c 0.01) -e 10,ArffFileStream -f ./../../../Dataset/Synthetic_IM40/stream_gen_agrawal.arff,1,21000.0,1.421875,1.1506037683122695E-9,21000.0,0.95,0.9537341938883035,0.9537341938883035,0.8981520711794805,0.9534751479430361,0.946131679914523,0.9537341938883035,0.584,0.416,21000.0,3128.0,10.0
meta.DynamicWeightedMajority -l (trees.HoeffdingTree -e 2000000 -g 100 -c 0.01) -e 10,ArffFileStream -f ./../../../Dataset/Synthetic_IM40/stream_gen_agrawal.arff,1,21500.0,1.4375,1.1632477657662504E-9,21500.0,0.952,0.9500823640992363,0.9500823640992363,0.9001647281984725,0.9500319861571552,0.9500823640992363,0.9500823640992363,0.598,0.402,21500.0,3128.0,10.0
meta.DynamicWeightedMajority -l (trees.HoeffdingTree -e 2000000 -g 100 -c 0.01) -e 10,ArffFileStream -f ./../../../Dataset/Synthetic_IM40/stream_gen_agrawal.arff,1,22000.0,1.453125,1.1758917632202314E-9,22000.0,0.958,0.9612750263435195,0.9612750263435195,0.914330472243073,0.9610773393778165,0.9543700027570996,0.9612750263435195,0.584,0.416,22000.0,3128.0,10.0
meta.DynamicWeightedMajority -l (trees.HoeffdingTree -e 2000000 -g 100 -c 0.01) -e 10,ArffFileStream -f ./../../../Dataset/Synthetic_IM40/stream_gen_agrawal.arff,1,22500.0,1.484375,1.2011797581281934E-9,22500.0,0.936,0.9379362775589191,0.9379362775589191,0.8636952225175493,0.9379092628469785,0.9269590997911192,0.9379362775589191,0.636,0.364,22500.0,3128.0,10.0
meta.DynamicWeightedMajority -l (trees.HoeffdingTree -e 2000000 -g 100 -c 0.01) -e 10,ArffFileStream -f ./../../../Dataset/Synthetic_IM40/stream_gen_agrawal.arff,1,23000.0,1.5,1.2138237555821744E-9,23000.0,0.928,0.9323330683624802,0.9323330683624801,0.8529700058811998,0.9320356117434724,0.9230021388294769,0.9323330683624802,0.592,0.408,23000.0,3128.0,10.0
meta.DynamicWeightedMajority -l (trees.HoeffdingTree -e 2000000 -g 100 -c 0.01) -e 10,ArffFileStream -f ./../../../Dataset/Synthetic_IM40/stream_gen_agrawal.arff,1,23500.0,1.546875,1.2517557479441174E-9,23500.0,0.942,0.9428522577388416,0.9428522577388416,0.8823853865870672,0.9428301509585536,0.9398938923395446,0.9428522577388416,0.566,0.434,23500.0,3128.0,10.0
meta.DynamicWeightedMajority -l (trees.HoeffdingTree -e 2000000 -g 100 -c 0.01) -e 10,ArffFileStream -f ./../../../Dataset/Synthetic_IM40/stream_gen_agrawal.arff,1,24000.0,1.59375,1.2896877403060603E-9,24000.0,0.954,0.9528560250391236,0.9528560250391237,0.9062143206654706,0.9528188966247774,0.9533659730722155,0.9528560250391236,0.568,0.432,24000.0,3128.0,10.0
meta.DynamicWeightedMajority -l (trees.HoeffdingTree -e 2000000 -g 100 -c 0.01) -e 10,ArffFileStream -f ./../../../Dataset/Synthetic_IM40/stream_gen_agrawal.arff,1,24500.0,1.609375,1.3023317377600413E-9,24500.0,0.966,0.9649890022341918,0.9649890022341918,0.9266558520001381,0.9649820498873133,0.9617501375894331,0.9649890022341918,0.638,0.362,24500.0,3128.0,10.0
meta.DynamicWeightedMajority -l (trees.HoeffdingTree -e 2000000 -g 100 -c 0.01) -e 10,ArffFileStream -f ./../../../Dataset/Synthetic_IM40/stream_gen_agrawal.arff,1,25000.0,1.625,1.3149757352140223E-9,25000.0,0.946,0.9443993506493507,0.9443993506493507,0.8861911987860395,0.9443741485595275,0.9418663303909206,0.9443993506493507,0.616,0.384,25000.0,3128.0,10.0
meta.DynamicWeightedMajority -l (trees.HoeffdingTree -e 2000000 -g 100 -c 0.01) -e 10,ArffFileStream -f ./../../../Dataset/Synthetic_IM40/stream_gen_agrawal.arff,1,25500.0,1.65625,1.3402637301219843E-9,25500.0,0.954,0.9536824376052672,0.9536824376052672,0.9026809288470652,0.9536815495399579,0.9492116434202547,0.9536824376052672,0.622,0.378,25500.0,3128.0,10.0
meta.DynamicWeightedMajority -l (trees.HoeffdingTree -e 2000000 -g 100 -c 0.01) -e 10,ArffFileStream -f ./../../../Dataset/Synthetic_IM40/stream_gen_agrawal.arff,1,26000.0,1.671875,1.3529077275759653E-9,26000.0,0.95,0.9489425668670952,0.9489425668670951,0.8926411982960011,0.9489346034416477,0.9439186072337735,0.9489425668670952,0.636,0.364,26000.0,3128.0,10.0
meta.DynamicWeightedMajority -l (trees.HoeffdingTree -e 2000000 -g 100 -c 0.01) -e 10,ArffFileStream -f ./../../../Dataset/Synthetic_IM40/stream_gen_agrawal.arff,1,26500.0,1.703125,1.3781957224839272E-9,26500.0,0.946,0.9429041353383458,0.9429041353383459,0.8866117923735931,0.9427951961878503,0.9437158469945355,0.9429041353383458,0.608,0.392,26500.0,3128.0,10.0
meta.DynamicWeightedMajority -l (trees.HoeffdingTree -e 2000000 -g 100 -c 0.01) -e 10,ArffFileStream -f ./../../../Dataset/Synthetic_IM40/stream_gen_agrawal.arff,1,27000.0,1.71875,1.3908397199379082E-9,27000.0,0.936,0.9298926065746151,0.929892606574615,0.8617758349603469,0.9296133234860088,0.9319177678865238,0.9298926065746151,0.634,0.366,27000.0,3128.0,10.0
meta.DynamicWeightedMajority -l (trees.HoeffdingTree -e 2000000 -g 100 -c 0.01) -e 10,ArffFileStream -f ./../../../Dataset/Synthetic_IM40/stream_gen_agrawal.arff,1,27500.0,1.734375,1.4034837173918892E-9,27500.0,0.948,0.947072623246865,0.947072623246865,0.8907177323088822,0.9470638888797792,0.9437771188286341,0.947072623246865,0.614,0.386,27500.0,3128.0,10.0
meta.DynamicWeightedMajority -l (trees.HoeffdingTree -e 2000000 -g 100 -c 0.01) -e 10,ArffFileStream -f ./../../../Dataset/Synthetic_IM40/stream_gen_agrawal.arff,1,28000.0,1.765625,1.4287717122998512E-9,28000.0,0.94,0.9390974807592781,0.9390974807592781,0.8752142155965592,0.9390870596405855,0.9362425569322121,0.9390974807592781,0.602,0.398,28000.0,3128.0,10.0
meta.DynamicWeightedMajority -l (trees.HoeffdingTree -e 2000000 -g 100 -c 0.01) -e 10,ArffFileStream -f ./../../../Dataset/Synthetic_IM40/stream_gen_agrawal.arff,1,28500.0,1.78125,1.4414157097538322E-9,28500.0,0.928,0.9255890863993386,0.9255890863993386,0.8511781727986771,0.9254921709976399,0.9255890863993386,0.9255890863993386,0.59,0.41,28500.0,3128.0,10.0
meta.DynamicWeightedMajority -l (trees.HoeffdingTree -e 2000000 -g 100 -c 0.01) -e 10,ArffFileStream -f ./../../../Dataset/Synthetic_IM40/stream_gen_agrawal.arff,1,29000.0,1.8125,1.4667037046617942E-9,29000.0,0.948,0.9491666666666667,0.9491666666666667,0.8923841059602649,0.9491487414169253,0.9437236564805058,0.9491666666666667,0.6,0.4,29000.0,3128.0,9.0
meta.DynamicWeightedMajority -l (trees.HoeffdingTree -e 2000000 -g 100 -c 0.01) -e 10,ArffFileStream -f ./../../../Dataset/Synthetic_IM40/stream_gen_agrawal.arff,1,29500.0,1.828125,1.4793477021157751E-9,29500.0,0.928,0.9232581097698263,0.9232581097698263,0.8444978143303903,0.9230982389123268,0.9212735515678061,0.9232581097698263,0.638,0.362,29500.0,3128.0,10.0
meta.DynamicWeightedMajority -l (trees.HoeffdingTree -e 2000000 -g 100 -c 0.01) -e 10,ArffFileStream -f ./../../../Dataset/Synthetic_IM40/stream_gen_agrawal.arff,1,30000.0,1.859375,1.5046356970237371E-9,30000.0,0.918,0.9162692103868575,0.9162692103868575,0.8306400978156704,0.9162209254943512,0.9144366951905163,0.9162692103868575,0.592,0.408,30000.0,3128.0,10.0
meta.DynamicWeightedMajority -l (trees.HoeffdingTree -e 2000000 -g 100 -c 0.01) -e 10,ArffFileStream -f ./../../../Dataset/Synthetic_IM40/stream_gen_agrawal.arff,1,30500.0,1.875,1.517279694477718E-9,30500.0,0.884,0.8756510954940058,0.8756510954940059,0.7580712438475015,0.8744217956131017,0.8834112504430305,0.8756510954940058,0.59,0.41,30500.0,3128.0,10.0
meta.DynamicWeightedMajority -l (trees.HoeffdingTree -e 2000000 -g 100 -c 0.01) -e 10,ArffFileStream -f ./../../../Dataset/Synthetic_IM40/stream_gen_agrawal.arff,1,31000.0,1.875,1.517279694477718E-9,31000.0,0.896,0.9105975141017322,0.9105975141017321,0.7915096306512919,0.9075466888059268,0.8948808628442495,0.9105975141017322,0.598,0.402,31000.0,3128.0,10.0
meta.DynamicWeightedMajority -l (trees.HoeffdingTree -e 2000000 -g 100 -c 0.01) -e 10,ArffFileStream -f ./../../../Dataset/Synthetic_IM40/stream_gen_agrawal.arff,1,31500.0,1.921875,1.555211686839661E-9,31500.0,0.94,0.9470486111111112,0.9470486111111112,0.8728813559322034,0.9467139806251469,0.9291666666666667,0.9470486111111112,0.64,0.36,31500.0,3128.0,10.0
meta.DynamicWeightedMajority -l (trees.HoeffdingTree -e 2000000 -g 100 -c 0.01) -e 10,ArffFileStream -f ./../../../Dataset/Synthetic_IM40/stream_gen_agrawal.arff,1,32000.0,1.9375,1.567855684293642E-9,32000.0,0.954,0.9573816987610091,0.9573816987610091,0.9055860234475058,0.9572127023997686,0.9495305164319249,0.9573816987610091,0.594,0.406,32000.0,3128.0,10.0
meta.DynamicWeightedMajority -l (trees.HoeffdingTree -e 2000000 -g 100 -c 0.01) -e 10,ArffFileStream -f ./../../../Dataset/Synthetic_IM40/stream_gen_agrawal.arff,1,32500.0,1.984375,1.605787676655585E-9,32500.0,0.95,0.9536323610346725,0.9536323610346726,0.8940713874105962,0.9535330993161535,0.941875659647183,0.9536323610346725,0.632,0.368,32500.0,3128.0,10.0
meta.DynamicWeightedMajority -l (trees.HoeffdingTree -e 2000000 -g 100 -c 0.01) -e 10,ArffFileStream -f ./../../../Dataset/Synthetic_IM40/stream_gen_agrawal.arff,1,33000.0,2.0,1.618431674109566E-9,33000.0,0.946,0.9450656416912095,0.9450656416912095,0.8879593665969525,0.9450536183394384,0.9429650238473768,0.9450656416912095,0.598,0.402,33000.0,3128.0,9.0
meta.DynamicWeightedMajority -l (trees.HoeffdingTree -e 2000000 -g 100 -c 0.01) -e 10,ArffFileStream -f ./../../../Dataset/Synthetic_IM40/stream_gen_agrawal.arff,1,33500.0,2.015625,1.631075671563547E-9,33500.0,0.946,0.9443993506493507,0.9443993506493507,0.8861911987860395,0.9443741485595275,0.9418663303909206,0.9443993506493507,0.616,0.384,33500.0,3128.0,9.0
meta.DynamicWeightedMajority -l (trees.HoeffdingTree -e 2000000 -g 100 -c 0.01) -e 10,ArffFileStream -f ./../../../Dataset/Synthetic_IM40/stream_gen_agrawal.arff,1,34000.0,2.03125,1.643719669017528E-9,34000.0,0.904,0.8838668528382548,0.8838668528382548,0.7877496152961777,0.8806685220516888,0.9080049103134905,0.8838668528382548,0.634,0.366,34000.0,3128.0,10.0
meta.DynamicWeightedMajority -l (trees.HoeffdingTree -e 2000000 -g 100 -c 0.01) -e 10,ArffFileStream -f ./../../../Dataset/Synthetic_IM40/stream_gen_agrawal.arff,1,34500.0,2.046875,1.656363666471509E-9,34500.0,0.938,0.9376772652634722,0.9376772652634722,0.8719558536827149,0.9376756938419134,0.9344704952581665,0.9376772652634722,0.594,0.406,34500.0,3128.0,10.0
meta.DynamicWeightedMajority -l (trees.HoeffdingTree -e 2000000 -g 100 -c 0.01) -e 10,ArffFileStream -f ./../../../Dataset/Synthetic_IM40/stream_gen_agrawal.arff,1,35000.0,2.0625,1.66900766392549E-9,35000.0,0.896,0.9143161805173363,0.9143161805173363,0.7875122589081399,0.9116800792319993,0.8879227053140097,0.9143161805173363,0.632,0.368,35000.0,3128.0,10.0
meta.DynamicWeightedMajority -l (trees.HoeffdingTree -e 2000000 -g 100 -c 0.01) -e 10,ArffFileStream -f ./../../../Dataset/Synthetic_IM40/stream_gen_agrawal.arff,1,35500.0,2.078125,1.681651661379471E-9,35500.0,0.93,0.9369749433851998,0.9369749433851998,0.8454172849975267,0.9367653938796142,0.9124562582958404,0.9369749433851998,0.676,0.324,35500.0,3128.0,10.0
meta.DynamicWeightedMajority -l (trees.HoeffdingTree -e 2000000 -g 100 -c 0.01) -e 10,ArffFileStream -f ./../../../Dataset/Synthetic_IM40/stream_gen_agrawal.arff,1,36000.0,2.09375,1.694295658833452E-9,36000.0,0.968,0.9701354837607421,0.9701354837607421,0.9322435843143898,0.9700984722030116,0.9626733921815889,0.9701354837607421,0.626,0.374,36000.0,3128.0,10.0
meta.DynamicWeightedMajority -l (trees.HoeffdingTree -e 2000000 -g 100 -c 0.01) -e 10,ArffFileStream -f ./../../../Dataset/Synthetic_IM40/stream_gen_agrawal.arff,1,36500.0,2.125,1.719583653741414E-9,36500.0,0.924,0.9346349745331071,0.934634974533107,0.8434925864909391,0.933583926258599,0.9155844155844156,0.9346349745331071,0.62,0.38,36500.0,3128.0,10.0
meta.DynamicWeightedMajority -l (trees.HoeffdingTree -e 2000000 -g 100 -c 0.01) -e 10,ArffFileStream -f ./../../../Dataset/Synthetic_IM40/stream_gen_agrawal.arff,1,37000.0,2.140625,1.7322276511953949E-9,37000.0,0.938,0.9388417289347498,0.9388417289347498,0.869857262804366,0.9388349540845986,0.9316666666666666,0.9388417289347498,0.618,0.382,37000.0,3128.0,10.0
meta.DynamicWeightedMajority -l (trees.HoeffdingTree -e 2000000 -g 100 -c 0.01) -e 10,ArffFileStream -f ./../../../Dataset/Synthetic_IM40/stream_gen_agrawal.arff,1,37500.0,2.171875,1.7575156461033569E-9,37500.0,0.954,0.9574618546065659,0.9574618546065659,0.9053279768177028,0.9572989283866115,0.949202666492386,0.9574618546065659,0.598,0.402,37500.0,3128.0,10.0
meta.DynamicWeightedMajority -l (trees.HoeffdingTree -e 2000000 -g 100 -c 0.01) -e 10,ArffFileStream -f ./../../../Dataset/Synthetic_IM40/stream_gen_agrawal.arff,1,38000.0,2.1875,1.7701596435573379E-9,38000.0,0.942,0.9430390492359932,0.9430390492359932,0.878028263795424,0.9430291113871295,0.9356500108516002,0.9430390492359932,0.62,0.38,38000.0,3128.0,10.0
meta.DynamicWeightedMajority -l (trees.HoeffdingTree -e 2000000 -g 100 -c 0.01) -e 10,ArffFileStream -f ./../../../Dataset/Synthetic_IM40/stream_gen_agrawal.arff,1,38500.0,2.203125,1.7828036410113188E-9,38500.0,0.942,0.943422202436893,0.9434222024368931,0.881221534126282,0.9433859666084193,0.9384128847157016,0.943422202436893,0.586,0.414,38500.0,3128.0,9.0
meta.DynamicWeightedMajority -l (trees.HoeffdingTree -e 2000000 -g 100 -c 0.01) -e 10,ArffFileStream -f ./../../../Dataset/Synthetic_IM40/stream_gen_agrawal.arff,1,39000.0,2.234375,1.8080916359192808E-9,39000.0,0.934,0.933131313131313,0.9331313131313131,0.8666127728375101,0.933090877599061,0.9334886128364389,0.933131313131313,0.55,0.45,39000.0,3128.0,9.0
meta.DynamicWeightedMajority -l (trees.HoeffdingTree -e 2000000 -g 100 -c 0.01) -e 10,ArffFileStream -f ./../../../Dataset/Synthetic_IM40/stream_gen_agrawal.arff,1,39500.0,2.265625,1.8333796308272428E-9,39500.0,0.932,0.9273930620761607,0.9273930620761608,0.8605093868977287,0.9267741941194516,0.9341878643349231,0.9273930620761607,0.568,0.432,39500.0,3128.0,9.0
meta.DynamicWeightedMajority -l (trees.HoeffdingTree -e 2000000 -g 100 -c 0.01) -e 10,ArffFileStream -f ./../../../Dataset/Synthetic_IM40/stream_gen_agrawal.arff,1,40000.0,2.28125,1.8460236282812238E-9,40000.0,0.958,0.9582432862575598,0.9582432862575598,0.9124357862432451,0.9582425990976585,0.9543989633862715,0.9582432862575598,0.606,0.394,40000.0,3128.0,8.0
meta.DynamicWeightedMajority -l (trees.HoeffdingTree -e 2000000 -g 100 -c 0.01) -e 10,ArffFileStream -f ./../../../Dataset/Synthetic_IM40/stream_gen_agrawal.arff,1,40500.0,2.296875,1.8586676257352048E-9,40500.0,0.962,0.9620348532494759,0.9620348532494759,0.9223475559914991,0.9620348259233177,0.9603835169318646,0.9620348532494759,0.576,0.424,40500.0,3128.0,8.0
meta.DynamicWeightedMajority -l (trees.HoeffdingTree -e 2000000 -g 100 -c 0.01) -e 10,ArffFileStream -f ./../../../Dataset/Synthetic_IM40/stream_gen_agrawal.arff,1,41000.0,2.296875,1.8586676257352048E-9,41000.0,0.942,0.9365563298490127,0.9365563298490127,0.8690437484194935,0.9364226291060967,0.932576288863714,0.9365563298490127,0.672,0.328,41000.0,3128.0,9.0
meta.DynamicWeightedMajority -l (trees.HoeffdingTree -e 2000000 -g 100 -c 0.01) -e 10,ArffFileStream -f ./../../../Dataset/Synthetic_IM40/stream_gen_agrawal.arff,1,41500.0,2.3125,1.8713116231891858E-9,41500.0,0.93,0.9330430269709207,0.9330430269709207,0.8592161153301583,0.9326741769532937,0.9282025787414203,0.9330430269709207,0.558,0.442,41500.0,3128.0,9.0
meta.DynamicWeightedMajority -l (trees.HoeffdingTree -e 2000000 -g 100 -c 0.01) -e 10,ArffFileStream -f ./../../../Dataset/Synthetic_IM40/stream_gen_agrawal.arff,1,42000.0,2.328125,1.8839556206431665E-9,42000.0,0.944,0.9484679432410246,0.9484679432410246,0.8843720576818249,0.9482337660796544,0.9379038458392632,0.9484679432410246,0.606,0.394,42000.0,3128.0,9.0
meta.DynamicWeightedMajority -l (trees.HoeffdingTree -e 2000000 -g 100 -c 0.01) -e 10,ArffFileStream -f ./../../../Dataset/Synthetic_IM40/stream_gen_agrawal.arff,1,42500.0,2.34375,1.8965996180971473E-9,42500.0,0.938,0.939979262826945,0.9399792628269449,0.8716207262125629,0.9399310965448069,0.9325786349660468,0.939979262826945,0.604,0.396,42500.0,3128.0,10.0
meta.DynamicWeightedMajority -l (trees.HoeffdingTree -e 2000000 -g 100 -c 0.01) -e 10,ArffFileStream -f ./../../../Dataset/Synthetic_IM40/stream_gen_agrawal.arff,1,43000.0,2.359375,1.909243615551128E-9,43000.0,0.95,0.9454272838451359,0.9454272838451359,0.8948271800222125,0.945181204499839,0.9496076839826839,0.9454272838451359,0.606,0.394,43000.0,3128.0,10.0
meta.DynamicWeightedMajority -l (trees.HoeffdingTree -e 2000000 -g 100 -c 0.01) -e 10,ArffFileStream -f ./../../../Dataset/Synthetic_IM40/stream_gen_agrawal.arff,1,43500.0,2.390625,1.93453161045909E-9,43500.0,0.94,0.9495640369654884,0.9495640369654884,0.8732315805486537,0.9489666879090825,0.9284470318953078,0.9495640369654884,0.642,0.358,43500.0,3128.0,10.0
meta.DynamicWeightedMajority -l (trees.HoeffdingTree -e 2000000 -g 100 -c 0.01) -e 10,ArffFileStream -f ./../../../Dataset/Synthetic_IM40/stream_gen_agrawal.arff,1,44000.0,2.421875,1.959819605367052E-9,44000.0,0.954,0.9568492255408143,0.9568492255408143,0.9067648203398625,0.9566446274381759,0.9511949137499798,0.9568492255408143,0.572,0.428,44000.0,3128.0,10.0
meta.DynamicWeightedMajority -l (trees.HoeffdingTree -e 2000000 -g 100 -c 0.01) -e 10,ArffFileStream -f ./../../../Dataset/Synthetic_IM40/stream_gen_agrawal.arff,1,44500.0,2.4375,1.972463602821033E-9,44500.0,0.918,0.9166556902002108,0.9166556902002108,0.8315862114291348,0.9166207639303631,0.91499532625986,0.9166556902002108,0.584,0.416,44500.0,3128.0,10.0
meta.DynamicWeightedMajority -l (trees.HoeffdingTree -e 2000000 -g 100 -c 0.01) -e 10,ArffFileStream -f ./../../../Dataset/Synthetic_IM40/stream_gen_agrawal.arff,1,45000.0,2.46875,1.997751597728995E-9,45000.0,0.934,0.9302154952103016,0.9302154952103016,0.8634919584353696,0.9299552346153469,0.9334673400225929,0.9302154952103016,0.586,0.414,45000.0,3128.0,10.0
meta.DynamicWeightedMajority -l (trees.HoeffdingTree -e 2000000 -g 100 -c 0.01) -e 10,ArffFileStream -f ./../../../Dataset/Synthetic_IM40/stream_gen_agrawal.arff,1,45500.0,2.484375,2.0103955951829756E-9,45500.0,0.952,0.9551957568567242,0.9551957568567241,0.8968717772430388,0.9551313021322942,0.9429541595925297,0.9551957568567242,0.644,0.356,45500.0,3128.0,10.0
meta.DynamicWeightedMajority -l (trees.HoeffdingTree -e 2000000 -g 100 -c 0.01) -e 10,ArffFileStream -f ./../../../Dataset/Synthetic_IM40/stream_gen_agrawal.arff,1,46000.0,2.5,2.0230395926369564E-9,46000.0,0.952,0.9550471603451736,0.9550471603451736,0.900695134061569,0.9549347944071028,0.9467980295566503,0.9550471603451736,0.604,0.396,46000.0,3128.0,10.0
meta.DynamicWeightedMajority -l (trees.HoeffdingTree -e 2000000 -g 100 -c 0.01) -e 10,ArffFileStream -f ./../../../Dataset/Synthetic_IM40/stream_gen_agrawal.arff,1,46500.0,2.515625,2.035683590090937E-9,46500.0,0.942,0.9433129100652766,0.9433129100652766,0.8798833626031346,0.9432909552948164,0.9372036354056902,0.9433129100652766,0.602,0.398,46500.0,3128.0,10.0
meta.DynamicWeightedMajority -l (trees.HoeffdingTree -e 2000000 -g 100 -c 0.01) -e 10,ArffFileStream -f ./../../../Dataset/Synthetic_IM40/stream_gen_agrawal.arff,1,47000.0,2.546875,2.060971584998899E-9,47000.0,0.948,0.9476044919928235,0.9476044919928235,0.8923627210704114,0.9476022530061434,0.9448847500165114,0.9476044919928235,0.596,0.404,47000.0,3128.0,10.0
meta.DynamicWeightedMajority -l (trees.HoeffdingTree -e 2000000 -g 100 -c 0.01) -e 10,ArffFileStream -f ./../../../Dataset/Synthetic_IM40/stream_gen_agrawal.arff,1,47500.0,2.546875,2.060971584998899E-9,47500.0,0.926,0.9241346007218014,0.9241346007218014,0.8440503085274977,0.9241007971712211,0.9201127819548872,0.9241346007218014,0.618,0.382,47500.0,3128.0,10.0
meta.DynamicWeightedMajority -l (trees.HoeffdingTree -e 2000000 -g 100 -c 0.01) -e 10,ArffFileStream -f ./../../../Dataset/Synthetic_IM40/stream_gen_agrawal.arff,1,48000.0,2.578125,2.086259579906861E-9,48000.0,0.948,0.9459326657517071,0.945932665751707,0.8900857331281601,0.9458921040202501,0.9441865960068184,0.9459326657517071,0.618,0.382,48000.0,3128.0,10.0
meta.DynamicWeightedMajority -l (trees.HoeffdingTree -e 2000000 -g 100 -c 0.01) -e 10,ArffFileStream -f ./../../../Dataset/Synthetic_IM40/stream_gen_agrawal.arff,1,48500.0,2.59375,2.098903577360842E-9,48500.0,0.938,0.9373280132085856,0.9373280132085856,0.8677609801044261,0.9373245570566365,0.9308443043765566,0.9373280132085856,0.632,0.368,48500.0,3128.0,10.0
meta.DynamicWeightedMajority -l (trees.HoeffdingTree -e 2000000 -g 100 -c 0.01) -e 10,ArffFileStream -f ./../../../Dataset/Synthetic_IM40/stream_gen_agrawal.arff,1,49000.0,2.625,2.124191572268804E-9,49000.0,0.936,0.9352329913077577,0.9352329913077576,0.8694431751419806,0.9352178232737149,0.9342396974439228,0.9352329913077577,0.572,0.428,49000.0,3128.0,10.0
meta.DynamicWeightedMajority -l (trees.HoeffdingTree -e 2000000 -g 100 -c 0.01) -e 10,ArffFileStream -f ./../../../Dataset/Synthetic_IM40/stream_gen_agrawal.arff,1,49500.0,2.640625,2.1368355697227846E-9,49500.0,0.96,0.9594918659666861,0.9594918659666861,0.9189837319333722,0.9594811396242788,0.9594918659666861,0.9594918659666861,0.556,0.444,49500.0,3128.0,10.0
meta.DynamicWeightedMajority -l (trees.HoeffdingTree -e 2000000 -g 100 -c 0.01) -e 10,ArffFileStream -f ./../../../Dataset/Synthetic_IM40/stream_gen_agrawal.arff,1,50000.0,2.65625,2.1494795671767654E-9,50000.0,0.932,0.9374384236453202,0.9374384236453203,0.8624150210424085,0.9368220044278932,0.9284611425630469,0.9374384236453202,0.58,0.42,50000.0,3128.0,10.0
meta.DynamicWeightedMajority -l (trees.HoeffdingTree -e 2000000 -g 100 -c 0.01) -e 10,ArffFileStream -f ./../../../Dataset/Synthetic_IM40/stream_gen_agrawal.arff,1,50500.0,2.671875,2.162123564630746E-9,50500.0,0.948,0.9487017304854117,0.9487017304854116,0.8948781395047952,0.9486824432742215,0.946442690936083,0.9487017304854117,0.558,0.442,50500.0,3128.0,10.0
meta.DynamicWeightedMajority -l (trees.HoeffdingTree -e 2000000 -g 100 -c 0.01) -e 10,ArffFileStream -f ./../../../Dataset/Synthetic_IM40/stream_gen_agrawal.arff,1,51000.0,2.6875,2.174767562084727E-9,51000.0,0.944,0.9475550204027026,0.9475550204027026,0.8843434009649065,0.9474008651167827,0.9383189203354297,0.9475550204027026,0.604,0.396,51000.0,3128.0,10.0
meta.DynamicWeightedMajority -l (trees.HoeffdingTree -e 2000000 -g 100 -c 0.01) -e 10,ArffFileStream -f ./../../../Dataset/Synthetic_IM40/stream_gen_agrawal.arff,1,51500.0,2.703125,2.1874115595387078E-9,51500.0,0.954,0.9570097902556618,0.9570097902556618,0.9064827765670234,0.9568152896198336,0.9507634575569358,0.9570097902556618,0.578,0.422,51500.0,3128.0,10.0
meta.DynamicWeightedMajority -l (trees.HoeffdingTree -e 2000000 -g 100 -c 0.01) -e 10,ArffFileStream -f ./../../../Dataset/Synthetic_IM40/stream_gen_agrawal.arff,1,52000.0,2.75,2.2253435519006505E-9,52000.0,0.96,0.9624999999999999,0.9625,0.9173553719008265,0.9624188277460078,0.9556650246305418,0.9624999999999999,0.6,0.4,52000.0,3128.0,10.0
meta.DynamicWeightedMajority -l (trees.HoeffdingTree -e 2000000 -g 100 -c 0.01) -e 10,ArffFileStream -f ./../../../Dataset/Synthetic_IM40/stream_gen_agrawal.arff,1,52500.0,2.78125,2.2506315468086125E-9,52500.0,0.932,0.9328286961265685,0.9328286961265685,0.856603009649774,0.9328227112285284,0.9245768947755703,0.9328286961265685,0.624,0.376,52500.0,3128.0,10.0
meta.DynamicWeightedMajority -l (trees.HoeffdingTree -e 2000000 -g 100 -c 0.01) -e 10,ArffFileStream -f ./../../../Dataset/Synthetic_IM40/stream_gen_agrawal.arff,1,53000.0,2.796875,2.2632755442625933E-9,53000.0,0.912,0.9168030551009274,0.9168030551009274,0.8163483371176706,0.9165984699127377,0.9025289778714436,0.9168030551009274,0.624,0.376,53000.0,3128.0,10.0
meta.DynamicWeightedMajority -l (trees.HoeffdingTree -e 2000000 -g 100 -c 0.01) -e 10,ArffFileStream -f ./../../../Dataset/Synthetic_IM40/stream_gen_agrawal.arff,1,53500.0,2.796875,2.2632755442625933E-9,53500.0,0.914,0.9330218068535825,0.9330218068535825,0.8223492860920149,0.9306146429683798,0.9031531531531531,0.9330218068535825,0.642,0.358,53500.0,3128.0,10.0
meta.DynamicWeightedMajority -l (trees.HoeffdingTree -e 2000000 -g 100 -c 0.01) -e 10,ArffFileStream -f ./../../../Dataset/Synthetic_IM40/stream_gen_agrawal.arff,1,54000.0,2.8125,2.275919541716574E-9,54000.0,0.936,0.9433987187107853,0.9433987187107853,0.8703571660076489,0.9424616354793649,0.9319029850746269,0.9433987187107853,0.588,0.412,54000.0,3128.0,10.0
meta.DynamicWeightedMajority -l (trees.HoeffdingTree -e 2000000 -g 100 -c 0.01) -e 10,ArffFileStream -f ./../../../Dataset/Synthetic_IM40/stream_gen_agrawal.arff,1,54500.0,2.828125,2.288563539170555E-9,54500.0,0.928,0.931440990516333,0.9314409905163329,0.8534392912975508,0.9312157660555764,0.9238483436853002,0.931440990516333,0.584,0.416,54500.0,3128.0,10.0
meta.DynamicWeightedMajority -l (trees.HoeffdingTree -e 2000000 -g 100 -c 0.01) -e 10,ArffFileStream -f ./../../../Dataset/Synthetic_IM40/stream_gen_agrawal.arff,1,55000.0,2.875,2.3264955315324976E-9,55000.0,0.94,0.9436781609195402,0.9436781609195402,0.87812804679883,0.9433981132056604,0.9363413216200503,0.9436781609195402,0.58,0.42,55000.0,3128.0,10.0
meta.DynamicWeightedMajority -l (trees.HoeffdingTree -e 2000000 -g 100 -c 0.01) -e 10,ArffFileStream -f ./../../../Dataset/Synthetic_IM40/stream_gen_agrawal.arff,1,55500.0,2.875,2.3264955315324976E-9,55500.0,0.932,0.934974533106961,0.934974533106961,0.8577167726816204,0.9348923836999474,0.9242845786963434,0.934974533106961,0.62,0.38,55500.0,3128.0,10.0
meta.DynamicWeightedMajority -l (trees.HoeffdingTree -e 2000000 -g 100 -c 0.01) -e 10,ArffFileStream -f ./../../../Dataset/Synthetic_IM40/stream_gen_agrawal.arff,1,56000.0,2.890625,2.3391395289864784E-9,56000.0,0.964,0.9650246305418719,0.9650246305418719,0.9263984298331698,0.9650033819078543,0.9616588419405321,0.9650246305418719,0.58,0.42,56000.0,3128.0,10.0
meta.DynamicWeightedMajority -l (trees.HoeffdingTree -e 2000000 -g 100 -c 0.01) -e 10,ArffFileStream -f ./../../../Dataset/Synthetic_IM40/stream_gen_agrawal.arff,1,56500.0,2.90625,2.351783526440459E-9,56500.0,0.94,0.9422276621787026,0.9422276621787026,0.8784342329200098,0.9420932966971809,0.937260976908554,0.9422276621787026,0.57,0.43,56500.0,3128.0,10.0
meta.DynamicWeightedMajority -l (trees.HoeffdingTree -e 2000000 -g 100 -c 0.01) -e 10,ArffFileStream -f ./../../../Dataset/Synthetic_IM40/stream_gen_agrawal.arff,1,57000.0,2.921875,2.36442752389444E-9,57000.0,0.954,0.9526446520015652,0.9526446520015652,0.9024795631084427,0.9526284576058643,0.9499120670995671,0.9526446520015652,0.622,0.378,57000.0,3128.0,10.0
meta.DynamicWeightedMajority -l (trees.HoeffdingTree -e 2000000 -g 100 -c 0.01) -e 10,ArffFileStream -f ./../../../Dataset/Synthetic_IM40/stream_gen_agrawal.arff,1,57500.0,2.921875,2.36442752389444E-9,57500.0,0.94,0.9410704926624738,0.9410704926624738,0.8777705345501956,0.9410441394148544,0.9371753246753247,0.9410704926624738,0.576,0.424,57500.0,3128.0,10.0
meta.DynamicWeightedMajority -l (trees.HoeffdingTree -e 2000000 -g 100 -c 0.01) -e 10,ArffFileStream -f ./../../../Dataset/Synthetic_IM40/stream_gen_agrawal.arff,1,58000.0,2.9375,2.3770715213484207E-9,58000.0,0.946,0.9449048570825005,0.9449048570825005,0.89025817779801,0.944863581839782,0.9453607912030711,0.9449048570825005,0.562,0.438,58000.0,3128.0,10.0
meta.DynamicWeightedMajority -l (trees.HoeffdingTree -e 2000000 -g 100 -c 0.01) -e 10,ArffFileStream -f ./../../../Dataset/Synthetic_IM40/stream_gen_agrawal.arff,1,58500.0,2.953125,2.3897155188024015E-9,58500.0,0.964,0.9642620561738209,0.9642620561738208,0.9257033416985867,0.9642610043855846,0.9615713909378293,0.9642620561738209,0.592,0.408,58500.0,3128.0,10.0
meta.DynamicWeightedMajority -l (trees.HoeffdingTree -e 2000000 -g 100 -c 0.01) -e 10,ArffFileStream -f ./../../../Dataset/Synthetic_IM40/stream_gen_agrawal.arff,1,59000.0,2.953125,2.3897155188024015E-9,59000.0,0.946,0.9492481203007519,0.9492481203007518,0.8880337060013933,0.9491290031716733,0.9401256186389122,0.9492481203007519,0.608,0.392,59000.0,3128.0,9.0
meta.DynamicWeightedMajority -l (trees.HoeffdingTree -e 2000000 -g 100 -c 0.01) -e 10,ArffFileStream -f ./../../../Dataset/Synthetic_IM40/stream_gen_agrawal.arff,1,59500.0,2.96875,2.4023595162563823E-9,59500.0,0.956,0.9545492903073366,0.9545492903073366,0.9073528173166007,0.9545280838657342,0.9528373266078184,0.9545492903073366,0.614,0.386,59500.0,3128.0,9.0
meta.DynamicWeightedMajority -l (trees.HoeffdingTree -e 2000000 -g 100 -c 0.01) -e 10,ArffFileStream -f ./../../../Dataset/Synthetic_IM40/stream_gen_agrawal.arff,1,60000.0,2.984375,2.415003513710363E-9,60000.0,0.942,0.9432114333753678,0.9432114333753677,0.8791062197765549,0.9431953595829433,0.9365394806571277,0.9432114333753678,0.61,0.39,60000.0,3128.0,8.0
meta.DynamicWeightedMajority -l (trees.HoeffdingTree -e 2000000 -g 100 -c 0.01) -e 10,ArffFileStream -f ./../../../Dataset/Synthetic_IM40/stream_gen_agrawal.arff,1,60500.0,2.984375,2.415003513710363E-9,60500.0,0.944,0.9451652386780907,0.9451652386780905,0.8862805620989359,0.9451285911745392,0.9415907140891357,0.9451652386780907,0.57,0.43,60500.0,3128.0,9.0
meta.DynamicWeightedMajority -l (trees.HoeffdingTree -e 2000000 -g 100 -c 0.01) -e 10,ArffFileStream -f ./../../../Dataset/Synthetic_IM40/stream_gen_agrawal.arff,1,61000.0,3.015625,2.440291508618325E-9,61000.0,0.934,0.9335373317013465,0.9335373317013465,0.8655913978494624,0.9335314821428224,0.9321198516494242,0.9335373317013465,0.57,0.43,61000.0,3128.0,9.0
meta.DynamicWeightedMajority -l (trees.HoeffdingTree -e 2000000 -g 100 -c 0.01) -e 10,ArffFileStream -f ./../../../Dataset/Synthetic_IM40/stream_gen_agrawal.arff,1,61500.0,3.03125,2.452935506072306E-9,61500.0,0.952,0.9513509871302472,0.9513509871302473,0.899308585621266,0.951346575076247,0.9480901732557362,0.9513509871302472,0.612,0.388,61500.0,3128.0,10.0
meta.DynamicWeightedMajority -l (trees.HoeffdingTree -e 2000000 -g 100 -c 0.01) -e 10,ArffFileStream -f ./../../../Dataset/Synthetic_IM40/stream_gen_agrawal.arff,1,62000.0,3.046875,2.4655795035262866E-9,62000.0,0.958,0.956791148913549,0.956791148913549,0.9128543921386362,0.9567704331612397,0.9560713871058699,0.956791148913549,0.596,0.404,62000.0,3128.0,10.0
meta.DynamicWeightedMajority -l (trees.HoeffdingTree -e 2000000 -g 100 -c 0.01) -e 10,ArffFileStream -f ./../../../Dataset/Synthetic_IM40/stream_gen_agrawal.arff,1,62500.0,3.046875,2.4655795035262866E-9,62500.0,0.946,0.9438104189044039,0.9438104189044039,0.886817130017774,0.9437559796297998,0.9430148598616207,0.9438104189044039,0.608,0.392,62500.0,3128.0,10.0
meta.DynamicWeightedMajority -l (trees.HoeffdingTree -e 2000000 -g 100 -c 0.01) -e 10,ArffFileStream -f ./../../../Dataset/Synthetic_IM40/stream_gen_agrawal.arff,1,63000.0,3.0625,2.4782235009802674E-9,63000.0,0.964,0.9635386523356759,0.9635386523356759,0.9256996615206803,0.9635352434434278,0.9621935334949135,0.9635386523356759,0.59,0.41,63000.0,3128.0,8.0
meta.DynamicWeightedMajority -l (trees.HoeffdingTree -e 2000000 -g 100 -c 0.01) -e 10,ArffFileStream -f ./../../../Dataset/Synthetic_IM40/stream_gen_agrawal.arff,1,63500.0,3.078125,2.490867498434248E-9,63500.0,0.962,0.9662988115449915,0.9662988115449914,0.9204088471849866,0.9661327878026046,0.9555406279544211,0.9662988115449915,0.62,0.38,63500.0,3128.0,8.0
meta.DynamicWeightedMajority -l (trees.HoeffdingTree -e 2000000 -g 100 -c 0.01) -e 10,ArffFileStream -f ./../../../Dataset/Synthetic_IM40/stream_gen_agrawal.arff,1,64000.0,3.078125,2.490867498434248E-9,64000.0,0.932,0.9327100883501129,0.932710088350113,0.8560395637151954,0.9327059638707504,0.924140708915145,0.9327100883501129,0.628,0.372,64000.0,3128.0,8.0
meta.DynamicWeightedMajority -l (trees.HoeffdingTree -e 2000000 -g 100 -c 0.01) -e 10,ArffFileStream -f ./../../../Dataset/Synthetic_IM40/stream_gen_agrawal.arff,1,64500.0,3.09375,2.503511495888229E-9,64500.0,0.958,0.957940251572327,0.9579402515723271,0.91417361451692,0.9579401709236243,0.9563035495716035,0.957940251572327,0.576,0.424,64500.0,3128.0,7.0
meta.DynamicWeightedMajority -l (trees.HoeffdingTree -e 2000000 -g 100 -c 0.01) -e 10,ArffFileStream -f ./../../../Dataset/Synthetic_IM40/stream_gen_agrawal.arff,1,65000.0,3.09375,2.503511495888229E-9,65000.0,0.948,0.9483333333333333,0.9483333333333334,0.8922056384742952,0.9483318687744988,0.9441582458226009,0.9483333333333333,0.6,0.4,65000.0,3128.0,7.0
meta.DynamicWeightedMajority -l (trees.HoeffdingTree -e 2000000 -g 100 -c 0.01) -e 10,ArffFileStream -f ./../../../Dataset/Synthetic_IM40/stream_gen_agrawal.arff,1,65500.0,3.109375,2.5161554933422097E-9,65500.0,0.956,0.9562446898895498,0.9562446898895497,0.9103475255917063,0.9562431801279456,0.9542260394300215,0.9562446898895498,0.572,0.428,65500.0,3128.0,7.0
meta.DynamicWeightedMajority -l (trees.HoeffdingTree -e 2000000 -g 100 -c 0.01) -e 10,ArffFileStream -f ./../../../Dataset/Synthetic_IM40/stream_gen_agrawal.arff,1,66000.0,3.109375,2.5161554933422097E-9,66000.0,0.96,0.9616585819655791,0.9616585819655791,0.9174645097391878,0.9616197821845891,0.9563218390804598,0.9616585819655791,0.596,0.404,66000.0,3128.0,7.0
meta.DynamicWeightedMajority -l (trees.HoeffdingTree -e 2000000 -g 100 -c 0.01) -e 10,ArffFileStream -f ./../../../Dataset/Synthetic_IM40/stream_gen_agrawal.arff,1,66500.0,3.140625,2.5414434882501717E-9,66500.0,0.962,0.9610067814293166,0.9610067814293166,0.9225248735932148,0.9609790315136267,0.9615259077927376,0.9610067814293166,0.568,0.432,66500.0,3128.0,7.0
meta.DynamicWeightedMajority -l (trees.HoeffdingTree -e 2000000 -g 100 -c 0.01) -e 10,ArffFileStream -f ./../../../Dataset/Synthetic_IM40/stream_gen_agrawal.arff,1,67000.0,3.140625,2.5414434882501717E-9,67000.0,0.942,0.9423335123523093,0.9423335123523094,0.8790900903905807,0.9423322473771294,0.9371465061120233,0.9423335123523093,0.608,0.392,67000.0,3128.0,7.0
meta.DynamicWeightedMajority -l (trees.HoeffdingTree -e 2000000 -g 100 -c 0.01) -e 10,ArffFileStream -f ./../../../Dataset/Synthetic_IM40/stream_gen_agrawal.arff,1,67500.0,3.171875,2.5667314831581337E-9,67500.0,0.936,0.9299483306836248,0.9299483306836247,0.8664975635805353,0.9293665466652076,0.9373357590458864,0.9299483306836248,0.592,0.408,67500.0,3128.0,8.0
meta.DynamicWeightedMajority -l (trees.HoeffdingTree -e 2000000 -g 100 -c 0.01) -e 10,ArffFileStream -f ./../../../Dataset/Synthetic_IM40/stream_gen_agrawal.arff,1,68000.0,3.171875,2.5667314831581337E-9,68000.0,0.94,0.9385809748427673,0.9385809748427673,0.8771619496855346,0.9385345444867592,0.9385809748427673,0.9385809748427673,0.576,0.424,68000.0,3128.0,8.0
meta.DynamicWeightedMajority -l (trees.HoeffdingTree -e 2000000 -g 100 -c 0.01) -e 10,ArffFileStream -f ./../../../Dataset/Synthetic_IM40/stream_gen_agrawal.arff,1,68500.0,3.1875,2.5793754806121144E-9,68500.0,0.956,0.9560600575752874,0.9560600575752874,0.9058428774416654,0.9560600313118942,0.9501012266285578,0.9560600575752874,0.634,0.366,68500.0,3128.0,8.0
meta.DynamicWeightedMajority -l (trees.HoeffdingTree -e 2000000 -g 100 -c 0.01) -e 10,ArffFileStream -f ./../../../Dataset/Synthetic_IM40/stream_gen_agrawal.arff,1,69000.0,3.203125,2.5920194780660952E-9,69000.0,0.96,0.9599304301291056,0.9599304301291056,0.9166722218518766,0.9599303718589761,0.956874210911024,0.9599304301291056,0.604,0.396,69000.0,3128.0,8.0
meta.DynamicWeightedMajority -l (trees.HoeffdingTree -e 2000000 -g 100 -c 0.01) -e 10,ArffFileStream -f ./../../../Dataset/Synthetic_IM40/stream_gen_agrawal.arff,1,69500.0,3.21875,2.604663475520076E-9,69500.0,0.958,0.9568978716888685,0.9568978716888684,0.910959601099013,0.9568872108470527,0.9541396103896104,0.9568978716888685,0.622,0.378,69500.0,3128.0,9.0
meta.DynamicWeightedMajority -l (trees.HoeffdingTree -e 2000000 -g 100 -c 0.01) -e 10,ArffFileStream -f ./../../../Dataset/Synthetic_IM40/stream_gen_agrawal.arff,1,70000.0,3.234375,2.6173074729740568E-9,70000.0,0.958,0.9553274378997088,0.9553274378997086,0.9096043252178105,0.9552753885141788,0.9542859108420474,0.9553274378997088,0.634,0.366,70000.0,3128.0,9.0
meta.DynamicWeightedMajority -l (trees.HoeffdingTree -e 2000000 -g 100 -c 0.01) -e 10,ArffFileStream -f ./../../../Dataset/Synthetic_IM40/stream_gen_agrawal.arff,1,70500.0,3.25,2.6299514704280376E-9,70500.0,0.956,0.9527036323610347,0.9527036323610347,0.9054072647220693,0.9526218058065771,0.9527036323610347,0.9527036323610347,0.632,0.368,70500.0,3128.0,9.0
meta.DynamicWeightedMajority -l (trees.HoeffdingTree -e 2000000 -g 100 -c 0.01) -e 10,ArffFileStream -f ./../../../Dataset/Synthetic_IM40/stream_gen_agrawal.arff,1,71000.0,3.265625,2.6425954678820183E-9,71000.0,0.944,0.9440284129935836,0.9440284129935836,0.883350830708727,0.9440284034799329,0.9396095602992154,0.9440284129935836,0.606,0.394,71000.0,3128.0,10.0
meta.DynamicWeightedMajority -l (trees.HoeffdingTree -e 2000000 -g 100 -c 0.01) -e 10,ArffFileStream -f ./../../../Dataset/Synthetic_IM40/stream_gen_agrawal.arff,1,71500.0,3.296875,2.6678834627899803E-9,71500.0,0.944,0.938780150775743,0.938780150775743,0.8775603015514859,0.9386099366126721,0.938780150775743,0.938780150775743,0.646,0.354,71500.0,3128.0,10.0
meta.DynamicWeightedMajority -l (trees.HoeffdingTree -e 2000000 -g 100 -c 0.01) -e 10,ArffFileStream -f ./../../../Dataset/Synthetic_IM40/stream_gen_agrawal.arff,1,72000.0,3.3125,2.680527460243961E-9,72000.0,0.946,0.9436571271326362,0.9436571271326362,0.8843029035686126,0.9436153964994064,0.9407237190548599,0.9436571271326362,0.632,0.368,72000.0,3128.0,10.0
meta.DynamicWeightedMajority -l (trees.HoeffdingTree -e 2000000 -g 100 -c 0.01) -e 10,ArffFileStream -f ./../../../Dataset/Synthetic_IM40/stream_gen_agrawal.arff,1,72500.0,3.328125,2.693171457697942E-9,72500.0,0.952,0.9489597966419159,0.9489597966419159,0.8994840179588555,0.9488472256353105,0.9505571965628357,0.9489597966419159,0.604,0.396,72500.0,3128.0,10.0
meta.DynamicWeightedMajority -l (trees.HoeffdingTree -e 2000000 -g 100 -c 0.01) -e 10,ArffFileStream -f ./../../../Dataset/Synthetic_IM40/stream_gen_agrawal.arff,1,73000.0,3.359375,2.718459452605904E-9,73000.0,0.92,0.9211822660098523,0.9211822660098522,0.8368678629690048,0.9211526298544042,0.9163961038961039,0.9211822660098523,0.58,0.42,73000.0,3128.0,10.0
meta.DynamicWeightedMajority -l (trees.HoeffdingTree -e 2000000 -g 100 -c 0.01) -e 10,ArffFileStream -f ./../../../Dataset/Synthetic_IM40/stream_gen_agrawal.arff,1,73500.0,3.390625,2.743747447513866E-9,73500.0,0.946,0.9463038392959382,0.9463038392959382,0.8899145410659535,0.9463016123772261,0.9437992061942873,0.9463038392959382,0.574,0.426,73500.0,3128.0,10.0
meta.DynamicWeightedMajority -l (trees.HoeffdingTree -e 2000000 -g 100 -c 0.01) -e 10,ArffFileStream -f ./../../../Dataset/Synthetic_IM40/stream_gen_agrawal.arff,1,74000.0,3.40625,2.7563914449678466E-9,74000.0,0.944,0.9425,0.9425,0.8835274542429284,0.9424701586787775,0.9410592065918002,0.9425,0.6,0.4,74000.0,3128.0,10.0
meta.DynamicWeightedMajority -l (trees.HoeffdingTree -e 2000000 -g 100 -c 0.01) -e 10,ArffFileStream -f ./../../../Dataset/Synthetic_IM40/stream_gen_agrawal.arff,1,74500.0,3.421875,2.7690354424218274E-9,74500.0,0.94,0.9401828298887123,0.9401828298887122,0.8763600395647874,0.9401823048195002,0.9364532019704433,0.9401828298887123,0.592,0.408,74500.0,3128.0,10.0
meta.DynamicWeightedMajority -l (trees.HoeffdingTree -e 2000000 -g 100 -c 0.01) -e 10,ArffFileStream -f ./../../../Dataset/Synthetic_IM40/stream_gen_agrawal.arff,1,75000.0,3.4375,2.781679439875808E-9,75000.0,0.952,0.9518809425382389,0.9518809425382389,0.9010798779985162,0.9518807127352604,0.9493250464493004,0.9518809425382389,0.59,0.41,75000.0,3128.0,10.0
meta.DynamicWeightedMajority -l (trees.HoeffdingTree -e 2000000 -g 100 -c 0.01) -e 10,ArffFileStream -f ./../../../Dataset/Synthetic_IM40/stream_gen_agrawal.arff,1,75500.0,3.46875,2.80696743478377E-9,75500.0,0.938,0.939983579638752,0.939983579638752,0.8736550374959243,0.9399018220748234,0.9345675408294004,0.939983579638752,0.58,0.42,75500.0,3128.0,10.0
meta.DynamicWeightedMajority -l (trees.HoeffdingTree -e 2000000 -g 100 -c 0.01) -e 10,ArffFileStream -f ./../../../Dataset/Synthetic_IM40/stream_gen_agrawal.arff,1,76000.0,3.484375,2.819611432237751E-9,76000.0,0.966,0.9646166309429376,0.9646166309429377,0.9283401901935658,0.9645975488513878,0.9637322282865036,0.9646166309429376,0.614,0.386,76000.0,3128.0,10.0
meta.DynamicWeightedMajority -l (trees.HoeffdingTree -e 2000000 -g 100 -c 0.01) -e 10,ArffFileStream -f ./../../../Dataset/Synthetic_IM40/stream_gen_agrawal.arff,1,76500.0,3.515625,2.844899427145713E-9,76500.0,0.96,0.9597736001617142,0.9597736001617142,0.9160904880177216,0.9597730679829842,0.9564519365843869,0.9597736001617142,0.612,0.388,76500.0,3128.0,10.0
meta.DynamicWeightedMajority -l (trees.HoeffdingTree -e 2000000 -g 100 -c 0.01) -e 10,ArffFileStream -f ./../../../Dataset/Synthetic_IM40/stream_gen_agrawal.arff,1,77000.0,3.53125,2.8575434245996937E-9,77000.0,0.944,0.9506279487009104,0.9506279487009104,0.8857180173708613,0.9500009617700101,0.9387616459627328,0.9506279487009104,0.596,0.404,77000.0,3128.0,10.0
meta.DynamicWeightedMajority -l (trees.HoeffdingTree -e 2000000 -g 100 -c 0.01) -e 10,ArffFileStream -f ./../../../Dataset/Synthetic_IM40/stream_gen_agrawal.arff,1,77500.0,3.546875,2.8701874220536745E-9,77500.0,0.942,0.9423847289122431,0.9423847289122431,0.8826936767846741,0.942378892623364,0.9404915703119954,0.9423847289122431,0.558,0.442,77500.0,3128.0,10.0
meta.DynamicWeightedMajority -l (trees.HoeffdingTree -e 2000000 -g 100 -c 0.01) -e 10,ArffFileStream -f ./../../../Dataset/Synthetic_IM40/stream_gen_agrawal.arff,1,78000.0,3.546875,2.8701874220536745E-9,78000.0,0.95,0.9516602948296299,0.9516602948296299,0.8964511746578747,0.951625492678272,0.9454359852476291,0.9516602948296299,0.602,0.398,78000.0,3128.0,10.0
meta.DynamicWeightedMajority -l (trees.HoeffdingTree -e 2000000 -g 100 -c 0.01) -e 10,ArffFileStream -f ./../../../Dataset/Synthetic_IM40/stream_gen_agrawal.arff,1,78500.0,3.5625,2.8828314195076553E-9,78500.0,0.95,0.9501860272840017,0.9501860272840017,0.8970345963756178,0.9501854652407035,0.9470443349753694,0.9501860272840017,0.59,0.41,78500.0,3128.0,9.0
meta.DynamicWeightedMajority -l (trees.HoeffdingTree -e 2000000 -g 100 -c 0.01) -e 10,ArffFileStream -f ./../../../Dataset/Synthetic_IM40/stream_gen_agrawal.arff,1,79000.0,3.578125,2.895475416961636E-9,79000.0,0.936,0.9329954954954955,0.9329954954954955,0.867312412923771,0.9328525949816316,0.934347797195827,0.9329954954954955,0.592,0.408,79000.0,3128.0,10.0
meta.DynamicWeightedMajority -l (trees.HoeffdingTree -e 2000000 -g 100 -c 0.01) -e 10,ArffFileStream -f ./../../../Dataset/Synthetic_IM40/stream_gen_agrawal.arff,1,79500.0,3.59375,2.908119414415617E-9,79500.0,0.944,0.9432711731414547,0.9432711731414548,0.883533267890122,0.943264407275299,0.9403891128029058,0.9432711731414547,0.602,0.398,79500.0,3128.0,9.0
meta.DynamicWeightedMajority -l (trees.HoeffdingTree -e 2000000 -g 100 -c 0.01) -e 10,ArffFileStream -f ./../../../Dataset/Synthetic_IM40/stream_gen_agrawal.arff,1,80000.0,3.59375,2.908119414415617E-9,80000.0,0.936,0.9351451923715861,0.9351451923715861,0.867523349009737,0.9351345942782291,0.9325011558021267,0.9351451923715861,0.596,0.404,80000.0,3128.0,9.0
meta.DynamicWeightedMajority -l (trees.HoeffdingTree -e 2000000 -g 100 -c 0.01) -e 10,ArffFileStream -f ./../../../Dataset/Synthetic_IM40/stream_gen_agrawal.arff,1,80500.0,3.609375,2.9207634118695976E-9,80500.0,0.944,0.9433511638939327,0.9433511638939327,0.8856302589657707,0.9433409769117315,0.9423092615259078,0.9433511638939327,0.574,0.426,80500.0,3128.0,9.0
meta.DynamicWeightedMajority -l (trees.HoeffdingTree -e 2000000 -g 100 -c 0.01) -e 10,ArffFileStream -f ./../../../Dataset/Synthetic_IM40/stream_gen_agrawal.arff,1,81000.0,3.625,2.9334074093235784E-9,81000.0,0.952,0.9551071878940731,0.9551071878940731,0.9002244948865054,0.9550027564447916,0.9462828312806054,0.9551071878940731,0.61,0.39,81000.0,3128.0,10.0
meta.DynamicWeightedMajority -l (trees.HoeffdingTree -e 2000000 -g 100 -c 0.01) -e 10,ArffFileStream -f ./../../../Dataset/Synthetic_IM40/stream_gen_agrawal.arff,1,81500.0,3.640625,2.946051406777559E-9,81500.0,0.94,0.941679562055941,0.941679562055941,0.8762151545660103,0.9416405718241256,0.9353055970088063,0.941679562055941,0.598,0.402,81500.0,3128.0,10.0
meta.DynamicWeightedMajority -l (trees.HoeffdingTree -e 2000000 -g 100 -c 0.01) -e 10,ArffFileStream -f ./../../../Dataset/Synthetic_IM40/stream_gen_agrawal.arff,1,82000.0,3.65625,2.95869540423154E-9,82000.0,0.952,0.9515686668004548,0.9515686668004548,0.9000066662222519,0.9515664072112529,0.9485680111635325,0.9515686668004548,0.604,0.396,82000.0,3128.0,10.0
meta.DynamicWeightedMajority -l (trees.HoeffdingTree -e 2000000 -g 100 -c 0.01) -e 10,ArffFileStream -f ./../../../Dataset/Synthetic_IM40/stream_gen_agrawal.arff,1,82500.0,3.671875,2.9713394016855207E-9,82500.0,0.956,0.95750609543713,0.9575060954371298,0.9093411574661677,0.9574725815081867,0.952344249659719,0.95750609543713,0.594,0.406,82500.0,3128.0,10.0
meta.DynamicWeightedMajority -l (trees.HoeffdingTree -e 2000000 -g 100 -c 0.01) -e 10,ArffFileStream -f ./../../../Dataset/Synthetic_IM40/stream_gen_agrawal.arff,1,83000.0,3.671875,2.9713394016855207E-9,83000.0,0.96,0.9624785770145926,0.9624785770145926,0.9174767697106736,0.962395498184974,0.9558044572721757,0.9624785770145926,0.598,0.402,83000.0,3128.0,10.0
meta.DynamicWeightedMajority -l (trees.HoeffdingTree -e 2000000 -g 100 -c 0.01) -e 10,ArffFileStream -f ./../../../Dataset/Synthetic_IM40/stream_gen_agrawal.arff,1,83500.0,3.703125,2.9966273965934827E-9,83500.0,0.948,0.9484334311920519,0.9484334311920519,0.8926914631931718,0.94843062906116,0.9445403574540852,0.9484334311920519,0.594,0.406,83500.0,3128.0,9.0
meta.DynamicWeightedMajority -l (trees.HoeffdingTree -e 2000000 -g 100 -c 0.01) -e 10,ArffFileStream -f ./../../../Dataset/Synthetic_IM40/stream_gen_agrawal.arff,1,84000.0,3.703125,2.9966273965934827E-9,84000.0,0.954,0.9536193118023908,0.9536193118023908,0.905265585870568,0.9536168587376213,0.9517173909469081,0.9536193118023908,0.588,0.412,84000.0,3128.0,9.0
meta.DynamicWeightedMajority -l (trees.HoeffdingTree -e 2000000 -g 100 -c 0.01) -e 10,ArffFileStream -f ./../../../Dataset/Synthetic_IM40/stream_gen_agrawal.arff,1,84500.0,3.71875,3.0092713940474635E-9,84500.0,0.94,0.9318535621206556,0.9318535621206556,0.8681411417219008,0.9314358380667912,0.936433861872691,0.9318535621206556,0.646,0.354,84500.0,3128.0,9.0
meta.DynamicWeightedMajority -l (trees.HoeffdingTree -e 2000000 -g 100 -c 0.01) -e 10,ArffFileStream -f ./../../../Dataset/Synthetic_IM40/stream_gen_agrawal.arff,1,85000.0,3.71875,3.0092713940474635E-9,85000.0,0.948,0.9479320218912552,0.9479320218912554,0.8905226281306318,0.947931978128267,0.942889212779146,0.9479320218912552,0.618,0.382,85000.0,3128.0,9.0
meta.DynamicWeightedMajority -l (trees.HoeffdingTree -e 2000000 -g 100 -c 0.01) -e 10,ArffFileStream -f ./../../../Dataset/Synthetic_IM40/stream_gen_agrawal.arff,1,85500.0,3.734375,3.0219153915014443E-9,85500.0,0.946,0.9455056936864092,0.9455056936864092,0.8868285158607739,0.9455031185352563,0.9415265697257049,0.9455056936864092,0.612,0.388,85500.0,3128.0,10.0
meta.DynamicWeightedMajority -l (trees.HoeffdingTree -e 2000000 -g 100 -c 0.01) -e 10,ArffFileStream -f ./../../../Dataset/Synthetic_IM40/stream_gen_agrawal.arff,1,86000.0,3.75,3.034559388955425E-9,86000.0,0.948,0.9498069498069498,0.9498069498069498,0.8896902842596521,0.9497815233436278,0.9407313997477932,0.9498069498069498,0.63,0.37,86000.0,3128.0,10.0
meta.DynamicWeightedMajority -l (trees.HoeffdingTree -e 2000000 -g 100 -c 0.01) -e 10,ArffFileStream -f ./../../../Dataset/Synthetic_IM40/stream_gen_agrawal.arff,1,86500.0,3.765625,3.047203386409406E-9,86500.0,0.952,0.9491187284628448,0.9491187284628447,0.9007920104499082,0.9489708875038465,0.9518004345590552,0.9491187284628448,0.586,0.414,86500.0,3128.0,10.0
meta.DynamicWeightedMajority -l (trees.HoeffdingTree -e 2000000 -g 100 -c 0.01) -e 10,ArffFileStream -f ./../../../Dataset/Synthetic_IM40/stream_gen_agrawal.arff,1,87000.0,3.78125,3.0598473838633866E-9,87000.0,0.95,0.9509571152990057,0.9509571152990058,0.8974602966268539,0.950940834173936,0.9468825566956408,0.9509571152990057,0.586,0.414,87000.0,3128.0,10.0
meta.DynamicWeightedMajority -l (trees.HoeffdingTree -e 2000000 -g 100 -c 0.01) -e 10,ArffFileStream -f ./../../../Dataset/Synthetic_IM40/stream_gen_agrawal.arff,1,87500.0,3.796875,3.0724913813173674E-9,87500.0,0.944,0.9416967417272404,0.9416967417272404,0.8816307895226339,0.9416461671952818,0.9399672579365749,0.9416967417272404,0.618,0.382,87500.0,3128.0,10.0
meta.DynamicWeightedMajority -l (trees.HoeffdingTree -e 2000000 -g 100 -c 0.01) -e 10,ArffFileStream -f ./../../../Dataset/Synthetic_IM40/stream_gen_agrawal.arff,1,88000.0,3.828125,3.0977793762253294E-9,88000.0,0.934,0.9346058049102832,0.9346058049102831,0.8614609571788413,0.9346022797089834,0.9275,0.9346058049102832,0.618,0.382,88000.0,3128.0,10.0
meta.DynamicWeightedMajority -l (trees.HoeffdingTree -e 2000000 -g 100 -c 0.01) -e 10,ArffFileStream -f ./../../../Dataset/Synthetic_IM40/stream_gen_agrawal.arff,1,88500.0,3.84375,3.11042337367931E-9,88500.0,0.956,0.959228042009499,0.959228042009499,0.9089705395564383,0.9591024886761939,0.9509031198686371,0.959228042009499,0.604,0.396,88500.0,3128.0,10.0
meta.DynamicWeightedMajority -l (trees.HoeffdingTree -e 2000000 -g 100 -c 0.01) -e 10,ArffFileStream -f ./../../../Dataset/Synthetic_IM40/stream_gen_agrawal.arff,1,89000.0,3.890625,3.148355366041253E-9,89000.0,0.95,0.9516709596459944,0.9516709596459944,0.8974737532808399,0.9516236008577816,0.9464300285597715,0.9516709596459944,0.588,0.412,89000.0,3128.0,10.0
meta.DynamicWeightedMajority -l (trees.HoeffdingTree -e 2000000 -g 100 -c 0.01) -e 10,ArffFileStream -f ./../../../Dataset/Synthetic_IM40/stream_gen_agrawal.arff,1,89500.0,3.90625,3.1609993634952337E-9,89500.0,0.92,0.9261505289400984,0.9261505289400983,0.8349726054525051,0.9257434179899716,0.9123956703182056,0.9261505289400984,0.612,0.388,89500.0,3128.0,10.0
meta.DynamicWeightedMajority -l (trees.HoeffdingTree -e 2000000 -g 100 -c 0.01) -e 10,ArffFileStream -f ./../../../Dataset/Synthetic_IM40/stream_gen_agrawal.arff,1,90000.0,3.921875,3.1736433609492145E-9,90000.0,0.948,0.949235221165771,0.949235221165771,0.8931536122298019,0.9492104157635253,0.9444144542049042,0.949235221165771,0.59,0.41,90000.0,3128.0,10.0
meta.DynamicWeightedMajority -l (trees.HoeffdingTree -e 2000000 -g 100 -c 0.01) -e 10,ArffFileStream -f ./../../../Dataset/Synthetic_IM40/stream_gen_agrawal.arff,1,90500.0,3.9375,3.1862873584031952E-9,90500.0,0.956,0.9564038699401887,0.9564038699401887,0.9073653007259191,0.9564023388947449,0.951265684944129,0.9564038699401887,0.618,0.382,90500.0,3128.0,10.0
meta.DynamicWeightedMajority -l (trees.HoeffdingTree -e 2000000 -g 100 -c 0.01) -e 10,ArffFileStream -f ./../../../Dataset/Synthetic_IM40/stream_gen_agrawal.arff,1,91000.0,3.953125,3.198931355857176E-9,91000.0,0.908,0.9028039972981867,0.9028039972981867,0.8017754029130397,0.9026076864390784,0.8990990990990991,0.9028039972981867,0.638,0.362,91000.0,3128.0,10.0
meta.DynamicWeightedMajority -l (trees.HoeffdingTree -e 2000000 -g 100 -c 0.01) -e 10,ArffFileStream -f ./../../../Dataset/Synthetic_IM40/stream_gen_agrawal.arff,1,91500.0,3.96875,3.211575353311157E-9,91500.0,0.942,0.9534722222222223,0.9534722222222223,0.8781307782820642,0.9525914945849325,0.9306606651168159,0.9534722222222223,0.64,0.36,91500.0,3128.0,10.0
meta.DynamicWeightedMajority -l (trees.HoeffdingTree -e 2000000 -g 100 -c 0.01) -e 10,ArffFileStream -f ./../../../Dataset/Synthetic_IM40/stream_gen_agrawal.arff,1,92000.0,4.0,3.2368633482191188E-9,92000.0,0.906,0.9178165584415585,0.9178165584415585,0.8078998136219468,0.9164022149037613,0.8987026189669362,0.9178165584415585,0.616,0.384,92000.0,3128.0,10.0
meta.DynamicWeightedMajority -l (trees.HoeffdingTree -e 2000000 -g 100 -c 0.01) -e 10,ArffFileStream -f ./../../../Dataset/Synthetic_IM40/stream_gen_agrawal.arff,1,92500.0,4.015625,3.2495073456730996E-9,92500.0,0.894,0.913961038961039,0.913961038961039,0.787011734447838,0.9099022353649199,0.8918367346938776,0.913961038961039,0.616,0.384,92500.0,3128.0,10.0
meta.DynamicWeightedMajority -l (trees.HoeffdingTree -e 2000000 -g 100 -c 0.01) -e 10,ArffFileStream -f ./../../../Dataset/Synthetic_IM40/stream_gen_agrawal.arff,1,93000.0,4.046875,3.2747953405810615E-9,93000.0,0.932,0.9441910290966895,0.9441910290966895,0.858134721944055,0.9431266461191445,0.9210560796645703,0.9441910290966895,0.636,0.364,93000.0,3128.0,10.0
meta.DynamicWeightedMajority -l (trees.HoeffdingTree -e 2000000 -g 100 -c 0.01) -e 10,ArffFileStream -f ./../../../Dataset/Synthetic_IM40/stream_gen_agrawal.arff,1,93500.0,4.0625,3.2874393380350423E-9,93500.0,0.94,0.9442060802350624,0.9442060802350624,0.876472041505394,0.9439809417378332,0.9342309261525907,0.9442060802350624,0.602,0.398,93500.0,3128.0,10.0
meta.DynamicWeightedMajority -l (trees.HoeffdingTree -e 2000000 -g 100 -c 0.01) -e 10,ArffFileStream -f ./../../../Dataset/Synthetic_IM40/stream_gen_agrawal.arff,1,94000.0,4.09375,3.3127273329430043E-9,94000.0,0.954,0.9543458159963014,0.9543458159963014,0.9054027375625164,0.9543437933054416,0.9512537102937076,0.9543458159963014,0.588,0.412,94000.0,3128.0,10.0
meta.DynamicWeightedMajority -l (trees.HoeffdingTree -e 2000000 -g 100 -c 0.01) -e 10,ArffFileStream -f ./../../../Dataset/Synthetic_IM40/stream_gen_agrawal.arff,1,94500.0,4.109375,3.325371330396985E-9,94500.0,0.936,0.9345057610673135,0.9345057610673135,0.8657447808283547,0.9344819522615118,0.9313666465984347,0.9345057610673135,0.612,0.388,94500.0,3128.0,10.0
meta.DynamicWeightedMajority -l (trees.HoeffdingTree -e 2000000 -g 100 -c 0.01) -e 10,ArffFileStream -f ./../../../Dataset/Synthetic_IM40/stream_gen_agrawal.arff,1,95000.0,4.140625,3.350659325304947E-9,95000.0,0.946,0.9436937306285771,0.9436937306285771,0.8890933587460156,0.9435779231918683,0.9454689146469968,0.9436937306285771,0.578,0.422,95000.0,3128.0,10.0
meta.DynamicWeightedMajority -l (trees.HoeffdingTree -e 2000000 -g 100 -c 0.01) -e 10,ArffFileStream -f ./../../../Dataset/Synthetic_IM40/stream_gen_agrawal.arff,1,95500.0,4.15625,3.363303322758928E-9,95500.0,0.95,0.9492254446829398,0.9492254446829398,0.896258672774956,0.9492172185589479,0.9471051934287229,0.9492254446829398,0.598,0.402,95500.0,3128.0,10.0
meta.DynamicWeightedMajority -l (trees.HoeffdingTree -e 2000000 -g 100 -c 0.01) -e 10,ArffFileStream -f ./../../../Dataset/Synthetic_IM40/stream_gen_agrawal.arff,1,96000.0,4.171875,3.3759473202129086E-9,96000.0,0.984,0.9838319497380741,0.9838319497380742,0.9652783805836704,0.9838317717910092,0.9814856509465006,0.9838319497380741,0.642,0.358,96000.0,3128.0,10.0
meta.DynamicWeightedMajority -l (trees.HoeffdingTree -e 2000000 -g 100 -c 0.01) -e 10,ArffFileStream -f ./../../../Dataset/Synthetic_IM40/stream_gen_agrawal.arff,1,96500.0,4.1875,3.3885913176668894E-9,96500.0,0.964,0.9641666666666666,0.9641666666666667,0.925249169435216,0.9641663065398348,0.9612148913619502,0.9641666666666666,0.6,0.4,96500.0,3128.0,10.0
meta.DynamicWeightedMajority -l (trees.HoeffdingTree -e 2000000 -g 100 -c 0.01) -e 10,ArffFileStream -f ./../../../Dataset/Synthetic_IM40/stream_gen_agrawal.arff,1,97000.0,4.203125,3.40123531512087E-9,97000.0,0.946,0.944844538713231,0.944844538713231,0.8890897140979297,0.9448182700007709,0.9442528735632184,0.944844538713231,0.582,0.418,97000.0,3128.0,10.0
meta.DynamicWeightedMajority -l (trees.HoeffdingTree -e 2000000 -g 100 -c 0.01) -e 10,ArffFileStream -f ./../../../Dataset/Synthetic_IM40/stream_gen_agrawal.arff,1,97500.0,4.21875,3.413879312574851E-9,97500.0,0.942,0.9432397959183674,0.9432397959183674,0.8793074746129516,0.9432223318745898,0.936709384042993,0.9432397959183674,0.608,0.392,97500.0,3128.0,10.0
meta.DynamicWeightedMajority -l (trees.HoeffdingTree -e 2000000 -g 100 -c 0.01) -e 10,ArffFileStream -f ./../../../Dataset/Synthetic_IM40/stream_gen_agrawal.arff,1,98000.0,4.234375,3.4265233100288317E-9,98000.0,0.952,0.9502413295516743,0.9502413295516744,0.9004826591033488,0.9501952827102796,0.9502413295516743,0.9502413295516743,0.594,0.406,98000.0,3128.0,10.0
meta.DynamicWeightedMajority -l (trees.HoeffdingTree -e 2000000 -g 100 -c 0.01) -e 10,ArffFileStream -f ./../../../Dataset/Synthetic_IM40/stream_gen_agrawal.arff,1,98500.0,4.25,3.4391673074828125E-9,98500.0,0.952,0.9502502705627706,0.9502502705627706,0.8987375953554311,0.9502203407039053,0.9485209891516744,0.9502502705627706,0.616,0.384,98500.0,3128.0,10.0
meta.DynamicWeightedMajority -l (trees.HoeffdingTree -e 2000000 -g 100 -c 0.01) -e 10,ArffFileStream -f ./../../../Dataset/Synthetic_IM40/stream_gen_agrawal.arff,1,99000.0,4.265625,3.4518113049367933E-9,99000.0,0.94,0.9363327674023769,0.9363327674023769,0.8726655348047538,0.9362080798415549,0.9363327674023769,0.9363327674023769,0.62,0.38,99000.0,3128.0,10.0
meta.DynamicWeightedMajority -l (trees.HoeffdingTree -e 2000000 -g 100 -c 0.01) -e 10,ArffFileStream -f ./../../../Dataset/Synthetic_IM40/stream_gen_agrawal.arff,1,99500.0,4.265625,3.4518113049367933E-9,99500.0,0.94,0.9397644927536232,0.9397644927536232,0.8787898377399961,0.9397617644451404,0.9390543246560299,0.9397644927536232,0.552,0.448,99500.0,3128.0,9.0
meta.DynamicWeightedMajority -l (trees.HoeffdingTree -e 2000000 -g 100 -c 0.01) -e 10,ArffFileStream -f ./../../../Dataset/Synthetic_IM40/stream_gen_agrawal.arff,1,100000.0,4.28125,3.464455302390774E-9,100000.0,0.958,0.9574051776038531,0.9574051776038531,0.9124299439551641,0.9574009066669484,0.955099086507263,0.9574051776038531,0.604,0.396,100000.0,3128.0,10.0
