Learner,stream,randomSeed,learning evaluation instances,evaluation time (cpu seconds),model cost (RAM-Hours),classified instances,Accuracy,AvgAccuracy,AUC,Kappa,G-Mean,Precision,Recall,Ratio-Class-0,Ratio-Class-1,model training instances,model serialized size (bytes)
meta.imbalanced.RebalanceStream -l (trees.HoeffdingTree -e 2000000 -g 100 -c 0.01),ArffFileStream -f ./../../../Dataset/Synthetic_IM05/stream_gen_hyperplane.arff,1,500.0,0.078125,1.0542054143216875E-10,500.0,0.924,0.5,0.5,0.0,0.0,0.924,0.5,0.924,0.076,500.0,5216.0
meta.imbalanced.RebalanceStream -l (trees.HoeffdingTree -e 2000000 -g 100 -c 0.01),ArffFileStream -f ./../../../Dataset/Synthetic_IM05/stream_gen_hyperplane.arff,1,1000.0,0.125,1.7080714719163047E-10,1000.0,0.94,0.5,0.5,0.0,0.0,0.94,0.5,0.94,0.06,1000.0,5392.0
meta.imbalanced.RebalanceStream -l (trees.HoeffdingTree -e 2000000 -g 100 -c 0.01),ArffFileStream -f ./../../../Dataset/Synthetic_IM05/stream_gen_hyperplane.arff,1,1500.0,0.15625,2.1575639645258585E-10,1500.0,0.938,0.498936170212766,0.49893617021276593,-0.0038860103626943004,0.0,0.46993987975951906,0.498936170212766,0.94,0.06,1500.0,5560.0
meta.imbalanced.RebalanceStream -l (trees.HoeffdingTree -e 2000000 -g 100 -c 0.01),ArffFileStream -f ./../../../Dataset/Synthetic_IM05/stream_gen_hyperplane.arff,1,2000.0,0.1875,2.6070564571354126E-10,2000.0,0.94,0.4989384288747346,0.4989384288747346,-0.0038816758131441573,0.0,0.4709418837675351,0.4989384288747346,0.942,0.058,2000.0,5560.0
meta.imbalanced.RebalanceStream -l (trees.HoeffdingTree -e 2000000 -g 100 -c 0.01),ArffFileStream -f ./../../../Dataset/Synthetic_IM05/stream_gen_hyperplane.arff,1,2500.0,0.21875,3.0565489497449664E-10,2500.0,0.946,0.4978947368421053,0.4978947368421053,-0.007462686567164179,0.0,0.4748995983935743,0.4978947368421053,0.95,0.05,2500.0,5560.0
meta.imbalanced.RebalanceStream -l (trees.HoeffdingTree -e 2000000 -g 100 -c 0.01),ArffFileStream -f ./../../../Dataset/Synthetic_IM05/stream_gen_hyperplane.arff,1,3000.0,0.234375,3.288086089822981E-10,3000.0,0.952,0.5,0.5,0.0,0.0,0.952,0.5,0.952,0.048,3000.0,5728.0
meta.imbalanced.RebalanceStream -l (trees.HoeffdingTree -e 2000000 -g 100 -c 0.01),ArffFileStream -f ./../../../Dataset/Synthetic_IM05/stream_gen_hyperplane.arff,1,3500.0,0.234375,3.288086089822981E-10,3500.0,0.93,0.4989270386266094,0.49892703862660936,-0.003900871959614502,0.0,0.46593186372745493,0.4989270386266094,0.932,0.068,3500.0,5728.0
meta.imbalanced.RebalanceStream -l (trees.HoeffdingTree -e 2000000 -g 100 -c 0.01),ArffFileStream -f ./../../../Dataset/Synthetic_IM05/stream_gen_hyperplane.arff,1,4000.0,0.25,3.519623229900996E-10,4000.0,0.918,0.5,0.5,0.0,0.0,0.918,0.5,0.918,0.082,4000.0,5728.0
meta.imbalanced.RebalanceStream -l (trees.HoeffdingTree -e 2000000 -g 100 -c 0.01),ArffFileStream -f ./../../../Dataset/Synthetic_IM05/stream_gen_hyperplane.arff,1,4500.0,0.265625,3.751160369979011E-10,4500.0,0.94,0.5,0.5,0.0,0.0,0.94,0.5,0.94,0.06,4500.0,5728.0
meta.imbalanced.RebalanceStream -l (trees.HoeffdingTree -e 2000000 -g 100 -c 0.01),ArffFileStream -f ./../../../Dataset/Synthetic_IM05/stream_gen_hyperplane.arff,1,5000.0,0.28125,3.9826975100570256E-10,5000.0,0.938,0.5,0.5,0.0,0.0,0.938,0.5,0.938,0.062,5000.0,5728.0
meta.imbalanced.RebalanceStream -l (trees.HoeffdingTree -e 2000000 -g 100 -c 0.01),ArffFileStream -f ./../../../Dataset/Synthetic_IM05/stream_gen_hyperplane.arff,1,5500.0,0.296875,4.2210255439082783E-10,5500.0,0.942,0.5,0.5,0.0,0.0,0.942,0.5,0.942,0.058,5500.0,5896.0
meta.imbalanced.RebalanceStream -l (trees.HoeffdingTree -e 2000000 -g 100 -c 0.01),ArffFileStream -f ./../../../Dataset/Synthetic_IM05/stream_gen_hyperplane.arff,1,6000.0,0.3125,4.459353577759531E-10,6000.0,0.924,0.4978448275862069,0.49784482758620685,-0.007636826474331778,0.0,0.463855421686747,0.4978448275862069,0.928,0.072,6000.0,5896.0
meta.imbalanced.RebalanceStream -l (trees.HoeffdingTree -e 2000000 -g 100 -c 0.01),ArffFileStream -f ./../../../Dataset/Synthetic_IM05/stream_gen_hyperplane.arff,1,6500.0,0.3125,4.459353577759531E-10,6500.0,0.926,0.4989224137931034,0.4989224137931034,-0.003907097894508357,0.0,0.46392785571142287,0.4989224137931034,0.928,0.072,6500.0,5896.0
meta.imbalanced.RebalanceStream -l (trees.HoeffdingTree -e 2000000 -g 100 -c 0.01),ArffFileStream -f ./../../../Dataset/Synthetic_IM05/stream_gen_hyperplane.arff,1,7000.0,0.3125,4.459353577759531E-10,7000.0,0.938,0.5,0.5,0.0,0.0,0.938,0.5,0.938,0.062,7000.0,5896.0
meta.imbalanced.RebalanceStream -l (trees.HoeffdingTree -e 2000000 -g 100 -c 0.01),ArffFileStream -f ./../../../Dataset/Synthetic_IM05/stream_gen_hyperplane.arff,1,7500.0,0.328125,4.697681611610784E-10,7500.0,0.946,0.5178571428571429,0.5178571428571428,0.06535585710329549,0.1889822365046136,0.9729458917835672,0.5178571428571429,0.944,0.056,7500.0,5896.0
meta.imbalanced.RebalanceStream -l (trees.HoeffdingTree -e 2000000 -g 100 -c 0.01),ArffFileStream -f ./../../../Dataset/Synthetic_IM05/stream_gen_hyperplane.arff,1,8000.0,0.328125,4.697681611610784E-10,8000.0,0.926,0.5252335383914332,0.5252335383914333,0.08741120757695343,0.22916731394510795,0.7971160295103956,0.5252335383914332,0.924,0.076,8000.0,5896.0
meta.imbalanced.RebalanceStream -l (trees.HoeffdingTree -e 2000000 -g 100 -c 0.01),ArffFileStream -f ./../../../Dataset/Synthetic_IM05/stream_gen_hyperplane.arff,1,8500.0,0.328125,4.697681611610784E-10,8500.0,0.922,0.4989177489177489,0.498917748917749,-0.003912685337726524,0.0,0.4619238476953908,0.4989177489177489,0.924,0.076,8500.0,5896.0
meta.imbalanced.RebalanceStream -l (trees.HoeffdingTree -e 2000000 -g 100 -c 0.01),ArffFileStream -f ./../../../Dataset/Synthetic_IM05/stream_gen_hyperplane.arff,1,9000.0,0.34375,4.936009645462036E-10,9000.0,0.942,0.4989406779661017,0.49894067796610164,-0.003877042370534478,0.0,0.47194388777555113,0.4989406779661017,0.944,0.056,9000.0,5896.0
meta.imbalanced.RebalanceStream -l (trees.HoeffdingTree -e 2000000 -g 100 -c 0.01),ArffFileStream -f ./../../../Dataset/Synthetic_IM05/stream_gen_hyperplane.arff,1,9500.0,0.375,5.412665713164542E-10,9500.0,0.934,0.4978678038379531,0.49786780383795315,-0.007572056668295066,0.0,0.46887550200803213,0.4978678038379531,0.938,0.062,9500.0,5896.0
meta.imbalanced.RebalanceStream -l (trees.HoeffdingTree -e 2000000 -g 100 -c 0.01),ArffFileStream -f ./../../../Dataset/Synthetic_IM05/stream_gen_hyperplane.arff,1,10000.0,0.390625,5.650993747015794E-10,10000.0,0.922,0.5102737726927792,0.5102737726927792,0.034844585230647394,0.16386551162945157,0.5887096774193548,0.5102737726927792,0.926,0.074,10000.0,5896.0
meta.imbalanced.RebalanceStream -l (trees.HoeffdingTree -e 2000000 -g 100 -c 0.01),ArffFileStream -f ./../../../Dataset/Synthetic_IM05/stream_gen_hyperplane.arff,1,10500.0,0.40625,5.896112674640285E-10,10500.0,0.918,0.4989130434782609,0.49891304347826093,-0.0039177277179236044,0.0,0.45991983967935873,0.4989130434782609,0.92,0.08,10500.0,6064.0
meta.imbalanced.RebalanceStream -l (trees.HoeffdingTree -e 2000000 -g 100 -c 0.01),ArffFileStream -f ./../../../Dataset/Synthetic_IM05/stream_gen_hyperplane.arff,1,11000.0,0.40625,5.896112674640285E-10,11000.0,0.938,0.5,0.5,0.0,0.0,0.938,0.5,0.938,0.062,11000.0,6064.0
meta.imbalanced.RebalanceStream -l (trees.HoeffdingTree -e 2000000 -g 100 -c 0.01),ArffFileStream -f ./../../../Dataset/Synthetic_IM05/stream_gen_hyperplane.arff,1,11500.0,0.421875,6.141231602264776E-10,11500.0,0.924,0.5128205128205128,0.5128205128205128,0.046280493926312616,0.16012815380508713,0.9619238476953909,0.5128205128205128,0.922,0.078,11500.0,6064.0
meta.imbalanced.RebalanceStream -l (trees.HoeffdingTree -e 2000000 -g 100 -c 0.01),ArffFileStream -f ./../../../Dataset/Synthetic_IM05/stream_gen_hyperplane.arff,1,12000.0,0.4375,6.386350529889266E-10,12000.0,0.934,0.5,0.5,0.0,0.0,0.934,0.5,0.934,0.066,12000.0,6064.0
meta.imbalanced.RebalanceStream -l (trees.HoeffdingTree -e 2000000 -g 100 -c 0.01),ArffFileStream -f ./../../../Dataset/Synthetic_IM05/stream_gen_hyperplane.arff,1,12500.0,0.453125,6.631469457513757E-10,12500.0,0.918,0.5,0.5,0.0,0.0,0.918,0.5,0.918,0.082,12500.0,6064.0
meta.imbalanced.RebalanceStream -l (trees.HoeffdingTree -e 2000000 -g 100 -c 0.01),ArffFileStream -f ./../../../Dataset/Synthetic_IM05/stream_gen_hyperplane.arff,1,13000.0,0.453125,6.631469457513757E-10,13000.0,0.922,0.5,0.5,0.0,0.0,0.922,0.5,0.922,0.078,13000.0,6064.0
meta.imbalanced.RebalanceStream -l (trees.HoeffdingTree -e 2000000 -g 100 -c 0.01),ArffFileStream -f ./../../../Dataset/Synthetic_IM05/stream_gen_hyperplane.arff,1,13500.0,0.46875,6.876588385138247E-10,13500.0,0.936,0.5294117647058824,0.5294117647058824,0.10434393193013883,0.24253562503633297,0.9678714859437751,0.5294117647058824,0.932,0.068,13500.0,6064.0
meta.imbalanced.RebalanceStream -l (trees.HoeffdingTree -e 2000000 -g 100 -c 0.01),ArffFileStream -f ./../../../Dataset/Synthetic_IM05/stream_gen_hyperplane.arff,1,14000.0,0.46875,6.876588385138247E-10,14000.0,0.944,0.5167978208232445,0.5167978208232444,0.05964535196131112,0.18878193731054235,0.7228915662650602,0.5167978208232445,0.944,0.056,14000.0,6064.0
meta.imbalanced.RebalanceStream -l (trees.HoeffdingTree -e 2000000 -g 100 -c 0.01),ArffFileStream -f ./../../../Dataset/Synthetic_IM05/stream_gen_hyperplane.arff,1,14500.0,0.484375,7.121707312762738E-10,14500.0,0.922,0.51099339257234,0.51099339257234,0.038082083662194156,0.1618699116795072,0.6294433266264252,0.51099339257234,0.924,0.076,14500.0,6064.0
meta.imbalanced.RebalanceStream -l (trees.HoeffdingTree -e 2000000 -g 100 -c 0.01),ArffFileStream -f ./../../../Dataset/Synthetic_IM05/stream_gen_hyperplane.arff,1,15000.0,0.484375,7.121707312762738E-10,15000.0,0.924,0.525,0.525,0.08829174664107485,0.22360679774997896,0.9618473895582329,0.525,0.92,0.08,15000.0,6064.0
meta.imbalanced.RebalanceStream -l (trees.HoeffdingTree -e 2000000 -g 100 -c 0.01),ArffFileStream -f ./../../../Dataset/Synthetic_IM05/stream_gen_hyperplane.arff,1,15500.0,0.5,7.366826240387229E-10,15500.0,0.926,0.5117337164750958,0.5117337164750957,0.04065546567102261,0.16630708336391295,0.6314553990610329,0.5117337164750958,0.928,0.072,15500.0,6064.0
meta.imbalanced.RebalanceStream -l (trees.HoeffdingTree -e 2000000 -g 100 -c 0.01),ArffFileStream -f ./../../../Dataset/Synthetic_IM05/stream_gen_hyperplane.arff,1,16000.0,0.515625,7.611945168011719E-10,16000.0,0.926,0.5375,0.5375,0.12982126058325494,0.27386127875258304,0.9627766599597585,0.5375,0.92,0.08,16000.0,6064.0
meta.imbalanced.RebalanceStream -l (trees.HoeffdingTree -e 2000000 -g 100 -c 0.01),ArffFileStream -f ./../../../Dataset/Synthetic_IM05/stream_gen_hyperplane.arff,1,16500.0,0.515625,7.611945168011719E-10,16500.0,0.95,0.4989495798319328,0.4989495798319328,-0.0038548024413748794,0.0,0.4759519038076152,0.4989495798319328,0.952,0.048,16500.0,6064.0
meta.imbalanced.RebalanceStream -l (trees.HoeffdingTree -e 2000000 -g 100 -c 0.01),ArffFileStream -f ./../../../Dataset/Synthetic_IM05/stream_gen_hyperplane.arff,1,17000.0,0.53125,7.85706409563621E-10,17000.0,0.97,0.53125,0.53125,0.11431270666036844,0.25,0.9849699398797596,0.53125,0.968,0.032,17000.0,6064.0
meta.imbalanced.RebalanceStream -l (trees.HoeffdingTree -e 2000000 -g 100 -c 0.01),ArffFileStream -f ./../../../Dataset/Synthetic_IM05/stream_gen_hyperplane.arff,1,17500.0,0.53125,7.85706409563621E-10,17500.0,0.906,0.5095345451129585,0.5095345451129585,0.03339914445541296,0.14570390366134314,0.7038152610441767,0.5095345451129585,0.906,0.094,17500.0,6064.0
meta.imbalanced.RebalanceStream -l (trees.HoeffdingTree -e 2000000 -g 100 -c 0.01),ArffFileStream -f ./../../../Dataset/Synthetic_IM05/stream_gen_hyperplane.arff,1,18000.0,0.53125,7.85706409563621E-10,18000.0,0.936,0.5,0.5,0.0,0.0,0.936,0.5,0.936,0.064,18000.0,6064.0
meta.imbalanced.RebalanceStream -l (trees.HoeffdingTree -e 2000000 -g 100 -c 0.01),ArffFileStream -f ./../../../Dataset/Synthetic_IM05/stream_gen_hyperplane.arff,1,18500.0,0.546875,8.1021830232607E-10,18500.0,0.93,0.5132104454685099,0.51321044546851,0.046840958605664486,0.16884899952033147,0.7158634538152611,0.5132104454685099,0.93,0.07,18500.0,6064.0
meta.imbalanced.RebalanceStream -l (trees.HoeffdingTree -e 2000000 -g 100 -c 0.01),ArffFileStream -f ./../../../Dataset/Synthetic_IM05/stream_gen_hyperplane.arff,1,19000.0,0.546875,8.1021830232607E-10,19000.0,0.92,0.5106513154235497,0.5106513154235497,0.03688721949340268,0.15978042667634132,0.6284372904091214,0.5106513154235497,0.922,0.078,19000.0,6064.0
meta.imbalanced.RebalanceStream -l (trees.HoeffdingTree -e 2000000 -g 100 -c 0.01),ArffFileStream -f ./../../../Dataset/Synthetic_IM05/stream_gen_hyperplane.arff,1,19500.0,0.578125,8.592420878509681E-10,19500.0,0.922,0.5125,0.5125,0.04505386875612145,0.15811388300841897,0.9609218436873748,0.5125,0.92,0.08,19500.0,6064.0
meta.imbalanced.RebalanceStream -l (trees.HoeffdingTree -e 2000000 -g 100 -c 0.01),ArffFileStream -f ./../../../Dataset/Synthetic_IM05/stream_gen_hyperplane.arff,1,20000.0,0.578125,8.592420878509681E-10,20000.0,0.94,0.4978813559322034,0.4978813559322034,-0.007522837184309511,0.0,0.4718875502008032,0.4978813559322034,0.944,0.056,20000.0,6064.0
meta.imbalanced.RebalanceStream -l (trees.HoeffdingTree -e 2000000 -g 100 -c 0.01),ArffFileStream -f ./../../../Dataset/Synthetic_IM05/stream_gen_hyperplane.arff,1,20500.0,0.578125,8.592420878509681E-10,20500.0,0.926,0.5,0.5,0.0,0.0,0.926,0.5,0.926,0.074,20500.0,6232.0
meta.imbalanced.RebalanceStream -l (trees.HoeffdingTree -e 2000000 -g 100 -c 0.01),ArffFileStream -f ./../../../Dataset/Synthetic_IM05/stream_gen_hyperplane.arff,1,21000.0,0.59375,8.84433069990741E-10,21000.0,0.93,0.5138888888888888,0.5138888888888888,0.05035815064032993,0.16666666666666666,0.9649298597194389,0.5138888888888888,0.928,0.072,21000.0,6232.0
meta.imbalanced.RebalanceStream -l (trees.HoeffdingTree -e 2000000 -g 100 -c 0.01),ArffFileStream -f ./../../../Dataset/Synthetic_IM05/stream_gen_hyperplane.arff,1,21500.0,0.59375,8.84433069990741E-10,21500.0,0.942,0.5166666666666667,0.5166666666666666,0.06088082901554404,0.18257418583505536,0.9709418837675351,0.5166666666666667,0.94,0.06,21500.0,6232.0
meta.imbalanced.RebalanceStream -l (trees.HoeffdingTree -e 2000000 -g 100 -c 0.01),ArffFileStream -f ./../../../Dataset/Synthetic_IM05/stream_gen_hyperplane.arff,1,22000.0,0.609375,9.096240521305138E-10,22000.0,0.926,0.5248671998132042,0.5248671998132042,0.08433973470599881,0.23199258440762122,0.7147177419354839,0.5248671998132042,0.926,0.074,22000.0,6232.0
meta.imbalanced.RebalanceStream -l (trees.HoeffdingTree -e 2000000 -g 100 -c 0.01),ArffFileStream -f ./../../../Dataset/Synthetic_IM05/stream_gen_hyperplane.arff,1,22500.0,0.609375,9.096240521305138E-10,22500.0,0.922,0.524390243902439,0.524390243902439,0.0860517435320585,0.2208630521496931,0.9608433734939759,0.524390243902439,0.918,0.082,22500.0,6232.0
meta.imbalanced.RebalanceStream -l (trees.HoeffdingTree -e 2000000 -g 100 -c 0.01),ArffFileStream -f ./../../../Dataset/Synthetic_IM05/stream_gen_hyperplane.arff,1,23000.0,0.640625,9.600060164100594E-10,23000.0,0.936,0.5436698717948718,0.5436698717948718,0.14052428018908467,0.30520327400199765,0.7206477732793521,0.5436698717948718,0.936,0.064,23000.0,6232.0
meta.imbalanced.RebalanceStream -l (trees.HoeffdingTree -e 2000000 -g 100 -c 0.01),ArffFileStream -f ./../../../Dataset/Synthetic_IM05/stream_gen_hyperplane.arff,1,23500.0,0.65625,9.851969985498322E-10,23500.0,0.92,0.545512513948669,0.545512513948669,0.14624775890036712,0.31132510688089104,0.7481889307447116,0.545512513948669,0.918,0.082,23500.0,6232.0
meta.imbalanced.RebalanceStream -l (trees.HoeffdingTree -e 2000000 -g 100 -c 0.01),ArffFileStream -f ./../../../Dataset/Synthetic_IM05/stream_gen_hyperplane.arff,1,24000.0,0.671875,1.010387980689605E-9,24000.0,0.938,0.5145390070921986,0.5145390070921985,0.05024509803921569,0.18218531598815016,0.6374916163648557,0.5145390070921986,0.94,0.06,24000.0,6232.0
meta.imbalanced.RebalanceStream -l (trees.HoeffdingTree -e 2000000 -g 100 -c 0.01),ArffFileStream -f ./../../../Dataset/Synthetic_IM05/stream_gen_hyperplane.arff,1,24500.0,0.671875,1.010387980689605E-9,24500.0,0.936,0.5145566239316239,0.5145566239316239,0.051683262209578,0.17658773030912,0.7188755020080322,0.5145566239316239,0.936,0.064,24500.0,6232.0
meta.imbalanced.RebalanceStream -l (trees.HoeffdingTree -e 2000000 -g 100 -c 0.01),ArffFileStream -f ./../../../Dataset/Synthetic_IM05/stream_gen_hyperplane.arff,1,25000.0,0.703125,1.0607699449691506E-9,25000.0,0.942,0.4989406779661017,0.49894067796610164,-0.003877042370534478,0.0,0.47194388777555113,0.4989406779661017,0.944,0.056,25000.0,6232.0
meta.imbalanced.RebalanceStream -l (trees.HoeffdingTree -e 2000000 -g 100 -c 0.01),ArffFileStream -f ./../../../Dataset/Synthetic_IM05/stream_gen_hyperplane.arff,1,25500.0,0.71875,1.0859609271089234E-9,25500.0,0.95,0.5719599091692115,0.5719599091692115,0.22725024727992088,0.3840855749921855,0.8100539811066126,0.5719599091692115,0.946,0.054,25500.0,6232.0
meta.imbalanced.RebalanceStream -l (trees.HoeffdingTree -e 2000000 -g 100 -c 0.01),ArffFileStream -f ./../../../Dataset/Synthetic_IM05/stream_gen_hyperplane.arff,1,26000.0,0.71875,1.0859609271089234E-9,26000.0,0.944,0.5172413793103449,0.5172413793103448,0.06304376924106546,0.18569533817705186,0.9719438877755511,0.5172413793103449,0.942,0.058,26000.0,6232.0
meta.imbalanced.RebalanceStream -l (trees.HoeffdingTree -e 2000000 -g 100 -c 0.01),ArffFileStream -f ./../../../Dataset/Synthetic_IM05/stream_gen_hyperplane.arff,1,26500.0,0.71875,1.0859609271089234E-9,26500.0,0.93,0.5394606269336291,0.5394606269336291,0.13383488418135023,0.28443972991766814,0.8407258064516129,0.5394606269336291,0.926,0.074,26500.0,6232.0
meta.imbalanced.RebalanceStream -l (trees.HoeffdingTree -e 2000000 -g 100 -c 0.01),ArffFileStream -f ./../../../Dataset/Synthetic_IM05/stream_gen_hyperplane.arff,1,27000.0,0.734375,1.1111519092486961E-9,27000.0,0.93,0.4967948717948718,0.4967948717948718,-0.011093136122024498,0.0,0.4678068410462777,0.4967948717948718,0.936,0.064,27000.0,6232.0
meta.imbalanced.RebalanceStream -l (trees.HoeffdingTree -e 2000000 -g 100 -c 0.01),ArffFileStream -f ./../../../Dataset/Synthetic_IM05/stream_gen_hyperplane.arff,1,27500.0,0.75,1.1363428913884689E-9,27500.0,0.94,0.5312056737588653,0.5312056737588652,0.10501193317422435,0.25764894473566985,0.7217741935483871,0.5312056737588653,0.94,0.06,27500.0,6232.0
meta.imbalanced.RebalanceStream -l (trees.HoeffdingTree -e 2000000 -g 100 -c 0.01),ArffFileStream -f ./../../../Dataset/Synthetic_IM05/stream_gen_hyperplane.arff,1,28000.0,0.765625,1.1615338735282416E-9,28000.0,0.934,0.5147058823529411,0.5147058823529411,0.05346489215236347,0.17149858514250885,0.966933867735471,0.5147058823529411,0.932,0.068,28000.0,6232.0
meta.imbalanced.RebalanceStream -l (trees.HoeffdingTree -e 2000000 -g 100 -c 0.01),ArffFileStream -f ./../../../Dataset/Synthetic_IM05/stream_gen_hyperplane.arff,1,28500.0,0.78125,1.1867248556680143E-9,28500.0,0.924,0.512075643654591,0.512075643654591,0.042724707779121324,0.1620457617168923,0.7128514056224899,0.512075643654591,0.924,0.076,28500.0,6232.0
meta.imbalanced.RebalanceStream -l (trees.HoeffdingTree -e 2000000 -g 100 -c 0.01),ArffFileStream -f ./../../../Dataset/Synthetic_IM05/stream_gen_hyperplane.arff,1,29000.0,0.78125,1.1867248556680143E-9,29000.0,0.932,0.5277777777777778,0.5277777777777778,0.09843020789138736,0.23570226039551584,0.9658634538152611,0.5277777777777778,0.928,0.072,29000.0,6232.0
meta.imbalanced.RebalanceStream -l (trees.HoeffdingTree -e 2000000 -g 100 -c 0.01),ArffFileStream -f ./../../../Dataset/Synthetic_IM05/stream_gen_hyperplane.arff,1,29500.0,0.796875,1.211915837807787E-9,29500.0,0.928,0.5253456221198156,0.5253456221198157,0.08396946564885496,0.23827335887250822,0.6666666666666667,0.5253456221198156,0.93,0.07,29500.0,6232.0
meta.imbalanced.RebalanceStream -l (trees.HoeffdingTree -e 2000000 -g 100 -c 0.01),ArffFileStream -f ./../../../Dataset/Synthetic_IM05/stream_gen_hyperplane.arff,1,30000.0,0.796875,1.211915837807787E-9,30000.0,0.936,0.5560675883256528,0.5560675883256528,0.18575063613231552,0.33769799904066294,0.8686868686868687,0.5560675883256528,0.93,0.07,30000.0,6232.0
meta.imbalanced.RebalanceStream -l (trees.HoeffdingTree -e 2000000 -g 100 -c 0.01),ArffFileStream -f ./../../../Dataset/Synthetic_IM05/stream_gen_hyperplane.arff,1,30500.0,0.8125,1.2371068199475598E-9,30500.0,0.94,0.5156028368794326,0.5156028368794325,0.055415617128463476,0.1823798545550405,0.7208835341365463,0.5156028368794326,0.94,0.06,30500.0,6232.0
meta.imbalanced.RebalanceStream -l (trees.HoeffdingTree -e 2000000 -g 100 -c 0.01),ArffFileStream -f ./../../../Dataset/Synthetic_IM05/stream_gen_hyperplane.arff,1,31000.0,0.8125,1.2371068199475598E-9,31000.0,0.95,0.4979035639412998,0.49790356394129986,-0.007414571244358479,0.0,0.47690763052208834,0.4979035639412998,0.954,0.046,31000.0,6232.0
meta.imbalanced.RebalanceStream -l (trees.HoeffdingTree -e 2000000 -g 100 -c 0.01),ArffFileStream -f ./../../../Dataset/Synthetic_IM05/stream_gen_hyperplane.arff,1,31500.0,0.828125,1.2622978020873326E-9,31500.0,0.956,0.5416666666666666,0.5416666666666667,0.14755114693118412,0.28867513459481287,0.9779116465863453,0.5416666666666666,0.952,0.048,31500.0,6232.0
meta.imbalanced.RebalanceStream -l (trees.HoeffdingTree -e 2000000 -g 100 -c 0.01),ArffFileStream -f ./../../../Dataset/Synthetic_IM05/stream_gen_hyperplane.arff,1,32000.0,0.828125,1.2622978020873326E-9,32000.0,0.932,0.5277777777777778,0.5277777777777778,0.09843020789138736,0.23570226039551584,0.9658634538152611,0.5277777777777778,0.928,0.072,32000.0,6232.0
meta.imbalanced.RebalanceStream -l (trees.HoeffdingTree -e 2000000 -g 100 -c 0.01),ArffFileStream -f ./../../../Dataset/Synthetic_IM05/stream_gen_hyperplane.arff,1,32500.0,0.84375,1.2874887842271053E-9,32500.0,0.93,0.5,0.5,0.0,0.0,0.93,0.5,0.93,0.07,32500.0,6232.0
meta.imbalanced.RebalanceStream -l (trees.HoeffdingTree -e 2000000 -g 100 -c 0.01),ArffFileStream -f ./../../../Dataset/Synthetic_IM05/stream_gen_hyperplane.arff,1,33000.0,0.859375,1.312679766366878E-9,33000.0,0.934,0.5416666666666666,0.5416666666666667,0.14436838830118232,0.28867513459481287,0.9668008048289738,0.5416666666666666,0.928,0.072,33000.0,6232.0
meta.imbalanced.RebalanceStream -l (trees.HoeffdingTree -e 2000000 -g 100 -c 0.01),ArffFileStream -f ./../../../Dataset/Synthetic_IM05/stream_gen_hyperplane.arff,1,33500.0,0.875,1.3378707485066508E-9,33500.0,0.93,0.49785867237687365,0.49785867237687365,-0.007600184246890834,0.0,0.46686746987951805,0.49785867237687365,0.934,0.066,33500.0,6232.0
meta.imbalanced.RebalanceStream -l (trees.HoeffdingTree -e 2000000 -g 100 -c 0.01),ArffFileStream -f ./../../../Dataset/Synthetic_IM05/stream_gen_hyperplane.arff,1,34000.0,0.875,1.3378707485066508E-9,34000.0,0.936,0.4989339019189765,0.49893390191897646,-0.0038900740368929604,0.0,0.46893787575150303,0.4989339019189765,0.938,0.062,34000.0,6232.0
meta.imbalanced.RebalanceStream -l (trees.HoeffdingTree -e 2000000 -g 100 -c 0.01),ArffFileStream -f ./../../../Dataset/Synthetic_IM05/stream_gen_hyperplane.arff,1,34500.0,0.875,1.3378707485066508E-9,34500.0,0.944,0.5172413793103449,0.5172413793103448,0.06304376924106546,0.18569533817705186,0.9719438877755511,0.5172413793103449,0.942,0.058,34500.0,6232.0
meta.imbalanced.RebalanceStream -l (trees.HoeffdingTree -e 2000000 -g 100 -c 0.01),ArffFileStream -f ./../../../Dataset/Synthetic_IM05/stream_gen_hyperplane.arff,1,35000.0,0.890625,1.3630617306464236E-9,35000.0,0.898,0.5181146978021978,0.5181146978021978,0.06208621450639988,0.19589713324392172,0.7830315224681421,0.5181146978021978,0.896,0.104,35000.0,6232.0
meta.imbalanced.RebalanceStream -l (trees.HoeffdingTree -e 2000000 -g 100 -c 0.01),ArffFileStream -f ./../../../Dataset/Synthetic_IM05/stream_gen_hyperplane.arff,1,35500.0,0.90625,1.3882527127861963E-9,35500.0,0.958,0.58,0.5800000000000001,0.26573426573426573,0.4,0.9788306451612903,0.58,0.95,0.05,35500.0,6232.0
meta.imbalanced.RebalanceStream -l (trees.HoeffdingTree -e 2000000 -g 100 -c 0.01),ArffFileStream -f ./../../../Dataset/Synthetic_IM05/stream_gen_hyperplane.arff,1,36000.0,0.90625,1.3882527127861963E-9,36000.0,0.94,0.53125,0.53125,0.11095305832147938,0.25,0.9698795180722892,0.53125,0.936,0.064,36000.0,6232.0
meta.imbalanced.RebalanceStream -l (trees.HoeffdingTree -e 2000000 -g 100 -c 0.01),ArffFileStream -f ./../../../Dataset/Synthetic_IM05/stream_gen_hyperplane.arff,1,36500.0,0.90625,1.3882527127861963E-9,36500.0,0.952,0.52,0.52,0.07335907335907337,0.2,0.9759519038076152,0.52,0.95,0.05,36500.0,6232.0
meta.imbalanced.RebalanceStream -l (trees.HoeffdingTree -e 2000000 -g 100 -c 0.01),ArffFileStream -f ./../../../Dataset/Synthetic_IM05/stream_gen_hyperplane.arff,1,37000.0,0.921875,1.413443694925969E-9,37000.0,0.92,0.49783549783549785,0.49783549783549785,-0.007658202337767029,0.0,0.46184738955823296,0.49783549783549785,0.924,0.076,37000.0,6232.0
meta.imbalanced.RebalanceStream -l (trees.HoeffdingTree -e 2000000 -g 100 -c 0.01),ArffFileStream -f ./../../../Dataset/Synthetic_IM05/stream_gen_hyperplane.arff,1,37500.0,0.9375,1.4386346770657418E-9,37500.0,0.928,0.5121351766513057,0.5121351766513056,0.04204364023416711,0.16866695202856197,0.6324614352783366,0.5121351766513057,0.93,0.07,37500.0,6232.0
meta.imbalanced.RebalanceStream -l (trees.HoeffdingTree -e 2000000 -g 100 -c 0.01),ArffFileStream -f ./../../../Dataset/Synthetic_IM05/stream_gen_hyperplane.arff,1,38000.0,0.9375,1.4386346770657418E-9,38000.0,0.944,0.5634500309512346,0.5634500309512345,0.20859242509892595,0.3588274459668473,0.8727272727272728,0.5634500309512346,0.938,0.062,38000.0,6232.0
meta.imbalanced.RebalanceStream -l (trees.HoeffdingTree -e 2000000 -g 100 -c 0.01),ArffFileStream -f ./../../../Dataset/Synthetic_IM05/stream_gen_hyperplane.arff,1,38500.0,0.9375,1.4386346770657418E-9,38500.0,0.946,0.5171210645894191,0.5171210645894191,0.05883993307306191,0.19570195065232976,0.6415157612340711,0.5171210645894191,0.948,0.052,38500.0,6232.0
meta.imbalanced.RebalanceStream -l (trees.HoeffdingTree -e 2000000 -g 100 -c 0.01),ArffFileStream -f ./../../../Dataset/Synthetic_IM05/stream_gen_hyperplane.arff,1,39000.0,0.953125,1.4638256592055145E-9,39000.0,0.904,0.5179653374665352,0.5179653374665352,0.05992949471210341,0.2056000541687681,0.6545454545454545,0.5179653374665352,0.906,0.094,39000.0,6232.0
meta.imbalanced.RebalanceStream -l (trees.HoeffdingTree -e 2000000 -g 100 -c 0.01),ArffFileStream -f ./../../../Dataset/Synthetic_IM05/stream_gen_hyperplane.arff,1,39500.0,0.953125,1.4638256592055145E-9,39500.0,0.95,0.5555826030509575,0.5555826030509575,0.17979002624671916,0.3389657216701723,0.7767676767676768,0.5555826030509575,0.948,0.052,39500.0,6232.0
meta.imbalanced.RebalanceStream -l (trees.HoeffdingTree -e 2000000 -g 100 -c 0.01),ArffFileStream -f ./../../../Dataset/Synthetic_IM05/stream_gen_hyperplane.arff,1,40000.0,0.96875,1.4890166413452873E-9,40000.0,0.918,0.5227178207527553,0.5227178207527553,0.07856886012225818,0.21797953091828456,0.7930918846411804,0.5227178207527553,0.916,0.084,40000.0,6232.0
meta.imbalanced.RebalanceStream -l (trees.HoeffdingTree -e 2000000 -g 100 -c 0.01),ArffFileStream -f ./../../../Dataset/Synthetic_IM05/stream_gen_hyperplane.arff,1,40500.0,0.984375,1.51420762348506E-9,40500.0,0.928,0.5135135135135135,0.5135135135135135,0.048927401458311315,0.1643989873053573,0.9639278557114228,0.5135135135135135,0.926,0.074,40500.0,6232.0
meta.imbalanced.RebalanceStream -l (trees.HoeffdingTree -e 2000000 -g 100 -c 0.01),ArffFileStream -f ./../../../Dataset/Synthetic_IM05/stream_gen_hyperplane.arff,1,41000.0,0.984375,1.51420762348506E-9,41000.0,0.948,0.5176820728291317,0.5176820728291316,0.058516801853997685,0.20347988014703042,0.6018145161290323,0.5176820728291317,0.952,0.048,41000.0,6400.0
meta.imbalanced.RebalanceStream -l (trees.HoeffdingTree -e 2000000 -g 100 -c 0.01),ArffFileStream -f ./../../../Dataset/Synthetic_IM05/stream_gen_hyperplane.arff,1,41500.0,1.0,1.5400776950021566E-9,41500.0,0.902,0.5188888888888888,0.518888888888889,0.0648854961832061,0.19977765418362262,0.7850435949027499,0.5188888888888888,0.9,0.1,41500.0,6400.0
meta.imbalanced.RebalanceStream -l (trees.HoeffdingTree -e 2000000 -g 100 -c 0.01),ArffFileStream -f ./../../../Dataset/Synthetic_IM05/stream_gen_hyperplane.arff,1,42000.0,1.0,1.5400776950021566E-9,42000.0,0.916,0.5221617220497685,0.5221617220497685,0.07659836425995954,0.21542945925739365,0.7920858484238766,0.5221617220497685,0.914,0.086,42000.0,6400.0
meta.imbalanced.RebalanceStream -l (trees.HoeffdingTree -e 2000000 -g 100 -c 0.01),ArffFileStream -f ./../../../Dataset/Synthetic_IM05/stream_gen_hyperplane.arff,1,42500.0,1.015625,1.565947766519253E-9,42500.0,0.924,0.5128205128205128,0.5128205128205128,0.046280493926312616,0.16012815380508713,0.9619238476953909,0.5128205128205128,0.922,0.078,42500.0,6400.0
meta.imbalanced.RebalanceStream -l (trees.HoeffdingTree -e 2000000 -g 100 -c 0.01),ArffFileStream -f ./../../../Dataset/Synthetic_IM05/stream_gen_hyperplane.arff,1,43000.0,1.015625,1.565947766519253E-9,43000.0,0.926,0.5131578947368421,0.513157894736842,0.04757001647446458,0.16222142113076254,0.9629258517034068,0.5131578947368421,0.924,0.076,43000.0,6400.0
meta.imbalanced.RebalanceStream -l (trees.HoeffdingTree -e 2000000 -g 100 -c 0.01),ArffFileStream -f ./../../../Dataset/Synthetic_IM05/stream_gen_hyperplane.arff,1,43500.0,1.03125,1.5918178380363496E-9,43500.0,0.936,0.5151515151515151,0.5151515151515151,0.05515530884610842,0.17407765595569785,0.9679358717434869,0.5151515151515151,0.934,0.066,43500.0,6400.0
meta.imbalanced.RebalanceStream -l (trees.HoeffdingTree -e 2000000 -g 100 -c 0.01),ArffFileStream -f ./../../../Dataset/Synthetic_IM05/stream_gen_hyperplane.arff,1,44000.0,1.03125,1.5918178380363496E-9,44000.0,0.932,0.5130101875283888,0.5130101875283888,0.04505111785192675,0.17370449870779306,0.6344735077129443,0.5130101875283888,0.934,0.066,44000.0,6400.0
meta.imbalanced.RebalanceStream -l (trees.HoeffdingTree -e 2000000 -g 100 -c 0.01),ArffFileStream -f ./../../../Dataset/Synthetic_IM05/stream_gen_hyperplane.arff,1,44500.0,1.046875,1.6176879095534462E-9,44500.0,0.91,0.5408163265306123,0.5408163265306123,0.138195189214034,0.2857142857142857,0.9546370967741935,0.5408163265306123,0.902,0.098,44500.0,6400.0
meta.imbalanced.RebalanceStream -l (trees.HoeffdingTree -e 2000000 -g 100 -c 0.01),ArffFileStream -f ./../../../Dataset/Synthetic_IM05/stream_gen_hyperplane.arff,1,45000.0,1.046875,1.6176879095534462E-9,45000.0,0.92,0.5342391304347827,0.5342391304347825,0.11190053285968028,0.2729667920557689,0.7125506072874495,0.5342391304347827,0.92,0.08,45000.0,6400.0
meta.imbalanced.RebalanceStream -l (trees.HoeffdingTree -e 2000000 -g 100 -c 0.01),ArffFileStream -f ./../../../Dataset/Synthetic_IM05/stream_gen_hyperplane.arff,1,45500.0,1.0625,1.6435579810705427E-9,45500.0,0.954,0.5406162464985994,0.5406162464985995,0.13896376160527105,0.2883717449843554,0.8112005365526492,0.5406162464985994,0.952,0.048,45500.0,6400.0
meta.imbalanced.RebalanceStream -l (trees.HoeffdingTree -e 2000000 -g 100 -c 0.01),ArffFileStream -f ./../../../Dataset/Synthetic_IM05/stream_gen_hyperplane.arff,1,46000.0,1.0625,1.6435579810705427E-9,46000.0,0.93,0.5132104454685099,0.51321044546851,0.046840958605664486,0.16884899952033147,0.7158634538152611,0.5132104454685099,0.93,0.07,46000.0,6400.0
meta.imbalanced.RebalanceStream -l (trees.HoeffdingTree -e 2000000 -g 100 -c 0.01),ArffFileStream -f ./../../../Dataset/Synthetic_IM05/stream_gen_hyperplane.arff,1,46500.0,1.078125,1.6694280525876392E-9,46500.0,0.93,0.5394736842105263,0.5394736842105263,0.13674033149171272,0.28097574347450816,0.9647887323943662,0.5394736842105263,0.924,0.076,46500.0,6400.0
meta.imbalanced.RebalanceStream -l (trees.HoeffdingTree -e 2000000 -g 100 -c 0.01),ArffFileStream -f ./../../../Dataset/Synthetic_IM05/stream_gen_hyperplane.arff,1,47000.0,1.078125,1.6694280525876392E-9,47000.0,0.934,0.49893162393162394,0.49893162393162394,-0.0038938914577756143,0.0,0.467935871743487,0.49893162393162394,0.936,0.064,47000.0,6400.0
meta.imbalanced.RebalanceStream -l (trees.HoeffdingTree -e 2000000 -g 100 -c 0.01),ArffFileStream -f ./../../../Dataset/Synthetic_IM05/stream_gen_hyperplane.arff,1,47500.0,1.09375,1.6952981241047358E-9,47500.0,0.946,0.5506625668057691,0.5506625668057691,0.17014998770592574,0.3212921419157986,0.8487903225806452,0.5506625668057691,0.942,0.058,47500.0,6400.0
meta.imbalanced.RebalanceStream -l (trees.HoeffdingTree -e 2000000 -g 100 -c 0.01),ArffFileStream -f ./../../../Dataset/Synthetic_IM05/stream_gen_hyperplane.arff,1,48000.0,1.09375,1.6952981241047358E-9,48000.0,0.924,0.5113536862996906,0.5113536862996906,0.03933663666700374,0.16404352961962146,0.630449362843729,0.5113536862996906,0.926,0.074,48000.0,6400.0
meta.imbalanced.RebalanceStream -l (trees.HoeffdingTree -e 2000000 -g 100 -c 0.01),ArffFileStream -f ./../../../Dataset/Synthetic_IM05/stream_gen_hyperplane.arff,1,48500.0,1.109375,1.7211681956218323E-9,48500.0,0.944,0.4989429175475687,0.4989429175475687,-0.0038720780152014913,0.0,0.4729458917835671,0.4989429175475687,0.946,0.054,48500.0,6400.0
meta.imbalanced.RebalanceStream -l (trees.HoeffdingTree -e 2000000 -g 100 -c 0.01),ArffFileStream -f ./../../../Dataset/Synthetic_IM05/stream_gen_hyperplane.arff,1,49000.0,1.109375,1.7211681956218323E-9,49000.0,0.932,0.5277777777777778,0.5277777777777778,0.09843020789138736,0.23570226039551584,0.9658634538152611,0.5277777777777778,0.928,0.072,49000.0,6400.0
meta.imbalanced.RebalanceStream -l (trees.HoeffdingTree -e 2000000 -g 100 -c 0.01),ArffFileStream -f ./../../../Dataset/Synthetic_IM05/stream_gen_hyperplane.arff,1,49500.0,1.125,1.7470382671389288E-9,49500.0,0.942,0.5322695035460994,0.5322695035460993,0.11151960784313726,0.25792406381537075,0.8051643192488263,0.5322695035460994,0.94,0.06,49500.0,6400.0
meta.imbalanced.RebalanceStream -l (trees.HoeffdingTree -e 2000000 -g 100 -c 0.01),ArffFileStream -f ./../../../Dataset/Synthetic_IM05/stream_gen_hyperplane.arff,1,50000.0,1.125,1.7470382671389288E-9,50000.0,0.936,0.4989339019189765,0.49893390191897646,-0.0038900740368929604,0.0,0.46893787575150303,0.4989339019189765,0.938,0.062,50000.0,6400.0
meta.imbalanced.RebalanceStream -l (trees.HoeffdingTree -e 2000000 -g 100 -c 0.01),ArffFileStream -f ./../../../Dataset/Synthetic_IM05/stream_gen_hyperplane.arff,1,50500.0,1.140625,1.7729083386560254E-9,50500.0,0.938,0.515625,0.515625,0.05694816256996836,0.1767766952966369,0.968937875751503,0.515625,0.936,0.064,50500.0,6400.0
meta.imbalanced.RebalanceStream -l (trees.HoeffdingTree -e 2000000 -g 100 -c 0.01),ArffFileStream -f ./../../../Dataset/Synthetic_IM05/stream_gen_hyperplane.arff,1,51000.0,1.140625,1.7729083386560254E-9,51000.0,0.94,0.5311919664351056,0.5311919664351055,0.10788628523849174,0.2537293203190072,0.8041582830315224,0.5311919664351056,0.938,0.062,51000.0,6400.0
meta.imbalanced.RebalanceStream -l (trees.HoeffdingTree -e 2000000 -g 100 -c 0.01),ArffFileStream -f ./../../../Dataset/Synthetic_IM05/stream_gen_hyperplane.arff,1,51500.0,1.15625,1.7987784101731219E-9,51500.0,0.928,0.5128113026819923,0.5128113026819923,0.04539669070852779,0.16648697209510008,0.714859437751004,0.5128113026819923,0.928,0.072,51500.0,6400.0
meta.imbalanced.RebalanceStream -l (trees.HoeffdingTree -e 2000000 -g 100 -c 0.01),ArffFileStream -f ./../../../Dataset/Synthetic_IM05/stream_gen_hyperplane.arff,1,52000.0,1.15625,1.7987784101731219E-9,52000.0,0.956,0.5631209552456476,0.5631209552456478,0.20116194625998549,0.36039962020728666,0.7797979797979797,0.5631209552456476,0.954,0.046,52000.0,6400.0
meta.imbalanced.RebalanceStream -l (trees.HoeffdingTree -e 2000000 -g 100 -c 0.01),ArffFileStream -f ./../../../Dataset/Synthetic_IM05/stream_gen_hyperplane.arff,1,52500.0,1.171875,1.8246484816902184E-9,52500.0,0.914,0.5216307814992026,0.5216307814992025,0.07471165432948873,0.21296681533471784,0.7910798122065728,0.5216307814992026,0.912,0.088,52500.0,6400.0
meta.imbalanced.RebalanceStream -l (trees.HoeffdingTree -e 2000000 -g 100 -c 0.01),ArffFileStream -f ./../../../Dataset/Synthetic_IM05/stream_gen_hyperplane.arff,1,53000.0,1.1875,1.850518553207315E-9,53000.0,0.94,0.5595353967944974,0.5595353967944974,0.19657204070701662,0.34778235485532033,0.8707070707070708,0.5595353967944974,0.934,0.066,53000.0,6400.0
meta.imbalanced.RebalanceStream -l (trees.HoeffdingTree -e 2000000 -g 100 -c 0.01),ArffFileStream -f ./../../../Dataset/Synthetic_IM05/stream_gen_hyperplane.arff,1,53500.0,1.203125,1.8763886247244115E-9,53500.0,0.932,0.5269764957264957,0.5269764957264957,0.08680704770090245,0.24892933126855896,0.636302294197031,0.5269764957264957,0.936,0.064,53500.0,6400.0
meta.imbalanced.RebalanceStream -l (trees.HoeffdingTree -e 2000000 -g 100 -c 0.01),ArffFileStream -f ./../../../Dataset/Synthetic_IM05/stream_gen_hyperplane.arff,1,54000.0,1.203125,1.8763886247244115E-9,54000.0,0.946,0.5656028368794327,0.5656028368794326,0.21511627906976744,0.364759709110081,0.8737373737373737,0.5656028368794327,0.94,0.06,54000.0,6400.0
meta.imbalanced.RebalanceStream -l (trees.HoeffdingTree -e 2000000 -g 100 -c 0.01),ArffFileStream -f ./../../../Dataset/Synthetic_IM05/stream_gen_hyperplane.arff,1,54500.0,1.21875,1.902258696241508E-9,54500.0,0.946,0.5344827586206896,0.5344827586206897,0.12246489859594384,0.2626128657194451,0.9728915662650602,0.5344827586206896,0.942,0.058,54500.0,6400.0
meta.imbalanced.RebalanceStream -l (trees.HoeffdingTree -e 2000000 -g 100 -c 0.01),ArffFileStream -f ./../../../Dataset/Synthetic_IM05/stream_gen_hyperplane.arff,1,55000.0,1.21875,1.902258696241508E-9,55000.0,0.932,0.5526315789473684,0.5526315789473684,0.17858523386161576,0.3244428422615251,0.9657258064516129,0.5526315789473684,0.924,0.076,55000.0,6400.0
meta.imbalanced.RebalanceStream -l (trees.HoeffdingTree -e 2000000 -g 100 -c 0.01),ArffFileStream -f ./../../../Dataset/Synthetic_IM05/stream_gen_hyperplane.arff,1,55500.0,1.234375,1.9281287677586046E-9,55500.0,0.926,0.5491128538850881,0.5491128538850882,0.16031227305737109,0.31956085335268264,0.7979082321187585,0.5491128538850881,0.922,0.078,55500.0,6400.0
meta.imbalanced.RebalanceStream -l (trees.HoeffdingTree -e 2000000 -g 100 -c 0.01),ArffFileStream -f ./../../../Dataset/Synthetic_IM05/stream_gen_hyperplane.arff,1,56000.0,1.234375,1.9281287677586046E-9,56000.0,0.938,0.5443838816429822,0.5443838816429822,0.1500329019521825,0.30118835429268176,0.844758064516129,0.5443838816429822,0.934,0.066,56000.0,6400.0
meta.imbalanced.RebalanceStream -l (trees.HoeffdingTree -e 2000000 -g 100 -c 0.01),ArffFileStream -f ./../../../Dataset/Synthetic_IM05/stream_gen_hyperplane.arff,1,56500.0,1.25,1.953998839275701E-9,56500.0,0.912,0.5509839838429383,0.5509839838429383,0.16483182749981018,0.3254432311450576,0.8145465082584757,0.5509839838429383,0.906,0.094,56500.0,6400.0
meta.imbalanced.RebalanceStream -l (trees.HoeffdingTree -e 2000000 -g 100 -c 0.01),ArffFileStream -f ./../../../Dataset/Synthetic_IM05/stream_gen_hyperplane.arff,1,57000.0,1.25,1.953998839275701E-9,57000.0,0.932,0.5142857142857142,0.5142857142857142,0.051868377021751254,0.1690308509457033,0.965931863727455,0.5142857142857142,0.93,0.07,57000.0,6400.0
meta.imbalanced.RebalanceStream -l (trees.HoeffdingTree -e 2000000 -g 100 -c 0.01),ArffFileStream -f ./../../../Dataset/Synthetic_IM05/stream_gen_hyperplane.arff,1,57500.0,1.265625,1.9798689107927976E-9,57500.0,0.938,0.5441176470588235,0.5441176470588236,0.15282028858766944,0.2970442628930023,0.9688128772635816,0.5441176470588235,0.932,0.068,57500.0,6400.0
meta.imbalanced.RebalanceStream -l (trees.HoeffdingTree -e 2000000 -g 100 -c 0.01),ArffFileStream -f ./../../../Dataset/Synthetic_IM05/stream_gen_hyperplane.arff,1,58000.0,1.265625,1.9798689107927976E-9,58000.0,0.922,0.5466018385674053,0.5466018385674054,0.15246870653685674,0.3116662851825932,0.7958839406207827,0.5466018385674053,0.918,0.082,58000.0,6400.0
meta.imbalanced.RebalanceStream -l (trees.HoeffdingTree -e 2000000 -g 100 -c 0.01),ArffFileStream -f ./../../../Dataset/Synthetic_IM05/stream_gen_hyperplane.arff,1,58500.0,1.265625,1.9798689107927976E-9,58500.0,0.944,0.5483870967741935,0.5483870967741935,0.16736053288925895,0.3110855084191276,0.971830985915493,0.5483870967741935,0.938,0.062,58500.0,6400.0
meta.imbalanced.RebalanceStream -l (trees.HoeffdingTree -e 2000000 -g 100 -c 0.01),ArffFileStream -f ./../../../Dataset/Synthetic_IM05/stream_gen_hyperplane.arff,1,59000.0,1.28125,2.005738982309894E-9,59000.0,0.928,0.5253456221198156,0.5253456221198157,0.08396946564885496,0.23827335887250822,0.6666666666666667,0.5253456221198156,0.93,0.07,59000.0,6400.0
meta.imbalanced.RebalanceStream -l (trees.HoeffdingTree -e 2000000 -g 100 -c 0.01),ArffFileStream -f ./../../../Dataset/Synthetic_IM05/stream_gen_hyperplane.arff,1,59500.0,1.296875,2.0316090538269907E-9,59500.0,0.92,0.5454545454545454,0.5454545454545454,0.15426251691474965,0.30151134457776363,0.9596774193548387,0.5454545454545454,0.912,0.088,59500.0,6400.0
meta.imbalanced.RebalanceStream -l (trees.HoeffdingTree -e 2000000 -g 100 -c 0.01),ArffFileStream -f ./../../../Dataset/Synthetic_IM05/stream_gen_hyperplane.arff,1,60000.0,1.296875,2.0316090538269907E-9,60000.0,0.924,0.5113536862996906,0.5113536862996906,0.03933663666700374,0.16404352961962146,0.630449362843729,0.5113536862996906,0.926,0.074,60000.0,6400.0
meta.imbalanced.RebalanceStream -l (trees.HoeffdingTree -e 2000000 -g 100 -c 0.01),ArffFileStream -f ./../../../Dataset/Synthetic_IM05/stream_gen_hyperplane.arff,1,60500.0,1.3125,2.0574791253440872E-9,60500.0,0.916,0.5108130588479933,0.5108130588479933,0.03810919750824478,0.1541348044721817,0.7088353413654618,0.5108130588479933,0.916,0.084,60500.0,6400.0
meta.imbalanced.RebalanceStream -l (trees.HoeffdingTree -e 2000000 -g 100 -c 0.01),ArffFileStream -f ./../../../Dataset/Synthetic_IM05/stream_gen_hyperplane.arff,1,61000.0,1.3125,2.0574791253440872E-9,61000.0,0.94,0.5454545454545454,0.5454545454545454,0.15739804516346478,0.30151134457776363,0.9698189134808853,0.5454545454545454,0.934,0.066,61000.0,6400.0
meta.imbalanced.RebalanceStream -l (trees.HoeffdingTree -e 2000000 -g 100 -c 0.01),ArffFileStream -f ./../../../Dataset/Synthetic_IM05/stream_gen_hyperplane.arff,1,61500.0,1.328125,2.0833491968611838E-9,61500.0,0.95,0.5851453254264587,0.5851453254264587,0.2712220149253731,0.4147863716357326,0.8923751686909582,0.5851453254264587,0.942,0.058,61500.0,6400.0
meta.imbalanced.RebalanceStream -l (trees.HoeffdingTree -e 2000000 -g 100 -c 0.01),ArffFileStream -f ./../../../Dataset/Synthetic_IM05/stream_gen_hyperplane.arff,1,62000.0,1.328125,2.0833491968611838E-9,62000.0,0.934,0.5672892720306514,0.5672892720306513,0.21413602590969708,0.37187394354143377,0.8257026948710519,0.5672892720306514,0.928,0.072,62000.0,6400.0
meta.imbalanced.RebalanceStream -l (trees.HoeffdingTree -e 2000000 -g 100 -c 0.01),ArffFileStream -f ./../../../Dataset/Synthetic_IM05/stream_gen_hyperplane.arff,1,62500.0,1.34375,2.1092192683782803E-9,62500.0,0.938,0.5303030303030303,0.5303030303030303,0.10755412252418241,0.24618298195866548,0.9688755020080322,0.5303030303030303,0.934,0.066,62500.0,6400.0
meta.imbalanced.RebalanceStream -l (trees.HoeffdingTree -e 2000000 -g 100 -c 0.01),ArffFileStream -f ./../../../Dataset/Synthetic_IM05/stream_gen_hyperplane.arff,1,63000.0,1.34375,2.1092192683782803E-9,63000.0,0.9,0.5358749290362025,0.5358749290362026,0.1161705437318815,0.27911884959262884,0.7380469429150971,0.5358749290362025,0.898,0.102,63000.0,6400.0
meta.imbalanced.RebalanceStream -l (trees.HoeffdingTree -e 2000000 -g 100 -c 0.01),ArffFileStream -f ./../../../Dataset/Synthetic_IM05/stream_gen_hyperplane.arff,1,63500.0,1.359375,2.135089339895377E-9,63500.0,0.93,0.5394736842105263,0.5394736842105263,0.13674033149171272,0.28097574347450816,0.9647887323943662,0.5394736842105263,0.924,0.076,63500.0,6400.0
meta.imbalanced.RebalanceStream -l (trees.HoeffdingTree -e 2000000 -g 100 -c 0.01),ArffFileStream -f ./../../../Dataset/Synthetic_IM05/stream_gen_hyperplane.arff,1,64000.0,1.359375,2.135089339895377E-9,64000.0,0.93,0.5394606269336291,0.5394606269336291,0.13383488418135023,0.28443972991766814,0.8407258064516129,0.5394606269336291,0.926,0.074,64000.0,6400.0
meta.imbalanced.RebalanceStream -l (trees.HoeffdingTree -e 2000000 -g 100 -c 0.01),ArffFileStream -f ./../../../Dataset/Synthetic_IM05/stream_gen_hyperplane.arff,1,64500.0,1.375,2.1609594114124734E-9,64500.0,0.938,0.5150629341770411,0.515062934177041,0.053492916463116755,0.17941372298342365,0.7198795180722892,0.5150629341770411,0.938,0.062,64500.0,6400.0
meta.imbalanced.RebalanceStream -l (trees.HoeffdingTree -e 2000000 -g 100 -c 0.01),ArffFileStream -f ./../../../Dataset/Synthetic_IM05/stream_gen_hyperplane.arff,1,65000.0,1.375,2.1609594114124734E-9,65000.0,0.91,0.5,0.5,0.0,0.0,0.91,0.5,0.91,0.09,65000.0,6400.0
meta.imbalanced.RebalanceStream -l (trees.HoeffdingTree -e 2000000 -g 100 -c 0.01),ArffFileStream -f ./../../../Dataset/Synthetic_IM05/stream_gen_hyperplane.arff,1,65500.0,1.390625,2.18682948292957E-9,65500.0,0.938,0.5441176470588235,0.5441176470588236,0.15282028858766944,0.2970442628930023,0.9688128772635816,0.5441176470588235,0.932,0.068,65500.0,6400.0
meta.imbalanced.RebalanceStream -l (trees.HoeffdingTree -e 2000000 -g 100 -c 0.01),ArffFileStream -f ./../../../Dataset/Synthetic_IM05/stream_gen_hyperplane.arff,1,66000.0,1.40625,2.2126995544466664E-9,66000.0,0.95,0.6269000619024692,0.6269000619024693,0.37122736418511065,0.5069161940472316,0.8765306122448979,0.6269000619024692,0.938,0.062,66000.0,6400.0
meta.imbalanced.RebalanceStream -l (trees.HoeffdingTree -e 2000000 -g 100 -c 0.01),ArffFileStream -f ./../../../Dataset/Synthetic_IM05/stream_gen_hyperplane.arff,1,66500.0,1.40625,2.2126995544466664E-9,66500.0,0.936,0.5428571428571428,0.5428571428571429,0.1484832357637041,0.29277002188455997,0.9678068410462777,0.5428571428571428,0.93,0.07,66500.0,6400.0
meta.imbalanced.RebalanceStream -l (trees.HoeffdingTree -e 2000000 -g 100 -c 0.01),ArffFileStream -f ./../../../Dataset/Synthetic_IM05/stream_gen_hyperplane.arff,1,67000.0,1.421875,2.238569625963763E-9,67000.0,0.96,0.5859083037097803,0.5859083037097803,0.2737835875090777,0.41659146162977795,0.8808080808080808,0.5859083037097803,0.954,0.046,67000.0,6400.0
meta.imbalanced.RebalanceStream -l (trees.HoeffdingTree -e 2000000 -g 100 -c 0.01),ArffFileStream -f ./../../../Dataset/Synthetic_IM05/stream_gen_hyperplane.arff,1,67500.0,1.421875,2.238569625963763E-9,67500.0,0.952,0.5730169916216428,0.5730169916216428,0.23712650985378259,0.38449309295826495,0.8767676767676769,0.5730169916216428,0.946,0.054,67500.0,6400.0
meta.imbalanced.RebalanceStream -l (trees.HoeffdingTree -e 2000000 -g 100 -c 0.01),ArffFileStream -f ./../../../Dataset/Synthetic_IM05/stream_gen_hyperplane.arff,1,68000.0,1.4375,2.2644396974808595E-9,68000.0,0.928,0.5135135135135135,0.5135135135135135,0.048927401458311315,0.1643989873053573,0.9639278557114228,0.5135135135135135,0.926,0.074,68000.0,6400.0
meta.imbalanced.RebalanceStream -l (trees.HoeffdingTree -e 2000000 -g 100 -c 0.01),ArffFileStream -f ./../../../Dataset/Synthetic_IM05/stream_gen_hyperplane.arff,1,68500.0,1.453125,2.290309768997956E-9,68500.0,0.968,0.6,0.6,0.32432432432432434,0.4472135954999579,0.9838709677419355,0.6,0.96,0.04,68500.0,6400.0
meta.imbalanced.RebalanceStream -l (trees.HoeffdingTree -e 2000000 -g 100 -c 0.01),ArffFileStream -f ./../../../Dataset/Synthetic_IM05/stream_gen_hyperplane.arff,1,69000.0,1.453125,2.290309768997956E-9,69000.0,0.954,0.5406162464985994,0.5406162464985995,0.13896376160527105,0.2883717449843554,0.8112005365526492,0.5406162464985994,0.952,0.048,69000.0,6400.0
meta.imbalanced.RebalanceStream -l (trees.HoeffdingTree -e 2000000 -g 100 -c 0.01),ArffFileStream -f ./../../../Dataset/Synthetic_IM05/stream_gen_hyperplane.arff,1,69500.0,1.46875,2.3161798405150526E-9,69500.0,0.93,0.5132104454685099,0.51321044546851,0.046840958605664486,0.16884899952033147,0.7158634538152611,0.5132104454685099,0.93,0.07,69500.0,6400.0
meta.imbalanced.RebalanceStream -l (trees.HoeffdingTree -e 2000000 -g 100 -c 0.01),ArffFileStream -f ./../../../Dataset/Synthetic_IM05/stream_gen_hyperplane.arff,1,70000.0,1.484375,2.342049912032149E-9,70000.0,0.926,0.5124335999066021,0.512433599906602,0.04402645721372468,0.16422135463619014,0.713855421686747,0.5124335999066021,0.926,0.074,70000.0,6400.0
meta.imbalanced.RebalanceStream -l (trees.HoeffdingTree -e 2000000 -g 100 -c 0.01),ArffFileStream -f ./../../../Dataset/Synthetic_IM05/stream_gen_hyperplane.arff,1,70500.0,1.484375,2.342049912032149E-9,70500.0,0.93,0.527027027027027,0.527027027027027,0.09570070276973956,0.23249527748763857,0.964859437751004,0.527027027027027,0.926,0.074,70500.0,6400.0
meta.imbalanced.RebalanceStream -l (trees.HoeffdingTree -e 2000000 -g 100 -c 0.01),ArffFileStream -f ./../../../Dataset/Synthetic_IM05/stream_gen_hyperplane.arff,1,71000.0,1.5,2.3679199835492456E-9,71000.0,0.928,0.5263157894736842,0.5263157894736843,0.09310761789600967,0.22941573387056177,0.963855421686747,0.5263157894736842,0.924,0.076,71000.0,6400.0
meta.imbalanced.RebalanceStream -l (trees.HoeffdingTree -e 2000000 -g 100 -c 0.01),ArffFileStream -f ./../../../Dataset/Synthetic_IM05/stream_gen_hyperplane.arff,1,71500.0,1.5,2.3679199835492456E-9,71500.0,0.932,0.5272658419591012,0.5272658419591013,0.0922682614267407,0.24201460268368807,0.717741935483871,0.5272658419591012,0.932,0.068,71500.0,6400.0
meta.imbalanced.RebalanceStream -l (trees.HoeffdingTree -e 2000000 -g 100 -c 0.01),ArffFileStream -f ./../../../Dataset/Synthetic_IM05/stream_gen_hyperplane.arff,1,72000.0,1.515625,2.393790055066342E-9,72000.0,0.942,0.5746869119460126,0.5746869119460125,0.24099664991624792,0.3888324934157252,0.8883265856950068,0.5746869119460126,0.934,0.066,72000.0,6400.0
meta.imbalanced.RebalanceStream -l (trees.HoeffdingTree -e 2000000 -g 100 -c 0.01),ArffFileStream -f ./../../../Dataset/Synthetic_IM05/stream_gen_hyperplane.arff,1,72500.0,1.515625,2.393790055066342E-9,72500.0,0.942,0.5322695035460994,0.5322695035460993,0.11151960784313726,0.25792406381537075,0.8051643192488263,0.5322695035460994,0.94,0.06,72500.0,6400.0
meta.imbalanced.RebalanceStream -l (trees.HoeffdingTree -e 2000000 -g 100 -c 0.01),ArffFileStream -f ./../../../Dataset/Synthetic_IM05/stream_gen_hyperplane.arff,1,73000.0,1.53125,2.4196601265834387E-9,73000.0,0.908,0.5089133089133089,0.5089133089133089,0.03076274757690687,0.14874320866695773,0.6224010731052985,0.5089133089133089,0.91,0.09,73000.0,6400.0
meta.imbalanced.RebalanceStream -l (trees.HoeffdingTree -e 2000000 -g 100 -c 0.01),ArffFileStream -f ./../../../Dataset/Synthetic_IM05/stream_gen_hyperplane.arff,1,73500.0,1.53125,2.4196601265834387E-9,73500.0,0.928,0.5384615384615384,0.5384615384615384,0.1331984975440624,0.2773500981126146,0.9637826961770624,0.5384615384615384,0.922,0.078,73500.0,6400.0
meta.imbalanced.RebalanceStream -l (trees.HoeffdingTree -e 2000000 -g 100 -c 0.01),ArffFileStream -f ./../../../Dataset/Synthetic_IM05/stream_gen_hyperplane.arff,1,74000.0,1.53125,2.4196601265834387E-9,74000.0,0.93,0.5394736842105263,0.5394736842105263,0.13674033149171272,0.28097574347450816,0.9647887323943662,0.5394736842105263,0.924,0.076,74000.0,6400.0
meta.imbalanced.RebalanceStream -l (trees.HoeffdingTree -e 2000000 -g 100 -c 0.01),ArffFileStream -f ./../../../Dataset/Synthetic_IM05/stream_gen_hyperplane.arff,1,74500.0,1.546875,2.4455301981005352E-9,74500.0,0.932,0.5407066052227343,0.5407066052227343,0.13486005089058525,0.29213973047125186,0.7676767676767677,0.5407066052227343,0.93,0.07,74500.0,6400.0
meta.imbalanced.RebalanceStream -l (trees.HoeffdingTree -e 2000000 -g 100 -c 0.01),ArffFileStream -f ./../../../Dataset/Synthetic_IM05/stream_gen_hyperplane.arff,1,75000.0,1.546875,2.4455301981005352E-9,75000.0,0.938,0.5301816239316239,0.5301816239316239,0.10446036514906401,0.24973276315183995,0.8031522468142187,0.5301816239316239,0.936,0.064,75000.0,6400.0
meta.imbalanced.RebalanceStream -l (trees.HoeffdingTree -e 2000000 -g 100 -c 0.01),ArffFileStream -f ./../../../Dataset/Synthetic_IM05/stream_gen_hyperplane.arff,1,75500.0,1.5625,2.4714002696176318E-9,75500.0,0.952,0.5714285714285714,0.5714285714285714,0.23935091277890466,0.3779644730092272,0.9758064516129032,0.5714285714285714,0.944,0.056,75500.0,6400.0
meta.imbalanced.RebalanceStream -l (trees.HoeffdingTree -e 2000000 -g 100 -c 0.01),ArffFileStream -f ./../../../Dataset/Synthetic_IM05/stream_gen_hyperplane.arff,1,76000.0,1.578125,2.4972703411347283E-9,76000.0,0.93,0.5132104454685099,0.51321044546851,0.046840958605664486,0.16884899952033147,0.7158634538152611,0.5132104454685099,0.93,0.07,76000.0,6400.0
meta.imbalanced.RebalanceStream -l (trees.HoeffdingTree -e 2000000 -g 100 -c 0.01),ArffFileStream -f ./../../../Dataset/Synthetic_IM05/stream_gen_hyperplane.arff,1,76500.0,1.578125,2.4972703411347283E-9,76500.0,0.932,0.5142857142857142,0.5142857142857142,0.051868377021751254,0.1690308509457033,0.965931863727455,0.5142857142857142,0.93,0.07,76500.0,6400.0
meta.imbalanced.RebalanceStream -l (trees.HoeffdingTree -e 2000000 -g 100 -c 0.01),ArffFileStream -f ./../../../Dataset/Synthetic_IM05/stream_gen_hyperplane.arff,1,77000.0,1.578125,2.4972703411347283E-9,77000.0,0.928,0.4978540772532189,0.49785407725321895,-0.00761307657859382,0.0,0.46586345381526106,0.4978540772532189,0.932,0.068,77000.0,6400.0
meta.imbalanced.RebalanceStream -l (trees.HoeffdingTree -e 2000000 -g 100 -c 0.01),ArffFileStream -f ./../../../Dataset/Synthetic_IM05/stream_gen_hyperplane.arff,1,77500.0,1.59375,2.523140412651825E-9,77500.0,0.944,0.5172413793103449,0.5172413793103448,0.06304376924106546,0.18569533817705186,0.9719438877755511,0.5172413793103449,0.942,0.058,77500.0,6400.0
meta.imbalanced.RebalanceStream -l (trees.HoeffdingTree -e 2000000 -g 100 -c 0.01),ArffFileStream -f ./../../../Dataset/Synthetic_IM05/stream_gen_hyperplane.arff,1,78000.0,1.59375,2.523140412651825E-9,78000.0,0.944,0.5483870967741935,0.5483870967741935,0.16736053288925895,0.3110855084191276,0.971830985915493,0.5483870967741935,0.938,0.062,78000.0,6400.0
meta.imbalanced.RebalanceStream -l (trees.HoeffdingTree -e 2000000 -g 100 -c 0.01),ArffFileStream -f ./../../../Dataset/Synthetic_IM05/stream_gen_hyperplane.arff,1,78500.0,1.609375,2.5490104841689214E-9,78500.0,0.944,0.5335956416464891,0.5335956416464891,0.11257606490872211,0.26669440937206534,0.7237903225806452,0.5335956416464891,0.944,0.056,78500.0,6400.0
meta.imbalanced.RebalanceStream -l (trees.HoeffdingTree -e 2000000 -g 100 -c 0.01),ArffFileStream -f ./../../../Dataset/Synthetic_IM05/stream_gen_hyperplane.arff,1,79000.0,1.609375,2.5490104841689214E-9,79000.0,0.942,0.5,0.5,0.0,0.0,0.942,0.5,0.942,0.058,79000.0,6400.0
meta.imbalanced.RebalanceStream -l (trees.HoeffdingTree -e 2000000 -g 100 -c 0.01),ArffFileStream -f ./../../../Dataset/Synthetic_IM05/stream_gen_hyperplane.arff,1,79500.0,1.625,2.574880555686018E-9,79500.0,0.918,0.5641160697184447,0.5641160697184449,0.20714727722772278,0.36075958937416563,0.8880034772529701,0.5641160697184447,0.908,0.092,79500.0,6400.0
meta.imbalanced.RebalanceStream -l (trees.HoeffdingTree -e 2000000 -g 100 -c 0.01),ArffFileStream -f ./../../../Dataset/Synthetic_IM05/stream_gen_hyperplane.arff,1,80000.0,1.625,2.574880555686018E-9,80000.0,0.934,0.5549923195084485,0.5549923195084485,0.17828685258964144,0.33733390405712393,0.8019568151147098,0.5549923195084485,0.93,0.07,80000.0,6400.0
meta.imbalanced.RebalanceStream -l (trees.HoeffdingTree -e 2000000 -g 100 -c 0.01),ArffFileStream -f ./../../../Dataset/Synthetic_IM05/stream_gen_hyperplane.arff,1,80500.0,1.640625,2.6007506272031144E-9,80500.0,0.93,0.5518942268402312,0.5518942268402312,0.16888297872340424,0.3280870592392429,0.7999325236167341,0.5518942268402312,0.926,0.074,80500.0,6400.0
meta.imbalanced.RebalanceStream -l (trees.HoeffdingTree -e 2000000 -g 100 -c 0.01),ArffFileStream -f ./../../../Dataset/Synthetic_IM05/stream_gen_hyperplane.arff,1,81000.0,1.65625,2.626620698720211E-9,81000.0,0.928,0.5263157894736842,0.5263157894736843,0.09310761789600967,0.22941573387056177,0.963855421686747,0.5263157894736842,0.924,0.076,81000.0,6400.0
meta.imbalanced.RebalanceStream -l (trees.HoeffdingTree -e 2000000 -g 100 -c 0.01),ArffFileStream -f ./../../../Dataset/Synthetic_IM05/stream_gen_hyperplane.arff,1,81500.0,1.65625,2.626620698720211E-9,81500.0,0.908,0.5195364872629764,0.5195364872629764,0.0662552776875609,0.2080546242713978,0.7056451612903225,0.5195364872629764,0.908,0.092,81500.0,6400.0
meta.imbalanced.RebalanceStream -l (trees.HoeffdingTree -e 2000000 -g 100 -c 0.01),ArffFileStream -f ./../../../Dataset/Synthetic_IM05/stream_gen_hyperplane.arff,1,82000.0,1.671875,2.6531698596146315E-9,82000.0,0.936,0.543044685685433,0.543044685685433,0.14566424604869713,0.29672537470349764,0.84375,0.543044685685433,0.932,0.068,82000.0,6568.0
meta.imbalanced.RebalanceStream -l (trees.HoeffdingTree -e 2000000 -g 100 -c 0.01),ArffFileStream -f ./../../../Dataset/Synthetic_IM05/stream_gen_hyperplane.arff,1,82500.0,1.671875,2.6531698596146315E-9,82500.0,0.944,0.5634500309512346,0.5634500309512345,0.20859242509892595,0.3588274459668473,0.8727272727272728,0.5634500309512346,0.938,0.062,82500.0,6568.0
meta.imbalanced.RebalanceStream -l (trees.HoeffdingTree -e 2000000 -g 100 -c 0.01),ArffFileStream -f ./../../../Dataset/Synthetic_IM05/stream_gen_hyperplane.arff,1,83000.0,1.671875,2.6531698596146315E-9,83000.0,0.962,0.5252762884341832,0.5252762884341833,0.0886415963161934,0.22917713189870337,0.7319277108433735,0.5252762884341832,0.962,0.038,83000.0,6568.0
meta.imbalanced.RebalanceStream -l (trees.HoeffdingTree -e 2000000 -g 100 -c 0.01),ArffFileStream -f ./../../../Dataset/Synthetic_IM05/stream_gen_hyperplane.arff,1,83500.0,1.6875,2.679719020509052E-9,83500.0,0.918,0.5335308796007486,0.5335308796007486,0.11178509532062392,0.26667706363595406,0.7606060606060606,0.5335308796007486,0.916,0.084,83500.0,6568.0
meta.imbalanced.RebalanceStream -l (trees.HoeffdingTree -e 2000000 -g 100 -c 0.01),ArffFileStream -f ./../../../Dataset/Synthetic_IM05/stream_gen_hyperplane.arff,1,84000.0,1.703125,2.7062681814034725E-9,84000.0,0.938,0.5577505680383741,0.5577505680383741,0.19102296450939457,0.34262894992091386,0.8696969696969697,0.5577505680383741,0.932,0.068,84000.0,6568.0
meta.imbalanced.RebalanceStream -l (trees.HoeffdingTree -e 2000000 -g 100 -c 0.01),ArffFileStream -f ./../../../Dataset/Synthetic_IM05/stream_gen_hyperplane.arff,1,84500.0,1.703125,2.7062681814034725E-9,84500.0,0.932,0.5671274961597542,0.5671274961597543,0.2044922788956481,0.37633530821450883,0.7472278796107716,0.5671274961597542,0.93,0.07,84500.0,6568.0
meta.imbalanced.RebalanceStream -l (trees.HoeffdingTree -e 2000000 -g 100 -c 0.01),ArffFileStream -f ./../../../Dataset/Synthetic_IM05/stream_gen_hyperplane.arff,1,85000.0,1.71875,2.732817342297893E-9,85000.0,0.936,0.5675675675675675,0.5675675675675675,0.22443044110518662,0.36760731104690386,0.9676767676767677,0.5675675675675675,0.926,0.074,85000.0,6568.0
meta.imbalanced.RebalanceStream -l (trees.HoeffdingTree -e 2000000 -g 100 -c 0.01),ArffFileStream -f ./../../../Dataset/Synthetic_IM05/stream_gen_hyperplane.arff,1,85500.0,1.71875,2.732817342297893E-9,85500.0,0.952,0.5730169916216428,0.5730169916216428,0.23712650985378259,0.38449309295826495,0.8767676767676769,0.5730169916216428,0.946,0.054,85500.0,6568.0
meta.imbalanced.RebalanceStream -l (trees.HoeffdingTree -e 2000000 -g 100 -c 0.01),ArffFileStream -f ./../../../Dataset/Synthetic_IM05/stream_gen_hyperplane.arff,1,86000.0,1.734375,2.7593665031923136E-9,86000.0,0.95,0.5689655172413793,0.5689655172413793,0.23162035898696828,0.3713906763541037,0.9747983870967742,0.5689655172413793,0.942,0.058,86000.0,6568.0
meta.imbalanced.RebalanceStream -l (trees.HoeffdingTree -e 2000000 -g 100 -c 0.01),ArffFileStream -f ./../../../Dataset/Synthetic_IM05/stream_gen_hyperplane.arff,1,86500.0,1.75,2.785915664086734E-9,86500.0,0.95,0.5374066861408634,0.5374066861408634,0.12855549358616844,0.27705738024940857,0.8091884641180416,0.5374066861408634,0.948,0.052,86500.0,6568.0
meta.imbalanced.RebalanceStream -l (trees.HoeffdingTree -e 2000000 -g 100 -c 0.01),ArffFileStream -f ./../../../Dataset/Synthetic_IM05/stream_gen_hyperplane.arff,1,87000.0,1.75,2.785915664086734E-9,87000.0,0.942,0.5161798081850795,0.5161798081850795,0.05746229849193968,0.18549810462359775,0.7218875502008032,0.5161798081850795,0.942,0.058,87000.0,6568.0
meta.imbalanced.RebalanceStream -l (trees.HoeffdingTree -e 2000000 -g 100 -c 0.01),ArffFileStream -f ./../../../Dataset/Synthetic_IM05/stream_gen_hyperplane.arff,1,87500.0,1.75,2.785915664086734E-9,87500.0,0.922,0.524390243902439,0.524390243902439,0.0860517435320585,0.2208630521496931,0.9608433734939759,0.524390243902439,0.918,0.082,87500.0,6568.0
meta.imbalanced.RebalanceStream -l (trees.HoeffdingTree -e 2000000 -g 100 -c 0.01),ArffFileStream -f ./../../../Dataset/Synthetic_IM05/stream_gen_hyperplane.arff,1,88000.0,1.765625,2.8124648249811547E-9,88000.0,0.95,0.5535714285714286,0.5535714285714286,0.18471171406209236,0.32732683535398854,0.9748490945674044,0.5535714285714286,0.944,0.056,88000.0,6568.0
meta.imbalanced.RebalanceStream -l (trees.HoeffdingTree -e 2000000 -g 100 -c 0.01),ArffFileStream -f ./../../../Dataset/Synthetic_IM05/stream_gen_hyperplane.arff,1,88500.0,1.765625,2.8124648249811547E-9,88500.0,0.948,0.5181759169100941,0.5181759169100941,0.0644789867587795,0.19590915235213666,0.7248995983935743,0.5181759169100941,0.948,0.052,88500.0,6568.0
meta.imbalanced.RebalanceStream -l (trees.HoeffdingTree -e 2000000 -g 100 -c 0.01),ArffFileStream -f ./../../../Dataset/Synthetic_IM05/stream_gen_hyperplane.arff,1,89000.0,1.78125,2.839013985875575E-9,89000.0,0.93,0.5132104454685099,0.51321044546851,0.046840958605664486,0.16884899952033147,0.7158634538152611,0.5132104454685099,0.93,0.07,89000.0,6568.0
meta.imbalanced.RebalanceStream -l (trees.HoeffdingTree -e 2000000 -g 100 -c 0.01),ArffFileStream -f ./../../../Dataset/Synthetic_IM05/stream_gen_hyperplane.arff,1,89500.0,1.78125,2.839013985875575E-9,89500.0,0.91,0.5403456859705978,0.540345685970598,0.1324799506477483,0.2910852750630102,0.7898110661268556,0.5403456859705978,0.906,0.094,89500.0,6568.0
meta.imbalanced.RebalanceStream -l (trees.HoeffdingTree -e 2000000 -g 100 -c 0.01),ArffFileStream -f ./../../../Dataset/Synthetic_IM05/stream_gen_hyperplane.arff,1,90000.0,1.78125,2.839013985875575E-9,90000.0,0.938,0.5301816239316239,0.5301816239316239,0.10446036514906401,0.24973276315183995,0.8031522468142187,0.5301816239316239,0.936,0.064,90000.0,6568.0
meta.imbalanced.RebalanceStream -l (trees.HoeffdingTree -e 2000000 -g 100 -c 0.01),ArffFileStream -f ./../../../Dataset/Synthetic_IM05/stream_gen_hyperplane.arff,1,90500.0,1.796875,2.8655631467699957E-9,90500.0,0.928,0.5383807133267177,0.5383807133267176,0.12748424624333496,0.2841317279541144,0.7656565656565657,0.5383807133267177,0.926,0.074,90500.0,6568.0
meta.imbalanced.RebalanceStream -l (trees.HoeffdingTree -e 2000000 -g 100 -c 0.01),ArffFileStream -f ./../../../Dataset/Synthetic_IM05/stream_gen_hyperplane.arff,1,91000.0,1.796875,2.8655631467699957E-9,91000.0,0.908,0.5195364872629764,0.5195364872629764,0.0662552776875609,0.2080546242713978,0.7056451612903225,0.5195364872629764,0.908,0.092,91000.0,6568.0
meta.imbalanced.RebalanceStream -l (trees.HoeffdingTree -e 2000000 -g 100 -c 0.01),ArffFileStream -f ./../../../Dataset/Synthetic_IM05/stream_gen_hyperplane.arff,1,91500.0,1.8125,2.8921123076644163E-9,91500.0,0.934,0.49893162393162394,0.49893162393162394,-0.0038938914577756143,0.0,0.467935871743487,0.49893162393162394,0.936,0.064,91500.0,6568.0
meta.imbalanced.RebalanceStream -l (trees.HoeffdingTree -e 2000000 -g 100 -c 0.01),ArffFileStream -f ./../../../Dataset/Synthetic_IM05/stream_gen_hyperplane.arff,1,92000.0,1.8125,2.8921123076644163E-9,92000.0,0.926,0.5256410256410257,0.5256410256410257,0.09064097522611089,0.22645540682891915,0.9628514056224899,0.5256410256410257,0.922,0.078,92000.0,6568.0
meta.imbalanced.RebalanceStream -l (trees.HoeffdingTree -e 2000000 -g 100 -c 0.01),ArffFileStream -f ./../../../Dataset/Synthetic_IM05/stream_gen_hyperplane.arff,1,92500.0,1.828125,2.9186614685588368E-9,92500.0,0.932,0.5272658419591012,0.5272658419591013,0.0922682614267407,0.24201460268368807,0.717741935483871,0.5272658419591012,0.932,0.068,92500.0,6568.0
meta.imbalanced.RebalanceStream -l (trees.HoeffdingTree -e 2000000 -g 100 -c 0.01),ArffFileStream -f ./../../../Dataset/Synthetic_IM05/stream_gen_hyperplane.arff,1,93000.0,1.828125,2.9186614685588368E-9,93000.0,0.934,0.5417818740399385,0.5417818740399385,0.14151925078043703,0.2924550459763871,0.842741935483871,0.5417818740399385,0.93,0.07,93000.0,6568.0
meta.imbalanced.RebalanceStream -l (trees.HoeffdingTree -e 2000000 -g 100 -c 0.01),ArffFileStream -f ./../../../Dataset/Synthetic_IM05/stream_gen_hyperplane.arff,1,93500.0,1.84375,2.9452106294532573E-9,93500.0,0.94,0.5454545454545454,0.5454545454545454,0.15739804516346478,0.30151134457776363,0.9698189134808853,0.5454545454545454,0.934,0.066,93500.0,6568.0
meta.imbalanced.RebalanceStream -l (trees.HoeffdingTree -e 2000000 -g 100 -c 0.01),ArffFileStream -f ./../../../Dataset/Synthetic_IM05/stream_gen_hyperplane.arff,1,94000.0,1.84375,2.9452106294532573E-9,94000.0,0.926,0.4967811158798283,0.4967811158798283,-0.01114997813729777,0.0,0.46579476861167,0.4967811158798283,0.932,0.068,94000.0,6568.0
meta.imbalanced.RebalanceStream -l (trees.HoeffdingTree -e 2000000 -g 100 -c 0.01),ArffFileStream -f ./../../../Dataset/Synthetic_IM05/stream_gen_hyperplane.arff,1,94500.0,1.859375,2.971759790347678E-9,94500.0,0.94,0.5156028368794326,0.5156028368794325,0.055415617128463476,0.1823798545550405,0.7208835341365463,0.5156028368794326,0.94,0.06,94500.0,6568.0
meta.imbalanced.RebalanceStream -l (trees.HoeffdingTree -e 2000000 -g 100 -c 0.01),ArffFileStream -f ./../../../Dataset/Synthetic_IM05/stream_gen_hyperplane.arff,1,95000.0,1.859375,2.971759790347678E-9,95000.0,0.94,0.5312056737588653,0.5312056737588652,0.10501193317422435,0.25764894473566985,0.7217741935483871,0.5312056737588653,0.94,0.06,95000.0,6568.0
meta.imbalanced.RebalanceStream -l (trees.HoeffdingTree -e 2000000 -g 100 -c 0.01),ArffFileStream -f ./../../../Dataset/Synthetic_IM05/stream_gen_hyperplane.arff,1,95500.0,1.859375,2.971759790347678E-9,95500.0,0.944,0.5172413793103449,0.5172413793103448,0.06304376924106546,0.18569533817705186,0.9719438877755511,0.5172413793103449,0.942,0.058,95500.0,6568.0
meta.imbalanced.RebalanceStream -l (trees.HoeffdingTree -e 2000000 -g 100 -c 0.01),ArffFileStream -f ./../../../Dataset/Synthetic_IM05/stream_gen_hyperplane.arff,1,96000.0,1.875,2.9983089512420984E-9,96000.0,0.928,0.5135135135135135,0.5135135135135135,0.048927401458311315,0.1643989873053573,0.9639278557114228,0.5135135135135135,0.926,0.074,96000.0,6568.0
meta.imbalanced.RebalanceStream -l (trees.HoeffdingTree -e 2000000 -g 100 -c 0.01),ArffFileStream -f ./../../../Dataset/Synthetic_IM05/stream_gen_hyperplane.arff,1,96500.0,1.890625,3.024858112136519E-9,96500.0,0.924,0.536226930963773,0.536226930963773,0.11808392127738582,0.2800619987994895,0.7145748987854251,0.536226930963773,0.924,0.076,96500.0,6568.0
meta.imbalanced.RebalanceStream -l (trees.HoeffdingTree -e 2000000 -g 100 -c 0.01),ArffFileStream -f ./../../../Dataset/Synthetic_IM05/stream_gen_hyperplane.arff,1,97000.0,1.890625,3.024858112136519E-9,97000.0,0.936,0.5292323664914671,0.5292323664914671,0.10122458150769577,0.24591926149522322,0.8021462105969148,0.5292323664914671,0.934,0.066,97000.0,6568.0
meta.imbalanced.RebalanceStream -l (trees.HoeffdingTree -e 2000000 -g 100 -c 0.01),ArffFileStream -f ./../../../Dataset/Synthetic_IM05/stream_gen_hyperplane.arff,1,97500.0,1.890625,3.024858112136519E-9,97500.0,0.946,0.5344827586206896,0.5344827586206897,0.12246489859594384,0.2626128657194451,0.9728915662650602,0.5344827586206896,0.942,0.058,97500.0,6568.0
meta.imbalanced.RebalanceStream -l (trees.HoeffdingTree -e 2000000 -g 100 -c 0.01),ArffFileStream -f ./../../../Dataset/Synthetic_IM05/stream_gen_hyperplane.arff,1,98000.0,1.890625,3.024858112136519E-9,98000.0,0.918,0.5340909090909091,0.5340909090909092,0.11774832156997762,0.26111648393354675,0.9587525150905433,0.5340909090909091,0.912,0.088,98000.0,6568.0
meta.imbalanced.RebalanceStream -l (trees.HoeffdingTree -e 2000000 -g 100 -c 0.01),ArffFileStream -f ./../../../Dataset/Synthetic_IM05/stream_gen_hyperplane.arff,1,98500.0,1.90625,3.0514072730309394E-9,98500.0,0.964,0.5515920779078674,0.5515920779078674,0.17325004593055301,0.32410540811691396,0.8162307176391683,0.5515920779078674,0.962,0.038,98500.0,6568.0
meta.imbalanced.RebalanceStream -l (trees.HoeffdingTree -e 2000000 -g 100 -c 0.01),ArffFileStream -f ./../../../Dataset/Synthetic_IM05/stream_gen_hyperplane.arff,1,99000.0,1.90625,3.0514072730309394E-9,99000.0,0.942,0.5161798081850795,0.5161798081850795,0.05746229849193968,0.18549810462359775,0.7218875502008032,0.5161798081850795,0.942,0.058,99000.0,6568.0
meta.imbalanced.RebalanceStream -l (trees.HoeffdingTree -e 2000000 -g 100 -c 0.01),ArffFileStream -f ./../../../Dataset/Synthetic_IM05/stream_gen_hyperplane.arff,1,99500.0,1.921875,3.07795643392536E-9,99500.0,0.918,0.5333173919974494,0.5333173919974494,0.10900556328233658,0.2696154513947572,0.7115384615384616,0.5333173919974494,0.918,0.082,99500.0,6568.0
meta.imbalanced.RebalanceStream -l (trees.HoeffdingTree -e 2000000 -g 100 -c 0.01),ArffFileStream -f ./../../../Dataset/Synthetic_IM05/stream_gen_hyperplane.arff,1,100000.0,1.921875,3.07795643392536E-9,100000.0,0.952,0.5389473684210526,0.5389473684210526,0.13357400722021662,0.28254482643886514,0.8101945003353455,0.5389473684210526,0.95,0.05,100000.0,6568.0
