Learner,stream,randomSeed,learning evaluation instances,evaluation time (cpu seconds),model cost (RAM-Hours),classified instances,Accuracy,AvgAccuracy,AUC,Kappa,G-Mean,Precision,Recall,Ratio-Class-0,Ratio-Class-1,model training instances,model serialized size (bytes)
functions.MajorityClass,ArffFileStream -f ./../../../Dataset/Synthetic_IM50/stream_gen_RBF_drift.arff,1,500.0,0.03125,7.243620024787055E-12,500.0,0.518,0.5035749210471473,0.5035749210471472,0.007348095426387241,0.3822392743904639,0.5062633411976183,0.5035749210471473,0.478,0.522,500.0,896.0
functions.MajorityClass,ArffFileStream -f ./../../../Dataset/Synthetic_IM50/stream_gen_RBF_drift.arff,1,1000.0,0.0625,1.448724004957411E-11,1000.0,0.536,0.5,0.5,0.0,0.0,0.536,0.5,0.464,0.536,1000.0,896.0
functions.MajorityClass,ArffFileStream -f ./../../../Dataset/Synthetic_IM50/stream_gen_RBF_drift.arff,1,1500.0,0.078125,1.8109050061967638E-11,1500.0,0.508,0.5,0.5,0.0,0.0,0.508,0.5,0.492,0.508,1500.0,896.0
functions.MajorityClass,ArffFileStream -f ./../../../Dataset/Synthetic_IM50/stream_gen_RBF_drift.arff,1,2000.0,0.09375,2.1730860074361166E-11,2000.0,0.444,0.5,0.5,0.0,0.0,0.444,0.5,0.556,0.444,2000.0,896.0
functions.MajorityClass,ArffFileStream -f ./../../../Dataset/Synthetic_IM50/stream_gen_RBF_drift.arff,1,2500.0,0.109375,2.5352670086754695E-11,2500.0,0.514,0.5,0.5,0.0,0.0,0.514,0.5,0.486,0.514,2500.0,896.0
functions.MajorityClass,ArffFileStream -f ./../../../Dataset/Synthetic_IM50/stream_gen_RBF_drift.arff,1,3000.0,0.109375,2.5352670086754695E-11,3000.0,0.472,0.47570578067985403,0.47570578067985403,-0.04821802935010482,0.415514378767973,0.4690482016148764,0.47570578067985403,0.508,0.492,3000.0,896.0
functions.MajorityClass,ArffFileStream -f ./../../../Dataset/Synthetic_IM50/stream_gen_RBF_drift.arff,1,3500.0,0.125,2.8974480099148223E-11,3500.0,0.45,0.45870362364093453,0.4587036236409344,-0.0811108315511385,0.3373206302655688,0.4324232260769311,0.45870362364093453,0.514,0.486,3500.0,896.0
functions.MajorityClass,ArffFileStream -f ./../../../Dataset/Synthetic_IM50/stream_gen_RBF_drift.arff,1,4000.0,0.125,2.8974480099148223E-11,4000.0,0.496,0.4959227158397283,0.49592271583972836,-0.008145172904898305,0.4959180692532889,0.4959279348469575,0.4959227158397283,0.518,0.482,4000.0,896.0
functions.MajorityClass,ArffFileStream -f ./../../../Dataset/Synthetic_IM50/stream_gen_RBF_drift.arff,1,4500.0,0.140625,3.259629011154175E-11,4500.0,0.528,0.5,0.5,0.0,0.0,0.528,0.5,0.528,0.472,4500.0,896.0
functions.MajorityClass,ArffFileStream -f ./../../../Dataset/Synthetic_IM50/stream_gen_RBF_drift.arff,1,5000.0,0.140625,3.259629011154175E-11,5000.0,0.5,0.5,0.5,0.0,0.0,0.5,0.5,0.5,0.5,5000.0,896.0
functions.MajorityClass,ArffFileStream -f ./../../../Dataset/Synthetic_IM50/stream_gen_RBF_drift.arff,1,5500.0,0.140625,3.259629011154175E-11,5500.0,0.482,0.5,0.5,0.0,0.0,0.482,0.5,0.482,0.518,5500.0,896.0
functions.MajorityClass,ArffFileStream -f ./../../../Dataset/Synthetic_IM50/stream_gen_RBF_drift.arff,1,6000.0,0.15625,3.6218100123935276E-11,6000.0,0.522,0.5,0.5,0.0,0.0,0.522,0.5,0.522,0.478,6000.0,896.0
functions.MajorityClass,ArffFileStream -f ./../../../Dataset/Synthetic_IM50/stream_gen_RBF_drift.arff,1,6500.0,0.15625,3.6218100123935276E-11,6500.0,0.44,0.465163407102419,0.46516340710241894,-0.06596820369129561,0.30697312795531484,0.4312904453749524,0.465163407102419,0.464,0.536,6500.0,896.0
functions.MajorityClass,ArffFileStream -f ./../../../Dataset/Synthetic_IM50/stream_gen_RBF_drift.arff,1,7000.0,0.15625,3.6218100123935276E-11,7000.0,0.454,0.4557422969187675,0.45574229691876744,-0.08816964285714286,0.44733884787477063,0.4543458159963014,0.4557422969187675,0.49,0.51,7000.0,896.0
functions.MajorityClass,ArffFileStream -f ./../../../Dataset/Synthetic_IM50/stream_gen_RBF_drift.arff,1,7500.0,0.171875,3.98399101363288E-11,7500.0,0.532,0.518522696143992,0.5185226961439919,0.037813121926347476,0.4930755309987783,0.5205491696312055,0.518522696143992,0.458,0.542,7500.0,896.0
functions.MajorityClass,ArffFileStream -f ./../../../Dataset/Synthetic_IM50/stream_gen_RBF_drift.arff,1,8000.0,0.171875,3.98399101363288E-11,8000.0,0.518,0.5,0.5,0.0,0.0,0.518,0.5,0.482,0.518,8000.0,896.0
functions.MajorityClass,ArffFileStream -f ./../../../Dataset/Synthetic_IM50/stream_gen_RBF_drift.arff,1,8500.0,0.1875,4.3461720148722326E-11,8500.0,0.476,0.5,0.5,0.0,0.0,0.476,0.5,0.524,0.476,8500.0,896.0
functions.MajorityClass,ArffFileStream -f ./../../../Dataset/Synthetic_IM50/stream_gen_RBF_drift.arff,1,9000.0,0.1875,4.3461720148722326E-11,9000.0,0.508,0.5,0.5,0.0,0.0,0.508,0.5,0.492,0.508,9000.0,896.0
functions.MajorityClass,ArffFileStream -f ./../../../Dataset/Synthetic_IM50/stream_gen_RBF_drift.arff,1,9500.0,0.203125,4.708353016111585E-11,9500.0,0.55,0.5,0.5,0.0,0.0,0.55,0.5,0.45,0.55,9500.0,896.0
functions.MajorityClass,ArffFileStream -f ./../../../Dataset/Synthetic_IM50/stream_gen_RBF_drift.arff,1,10000.0,0.203125,4.708353016111585E-11,10000.0,0.512,0.5,0.5,0.0,0.0,0.512,0.5,0.488,0.512,10000.0,896.0
functions.MajorityClass,ArffFileStream -f ./../../../Dataset/Synthetic_IM50/stream_gen_RBF_drift.arff,1,10500.0,0.21875,5.0705340173509376E-11,10500.0,0.498,0.5,0.5,0.0,0.0,0.498,0.5,0.502,0.498,10500.0,896.0
functions.MajorityClass,ArffFileStream -f ./../../../Dataset/Synthetic_IM50/stream_gen_RBF_drift.arff,1,11000.0,0.21875,5.0705340173509376E-11,11000.0,0.528,0.5,0.5,0.0,0.0,0.528,0.5,0.472,0.528,11000.0,896.0
functions.MajorityClass,ArffFileStream -f ./../../../Dataset/Synthetic_IM50/stream_gen_RBF_drift.arff,1,11500.0,0.234375,5.43271501859029E-11,11500.0,0.49,0.5,0.5,0.0,0.0,0.49,0.5,0.51,0.49,11500.0,896.0
functions.MajorityClass,ArffFileStream -f ./../../../Dataset/Synthetic_IM50/stream_gen_RBF_drift.arff,1,12000.0,0.234375,5.43271501859029E-11,12000.0,0.47,0.5,0.5,0.0,0.0,0.47,0.5,0.53,0.47,12000.0,896.0
functions.MajorityClass,ArffFileStream -f ./../../../Dataset/Synthetic_IM50/stream_gen_RBF_drift.arff,1,12500.0,0.25,5.7948960198296426E-11,12500.0,0.462,0.5,0.5,0.0,0.0,0.462,0.5,0.538,0.462,12500.0,896.0
functions.MajorityClass,ArffFileStream -f ./../../../Dataset/Synthetic_IM50/stream_gen_RBF_drift.arff,1,13000.0,0.25,5.7948960198296426E-11,13000.0,0.556,0.5,0.5,0.0,0.0,0.556,0.5,0.444,0.556,13000.0,896.0
functions.MajorityClass,ArffFileStream -f ./../../../Dataset/Synthetic_IM50/stream_gen_RBF_drift.arff,1,13500.0,0.265625,6.157077021068995E-11,13500.0,0.492,0.5,0.5,0.0,0.0,0.492,0.5,0.508,0.492,13500.0,896.0
functions.MajorityClass,ArffFileStream -f ./../../../Dataset/Synthetic_IM50/stream_gen_RBF_drift.arff,1,14000.0,0.265625,6.157077021068995E-11,14000.0,0.504,0.5,0.5,0.0,0.0,0.504,0.5,0.496,0.504,14000.0,896.0
functions.MajorityClass,ArffFileStream -f ./../../../Dataset/Synthetic_IM50/stream_gen_RBF_drift.arff,1,14500.0,0.28125,6.519258022308348E-11,14500.0,0.514,0.5,0.5,0.0,0.0,0.514,0.5,0.486,0.514,14500.0,896.0
functions.MajorityClass,ArffFileStream -f ./../../../Dataset/Synthetic_IM50/stream_gen_RBF_drift.arff,1,15000.0,0.28125,6.519258022308348E-11,15000.0,0.504,0.5,0.5,0.0,0.0,0.504,0.5,0.496,0.504,15000.0,896.0
functions.MajorityClass,ArffFileStream -f ./../../../Dataset/Synthetic_IM50/stream_gen_RBF_drift.arff,1,15500.0,0.28125,6.519258022308348E-11,15500.0,0.492,0.5,0.5,0.0,0.0,0.492,0.5,0.508,0.492,15500.0,896.0
functions.MajorityClass,ArffFileStream -f ./../../../Dataset/Synthetic_IM50/stream_gen_RBF_drift.arff,1,16000.0,0.28125,6.519258022308348E-11,16000.0,0.482,0.5,0.5,0.0,0.0,0.482,0.5,0.518,0.482,16000.0,896.0
functions.MajorityClass,ArffFileStream -f ./../../../Dataset/Synthetic_IM50/stream_gen_RBF_drift.arff,1,16500.0,0.28125,6.519258022308348E-11,16500.0,0.534,0.5,0.5,0.0,0.0,0.534,0.5,0.466,0.534,16500.0,896.0
functions.MajorityClass,ArffFileStream -f ./../../../Dataset/Synthetic_IM50/stream_gen_RBF_drift.arff,1,17000.0,0.296875,6.8814390235477E-11,17000.0,0.48,0.5,0.5,0.0,0.0,0.48,0.5,0.52,0.48,17000.0,896.0
functions.MajorityClass,ArffFileStream -f ./../../../Dataset/Synthetic_IM50/stream_gen_RBF_drift.arff,1,17500.0,0.296875,6.8814390235477E-11,17500.0,0.472,0.5,0.5,0.0,0.0,0.472,0.5,0.528,0.472,17500.0,896.0
functions.MajorityClass,ArffFileStream -f ./../../../Dataset/Synthetic_IM50/stream_gen_RBF_drift.arff,1,18000.0,0.3125,7.243620024787053E-11,18000.0,0.508,0.5,0.5,0.0,0.0,0.508,0.5,0.492,0.508,18000.0,896.0
functions.MajorityClass,ArffFileStream -f ./../../../Dataset/Synthetic_IM50/stream_gen_RBF_drift.arff,1,18500.0,0.3125,7.243620024787053E-11,18500.0,0.51,0.5,0.5,0.0,0.0,0.51,0.5,0.49,0.51,18500.0,896.0
functions.MajorityClass,ArffFileStream -f ./../../../Dataset/Synthetic_IM50/stream_gen_RBF_drift.arff,1,19000.0,0.3125,7.243620024787053E-11,19000.0,0.518,0.5,0.5,0.0,0.0,0.518,0.5,0.482,0.518,19000.0,896.0
functions.MajorityClass,ArffFileStream -f ./../../../Dataset/Synthetic_IM50/stream_gen_RBF_drift.arff,1,19500.0,0.328125,7.605801026026405E-11,19500.0,0.492,0.5,0.5,0.0,0.0,0.492,0.5,0.508,0.492,19500.0,896.0
functions.MajorityClass,ArffFileStream -f ./../../../Dataset/Synthetic_IM50/stream_gen_RBF_drift.arff,1,20000.0,0.328125,7.605801026026405E-11,20000.0,0.506,0.5,0.5,0.0,0.0,0.506,0.5,0.494,0.506,20000.0,896.0
functions.MajorityClass,ArffFileStream -f ./../../../Dataset/Synthetic_IM50/stream_gen_RBF_drift.arff,1,20500.0,0.328125,7.605801026026405E-11,20500.0,0.538,0.5,0.5,0.0,0.0,0.538,0.5,0.462,0.538,20500.0,896.0
functions.MajorityClass,ArffFileStream -f ./../../../Dataset/Synthetic_IM50/stream_gen_RBF_drift.arff,1,21000.0,0.34375,7.967982027265758E-11,21000.0,0.496,0.5,0.5,0.0,0.0,0.496,0.5,0.504,0.496,21000.0,896.0
functions.MajorityClass,ArffFileStream -f ./../../../Dataset/Synthetic_IM50/stream_gen_RBF_drift.arff,1,21500.0,0.34375,7.967982027265758E-11,21500.0,0.514,0.5,0.5,0.0,0.0,0.514,0.5,0.486,0.514,21500.0,896.0
functions.MajorityClass,ArffFileStream -f ./../../../Dataset/Synthetic_IM50/stream_gen_RBF_drift.arff,1,22000.0,0.34375,7.967982027265758E-11,22000.0,0.528,0.5,0.5,0.0,0.0,0.528,0.5,0.472,0.528,22000.0,896.0
functions.MajorityClass,ArffFileStream -f ./../../../Dataset/Synthetic_IM50/stream_gen_RBF_drift.arff,1,22500.0,0.34375,7.967982027265758E-11,22500.0,0.496,0.5,0.5,0.0,0.0,0.496,0.5,0.504,0.496,22500.0,896.0
functions.MajorityClass,ArffFileStream -f ./../../../Dataset/Synthetic_IM50/stream_gen_RBF_drift.arff,1,23000.0,0.359375,8.33016302850511E-11,23000.0,0.512,0.5,0.5,0.0,0.0,0.512,0.5,0.488,0.512,23000.0,896.0
functions.MajorityClass,ArffFileStream -f ./../../../Dataset/Synthetic_IM50/stream_gen_RBF_drift.arff,1,23500.0,0.359375,8.33016302850511E-11,23500.0,0.476,0.5,0.5,0.0,0.0,0.476,0.5,0.524,0.476,23500.0,896.0
functions.MajorityClass,ArffFileStream -f ./../../../Dataset/Synthetic_IM50/stream_gen_RBF_drift.arff,1,24000.0,0.359375,8.33016302850511E-11,24000.0,0.468,0.5,0.5,0.0,0.0,0.468,0.5,0.532,0.468,24000.0,896.0
functions.MajorityClass,ArffFileStream -f ./../../../Dataset/Synthetic_IM50/stream_gen_RBF_drift.arff,1,24500.0,0.375,8.692344029744463E-11,24500.0,0.482,0.5,0.5,0.0,0.0,0.482,0.5,0.518,0.482,24500.0,896.0
functions.MajorityClass,ArffFileStream -f ./../../../Dataset/Synthetic_IM50/stream_gen_RBF_drift.arff,1,25000.0,0.375,8.692344029744463E-11,25000.0,0.526,0.5,0.5,0.0,0.0,0.526,0.5,0.474,0.526,25000.0,896.0
functions.MajorityClass,ArffFileStream -f ./../../../Dataset/Synthetic_IM50/stream_gen_RBF_drift.arff,1,25500.0,0.375,8.692344029744463E-11,25500.0,0.494,0.5,0.5,0.0,0.0,0.494,0.5,0.506,0.494,25500.0,896.0
functions.MajorityClass,ArffFileStream -f ./../../../Dataset/Synthetic_IM50/stream_gen_RBF_drift.arff,1,26000.0,0.390625,9.054525030983815E-11,26000.0,0.47,0.5,0.5,0.0,0.0,0.47,0.5,0.53,0.47,26000.0,896.0
functions.MajorityClass,ArffFileStream -f ./../../../Dataset/Synthetic_IM50/stream_gen_RBF_drift.arff,1,26500.0,0.390625,9.054525030983815E-11,26500.0,0.476,0.5,0.5,0.0,0.0,0.476,0.5,0.524,0.476,26500.0,896.0
functions.MajorityClass,ArffFileStream -f ./../../../Dataset/Synthetic_IM50/stream_gen_RBF_drift.arff,1,27000.0,0.390625,9.054525030983815E-11,27000.0,0.488,0.5,0.5,0.0,0.0,0.488,0.5,0.512,0.488,27000.0,896.0
functions.MajorityClass,ArffFileStream -f ./../../../Dataset/Synthetic_IM50/stream_gen_RBF_drift.arff,1,27500.0,0.40625,9.416706032223168E-11,27500.0,0.518,0.5,0.5,0.0,0.0,0.518,0.5,0.482,0.518,27500.0,896.0
functions.MajorityClass,ArffFileStream -f ./../../../Dataset/Synthetic_IM50/stream_gen_RBF_drift.arff,1,28000.0,0.40625,9.416706032223168E-11,28000.0,0.46,0.5,0.5,0.0,0.0,0.46,0.5,0.54,0.46,28000.0,896.0
functions.MajorityClass,ArffFileStream -f ./../../../Dataset/Synthetic_IM50/stream_gen_RBF_drift.arff,1,28500.0,0.40625,9.416706032223168E-11,28500.0,0.496,0.5,0.5,0.0,0.0,0.496,0.5,0.504,0.496,28500.0,896.0
functions.MajorityClass,ArffFileStream -f ./../../../Dataset/Synthetic_IM50/stream_gen_RBF_drift.arff,1,29000.0,0.40625,9.416706032223168E-11,29000.0,0.508,0.5,0.5,0.0,0.0,0.508,0.5,0.492,0.508,29000.0,896.0
functions.MajorityClass,ArffFileStream -f ./../../../Dataset/Synthetic_IM50/stream_gen_RBF_drift.arff,1,29500.0,0.421875,9.77888703346252E-11,29500.0,0.53,0.5,0.5,0.0,0.0,0.53,0.5,0.47,0.53,29500.0,896.0
functions.MajorityClass,ArffFileStream -f ./../../../Dataset/Synthetic_IM50/stream_gen_RBF_drift.arff,1,30000.0,0.421875,9.77888703346252E-11,30000.0,0.514,0.5,0.5,0.0,0.0,0.514,0.5,0.486,0.514,30000.0,896.0
functions.MajorityClass,ArffFileStream -f ./../../../Dataset/Synthetic_IM50/stream_gen_RBF_drift.arff,1,30500.0,0.421875,9.77888703346252E-11,30500.0,0.466,0.5,0.5,0.0,0.0,0.466,0.5,0.534,0.466,30500.0,896.0
functions.MajorityClass,ArffFileStream -f ./../../../Dataset/Synthetic_IM50/stream_gen_RBF_drift.arff,1,31000.0,0.4375,1.0141068034701873E-10,31000.0,0.498,0.5,0.5,0.0,0.0,0.498,0.5,0.502,0.498,31000.0,896.0
functions.MajorityClass,ArffFileStream -f ./../../../Dataset/Synthetic_IM50/stream_gen_RBF_drift.arff,1,31500.0,0.4375,1.0141068034701873E-10,31500.0,0.504,0.5,0.5,0.0,0.0,0.504,0.5,0.496,0.504,31500.0,896.0
functions.MajorityClass,ArffFileStream -f ./../../../Dataset/Synthetic_IM50/stream_gen_RBF_drift.arff,1,32000.0,0.4375,1.0141068034701873E-10,32000.0,0.502,0.5,0.5,0.0,0.0,0.502,0.5,0.498,0.502,32000.0,896.0
functions.MajorityClass,ArffFileStream -f ./../../../Dataset/Synthetic_IM50/stream_gen_RBF_drift.arff,1,32500.0,0.453125,1.0503249035941225E-10,32500.0,0.51,0.5,0.5,0.0,0.0,0.51,0.5,0.49,0.51,32500.0,896.0
functions.MajorityClass,ArffFileStream -f ./../../../Dataset/Synthetic_IM50/stream_gen_RBF_drift.arff,1,33000.0,0.453125,1.0503249035941225E-10,33000.0,0.51,0.5,0.5,0.0,0.0,0.51,0.5,0.49,0.51,33000.0,896.0
functions.MajorityClass,ArffFileStream -f ./../../../Dataset/Synthetic_IM50/stream_gen_RBF_drift.arff,1,33500.0,0.453125,1.0503249035941225E-10,33500.0,0.482,0.5,0.5,0.0,0.0,0.482,0.5,0.518,0.482,33500.0,896.0
functions.MajorityClass,ArffFileStream -f ./../../../Dataset/Synthetic_IM50/stream_gen_RBF_drift.arff,1,34000.0,0.453125,1.0503249035941225E-10,34000.0,0.502,0.5,0.5,0.0,0.0,0.502,0.5,0.498,0.502,34000.0,896.0
functions.MajorityClass,ArffFileStream -f ./../../../Dataset/Synthetic_IM50/stream_gen_RBF_drift.arff,1,34500.0,0.46875,1.0865430037180578E-10,34500.0,0.544,0.5,0.5,0.0,0.0,0.544,0.5,0.456,0.544,34500.0,896.0
functions.MajorityClass,ArffFileStream -f ./../../../Dataset/Synthetic_IM50/stream_gen_RBF_drift.arff,1,35000.0,0.46875,1.0865430037180578E-10,35000.0,0.552,0.5,0.5,0.0,0.0,0.552,0.5,0.448,0.552,35000.0,896.0
functions.MajorityClass,ArffFileStream -f ./../../../Dataset/Synthetic_IM50/stream_gen_RBF_drift.arff,1,35500.0,0.46875,1.0865430037180578E-10,35500.0,0.524,0.5,0.5,0.0,0.0,0.524,0.5,0.476,0.524,35500.0,896.0
functions.MajorityClass,ArffFileStream -f ./../../../Dataset/Synthetic_IM50/stream_gen_RBF_drift.arff,1,36000.0,0.484375,1.122761103841993E-10,36000.0,0.502,0.5,0.5,0.0,0.0,0.502,0.5,0.498,0.502,36000.0,896.0
functions.MajorityClass,ArffFileStream -f ./../../../Dataset/Synthetic_IM50/stream_gen_RBF_drift.arff,1,36500.0,0.484375,1.122761103841993E-10,36500.0,0.5,0.5,0.5,0.0,0.0,0.5,0.5,0.5,0.5,36500.0,896.0
functions.MajorityClass,ArffFileStream -f ./../../../Dataset/Synthetic_IM50/stream_gen_RBF_drift.arff,1,37000.0,0.484375,1.122761103841993E-10,37000.0,0.514,0.5,0.5,0.0,0.0,0.514,0.5,0.486,0.514,37000.0,896.0
functions.MajorityClass,ArffFileStream -f ./../../../Dataset/Synthetic_IM50/stream_gen_RBF_drift.arff,1,37500.0,0.5,1.1589792039659283E-10,37500.0,0.512,0.5,0.5,0.0,0.0,0.512,0.5,0.488,0.512,37500.0,896.0
functions.MajorityClass,ArffFileStream -f ./../../../Dataset/Synthetic_IM50/stream_gen_RBF_drift.arff,1,38000.0,0.5,1.1589792039659283E-10,38000.0,0.508,0.5,0.5,0.0,0.0,0.508,0.5,0.492,0.508,38000.0,896.0
functions.MajorityClass,ArffFileStream -f ./../../../Dataset/Synthetic_IM50/stream_gen_RBF_drift.arff,1,38500.0,0.5,1.1589792039659283E-10,38500.0,0.486,0.5,0.5,0.0,0.0,0.486,0.5,0.514,0.486,38500.0,896.0
functions.MajorityClass,ArffFileStream -f ./../../../Dataset/Synthetic_IM50/stream_gen_RBF_drift.arff,1,39000.0,0.515625,1.1951973040898635E-10,39000.0,0.484,0.5,0.5,0.0,0.0,0.484,0.5,0.516,0.484,39000.0,896.0
functions.MajorityClass,ArffFileStream -f ./../../../Dataset/Synthetic_IM50/stream_gen_RBF_drift.arff,1,39500.0,0.515625,1.1951973040898635E-10,39500.0,0.516,0.5,0.5,0.0,0.0,0.516,0.5,0.484,0.516,39500.0,896.0
functions.MajorityClass,ArffFileStream -f ./../../../Dataset/Synthetic_IM50/stream_gen_RBF_drift.arff,1,40000.0,0.515625,1.1951973040898635E-10,40000.0,0.486,0.5,0.5,0.0,0.0,0.486,0.5,0.514,0.486,40000.0,896.0
functions.MajorityClass,ArffFileStream -f ./../../../Dataset/Synthetic_IM50/stream_gen_RBF_drift.arff,1,40500.0,0.53125,1.2314154042137988E-10,40500.0,0.502,0.5,0.5,0.0,0.0,0.502,0.5,0.498,0.502,40500.0,896.0
functions.MajorityClass,ArffFileStream -f ./../../../Dataset/Synthetic_IM50/stream_gen_RBF_drift.arff,1,41000.0,0.53125,1.2314154042137988E-10,41000.0,0.484,0.5,0.5,0.0,0.0,0.484,0.5,0.516,0.484,41000.0,896.0
functions.MajorityClass,ArffFileStream -f ./../../../Dataset/Synthetic_IM50/stream_gen_RBF_drift.arff,1,41500.0,0.53125,1.2314154042137988E-10,41500.0,0.526,0.5,0.5,0.0,0.0,0.526,0.5,0.474,0.526,41500.0,896.0
functions.MajorityClass,ArffFileStream -f ./../../../Dataset/Synthetic_IM50/stream_gen_RBF_drift.arff,1,42000.0,0.53125,1.2314154042137988E-10,42000.0,0.514,0.5,0.5,0.0,0.0,0.514,0.5,0.486,0.514,42000.0,896.0
functions.MajorityClass,ArffFileStream -f ./../../../Dataset/Synthetic_IM50/stream_gen_RBF_drift.arff,1,42500.0,0.546875,1.267633504337734E-10,42500.0,0.524,0.5,0.5,0.0,0.0,0.524,0.5,0.476,0.524,42500.0,896.0
functions.MajorityClass,ArffFileStream -f ./../../../Dataset/Synthetic_IM50/stream_gen_RBF_drift.arff,1,43000.0,0.546875,1.267633504337734E-10,43000.0,0.496,0.5,0.5,0.0,0.0,0.496,0.5,0.504,0.496,43000.0,896.0
functions.MajorityClass,ArffFileStream -f ./../../../Dataset/Synthetic_IM50/stream_gen_RBF_drift.arff,1,43500.0,0.546875,1.267633504337734E-10,43500.0,0.51,0.5,0.5,0.0,0.0,0.51,0.5,0.49,0.51,43500.0,896.0
functions.MajorityClass,ArffFileStream -f ./../../../Dataset/Synthetic_IM50/stream_gen_RBF_drift.arff,1,44000.0,0.5625,1.3038516044616693E-10,44000.0,0.48,0.5,0.5,0.0,0.0,0.48,0.5,0.52,0.48,44000.0,896.0
functions.MajorityClass,ArffFileStream -f ./../../../Dataset/Synthetic_IM50/stream_gen_RBF_drift.arff,1,44500.0,0.5625,1.3038516044616693E-10,44500.0,0.492,0.5,0.5,0.0,0.0,0.492,0.5,0.508,0.492,44500.0,896.0
functions.MajorityClass,ArffFileStream -f ./../../../Dataset/Synthetic_IM50/stream_gen_RBF_drift.arff,1,45000.0,0.5625,1.3038516044616693E-10,45000.0,0.534,0.5,0.5,0.0,0.0,0.534,0.5,0.466,0.534,45000.0,896.0
functions.MajorityClass,ArffFileStream -f ./../../../Dataset/Synthetic_IM50/stream_gen_RBF_drift.arff,1,45500.0,0.5625,1.3038516044616693E-10,45500.0,0.516,0.5,0.5,0.0,0.0,0.516,0.5,0.484,0.516,45500.0,896.0
functions.MajorityClass,ArffFileStream -f ./../../../Dataset/Synthetic_IM50/stream_gen_RBF_drift.arff,1,46000.0,0.5625,1.3038516044616693E-10,46000.0,0.478,0.5,0.5,0.0,0.0,0.478,0.5,0.522,0.478,46000.0,896.0
functions.MajorityClass,ArffFileStream -f ./../../../Dataset/Synthetic_IM50/stream_gen_RBF_drift.arff,1,46500.0,0.5625,1.3038516044616693E-10,46500.0,0.492,0.5,0.5,0.0,0.0,0.492,0.5,0.508,0.492,46500.0,896.0
functions.MajorityClass,ArffFileStream -f ./../../../Dataset/Synthetic_IM50/stream_gen_RBF_drift.arff,1,47000.0,0.5625,1.3038516044616693E-10,47000.0,0.512,0.5,0.5,0.0,0.0,0.512,0.5,0.488,0.512,47000.0,896.0
functions.MajorityClass,ArffFileStream -f ./../../../Dataset/Synthetic_IM50/stream_gen_RBF_drift.arff,1,47500.0,0.5625,1.3038516044616693E-10,47500.0,0.484,0.5,0.5,0.0,0.0,0.484,0.5,0.516,0.484,47500.0,896.0
functions.MajorityClass,ArffFileStream -f ./../../../Dataset/Synthetic_IM50/stream_gen_RBF_drift.arff,1,48000.0,0.578125,1.3400697045856045E-10,48000.0,0.464,0.5,0.5,0.0,0.0,0.464,0.5,0.536,0.464,48000.0,896.0
functions.MajorityClass,ArffFileStream -f ./../../../Dataset/Synthetic_IM50/stream_gen_RBF_drift.arff,1,48500.0,0.578125,1.3400697045856045E-10,48500.0,0.494,0.5,0.5,0.0,0.0,0.494,0.5,0.506,0.494,48500.0,896.0
functions.MajorityClass,ArffFileStream -f ./../../../Dataset/Synthetic_IM50/stream_gen_RBF_drift.arff,1,49000.0,0.59375,1.3762878047095398E-10,49000.0,0.49,0.5,0.5,0.0,0.0,0.49,0.5,0.51,0.49,49000.0,896.0
functions.MajorityClass,ArffFileStream -f ./../../../Dataset/Synthetic_IM50/stream_gen_RBF_drift.arff,1,49500.0,0.609375,1.412505904833475E-10,49500.0,0.488,0.5,0.5,0.0,0.0,0.488,0.5,0.512,0.488,49500.0,896.0
functions.MajorityClass,ArffFileStream -f ./../../../Dataset/Synthetic_IM50/stream_gen_RBF_drift.arff,1,50000.0,0.609375,1.412505904833475E-10,50000.0,0.488,0.5,0.5,0.0,0.0,0.488,0.5,0.512,0.488,50000.0,896.0
functions.MajorityClass,ArffFileStream -f ./../../../Dataset/Synthetic_IM50/stream_gen_RBF_drift.arff,1,50500.0,0.609375,1.412505904833475E-10,50500.0,0.522,0.5,0.5,0.0,0.0,0.522,0.5,0.478,0.522,50500.0,896.0
functions.MajorityClass,ArffFileStream -f ./../../../Dataset/Synthetic_IM50/stream_gen_RBF_drift.arff,1,51000.0,0.609375,1.412505904833475E-10,51000.0,0.494,0.5,0.5,0.0,0.0,0.494,0.5,0.506,0.494,51000.0,896.0
functions.MajorityClass,ArffFileStream -f ./../../../Dataset/Synthetic_IM50/stream_gen_RBF_drift.arff,1,51500.0,0.625,1.4487240049574103E-10,51500.0,0.48,0.5,0.5,0.0,0.0,0.48,0.5,0.52,0.48,51500.0,896.0
functions.MajorityClass,ArffFileStream -f ./../../../Dataset/Synthetic_IM50/stream_gen_RBF_drift.arff,1,52000.0,0.640625,1.4849421050813455E-10,52000.0,0.492,0.5,0.5,0.0,0.0,0.492,0.5,0.508,0.492,52000.0,896.0
functions.MajorityClass,ArffFileStream -f ./../../../Dataset/Synthetic_IM50/stream_gen_RBF_drift.arff,1,52500.0,0.65625,1.5211602052052808E-10,52500.0,0.494,0.5,0.5,0.0,0.0,0.494,0.5,0.506,0.494,52500.0,896.0
functions.MajorityClass,ArffFileStream -f ./../../../Dataset/Synthetic_IM50/stream_gen_RBF_drift.arff,1,53000.0,0.65625,1.5211602052052808E-10,53000.0,0.524,0.5,0.5,0.0,0.0,0.524,0.5,0.476,0.524,53000.0,896.0
functions.MajorityClass,ArffFileStream -f ./../../../Dataset/Synthetic_IM50/stream_gen_RBF_drift.arff,1,53500.0,0.671875,1.557378305329216E-10,53500.0,0.496,0.5,0.5,0.0,0.0,0.496,0.5,0.504,0.496,53500.0,896.0
functions.MajorityClass,ArffFileStream -f ./../../../Dataset/Synthetic_IM50/stream_gen_RBF_drift.arff,1,54000.0,0.671875,1.557378305329216E-10,54000.0,0.482,0.5,0.5,0.0,0.0,0.482,0.5,0.518,0.482,54000.0,896.0
functions.MajorityClass,ArffFileStream -f ./../../../Dataset/Synthetic_IM50/stream_gen_RBF_drift.arff,1,54500.0,0.6875,1.5935964054531513E-10,54500.0,0.504,0.5,0.5,0.0,0.0,0.504,0.5,0.496,0.504,54500.0,896.0
functions.MajorityClass,ArffFileStream -f ./../../../Dataset/Synthetic_IM50/stream_gen_RBF_drift.arff,1,55000.0,0.6875,1.5935964054531513E-10,55000.0,0.514,0.5,0.5,0.0,0.0,0.514,0.5,0.486,0.514,55000.0,896.0
functions.MajorityClass,ArffFileStream -f ./../../../Dataset/Synthetic_IM50/stream_gen_RBF_drift.arff,1,55500.0,0.6875,1.5935964054531513E-10,55500.0,0.518,0.5,0.5,0.0,0.0,0.518,0.5,0.482,0.518,55500.0,896.0
functions.MajorityClass,ArffFileStream -f ./../../../Dataset/Synthetic_IM50/stream_gen_RBF_drift.arff,1,56000.0,0.6875,1.5935964054531513E-10,56000.0,0.482,0.5,0.5,0.0,0.0,0.482,0.5,0.518,0.482,56000.0,896.0
functions.MajorityClass,ArffFileStream -f ./../../../Dataset/Synthetic_IM50/stream_gen_RBF_drift.arff,1,56500.0,0.703125,1.6298145055770865E-10,56500.0,0.506,0.5,0.5,0.0,0.0,0.506,0.5,0.494,0.506,56500.0,896.0
functions.MajorityClass,ArffFileStream -f ./../../../Dataset/Synthetic_IM50/stream_gen_RBF_drift.arff,1,57000.0,0.703125,1.6298145055770865E-10,57000.0,0.496,0.5,0.5,0.0,0.0,0.496,0.5,0.504,0.496,57000.0,896.0
functions.MajorityClass,ArffFileStream -f ./../../../Dataset/Synthetic_IM50/stream_gen_RBF_drift.arff,1,57500.0,0.71875,1.6660326057010218E-10,57500.0,0.456,0.5,0.5,0.0,0.0,0.456,0.5,0.544,0.456,57500.0,896.0
functions.MajorityClass,ArffFileStream -f ./../../../Dataset/Synthetic_IM50/stream_gen_RBF_drift.arff,1,58000.0,0.71875,1.6660326057010218E-10,58000.0,0.514,0.5,0.5,0.0,0.0,0.514,0.5,0.486,0.514,58000.0,896.0
functions.MajorityClass,ArffFileStream -f ./../../../Dataset/Synthetic_IM50/stream_gen_RBF_drift.arff,1,58500.0,0.734375,1.702250705824957E-10,58500.0,0.514,0.5,0.5,0.0,0.0,0.514,0.5,0.486,0.514,58500.0,896.0
functions.MajorityClass,ArffFileStream -f ./../../../Dataset/Synthetic_IM50/stream_gen_RBF_drift.arff,1,59000.0,0.734375,1.702250705824957E-10,59000.0,0.502,0.5,0.5,0.0,0.0,0.502,0.5,0.498,0.502,59000.0,896.0
functions.MajorityClass,ArffFileStream -f ./../../../Dataset/Synthetic_IM50/stream_gen_RBF_drift.arff,1,59500.0,0.734375,1.702250705824957E-10,59500.0,0.508,0.5,0.5,0.0,0.0,0.508,0.5,0.492,0.508,59500.0,896.0
functions.MajorityClass,ArffFileStream -f ./../../../Dataset/Synthetic_IM50/stream_gen_RBF_drift.arff,1,60000.0,0.734375,1.702250705824957E-10,60000.0,0.492,0.5,0.5,0.0,0.0,0.492,0.5,0.508,0.492,60000.0,896.0
functions.MajorityClass,ArffFileStream -f ./../../../Dataset/Synthetic_IM50/stream_gen_RBF_drift.arff,1,60500.0,0.75,1.7384688059488923E-10,60500.0,0.488,0.5,0.5,0.0,0.0,0.488,0.5,0.512,0.488,60500.0,896.0
functions.MajorityClass,ArffFileStream -f ./../../../Dataset/Synthetic_IM50/stream_gen_RBF_drift.arff,1,61000.0,0.75,1.7384688059488923E-10,61000.0,0.488,0.5,0.5,0.0,0.0,0.488,0.5,0.512,0.488,61000.0,896.0
functions.MajorityClass,ArffFileStream -f ./../../../Dataset/Synthetic_IM50/stream_gen_RBF_drift.arff,1,61500.0,0.75,1.7384688059488923E-10,61500.0,0.514,0.5,0.5,0.0,0.0,0.514,0.5,0.486,0.514,61500.0,896.0
functions.MajorityClass,ArffFileStream -f ./../../../Dataset/Synthetic_IM50/stream_gen_RBF_drift.arff,1,62000.0,0.75,1.7384688059488923E-10,62000.0,0.436,0.5,0.5,0.0,0.0,0.436,0.5,0.564,0.436,62000.0,896.0
functions.MajorityClass,ArffFileStream -f ./../../../Dataset/Synthetic_IM50/stream_gen_RBF_drift.arff,1,62500.0,0.75,1.7384688059488923E-10,62500.0,0.494,0.5,0.5,0.0,0.0,0.494,0.5,0.506,0.494,62500.0,896.0
functions.MajorityClass,ArffFileStream -f ./../../../Dataset/Synthetic_IM50/stream_gen_RBF_drift.arff,1,63000.0,0.765625,1.7746869060728275E-10,63000.0,0.478,0.5,0.5,0.0,0.0,0.478,0.5,0.522,0.478,63000.0,896.0
functions.MajorityClass,ArffFileStream -f ./../../../Dataset/Synthetic_IM50/stream_gen_RBF_drift.arff,1,63500.0,0.765625,1.7746869060728275E-10,63500.0,0.464,0.5,0.5,0.0,0.0,0.464,0.5,0.536,0.464,63500.0,896.0
functions.MajorityClass,ArffFileStream -f ./../../../Dataset/Synthetic_IM50/stream_gen_RBF_drift.arff,1,64000.0,0.78125,1.8109050061967628E-10,64000.0,0.504,0.5,0.5,0.0,0.0,0.504,0.5,0.496,0.504,64000.0,896.0
functions.MajorityClass,ArffFileStream -f ./../../../Dataset/Synthetic_IM50/stream_gen_RBF_drift.arff,1,64500.0,0.78125,1.8109050061967628E-10,64500.0,0.46,0.49093888567572774,0.4909388856757278,-0.016995118423431568,0.08559209850218258,0.3567073170731707,0.49093888567572774,0.532,0.468,64500.0,896.0
functions.MajorityClass,ArffFileStream -f ./../../../Dataset/Synthetic_IM50/stream_gen_RBF_drift.arff,1,65000.0,0.796875,1.847123106320698E-10,65000.0,0.516,0.5,0.5,0.0,0.0,0.516,0.5,0.516,0.484,65000.0,896.0
functions.MajorityClass,ArffFileStream -f ./../../../Dataset/Synthetic_IM50/stream_gen_RBF_drift.arff,1,65500.0,0.796875,1.847123106320698E-10,65500.0,0.496,0.49706945002007225,0.49706945002007225,-0.0058274127883771055,0.4967497732399787,0.49707621076915687,0.49706945002007225,0.47,0.53,65500.0,896.0
functions.MajorityClass,ArffFileStream -f ./../../../Dataset/Synthetic_IM50/stream_gen_RBF_drift.arff,1,66000.0,0.796875,1.847123106320698E-10,66000.0,0.498,0.485597334145052,0.48559733414505196,-0.029498621866386666,0.34221597984725116,0.47268805444160894,0.485597334145052,0.482,0.518,66000.0,896.0
functions.MajorityClass,ArffFileStream -f ./../../../Dataset/Synthetic_IM50/stream_gen_RBF_drift.arff,1,66500.0,0.8125,1.8833412064446333E-10,66500.0,0.478,0.49310445061688524,0.49310445061688524,-0.013261693272874091,0.46732937463458984,0.4924101032723653,0.49310445061688524,0.548,0.452,66500.0,896.0
functions.MajorityClass,ArffFileStream -f ./../../../Dataset/Synthetic_IM50/stream_gen_RBF_drift.arff,1,67000.0,0.8125,1.8833412064446333E-10,67000.0,0.52,0.5,0.5,0.0,0.0,0.52,0.5,0.52,0.48,67000.0,896.0
functions.MajorityClass,ArffFileStream -f ./../../../Dataset/Synthetic_IM50/stream_gen_RBF_drift.arff,1,67500.0,0.8125,1.8833412064446333E-10,67500.0,0.51,0.5,0.5,0.0,0.0,0.51,0.5,0.51,0.49,67500.0,896.0
functions.MajorityClass,ArffFileStream -f ./../../../Dataset/Synthetic_IM50/stream_gen_RBF_drift.arff,1,68000.0,0.828125,1.9195593065685685E-10,68000.0,0.506,0.5,0.5,0.0,0.0,0.506,0.5,0.506,0.494,68000.0,896.0
functions.MajorityClass,ArffFileStream -f ./../../../Dataset/Synthetic_IM50/stream_gen_RBF_drift.arff,1,68500.0,0.828125,1.9195593065685685E-10,68500.0,0.494,0.5,0.5,0.0,0.0,0.494,0.5,0.494,0.506,68500.0,896.0
functions.MajorityClass,ArffFileStream -f ./../../../Dataset/Synthetic_IM50/stream_gen_RBF_drift.arff,1,69000.0,0.828125,1.9195593065685685E-10,69000.0,0.524,0.5,0.5,0.0,0.0,0.524,0.5,0.524,0.476,69000.0,896.0
functions.MajorityClass,ArffFileStream -f ./../../../Dataset/Synthetic_IM50/stream_gen_RBF_drift.arff,1,69500.0,0.828125,1.9195593065685685E-10,69500.0,0.484,0.5,0.5,0.0,0.0,0.484,0.5,0.484,0.516,69500.0,896.0
functions.MajorityClass,ArffFileStream -f ./../../../Dataset/Synthetic_IM50/stream_gen_RBF_drift.arff,1,70000.0,0.84375,1.9557774066925038E-10,70000.0,0.496,0.5,0.5,0.0,0.0,0.496,0.5,0.496,0.504,70000.0,896.0
functions.MajorityClass,ArffFileStream -f ./../../../Dataset/Synthetic_IM50/stream_gen_RBF_drift.arff,1,70500.0,0.84375,1.9557774066925038E-10,70500.0,0.522,0.5,0.5,0.0,0.0,0.522,0.5,0.522,0.478,70500.0,896.0
functions.MajorityClass,ArffFileStream -f ./../../../Dataset/Synthetic_IM50/stream_gen_RBF_drift.arff,1,71000.0,0.84375,1.9557774066925038E-10,71000.0,0.476,0.5,0.5,0.0,0.0,0.476,0.5,0.476,0.524,71000.0,896.0
functions.MajorityClass,ArffFileStream -f ./../../../Dataset/Synthetic_IM50/stream_gen_RBF_drift.arff,1,71500.0,0.859375,1.991995506816439E-10,71500.0,0.49,0.5,0.5,0.0,0.0,0.49,0.5,0.49,0.51,71500.0,896.0
functions.MajorityClass,ArffFileStream -f ./../../../Dataset/Synthetic_IM50/stream_gen_RBF_drift.arff,1,72000.0,0.859375,1.991995506816439E-10,72000.0,0.542,0.5,0.5,0.0,0.0,0.542,0.5,0.542,0.458,72000.0,896.0
functions.MajorityClass,ArffFileStream -f ./../../../Dataset/Synthetic_IM50/stream_gen_RBF_drift.arff,1,72500.0,0.859375,1.991995506816439E-10,72500.0,0.482,0.5,0.5,0.0,0.0,0.482,0.5,0.482,0.518,72500.0,896.0
functions.MajorityClass,ArffFileStream -f ./../../../Dataset/Synthetic_IM50/stream_gen_RBF_drift.arff,1,73000.0,0.875,2.0282136069403743E-10,73000.0,0.528,0.5,0.5,0.0,0.0,0.528,0.5,0.528,0.472,73000.0,896.0
functions.MajorityClass,ArffFileStream -f ./../../../Dataset/Synthetic_IM50/stream_gen_RBF_drift.arff,1,73500.0,0.875,2.0282136069403743E-10,73500.0,0.486,0.5,0.5,0.0,0.0,0.486,0.5,0.486,0.514,73500.0,896.0
functions.MajorityClass,ArffFileStream -f ./../../../Dataset/Synthetic_IM50/stream_gen_RBF_drift.arff,1,74000.0,0.875,2.0282136069403743E-10,74000.0,0.526,0.5,0.5,0.0,0.0,0.526,0.5,0.526,0.474,74000.0,896.0
functions.MajorityClass,ArffFileStream -f ./../../../Dataset/Synthetic_IM50/stream_gen_RBF_drift.arff,1,74500.0,0.875,2.0282136069403743E-10,74500.0,0.526,0.5,0.5,0.0,0.0,0.526,0.5,0.526,0.474,74500.0,896.0
functions.MajorityClass,ArffFileStream -f ./../../../Dataset/Synthetic_IM50/stream_gen_RBF_drift.arff,1,75000.0,0.890625,2.0644317070643095E-10,75000.0,0.472,0.5,0.5,0.0,0.0,0.472,0.5,0.472,0.528,75000.0,896.0
functions.MajorityClass,ArffFileStream -f ./../../../Dataset/Synthetic_IM50/stream_gen_RBF_drift.arff,1,75500.0,0.890625,2.0644317070643095E-10,75500.0,0.488,0.5,0.5,0.0,0.0,0.488,0.5,0.488,0.512,75500.0,896.0
functions.MajorityClass,ArffFileStream -f ./../../../Dataset/Synthetic_IM50/stream_gen_RBF_drift.arff,1,76000.0,0.890625,2.0644317070643095E-10,76000.0,0.506,0.5,0.5,0.0,0.0,0.506,0.5,0.506,0.494,76000.0,896.0
functions.MajorityClass,ArffFileStream -f ./../../../Dataset/Synthetic_IM50/stream_gen_RBF_drift.arff,1,76500.0,0.890625,2.0644317070643095E-10,76500.0,0.502,0.5,0.5,0.0,0.0,0.502,0.5,0.502,0.498,76500.0,896.0
functions.MajorityClass,ArffFileStream -f ./../../../Dataset/Synthetic_IM50/stream_gen_RBF_drift.arff,1,77000.0,0.90625,2.1006498071882448E-10,77000.0,0.49,0.5,0.5,0.0,0.0,0.49,0.5,0.49,0.51,77000.0,896.0
functions.MajorityClass,ArffFileStream -f ./../../../Dataset/Synthetic_IM50/stream_gen_RBF_drift.arff,1,77500.0,0.90625,2.1006498071882448E-10,77500.0,0.5,0.5,0.5,0.0,0.0,0.5,0.5,0.5,0.5,77500.0,896.0
functions.MajorityClass,ArffFileStream -f ./../../../Dataset/Synthetic_IM50/stream_gen_RBF_drift.arff,1,78000.0,0.90625,2.1006498071882448E-10,78000.0,0.484,0.5,0.5,0.0,0.0,0.484,0.5,0.484,0.516,78000.0,896.0
functions.MajorityClass,ArffFileStream -f ./../../../Dataset/Synthetic_IM50/stream_gen_RBF_drift.arff,1,78500.0,0.921875,2.13686790731218E-10,78500.0,0.492,0.5,0.5,0.0,0.0,0.492,0.5,0.492,0.508,78500.0,896.0
functions.MajorityClass,ArffFileStream -f ./../../../Dataset/Synthetic_IM50/stream_gen_RBF_drift.arff,1,79000.0,0.921875,2.13686790731218E-10,79000.0,0.496,0.5,0.5,0.0,0.0,0.496,0.5,0.496,0.504,79000.0,896.0
functions.MajorityClass,ArffFileStream -f ./../../../Dataset/Synthetic_IM50/stream_gen_RBF_drift.arff,1,79500.0,0.921875,2.13686790731218E-10,79500.0,0.494,0.5,0.5,0.0,0.0,0.494,0.5,0.494,0.506,79500.0,896.0
functions.MajorityClass,ArffFileStream -f ./../../../Dataset/Synthetic_IM50/stream_gen_RBF_drift.arff,1,80000.0,0.921875,2.13686790731218E-10,80000.0,0.516,0.5,0.5,0.0,0.0,0.516,0.5,0.516,0.484,80000.0,896.0
functions.MajorityClass,ArffFileStream -f ./../../../Dataset/Synthetic_IM50/stream_gen_RBF_drift.arff,1,80500.0,0.9375,2.1730860074361153E-10,80500.0,0.484,0.5,0.5,0.0,0.0,0.484,0.5,0.484,0.516,80500.0,896.0
functions.MajorityClass,ArffFileStream -f ./../../../Dataset/Synthetic_IM50/stream_gen_RBF_drift.arff,1,81000.0,0.9375,2.1730860074361153E-10,81000.0,0.502,0.5,0.5,0.0,0.0,0.502,0.5,0.502,0.498,81000.0,896.0
functions.MajorityClass,ArffFileStream -f ./../../../Dataset/Synthetic_IM50/stream_gen_RBF_drift.arff,1,81500.0,0.9375,2.1730860074361153E-10,81500.0,0.494,0.5,0.5,0.0,0.0,0.494,0.5,0.494,0.506,81500.0,896.0
functions.MajorityClass,ArffFileStream -f ./../../../Dataset/Synthetic_IM50/stream_gen_RBF_drift.arff,1,82000.0,0.9375,2.1730860074361153E-10,82000.0,0.52,0.5,0.5,0.0,0.0,0.52,0.5,0.52,0.48,82000.0,896.0
functions.MajorityClass,ArffFileStream -f ./../../../Dataset/Synthetic_IM50/stream_gen_RBF_drift.arff,1,82500.0,0.953125,2.2093041075600505E-10,82500.0,0.462,0.5,0.5,0.0,0.0,0.462,0.5,0.462,0.538,82500.0,896.0
functions.MajorityClass,ArffFileStream -f ./../../../Dataset/Synthetic_IM50/stream_gen_RBF_drift.arff,1,83000.0,0.953125,2.2093041075600505E-10,83000.0,0.504,0.5,0.5,0.0,0.0,0.504,0.5,0.504,0.496,83000.0,896.0
functions.MajorityClass,ArffFileStream -f ./../../../Dataset/Synthetic_IM50/stream_gen_RBF_drift.arff,1,83500.0,0.953125,2.2093041075600505E-10,83500.0,0.458,0.47157767964672825,0.47157767964672825,-0.055131599439339665,0.41373449752709573,0.4642453135100194,0.47157767964672825,0.47,0.53,83500.0,896.0
functions.MajorityClass,ArffFileStream -f ./../../../Dataset/Synthetic_IM50/stream_gen_RBF_drift.arff,1,84000.0,0.953125,2.2093041075600505E-10,84000.0,0.504,0.49710973403148073,0.49710973403148073,-0.005856681646360259,0.4319285413301782,0.49618965189673003,0.49710973403148073,0.486,0.514,84000.0,896.0
functions.MajorityClass,ArffFileStream -f ./../../../Dataset/Synthetic_IM50/stream_gen_RBF_drift.arff,1,84500.0,0.96875,2.2455222076839858E-10,84500.0,0.512,0.5,0.5,0.0,0.0,0.512,0.5,0.488,0.512,84500.0,896.0
functions.MajorityClass,ArffFileStream -f ./../../../Dataset/Synthetic_IM50/stream_gen_RBF_drift.arff,1,85000.0,0.96875,2.2455222076839858E-10,85000.0,0.504,0.490720725048438,0.49072072504843794,-0.019049654016206178,0.12603354081939694,0.4084662770494393,0.490720725048438,0.486,0.514,85000.0,896.0
functions.MajorityClass,ArffFileStream -f ./../../../Dataset/Synthetic_IM50/stream_gen_RBF_drift.arff,1,85500.0,0.96875,2.2455222076839858E-10,85500.0,0.494,0.5,0.5,0.0,0.0,0.494,0.5,0.506,0.494,85500.0,896.0
functions.MajorityClass,ArffFileStream -f ./../../../Dataset/Synthetic_IM50/stream_gen_RBF_drift.arff,1,86000.0,0.96875,2.2455222076839858E-10,86000.0,0.526,0.5,0.5,0.0,0.0,0.526,0.5,0.474,0.526,86000.0,896.0
functions.MajorityClass,ArffFileStream -f ./../../../Dataset/Synthetic_IM50/stream_gen_RBF_drift.arff,1,86500.0,0.984375,2.281740307807921E-10,86500.0,0.518,0.5,0.5,0.0,0.0,0.518,0.5,0.482,0.518,86500.0,896.0
functions.MajorityClass,ArffFileStream -f ./../../../Dataset/Synthetic_IM50/stream_gen_RBF_drift.arff,1,87000.0,0.984375,2.281740307807921E-10,87000.0,0.476,0.5,0.5,0.0,0.0,0.476,0.5,0.524,0.476,87000.0,896.0
functions.MajorityClass,ArffFileStream -f ./../../../Dataset/Synthetic_IM50/stream_gen_RBF_drift.arff,1,87500.0,0.984375,2.281740307807921E-10,87500.0,0.464,0.5,0.5,0.0,0.0,0.464,0.5,0.536,0.464,87500.0,896.0
functions.MajorityClass,ArffFileStream -f ./../../../Dataset/Synthetic_IM50/stream_gen_RBF_drift.arff,1,88000.0,0.984375,2.281740307807921E-10,88000.0,0.516,0.5,0.5,0.0,0.0,0.516,0.5,0.484,0.516,88000.0,896.0
functions.MajorityClass,ArffFileStream -f ./../../../Dataset/Synthetic_IM50/stream_gen_RBF_drift.arff,1,88500.0,1.0,2.3179584079318563E-10,88500.0,0.462,0.48336968375136313,0.48336968375136313,-0.03182152939732417,0.1882595484406094,0.4188004071725002,0.48336968375136313,0.524,0.476,88500.0,896.0
functions.MajorityClass,ArffFileStream -f ./../../../Dataset/Synthetic_IM50/stream_gen_RBF_drift.arff,1,89000.0,1.0,2.3179584079318563E-10,89000.0,0.526,0.5,0.5,0.0,0.0,0.526,0.5,0.474,0.526,89000.0,896.0
functions.MajorityClass,ArffFileStream -f ./../../../Dataset/Synthetic_IM50/stream_gen_RBF_drift.arff,1,89500.0,1.0,2.3179584079318563E-10,89500.0,0.486,0.5,0.5,0.0,0.0,0.486,0.5,0.514,0.486,89500.0,896.0
functions.MajorityClass,ArffFileStream -f ./../../../Dataset/Synthetic_IM50/stream_gen_RBF_drift.arff,1,90000.0,1.0,2.3179584079318563E-10,90000.0,0.514,0.4959553158705701,0.49595531587057007,-0.008365700627427548,0.3770169181197791,0.49311080127942264,0.4959553158705701,0.472,0.528,90000.0,896.0
functions.MajorityClass,ArffFileStream -f ./../../../Dataset/Synthetic_IM50/stream_gen_RBF_drift.arff,1,90500.0,1.0,2.3179584079318563E-10,90500.0,0.502,0.5,0.5,0.0,0.0,0.502,0.5,0.498,0.502,90500.0,896.0
functions.MajorityClass,ArffFileStream -f ./../../../Dataset/Synthetic_IM50/stream_gen_RBF_drift.arff,1,91000.0,1.015625,2.354176508055792E-10,91000.0,0.514,0.5,0.5,0.0,0.0,0.514,0.5,0.486,0.514,91000.0,896.0
functions.MajorityClass,ArffFileStream -f ./../../../Dataset/Synthetic_IM50/stream_gen_RBF_drift.arff,1,91500.0,1.015625,2.354176508055792E-10,91500.0,0.518,0.5,0.5,0.0,0.0,0.518,0.5,0.482,0.518,91500.0,896.0
functions.MajorityClass,ArffFileStream -f ./../../../Dataset/Synthetic_IM50/stream_gen_RBF_drift.arff,1,92000.0,1.015625,2.354176508055792E-10,92000.0,0.52,0.5,0.5,0.0,0.0,0.52,0.5,0.48,0.52,92000.0,896.0
functions.MajorityClass,ArffFileStream -f ./../../../Dataset/Synthetic_IM50/stream_gen_RBF_drift.arff,1,92500.0,1.015625,2.354176508055792E-10,92500.0,0.492,0.5,0.5,0.0,0.0,0.492,0.5,0.508,0.492,92500.0,896.0
functions.MajorityClass,ArffFileStream -f ./../../../Dataset/Synthetic_IM50/stream_gen_RBF_drift.arff,1,93000.0,1.03125,2.390394608179727E-10,93000.0,0.528,0.5,0.5,0.0,0.0,0.528,0.5,0.472,0.528,93000.0,896.0
functions.MajorityClass,ArffFileStream -f ./../../../Dataset/Synthetic_IM50/stream_gen_RBF_drift.arff,1,93500.0,1.03125,2.390394608179727E-10,93500.0,0.522,0.5,0.5,0.0,0.0,0.522,0.5,0.478,0.522,93500.0,896.0
functions.MajorityClass,ArffFileStream -f ./../../../Dataset/Synthetic_IM50/stream_gen_RBF_drift.arff,1,94000.0,1.03125,2.390394608179727E-10,94000.0,0.47,0.5,0.5,0.0,0.0,0.47,0.5,0.53,0.47,94000.0,896.0
functions.MajorityClass,ArffFileStream -f ./../../../Dataset/Synthetic_IM50/stream_gen_RBF_drift.arff,1,94500.0,1.03125,2.390394608179727E-10,94500.0,0.526,0.5,0.5,0.0,0.0,0.526,0.5,0.474,0.526,94500.0,896.0
functions.MajorityClass,ArffFileStream -f ./../../../Dataset/Synthetic_IM50/stream_gen_RBF_drift.arff,1,95000.0,1.046875,2.4266127083036623E-10,95000.0,0.498,0.5,0.5,0.0,0.0,0.498,0.5,0.502,0.498,95000.0,896.0
functions.MajorityClass,ArffFileStream -f ./../../../Dataset/Synthetic_IM50/stream_gen_RBF_drift.arff,1,95500.0,1.046875,2.4266127083036623E-10,95500.0,0.482,0.5,0.5,0.0,0.0,0.482,0.5,0.518,0.482,95500.0,896.0
functions.MajorityClass,ArffFileStream -f ./../../../Dataset/Synthetic_IM50/stream_gen_RBF_drift.arff,1,96000.0,1.046875,2.4266127083036623E-10,96000.0,0.526,0.5,0.5,0.0,0.0,0.526,0.5,0.474,0.526,96000.0,896.0
functions.MajorityClass,ArffFileStream -f ./../../../Dataset/Synthetic_IM50/stream_gen_RBF_drift.arff,1,96500.0,1.046875,2.4266127083036623E-10,96500.0,0.482,0.5,0.5,0.0,0.0,0.482,0.5,0.518,0.482,96500.0,896.0
functions.MajorityClass,ArffFileStream -f ./../../../Dataset/Synthetic_IM50/stream_gen_RBF_drift.arff,1,97000.0,1.0625,2.4628308084275975E-10,97000.0,0.48,0.5,0.5,0.0,0.0,0.48,0.5,0.52,0.48,97000.0,896.0
functions.MajorityClass,ArffFileStream -f ./../../../Dataset/Synthetic_IM50/stream_gen_RBF_drift.arff,1,97500.0,1.0625,2.4628308084275975E-10,97500.0,0.512,0.5,0.5,0.0,0.0,0.512,0.5,0.488,0.512,97500.0,896.0
functions.MajorityClass,ArffFileStream -f ./../../../Dataset/Synthetic_IM50/stream_gen_RBF_drift.arff,1,98000.0,1.0625,2.4628308084275975E-10,98000.0,0.48,0.5,0.5,0.0,0.0,0.48,0.5,0.52,0.48,98000.0,896.0
functions.MajorityClass,ArffFileStream -f ./../../../Dataset/Synthetic_IM50/stream_gen_RBF_drift.arff,1,98500.0,1.0625,2.4628308084275975E-10,98500.0,0.476,0.5,0.5,0.0,0.0,0.476,0.5,0.524,0.476,98500.0,896.0
functions.MajorityClass,ArffFileStream -f ./../../../Dataset/Synthetic_IM50/stream_gen_RBF_drift.arff,1,99000.0,1.078125,2.499048908551533E-10,99000.0,0.478,0.5,0.5,0.0,0.0,0.478,0.5,0.522,0.478,99000.0,896.0
functions.MajorityClass,ArffFileStream -f ./../../../Dataset/Synthetic_IM50/stream_gen_RBF_drift.arff,1,99500.0,1.078125,2.499048908551533E-10,99500.0,0.498,0.5,0.5,0.0,0.0,0.498,0.5,0.502,0.498,99500.0,896.0
functions.MajorityClass,ArffFileStream -f ./../../../Dataset/Synthetic_IM50/stream_gen_RBF_drift.arff,1,100000.0,1.078125,2.499048908551533E-10,100000.0,0.496,0.5,0.5,0.0,0.0,0.496,0.5,0.504,0.496,100000.0,896.0
