Learner,stream,randomSeed,learning evaluation instances,evaluation time (cpu seconds),model cost (RAM-Hours),classified instances,Accuracy,AvgAccuracy,AUC,Kappa,G-Mean,Precision,Recall,Ratio-Class-0,Ratio-Class-1,model training instances,model serialized size (bytes)
meta.imbalanced.RebalanceStream -l (trees.HoeffdingTree -e 2000000 -g 100 -c 0.01),ArffFileStream -f ./../../../Dataset/Synthetic_IM30/stream_gen_RBF_drift.arff,1,500.0,0.09375,1.265046497186025E-10,500.0,0.742,0.6133146217041241,0.6133146217041241,0.25540265977096416,0.5482216776511049,0.6553477137400292,0.6133146217041241,0.734,0.266,500.0,5216.0
meta.imbalanced.RebalanceStream -l (trees.HoeffdingTree -e 2000000 -g 100 -c 0.01),ArffFileStream -f ./../../../Dataset/Synthetic_IM30/stream_gen_RBF_drift.arff,1,1000.0,0.125,1.7009572022491033E-10,1000.0,0.702,0.5749916039431834,0.5749916039431834,0.16930556175014497,0.4957393689017812,0.6046999117387467,0.5749916039431834,0.718,0.282,1000.0,5392.0
meta.imbalanced.RebalanceStream -l (trees.HoeffdingTree -e 2000000 -g 100 -c 0.01),ArffFileStream -f ./../../../Dataset/Synthetic_IM30/stream_gen_RBF_drift.arff,1,1500.0,0.171875,2.375195941163434E-10,1500.0,0.718,0.6274024670109007,0.6274024670109009,0.28733168897335326,0.5633300912772032,0.6909239904349929,0.6274024670109007,0.664,0.336,1500.0,5560.0
meta.imbalanced.RebalanceStream -l (trees.HoeffdingTree -e 2000000 -g 100 -c 0.01),ArffFileStream -f ./../../../Dataset/Synthetic_IM30/stream_gen_RBF_drift.arff,1,2000.0,0.1875,2.599942187468211E-10,2000.0,0.774,0.6643117638852907,0.6643117638852907,0.3685739830129638,0.6166673354432537,0.7234417344173443,0.6643117638852907,0.722,0.278,2000.0,5560.0
meta.imbalanced.RebalanceStream -l (trees.HoeffdingTree -e 2000000 -g 100 -c 0.01),ArffFileStream -f ./../../../Dataset/Synthetic_IM30/stream_gen_RBF_drift.arff,1,2500.0,0.21875,3.049434680077765E-10,2500.0,0.762,0.7018226313098108,0.7018226313098108,0.4262516392810306,0.6806821723377777,0.7309074573225516,0.7018226313098108,0.676,0.324,2500.0,5560.0
meta.imbalanced.RebalanceStream -l (trees.HoeffdingTree -e 2000000 -g 100 -c 0.01),ArffFileStream -f ./../../../Dataset/Synthetic_IM30/stream_gen_RBF_drift.arff,1,3000.0,0.234375,3.2809718201557795E-10,3000.0,0.798,0.7567038648486283,0.7567038648486282,0.5276135598293796,0.7473411999393066,0.7728310502283104,0.7567038648486283,0.674,0.326,3000.0,5728.0
meta.imbalanced.RebalanceStream -l (trees.HoeffdingTree -e 2000000 -g 100 -c 0.01),ArffFileStream -f ./../../../Dataset/Synthetic_IM30/stream_gen_RBF_drift.arff,1,3500.0,0.25,3.5125089602337944E-10,3500.0,0.796,0.7483304297328688,0.7483304297328688,0.5176666414466218,0.7353880516620417,0.7739210505244616,0.7483304297328688,0.672,0.328,3500.0,5728.0
meta.imbalanced.RebalanceStream -l (trees.HoeffdingTree -e 2000000 -g 100 -c 0.01),ArffFileStream -f ./../../../Dataset/Synthetic_IM30/stream_gen_RBF_drift.arff,1,4000.0,0.265625,3.744046100311809E-10,4000.0,0.806,0.7439085792379205,0.7439085792379206,0.5280080968507922,0.7200157041558173,0.8045079022988506,0.7439085792379205,0.666,0.334,4000.0,5728.0
meta.imbalanced.RebalanceStream -l (trees.HoeffdingTree -e 2000000 -g 100 -c 0.01),ArffFileStream -f ./../../../Dataset/Synthetic_IM30/stream_gen_RBF_drift.arff,1,4500.0,0.296875,4.207120380467839E-10,4500.0,0.774,0.663908368396447,0.6639083683964468,0.3829183049366536,0.597360565064168,0.7780421266336759,0.663908368396447,0.69,0.31,4500.0,5728.0
meta.imbalanced.RebalanceStream -l (trees.HoeffdingTree -e 2000000 -g 100 -c 0.01),ArffFileStream -f ./../../../Dataset/Synthetic_IM30/stream_gen_RBF_drift.arff,1,5000.0,0.296875,4.207120380467839E-10,5000.0,0.798,0.7103750756200847,0.7103750756200846,0.46848819096535177,0.6742890768992557,0.784669105420685,0.7103750756200847,0.696,0.304,5000.0,5728.0
meta.imbalanced.RebalanceStream -l (trees.HoeffdingTree -e 2000000 -g 100 -c 0.01),ArffFileStream -f ./../../../Dataset/Synthetic_IM30/stream_gen_RBF_drift.arff,1,5500.0,0.328125,4.683776448170344E-10,5500.0,0.828,0.7876031850390824,0.7876031850390823,0.5943090044531663,0.779197070770157,0.8097804705326934,0.7876031850390824,0.676,0.324,5500.0,5896.0
meta.imbalanced.RebalanceStream -l (trees.HoeffdingTree -e 2000000 -g 100 -c 0.01),ArffFileStream -f ./../../../Dataset/Synthetic_IM30/stream_gen_RBF_drift.arff,1,6000.0,0.34375,4.922104482021597E-10,6000.0,0.83,0.7862196217900916,0.7862196217900916,0.5848636399156052,0.778715498673513,0.7996436864440708,0.7862196217900916,0.702,0.298,6000.0,5896.0
meta.imbalanced.RebalanceStream -l (trees.HoeffdingTree -e 2000000 -g 100 -c 0.01),ArffFileStream -f ./../../../Dataset/Synthetic_IM30/stream_gen_RBF_drift.arff,1,6500.0,0.359375,5.16043251587285E-10,6500.0,0.838,0.7838534015004603,0.7838534015004602,0.5886821579460514,0.7735768783104112,0.8075078516254988,0.7838534015004603,0.714,0.286,6500.0,5896.0
meta.imbalanced.RebalanceStream -l (trees.HoeffdingTree -e 2000000 -g 100 -c 0.01),ArffFileStream -f ./../../../Dataset/Synthetic_IM30/stream_gen_RBF_drift.arff,1,7000.0,0.375,5.398760549724102E-10,7000.0,0.866,0.8128071253071254,0.8128071253071254,0.6605326091362328,0.8022829067154943,0.8553500948559716,0.8128071253071254,0.704,0.296,7000.0,5896.0
meta.imbalanced.RebalanceStream -l (trees.HoeffdingTree -e 2000000 -g 100 -c 0.01),ArffFileStream -f ./../../../Dataset/Synthetic_IM30/stream_gen_RBF_drift.arff,1,7500.0,0.390625,5.637088583575355E-10,7500.0,0.84,0.7948067828307349,0.794806782830735,0.6211331906268351,0.7830632403182638,0.8358771588371474,0.7948067828307349,0.666,0.334,7500.0,5896.0
meta.imbalanced.RebalanceStream -l (trees.HoeffdingTree -e 2000000 -g 100 -c 0.01),ArffFileStream -f ./../../../Dataset/Synthetic_IM30/stream_gen_RBF_drift.arff,1,8000.0,0.40625,5.875416617426608E-10,8000.0,0.862,0.8271428571428572,0.8271428571428571,0.6656976744186046,0.822539621277558,0.8392994725300776,0.8271428571428572,0.7,0.3,8000.0,5896.0
meta.imbalanced.RebalanceStream -l (trees.HoeffdingTree -e 2000000 -g 100 -c 0.01),ArffFileStream -f ./../../../Dataset/Synthetic_IM30/stream_gen_RBF_drift.arff,1,8500.0,0.421875,6.11374465127786E-10,8500.0,0.888,0.8534667325428195,0.8534667325428195,0.7103847745138602,0.8503249591961205,0.856964656964657,0.8534667325428195,0.736,0.264,8500.0,5896.0
meta.imbalanced.RebalanceStream -l (trees.HoeffdingTree -e 2000000 -g 100 -c 0.01),ArffFileStream -f ./../../../Dataset/Synthetic_IM30/stream_gen_RBF_drift.arff,1,9000.0,0.4375,6.352072685129113E-10,9000.0,0.884,0.8474267717682183,0.8474267717682183,0.7246957413279158,0.8408846965388542,0.883754599746637,0.8474267717682183,0.674,0.326,9000.0,5896.0
meta.imbalanced.RebalanceStream -l (trees.HoeffdingTree -e 2000000 -g 100 -c 0.01),ArffFileStream -f ./../../../Dataset/Synthetic_IM30/stream_gen_RBF_drift.arff,1,9500.0,0.4375,6.352072685129113E-10,9500.0,0.866,0.8404088765906319,0.8404088765906319,0.6906626283519244,0.8371853348698142,0.850930861046468,0.8404088765906319,0.674,0.326,9500.0,5896.0
meta.imbalanced.RebalanceStream -l (trees.HoeffdingTree -e 2000000 -g 100 -c 0.01),ArffFileStream -f ./../../../Dataset/Synthetic_IM30/stream_gen_RBF_drift.arff,1,10000.0,0.46875,6.828728752831618E-10,10000.0,0.854,0.8035816590608269,0.8035816590608269,0.6274293646905111,0.7952177337052342,0.8260971055088702,0.8035816590608269,0.718,0.282,10000.0,5896.0
meta.imbalanced.RebalanceStream -l (trees.HoeffdingTree -e 2000000 -g 100 -c 0.01),ArffFileStream -f ./../../../Dataset/Synthetic_IM30/stream_gen_RBF_drift.arff,1,10500.0,0.484375,7.073847680456109E-10,10500.0,0.87,0.841209368666016,0.841209368666016,0.69113510225804,0.8378614807779378,0.8503690428012565,0.841209368666016,0.692,0.308,10500.0,6064.0
meta.imbalanced.RebalanceStream -l (trees.HoeffdingTree -e 2000000 -g 100 -c 0.01),ArffFileStream -f ./../../../Dataset/Synthetic_IM30/stream_gen_RBF_drift.arff,1,11000.0,0.5,7.3189666080806E-10,11000.0,0.89,0.8612132352941176,0.8612132352941176,0.7408105560791706,0.8574929257125442,0.8817387081107333,0.8612132352941176,0.68,0.32,11000.0,6064.0
meta.imbalanced.RebalanceStream -l (trees.HoeffdingTree -e 2000000 -g 100 -c 0.01),ArffFileStream -f ./../../../Dataset/Synthetic_IM30/stream_gen_RBF_drift.arff,1,11500.0,0.515625,7.56408553570509E-10,11500.0,0.88,0.8330950214480697,0.8330950214480697,0.7051597051597052,0.823498006429285,0.8826666666666667,0.8330950214480697,0.686,0.314,11500.0,6064.0
meta.imbalanced.RebalanceStream -l (trees.HoeffdingTree -e 2000000 -g 100 -c 0.01),ArffFileStream -f ./../../../Dataset/Synthetic_IM30/stream_gen_RBF_drift.arff,1,12000.0,0.515625,7.56408553570509E-10,12000.0,0.874,0.8345522792353532,0.8345522792353534,0.6870778033855202,0.8291474469232005,0.8542439204277724,0.8345522792353532,0.708,0.292,12000.0,6064.0
meta.imbalanced.RebalanceStream -l (trees.HoeffdingTree -e 2000000 -g 100 -c 0.01),ArffFileStream -f ./../../../Dataset/Synthetic_IM30/stream_gen_RBF_drift.arff,1,12500.0,0.53125,7.809204463329581E-10,12500.0,0.892,0.8523809523809524,0.8523809523809525,0.7326732673267327,0.8466066720401259,0.8846153846153846,0.8523809523809524,0.7,0.3,12500.0,6064.0
meta.imbalanced.RebalanceStream -l (trees.HoeffdingTree -e 2000000 -g 100 -c 0.01),ArffFileStream -f ./../../../Dataset/Synthetic_IM30/stream_gen_RBF_drift.arff,1,13000.0,0.546875,8.054323390954071E-10,13000.0,0.854,0.8180220883534137,0.8180220883534136,0.6603134422812046,0.8106346366003768,0.8474564651035239,0.8180220883534137,0.664,0.336,13000.0,6064.0
meta.imbalanced.RebalanceStream -l (trees.HoeffdingTree -e 2000000 -g 100 -c 0.01),ArffFileStream -f ./../../../Dataset/Synthetic_IM30/stream_gen_RBF_drift.arff,1,13500.0,0.546875,8.054323390954071E-10,13500.0,0.868,0.8352304400208592,0.8352304400208591,0.6932230175699544,0.8293777837793762,0.8621661000485673,0.8352304400208592,0.666,0.334,13500.0,6064.0
meta.imbalanced.RebalanceStream -l (trees.HoeffdingTree -e 2000000 -g 100 -c 0.01),ArffFileStream -f ./../../../Dataset/Synthetic_IM30/stream_gen_RBF_drift.arff,1,14000.0,0.5625,8.299442318578562E-10,14000.0,0.864,0.8172253486665035,0.8172253486665036,0.646687172666057,0.8109840509546798,0.8301502419149478,0.8172253486665035,0.732,0.268,14000.0,6064.0
meta.imbalanced.RebalanceStream -l (trees.HoeffdingTree -e 2000000 -g 100 -c 0.01),ArffFileStream -f ./../../../Dataset/Synthetic_IM30/stream_gen_RBF_drift.arff,1,14500.0,0.578125,8.544561246203052E-10,14500.0,0.876,0.8435538561431354,0.8435538561431354,0.7107993133815956,0.8380084333309195,0.8715667915106118,0.8435538561431354,0.668,0.332,14500.0,6064.0
meta.imbalanced.RebalanceStream -l (trees.HoeffdingTree -e 2000000 -g 100 -c 0.01),ArffFileStream -f ./../../../Dataset/Synthetic_IM30/stream_gen_RBF_drift.arff,1,15000.0,0.578125,8.544561246203052E-10,15000.0,0.894,0.8578572639430412,0.8578572639430412,0.7414533250078051,0.8527847943107899,0.887386836310252,0.8578572639430412,0.694,0.306,15000.0,6064.0
meta.imbalanced.RebalanceStream -l (trees.HoeffdingTree -e 2000000 -g 100 -c 0.01),ArffFileStream -f ./../../../Dataset/Synthetic_IM30/stream_gen_RBF_drift.arff,1,15500.0,0.59375,8.789680173827543E-10,15500.0,0.882,0.8524502183729366,0.8524502183729366,0.7208554125662378,0.848659858051068,0.8699854298203011,0.8524502183729366,0.684,0.316,15500.0,6064.0
meta.imbalanced.RebalanceStream -l (trees.HoeffdingTree -e 2000000 -g 100 -c 0.01),ArffFileStream -f ./../../../Dataset/Synthetic_IM30/stream_gen_RBF_drift.arff,1,16000.0,0.609375,9.034799101452034E-10,16000.0,0.884,0.8428571428571429,0.8428571428571429,0.7128712871287128,0.8365575720944564,0.8742203742203742,0.8428571428571429,0.7,0.3,16000.0,6064.0
meta.imbalanced.RebalanceStream -l (trees.HoeffdingTree -e 2000000 -g 100 -c 0.01),ArffFileStream -f ./../../../Dataset/Synthetic_IM30/stream_gen_RBF_drift.arff,1,16500.0,0.609375,9.034799101452034E-10,16500.0,0.882,0.8487611033193081,0.8487611033193081,0.7166186359269933,0.8442418332591544,0.8700396825396826,0.8487611033193081,0.69,0.31,16500.0,6064.0
meta.imbalanced.RebalanceStream -l (trees.HoeffdingTree -e 2000000 -g 100 -c 0.01),ArffFileStream -f ./../../../Dataset/Synthetic_IM30/stream_gen_RBF_drift.arff,1,17000.0,0.625,9.279918029076524E-10,17000.0,0.874,0.8402224298722951,0.8402224298722952,0.7022008773256694,0.8348481075093801,0.8652726414352034,0.8402224298722951,0.678,0.322,17000.0,6064.0
meta.imbalanced.RebalanceStream -l (trees.HoeffdingTree -e 2000000 -g 100 -c 0.01),ArffFileStream -f ./../../../Dataset/Synthetic_IM30/stream_gen_RBF_drift.arff,1,17500.0,0.640625,9.525036956701015E-10,17500.0,0.894,0.8646021210590866,0.8646021210590866,0.7531669150521609,0.8601637532576549,0.8927149101505585,0.8646021210590866,0.668,0.332,17500.0,6064.0
meta.imbalanced.RebalanceStream -l (trees.HoeffdingTree -e 2000000 -g 100 -c 0.01),ArffFileStream -f ./../../../Dataset/Synthetic_IM30/stream_gen_RBF_drift.arff,1,18000.0,0.640625,9.525036956701015E-10,18000.0,0.87,0.8349264705882353,0.8349264705882353,0.6915923325109129,0.8292227047769779,0.8599438945850373,0.8349264705882353,0.68,0.32,18000.0,6064.0
meta.imbalanced.RebalanceStream -l (trees.HoeffdingTree -e 2000000 -g 100 -c 0.01),ArffFileStream -f ./../../../Dataset/Synthetic_IM30/stream_gen_RBF_drift.arff,1,18500.0,0.65625,9.770155884325504E-10,18500.0,0.912,0.8748464373464373,0.8748464373464373,0.7802461243407384,0.8700941799965577,0.910114247311828,0.8748464373464373,0.704,0.296,18500.0,6064.0
meta.imbalanced.RebalanceStream -l (trees.HoeffdingTree -e 2000000 -g 100 -c 0.01),ArffFileStream -f ./../../../Dataset/Synthetic_IM30/stream_gen_RBF_drift.arff,1,19000.0,0.65625,9.770155884325504E-10,19000.0,0.89,0.8601751589439162,0.8601751589439162,0.7408887046319678,0.8560856327073003,0.8834659800249688,0.8601751589439162,0.678,0.322,19000.0,6064.0
meta.imbalanced.RebalanceStream -l (trees.HoeffdingTree -e 2000000 -g 100 -c 0.01),ArffFileStream -f ./../../../Dataset/Synthetic_IM30/stream_gen_RBF_drift.arff,1,19500.0,0.671875,1.0015274811949994E-9,19500.0,0.918,0.8706671560231629,0.8706671560231629,0.7800806728458634,0.8646705539042057,0.9157005328028172,0.8706671560231629,0.732,0.268,19500.0,6064.0
meta.imbalanced.RebalanceStream -l (trees.HoeffdingTree -e 2000000 -g 100 -c 0.01),ArffFileStream -f ./../../../Dataset/Synthetic_IM30/stream_gen_RBF_drift.arff,1,20000.0,0.6875,1.0260393739574483E-9,20000.0,0.886,0.8477011494252873,0.8477011494252873,0.7207743857036486,0.8420520911071542,0.8768003114052161,0.8477011494252873,0.696,0.304,20000.0,6064.0
meta.imbalanced.RebalanceStream -l (trees.HoeffdingTree -e 2000000 -g 100 -c 0.01),ArffFileStream -f ./../../../Dataset/Synthetic_IM30/stream_gen_RBF_drift.arff,1,20500.0,0.6875,1.0260393739574483E-9,20500.0,0.856,0.8106414555048644,0.8106414555048645,0.6532393226608103,0.8005659516283543,0.8507416371873642,0.8106414555048644,0.678,0.322,20500.0,6232.0
meta.imbalanced.RebalanceStream -l (trees.HoeffdingTree -e 2000000 -g 100 -c 0.01),ArffFileStream -f ./../../../Dataset/Synthetic_IM30/stream_gen_RBF_drift.arff,1,21000.0,0.703125,1.051230356097221E-9,21000.0,0.896,0.8566635455680399,0.8566635455680399,0.7377340219496449,0.8516250896863424,0.8839885752688172,0.8566635455680399,0.712,0.288,21000.0,6232.0
meta.imbalanced.RebalanceStream -l (trees.HoeffdingTree -e 2000000 -g 100 -c 0.01),ArffFileStream -f ./../../../Dataset/Synthetic_IM30/stream_gen_RBF_drift.arff,1,21500.0,0.71875,1.0764213382369938E-9,21500.0,0.914,0.8775749063670412,0.8775749063670412,0.7826614370627957,0.8733598860931867,0.908604420425999,0.8775749063670412,0.712,0.288,21500.0,6232.0
meta.imbalanced.RebalanceStream -l (trees.HoeffdingTree -e 2000000 -g 100 -c 0.01),ArffFileStream -f ./../../../Dataset/Synthetic_IM30/stream_gen_RBF_drift.arff,1,22000.0,0.734375,1.1016123203767666E-9,22000.0,0.91,0.8779336138382422,0.8779336138382421,0.782272111476679,0.8738687337437282,0.9082498383968972,0.8779336138382422,0.69,0.31,22000.0,6232.0
meta.imbalanced.RebalanceStream -l (trees.HoeffdingTree -e 2000000 -g 100 -c 0.01),ArffFileStream -f ./../../../Dataset/Synthetic_IM30/stream_gen_RBF_drift.arff,1,22500.0,0.734375,1.1016123203767666E-9,22500.0,0.884,0.8448761534725595,0.8448761534725595,0.71002899710029,0.8397252030915466,0.867250046546267,0.8448761534725595,0.71,0.29,22500.0,6232.0
meta.imbalanced.RebalanceStream -l (trees.HoeffdingTree -e 2000000 -g 100 -c 0.01),ArffFileStream -f ./../../../Dataset/Synthetic_IM30/stream_gen_RBF_drift.arff,1,23000.0,0.75,1.1268033025165393E-9,23000.0,0.914,0.8813492063492063,0.8813492063492064,0.781459646269567,0.8782196998871303,0.9015963559623059,0.8813492063492063,0.72,0.28,23000.0,6232.0
meta.imbalanced.RebalanceStream -l (trees.HoeffdingTree -e 2000000 -g 100 -c 0.01),ArffFileStream -f ./../../../Dataset/Synthetic_IM30/stream_gen_RBF_drift.arff,1,23500.0,0.765625,1.151994284656312E-9,23500.0,0.902,0.854710137707009,0.8547101377070089,0.7439809396422004,0.8480479447334869,0.8948664477770876,0.854710137707009,0.722,0.278,23500.0,6232.0
meta.imbalanced.RebalanceStream -l (trees.HoeffdingTree -e 2000000 -g 100 -c 0.01),ArffFileStream -f ./../../../Dataset/Synthetic_IM30/stream_gen_RBF_drift.arff,1,24000.0,0.765625,1.151994284656312E-9,24000.0,0.888,0.8533333333333333,0.8533333333333333,0.726027397260274,0.8489208836320772,0.8747171945701357,0.8533333333333333,0.7,0.3,24000.0,6232.0
meta.imbalanced.RebalanceStream -l (trees.HoeffdingTree -e 2000000 -g 100 -c 0.01),ArffFileStream -f ./../../../Dataset/Synthetic_IM30/stream_gen_RBF_drift.arff,1,24500.0,0.78125,1.1771852667960848E-9,24500.0,0.906,0.87,0.87,0.7677865612648221,0.8653323061113575,0.9018494383417117,0.87,0.7,0.3,24500.0,6232.0
meta.imbalanced.RebalanceStream -l (trees.HoeffdingTree -e 2000000 -g 100 -c 0.01),ArffFileStream -f ./../../../Dataset/Synthetic_IM30/stream_gen_RBF_drift.arff,1,25000.0,0.78125,1.1771852667960848E-9,25000.0,0.9,0.8597611929212086,0.8597611929212086,0.7560832829238785,0.8529295467512138,0.9048036941850017,0.8597611929212086,0.686,0.314,25000.0,6232.0
meta.imbalanced.RebalanceStream -l (trees.HoeffdingTree -e 2000000 -g 100 -c 0.01),ArffFileStream -f ./../../../Dataset/Synthetic_IM30/stream_gen_RBF_drift.arff,1,25500.0,0.796875,1.2023762489358576E-9,25500.0,0.894,0.8680676538908246,0.8680676538908246,0.7537815438361765,0.8647881790689412,0.8878085623052066,0.8680676538908246,0.672,0.328,25500.0,6232.0
meta.imbalanced.RebalanceStream -l (trees.HoeffdingTree -e 2000000 -g 100 -c 0.01),ArffFileStream -f ./../../../Dataset/Synthetic_IM30/stream_gen_RBF_drift.arff,1,26000.0,0.796875,1.2023762489358576E-9,26000.0,0.892,0.8499970107016879,0.849997010701688,0.7223650385604113,0.8447162287328431,0.8746666666666667,0.8499970107016879,0.722,0.278,26000.0,6232.0
meta.imbalanced.RebalanceStream -l (trees.HoeffdingTree -e 2000000 -g 100 -c 0.01),ArffFileStream -f ./../../../Dataset/Synthetic_IM30/stream_gen_RBF_drift.arff,1,26500.0,0.8125,1.2275672310756303E-9,26500.0,0.926,0.9050880268828987,0.9050880268828987,0.8274640005968813,0.903136149978781,0.9241190080116255,0.9050880268828987,0.676,0.324,26500.0,6232.0
meta.imbalanced.RebalanceStream -l (trees.HoeffdingTree -e 2000000 -g 100 -c 0.01),ArffFileStream -f ./../../../Dataset/Synthetic_IM30/stream_gen_RBF_drift.arff,1,27000.0,0.8125,1.2275672310756303E-9,27000.0,0.894,0.8543308715529903,0.8543308715529904,0.7210878625857786,0.8502563917133424,0.8673644474948525,0.8543308715529903,0.738,0.262,27000.0,6232.0
meta.imbalanced.RebalanceStream -l (trees.HoeffdingTree -e 2000000 -g 100 -c 0.01),ArffFileStream -f ./../../../Dataset/Synthetic_IM30/stream_gen_RBF_drift.arff,1,27500.0,0.828125,1.252758213215403E-9,27500.0,0.922,0.8935315230961298,0.8935315230961298,0.8053814523533873,0.8910053026992613,0.9133084755485443,0.8935315230961298,0.712,0.288,27500.0,6232.0
meta.imbalanced.RebalanceStream -l (trees.HoeffdingTree -e 2000000 -g 100 -c 0.01),ArffFileStream -f ./../../../Dataset/Synthetic_IM30/stream_gen_RBF_drift.arff,1,28000.0,0.828125,1.252758213215403E-9,28000.0,0.912,0.884552666776599,0.884552666776599,0.7923627234460238,0.8811862038492582,0.9111280875986758,0.884552666776599,0.678,0.322,28000.0,6232.0
meta.imbalanced.RebalanceStream -l (trees.HoeffdingTree -e 2000000 -g 100 -c 0.01),ArffFileStream -f ./../../../Dataset/Synthetic_IM30/stream_gen_RBF_drift.arff,1,28500.0,0.84375,1.2779491953551758E-9,28500.0,0.878,0.8386143055215725,0.8386143055215725,0.6853334433806537,0.8343073990725081,0.8469984746860569,0.8386143055215725,0.732,0.268,28500.0,6232.0
meta.imbalanced.RebalanceStream -l (trees.HoeffdingTree -e 2000000 -g 100 -c 0.01),ArffFileStream -f ./../../../Dataset/Synthetic_IM30/stream_gen_RBF_drift.arff,1,29000.0,0.859375,1.3031401774949485E-9,29000.0,0.906,0.8703439051649902,0.8703439051649902,0.774800674639681,0.8645617239256912,0.9121401190767474,0.8703439051649902,0.678,0.322,29000.0,6232.0
meta.imbalanced.RebalanceStream -l (trees.HoeffdingTree -e 2000000 -g 100 -c 0.01),ArffFileStream -f ./../../../Dataset/Synthetic_IM30/stream_gen_RBF_drift.arff,1,29500.0,0.859375,1.3031401774949485E-9,29500.0,0.904,0.8680429522081065,0.8680429522081065,0.7644102403015549,0.8631828858908509,0.9007740447957839,0.8680429522081065,0.696,0.304,29500.0,6232.0
meta.imbalanced.RebalanceStream -l (trees.HoeffdingTree -e 2000000 -g 100 -c 0.01),ArffFileStream -f ./../../../Dataset/Synthetic_IM30/stream_gen_RBF_drift.arff,1,30000.0,0.875,1.3283311596347213E-9,30000.0,0.902,0.8721365123889668,0.8721365123889668,0.7646493756003843,0.8685885117850968,0.8948412698412698,0.8721365123889668,0.69,0.31,30000.0,6232.0
meta.imbalanced.RebalanceStream -l (trees.HoeffdingTree -e 2000000 -g 100 -c 0.01),ArffFileStream -f ./../../../Dataset/Synthetic_IM30/stream_gen_RBF_drift.arff,1,30500.0,0.875,1.3283311596347213E-9,30500.0,0.9,0.860352978847639,0.860352978847639,0.7537576581368319,0.8542633514839393,0.8997471739902632,0.860352978847639,0.694,0.306,30500.0,6232.0
meta.imbalanced.RebalanceStream -l (trees.HoeffdingTree -e 2000000 -g 100 -c 0.01),ArffFileStream -f ./../../../Dataset/Synthetic_IM30/stream_gen_RBF_drift.arff,1,31000.0,0.875,1.3283311596347213E-9,31000.0,0.894,0.8615113672750561,0.8615113672750561,0.7433960802540863,0.8574325174228219,0.8841980943230043,0.8615113672750561,0.694,0.306,31000.0,6232.0
meta.imbalanced.RebalanceStream -l (trees.HoeffdingTree -e 2000000 -g 100 -c 0.01),ArffFileStream -f ./../../../Dataset/Synthetic_IM30/stream_gen_RBF_drift.arff,1,31500.0,0.890625,1.353522141774494E-9,31500.0,0.906,0.8672209293596578,0.8672209293596577,0.7690826192909362,0.8613209234676776,0.9088468208696379,0.8672209293596578,0.692,0.308,31500.0,6232.0
meta.imbalanced.RebalanceStream -l (trees.HoeffdingTree -e 2000000 -g 100 -c 0.01),ArffFileStream -f ./../../../Dataset/Synthetic_IM30/stream_gen_RBF_drift.arff,1,32000.0,0.90625,1.3787131239142668E-9,32000.0,0.894,0.845712836123795,0.845712836123795,0.7199915469146239,0.8391728429682671,0.8779172952347147,0.845712836123795,0.73,0.27,32000.0,6232.0
meta.imbalanced.RebalanceStream -l (trees.HoeffdingTree -e 2000000 -g 100 -c 0.01),ArffFileStream -f ./../../../Dataset/Synthetic_IM30/stream_gen_RBF_drift.arff,1,32500.0,0.90625,1.3787131239142668E-9,32500.0,0.892,0.8612805155558791,0.8612805155558791,0.7461976650185181,0.8567448629599487,0.8887387122681241,0.8612805155558791,0.674,0.326,32500.0,6232.0
meta.imbalanced.RebalanceStream -l (trees.HoeffdingTree -e 2000000 -g 100 -c 0.01),ArffFileStream -f ./../../../Dataset/Synthetic_IM30/stream_gen_RBF_drift.arff,1,33000.0,0.921875,1.4039041060540395E-9,33000.0,0.882,0.8388296691094825,0.8388296691094826,0.7128562529201059,0.8305861892191074,0.882561273741616,0.8388296691094825,0.684,0.316,33000.0,6232.0
meta.imbalanced.RebalanceStream -l (trees.HoeffdingTree -e 2000000 -g 100 -c 0.01),ArffFileStream -f ./../../../Dataset/Synthetic_IM30/stream_gen_RBF_drift.arff,1,33500.0,0.921875,1.4039041060540395E-9,33500.0,0.906,0.8718949336108381,0.8718949336108381,0.7666150240336869,0.8679564302669157,0.8972743741765481,0.8718949336108381,0.706,0.294,33500.0,6232.0
meta.imbalanced.RebalanceStream -l (trees.HoeffdingTree -e 2000000 -g 100 -c 0.01),ArffFileStream -f ./../../../Dataset/Synthetic_IM30/stream_gen_RBF_drift.arff,1,34000.0,0.9375,1.4290950881938123E-9,34000.0,0.924,0.8935269207501513,0.8935269207501513,0.8142063678322773,0.8901388922122867,0.9244352010439605,0.8935269207501513,0.696,0.304,34000.0,6232.0
meta.imbalanced.RebalanceStream -l (trees.HoeffdingTree -e 2000000 -g 100 -c 0.01),ArffFileStream -f ./../../../Dataset/Synthetic_IM30/stream_gen_RBF_drift.arff,1,34500.0,0.953125,1.454286070333585E-9,34500.0,0.902,0.8606761123539647,0.8606761123539646,0.7548823435248919,0.8545763690678715,0.9002843561667091,0.8606761123539647,0.702,0.298,34500.0,6232.0
meta.imbalanced.RebalanceStream -l (trees.HoeffdingTree -e 2000000 -g 100 -c 0.01),ArffFileStream -f ./../../../Dataset/Synthetic_IM30/stream_gen_RBF_drift.arff,1,35000.0,0.953125,1.454286070333585E-9,35000.0,0.908,0.8758610220307785,0.8758610220307785,0.7750171182627409,0.8720927364139088,0.9019786910197869,0.8758610220307785,0.698,0.302,35000.0,6232.0
meta.imbalanced.RebalanceStream -l (trees.HoeffdingTree -e 2000000 -g 100 -c 0.01),ArffFileStream -f ./../../../Dataset/Synthetic_IM30/stream_gen_RBF_drift.arff,1,35500.0,0.96875,1.4794770524733577E-9,35500.0,0.93,0.8878378378378379,0.8878378378378379,0.8100303951367781,0.8834820544530265,0.9265852598842925,0.8878378378378379,0.74,0.26,35500.0,6232.0
meta.imbalanced.RebalanceStream -l (trees.HoeffdingTree -e 2000000 -g 100 -c 0.01),ArffFileStream -f ./../../../Dataset/Synthetic_IM30/stream_gen_RBF_drift.arff,1,36000.0,0.96875,1.4794770524733577E-9,36000.0,0.912,0.8713051654228126,0.8713051654228126,0.7751017153605528,0.8661017380888091,0.9087791938927348,0.8713051654228126,0.714,0.286,36000.0,6232.0
meta.imbalanced.RebalanceStream -l (trees.HoeffdingTree -e 2000000 -g 100 -c 0.01),ArffFileStream -f ./../../../Dataset/Synthetic_IM30/stream_gen_RBF_drift.arff,1,36500.0,0.984375,1.5046680346131305E-9,36500.0,0.9,0.8547121466890863,0.8547121466890865,0.7392574050896955,0.84871307060223,0.8885964912280702,0.8547121466890863,0.724,0.276,36500.0,6232.0
meta.imbalanced.RebalanceStream -l (trees.HoeffdingTree -e 2000000 -g 100 -c 0.01),ArffFileStream -f ./../../../Dataset/Synthetic_IM30/stream_gen_RBF_drift.arff,1,37000.0,1.0,1.5298590167529032E-9,37000.0,0.916,0.8834702745782652,0.8834702745782653,0.7937820374334702,0.879642994814569,0.9140152834402082,0.8834702745782652,0.698,0.302,37000.0,6232.0
meta.imbalanced.RebalanceStream -l (trees.HoeffdingTree -e 2000000 -g 100 -c 0.01),ArffFileStream -f ./../../../Dataset/Synthetic_IM30/stream_gen_RBF_drift.arff,1,37500.0,1.015625,1.555049998892676E-9,37500.0,0.892,0.8542309490416082,0.8542309490416082,0.7372774155882067,0.848428958166032,0.8880785068939379,0.8542309490416082,0.69,0.31,37500.0,6232.0
meta.imbalanced.RebalanceStream -l (trees.HoeffdingTree -e 2000000 -g 100 -c 0.01),ArffFileStream -f ./../../../Dataset/Synthetic_IM30/stream_gen_RBF_drift.arff,1,38000.0,1.03125,1.5802409810324487E-9,38000.0,0.912,0.8875044103173572,0.8875044103173572,0.7914098795866124,0.8850582307973303,0.9053909664885866,0.8875044103173572,0.686,0.314,38000.0,6232.0
meta.imbalanced.RebalanceStream -l (trees.HoeffdingTree -e 2000000 -g 100 -c 0.01),ArffFileStream -f ./../../../Dataset/Synthetic_IM30/stream_gen_RBF_drift.arff,1,38500.0,1.046875,1.6054319631722215E-9,38500.0,0.936,0.9100412499293666,0.9100412499293666,0.8447777411280778,0.9075786092798666,0.9377450684683597,0.9100412499293666,0.694,0.306,38500.0,6232.0
meta.imbalanced.RebalanceStream -l (trees.HoeffdingTree -e 2000000 -g 100 -c 0.01),ArffFileStream -f ./../../../Dataset/Synthetic_IM30/stream_gen_RBF_drift.arff,1,39000.0,1.046875,1.6054319631722215E-9,39000.0,0.916,0.8962196089748214,0.8962196089748214,0.8071129399661988,0.8942840073055823,0.9122813602582389,0.8962196089748214,0.668,0.332,39000.0,6232.0
meta.imbalanced.RebalanceStream -l (trees.HoeffdingTree -e 2000000 -g 100 -c 0.01),ArffFileStream -f ./../../../Dataset/Synthetic_IM30/stream_gen_RBF_drift.arff,1,39500.0,1.0625,1.6306229453119942E-9,39500.0,0.92,0.8831952361364126,0.8831952361364127,0.7964376590330788,0.8789989337765445,0.9173333333333333,0.8831952361364126,0.714,0.286,39500.0,6232.0
meta.imbalanced.RebalanceStream -l (trees.HoeffdingTree -e 2000000 -g 100 -c 0.01),ArffFileStream -f ./../../../Dataset/Synthetic_IM30/stream_gen_RBF_drift.arff,1,40000.0,1.078125,1.655813927451767E-9,40000.0,0.896,0.862459093034128,0.8624590930341282,0.748865063266686,0.8579305803999608,0.8897468379883775,0.862459093034128,0.69,0.31,40000.0,6232.0
meta.imbalanced.RebalanceStream -l (trees.HoeffdingTree -e 2000000 -g 100 -c 0.01),ArffFileStream -f ./../../../Dataset/Synthetic_IM30/stream_gen_RBF_drift.arff,1,40500.0,1.078125,1.655813927451767E-9,40500.0,0.906,0.8664885866925692,0.8664885866925692,0.7625303152789006,0.8613665909934343,0.9003267973856208,0.8664885866925692,0.71,0.29,40500.0,6232.0
meta.imbalanced.RebalanceStream -l (trees.HoeffdingTree -e 2000000 -g 100 -c 0.01),ArffFileStream -f ./../../../Dataset/Synthetic_IM30/stream_gen_RBF_drift.arff,1,41000.0,1.09375,1.6816839989688635E-9,41000.0,0.92,0.8839961279361505,0.8839961279361505,0.7953964194373402,0.8801307173450851,0.9146666666666667,0.8839961279361505,0.718,0.282,41000.0,6400.0
meta.imbalanced.RebalanceStream -l (trees.HoeffdingTree -e 2000000 -g 100 -c 0.01),ArffFileStream -f ./../../../Dataset/Synthetic_IM30/stream_gen_RBF_drift.arff,1,41500.0,1.109375,1.70755407048596E-9,41500.0,0.93,0.9025786352375949,0.9025786352375947,0.8305970727174166,0.8997493165711326,0.9313406124952244,0.9025786352375949,0.692,0.308,41500.0,6400.0
meta.imbalanced.RebalanceStream -l (trees.HoeffdingTree -e 2000000 -g 100 -c 0.01),ArffFileStream -f ./../../../Dataset/Synthetic_IM30/stream_gen_RBF_drift.arff,1,42000.0,1.109375,1.70755407048596E-9,42000.0,0.924,0.895657660758332,0.895657660758332,0.8133045101699912,0.8929059405993046,0.9199391171993911,0.895657660758332,0.702,0.298,42000.0,6400.0
meta.imbalanced.RebalanceStream -l (trees.HoeffdingTree -e 2000000 -g 100 -c 0.01),ArffFileStream -f ./../../../Dataset/Synthetic_IM30/stream_gen_RBF_drift.arff,1,42500.0,1.125,1.7334241420030566E-9,42500.0,0.914,0.8726893261776982,0.8726893261776982,0.7881773399014779,0.8657456346271513,0.9266666666666666,0.8726893261776982,0.688,0.312,42500.0,6400.0
meta.imbalanced.RebalanceStream -l (trees.HoeffdingTree -e 2000000 -g 100 -c 0.01),ArffFileStream -f ./../../../Dataset/Synthetic_IM30/stream_gen_RBF_drift.arff,1,43000.0,1.140625,1.759294213520153E-9,43000.0,0.912,0.8861735987484491,0.886173598748449,0.7961112861670775,0.8827526868825798,0.9138578944325606,0.8861735987484491,0.666,0.334,43000.0,6400.0
meta.imbalanced.RebalanceStream -l (trees.HoeffdingTree -e 2000000 -g 100 -c 0.01),ArffFileStream -f ./../../../Dataset/Synthetic_IM30/stream_gen_RBF_drift.arff,1,43500.0,1.140625,1.759294213520153E-9,43500.0,0.906,0.8824485783424076,0.8824485783424078,0.7749473280980655,0.8804009700804357,0.8930063137445361,0.8824485783424076,0.696,0.304,43500.0,6400.0
meta.imbalanced.RebalanceStream -l (trees.HoeffdingTree -e 2000000 -g 100 -c 0.01),ArffFileStream -f ./../../../Dataset/Synthetic_IM30/stream_gen_RBF_drift.arff,1,44000.0,1.15625,1.7851642850372496E-9,44000.0,0.916,0.8883600340530918,0.8883600340530918,0.7926704051812653,0.8858718760233026,0.9054621848739496,0.8883600340530918,0.708,0.292,44000.0,6400.0
meta.imbalanced.RebalanceStream -l (trees.HoeffdingTree -e 2000000 -g 100 -c 0.01),ArffFileStream -f ./../../../Dataset/Synthetic_IM30/stream_gen_RBF_drift.arff,1,44500.0,1.15625,1.7851642850372496E-9,44500.0,0.89,0.8706818642911156,0.8706818642911157,0.7451154858562266,0.869062881903157,0.874515503875969,0.8706818642911156,0.682,0.318,44500.0,6400.0
meta.imbalanced.RebalanceStream -l (trees.HoeffdingTree -e 2000000 -g 100 -c 0.01),ArffFileStream -f ./../../../Dataset/Synthetic_IM30/stream_gen_RBF_drift.arff,1,45000.0,1.171875,1.8110343565543462E-9,45000.0,0.908,0.890633148118178,0.890633148118178,0.7907074089577228,0.8890956584599249,0.9006621295117947,0.890633148118178,0.666,0.334,45000.0,6400.0
meta.imbalanced.RebalanceStream -l (trees.HoeffdingTree -e 2000000 -g 100 -c 0.01),ArffFileStream -f ./../../../Dataset/Synthetic_IM30/stream_gen_RBF_drift.arff,1,45500.0,1.171875,1.8110343565543462E-9,45500.0,0.89,0.8639966396376653,0.8639966396376653,0.7435275684548236,0.8608327050949861,0.8810971529092335,0.8639966396376653,0.676,0.324,45500.0,6400.0
meta.imbalanced.RebalanceStream -l (trees.HoeffdingTree -e 2000000 -g 100 -c 0.01),ArffFileStream -f ./../../../Dataset/Synthetic_IM30/stream_gen_RBF_drift.arff,1,46000.0,1.171875,1.8110343565543462E-9,46000.0,0.914,0.8833333333333333,0.8833333333333333,0.7892156862745098,0.88,0.9084221207508878,0.8833333333333333,0.7,0.3,46000.0,6400.0
meta.imbalanced.RebalanceStream -l (trees.HoeffdingTree -e 2000000 -g 100 -c 0.01),ArffFileStream -f ./../../../Dataset/Synthetic_IM30/stream_gen_RBF_drift.arff,1,46500.0,1.171875,1.8110343565543462E-9,46500.0,0.904,0.8718365451590434,0.8718365451590435,0.7620747085415179,0.8684015189125861,0.8918522143381453,0.8718365451590434,0.708,0.292,46500.0,6400.0
meta.imbalanced.RebalanceStream -l (trees.HoeffdingTree -e 2000000 -g 100 -c 0.01),ArffFileStream -f ./../../../Dataset/Synthetic_IM30/stream_gen_RBF_drift.arff,1,47000.0,1.1875,1.8369044280714427E-9,47000.0,0.922,0.8998257839721254,0.8998257839721255,0.8188203813134128,0.8975139881277714,0.9212700051626226,0.8998257839721254,0.672,0.328,47000.0,6400.0
meta.imbalanced.RebalanceStream -l (trees.HoeffdingTree -e 2000000 -g 100 -c 0.01),ArffFileStream -f ./../../../Dataset/Synthetic_IM30/stream_gen_RBF_drift.arff,1,47500.0,1.1875,1.8369044280714427E-9,47500.0,0.924,0.8916909276890392,0.8916909276890393,0.8073959938366718,0.8885489510066613,0.9181787634408602,0.8916909276890392,0.716,0.284,47500.0,6400.0
meta.imbalanced.RebalanceStream -l (trees.HoeffdingTree -e 2000000 -g 100 -c 0.01),ArffFileStream -f ./../../../Dataset/Synthetic_IM30/stream_gen_RBF_drift.arff,1,48000.0,1.203125,1.8627744995885392E-9,48000.0,0.904,0.871122542997543,0.871122542997543,0.763164127259809,0.8673874715480537,0.8942174374031482,0.871122542997543,0.704,0.296,48000.0,6400.0
meta.imbalanced.RebalanceStream -l (trees.HoeffdingTree -e 2000000 -g 100 -c 0.01),ArffFileStream -f ./../../../Dataset/Synthetic_IM30/stream_gen_RBF_drift.arff,1,48500.0,1.203125,1.8627744995885392E-9,48500.0,0.914,0.8889598328302764,0.8889598328302764,0.7890336761127247,0.8869196255036599,0.9006257597799876,0.8889598328302764,0.708,0.292,48500.0,6400.0
meta.imbalanced.RebalanceStream -l (trees.HoeffdingTree -e 2000000 -g 100 -c 0.01),ArffFileStream -f ./../../../Dataset/Synthetic_IM30/stream_gen_RBF_drift.arff,1,49000.0,1.21875,1.8886445711056358E-9,49000.0,0.906,0.8824120695697081,0.8824120695697081,0.7792100417152091,0.8800294088568733,0.8979960073710074,0.8824120695697081,0.682,0.318,49000.0,6400.0
meta.imbalanced.RebalanceStream -l (trees.HoeffdingTree -e 2000000 -g 100 -c 0.01),ArffFileStream -f ./../../../Dataset/Synthetic_IM30/stream_gen_RBF_drift.arff,1,49500.0,1.21875,1.8886445711056358E-9,49500.0,0.892,0.8659926470588235,0.8659926470588235,0.7468117029257314,0.8629740811321521,0.8821790540540541,0.8659926470588235,0.68,0.32,49500.0,6400.0
meta.imbalanced.RebalanceStream -l (trees.HoeffdingTree -e 2000000 -g 100 -c 0.01),ArffFileStream -f ./../../../Dataset/Synthetic_IM30/stream_gen_RBF_drift.arff,1,50000.0,1.234375,1.9145146426227323E-9,50000.0,0.906,0.8709599224305107,0.8709599224305107,0.7576220141094929,0.8675635142142982,0.8876633383293576,0.8709599224305107,0.728,0.272,50000.0,6400.0
meta.imbalanced.RebalanceStream -l (trees.HoeffdingTree -e 2000000 -g 100 -c 0.01),ArffFileStream -f ./../../../Dataset/Synthetic_IM30/stream_gen_RBF_drift.arff,1,50500.0,1.234375,1.9145146426227323E-9,50500.0,0.916,0.8964569615817334,0.8964569615817334,0.8037052962180554,0.8948477545006487,0.9078919903603484,0.8964569615817334,0.682,0.318,50500.0,6400.0
meta.imbalanced.RebalanceStream -l (trees.HoeffdingTree -e 2000000 -g 100 -c 0.01),ArffFileStream -f ./../../../Dataset/Synthetic_IM30/stream_gen_RBF_drift.arff,1,51000.0,1.25,1.940384714139829E-9,51000.0,0.906,0.8725497637526329,0.8725497637526328,0.7696801003606711,0.8684514147214476,0.9003140037517332,0.8725497637526329,0.698,0.302,51000.0,6400.0
meta.imbalanced.RebalanceStream -l (trees.HoeffdingTree -e 2000000 -g 100 -c 0.01),ArffFileStream -f ./../../../Dataset/Synthetic_IM30/stream_gen_RBF_drift.arff,1,51500.0,1.25,1.940384714139829E-9,51500.0,0.926,0.9076848539057841,0.9076848539057842,0.8254914537976833,0.9063768982567353,0.9183253981911701,0.9076848539057841,0.688,0.312,51500.0,6400.0
meta.imbalanced.RebalanceStream -l (trees.HoeffdingTree -e 2000000 -g 100 -c 0.01),ArffFileStream -f ./../../../Dataset/Synthetic_IM30/stream_gen_RBF_drift.arff,1,52000.0,1.265625,1.9662547856569254E-9,52000.0,0.908,0.8761029411764706,0.8761029411764707,0.780618084700496,0.871611084344928,0.9095604131635839,0.8761029411764706,0.68,0.32,52000.0,6400.0
meta.imbalanced.RebalanceStream -l (trees.HoeffdingTree -e 2000000 -g 100 -c 0.01),ArffFileStream -f ./../../../Dataset/Synthetic_IM30/stream_gen_RBF_drift.arff,1,52500.0,1.28125,1.992124857174022E-9,52500.0,0.942,0.9138888888888889,0.913888888888889,0.8519501735756586,0.9116529554118228,0.9403538029596166,0.9138888888888889,0.72,0.28,52500.0,6400.0
meta.imbalanced.RebalanceStream -l (trees.HoeffdingTree -e 2000000 -g 100 -c 0.01),ArffFileStream -f ./../../../Dataset/Synthetic_IM30/stream_gen_RBF_drift.arff,1,53000.0,1.28125,1.992124857174022E-9,53000.0,0.9,0.8678498838559814,0.8678498838559814,0.7643288084464555,0.8628028260318777,0.9021825396825397,0.8678498838559814,0.672,0.328,53000.0,6400.0
meta.imbalanced.RebalanceStream -l (trees.HoeffdingTree -e 2000000 -g 100 -c 0.01),ArffFileStream -f ./../../../Dataset/Synthetic_IM30/stream_gen_RBF_drift.arff,1,53500.0,1.296875,2.0179949286911184E-9,53500.0,0.922,0.888572865877254,0.888572865877254,0.8046718487058258,0.884932213692693,0.9196284920286675,0.888572865877254,0.708,0.292,53500.0,6400.0
meta.imbalanced.RebalanceStream -l (trees.HoeffdingTree -e 2000000 -g 100 -c 0.01),ArffFileStream -f ./../../../Dataset/Synthetic_IM30/stream_gen_RBF_drift.arff,1,54000.0,1.296875,2.0179949286911184E-9,54000.0,0.928,0.8959680316091954,0.8959680316091954,0.7967296052037222,0.8939727738596398,0.9008271975274975,0.8959680316091954,0.768,0.232,54000.0,6400.0
meta.imbalanced.RebalanceStream -l (trees.HoeffdingTree -e 2000000 -g 100 -c 0.01),ArffFileStream -f ./../../../Dataset/Synthetic_IM30/stream_gen_RBF_drift.arff,1,54500.0,1.296875,2.0179949286911184E-9,54500.0,0.936,0.9114110707803993,0.9114110707803992,0.8447325518205109,0.9092499551519037,0.9356233485467211,0.9114110707803993,0.696,0.304,54500.0,6400.0
meta.imbalanced.RebalanceStream -l (trees.HoeffdingTree -e 2000000 -g 100 -c 0.01),ArffFileStream -f ./../../../Dataset/Synthetic_IM30/stream_gen_RBF_drift.arff,1,55000.0,1.3125,2.043865000208215E-9,55000.0,0.924,0.8985373186101636,0.8985373186101636,0.813216413361908,0.8964093643594441,0.9158472582493817,0.8985373186101636,0.706,0.294,55000.0,6400.0
meta.imbalanced.RebalanceStream -l (trees.HoeffdingTree -e 2000000 -g 100 -c 0.01),ArffFileStream -f ./../../../Dataset/Synthetic_IM30/stream_gen_RBF_drift.arff,1,55500.0,1.3125,2.043865000208215E-9,55500.0,0.908,0.8841714162037371,0.8841714162037371,0.7874306839186691,0.8813226839153483,0.9057142857142857,0.8841714162037371,0.668,0.332,55500.0,6400.0
meta.imbalanced.RebalanceStream -l (trees.HoeffdingTree -e 2000000 -g 100 -c 0.01),ArffFileStream -f ./../../../Dataset/Synthetic_IM30/stream_gen_RBF_drift.arff,1,56000.0,1.328125,2.0697350717253115E-9,56000.0,0.924,0.8982942157239964,0.8982942157239964,0.8206768975215659,0.8953874076184497,0.9258192787604552,0.8982942157239964,0.678,0.322,56000.0,6400.0
meta.imbalanced.RebalanceStream -l (trees.HoeffdingTree -e 2000000 -g 100 -c 0.01),ArffFileStream -f ./../../../Dataset/Synthetic_IM30/stream_gen_RBF_drift.arff,1,56500.0,1.328125,2.0697350717253115E-9,56500.0,0.878,0.8342005357383746,0.8342005357383746,0.6945968678655826,0.8273988456024021,0.864205309139785,0.8342005357383746,0.706,0.294,56500.0,6400.0
meta.imbalanced.RebalanceStream -l (trees.HoeffdingTree -e 2000000 -g 100 -c 0.01),ArffFileStream -f ./../../../Dataset/Synthetic_IM30/stream_gen_RBF_drift.arff,1,57000.0,1.34375,2.095605143242408E-9,57000.0,0.892,0.8558331507049456,0.8558331507049456,0.7427003125714722,0.8496431551682508,0.8935843568196509,0.8558331507049456,0.676,0.324,57000.0,6400.0
meta.imbalanced.RebalanceStream -l (trees.HoeffdingTree -e 2000000 -g 100 -c 0.01),ArffFileStream -f ./../../../Dataset/Synthetic_IM30/stream_gen_RBF_drift.arff,1,57500.0,1.34375,2.095605143242408E-9,57500.0,0.898,0.8600568500280247,0.8600568500280246,0.7383219768491913,0.8558765224417988,0.8797048827341623,0.8600568500280247,0.724,0.276,57500.0,6400.0
meta.imbalanced.RebalanceStream -l (trees.HoeffdingTree -e 2000000 -g 100 -c 0.01),ArffFileStream -f ./../../../Dataset/Synthetic_IM30/stream_gen_RBF_drift.arff,1,58000.0,1.359375,2.1214752147595046E-9,58000.0,0.91,0.8693347193347194,0.8693347193347194,0.7595126122274476,0.8651967918141448,0.8918260217472815,0.8693347193347194,0.74,0.26,58000.0,6400.0
meta.imbalanced.RebalanceStream -l (trees.HoeffdingTree -e 2000000 -g 100 -c 0.01),ArffFileStream -f ./../../../Dataset/Synthetic_IM30/stream_gen_RBF_drift.arff,1,58500.0,1.359375,2.1214752147595046E-9,58500.0,0.916,0.8880284517868411,0.8880284517868411,0.7944682600270128,0.8853252721413258,0.9080653918079267,0.8880284517868411,0.702,0.298,58500.0,6400.0
meta.imbalanced.RebalanceStream -l (trees.HoeffdingTree -e 2000000 -g 100 -c 0.01),ArffFileStream -f ./../../../Dataset/Synthetic_IM30/stream_gen_RBF_drift.arff,1,59000.0,1.375,2.147345286276601E-9,59000.0,0.908,0.8732974471902781,0.8732974471902781,0.7609942638623327,0.87008901239298,0.8885069179186826,0.8732974471902781,0.732,0.268,59000.0,6400.0
meta.imbalanced.RebalanceStream -l (trees.HoeffdingTree -e 2000000 -g 100 -c 0.01),ArffFileStream -f ./../../../Dataset/Synthetic_IM30/stream_gen_RBF_drift.arff,1,59500.0,1.375,2.147345286276601E-9,59500.0,0.922,0.8918489104881566,0.8918489104881567,0.8027114528530959,0.8891637760883196,0.9123700623700624,0.8918489104881566,0.718,0.282,59500.0,6400.0
meta.imbalanced.RebalanceStream -l (trees.HoeffdingTree -e 2000000 -g 100 -c 0.01),ArffFileStream -f ./../../../Dataset/Synthetic_IM30/stream_gen_RBF_drift.arff,1,60000.0,1.390625,2.1732153577936976E-9,60000.0,0.916,0.8859396268716471,0.8859396268716471,0.785976355483082,0.8833950080974489,0.9008316008316009,0.8859396268716471,0.724,0.276,60000.0,6400.0
meta.imbalanced.RebalanceStream -l (trees.HoeffdingTree -e 2000000 -g 100 -c 0.01),ArffFileStream -f ./../../../Dataset/Synthetic_IM30/stream_gen_RBF_drift.arff,1,60500.0,1.390625,2.1732153577936976E-9,60500.0,0.902,0.8684588626739262,0.8684588626739262,0.7608822955299629,0.8642335196736619,0.895535261288686,0.8684588626739262,0.696,0.304,60500.0,6400.0
meta.imbalanced.RebalanceStream -l (trees.HoeffdingTree -e 2000000 -g 100 -c 0.01),ArffFileStream -f ./../../../Dataset/Synthetic_IM30/stream_gen_RBF_drift.arff,1,61000.0,1.390625,2.1732153577936976E-9,61000.0,0.912,0.874907829968712,0.874907829968712,0.7737789203084833,0.8709102278893895,0.9013333333333333,0.874907829968712,0.722,0.278,61000.0,6400.0
meta.imbalanced.RebalanceStream -l (trees.HoeffdingTree -e 2000000 -g 100 -c 0.01),ArffFileStream -f ./../../../Dataset/Synthetic_IM30/stream_gen_RBF_drift.arff,1,61500.0,1.40625,2.199085429310794E-9,61500.0,0.91,0.8721686263747863,0.8721686263747862,0.7581165340786927,0.8687724522993989,0.8866228070175439,0.8721686263747863,0.746,0.254,61500.0,6400.0
meta.imbalanced.RebalanceStream -l (trees.HoeffdingTree -e 2000000 -g 100 -c 0.01),ArffFileStream -f ./../../../Dataset/Synthetic_IM30/stream_gen_RBF_drift.arff,1,62000.0,1.421875,2.2249555008278907E-9,62000.0,0.912,0.8724377859963643,0.8724377859963643,0.7641964457973376,0.8686001638230868,0.8931383577052868,0.8724377859963643,0.742,0.258,62000.0,6400.0
meta.imbalanced.RebalanceStream -l (trees.HoeffdingTree -e 2000000 -g 100 -c 0.01),ArffFileStream -f ./../../../Dataset/Synthetic_IM30/stream_gen_RBF_drift.arff,1,62500.0,1.421875,2.2249555008278907E-9,62500.0,0.924,0.8818044700397641,0.8818044700397643,0.8040550295980035,0.8762759790094689,0.929905820595955,0.8818044700397641,0.714,0.286,62500.0,6400.0
meta.imbalanced.RebalanceStream -l (trees.HoeffdingTree -e 2000000 -g 100 -c 0.01),ArffFileStream -f ./../../../Dataset/Synthetic_IM30/stream_gen_RBF_drift.arff,1,63000.0,1.4375,2.2508255723449872E-9,63000.0,0.884,0.8463895473203445,0.8463895473203445,0.7125810224186803,0.8414522309492183,0.8682469115568212,0.8463895473203445,0.706,0.294,63000.0,6400.0
meta.imbalanced.RebalanceStream -l (trees.HoeffdingTree -e 2000000 -g 100 -c 0.01),ArffFileStream -f ./../../../Dataset/Synthetic_IM30/stream_gen_RBF_drift.arff,1,63500.0,1.453125,2.2766956438620838E-9,63500.0,0.926,0.8932435507561183,0.8932435507561183,0.8043073538123043,0.8905887881054658,0.9121996703963917,0.8932435507561183,0.738,0.262,63500.0,6400.0
meta.imbalanced.RebalanceStream -l (trees.HoeffdingTree -e 2000000 -g 100 -c 0.01),ArffFileStream -f ./../../../Dataset/Synthetic_IM30/stream_gen_RBF_drift.arff,1,64000.0,1.453125,2.2766956438620838E-9,64000.0,0.914,0.8768732242669588,0.8768732242669589,0.7906116088819634,0.8711750573656445,0.921933471933472,0.8768732242669588,0.686,0.314,64000.0,6400.0
meta.imbalanced.RebalanceStream -l (trees.HoeffdingTree -e 2000000 -g 100 -c 0.01),ArffFileStream -f ./../../../Dataset/Synthetic_IM30/stream_gen_RBF_drift.arff,1,64500.0,1.46875,2.3025657153791803E-9,64500.0,0.926,0.8984126984126984,0.8984126984126984,0.8127909330095122,0.8962222300937898,0.9153995738430667,0.8984126984126984,0.72,0.28,64500.0,6400.0
meta.imbalanced.RebalanceStream -l (trees.HoeffdingTree -e 2000000 -g 100 -c 0.01),ArffFileStream -f ./../../../Dataset/Synthetic_IM30/stream_gen_RBF_drift.arff,1,65000.0,1.46875,2.3025657153791803E-9,65000.0,0.922,0.8971714559949855,0.8971714559949855,0.8061707287980597,0.895294024210306,0.9095830639948287,0.8971714559949855,0.714,0.286,65000.0,6400.0
meta.imbalanced.RebalanceStream -l (trees.HoeffdingTree -e 2000000 -g 100 -c 0.01),ArffFileStream -f ./../../../Dataset/Synthetic_IM30/stream_gen_RBF_drift.arff,1,65500.0,1.484375,2.328435786896277E-9,65500.0,0.92,0.8931386648704738,0.8931386648704739,0.8119982703840876,0.8897970143613131,0.923018158312276,0.8931386648704738,0.674,0.326,65500.0,6400.0
meta.imbalanced.RebalanceStream -l (trees.HoeffdingTree -e 2000000 -g 100 -c 0.01),ArffFileStream -f ./../../../Dataset/Synthetic_IM30/stream_gen_RBF_drift.arff,1,66000.0,1.484375,2.328435786896277E-9,66000.0,0.936,0.9227015141493412,0.9227015141493412,0.8553109909388508,0.9217881622381981,0.933234394180912,0.9227015141493412,0.662,0.338,66000.0,6400.0
meta.imbalanced.RebalanceStream -l (trees.HoeffdingTree -e 2000000 -g 100 -c 0.01),ArffFileStream -f ./../../../Dataset/Synthetic_IM30/stream_gen_RBF_drift.arff,1,66500.0,1.484375,2.328435786896277E-9,66500.0,0.916,0.8880284517868411,0.8880284517868411,0.7944682600270128,0.8853252721413258,0.9080653918079267,0.8880284517868411,0.702,0.298,66500.0,6400.0
meta.imbalanced.RebalanceStream -l (trees.HoeffdingTree -e 2000000 -g 100 -c 0.01),ArffFileStream -f ./../../../Dataset/Synthetic_IM30/stream_gen_RBF_drift.arff,1,67000.0,1.5,2.3543058584133734E-9,67000.0,0.908,0.8792661540536895,0.8792661540536895,0.7738935530170464,0.8764958499866625,0.8957390762301181,0.8792661540536895,0.706,0.294,67000.0,6400.0
meta.imbalanced.RebalanceStream -l (trees.HoeffdingTree -e 2000000 -g 100 -c 0.01),ArffFileStream -f ./../../../Dataset/Synthetic_IM30/stream_gen_RBF_drift.arff,1,67500.0,1.5,2.3543058584133734E-9,67500.0,0.92,0.8945661896243291,0.8945661896243292,0.8089707343164972,0.8920050879468552,0.9165158549059722,0.8945661896243291,0.688,0.312,67500.0,6400.0
meta.imbalanced.RebalanceStream -l (trees.HoeffdingTree -e 2000000 -g 100 -c 0.01),ArffFileStream -f ./../../../Dataset/Synthetic_IM30/stream_gen_RBF_drift.arff,1,68000.0,1.515625,2.38017592993047E-9,68000.0,0.926,0.8928120446818844,0.8928120446818845,0.8138458442342523,0.8893083571266868,0.9246471774193548,0.8928120446818844,0.71,0.29,68000.0,6400.0
meta.imbalanced.RebalanceStream -l (trees.HoeffdingTree -e 2000000 -g 100 -c 0.01),ArffFileStream -f ./../../../Dataset/Synthetic_IM30/stream_gen_RBF_drift.arff,1,68500.0,1.515625,2.38017592993047E-9,68500.0,0.94,0.90475618544319,0.90475618544319,0.8435544430538173,0.9013295221608002,0.9434210526315789,0.90475618544319,0.724,0.276,68500.0,6400.0
meta.imbalanced.RebalanceStream -l (trees.HoeffdingTree -e 2000000 -g 100 -c 0.01),ArffFileStream -f ./../../../Dataset/Synthetic_IM30/stream_gen_RBF_drift.arff,1,69000.0,1.53125,2.4060460014475664E-9,69000.0,0.942,0.9166666666666667,0.9166666666666666,0.8578431372549019,0.9144761706390532,0.9439370877727042,0.9166666666666667,0.7,0.3,69000.0,6400.0
meta.imbalanced.RebalanceStream -l (trees.HoeffdingTree -e 2000000 -g 100 -c 0.01),ArffFileStream -f ./../../../Dataset/Synthetic_IM30/stream_gen_RBF_drift.arff,1,69500.0,1.53125,2.4060460014475664E-9,69500.0,0.944,0.9234550561797753,0.9234550561797753,0.8611551888289432,0.9221829256251749,0.9385100193923723,0.9234550561797753,0.712,0.288,69500.0,6400.0
meta.imbalanced.RebalanceStream -l (trees.HoeffdingTree -e 2000000 -g 100 -c 0.01),ArffFileStream -f ./../../../Dataset/Synthetic_IM30/stream_gen_RBF_drift.arff,1,70000.0,1.53125,2.4060460014475664E-9,70000.0,0.904,0.8761904761904762,0.8761904761904762,0.7669902912621359,0.8734278393068259,0.8918650793650793,0.8761904761904762,0.7,0.3,70000.0,6400.0
meta.imbalanced.RebalanceStream -l (trees.HoeffdingTree -e 2000000 -g 100 -c 0.01),ArffFileStream -f ./../../../Dataset/Synthetic_IM30/stream_gen_RBF_drift.arff,1,70500.0,1.546875,2.431916072964663E-9,70500.0,0.928,0.8998015873015873,0.8998015873015873,0.8174442190669371,0.8975164144937486,0.9189189189189189,0.8998015873015873,0.72,0.28,70500.0,6400.0
meta.imbalanced.RebalanceStream -l (trees.HoeffdingTree -e 2000000 -g 100 -c 0.01),ArffFileStream -f ./../../../Dataset/Synthetic_IM30/stream_gen_RBF_drift.arff,1,71000.0,1.5625,2.4577861444817595E-9,71000.0,0.916,0.8944320443988658,0.8944320443988659,0.7888640887977318,0.8931583269881254,0.8944320443988658,0.8944320443988658,0.726,0.274,71000.0,6400.0
meta.imbalanced.RebalanceStream -l (trees.HoeffdingTree -e 2000000 -g 100 -c 0.01),ArffFileStream -f ./../../../Dataset/Synthetic_IM30/stream_gen_RBF_drift.arff,1,71500.0,1.5625,2.4577861444817595E-9,71500.0,0.916,0.8964569615817334,0.8964569615817334,0.8037052962180554,0.8948477545006487,0.9078919903603484,0.8964569615817334,0.682,0.318,71500.0,6400.0
meta.imbalanced.RebalanceStream -l (trees.HoeffdingTree -e 2000000 -g 100 -c 0.01),ArffFileStream -f ./../../../Dataset/Synthetic_IM30/stream_gen_RBF_drift.arff,1,72000.0,1.578125,2.483656215998856E-9,72000.0,0.904,0.8691946640316206,0.8691946640316206,0.749310604161444,0.8660610595640937,0.8805704099821747,0.8691946640316206,0.736,0.264,72000.0,6400.0
meta.imbalanced.RebalanceStream -l (trees.HoeffdingTree -e 2000000 -g 100 -c 0.01),ArffFileStream -f ./../../../Dataset/Synthetic_IM30/stream_gen_RBF_drift.arff,1,72500.0,1.578125,2.483656215998856E-9,72500.0,0.9,0.8670220810647309,0.8670220810647309,0.756468204488778,0.862930981601579,0.8921703296703296,0.8670220810647309,0.696,0.304,72500.0,6400.0
meta.imbalanced.RebalanceStream -l (trees.HoeffdingTree -e 2000000 -g 100 -c 0.01),ArffFileStream -f ./../../../Dataset/Synthetic_IM30/stream_gen_RBF_drift.arff,1,73000.0,1.59375,2.5095262875159526E-9,73000.0,0.88,0.8545069570477919,0.8545069570477919,0.7143074813347554,0.85202864568461,0.85995085995086,0.8545069570477919,0.696,0.304,73000.0,6400.0
meta.imbalanced.RebalanceStream -l (trees.HoeffdingTree -e 2000000 -g 100 -c 0.01),ArffFileStream -f ./../../../Dataset/Synthetic_IM30/stream_gen_RBF_drift.arff,1,73500.0,1.59375,2.5095262875159526E-9,73500.0,0.91,0.8980750967930455,0.8980750967930455,0.7948727299248778,0.8974358974358974,0.8968069032058401,0.8980750967930455,0.676,0.324,73500.0,6400.0
meta.imbalanced.RebalanceStream -l (trees.HoeffdingTree -e 2000000 -g 100 -c 0.01),ArffFileStream -f ./../../../Dataset/Synthetic_IM30/stream_gen_RBF_drift.arff,1,74000.0,1.609375,2.535396359033049E-9,74000.0,0.924,0.9066126905721342,0.9066126905721342,0.8217401910194585,0.9054070552582967,0.9155012429078351,0.9066126905721342,0.686,0.314,74000.0,6400.0
meta.imbalanced.RebalanceStream -l (trees.HoeffdingTree -e 2000000 -g 100 -c 0.01),ArffFileStream -f ./../../../Dataset/Synthetic_IM30/stream_gen_RBF_drift.arff,1,74500.0,1.609375,2.535396359033049E-9,74500.0,0.932,0.9099957772817759,0.9099957772817759,0.8275127336187829,0.9086926798643434,0.9177234639732847,0.9099957772817759,0.726,0.274,74500.0,6400.0
meta.imbalanced.RebalanceStream -l (trees.HoeffdingTree -e 2000000 -g 100 -c 0.01),ArffFileStream -f ./../../../Dataset/Synthetic_IM30/stream_gen_RBF_drift.arff,1,75000.0,1.609375,2.535396359033049E-9,75000.0,0.924,0.9052158667543283,0.9052158667543283,0.8236691662335733,0.9036415480362101,0.9194646098003629,0.9052158667543283,0.676,0.324,75000.0,6400.0
meta.imbalanced.RebalanceStream -l (trees.HoeffdingTree -e 2000000 -g 100 -c 0.01),ArffFileStream -f ./../../../Dataset/Synthetic_IM30/stream_gen_RBF_drift.arff,1,75500.0,1.625,2.5612664305501456E-9,75500.0,0.922,0.9103113911079906,0.9103113911079906,0.8160238508566684,0.9098327284969944,0.9058066211245401,0.9103113911079906,0.698,0.302,75500.0,6400.0
meta.imbalanced.RebalanceStream -l (trees.HoeffdingTree -e 2000000 -g 100 -c 0.01),ArffFileStream -f ./../../../Dataset/Synthetic_IM30/stream_gen_RBF_drift.arff,1,76000.0,1.625,2.5612664305501456E-9,76000.0,0.936,0.916075360900416,0.916075360900416,0.8361058756043596,0.9150683769932367,0.9200839920948616,0.916075360900416,0.732,0.268,76000.0,6400.0
meta.imbalanced.RebalanceStream -l (trees.HoeffdingTree -e 2000000 -g 100 -c 0.01),ArffFileStream -f ./../../../Dataset/Synthetic_IM30/stream_gen_RBF_drift.arff,1,76500.0,1.640625,2.587136502067242E-9,76500.0,0.896,0.8672021619998499,0.8672021619998498,0.7506330085168419,0.8639533750595029,0.8848847273585647,0.8672021619998499,0.692,0.308,76500.0,6400.0
meta.imbalanced.RebalanceStream -l (trees.HoeffdingTree -e 2000000 -g 100 -c 0.01),ArffFileStream -f ./../../../Dataset/Synthetic_IM30/stream_gen_RBF_drift.arff,1,77000.0,1.640625,2.587136502067242E-9,77000.0,0.918,0.8866136731474463,0.8866136731474463,0.7864227371228538,0.8840735930245084,0.9004541210423563,0.8866136731474463,0.734,0.266,77000.0,6400.0
meta.imbalanced.RebalanceStream -l (trees.HoeffdingTree -e 2000000 -g 100 -c 0.01),ArffFileStream -f ./../../../Dataset/Synthetic_IM30/stream_gen_RBF_drift.arff,1,77500.0,1.65625,2.6130065735843387E-9,77500.0,0.95,0.9318400192169108,0.9318400192169108,0.8734715361567739,0.9309579371588536,0.9419700477351416,0.9318400192169108,0.724,0.276,77500.0,6400.0
meta.imbalanced.RebalanceStream -l (trees.HoeffdingTree -e 2000000 -g 100 -c 0.01),ArffFileStream -f ./../../../Dataset/Synthetic_IM30/stream_gen_RBF_drift.arff,1,78000.0,1.65625,2.6130065735843387E-9,78000.0,0.912,0.8806985294117646,0.8806985294117647,0.7901564288439527,0.8763959453016521,0.9145648170389943,0.8806985294117646,0.68,0.32,78000.0,6400.0
meta.imbalanced.RebalanceStream -l (trees.HoeffdingTree -e 2000000 -g 100 -c 0.01),ArffFileStream -f ./../../../Dataset/Synthetic_IM30/stream_gen_RBF_drift.arff,1,78500.0,1.671875,2.6388766451014352E-9,78500.0,0.916,0.9061680427391938,0.9061680427391938,0.7992927458663863,0.9058656195270289,0.8938049763613418,0.9061680427391938,0.71,0.29,78500.0,6400.0
meta.imbalanced.RebalanceStream -l (trees.HoeffdingTree -e 2000000 -g 100 -c 0.01),ArffFileStream -f ./../../../Dataset/Synthetic_IM30/stream_gen_RBF_drift.arff,1,79000.0,1.6875,2.6647467166185318E-9,79000.0,0.944,0.9234550561797753,0.9234550561797753,0.8611551888289432,0.9221829256251749,0.9385100193923723,0.9234550561797753,0.712,0.288,79000.0,6400.0
meta.imbalanced.RebalanceStream -l (trees.HoeffdingTree -e 2000000 -g 100 -c 0.01),ArffFileStream -f ./../../../Dataset/Synthetic_IM30/stream_gen_RBF_drift.arff,1,79500.0,1.6875,2.6647467166185318E-9,79500.0,0.908,0.8843749999999999,0.884375,0.7843210802700675,0.8819367891181317,0.9013743857493857,0.8843749999999999,0.68,0.32,79500.0,6400.0
meta.imbalanced.RebalanceStream -l (trees.HoeffdingTree -e 2000000 -g 100 -c 0.01),ArffFileStream -f ./../../../Dataset/Synthetic_IM30/stream_gen_RBF_drift.arff,1,80000.0,1.703125,2.6906167881356283E-9,80000.0,0.924,0.9059360730593607,0.9059360730593607,0.8081001918998081,0.9050845718449635,0.9022139108403209,0.9059360730593607,0.73,0.27,80000.0,6400.0
meta.imbalanced.RebalanceStream -l (trees.HoeffdingTree -e 2000000 -g 100 -c 0.01),ArffFileStream -f ./../../../Dataset/Synthetic_IM30/stream_gen_RBF_drift.arff,1,80500.0,1.71875,2.716486859652725E-9,80500.0,0.924,0.9063510019392372,0.9063510019392372,0.8089761119601062,0.9055242368393875,0.9026743534310193,0.9063510019392372,0.728,0.272,80500.0,6400.0
meta.imbalanced.RebalanceStream -l (trees.HoeffdingTree -e 2000000 -g 100 -c 0.01),ArffFileStream -f ./../../../Dataset/Synthetic_IM30/stream_gen_RBF_drift.arff,1,81000.0,1.71875,2.716486859652725E-9,81000.0,0.924,0.9087039234521859,0.9087039234521859,0.8204056940847307,0.9078483668604594,0.9117440558644376,0.9087039234521859,0.694,0.306,81000.0,6400.0
meta.imbalanced.RebalanceStream -l (trees.HoeffdingTree -e 2000000 -g 100 -c 0.01),ArffFileStream -f ./../../../Dataset/Synthetic_IM30/stream_gen_RBF_drift.arff,1,81500.0,1.734375,2.7423569311698214E-9,81500.0,0.92,0.8980694692903995,0.8980694692903995,0.8103330551551475,0.8961734561158521,0.9133194025230246,0.8980694692903995,0.688,0.312,81500.0,6400.0
meta.imbalanced.RebalanceStream -l (trees.HoeffdingTree -e 2000000 -g 100 -c 0.01),ArffFileStream -f ./../../../Dataset/Synthetic_IM30/stream_gen_RBF_drift.arff,1,82000.0,1.734375,2.7423569311698214E-9,82000.0,0.92,0.8915083999282568,0.8915083999282568,0.7971232070763425,0.8891959309035008,0.9064109725066716,0.8915083999282568,0.722,0.278,82000.0,6568.0
meta.imbalanced.RebalanceStream -l (trees.HoeffdingTree -e 2000000 -g 100 -c 0.01),ArffFileStream -f ./../../../Dataset/Synthetic_IM30/stream_gen_RBF_drift.arff,1,82500.0,1.75,2.768906092064242E-9,82500.0,0.91,0.8913161578804405,0.8913161578804404,0.7690222970475916,0.8904798163158126,0.8783128636069812,0.8913161578804405,0.742,0.258,82500.0,6568.0
meta.imbalanced.RebalanceStream -l (trees.HoeffdingTree -e 2000000 -g 100 -c 0.01),ArffFileStream -f ./../../../Dataset/Synthetic_IM30/stream_gen_RBF_drift.arff,1,83000.0,1.765625,2.7954552529586624E-9,83000.0,0.91,0.8856861507868219,0.8856861507868219,0.7819429368894403,0.8836390602908408,0.8967857423872846,0.8856861507868219,0.702,0.298,83000.0,6568.0
meta.imbalanced.RebalanceStream -l (trees.HoeffdingTree -e 2000000 -g 100 -c 0.01),ArffFileStream -f ./../../../Dataset/Synthetic_IM30/stream_gen_RBF_drift.arff,1,83500.0,1.765625,2.7954552529586624E-9,83500.0,0.926,0.9071428571428571,0.9071428571428571,0.8160668124875721,0.9061299181527054,0.9089360090874669,0.9071428571428571,0.72,0.28,83500.0,6568.0
meta.imbalanced.RebalanceStream -l (trees.HoeffdingTree -e 2000000 -g 100 -c 0.01),ArffFileStream -f ./../../../Dataset/Synthetic_IM30/stream_gen_RBF_drift.arff,1,84000.0,1.78125,2.822004413853083E-9,84000.0,0.914,0.8954606440071556,0.8954606440071557,0.7979095386697748,0.8941021220482382,0.9027021385605041,0.8954606440071556,0.688,0.312,84000.0,6568.0
meta.imbalanced.RebalanceStream -l (trees.HoeffdingTree -e 2000000 -g 100 -c 0.01),ArffFileStream -f ./../../../Dataset/Synthetic_IM30/stream_gen_RBF_drift.arff,1,84500.0,1.78125,2.822004413853083E-9,84500.0,0.924,0.8970037453183521,0.897003745318352,0.8107720500358537,0.8947411903745177,0.9149743087839491,0.8970037453183521,0.712,0.288,84500.0,6568.0
meta.imbalanced.RebalanceStream -l (trees.HoeffdingTree -e 2000000 -g 100 -c 0.01),ArffFileStream -f ./../../../Dataset/Synthetic_IM30/stream_gen_RBF_drift.arff,1,85000.0,1.796875,2.8485535747475035E-9,85000.0,0.922,0.9012745974955277,0.9012745974955279,0.8154038396001363,0.899587462597303,0.9149852575591143,0.9012745974955277,0.688,0.312,85000.0,6568.0
meta.imbalanced.RebalanceStream -l (trees.HoeffdingTree -e 2000000 -g 100 -c 0.01),ArffFileStream -f ./../../../Dataset/Synthetic_IM30/stream_gen_RBF_drift.arff,1,85500.0,1.796875,2.8485535747475035E-9,85500.0,0.908,0.8810484288048988,0.8810484288048988,0.7620968576097975,0.8792271618641833,0.8810484288048988,0.8810484288048988,0.738,0.262,85500.0,6568.0
meta.imbalanced.RebalanceStream -l (trees.HoeffdingTree -e 2000000 -g 100 -c 0.01),ArffFileStream -f ./../../../Dataset/Synthetic_IM30/stream_gen_RBF_drift.arff,1,86000.0,1.8125,2.875102735641924E-9,86000.0,0.898,0.8740608621136332,0.8740608621136332,0.7464704712666534,0.8723963263598253,0.8724206349206349,0.8740608621136332,0.722,0.278,86000.0,6568.0
meta.imbalanced.RebalanceStream -l (trees.HoeffdingTree -e 2000000 -g 100 -c 0.01),ArffFileStream -f ./../../../Dataset/Synthetic_IM30/stream_gen_RBF_drift.arff,1,86500.0,1.8125,2.875102735641924E-9,86500.0,0.896,0.8642925701749231,0.8642925701749231,0.7410100607630242,0.8611117166617883,0.8774226281075597,0.8642925701749231,0.714,0.286,86500.0,6568.0
meta.imbalanced.RebalanceStream -l (trees.HoeffdingTree -e 2000000 -g 100 -c 0.01),ArffFileStream -f ./../../../Dataset/Synthetic_IM30/stream_gen_RBF_drift.arff,1,87000.0,1.828125,2.9016518965363445E-9,87000.0,0.934,0.9162420873861356,0.9162420873861356,0.8206287776666522,0.9156151421131494,0.9047700754975978,0.9162420873861356,0.762,0.238,87000.0,6568.0
meta.imbalanced.RebalanceStream -l (trees.HoeffdingTree -e 2000000 -g 100 -c 0.01),ArffFileStream -f ./../../../Dataset/Synthetic_IM30/stream_gen_RBF_drift.arff,1,87500.0,2.078125,3.3155730408098903E-9,87500.0,0.904,0.8741919844861021,0.8741919844861021,0.7553417060838362,0.8717445674169376,0.881340579710145,0.8741919844861021,0.728,0.272,87500.0,6400.0
meta.imbalanced.RebalanceStream -l (trees.HoeffdingTree -e 2000000 -g 100 -c 0.01),ArffFileStream -f ./../../../Dataset/Synthetic_IM30/stream_gen_RBF_drift.arff,1,88000.0,2.078125,3.3155730408098903E-9,88000.0,0.896,0.8757649344341913,0.8757649344341913,0.748476347102641,0.8744386945906371,0.8727525004336012,0.8757649344341913,0.71,0.29,88000.0,6400.0
meta.imbalanced.RebalanceStream -l (trees.HoeffdingTree -e 2000000 -g 100 -c 0.01),ArffFileStream -f ./../../../Dataset/Synthetic_IM30/stream_gen_RBF_drift.arff,1,88500.0,2.09375,3.341443112326987E-9,88500.0,0.928,0.9108521983339342,0.9108521983339343,0.8279257403973004,0.9098223003159173,0.9172496193945,0.9108521983339342,0.698,0.302,88500.0,6400.0
meta.imbalanced.RebalanceStream -l (trees.HoeffdingTree -e 2000000 -g 100 -c 0.01),ArffFileStream -f ./../../../Dataset/Synthetic_IM30/stream_gen_RBF_drift.arff,1,89000.0,2.09375,3.341443112326987E-9,89000.0,0.912,0.8838095238095238,0.8838095238095237,0.7855750487329435,0.8809951083589402,0.9033549523580751,0.8838095238095238,0.7,0.3,89000.0,6400.0
meta.imbalanced.RebalanceStream -l (trees.HoeffdingTree -e 2000000 -g 100 -c 0.01),ArffFileStream -f ./../../../Dataset/Synthetic_IM30/stream_gen_RBF_drift.arff,1,89500.0,2.109375,3.3673131838440834E-9,89500.0,0.93,0.9012172284644195,0.9012172284644194,0.8246000882010985,0.8986569254520445,0.9254949419723204,0.9012172284644195,0.712,0.288,89500.0,6400.0
meta.imbalanced.RebalanceStream -l (trees.HoeffdingTree -e 2000000 -g 100 -c 0.01),ArffFileStream -f ./../../../Dataset/Synthetic_IM30/stream_gen_RBF_drift.arff,1,90000.0,2.109375,3.3673131838440834E-9,90000.0,0.888,0.8644968073684806,0.8644968073684806,0.7343604728383584,0.862371944349863,0.8700166351173062,0.8644968073684806,0.694,0.306,90000.0,6400.0
meta.imbalanced.RebalanceStream -l (trees.HoeffdingTree -e 2000000 -g 100 -c 0.01),ArffFileStream -f ./../../../Dataset/Synthetic_IM30/stream_gen_RBF_drift.arff,1,90500.0,2.125,3.39318325536118E-9,90500.0,0.928,0.9060159176029963,0.9060159176029963,0.822232756577388,0.9045310929577495,0.916646649051165,0.9060159176029963,0.712,0.288,90500.0,6400.0
meta.imbalanced.RebalanceStream -l (trees.HoeffdingTree -e 2000000 -g 100 -c 0.01),ArffFileStream -f ./../../../Dataset/Synthetic_IM30/stream_gen_RBF_drift.arff,1,91000.0,2.125,3.39318325536118E-9,91000.0,0.918,0.8851384167071394,0.8851384167071394,0.7945891783567134,0.8816735378215699,0.9121621621621622,0.8851384167071394,0.71,0.29,91000.0,6400.0
meta.imbalanced.RebalanceStream -l (trees.HoeffdingTree -e 2000000 -g 100 -c 0.01),ArffFileStream -f ./../../../Dataset/Synthetic_IM30/stream_gen_RBF_drift.arff,1,91500.0,2.125,3.39318325536118E-9,91500.0,0.946,0.9400954918942928,0.9400954918942928,0.8757180733539549,0.9399585609909572,0.9357170340240752,0.9400954918942928,0.684,0.316,91500.0,6400.0
meta.imbalanced.RebalanceStream -l (trees.HoeffdingTree -e 2000000 -g 100 -c 0.01),ArffFileStream -f ./../../../Dataset/Synthetic_IM30/stream_gen_RBF_drift.arff,1,92000.0,2.140625,3.4190533268782765E-9,92000.0,0.906,0.8699100036615213,0.8699100036615213,0.7656561627443159,0.8654883975595226,0.899064449064449,0.8699100036615213,0.706,0.294,92000.0,6400.0
meta.imbalanced.RebalanceStream -l (trees.HoeffdingTree -e 2000000 -g 100 -c 0.01),ArffFileStream -f ./../../../Dataset/Synthetic_IM30/stream_gen_RBF_drift.arff,1,92500.0,2.140625,3.4190533268782765E-9,92500.0,0.93,0.91416345661208,0.91416345661208,0.8330216403954047,0.9132883025826097,0.9189573095823096,0.91416345661208,0.698,0.302,92500.0,6400.0
meta.imbalanced.RebalanceStream -l (trees.HoeffdingTree -e 2000000 -g 100 -c 0.01),ArffFileStream -f ./../../../Dataset/Synthetic_IM30/stream_gen_RBF_drift.arff,1,93000.0,2.15625,3.444923398395373E-9,93000.0,0.924,0.9013138792102207,0.9013138792102207,0.8231834425253127,0.8988979735113495,0.9244855651105651,0.9013138792102207,0.672,0.328,93000.0,6400.0
meta.imbalanced.RebalanceStream -l (trees.HoeffdingTree -e 2000000 -g 100 -c 0.01),ArffFileStream -f ./../../../Dataset/Synthetic_IM30/stream_gen_RBF_drift.arff,1,93500.0,2.15625,3.444923398395373E-9,93500.0,0.932,0.9133559980573094,0.9133559980573094,0.8335128782685339,0.9122766380874796,0.9203461150951224,0.9133559980573094,0.71,0.29,93500.0,6400.0
meta.imbalanced.RebalanceStream -l (trees.HoeffdingTree -e 2000000 -g 100 -c 0.01),ArffFileStream -f ./../../../Dataset/Synthetic_IM30/stream_gen_RBF_drift.arff,1,94000.0,2.15625,3.444923398395373E-9,94000.0,0.922,0.8929795694501577,0.8929795694501578,0.8045073585435297,0.8904016105719631,0.9130023056653491,0.8929795694501577,0.714,0.286,94000.0,6400.0
meta.imbalanced.RebalanceStream -l (trees.HoeffdingTree -e 2000000 -g 100 -c 0.01),ArffFileStream -f ./../../../Dataset/Synthetic_IM30/stream_gen_RBF_drift.arff,1,94500.0,2.171875,3.4707934699124695E-9,94500.0,0.916,0.8909846486650601,0.8909846486650601,0.7969405712738595,0.888742474094539,0.9070507121831723,0.8909846486650601,0.698,0.302,94500.0,6400.0
meta.imbalanced.RebalanceStream -l (trees.HoeffdingTree -e 2000000 -g 100 -c 0.01),ArffFileStream -f ./../../../Dataset/Synthetic_IM30/stream_gen_RBF_drift.arff,1,95000.0,2.171875,3.4707934699124695E-9,95000.0,0.934,0.9150735294117647,0.9150735294117648,0.8455345440928665,0.9135620330526516,0.9317482169831164,0.9150735294117647,0.68,0.32,95000.0,6400.0
meta.imbalanced.RebalanceStream -l (trees.HoeffdingTree -e 2000000 -g 100 -c 0.01),ArffFileStream -f ./../../../Dataset/Synthetic_IM30/stream_gen_RBF_drift.arff,1,95500.0,2.1875,3.496663541429566E-9,95500.0,0.908,0.8928991406603347,0.8928991406603347,0.7906616910894694,0.8917938360644319,0.8979094523534692,0.8928991406603347,0.67,0.33,95500.0,6400.0
meta.imbalanced.RebalanceStream -l (trees.HoeffdingTree -e 2000000 -g 100 -c 0.01),ArffFileStream -f ./../../../Dataset/Synthetic_IM30/stream_gen_RBF_drift.arff,1,96000.0,2.1875,3.496663541429566E-9,96000.0,0.936,0.9209304118247865,0.9209304118247866,0.8452162136016252,0.920203765810309,0.9243322000971346,0.9209304118247865,0.706,0.294,96000.0,6400.0
meta.imbalanced.RebalanceStream -l (trees.HoeffdingTree -e 2000000 -g 100 -c 0.01),ArffFileStream -f ./../../../Dataset/Synthetic_IM30/stream_gen_RBF_drift.arff,1,96500.0,2.1875,3.496663541429566E-9,96500.0,0.942,0.9263151573384578,0.9263151573384578,0.8545461840943744,0.9256532903480981,0.9282439524642577,0.9263151573384578,0.724,0.276,96500.0,6400.0
meta.imbalanced.RebalanceStream -l (trees.HoeffdingTree -e 2000000 -g 100 -c 0.01),ArffFileStream -f ./../../../Dataset/Synthetic_IM30/stream_gen_RBF_drift.arff,1,97000.0,2.203125,3.5225336129466626E-9,97000.0,0.934,0.9168042739193782,0.9168042739193784,0.8387412040656763,0.9158896290112442,0.92204343378708,0.9168042739193782,0.71,0.29,97000.0,6400.0
meta.imbalanced.RebalanceStream -l (trees.HoeffdingTree -e 2000000 -g 100 -c 0.01),ArffFileStream -f ./../../../Dataset/Synthetic_IM30/stream_gen_RBF_drift.arff,1,97500.0,2.203125,3.5225336129466626E-9,97500.0,0.918,0.8983676207513417,0.8983676207513418,0.8066256650190544,0.8968489860376208,0.908764985946194,0.8983676207513417,0.688,0.312,97500.0,6400.0
meta.imbalanced.RebalanceStream -l (trees.HoeffdingTree -e 2000000 -g 100 -c 0.01),ArffFileStream -f ./../../../Dataset/Synthetic_IM30/stream_gen_RBF_drift.arff,1,98000.0,2.21875,3.548403684463759E-9,98000.0,0.916,0.8837299660029141,0.8837299660029141,0.79002099790021,0.880383597792336,0.9086245060923892,0.8837299660029141,0.71,0.29,98000.0,6400.0
meta.imbalanced.RebalanceStream -l (trees.HoeffdingTree -e 2000000 -g 100 -c 0.01),ArffFileStream -f ./../../../Dataset/Synthetic_IM30/stream_gen_RBF_drift.arff,1,98500.0,2.21875,3.548403684463759E-9,98500.0,0.932,0.9126405605469854,0.9126405605469854,0.8375226990346937,0.9112756090100577,0.9255949490043711,0.9126405605469854,0.694,0.306,98500.0,6568.0
meta.imbalanced.RebalanceStream -l (trees.HoeffdingTree -e 2000000 -g 100 -c 0.01),ArffFileStream -f ./../../../Dataset/Synthetic_IM30/stream_gen_RBF_drift.arff,1,99000.0,2.234375,3.5749528453581797E-9,99000.0,0.914,0.8950228468442227,0.8950228468442227,0.8014700450616828,0.8933600349089243,0.9072329404699346,0.8950228468442227,0.674,0.326,99000.0,6568.0
meta.imbalanced.RebalanceStream -l (trees.HoeffdingTree -e 2000000 -g 100 -c 0.01),ArffFileStream -f ./../../../Dataset/Synthetic_IM30/stream_gen_RBF_drift.arff,1,99500.0,2.234375,3.5749528453581797E-9,99500.0,0.916,0.8985294117647058,0.8985294117647059,0.80505012996658,0.897217922246318,0.9068763606335861,0.8985294117647058,0.68,0.32,99500.0,6568.0
meta.imbalanced.RebalanceStream -l (trees.HoeffdingTree -e 2000000 -g 100 -c 0.01),ArffFileStream -f ./../../../Dataset/Synthetic_IM30/stream_gen_RBF_drift.arff,1,100000.0,2.25,3.6015020062526E-9,100000.0,0.91,0.885845588235294,0.8858455882352941,0.7886530152169829,0.8833009613010132,0.9045017440403924,0.885845588235294,0.68,0.32,100000.0,6568.0
