Learner,stream,randomSeed,learning evaluation instances,evaluation time (cpu seconds),model cost (RAM-Hours),classified instances,Accuracy,AvgAccuracy,AUC,Kappa,G-Mean,Precision,Recall,Ratio-Class-0,Ratio-Class-1,model training instances,model serialized size (bytes)
functions.MajorityClass,ArffFileStream -f ./../../../Dataset/Synthetic_IM05/stream_gen_RBF_drift.arff,1,500.0,0.046875,1.0865430037180583E-11,500.0,0.958,0.5,0.5,0.0,0.0,0.958,0.5,0.958,0.042,500.0,896.0
functions.MajorityClass,ArffFileStream -f ./../../../Dataset/Synthetic_IM05/stream_gen_RBF_drift.arff,1,1000.0,0.0625,1.448724004957411E-11,1000.0,0.956,0.5,0.5,0.0,0.0,0.956,0.5,0.956,0.044,1000.0,896.0
functions.MajorityClass,ArffFileStream -f ./../../../Dataset/Synthetic_IM05/stream_gen_RBF_drift.arff,1,1500.0,0.078125,1.8109050061967638E-11,1500.0,0.946,0.5,0.5,0.0,0.0,0.946,0.5,0.946,0.054,1500.0,896.0
functions.MajorityClass,ArffFileStream -f ./../../../Dataset/Synthetic_IM05/stream_gen_RBF_drift.arff,1,2000.0,0.09375,2.1730860074361166E-11,2000.0,0.95,0.5,0.5,0.0,0.0,0.95,0.5,0.95,0.05,2000.0,896.0
functions.MajorityClass,ArffFileStream -f ./../../../Dataset/Synthetic_IM05/stream_gen_RBF_drift.arff,1,2500.0,0.109375,2.5352670086754695E-11,2500.0,0.962,0.5,0.5,0.0,0.0,0.962,0.5,0.962,0.038,2500.0,896.0
functions.MajorityClass,ArffFileStream -f ./../../../Dataset/Synthetic_IM05/stream_gen_RBF_drift.arff,1,3000.0,0.125,2.8974480099148223E-11,3000.0,0.956,0.5,0.5,0.0,0.0,0.956,0.5,0.956,0.044,3000.0,896.0
functions.MajorityClass,ArffFileStream -f ./../../../Dataset/Synthetic_IM05/stream_gen_RBF_drift.arff,1,3500.0,0.140625,3.259629011154175E-11,3500.0,0.962,0.5,0.5,0.0,0.0,0.962,0.5,0.962,0.038,3500.0,896.0
functions.MajorityClass,ArffFileStream -f ./../../../Dataset/Synthetic_IM05/stream_gen_RBF_drift.arff,1,4000.0,0.140625,3.259629011154175E-11,4000.0,0.956,0.5,0.5,0.0,0.0,0.956,0.5,0.956,0.044,4000.0,896.0
functions.MajorityClass,ArffFileStream -f ./../../../Dataset/Synthetic_IM05/stream_gen_RBF_drift.arff,1,4500.0,0.15625,3.6218100123935276E-11,4500.0,0.946,0.5,0.5,0.0,0.0,0.946,0.5,0.946,0.054,4500.0,896.0
functions.MajorityClass,ArffFileStream -f ./../../../Dataset/Synthetic_IM05/stream_gen_RBF_drift.arff,1,5000.0,0.15625,3.6218100123935276E-11,5000.0,0.954,0.5,0.5,0.0,0.0,0.954,0.5,0.954,0.046,5000.0,896.0
functions.MajorityClass,ArffFileStream -f ./../../../Dataset/Synthetic_IM05/stream_gen_RBF_drift.arff,1,5500.0,0.171875,3.98399101363288E-11,5500.0,0.956,0.5,0.5,0.0,0.0,0.956,0.5,0.956,0.044,5500.0,896.0
functions.MajorityClass,ArffFileStream -f ./../../../Dataset/Synthetic_IM05/stream_gen_RBF_drift.arff,1,6000.0,0.171875,3.98399101363288E-11,6000.0,0.944,0.5,0.5,0.0,0.0,0.944,0.5,0.944,0.056,6000.0,896.0
functions.MajorityClass,ArffFileStream -f ./../../../Dataset/Synthetic_IM05/stream_gen_RBF_drift.arff,1,6500.0,0.171875,3.98399101363288E-11,6500.0,0.958,0.5,0.5,0.0,0.0,0.958,0.5,0.958,0.042,6500.0,896.0
functions.MajorityClass,ArffFileStream -f ./../../../Dataset/Synthetic_IM05/stream_gen_RBF_drift.arff,1,7000.0,0.1875,4.3461720148722326E-11,7000.0,0.928,0.5,0.5,0.0,0.0,0.928,0.5,0.928,0.072,7000.0,896.0
functions.MajorityClass,ArffFileStream -f ./../../../Dataset/Synthetic_IM05/stream_gen_RBF_drift.arff,1,7500.0,0.1875,4.3461720148722326E-11,7500.0,0.95,0.5,0.5,0.0,0.0,0.95,0.5,0.95,0.05,7500.0,896.0
functions.MajorityClass,ArffFileStream -f ./../../../Dataset/Synthetic_IM05/stream_gen_RBF_drift.arff,1,8000.0,0.203125,4.708353016111585E-11,8000.0,0.948,0.5,0.5,0.0,0.0,0.948,0.5,0.948,0.052,8000.0,896.0
functions.MajorityClass,ArffFileStream -f ./../../../Dataset/Synthetic_IM05/stream_gen_RBF_drift.arff,1,8500.0,0.203125,4.708353016111585E-11,8500.0,0.956,0.5,0.5,0.0,0.0,0.956,0.5,0.956,0.044,8500.0,896.0
functions.MajorityClass,ArffFileStream -f ./../../../Dataset/Synthetic_IM05/stream_gen_RBF_drift.arff,1,9000.0,0.203125,4.708353016111585E-11,9000.0,0.95,0.5,0.5,0.0,0.0,0.95,0.5,0.95,0.05,9000.0,896.0
functions.MajorityClass,ArffFileStream -f ./../../../Dataset/Synthetic_IM05/stream_gen_RBF_drift.arff,1,9500.0,0.21875,5.0705340173509376E-11,9500.0,0.968,0.5,0.5,0.0,0.0,0.968,0.5,0.968,0.032,9500.0,896.0
functions.MajorityClass,ArffFileStream -f ./../../../Dataset/Synthetic_IM05/stream_gen_RBF_drift.arff,1,10000.0,0.21875,5.0705340173509376E-11,10000.0,0.96,0.5,0.5,0.0,0.0,0.96,0.5,0.96,0.04,10000.0,896.0
functions.MajorityClass,ArffFileStream -f ./../../../Dataset/Synthetic_IM05/stream_gen_RBF_drift.arff,1,10500.0,0.234375,5.43271501859029E-11,10500.0,0.95,0.5,0.5,0.0,0.0,0.95,0.5,0.95,0.05,10500.0,896.0
functions.MajorityClass,ArffFileStream -f ./../../../Dataset/Synthetic_IM05/stream_gen_RBF_drift.arff,1,11000.0,0.234375,5.43271501859029E-11,11000.0,0.942,0.5,0.5,0.0,0.0,0.942,0.5,0.942,0.058,11000.0,896.0
functions.MajorityClass,ArffFileStream -f ./../../../Dataset/Synthetic_IM05/stream_gen_RBF_drift.arff,1,11500.0,0.25,5.7948960198296426E-11,11500.0,0.956,0.5,0.5,0.0,0.0,0.956,0.5,0.956,0.044,11500.0,896.0
functions.MajorityClass,ArffFileStream -f ./../../../Dataset/Synthetic_IM05/stream_gen_RBF_drift.arff,1,12000.0,0.25,5.7948960198296426E-11,12000.0,0.928,0.5,0.5,0.0,0.0,0.928,0.5,0.928,0.072,12000.0,896.0
functions.MajorityClass,ArffFileStream -f ./../../../Dataset/Synthetic_IM05/stream_gen_RBF_drift.arff,1,12500.0,0.265625,6.157077021068995E-11,12500.0,0.954,0.5,0.5,0.0,0.0,0.954,0.5,0.954,0.046,12500.0,896.0
functions.MajorityClass,ArffFileStream -f ./../../../Dataset/Synthetic_IM05/stream_gen_RBF_drift.arff,1,13000.0,0.265625,6.157077021068995E-11,13000.0,0.948,0.5,0.5,0.0,0.0,0.948,0.5,0.948,0.052,13000.0,896.0
functions.MajorityClass,ArffFileStream -f ./../../../Dataset/Synthetic_IM05/stream_gen_RBF_drift.arff,1,13500.0,0.28125,6.519258022308348E-11,13500.0,0.954,0.5,0.5,0.0,0.0,0.954,0.5,0.954,0.046,13500.0,896.0
functions.MajorityClass,ArffFileStream -f ./../../../Dataset/Synthetic_IM05/stream_gen_RBF_drift.arff,1,14000.0,0.28125,6.519258022308348E-11,14000.0,0.948,0.5,0.5,0.0,0.0,0.948,0.5,0.948,0.052,14000.0,896.0
functions.MajorityClass,ArffFileStream -f ./../../../Dataset/Synthetic_IM05/stream_gen_RBF_drift.arff,1,14500.0,0.296875,6.8814390235477E-11,14500.0,0.932,0.5,0.5,0.0,0.0,0.932,0.5,0.932,0.068,14500.0,896.0
functions.MajorityClass,ArffFileStream -f ./../../../Dataset/Synthetic_IM05/stream_gen_RBF_drift.arff,1,15000.0,0.296875,6.8814390235477E-11,15000.0,0.95,0.5,0.5,0.0,0.0,0.95,0.5,0.95,0.05,15000.0,896.0
functions.MajorityClass,ArffFileStream -f ./../../../Dataset/Synthetic_IM05/stream_gen_RBF_drift.arff,1,15500.0,0.3125,7.243620024787053E-11,15500.0,0.946,0.5,0.5,0.0,0.0,0.946,0.5,0.946,0.054,15500.0,896.0
functions.MajorityClass,ArffFileStream -f ./../../../Dataset/Synthetic_IM05/stream_gen_RBF_drift.arff,1,16000.0,0.3125,7.243620024787053E-11,16000.0,0.952,0.5,0.5,0.0,0.0,0.952,0.5,0.952,0.048,16000.0,896.0
functions.MajorityClass,ArffFileStream -f ./../../../Dataset/Synthetic_IM05/stream_gen_RBF_drift.arff,1,16500.0,0.328125,7.605801026026405E-11,16500.0,0.936,0.5,0.5,0.0,0.0,0.936,0.5,0.936,0.064,16500.0,896.0
functions.MajorityClass,ArffFileStream -f ./../../../Dataset/Synthetic_IM05/stream_gen_RBF_drift.arff,1,17000.0,0.328125,7.605801026026405E-11,17000.0,0.948,0.5,0.5,0.0,0.0,0.948,0.5,0.948,0.052,17000.0,896.0
functions.MajorityClass,ArffFileStream -f ./../../../Dataset/Synthetic_IM05/stream_gen_RBF_drift.arff,1,17500.0,0.328125,7.605801026026405E-11,17500.0,0.942,0.5,0.5,0.0,0.0,0.942,0.5,0.942,0.058,17500.0,896.0
functions.MajorityClass,ArffFileStream -f ./../../../Dataset/Synthetic_IM05/stream_gen_RBF_drift.arff,1,18000.0,0.34375,7.967982027265758E-11,18000.0,0.948,0.5,0.5,0.0,0.0,0.948,0.5,0.948,0.052,18000.0,896.0
functions.MajorityClass,ArffFileStream -f ./../../../Dataset/Synthetic_IM05/stream_gen_RBF_drift.arff,1,18500.0,0.34375,7.967982027265758E-11,18500.0,0.95,0.5,0.5,0.0,0.0,0.95,0.5,0.95,0.05,18500.0,896.0
functions.MajorityClass,ArffFileStream -f ./../../../Dataset/Synthetic_IM05/stream_gen_RBF_drift.arff,1,19000.0,0.34375,7.967982027265758E-11,19000.0,0.922,0.5,0.5,0.0,0.0,0.922,0.5,0.922,0.078,19000.0,896.0
functions.MajorityClass,ArffFileStream -f ./../../../Dataset/Synthetic_IM05/stream_gen_RBF_drift.arff,1,19500.0,0.359375,8.33016302850511E-11,19500.0,0.952,0.5,0.5,0.0,0.0,0.952,0.5,0.952,0.048,19500.0,896.0
functions.MajorityClass,ArffFileStream -f ./../../../Dataset/Synthetic_IM05/stream_gen_RBF_drift.arff,1,20000.0,0.359375,8.33016302850511E-11,20000.0,0.942,0.5,0.5,0.0,0.0,0.942,0.5,0.942,0.058,20000.0,896.0
functions.MajorityClass,ArffFileStream -f ./../../../Dataset/Synthetic_IM05/stream_gen_RBF_drift.arff,1,20500.0,0.359375,8.33016302850511E-11,20500.0,0.944,0.5,0.5,0.0,0.0,0.944,0.5,0.944,0.056,20500.0,896.0
functions.MajorityClass,ArffFileStream -f ./../../../Dataset/Synthetic_IM05/stream_gen_RBF_drift.arff,1,21000.0,0.375,8.692344029744463E-11,21000.0,0.944,0.5,0.5,0.0,0.0,0.944,0.5,0.944,0.056,21000.0,896.0
functions.MajorityClass,ArffFileStream -f ./../../../Dataset/Synthetic_IM05/stream_gen_RBF_drift.arff,1,21500.0,0.375,8.692344029744463E-11,21500.0,0.962,0.5,0.5,0.0,0.0,0.962,0.5,0.962,0.038,21500.0,896.0
functions.MajorityClass,ArffFileStream -f ./../../../Dataset/Synthetic_IM05/stream_gen_RBF_drift.arff,1,22000.0,0.375,8.692344029744463E-11,22000.0,0.94,0.5,0.5,0.0,0.0,0.94,0.5,0.94,0.06,22000.0,896.0
functions.MajorityClass,ArffFileStream -f ./../../../Dataset/Synthetic_IM05/stream_gen_RBF_drift.arff,1,22500.0,0.390625,9.054525030983815E-11,22500.0,0.95,0.5,0.5,0.0,0.0,0.95,0.5,0.95,0.05,22500.0,896.0
functions.MajorityClass,ArffFileStream -f ./../../../Dataset/Synthetic_IM05/stream_gen_RBF_drift.arff,1,23000.0,0.390625,9.054525030983815E-11,23000.0,0.934,0.5,0.5,0.0,0.0,0.934,0.5,0.934,0.066,23000.0,896.0
functions.MajorityClass,ArffFileStream -f ./../../../Dataset/Synthetic_IM05/stream_gen_RBF_drift.arff,1,23500.0,0.390625,9.054525030983815E-11,23500.0,0.95,0.5,0.5,0.0,0.0,0.95,0.5,0.95,0.05,23500.0,896.0
functions.MajorityClass,ArffFileStream -f ./../../../Dataset/Synthetic_IM05/stream_gen_RBF_drift.arff,1,24000.0,0.390625,9.054525030983815E-11,24000.0,0.944,0.5,0.5,0.0,0.0,0.944,0.5,0.944,0.056,24000.0,896.0
functions.MajorityClass,ArffFileStream -f ./../../../Dataset/Synthetic_IM05/stream_gen_RBF_drift.arff,1,24500.0,0.390625,9.054525030983815E-11,24500.0,0.952,0.5,0.5,0.0,0.0,0.952,0.5,0.952,0.048,24500.0,896.0
functions.MajorityClass,ArffFileStream -f ./../../../Dataset/Synthetic_IM05/stream_gen_RBF_drift.arff,1,25000.0,0.390625,9.054525030983815E-11,25000.0,0.938,0.5,0.5,0.0,0.0,0.938,0.5,0.938,0.062,25000.0,896.0
functions.MajorityClass,ArffFileStream -f ./../../../Dataset/Synthetic_IM05/stream_gen_RBF_drift.arff,1,25500.0,0.40625,9.416706032223168E-11,25500.0,0.948,0.5,0.5,0.0,0.0,0.948,0.5,0.948,0.052,25500.0,896.0
functions.MajorityClass,ArffFileStream -f ./../../../Dataset/Synthetic_IM05/stream_gen_RBF_drift.arff,1,26000.0,0.421875,9.77888703346252E-11,26000.0,0.962,0.5,0.5,0.0,0.0,0.962,0.5,0.962,0.038,26000.0,896.0
functions.MajorityClass,ArffFileStream -f ./../../../Dataset/Synthetic_IM05/stream_gen_RBF_drift.arff,1,26500.0,0.421875,9.77888703346252E-11,26500.0,0.944,0.5,0.5,0.0,0.0,0.944,0.5,0.944,0.056,26500.0,896.0
functions.MajorityClass,ArffFileStream -f ./../../../Dataset/Synthetic_IM05/stream_gen_RBF_drift.arff,1,27000.0,0.421875,9.77888703346252E-11,27000.0,0.96,0.5,0.5,0.0,0.0,0.96,0.5,0.96,0.04,27000.0,896.0
functions.MajorityClass,ArffFileStream -f ./../../../Dataset/Synthetic_IM05/stream_gen_RBF_drift.arff,1,27500.0,0.421875,9.77888703346252E-11,27500.0,0.958,0.5,0.5,0.0,0.0,0.958,0.5,0.958,0.042,27500.0,896.0
functions.MajorityClass,ArffFileStream -f ./../../../Dataset/Synthetic_IM05/stream_gen_RBF_drift.arff,1,28000.0,0.421875,9.77888703346252E-11,28000.0,0.94,0.5,0.5,0.0,0.0,0.94,0.5,0.94,0.06,28000.0,896.0
functions.MajorityClass,ArffFileStream -f ./../../../Dataset/Synthetic_IM05/stream_gen_RBF_drift.arff,1,28500.0,0.421875,9.77888703346252E-11,28500.0,0.972,0.5,0.5,0.0,0.0,0.972,0.5,0.972,0.028,28500.0,896.0
functions.MajorityClass,ArffFileStream -f ./../../../Dataset/Synthetic_IM05/stream_gen_RBF_drift.arff,1,29000.0,0.421875,9.77888703346252E-11,29000.0,0.94,0.5,0.5,0.0,0.0,0.94,0.5,0.94,0.06,29000.0,896.0
functions.MajorityClass,ArffFileStream -f ./../../../Dataset/Synthetic_IM05/stream_gen_RBF_drift.arff,1,29500.0,0.421875,9.77888703346252E-11,29500.0,0.964,0.5,0.5,0.0,0.0,0.964,0.5,0.964,0.036,29500.0,896.0
functions.MajorityClass,ArffFileStream -f ./../../../Dataset/Synthetic_IM05/stream_gen_RBF_drift.arff,1,30000.0,0.421875,9.77888703346252E-11,30000.0,0.95,0.5,0.5,0.0,0.0,0.95,0.5,0.95,0.05,30000.0,896.0
functions.MajorityClass,ArffFileStream -f ./../../../Dataset/Synthetic_IM05/stream_gen_RBF_drift.arff,1,30500.0,0.421875,9.77888703346252E-11,30500.0,0.958,0.5,0.5,0.0,0.0,0.958,0.5,0.958,0.042,30500.0,896.0
functions.MajorityClass,ArffFileStream -f ./../../../Dataset/Synthetic_IM05/stream_gen_RBF_drift.arff,1,31000.0,0.4375,1.0141068034701873E-10,31000.0,0.948,0.5,0.5,0.0,0.0,0.948,0.5,0.948,0.052,31000.0,896.0
functions.MajorityClass,ArffFileStream -f ./../../../Dataset/Synthetic_IM05/stream_gen_RBF_drift.arff,1,31500.0,0.4375,1.0141068034701873E-10,31500.0,0.96,0.5,0.5,0.0,0.0,0.96,0.5,0.96,0.04,31500.0,896.0
functions.MajorityClass,ArffFileStream -f ./../../../Dataset/Synthetic_IM05/stream_gen_RBF_drift.arff,1,32000.0,0.453125,1.0503249035941225E-10,32000.0,0.942,0.5,0.5,0.0,0.0,0.942,0.5,0.942,0.058,32000.0,896.0
functions.MajorityClass,ArffFileStream -f ./../../../Dataset/Synthetic_IM05/stream_gen_RBF_drift.arff,1,32500.0,0.453125,1.0503249035941225E-10,32500.0,0.952,0.5,0.5,0.0,0.0,0.952,0.5,0.952,0.048,32500.0,896.0
functions.MajorityClass,ArffFileStream -f ./../../../Dataset/Synthetic_IM05/stream_gen_RBF_drift.arff,1,33000.0,0.453125,1.0503249035941225E-10,33000.0,0.952,0.5,0.5,0.0,0.0,0.952,0.5,0.952,0.048,33000.0,896.0
functions.MajorityClass,ArffFileStream -f ./../../../Dataset/Synthetic_IM05/stream_gen_RBF_drift.arff,1,33500.0,0.46875,1.0865430037180578E-10,33500.0,0.958,0.5,0.5,0.0,0.0,0.958,0.5,0.958,0.042,33500.0,896.0
functions.MajorityClass,ArffFileStream -f ./../../../Dataset/Synthetic_IM05/stream_gen_RBF_drift.arff,1,34000.0,0.46875,1.0865430037180578E-10,34000.0,0.954,0.5,0.5,0.0,0.0,0.954,0.5,0.954,0.046,34000.0,896.0
functions.MajorityClass,ArffFileStream -f ./../../../Dataset/Synthetic_IM05/stream_gen_RBF_drift.arff,1,34500.0,0.46875,1.0865430037180578E-10,34500.0,0.944,0.5,0.5,0.0,0.0,0.944,0.5,0.944,0.056,34500.0,896.0
functions.MajorityClass,ArffFileStream -f ./../../../Dataset/Synthetic_IM05/stream_gen_RBF_drift.arff,1,35000.0,0.46875,1.0865430037180578E-10,35000.0,0.942,0.5,0.5,0.0,0.0,0.942,0.5,0.942,0.058,35000.0,896.0
functions.MajorityClass,ArffFileStream -f ./../../../Dataset/Synthetic_IM05/stream_gen_RBF_drift.arff,1,35500.0,0.484375,1.122761103841993E-10,35500.0,0.966,0.5,0.5,0.0,0.0,0.966,0.5,0.966,0.034,35500.0,896.0
functions.MajorityClass,ArffFileStream -f ./../../../Dataset/Synthetic_IM05/stream_gen_RBF_drift.arff,1,36000.0,0.484375,1.122761103841993E-10,36000.0,0.952,0.5,0.5,0.0,0.0,0.952,0.5,0.952,0.048,36000.0,896.0
functions.MajorityClass,ArffFileStream -f ./../../../Dataset/Synthetic_IM05/stream_gen_RBF_drift.arff,1,36500.0,0.484375,1.122761103841993E-10,36500.0,0.962,0.5,0.5,0.0,0.0,0.962,0.5,0.962,0.038,36500.0,896.0
functions.MajorityClass,ArffFileStream -f ./../../../Dataset/Synthetic_IM05/stream_gen_RBF_drift.arff,1,37000.0,0.5,1.1589792039659283E-10,37000.0,0.956,0.5,0.5,0.0,0.0,0.956,0.5,0.956,0.044,37000.0,896.0
functions.MajorityClass,ArffFileStream -f ./../../../Dataset/Synthetic_IM05/stream_gen_RBF_drift.arff,1,37500.0,0.5,1.1589792039659283E-10,37500.0,0.952,0.5,0.5,0.0,0.0,0.952,0.5,0.952,0.048,37500.0,896.0
functions.MajorityClass,ArffFileStream -f ./../../../Dataset/Synthetic_IM05/stream_gen_RBF_drift.arff,1,38000.0,0.5,1.1589792039659283E-10,38000.0,0.934,0.5,0.5,0.0,0.0,0.934,0.5,0.934,0.066,38000.0,896.0
functions.MajorityClass,ArffFileStream -f ./../../../Dataset/Synthetic_IM05/stream_gen_RBF_drift.arff,1,38500.0,0.5,1.1589792039659283E-10,38500.0,0.954,0.5,0.5,0.0,0.0,0.954,0.5,0.954,0.046,38500.0,896.0
functions.MajorityClass,ArffFileStream -f ./../../../Dataset/Synthetic_IM05/stream_gen_RBF_drift.arff,1,39000.0,0.515625,1.1951973040898635E-10,39000.0,0.956,0.5,0.5,0.0,0.0,0.956,0.5,0.956,0.044,39000.0,896.0
functions.MajorityClass,ArffFileStream -f ./../../../Dataset/Synthetic_IM05/stream_gen_RBF_drift.arff,1,39500.0,0.515625,1.1951973040898635E-10,39500.0,0.96,0.5,0.5,0.0,0.0,0.96,0.5,0.96,0.04,39500.0,896.0
functions.MajorityClass,ArffFileStream -f ./../../../Dataset/Synthetic_IM05/stream_gen_RBF_drift.arff,1,40000.0,0.515625,1.1951973040898635E-10,40000.0,0.938,0.5,0.5,0.0,0.0,0.938,0.5,0.938,0.062,40000.0,896.0
functions.MajorityClass,ArffFileStream -f ./../../../Dataset/Synthetic_IM05/stream_gen_RBF_drift.arff,1,40500.0,0.515625,1.1951973040898635E-10,40500.0,0.948,0.5,0.5,0.0,0.0,0.948,0.5,0.948,0.052,40500.0,896.0
functions.MajorityClass,ArffFileStream -f ./../../../Dataset/Synthetic_IM05/stream_gen_RBF_drift.arff,1,41000.0,0.53125,1.2314154042137988E-10,41000.0,0.952,0.5,0.5,0.0,0.0,0.952,0.5,0.952,0.048,41000.0,896.0
functions.MajorityClass,ArffFileStream -f ./../../../Dataset/Synthetic_IM05/stream_gen_RBF_drift.arff,1,41500.0,0.53125,1.2314154042137988E-10,41500.0,0.966,0.5,0.5,0.0,0.0,0.966,0.5,0.966,0.034,41500.0,896.0
functions.MajorityClass,ArffFileStream -f ./../../../Dataset/Synthetic_IM05/stream_gen_RBF_drift.arff,1,42000.0,0.53125,1.2314154042137988E-10,42000.0,0.952,0.5,0.5,0.0,0.0,0.952,0.5,0.952,0.048,42000.0,896.0
functions.MajorityClass,ArffFileStream -f ./../../../Dataset/Synthetic_IM05/stream_gen_RBF_drift.arff,1,42500.0,0.53125,1.2314154042137988E-10,42500.0,0.942,0.5,0.5,0.0,0.0,0.942,0.5,0.942,0.058,42500.0,896.0
functions.MajorityClass,ArffFileStream -f ./../../../Dataset/Synthetic_IM05/stream_gen_RBF_drift.arff,1,43000.0,0.546875,1.267633504337734E-10,43000.0,0.948,0.5,0.5,0.0,0.0,0.948,0.5,0.948,0.052,43000.0,896.0
functions.MajorityClass,ArffFileStream -f ./../../../Dataset/Synthetic_IM05/stream_gen_RBF_drift.arff,1,43500.0,0.546875,1.267633504337734E-10,43500.0,0.958,0.5,0.5,0.0,0.0,0.958,0.5,0.958,0.042,43500.0,896.0
functions.MajorityClass,ArffFileStream -f ./../../../Dataset/Synthetic_IM05/stream_gen_RBF_drift.arff,1,44000.0,0.546875,1.267633504337734E-10,44000.0,0.952,0.5,0.5,0.0,0.0,0.952,0.5,0.952,0.048,44000.0,896.0
functions.MajorityClass,ArffFileStream -f ./../../../Dataset/Synthetic_IM05/stream_gen_RBF_drift.arff,1,44500.0,0.5625,1.3038516044616693E-10,44500.0,0.956,0.5,0.5,0.0,0.0,0.956,0.5,0.956,0.044,44500.0,896.0
functions.MajorityClass,ArffFileStream -f ./../../../Dataset/Synthetic_IM05/stream_gen_RBF_drift.arff,1,45000.0,0.5625,1.3038516044616693E-10,45000.0,0.944,0.5,0.5,0.0,0.0,0.944,0.5,0.944,0.056,45000.0,896.0
functions.MajorityClass,ArffFileStream -f ./../../../Dataset/Synthetic_IM05/stream_gen_RBF_drift.arff,1,45500.0,0.5625,1.3038516044616693E-10,45500.0,0.968,0.5,0.5,0.0,0.0,0.968,0.5,0.968,0.032,45500.0,896.0
functions.MajorityClass,ArffFileStream -f ./../../../Dataset/Synthetic_IM05/stream_gen_RBF_drift.arff,1,46000.0,0.5625,1.3038516044616693E-10,46000.0,0.95,0.5,0.5,0.0,0.0,0.95,0.5,0.95,0.05,46000.0,896.0
functions.MajorityClass,ArffFileStream -f ./../../../Dataset/Synthetic_IM05/stream_gen_RBF_drift.arff,1,46500.0,0.578125,1.3400697045856045E-10,46500.0,0.962,0.5,0.5,0.0,0.0,0.962,0.5,0.962,0.038,46500.0,896.0
functions.MajorityClass,ArffFileStream -f ./../../../Dataset/Synthetic_IM05/stream_gen_RBF_drift.arff,1,47000.0,0.578125,1.3400697045856045E-10,47000.0,0.962,0.5,0.5,0.0,0.0,0.962,0.5,0.962,0.038,47000.0,896.0
functions.MajorityClass,ArffFileStream -f ./../../../Dataset/Synthetic_IM05/stream_gen_RBF_drift.arff,1,47500.0,0.578125,1.3400697045856045E-10,47500.0,0.932,0.5,0.5,0.0,0.0,0.932,0.5,0.932,0.068,47500.0,896.0
functions.MajorityClass,ArffFileStream -f ./../../../Dataset/Synthetic_IM05/stream_gen_RBF_drift.arff,1,48000.0,0.578125,1.3400697045856045E-10,48000.0,0.946,0.5,0.5,0.0,0.0,0.946,0.5,0.946,0.054,48000.0,896.0
functions.MajorityClass,ArffFileStream -f ./../../../Dataset/Synthetic_IM05/stream_gen_RBF_drift.arff,1,48500.0,0.59375,1.3762878047095398E-10,48500.0,0.964,0.5,0.5,0.0,0.0,0.964,0.5,0.964,0.036,48500.0,896.0
functions.MajorityClass,ArffFileStream -f ./../../../Dataset/Synthetic_IM05/stream_gen_RBF_drift.arff,1,49000.0,0.59375,1.3762878047095398E-10,49000.0,0.942,0.5,0.5,0.0,0.0,0.942,0.5,0.942,0.058,49000.0,896.0
functions.MajorityClass,ArffFileStream -f ./../../../Dataset/Synthetic_IM05/stream_gen_RBF_drift.arff,1,49500.0,0.59375,1.3762878047095398E-10,49500.0,0.952,0.5,0.5,0.0,0.0,0.952,0.5,0.952,0.048,49500.0,896.0
functions.MajorityClass,ArffFileStream -f ./../../../Dataset/Synthetic_IM05/stream_gen_RBF_drift.arff,1,50000.0,0.59375,1.3762878047095398E-10,50000.0,0.948,0.5,0.5,0.0,0.0,0.948,0.5,0.948,0.052,50000.0,896.0
functions.MajorityClass,ArffFileStream -f ./../../../Dataset/Synthetic_IM05/stream_gen_RBF_drift.arff,1,50500.0,0.609375,1.412505904833475E-10,50500.0,0.956,0.5,0.5,0.0,0.0,0.956,0.5,0.956,0.044,50500.0,896.0
functions.MajorityClass,ArffFileStream -f ./../../../Dataset/Synthetic_IM05/stream_gen_RBF_drift.arff,1,51000.0,0.609375,1.412505904833475E-10,51000.0,0.946,0.5,0.5,0.0,0.0,0.946,0.5,0.946,0.054,51000.0,896.0
functions.MajorityClass,ArffFileStream -f ./../../../Dataset/Synthetic_IM05/stream_gen_RBF_drift.arff,1,51500.0,0.609375,1.412505904833475E-10,51500.0,0.952,0.5,0.5,0.0,0.0,0.952,0.5,0.952,0.048,51500.0,896.0
functions.MajorityClass,ArffFileStream -f ./../../../Dataset/Synthetic_IM05/stream_gen_RBF_drift.arff,1,52000.0,0.609375,1.412505904833475E-10,52000.0,0.956,0.5,0.5,0.0,0.0,0.956,0.5,0.956,0.044,52000.0,896.0
functions.MajorityClass,ArffFileStream -f ./../../../Dataset/Synthetic_IM05/stream_gen_RBF_drift.arff,1,52500.0,0.625,1.4487240049574103E-10,52500.0,0.956,0.5,0.5,0.0,0.0,0.956,0.5,0.956,0.044,52500.0,896.0
functions.MajorityClass,ArffFileStream -f ./../../../Dataset/Synthetic_IM05/stream_gen_RBF_drift.arff,1,53000.0,0.625,1.4487240049574103E-10,53000.0,0.95,0.5,0.5,0.0,0.0,0.95,0.5,0.95,0.05,53000.0,896.0
functions.MajorityClass,ArffFileStream -f ./../../../Dataset/Synthetic_IM05/stream_gen_RBF_drift.arff,1,53500.0,0.625,1.4487240049574103E-10,53500.0,0.94,0.5,0.5,0.0,0.0,0.94,0.5,0.94,0.06,53500.0,896.0
functions.MajorityClass,ArffFileStream -f ./../../../Dataset/Synthetic_IM05/stream_gen_RBF_drift.arff,1,54000.0,0.640625,1.4849421050813455E-10,54000.0,0.954,0.5,0.5,0.0,0.0,0.954,0.5,0.954,0.046,54000.0,896.0
functions.MajorityClass,ArffFileStream -f ./../../../Dataset/Synthetic_IM05/stream_gen_RBF_drift.arff,1,54500.0,0.640625,1.4849421050813455E-10,54500.0,0.946,0.5,0.5,0.0,0.0,0.946,0.5,0.946,0.054,54500.0,896.0
functions.MajorityClass,ArffFileStream -f ./../../../Dataset/Synthetic_IM05/stream_gen_RBF_drift.arff,1,55000.0,0.640625,1.4849421050813455E-10,55000.0,0.956,0.5,0.5,0.0,0.0,0.956,0.5,0.956,0.044,55000.0,896.0
functions.MajorityClass,ArffFileStream -f ./../../../Dataset/Synthetic_IM05/stream_gen_RBF_drift.arff,1,55500.0,0.640625,1.4849421050813455E-10,55500.0,0.956,0.5,0.5,0.0,0.0,0.956,0.5,0.956,0.044,55500.0,896.0
functions.MajorityClass,ArffFileStream -f ./../../../Dataset/Synthetic_IM05/stream_gen_RBF_drift.arff,1,56000.0,0.65625,1.5211602052052808E-10,56000.0,0.942,0.5,0.5,0.0,0.0,0.942,0.5,0.942,0.058,56000.0,896.0
functions.MajorityClass,ArffFileStream -f ./../../../Dataset/Synthetic_IM05/stream_gen_RBF_drift.arff,1,56500.0,0.65625,1.5211602052052808E-10,56500.0,0.956,0.5,0.5,0.0,0.0,0.956,0.5,0.956,0.044,56500.0,896.0
functions.MajorityClass,ArffFileStream -f ./../../../Dataset/Synthetic_IM05/stream_gen_RBF_drift.arff,1,57000.0,0.65625,1.5211602052052808E-10,57000.0,0.942,0.5,0.5,0.0,0.0,0.942,0.5,0.942,0.058,57000.0,896.0
functions.MajorityClass,ArffFileStream -f ./../../../Dataset/Synthetic_IM05/stream_gen_RBF_drift.arff,1,57500.0,0.65625,1.5211602052052808E-10,57500.0,0.946,0.5,0.5,0.0,0.0,0.946,0.5,0.946,0.054,57500.0,896.0
functions.MajorityClass,ArffFileStream -f ./../../../Dataset/Synthetic_IM05/stream_gen_RBF_drift.arff,1,58000.0,0.671875,1.557378305329216E-10,58000.0,0.956,0.5,0.5,0.0,0.0,0.956,0.5,0.956,0.044,58000.0,896.0
functions.MajorityClass,ArffFileStream -f ./../../../Dataset/Synthetic_IM05/stream_gen_RBF_drift.arff,1,58500.0,0.671875,1.557378305329216E-10,58500.0,0.946,0.5,0.5,0.0,0.0,0.946,0.5,0.946,0.054,58500.0,896.0
functions.MajorityClass,ArffFileStream -f ./../../../Dataset/Synthetic_IM05/stream_gen_RBF_drift.arff,1,59000.0,0.671875,1.557378305329216E-10,59000.0,0.95,0.5,0.5,0.0,0.0,0.95,0.5,0.95,0.05,59000.0,896.0
functions.MajorityClass,ArffFileStream -f ./../../../Dataset/Synthetic_IM05/stream_gen_RBF_drift.arff,1,59500.0,0.6875,1.5935964054531513E-10,59500.0,0.938,0.5,0.5,0.0,0.0,0.938,0.5,0.938,0.062,59500.0,896.0
functions.MajorityClass,ArffFileStream -f ./../../../Dataset/Synthetic_IM05/stream_gen_RBF_drift.arff,1,60000.0,0.6875,1.5935964054531513E-10,60000.0,0.952,0.5,0.5,0.0,0.0,0.952,0.5,0.952,0.048,60000.0,896.0
functions.MajorityClass,ArffFileStream -f ./../../../Dataset/Synthetic_IM05/stream_gen_RBF_drift.arff,1,60500.0,0.6875,1.5935964054531513E-10,60500.0,0.952,0.5,0.5,0.0,0.0,0.952,0.5,0.952,0.048,60500.0,896.0
functions.MajorityClass,ArffFileStream -f ./../../../Dataset/Synthetic_IM05/stream_gen_RBF_drift.arff,1,61000.0,0.703125,1.6298145055770865E-10,61000.0,0.95,0.5,0.5,0.0,0.0,0.95,0.5,0.95,0.05,61000.0,896.0
functions.MajorityClass,ArffFileStream -f ./../../../Dataset/Synthetic_IM05/stream_gen_RBF_drift.arff,1,61500.0,0.703125,1.6298145055770865E-10,61500.0,0.94,0.5,0.5,0.0,0.0,0.94,0.5,0.94,0.06,61500.0,896.0
functions.MajorityClass,ArffFileStream -f ./../../../Dataset/Synthetic_IM05/stream_gen_RBF_drift.arff,1,62000.0,0.703125,1.6298145055770865E-10,62000.0,0.948,0.5,0.5,0.0,0.0,0.948,0.5,0.948,0.052,62000.0,896.0
functions.MajorityClass,ArffFileStream -f ./../../../Dataset/Synthetic_IM05/stream_gen_RBF_drift.arff,1,62500.0,0.703125,1.6298145055770865E-10,62500.0,0.93,0.5,0.5,0.0,0.0,0.93,0.5,0.93,0.07,62500.0,896.0
functions.MajorityClass,ArffFileStream -f ./../../../Dataset/Synthetic_IM05/stream_gen_RBF_drift.arff,1,63000.0,0.703125,1.6298145055770865E-10,63000.0,0.964,0.5,0.5,0.0,0.0,0.964,0.5,0.964,0.036,63000.0,896.0
functions.MajorityClass,ArffFileStream -f ./../../../Dataset/Synthetic_IM05/stream_gen_RBF_drift.arff,1,63500.0,0.703125,1.6298145055770865E-10,63500.0,0.948,0.5,0.5,0.0,0.0,0.948,0.5,0.948,0.052,63500.0,896.0
functions.MajorityClass,ArffFileStream -f ./../../../Dataset/Synthetic_IM05/stream_gen_RBF_drift.arff,1,64000.0,0.703125,1.6298145055770865E-10,64000.0,0.966,0.5,0.5,0.0,0.0,0.966,0.5,0.966,0.034,64000.0,896.0
functions.MajorityClass,ArffFileStream -f ./../../../Dataset/Synthetic_IM05/stream_gen_RBF_drift.arff,1,64500.0,0.703125,1.6298145055770865E-10,64500.0,0.936,0.5,0.5,0.0,0.0,0.936,0.5,0.936,0.064,64500.0,896.0
functions.MajorityClass,ArffFileStream -f ./../../../Dataset/Synthetic_IM05/stream_gen_RBF_drift.arff,1,65000.0,0.703125,1.6298145055770865E-10,65000.0,0.962,0.5,0.5,0.0,0.0,0.962,0.5,0.962,0.038,65000.0,896.0
functions.MajorityClass,ArffFileStream -f ./../../../Dataset/Synthetic_IM05/stream_gen_RBF_drift.arff,1,65500.0,0.703125,1.6298145055770865E-10,65500.0,0.952,0.5,0.5,0.0,0.0,0.952,0.5,0.952,0.048,65500.0,896.0
functions.MajorityClass,ArffFileStream -f ./../../../Dataset/Synthetic_IM05/stream_gen_RBF_drift.arff,1,66000.0,0.703125,1.6298145055770865E-10,66000.0,0.948,0.5,0.5,0.0,0.0,0.948,0.5,0.948,0.052,66000.0,896.0
functions.MajorityClass,ArffFileStream -f ./../../../Dataset/Synthetic_IM05/stream_gen_RBF_drift.arff,1,66500.0,0.71875,1.6660326057010218E-10,66500.0,0.95,0.5,0.5,0.0,0.0,0.95,0.5,0.95,0.05,66500.0,896.0
functions.MajorityClass,ArffFileStream -f ./../../../Dataset/Synthetic_IM05/stream_gen_RBF_drift.arff,1,67000.0,0.71875,1.6660326057010218E-10,67000.0,0.95,0.5,0.5,0.0,0.0,0.95,0.5,0.95,0.05,67000.0,896.0
functions.MajorityClass,ArffFileStream -f ./../../../Dataset/Synthetic_IM05/stream_gen_RBF_drift.arff,1,67500.0,0.71875,1.6660326057010218E-10,67500.0,0.948,0.5,0.5,0.0,0.0,0.948,0.5,0.948,0.052,67500.0,896.0
functions.MajorityClass,ArffFileStream -f ./../../../Dataset/Synthetic_IM05/stream_gen_RBF_drift.arff,1,68000.0,0.71875,1.6660326057010218E-10,68000.0,0.966,0.5,0.5,0.0,0.0,0.966,0.5,0.966,0.034,68000.0,896.0
functions.MajorityClass,ArffFileStream -f ./../../../Dataset/Synthetic_IM05/stream_gen_RBF_drift.arff,1,68500.0,0.734375,1.702250705824957E-10,68500.0,0.94,0.5,0.5,0.0,0.0,0.94,0.5,0.94,0.06,68500.0,896.0
functions.MajorityClass,ArffFileStream -f ./../../../Dataset/Synthetic_IM05/stream_gen_RBF_drift.arff,1,69000.0,0.734375,1.702250705824957E-10,69000.0,0.948,0.5,0.5,0.0,0.0,0.948,0.5,0.948,0.052,69000.0,896.0
functions.MajorityClass,ArffFileStream -f ./../../../Dataset/Synthetic_IM05/stream_gen_RBF_drift.arff,1,69500.0,0.734375,1.702250705824957E-10,69500.0,0.958,0.5,0.5,0.0,0.0,0.958,0.5,0.958,0.042,69500.0,896.0
functions.MajorityClass,ArffFileStream -f ./../../../Dataset/Synthetic_IM05/stream_gen_RBF_drift.arff,1,70000.0,0.734375,1.702250705824957E-10,70000.0,0.944,0.5,0.5,0.0,0.0,0.944,0.5,0.944,0.056,70000.0,896.0
functions.MajorityClass,ArffFileStream -f ./../../../Dataset/Synthetic_IM05/stream_gen_RBF_drift.arff,1,70500.0,0.75,1.7384688059488923E-10,70500.0,0.96,0.5,0.5,0.0,0.0,0.96,0.5,0.96,0.04,70500.0,896.0
functions.MajorityClass,ArffFileStream -f ./../../../Dataset/Synthetic_IM05/stream_gen_RBF_drift.arff,1,71000.0,0.75,1.7384688059488923E-10,71000.0,0.956,0.5,0.5,0.0,0.0,0.956,0.5,0.956,0.044,71000.0,896.0
functions.MajorityClass,ArffFileStream -f ./../../../Dataset/Synthetic_IM05/stream_gen_RBF_drift.arff,1,71500.0,0.75,1.7384688059488923E-10,71500.0,0.952,0.5,0.5,0.0,0.0,0.952,0.5,0.952,0.048,71500.0,896.0
functions.MajorityClass,ArffFileStream -f ./../../../Dataset/Synthetic_IM05/stream_gen_RBF_drift.arff,1,72000.0,0.75,1.7384688059488923E-10,72000.0,0.95,0.5,0.5,0.0,0.0,0.95,0.5,0.95,0.05,72000.0,896.0
functions.MajorityClass,ArffFileStream -f ./../../../Dataset/Synthetic_IM05/stream_gen_RBF_drift.arff,1,72500.0,0.765625,1.7746869060728275E-10,72500.0,0.946,0.5,0.5,0.0,0.0,0.946,0.5,0.946,0.054,72500.0,896.0
functions.MajorityClass,ArffFileStream -f ./../../../Dataset/Synthetic_IM05/stream_gen_RBF_drift.arff,1,73000.0,0.765625,1.7746869060728275E-10,73000.0,0.968,0.5,0.5,0.0,0.0,0.968,0.5,0.968,0.032,73000.0,896.0
functions.MajorityClass,ArffFileStream -f ./../../../Dataset/Synthetic_IM05/stream_gen_RBF_drift.arff,1,73500.0,0.765625,1.7746869060728275E-10,73500.0,0.964,0.5,0.5,0.0,0.0,0.964,0.5,0.964,0.036,73500.0,896.0
functions.MajorityClass,ArffFileStream -f ./../../../Dataset/Synthetic_IM05/stream_gen_RBF_drift.arff,1,74000.0,0.765625,1.7746869060728275E-10,74000.0,0.94,0.5,0.5,0.0,0.0,0.94,0.5,0.94,0.06,74000.0,896.0
functions.MajorityClass,ArffFileStream -f ./../../../Dataset/Synthetic_IM05/stream_gen_RBF_drift.arff,1,74500.0,0.78125,1.8109050061967628E-10,74500.0,0.934,0.5,0.5,0.0,0.0,0.934,0.5,0.934,0.066,74500.0,896.0
functions.MajorityClass,ArffFileStream -f ./../../../Dataset/Synthetic_IM05/stream_gen_RBF_drift.arff,1,75000.0,0.78125,1.8109050061967628E-10,75000.0,0.958,0.5,0.5,0.0,0.0,0.958,0.5,0.958,0.042,75000.0,896.0
functions.MajorityClass,ArffFileStream -f ./../../../Dataset/Synthetic_IM05/stream_gen_RBF_drift.arff,1,75500.0,0.78125,1.8109050061967628E-10,75500.0,0.956,0.5,0.5,0.0,0.0,0.956,0.5,0.956,0.044,75500.0,896.0
functions.MajorityClass,ArffFileStream -f ./../../../Dataset/Synthetic_IM05/stream_gen_RBF_drift.arff,1,76000.0,0.78125,1.8109050061967628E-10,76000.0,0.958,0.5,0.5,0.0,0.0,0.958,0.5,0.958,0.042,76000.0,896.0
functions.MajorityClass,ArffFileStream -f ./../../../Dataset/Synthetic_IM05/stream_gen_RBF_drift.arff,1,76500.0,0.796875,1.847123106320698E-10,76500.0,0.968,0.5,0.5,0.0,0.0,0.968,0.5,0.968,0.032,76500.0,896.0
functions.MajorityClass,ArffFileStream -f ./../../../Dataset/Synthetic_IM05/stream_gen_RBF_drift.arff,1,77000.0,0.796875,1.847123106320698E-10,77000.0,0.958,0.5,0.5,0.0,0.0,0.958,0.5,0.958,0.042,77000.0,896.0
functions.MajorityClass,ArffFileStream -f ./../../../Dataset/Synthetic_IM05/stream_gen_RBF_drift.arff,1,77500.0,0.796875,1.847123106320698E-10,77500.0,0.948,0.5,0.5,0.0,0.0,0.948,0.5,0.948,0.052,77500.0,896.0
functions.MajorityClass,ArffFileStream -f ./../../../Dataset/Synthetic_IM05/stream_gen_RBF_drift.arff,1,78000.0,0.796875,1.847123106320698E-10,78000.0,0.94,0.5,0.5,0.0,0.0,0.94,0.5,0.94,0.06,78000.0,896.0
functions.MajorityClass,ArffFileStream -f ./../../../Dataset/Synthetic_IM05/stream_gen_RBF_drift.arff,1,78500.0,0.796875,1.847123106320698E-10,78500.0,0.95,0.5,0.5,0.0,0.0,0.95,0.5,0.95,0.05,78500.0,896.0
functions.MajorityClass,ArffFileStream -f ./../../../Dataset/Synthetic_IM05/stream_gen_RBF_drift.arff,1,79000.0,0.796875,1.847123106320698E-10,79000.0,0.948,0.5,0.5,0.0,0.0,0.948,0.5,0.948,0.052,79000.0,896.0
functions.MajorityClass,ArffFileStream -f ./../../../Dataset/Synthetic_IM05/stream_gen_RBF_drift.arff,1,79500.0,0.8125,1.8833412064446333E-10,79500.0,0.96,0.5,0.5,0.0,0.0,0.96,0.5,0.96,0.04,79500.0,896.0
functions.MajorityClass,ArffFileStream -f ./../../../Dataset/Synthetic_IM05/stream_gen_RBF_drift.arff,1,80000.0,0.8125,1.8833412064446333E-10,80000.0,0.952,0.5,0.5,0.0,0.0,0.952,0.5,0.952,0.048,80000.0,896.0
functions.MajorityClass,ArffFileStream -f ./../../../Dataset/Synthetic_IM05/stream_gen_RBF_drift.arff,1,80500.0,0.8125,1.8833412064446333E-10,80500.0,0.944,0.5,0.5,0.0,0.0,0.944,0.5,0.944,0.056,80500.0,896.0
functions.MajorityClass,ArffFileStream -f ./../../../Dataset/Synthetic_IM05/stream_gen_RBF_drift.arff,1,81000.0,0.8125,1.8833412064446333E-10,81000.0,0.952,0.5,0.5,0.0,0.0,0.952,0.5,0.952,0.048,81000.0,896.0
functions.MajorityClass,ArffFileStream -f ./../../../Dataset/Synthetic_IM05/stream_gen_RBF_drift.arff,1,81500.0,0.828125,1.9195593065685685E-10,81500.0,0.928,0.5,0.5,0.0,0.0,0.928,0.5,0.928,0.072,81500.0,896.0
functions.MajorityClass,ArffFileStream -f ./../../../Dataset/Synthetic_IM05/stream_gen_RBF_drift.arff,1,82000.0,0.828125,1.9195593065685685E-10,82000.0,0.96,0.5,0.5,0.0,0.0,0.96,0.5,0.96,0.04,82000.0,896.0
functions.MajorityClass,ArffFileStream -f ./../../../Dataset/Synthetic_IM05/stream_gen_RBF_drift.arff,1,82500.0,0.828125,1.9195593065685685E-10,82500.0,0.952,0.5,0.5,0.0,0.0,0.952,0.5,0.952,0.048,82500.0,896.0
functions.MajorityClass,ArffFileStream -f ./../../../Dataset/Synthetic_IM05/stream_gen_RBF_drift.arff,1,83000.0,0.828125,1.9195593065685685E-10,83000.0,0.958,0.5,0.5,0.0,0.0,0.958,0.5,0.958,0.042,83000.0,896.0
functions.MajorityClass,ArffFileStream -f ./../../../Dataset/Synthetic_IM05/stream_gen_RBF_drift.arff,1,83500.0,0.84375,1.9557774066925038E-10,83500.0,0.946,0.5,0.5,0.0,0.0,0.946,0.5,0.946,0.054,83500.0,896.0
functions.MajorityClass,ArffFileStream -f ./../../../Dataset/Synthetic_IM05/stream_gen_RBF_drift.arff,1,84000.0,0.84375,1.9557774066925038E-10,84000.0,0.95,0.5,0.5,0.0,0.0,0.95,0.5,0.95,0.05,84000.0,896.0
functions.MajorityClass,ArffFileStream -f ./../../../Dataset/Synthetic_IM05/stream_gen_RBF_drift.arff,1,84500.0,0.84375,1.9557774066925038E-10,84500.0,0.942,0.5,0.5,0.0,0.0,0.942,0.5,0.942,0.058,84500.0,896.0
functions.MajorityClass,ArffFileStream -f ./../../../Dataset/Synthetic_IM05/stream_gen_RBF_drift.arff,1,85000.0,0.84375,1.9557774066925038E-10,85000.0,0.936,0.5,0.5,0.0,0.0,0.936,0.5,0.936,0.064,85000.0,896.0
functions.MajorityClass,ArffFileStream -f ./../../../Dataset/Synthetic_IM05/stream_gen_RBF_drift.arff,1,85500.0,0.859375,1.991995506816439E-10,85500.0,0.952,0.5,0.5,0.0,0.0,0.952,0.5,0.952,0.048,85500.0,896.0
functions.MajorityClass,ArffFileStream -f ./../../../Dataset/Synthetic_IM05/stream_gen_RBF_drift.arff,1,86000.0,0.859375,1.991995506816439E-10,86000.0,0.95,0.5,0.5,0.0,0.0,0.95,0.5,0.95,0.05,86000.0,896.0
functions.MajorityClass,ArffFileStream -f ./../../../Dataset/Synthetic_IM05/stream_gen_RBF_drift.arff,1,86500.0,0.859375,1.991995506816439E-10,86500.0,0.966,0.5,0.5,0.0,0.0,0.966,0.5,0.966,0.034,86500.0,896.0
functions.MajorityClass,ArffFileStream -f ./../../../Dataset/Synthetic_IM05/stream_gen_RBF_drift.arff,1,87000.0,0.859375,1.991995506816439E-10,87000.0,0.954,0.5,0.5,0.0,0.0,0.954,0.5,0.954,0.046,87000.0,896.0
functions.MajorityClass,ArffFileStream -f ./../../../Dataset/Synthetic_IM05/stream_gen_RBF_drift.arff,1,87500.0,0.875,2.0282136069403743E-10,87500.0,0.96,0.5,0.5,0.0,0.0,0.96,0.5,0.96,0.04,87500.0,896.0
functions.MajorityClass,ArffFileStream -f ./../../../Dataset/Synthetic_IM05/stream_gen_RBF_drift.arff,1,88000.0,0.875,2.0282136069403743E-10,88000.0,0.95,0.5,0.5,0.0,0.0,0.95,0.5,0.95,0.05,88000.0,896.0
functions.MajorityClass,ArffFileStream -f ./../../../Dataset/Synthetic_IM05/stream_gen_RBF_drift.arff,1,88500.0,0.875,2.0282136069403743E-10,88500.0,0.93,0.5,0.5,0.0,0.0,0.93,0.5,0.93,0.07,88500.0,896.0
functions.MajorityClass,ArffFileStream -f ./../../../Dataset/Synthetic_IM05/stream_gen_RBF_drift.arff,1,89000.0,0.875,2.0282136069403743E-10,89000.0,0.954,0.5,0.5,0.0,0.0,0.954,0.5,0.954,0.046,89000.0,896.0
functions.MajorityClass,ArffFileStream -f ./../../../Dataset/Synthetic_IM05/stream_gen_RBF_drift.arff,1,89500.0,0.890625,2.0644317070643095E-10,89500.0,0.954,0.5,0.5,0.0,0.0,0.954,0.5,0.954,0.046,89500.0,896.0
functions.MajorityClass,ArffFileStream -f ./../../../Dataset/Synthetic_IM05/stream_gen_RBF_drift.arff,1,90000.0,0.890625,2.0644317070643095E-10,90000.0,0.946,0.5,0.5,0.0,0.0,0.946,0.5,0.946,0.054,90000.0,896.0
functions.MajorityClass,ArffFileStream -f ./../../../Dataset/Synthetic_IM05/stream_gen_RBF_drift.arff,1,90500.0,0.890625,2.0644317070643095E-10,90500.0,0.954,0.5,0.5,0.0,0.0,0.954,0.5,0.954,0.046,90500.0,896.0
functions.MajorityClass,ArffFileStream -f ./../../../Dataset/Synthetic_IM05/stream_gen_RBF_drift.arff,1,91000.0,0.890625,2.0644317070643095E-10,91000.0,0.944,0.5,0.5,0.0,0.0,0.944,0.5,0.944,0.056,91000.0,896.0
functions.MajorityClass,ArffFileStream -f ./../../../Dataset/Synthetic_IM05/stream_gen_RBF_drift.arff,1,91500.0,0.890625,2.0644317070643095E-10,91500.0,0.95,0.5,0.5,0.0,0.0,0.95,0.5,0.95,0.05,91500.0,896.0
functions.MajorityClass,ArffFileStream -f ./../../../Dataset/Synthetic_IM05/stream_gen_RBF_drift.arff,1,92000.0,0.90625,2.1006498071882448E-10,92000.0,0.952,0.5,0.5,0.0,0.0,0.952,0.5,0.952,0.048,92000.0,896.0
functions.MajorityClass,ArffFileStream -f ./../../../Dataset/Synthetic_IM05/stream_gen_RBF_drift.arff,1,92500.0,0.90625,2.1006498071882448E-10,92500.0,0.966,0.5,0.5,0.0,0.0,0.966,0.5,0.966,0.034,92500.0,896.0
functions.MajorityClass,ArffFileStream -f ./../../../Dataset/Synthetic_IM05/stream_gen_RBF_drift.arff,1,93000.0,0.90625,2.1006498071882448E-10,93000.0,0.952,0.5,0.5,0.0,0.0,0.952,0.5,0.952,0.048,93000.0,896.0
functions.MajorityClass,ArffFileStream -f ./../../../Dataset/Synthetic_IM05/stream_gen_RBF_drift.arff,1,93500.0,0.921875,2.13686790731218E-10,93500.0,0.948,0.5,0.5,0.0,0.0,0.948,0.5,0.948,0.052,93500.0,896.0
functions.MajorityClass,ArffFileStream -f ./../../../Dataset/Synthetic_IM05/stream_gen_RBF_drift.arff,1,94000.0,0.921875,2.13686790731218E-10,94000.0,0.978,0.5,0.5,0.0,0.0,0.978,0.5,0.978,0.022,94000.0,896.0
functions.MajorityClass,ArffFileStream -f ./../../../Dataset/Synthetic_IM05/stream_gen_RBF_drift.arff,1,94500.0,0.921875,2.13686790731218E-10,94500.0,0.954,0.5,0.5,0.0,0.0,0.954,0.5,0.954,0.046,94500.0,896.0
functions.MajorityClass,ArffFileStream -f ./../../../Dataset/Synthetic_IM05/stream_gen_RBF_drift.arff,1,95000.0,0.921875,2.13686790731218E-10,95000.0,0.928,0.5,0.5,0.0,0.0,0.928,0.5,0.928,0.072,95000.0,896.0
functions.MajorityClass,ArffFileStream -f ./../../../Dataset/Synthetic_IM05/stream_gen_RBF_drift.arff,1,95500.0,0.9375,2.1730860074361153E-10,95500.0,0.954,0.5,0.5,0.0,0.0,0.954,0.5,0.954,0.046,95500.0,896.0
functions.MajorityClass,ArffFileStream -f ./../../../Dataset/Synthetic_IM05/stream_gen_RBF_drift.arff,1,96000.0,0.9375,2.1730860074361153E-10,96000.0,0.946,0.5,0.5,0.0,0.0,0.946,0.5,0.946,0.054,96000.0,896.0
functions.MajorityClass,ArffFileStream -f ./../../../Dataset/Synthetic_IM05/stream_gen_RBF_drift.arff,1,96500.0,0.9375,2.1730860074361153E-10,96500.0,0.948,0.5,0.5,0.0,0.0,0.948,0.5,0.948,0.052,96500.0,896.0
functions.MajorityClass,ArffFileStream -f ./../../../Dataset/Synthetic_IM05/stream_gen_RBF_drift.arff,1,97000.0,0.9375,2.1730860074361153E-10,97000.0,0.95,0.5,0.5,0.0,0.0,0.95,0.5,0.95,0.05,97000.0,896.0
functions.MajorityClass,ArffFileStream -f ./../../../Dataset/Synthetic_IM05/stream_gen_RBF_drift.arff,1,97500.0,0.9375,2.1730860074361153E-10,97500.0,0.944,0.5,0.5,0.0,0.0,0.944,0.5,0.944,0.056,97500.0,896.0
functions.MajorityClass,ArffFileStream -f ./../../../Dataset/Synthetic_IM05/stream_gen_RBF_drift.arff,1,98000.0,0.9375,2.1730860074361153E-10,98000.0,0.942,0.5,0.5,0.0,0.0,0.942,0.5,0.942,0.058,98000.0,896.0
functions.MajorityClass,ArffFileStream -f ./../../../Dataset/Synthetic_IM05/stream_gen_RBF_drift.arff,1,98500.0,0.9375,2.1730860074361153E-10,98500.0,0.94,0.5,0.5,0.0,0.0,0.94,0.5,0.94,0.06,98500.0,896.0
functions.MajorityClass,ArffFileStream -f ./../../../Dataset/Synthetic_IM05/stream_gen_RBF_drift.arff,1,99000.0,0.9375,2.1730860074361153E-10,99000.0,0.952,0.5,0.5,0.0,0.0,0.952,0.5,0.952,0.048,99000.0,896.0
functions.MajorityClass,ArffFileStream -f ./../../../Dataset/Synthetic_IM05/stream_gen_RBF_drift.arff,1,99500.0,0.953125,2.2093041075600505E-10,99500.0,0.948,0.5,0.5,0.0,0.0,0.948,0.5,0.948,0.052,99500.0,896.0
functions.MajorityClass,ArffFileStream -f ./../../../Dataset/Synthetic_IM05/stream_gen_RBF_drift.arff,1,100000.0,0.953125,2.2093041075600505E-10,100000.0,0.954,0.5,0.5,0.0,0.0,0.954,0.5,0.954,0.046,100000.0,896.0
