Learner,stream,randomSeed,learning evaluation instances,evaluation time (cpu seconds),model cost (RAM-Hours),classified instances,Accuracy,AvgAccuracy,AUC,Kappa,G-Mean,Precision,Recall,Ratio-Class-0,Ratio-Class-1,model training instances,model serialized size (bytes)
meta.imbalanced.OnlineRUSBoost -l (trees.HoeffdingTree -e 2000000 -g 100 -c 0.01),ArffFileStream -f ./../../../Dataset/Synthetic_IM50/stream_gen_agrawal.arff,1,500.0,0.5,4.377216100692749E-10,500.0,0.764,0.7670775552131485,0.7670775552131485,0.5301051290219815,0.7651063821886093,0.7679549114331723,0.7670775552131485,0.472,0.528,500.0,3384.0
meta.imbalanced.OnlineRUSBoost -l (trees.HoeffdingTree -e 2000000 -g 100 -c 0.01),ArffFileStream -f ./../../../Dataset/Synthetic_IM50/stream_gen_agrawal.arff,1,1000.0,0.796875,6.976188160479068E-10,1000.0,0.794,0.7935622729673073,0.7935622729673073,0.5876040999359385,0.7927234644633147,0.7954106280193236,0.7935622729673073,0.506,0.494,1000.0,3384.0
meta.imbalanced.OnlineRUSBoost -l (trees.HoeffdingTree -e 2000000 -g 100 -c 0.01),ArffFileStream -f ./../../../Dataset/Synthetic_IM50/stream_gen_agrawal.arff,1,1500.0,1.015625,8.891220204532146E-10,1500.0,0.802,0.8024087497594458,0.8024087497594458,0.6037717725409836,0.8023635621753576,0.8017554527852011,0.8024087497594458,0.476,0.524,1500.0,3384.0
meta.imbalanced.OnlineRUSBoost -l (trees.HoeffdingTree -e 2000000 -g 100 -c 0.01),ArffFileStream -f ./../../../Dataset/Synthetic_IM50/stream_gen_agrawal.arff,1,2000.0,1.203125,1.0532676242291927E-9,2000.0,0.804,0.8076398581765093,0.8076398581765092,0.6101891775787179,0.8046008465943896,0.8104288420132424,0.8076398581765093,0.474,0.526,2000.0,3384.0
meta.imbalanced.OnlineRUSBoost -l (trees.HoeffdingTree -e 2000000 -g 100 -c 0.01),ArffFileStream -f ./../../../Dataset/Synthetic_IM50/stream_gen_agrawal.arff,1,2500.0,1.34375,1.1763768270611763E-9,2500.0,0.852,0.852657935285054,0.8526579352850538,0.7037345461533534,0.8525769872922918,0.8516420203572115,0.852657935285054,0.472,0.528,2500.0,3384.0
meta.imbalanced.OnlineRUSBoost -l (trees.HoeffdingTree -e 2000000 -g 100 -c 0.01),ArffFileStream -f ./../../../Dataset/Synthetic_IM50/stream_gen_agrawal.arff,1,3000.0,1.484375,1.29948602989316E-9,3000.0,0.856,0.8537430239271281,0.8537430239271281,0.7102195891557731,0.8524472059985239,0.858806688789121,0.8537430239271281,0.524,0.476,3000.0,3384.0
meta.imbalanced.OnlineRUSBoost -l (trees.HoeffdingTree -e 2000000 -g 100 -c 0.01),ArffFileStream -f ./../../../Dataset/Synthetic_IM50/stream_gen_agrawal.arff,1,3500.0,1.6875,1.477310433983803E-9,3500.0,0.834,0.8340000000000001,0.834,0.668,0.8331338427887803,0.8359403917024735,0.8340000000000001,0.5,0.5,3500.0,3384.0
meta.imbalanced.OnlineRUSBoost -l (trees.HoeffdingTree -e 2000000 -g 100 -c 0.01),ArffFileStream -f ./../../../Dataset/Synthetic_IM50/stream_gen_agrawal.arff,1,4000.0,1.796875,1.5730620361864568E-9,4000.0,0.842,0.8406962785114045,0.8406962785114045,0.6830872913992297,0.8381652631810514,0.8477713874910137,0.8406962785114045,0.51,0.49,4000.0,3384.0
meta.imbalanced.OnlineRUSBoost -l (trees.HoeffdingTree -e 2000000 -g 100 -c 0.01),ArffFileStream -f ./../../../Dataset/Synthetic_IM50/stream_gen_agrawal.arff,1,4500.0,1.890625,1.6551348380744459E-9,4500.0,0.876,0.8762701829063385,0.8762701829063385,0.7521070897372335,0.8759808772568121,0.8767042086544161,0.8762701829063385,0.494,0.506,4500.0,3384.0
meta.imbalanced.OnlineRUSBoost -l (trees.HoeffdingTree -e 2000000 -g 100 -c 0.01),ArffFileStream -f ./../../../Dataset/Synthetic_IM50/stream_gen_agrawal.arff,1,5000.0,2.0625,1.8056016415357592E-9,5000.0,0.882,0.8819590020963018,0.8819590020963018,0.7639546792984253,0.8819523847472098,0.8820017924588694,0.8819590020963018,0.506,0.494,5000.0,3384.0
meta.imbalanced.OnlineRUSBoost -l (trees.HoeffdingTree -e 2000000 -g 100 -c 0.01),ArffFileStream -f ./../../../Dataset/Synthetic_IM50/stream_gen_agrawal.arff,1,5500.0,2.1875,1.915032044053078E-9,5500.0,0.882,0.8815749467923382,0.8815749467923382,0.7637732222934016,0.8808630611176016,0.8839774557165861,0.8815749467923382,0.506,0.494,5500.0,3384.0
meta.imbalanced.OnlineRUSBoost -l (trees.HoeffdingTree -e 2000000 -g 100 -c 0.01),ArffFileStream -f ./../../../Dataset/Synthetic_IM50/stream_gen_agrawal.arff,1,6000.0,2.34375,2.0518200471997265E-9,6000.0,0.838,0.8376646237058136,0.8376646237058136,0.6757509767501441,0.8371982619032852,0.8390045626887732,0.8376646237058136,0.506,0.494,6000.0,3384.0
meta.imbalanced.OnlineRUSBoost -l (trees.HoeffdingTree -e 2000000 -g 100 -c 0.01),ArffFileStream -f ./../../../Dataset/Synthetic_IM50/stream_gen_agrawal.arff,1,6500.0,2.46875,2.1612504497170454E-9,6500.0,0.892,0.8919930875576036,0.8919930875576036,0.7839861751152074,0.8919926690612352,0.8919930875576036,0.8919930875576036,0.496,0.504,6500.0,3384.0
meta.imbalanced.OnlineRUSBoost -l (trees.HoeffdingTree -e 2000000 -g 100 -c 0.01),ArffFileStream -f ./../../../Dataset/Synthetic_IM50/stream_gen_agrawal.arff,1,7000.0,2.609375,2.284359652549029E-9,7000.0,0.866,0.8663865546218488,0.8663865546218488,0.7321285782824244,0.8661709420433914,0.8664510758196722,0.8663865546218488,0.49,0.51,7000.0,3384.0
meta.imbalanced.OnlineRUSBoost -l (trees.HoeffdingTree -e 2000000 -g 100 -c 0.01),ArffFileStream -f ./../../../Dataset/Synthetic_IM50/stream_gen_agrawal.arff,1,7500.0,2.75,2.4074688553810128E-9,7500.0,0.852,0.8521505376344086,0.8521505376344086,0.7040757566063088,0.8519427513705973,0.8524889486834519,0.8521505376344086,0.496,0.504,7500.0,3384.0
meta.imbalanced.OnlineRUSBoost -l (trees.HoeffdingTree -e 2000000 -g 100 -c 0.01),ArffFileStream -f ./../../../Dataset/Synthetic_IM50/stream_gen_agrawal.arff,1,8000.0,2.859375,2.503220457583667E-9,8000.0,0.882,0.882,0.8819999999999999,0.764,0.881997732423389,0.8820061120977936,0.882,0.5,0.5,8000.0,3384.0
meta.imbalanced.OnlineRUSBoost -l (trees.HoeffdingTree -e 2000000 -g 100 -c 0.01),ArffFileStream -f ./../../../Dataset/Synthetic_IM50/stream_gen_agrawal.arff,1,8500.0,3.0,2.6263296604156505E-9,8500.0,0.872,0.872,0.8719999999999999,0.744,0.8718531986521584,0.8723813184701135,0.872,0.5,0.5,8500.0,3384.0
meta.imbalanced.OnlineRUSBoost -l (trees.HoeffdingTree -e 2000000 -g 100 -c 0.01),ArffFileStream -f ./../../../Dataset/Synthetic_IM50/stream_gen_agrawal.arff,1,9000.0,3.140625,2.749438863247634E-9,9000.0,0.854,0.8543481045081966,0.8543481045081966,0.7080840717873252,0.8542249746858548,0.8541950040805877,0.8543481045081966,0.488,0.512,9000.0,3384.0
meta.imbalanced.OnlineRUSBoost -l (trees.HoeffdingTree -e 2000000 -g 100 -c 0.01),ArffFileStream -f ./../../../Dataset/Synthetic_IM50/stream_gen_agrawal.arff,1,9500.0,3.265625,2.858869265764953E-9,9500.0,0.864,0.8621578099838969,0.862157809983897,0.7257179735398516,0.8618502360083035,0.863774585921325,0.8621578099838969,0.54,0.46,9500.0,3384.0
meta.imbalanced.OnlineRUSBoost -l (trees.HoeffdingTree -e 2000000 -g 100 -c 0.01),ArffFileStream -f ./../../../Dataset/Synthetic_IM50/stream_gen_agrawal.arff,1,10000.0,3.390625,2.968299668282272E-9,10000.0,0.882,0.8822470435742746,0.8822470435742746,0.764090589213742,0.8820068156127148,0.8825837657761548,0.8822470435742746,0.494,0.506,10000.0,3384.0
meta.imbalanced.OnlineRUSBoost -l (trees.HoeffdingTree -e 2000000 -g 100 -c 0.01),ArffFileStream -f ./../../../Dataset/Synthetic_IM50/stream_gen_agrawal.arff,1,10500.0,3.546875,3.1050876714289204E-9,10500.0,0.874,0.8739119303635432,0.8739119303635432,0.747943539352815,0.8738425890603577,0.8741813581848169,0.8739119303635432,0.504,0.496,10500.0,3384.0
meta.imbalanced.OnlineRUSBoost -l (trees.HoeffdingTree -e 2000000 -g 100 -c 0.01),ArffFileStream -f ./../../../Dataset/Synthetic_IM50/stream_gen_agrawal.arff,1,11000.0,3.703125,3.241875674575569E-9,11000.0,0.878,0.877958426013346,0.877958426013346,0.7559531430034566,0.8779515903825723,0.8780007681966584,0.877958426013346,0.494,0.506,11000.0,3384.0
meta.imbalanced.OnlineRUSBoost -l (trees.HoeffdingTree -e 2000000 -g 100 -c 0.01),ArffFileStream -f ./../../../Dataset/Synthetic_IM50/stream_gen_agrawal.arff,1,11500.0,3.84375,3.3649848774075526E-9,11500.0,0.876,0.8758700139202227,0.8758700139202228,0.751932525646976,0.8752669635466197,0.8776100689588657,0.8758700139202227,0.502,0.498,11500.0,3384.0
meta.imbalanced.OnlineRUSBoost -l (trees.HoeffdingTree -e 2000000 -g 100 -c 0.01),ArffFileStream -f ./../../../Dataset/Synthetic_IM50/stream_gen_agrawal.arff,1,12000.0,4.0,3.501772880554201E-9,12000.0,0.874,0.8739579833277332,0.8739579833277333,0.747975805677345,0.8738948558468034,0.8741675204918034,0.8739579833277332,0.498,0.502,12000.0,3384.0
meta.imbalanced.OnlineRUSBoost -l (trees.HoeffdingTree -e 2000000 -g 100 -c 0.01),ArffFileStream -f ./../../../Dataset/Synthetic_IM50/stream_gen_agrawal.arff,1,12500.0,4.109375,3.597524482756855E-9,12500.0,0.896,0.8961014019589015,0.8961014019589014,0.792,0.8960789904548742,0.896,0.8961014019589015,0.492,0.508,12500.0,3384.0
meta.imbalanced.OnlineRUSBoost -l (trees.HoeffdingTree -e 2000000 -g 100 -c 0.01),ArffFileStream -f ./../../../Dataset/Synthetic_IM50/stream_gen_agrawal.arff,1,13000.0,4.25,3.720633685588839E-9,13000.0,0.878,0.878265881147541,0.878265881147541,0.7560234217515118,0.8781960074260281,0.8780540488647819,0.878265881147541,0.488,0.512,13000.0,3384.0
meta.imbalanced.OnlineRUSBoost -l (trees.HoeffdingTree -e 2000000 -g 100 -c 0.01),ArffFileStream -f ./../../../Dataset/Synthetic_IM50/stream_gen_agrawal.arff,1,13500.0,4.390625,3.8437428884208225E-9,13500.0,0.844,0.8432298296782095,0.8432298296782094,0.6859953945991207,0.8431799812043964,0.8427879431596903,0.8432298296782095,0.458,0.542,13500.0,3384.0
meta.imbalanced.OnlineRUSBoost -l (trees.HoeffdingTree -e 2000000 -g 100 -c 0.01),ArffFileStream -f ./../../../Dataset/Synthetic_IM50/stream_gen_agrawal.arff,1,14000.0,4.5625,3.994209691882135E-9,14000.0,0.862,0.8619431643625193,0.8619431643625193,0.7239558329332694,0.8619138850922986,0.8620648259303721,0.8619431643625193,0.496,0.504,14000.0,3384.0
meta.imbalanced.OnlineRUSBoost -l (trees.HoeffdingTree -e 2000000 -g 100 -c 0.01),ArffFileStream -f ./../../../Dataset/Synthetic_IM50/stream_gen_agrawal.arff,1,14500.0,4.671875,4.089961294084789E-9,14500.0,0.81,0.8100529608473735,0.8100529608473735,0.6200364764982562,0.8099447488365726,0.8102266905737705,0.8100529608473735,0.498,0.502,14500.0,3384.0
meta.imbalanced.OnlineRUSBoost -l (trees.HoeffdingTree -e 2000000 -g 100 -c 0.01),ArffFileStream -f ./../../../Dataset/Synthetic_IM50/stream_gen_agrawal.arff,1,15000.0,4.78125,4.185712896287443E-9,15000.0,0.862,0.8607694278941637,0.8607694278941637,0.7231139646869984,0.8599099905667346,0.864040404040404,0.8607694278941637,0.516,0.484,15000.0,3384.0
meta.imbalanced.OnlineRUSBoost -l (trees.HoeffdingTree -e 2000000 -g 100 -c 0.01),ArffFileStream -f ./../../../Dataset/Synthetic_IM50/stream_gen_agrawal.arff,1,15500.0,4.890625,4.281464498490096E-9,15500.0,0.894,0.8938272791338331,0.8938272791338331,0.7877554943294676,0.8938109820456137,0.8939345391627549,0.8938272791338331,0.516,0.484,15500.0,3384.0
meta.imbalanced.OnlineRUSBoost -l (trees.HoeffdingTree -e 2000000 -g 100 -c 0.01),ArffFileStream -f ./../../../Dataset/Synthetic_IM50/stream_gen_agrawal.arff,1,16000.0,5.03125,4.40457370132208E-9,16000.0,0.87,0.8700379206067297,0.8700379206067297,0.7400166389351082,0.8699862700168091,0.8701267524486269,0.8700379206067297,0.498,0.502,16000.0,3384.0
meta.imbalanced.OnlineRUSBoost -l (trees.HoeffdingTree -e 2000000 -g 100 -c 0.01),ArffFileStream -f ./../../../Dataset/Synthetic_IM50/stream_gen_agrawal.arff,1,16500.0,5.109375,4.472967702895404E-9,16500.0,0.886,0.8860087045570917,0.8860087045570917,0.7719927037665205,0.8860080364507998,0.8859901758428135,0.8860087045570917,0.504,0.496,16500.0,3384.0
meta.imbalanced.OnlineRUSBoost -l (trees.HoeffdingTree -e 2000000 -g 100 -c 0.01),ArffFileStream -f ./../../../Dataset/Synthetic_IM50/stream_gen_agrawal.arff,1,17000.0,5.265625,4.609755706042052E-9,17000.0,0.876,0.8742351046698873,0.8742351046698873,0.749919328815747,0.8739567049123151,0.8759057971014492,0.8742351046698873,0.54,0.46,17000.0,3384.0
meta.imbalanced.OnlineRUSBoost -l (trees.HoeffdingTree -e 2000000 -g 100 -c 0.01),ArffFileStream -f ./../../../Dataset/Synthetic_IM50/stream_gen_agrawal.arff,1,17500.0,5.375,4.705507308244705E-9,17500.0,0.838,0.8381069985246007,0.8381069985246008,0.6755639579594975,0.8381040340726945,0.8375926726553617,0.8381069985246007,0.524,0.476,17500.0,3384.0
meta.imbalanced.OnlineRUSBoost -l (trees.HoeffdingTree -e 2000000 -g 100 -c 0.01),ArffFileStream -f ./../../../Dataset/Synthetic_IM50/stream_gen_agrawal.arff,1,18000.0,5.5625,4.869652912020683E-9,18000.0,0.858,0.8585708550782818,0.8585708550782818,0.7155904502483577,0.858518137380896,0.8574859118852459,0.8585708550782818,0.47,0.53,18000.0,3384.0
meta.imbalanced.OnlineRUSBoost -l (trees.HoeffdingTree -e 2000000 -g 100 -c 0.01),ArffFileStream -f ./../../../Dataset/Synthetic_IM50/stream_gen_agrawal.arff,1,18500.0,5.703125,4.992762114852666E-9,18500.0,0.838,0.8372863453043979,0.8372863453043979,0.6754807692307693,0.8360974578920378,0.8406060606060606,0.8372863453043979,0.508,0.492,18500.0,3384.0
meta.imbalanced.OnlineRUSBoost -l (trees.HoeffdingTree -e 2000000 -g 100 -c 0.01),ArffFileStream -f ./../../../Dataset/Synthetic_IM50/stream_gen_agrawal.arff,1,19000.0,5.828125,5.102192517369985E-9,19000.0,0.864,0.8633480684220642,0.8633480684220642,0.7274418008080549,0.8631076605787715,0.8644688644688645,0.8633480684220642,0.516,0.484,19000.0,3384.0
meta.imbalanced.OnlineRUSBoost -l (trees.HoeffdingTree -e 2000000 -g 100 -c 0.01),ArffFileStream -f ./../../../Dataset/Synthetic_IM50/stream_gen_agrawal.arff,1,19500.0,5.953125,5.211622919887303E-9,19500.0,0.854,0.8528611444577832,0.852861144457783,0.7072505614372795,0.8509580787916313,0.8585952241525148,0.8528611444577832,0.51,0.49,19500.0,3384.0
meta.imbalanced.OnlineRUSBoost -l (trees.HoeffdingTree -e 2000000 -g 100 -c 0.01),ArffFileStream -f ./../../../Dataset/Synthetic_IM50/stream_gen_agrawal.arff,1,20000.0,6.125,5.362089723348616E-9,20000.0,0.834,0.8355022170811643,0.8355022170811645,0.6680849702476166,0.8351724452485768,0.8341333461335381,0.8355022170811643,0.468,0.532,20000.0,3384.0
meta.imbalanced.OnlineRUSBoost -l (trees.HoeffdingTree -e 2000000 -g 100 -c 0.01),ArffFileStream -f ./../../../Dataset/Synthetic_IM50/stream_gen_agrawal.arff,1,20500.0,6.25,5.471520125865935E-9,20500.0,0.852,0.8513234375750589,0.8513234375750589,0.7034353408890528,0.8509804624749331,0.8526787867097458,0.8513234375750589,0.514,0.486,20500.0,3384.0
meta.imbalanced.OnlineRUSBoost -l (trees.HoeffdingTree -e 2000000 -g 100 -c 0.01),ArffFileStream -f ./../../../Dataset/Synthetic_IM50/stream_gen_agrawal.arff,1,21000.0,6.390625,5.594629328697918E-9,21000.0,0.816,0.8155894448800627,0.8155894448800627,0.6316640776388066,0.8148715348133274,0.8173771705370219,0.8155894448800627,0.506,0.494,21000.0,3384.0
meta.imbalanced.OnlineRUSBoost -l (trees.HoeffdingTree -e 2000000 -g 100 -c 0.01),ArffFileStream -f ./../../../Dataset/Synthetic_IM50/stream_gen_agrawal.arff,1,21500.0,6.515625,5.704059731215236E-9,21500.0,0.862,0.8574662820864016,0.8574662820864016,0.720049336232919,0.8557659483106819,0.8652528977871443,0.8574662820864016,0.542,0.458,21500.0,3384.0
meta.imbalanced.OnlineRUSBoost -l (trees.HoeffdingTree -e 2000000 -g 100 -c 0.01),ArffFileStream -f ./../../../Dataset/Synthetic_IM50/stream_gen_agrawal.arff,1,22000.0,6.640625,5.813490133732555E-9,22000.0,0.858,0.8565783356578336,0.8565783356578336,0.7147952953274632,0.8559687338146454,0.8591983721981784,0.8565783356578336,0.522,0.478,22000.0,3384.0
meta.imbalanced.OnlineRUSBoost -l (trees.HoeffdingTree -e 2000000 -g 100 -c 0.01),ArffFileStream -f ./../../../Dataset/Synthetic_IM50/stream_gen_agrawal.arff,1,22500.0,6.765625,5.922920536249873E-9,22500.0,0.87,0.8701782197242638,0.8701782197242638,0.7399417469513171,0.8701549407909206,0.8699116743471582,0.8701782197242638,0.486,0.514,22500.0,3384.0
meta.imbalanced.OnlineRUSBoost -l (trees.HoeffdingTree -e 2000000 -g 100 -c 0.01),ArffFileStream -f ./../../../Dataset/Synthetic_IM50/stream_gen_agrawal.arff,1,23000.0,6.90625,6.0460297390818565E-9,23000.0,0.858,0.8577157057333269,0.8577157057333269,0.7141062397319846,0.8577101391514773,0.8565362840967576,0.8577157057333269,0.454,0.546,23000.0,3384.0
meta.imbalanced.OnlineRUSBoost -l (trees.HoeffdingTree -e 2000000 -g 100 -c 0.01),ArffFileStream -f ./../../../Dataset/Synthetic_IM50/stream_gen_agrawal.arff,1,23500.0,7.046875,6.16913894191384E-9,23500.0,0.882,0.881212364512244,0.881212364512244,0.7629760565643581,0.8811145819150128,0.8818193515182707,0.881212364512244,0.53,0.47,23500.0,3384.0
meta.imbalanced.OnlineRUSBoost -l (trees.HoeffdingTree -e 2000000 -g 100 -c 0.01),ArffFileStream -f ./../../../Dataset/Synthetic_IM50/stream_gen_agrawal.arff,1,24000.0,7.171875,6.278569344431158E-9,24000.0,0.876,0.8761602970360413,0.8761602970360413,0.752031739937288,0.8761030158962942,0.8760880696364568,0.8761602970360413,0.492,0.508,24000.0,3384.0
meta.imbalanced.OnlineRUSBoost -l (trees.HoeffdingTree -e 2000000 -g 100 -c 0.01),ArffFileStream -f ./../../../Dataset/Synthetic_IM50/stream_gen_agrawal.arff,1,24500.0,7.328125,6.415357347577806E-9,24500.0,0.858,0.8578903441191577,0.8578903441191577,0.7152984954928945,0.8578881093812707,0.857460042642556,0.8578903441191577,0.528,0.472,24500.0,3384.0
meta.imbalanced.OnlineRUSBoost -l (trees.HoeffdingTree -e 2000000 -g 100 -c 0.01),ArffFileStream -f ./../../../Dataset/Synthetic_IM50/stream_gen_agrawal.arff,1,25000.0,7.421875,6.497430149465795E-9,25000.0,0.872,0.8717874813854061,0.8717874813854062,0.7437416916251581,0.8717544409702742,0.8719780835963409,0.8717874813854061,0.514,0.486,25000.0,3384.0
meta.imbalanced.OnlineRUSBoost -l (trees.HoeffdingTree -e 2000000 -g 100 -c 0.01),ArffFileStream -f ./../../../Dataset/Synthetic_IM50/stream_gen_agrawal.arff,1,25500.0,7.5625,6.6205393522977785E-9,25500.0,0.848,0.8476420604567058,0.8476420604567058,0.6957517334144662,0.8471170730520697,0.8492067319284371,0.8476420604567058,0.506,0.494,25500.0,3384.0
meta.imbalanced.OnlineRUSBoost -l (trees.HoeffdingTree -e 2000000 -g 100 -c 0.01),ArffFileStream -f ./../../../Dataset/Synthetic_IM50/stream_gen_agrawal.arff,1,26000.0,7.6875,6.729969754815097E-9,26000.0,0.856,0.856,0.8559999999999999,0.712,0.8559906541545883,0.8560227854582694,0.856,0.5,0.5,26000.0,3384.0
meta.imbalanced.OnlineRUSBoost -l (trees.HoeffdingTree -e 2000000 -g 100 -c 0.01),ArffFileStream -f ./../../../Dataset/Synthetic_IM50/stream_gen_agrawal.arff,1,26500.0,7.796875,6.8257213570177506E-9,26500.0,0.862,0.8606412966878083,0.8606412966878083,0.7230428360413589,0.8595932958379047,0.864523805669327,0.8606412966878083,0.516,0.484,26500.0,3384.0
meta.imbalanced.OnlineRUSBoost -l (trees.HoeffdingTree -e 2000000 -g 100 -c 0.01),ArffFileStream -f ./../../../Dataset/Synthetic_IM50/stream_gen_agrawal.arff,1,27000.0,7.921875,6.935151759535069E-9,27000.0,0.826,0.8268630682818325,0.8268630682818326,0.6525670106386378,0.8237291474010083,0.8329747000521648,0.8268630682818325,0.494,0.506,27000.0,3384.0
meta.imbalanced.OnlineRUSBoost -l (trees.HoeffdingTree -e 2000000 -g 100 -c 0.01),ArffFileStream -f ./../../../Dataset/Synthetic_IM50/stream_gen_agrawal.arff,1,27500.0,8.09375,7.085618562996382E-9,27500.0,0.854,0.8534283513097072,0.8534283513097073,0.7070155723230053,0.8533672991763535,0.853592934564432,0.8534283513097072,0.528,0.472,27500.0,3384.0
meta.imbalanced.OnlineRUSBoost -l (trees.HoeffdingTree -e 2000000 -g 100 -c 0.01),ArffFileStream -f ./../../../Dataset/Synthetic_IM50/stream_gen_agrawal.arff,1,28000.0,8.25,7.22240656614303E-9,28000.0,0.834,0.834453781512605,0.8344537815126051,0.6682123440997761,0.8341452627257024,0.8346626945992697,0.834453781512605,0.49,0.51,28000.0,3384.0
meta.imbalanced.OnlineRUSBoost -l (trees.HoeffdingTree -e 2000000 -g 100 -c 0.01),ArffFileStream -f ./../../../Dataset/Synthetic_IM50/stream_gen_agrawal.arff,1,28500.0,8.375,7.3318369686603485E-9,28500.0,0.826,0.8255702280912365,0.8255702280912366,0.6516098029793369,0.8252905196212487,0.8264637904468413,0.8255702280912365,0.51,0.49,28500.0,3384.0
meta.imbalanced.OnlineRUSBoost -l (trees.HoeffdingTree -e 2000000 -g 100 -c 0.01),ArffFileStream -f ./../../../Dataset/Synthetic_IM50/stream_gen_agrawal.arff,1,29000.0,8.53125,7.468624971806997E-9,29000.0,0.84,0.8400000000000001,0.84,0.68,0.8386274500634952,0.8431625863962277,0.8400000000000001,0.5,0.5,29000.0,3384.0
meta.imbalanced.OnlineRUSBoost -l (trees.HoeffdingTree -e 2000000 -g 100 -c 0.01),ArffFileStream -f ./../../../Dataset/Synthetic_IM50/stream_gen_agrawal.arff,1,29500.0,8.671875,7.59173417463898E-9,29500.0,0.866,0.8651579217118329,0.8651579217118329,0.7313466350163598,0.8647576267898222,0.8669032330742368,0.8651579217118329,0.516,0.484,29500.0,3384.0
meta.imbalanced.OnlineRUSBoost -l (trees.HoeffdingTree -e 2000000 -g 100 -c 0.01),ArffFileStream -f ./../../../Dataset/Synthetic_IM50/stream_gen_agrawal.arff,1,30000.0,8.796875,7.701164577156299E-9,30000.0,0.888,0.8859903381642512,0.8859903381642511,0.7739748143364547,0.8856341378283453,0.8883919891114136,0.8859903381642512,0.54,0.46,30000.0,3384.0
meta.imbalanced.OnlineRUSBoost -l (trees.HoeffdingTree -e 2000000 -g 100 -c 0.01),ArffFileStream -f ./../../../Dataset/Synthetic_IM50/stream_gen_agrawal.arff,1,30500.0,8.9375,7.824273779988283E-9,30500.0,0.842,0.8410924692622951,0.8410924692622951,0.6833007280074405,0.8402420245596298,0.8438059737619209,0.8410924692622951,0.512,0.488,30500.0,3384.0
meta.imbalanced.OnlineRUSBoost -l (trees.HoeffdingTree -e 2000000 -g 100 -c 0.01),ArffFileStream -f ./../../../Dataset/Synthetic_IM50/stream_gen_agrawal.arff,1,31000.0,9.0625,7.933704182505602E-9,31000.0,0.862,0.8629815019813576,0.8629815019813576,0.724,0.8627750608928199,0.862,0.8629815019813576,0.474,0.526,31000.0,3384.0
meta.imbalanced.OnlineRUSBoost -l (trees.HoeffdingTree -e 2000000 -g 100 -c 0.01),ArffFileStream -f ./../../../Dataset/Synthetic_IM50/stream_gen_agrawal.arff,1,31500.0,9.15625,8.01577698439359E-9,31500.0,0.876,0.876414203645325,0.876414203645325,0.7521784315292989,0.8757342262939453,0.8777197912484946,0.876414203645325,0.494,0.506,31500.0,3384.0
meta.imbalanced.OnlineRUSBoost -l (trees.HoeffdingTree -e 2000000 -g 100 -c 0.01),ArffFileStream -f ./../../../Dataset/Synthetic_IM50/stream_gen_agrawal.arff,1,32000.0,9.28125,8.125207386910909E-9,32000.0,0.88,0.8799923195084485,0.8799923195084485,0.7599846390168971,0.8799917958003264,0.8799923195084485,0.8799923195084485,0.496,0.504,32000.0,3384.0
meta.imbalanced.OnlineRUSBoost -l (trees.HoeffdingTree -e 2000000 -g 100 -c 0.01),ArffFileStream -f ./../../../Dataset/Synthetic_IM50/stream_gen_agrawal.arff,1,32500.0,9.390625,8.220958989113563E-9,32500.0,0.854,0.8552156975905353,0.8552156975905352,0.7083080267237797,0.8547692674922613,0.8547323258196722,0.8552156975905353,0.478,0.522,32500.0,3384.0
meta.imbalanced.OnlineRUSBoost -l (trees.HoeffdingTree -e 2000000 -g 100 -c 0.01),ArffFileStream -f ./../../../Dataset/Synthetic_IM50/stream_gen_agrawal.arff,1,33000.0,9.546875,8.357746992260212E-9,33000.0,0.862,0.8619847939175671,0.8619847939175671,0.7239116517285531,0.8619844586085953,0.8619326547596184,0.8619847939175671,0.49,0.51,33000.0,3384.0
meta.imbalanced.OnlineRUSBoost -l (trees.HoeffdingTree -e 2000000 -g 100 -c 0.01),ArffFileStream -f ./../../../Dataset/Synthetic_IM50/stream_gen_agrawal.arff,1,33500.0,9.703125,8.49453499540686E-9,33500.0,0.872,0.8681630546955624,0.8681630546955623,0.7405293201868189,0.8670674630916072,0.8739517819706499,0.8681630546955624,0.544,0.456,33500.0,3384.0
meta.imbalanced.OnlineRUSBoost -l (trees.HoeffdingTree -e 2000000 -g 100 -c 0.01),ArffFileStream -f ./../../../Dataset/Synthetic_IM50/stream_gen_agrawal.arff,1,34000.0,9.828125,8.603965397924178E-9,34000.0,0.886,0.8842407291315041,0.8842407291315041,0.7703760997776273,0.8838621644772864,0.8866459627329193,0.8842407291315041,0.534,0.466,34000.0,3384.0
meta.imbalanced.OnlineRUSBoost -l (trees.HoeffdingTree -e 2000000 -g 100 -c 0.01),ArffFileStream -f ./../../../Dataset/Synthetic_IM50/stream_gen_agrawal.arff,1,34500.0,9.953125,8.713395800441497E-9,34500.0,0.86,0.859199410057872,0.8591994100578719,0.7191597258998925,0.8590067287257723,0.8601694234138657,0.859199410057872,0.522,0.478,34500.0,3384.0
meta.imbalanced.OnlineRUSBoost -l (trees.HoeffdingTree -e 2000000 -g 100 -c 0.01),ArffFileStream -f ./../../../Dataset/Synthetic_IM50/stream_gen_agrawal.arff,1,35000.0,10.09375,8.83650500327348E-9,35000.0,0.872,0.872,0.872,0.744,0.8718531986521584,0.8723813184701135,0.872,0.5,0.5,35000.0,3384.0
meta.imbalanced.OnlineRUSBoost -l (trees.HoeffdingTree -e 2000000 -g 100 -c 0.01),ArffFileStream -f ./../../../Dataset/Synthetic_IM50/stream_gen_agrawal.arff,1,35500.0,10.21875,8.945935405790799E-9,35500.0,0.868,0.868,0.8679999999999999,0.736,0.868,0.868,0.868,0.5,0.5,35500.0,3384.0
meta.imbalanced.OnlineRUSBoost -l (trees.HoeffdingTree -e 2000000 -g 100 -c 0.01),ArffFileStream -f ./../../../Dataset/Synthetic_IM50/stream_gen_agrawal.arff,1,36000.0,10.359375,9.069044608622783E-9,36000.0,0.852,0.8505559031621505,0.8505559031621504,0.7025771289850645,0.8501024119455204,0.8525923415791257,0.8505559031621505,0.526,0.474,36000.0,3384.0
meta.imbalanced.OnlineRUSBoost -l (trees.HoeffdingTree -e 2000000 -g 100 -c 0.01),ArffFileStream -f ./../../../Dataset/Synthetic_IM50/stream_gen_agrawal.arff,1,36500.0,10.5,9.192153811454767E-9,36500.0,0.866,0.8664367668944328,0.8664367668944328,0.7322056660484748,0.8656719424004152,0.8678908810487758,0.8664367668944328,0.494,0.506,36500.0,3384.0
meta.imbalanced.OnlineRUSBoost -l (trees.HoeffdingTree -e 2000000 -g 100 -c 0.01),ArffFileStream -f ./../../../Dataset/Synthetic_IM50/stream_gen_agrawal.arff,1,37000.0,10.609375,9.287905413657422E-9,37000.0,0.888,0.8882695880581716,0.8882695880581716,0.775942641316177,0.8882296362608115,0.8878968253968254,0.8882695880581716,0.516,0.484,37000.0,3384.0
meta.imbalanced.OnlineRUSBoost -l (trees.HoeffdingTree -e 2000000 -g 100 -c 0.01),ArffFileStream -f ./../../../Dataset/Synthetic_IM50/stream_gen_agrawal.arff,1,37500.0,10.734375,9.39733581617474E-9,37500.0,0.876,0.875523349436393,0.8755233494363929,0.7505632442870936,0.8755030759916572,0.8750643335048893,0.875523349436393,0.46,0.54,37500.0,3384.0
meta.imbalanced.OnlineRUSBoost -l (trees.HoeffdingTree -e 2000000 -g 100 -c 0.01),ArffFileStream -f ./../../../Dataset/Synthetic_IM50/stream_gen_agrawal.arff,1,38000.0,10.84375,9.493087418377395E-9,38000.0,0.864,0.8628216874829211,0.862821687482921,0.7264374104887115,0.8626476687884548,0.8637103401601702,0.8628216874829211,0.466,0.534,38000.0,3384.0
meta.imbalanced.OnlineRUSBoost -l (trees.HoeffdingTree -e 2000000 -g 100 -c 0.01),ArffFileStream -f ./../../../Dataset/Synthetic_IM50/stream_gen_agrawal.arff,1,38500.0,10.96875,9.602517820894713E-9,38500.0,0.888,0.887933799473988,0.887933799473988,0.7755690926579032,0.8879327283738281,0.8876602564102565,0.887933799473988,0.524,0.476,38500.0,3384.0
meta.imbalanced.OnlineRUSBoost -l (trees.HoeffdingTree -e 2000000 -g 100 -c 0.01),ArffFileStream -f ./../../../Dataset/Synthetic_IM50/stream_gen_agrawal.arff,1,39000.0,11.09375,9.711948223412032E-9,39000.0,0.87,0.871474358974359,0.8714743589743589,0.7404567960389714,0.8706945356202567,0.8715994164702865,0.871474358974359,0.48,0.52,39000.0,3384.0
meta.imbalanced.OnlineRUSBoost -l (trees.HoeffdingTree -e 2000000 -g 100 -c 0.01),ArffFileStream -f ./../../../Dataset/Synthetic_IM50/stream_gen_agrawal.arff,1,39500.0,11.21875,9.82137862592935E-9,39500.0,0.864,0.8640458247331957,0.8640458247331957,0.7280217582593392,0.8639698739557357,0.8641856742697078,0.8640458247331957,0.498,0.502,39500.0,3384.0
meta.imbalanced.OnlineRUSBoost -l (trees.HoeffdingTree -e 2000000 -g 100 -c 0.01),ArffFileStream -f ./../../../Dataset/Synthetic_IM50/stream_gen_agrawal.arff,1,40000.0,11.328125,9.917130228132005E-9,40000.0,0.872,0.8719499511992193,0.8719499511992193,0.7439713247883764,0.8718601735614467,0.8722358328929881,0.8719499511992193,0.498,0.502,40000.0,3384.0
meta.imbalanced.OnlineRUSBoost -l (trees.HoeffdingTree -e 2000000 -g 100 -c 0.01),ArffFileStream -f ./../../../Dataset/Synthetic_IM50/stream_gen_agrawal.arff,1,40500.0,11.4375,1.0012881830334659E-8,40500.0,0.854,0.8539576633226131,0.8539576633226132,0.7079719653086697,0.8538920693545864,0.854155993852459,0.8539576633226131,0.502,0.498,40500.0,3384.0
meta.imbalanced.OnlineRUSBoost -l (trees.HoeffdingTree -e 2000000 -g 100 -c 0.01),ArffFileStream -f ./../../../Dataset/Synthetic_IM50/stream_gen_agrawal.arff,1,41000.0,11.53125,1.0094954632222648E-8,41000.0,0.864,0.8639011586966263,0.8639011586966263,0.7278955118765607,0.86387907110004,0.8640176741803278,0.8639011586966263,0.492,0.508,41000.0,3384.0
meta.imbalanced.OnlineRUSBoost -l (trees.HoeffdingTree -e 2000000 -g 100 -c 0.01),ArffFileStream -f ./../../../Dataset/Synthetic_IM50/stream_gen_agrawal.arff,1,41500.0,11.625,1.0177027434110637E-8,41500.0,0.896,0.895673076923077,0.8956730769230768,0.7915998717537672,0.8956357862091384,0.8959522740393868,0.895673076923077,0.48,0.52,41500.0,3384.0
meta.imbalanced.OnlineRUSBoost -l (trees.HoeffdingTree -e 2000000 -g 100 -c 0.01),ArffFileStream -f ./../../../Dataset/Synthetic_IM50/stream_gen_agrawal.arff,1,42000.0,11.71875,1.0259100235998626E-8,42000.0,0.858,0.857867614109212,0.857867614109212,0.7158727109745165,0.8578277113184619,0.8580567164657091,0.857867614109212,0.508,0.492,42000.0,3384.0
meta.imbalanced.OnlineRUSBoost -l (trees.HoeffdingTree -e 2000000 -g 100 -c 0.01),ArffFileStream -f ./../../../Dataset/Synthetic_IM50/stream_gen_agrawal.arff,1,42500.0,11.84375,1.0368530638515944E-8,42500.0,0.854,0.8548335184022917,0.8548335184022916,0.7072881247193173,0.8547631610423323,0.8531456211160229,0.8548335184022917,0.462,0.538,42500.0,3384.0
meta.imbalanced.OnlineRUSBoost -l (trees.HoeffdingTree -e 2000000 -g 100 -c 0.01),ArffFileStream -f ./../../../Dataset/Synthetic_IM50/stream_gen_agrawal.arff,1,43000.0,11.9375,1.0450603440403933E-8,43000.0,0.858,0.858,0.8579999999999999,0.716,0.8577179023431888,0.8586944324211674,0.858,0.5,0.5,43000.0,3384.0
meta.imbalanced.OnlineRUSBoost -l (trees.HoeffdingTree -e 2000000 -g 100 -c 0.01),ArffFileStream -f ./../../../Dataset/Synthetic_IM50/stream_gen_agrawal.arff,1,43500.0,12.09375,1.0587391443550581E-8,43500.0,0.882,0.8826330532212885,0.8826330532212886,0.7642263427109974,0.8820653125966775,0.8833632689717108,0.8826330532212885,0.51,0.49,43500.0,3384.0
meta.imbalanced.OnlineRUSBoost -l (trees.HoeffdingTree -e 2000000 -g 100 -c 0.01),ArffFileStream -f ./../../../Dataset/Synthetic_IM50/stream_gen_agrawal.arff,1,44000.0,12.203125,1.0683143045753235E-8,44000.0,0.854,0.8539256628106049,0.853925662810605,0.7079532725236037,0.853723410419665,0.8544871794871796,0.8539256628106049,0.502,0.498,44000.0,3384.0
meta.imbalanced.OnlineRUSBoost -l (trees.HoeffdingTree -e 2000000 -g 100 -c 0.01),ArffFileStream -f ./../../../Dataset/Synthetic_IM50/stream_gen_agrawal.arff,1,44500.0,12.34375,1.080625224858522E-8,44500.0,0.88,0.8802721088435375,0.8802721088435375,0.760057586179317,0.8801669600428207,0.8801747451633035,0.8802721088435375,0.49,0.51,44500.0,3384.0
meta.imbalanced.OnlineRUSBoost -l (trees.HoeffdingTree -e 2000000 -g 100 -c 0.01),ArffFileStream -f ./../../../Dataset/Synthetic_IM50/stream_gen_agrawal.arff,1,45000.0,12.453125,1.0902003850787874E-8,45000.0,0.87,0.8698360025008416,0.8698360025008417,0.7395415932040391,0.8698280169713745,0.8697115384615385,0.8698360025008416,0.522,0.478,45000.0,3384.0
meta.imbalanced.OnlineRUSBoost -l (trees.HoeffdingTree -e 2000000 -g 100 -c 0.01),ArffFileStream -f ./../../../Dataset/Synthetic_IM50/stream_gen_agrawal.arff,1,45500.0,12.578125,1.1011434253305192E-8,45500.0,0.87,0.8704433339739894,0.8704433339739893,0.7400332757407052,0.8703330736970709,0.8700699211187379,0.8704433339739894,0.484,0.516,45500.0,3384.0
meta.imbalanced.OnlineRUSBoost -l (trees.HoeffdingTree -e 2000000 -g 100 -c 0.01),ArffFileStream -f ./../../../Dataset/Synthetic_IM50/stream_gen_agrawal.arff,1,46000.0,12.671875,1.1093507055193181E-8,46000.0,0.87,0.8691690084303493,0.8691690084303493,0.7388719267234453,0.8690586554472535,0.8697568193515183,0.8691690084303493,0.53,0.47,46000.0,3384.0
meta.imbalanced.OnlineRUSBoost -l (trees.HoeffdingTree -e 2000000 -g 100 -c 0.01),ArffFileStream -f ./../../../Dataset/Synthetic_IM50/stream_gen_agrawal.arff,1,46500.0,12.78125,1.1189258657395836E-8,46500.0,0.882,0.882187635105923,0.882187635105923,0.7639471241558109,0.8821621827824617,0.8819124423963134,0.882187635105923,0.486,0.514,46500.0,3384.0
meta.imbalanced.OnlineRUSBoost -l (trees.HoeffdingTree -e 2000000 -g 100 -c 0.01),ArffFileStream -f ./../../../Dataset/Synthetic_IM50/stream_gen_agrawal.arff,1,47000.0,12.890625,1.128501025959849E-8,47000.0,0.858,0.8585591645845345,0.8585591645845346,0.7161090141385708,0.8583813267692848,0.858243587076539,0.8585591645845345,0.516,0.484,47000.0,3384.0
meta.imbalanced.OnlineRUSBoost -l (trees.HoeffdingTree -e 2000000 -g 100 -c 0.01),ArffFileStream -f ./../../../Dataset/Synthetic_IM50/stream_gen_agrawal.arff,1,47500.0,13.015625,1.1394440662115809E-8,47500.0,0.866,0.8658771577679647,0.8658771577679647,0.7312259306803595,0.8658747372560455,0.8654018859452177,0.8658771577679647,0.47,0.53,47500.0,3384.0
meta.imbalanced.OnlineRUSBoost -l (trees.HoeffdingTree -e 2000000 -g 100 -c 0.01),ArffFileStream -f ./../../../Dataset/Synthetic_IM50/stream_gen_agrawal.arff,1,48000.0,13.15625,1.1517549864947793E-8,48000.0,0.774,0.773654545163408,0.7736545451634081,0.5474931923754606,0.7735561628501666,0.7738782051282052,0.773654545163408,0.486,0.514,48000.0,3384.0
meta.imbalanced.OnlineRUSBoost -l (trees.HoeffdingTree -e 2000000 -g 100 -c 0.01),ArffFileStream -f ./../../../Dataset/Synthetic_IM50/stream_gen_agrawal.arff,1,48500.0,13.28125,1.1626980267465111E-8,48500.0,0.846,0.846433886479653,0.8464338864796531,0.6922363624736203,0.8456612682328574,0.8478086241244136,0.846433886479653,0.494,0.506,48500.0,3384.0
meta.imbalanced.OnlineRUSBoost -l (trees.HoeffdingTree -e 2000000 -g 100 -c 0.01),ArffFileStream -f ./../../../Dataset/Synthetic_IM50/stream_gen_agrawal.arff,1,49000.0,13.390625,1.1722731869667766E-8,49000.0,0.852,0.8526415427315461,0.852641542731546,0.7038151806727397,0.8525522798833995,0.8517386503656525,0.8526415427315461,0.474,0.526,49000.0,3384.0
meta.imbalanced.OnlineRUSBoost -l (trees.HoeffdingTree -e 2000000 -g 100 -c 0.01),ArffFileStream -f ./../../../Dataset/Synthetic_IM50/stream_gen_agrawal.arff,1,49500.0,13.515625,1.1832162272185084E-8,49500.0,0.852,0.8518305171530978,0.8518305171530978,0.7038862923362571,0.8515670323881037,0.8526204374879722,0.8518305171530978,0.504,0.496,49500.0,3384.0
meta.imbalanced.OnlineRUSBoost -l (trees.HoeffdingTree -e 2000000 -g 100 -c 0.01),ArffFileStream -f ./../../../Dataset/Synthetic_IM50/stream_gen_agrawal.arff,1,50000.0,13.625,1.1927913874387739E-8,50000.0,0.826,0.8258448540706604,0.8258448540706606,0.6518774608662249,0.8256171177925106,0.8264560188524984,0.8258448540706604,0.504,0.496,50000.0,3384.0
meta.imbalanced.OnlineRUSBoost -l (trees.HoeffdingTree -e 2000000 -g 100 -c 0.01),ArffFileStream -f ./../../../Dataset/Synthetic_IM50/stream_gen_agrawal.arff,1,50500.0,13.734375,1.2023665476590393E-8,50500.0,0.846,0.843952830794936,0.8439528307949361,0.689856286653348,0.8433464360707356,0.8465865859383853,0.843952830794936,0.532,0.468,50500.0,3384.0
meta.imbalanced.OnlineRUSBoost -l (trees.HoeffdingTree -e 2000000 -g 100 -c 0.01),ArffFileStream -f ./../../../Dataset/Synthetic_IM50/stream_gen_agrawal.arff,1,51000.0,13.859375,1.2133095879107712E-8,51000.0,0.84,0.8383148032279284,0.8383148032279283,0.6783273019702453,0.8376881608413818,0.8408080808080809,0.8383148032279284,0.526,0.474,51000.0,3384.0
meta.imbalanced.OnlineRUSBoost -l (trees.HoeffdingTree -e 2000000 -g 100 -c 0.01),ArffFileStream -f ./../../../Dataset/Synthetic_IM50/stream_gen_agrawal.arff,1,51500.0,13.953125,1.22151686809957E-8,51500.0,0.862,0.8624351335767826,0.8624351335767826,0.7240353234785948,0.862327928390951,0.8620697931166899,0.8624351335767826,0.484,0.516,51500.0,3384.0
meta.imbalanced.OnlineRUSBoost -l (trees.HoeffdingTree -e 2000000 -g 100 -c 0.01),ArffFileStream -f ./../../../Dataset/Synthetic_IM50/stream_gen_agrawal.arff,1,52000.0,14.078125,1.2324599083513019E-8,52000.0,0.876,0.8760041128462182,0.8760041128462182,0.7512357963664377,0.8760041104890592,0.8753287574571813,0.8760041128462182,0.532,0.468,52000.0,3384.0
meta.imbalanced.OnlineRUSBoost -l (trees.HoeffdingTree -e 2000000 -g 100 -c 0.01),ArffFileStream -f ./../../../Dataset/Synthetic_IM50/stream_gen_agrawal.arff,1,52500.0,14.203125,1.2434029486030337E-8,52500.0,0.856,0.8561024409763905,0.8561024409763907,0.7119769581566525,0.856087118266374,0.8559656954511272,0.8561024409763905,0.49,0.51,52500.0,3384.0
meta.imbalanced.OnlineRUSBoost -l (trees.HoeffdingTree -e 2000000 -g 100 -c 0.01),ArffFileStream -f ./../../../Dataset/Synthetic_IM50/stream_gen_agrawal.arff,1,53000.0,14.328125,1.2543459888547656E-8,53000.0,0.884,0.8832459641866655,0.8832459641866655,0.7673037728884824,0.8830796965148549,0.8842809149507322,0.8832459641866655,0.522,0.478,53000.0,3384.0
meta.imbalanced.OnlineRUSBoost -l (trees.HoeffdingTree -e 2000000 -g 100 -c 0.01),ArffFileStream -f ./../../../Dataset/Synthetic_IM50/stream_gen_agrawal.arff,1,53500.0,14.453125,1.2652890291064974E-8,53500.0,0.868,0.8670619893971865,0.8670619893971866,0.7341239787943731,0.8669900784864522,0.8670619893971865,0.8670619893971865,0.542,0.458,53500.0,3384.0
meta.imbalanced.OnlineRUSBoost -l (trees.HoeffdingTree -e 2000000 -g 100 -c 0.01),ArffFileStream -f ./../../../Dataset/Synthetic_IM50/stream_gen_agrawal.arff,1,54000.0,14.609375,1.2789678294211622E-8,54000.0,0.878,0.8790859103223841,0.8790859103223843,0.756171655154771,0.8787394074376157,0.878448882914026,0.8790859103223841,0.478,0.522,54000.0,3384.0
meta.imbalanced.OnlineRUSBoost -l (trees.HoeffdingTree -e 2000000 -g 100 -c 0.01),ArffFileStream -f ./../../../Dataset/Synthetic_IM50/stream_gen_agrawal.arff,1,54500.0,14.71875,1.2885429896414277E-8,54500.0,0.862,0.859206471494607,0.8592064714946072,0.7218190614417029,0.8577571355249186,0.8652386780905752,0.859206471494607,0.528,0.472,54500.0,3384.0
meta.imbalanced.OnlineRUSBoost -l (trees.HoeffdingTree -e 2000000 -g 100 -c 0.01),ArffFileStream -f ./../../../Dataset/Synthetic_IM50/stream_gen_agrawal.arff,1,55000.0,14.859375,1.3008539099246261E-8,55000.0,0.864,0.863933822941167,0.863933822941167,0.7279608263589957,0.8637753977319588,0.8644002627405116,0.863933822941167,0.502,0.498,55000.0,3384.0
meta.imbalanced.OnlineRUSBoost -l (trees.HoeffdingTree -e 2000000 -g 100 -c 0.01),ArffFileStream -f ./../../../Dataset/Synthetic_IM50/stream_gen_agrawal.arff,1,55500.0,15.0,1.3131648302078245E-8,55500.0,0.862,0.8621991807475679,0.8621991807475679,0.7240971178145292,0.8618396237829726,0.8628785328395774,0.8621991807475679,0.496,0.504,55500.0,3384.0
meta.imbalanced.OnlineRUSBoost -l (trees.HoeffdingTree -e 2000000 -g 100 -c 0.01),ArffFileStream -f ./../../../Dataset/Synthetic_IM50/stream_gen_agrawal.arff,1,56000.0,15.125,1.3241078704595564E-8,56000.0,0.91,0.91,0.9099999999999999,0.82,0.9099450532861861,0.9101640656262505,0.91,0.5,0.5,56000.0,3384.0
meta.imbalanced.OnlineRUSBoost -l (trees.HoeffdingTree -e 2000000 -g 100 -c 0.01),ArffFileStream -f ./../../../Dataset/Synthetic_IM50/stream_gen_agrawal.arff,1,56500.0,15.234375,1.3336830306798218E-8,56500.0,0.886,0.8859126984126984,0.8859126984126984,0.7719489165573088,0.8858454843945541,0.8861907735664761,0.8859126984126984,0.496,0.504,56500.0,3384.0
meta.imbalanced.OnlineRUSBoost -l (trees.HoeffdingTree -e 2000000 -g 100 -c 0.01),ArffFileStream -f ./../../../Dataset/Synthetic_IM50/stream_gen_agrawal.arff,1,57000.0,15.359375,1.3446260709315536E-8,57000.0,0.88,0.8809977731139557,0.8809977731139557,0.7602416763901987,0.8805616980198545,0.8808025491985716,0.8809977731139557,0.482,0.518,57000.0,3384.0
meta.imbalanced.OnlineRUSBoost -l (trees.HoeffdingTree -e 2000000 -g 100 -c 0.01),ArffFileStream -f ./../../../Dataset/Synthetic_IM50/stream_gen_agrawal.arff,1,57500.0,15.46875,1.3542012311518191E-8,57500.0,0.88,0.8795986622073578,0.8795986622073579,0.7597809201992217,0.8789625992248591,0.8817489821207294,0.8795986622073578,0.506,0.494,57500.0,3384.0
meta.imbalanced.OnlineRUSBoost -l (trees.HoeffdingTree -e 2000000 -g 100 -c 0.01),ArffFileStream -f ./../../../Dataset/Synthetic_IM50/stream_gen_agrawal.arff,1,58000.0,15.578125,1.3637763913720845E-8,58000.0,0.87,0.8689323537520881,0.8689323537520881,0.7368250574936028,0.8688836081997365,0.8679477225672878,0.8689323537520881,0.442,0.558,58000.0,3384.0
meta.imbalanced.OnlineRUSBoost -l (trees.HoeffdingTree -e 2000000 -g 100 -c 0.01),ArffFileStream -f ./../../../Dataset/Synthetic_IM50/stream_gen_agrawal.arff,1,58500.0,15.671875,1.3719836715608834E-8,58500.0,0.874,0.873612803900186,0.873612803900186,0.7473694341075324,0.873575561321471,0.8737626542170027,0.873612803900186,0.476,0.524,58500.0,3384.0
meta.imbalanced.OnlineRUSBoost -l (trees.HoeffdingTree -e 2000000 -g 100 -c 0.01),ArffFileStream -f ./../../../Dataset/Synthetic_IM50/stream_gen_agrawal.arff,1,59000.0,15.796875,1.3829267118126153E-8,59000.0,0.89,0.8896004098360656,0.8896004098360656,0.7797250969209574,0.8894445909261964,0.8904317273908648,0.8896004098360656,0.488,0.512,59000.0,3384.0
meta.imbalanced.OnlineRUSBoost -l (trees.HoeffdingTree -e 2000000 -g 100 -c 0.01),ArffFileStream -f ./../../../Dataset/Synthetic_IM50/stream_gen_agrawal.arff,1,59500.0,15.9375,1.3952376320958137E-8,59500.0,0.864,0.8640053802180909,0.864005380218091,0.7278475946530056,0.8640053588514004,0.8638655462184874,0.8640053802180909,0.514,0.486,59500.0,3384.0
meta.imbalanced.OnlineRUSBoost -l (trees.HoeffdingTree -e 2000000 -g 100 -c 0.01),ArffFileStream -f ./../../../Dataset/Synthetic_IM50/stream_gen_agrawal.arff,1,60000.0,16.078125,1.4075485523790121E-8,60000.0,0.884,0.884125256147541,0.884125256147541,0.7679554474459096,0.8841098520731385,0.8839285714285714,0.884125256147541,0.512,0.488,60000.0,3384.0
meta.imbalanced.OnlineRUSBoost -l (trees.HoeffdingTree -e 2000000 -g 100 -c 0.01),ArffFileStream -f ./../../../Dataset/Synthetic_IM50/stream_gen_agrawal.arff,1,60500.0,16.203125,1.418491592630744E-8,60500.0,0.888,0.8879608294930876,0.8879608294930875,0.7759713243295142,0.8879473299861277,0.8880353370462839,0.8879608294930876,0.504,0.496,60500.0,3384.0
meta.imbalanced.OnlineRUSBoost -l (trees.HoeffdingTree -e 2000000 -g 100 -c 0.01),ArffFileStream -f ./../../../Dataset/Synthetic_IM50/stream_gen_agrawal.arff,1,61000.0,16.375,1.4335382729768753E-8,61000.0,0.866,0.866,0.8659999999999999,0.732,0.8659976905280983,0.8660058560936975,0.866,0.5,0.5,61000.0,3384.0
meta.imbalanced.OnlineRUSBoost -l (trees.HoeffdingTree -e 2000000 -g 100 -c 0.01),ArffFileStream -f ./../../../Dataset/Synthetic_IM50/stream_gen_agrawal.arff,1,61500.0,16.53125,1.4472170732915401E-8,61500.0,0.858,0.8577093368364715,0.8577093368364717,0.7130710290646923,0.8577056767208328,0.8556501547987616,0.8577093368364715,0.442,0.558,61500.0,3384.0
meta.imbalanced.OnlineRUSBoost -l (trees.HoeffdingTree -e 2000000 -g 100 -c 0.01),ArffFileStream -f ./../../../Dataset/Synthetic_IM50/stream_gen_agrawal.arff,1,62000.0,16.671875,1.4595279935747385E-8,62000.0,0.89,0.8900382406118498,0.8900382406118499,0.7800140790989377,0.8899868949747359,0.8901318737596824,0.8900382406118498,0.498,0.502,62000.0,3384.0
meta.imbalanced.OnlineRUSBoost -l (trees.HoeffdingTree -e 2000000 -g 100 -c 0.01),ArffFileStream -f ./../../../Dataset/Synthetic_IM50/stream_gen_agrawal.arff,1,62500.0,16.828125,1.4732067938894033E-8,62500.0,0.84,0.8404570258117169,0.8404570258117169,0.6802609070998066,0.8395936565512924,0.8419893587950684,0.8404570258117169,0.494,0.506,62500.0,3384.0
meta.imbalanced.OnlineRUSBoost -l (trees.HoeffdingTree -e 2000000 -g 100 -c 0.01),ArffFileStream -f ./../../../Dataset/Synthetic_IM50/stream_gen_agrawal.arff,1,63000.0,17.0,1.4882534742355347E-8,63000.0,0.878,0.8780712284913965,0.8780712284913965,0.7559609537526004,0.8780640059582353,0.8779441884280594,0.8780712284913965,0.51,0.49,63000.0,3384.0
meta.imbalanced.OnlineRUSBoost -l (trees.HoeffdingTree -e 2000000 -g 100 -c 0.01),ArffFileStream -f ./../../../Dataset/Synthetic_IM50/stream_gen_agrawal.arff,1,63500.0,17.171875,1.503300154581666E-8,63500.0,0.854,0.8540509833416012,0.8540509833416012,0.708,0.8540404155802745,0.854,0.8540509833416012,0.494,0.506,63500.0,3384.0
meta.imbalanced.OnlineRUSBoost -l (trees.HoeffdingTree -e 2000000 -g 100 -c 0.01),ArffFileStream -f ./../../../Dataset/Synthetic_IM50/stream_gen_agrawal.arff,1,64000.0,17.265625,1.511507434770465E-8,64000.0,0.794,0.7935867895545314,0.7935867895545315,0.5876437241776895,0.7919041199391826,0.7970325881076881,0.7935867895545314,0.504,0.496,64000.0,3384.0
meta.imbalanced.OnlineRUSBoost -l (trees.HoeffdingTree -e 2000000 -g 100 -c 0.01),ArffFileStream -f ./../../../Dataset/Synthetic_IM50/stream_gen_agrawal.arff,1,64500.0,17.375,1.5210825949907302E-8,64500.0,0.834,0.8339093425494808,0.8339093425494809,0.6679362437588017,0.8336012945394771,0.83467509141061,0.8339093425494808,0.502,0.498,64500.0,3384.0
meta.imbalanced.OnlineRUSBoost -l (trees.HoeffdingTree -e 2000000 -g 100 -c 0.01),ArffFileStream -f ./../../../Dataset/Synthetic_IM50/stream_gen_agrawal.arff,1,65000.0,17.515625,1.5333935152739287E-8,65000.0,0.82,0.8203131272581292,0.8203131272581293,0.6393941822261399,0.8202965262681706,0.8194104177675298,0.8203131272581292,0.47,0.53,65000.0,3384.0
meta.imbalanced.OnlineRUSBoost -l (trees.HoeffdingTree -e 2000000 -g 100 -c 0.01),ArffFileStream -f ./../../../Dataset/Synthetic_IM50/stream_gen_agrawal.arff,1,65500.0,17.671875,1.5470723155885936E-8,65500.0,0.838,0.8295699627475328,0.8295699627475328,0.6657974650118827,0.8275017619724911,0.8379236400797441,0.8295699627475328,0.572,0.428,65500.0,3384.0
meta.imbalanced.OnlineRUSBoost -l (trees.HoeffdingTree -e 2000000 -g 100 -c 0.01),ArffFileStream -f ./../../../Dataset/Synthetic_IM50/stream_gen_agrawal.arff,1,66000.0,17.796875,1.5580153558403255E-8,66000.0,0.812,0.8078501424226332,0.8078501424226332,0.6194886575235998,0.8060026814488747,0.8137063579264993,0.8078501424226332,0.538,0.462,66000.0,3384.0
meta.imbalanced.OnlineRUSBoost -l (trees.HoeffdingTree -e 2000000 -g 100 -c 0.01),ArffFileStream -f ./../../../Dataset/Synthetic_IM50/stream_gen_agrawal.arff,1,66500.0,17.921875,1.5689583960920573E-8,66500.0,0.84,0.839544894464803,0.839544894464803,0.6796771145314477,0.8386878377618494,0.8419085064213088,0.839544894464803,0.506,0.494,66500.0,3384.0
meta.imbalanced.OnlineRUSBoost -l (trees.HoeffdingTree -e 2000000 -g 100 -c 0.01),ArffFileStream -f ./../../../Dataset/Synthetic_IM50/stream_gen_agrawal.arff,1,67000.0,18.0625,1.5812693163752557E-8,67000.0,0.854,0.8536866359447005,0.8536866359447004,0.7078036440488008,0.8527875138501981,0.8561771862260107,0.8536866359447005,0.504,0.496,67000.0,3384.0
meta.imbalanced.OnlineRUSBoost -l (trees.HoeffdingTree -e 2000000 -g 100 -c 0.01),ArffFileStream -f ./../../../Dataset/Synthetic_IM50/stream_gen_agrawal.arff,1,67500.0,18.171875,1.590844476595521E-8,67500.0,0.838,0.8363604330834775,0.8363604330834775,0.6747092462892759,0.8347895534593917,0.8412632639464405,0.8363604330834775,0.516,0.484,67500.0,3384.0
meta.imbalanced.OnlineRUSBoost -l (trees.HoeffdingTree -e 2000000 -g 100 -c 0.01),ArffFileStream -f ./../../../Dataset/Synthetic_IM50/stream_gen_agrawal.arff,1,68000.0,18.296875,1.601787516847253E-8,68000.0,0.85,0.8473365928975811,0.8473365928975811,0.6972974718284847,0.8465287419588476,0.8509319293456181,0.8473365928975811,0.536,0.464,68000.0,3384.0
meta.imbalanced.OnlineRUSBoost -l (trees.HoeffdingTree -e 2000000 -g 100 -c 0.01),ArffFileStream -f ./../../../Dataset/Synthetic_IM50/stream_gen_agrawal.arff,1,68500.0,18.4375,1.6140984371304513E-8,68500.0,0.83,0.8313454848586864,0.8313454848586865,0.6604780469099508,0.8307829004262861,0.8310429880197322,0.8313454848586864,0.478,0.522,68500.0,3384.0
meta.imbalanced.OnlineRUSBoost -l (trees.HoeffdingTree -e 2000000 -g 100 -c 0.01),ArffFileStream -f ./../../../Dataset/Synthetic_IM50/stream_gen_agrawal.arff,1,69000.0,18.546875,1.6236735973507166E-8,69000.0,0.86,0.860344137655062,0.860344137655062,0.7201119552179128,0.860172051617206,0.860344137655062,0.860344137655062,0.49,0.51,69000.0,3384.0
meta.imbalanced.OnlineRUSBoost -l (trees.HoeffdingTree -e 2000000 -g 100 -c 0.01),ArffFileStream -f ./../../../Dataset/Synthetic_IM50/stream_gen_agrawal.arff,1,69500.0,18.671875,1.6346166376024484E-8,69500.0,0.878,0.8778727354202676,0.8778727354202676,0.7558906390062748,0.8778367005895019,0.8780724087684745,0.8778727354202676,0.492,0.508,69500.0,3384.0
meta.imbalanced.OnlineRUSBoost -l (trees.HoeffdingTree -e 2000000 -g 100 -c 0.01),ArffFileStream -f ./../../../Dataset/Synthetic_IM50/stream_gen_agrawal.arff,1,70000.0,18.78125,1.6441917978227137E-8,70000.0,0.874,0.874,0.874,0.748,0.8736131867136622,0.8750140379586402,0.874,0.5,0.5,70000.0,3384.0
meta.imbalanced.OnlineRUSBoost -l (trees.HoeffdingTree -e 2000000 -g 100 -c 0.01),ArffFileStream -f ./../../../Dataset/Synthetic_IM50/stream_gen_agrawal.arff,1,70500.0,18.875,1.6523990780115127E-8,70500.0,0.898,0.8980414746543779,0.8980414746543779,0.7960065277911107,0.8980265101338746,0.8980223683578937,0.8980414746543779,0.504,0.496,70500.0,3384.0
meta.imbalanced.OnlineRUSBoost -l (trees.HoeffdingTree -e 2000000 -g 100 -c 0.01),ArffFileStream -f ./../../../Dataset/Synthetic_IM50/stream_gen_agrawal.arff,1,71000.0,19.015625,1.664709998294711E-8,71000.0,0.872,0.8719918074756785,0.8719918074756785,0.7439836149513569,0.871991206145148,0.8719918074756785,0.8719918074756785,0.496,0.504,71000.0,3384.0
meta.imbalanced.OnlineRUSBoost -l (trees.HoeffdingTree -e 2000000 -g 100 -c 0.01),ArffFileStream -f ./../../../Dataset/Synthetic_IM50/stream_gen_agrawal.arff,1,71500.0,19.125,1.6742851585149764E-8,71500.0,0.88,0.878723813184701,0.878723813184701,0.7591986129840108,0.8778183517220558,0.8824728260869565,0.878723813184701,0.516,0.484,71500.0,3384.0
meta.imbalanced.OnlineRUSBoost -l (trees.HoeffdingTree -e 2000000 -g 100 -c 0.01),ArffFileStream -f ./../../../Dataset/Synthetic_IM50/stream_gen_agrawal.arff,1,72000.0,19.25,1.6852281987667083E-8,72000.0,0.874,0.8739754098360656,0.8739754098360656,0.7478789819113174,0.8739748092554583,0.8739095638255302,0.8739754098360656,0.512,0.488,72000.0,3384.0
meta.imbalanced.OnlineRUSBoost -l (trees.HoeffdingTree -e 2000000 -g 100 -c 0.01),ArffFileStream -f ./../../../Dataset/Synthetic_IM50/stream_gen_agrawal.arff,1,72500.0,19.390625,1.6975391190499067E-8,72500.0,0.864,0.8641056422569027,0.8641056422569028,0.7279782382590607,0.8640894978323169,0.8639658234531753,0.8641056422569027,0.49,0.51,72500.0,3384.0
meta.imbalanced.OnlineRUSBoost -l (trees.HoeffdingTree -e 2000000 -g 100 -c 0.01),ArffFileStream -f ./../../../Dataset/Synthetic_IM50/stream_gen_agrawal.arff,1,73000.0,19.53125,1.709850039333105E-8,73000.0,0.878,0.8781682027649769,0.878168202764977,0.756070251767491,0.8779164693687778,0.878634710584918,0.8781682027649769,0.496,0.504,73000.0,3384.0
meta.imbalanced.OnlineRUSBoost -l (trees.HoeffdingTree -e 2000000 -g 100 -c 0.01),ArffFileStream -f ./../../../Dataset/Synthetic_IM50/stream_gen_agrawal.arff,1,73500.0,19.671875,1.7221609596163035E-8,73500.0,0.86,0.8579899772796855,0.8579899772796855,0.7174365846963654,0.8576562316204045,0.8596590633145004,0.8579899772796855,0.542,0.458,73500.0,3384.0
meta.imbalanced.OnlineRUSBoost -l (trees.HoeffdingTree -e 2000000 -g 100 -c 0.01),ArffFileStream -f ./../../../Dataset/Synthetic_IM50/stream_gen_agrawal.arff,1,74000.0,19.78125,1.7317361198365688E-8,74000.0,0.84,0.8406201848998459,0.8406201848998459,0.6797130228684901,0.8405472298500714,0.8396389475705781,0.8406201848998459,0.472,0.528,74000.0,3384.0
meta.imbalanced.OnlineRUSBoost -l (trees.HoeffdingTree -e 2000000 -g 100 -c 0.01),ArffFileStream -f ./../../../Dataset/Synthetic_IM50/stream_gen_agrawal.arff,1,74500.0,19.921875,1.7440470401197672E-8,74500.0,0.87,0.8701480592236894,0.8701480592236894,0.74,0.8701165675565858,0.87,0.8701480592236894,0.49,0.51,74500.0,3384.0
meta.imbalanced.OnlineRUSBoost -l (trees.HoeffdingTree -e 2000000 -g 100 -c 0.01),ArffFileStream -f ./../../../Dataset/Synthetic_IM50/stream_gen_agrawal.arff,1,75000.0,20.046875,1.754990080371499E-8,75000.0,0.896,0.8961222393425783,0.8961222393425784,0.7915330339961514,0.8961195807649239,0.8955128205128204,0.8961222393425783,0.472,0.528,75000.0,3384.0
meta.imbalanced.OnlineRUSBoost -l (trees.HoeffdingTree -e 2000000 -g 100 -c 0.01),ArffFileStream -f ./../../../Dataset/Synthetic_IM50/stream_gen_agrawal.arff,1,75500.0,20.171875,1.765933120623231E-8,75500.0,0.896,0.8960304879025156,0.8960304879025156,0.7918834547346514,0.896029826316359,0.8958783513405362,0.8960304879025156,0.486,0.514,75500.0,3384.0
meta.imbalanced.OnlineRUSBoost -l (trees.HoeffdingTree -e 2000000 -g 100 -c 0.01),ArffFileStream -f ./../../../Dataset/Synthetic_IM50/stream_gen_agrawal.arff,1,76000.0,20.296875,1.7768761608749627E-8,76000.0,0.844,0.8434292485308482,0.8434292485308482,0.6874749579293212,0.8431828927310052,0.844399839421919,0.8434292485308482,0.514,0.486,76000.0,3384.0
meta.imbalanced.OnlineRUSBoost -l (trees.HoeffdingTree -e 2000000 -g 100 -c 0.01),ArffFileStream -f ./../../../Dataset/Synthetic_IM50/stream_gen_agrawal.arff,1,76500.0,20.4375,1.789187081158161E-8,76500.0,0.844,0.8440735465907091,0.8440735465907091,0.6880149752811865,0.8440512951549775,0.8440295044720716,0.8440735465907091,0.494,0.506,76500.0,3384.0
meta.imbalanced.OnlineRUSBoost -l (trees.HoeffdingTree -e 2000000 -g 100 -c 0.01),ArffFileStream -f ./../../../Dataset/Synthetic_IM50/stream_gen_agrawal.arff,1,77000.0,20.625,1.805601641535759E-8,77000.0,0.854,0.8540376646026336,0.8540376646026336,0.7080186868040446,0.8539857543698833,0.8541226553997824,0.8540376646026336,0.498,0.502,77000.0,3384.0
meta.imbalanced.OnlineRUSBoost -l (trees.HoeffdingTree -e 2000000 -g 100 -c 0.01),ArffFileStream -f ./../../../Dataset/Synthetic_IM50/stream_gen_agrawal.arff,1,77500.0,20.765625,1.8179125618189573E-8,77500.0,0.854,0.854058639011587,0.854058639011587,0.7079813108038915,0.8540507754800866,0.8539736635786173,0.854058639011587,0.508,0.492,77500.0,3384.0
meta.imbalanced.OnlineRUSBoost -l (trees.HoeffdingTree -e 2000000 -g 100 -c 0.01),ArffFileStream -f ./../../../Dataset/Synthetic_IM50/stream_gen_agrawal.arff,1,78000.0,20.890625,1.828855602070689E-8,78000.0,0.872,0.8719819517112274,0.8719819517112274,0.7439877114101476,0.8719702777702031,0.8720295722584053,0.8719819517112274,0.502,0.498,78000.0,3384.0
meta.imbalanced.OnlineRUSBoost -l (trees.HoeffdingTree -e 2000000 -g 100 -c 0.01),ArffFileStream -f ./../../../Dataset/Synthetic_IM50/stream_gen_agrawal.arff,1,78500.0,21.078125,1.845270162448287E-8,78500.0,0.832,0.8320133122129953,0.8320133122129953,0.6640053759139853,0.832006656079873,0.8320133122129953,0.8320133122129953,0.498,0.502,78500.0,3384.0
meta.imbalanced.OnlineRUSBoost -l (trees.HoeffdingTree -e 2000000 -g 100 -c 0.01),ArffFileStream -f ./../../../Dataset/Synthetic_IM50/stream_gen_agrawal.arff,1,79000.0,21.1875,1.8548453226685522E-8,79000.0,0.86,0.8593439682234608,0.8593439682234608,0.7194253831847623,0.8590993918094504,0.8604524130839921,0.8593439682234608,0.516,0.484,79000.0,3384.0
meta.imbalanced.OnlineRUSBoost -l (trees.HoeffdingTree -e 2000000 -g 100 -c 0.01),ArffFileStream -f ./../../../Dataset/Synthetic_IM50/stream_gen_agrawal.arff,1,79500.0,21.296875,1.8644204828888175E-8,79500.0,0.868,0.8684042008196722,0.8684042008196722,0.7361013370865588,0.8682408727506176,0.8682862812880098,0.8684042008196722,0.488,0.512,79500.0,3384.0
meta.imbalanced.OnlineRUSBoost -l (trees.HoeffdingTree -e 2000000 -g 100 -c 0.01),ArffFileStream -f ./../../../Dataset/Synthetic_IM50/stream_gen_agrawal.arff,1,80000.0,21.453125,1.8780992832034825E-8,80000.0,0.866,0.8663588920112405,0.8663588920112405,0.731484450144277,0.8663382428495728,0.8654141841245435,0.8663588920112405,0.47,0.53,80000.0,3384.0
meta.imbalanced.OnlineRUSBoost -l (trees.HoeffdingTree -e 2000000 -g 100 -c 0.01),ArffFileStream -f ./../../../Dataset/Synthetic_IM50/stream_gen_agrawal.arff,1,80500.0,21.578125,1.8890423234552143E-8,80500.0,0.874,0.8741039426523298,0.8741039426523298,0.748040313549832,0.8740073734751264,0.8742296918767507,0.8741039426523298,0.496,0.504,80500.0,3384.0
meta.imbalanced.OnlineRUSBoost -l (trees.HoeffdingTree -e 2000000 -g 100 -c 0.01),ArffFileStream -f ./../../../Dataset/Synthetic_IM50/stream_gen_agrawal.arff,1,81000.0,21.71875,1.9013532437384127E-8,81000.0,0.862,0.8618247298919568,0.8618247298919568,0.7238232468780019,0.8617801726811836,0.8620507399577166,0.8618247298919568,0.51,0.49,81000.0,3384.0
meta.imbalanced.OnlineRUSBoost -l (trees.HoeffdingTree -e 2000000 -g 100 -c 0.01),ArffFileStream -f ./../../../Dataset/Synthetic_IM50/stream_gen_agrawal.arff,1,81500.0,21.84375,1.9122962839901446E-8,81500.0,0.842,0.8420441626234969,0.8420441626234969,0.68385836854911,0.8420426854579051,0.8418635170603674,0.8420441626234969,0.514,0.486,81500.0,3384.0
meta.imbalanced.OnlineRUSBoost -l (trees.HoeffdingTree -e 2000000 -g 100 -c 0.01),ArffFileStream -f ./../../../Dataset/Synthetic_IM50/stream_gen_agrawal.arff,1,82000.0,21.953125,1.92187144421041E-8,82000.0,0.87,0.8705494364754098,0.8705494364754098,0.7401746026670077,0.8702483687779344,0.8706265712318457,0.8705494364754098,0.512,0.488,82000.0,3384.0
meta.imbalanced.OnlineRUSBoost -l (trees.HoeffdingTree -e 2000000 -g 100 -c 0.01),ArffFileStream -f ./../../../Dataset/Synthetic_IM50/stream_gen_agrawal.arff,1,82500.0,22.109375,1.9355502445250748E-8,82500.0,0.894,0.8939975990396158,0.8939975990396158,0.787932138284251,0.8939975909794561,0.8939408488573075,0.8939975990396158,0.51,0.49,82500.0,3384.0
meta.imbalanced.OnlineRUSBoost -l (trees.HoeffdingTree -e 2000000 -g 100 -c 0.01),ArffFileStream -f ./../../../Dataset/Synthetic_IM50/stream_gen_agrawal.arff,1,83000.0,22.296875,1.9519648049026726E-8,83000.0,0.836,0.835957501280082,0.835957501280082,0.6719580106253601,0.8359406216892868,0.8360220216375391,0.835957501280082,0.496,0.504,83000.0,3384.0
meta.imbalanced.OnlineRUSBoost -l (trees.HoeffdingTree -e 2000000 -g 100 -c 0.01),ArffFileStream -f ./../../../Dataset/Synthetic_IM50/stream_gen_agrawal.arff,1,83500.0,22.40625,1.961539965122938E-8,83500.0,0.86,0.8589532033515437,0.8589532033515436,0.719150711752339,0.8584608865880652,0.861035466249859,0.8589532033515437,0.518,0.482,83500.0,3384.0
meta.imbalanced.OnlineRUSBoost -l (trees.HoeffdingTree -e 2000000 -g 100 -c 0.01),ArffFileStream -f ./../../../Dataset/Synthetic_IM50/stream_gen_agrawal.arff,1,84000.0,22.53125,1.9724830053746697E-8,84000.0,0.844,0.8459809964047251,0.8459809964047251,0.6885581038778509,0.845241066320829,0.845249535524377,0.8459809964047251,0.472,0.528,84000.0,3384.0
meta.imbalanced.OnlineRUSBoost -l (trees.HoeffdingTree -e 2000000 -g 100 -c 0.01),ArffFileStream -f ./../../../Dataset/Synthetic_IM50/stream_gen_agrawal.arff,1,84500.0,22.6875,1.9861618056893347E-8,84500.0,0.848,0.8490478253196644,0.8490478253196644,0.6960632188504791,0.8488086754723201,0.848109569753116,0.8490478253196644,0.474,0.526,84500.0,3384.0
meta.imbalanced.OnlineRUSBoost -l (trees.HoeffdingTree -e 2000000 -g 100 -c 0.01),ArffFileStream -f ./../../../Dataset/Synthetic_IM50/stream_gen_agrawal.arff,1,85000.0,22.78125,1.9943690858781337E-8,85000.0,0.866,0.8669075121357279,0.8669075121357279,0.7322313521117755,0.8665409150941239,0.8666431864754098,0.8669075121357279,0.482,0.518,85000.0,3384.0
meta.imbalanced.OnlineRUSBoost -l (trees.HoeffdingTree -e 2000000 -g 100 -c 0.01),ArffFileStream -f ./../../../Dataset/Synthetic_IM50/stream_gen_agrawal.arff,1,85500.0,22.90625,2.0053121261298656E-8,85500.0,0.876,0.8762705082032813,0.8762705082032813,0.7520595057186276,0.8761661182827892,0.8761741690803475,0.8762705082032813,0.51,0.49,85500.0,3384.0
meta.imbalanced.OnlineRUSBoost -l (trees.HoeffdingTree -e 2000000 -g 100 -c 0.01),ArffFileStream -f ./../../../Dataset/Synthetic_IM50/stream_gen_agrawal.arff,1,86000.0,23.015625,2.014887286350131E-8,86000.0,0.882,0.8813076331967213,0.8813076331967213,0.7635687493989036,0.880835343091627,0.8833019520751864,0.8813076331967213,0.512,0.488,86000.0,3384.0
meta.imbalanced.OnlineRUSBoost -l (trees.HoeffdingTree -e 2000000 -g 100 -c 0.01),ArffFileStream -f ./../../../Dataset/Synthetic_IM50/stream_gen_agrawal.arff,1,86500.0,23.125,2.024462446570396E-8,86500.0,0.874,0.8740384615384615,0.8740384615384615,0.7477174435367612,0.8740379326392578,0.8737330066772349,0.8740384615384615,0.52,0.48,86500.0,3384.0
meta.imbalanced.OnlineRUSBoost -l (trees.HoeffdingTree -e 2000000 -g 100 -c 0.01),ArffFileStream -f ./../../../Dataset/Synthetic_IM50/stream_gen_agrawal.arff,1,87000.0,23.25,2.035405486822128E-8,87000.0,0.844,0.8438575430172068,0.843857543017207,0.6878251821019771,0.8438274811400556,0.8439896879153257,0.8438575430172068,0.51,0.49,87000.0,3384.0
meta.imbalanced.OnlineRUSBoost -l (trees.HoeffdingTree -e 2000000 -g 100 -c 0.01),ArffFileStream -f ./../../../Dataset/Synthetic_IM50/stream_gen_agrawal.arff,1,87500.0,23.390625,2.0477164071053264E-8,87500.0,0.868,0.8673359914172711,0.8673359914172711,0.7354963851172632,0.867011730095191,0.8687531144009901,0.8673359914172711,0.514,0.486,87500.0,3384.0
meta.imbalanced.OnlineRUSBoost -l (trees.HoeffdingTree -e 2000000 -g 100 -c 0.01),ArffFileStream -f ./../../../Dataset/Synthetic_IM50/stream_gen_agrawal.arff,1,88000.0,23.515625,2.0586594473570583E-8,88000.0,0.816,0.8106237060041408,0.8106237060041408,0.6254559666492965,0.808973674353561,0.8161880927291887,0.8106237060041408,0.552,0.448,88000.0,3384.0
meta.imbalanced.OnlineRUSBoost -l (trees.HoeffdingTree -e 2000000 -g 100 -c 0.01),ArffFileStream -f ./../../../Dataset/Synthetic_IM50/stream_gen_agrawal.arff,1,88500.0,23.640625,2.06960248760879E-8,88500.0,0.88,0.8791233438536343,0.8791233438536343,0.7593415585040671,0.8787860122079818,0.8808316838056616,0.8791233438536343,0.518,0.482,88500.0,3384.0
meta.imbalanced.OnlineRUSBoost -l (trees.HoeffdingTree -e 2000000 -g 100 -c 0.01),ArffFileStream -f ./../../../Dataset/Synthetic_IM50/stream_gen_agrawal.arff,1,89000.0,23.78125,2.0819134078919885E-8,89000.0,0.834,0.8340053440855053,0.8340053440855054,0.668,0.8340042739758976,0.834,0.8340053440855053,0.502,0.498,89000.0,3384.0
meta.imbalanced.OnlineRUSBoost -l (trees.HoeffdingTree -e 2000000 -g 100 -c 0.01),ArffFileStream -f ./../../../Dataset/Synthetic_IM50/stream_gen_agrawal.arff,1,89500.0,23.90625,2.0928564481437204E-8,89500.0,0.874,0.8724358974358974,0.8724358974358973,0.7469066366704162,0.8715591687403584,0.8762283272085607,0.8724358974358974,0.52,0.48,89500.0,3384.0
meta.imbalanced.OnlineRUSBoost -l (trees.HoeffdingTree -e 2000000 -g 100 -c 0.01),ArffFileStream -f ./../../../Dataset/Synthetic_IM50/stream_gen_agrawal.arff,1,90000.0,24.046875,2.1051673684269188E-8,90000.0,0.852,0.8520936334981359,0.8520936334981359,0.7040520868327175,0.8517720400727721,0.8527709645874413,0.8520936334981359,0.498,0.502,90000.0,3384.0
meta.imbalanced.OnlineRUSBoost -l (trees.HoeffdingTree -e 2000000 -g 100 -c 0.01),ArffFileStream -f ./../../../Dataset/Synthetic_IM50/stream_gen_agrawal.arff,1,90500.0,24.171875,2.1161104086786506E-8,90500.0,0.846,0.8454257413067481,0.8454257413067482,0.6916151356893403,0.8440702538660264,0.8491524327122153,0.8454257413067481,0.506,0.494,90500.0,3384.0
meta.imbalanced.OnlineRUSBoost -l (trees.HoeffdingTree -e 2000000 -g 100 -c 0.01),ArffFileStream -f ./../../../Dataset/Synthetic_IM50/stream_gen_agrawal.arff,1,91000.0,24.3125,2.128421328961849E-8,91000.0,0.888,0.8877964141122036,0.8877964141122036,0.7751942963581476,0.887790715181133,0.8874229583975346,0.8877964141122036,0.468,0.532,91000.0,3384.0
meta.imbalanced.OnlineRUSBoost -l (trees.HoeffdingTree -e 2000000 -g 100 -c 0.01),ArffFileStream -f ./../../../Dataset/Synthetic_IM50/stream_gen_agrawal.arff,1,91500.0,24.421875,2.1379964891821143E-8,91500.0,0.864,0.8626700203463689,0.8626700203463689,0.7270172621437174,0.8618785957367027,0.8658585858585859,0.8626700203463689,0.518,0.482,91500.0,3384.0
meta.imbalanced.OnlineRUSBoost -l (trees.HoeffdingTree -e 2000000 -g 100 -c 0.01),ArffFileStream -f ./../../../Dataset/Synthetic_IM50/stream_gen_agrawal.arff,1,92000.0,24.5625,2.1503074094653127E-8,92000.0,0.868,0.8689994216310006,0.8689994216310005,0.7357293868921776,0.868859100484701,0.8675821010178606,0.8689994216310006,0.468,0.532,92000.0,3384.0
meta.imbalanced.OnlineRUSBoost -l (trees.HoeffdingTree -e 2000000 -g 100 -c 0.01),ArffFileStream -f ./../../../Dataset/Synthetic_IM50/stream_gen_agrawal.arff,1,92500.0,24.6875,2.1612504497170446E-8,92500.0,0.848,0.847769028871391,0.847769028871391,0.6958053154018572,0.8476461154325395,0.8482371794871795,0.847769028871391,0.508,0.492,92500.0,3384.0
meta.imbalanced.OnlineRUSBoost -l (trees.HoeffdingTree -e 2000000 -g 100 -c 0.01),ArffFileStream -f ./../../../Dataset/Synthetic_IM50/stream_gen_agrawal.arff,1,93000.0,24.796875,2.17082560993731E-8,93000.0,0.866,0.865898204072478,0.865898204072478,0.7316909079259307,0.8658935870697685,0.8657985777436095,0.865898204072478,0.482,0.518,93000.0,3384.0
meta.imbalanced.OnlineRUSBoost -l (trees.HoeffdingTree -e 2000000 -g 100 -c 0.01),ArffFileStream -f ./../../../Dataset/Synthetic_IM50/stream_gen_agrawal.arff,1,93500.0,24.9375,2.1831365302205083E-8,93500.0,0.87,0.8701356886840758,0.8701356886840759,0.7400582269571616,0.8699703663344236,0.8704023954780548,0.8701356886840758,0.504,0.496,93500.0,3384.0
meta.imbalanced.OnlineRUSBoost -l (trees.HoeffdingTree -e 2000000 -g 100 -c 0.01),ArffFileStream -f ./../../../Dataset/Synthetic_IM50/stream_gen_agrawal.arff,1,94000.0,25.03125,2.1913438104093073E-8,94000.0,0.902,0.9016565468847626,0.9016565468847626,0.8036607257340684,0.9016060725111303,0.9020623516582205,0.9016565468847626,0.518,0.482,94000.0,3384.0
meta.imbalanced.OnlineRUSBoost -l (trees.HoeffdingTree -e 2000000 -g 100 -c 0.01),ArffFileStream -f ./../../../Dataset/Synthetic_IM50/stream_gen_agrawal.arff,1,94500.0,25.1875,2.2050226107239723E-8,94500.0,0.87,0.870373340175765,0.870373340175765,0.7397501601537476,0.8703385865535794,0.8696678671468587,0.870373340175765,0.524,0.476,94500.0,3384.0
meta.imbalanced.OnlineRUSBoost -l (trees.HoeffdingTree -e 2000000 -g 100 -c 0.01),ArffFileStream -f ./../../../Dataset/Synthetic_IM50/stream_gen_agrawal.arff,1,95000.0,25.296875,2.2145977709442376E-8,95000.0,0.848,0.847808105872622,0.847808105872622,0.6930086765442471,0.8478064919591651,0.8455663159251681,0.847808105872622,0.442,0.558,95000.0,3384.0
meta.imbalanced.OnlineRUSBoost -l (trees.HoeffdingTree -e 2000000 -g 100 -c 0.01),ArffFileStream -f ./../../../Dataset/Synthetic_IM50/stream_gen_agrawal.arff,1,95500.0,25.40625,2.224172931164503E-8,95500.0,0.868,0.8679978879662075,0.8679978879662075,0.7359957759324149,0.8679977273708012,0.8679978879662075,0.8679978879662075,0.502,0.498,95500.0,3384.0
meta.imbalanced.OnlineRUSBoost -l (trees.HoeffdingTree -e 2000000 -g 100 -c 0.01),ArffFileStream -f ./../../../Dataset/Synthetic_IM50/stream_gen_agrawal.arff,1,96000.0,25.53125,2.2351159714162347E-8,96000.0,0.872,0.8714013361316266,0.8714013361316266,0.7434458430209252,0.8712426450855203,0.8722601364913689,0.8714013361316266,0.518,0.482,96000.0,3384.0
meta.imbalanced.OnlineRUSBoost -l (trees.HoeffdingTree -e 2000000 -g 100 -c 0.01),ArffFileStream -f ./../../../Dataset/Synthetic_IM50/stream_gen_agrawal.arff,1,96500.0,25.65625,2.2460590116679665E-8,96500.0,0.89,0.8902599065360732,0.8902599065360732,0.7800703774792066,0.8901116943957629,0.8903161264505802,0.8902599065360732,0.492,0.508,96500.0,3384.0
meta.imbalanced.OnlineRUSBoost -l (trees.HoeffdingTree -e 2000000 -g 100 -c 0.01),ArffFileStream -f ./../../../Dataset/Synthetic_IM50/stream_gen_agrawal.arff,1,97000.0,25.78125,2.2570020519196984E-8,97000.0,0.88,0.8759394261252997,0.8759394261252997,0.7569708851120365,0.8743084481786313,0.8840987191502655,0.8759394261252997,0.538,0.462,97000.0,3384.0
meta.imbalanced.OnlineRUSBoost -l (trees.HoeffdingTree -e 2000000 -g 100 -c 0.01),ArffFileStream -f ./../../../Dataset/Synthetic_IM50/stream_gen_agrawal.arff,1,97500.0,25.90625,2.2679450921714302E-8,97500.0,0.844,0.8437975616398853,0.8437975616398854,0.6875951232797706,0.8437788239011148,0.8437975616398853,0.8437975616398853,0.482,0.518,97500.0,3384.0
meta.imbalanced.OnlineRUSBoost -l (trees.HoeffdingTree -e 2000000 -g 100 -c 0.01),ArffFileStream -f ./../../../Dataset/Synthetic_IM50/stream_gen_agrawal.arff,1,98000.0,26.015625,2.2775202523916955E-8,98000.0,0.852,0.8520456327301237,0.8520456327301237,0.7040236781057515,0.8519692562679817,0.8521808723489396,0.8520456327301237,0.498,0.502,98000.0,3384.0
meta.imbalanced.OnlineRUSBoost -l (trees.HoeffdingTree -e 2000000 -g 100 -c 0.01),ArffFileStream -f ./../../../Dataset/Synthetic_IM50/stream_gen_agrawal.arff,1,98500.0,26.125,2.2870954126119608E-8,98500.0,0.87,0.8699092669344386,0.8699092669344386,0.7399250984283474,0.869876406528318,0.8700691598360656,0.8699092669344386,0.506,0.494,98500.0,3384.0
meta.imbalanced.OnlineRUSBoost -l (trees.HoeffdingTree -e 2000000 -g 100 -c 0.01),ArffFileStream -f ./../../../Dataset/Synthetic_IM50/stream_gen_agrawal.arff,1,99000.0,26.25,2.2980384528636926E-8,99000.0,0.876,0.8771702015101236,0.8771702015101237,0.7522180481176565,0.8767669259211741,0.8765906362545017,0.8771702015101236,0.478,0.522,99000.0,3384.0
meta.imbalanced.OnlineRUSBoost -l (trees.HoeffdingTree -e 2000000 -g 100 -c 0.01),ArffFileStream -f ./../../../Dataset/Synthetic_IM50/stream_gen_agrawal.arff,1,99500.0,26.359375,2.307613613083958E-8,99500.0,0.884,0.8837968967670654,0.8837968967670653,0.7677659080352995,0.8837671292606379,0.8839936557778881,0.8837968967670654,0.486,0.514,99500.0,3384.0
meta.imbalanced.OnlineRUSBoost -l (trees.HoeffdingTree -e 2000000 -g 100 -c 0.01),ArffFileStream -f ./../../../Dataset/Synthetic_IM50/stream_gen_agrawal.arff,1,100000.0,26.484375,2.3185566533356898E-8,100000.0,0.842,0.8423411885245902,0.8423411885245902,0.6840909817972424,0.8422212167054761,0.8421932758317198,0.8423411885245902,0.488,0.512,100000.0,3384.0
