Learner,stream,randomSeed,learning evaluation instances,evaluation time (cpu seconds),model cost (RAM-Hours),classified instances,Accuracy,AvgAccuracy,AUC,Kappa,G-Mean,Precision,Recall,Ratio-Class-0,Ratio-Class-1,model training instances,model serialized size (bytes)
meta.imbalanced.RebalanceStream -l (trees.HoeffdingTree -e 2000000 -g 100 -c 0.01),ArffFileStream -f ./../../../Dataset/Synthetic_IM20/stream_gen_agrawal.arff,1,500.0,0.125,1.7384688059488933E-10,500.0,0.852,0.6489427442972675,0.6489427442972675,0.3747253861493223,0.5649706281165008,0.782097603175411,0.6489427442972675,0.818,0.182,500.0,5376.0
meta.imbalanced.RebalanceStream -l (trees.HoeffdingTree -e 2000000 -g 100 -c 0.01),ArffFileStream -f ./../../../Dataset/Synthetic_IM20/stream_gen_agrawal.arff,1,1000.0,0.171875,2.411737417181333E-10,1000.0,0.864,0.7566003616636527,0.7566003616636529,0.5559618649601672,0.733590836482235,0.807488948600156,0.7566003616636527,0.79,0.21,1000.0,5552.0
meta.imbalanced.RebalanceStream -l (trees.HoeffdingTree -e 2000000 -g 100 -c 0.01),ArffFileStream -f ./../../../Dataset/Synthetic_IM20/stream_gen_agrawal.arff,1,1500.0,0.1875,2.642951181365384E-10,1500.0,0.914,0.8799205056986878,0.8799205056986878,0.7469635627530364,0.8779291006650048,0.8674702980615576,0.8799205056986878,0.788,0.212,1500.0,5720.0
meta.imbalanced.RebalanceStream -l (trees.HoeffdingTree -e 2000000 -g 100 -c 0.01),ArffFileStream -f ./../../../Dataset/Synthetic_IM20/stream_gen_agrawal.arff,1,2000.0,0.203125,2.874164945549435E-10,2000.0,0.934,0.9009195177422904,0.9009195177422905,0.7989668112481115,0.8991612013208337,0.8980672105672105,0.9009195177422904,0.794,0.206,2000.0,5720.0
meta.imbalanced.RebalanceStream -l (trees.HoeffdingTree -e 2000000 -g 100 -c 0.01),ArffFileStream -f ./../../../Dataset/Synthetic_IM20/stream_gen_agrawal.arff,1,2500.0,0.21875,3.105378709733486E-10,2500.0,0.924,0.9092924917491749,0.909292491749175,0.7696858029480217,0.9089789769450407,0.8652890279823269,0.9092924917491749,0.808,0.192,2500.0,5720.0
meta.imbalanced.RebalanceStream -l (trees.HoeffdingTree -e 2000000 -g 100 -c 0.01),ArffFileStream -f ./../../../Dataset/Synthetic_IM20/stream_gen_agrawal.arff,1,3000.0,0.25,3.581388025648064E-10,3000.0,0.938,0.9094699144317777,0.9094699144317777,0.7944624197740413,0.9083902869473387,0.8861901815181519,0.9094699144317777,0.822,0.178,3000.0,5888.0
meta.imbalanced.RebalanceStream -l (trees.HoeffdingTree -e 2000000 -g 100 -c 0.01),ArffFileStream -f ./../../../Dataset/Synthetic_IM20/stream_gen_agrawal.arff,1,3500.0,0.328125,4.771411315434509E-10,3500.0,0.93,0.9052845528455284,0.9052845528455284,0.7736678737713398,0.9044604913913071,0.8711010198764237,0.9052845528455284,0.82,0.18,3500.0,5888.0
meta.imbalanced.RebalanceStream -l (trees.HoeffdingTree -e 2000000 -g 100 -c 0.01),ArffFileStream -f ./../../../Dataset/Synthetic_IM20/stream_gen_agrawal.arff,1,4000.0,0.34375,5.009415973391798E-10,4000.0,0.914,0.8473279824380874,0.8473279824380874,0.7386208908772612,0.8385478616589456,0.8979928728644797,0.8473279824380874,0.774,0.226,4000.0,5888.0
meta.imbalanced.RebalanceStream -l (trees.HoeffdingTree -e 2000000 -g 100 -c 0.01),ArffFileStream -f ./../../../Dataset/Synthetic_IM20/stream_gen_agrawal.arff,1,4500.0,0.359375,5.247420631349087E-10,4500.0,0.952,0.9433771486349849,0.9433771486349849,0.8403066113062919,0.9432855688005521,0.9007005787389583,0.9433771486349849,0.828,0.172,4500.0,5888.0
meta.imbalanced.RebalanceStream -l (trees.HoeffdingTree -e 2000000 -g 100 -c 0.01),ArffFileStream -f ./../../../Dataset/Synthetic_IM20/stream_gen_agrawal.arff,1,5000.0,0.359375,5.247420631349087E-10,5000.0,0.928,0.9084010840108401,0.9084010840108401,0.770056208482371,0.907884762812674,0.8659188034188035,0.9084010840108401,0.82,0.18,5000.0,5888.0
meta.imbalanced.RebalanceStream -l (trees.HoeffdingTree -e 2000000 -g 100 -c 0.01),ArffFileStream -f ./../../../Dataset/Synthetic_IM20/stream_gen_agrawal.arff,1,5500.0,0.375,5.492216183079614E-10,5500.0,0.96,0.958348674521355,0.958348674521355,0.8884824694441966,0.9583440054047085,0.9319108335501778,0.958348674521355,0.776,0.224,5500.0,6056.0
meta.imbalanced.RebalanceStream -l (trees.HoeffdingTree -e 2000000 -g 100 -c 0.01),ArffFileStream -f ./../../../Dataset/Synthetic_IM20/stream_gen_agrawal.arff,1,6000.0,0.375,5.492216183079614E-10,6000.0,0.94,0.9401900183150182,0.9401900183150184,0.8039933096383023,0.9401899747629139,0.873494560994561,0.9401900183150182,0.832,0.168,6000.0,6056.0
meta.imbalanced.RebalanceStream -l (trees.HoeffdingTree -e 2000000 -g 100 -c 0.01),ArffFileStream -f ./../../../Dataset/Synthetic_IM20/stream_gen_agrawal.arff,1,6500.0,0.375,5.492216183079614E-10,6500.0,0.936,0.9192287649817613,0.9192287649817612,0.8085620617865945,0.918797955007578,0.8912665879246857,0.9192287649817613,0.798,0.202,6500.0,6056.0
meta.imbalanced.RebalanceStream -l (trees.HoeffdingTree -e 2000000 -g 100 -c 0.01),ArffFileStream -f ./../../../Dataset/Synthetic_IM20/stream_gen_agrawal.arff,1,7000.0,0.375,5.492216183079614E-10,7000.0,0.95,0.9510343836797241,0.9510343836797241,0.8577087696931063,0.9510326882002934,0.9107590658322249,0.9510343836797241,0.788,0.212,7000.0,6056.0
meta.imbalanced.RebalanceStream -l (trees.HoeffdingTree -e 2000000 -g 100 -c 0.01),ArffFileStream -f ./../../../Dataset/Synthetic_IM20/stream_gen_agrawal.arff,1,7500.0,0.390625,5.737011734810141E-10,7500.0,0.95,0.9467188885604493,0.9467188885604493,0.8530103480714958,0.9467026648109499,0.9095990965556182,0.9467188885604493,0.796,0.204,7500.0,6056.0
meta.imbalanced.RebalanceStream -l (trees.HoeffdingTree -e 2000000 -g 100 -c 0.01),ArffFileStream -f ./../../../Dataset/Synthetic_IM20/stream_gen_agrawal.arff,1,8000.0,0.40625,5.981807286540668E-10,8000.0,0.962,0.9636813472210832,0.9636813472210831,0.877172114191146,0.9636778106659379,0.9177997832298749,0.9636813472210832,0.822,0.178,8000.0,6056.0
meta.imbalanced.RebalanceStream -l (trees.HoeffdingTree -e 2000000 -g 100 -c 0.01),ArffFileStream -f ./../../../Dataset/Synthetic_IM20/stream_gen_agrawal.arff,1,8500.0,0.421875,6.226602838271194E-10,8500.0,0.948,0.9532132937458098,0.9532132937458098,0.8534583821805393,0.9531703233723364,0.905971173644475,0.9532132937458098,0.788,0.212,8500.0,6056.0
meta.imbalanced.RebalanceStream -l (trees.HoeffdingTree -e 2000000 -g 100 -c 0.01),ArffFileStream -f ./../../../Dataset/Synthetic_IM20/stream_gen_agrawal.arff,1,9000.0,0.4375,6.471398390001721E-10,9000.0,0.95,0.9418976545842217,0.9418976545842218,0.8478133826823805,0.9418033783181678,0.9084797860109342,0.9418976545842217,0.804,0.196,9000.0,6056.0
meta.imbalanced.RebalanceStream -l (trees.HoeffdingTree -e 2000000 -g 100 -c 0.01),ArffFileStream -f ./../../../Dataset/Synthetic_IM20/stream_gen_agrawal.arff,1,9500.0,0.4375,6.471398390001721E-10,9500.0,0.948,0.9437296946068876,0.9437296946068876,0.8400787304711527,0.9437045605462768,0.9005842464628452,0.9437296946068876,0.81,0.19,9500.0,6056.0
meta.imbalanced.RebalanceStream -l (trees.HoeffdingTree -e 2000000 -g 100 -c 0.01),ArffFileStream -f ./../../../Dataset/Synthetic_IM20/stream_gen_agrawal.arff,1,10000.0,0.453125,6.716193941732248E-10,10000.0,0.932,0.9208296383880186,0.9208296383880185,0.800787475391394,0.9206362958735289,0.8835308908045978,0.9208296383880186,0.796,0.204,10000.0,6056.0
meta.imbalanced.RebalanceStream -l (trees.HoeffdingTree -e 2000000 -g 100 -c 0.01),ArffFileStream -f ./../../../Dataset/Synthetic_IM20/stream_gen_agrawal.arff,1,10500.0,0.453125,6.716193941732248E-10,10500.0,0.938,0.940839296880428,0.940839296880428,0.83085988651244,0.9408254379478586,0.8957380457380457,0.940839296880428,0.778,0.222,10500.0,6224.0
meta.imbalanced.RebalanceStream -l (trees.HoeffdingTree -e 2000000 -g 100 -c 0.01),ArffFileStream -f ./../../../Dataset/Synthetic_IM20/stream_gen_agrawal.arff,1,11000.0,0.46875,6.967780387236013E-10,11000.0,0.944,0.9403313858825784,0.9403313858825783,0.840109639104614,0.9403098157332072,0.9032894736842105,0.9403313858825784,0.788,0.212,11000.0,6224.0
meta.imbalanced.RebalanceStream -l (trees.HoeffdingTree -e 2000000 -g 100 -c 0.01),ArffFileStream -f ./../../../Dataset/Synthetic_IM20/stream_gen_agrawal.arff,1,11500.0,0.46875,6.967780387236013E-10,11500.0,0.966,0.9578575458771057,0.9578575458771058,0.8891265783157675,0.9577719830971776,0.9325566047314449,0.9578575458771057,0.818,0.182,11500.0,6224.0
meta.imbalanced.RebalanceStream -l (trees.HoeffdingTree -e 2000000 -g 100 -c 0.01),ArffFileStream -f ./../../../Dataset/Synthetic_IM20/stream_gen_agrawal.arff,1,12000.0,0.484375,7.219366832739777E-10,12000.0,0.95,0.9546957671957672,0.9546957671957672,0.8603351955307262,0.9546599716001826,0.9106666666666666,0.9546957671957672,0.784,0.216,12000.0,6224.0
meta.imbalanced.RebalanceStream -l (trees.HoeffdingTree -e 2000000 -g 100 -c 0.01),ArffFileStream -f ./../../../Dataset/Synthetic_IM20/stream_gen_agrawal.arff,1,12500.0,0.484375,7.219366832739777E-10,12500.0,0.94,0.9200723327305605,0.9200723327305605,0.8228834573149132,0.9194305966528864,0.9034947543944973,0.9200723327305605,0.79,0.21,12500.0,6224.0
meta.imbalanced.RebalanceStream -l (trees.HoeffdingTree -e 2000000 -g 100 -c 0.01),ArffFileStream -f ./../../../Dataset/Synthetic_IM20/stream_gen_agrawal.arff,1,13000.0,0.5,7.470953278243542E-10,13000.0,0.952,0.9477406387255267,0.9477406387255267,0.8574381638035498,0.9477136934200635,0.9126020443163888,0.9477406387255267,0.798,0.202,13000.0,6224.0
meta.imbalanced.RebalanceStream -l (trees.HoeffdingTree -e 2000000 -g 100 -c 0.01),ArffFileStream -f ./../../../Dataset/Synthetic_IM20/stream_gen_agrawal.arff,1,13500.0,0.5,7.470953278243542E-10,13500.0,0.942,0.9342818428184282,0.9342818428184282,0.8155216284987278,0.9342040073620289,0.8863773357444243,0.9342818428184282,0.82,0.18,13500.0,6224.0
meta.imbalanced.RebalanceStream -l (trees.HoeffdingTree -e 2000000 -g 100 -c 0.01),ArffFileStream -f ./../../../Dataset/Synthetic_IM20/stream_gen_agrawal.arff,1,14000.0,0.515625,7.722539723747307E-10,14000.0,0.954,0.9573547009549732,0.9573547009549731,0.8714624223185944,0.9573362231347247,0.9180679478380234,0.9573547009549732,0.782,0.218,14000.0,6224.0
meta.imbalanced.RebalanceStream -l (trees.HoeffdingTree -e 2000000 -g 100 -c 0.01),ArffFileStream -f ./../../../Dataset/Synthetic_IM20/stream_gen_agrawal.arff,1,14500.0,0.53125,7.974126169251072E-10,14500.0,0.956,0.9395506946497192,0.9395506946497193,0.8664659609595028,0.9391397375497373,0.9272579254860646,0.9395506946497192,0.796,0.204,14500.0,6224.0
meta.imbalanced.RebalanceStream -l (trees.HoeffdingTree -e 2000000 -g 100 -c 0.01),ArffFileStream -f ./../../../Dataset/Synthetic_IM20/stream_gen_agrawal.arff,1,15000.0,0.53125,7.974126169251072E-10,15000.0,0.952,0.9581804842259721,0.9581804842259721,0.8535585277750659,0.9581292912814248,0.9023840206185567,0.9581804842259721,0.812,0.188,15000.0,6224.0
meta.imbalanced.RebalanceStream -l (trees.HoeffdingTree -e 2000000 -g 100 -c 0.01),ArffFileStream -f ./../../../Dataset/Synthetic_IM20/stream_gen_agrawal.arff,1,15500.0,0.53125,7.974126169251072E-10,15500.0,0.938,0.9254710851202079,0.9254710851202078,0.8085947147443814,0.9252504358663254,0.8866685563114134,0.9254710851202079,0.81,0.19,15500.0,6224.0
meta.imbalanced.RebalanceStream -l (trees.HoeffdingTree -e 2000000 -g 100 -c 0.01),ArffFileStream -f ./../../../Dataset/Synthetic_IM20/stream_gen_agrawal.arff,1,16000.0,0.546875,8.225712614754836E-10,16000.0,0.966,0.9749974616712356,0.9749974616712357,0.8980228428831941,0.9748851501303966,0.9279115501589261,0.9749974616712356,0.804,0.196,16000.0,6224.0
meta.imbalanced.RebalanceStream -l (trees.HoeffdingTree -e 2000000 -g 100 -c 0.01),ArffFileStream -f ./../../../Dataset/Synthetic_IM20/stream_gen_agrawal.arff,1,16500.0,0.546875,8.225712614754836E-10,16500.0,0.946,0.9432683521169662,0.9432683521169661,0.8380362798733084,0.9432576522228711,0.8993277080332029,0.9432683521169662,0.804,0.196,16500.0,6224.0
meta.imbalanced.RebalanceStream -l (trees.HoeffdingTree -e 2000000 -g 100 -c 0.01),ArffFileStream -f ./../../../Dataset/Synthetic_IM20/stream_gen_agrawal.arff,1,17000.0,0.546875,8.225712614754836E-10,17000.0,0.958,0.9659057884864337,0.9659057884864337,0.8704343534057256,0.965823748652245,0.911072261072261,0.9659057884864337,0.814,0.186,17000.0,6224.0
meta.imbalanced.RebalanceStream -l (trees.HoeffdingTree -e 2000000 -g 100 -c 0.01),ArffFileStream -f ./../../../Dataset/Synthetic_IM20/stream_gen_agrawal.arff,1,17500.0,0.5625,8.477299060258601E-10,17500.0,0.95,0.9612206856595884,0.9612206856595885,0.854210403545603,0.9610411493179597,0.9015350877192982,0.9612206856595884,0.802,0.198,17500.0,6224.0
meta.imbalanced.RebalanceStream -l (trees.HoeffdingTree -e 2000000 -g 100 -c 0.01),ArffFileStream -f ./../../../Dataset/Synthetic_IM20/stream_gen_agrawal.arff,1,18000.0,0.5625,8.477299060258601E-10,18000.0,0.958,0.9519820987503362,0.9519820987503362,0.8756336760316483,0.9519270827221931,0.9253037555228277,0.9519820987503362,0.794,0.206,18000.0,6224.0
meta.imbalanced.RebalanceStream -l (trees.HoeffdingTree -e 2000000 -g 100 -c 0.01),ArffFileStream -f ./../../../Dataset/Synthetic_IM20/stream_gen_agrawal.arff,1,18500.0,0.578125,8.728885505762366E-10,18500.0,0.956,0.9567982456140351,0.956798245614035,0.8833757421543681,0.9567970141653817,0.928812582345191,0.9567982456140351,0.76,0.24,18500.0,6224.0
meta.imbalanced.RebalanceStream -l (trees.HoeffdingTree -e 2000000 -g 100 -c 0.01),ArffFileStream -f ./../../../Dataset/Synthetic_IM20/stream_gen_agrawal.arff,1,19000.0,0.578125,8.728885505762366E-10,19000.0,0.942,0.9563030605693087,0.9563030605693087,0.8410993731644238,0.9559760855237517,0.8950098814229248,0.9563030605693087,0.786,0.214,19000.0,6224.0
meta.imbalanced.RebalanceStream -l (trees.HoeffdingTree -e 2000000 -g 100 -c 0.01),ArffFileStream -f ./../../../Dataset/Synthetic_IM20/stream_gen_agrawal.arff,1,19500.0,0.578125,8.728885505762366E-10,19500.0,0.948,0.9336680823107064,0.9336680823107064,0.8504543885885195,0.9333222159362635,0.9174477696216827,0.9336680823107064,0.782,0.218,19500.0,6224.0
meta.imbalanced.RebalanceStream -l (trees.HoeffdingTree -e 2000000 -g 100 -c 0.01),ArffFileStream -f ./../../../Dataset/Synthetic_IM20/stream_gen_agrawal.arff,1,20000.0,0.59375,8.980471951266131E-10,20000.0,0.948,0.9470907928388747,0.9470907928388747,0.8377595846645367,0.9470897002162754,0.8964002267573696,0.9470907928388747,0.816,0.184,20000.0,6224.0
meta.imbalanced.RebalanceStream -l (trees.HoeffdingTree -e 2000000 -g 100 -c 0.01),ArffFileStream -f ./../../../Dataset/Synthetic_IM20/stream_gen_agrawal.arff,1,20500.0,0.609375,9.238849290543133E-10,20500.0,0.942,0.9432400932400933,0.9432400932400933,0.8398851590106007,0.9432374937930371,0.9014059234552785,0.9432400932400933,0.78,0.22,20500.0,6392.0
meta.imbalanced.RebalanceStream -l (trees.HoeffdingTree -e 2000000 -g 100 -c 0.01),ArffFileStream -f ./../../../Dataset/Synthetic_IM20/stream_gen_agrawal.arff,1,21000.0,0.609375,9.238849290543133E-10,21000.0,0.958,0.9590353729431471,0.959035372943147,0.8765286923800565,0.9590337782176085,0.9208921513269339,0.9590353729431471,0.796,0.204,21000.0,6392.0
meta.imbalanced.RebalanceStream -l (trees.HoeffdingTree -e 2000000 -g 100 -c 0.01),ArffFileStream -f ./../../../Dataset/Synthetic_IM20/stream_gen_agrawal.arff,1,21500.0,0.609375,9.238849290543133E-10,21500.0,0.954,0.950932400932401,0.9509324009324011,0.8706120612061206,0.9509166231812463,0.9218364988333806,0.950932400932401,0.78,0.22,21500.0,6392.0
meta.imbalanced.RebalanceStream -l (trees.HoeffdingTree -e 2000000 -g 100 -c 0.01),ArffFileStream -f ./../../../Dataset/Synthetic_IM20/stream_gen_agrawal.arff,1,22000.0,0.625,9.497226629820136E-10,22000.0,0.958,0.9515000372217672,0.9515000372217672,0.8739193083573487,0.9514375336725502,0.9241258741258742,0.9515000372217672,0.798,0.202,22000.0,6392.0
meta.imbalanced.RebalanceStream -l (trees.HoeffdingTree -e 2000000 -g 100 -c 0.01),ArffFileStream -f ./../../../Dataset/Synthetic_IM20/stream_gen_agrawal.arff,1,22500.0,0.625,9.497226629820136E-10,22500.0,0.948,0.9393452500502109,0.939345250050211,0.8583106267029973,0.9392043655825837,0.9199999999999999,0.9393452500502109,0.766,0.234,22500.0,6392.0
meta.imbalanced.RebalanceStream -l (trees.HoeffdingTree -e 2000000 -g 100 -c 0.01),ArffFileStream -f ./../../../Dataset/Synthetic_IM20/stream_gen_agrawal.arff,1,23000.0,0.640625,9.755603969097138E-10,23000.0,0.952,0.9461988304093567,0.9461988304093568,0.8512458162885831,0.9461525661131893,0.9082542626810302,0.9461988304093567,0.81,0.19,23000.0,6392.0
meta.imbalanced.RebalanceStream -l (trees.HoeffdingTree -e 2000000 -g 100 -c 0.01),ArffFileStream -f ./../../../Dataset/Synthetic_IM20/stream_gen_agrawal.arff,1,23500.0,0.65625,1.001398130837414E-9,23500.0,0.962,0.9620965424767742,0.9620965424767742,0.8904217034234567,0.9620965278770969,0.9306755037825534,0.9620965424767742,0.788,0.212,23500.0,6392.0
meta.imbalanced.RebalanceStream -l (trees.HoeffdingTree -e 2000000 -g 100 -c 0.01),ArffFileStream -f ./../../../Dataset/Synthetic_IM20/stream_gen_agrawal.arff,1,24000.0,0.65625,1.001398130837414E-9,24000.0,0.946,0.9429768041237113,0.9429768041237113,0.850828729281768,0.942960899365376,0.9106666666666666,0.9429768041237113,0.776,0.224,24000.0,6392.0
meta.imbalanced.RebalanceStream -l (trees.HoeffdingTree -e 2000000 -g 100 -c 0.01),ArffFileStream -f ./../../../Dataset/Synthetic_IM20/stream_gen_agrawal.arff,1,24500.0,0.65625,1.001398130837414E-9,24500.0,0.96,0.9609521771182612,0.9609521771182612,0.88575867662851,0.960950735295162,0.9275237654116765,0.9609521771182612,0.786,0.214,24500.0,6392.0
meta.imbalanced.RebalanceStream -l (trees.HoeffdingTree -e 2000000 -g 100 -c 0.01),ArffFileStream -f ./../../../Dataset/Synthetic_IM20/stream_gen_agrawal.arff,1,25000.0,0.671875,1.0272358647651144E-9,25000.0,0.952,0.9393025113142248,0.9393025113142249,0.8684325936321375,0.9389946156808225,0.9293954375921589,0.9393025113142248,0.764,0.236,25000.0,6392.0
meta.imbalanced.RebalanceStream -l (trees.HoeffdingTree -e 2000000 -g 100 -c 0.01),ArffFileStream -f ./../../../Dataset/Synthetic_IM20/stream_gen_agrawal.arff,1,25500.0,0.671875,1.0272358647651144E-9,25500.0,0.932,0.9392042258687732,0.9392042258687732,0.8086404466557104,0.9391243071646849,0.8791243587849106,0.9392042258687732,0.794,0.206,25500.0,6392.0
meta.imbalanced.RebalanceStream -l (trees.HoeffdingTree -e 2000000 -g 100 -c 0.01),ArffFileStream -f ./../../../Dataset/Synthetic_IM20/stream_gen_agrawal.arff,1,26000.0,0.671875,1.0272358647651144E-9,26000.0,0.952,0.9591320072332731,0.9591320072332732,0.8638992854712487,0.959053179864557,0.9106553665006145,0.9591320072332731,0.79,0.21,26000.0,6392.0
meta.imbalanced.RebalanceStream -l (trees.HoeffdingTree -e 2000000 -g 100 -c 0.01),ArffFileStream -f ./../../../Dataset/Synthetic_IM20/stream_gen_agrawal.arff,1,26500.0,0.6875,1.0530735986928146E-9,26500.0,0.952,0.9370381318356489,0.9370381318356489,0.8553659242117443,0.9366972373475999,0.9190759637188208,0.9370381318356489,0.796,0.204,26500.0,6392.0
meta.imbalanced.RebalanceStream -l (trees.HoeffdingTree -e 2000000 -g 100 -c 0.01),ArffFileStream -f ./../../../Dataset/Synthetic_IM20/stream_gen_agrawal.arff,1,27000.0,0.6875,1.0530735986928146E-9,27000.0,0.94,0.9200542005420054,0.9200542005420054,0.8051948051948052,0.9195262123966629,0.8875,0.9200542005420054,0.82,0.18,27000.0,6392.0
meta.imbalanced.RebalanceStream -l (trees.HoeffdingTree -e 2000000 -g 100 -c 0.01),ArffFileStream -f ./../../../Dataset/Synthetic_IM20/stream_gen_agrawal.arff,1,27500.0,0.6875,1.0530735986928146E-9,27500.0,0.95,0.9563820771480904,0.9563820771480903,0.8423230233614208,0.9563307316231181,0.8943216175359032,0.9563820771480904,0.822,0.178,27500.0,6392.0
meta.imbalanced.RebalanceStream -l (trees.HoeffdingTree -e 2000000 -g 100 -c 0.01),ArffFileStream -f ./../../../Dataset/Synthetic_IM20/stream_gen_agrawal.arff,1,28000.0,0.71875,1.1047490665482151E-9,28000.0,0.946,0.9448918799646955,0.9448918799646955,0.8269674442450654,0.9448903325317258,0.8889089813140446,0.9448918799646955,0.824,0.176,28000.0,6392.0
meta.imbalanced.RebalanceStream -l (trees.HoeffdingTree -e 2000000 -g 100 -c 0.01),ArffFileStream -f ./../../../Dataset/Synthetic_IM20/stream_gen_agrawal.arff,1,28500.0,0.734375,1.1305868004759154E-9,28500.0,0.954,0.9408927177006978,0.9408927177006977,0.8589164785553047,0.9406424302391884,0.9190929987549086,0.9408927177006978,0.802,0.198,28500.0,6392.0
meta.imbalanced.RebalanceStream -l (trees.HoeffdingTree -e 2000000 -g 100 -c 0.01),ArffFileStream -f ./../../../Dataset/Synthetic_IM20/stream_gen_agrawal.arff,1,29000.0,0.734375,1.1305868004759154E-9,29000.0,0.946,0.9435006211897952,0.943500621189795,0.8197596795727636,0.9434932022685054,0.88375,0.9435006211897952,0.834,0.166,29000.0,6392.0
meta.imbalanced.RebalanceStream -l (trees.HoeffdingTree -e 2000000 -g 100 -c 0.01),ArffFileStream -f ./../../../Dataset/Synthetic_IM20/stream_gen_agrawal.arff,1,29500.0,0.734375,1.1305868004759154E-9,29500.0,0.946,0.9384437944400846,0.9384437944400846,0.8452686594535118,0.9383508124742956,0.9090203212352471,0.9384437944400846,0.786,0.214,29500.0,6392.0
meta.imbalanced.RebalanceStream -l (trees.HoeffdingTree -e 2000000 -g 100 -c 0.01),ArffFileStream -f ./../../../Dataset/Synthetic_IM20/stream_gen_agrawal.arff,1,30000.0,0.75,1.1564245344036157E-9,30000.0,0.96,0.951137102014295,0.951137102014295,0.8741029837592849,0.9510296735097368,0.924482159888484,0.951137102014295,0.81,0.19,30000.0,6392.0
meta.imbalanced.RebalanceStream -l (trees.HoeffdingTree -e 2000000 -g 100 -c 0.01),ArffFileStream -f ./../../../Dataset/Synthetic_IM20/stream_gen_agrawal.arff,1,30500.0,0.75,1.1564245344036157E-9,30500.0,0.938,0.9537581577706642,0.9537581577706642,0.8251432697080456,0.9533916074781947,0.8840305779569892,0.9537581577706642,0.798,0.202,30500.0,6392.0
meta.imbalanced.RebalanceStream -l (trees.HoeffdingTree -e 2000000 -g 100 -c 0.01),ArffFileStream -f ./../../../Dataset/Synthetic_IM20/stream_gen_agrawal.arff,1,31000.0,0.75,1.1564245344036157E-9,31000.0,0.946,0.9509848715605644,0.9509848715605644,0.840365149938511,0.9509495284105899,0.8964874695945192,0.9509848715605644,0.804,0.196,31000.0,6392.0
meta.imbalanced.RebalanceStream -l (trees.HoeffdingTree -e 2000000 -g 100 -c 0.01),ArffFileStream -f ./../../../Dataset/Synthetic_IM20/stream_gen_agrawal.arff,1,31500.0,0.75,1.1564245344036157E-9,31500.0,0.95,0.94625,0.94625,0.8510131108462455,0.9462293590879539,0.9081772655553269,0.94625,0.8,0.2,31500.0,6392.0
meta.imbalanced.RebalanceStream -l (trees.HoeffdingTree -e 2000000 -g 100 -c 0.01),ArffFileStream -f ./../../../Dataset/Synthetic_IM20/stream_gen_agrawal.arff,1,32000.0,0.75,1.1564245344036157E-9,32000.0,0.946,0.9397088087861155,0.9397088087861155,0.8379818539676444,0.939651081393835,0.9016936671575846,0.9397088087861155,0.802,0.198,32000.0,6392.0
meta.imbalanced.RebalanceStream -l (trees.HoeffdingTree -e 2000000 -g 100 -c 0.01),ArffFileStream -f ./../../../Dataset/Synthetic_IM20/stream_gen_agrawal.arff,1,32500.0,0.75,1.1564245344036157E-9,32500.0,0.946,0.9512499999999999,0.9512499999999999,0.8424737456242707,0.9512097560475291,0.8981120007057941,0.9512499999999999,0.8,0.2,32500.0,6392.0
meta.imbalanced.RebalanceStream -l (trees.HoeffdingTree -e 2000000 -g 100 -c 0.01),ArffFileStream -f ./../../../Dataset/Synthetic_IM20/stream_gen_agrawal.arff,1,33000.0,0.75,1.1564245344036157E-9,33000.0,0.944,0.9362859362859364,0.9362859362859363,0.8369666480342836,0.9361927560373859,0.9033764367816092,0.9362859362859364,0.792,0.208,33000.0,6392.0
meta.imbalanced.RebalanceStream -l (trees.HoeffdingTree -e 2000000 -g 100 -c 0.01),ArffFileStream -f ./../../../Dataset/Synthetic_IM20/stream_gen_agrawal.arff,1,33500.0,0.75,1.1564245344036157E-9,33500.0,0.94,0.944083160902552,0.944083160902552,0.8278078795114335,0.9440579658584415,0.8909272269928008,0.944083160902552,0.796,0.204,33500.0,6392.0
meta.imbalanced.RebalanceStream -l (trees.HoeffdingTree -e 2000000 -g 100 -c 0.01),ArffFileStream -f ./../../../Dataset/Synthetic_IM20/stream_gen_agrawal.arff,1,34000.0,0.75,1.1564245344036157E-9,34000.0,0.948,0.9406538734896944,0.9406538734896944,0.8423095584667637,0.9405762724181187,0.9046620046620046,0.9406538734896944,0.804,0.196,34000.0,6392.0
meta.imbalanced.RebalanceStream -l (trees.HoeffdingTree -e 2000000 -g 100 -c 0.01),ArffFileStream -f ./../../../Dataset/Synthetic_IM20/stream_gen_agrawal.arff,1,34500.0,0.75,1.1564245344036157E-9,34500.0,0.958,0.9513833992094862,0.9513833992094861,0.8839009287925697,0.9513044923441444,0.9333636915604129,0.9513833992094862,0.77,0.23,34500.0,6392.0
meta.imbalanced.RebalanceStream -l (trees.HoeffdingTree -e 2000000 -g 100 -c 0.01),ArffFileStream -f ./../../../Dataset/Synthetic_IM20/stream_gen_agrawal.arff,1,35000.0,0.765625,1.182262268331316E-9,35000.0,0.952,0.9545675475173314,0.9545675475173313,0.8555574279592671,0.9545583281828572,0.9063364661224302,0.9545675475173314,0.806,0.194,35000.0,6392.0
meta.imbalanced.RebalanceStream -l (trees.HoeffdingTree -e 2000000 -g 100 -c 0.01),ArffFileStream -f ./../../../Dataset/Synthetic_IM20/stream_gen_agrawal.arff,1,35500.0,0.78125,1.2081000022590162E-9,35500.0,0.942,0.952429532230031,0.952429532230031,0.8320670805151487,0.952272991041561,0.8894743689825657,0.952429532230031,0.802,0.198,35500.0,6392.0
meta.imbalanced.RebalanceStream -l (trees.HoeffdingTree -e 2000000 -g 100 -c 0.01),ArffFileStream -f ./../../../Dataset/Synthetic_IM20/stream_gen_agrawal.arff,1,36000.0,0.796875,1.2339377361867164E-9,36000.0,0.954,0.9438097114153452,0.9438097114153452,0.8246202647471482,0.9437023972195241,0.8868475274725275,0.9438097114153452,0.858,0.142,36000.0,6392.0
meta.imbalanced.RebalanceStream -l (trees.HoeffdingTree -e 2000000 -g 100 -c 0.01),ArffFileStream -f ./../../../Dataset/Synthetic_IM20/stream_gen_agrawal.arff,1,36500.0,0.8125,1.2597754701144167E-9,36500.0,0.948,0.9535183838194232,0.9535183838194233,0.8560577540580641,0.9534681821724136,0.9080238964767473,0.9535183838194232,0.782,0.218,36500.0,6392.0
meta.imbalanced.RebalanceStream -l (trees.HoeffdingTree -e 2000000 -g 100 -c 0.01),ArffFileStream -f ./../../../Dataset/Synthetic_IM20/stream_gen_agrawal.arff,1,37000.0,0.828125,1.285613204042117E-9,37000.0,0.938,0.9286089391994399,0.9286089391994399,0.7912851448885059,0.9285037787352756,0.8700596992367566,0.9286089391994399,0.836,0.164,37000.0,6392.0
meta.imbalanced.RebalanceStream -l (trees.HoeffdingTree -e 2000000 -g 100 -c 0.01),ArffFileStream -f ./../../../Dataset/Synthetic_IM20/stream_gen_agrawal.arff,1,37500.0,0.828125,1.285613204042117E-9,37500.0,0.948,0.9311916989833351,0.9311916989833351,0.8350756114888866,0.9308020260489807,0.9053601340033501,0.9311916989833351,0.812,0.188,37500.0,6392.0
meta.imbalanced.RebalanceStream -l (trees.HoeffdingTree -e 2000000 -g 100 -c 0.01),ArffFileStream -f ./../../../Dataset/Synthetic_IM20/stream_gen_agrawal.arff,1,38000.0,0.84375,1.3114509379698172E-9,38000.0,0.93,0.9187646094736559,0.9187646094736559,0.780822604077952,0.9185947585137298,0.868150037792895,0.9187646094736559,0.818,0.182,38000.0,6392.0
meta.imbalanced.RebalanceStream -l (trees.HoeffdingTree -e 2000000 -g 100 -c 0.01),ArffFileStream -f ./../../../Dataset/Synthetic_IM20/stream_gen_agrawal.arff,1,38500.0,0.84375,1.3114509379698172E-9,38500.0,0.946,0.9443601842489608,0.9443601842489607,0.8241821212752657,0.9443568758679045,0.886906654276002,0.9443601842489608,0.828,0.172,38500.0,6392.0
meta.imbalanced.RebalanceStream -l (trees.HoeffdingTree -e 2000000 -g 100 -c 0.01),ArffFileStream -f ./../../../Dataset/Synthetic_IM20/stream_gen_agrawal.arff,1,39000.0,0.859375,1.3372886718975175E-9,39000.0,0.932,0.925048215370796,0.9250482153707961,0.7910367037883816,0.9249819793073133,0.8726001065332685,0.925048215370796,0.814,0.186,39000.0,6392.0
meta.imbalanced.RebalanceStream -l (trees.HoeffdingTree -e 2000000 -g 100 -c 0.01),ArffFileStream -f ./../../../Dataset/Synthetic_IM20/stream_gen_agrawal.arff,1,39500.0,0.859375,1.3372886718975175E-9,39500.0,0.928,0.9260861388000752,0.9260861388000753,0.7789621042807673,0.9260812497283182,0.8626374882806247,0.9260861388000752,0.818,0.182,39500.0,6392.0
meta.imbalanced.RebalanceStream -l (trees.HoeffdingTree -e 2000000 -g 100 -c 0.01),ArffFileStream -f ./../../../Dataset/Synthetic_IM20/stream_gen_agrawal.arff,1,40000.0,0.875,1.3631264058252178E-9,40000.0,0.942,0.9515158970994286,0.9515158970994285,0.8200188669877364,0.9514011589394964,0.8800625920471281,0.9515158970994286,0.822,0.178,40000.0,6392.0
meta.imbalanced.RebalanceStream -l (trees.HoeffdingTree -e 2000000 -g 100 -c 0.01),ArffFileStream -f ./../../../Dataset/Synthetic_IM20/stream_gen_agrawal.arff,1,40500.0,0.875,1.3631264058252178E-9,40500.0,0.948,0.9481722135529917,0.9481722135529916,0.8435205469558728,0.9481721717974041,0.9006196976972858,0.9481722135529917,0.806,0.194,40500.0,6392.0
meta.imbalanced.RebalanceStream -l (trees.HoeffdingTree -e 2000000 -g 100 -c 0.01),ArffFileStream -f ./../../../Dataset/Synthetic_IM20/stream_gen_agrawal.arff,1,41000.0,0.875,1.3631264058252178E-9,41000.0,0.946,0.9480977943750729,0.9480977943750729,0.8198462688160564,0.9480926550589505,0.8811260825330653,0.9480977943750729,0.836,0.164,41000.0,6560.0
meta.imbalanced.RebalanceStream -l (trees.HoeffdingTree -e 2000000 -g 100 -c 0.01),ArffFileStream -f ./../../../Dataset/Synthetic_IM20/stream_gen_agrawal.arff,1,41500.0,0.875,1.3631264058252178E-9,41500.0,0.956,0.9511754068716094,0.9511754068716094,0.871869539895166,0.9511390335388183,0.9226425748164879,0.9511754068716094,0.79,0.21,41500.0,6560.0
meta.imbalanced.RebalanceStream -l (trees.HoeffdingTree -e 2000000 -g 100 -c 0.01),ArffFileStream -f ./../../../Dataset/Synthetic_IM20/stream_gen_agrawal.arff,1,42000.0,0.875,1.3631264058252178E-9,42000.0,0.958,0.9480439596489789,0.948043959648979,0.8619438308614705,0.947917901198437,0.9160067011879378,0.9480439596489789,0.822,0.178,42000.0,6560.0
meta.imbalanced.RebalanceStream -l (trees.HoeffdingTree -e 2000000 -g 100 -c 0.01),ArffFileStream -f ./../../../Dataset/Synthetic_IM20/stream_gen_agrawal.arff,1,42500.0,0.890625,1.3896432291302418E-9,42500.0,0.952,0.9425020627062706,0.9425020627062706,0.8512052375756374,0.9423759340040996,0.9109280720237525,0.9425020627062706,0.808,0.192,42500.0,6560.0
meta.imbalanced.RebalanceStream -l (trees.HoeffdingTree -e 2000000 -g 100 -c 0.01),ArffFileStream -f ./../../../Dataset/Synthetic_IM20/stream_gen_agrawal.arff,1,43000.0,0.890625,1.3896432291302418E-9,43000.0,0.944,0.9504662004662006,0.9504662004662005,0.8412842372573917,0.9504017062607808,0.8979066575154426,0.9504662004662006,0.792,0.208,43000.0,6560.0
meta.imbalanced.RebalanceStream -l (trees.HoeffdingTree -e 2000000 -g 100 -c 0.01),ArffFileStream -f ./../../../Dataset/Synthetic_IM20/stream_gen_agrawal.arff,1,43500.0,0.890625,1.3896432291302418E-9,43500.0,0.954,0.9597221866925891,0.9597221866925891,0.8620838530173655,0.9596766400911402,0.9083946913916916,0.9597221866925891,0.806,0.194,43500.0,6560.0
meta.imbalanced.RebalanceStream -l (trees.HoeffdingTree -e 2000000 -g 100 -c 0.01),ArffFileStream -f ./../../../Dataset/Synthetic_IM20/stream_gen_agrawal.arff,1,44000.0,0.890625,1.3896432291302418E-9,44000.0,0.954,0.9464681870618511,0.9464681870618511,0.875,0.9463606842425861,0.9293333333333333,0.9464681870618511,0.764,0.236,44000.0,6560.0
meta.imbalanced.RebalanceStream -l (trees.HoeffdingTree -e 2000000 -g 100 -c 0.01),ArffFileStream -f ./../../../Dataset/Synthetic_IM20/stream_gen_agrawal.arff,1,44500.0,0.890625,1.3896432291302418E-9,44500.0,0.94,0.9274494780193467,0.9274494780193469,0.826404962503472,0.9271934907939927,0.9007722701149425,0.9274494780193467,0.788,0.212,44500.0,6560.0
meta.imbalanced.RebalanceStream -l (trees.HoeffdingTree -e 2000000 -g 100 -c 0.01),ArffFileStream -f ./../../../Dataset/Synthetic_IM20/stream_gen_agrawal.arff,1,45000.0,0.890625,1.3896432291302418E-9,45000.0,0.964,0.9651790752035251,0.9651790752035251,0.8849899046694099,0.9651772947473519,0.9234061284879314,0.9651790752035251,0.818,0.182,45000.0,6560.0
meta.imbalanced.RebalanceStream -l (trees.HoeffdingTree -e 2000000 -g 100 -c 0.01),ArffFileStream -f ./../../../Dataset/Synthetic_IM20/stream_gen_agrawal.arff,1,45500.0,0.890625,1.3896432291302418E-9,45500.0,0.938,0.9325447570332481,0.9325447570332481,0.807319377455124,0.9325048082403138,0.8809568502311176,0.9325447570332481,0.816,0.184,45500.0,6560.0
meta.imbalanced.RebalanceStream -l (trees.HoeffdingTree -e 2000000 -g 100 -c 0.01),ArffFileStream -f ./../../../Dataset/Synthetic_IM20/stream_gen_agrawal.arff,1,46000.0,0.890625,1.3896432291302418E-9,46000.0,0.948,0.9567743764172336,0.9567743764172336,0.8561182928988844,0.9566496597127767,0.9061239919354839,0.9567743764172336,0.784,0.216,46000.0,6560.0
meta.imbalanced.RebalanceStream -l (trees.HoeffdingTree -e 2000000 -g 100 -c 0.01),ArffFileStream -f ./../../../Dataset/Synthetic_IM20/stream_gen_agrawal.arff,1,46500.0,0.890625,1.3896432291302418E-9,46500.0,0.942,0.949848305889437,0.9498483058894369,0.8427263655690052,0.9497434139798794,0.8998682476943346,0.949848305889437,0.778,0.222,46500.0,6560.0
meta.imbalanced.RebalanceStream -l (trees.HoeffdingTree -e 2000000 -g 100 -c 0.01),ArffFileStream -f ./../../../Dataset/Synthetic_IM20/stream_gen_agrawal.arff,1,47000.0,0.890625,1.3896432291302418E-9,47000.0,0.934,0.9308102066538251,0.9308102066538251,0.8145317206960119,0.9307935016798807,0.8885552505147563,0.9308102066538251,0.786,0.214,47000.0,6560.0
meta.imbalanced.RebalanceStream -l (trees.HoeffdingTree -e 2000000 -g 100 -c 0.01),ArffFileStream -f ./../../../Dataset/Synthetic_IM20/stream_gen_agrawal.arff,1,47500.0,0.890625,1.3896432291302418E-9,47500.0,0.942,0.9455014550879166,0.9455014550879166,0.8340353447486494,0.9454827027863861,0.8950255876485385,0.9455014550879166,0.794,0.206,47500.0,6560.0
meta.imbalanced.RebalanceStream -l (trees.HoeffdingTree -e 2000000 -g 100 -c 0.01),ArffFileStream -f ./../../../Dataset/Synthetic_IM20/stream_gen_agrawal.arff,1,48000.0,0.890625,1.3896432291302418E-9,48000.0,0.96,0.9505429182848537,0.9505429182848538,0.8721456516736135,0.9504236237569998,0.9231742723144495,0.9505429182848537,0.814,0.186,48000.0,6560.0
meta.imbalanced.RebalanceStream -l (trees.HoeffdingTree -e 2000000 -g 100 -c 0.01),ArffFileStream -f ./../../../Dataset/Synthetic_IM20/stream_gen_agrawal.arff,1,48500.0,0.890625,1.3896432291302418E-9,48500.0,0.972,0.9756840287246613,0.9756840287246613,0.9228463098492197,0.9756605262141683,0.9489533287577213,0.9756840287246613,0.772,0.228,48500.0,6560.0
meta.imbalanced.RebalanceStream -l (trees.HoeffdingTree -e 2000000 -g 100 -c 0.01),ArffFileStream -f ./../../../Dataset/Synthetic_IM20/stream_gen_agrawal.arff,1,49000.0,0.90625,1.4161600524352659E-9,49000.0,0.96,0.9671942144429305,0.9671942144429305,0.8770290211510083,0.9671254966312011,0.9156177156177157,0.9671942144429305,0.812,0.188,49000.0,6560.0
meta.imbalanced.RebalanceStream -l (trees.HoeffdingTree -e 2000000 -g 100 -c 0.01),ArffFileStream -f ./../../../Dataset/Synthetic_IM20/stream_gen_agrawal.arff,1,49500.0,0.90625,1.4161600524352659E-9,49500.0,0.938,0.9405077547572679,0.9405077547572678,0.8289107686873592,0.9404972442913522,0.8942792338709677,0.9405077547572679,0.782,0.218,49500.0,6560.0
meta.imbalanced.RebalanceStream -l (trees.HoeffdingTree -e 2000000 -g 100 -c 0.01),ArffFileStream -f ./../../../Dataset/Synthetic_IM20/stream_gen_agrawal.arff,1,50000.0,0.921875,1.44267687574029E-9,50000.0,0.958,0.9588947616566168,0.9588947616566168,0.8756984562932096,0.9588935864302278,0.920257249340969,0.9588947616566168,0.798,0.202,50000.0,6560.0
meta.imbalanced.RebalanceStream -l (trees.HoeffdingTree -e 2000000 -g 100 -c 0.01),ArffFileStream -f ./../../../Dataset/Synthetic_IM20/stream_gen_agrawal.arff,1,50500.0,0.921875,1.44267687574029E-9,50500.0,0.934,0.9403143166814465,0.9403143166814464,0.8125,0.9402538215769444,0.8813333333333333,0.9403143166814465,0.796,0.204,50500.0,6560.0
meta.imbalanced.RebalanceStream -l (trees.HoeffdingTree -e 2000000 -g 100 -c 0.01),ArffFileStream -f ./../../../Dataset/Synthetic_IM20/stream_gen_agrawal.arff,1,51000.0,0.921875,1.44267687574029E-9,51000.0,0.952,0.9484265734265734,0.9484265734265734,0.8602571268865288,0.9484068348949856,0.9146012931034483,0.9484265734265734,0.792,0.208,51000.0,6560.0
meta.imbalanced.RebalanceStream -l (trees.HoeffdingTree -e 2000000 -g 100 -c 0.01),ArffFileStream -f ./../../../Dataset/Synthetic_IM20/stream_gen_agrawal.arff,1,51500.0,0.9375,1.469193699045314E-9,51500.0,0.96,0.95625,0.9562499999999999,0.8795180722891566,0.9562295749452638,0.9254079254079255,0.95625,0.8,0.2,51500.0,6560.0
meta.imbalanced.RebalanceStream -l (trees.HoeffdingTree -e 2000000 -g 100 -c 0.01),ArffFileStream -f ./../../../Dataset/Synthetic_IM20/stream_gen_agrawal.arff,1,52000.0,0.953125,1.495710522350338E-9,52000.0,0.944,0.9439727949394783,0.9439727949394783,0.8421254426125984,0.9439727937413099,0.9026115460093593,0.9439727949394783,0.786,0.214,52000.0,6560.0
meta.imbalanced.RebalanceStream -l (trees.HoeffdingTree -e 2000000 -g 100 -c 0.01),ArffFileStream -f ./../../../Dataset/Synthetic_IM20/stream_gen_agrawal.arff,1,52500.0,0.953125,1.495710522350338E-9,52500.0,0.934,0.916746480222201,0.916746480222201,0.8084068741291222,0.9162569864632918,0.8931112365894975,0.916746480222201,0.788,0.212,52500.0,6560.0
meta.imbalanced.RebalanceStream -l (trees.HoeffdingTree -e 2000000 -g 100 -c 0.01),ArffFileStream -f ./../../../Dataset/Synthetic_IM20/stream_gen_agrawal.arff,1,53000.0,0.953125,1.495710522350338E-9,53000.0,0.94,0.9453432198629368,0.9453432198629368,0.8087320208099561,0.9453081295725609,0.8745275888133031,0.9453432198629368,0.828,0.172,53000.0,6560.0
meta.imbalanced.RebalanceStream -l (trees.HoeffdingTree -e 2000000 -g 100 -c 0.01),ArffFileStream -f ./../../../Dataset/Synthetic_IM20/stream_gen_agrawal.arff,1,53500.0,0.96875,1.522227345655362E-9,53500.0,0.932,0.9242591149681614,0.9242591149681615,0.7879294428781717,0.9241789726141668,0.8705037659259954,0.9242591149681614,0.818,0.182,53500.0,6560.0
meta.imbalanced.RebalanceStream -l (trees.HoeffdingTree -e 2000000 -g 100 -c 0.01),ArffFileStream -f ./../../../Dataset/Synthetic_IM20/stream_gen_agrawal.arff,1,54000.0,0.96875,1.522227345655362E-9,54000.0,0.938,0.9385248998715333,0.9385248998715333,0.8179383574516068,0.9385244975221373,0.8862143934688083,0.9385248998715333,0.802,0.198,54000.0,6560.0
meta.imbalanced.RebalanceStream -l (trees.HoeffdingTree -e 2000000 -g 100 -c 0.01),ArffFileStream -f ./../../../Dataset/Synthetic_IM20/stream_gen_agrawal.arff,1,54500.0,0.984375,1.5487441689603861E-9,54500.0,0.952,0.9482037612188501,0.9482037612188501,0.8593365373344274,0.9481817813166814,0.9139469226425748,0.9482037612188501,0.794,0.206,54500.0,6560.0
meta.imbalanced.RebalanceStream -l (trees.HoeffdingTree -e 2000000 -g 100 -c 0.01),ArffFileStream -f ./../../../Dataset/Synthetic_IM20/stream_gen_agrawal.arff,1,55000.0,0.984375,1.5487441689603861E-9,55000.0,0.956,0.943574168797954,0.943574168797954,0.8582474226804123,0.9433693084756961,0.91625,0.943574168797954,0.816,0.184,55000.0,6560.0
meta.imbalanced.RebalanceStream -l (trees.HoeffdingTree -e 2000000 -g 100 -c 0.01),ArffFileStream -f ./../../../Dataset/Synthetic_IM20/stream_gen_agrawal.arff,1,55500.0,0.984375,1.5487441689603861E-9,55500.0,0.932,0.930418766467985,0.9304187664679849,0.7983440487770159,0.9304151790534216,0.8754770034143402,0.930418766467985,0.806,0.194,55500.0,6560.0
meta.imbalanced.RebalanceStream -l (trees.HoeffdingTree -e 2000000 -g 100 -c 0.01),ArffFileStream -f ./../../../Dataset/Synthetic_IM20/stream_gen_agrawal.arff,1,56000.0,1.0,1.5752609922654102E-9,56000.0,0.942,0.9227607709750567,0.9227607709750567,0.8315755238581982,0.9221388919541469,0.9092748850929546,0.9227607709750567,0.784,0.216,56000.0,6560.0
meta.imbalanced.RebalanceStream -l (trees.HoeffdingTree -e 2000000 -g 100 -c 0.01),ArffFileStream -f ./../../../Dataset/Synthetic_IM20/stream_gen_agrawal.arff,1,56500.0,1.0,1.5752609922654102E-9,56500.0,0.946,0.9353758097435443,0.9353758097435442,0.8532608695652174,0.9351593595614134,0.9186666666666667,0.9353758097435443,0.764,0.236,56500.0,6560.0
meta.imbalanced.RebalanceStream -l (trees.HoeffdingTree -e 2000000 -g 100 -c 0.01),ArffFileStream -f ./../../../Dataset/Synthetic_IM20/stream_gen_agrawal.arff,1,57000.0,1.015625,1.6017778155704342E-9,57000.0,0.946,0.9525036818851251,0.9525036818851251,0.8535092668952645,0.9524308099369903,0.9067936862574733,0.9525036818851251,0.776,0.224,57000.0,6560.0
meta.imbalanced.RebalanceStream -l (trees.HoeffdingTree -e 2000000 -g 100 -c 0.01),ArffFileStream -f ./../../../Dataset/Synthetic_IM20/stream_gen_agrawal.arff,1,57500.0,1.015625,1.6017778155704342E-9,57500.0,0.946,0.9437859195402298,0.9437859195402298,0.8541675668668712,0.9437768798029409,0.9130466578908878,0.9437859195402298,0.768,0.232,57500.0,6560.0
meta.imbalanced.RebalanceStream -l (trees.HoeffdingTree -e 2000000 -g 100 -c 0.01),ArffFileStream -f ./../../../Dataset/Synthetic_IM20/stream_gen_agrawal.arff,1,58000.0,1.015625,1.6017778155704342E-9,58000.0,0.94,0.9262655906089509,0.9262655906089509,0.8126685982615646,0.9260040455075804,0.8895220764294608,0.9262655906089509,0.812,0.188,58000.0,6560.0
meta.imbalanced.RebalanceStream -l (trees.HoeffdingTree -e 2000000 -g 100 -c 0.01),ArffFileStream -f ./../../../Dataset/Synthetic_IM20/stream_gen_agrawal.arff,1,58500.0,1.015625,1.6017778155704342E-9,58500.0,0.956,0.9600317121845867,0.9600317121845867,0.85953262673988,0.9600112996774318,0.9057263411693791,0.9600317121845867,0.822,0.178,58500.0,6560.0
meta.imbalanced.RebalanceStream -l (trees.HoeffdingTree -e 2000000 -g 100 -c 0.01),ArffFileStream -f ./../../../Dataset/Synthetic_IM20/stream_gen_agrawal.arff,1,59000.0,1.015625,1.6017778155704342E-9,59000.0,0.938,0.9419687396075822,0.9419687396075823,0.8168021936459909,0.9419464172003741,0.8832860058567753,0.9419687396075822,0.806,0.194,59000.0,6560.0
meta.imbalanced.RebalanceStream -l (trees.HoeffdingTree -e 2000000 -g 100 -c 0.01),ArffFileStream -f ./../../../Dataset/Synthetic_IM20/stream_gen_agrawal.arff,1,59500.0,1.015625,1.6017778155704342E-9,59500.0,0.948,0.9323243341514408,0.9323243341514407,0.8540899703690401,0.9318789231572843,0.9220427722069394,0.9323243341514408,0.772,0.228,59500.0,6560.0
meta.imbalanced.RebalanceStream -l (trees.HoeffdingTree -e 2000000 -g 100 -c 0.01),ArffFileStream -f ./../../../Dataset/Synthetic_IM20/stream_gen_agrawal.arff,1,60000.0,1.03125,1.6282946388754583E-9,60000.0,0.958,0.9465477987260495,0.9465477987260494,0.8692794183556596,0.9463628101136055,0.9238539238539238,0.9465477987260495,0.806,0.194,60000.0,6560.0
meta.imbalanced.RebalanceStream -l (trees.HoeffdingTree -e 2000000 -g 100 -c 0.01),ArffFileStream -f ./../../../Dataset/Synthetic_IM20/stream_gen_agrawal.arff,1,60500.0,1.03125,1.6282946388754583E-9,60500.0,0.944,0.9368834402834978,0.9368834402834978,0.8390508599282627,0.9368019701263659,0.9047830330996539,0.9368834402834978,0.788,0.212,60500.0,6560.0
meta.imbalanced.RebalanceStream -l (trees.HoeffdingTree -e 2000000 -g 100 -c 0.01),ArffFileStream -f ./../../../Dataset/Synthetic_IM20/stream_gen_agrawal.arff,1,61000.0,1.046875,1.6548114621804823E-9,61000.0,0.95,0.9412644389438944,0.9412644389438943,0.8455951380997084,0.9411576064953342,0.9069819980499869,0.9412644389438944,0.808,0.192,61000.0,6560.0
meta.imbalanced.RebalanceStream -l (trees.HoeffdingTree -e 2000000 -g 100 -c 0.01),ArffFileStream -f ./../../../Dataset/Synthetic_IM20/stream_gen_agrawal.arff,1,61500.0,1.046875,1.6548114621804823E-9,61500.0,0.934,0.9230019493177388,0.9230019493177387,0.7977941176470589,0.9228314763396386,0.8793706293706294,0.9230019493177388,0.81,0.19,61500.0,6560.0
meta.imbalanced.RebalanceStream -l (trees.HoeffdingTree -e 2000000 -g 100 -c 0.01),ArffFileStream -f ./../../../Dataset/Synthetic_IM20/stream_gen_agrawal.arff,1,62000.0,1.046875,1.6548114621804823E-9,62000.0,0.958,0.9624045945741706,0.9624045945741706,0.8748927652273377,0.9623769661221855,0.917166621216253,0.9624045945741706,0.802,0.198,62000.0,6560.0
meta.imbalanced.RebalanceStream -l (trees.HoeffdingTree -e 2000000 -g 100 -c 0.01),ArffFileStream -f ./../../../Dataset/Synthetic_IM20/stream_gen_agrawal.arff,1,62500.0,1.046875,1.6548114621804823E-9,62500.0,0.958,0.9541563531353134,0.9541563531353136,0.8702999160037551,0.9541359507644883,0.9188723217045969,0.9541563531353134,0.808,0.192,62500.0,6560.0
meta.imbalanced.RebalanceStream -l (trees.HoeffdingTree -e 2000000 -g 100 -c 0.01),ArffFileStream -f ./../../../Dataset/Synthetic_IM20/stream_gen_agrawal.arff,1,63000.0,1.046875,1.6548114621804823E-9,63000.0,0.934,0.9332738255361815,0.9332738255361815,0.8111436681622562,0.9332730084113623,0.8841833636915604,0.9332738255361815,0.794,0.206,63000.0,6560.0
meta.imbalanced.RebalanceStream -l (trees.HoeffdingTree -e 2000000 -g 100 -c 0.01),ArffFileStream -f ./../../../Dataset/Synthetic_IM20/stream_gen_agrawal.arff,1,63500.0,1.0625,1.6813282854855064E-9,63500.0,0.962,0.957029926595144,0.957029926595144,0.8949579831932774,0.9569856685105651,0.9387848035389019,0.957029926595144,0.77,0.23,63500.0,6560.0
meta.imbalanced.RebalanceStream -l (trees.HoeffdingTree -e 2000000 -g 100 -c 0.01),ArffFileStream -f ./../../../Dataset/Synthetic_IM20/stream_gen_agrawal.arff,1,64000.0,1.0625,1.6813282854855064E-9,64000.0,0.932,0.9074592074592074,0.9074592074592074,0.8044178554993097,0.9064004476840088,0.8972366148531952,0.9074592074592074,0.78,0.22,64000.0,6560.0
meta.imbalanced.RebalanceStream -l (trees.HoeffdingTree -e 2000000 -g 100 -c 0.01),ArffFileStream -f ./../../../Dataset/Synthetic_IM20/stream_gen_agrawal.arff,1,64500.0,1.078125,1.7078451087905304E-9,64500.0,0.938,0.9367553684811301,0.9367553684811301,0.8257722224720111,0.9367528413141906,0.893917295813315,0.9367553684811301,0.786,0.214,64500.0,6560.0
meta.imbalanced.RebalanceStream -l (trees.HoeffdingTree -e 2000000 -g 100 -c 0.01),ArffFileStream -f ./../../../Dataset/Synthetic_IM20/stream_gen_agrawal.arff,1,65000.0,1.078125,1.7078451087905304E-9,65000.0,0.938,0.9465774864884693,0.9465774864884693,0.8249457896638959,0.9464650764608874,0.8875095492742551,0.9465774864884693,0.794,0.206,65000.0,6560.0
meta.imbalanced.RebalanceStream -l (trees.HoeffdingTree -e 2000000 -g 100 -c 0.01),ArffFileStream -f ./../../../Dataset/Synthetic_IM20/stream_gen_agrawal.arff,1,65500.0,1.09375,1.7343619320955545E-9,65500.0,0.944,0.9567767472768773,0.9567767472768772,0.818742069965561,0.9565855461387464,0.8759601436351097,0.9567767472768773,0.834,0.166,65500.0,6560.0
meta.imbalanced.RebalanceStream -l (trees.HoeffdingTree -e 2000000 -g 100 -c 0.01),ArffFileStream -f ./../../../Dataset/Synthetic_IM20/stream_gen_agrawal.arff,1,66000.0,1.09375,1.7343619320955545E-9,66000.0,0.946,0.9481837606837606,0.9481837606837606,0.8454174872898823,0.9481763873554654,0.9024946030223076,0.9481837606837606,0.792,0.208,66000.0,6560.0
meta.imbalanced.RebalanceStream -l (trees.HoeffdingTree -e 2000000 -g 100 -c 0.01),ArffFileStream -f ./../../../Dataset/Synthetic_IM20/stream_gen_agrawal.arff,1,66500.0,1.09375,1.7343619320955545E-9,66500.0,0.962,0.9629210399945118,0.9629210399945118,0.8949997789469031,0.9629195731789123,0.9341969800960879,0.9629210399945118,0.774,0.226,66500.0,6560.0
meta.imbalanced.RebalanceStream -l (trees.HoeffdingTree -e 2000000 -g 100 -c 0.01),ArffFileStream -f ./../../../Dataset/Synthetic_IM20/stream_gen_agrawal.arff,1,67000.0,1.109375,1.7608787554005785E-9,67000.0,0.946,0.9380397670214903,0.9380397670214903,0.8532863849765259,0.9379204218987996,0.9165393430099312,0.9380397670214903,0.766,0.234,67000.0,6560.0
meta.imbalanced.RebalanceStream -l (trees.HoeffdingTree -e 2000000 -g 100 -c 0.01),ArffFileStream -f ./../../../Dataset/Synthetic_IM20/stream_gen_agrawal.arff,1,67500.0,1.109375,1.7608787554005785E-9,67500.0,0.958,0.9515000372217672,0.9515000372217672,0.8739193083573487,0.9514375336725502,0.9241258741258742,0.9515000372217672,0.798,0.202,67500.0,6560.0
meta.imbalanced.RebalanceStream -l (trees.HoeffdingTree -e 2000000 -g 100 -c 0.01),ArffFileStream -f ./../../../Dataset/Synthetic_IM20/stream_gen_agrawal.arff,1,68000.0,1.125,1.7873955787056026E-9,68000.0,0.95,0.9458987027245673,0.9458987027245672,0.8316090095915508,0.9458787767522359,0.8917402782008326,0.9458987027245673,0.834,0.166,68000.0,6560.0
meta.imbalanced.RebalanceStream -l (trees.HoeffdingTree -e 2000000 -g 100 -c 0.01),ArffFileStream -f ./../../../Dataset/Synthetic_IM20/stream_gen_agrawal.arff,1,68500.0,1.125,1.7873955787056026E-9,68500.0,0.956,0.9560494500499954,0.9560494500499954,0.8794811114032781,0.956049445728587,0.9258551905610729,0.9560494500499954,0.772,0.228,68500.0,6560.0
meta.imbalanced.RebalanceStream -l (trees.HoeffdingTree -e 2000000 -g 100 -c 0.01),ArffFileStream -f ./../../../Dataset/Synthetic_IM20/stream_gen_agrawal.arff,1,69000.0,1.140625,1.8139124020106266E-9,69000.0,0.956,0.9428521799548376,0.9428521799548375,0.8664821693006093,0.9425940723347592,0.9244013222039904,0.9428521799548376,0.798,0.202,69000.0,6560.0
meta.imbalanced.RebalanceStream -l (trees.HoeffdingTree -e 2000000 -g 100 -c 0.01),ArffFileStream -f ./../../../Dataset/Synthetic_IM20/stream_gen_agrawal.arff,1,69500.0,1.140625,1.8139124020106266E-9,69500.0,0.954,0.9570204003447946,0.9570204003447946,0.8690920681176578,0.9570060343361324,0.9162105584509038,0.9570204003447946,0.788,0.212,69500.0,6560.0
meta.imbalanced.RebalanceStream -l (trees.HoeffdingTree -e 2000000 -g 100 -c 0.01),ArffFileStream -f ./../../../Dataset/Synthetic_IM20/stream_gen_agrawal.arff,1,70000.0,1.15625,1.8404292253156507E-9,70000.0,0.95,0.957050032488629,0.9570500324886289,0.8491067117334621,0.9569824787253914,0.8996227615671302,0.957050032488629,0.81,0.19,70000.0,6560.0
meta.imbalanced.RebalanceStream -l (trees.HoeffdingTree -e 2000000 -g 100 -c 0.01),ArffFileStream -f ./../../../Dataset/Synthetic_IM20/stream_gen_agrawal.arff,1,70500.0,1.15625,1.8404292253156507E-9,70500.0,0.964,0.9629502824582427,0.9629502824582427,0.8937702131677723,0.9629486276153467,0.932885138688802,0.9629502824582427,0.794,0.206,70500.0,6560.0
meta.imbalanced.RebalanceStream -l (trees.HoeffdingTree -e 2000000 -g 100 -c 0.01),ArffFileStream -f ./../../../Dataset/Synthetic_IM20/stream_gen_agrawal.arff,1,71000.0,1.171875,1.8669460486206747E-9,71000.0,0.946,0.9416004214155732,0.9416004214155732,0.8453112109267578,0.9415694409673595,0.906780034848585,0.9416004214155732,0.788,0.212,71000.0,6560.0
meta.imbalanced.RebalanceStream -l (trees.HoeffdingTree -e 2000000 -g 100 -c 0.01),ArffFileStream -f ./../../../Dataset/Synthetic_IM20/stream_gen_agrawal.arff,1,71500.0,1.171875,1.8669460486206747E-9,71500.0,0.958,0.943014519240532,0.9430145192405319,0.8692598864428728,0.9426923678464674,0.9268176371328654,0.943014519240532,0.804,0.196,71500.0,6560.0
meta.imbalanced.RebalanceStream -l (trees.HoeffdingTree -e 2000000 -g 100 -c 0.01),ArffFileStream -f ./../../../Dataset/Synthetic_IM20/stream_gen_agrawal.arff,1,72000.0,1.1875,1.8934628719256988E-9,72000.0,0.95,0.9448720054435815,0.9448720054435814,0.8585012451890424,0.9448282588764161,0.9157894736842105,0.9448720054435815,0.782,0.218,72000.0,6560.0
meta.imbalanced.RebalanceStream -l (trees.HoeffdingTree -e 2000000 -g 100 -c 0.01),ArffFileStream -f ./../../../Dataset/Synthetic_IM20/stream_gen_agrawal.arff,1,72500.0,1.1875,1.8934628719256988E-9,72500.0,0.962,0.9549728752260398,0.9549728752260398,0.8882089903506707,0.9548960160387384,0.9342323269513991,0.9549728752260398,0.79,0.21,72500.0,6560.0
meta.imbalanced.RebalanceStream -l (trees.HoeffdingTree -e 2000000 -g 100 -c 0.01),ArffFileStream -f ./../../../Dataset/Synthetic_IM20/stream_gen_agrawal.arff,1,73000.0,1.1875,1.8934628719256988E-9,73000.0,0.954,0.9474333983105914,0.9474333983105913,0.8568939771030364,0.9473741967912884,0.9121971075567474,0.9474333983105914,0.81,0.19,73000.0,6560.0
meta.imbalanced.RebalanceStream -l (trees.HoeffdingTree -e 2000000 -g 100 -c 0.01),ArffFileStream -f ./../../../Dataset/Synthetic_IM20/stream_gen_agrawal.arff,1,73500.0,1.21875,1.946496518535747E-9,73500.0,0.92,0.9224171539961014,0.9224171539961014,0.7647335607575579,0.9224089150846713,0.8544015351403214,0.9224171539961014,0.81,0.19,73500.0,6560.0
meta.imbalanced.RebalanceStream -l (trees.HoeffdingTree -e 2000000 -g 100 -c 0.01),ArffFileStream -f ./../../../Dataset/Synthetic_IM20/stream_gen_agrawal.arff,1,74000.0,1.21875,1.946496518535747E-9,74000.0,0.952,0.9551353631603762,0.9551353631603762,0.8594288124077502,0.9551208757235178,0.9093079824150321,0.9551353631603762,0.798,0.202,74000.0,6560.0
meta.imbalanced.RebalanceStream -l (trees.HoeffdingTree -e 2000000 -g 100 -c 0.01),ArffFileStream -f ./../../../Dataset/Synthetic_IM20/stream_gen_agrawal.arff,1,74500.0,1.234375,1.973013341840771E-9,74500.0,0.95,0.9515877654393142,0.9515877654393143,0.8385096377448193,0.95158464942558,0.8939879564879565,0.9515877654393142,0.826,0.174,74500.0,6560.0
meta.imbalanced.RebalanceStream -l (trees.HoeffdingTree -e 2000000 -g 100 -c 0.01),ArffFileStream -f ./../../../Dataset/Synthetic_IM20/stream_gen_agrawal.arff,1,75000.0,1.234375,1.973013341840771E-9,75000.0,0.934,0.9464390080988562,0.9464390080988562,0.7954477833977983,0.9462466998970424,0.8645350422688847,0.9464390080988562,0.826,0.174,75000.0,6560.0
meta.imbalanced.RebalanceStream -l (trees.HoeffdingTree -e 2000000 -g 100 -c 0.01),ArffFileStream -f ./../../../Dataset/Synthetic_IM20/stream_gen_agrawal.arff,1,75500.0,1.234375,1.973013341840771E-9,75500.0,0.938,0.9296301049052004,0.9296301049052005,0.7755834829443446,0.9295549338064474,0.8567774936061381,0.9296301049052004,0.854,0.146,75500.0,6560.0
meta.imbalanced.RebalanceStream -l (trees.HoeffdingTree -e 2000000 -g 100 -c 0.01),ArffFileStream -f ./../../../Dataset/Synthetic_IM20/stream_gen_agrawal.arff,1,76000.0,1.234375,1.973013341840771E-9,76000.0,0.944,0.9517543859649122,0.9517543859649122,0.8547717842323651,0.9516375544752946,0.9087301587301588,0.9517543859649122,0.76,0.24,76000.0,6560.0
meta.imbalanced.RebalanceStream -l (trees.HoeffdingTree -e 2000000 -g 100 -c 0.01),ArffFileStream -f ./../../../Dataset/Synthetic_IM20/stream_gen_agrawal.arff,1,76500.0,1.25,1.999530165145795E-9,76500.0,0.936,0.9403508771929825,0.9403508771929825,0.8090008356213442,0.9403246919632545,0.8780879694717816,0.9403508771929825,0.81,0.19,76500.0,6560.0
meta.imbalanced.RebalanceStream -l (trees.HoeffdingTree -e 2000000 -g 100 -c 0.01),ArffFileStream -f ./../../../Dataset/Synthetic_IM20/stream_gen_agrawal.arff,1,77000.0,1.25,1.999530165145795E-9,77000.0,0.964,0.96603716113311,0.96603716113311,0.8908296943231441,0.9660313505317379,0.927972027972028,0.96603716113311,0.804,0.196,77000.0,6560.0
meta.imbalanced.RebalanceStream -l (trees.HoeffdingTree -e 2000000 -g 100 -c 0.01),ArffFileStream -f ./../../../Dataset/Synthetic_IM20/stream_gen_agrawal.arff,1,77500.0,1.25,1.999530165145795E-9,77500.0,0.94,0.9325,0.9324999999999999,0.8218527315914489,0.9324162160752032,0.8931460776293064,0.9325,0.8,0.2,77500.0,6560.0
meta.imbalanced.RebalanceStream -l (trees.HoeffdingTree -e 2000000 -g 100 -c 0.01),ArffFileStream -f ./../../../Dataset/Synthetic_IM20/stream_gen_agrawal.arff,1,78000.0,1.25,1.999530165145795E-9,78000.0,0.946,0.9465237166991552,0.9465237166991552,0.8358063731452201,0.9465233397801334,0.8953424153166422,0.9465237166991552,0.81,0.19,78000.0,6560.0
meta.imbalanced.RebalanceStream -l (trees.HoeffdingTree -e 2000000 -g 100 -c 0.01),ArffFileStream -f ./../../../Dataset/Synthetic_IM20/stream_gen_agrawal.arff,1,78500.0,1.25,1.999530165145795E-9,78500.0,0.936,0.9414129382863098,0.9414129382863098,0.8164169171810818,0.9413691282534581,0.8836126027042763,0.9414129382863098,0.798,0.202,78500.0,6560.0
meta.imbalanced.RebalanceStream -l (trees.HoeffdingTree -e 2000000 -g 100 -c 0.01),ArffFileStream -f ./../../../Dataset/Synthetic_IM20/stream_gen_agrawal.arff,1,79000.0,1.265625,2.026046988450819E-9,79000.0,0.936,0.9345332713800103,0.9345332713800103,0.8162482486161197,0.9345299423256207,0.8874593863799909,0.9345332713800103,0.794,0.206,79000.0,6560.0
meta.imbalanced.RebalanceStream -l (trees.HoeffdingTree -e 2000000 -g 100 -c 0.01),ArffFileStream -f ./../../../Dataset/Synthetic_IM20/stream_gen_agrawal.arff,1,79500.0,1.265625,2.026046988450819E-9,79500.0,0.954,0.9526911337750317,0.9526911337750317,0.86386021403542,0.9526886026333232,0.9145759476411235,0.9526911337750317,0.798,0.202,79500.0,6560.0
meta.imbalanced.RebalanceStream -l (trees.HoeffdingTree -e 2000000 -g 100 -c 0.01),ArffFileStream -f ./../../../Dataset/Synthetic_IM20/stream_gen_agrawal.arff,1,80000.0,1.265625,2.026046988450819E-9,80000.0,0.948,0.9415370108439416,0.9415370108439415,0.845558010787179,0.9414745624396266,0.9068852758912442,0.9415370108439416,0.798,0.202,80000.0,6560.0
meta.imbalanced.RebalanceStream -l (trees.HoeffdingTree -e 2000000 -g 100 -c 0.01),ArffFileStream -f ./../../../Dataset/Synthetic_IM20/stream_gen_agrawal.arff,1,80500.0,1.265625,2.026046988450819E-9,80500.0,0.946,0.9348184818481848,0.9348184818481848,0.8332427491476851,0.9346422340182157,0.9010368362226819,0.9348184818481848,0.808,0.192,80500.0,6560.0
meta.imbalanced.RebalanceStream -l (trees.HoeffdingTree -e 2000000 -g 100 -c 0.01),ArffFileStream -f ./../../../Dataset/Synthetic_IM20/stream_gen_agrawal.arff,1,81000.0,1.28125,2.052563811755843E-9,81000.0,0.924,0.9227092908920446,0.9227092908920447,0.7955714316455423,0.9227062848057014,0.8787158632275511,0.9227092908920446,0.774,0.226,81000.0,6560.0
meta.imbalanced.RebalanceStream -l (trees.HoeffdingTree -e 2000000 -g 100 -c 0.01),ArffFileStream -f ./../../../Dataset/Synthetic_IM20/stream_gen_agrawal.arff,1,81500.0,1.28125,2.052563811755843E-9,81500.0,0.95,0.9567348678601875,0.9567348678601876,0.8458236716167546,0.9566755185227829,0.8970448597697955,0.9567348678601875,0.816,0.184,81500.0,6560.0
meta.imbalanced.RebalanceStream -l (trees.HoeffdingTree -e 2000000 -g 100 -c 0.01),ArffFileStream -f ./../../../Dataset/Synthetic_IM20/stream_gen_agrawal.arff,1,82000.0,1.28125,2.052563811755843E-9,82000.0,0.958,0.9591719449267565,0.9591719449267565,0.8773421802719499,0.9591698741477179,0.9215158045977012,0.9591719449267565,0.794,0.206,82000.0,6728.0
meta.imbalanced.RebalanceStream -l (trees.HoeffdingTree -e 2000000 -g 100 -c 0.01),ArffFileStream -f ./../../../Dataset/Synthetic_IM20/stream_gen_agrawal.arff,1,82500.0,1.28125,2.052563811755843E-9,82500.0,0.932,0.9393453768453768,0.9393453768453769,0.8097923379878267,0.9392611662692856,0.8799983198924731,0.9393453768453768,0.792,0.208,82500.0,6728.0
meta.imbalanced.RebalanceStream -l (trees.HoeffdingTree -e 2000000 -g 100 -c 0.01),ArffFileStream -f ./../../../Dataset/Synthetic_IM20/stream_gen_agrawal.arff,1,83000.0,1.28125,2.052563811755843E-9,83000.0,0.966,0.9711957480037281,0.9711957480037281,0.8979885747203686,0.9711576507182955,0.9304583946980854,0.9711957480037281,0.802,0.198,83000.0,6728.0
meta.imbalanced.RebalanceStream -l (trees.HoeffdingTree -e 2000000 -g 100 -c 0.01),ArffFileStream -f ./../../../Dataset/Synthetic_IM20/stream_gen_agrawal.arff,1,83500.0,1.296875,2.0797597244381907E-9,83500.0,0.95,0.9492058580858085,0.9492058580858086,0.8479096705115102,0.9492049826090785,0.9034831746914009,0.9492058580858085,0.808,0.192,83500.0,6728.0
meta.imbalanced.RebalanceStream -l (trees.HoeffdingTree -e 2000000 -g 100 -c 0.01),ArffFileStream -f ./../../../Dataset/Synthetic_IM20/stream_gen_agrawal.arff,1,84000.0,1.3125,2.1069556371205383E-9,84000.0,0.976,0.9718335787923417,0.9718335787923417,0.931830576258862,0.9718042676432946,0.960308908045977,0.9718335787923417,0.776,0.224,84000.0,6728.0
meta.imbalanced.RebalanceStream -l (trees.HoeffdingTree -e 2000000 -g 100 -c 0.01),ArffFileStream -f ./../../../Dataset/Synthetic_IM20/stream_gen_agrawal.arff,1,84500.0,1.3125,2.1069556371205383E-9,84500.0,0.958,0.9603449770304239,0.9603449770304239,0.8585515680569027,0.9603385609699738,0.9044319220225403,0.9603449770304239,0.834,0.166,84500.0,6728.0
meta.imbalanced.RebalanceStream -l (trees.HoeffdingTree -e 2000000 -g 100 -c 0.01),ArffFileStream -f ./../../../Dataset/Synthetic_IM20/stream_gen_agrawal.arff,1,85000.0,1.328125,2.134151549802886E-9,85000.0,0.966,0.9634226825058381,0.9634226825058381,0.8957413403983907,0.9634133567525073,0.9341632779244251,0.9634226825058381,0.804,0.196,85000.0,6728.0
meta.imbalanced.RebalanceStream -l (trees.HoeffdingTree -e 2000000 -g 100 -c 0.01),ArffFileStream -f ./../../../Dataset/Synthetic_IM20/stream_gen_agrawal.arff,1,85500.0,1.328125,2.134151549802886E-9,85500.0,0.946,0.935374149659864,0.935374149659864,0.845233182005778,0.9351870561187066,0.9113275758184374,0.935374149659864,0.784,0.216,85500.0,6728.0
meta.imbalanced.RebalanceStream -l (trees.HoeffdingTree -e 2000000 -g 100 -c 0.01),ArffFileStream -f ./../../../Dataset/Synthetic_IM20/stream_gen_agrawal.arff,1,86000.0,1.34375,2.1613474624852336E-9,86000.0,0.96,0.9534770784770785,0.9534770784770784,0.881941820929354,0.9534116550545121,0.9297680412371134,0.9534770784770785,0.792,0.208,86000.0,6728.0
meta.imbalanced.RebalanceStream -l (trees.HoeffdingTree -e 2000000 -g 100 -c 0.01),ArffFileStream -f ./../../../Dataset/Synthetic_IM20/stream_gen_agrawal.arff,1,86500.0,1.359375,2.1885433751675812E-9,86500.0,0.948,0.9186218029000028,0.9186218029000027,0.8223218434792117,0.9175160710991819,0.9041349848195814,0.9186218029000028,0.826,0.174,86500.0,6728.0
meta.imbalanced.RebalanceStream -l (trees.HoeffdingTree -e 2000000 -g 100 -c 0.01),ArffFileStream -f ./../../../Dataset/Synthetic_IM20/stream_gen_agrawal.arff,1,87000.0,1.375,2.215739287849929E-9,87000.0,0.946,0.93625,0.93625,0.8379351740696278,0.9361089680160104,0.9041316380648,0.93625,0.8,0.2,87000.0,6728.0
meta.imbalanced.RebalanceStream -l (trees.HoeffdingTree -e 2000000 -g 100 -c 0.01),ArffFileStream -f ./../../../Dataset/Synthetic_IM20/stream_gen_agrawal.arff,1,87500.0,1.375,2.215739287849929E-9,87500.0,0.96,0.9526821005081875,0.9526821005081874,0.8890983697460353,0.9525857110962532,0.937046163239495,0.9526821005081875,0.77,0.23,87500.0,6728.0
meta.imbalanced.RebalanceStream -l (trees.HoeffdingTree -e 2000000 -g 100 -c 0.01),ArffFileStream -f ./../../../Dataset/Synthetic_IM20/stream_gen_agrawal.arff,1,88000.0,1.375,2.215739287849929E-9,88000.0,0.924,0.9007147498375568,0.9007147498375568,0.7644725424569233,0.8999314102807372,0.8666381298898955,0.9007147498375568,0.81,0.19,88000.0,6728.0
meta.imbalanced.RebalanceStream -l (trees.HoeffdingTree -e 2000000 -g 100 -c 0.01),ArffFileStream -f ./../../../Dataset/Synthetic_IM20/stream_gen_agrawal.arff,1,88500.0,1.375,2.215739287849929E-9,88500.0,0.95,0.9534724337496192,0.9534724337496192,0.8511195807527394,0.9534553286133993,0.9035008469791079,0.9534724337496192,0.804,0.196,88500.0,6728.0
meta.imbalanced.RebalanceStream -l (trees.HoeffdingTree -e 2000000 -g 100 -c 0.01),ArffFileStream -f ./../../../Dataset/Synthetic_IM20/stream_gen_agrawal.arff,1,89000.0,1.390625,2.2429352005322765E-9,89000.0,0.962,0.9472506393861893,0.9472506393861893,0.8760632468820122,0.9469631093315001,0.929459466373334,0.9472506393861893,0.816,0.184,89000.0,6728.0
meta.imbalanced.RebalanceStream -l (trees.HoeffdingTree -e 2000000 -g 100 -c 0.01),ArffFileStream -f ./../../../Dataset/Synthetic_IM20/stream_gen_agrawal.arff,1,89500.0,1.40625,2.270131113214624E-9,89500.0,0.918,0.9172314570402607,0.9172314570402608,0.7739303043670048,0.9172304729486349,0.8647609147609148,0.9172314570402607,0.786,0.214,89500.0,6728.0
meta.imbalanced.RebalanceStream -l (trees.HoeffdingTree -e 2000000 -g 100 -c 0.01),ArffFileStream -f ./../../../Dataset/Synthetic_IM20/stream_gen_agrawal.arff,1,90000.0,1.40625,2.270131113214624E-9,90000.0,0.926,0.8999644633972992,0.8999644633972992,0.7730840938082622,0.8989451292574971,0.8747116596513758,0.8999644633972992,0.804,0.196,90000.0,6728.0
meta.imbalanced.RebalanceStream -l (trees.HoeffdingTree -e 2000000 -g 100 -c 0.01),ArffFileStream -f ./../../../Dataset/Synthetic_IM20/stream_gen_agrawal.arff,1,90500.0,1.421875,2.2973270258969718E-9,90500.0,0.956,0.9579124990829277,0.9579124990829277,0.8719411394910243,0.9579069771231993,0.9178549909620406,0.9579124990829277,0.794,0.206,90500.0,6728.0
meta.imbalanced.RebalanceStream -l (trees.HoeffdingTree -e 2000000 -g 100 -c 0.01),ArffFileStream -f ./../../../Dataset/Synthetic_IM20/stream_gen_agrawal.arff,1,91000.0,1.421875,2.2973270258969718E-9,91000.0,0.942,0.9419065319997065,0.9419065319997065,0.8329108089421525,0.9419065185864741,0.8962719298245614,0.9419065319997065,0.794,0.206,91000.0,6728.0
meta.imbalanced.RebalanceStream -l (trees.HoeffdingTree -e 2000000 -g 100 -c 0.01),ArffFileStream -f ./../../../Dataset/Synthetic_IM20/stream_gen_agrawal.arff,1,91500.0,1.421875,2.2973270258969718E-9,91500.0,0.958,0.9380062592047128,0.9380062592047128,0.8788032688489773,0.9373066810990892,0.9408161374742352,0.9380062592047128,0.776,0.224,91500.0,6728.0
meta.imbalanced.RebalanceStream -l (trees.HoeffdingTree -e 2000000 -g 100 -c 0.01),ArffFileStream -f ./../../../Dataset/Synthetic_IM20/stream_gen_agrawal.arff,1,92000.0,1.4375,2.3245229385793194E-9,92000.0,0.964,0.9515620735005832,0.9515620735005831,0.889962098055997,0.9513332036614167,0.9387582881253768,0.9515620735005832,0.798,0.202,92000.0,6728.0
meta.imbalanced.RebalanceStream -l (trees.HoeffdingTree -e 2000000 -g 100 -c 0.01),ArffFileStream -f ./../../../Dataset/Synthetic_IM20/stream_gen_agrawal.arff,1,92500.0,1.453125,2.351718851261667E-9,92500.0,0.952,0.9418299968556755,0.9418299968556755,0.8489578088812808,0.9416889696186952,0.909430846930847,0.9418299968556755,0.812,0.188,92500.0,6728.0
meta.imbalanced.RebalanceStream -l (trees.HoeffdingTree -e 2000000 -g 100 -c 0.01),ArffFileStream -f ./../../../Dataset/Synthetic_IM20/stream_gen_agrawal.arff,1,93000.0,1.46875,2.3789147639440147E-9,93000.0,0.956,0.9465495421722623,0.9465495421722623,0.8674411318117182,0.9464167200841237,0.9222412539008424,0.9465495421722623,0.798,0.202,93000.0,6728.0
meta.imbalanced.RebalanceStream -l (trees.HoeffdingTree -e 2000000 -g 100 -c 0.01),ArffFileStream -f ./../../../Dataset/Synthetic_IM20/stream_gen_agrawal.arff,1,93500.0,1.46875,2.3789147639440147E-9,93500.0,0.948,0.9367956137678952,0.9367956137678952,0.8411379411477172,0.9366143394996909,0.9064625850340136,0.9367956137678952,0.804,0.196,93500.0,6728.0
meta.imbalanced.RebalanceStream -l (trees.HoeffdingTree -e 2000000 -g 100 -c 0.01),ArffFileStream -f ./../../../Dataset/Synthetic_IM20/stream_gen_agrawal.arff,1,94000.0,1.484375,2.4061106766263623E-9,94000.0,0.958,0.95174401418859,0.95174401418859,0.8747853463079565,0.9516853448309823,0.9247203501702217,0.95174401418859,0.796,0.204,94000.0,6728.0
meta.imbalanced.RebalanceStream -l (trees.HoeffdingTree -e 2000000 -g 100 -c 0.01),ArffFileStream -f ./../../../Dataset/Synthetic_IM20/stream_gen_agrawal.arff,1,94500.0,1.5,2.43330658930871E-9,94500.0,0.952,0.9389117699726279,0.938911769972628,0.8511720203398239,0.9386681793557283,0.9136829415310428,0.9389117699726279,0.806,0.194,94500.0,6728.0
meta.imbalanced.RebalanceStream -l (trees.HoeffdingTree -e 2000000 -g 100 -c 0.01),ArffFileStream -f ./../../../Dataset/Synthetic_IM20/stream_gen_agrawal.arff,1,95000.0,1.53125,2.4876984146734056E-9,95000.0,0.948,0.9082611386138614,0.9082611386138614,0.829700272479564,0.9059672228678536,0.9218350383631714,0.9082611386138614,0.808,0.192,95000.0,6728.0
meta.imbalanced.RebalanceStream -l (trees.HoeffdingTree -e 2000000 -g 100 -c 0.01),ArffFileStream -f ./../../../Dataset/Synthetic_IM20/stream_gen_agrawal.arff,1,95500.0,1.546875,2.5148943273557532E-9,95500.0,0.964,0.9628042171642526,0.9628042171642526,0.8930506702158,0.9628020983459515,0.9323453608247423,0.9628042171642526,0.796,0.204,95500.0,6728.0
meta.imbalanced.RebalanceStream -l (trees.HoeffdingTree -e 2000000 -g 100 -c 0.01),ArffFileStream -f ./../../../Dataset/Synthetic_IM20/stream_gen_agrawal.arff,1,96000.0,1.546875,2.5148943273557532E-9,96000.0,0.936,0.9090991728024724,0.9090991728024724,0.818198345604945,0.9077532696419147,0.9090991728024724,0.9090991728024724,0.772,0.228,96000.0,6728.0
meta.imbalanced.RebalanceStream -l (trees.HoeffdingTree -e 2000000 -g 100 -c 0.01),ArffFileStream -f ./../../../Dataset/Synthetic_IM20/stream_gen_agrawal.arff,1,96500.0,1.5625,2.542090240038101E-9,96500.0,0.956,0.9430688512518409,0.943068851251841,0.8750227231412471,0.9427778534742279,0.9322467672413793,0.9430688512518409,0.776,0.224,96500.0,6728.0
meta.imbalanced.RebalanceStream -l (trees.HoeffdingTree -e 2000000 -g 100 -c 0.01),ArffFileStream -f ./../../../Dataset/Synthetic_IM20/stream_gen_agrawal.arff,1,97000.0,1.578125,2.5692861527204485E-9,97000.0,0.944,0.9194438147056601,0.9194438147056601,0.8263156588839541,0.9185445134968395,0.9072167469614341,0.9194438147056601,0.802,0.198,97000.0,6728.0
meta.imbalanced.RebalanceStream -l (trees.HoeffdingTree -e 2000000 -g 100 -c 0.01),ArffFileStream -f ./../../../Dataset/Synthetic_IM20/stream_gen_agrawal.arff,1,97500.0,1.609375,2.623677978085144E-9,97500.0,0.94,0.9105912930474334,0.9105912930474334,0.8081596112034787,0.9093550328108959,0.8979319378321873,0.9105912930474334,0.81,0.19,97500.0,6728.0
meta.imbalanced.RebalanceStream -l (trees.HoeffdingTree -e 2000000 -g 100 -c 0.01),ArffFileStream -f ./../../../Dataset/Synthetic_IM20/stream_gen_agrawal.arff,1,98000.0,1.609375,2.623677978085144E-9,98000.0,0.936,0.88875,0.88875,0.7953964194373402,0.8852542007807701,0.9074520490514622,0.88875,0.8,0.2,98000.0,6728.0
meta.imbalanced.RebalanceStream -l (trees.HoeffdingTree -e 2000000 -g 100 -c 0.01),ArffFileStream -f ./../../../Dataset/Synthetic_IM20/stream_gen_agrawal.arff,1,98500.0,1.609375,2.623677978085144E-9,98500.0,0.948,0.9097877957153011,0.909787795715301,0.8324223986800041,0.9076143640840892,0.9230164552981868,0.9097877957153011,0.804,0.196,98500.0,6728.0
meta.imbalanced.RebalanceStream -l (trees.HoeffdingTree -e 2000000 -g 100 -c 0.01),ArffFileStream -f ./../../../Dataset/Synthetic_IM20/stream_gen_agrawal.arff,1,99000.0,1.609375,2.623677978085144E-9,99000.0,0.942,0.8942999310276875,0.8942999310276875,0.8153524857375714,0.8906627454434143,0.9228950357982616,0.8942999310276875,0.796,0.204,99000.0,6728.0
meta.imbalanced.RebalanceStream -l (trees.HoeffdingTree -e 2000000 -g 100 -c 0.01),ArffFileStream -f ./../../../Dataset/Synthetic_IM20/stream_gen_agrawal.arff,1,99500.0,1.625,2.650873890767492E-9,99500.0,0.938,0.9065201984408221,0.9065201984408222,0.7872632445786439,0.9052645458343765,0.8820332480818414,0.9065201984408221,0.83,0.17,99500.0,6728.0
meta.imbalanced.RebalanceStream -l (trees.HoeffdingTree -e 2000000 -g 100 -c 0.01),ArffFileStream -f ./../../../Dataset/Synthetic_IM20/stream_gen_agrawal.arff,1,100000.0,1.625,2.650873890767492E-9,100000.0,0.924,0.8714888487040386,0.8714888487040386,0.7643556988713878,0.8667733045165522,0.8941444322222507,0.8714888487040386,0.79,0.21,100000.0,6728.0
