Learner,stream,randomSeed,learning evaluation instances,evaluation time (cpu seconds),model cost (RAM-Hours),classified instances,Accuracy,AvgAccuracy,AUC,Kappa,G-Mean,Precision,Recall,Ratio-Class-0,Ratio-Class-1,model training instances,model serialized size (bytes)
meta.imbalanced.OnlineUnderOverBagging -l (trees.HoeffdingTree -e 2000000 -g 100 -c 0.01),ArffFileStream -f ./../../../Dataset/Synthetic_IM05/stream_gen_RBF.arff,1,500.0,0.265625,2.0395317632291053E-10,500.0,0.958,0.5,0.5,0.0,0.0,0.958,0.5,0.958,0.042,500.0,2968.0
meta.imbalanced.OnlineUnderOverBagging -l (trees.HoeffdingTree -e 2000000 -g 100 -c 0.01),ArffFileStream -f ./../../../Dataset/Synthetic_IM05/stream_gen_RBF.arff,1,1000.0,0.390625,2.99931141651339E-10,1000.0,0.958,0.5227272727272727,0.5227272727272727,0.08344972067039107,0.21320071635561044,0.9789579158316633,0.5227272727272727,0.956,0.044,1000.0,2968.0
meta.imbalanced.OnlineUnderOverBagging -l (trees.HoeffdingTree -e 2000000 -g 100 -c 0.01),ArffFileStream -f ./../../../Dataset/Synthetic_IM05/stream_gen_RBF.arff,1,1500.0,0.515625,3.959091069797675E-10,1500.0,0.95,0.5544984731031243,0.5544984731031243,0.18215126930123005,0.33298078608150905,0.8508064516129032,0.5544984731031243,0.946,0.054,1500.0,2968.0
meta.imbalanced.OnlineUnderOverBagging -l (trees.HoeffdingTree -e 2000000 -g 100 -c 0.01),ArffFileStream -f ./../../../Dataset/Synthetic_IM05/stream_gen_RBF.arff,1,2000.0,0.640625,4.918870723081959E-10,2000.0,0.954,0.54,0.54,0.1417910447761194,0.282842712474619,0.9769076305220883,0.54,0.95,0.05,2000.0,2968.0
meta.imbalanced.OnlineUnderOverBagging -l (trees.HoeffdingTree -e 2000000 -g 100 -c 0.01),ArffFileStream -f ./../../../Dataset/Synthetic_IM05/stream_gen_RBF.arff,1,2500.0,0.71875,5.518733006384637E-10,2500.0,0.966,0.5526315789473684,0.5526315789473684,0.18457405986185726,0.3244428422615251,0.9829317269076305,0.5526315789473684,0.962,0.038,2500.0,2968.0
meta.imbalanced.OnlineUnderOverBagging -l (trees.HoeffdingTree -e 2000000 -g 100 -c 0.01),ArffFileStream -f ./../../../Dataset/Synthetic_IM05/stream_gen_RBF.arff,1,3000.0,0.796875,6.118595289687315E-10,3000.0,0.962,0.5681818181818181,0.5681818181818181,0.23188874514877103,0.3692744729379982,0.9808853118712273,0.5681818181818181,0.956,0.044,3000.0,2968.0
meta.imbalanced.OnlineUnderOverBagging -l (trees.HoeffdingTree -e 2000000 -g 100 -c 0.01),ArffFileStream -f ./../../../Dataset/Synthetic_IM05/stream_gen_RBF.arff,1,3500.0,0.875,6.718457572989992E-10,3500.0,0.968,0.5789473684210527,0.5789473684210527,0.26511115193826934,0.39735970711951313,0.9839034205231388,0.5789473684210527,0.962,0.038,3500.0,2968.0
meta.imbalanced.OnlineUnderOverBagging -l (trees.HoeffdingTree -e 2000000 -g 100 -c 0.01),ArffFileStream -f ./../../../Dataset/Synthetic_IM05/stream_gen_RBF.arff,1,4000.0,0.96875,7.438292312953206E-10,4000.0,0.962,0.5681818181818181,0.5681818181818181,0.23188874514877103,0.3692744729379982,0.9808853118712273,0.5681818181818181,0.956,0.044,4000.0,2968.0
meta.imbalanced.OnlineUnderOverBagging -l (trees.HoeffdingTree -e 2000000 -g 100 -c 0.01),ArffFileStream -f ./../../../Dataset/Synthetic_IM05/stream_gen_RBF.arff,1,4500.0,1.046875,8.038154596255883E-10,4500.0,0.96,0.6296296296296297,0.6296296296296297,0.3983876789796655,0.5091750772173156,0.9797160243407708,0.6296296296296297,0.946,0.054,4500.0,2968.0
meta.imbalanced.OnlineUnderOverBagging -l (trees.HoeffdingTree -e 2000000 -g 100 -c 0.01),ArffFileStream -f ./../../../Dataset/Synthetic_IM05/stream_gen_RBF.arff,1,5000.0,1.125,8.638016879558561E-10,5000.0,0.96,0.5652173913043478,0.5652173913043479,0.2225159384232623,0.3611575592573076,0.9798792756539235,0.5652173913043478,0.954,0.046,5000.0,2968.0
meta.imbalanced.OnlineUnderOverBagging -l (trees.HoeffdingTree -e 2000000 -g 100 -c 0.01),ArffFileStream -f ./../../../Dataset/Synthetic_IM05/stream_gen_RBF.arff,1,5500.0,1.203125,9.237879162861239E-10,5500.0,0.968,0.6363636363636364,0.6363636363636364,0.41758881770529993,0.5222329678670935,0.9838056680161944,0.6363636363636364,0.956,0.044,5500.0,2968.0
meta.imbalanced.OnlineUnderOverBagging -l (trees.HoeffdingTree -e 2000000 -g 100 -c 0.01),ArffFileStream -f ./../../../Dataset/Synthetic_IM05/stream_gen_RBF.arff,1,6000.0,1.265625,9.717768989503382E-10,6000.0,0.958,0.6417978208232445,0.6417978208232444,0.41653700822404977,0.5339559521512729,0.9240778456664404,0.6417978208232445,0.944,0.056,6000.0,2968.0
meta.imbalanced.OnlineUnderOverBagging -l (trees.HoeffdingTree -e 2000000 -g 100 -c 0.01),ArffFileStream -f ./../../../Dataset/Synthetic_IM05/stream_gen_RBF.arff,1,6500.0,1.34375,1.031763127280606E-9,6500.0,0.974,0.7132418729495974,0.7132418729495974,0.5689655172413793,0.6539699591160021,0.9377551020408164,0.7132418729495974,0.958,0.042,6500.0,2968.0
meta.imbalanced.OnlineUnderOverBagging -l (trees.HoeffdingTree -e 2000000 -g 100 -c 0.01),ArffFileStream -f ./../../../Dataset/Synthetic_IM05/stream_gen_RBF.arff,1,7000.0,1.421875,1.0917493556108737E-9,7000.0,0.942,0.6100335249042146,0.6100335249042146,0.3364451766428702,0.47089626779064314,0.9159312061552387,0.6100335249042146,0.928,0.072,7000.0,2968.0
meta.imbalanced.OnlineUnderOverBagging -l (trees.HoeffdingTree -e 2000000 -g 100 -c 0.01),ArffFileStream -f ./../../../Dataset/Synthetic_IM05/stream_gen_RBF.arff,1,7500.0,1.484375,1.139738338275088E-9,7500.0,0.966,0.66,0.6599999999999999,0.4720496894409938,0.565685424949238,0.9827235772357723,0.66,0.95,0.05,7500.0,2968.0
meta.imbalanced.OnlineUnderOverBagging -l (trees.HoeffdingTree -e 2000000 -g 100 -c 0.01),ArffFileStream -f ./../../../Dataset/Synthetic_IM05/stream_gen_RBF.arff,1,8000.0,1.546875,1.1877273209393023E-9,8000.0,0.968,0.7104836092177864,0.7104836092177865,0.5646495428820201,0.6497571513486092,0.942964480874317,0.7104836092177864,0.948,0.052,8000.0,2968.0
meta.imbalanced.OnlineUnderOverBagging -l (trees.HoeffdingTree -e 2000000 -g 100 -c 0.01),ArffFileStream -f ./../../../Dataset/Synthetic_IM05/stream_gen_RBF.arff,1,8500.0,1.625,1.24771354926957E-9,8500.0,0.97,0.6590909090909091,0.6590909090909092,0.47153325817361896,0.5640760748177662,0.984787018255578,0.6590909090909091,0.956,0.044,8500.0,2968.0
meta.imbalanced.OnlineUnderOverBagging -l (trees.HoeffdingTree -e 2000000 -g 100 -c 0.01),ArffFileStream -f ./../../../Dataset/Synthetic_IM05/stream_gen_RBF.arff,1,9000.0,1.6875,1.2957025319337844E-9,9000.0,0.968,0.6799999999999999,0.6799999999999999,0.5166163141993958,0.6,0.9837067209775967,0.6799999999999999,0.95,0.05,9000.0,2968.0
meta.imbalanced.OnlineUnderOverBagging -l (trees.HoeffdingTree -e 2000000 -g 100 -c 0.01),ArffFileStream -f ./../../../Dataset/Synthetic_IM05/stream_gen_RBF.arff,1,9500.0,1.765625,1.3556887602640521E-9,9500.0,0.98,0.6875,0.6875,0.537379718726869,0.6123724356957945,0.9898785425101215,0.6875,0.968,0.032,9500.0,2968.0
meta.imbalanced.OnlineUnderOverBagging -l (trees.HoeffdingTree -e 2000000 -g 100 -c 0.01),ArffFileStream -f ./../../../Dataset/Synthetic_IM05/stream_gen_RBF.arff,1,10000.0,1.828125,1.4036777429282664E-9,10000.0,0.968,0.6,0.6,0.32432432432432434,0.4472135954999579,0.9838709677419355,0.6,0.96,0.04,10000.0,2968.0
meta.imbalanced.OnlineUnderOverBagging -l (trees.HoeffdingTree -e 2000000 -g 100 -c 0.01),ArffFileStream -f ./../../../Dataset/Synthetic_IM05/stream_gen_RBF.arff,1,10500.0,1.890625,1.4516667255924807E-9,10500.0,0.962,0.62,0.62,0.375,0.4898979485566356,0.9807692307692308,0.62,0.95,0.05,10500.0,2968.0
meta.imbalanced.OnlineUnderOverBagging -l (trees.HoeffdingTree -e 2000000 -g 100 -c 0.01),ArffFileStream -f ./../../../Dataset/Synthetic_IM05/stream_gen_RBF.arff,1,11000.0,1.953125,1.499655708256695E-9,11000.0,0.962,0.6724137931034483,0.6724137931034483,0.4978858350951374,0.5872202195147035,0.9806122448979592,0.6724137931034483,0.942,0.058,11000.0,2968.0
meta.imbalanced.OnlineUnderOverBagging -l (trees.HoeffdingTree -e 2000000 -g 100 -c 0.01),ArffFileStream -f ./../../../Dataset/Synthetic_IM05/stream_gen_RBF.arff,1,11500.0,2.015625,1.5476446909209093E-9,11500.0,0.978,0.75,0.75,0.6565934065934066,0.7071067811865476,0.9887525562372188,0.75,0.956,0.044,11500.0,2968.0
meta.imbalanced.OnlineUnderOverBagging -l (trees.HoeffdingTree -e 2000000 -g 100 -c 0.01),ArffFileStream -f ./../../../Dataset/Synthetic_IM05/stream_gen_RBF.arff,1,12000.0,2.078125,1.5956336735851236E-9,12000.0,0.958,0.7083333333333334,0.7083333333333333,0.5700245700245701,0.6454972243679028,0.9783505154639176,0.7083333333333334,0.928,0.072,12000.0,2968.0
meta.imbalanced.OnlineUnderOverBagging -l (trees.HoeffdingTree -e 2000000 -g 100 -c 0.01),ArffFileStream -f ./../../../Dataset/Synthetic_IM05/stream_gen_RBF.arff,1,12500.0,2.140625,1.643622656249338E-9,12500.0,0.976,0.7391304347826086,0.7391304347826086,0.6362313568570389,0.6915640748081247,0.9877300613496933,0.7391304347826086,0.954,0.046,12500.0,2968.0
meta.imbalanced.OnlineUnderOverBagging -l (trees.HoeffdingTree -e 2000000 -g 100 -c 0.01),ArffFileStream -f ./../../../Dataset/Synthetic_IM05/stream_gen_RBF.arff,1,13000.0,2.203125,1.6916116389135522E-9,13000.0,0.972,0.7307692307692308,0.7307692307692308,0.6190683500217675,0.6793662204867574,0.985655737704918,0.7307692307692308,0.948,0.052,13000.0,2968.0
meta.imbalanced.OnlineUnderOverBagging -l (trees.HoeffdingTree -e 2000000 -g 100 -c 0.01),ArffFileStream -f ./../../../Dataset/Synthetic_IM05/stream_gen_RBF.arff,1,13500.0,2.265625,1.7396006215777665E-9,13500.0,0.962,0.5869565217391304,0.5869565217391304,0.2865725443075999,0.41702882811414954,0.9808467741935484,0.5869565217391304,0.954,0.046,13500.0,2968.0
meta.imbalanced.OnlineUnderOverBagging -l (trees.HoeffdingTree -e 2000000 -g 100 -c 0.01),ArffFileStream -f ./../../../Dataset/Synthetic_IM05/stream_gen_RBF.arff,1,14000.0,2.328125,1.7875896042419808E-9,14000.0,0.962,0.6346153846153846,0.6346153846153846,0.4112543381259296,0.5188745216627708,0.9807302231237323,0.6346153846153846,0.948,0.052,14000.0,2968.0
meta.imbalanced.OnlineUnderOverBagging -l (trees.HoeffdingTree -e 2000000 -g 100 -c 0.01),ArffFileStream -f ./../../../Dataset/Synthetic_IM05/stream_gen_RBF.arff,1,14500.0,2.40625,1.8475758325722486E-9,14500.0,0.954,0.6617647058823529,0.6617647058823529,0.47131298271423316,0.568796458994521,0.9764826175869121,0.6617647058823529,0.932,0.068,14500.0,2968.0
meta.imbalanced.OnlineUnderOverBagging -l (trees.HoeffdingTree -e 2000000 -g 100 -c 0.01),ArffFileStream -f ./../../../Dataset/Synthetic_IM05/stream_gen_RBF.arff,1,15000.0,2.46875,1.895564815236463E-9,15000.0,0.972,0.72,0.72,0.5988538681948424,0.6633249580710799,0.9856850715746421,0.72,0.95,0.05,15000.0,2968.0
meta.imbalanced.OnlineUnderOverBagging -l (trees.HoeffdingTree -e 2000000 -g 100 -c 0.01),ArffFileStream -f ./../../../Dataset/Synthetic_IM05/stream_gen_RBF.arff,1,15500.0,2.53125,1.943553797900677E-9,15500.0,0.968,0.7037037037037037,0.7037037037037037,0.5653591220254265,0.6382847385042254,0.983640081799591,0.7037037037037037,0.946,0.054,15500.0,2968.0
meta.imbalanced.OnlineUnderOverBagging -l (trees.HoeffdingTree -e 2000000 -g 100 -c 0.01),ArffFileStream -f ./../../../Dataset/Synthetic_IM05/stream_gen_RBF.arff,1,16000.0,2.59375,1.9915427805648915E-9,16000.0,0.976,0.769782913165266,0.7697829131652661,0.6726320384111741,0.7352065774220153,0.9529688418577308,0.769782913165266,0.952,0.048,16000.0,2968.0
meta.imbalanced.OnlineUnderOverBagging -l (trees.HoeffdingTree -e 2000000 -g 100 -c 0.01),ArffFileStream -f ./../../../Dataset/Synthetic_IM05/stream_gen_RBF.arff,1,16500.0,2.65625,2.0395317632291058E-9,16500.0,0.958,0.671875,0.671875,0.49509521061742645,0.5863019699779287,0.9785276073619632,0.671875,0.936,0.064,16500.0,2968.0
meta.imbalanced.OnlineUnderOverBagging -l (trees.HoeffdingTree -e 2000000 -g 100 -c 0.01),ArffFileStream -f ./../../../Dataset/Synthetic_IM05/stream_gen_RBF.arff,1,17000.0,2.71875,2.08752074589332E-9,17000.0,0.978,0.7884615384615384,0.7884615384615384,0.7210953346855984,0.7595545253127499,0.988659793814433,0.7884615384615384,0.948,0.052,17000.0,2968.0
meta.imbalanced.OnlineUnderOverBagging -l (trees.HoeffdingTree -e 2000000 -g 100 -c 0.01),ArffFileStream -f ./../../../Dataset/Synthetic_IM05/stream_gen_RBF.arff,1,17500.0,2.78125,2.1355097285575344E-9,17500.0,0.964,0.6896551724137931,0.6896551724137931,0.5351719863650449,0.6158817620514397,0.9815950920245399,0.6896551724137931,0.942,0.058,17500.0,2968.0
meta.imbalanced.OnlineUnderOverBagging -l (trees.HoeffdingTree -e 2000000 -g 100 -c 0.01),ArffFileStream -f ./../../../Dataset/Synthetic_IM05/stream_gen_RBF.arff,1,18000.0,2.84375,2.1834987112217487E-9,18000.0,0.972,0.7307692307692308,0.7307692307692308,0.6190683500217675,0.6793662204867574,0.985655737704918,0.7307692307692308,0.948,0.052,18000.0,2968.0
meta.imbalanced.OnlineUnderOverBagging -l (trees.HoeffdingTree -e 2000000 -g 100 -c 0.01),ArffFileStream -f ./../../../Dataset/Synthetic_IM05/stream_gen_RBF.arff,1,18500.0,2.90625,2.231487693885963E-9,18500.0,0.974,0.74,0.74,0.6368715083798883,0.6928203230275509,0.9866803278688525,0.74,0.95,0.05,18500.0,2968.0
meta.imbalanced.OnlineUnderOverBagging -l (trees.HoeffdingTree -e 2000000 -g 100 -c 0.01),ArffFileStream -f ./../../../Dataset/Synthetic_IM05/stream_gen_RBF.arff,1,19000.0,2.984375,2.291473922216231E-9,19000.0,0.958,0.7307692307692308,0.7307692307692308,0.612488928255093,0.6793662204867574,0.9782157676348548,0.7307692307692308,0.922,0.078,19000.0,2968.0
meta.imbalanced.OnlineUnderOverBagging -l (trees.HoeffdingTree -e 2000000 -g 100 -c 0.01),ArffFileStream -f ./../../../Dataset/Synthetic_IM05/stream_gen_RBF.arff,1,19500.0,3.046875,2.3394629048804452E-9,19500.0,0.98,0.7916666666666667,0.7916666666666666,0.7271933653426451,0.7637626158259734,0.9897119341563786,0.7916666666666667,0.952,0.048,19500.0,2968.0
meta.imbalanced.OnlineUnderOverBagging -l (trees.HoeffdingTree -e 2000000 -g 100 -c 0.01),ArffFileStream -f ./../../../Dataset/Synthetic_IM05/stream_gen_RBF.arff,1,20000.0,3.109375,2.3874518875446595E-9,20000.0,0.964,0.6896551724137931,0.6896551724137931,0.5351719863650449,0.6158817620514397,0.9815950920245399,0.6896551724137931,0.942,0.058,20000.0,2968.0
meta.imbalanced.OnlineUnderOverBagging -l (trees.HoeffdingTree -e 2000000 -g 100 -c 0.01),ArffFileStream -f ./../../../Dataset/Synthetic_IM05/stream_gen_RBF.arff,1,20500.0,3.171875,2.435440870208874E-9,20500.0,0.972,0.75,0.75,0.6537396121883656,0.7071067811865476,0.98559670781893,0.75,0.944,0.056,20500.0,2968.0
meta.imbalanced.OnlineUnderOverBagging -l (trees.HoeffdingTree -e 2000000 -g 100 -c 0.01),ArffFileStream -f ./../../../Dataset/Synthetic_IM05/stream_gen_RBF.arff,1,21000.0,3.234375,2.483429852873088E-9,21000.0,0.98,0.8214285714285714,0.8214285714285714,0.7726445980356493,0.8017837257372732,0.9896265560165975,0.8214285714285714,0.944,0.056,21000.0,2968.0
meta.imbalanced.OnlineUnderOverBagging -l (trees.HoeffdingTree -e 2000000 -g 100 -c 0.01),ArffFileStream -f ./../../../Dataset/Synthetic_IM05/stream_gen_RBF.arff,1,21500.0,3.296875,2.5314188355373024E-9,21500.0,0.978,0.7105263157894737,0.7105263157894737,0.5832070324340709,0.6488856845230502,0.9888211382113821,0.7105263157894737,0.962,0.038,21500.0,2968.0
meta.imbalanced.OnlineUnderOverBagging -l (trees.HoeffdingTree -e 2000000 -g 100 -c 0.01),ArffFileStream -f ./../../../Dataset/Synthetic_IM05/stream_gen_RBF.arff,1,22000.0,3.359375,2.5794078182015167E-9,22000.0,0.966,0.7166666666666667,0.7166666666666667,0.5897683397683398,0.6582805886043833,0.9825462012320328,0.7166666666666667,0.94,0.06,22000.0,2968.0
meta.imbalanced.OnlineUnderOverBagging -l (trees.HoeffdingTree -e 2000000 -g 100 -c 0.01),ArffFileStream -f ./../../../Dataset/Synthetic_IM05/stream_gen_RBF.arff,1,22500.0,3.421875,2.627396800865731E-9,22500.0,0.978,0.7989473684210526,0.7989473684210526,0.7208121827411168,0.7737808747347424,0.9584194214876033,0.7989473684210526,0.95,0.05,22500.0,2968.0
meta.imbalanced.OnlineUnderOverBagging -l (trees.HoeffdingTree -e 2000000 -g 100 -c 0.01),ArffFileStream -f ./../../../Dataset/Synthetic_IM05/stream_gen_RBF.arff,1,23000.0,3.46875,2.6633885378638916E-9,23000.0,0.968,0.7857374602556615,0.7857374602556615,0.6876708050285001,0.7571603559056614,0.9377671736753157,0.7857374602556615,0.934,0.066,23000.0,2968.0
meta.imbalanced.OnlineUnderOverBagging -l (trees.HoeffdingTree -e 2000000 -g 100 -c 0.01),ArffFileStream -f ./../../../Dataset/Synthetic_IM05/stream_gen_RBF.arff,1,23500.0,3.53125,2.711377520528106E-9,23500.0,0.976,0.76,0.76,0.6730245231607629,0.7211102550927979,0.9876796714579055,0.76,0.95,0.05,23500.0,2968.0
meta.imbalanced.OnlineUnderOverBagging -l (trees.HoeffdingTree -e 2000000 -g 100 -c 0.01),ArffFileStream -f ./../../../Dataset/Synthetic_IM05/stream_gen_RBF.arff,1,24000.0,3.59375,2.7593665031923202E-9,24000.0,0.968,0.7142857142857143,0.7142857142857143,0.5860927152317881,0.6546536707079771,0.9836065573770492,0.7142857142857143,0.944,0.056,24000.0,2968.0
meta.imbalanced.OnlineUnderOverBagging -l (trees.HoeffdingTree -e 2000000 -g 100 -c 0.01),ArffFileStream -f ./../../../Dataset/Synthetic_IM05/stream_gen_RBF.arff,1,24500.0,3.671875,2.819352731522588E-9,24500.0,0.976,0.75,0.75,0.6556473829201102,0.7071067811865476,0.9877049180327868,0.75,0.952,0.048,24500.0,2968.0
meta.imbalanced.OnlineUnderOverBagging -l (trees.HoeffdingTree -e 2000000 -g 100 -c 0.01),ArffFileStream -f ./../../../Dataset/Synthetic_IM05/stream_gen_RBF.arff,1,25000.0,3.71875,2.855344468520749E-9,25000.0,0.966,0.7408693857899442,0.7408693857899442,0.622356495468278,0.6948663611958706,0.9522210743801653,0.7408693857899442,0.938,0.062,25000.0,2968.0
meta.imbalanced.OnlineUnderOverBagging -l (trees.HoeffdingTree -e 2000000 -g 100 -c 0.01),ArffFileStream -f ./../../../Dataset/Synthetic_IM05/stream_gen_RBF.arff,1,25500.0,3.765625,2.8913362055189094E-9,25500.0,0.974,0.75,0.75,0.6546961325966851,0.7071067811865476,0.9866529774127311,0.75,0.948,0.052,25500.0,2968.0
meta.imbalanced.OnlineUnderOverBagging -l (trees.HoeffdingTree -e 2000000 -g 100 -c 0.01),ArffFileStream -f ./../../../Dataset/Synthetic_IM05/stream_gen_RBF.arff,1,26000.0,3.828125,2.9393251881831237E-9,26000.0,0.98,0.762118393697341,0.7621183936973411,0.6571115073378138,0.7247217244247317,0.9453430005577245,0.762118393697341,0.962,0.038,26000.0,2968.0
meta.imbalanced.OnlineUnderOverBagging -l (trees.HoeffdingTree -e 2000000 -g 100 -c 0.01),ArffFileStream -f ./../../../Dataset/Synthetic_IM05/stream_gen_RBF.arff,1,26500.0,3.890625,2.987314170847338E-9,26500.0,0.972,0.7667978208232445,0.7667978208232444,0.6683093252463987,0.7311492992685032,0.9553202479338843,0.7667978208232445,0.944,0.056,26500.0,2968.0
meta.imbalanced.OnlineUnderOverBagging -l (trees.HoeffdingTree -e 2000000 -g 100 -c 0.01),ArffFileStream -f ./../../../Dataset/Synthetic_IM05/stream_gen_RBF.arff,1,27000.0,3.953125,3.0353031535115523E-9,27000.0,0.982,0.7989583333333333,0.7989583333333334,0.718397997496871,0.773789377027108,0.9533249091770652,0.7989583333333333,0.96,0.04,27000.0,2968.0
meta.imbalanced.OnlineUnderOverBagging -l (trees.HoeffdingTree -e 2000000 -g 100 -c 0.01),ArffFileStream -f ./../../../Dataset/Synthetic_IM05/stream_gen_RBF.arff,1,27500.0,4.015625,3.0832921361757666E-9,27500.0,0.974,0.6904761904761905,0.6904761904761905,0.5410900875458909,0.6172133998483676,0.9867886178861789,0.6904761904761905,0.958,0.042,27500.0,2968.0
meta.imbalanced.OnlineUnderOverBagging -l (trees.HoeffdingTree -e 2000000 -g 100 -c 0.01),ArffFileStream -f ./../../../Dataset/Synthetic_IM05/stream_gen_RBF.arff,1,28000.0,4.078125,3.131281118839981E-9,28000.0,0.962,0.6833333333333333,0.6833333333333333,0.5211693548387096,0.6055300708194983,0.9805725971370143,0.6833333333333333,0.94,0.06,28000.0,2968.0
meta.imbalanced.OnlineUnderOverBagging -l (trees.HoeffdingTree -e 2000000 -g 100 -c 0.01),ArffFileStream -f ./../../../Dataset/Synthetic_IM05/stream_gen_RBF.arff,1,28500.0,4.140625,3.1792701015041952E-9,28500.0,0.986,0.75,0.75,0.6603260869565217,0.7071067811865476,0.9929006085192698,0.75,0.972,0.028,28500.0,2968.0
meta.imbalanced.OnlineUnderOverBagging -l (trees.HoeffdingTree -e 2000000 -g 100 -c 0.01),ArffFileStream -f ./../../../Dataset/Synthetic_IM05/stream_gen_RBF.arff,1,29000.0,4.203125,3.2272590841684095E-9,29000.0,0.96,0.6666666666666666,0.6666666666666667,0.4845360824742268,0.5773502691896257,0.9795918367346939,0.6666666666666666,0.94,0.06,29000.0,2968.0
meta.imbalanced.OnlineUnderOverBagging -l (trees.HoeffdingTree -e 2000000 -g 100 -c 0.01),ArffFileStream -f ./../../../Dataset/Synthetic_IM05/stream_gen_RBF.arff,1,29500.0,4.25,3.26325082116657E-9,29500.0,0.974,0.6388888888888888,0.6388888888888888,0.42579505300353354,0.5270462766947299,0.9868686868686869,0.6388888888888888,0.964,0.036,29500.0,2968.0
meta.imbalanced.OnlineUnderOverBagging -l (trees.HoeffdingTree -e 2000000 -g 100 -c 0.01),ArffFileStream -f ./../../../Dataset/Synthetic_IM05/stream_gen_RBF.arff,1,30000.0,4.3125,3.3112398038307844E-9,30000.0,0.974,0.74,0.74,0.6368715083798883,0.6928203230275509,0.9866803278688525,0.74,0.95,0.05,30000.0,2968.0
meta.imbalanced.OnlineUnderOverBagging -l (trees.HoeffdingTree -e 2000000 -g 100 -c 0.01),ArffFileStream -f ./../../../Dataset/Synthetic_IM05/stream_gen_RBF.arff,1,30500.0,4.359375,3.347231540828945E-9,30500.0,0.976,0.7142857142857143,0.7142857142857143,0.5896594173163726,0.6546536707079771,0.9877800407331976,0.7142857142857143,0.958,0.042,30500.0,2968.0
meta.imbalanced.OnlineUnderOverBagging -l (trees.HoeffdingTree -e 2000000 -g 100 -c 0.01),ArffFileStream -f ./../../../Dataset/Synthetic_IM05/stream_gen_RBF.arff,1,31000.0,4.421875,3.3952205234931594E-9,31000.0,0.974,0.7681759169100941,0.7681759169100941,0.6703853955375254,0.7330249270349936,0.954295532646048,0.7681759169100941,0.948,0.052,31000.0,2968.0
meta.imbalanced.OnlineUnderOverBagging -l (trees.HoeffdingTree -e 2000000 -g 100 -c 0.01),ArffFileStream -f ./../../../Dataset/Synthetic_IM05/stream_gen_RBF.arff,1,31500.0,4.46875,3.43121226049132E-9,31500.0,0.976,0.7239583333333334,0.7239583333333334,0.589041095890411,0.6701212576840105,0.9387755102040816,0.7239583333333334,0.96,0.04,31500.0,2968.0
meta.imbalanced.OnlineUnderOverBagging -l (trees.HoeffdingTree -e 2000000 -g 100 -c 0.01),ArffFileStream -f ./../../../Dataset/Synthetic_IM05/stream_gen_RBF.arff,1,32000.0,4.53125,3.4792012431555343E-9,32000.0,0.962,0.6885936012885276,0.6885936012885276,0.5202989295091901,0.6152276123585638,0.9398907103825136,0.6885936012885276,0.942,0.058,32000.0,2968.0
meta.imbalanced.OnlineUnderOverBagging -l (trees.HoeffdingTree -e 2000000 -g 100 -c 0.01),ArffFileStream -f ./../../../Dataset/Synthetic_IM05/stream_gen_RBF.arff,1,32500.0,4.578125,3.515192980153695E-9,32500.0,0.978,0.7708333333333333,0.7708333333333334,0.6923249049004252,0.7359800721939872,0.9887063655030801,0.7708333333333333,0.952,0.048,32500.0,2968.0
meta.imbalanced.OnlineUnderOverBagging -l (trees.HoeffdingTree -e 2000000 -g 100 -c 0.01),ArffFileStream -f ./../../../Dataset/Synthetic_IM05/stream_gen_RBF.arff,1,33000.0,4.640625,3.563181962817909E-9,33000.0,0.964,0.625,0.625,0.38825448613376834,0.5,0.9817813765182186,0.625,0.952,0.048,33000.0,2968.0
meta.imbalanced.OnlineUnderOverBagging -l (trees.HoeffdingTree -e 2000000 -g 100 -c 0.01),ArffFileStream -f ./../../../Dataset/Synthetic_IM05/stream_gen_RBF.arff,1,33500.0,4.671875,3.587176454150016E-9,33500.0,0.974,0.6904761904761905,0.6904761904761905,0.5410900875458909,0.6172133998483676,0.9867886178861789,0.6904761904761905,0.958,0.042,33500.0,2968.0
meta.imbalanced.OnlineUnderOverBagging -l (trees.HoeffdingTree -e 2000000 -g 100 -c 0.01),ArffFileStream -f ./../../../Dataset/Synthetic_IM05/stream_gen_RBF.arff,1,34000.0,4.734375,3.6351654368142304E-9,34000.0,0.968,0.6728648254489107,0.6728648254489108,0.48671885025022454,0.5891492950056628,0.9291694953609413,0.6728648254489107,0.954,0.046,34000.0,2968.0
meta.imbalanced.OnlineUnderOverBagging -l (trees.HoeffdingTree -e 2000000 -g 100 -c 0.01),ArffFileStream -f ./../../../Dataset/Synthetic_IM05/stream_gen_RBF.arff,1,34500.0,4.796875,3.6831544194784447E-9,34500.0,0.964,0.6785714285714286,0.6785714285714286,0.5119305856832972,0.5976143046671968,0.9816326530612245,0.6785714285714286,0.944,0.056,34500.0,2968.0
meta.imbalanced.OnlineUnderOverBagging -l (trees.HoeffdingTree -e 2000000 -g 100 -c 0.01),ArffFileStream -f ./../../../Dataset/Synthetic_IM05/stream_gen_RBF.arff,1,35000.0,4.859375,3.731143402142659E-9,35000.0,0.978,0.8103448275862069,0.8103448275862069,0.755076594228714,0.7878385971583354,0.9885892116182573,0.8103448275862069,0.942,0.058,35000.0,2968.0
meta.imbalanced.OnlineUnderOverBagging -l (trees.HoeffdingTree -e 2000000 -g 100 -c 0.01),ArffFileStream -f ./../../../Dataset/Synthetic_IM05/stream_gen_RBF.arff,1,35500.0,4.921875,3.779132384806873E-9,35500.0,0.984,0.7647058823529411,0.7647058823529411,0.6848904994485584,0.7276068751089989,0.9918533604887984,0.7647058823529411,0.966,0.034,35500.0,2968.0
meta.imbalanced.OnlineUnderOverBagging -l (trees.HoeffdingTree -e 2000000 -g 100 -c 0.01),ArffFileStream -f ./../../../Dataset/Synthetic_IM05/stream_gen_RBF.arff,1,36000.0,4.96875,3.815124121805034E-9,36000.0,0.972,0.7083333333333334,0.7083333333333333,0.576271186440678,0.6454972243679028,0.9857142857142858,0.7083333333333334,0.952,0.048,36000.0,2968.0
meta.imbalanced.OnlineUnderOverBagging -l (trees.HoeffdingTree -e 2000000 -g 100 -c 0.01),ArffFileStream -f ./../../../Dataset/Synthetic_IM05/stream_gen_RBF.arff,1,36500.0,5.015625,3.851115858803195E-9,36500.0,0.978,0.7105263157894737,0.7105263157894737,0.5832070324340709,0.6488856845230502,0.9888211382113821,0.7105263157894737,0.962,0.038,36500.0,2968.0
meta.imbalanced.OnlineUnderOverBagging -l (trees.HoeffdingTree -e 2000000 -g 100 -c 0.01),ArffFileStream -f ./../../../Dataset/Synthetic_IM05/stream_gen_RBF.arff,1,37000.0,5.09375,3.9111020871334625E-9,37000.0,0.982,0.7954545454545454,0.7954545454545454,0.7341682419659735,0.7687061147858074,0.9907597535934292,0.7954545454545454,0.956,0.044,37000.0,2968.0
meta.imbalanced.OnlineUnderOverBagging -l (trees.HoeffdingTree -e 2000000 -g 100 -c 0.01),ArffFileStream -f ./../../../Dataset/Synthetic_IM05/stream_gen_RBF.arff,1,37500.0,5.140625,3.9470938241316236E-9,37500.0,0.972,0.7281162464985994,0.7281162464985995,0.5982552800734618,0.6762916886812019,0.9450136612021858,0.7281162464985994,0.952,0.048,37500.0,2968.0
meta.imbalanced.OnlineUnderOverBagging -l (trees.HoeffdingTree -e 2000000 -g 100 -c 0.01),ArffFileStream -f ./../../../Dataset/Synthetic_IM05/stream_gen_RBF.arff,1,38000.0,5.203125,3.9950828067958374E-9,38000.0,0.98,0.8484848484848485,0.8484848484848485,0.8111925081187221,0.8348471099367218,0.9895178197064989,0.8484848484848485,0.934,0.066,38000.0,2968.0
meta.imbalanced.OnlineUnderOverBagging -l (trees.HoeffdingTree -e 2000000 -g 100 -c 0.01),ArffFileStream -f ./../../../Dataset/Synthetic_IM05/stream_gen_RBF.arff,1,38500.0,5.25,4.0310745437939985E-9,38500.0,0.974,0.717391304347826,0.7173913043478262,0.5947630922693267,0.659380473395787,0.986734693877551,0.717391304347826,0.954,0.046,38500.0,2968.0
meta.imbalanced.OnlineUnderOverBagging -l (trees.HoeffdingTree -e 2000000 -g 100 -c 0.01),ArffFileStream -f ./../../../Dataset/Synthetic_IM05/stream_gen_RBF.arff,1,39000.0,5.3125,4.079063526458212E-9,39000.0,0.988,0.8636363636363636,0.8636363636363636,0.8360297332750328,0.8528028654224418,0.993801652892562,0.8636363636363636,0.956,0.044,39000.0,2968.0
meta.imbalanced.OnlineUnderOverBagging -l (trees.HoeffdingTree -e 2000000 -g 100 -c 0.01),ArffFileStream -f ./../../../Dataset/Synthetic_IM05/stream_gen_RBF.arff,1,39500.0,5.359375,4.115055263456373E-9,39500.0,0.98,0.75,0.75,0.6575342465753424,0.7071067811865476,0.9897959183673469,0.75,0.96,0.04,39500.0,2968.0
meta.imbalanced.OnlineUnderOverBagging -l (trees.HoeffdingTree -e 2000000 -g 100 -c 0.01),ArffFileStream -f ./../../../Dataset/Synthetic_IM05/stream_gen_RBF.arff,1,40000.0,5.40625,4.1510470004545344E-9,40000.0,0.974,0.8053855148222023,0.8053855148222022,0.7320692497938994,0.7820462875691444,0.9624999999999999,0.8053855148222023,0.938,0.062,40000.0,2968.0
meta.imbalanced.OnlineUnderOverBagging -l (trees.HoeffdingTree -e 2000000 -g 100 -c 0.01),ArffFileStream -f ./../../../Dataset/Synthetic_IM05/stream_gen_RBF.arff,1,40500.0,5.484375,4.211033228784802E-9,40500.0,0.968,0.6923076923076923,0.6923076923076923,0.5423340961098398,0.6201736729460423,0.9836734693877551,0.6923076923076923,0.948,0.052,40500.0,2968.0
meta.imbalanced.OnlineUnderOverBagging -l (trees.HoeffdingTree -e 2000000 -g 100 -c 0.01),ArffFileStream -f ./../../../Dataset/Synthetic_IM05/stream_gen_RBF.arff,1,41000.0,5.53125,4.247024965782963E-9,41000.0,0.978,0.7708333333333333,0.7708333333333334,0.6923249049004252,0.7359800721939872,0.9887063655030801,0.7708333333333333,0.952,0.048,41000.0,2968.0
meta.imbalanced.OnlineUnderOverBagging -l (trees.HoeffdingTree -e 2000000 -g 100 -c 0.01),ArffFileStream -f ./../../../Dataset/Synthetic_IM05/stream_gen_RBF.arff,1,41500.0,5.59375,4.295013948447177E-9,41500.0,0.98,0.7058823529411764,0.7058823529411764,0.5749022275123279,0.6416889479197478,0.9898580121703854,0.7058823529411764,0.966,0.034,41500.0,2968.0
meta.imbalanced.OnlineUnderOverBagging -l (trees.HoeffdingTree -e 2000000 -g 100 -c 0.01),ArffFileStream -f ./../../../Dataset/Synthetic_IM05/stream_gen_RBF.arff,1,42000.0,5.640625,4.331005685445338E-9,42000.0,0.966,0.6458333333333334,0.6458333333333333,0.43946188340807174,0.5400617248673217,0.9827586206896552,0.6458333333333334,0.952,0.048,42000.0,2968.0
meta.imbalanced.OnlineUnderOverBagging -l (trees.HoeffdingTree -e 2000000 -g 100 -c 0.01),ArffFileStream -f ./../../../Dataset/Synthetic_IM05/stream_gen_RBF.arff,1,42500.0,5.703125,4.378994668109552E-9,42500.0,0.952,0.5862068965517242,0.5862068965517242,0.28186714542190305,0.41522739926869984,0.9757575757575758,0.5862068965517242,0.942,0.058,42500.0,2968.0
meta.imbalanced.OnlineUnderOverBagging -l (trees.HoeffdingTree -e 2000000 -g 100 -c 0.01),ArffFileStream -f ./../../../Dataset/Synthetic_IM05/stream_gen_RBF.arff,1,43000.0,5.765625,4.426983650773766E-9,43000.0,0.968,0.6923076923076923,0.6923076923076923,0.5423340961098398,0.6201736729460423,0.9836734693877551,0.6923076923076923,0.948,0.052,43000.0,2968.0
meta.imbalanced.OnlineUnderOverBagging -l (trees.HoeffdingTree -e 2000000 -g 100 -c 0.01),ArffFileStream -f ./../../../Dataset/Synthetic_IM05/stream_gen_RBF.arff,1,43500.0,5.828125,4.47497263343798E-9,43500.0,0.97,0.6656228253305497,0.6656228253305498,0.47048856255295113,0.5767472922426731,0.9232723577235773,0.6656228253305497,0.958,0.042,43500.0,2968.0
meta.imbalanced.OnlineUnderOverBagging -l (trees.HoeffdingTree -e 2000000 -g 100 -c 0.01),ArffFileStream -f ./../../../Dataset/Synthetic_IM05/stream_gen_RBF.arff,1,44000.0,5.890625,4.5229616161021935E-9,44000.0,0.974,0.7291666666666666,0.7291666666666667,0.6170162620787178,0.67700320038633,0.9867075664621676,0.7291666666666666,0.952,0.048,44000.0,2968.0
meta.imbalanced.OnlineUnderOverBagging -l (trees.HoeffdingTree -e 2000000 -g 100 -c 0.01),ArffFileStream -f ./../../../Dataset/Synthetic_IM05/stream_gen_RBF.arff,1,44500.0,5.9375,4.5589533531003545E-9,44500.0,0.956,0.5,0.5,0.0,0.0,0.956,0.5,0.956,0.044,44500.0,2968.0
meta.imbalanced.OnlineUnderOverBagging -l (trees.HoeffdingTree -e 2000000 -g 100 -c 0.01),ArffFileStream -f ./../../../Dataset/Synthetic_IM05/stream_gen_RBF.arff,1,45000.0,5.984375,4.5949450900985155E-9,45000.0,0.962,0.6607142857142857,0.6607142857142857,0.4721049122027117,0.5669467095138409,0.9806517311608962,0.6607142857142857,0.944,0.056,45000.0,2968.0
meta.imbalanced.OnlineUnderOverBagging -l (trees.HoeffdingTree -e 2000000 -g 100 -c 0.01),ArffFileStream -f ./../../../Dataset/Synthetic_IM05/stream_gen_RBF.arff,1,45500.0,6.046875,4.6429340727627294E-9,45500.0,0.978,0.65625,0.65625,0.46808510638297873,0.5590169943749475,0.9888888888888889,0.65625,0.968,0.032,45500.0,2968.0
meta.imbalanced.OnlineUnderOverBagging -l (trees.HoeffdingTree -e 2000000 -g 100 -c 0.01),ArffFileStream -f ./../../../Dataset/Synthetic_IM05/stream_gen_RBF.arff,1,46000.0,6.09375,4.6789258097608905E-9,46000.0,0.962,0.62,0.62,0.375,0.4898979485566356,0.9807692307692308,0.62,0.95,0.05,46000.0,2968.0
meta.imbalanced.OnlineUnderOverBagging -l (trees.HoeffdingTree -e 2000000 -g 100 -c 0.01),ArffFileStream -f ./../../../Dataset/Synthetic_IM05/stream_gen_RBF.arff,1,46500.0,6.15625,4.726914792425104E-9,46500.0,0.968,0.5789473684210527,0.5789473684210527,0.26511115193826934,0.39735970711951313,0.9839034205231388,0.5789473684210527,0.962,0.038,46500.0,2968.0
meta.imbalanced.OnlineUnderOverBagging -l (trees.HoeffdingTree -e 2000000 -g 100 -c 0.01),ArffFileStream -f ./../../../Dataset/Synthetic_IM05/stream_gen_RBF.arff,1,47000.0,6.203125,4.762906529423265E-9,47000.0,0.98,0.762118393697341,0.7621183936973411,0.6571115073378138,0.7247217244247317,0.9453430005577245,0.762118393697341,0.962,0.038,47000.0,2968.0
meta.imbalanced.OnlineUnderOverBagging -l (trees.HoeffdingTree -e 2000000 -g 100 -c 0.01),ArffFileStream -f ./../../../Dataset/Synthetic_IM05/stream_gen_RBF.arff,1,47500.0,6.265625,4.810895512087479E-9,47500.0,0.954,0.6617647058823529,0.6617647058823529,0.47131298271423316,0.568796458994521,0.9764826175869121,0.6617647058823529,0.932,0.068,47500.0,2968.0
meta.imbalanced.OnlineUnderOverBagging -l (trees.HoeffdingTree -e 2000000 -g 100 -c 0.01),ArffFileStream -f ./../../../Dataset/Synthetic_IM05/stream_gen_RBF.arff,1,48000.0,6.3125,4.84688724908564E-9,48000.0,0.968,0.7037037037037037,0.7037037037037037,0.5653591220254265,0.6382847385042254,0.983640081799591,0.7037037037037037,0.946,0.054,48000.0,2968.0
meta.imbalanced.OnlineUnderOverBagging -l (trees.HoeffdingTree -e 2000000 -g 100 -c 0.01),ArffFileStream -f ./../../../Dataset/Synthetic_IM05/stream_gen_RBF.arff,1,48500.0,6.359375,4.882878986083801E-9,48500.0,0.98,0.7222222222222222,0.7222222222222222,0.6066708621774701,0.6666666666666666,0.9898373983739837,0.7222222222222222,0.964,0.036,48500.0,2968.0
meta.imbalanced.OnlineUnderOverBagging -l (trees.HoeffdingTree -e 2000000 -g 100 -c 0.01),ArffFileStream -f ./../../../Dataset/Synthetic_IM05/stream_gen_RBF.arff,1,49000.0,6.421875,4.930867968748015E-9,49000.0,0.972,0.7586206896551724,0.7586206896551724,0.6687174633222905,0.7191949522280763,0.9855670103092784,0.7586206896551724,0.942,0.058,49000.0,2968.0
meta.imbalanced.OnlineUnderOverBagging -l (trees.HoeffdingTree -e 2000000 -g 100 -c 0.01),ArffFileStream -f ./../../../Dataset/Synthetic_IM05/stream_gen_RBF.arff,1,49500.0,6.46875,4.966859705746176E-9,49500.0,0.968,0.6666666666666666,0.6666666666666667,0.48770491803278687,0.5773502691896257,0.983739837398374,0.6666666666666666,0.952,0.048,49500.0,2968.0
meta.imbalanced.OnlineUnderOverBagging -l (trees.HoeffdingTree -e 2000000 -g 100 -c 0.01),ArffFileStream -f ./../../../Dataset/Synthetic_IM05/stream_gen_RBF.arff,1,50000.0,6.515625,5.002851442744337E-9,50000.0,0.974,0.75,0.75,0.6546961325966851,0.7071067811865476,0.9866529774127311,0.75,0.948,0.052,50000.0,2968.0
meta.imbalanced.OnlineUnderOverBagging -l (trees.HoeffdingTree -e 2000000 -g 100 -c 0.01),ArffFileStream -f ./../../../Dataset/Synthetic_IM05/stream_gen_RBF.arff,1,50500.0,6.578125,5.050840425408551E-9,50500.0,0.974,0.7045454545454546,0.7045454545454546,0.5696504237288136,0.6396021490668313,0.9867617107942974,0.7045454545454546,0.956,0.044,50500.0,2968.0
meta.imbalanced.OnlineUnderOverBagging -l (trees.HoeffdingTree -e 2000000 -g 100 -c 0.01),ArffFileStream -f ./../../../Dataset/Synthetic_IM05/stream_gen_RBF.arff,1,51000.0,6.640625,5.098829408072765E-9,51000.0,0.958,0.6111111111111112,0.6111111111111112,0.3508902077151335,0.4714045207910317,0.978744939271255,0.6111111111111112,0.946,0.054,51000.0,2968.0
meta.imbalanced.OnlineUnderOverBagging -l (trees.HoeffdingTree -e 2000000 -g 100 -c 0.01),ArffFileStream -f ./../../../Dataset/Synthetic_IM05/stream_gen_RBF.arff,1,51500.0,6.71875,5.158815636403033E-9,51500.0,0.97,0.7072829131652661,0.707282913165266,0.5580956870139052,0.6448188245752529,0.9402305261200967,0.7072829131652661,0.952,0.048,51500.0,2968.0
meta.imbalanced.OnlineUnderOverBagging -l (trees.HoeffdingTree -e 2000000 -g 100 -c 0.01),ArffFileStream -f ./../../../Dataset/Synthetic_IM05/stream_gen_RBF.arff,1,52000.0,6.765625,5.194807373401194E-9,52000.0,0.972,0.7034994294408521,0.7034994294408521,0.5501285347043702,0.638932758879181,0.936734693877551,0.7034994294408521,0.956,0.044,52000.0,2968.0
meta.imbalanced.OnlineUnderOverBagging -l (trees.HoeffdingTree -e 2000000 -g 100 -c 0.01),ArffFileStream -f ./../../../Dataset/Synthetic_IM05/stream_gen_RBF.arff,1,52500.0,6.828125,5.2427963560654075E-9,52500.0,0.97,0.6590909090909091,0.6590909090909092,0.47153325817361896,0.5640760748177662,0.984787018255578,0.6590909090909091,0.956,0.044,52500.0,2968.0
meta.imbalanced.OnlineUnderOverBagging -l (trees.HoeffdingTree -e 2000000 -g 100 -c 0.01),ArffFileStream -f ./../../../Dataset/Synthetic_IM05/stream_gen_RBF.arff,1,53000.0,6.875,5.2787880930635686E-9,53000.0,0.97,0.7,0.7,0.5588235294117647,0.6324555320336759,0.9846938775510203,0.7,0.95,0.05,53000.0,2968.0
meta.imbalanced.OnlineUnderOverBagging -l (trees.HoeffdingTree -e 2000000 -g 100 -c 0.01),ArffFileStream -f ./../../../Dataset/Synthetic_IM05/stream_gen_RBF.arff,1,53500.0,6.9375,5.3267770757277824E-9,53500.0,0.964,0.7,0.7,0.5562130177514792,0.6324555320336759,0.9815573770491803,0.7,0.94,0.06,53500.0,2968.0
meta.imbalanced.OnlineUnderOverBagging -l (trees.HoeffdingTree -e 2000000 -g 100 -c 0.01),ArffFileStream -f ./../../../Dataset/Synthetic_IM05/stream_gen_RBF.arff,1,54000.0,6.984375,5.3627688127259435E-9,54000.0,0.974,0.717391304347826,0.7173913043478262,0.5947630922693267,0.659380473395787,0.986734693877551,0.717391304347826,0.954,0.046,54000.0,2968.0
meta.imbalanced.OnlineUnderOverBagging -l (trees.HoeffdingTree -e 2000000 -g 100 -c 0.01),ArffFileStream -f ./../../../Dataset/Synthetic_IM05/stream_gen_RBF.arff,1,54500.0,7.0625,5.422755041056211E-9,54500.0,0.976,0.7777777777777778,0.7777777777777778,0.7028231797919762,0.7453559924999299,0.9876288659793815,0.7777777777777778,0.946,0.054,54500.0,2968.0
meta.imbalanced.OnlineUnderOverBagging -l (trees.HoeffdingTree -e 2000000 -g 100 -c 0.01),ArffFileStream -f ./../../../Dataset/Synthetic_IM05/stream_gen_RBF.arff,1,55000.0,7.109375,5.458746778054372E-9,55000.0,0.978,0.75,0.75,0.6565934065934066,0.7071067811865476,0.9887525562372188,0.75,0.956,0.044,55000.0,2968.0
meta.imbalanced.OnlineUnderOverBagging -l (trees.HoeffdingTree -e 2000000 -g 100 -c 0.01),ArffFileStream -f ./../../../Dataset/Synthetic_IM05/stream_gen_RBF.arff,1,55500.0,7.171875,5.506735760718586E-9,55500.0,0.98,0.7727272727272727,0.7727272727272727,0.6964545896066051,0.7385489458759964,0.9897540983606558,0.7727272727272727,0.956,0.044,55500.0,2968.0
meta.imbalanced.OnlineUnderOverBagging -l (trees.HoeffdingTree -e 2000000 -g 100 -c 0.01),ArffFileStream -f ./../../../Dataset/Synthetic_IM05/stream_gen_RBF.arff,1,56000.0,7.234375,5.5547247433828E-9,56000.0,0.962,0.6724137931034483,0.6724137931034483,0.4978858350951374,0.5872202195147035,0.9806122448979592,0.6724137931034483,0.942,0.058,56000.0,2968.0
meta.imbalanced.OnlineUnderOverBagging -l (trees.HoeffdingTree -e 2000000 -g 100 -c 0.01),ArffFileStream -f ./../../../Dataset/Synthetic_IM05/stream_gen_RBF.arff,1,56500.0,7.28125,5.590716480380961E-9,56500.0,0.976,0.7272727272727273,0.7272727272727273,0.6143958868894601,0.674199862463242,0.9877551020408164,0.7272727272727273,0.956,0.044,56500.0,2968.0
meta.imbalanced.OnlineUnderOverBagging -l (trees.HoeffdingTree -e 2000000 -g 100 -c 0.01),ArffFileStream -f ./../../../Dataset/Synthetic_IM05/stream_gen_RBF.arff,1,57000.0,7.34375,5.638705463045175E-9,57000.0,0.962,0.6724137931034483,0.6724137931034483,0.4978858350951374,0.5872202195147035,0.9806122448979592,0.6724137931034483,0.942,0.058,57000.0,2968.0
meta.imbalanced.OnlineUnderOverBagging -l (trees.HoeffdingTree -e 2000000 -g 100 -c 0.01),ArffFileStream -f ./../../../Dataset/Synthetic_IM05/stream_gen_RBF.arff,1,57500.0,7.40625,5.686694445709389E-9,57500.0,0.964,0.6666666666666666,0.6666666666666667,0.48612538540596095,0.5773502691896257,0.9816700610997964,0.6666666666666666,0.946,0.054,57500.0,2968.0
meta.imbalanced.OnlineUnderOverBagging -l (trees.HoeffdingTree -e 2000000 -g 100 -c 0.01),ArffFileStream -f ./../../../Dataset/Synthetic_IM05/stream_gen_RBF.arff,1,58000.0,7.453125,5.72268618270755E-9,58000.0,0.976,0.7272727272727273,0.7272727272727273,0.6143958868894601,0.674199862463242,0.9877551020408164,0.7272727272727273,0.956,0.044,58000.0,2968.0
meta.imbalanced.OnlineUnderOverBagging -l (trees.HoeffdingTree -e 2000000 -g 100 -c 0.01),ArffFileStream -f ./../../../Dataset/Synthetic_IM05/stream_gen_RBF.arff,1,58500.0,7.515625,5.7706751653717635E-9,58500.0,0.974,0.7592592592592593,0.7592592592592593,0.6707860615883307,0.7200822998230956,0.9866255144032922,0.7592592592592593,0.946,0.054,58500.0,2968.0
meta.imbalanced.OnlineUnderOverBagging -l (trees.HoeffdingTree -e 2000000 -g 100 -c 0.01),ArffFileStream -f ./../../../Dataset/Synthetic_IM05/stream_gen_RBF.arff,1,59000.0,7.578125,5.8186641480359774E-9,59000.0,0.97,0.7,0.7,0.5588235294117647,0.6324555320336759,0.9846938775510203,0.7,0.95,0.05,59000.0,2968.0
meta.imbalanced.OnlineUnderOverBagging -l (trees.HoeffdingTree -e 2000000 -g 100 -c 0.01),ArffFileStream -f ./../../../Dataset/Synthetic_IM05/stream_gen_RBF.arff,1,59500.0,7.640625,5.866653130700191E-9,59500.0,0.972,0.7741935483870968,0.7741935483870968,0.6949359365466748,0.7405316311773545,0.9855072463768115,0.7741935483870968,0.938,0.062,59500.0,2968.0
meta.imbalanced.OnlineUnderOverBagging -l (trees.HoeffdingTree -e 2000000 -g 100 -c 0.01),ArffFileStream -f ./../../../Dataset/Synthetic_IM05/stream_gen_RBF.arff,1,60000.0,7.6875,5.902644867698352E-9,60000.0,0.986,0.8541666666666667,0.8541666666666666,0.8221906116642959,0.8416254115301732,0.9927536231884058,0.8541666666666667,0.952,0.048,60000.0,2968.0
meta.imbalanced.OnlineUnderOverBagging -l (trees.HoeffdingTree -e 2000000 -g 100 -c 0.01),ArffFileStream -f ./../../../Dataset/Synthetic_IM05/stream_gen_RBF.arff,1,60500.0,7.765625,5.96263109602862E-9,60500.0,0.98,0.7916666666666667,0.7916666666666666,0.7271933653426451,0.7637626158259734,0.9897119341563786,0.7916666666666667,0.952,0.048,60500.0,2968.0
meta.imbalanced.OnlineUnderOverBagging -l (trees.HoeffdingTree -e 2000000 -g 100 -c 0.01),ArffFileStream -f ./../../../Dataset/Synthetic_IM05/stream_gen_RBF.arff,1,61000.0,7.828125,6.010620078692834E-9,61000.0,0.97,0.7,0.7,0.5588235294117647,0.6324555320336759,0.9846938775510203,0.7,0.95,0.05,61000.0,2968.0
meta.imbalanced.OnlineUnderOverBagging -l (trees.HoeffdingTree -e 2000000 -g 100 -c 0.01),ArffFileStream -f ./../../../Dataset/Synthetic_IM05/stream_gen_RBF.arff,1,61500.0,7.875,6.046611815690995E-9,61500.0,0.974,0.7833333333333333,0.7833333333333333,0.7108540925266904,0.752772652709081,0.9865424430641823,0.7833333333333333,0.94,0.06,61500.0,2968.0
meta.imbalanced.OnlineUnderOverBagging -l (trees.HoeffdingTree -e 2000000 -g 100 -c 0.01),ArffFileStream -f ./../../../Dataset/Synthetic_IM05/stream_gen_RBF.arff,1,62000.0,7.9375,6.094600798355209E-9,62000.0,0.972,0.748945147679325,0.748945147679325,0.6367787463677874,0.7063604941383153,0.9509112286890065,0.748945147679325,0.948,0.052,62000.0,2968.0
meta.imbalanced.OnlineUnderOverBagging -l (trees.HoeffdingTree -e 2000000 -g 100 -c 0.01),ArffFileStream -f ./../../../Dataset/Synthetic_IM05/stream_gen_RBF.arff,1,62500.0,8.0,6.142589781019423E-9,62500.0,0.976,0.8285714285714285,0.8285714285714285,0.7809419496166484,0.8106434833777776,0.9874213836477987,0.8285714285714285,0.93,0.07,62500.0,2968.0
meta.imbalanced.OnlineUnderOverBagging -l (trees.HoeffdingTree -e 2000000 -g 100 -c 0.01),ArffFileStream -f ./../../../Dataset/Synthetic_IM05/stream_gen_RBF.arff,1,63000.0,8.0625,6.1905787636836365E-9,63000.0,0.986,0.832295988934993,0.8322959889349931,0.7671633847791378,0.8156491530077212,0.9553782972674143,0.832295988934993,0.964,0.036,63000.0,2968.0
meta.imbalanced.OnlineUnderOverBagging -l (trees.HoeffdingTree -e 2000000 -g 100 -c 0.01),ArffFileStream -f ./../../../Dataset/Synthetic_IM05/stream_gen_RBF.arff,1,63500.0,8.125,6.23856774634785E-9,63500.0,0.974,0.75,0.75,0.6546961325966851,0.7071067811865476,0.9866529774127311,0.75,0.948,0.052,63500.0,2968.0
meta.imbalanced.OnlineUnderOverBagging -l (trees.HoeffdingTree -e 2000000 -g 100 -c 0.01),ArffFileStream -f ./../../../Dataset/Synthetic_IM05/stream_gen_RBF.arff,1,64000.0,8.171875,6.274559483346011E-9,64000.0,0.984,0.7647058823529411,0.7647058823529411,0.6848904994485584,0.7276068751089989,0.9918533604887984,0.7647058823529411,0.966,0.034,64000.0,2968.0
meta.imbalanced.OnlineUnderOverBagging -l (trees.HoeffdingTree -e 2000000 -g 100 -c 0.01),ArffFileStream -f ./../../../Dataset/Synthetic_IM05/stream_gen_RBF.arff,1,64500.0,8.234375,6.322548466010225E-9,64500.0,0.972,0.7958066239316239,0.7958066239316239,0.7168284789644013,0.7697280710866685,0.9614583333333333,0.7958066239316239,0.936,0.064,64500.0,2968.0
meta.imbalanced.OnlineUnderOverBagging -l (trees.HoeffdingTree -e 2000000 -g 100 -c 0.01),ArffFileStream -f ./../../../Dataset/Synthetic_IM05/stream_gen_RBF.arff,1,65000.0,8.296875,6.370537448674439E-9,65000.0,0.986,0.8157894736842105,0.8157894736842105,0.767349109279447,0.7947194142390263,0.992827868852459,0.8157894736842105,0.962,0.038,65000.0,2968.0
meta.imbalanced.OnlineUnderOverBagging -l (trees.HoeffdingTree -e 2000000 -g 100 -c 0.01),ArffFileStream -f ./../../../Dataset/Synthetic_IM05/stream_gen_RBF.arff,1,65500.0,8.359375,6.418526431338653E-9,65500.0,0.982,0.8125,0.8125,0.7603833865814696,0.7905694150420949,0.9907216494845361,0.8125,0.952,0.048,65500.0,2968.0
meta.imbalanced.OnlineUnderOverBagging -l (trees.HoeffdingTree -e 2000000 -g 100 -c 0.01),ArffFileStream -f ./../../../Dataset/Synthetic_IM05/stream_gen_RBF.arff,1,66000.0,8.40625,6.454518168336814E-9,66000.0,0.976,0.7692307692307692,0.7692307692307692,0.688667496886675,0.7337993857053428,0.9876543209876543,0.7692307692307692,0.948,0.052,66000.0,2968.0
meta.imbalanced.OnlineUnderOverBagging -l (trees.HoeffdingTree -e 2000000 -g 100 -c 0.01),ArffFileStream -f ./../../../Dataset/Synthetic_IM05/stream_gen_RBF.arff,1,66500.0,8.453125,6.490509905334975E-9,66500.0,0.972,0.72,0.72,0.5988538681948424,0.6633249580710799,0.9856850715746421,0.72,0.95,0.05,66500.0,2968.0
meta.imbalanced.OnlineUnderOverBagging -l (trees.HoeffdingTree -e 2000000 -g 100 -c 0.01),ArffFileStream -f ./../../../Dataset/Synthetic_IM05/stream_gen_RBF.arff,1,67000.0,8.515625,6.538498887999189E-9,67000.0,0.982,0.8200000000000001,0.8200000000000001,0.7715736040609137,0.8,0.990702479338843,0.8200000000000001,0.95,0.05,67000.0,2968.0
meta.imbalanced.OnlineUnderOverBagging -l (trees.HoeffdingTree -e 2000000 -g 100 -c 0.01),ArffFileStream -f ./../../../Dataset/Synthetic_IM05/stream_gen_RBF.arff,1,67500.0,8.5625,6.57449062499735E-9,67500.0,0.972,0.7307692307692308,0.7307692307692308,0.6190683500217675,0.6793662204867574,0.985655737704918,0.7307692307692308,0.948,0.052,67500.0,2968.0
meta.imbalanced.OnlineUnderOverBagging -l (trees.HoeffdingTree -e 2000000 -g 100 -c 0.01),ArffFileStream -f ./../../../Dataset/Synthetic_IM05/stream_gen_RBF.arff,1,68000.0,8.609375,6.610482361995511E-9,68000.0,0.988,0.8235294117647058,0.8235294117647058,0.7798326728313518,0.8043996665398437,0.9938650306748467,0.8235294117647058,0.966,0.034,68000.0,2968.0
meta.imbalanced.OnlineUnderOverBagging -l (trees.HoeffdingTree -e 2000000 -g 100 -c 0.01),ArffFileStream -f ./../../../Dataset/Synthetic_IM05/stream_gen_RBF.arff,1,68500.0,8.671875,6.658471344659725E-9,68500.0,0.986,0.8833333333333333,0.8833333333333333,0.8606687898089171,0.8755950357709131,0.9926624737945493,0.8833333333333333,0.94,0.06,68500.0,2968.0
meta.imbalanced.OnlineUnderOverBagging -l (trees.HoeffdingTree -e 2000000 -g 100 -c 0.01),ArffFileStream -f ./../../../Dataset/Synthetic_IM05/stream_gen_RBF.arff,1,69000.0,8.734375,6.706460327323939E-9,69000.0,0.972,0.7307692307692308,0.7307692307692308,0.6190683500217675,0.6793662204867574,0.985655737704918,0.7307692307692308,0.948,0.052,69000.0,2968.0
meta.imbalanced.OnlineUnderOverBagging -l (trees.HoeffdingTree -e 2000000 -g 100 -c 0.01),ArffFileStream -f ./../../../Dataset/Synthetic_IM05/stream_gen_RBF.arff,1,69500.0,8.796875,6.754449309988153E-9,69500.0,0.98,0.7619047619047619,0.7619047619047619,0.6782082636117904,0.7237468644557459,0.9897750511247444,0.7619047619047619,0.958,0.042,69500.0,2968.0
meta.imbalanced.OnlineUnderOverBagging -l (trees.HoeffdingTree -e 2000000 -g 100 -c 0.01),ArffFileStream -f ./../../../Dataset/Synthetic_IM05/stream_gen_RBF.arff,1,70000.0,8.84375,6.790441046986314E-9,70000.0,0.97,0.7321428571428572,0.7321428571428572,0.6206757030143637,0.6813851438692469,0.984599589322382,0.7321428571428572,0.944,0.056,70000.0,2968.0
meta.imbalanced.OnlineUnderOverBagging -l (trees.HoeffdingTree -e 2000000 -g 100 -c 0.01),ArffFileStream -f ./../../../Dataset/Synthetic_IM05/stream_gen_RBF.arff,1,70500.0,8.90625,6.838430029650528E-9,70500.0,0.982,0.775,0.775,0.701195219123506,0.7416198487095663,0.99079754601227,0.775,0.96,0.04,70500.0,2968.0
meta.imbalanced.OnlineUnderOverBagging -l (trees.HoeffdingTree -e 2000000 -g 100 -c 0.01),ArffFileStream -f ./../../../Dataset/Synthetic_IM05/stream_gen_RBF.arff,1,71000.0,8.953125,6.874421766648689E-9,71000.0,0.966,0.6353176112590339,0.6353176112590339,0.40107102593010147,0.5216864130675705,0.9123442480440451,0.6353176112590339,0.956,0.044,71000.0,2968.0
meta.imbalanced.OnlineUnderOverBagging -l (trees.HoeffdingTree -e 2000000 -g 100 -c 0.01),ArffFileStream -f ./../../../Dataset/Synthetic_IM05/stream_gen_RBF.arff,1,71500.0,9.0,6.91041350364685E-9,71500.0,0.972,0.7083333333333334,0.7083333333333333,0.576271186440678,0.6454972243679028,0.9857142857142858,0.7083333333333334,0.952,0.048,71500.0,2968.0
meta.imbalanced.OnlineUnderOverBagging -l (trees.HoeffdingTree -e 2000000 -g 100 -c 0.01),ArffFileStream -f ./../../../Dataset/Synthetic_IM05/stream_gen_RBF.arff,1,72000.0,9.0625,6.9584024863110636E-9,72000.0,0.972,0.72,0.72,0.5988538681948424,0.6633249580710799,0.9856850715746421,0.72,0.95,0.05,72000.0,2968.0
meta.imbalanced.OnlineUnderOverBagging -l (trees.HoeffdingTree -e 2000000 -g 100 -c 0.01),ArffFileStream -f ./../../../Dataset/Synthetic_IM05/stream_gen_RBF.arff,1,72500.0,9.125,7.0063914689752775E-9,72500.0,0.978,0.7962962962962963,0.7962962962962963,0.7334754797441365,0.769800358919501,0.9886363636363636,0.7962962962962963,0.946,0.054,72500.0,2968.0
meta.imbalanced.OnlineUnderOverBagging -l (trees.HoeffdingTree -e 2000000 -g 100 -c 0.01),ArffFileStream -f ./../../../Dataset/Synthetic_IM05/stream_gen_RBF.arff,1,73000.0,9.171875,7.0423832059734385E-9,73000.0,0.98,0.6875,0.6875,0.537379718726869,0.6123724356957945,0.9898785425101215,0.6875,0.968,0.032,73000.0,2968.0
meta.imbalanced.OnlineUnderOverBagging -l (trees.HoeffdingTree -e 2000000 -g 100 -c 0.01),ArffFileStream -f ./../../../Dataset/Synthetic_IM05/stream_gen_RBF.arff,1,73500.0,9.21875,7.0783749429715995E-9,73500.0,0.982,0.75,0.75,0.6584699453551912,0.7071067811865476,0.9908350305498982,0.75,0.964,0.036,73500.0,2968.0
meta.imbalanced.OnlineUnderOverBagging -l (trees.HoeffdingTree -e 2000000 -g 100 -c 0.01),ArffFileStream -f ./../../../Dataset/Synthetic_IM05/stream_gen_RBF.arff,1,74000.0,9.265625,7.1143666799697606E-9,74000.0,0.97,0.75,0.75,0.6527777777777778,0.7071067811865476,0.9845360824742269,0.75,0.94,0.06,74000.0,2968.0
meta.imbalanced.OnlineUnderOverBagging -l (trees.HoeffdingTree -e 2000000 -g 100 -c 0.01),ArffFileStream -f ./../../../Dataset/Synthetic_IM05/stream_gen_RBF.arff,1,74500.0,9.34375,7.174352908300028E-9,74500.0,0.966,0.7424242424242424,0.7424242424242424,0.6374338850025593,0.6963106238227914,0.9824380165289256,0.7424242424242424,0.934,0.066,74500.0,2968.0
meta.imbalanced.OnlineUnderOverBagging -l (trees.HoeffdingTree -e 2000000 -g 100 -c 0.01),ArffFileStream -f ./../../../Dataset/Synthetic_IM05/stream_gen_RBF.arff,1,75000.0,9.421875,7.234339136630296E-9,75000.0,0.988,0.8571428571428572,0.8571428571428572,0.8272884283246977,0.8451542547285166,0.9938144329896907,0.8571428571428572,0.958,0.042,75000.0,2968.0
meta.imbalanced.OnlineUnderOverBagging -l (trees.HoeffdingTree -e 2000000 -g 100 -c 0.01),ArffFileStream -f ./../../../Dataset/Synthetic_IM05/stream_gen_RBF.arff,1,75500.0,9.46875,7.270330873628457E-9,75500.0,0.978,0.75,0.75,0.6565934065934066,0.7071067811865476,0.9887525562372188,0.75,0.956,0.044,75500.0,2968.0
meta.imbalanced.OnlineUnderOverBagging -l (trees.HoeffdingTree -e 2000000 -g 100 -c 0.01),ArffFileStream -f ./../../../Dataset/Synthetic_IM05/stream_gen_RBF.arff,1,76000.0,9.515625,7.306322610626618E-9,76000.0,0.978,0.7380952380952381,0.7380952380952381,0.6352785145888594,0.6900655593423543,0.9887755102040816,0.7380952380952381,0.958,0.042,76000.0,2968.0
meta.imbalanced.OnlineUnderOverBagging -l (trees.HoeffdingTree -e 2000000 -g 100 -c 0.01),ArffFileStream -f ./../../../Dataset/Synthetic_IM05/stream_gen_RBF.arff,1,76500.0,9.5625,7.342314347624779E-9,76500.0,0.986,0.8114669421487604,0.8114669421487604,0.7337998174627319,0.7897522888133661,0.9484104852203011,0.8114669421487604,0.968,0.032,76500.0,2968.0
meta.imbalanced.OnlineUnderOverBagging -l (trees.HoeffdingTree -e 2000000 -g 100 -c 0.01),ArffFileStream -f ./../../../Dataset/Synthetic_IM05/stream_gen_RBF.arff,1,77000.0,9.640625,7.402300575955046E-9,77000.0,0.978,0.7380952380952381,0.7380952380952381,0.6352785145888594,0.6900655593423543,0.9887755102040816,0.7380952380952381,0.958,0.042,77000.0,2968.0
meta.imbalanced.OnlineUnderOverBagging -l (trees.HoeffdingTree -e 2000000 -g 100 -c 0.01),ArffFileStream -f ./../../../Dataset/Synthetic_IM05/stream_gen_RBF.arff,1,77500.0,9.703125,7.45028955861926E-9,77500.0,0.964,0.6538461538461539,0.6538461538461539,0.4573082489146165,0.5547001962252291,0.9817073170731707,0.6538461538461539,0.948,0.052,77500.0,2968.0
meta.imbalanced.OnlineUnderOverBagging -l (trees.HoeffdingTree -e 2000000 -g 100 -c 0.01),ArffFileStream -f ./../../../Dataset/Synthetic_IM05/stream_gen_RBF.arff,1,78000.0,9.765625,7.498278541283474E-9,78000.0,0.968,0.7333333333333334,0.7333333333333334,0.6219281663516069,0.6831300510639732,0.9835390946502058,0.7333333333333334,0.94,0.06,78000.0,2968.0
meta.imbalanced.OnlineUnderOverBagging -l (trees.HoeffdingTree -e 2000000 -g 100 -c 0.01),ArffFileStream -f ./../../../Dataset/Synthetic_IM05/stream_gen_RBF.arff,1,78500.0,9.828125,7.546267523947689E-9,78500.0,0.976,0.76,0.76,0.6730245231607629,0.7211102550927979,0.9876796714579055,0.76,0.95,0.05,78500.0,2968.0
meta.imbalanced.OnlineUnderOverBagging -l (trees.HoeffdingTree -e 2000000 -g 100 -c 0.01),ArffFileStream -f ./../../../Dataset/Synthetic_IM05/stream_gen_RBF.arff,1,79000.0,9.875,7.58225926094585E-9,79000.0,0.982,0.845098993833171,0.8450989938331711,0.79081442915582,0.8311721407482257,0.9653682022103074,0.845098993833171,0.948,0.052,79000.0,2968.0
meta.imbalanced.OnlineUnderOverBagging -l (trees.HoeffdingTree -e 2000000 -g 100 -c 0.01),ArffFileStream -f ./../../../Dataset/Synthetic_IM05/stream_gen_RBF.arff,1,79500.0,9.921875,7.618250997944011E-9,79500.0,0.978,0.7489583333333334,0.7489583333333334,0.6347941567065073,0.7063698275926947,0.9443205056701989,0.7489583333333334,0.96,0.04,79500.0,2968.0
meta.imbalanced.OnlineUnderOverBagging -l (trees.HoeffdingTree -e 2000000 -g 100 -c 0.01),ArffFileStream -f ./../../../Dataset/Synthetic_IM05/stream_gen_RBF.arff,1,80000.0,9.984375,7.666239980608226E-9,80000.0,0.98,0.7916666666666667,0.7916666666666666,0.7271933653426451,0.7637626158259734,0.9897119341563786,0.7916666666666667,0.952,0.048,80000.0,2968.0
meta.imbalanced.OnlineUnderOverBagging -l (trees.HoeffdingTree -e 2000000 -g 100 -c 0.01),ArffFileStream -f ./../../../Dataset/Synthetic_IM05/stream_gen_RBF.arff,1,80500.0,10.046875,7.71422896327244E-9,80500.0,0.966,0.6964285714285714,0.6964285714285714,0.5498834992586317,0.6267831705280087,0.9826175869120655,0.6964285714285714,0.944,0.056,80500.0,2968.0
meta.imbalanced.OnlineUnderOverBagging -l (trees.HoeffdingTree -e 2000000 -g 100 -c 0.01),ArffFileStream -f ./../../../Dataset/Synthetic_IM05/stream_gen_RBF.arff,1,81000.0,10.109375,7.762217945936655E-9,81000.0,0.968,0.6666666666666666,0.6666666666666667,0.48770491803278687,0.5773502691896257,0.983739837398374,0.6666666666666666,0.952,0.048,81000.0,2968.0
meta.imbalanced.OnlineUnderOverBagging -l (trees.HoeffdingTree -e 2000000 -g 100 -c 0.01),ArffFileStream -f ./../../../Dataset/Synthetic_IM05/stream_gen_RBF.arff,1,81500.0,10.1875,7.822204174266923E-9,81500.0,0.958,0.7083333333333334,0.7083333333333333,0.5700245700245701,0.6454972243679028,0.9783505154639176,0.7083333333333334,0.928,0.072,81500.0,2968.0
meta.imbalanced.OnlineUnderOverBagging -l (trees.HoeffdingTree -e 2000000 -g 100 -c 0.01),ArffFileStream -f ./../../../Dataset/Synthetic_IM05/stream_gen_RBF.arff,1,82000.0,10.25,7.870193156931138E-9,82000.0,0.98,0.75,0.75,0.6575342465753424,0.7071067811865476,0.9897959183673469,0.75,0.96,0.04,82000.0,2968.0
meta.imbalanced.OnlineUnderOverBagging -l (trees.HoeffdingTree -e 2000000 -g 100 -c 0.01),ArffFileStream -f ./../../../Dataset/Synthetic_IM05/stream_gen_RBF.arff,1,82500.0,10.3125,7.918182139595353E-9,82500.0,0.982,0.832282913165266,0.8322829131652661,0.7713879292826661,0.815638465524142,0.9623066617951528,0.832282913165266,0.952,0.048,82500.0,2968.0
meta.imbalanced.OnlineUnderOverBagging -l (trees.HoeffdingTree -e 2000000 -g 100 -c 0.01),ArffFileStream -f ./../../../Dataset/Synthetic_IM05/stream_gen_RBF.arff,1,83000.0,10.359375,7.954173876593514E-9,83000.0,0.974,0.6904761904761905,0.6904761904761905,0.5410900875458909,0.6172133998483676,0.9867886178861789,0.6904761904761905,0.958,0.042,83000.0,2968.0
meta.imbalanced.OnlineUnderOverBagging -l (trees.HoeffdingTree -e 2000000 -g 100 -c 0.01),ArffFileStream -f ./../../../Dataset/Synthetic_IM05/stream_gen_RBF.arff,1,83500.0,10.421875,8.002162859257729E-9,83500.0,0.974,0.7592592592592593,0.7592592592592593,0.6707860615883307,0.7200822998230956,0.9866255144032922,0.7592592592592593,0.946,0.054,83500.0,2968.0
meta.imbalanced.OnlineUnderOverBagging -l (trees.HoeffdingTree -e 2000000 -g 100 -c 0.01),ArffFileStream -f ./../../../Dataset/Synthetic_IM05/stream_gen_RBF.arff,1,84000.0,10.484375,8.050151841921943E-9,84000.0,0.982,0.8200000000000001,0.8200000000000001,0.7715736040609137,0.8,0.990702479338843,0.8200000000000001,0.95,0.05,84000.0,2968.0
meta.imbalanced.OnlineUnderOverBagging -l (trees.HoeffdingTree -e 2000000 -g 100 -c 0.01),ArffFileStream -f ./../../../Dataset/Synthetic_IM05/stream_gen_RBF.arff,1,84500.0,10.53125,8.086143578920104E-9,84500.0,0.966,0.7392561680942968,0.7392561680942968,0.6059707027628407,0.6933315875112477,0.922004132231405,0.7392561680942968,0.942,0.058,84500.0,2968.0
meta.imbalanced.OnlineUnderOverBagging -l (trees.HoeffdingTree -e 2000000 -g 100 -c 0.01),ArffFileStream -f ./../../../Dataset/Synthetic_IM05/stream_gen_RBF.arff,1,85000.0,10.59375,8.134132561584319E-9,85000.0,0.962,0.703125,0.703125,0.5615654421266384,0.6373774391990981,0.9804928131416838,0.703125,0.936,0.064,85000.0,2968.0
meta.imbalanced.OnlineUnderOverBagging -l (trees.HoeffdingTree -e 2000000 -g 100 -c 0.01),ArffFileStream -f ./../../../Dataset/Synthetic_IM05/stream_gen_RBF.arff,1,85500.0,10.65625,8.182121544248534E-9,85500.0,0.98,0.8312324929971988,0.8312324929971989,0.7516885180770759,0.8147794463647738,0.9361456892577225,0.8312324929971988,0.952,0.048,85500.0,2968.0
meta.imbalanced.OnlineUnderOverBagging -l (trees.HoeffdingTree -e 2000000 -g 100 -c 0.01),ArffFileStream -f ./../../../Dataset/Synthetic_IM05/stream_gen_RBF.arff,1,86000.0,10.71875,8.230110526912748E-9,86000.0,0.984,0.8400000000000001,0.84,0.8014888337468983,0.8246211251235321,0.9917184265010353,0.8400000000000001,0.95,0.05,86000.0,2968.0
meta.imbalanced.OnlineUnderOverBagging -l (trees.HoeffdingTree -e 2000000 -g 100 -c 0.01),ArffFileStream -f ./../../../Dataset/Synthetic_IM05/stream_gen_RBF.arff,1,86500.0,10.765625,8.26610226391091E-9,86500.0,0.986,0.8224942150773353,0.8224942150773352,0.7516321317059325,0.8035665232126763,0.9521857923497268,0.8224942150773353,0.966,0.034,86500.0,2968.0
meta.imbalanced.OnlineUnderOverBagging -l (trees.HoeffdingTree -e 2000000 -g 100 -c 0.01),ArffFileStream -f ./../../../Dataset/Synthetic_IM05/stream_gen_RBF.arff,1,87000.0,10.8125,8.30209400090907E-9,87000.0,0.974,0.717391304347826,0.7173913043478262,0.5947630922693267,0.659380473395787,0.986734693877551,0.717391304347826,0.954,0.046,87000.0,2968.0
meta.imbalanced.OnlineUnderOverBagging -l (trees.HoeffdingTree -e 2000000 -g 100 -c 0.01),ArffFileStream -f ./../../../Dataset/Synthetic_IM05/stream_gen_RBF.arff,1,87500.0,10.875,8.350082983573285E-9,87500.0,0.978,0.725,0.725,0.611032531824611,0.6708203932499369,0.9887983706720977,0.725,0.96,0.04,87500.0,2968.0
meta.imbalanced.OnlineUnderOverBagging -l (trees.HoeffdingTree -e 2000000 -g 100 -c 0.01),ArffFileStream -f ./../../../Dataset/Synthetic_IM05/stream_gen_RBF.arff,1,88000.0,10.9375,8.3980719662375E-9,88000.0,0.976,0.76,0.76,0.6730245231607629,0.7211102550927979,0.9876796714579055,0.76,0.95,0.05,88000.0,2968.0
meta.imbalanced.OnlineUnderOverBagging -l (trees.HoeffdingTree -e 2000000 -g 100 -c 0.01),ArffFileStream -f ./../../../Dataset/Synthetic_IM05/stream_gen_RBF.arff,1,88500.0,11.0,8.446060948901715E-9,88500.0,0.956,0.6857142857142857,0.6857142857142857,0.5236032914681681,0.609449400220044,0.9774127310061602,0.6857142857142857,0.93,0.07,88500.0,2968.0
meta.imbalanced.OnlineUnderOverBagging -l (trees.HoeffdingTree -e 2000000 -g 100 -c 0.01),ArffFileStream -f ./../../../Dataset/Synthetic_IM05/stream_gen_RBF.arff,1,89000.0,11.078125,8.506047177231983E-9,89000.0,0.976,0.7391304347826086,0.7391304347826086,0.6362313568570389,0.6915640748081247,0.9877300613496933,0.7391304347826086,0.954,0.046,89000.0,2968.0
meta.imbalanced.OnlineUnderOverBagging -l (trees.HoeffdingTree -e 2000000 -g 100 -c 0.01),ArffFileStream -f ./../../../Dataset/Synthetic_IM05/stream_gen_RBF.arff,1,89500.0,11.109375,8.53004166856409E-9,89500.0,0.974,0.717391304347826,0.7173913043478262,0.5947630922693267,0.659380473395787,0.986734693877551,0.717391304347826,0.954,0.046,89500.0,2968.0
meta.imbalanced.OnlineUnderOverBagging -l (trees.HoeffdingTree -e 2000000 -g 100 -c 0.01),ArffFileStream -f ./../../../Dataset/Synthetic_IM05/stream_gen_RBF.arff,1,90000.0,11.1875,8.590027896894359E-9,90000.0,0.966,0.6851851851851851,0.6851851851851851,0.5267260579064588,0.6085806194501846,0.9826530612244898,0.6851851851851851,0.946,0.054,90000.0,2968.0
meta.imbalanced.OnlineUnderOverBagging -l (trees.HoeffdingTree -e 2000000 -g 100 -c 0.01),ArffFileStream -f ./../../../Dataset/Synthetic_IM05/stream_gen_RBF.arff,1,90500.0,11.25,8.638016879558573E-9,90500.0,0.982,0.8043478260869565,0.8043478260869565,0.7479838709677419,0.7801894976054939,0.9907407407407407,0.8043478260869565,0.954,0.046,90500.0,2968.0
meta.imbalanced.OnlineUnderOverBagging -l (trees.HoeffdingTree -e 2000000 -g 100 -c 0.01),ArffFileStream -f ./../../../Dataset/Synthetic_IM05/stream_gen_RBF.arff,1,91000.0,11.3125,8.686005862222788E-9,91000.0,0.966,0.6964285714285714,0.6964285714285714,0.5498834992586317,0.6267831705280087,0.9826175869120655,0.6964285714285714,0.944,0.056,91000.0,2968.0
meta.imbalanced.OnlineUnderOverBagging -l (trees.HoeffdingTree -e 2000000 -g 100 -c 0.01),ArffFileStream -f ./../../../Dataset/Synthetic_IM05/stream_gen_RBF.arff,1,91500.0,11.375,8.733994844887003E-9,91500.0,0.966,0.66,0.6599999999999999,0.4720496894409938,0.565685424949238,0.9827235772357723,0.66,0.95,0.05,91500.0,2968.0
meta.imbalanced.OnlineUnderOverBagging -l (trees.HoeffdingTree -e 2000000 -g 100 -c 0.01),ArffFileStream -f ./../../../Dataset/Synthetic_IM05/stream_gen_RBF.arff,1,92000.0,11.4375,8.781983827551218E-9,92000.0,0.968,0.6666666666666666,0.6666666666666667,0.48770491803278687,0.5773502691896257,0.983739837398374,0.6666666666666666,0.952,0.048,92000.0,2968.0
meta.imbalanced.OnlineUnderOverBagging -l (trees.HoeffdingTree -e 2000000 -g 100 -c 0.01),ArffFileStream -f ./../../../Dataset/Synthetic_IM05/stream_gen_RBF.arff,1,92500.0,11.5,8.829972810215432E-9,92500.0,0.98,0.7058823529411764,0.7058823529411764,0.5749022275123279,0.6416889479197478,0.9898580121703854,0.7058823529411764,0.966,0.034,92500.0,2968.0
meta.imbalanced.OnlineUnderOverBagging -l (trees.HoeffdingTree -e 2000000 -g 100 -c 0.01),ArffFileStream -f ./../../../Dataset/Synthetic_IM05/stream_gen_RBF.arff,1,93000.0,11.546875,8.865964547213593E-9,93000.0,0.976,0.75,0.75,0.6556473829201102,0.7071067811865476,0.9877049180327868,0.75,0.952,0.048,93000.0,2968.0
meta.imbalanced.OnlineUnderOverBagging -l (trees.HoeffdingTree -e 2000000 -g 100 -c 0.01),ArffFileStream -f ./../../../Dataset/Synthetic_IM05/stream_gen_RBF.arff,1,93500.0,11.625,8.925950775543862E-9,93500.0,0.974,0.75,0.75,0.6546961325966851,0.7071067811865476,0.9866529774127311,0.75,0.948,0.052,93500.0,2968.0
meta.imbalanced.OnlineUnderOverBagging -l (trees.HoeffdingTree -e 2000000 -g 100 -c 0.01),ArffFileStream -f ./../../../Dataset/Synthetic_IM05/stream_gen_RBF.arff,1,94000.0,11.671875,8.961942512542023E-9,94000.0,0.99,0.8171593232942926,0.8171593232942926,0.7318747318747318,0.7969079490343025,0.9334349593495934,0.8171593232942926,0.978,0.022,94000.0,2968.0
meta.imbalanced.OnlineUnderOverBagging -l (trees.HoeffdingTree -e 2000000 -g 100 -c 0.01),ArffFileStream -f ./../../../Dataset/Synthetic_IM05/stream_gen_RBF.arff,1,94500.0,11.734375,9.009931495206237E-9,94500.0,0.982,0.8043478260869565,0.8043478260869565,0.7479838709677419,0.7801894976054939,0.9907407407407407,0.8043478260869565,0.954,0.046,94500.0,2968.0
meta.imbalanced.OnlineUnderOverBagging -l (trees.HoeffdingTree -e 2000000 -g 100 -c 0.01),ArffFileStream -f ./../../../Dataset/Synthetic_IM05/stream_gen_RBF.arff,1,95000.0,11.796875,9.057920477870452E-9,95000.0,0.968,0.7777777777777778,0.7777777777777778,0.6987951807228916,0.7453559924999299,0.9833333333333334,0.7777777777777778,0.928,0.072,95000.0,2968.0
meta.imbalanced.OnlineUnderOverBagging -l (trees.HoeffdingTree -e 2000000 -g 100 -c 0.01),ArffFileStream -f ./../../../Dataset/Synthetic_IM05/stream_gen_RBF.arff,1,95500.0,11.859375,9.105909460534667E-9,95500.0,0.978,0.7608695652173914,0.7608695652173914,0.6754779324994099,0.7223151185146152,0.9887295081967213,0.7608695652173914,0.954,0.046,95500.0,2968.0
meta.imbalanced.OnlineUnderOverBagging -l (trees.HoeffdingTree -e 2000000 -g 100 -c 0.01),ArffFileStream -f ./../../../Dataset/Synthetic_IM05/stream_gen_RBF.arff,1,96000.0,11.90625,9.141901197532828E-9,96000.0,0.97,0.7222222222222222,0.7222222222222222,0.6021642266072565,0.6666666666666666,0.9846311475409837,0.7222222222222222,0.946,0.054,96000.0,2968.0
meta.imbalanced.OnlineUnderOverBagging -l (trees.HoeffdingTree -e 2000000 -g 100 -c 0.01),ArffFileStream -f ./../../../Dataset/Synthetic_IM05/stream_gen_RBF.arff,1,96500.0,11.984375,9.201887425863096E-9,96500.0,0.978,0.7884615384615384,0.7884615384615384,0.7210953346855984,0.7595545253127499,0.988659793814433,0.7884615384615384,0.948,0.052,96500.0,2968.0
meta.imbalanced.OnlineUnderOverBagging -l (trees.HoeffdingTree -e 2000000 -g 100 -c 0.01),ArffFileStream -f ./../../../Dataset/Synthetic_IM05/stream_gen_RBF.arff,1,97000.0,12.03125,9.237879162861257E-9,97000.0,0.97,0.7,0.7,0.5588235294117647,0.6324555320336759,0.9846938775510203,0.7,0.95,0.05,97000.0,2968.0
meta.imbalanced.OnlineUnderOverBagging -l (trees.HoeffdingTree -e 2000000 -g 100 -c 0.01),ArffFileStream -f ./../../../Dataset/Synthetic_IM05/stream_gen_RBF.arff,1,97500.0,12.09375,9.285868145525472E-9,97500.0,0.982,0.8392857142857143,0.8392857142857143,0.7994294883223391,0.823754471047914,0.9906444906444907,0.8392857142857143,0.944,0.056,97500.0,2968.0
meta.imbalanced.OnlineUnderOverBagging -l (trees.HoeffdingTree -e 2000000 -g 100 -c 0.01),ArffFileStream -f ./../../../Dataset/Synthetic_IM05/stream_gen_RBF.arff,1,98000.0,12.15625,9.333857128189687E-9,98000.0,0.974,0.7758620689655172,0.7758620689655172,0.6986834785833488,0.7427813527082074,0.9865702479338843,0.7758620689655172,0.942,0.058,98000.0,2968.0
meta.imbalanced.OnlineUnderOverBagging -l (trees.HoeffdingTree -e 2000000 -g 100 -c 0.01),ArffFileStream -f ./../../../Dataset/Synthetic_IM05/stream_gen_RBF.arff,1,98500.0,12.203125,9.369848865187848E-9,98500.0,0.97,0.75,0.75,0.6527777777777778,0.7071067811865476,0.9845360824742269,0.75,0.94,0.06,98500.0,2968.0
meta.imbalanced.OnlineUnderOverBagging -l (trees.HoeffdingTree -e 2000000 -g 100 -c 0.01),ArffFileStream -f ./../../../Dataset/Synthetic_IM05/stream_gen_RBF.arff,1,99000.0,12.265625,9.417837847852063E-9,99000.0,0.99,0.8958333333333333,0.8958333333333334,0.8785700408004663,0.8897565210026093,0.9948024948024948,0.8958333333333333,0.952,0.048,99000.0,2968.0
meta.imbalanced.OnlineUnderOverBagging -l (trees.HoeffdingTree -e 2000000 -g 100 -c 0.01),ArffFileStream -f ./../../../Dataset/Synthetic_IM05/stream_gen_RBF.arff,1,99500.0,12.328125,9.465826830516277E-9,99500.0,0.972,0.7307692307692308,0.7307692307692308,0.6190683500217675,0.6793662204867574,0.985655737704918,0.7307692307692308,0.948,0.052,99500.0,2968.0
meta.imbalanced.OnlineUnderOverBagging -l (trees.HoeffdingTree -e 2000000 -g 100 -c 0.01),ArffFileStream -f ./../../../Dataset/Synthetic_IM05/stream_gen_RBF.arff,1,100000.0,12.390625,9.513815813180492E-9,100000.0,0.984,0.8260869565217391,0.8260869565217391,0.7815401419989078,0.8075728530872482,0.9917525773195877,0.8260869565217391,0.954,0.046,100000.0,2968.0
