Learner,stream,randomSeed,learning evaluation instances,evaluation time (cpu seconds),model cost (RAM-Hours),classified instances,AUC,sAUC,Accuracy,Kappa,Periodical holdout AUC,Pos/Neg ratio,G-Mean,Recall,KappaM,model training instances,model serialized size (bytes)
meta.imbalanced.RebalanceStream -l (trees.HoeffdingTree -e 2000000 -g 100 -c 0.01),ArffFileStream -f ./../../../Dataset/Synthetic_IM40/stream_gen_RBF_drift.arff,1,500.0,0.109375,1.4758875800503624E-10,500.0,0.7042992889893016,0.2698512925998996,0.674,0.3148496872688144,0.0,0.6778523489932886,0.6484543592397318,0.5594059405940595,0.19306930693069324,500.0,5216.0
meta.imbalanced.RebalanceStream -l (trees.HoeffdingTree -e 2000000 -g 100 -c 0.01),ArffFileStream -f ./../../../Dataset/Synthetic_IM40/stream_gen_RBF_drift.arff,1,1000.0,0.15625,2.1297536376449797E-10,1000.0,0.7757343426501035,0.2643346566905992,0.726,0.4448406652186598,0.7042992889893016,0.8115942028985508,0.7209029663945916,0.6830357142857143,0.35680751173708924,1000.0,5392.0
meta.imbalanced.RebalanceStream -l (trees.HoeffdingTree -e 2000000 -g 100 -c 0.01),ArffFileStream -f ./../../../Dataset/Synthetic_IM40/stream_gen_RBF_drift.arff,1,1500.0,0.203125,2.8039923765593104E-10,1500.0,0.6961682835275191,0.31443915649191034,0.638,0.26580347871235716,0.7757343426501035,0.7793594306049823,0.6318694536719537,0.593607305936073,0.15813953488372104,1500.0,5560.0
meta.imbalanced.RebalanceStream -l (trees.HoeffdingTree -e 2000000 -g 100 -c 0.01),ArffFileStream -f ./../../../Dataset/Synthetic_IM40/stream_gen_RBF_drift.arff,1,2000.0,0.234375,3.253484869168864E-10,2000.0,0.784421992481203,0.3474861438950291,0.704,0.38680808750414314,0.6961682835275191,0.6447368421052632,0.6948362362988124,0.6581632653061225,0.2960760998810938,2000.0,5560.0
meta.imbalanced.RebalanceStream -l (trees.HoeffdingTree -e 2000000 -g 100 -c 0.01),ArffFileStream -f ./../../../Dataset/Synthetic_IM40/stream_gen_RBF_drift.arff,1,2500.0,0.265625,3.702977361778418E-10,2500.0,0.7756060890809998,0.3841351809670429,0.724,0.4143509480724507,0.784421992481203,0.597444089456869,0.7058431988138608,0.6470588235294118,0.3287937743190661,2500.0,5560.0
meta.imbalanced.RebalanceStream -l (trees.HoeffdingTree -e 2000000 -g 100 -c 0.01),ArffFileStream -f ./../../../Dataset/Synthetic_IM40/stream_gen_RBF_drift.arff,1,3000.0,0.28125,3.934514501856433E-10,3000.0,0.8433423640377283,0.5112876854284945,0.768,0.5133248305027859,0.7756060890809998,0.6556291390728477,0.753478787333838,0.696969696969697,0.432300163132137,3000.0,5728.0
meta.imbalanced.RebalanceStream -l (trees.HoeffdingTree -e 2000000 -g 100 -c 0.01),ArffFileStream -f ./../../../Dataset/Synthetic_IM40/stream_gen_RBF_drift.arff,1,3500.0,0.296875,4.1660516419344476E-10,3500.0,0.8876151099417403,0.5394919602842183,0.82,0.6088521113293811,0.8433423640377283,0.597444089456869,0.794902692759893,0.7165775401069518,0.5541401273885349,3500.0,5728.0
meta.imbalanced.RebalanceStream -l (trees.HoeffdingTree -e 2000000 -g 100 -c 0.01),ArffFileStream -f ./../../../Dataset/Synthetic_IM40/stream_gen_RBF_drift.arff,1,4000.0,0.296875,4.1660516419344476E-10,4000.0,0.8532954545454545,0.48647346523075685,0.77,0.5256558323708959,0.8876151099417403,0.7857142857142857,0.7526360600987964,0.6636363636363637,0.4366197183098592,4000.0,5728.0
meta.imbalanced.RebalanceStream -l (trees.HoeffdingTree -e 2000000 -g 100 -c 0.01),ArffFileStream -f ./../../../Dataset/Synthetic_IM40/stream_gen_RBF_drift.arff,1,4500.0,0.3125,4.3975887820124625E-10,4500.0,0.8829362817736236,0.5200278068935648,0.802,0.5869906217668459,0.8532954545454545,0.7667844522968198,0.7774650932004822,0.6682027649769585,0.5183783783783785,4500.0,5728.0
meta.imbalanced.RebalanceStream -l (trees.HoeffdingTree -e 2000000 -g 100 -c 0.01),ArffFileStream -f ./../../../Dataset/Synthetic_IM40/stream_gen_RBF_drift.arff,1,5000.0,0.359375,5.092200202246507E-10,5000.0,0.8546825605900948,0.5158141747881256,0.814,0.6115547833060446,0.8829362817736236,0.7123287671232876,0.7977840754113728,0.7259615384615384,0.5481049562682214,5000.0,5728.0
meta.imbalanced.RebalanceStream -l (trees.HoeffdingTree -e 2000000 -g 100 -c 0.01),ArffFileStream -f ./../../../Dataset/Synthetic_IM40/stream_gen_RBF_drift.arff,1,5500.0,0.375,5.33052823609776E-10,5500.0,0.8525610902255639,0.49990635745168654,0.796,0.5584262658447047,0.8546825605900948,0.6447368421052632,0.7615914142616902,0.6530612244897959,0.5022182786157943,5500.0,5896.0
meta.imbalanced.RebalanceStream -l (trees.HoeffdingTree -e 2000000 -g 100 -c 0.01),ArffFileStream -f ./../../../Dataset/Synthetic_IM40/stream_gen_RBF_drift.arff,1,6000.0,0.40625,5.807184303800265E-10,6000.0,0.8385022505811941,0.5252997841610226,0.776,0.5317020956331221,0.8525610902255639,0.7064846416382252,0.7577728657589465,0.6811594202898551,0.45388053636733044,6000.0,5896.0
meta.imbalanced.RebalanceStream -l (trees.HoeffdingTree -e 2000000 -g 100 -c 0.01),ArffFileStream -f ./../../../Dataset/Synthetic_IM40/stream_gen_RBF_drift.arff,1,6500.0,0.421875,6.045512337651518E-10,6500.0,0.8266496112698518,0.5220770289547281,0.798,0.582865261349369,0.8385022505811941,0.6778523489932886,0.7926417531900898,0.7673267326732673,0.5069470521967706,6500.0,5896.0
meta.imbalanced.RebalanceStream -l (trees.HoeffdingTree -e 2000000 -g 100 -c 0.01),ArffFileStream -f ./../../../Dataset/Synthetic_IM40/stream_gen_RBF_drift.arff,1,7000.0,0.453125,6.522168405354023E-10,7000.0,0.8663482111757974,0.5388277300966364,0.81,0.6045357666178235,0.8266496112698518,0.6835016835016835,0.7996864589336754,0.7536945812807881,0.5359385903698536,7000.0,5896.0
meta.imbalanced.RebalanceStream -l (trees.HoeffdingTree -e 2000000 -g 100 -c 0.01),ArffFileStream -f ./../../../Dataset/Synthetic_IM40/stream_gen_RBF_drift.arff,1,7500.0,0.46875,6.760496439205276E-10,7500.0,0.8758784893267652,0.6003511797901028,0.842,0.6720358684822317,0.8663482111757974,0.7241379310344828,0.8300394672793453,0.7714285714285715,0.6147594278283485,7500.0,5896.0
meta.imbalanced.RebalanceStream -l (trees.HoeffdingTree -e 2000000 -g 100 -c 0.01),ArffFileStream -f ./../../../Dataset/Synthetic_IM40/stream_gen_RBF_drift.arff,1,8000.0,0.5,7.237152506907781E-10,8000.0,0.8879690949227373,0.5922330084415826,0.844,0.6727529032691145,0.8758784893267652,0.6556291390728477,0.8341356763602841,0.7929292929292929,0.6188149053145998,8000.0,5896.0
meta.imbalanced.RebalanceStream -l (trees.HoeffdingTree -e 2000000 -g 100 -c 0.01),ArffFileStream -f ./../../../Dataset/Synthetic_IM40/stream_gen_RBF_drift.arff,1,8500.0,0.5,7.237152506907781E-10,8500.0,0.8455124317768344,0.5300329729400142,0.818,0.6164092533890874,0.8879690949227373,0.6339869281045751,0.8066581632631045,0.7628865979381443,0.5539215686274509,8500.0,5896.0
meta.imbalanced.RebalanceStream -l (trees.HoeffdingTree -e 2000000 -g 100 -c 0.01),ArffFileStream -f ./../../../Dataset/Synthetic_IM40/stream_gen_RBF_drift.arff,1,9000.0,0.5,7.237152506907781E-10,9000.0,0.9159959591944886,0.6203419470838645,0.886,0.7634697739268997,0.8455124317768344,0.6891891891891891,0.8804198485370109,0.8529411764705882,0.7205882352941176,9000.0,5896.0
meta.imbalanced.RebalanceStream -l (trees.HoeffdingTree -e 2000000 -g 100 -c 0.01),ArffFileStream -f ./../../../Dataset/Synthetic_IM40/stream_gen_RBF_drift.arff,1,9500.0,0.5,7.237152506907781E-10,9500.0,0.8998358764360812,0.5811774355978276,0.846,0.6860832980007174,0.9159959591944886,0.7793594306049823,0.841160691500766,0.8082191780821918,0.6240041120534566,9500.0,5896.0
meta.imbalanced.RebalanceStream -l (trees.HoeffdingTree -e 2000000 -g 100 -c 0.01),ArffFileStream -f ./../../../Dataset/Synthetic_IM40/stream_gen_RBF_drift.arff,1,10000.0,0.5,7.237152506907781E-10,10000.0,0.9033786078098472,0.5746598548499274,0.856,0.6906153317291165,0.8998358764360812,0.6129032258064516,0.8387880334300596,0.7789473684210526,0.647145307522666,10000.0,5896.0
meta.imbalanced.RebalanceStream -l (trees.HoeffdingTree -e 2000000 -g 100 -c 0.01),ArffFileStream -f ./../../../Dataset/Synthetic_IM40/stream_gen_RBF_drift.arff,1,10500.0,0.53125,7.727390362156762E-10,10500.0,0.9304484312501055,0.6311613165497597,0.898,0.7858438591776404,0.9033786078098472,0.6286644951140065,0.8947026426062484,0.8808290155440415,0.7494150678521292,10500.0,6064.0
meta.imbalanced.RebalanceStream -l (trees.HoeffdingTree -e 2000000 -g 100 -c 0.01),ArffFileStream -f ./../../../Dataset/Synthetic_IM40/stream_gen_RBF_drift.arff,1,11000.0,0.5625,8.217628217405743E-10,11000.0,0.8941945710322964,0.5876770469917181,0.852,0.6918515557332268,0.9304484312501055,0.7006802721088435,0.8413261756508481,0.7912621359223301,0.6366071428571428,11000.0,6064.0
meta.imbalanced.RebalanceStream -l (trees.HoeffdingTree -e 2000000 -g 100 -c 0.01),ArffFileStream -f ./../../../Dataset/Synthetic_IM40/stream_gen_RBF_drift.arff,1,11500.0,0.5625,8.217628217405743E-10,11500.0,0.8945067343628799,0.6154295223472936,0.872,0.7201818817768451,0.8941945710322964,0.5337423312883436,0.8624761044080275,0.8333333333333334,0.6837129351095831,11500.0,6064.0
meta.imbalanced.RebalanceStream -l (trees.HoeffdingTree -e 2000000 -g 100 -c 0.01),ArffFileStream -f ./../../../Dataset/Synthetic_IM40/stream_gen_RBF_drift.arff,1,12000.0,0.578125,8.462747145030234E-10,12000.0,0.8831578947368421,0.5956862173978401,0.862,0.7086148648648648,0.8945067343628799,0.6129032258064516,0.8557604666207126,0.8315789473684211,0.6581337737407101,12000.0,6064.0
meta.imbalanced.RebalanceStream -l (trees.HoeffdingTree -e 2000000 -g 100 -c 0.01),ArffFileStream -f ./../../../Dataset/Synthetic_IM40/stream_gen_RBF_drift.arff,1,12500.0,0.59375,8.707866072654725E-10,12500.0,0.8860950764006791,0.5744057961518426,0.852,0.6865469332429684,0.8831578947368421,0.6129032258064516,0.8433098345684084,0.8105263157894737,0.6324990067540722,12500.0,6064.0
meta.imbalanced.RebalanceStream -l (trees.HoeffdingTree -e 2000000 -g 100 -c 0.01),ArffFileStream -f ./../../../Dataset/Synthetic_IM40/stream_gen_RBF_drift.arff,1,13000.0,0.59375,8.707866072654725E-10,13000.0,0.8843025553213909,0.5659195131123531,0.848,0.686737453010618,0.8860950764006791,0.7123287671232876,0.8423456730325813,0.8125,0.6230446394505914,13000.0,6064.0
meta.imbalanced.RebalanceStream -l (trees.HoeffdingTree -e 2000000 -g 100 -c 0.01),ArffFileStream -f ./../../../Dataset/Synthetic_IM40/stream_gen_RBF_drift.arff,1,13500.0,0.625,9.198103927903706E-10,13500.0,0.8674400503444621,0.5982564854417953,0.84,0.6657307126621205,0.8843025553213909,0.6891891891891891,0.8279769561754752,0.7745098039215687,0.6033786265148733,13500.0,6064.0
meta.imbalanced.RebalanceStream -l (trees.HoeffdingTree -e 2000000 -g 100 -c 0.01),ArffFileStream -f ./../../../Dataset/Synthetic_IM40/stream_gen_RBF_drift.arff,1,14000.0,0.625,9.198103927903706E-10,14000.0,0.8636047953699876,0.5771601896802164,0.816,0.6133479028326467,0.8674400503444621,0.6949152542372882,0.7976816345375797,0.7219512195121951,0.5441514776145814,14000.0,6064.0
meta.imbalanced.RebalanceStream -l (trees.HoeffdingTree -e 2000000 -g 100 -c 0.01),ArffFileStream -f ./../../../Dataset/Synthetic_IM40/stream_gen_RBF_drift.arff,1,14500.0,0.640625,9.443222855528195E-10,14500.0,0.8869568097509274,0.6628249859756751,0.868,0.7263318516552776,0.8636047953699876,0.6891891891891891,0.8621155625803557,0.8333333333333334,0.6730999146029035,14500.0,6064.0
meta.imbalanced.RebalanceStream -l (trees.HoeffdingTree -e 2000000 -g 100 -c 0.01),ArffFileStream -f ./../../../Dataset/Synthetic_IM40/stream_gen_RBF_drift.arff,1,15000.0,0.65625,9.688341783152685E-10,15000.0,0.8969097774244833,0.653825037017274,0.862,0.7149796768117379,0.8869568097509274,0.6891891891891891,0.8580721172177673,0.8382352941176471,0.6583594652582935,15000.0,6064.0
meta.imbalanced.RebalanceStream -l (trees.HoeffdingTree -e 2000000 -g 100 -c 0.01),ArffFileStream -f ./../../../Dataset/Synthetic_IM40/stream_gen_RBF_drift.arff,1,15500.0,0.671875,9.933460710777174E-10,15500.0,0.8882487702984974,0.6295698795128554,0.844,0.6690203000882612,0.8969097774244833,0.6339869281045751,0.8302550787085331,0.7783505154639175,0.6133056133056133,15500.0,6064.0
meta.imbalanced.RebalanceStream -l (trees.HoeffdingTree -e 2000000 -g 100 -c 0.01),ArffFileStream -f ./../../../Dataset/Synthetic_IM40/stream_gen_RBF_drift.arff,1,16000.0,0.6875,1.0178579638401664E-9,16000.0,0.8803720545680033,0.650340815253386,0.864,0.7172086833568992,0.8882487702984974,0.6949152542372882,0.8554472490259468,0.8146341463414634,0.6630535769588107,16000.0,6064.0
meta.imbalanced.RebalanceStream -l (trees.HoeffdingTree -e 2000000 -g 100 -c 0.01),ArffFileStream -f ./../../../Dataset/Synthetic_IM40/stream_gen_RBF_drift.arff,1,16500.0,0.6875,1.0178579638401664E-9,16500.0,0.9172054568003307,0.6929050872094936,0.876,0.7436957420421662,0.8803720545680033,0.6949152542372882,0.8715426587583375,0.848780487804878,0.6929311121116615,16500.0,6064.0
meta.imbalanced.RebalanceStream -l (trees.HoeffdingTree -e 2000000 -g 100 -c 0.01),ArffFileStream -f ./../../../Dataset/Synthetic_IM40/stream_gen_RBF_drift.arff,1,17000.0,0.6875,1.0178579638401664E-9,17000.0,0.9232433151965923,0.66428659087165,0.878,0.7443762781186094,0.9172054568003307,0.6722408026755853,0.8683638683852162,0.8258706467661692,0.6978438228438228,17000.0,6064.0
meta.imbalanced.RebalanceStream -l (trees.HoeffdingTree -e 2000000 -g 100 -c 0.01),ArffFileStream -f ./../../../Dataset/Synthetic_IM40/stream_gen_RBF_drift.arff,1,17500.0,0.6875,1.0178579638401664E-9,17500.0,0.8874006653910466,0.6689367615123485,0.886,0.7546403113054858,0.9232433151965923,0.5772870662460567,0.8772167525805195,0.8469945355191257,0.7169008088548319,17500.0,6064.0
meta.imbalanced.RebalanceStream -l (trees.HoeffdingTree -e 2000000 -g 100 -c 0.01),ArffFileStream -f ./../../../Dataset/Synthetic_IM40/stream_gen_RBF_drift.arff,1,18000.0,0.6875,1.0178579638401664E-9,18000.0,0.9055414572655952,0.6877257527021869,0.884,0.7556907213020843,0.8874006653910466,0.6835016835016835,0.8695970912018319,0.8078817733990148,0.7120000000000001,18000.0,6064.0
meta.imbalanced.RebalanceStream -l (trees.HoeffdingTree -e 2000000 -g 100 -c 0.01),ArffFileStream -f ./../../../Dataset/Synthetic_IM40/stream_gen_RBF_drift.arff,1,18500.0,0.703125,1.0423698566026154E-9,18500.0,0.875980131570204,0.6520772088531163,0.864,0.7130123573502599,0.9055414572655952,0.6778523489932886,0.8480471678726406,0.7821782178217822,0.6623725174449812,18500.0,6064.0
meta.imbalanced.RebalanceStream -l (trees.HoeffdingTree -e 2000000 -g 100 -c 0.01),ArffFileStream -f ./../../../Dataset/Synthetic_IM40/stream_gen_RBF_drift.arff,1,19000.0,0.71875,1.0668817493650643E-9,19000.0,0.8769777777777777,0.652709516007831,0.85,0.695369618196588,0.875980131570204,0.8181818181818182,0.844844137200239,0.8044444444444444,0.628761234857366,19000.0,6064.0
meta.imbalanced.RebalanceStream -l (trees.HoeffdingTree -e 2000000 -g 100 -c 0.01),ArffFileStream -f ./../../../Dataset/Synthetic_IM40/stream_gen_RBF_drift.arff,1,19500.0,0.734375,1.0913936421275133E-9,19500.0,0.9225396825396825,0.6923871885711661,0.882,0.7477338806225414,0.8769777777777777,0.5873015873015873,0.8747175802113761,0.8486486486486486,0.7073263800559654,19500.0,6064.0
meta.imbalanced.RebalanceStream -l (trees.HoeffdingTree -e 2000000 -g 100 -c 0.01),ArffFileStream -f ./../../../Dataset/Synthetic_IM40/stream_gen_RBF_drift.arff,1,20000.0,0.734375,1.0913936421275133E-9,20000.0,0.927001806140879,0.7081970660933639,0.89,0.7718372494358158,0.9225396825396825,0.6556291390728477,0.8889244256726753,0.8838383838383839,0.7270471464019852,20000.0,6064.0
meta.imbalanced.RebalanceStream -l (trees.HoeffdingTree -e 2000000 -g 100 -c 0.01),ArffFileStream -f ./../../../Dataset/Synthetic_IM40/stream_gen_RBF_drift.arff,1,20500.0,0.765625,1.141775606407059E-9,20500.0,0.9361412134590943,0.7242000780692138,0.9,0.7913188647746244,0.927001806140879,0.6556291390728477,0.8961755654949798,0.8787878787878788,0.7517558730927586,20500.0,6232.0
meta.imbalanced.RebalanceStream -l (trees.HoeffdingTree -e 2000000 -g 100 -c 0.01),ArffFileStream -f ./../../../Dataset/Synthetic_IM40/stream_gen_RBF_drift.arff,1,21000.0,0.78125,1.1669665885468317E-9,21000.0,0.9307808782176076,0.7331562814252288,0.9,0.7920098504134845,0.9361412134590943,0.6722408026755853,0.8957730504390106,0.8756218905472637,0.7517437049296608,21000.0,6232.0
meta.imbalanced.RebalanceStream -l (trees.HoeffdingTree -e 2000000 -g 100 -c 0.01),ArffFileStream -f ./../../../Dataset/Synthetic_IM40/stream_gen_RBF_drift.arff,1,21500.0,0.78125,1.1669665885468317E-9,21500.0,0.9389599193181078,0.7362563497894641,0.912,0.8214401662229727,0.9307808782176076,0.7730496453900709,0.9115692090012372,0.908256880733945,0.7819522876570244,21500.0,6232.0
meta.imbalanced.RebalanceStream -l (trees.HoeffdingTree -e 2000000 -g 100 -c 0.01),ArffFileStream -f ./../../../Dataset/Synthetic_IM40/stream_gen_RBF_drift.arff,1,22000.0,0.796875,1.1921575706866044E-9,22000.0,0.9217185419030237,0.7138764540744884,0.888,0.7713501772036128,0.9389599193181078,0.718213058419244,0.8882734623945913,0.8899521531100478,0.7227098807112312,22000.0,6232.0
meta.imbalanced.RebalanceStream -l (trees.HoeffdingTree -e 2000000 -g 100 -c 0.01),ArffFileStream -f ./../../../Dataset/Synthetic_IM40/stream_gen_RBF_drift.arff,1,22500.0,0.796875,1.1921575706866044E-9,22500.0,0.9234491634491635,0.7161710530663792,0.9,0.7897215913869964,0.9217185419030237,0.5873015873015873,0.902724794670034,0.9135135135135135,0.7519567853599384,22500.0,6232.0
meta.imbalanced.RebalanceStream -l (trees.HoeffdingTree -e 2000000 -g 100 -c 0.01),ArffFileStream -f ./../../../Dataset/Synthetic_IM40/stream_gen_RBF_drift.arff,1,23000.0,0.796875,1.1921575706866044E-9,23000.0,0.9407638888888888,0.7218752764626218,0.896,0.777015437392796,0.9234491634491635,0.5625,0.8931743484150598,0.8833333333333333,0.7414333585558319,23000.0,6232.0
meta.imbalanced.RebalanceStream -l (trees.HoeffdingTree -e 2000000 -g 100 -c 0.01),ArffFileStream -f ./../../../Dataset/Synthetic_IM40/stream_gen_RBF_drift.arff,1,23500.0,0.8125,1.2173485528263772E-9,23500.0,0.915114241480801,0.7175071014312809,0.892,0.7688870628113605,0.9407638888888888,0.6077170418006431,0.8811065179436842,0.8412698412698413,0.7311440677966102,23500.0,6232.0
meta.imbalanced.RebalanceStream -l (trees.HoeffdingTree -e 2000000 -g 100 -c 0.01),ArffFileStream -f ./../../../Dataset/Synthetic_IM40/stream_gen_RBF_drift.arff,1,24000.0,0.828125,1.24253953496615E-9,24000.0,0.9006306261335463,0.6864234331424804,0.88,0.7479457579271059,0.915114241480801,0.6722408026755853,0.8689098014173,0.8208955223880597,0.7012758012654289,24000.0,6232.0
meta.imbalanced.RebalanceStream -l (trees.HoeffdingTree -e 2000000 -g 100 -c 0.01),ArffFileStream -f ./../../../Dataset/Synthetic_IM40/stream_gen_RBF_drift.arff,1,24500.0,0.84375,1.2677305171059227E-9,24500.0,0.8685003078254214,0.6421621758731707,0.852,0.6881058754109416,0.9006306261335463,0.6722408026755853,0.8371640269664737,0.7761194029850746,0.631578947368421,24500.0,6232.0
meta.imbalanced.RebalanceStream -l (trees.HoeffdingTree -e 2000000 -g 100 -c 0.01),ArffFileStream -f ./../../../Dataset/Synthetic_IM40/stream_gen_RBF_drift.arff,1,25000.0,0.859375,1.2929214992456954E-9,25000.0,0.8897103249194415,0.6873713073503226,0.88,0.7459521712621097,0.8685003078254214,0.6447368421052632,0.8682608362118195,0.8214285714285714,0.7011356843992828,25000.0,6232.0
meta.imbalanced.RebalanceStream -l (trees.HoeffdingTree -e 2000000 -g 100 -c 0.01),ArffFileStream -f ./../../../Dataset/Synthetic_IM40/stream_gen_RBF_drift.arff,1,25500.0,0.875,1.3181124813854682E-9,25500.0,0.9206401475237092,0.6987450189733186,0.882,0.759638887983574,0.8897103249194415,0.7123287671232876,0.8836971800375526,0.8942307692307693,0.7063244192855749,25500.0,6232.0
meta.imbalanced.RebalanceStream -l (trees.HoeffdingTree -e 2000000 -g 100 -c 0.01),ArffFileStream -f ./../../../Dataset/Synthetic_IM40/stream_gen_RBF_drift.arff,1,26000.0,0.890625,1.343303463525241E-9,26000.0,0.8996962271750806,0.6714214257343656,0.874,0.7378058931246878,0.9206401475237092,0.6447368421052632,0.8718583311046862,0.8622448979591837,0.6862669986592607,26000.0,6232.0
meta.imbalanced.RebalanceStream -l (trees.HoeffdingTree -e 2000000 -g 100 -c 0.01),ArffFileStream -f ./../../../Dataset/Synthetic_IM40/stream_gen_RBF_drift.arff,1,26500.0,0.890625,1.343303463525241E-9,26500.0,0.8842358665509791,0.6650388942063954,0.874,0.7317687932150277,0.8996962271750806,0.6077170418006431,0.8648041106605647,0.8306878306878307,0.6859185401185213,26500.0,6232.0
meta.imbalanced.RebalanceStream -l (trees.HoeffdingTree -e 2000000 -g 100 -c 0.01),ArffFileStream -f ./../../../Dataset/Synthetic_IM40/stream_gen_RBF_drift.arff,1,27000.0,0.90625,1.3684944456650137E-9,27000.0,0.8958859427609428,0.66903329953321,0.872,0.7201427272091233,0.8842358665509791,0.5432098765432098,0.8602043939242575,0.8238636363636364,0.6802072730637551,27000.0,6232.0
meta.imbalanced.RebalanceStream -l (trees.HoeffdingTree -e 2000000 -g 100 -c 0.01),ArffFileStream -f ./../../../Dataset/Synthetic_IM40/stream_gen_RBF_drift.arff,1,27500.0,0.921875,1.3936854278047864E-9,27500.0,0.9131129172519901,0.6783260187538837,0.872,0.7328881469115192,0.8958859427609428,0.6556291390728477,0.8667588984405957,0.8434343434343434,0.680145388459791,27500.0,6232.0
meta.imbalanced.RebalanceStream -l (trees.HoeffdingTree -e 2000000 -g 100 -c 0.01),ArffFileStream -f ./../../../Dataset/Synthetic_IM40/stream_gen_RBF_drift.arff,1,28000.0,0.9375,1.4188764099445591E-9,28000.0,0.9001383882045412,0.6802694914426893,0.884,0.748477857378272,0.9131129172519901,0.597444089456869,0.8664469875247037,0.8074866310160428,0.7097927090779128,28000.0,6232.0
meta.imbalanced.RebalanceStream -l (trees.HoeffdingTree -e 2000000 -g 100 -c 0.01),ArffFileStream -f ./../../../Dataset/Synthetic_IM40/stream_gen_RBF_drift.arff,1,28500.0,0.953125,1.4440673920843319E-9,28500.0,0.9026988993315576,0.7022272289789846,0.894,0.7786131996658313,0.9001383882045412,0.6501650165016502,0.8901765368775968,0.8730964467005076,0.7347440512775486,28500.0,6232.0
meta.imbalanced.RebalanceStream -l (trees.HoeffdingTree -e 2000000 -g 100 -c 0.01),ArffFileStream -f ./../../../Dataset/Synthetic_IM40/stream_gen_RBF_drift.arff,1,29000.0,0.953125,1.4440673920843319E-9,29000.0,0.9053655660377359,0.6770639670776224,0.874,0.74284034875747,0.9026988993315576,0.7361111111111112,0.8725257019875866,0.8632075471698113,0.6850271528316524,29000.0,6232.0
meta.imbalanced.RebalanceStream -l (trees.HoeffdingTree -e 2000000 -g 100 -c 0.01),ArffFileStream -f ./../../../Dataset/Synthetic_IM40/stream_gen_RBF_drift.arff,1,29500.0,0.96875,1.4692583742241046E-9,29500.0,0.9317898193760262,0.705671727778855,0.884,0.7612775765558117,0.9053655660377359,0.7241379310344828,0.8792163251837527,0.8523809523809524,0.710270087206841,29500.0,6232.0
meta.imbalanced.RebalanceStream -l (trees.HoeffdingTree -e 2000000 -g 100 -c 0.01),ArffFileStream -f ./../../../Dataset/Synthetic_IM40/stream_gen_RBF_drift.arff,1,30000.0,0.984375,1.4944493563638774E-9,30000.0,0.916357520898254,0.6936128179572856,0.878,0.7480255113842901,0.9317898193760262,0.7064846416382252,0.8727744114998714,0.8454106280193237,0.6954568147778333,30000.0,6232.0
meta.imbalanced.RebalanceStream -l (trees.HoeffdingTree -e 2000000 -g 100 -c 0.01),ArffFileStream -f ./../../../Dataset/Synthetic_IM40/stream_gen_RBF_drift.arff,1,30500.0,0.984375,1.4944493563638774E-9,30500.0,0.9190890171858217,0.6789233699260004,0.878,0.7400538642484573,0.916357520898254,0.6447368421052632,0.8620045394274646,0.8010204081632653,0.6953495988210251,30500.0,6232.0
meta.imbalanced.RebalanceStream -l (trees.HoeffdingTree -e 2000000 -g 100 -c 0.01),ArffFileStream -f ./../../../Dataset/Synthetic_IM40/stream_gen_RBF_drift.arff,1,31000.0,1.0,1.5196403385036501E-9,31000.0,0.9270917884199135,0.7210011455856871,0.898,0.7841836216527304,0.9190890171858217,0.6233766233766234,0.8912946284582975,0.8645833333333334,0.7451233274222151,31000.0,6232.0
meta.imbalanced.RebalanceStream -l (trees.HoeffdingTree -e 2000000 -g 100 -c 0.01),ArffFileStream -f ./../../../Dataset/Synthetic_IM40/stream_gen_RBF_drift.arff,1,31500.0,1.0,1.5196403385036501E-9,31500.0,0.9208110428637475,0.7147158139098364,0.894,0.7810641110376736,0.9270917884199135,0.7006802721088435,0.8899930948439745,0.8689320388349514,0.7352521408182684,31500.0,6232.0
meta.imbalanced.RebalanceStream -l (trees.HoeffdingTree -e 2000000 -g 100 -c 0.01),ArffFileStream -f ./../../../Dataset/Synthetic_IM40/stream_gen_RBF_drift.arff,1,32000.0,1.015625,1.5448313206434229E-9,32000.0,0.905758026010451,0.6877539395841532,0.878,0.7421111374167146,0.9208110428637475,0.6611295681063123,0.8644214796994881,0.8090452261306532,0.695261884318164,32000.0,6232.0
meta.imbalanced.RebalanceStream -l (trees.HoeffdingTree -e 2000000 -g 100 -c 0.01),ArffFileStream -f ./../../../Dataset/Synthetic_IM40/stream_gen_RBF_drift.arff,1,32500.0,1.03125,1.5700223027831956E-9,32500.0,0.9127087835687122,0.7066680999036543,0.894,0.775027166530834,0.905758026010451,0.6501650165016502,0.8806402778222137,0.8274111675126904,0.7351629766297663,32500.0,6232.0
meta.imbalanced.RebalanceStream -l (trees.HoeffdingTree -e 2000000 -g 100 -c 0.01),ArffFileStream -f ./../../../Dataset/Synthetic_IM40/stream_gen_RBF_drift.arff,1,33000.0,1.046875,1.5952132849229684E-9,33000.0,0.9235412474849095,0.6773918221516393,0.872,0.7357075604155999,0.9127087835687122,0.7421602787456446,0.8627206148966117,0.812206572769953,0.6805082822781938,33000.0,6232.0
meta.imbalanced.RebalanceStream -l (trees.HoeffdingTree -e 2000000 -g 100 -c 0.01),ArffFileStream -f ./../../../Dataset/Synthetic_IM40/stream_gen_RBF_drift.arff,1,33500.0,1.046875,1.5952132849229684E-9,33500.0,0.9428104575163399,0.7295273210123641,0.898,0.7866323047058037,0.9235412474849095,0.6339869281045751,0.8958649175754212,0.8865979381443299,0.7452851285874021,33500.0,6232.0
meta.imbalanced.RebalanceStream -l (trees.HoeffdingTree -e 2000000 -g 100 -c 0.01),ArffFileStream -f ./../../../Dataset/Synthetic_IM40/stream_gen_RBF_drift.arff,1,34000.0,1.0625,1.620404267062741E-9,34000.0,0.915438286163522,0.6910033322495909,0.88,0.7549339955561365,0.9428104575163399,0.7361111111111112,0.8783441635268473,0.8679245283018868,0.7005944081602701,34000.0,6232.0
meta.imbalanced.RebalanceStream -l (trees.HoeffdingTree -e 2000000 -g 100 -c 0.01),ArffFileStream -f ./../../../Dataset/Synthetic_IM40/stream_gen_RBF_drift.arff,1,34500.0,1.078125,1.6455952492025138E-9,34500.0,0.9255020865936359,0.7030176858657752,0.894,0.7831636827807418,0.915438286163522,0.7605633802816901,0.8895916138524574,0.8611111111111112,0.735823159719714,34500.0,6232.0
meta.imbalanced.RebalanceStream -l (trees.HoeffdingTree -e 2000000 -g 100 -c 0.01),ArffFileStream -f ./../../../Dataset/Synthetic_IM40/stream_gen_RBF_drift.arff,1,35000.0,1.078125,1.6455952492025138E-9,35000.0,0.9213370500782473,0.7151722184616133,0.89,0.775480879135234,0.9255020865936359,0.7605633802816901,0.8868386468814402,0.8657407407407407,0.7261540650117363,35000.0,6232.0
meta.imbalanced.RebalanceStream -l (trees.HoeffdingTree -e 2000000 -g 100 -c 0.01),ArffFileStream -f ./../../../Dataset/Synthetic_IM40/stream_gen_RBF_drift.arff,1,35500.0,1.09375,1.6707862313422866E-9,35500.0,0.9298985917391012,0.721216977466596,0.896,0.78305854081837,0.9213370500782473,0.6339869281045751,0.8952159683250036,0.8917525773195877,0.7409668140040694,35500.0,6232.0
meta.imbalanced.RebalanceStream -l (trees.HoeffdingTree -e 2000000 -g 100 -c 0.01),ArffFileStream -f ./../../../Dataset/Synthetic_IM40/stream_gen_RBF_drift.arff,1,36000.0,1.109375,1.6959772134820593E-9,36000.0,0.9494071277159513,0.7514705087848659,0.912,0.8178325384207739,0.9298985917391012,0.6891891891891891,0.9087617436546609,0.8921568627450981,0.7808673998754929,36000.0,6232.0
meta.imbalanced.RebalanceStream -l (trees.HoeffdingTree -e 2000000 -g 100 -c 0.01),ArffFileStream -f ./../../../Dataset/Synthetic_IM40/stream_gen_RBF_drift.arff,1,36500.0,1.109375,1.6959772134820593E-9,36500.0,0.919399178590355,0.6967760457518688,0.886,0.7634697739268997,0.9494071277159513,0.6891891891891891,0.8804198485370109,0.8529411764705882,0.7161857990587273,36500.0,6232.0
meta.imbalanced.RebalanceStream -l (trees.HoeffdingTree -e 2000000 -g 100 -c 0.01),ArffFileStream -f ./../../../Dataset/Synthetic_IM40/stream_gen_RBF_drift.arff,1,37000.0,1.125,1.721168195621832E-9,37000.0,0.9087576778284129,0.6902410056968444,0.886,0.7631631431990427,0.919399178590355,0.7006802721088435,0.8782085445222474,0.8398058252427184,0.7162843882424161,37000.0,6232.0
meta.imbalanced.RebalanceStream -l (trees.HoeffdingTree -e 2000000 -g 100 -c 0.01),ArffFileStream -f ./../../../Dataset/Synthetic_IM40/stream_gen_RBF_drift.arff,1,37500.0,1.140625,1.7463591777616048E-9,37500.0,0.9372845733501471,0.7166046926767137,0.886,0.7597369752149722,0.9087576778284129,0.639344262295082,0.8782075060641648,0.8461538461538461,0.716173150975966,37500.0,6232.0
meta.imbalanced.RebalanceStream -l (trees.HoeffdingTree -e 2000000 -g 100 -c 0.01),ArffFileStream -f ./../../../Dataset/Synthetic_IM40/stream_gen_RBF_drift.arff,1,38000.0,1.15625,1.7715501599013776E-9,38000.0,0.893776683087028,0.6641173307299241,0.86,0.7111257840871574,0.9372845733501471,0.7241379310344828,0.8527844858522843,0.8142857142857143,0.6516500785751702,38000.0,6232.0
meta.imbalanced.RebalanceStream -l (trees.HoeffdingTree -e 2000000 -g 100 -c 0.01),ArffFileStream -f ./../../../Dataset/Synthetic_IM40/stream_gen_RBF_drift.arff,1,38500.0,1.15625,1.7715501599013776E-9,38500.0,0.9319160342430182,0.7224471066988077,0.898,0.786967418546366,0.893776683087028,0.6501650165016502,0.8943822370034057,0.8781725888324873,0.7461374361626479,38500.0,6232.0
meta.imbalanced.RebalanceStream -l (trees.HoeffdingTree -e 2000000 -g 100 -c 0.01),ArffFileStream -f ./../../../Dataset/Synthetic_IM40/stream_gen_RBF_drift.arff,1,39000.0,1.171875,1.7967411420411503E-9,39000.0,0.9122266859852476,0.6984850651741379,0.892,0.7777265542676502,0.9319160342430182,0.7123287671232876,0.8886671594794066,0.8701923076923077,0.731326146584168,39000.0,6232.0
meta.imbalanced.RebalanceStream -l (trees.HoeffdingTree -e 2000000 -g 100 -c 0.01),ArffFileStream -f ./../../../Dataset/Synthetic_IM40/stream_gen_RBF_drift.arff,1,39500.0,1.171875,1.7967411420411503E-9,39500.0,0.9241106915739269,0.7168202445775879,0.884,0.7609627431585889,0.9122266859852476,0.6891891891891891,0.8821674420802746,0.8725490196078431,0.7114791259996223,39500.0,6232.0
meta.imbalanced.RebalanceStream -l (trees.HoeffdingTree -e 2000000 -g 100 -c 0.01),ArffFileStream -f ./../../../Dataset/Synthetic_IM40/stream_gen_RBF_drift.arff,1,40000.0,1.203125,1.847123106320696E-9,40000.0,0.9061219750874924,0.6672769083451784,0.864,0.7149229453490517,0.9241106915739269,0.6835016835016835,0.8517519680849511,0.7980295566502463,0.6617756776921164,40000.0,6232.0
meta.imbalanced.RebalanceStream -l (trees.HoeffdingTree -e 2000000 -g 100 -c 0.01),ArffFileStream -f ./../../../Dataset/Synthetic_IM40/stream_gen_RBF_drift.arff,1,40500.0,1.21875,1.8723140884604688E-9,40500.0,0.9392114909356288,0.7414442198791308,0.91,0.8149914484936194,0.9061219750874924,0.6835016835016835,0.9109748107039923,0.916256157635468,0.7762018787990422,40500.0,6232.0
meta.imbalanced.RebalanceStream -l (trees.HoeffdingTree -e 2000000 -g 100 -c 0.01),ArffFileStream -f ./../../../Dataset/Synthetic_IM40/stream_gen_RBF_drift.arff,1,41000.0,1.21875,1.8723140884604688E-9,41000.0,0.9493166666666667,0.7460501534542553,0.91,0.8123436196830693,0.9392114909356288,0.6666666666666666,0.9055937278934743,0.885,0.776187299084127,41000.0,6400.0
meta.imbalanced.RebalanceStream -l (trees.HoeffdingTree -e 2000000 -g 100 -c 0.01),ArffFileStream -f ./../../../Dataset/Synthetic_IM40/stream_gen_RBF_drift.arff,1,41500.0,1.234375,1.8981841599775653E-9,41500.0,0.937436830402264,0.7410089180970765,0.904,0.8001199280431742,0.9493166666666667,0.6339869281045751,0.9045848225750145,0.9072164948453608,0.7611653977579282,41500.0,6400.0
meta.imbalanced.RebalanceStream -l (trees.HoeffdingTree -e 2000000 -g 100 -c 0.01),ArffFileStream -f ./../../../Dataset/Synthetic_IM40/stream_gen_RBF_drift.arff,1,42000.0,1.25,1.924054231494662E-9,42000.0,0.9471375391528231,0.7589395675802721,0.926,0.8480168249482437,0.937436830402264,0.7301038062283737,0.9230197347413823,0.9052132701421801,0.8160075775515038,42000.0,6400.0
meta.imbalanced.RebalanceStream -l (trees.HoeffdingTree -e 2000000 -g 100 -c 0.01),ArffFileStream -f ./../../../Dataset/Synthetic_IM40/stream_gen_RBF_drift.arff,1,42500.0,1.265625,1.9499243030117584E-9,42500.0,0.9426495857364025,0.7460176172238745,0.896,0.7792906741821022,0.9471375391528231,0.6077170418006431,0.8901639403072626,0.8677248677248677,0.7412329488905802,42500.0,6400.0
meta.imbalanced.RebalanceStream -l (trees.HoeffdingTree -e 2000000 -g 100 -c 0.01),ArffFileStream -f ./../../../Dataset/Synthetic_IM40/stream_gen_RBF_drift.arff,1,43000.0,1.265625,1.9499243030117584E-9,43000.0,0.943397762615818,0.7407773257833435,0.902,0.8010588540989997,0.9426495857364025,0.7667844522968198,0.901600624075453,0.8986175115207373,0.756388021736617,43000.0,6400.0
meta.imbalanced.RebalanceStream -l (trees.HoeffdingTree -e 2000000 -g 100 -c 0.01),ArffFileStream -f ./../../../Dataset/Synthetic_IM40/stream_gen_RBF_drift.arff,1,43500.0,1.28125,1.975794374528855E-9,43500.0,0.9263368055555555,0.7186208868426837,0.894,0.7724540614803367,0.943397762615818,0.5625,0.8903611938733378,0.8777777777777778,0.7361826295914865,43500.0,6400.0
meta.imbalanced.RebalanceStream -l (trees.HoeffdingTree -e 2000000 -g 100 -c 0.01),ArffFileStream -f ./../../../Dataset/Synthetic_IM40/stream_gen_RBF_drift.arff,1,44000.0,1.296875,2.0016644460459514E-9,44000.0,0.9485681958102464,0.7663259239751457,0.916,0.8264204592418708,0.9263368055555555,0.6722408026755853,0.9159052956088318,0.9154228855721394,0.7909384014932972,44000.0,6400.0
meta.imbalanced.RebalanceStream -l (trees.HoeffdingTree -e 2000000 -g 100 -c 0.01),ArffFileStream -f ./../../../Dataset/Synthetic_IM40/stream_gen_RBF_drift.arff,1,44500.0,1.3125,2.027534517563048E-9,44500.0,0.9210258152173914,0.7218209385769407,0.894,0.7848676733235915,0.9485681958102464,0.8115942028985508,0.8904652225827798,0.8616071428571429,0.7365246048148355,44500.0,6400.0
meta.imbalanced.RebalanceStream -l (trees.HoeffdingTree -e 2000000 -g 100 -c 0.01),ArffFileStream -f ./../../../Dataset/Synthetic_IM40/stream_gen_RBF_drift.arff,1,45000.0,1.3125,2.027534517563048E-9,45000.0,0.9417849800067993,0.745696003947308,0.902,0.8028073790283636,0.9210258152173914,0.8050541516245487,0.9035499537830761,0.9192825112107623,0.7567030784508442,45000.0,6400.0
meta.imbalanced.RebalanceStream -l (trees.HoeffdingTree -e 2000000 -g 100 -c 0.01),ArffFileStream -f ./../../../Dataset/Synthetic_IM40/stream_gen_RBF_drift.arff,1,45500.0,1.328125,2.0534045890801445E-9,45500.0,0.9132735618519252,0.7170878263144838,0.886,0.7652234084618427,0.9417849800067993,0.7006802721088435,0.8833263860317749,0.8689320388349514,0.717052149247218,45500.0,6400.0
meta.imbalanced.RebalanceStream -l (trees.HoeffdingTree -e 2000000 -g 100 -c 0.01),ArffFileStream -f ./../../../Dataset/Synthetic_IM40/stream_gen_RBF_drift.arff,1,46000.0,1.34375,2.079274660597241E-9,46000.0,0.9416429924242424,0.7591458568935362,0.918,0.8265005585835676,0.9132735618519252,0.6233766233766234,0.9125744943796138,0.890625,0.7963722738069532,46000.0,6400.0
meta.imbalanced.RebalanceStream -l (trees.HoeffdingTree -e 2000000 -g 100 -c 0.01),ArffFileStream -f ./../../../Dataset/Synthetic_IM40/stream_gen_RBF_drift.arff,1,46500.0,1.34375,2.079274660597241E-9,46500.0,0.9414328614328614,0.7490872993792688,0.904,0.7954487343390437,0.9416429924242424,0.5873015873015873,0.9002788070936306,0.8864864864864865,0.7613982575231173,46500.0,6400.0
meta.imbalanced.RebalanceStream -l (trees.HoeffdingTree -e 2000000 -g 100 -c 0.01),ArffFileStream -f ./../../../Dataset/Synthetic_IM40/stream_gen_RBF_drift.arff,1,47000.0,1.359375,2.1051447321143376E-9,47000.0,0.9168977764803192,0.7108513587571232,0.888,0.7716559834287485,0.9414328614328614,0.7921146953405018,0.8828544826281133,0.8461538461538461,0.7219228737453778,47000.0,6400.0
meta.imbalanced.RebalanceStream -l (trees.HoeffdingTree -e 2000000 -g 100 -c 0.01),ArffFileStream -f ./../../../Dataset/Synthetic_IM40/stream_gen_RBF_drift.arff,1,47500.0,1.359375,2.1051447321143376E-9,47500.0,0.952546689303905,0.7745614270274631,0.916,0.8217317487266554,0.9168977764803192,0.6129032258064516,0.9106146359905137,0.8894736842105263,0.7913179916317993,47500.0,6400.0
meta.imbalanced.RebalanceStream -l (trees.HoeffdingTree -e 2000000 -g 100 -c 0.01),ArffFileStream -f ./../../../Dataset/Synthetic_IM40/stream_gen_RBF_drift.arff,1,48000.0,1.359375,2.1051447321143376E-9,48000.0,0.9289427507830564,0.726626686534787,0.888,0.768039101979952,0.952546689303905,0.7301038062283737,0.8786279517056637,0.8293838862559242,0.7218974703843568,48000.0,6400.0
meta.imbalanced.RebalanceStream -l (trees.HoeffdingTree -e 2000000 -g 100 -c 0.01),ArffFileStream -f ./../../../Dataset/Synthetic_IM40/stream_gen_RBF_drift.arff,1,48500.0,1.375,2.131014803631434E-9,48500.0,0.9289777910467566,0.746080977403431,0.91,0.8135503331234049,0.9289427507830564,0.6835016835016835,0.9069604001304322,0.8916256157635468,0.7765434626804547,48500.0,6400.0
meta.imbalanced.RebalanceStream -l (trees.HoeffdingTree -e 2000000 -g 100 -c 0.01),ArffFileStream -f ./../../../Dataset/Synthetic_IM40/stream_gen_RBF_drift.arff,1,49000.0,1.390625,2.1568848751485306E-9,49000.0,0.946500139045656,0.7442229260131829,0.902,0.7980214344600166,0.9289777910467566,0.7421602787456446,0.8949135501397601,0.8544600938967136,0.7568238213399504,49000.0,6400.0
meta.imbalanced.RebalanceStream -l (trees.HoeffdingTree -e 2000000 -g 100 -c 0.01),ArffFileStream -f ./../../../Dataset/Synthetic_IM40/stream_gen_RBF_drift.arff,1,49500.0,1.40625,2.182754946665627E-9,49500.0,0.9247574834855822,0.7172306777768839,0.894,0.7789898585535096,0.946500139045656,0.6722408026755853,0.8881058076918542,0.8606965174129353,0.7369661118909164,49500.0,6400.0
meta.imbalanced.RebalanceStream -l (trees.HoeffdingTree -e 2000000 -g 100 -c 0.01),ArffFileStream -f ./../../../Dataset/Synthetic_IM40/stream_gen_RBF_drift.arff,1,50000.0,1.40625,2.182754946665627E-9,50000.0,0.9358469945355191,0.7388628630324269,0.902,0.7946009389671362,0.9247574834855822,0.639344262295082,0.8982538757059059,0.882051282051282,0.7567393139055751,50000.0,6400.0
meta.imbalanced.RebalanceStream -l (trees.HoeffdingTree -e 2000000 -g 100 -c 0.01),ArffFileStream -f ./../../../Dataset/Synthetic_IM40/stream_gen_RBF_drift.arff,1,50500.0,1.421875,2.2086250181827237E-9,50500.0,0.9224080808080808,0.7084662483186014,0.894,0.784727863525589,0.9358469945355191,0.8181818181818182,0.889535118628111,0.8533333333333334,0.7371857816182247,50500.0,6400.0
meta.imbalanced.RebalanceStream -l (trees.HoeffdingTree -e 2000000 -g 100 -c 0.01),ArffFileStream -f ./../../../Dataset/Synthetic_IM40/stream_gen_RBF_drift.arff,1,51000.0,1.4375,2.2344950896998202E-9,51000.0,0.9553112800493117,0.7665982271919607,0.916,0.8217801615859869,0.9224080808080808,0.5923566878980892,0.9144731898668627,0.9086021505376344,0.791573416366644,51000.0,6400.0
meta.imbalanced.RebalanceStream -l (trees.HoeffdingTree -e 2000000 -g 100 -c 0.01),ArffFileStream -f ./../../../Dataset/Synthetic_IM40/stream_gen_RBF_drift.arff,1,51500.0,1.453125,2.2603651612169168E-9,51500.0,0.9275390914023578,0.7374022984246,0.912,0.8193789921347762,0.9553112800493117,0.718213058419244,0.9101787338822178,0.8995215311004785,0.7817271107258104,51500.0,6400.0
meta.imbalanced.RebalanceStream -l (trees.HoeffdingTree -e 2000000 -g 100 -c 0.01),ArffFileStream -f ./../../../Dataset/Synthetic_IM40/stream_gen_RBF_drift.arff,1,52000.0,1.46875,2.2862352327340133E-9,52000.0,0.9559794097239032,0.7482309509610819,0.906,0.8103247885323175,0.9275390914023578,0.8315018315018315,0.9049483055244226,0.8942731277533039,0.7671272034302049,52000.0,6400.0
meta.imbalanced.RebalanceStream -l (trees.HoeffdingTree -e 2000000 -g 100 -c 0.01),ArffFileStream -f ./../../../Dataset/Synthetic_IM40/stream_gen_RBF_drift.arff,1,52500.0,1.484375,2.31210530425111E-9,52500.0,0.9138073619010649,0.7015773525302841,0.874,0.7379629321531961,0.9559794097239032,0.6286644951140065,0.8743048893320234,0.8756476683937824,0.6877212859368361,52500.0,6400.0
meta.imbalanced.RebalanceStream -l (trees.HoeffdingTree -e 2000000 -g 100 -c 0.01),ArffFileStream -f ./../../../Dataset/Synthetic_IM40/stream_gen_RBF_drift.arff,1,53000.0,1.5,2.3379753757682064E-9,53000.0,0.9213325306040537,0.7347989571096651,0.9,0.7945295548688277,0.9138073619010649,0.6556291390728477,0.9039514566625844,0.9242424242424242,0.75211636499696,53000.0,6400.0
meta.imbalanced.RebalanceStream -l (trees.HoeffdingTree -e 2000000 -g 100 -c 0.01),ArffFileStream -f ./../../../Dataset/Synthetic_IM40/stream_gen_RBF_drift.arff,1,53500.0,1.5,2.3379753757682064E-9,53500.0,0.9622289279869067,0.7871283937111232,0.932,0.8563024073573169,0.9213325306040537,0.6025641025641025,0.9317712309581381,0.9308510638297872,0.831332004265381,53500.0,6400.0
meta.imbalanced.RebalanceStream -l (trees.HoeffdingTree -e 2000000 -g 100 -c 0.01),ArffFileStream -f ./../../../Dataset/Synthetic_IM40/stream_gen_RBF_drift.arff,1,54000.0,1.515625,2.363845447285303E-9,54000.0,0.941976023150062,0.7261568509546822,0.89,0.7758030327735204,0.9622289279869067,0.6949152542372882,0.8931876669270339,0.9121951219512195,0.7271975750895564,54000.0,6400.0
meta.imbalanced.RebalanceStream -l (trees.HoeffdingTree -e 2000000 -g 100 -c 0.01),ArffFileStream -f ./../../../Dataset/Synthetic_IM40/stream_gen_RBF_drift.arff,1,54500.0,1.53125,2.3897155188023994E-9,54500.0,0.9420604882705946,0.7528644998823559,0.908,0.8031091631283387,0.941976023150062,0.6025641025641025,0.8992575133333142,0.8670212765957447,0.7716965667971952,54500.0,6400.0
meta.imbalanced.RebalanceStream -l (trees.HoeffdingTree -e 2000000 -g 100 -c 0.01),ArffFileStream -f ./../../../Dataset/Synthetic_IM40/stream_gen_RBF_drift.arff,1,55000.0,1.546875,2.415585590319496E-9,55000.0,0.9502608428805237,0.7685657221606992,0.916,0.8209901800327333,0.9420604882705946,0.6025641025641025,0.910224473671939,0.8882978723404256,0.7914221218961626,55000.0,6400.0
meta.imbalanced.RebalanceStream -l (trees.HoeffdingTree -e 2000000 -g 100 -c 0.01),ArffFileStream -f ./../../../Dataset/Synthetic_IM40/stream_gen_RBF_drift.arff,1,55500.0,1.546875,2.415585590319496E-9,55500.0,0.9330575955447721,0.7508295014598496,0.902,0.7999869379224767,0.9502608428805237,0.7667844522968198,0.8986156326271187,0.8755760368663594,0.7568292573881165,55500.0,6400.0
meta.imbalanced.RebalanceStream -l (trees.HoeffdingTree -e 2000000 -g 100 -c 0.01),ArffFileStream -f ./../../../Dataset/Synthetic_IM40/stream_gen_RBF_drift.arff,1,56000.0,1.5625,2.4414556618365925E-9,56000.0,0.9300333333333334,0.7352427682163937,0.896,0.7833333333333333,0.9330575955447721,0.6666666666666666,0.891403387922662,0.87,0.741924048389241,56000.0,6400.0
meta.imbalanced.RebalanceStream -l (trees.HoeffdingTree -e 2000000 -g 100 -c 0.01),ArffFileStream -f ./../../../Dataset/Synthetic_IM40/stream_gen_RBF_drift.arff,1,56500.0,1.578125,2.467325733353689E-9,56500.0,0.9381041890440387,0.7321406653968782,0.886,0.7614903089746594,0.9300333333333334,0.6447368421052632,0.8815639176620933,0.8622448979591837,0.7170408118437817,56500.0,6400.0
meta.imbalanced.RebalanceStream -l (trees.HoeffdingTree -e 2000000 -g 100 -c 0.01),ArffFileStream -f ./../../../Dataset/Synthetic_IM40/stream_gen_RBF_drift.arff,1,57000.0,1.578125,2.467325733353689E-9,57000.0,0.9471510673234811,0.7570780185303709,0.918,0.8320222877745003,0.9381041890440387,0.7241379310344828,0.9168017515035267,0.9095238095238095,0.7965437687720368,57000.0,6400.0
meta.imbalanced.RebalanceStream -l (trees.HoeffdingTree -e 2000000 -g 100 -c 0.01),ArffFileStream -f ./../../../Dataset/Synthetic_IM40/stream_gen_RBF_drift.arff,1,57500.0,1.59375,2.4931958048707856E-9,57500.0,0.9403401606954689,0.735548856242643,0.904,0.8029686063312755,0.9471510673234811,0.7123287671232876,0.9025560822240003,0.8942307692307693,0.7618739484922998,57500.0,6400.0
meta.imbalanced.RebalanceStream -l (trees.HoeffdingTree -e 2000000 -g 100 -c 0.01),ArffFileStream -f ./../../../Dataset/Synthetic_IM40/stream_gen_RBF_drift.arff,1,58000.0,1.59375,2.4931958048707856E-9,58000.0,0.9449332340359202,0.7657486584062236,0.912,0.8134992624743562,0.9403401606954689,0.567398119122257,0.91541127185358,0.9281767955801105,0.7815255543189796,58000.0,6400.0
meta.imbalanced.RebalanceStream -l (trees.HoeffdingTree -e 2000000 -g 100 -c 0.01),ArffFileStream -f ./../../../Dataset/Synthetic_IM40/stream_gen_RBF_drift.arff,1,58500.0,1.59375,2.4931958048707856E-9,58500.0,0.9340653864044123,0.7314470269960358,0.892,0.7778582241821892,0.9449332340359202,0.6778523489932886,0.8926442414404869,0.8960396039603961,0.7318791376676287,58500.0,6400.0
meta.imbalanced.RebalanceStream -l (trees.HoeffdingTree -e 2000000 -g 100 -c 0.01),ArffFileStream -f ./../../../Dataset/Synthetic_IM40/stream_gen_RBF_drift.arff,1,59000.0,1.609375,2.519065876387882E-9,59000.0,0.939660441426146,0.7589541689178977,0.902,0.7947386058981234,0.9340653864044123,0.6129032258064516,0.9026277428183023,0.9052631578947369,0.7565883640649996,59000.0,6400.0
meta.imbalanced.RebalanceStream -l (trees.HoeffdingTree -e 2000000 -g 100 -c 0.01),ArffFileStream -f ./../../../Dataset/Synthetic_IM40/stream_gen_RBF_drift.arff,1,59500.0,1.625,2.5449359479049786E-9,59500.0,0.9283424147783906,0.7363036462206743,0.902,0.7982675713062382,0.939660441426146,0.6778523489932886,0.9026286727286859,0.905940594059406,0.756595424945734,59500.0,6400.0
meta.imbalanced.RebalanceStream -l (trees.HoeffdingTree -e 2000000 -g 100 -c 0.01),ArffFileStream -f ./../../../Dataset/Synthetic_IM40/stream_gen_RBF_drift.arff,1,60000.0,1.625,2.5449359479049786E-9,60000.0,0.9514285714285714,0.7704043063192229,0.922,0.8393739703459638,0.9283424147783906,0.7241379310344828,0.9180188563911175,0.8952380952380953,0.8063394852271788,60000.0,6400.0
meta.imbalanced.RebalanceStream -l (trees.HoeffdingTree -e 2000000 -g 100 -c 0.01),ArffFileStream -f ./../../../Dataset/Synthetic_IM40/stream_gen_RBF_drift.arff,1,60500.0,1.640625,2.570806019422075E-9,60500.0,0.946719757299962,0.7668136635010736,0.92,0.8351222568465484,0.9514285714285714,0.7064846416382252,0.9174515608862881,0.9033816425120773,0.8014196036597876,60500.0,6400.0
meta.imbalanced.RebalanceStream -l (trees.HoeffdingTree -e 2000000 -g 100 -c 0.01),ArffFileStream -f ./../../../Dataset/Synthetic_IM40/stream_gen_RBF_drift.arff,1,61000.0,1.65625,2.5966760909391717E-9,61000.0,0.9585154680933655,0.7547641326571858,0.908,0.8070243149363181,0.946719757299962,0.6286644951140065,0.9057917677010522,0.8963730569948186,0.7715541805747782,61000.0,6400.0
meta.imbalanced.RebalanceStream -l (trees.HoeffdingTree -e 2000000 -g 100 -c 0.01),ArffFileStream -f ./../../../Dataset/Synthetic_IM40/stream_gen_RBF_drift.arff,1,61500.0,1.6875,2.6484162339733648E-9,61500.0,0.9276612395583457,0.734207645260515,0.89,0.7663154316791299,0.9585154680933655,0.6077170418006431,0.8831604832285161,0.8571428571428571,0.7267218743688144,61500.0,6400.0
meta.imbalanced.RebalanceStream -l (trees.HoeffdingTree -e 2000000 -g 100 -c 0.01),ArffFileStream -f ./../../../Dataset/Synthetic_IM40/stream_gen_RBF_drift.arff,1,62000.0,1.703125,2.6742863054904613E-9,62000.0,0.91913181067694,0.7142689219581009,0.888,0.7608472839084387,0.9276612395583457,0.5822784810126582,0.8828126331756028,0.8641304347826086,0.7215606078832352,62000.0,6400.0
meta.imbalanced.RebalanceStream -l (trees.HoeffdingTree -e 2000000 -g 100 -c 0.01),ArffFileStream -f ./../../../Dataset/Synthetic_IM40/stream_gen_RBF_drift.arff,1,62500.0,1.703125,2.6742863054904613E-9,62500.0,0.9209820437033367,0.7489283256869921,0.912,0.81165996061981,0.91913181067694,0.597444089456869,0.904524589615061,0.8770053475935828,0.781103239672053,62500.0,6400.0
meta.imbalanced.RebalanceStream -l (trees.HoeffdingTree -e 2000000 -g 100 -c 0.01),ArffFileStream -f ./../../../Dataset/Synthetic_IM40/stream_gen_RBF_drift.arff,1,63000.0,1.71875,2.700156377007558E-9,63000.0,0.9365540031504691,0.7414254744311669,0.9,0.7869076031367201,0.9209820437033367,0.5923566878980892,0.8949802557836604,0.8763440860215054,0.7511061946902655,63000.0,6400.0
meta.imbalanced.RebalanceStream -l (trees.HoeffdingTree -e 2000000 -g 100 -c 0.01),ArffFileStream -f ./../../../Dataset/Synthetic_IM40/stream_gen_RBF_drift.arff,1,63500.0,1.734375,2.7260264485246544E-9,63500.0,0.9511295995670995,0.7716162416833744,0.916,0.8234819447246319,0.9365540031504691,0.6233766233766234,0.9141297046279138,0.90625,0.7908563362609787,63500.0,6400.0
meta.imbalanced.RebalanceStream -l (trees.HoeffdingTree -e 2000000 -g 100 -c 0.01),ArffFileStream -f ./../../../Dataset/Synthetic_IM40/stream_gen_RBF_drift.arff,1,64000.0,1.75,2.751896520041751E-9,64000.0,0.9433158142982279,0.7477122874300378,0.908,0.8059137244312429,0.9511295995670995,0.6339869281045751,0.9018245474139868,0.8762886597938144,0.7708771110592265,64000.0,6400.0
meta.imbalanced.RebalanceStream -l (trees.HoeffdingTree -e 2000000 -g 100 -c 0.01),ArffFileStream -f ./../../../Dataset/Synthetic_IM40/stream_gen_RBF_drift.arff,1,64500.0,1.765625,2.7777665915588474E-9,64500.0,0.9511303712212186,0.7692747096674686,0.926,0.8376110389382396,0.9433158142982279,0.557632398753894,0.9143900839952095,0.8770949720670391,0.8155504888511035,64500.0,6400.0
meta.imbalanced.RebalanceStream -l (trees.HoeffdingTree -e 2000000 -g 100 -c 0.01),ArffFileStream -f ./../../../Dataset/Synthetic_IM40/stream_gen_RBF_drift.arff,1,65000.0,1.765625,2.7777665915588474E-9,65000.0,0.9523581336696091,0.7800049806885092,0.924,0.8405639003104809,0.9511303712212186,0.639344262295082,0.9209622688419526,0.9076923076923077,0.810524700828475,65000.0,6400.0
meta.imbalanced.RebalanceStream -l (trees.HoeffdingTree -e 2000000 -g 100 -c 0.01),ArffFileStream -f ./../../../Dataset/Synthetic_IM40/stream_gen_RBF_drift.arff,1,65500.0,1.796875,2.8295067345930405E-9,65500.0,0.9256833333333333,0.707646510625904,0.886,0.7615062761506276,0.9523581336696091,0.6666666666666666,0.8785025137509093,0.845,0.7157810596833131,65500.0,6400.0
meta.imbalanced.RebalanceStream -l (trees.HoeffdingTree -e 2000000 -g 100 -c 0.01),ArffFileStream -f ./../../../Dataset/Synthetic_IM40/stream_gen_RBF_drift.arff,1,66000.0,1.796875,2.8295067345930405E-9,66000.0,0.9313441625361928,0.7398030715250223,0.902,0.7982675713062382,0.9256833333333333,0.7421602787456446,0.8956992112850869,0.8591549295774648,0.7557862941287522,66000.0,6400.0
meta.imbalanced.RebalanceStream -l (trees.HoeffdingTree -e 2000000 -g 100 -c 0.01),ArffFileStream -f ./../../../Dataset/Synthetic_IM40/stream_gen_RBF_drift.arff,1,66500.0,1.796875,2.8295067345930405E-9,66500.0,0.9480675714600383,0.7426371318272348,0.912,0.8124946731441235,0.9313441625361928,0.6181229773462783,0.9031442465914884,0.8691099476439791,0.7806267806267807,66500.0,6400.0
meta.imbalanced.RebalanceStream -l (trees.HoeffdingTree -e 2000000 -g 100 -c 0.01),ArffFileStream -f ./../../../Dataset/Synthetic_IM40/stream_gen_RBF_drift.arff,1,67000.0,1.796875,2.8295067345930405E-9,67000.0,0.9557328595103449,0.7732475985417016,0.926,0.8417938017377028,0.9480675714600383,0.597444089456869,0.920179760823807,0.8983957219251337,0.8154338681457769,67000.0,6400.0
meta.imbalanced.RebalanceStream -l (trees.HoeffdingTree -e 2000000 -g 100 -c 0.01),ArffFileStream -f ./../../../Dataset/Synthetic_IM40/stream_gen_RBF_drift.arff,1,67500.0,1.8125,2.855376806110137E-9,67500.0,0.9590079865489701,0.7744323314056496,0.922,0.8343808391370818,0.9557328595103449,0.639344262295082,0.9120186719621294,0.8717948717948718,0.8054179909823344,67500.0,6400.0
meta.imbalanced.RebalanceStream -l (trees.HoeffdingTree -e 2000000 -g 100 -c 0.01),ArffFileStream -f ./../../../Dataset/Synthetic_IM40/stream_gen_RBF_drift.arff,1,68000.0,1.8125,2.855376806110137E-9,68000.0,0.9497853855303304,0.756459389485688,0.914,0.8153301724730296,0.9590079865489701,0.5772870662460567,0.9088920222295974,0.8907103825136612,0.7853235931133219,68000.0,6400.0
meta.imbalanced.RebalanceStream -l (trees.HoeffdingTree -e 2000000 -g 100 -c 0.01),ArffFileStream -f ./../../../Dataset/Synthetic_IM40/stream_gen_RBF_drift.arff,1,68500.0,1.8125,2.855376806110137E-9,68500.0,0.9385536861010861,0.7528398159574203,0.914,0.816940262924869,0.9497853855303304,0.6181229773462783,0.905860476022488,0.8743455497382199,0.7852508019830855,68500.0,6400.0
meta.imbalanced.RebalanceStream -l (trees.HoeffdingTree -e 2000000 -g 100 -c 0.01),ArffFileStream -f ./../../../Dataset/Synthetic_IM40/stream_gen_RBF_drift.arff,1,69000.0,1.828125,2.8812468776272336E-9,69000.0,0.932538181067694,0.7133441017868699,0.886,0.7518199867637326,0.9385536861010861,0.5822784810126582,0.869414715924669,0.8152173913043478,0.7151651216685979,69000.0,6400.0
meta.imbalanced.RebalanceStream -l (trees.HoeffdingTree -e 2000000 -g 100 -c 0.01),ArffFileStream -f ./../../../Dataset/Synthetic_IM40/stream_gen_RBF_drift.arff,1,69500.0,1.84375,2.90711694914433E-9,69500.0,0.9492749892749893,0.7614990666129329,0.928,0.8431099102240043,0.932538181067694,0.5873015873015873,0.9135990557477797,0.8648648648648649,0.8200064745872452,69500.0,6400.0
meta.imbalanced.RebalanceStream -l (trees.HoeffdingTree -e 2000000 -g 100 -c 0.01),ArffFileStream -f ./../../../Dataset/Synthetic_IM40/stream_gen_RBF_drift.arff,1,70000.0,1.84375,2.90711694914433E-9,70000.0,0.9483337723919916,0.7532155014020565,0.908,0.8101307621186106,0.9492749892749893,0.7123287671232876,0.9036226266658832,0.8798076923076923,0.7700739048163091,70000.0,6400.0
meta.imbalanced.RebalanceStream -l (trees.HoeffdingTree -e 2000000 -g 100 -c 0.01),ArffFileStream -f ./../../../Dataset/Synthetic_IM40/stream_gen_RBF_drift.arff,1,70500.0,1.859375,2.9329870206614266E-9,70500.0,0.9476709905660378,0.7658067328806231,0.914,0.823382512404298,0.9483337723919916,0.7361111111111112,0.9101037215983054,0.8867924528301887,0.7851599872435422,70500.0,6400.0
meta.imbalanced.RebalanceStream -l (trees.HoeffdingTree -e 2000000 -g 100 -c 0.01),ArffFileStream -f ./../../../Dataset/Synthetic_IM40/stream_gen_RBF_drift.arff,1,71000.0,1.875,2.958857092178523E-9,71000.0,0.9618773496240601,0.7694266484974654,0.926,0.8434803208230398,0.9476709905660378,0.6447368421052632,0.9176080671963865,0.8826530612244898,0.8151106731885844,71000.0,6400.0
meta.imbalanced.RebalanceStream -l (trees.HoeffdingTree -e 2000000 -g 100 -c 0.01),ArffFileStream -f ./../../../Dataset/Synthetic_IM40/stream_gen_RBF_drift.arff,1,71500.0,1.90625,3.0105972352127162E-9,71500.0,0.9345107975622682,0.7607656010593045,0.914,0.8204682855138783,0.9618773496240601,0.6891891891891891,0.9059510018792635,0.8676470588235294,0.785157751301492,71500.0,6400.0
meta.imbalanced.RebalanceStream -l (trees.HoeffdingTree -e 2000000 -g 100 -c 0.01),ArffFileStream -f ./../../../Dataset/Synthetic_IM40/stream_gen_RBF_drift.arff,1,72000.0,1.921875,3.0364673067298128E-9,72000.0,0.9498373626373626,0.7662381228882795,0.922,0.8260481712756469,0.9345107975622682,0.5384615384615384,0.9056598590087672,0.8571428571428571,0.8049729129045702,72000.0,6400.0
meta.imbalanced.RebalanceStream -l (trees.HoeffdingTree -e 2000000 -g 100 -c 0.01),ArffFileStream -f ./../../../Dataset/Synthetic_IM40/stream_gen_RBF_drift.arff,1,72500.0,1.9375,3.0623373782469093E-9,72500.0,0.9566739317086058,0.7564707703818214,0.91,0.8132966011683485,0.9498373626373626,0.7006802721088435,0.9040559817563266,0.8737864077669902,0.7750155161712986,72500.0,6400.0
meta.imbalanced.RebalanceStream -l (trees.HoeffdingTree -e 2000000 -g 100 -c 0.01),ArffFileStream -f ./../../../Dataset/Synthetic_IM40/stream_gen_RBF_drift.arff,1,73000.0,1.953125,3.088207449764006E-9,73000.0,0.9465548795568086,0.7322559192279292,0.894,0.7795047593689677,0.9566739317086058,0.7064846416382252,0.8849871499222609,0.8405797101449275,0.7350816529151973,73000.0,6400.0
meta.imbalanced.RebalanceStream -l (trees.HoeffdingTree -e 2000000 -g 100 -c 0.01),ArffFileStream -f ./../../../Dataset/Synthetic_IM40/stream_gen_RBF_drift.arff,1,73500.0,1.953125,3.088207449764006E-9,73500.0,0.9658001611338562,0.7858793584641389,0.932,0.8587171517377792,0.9465548795568086,0.718213058419244,0.9236635977824909,0.8803827751196173,0.8301040179481951,73500.0,6400.0
meta.imbalanced.RebalanceStream -l (trees.HoeffdingTree -e 2000000 -g 100 -c 0.01),ArffFileStream -f ./../../../Dataset/Synthetic_IM40/stream_gen_RBF_drift.arff,1,74000.0,1.953125,3.088207449764006E-9,74000.0,0.9613765002727769,0.7855665453678264,0.924,0.8387206301779166,0.9658001611338562,0.6025641025641025,0.9210608609947016,0.9095744680851063,0.8100385057083025,74000.0,6400.0
meta.imbalanced.RebalanceStream -l (trees.HoeffdingTree -e 2000000 -g 100 -c 0.01),ArffFileStream -f ./../../../Dataset/Synthetic_IM40/stream_gen_RBF_drift.arff,1,74500.0,1.96875,3.1140775212811024E-9,74500.0,0.9391784356100584,0.7595275161509092,0.916,0.8231519377494821,0.9613765002727769,0.6501650165016502,0.9088475780839014,0.8781725888324873,0.7900211388115291,74500.0,6400.0
meta.imbalanced.RebalanceStream -l (trees.HoeffdingTree -e 2000000 -g 100 -c 0.01),ArffFileStream -f ./../../../Dataset/Synthetic_IM40/stream_gen_RBF_drift.arff,1,75000.0,1.96875,3.1140775212811024E-9,75000.0,0.9591695096661984,0.7748899256891383,0.926,0.8440871089536139,0.9391784356100584,0.6556291390728477,0.9180771991112704,0.8838383838383839,0.8150061664611181,75000.0,6400.0
meta.imbalanced.RebalanceStream -l (trees.HoeffdingTree -e 2000000 -g 100 -c 0.01),ArffFileStream -f ./../../../Dataset/Synthetic_IM40/stream_gen_RBF_drift.arff,1,75500.0,1.984375,3.139947592798199E-9,75500.0,0.955625,0.7651251154662111,0.912,0.8148148148148149,0.9591695096661984,0.6666666666666666,0.902293374315324,0.86,0.7800072845270025,75500.0,6400.0
meta.imbalanced.RebalanceStream -l (trees.HoeffdingTree -e 2000000 -g 100 -c 0.01),ArffFileStream -f ./../../../Dataset/Synthetic_IM40/stream_gen_RBF_drift.arff,1,76000.0,1.984375,3.139947592798199E-9,76000.0,0.958194798400027,0.7531449626020729,0.91,0.809580230196344,0.955625,0.6286644951140065,0.9031887649592444,0.8756476683937824,0.774955583338817,76000.0,6400.0
meta.imbalanced.RebalanceStream -l (trees.HoeffdingTree -e 2000000 -g 100 -c 0.01),ArffFileStream -f ./../../../Dataset/Synthetic_IM40/stream_gen_RBF_drift.arff,1,76500.0,2.0,3.1658176643152954E-9,76500.0,0.9498885656441927,0.7764926401874812,0.92,0.8298712125078685,0.958194798400027,0.6077170418006431,0.9147001497799996,0.8941798941798942,0.7998888271261814,76500.0,6400.0
meta.imbalanced.RebalanceStream -l (trees.HoeffdingTree -e 2000000 -g 100 -c 0.01),ArffFileStream -f ./../../../Dataset/Synthetic_IM40/stream_gen_RBF_drift.arff,1,77000.0,2.0,3.1658176643152954E-9,77000.0,0.9700758592910849,0.809802415674173,0.932,0.8573442534908702,0.9498885656441927,0.6447368421052632,0.928544317128795,0.9132653061224489,0.8298840118262453,77000.0,6400.0
meta.imbalanced.RebalanceStream -l (trees.HoeffdingTree -e 2000000 -g 100 -c 0.01),ArffFileStream -f ./../../../Dataset/Synthetic_IM40/stream_gen_RBF_drift.arff,1,77500.0,2.015625,3.191687735832392E-9,77500.0,0.9624270572823628,0.7774392070632836,0.91,0.8091991452121706,0.9700758592910849,0.6077170418006431,0.9057002604460602,0.8888888888888888,0.7747675019374839,77500.0,6400.0
meta.imbalanced.RebalanceStream -l (trees.HoeffdingTree -e 2000000 -g 100 -c 0.01),ArffFileStream -f ./../../../Dataset/Synthetic_IM40/stream_gen_RBF_drift.arff,1,78000.0,2.03125,3.2175578073494885E-9,78000.0,0.9488025518556649,0.7413893989921388,0.898,0.7850205705806974,0.9624270572823628,0.6286644951140065,0.8926063222273457,0.8704663212435233,0.7446808510638299,78000.0,6400.0
meta.imbalanced.RebalanceStream -l (trees.HoeffdingTree -e 2000000 -g 100 -c 0.01),ArffFileStream -f ./../../../Dataset/Synthetic_IM40/stream_gen_RBF_drift.arff,1,78500.0,2.03125,3.2175578073494885E-9,78500.0,0.9700542144026186,0.7929631831841062,0.93,0.8519207987815198,0.9488025518556649,0.6025641025641025,0.929105213388133,0.925531914893617,0.8247153019235065,78500.0,6400.0
meta.imbalanced.RebalanceStream -l (trees.HoeffdingTree -e 2000000 -g 100 -c 0.01),ArffFileStream -f ./../../../Dataset/Synthetic_IM40/stream_gen_RBF_drift.arff,1,79000.0,2.046875,3.243427878866585E-9,79000.0,0.958174459830089,0.8090344083178879,0.928,0.8492260269382833,0.9700542144026186,0.6556291390728477,0.9236615789466593,0.9040404040404041,0.819697594065997,79000.0,6400.0
meta.imbalanced.RebalanceStream -l (trees.HoeffdingTree -e 2000000 -g 100 -c 0.01),ArffFileStream -f ./../../../Dataset/Synthetic_IM40/stream_gen_RBF_drift.arff,1,79500.0,2.0625,3.2692979503836816E-9,79500.0,0.958178760449127,0.7891913592144219,0.928,0.8505504724265622,0.958174459830089,0.7064846416382252,0.9216561900874877,0.8888888888888888,0.8197392454493924,79500.0,6400.0
meta.imbalanced.RebalanceStream -l (trees.HoeffdingTree -e 2000000 -g 100 -c 0.01),ArffFileStream -f ./../../../Dataset/Synthetic_IM40/stream_gen_RBF_drift.arff,1,80000.0,2.0625,3.2692979503836816E-9,80000.0,0.9400077063543918,0.7228319999214391,0.894,0.775027166530834,0.958178760449127,0.6501650165016502,0.8806402778222137,0.8274111675126904,0.7345935964445558,80000.0,6400.0
meta.imbalanced.RebalanceStream -l (trees.HoeffdingTree -e 2000000 -g 100 -c 0.01),ArffFileStream -f ./../../../Dataset/Synthetic_IM40/stream_gen_RBF_drift.arff,1,80500.0,2.0625,3.2692979503836816E-9,80500.0,0.9599429523008689,0.7966313334854818,0.934,0.8636859323882226,0.9400077063543918,0.7064846416382252,0.9307527266018972,0.9130434782608695,0.8347845015237267,80500.0,6400.0
meta.imbalanced.RebalanceStream -l (trees.HoeffdingTree -e 2000000 -g 100 -c 0.01),ArffFileStream -f ./../../../Dataset/Synthetic_IM40/stream_gen_RBF_drift.arff,1,81000.0,2.0625,3.2692979503836816E-9,81000.0,0.9377618991969816,0.7426595149137094,0.89,0.7714200219436779,0.9599429523008689,0.6611295681063123,0.8872571004825116,0.8743718592964824,0.7246345458478846,81000.0,6400.0
meta.imbalanced.RebalanceStream -l (trees.HoeffdingTree -e 2000000 -g 100 -c 0.01),ArffFileStream -f ./../../../Dataset/Synthetic_IM40/stream_gen_RBF_drift.arff,1,81500.0,2.078125,3.295168021900778E-9,81500.0,0.9724016295707473,0.8102890338761249,0.936,0.8667022127432685,0.9377618991969816,0.6891891891891891,0.9302659870011787,0.9019607843137255,0.8398083596941127,81500.0,6400.0
meta.imbalanced.RebalanceStream -l (trees.HoeffdingTree -e 2000000 -g 100 -c 0.01),ArffFileStream -f ./../../../Dataset/Synthetic_IM40/stream_gen_RBF_drift.arff,1,82000.0,2.09375,3.3217171827951986E-9,82000.0,0.9477134277134277,0.768362638880642,0.912,0.81165996061981,0.9724016295707473,0.5873015873015873,0.9065091845971015,0.8864864864864865,0.7796372075978747,82000.0,6568.0
meta.imbalanced.RebalanceStream -l (trees.HoeffdingTree -e 2000000 -g 100 -c 0.01),ArffFileStream -f ./../../../Dataset/Synthetic_IM40/stream_gen_RBF_drift.arff,1,82500.0,2.09375,3.3217171827951986E-9,82500.0,0.9461110379346681,0.7852128121522274,0.924,0.8435853530031614,0.9477134277134277,0.7123287671232876,0.9216990341695281,0.9086538461538461,0.8097347818170785,82500.0,6568.0
meta.imbalanced.RebalanceStream -l (trees.HoeffdingTree -e 2000000 -g 100 -c 0.01),ArffFileStream -f ./../../../Dataset/Synthetic_IM40/stream_gen_RBF_drift.arff,1,83000.0,2.109375,3.348266343689619E-9,83000.0,0.9530941599907117,0.767923388122388,0.922,0.8361124184764339,0.9461110379346681,0.6835016835016835,0.9111204559842233,0.8620689655172413,0.8047471122236632,83000.0,6568.0
meta.imbalanced.RebalanceStream -l (trees.HoeffdingTree -e 2000000 -g 100 -c 0.01),ArffFileStream -f ./../../../Dataset/Synthetic_IM40/stream_gen_RBF_drift.arff,1,83500.0,2.109375,3.348266343689619E-9,83500.0,0.9341299019607843,0.7271080742072811,0.88,0.7512107742320706,0.9530941599907117,0.6891891891891891,0.8746166546137925,0.8480392156862745,0.6996492910883967,83500.0,6568.0
meta.imbalanced.RebalanceStream -l (trees.HoeffdingTree -e 2000000 -g 100 -c 0.01),ArffFileStream -f ./../../../Dataset/Synthetic_IM40/stream_gen_RBF_drift.arff,1,84000.0,2.125,3.3748155045840397E-9,84000.0,0.9477286365331906,0.7515660604386721,0.906,0.8082634378773539,0.9341299019607843,0.7921146953405018,0.9008844502029439,0.8642533936651584,0.7648740396641058,84000.0,6568.0
meta.imbalanced.RebalanceStream -l (trees.HoeffdingTree -e 2000000 -g 100 -c 0.01),ArffFileStream -f ./../../../Dataset/Synthetic_IM40/stream_gen_RBF_drift.arff,1,84500.0,2.140625,3.4013646654784602E-9,84500.0,0.9382552083333333,0.7412646968083368,0.91,0.8030117317457539,0.9477286365331906,0.5625,0.8970824624550657,0.8555555555555555,0.7747467567087258,84500.0,6568.0
meta.imbalanced.RebalanceStream -l (trees.HoeffdingTree -e 2000000 -g 100 -c 0.01),ArffFileStream -f ./../../../Dataset/Synthetic_IM40/stream_gen_RBF_drift.arff,1,85000.0,2.15625,3.4279138263728807E-9,85000.0,0.962355401607738,0.7765124712218601,0.918,0.8314366530719643,0.9382552083333333,0.7482517482517482,0.9123756095983718,0.8785046728971962,0.794855191900165,85000.0,6568.0
meta.imbalanced.RebalanceStream -l (trees.HoeffdingTree -e 2000000 -g 100 -c 0.01),ArffFileStream -f ./../../../Dataset/Synthetic_IM40/stream_gen_RBF_drift.arff,1,85500.0,2.15625,3.4279138263728807E-9,85500.0,0.9527840289143481,0.7826119602047372,0.928,0.8465630114566286,0.962355401607738,0.6025641025641025,0.9230854473147054,0.9042553191489362,0.8198103266596418,85500.0,6568.0
meta.imbalanced.RebalanceStream -l (trees.HoeffdingTree -e 2000000 -g 100 -c 0.01),ArffFileStream -f ./../../../Dataset/Synthetic_IM40/stream_gen_RBF_drift.arff,1,86000.0,2.171875,3.4544629872673013E-9,86000.0,0.9488030560271646,0.7691499755815497,0.912,0.8128615175229671,0.9527840289143481,0.6129032258064516,0.9052103470993664,0.8789473684210526,0.7797054200384236,86000.0,6568.0
meta.imbalanced.RebalanceStream -l (trees.HoeffdingTree -e 2000000 -g 100 -c 0.01),ArffFileStream -f ./../../../Dataset/Synthetic_IM40/stream_gen_RBF_drift.arff,1,86500.0,2.1875,3.481012148161722E-9,86500.0,0.9460700087595175,0.7550495018876974,0.908,0.8051772040387614,0.9488030560271646,0.6339869281045751,0.8996551683127495,0.865979381443299,0.769653814982054,86500.0,6568.0
meta.imbalanced.RebalanceStream -l (trees.HoeffdingTree -e 2000000 -g 100 -c 0.01),ArffFileStream -f ./../../../Dataset/Synthetic_IM40/stream_gen_RBF_drift.arff,1,87000.0,2.1875,3.481012148161722E-9,87000.0,0.9562597038347885,0.774612589485304,0.928,0.8500024999583341,0.9460700087595175,0.6611295681063123,0.9256577938370856,0.914572864321608,0.8197254439232166,87000.0,6568.0
meta.imbalanced.RebalanceStream -l (trees.HoeffdingTree -e 2000000 -g 100 -c 0.01),ArffFileStream -f ./../../../Dataset/Synthetic_IM40/stream_gen_RBF_drift.arff,1,87500.0,2.203125,3.5075613090561423E-9,87500.0,0.9410276824069927,0.7804837670052703,0.932,0.8579094297989002,0.9562597038347885,0.6835016835016835,0.9249866692871628,0.8916256157635468,0.8297567954220316,87500.0,6568.0
meta.imbalanced.RebalanceStream -l (trees.HoeffdingTree -e 2000000 -g 100 -c 0.01),ArffFileStream -f ./../../../Dataset/Synthetic_IM40/stream_gen_RBF_drift.arff,1,88000.0,2.203125,3.5075613090561423E-9,88000.0,0.9349605821710127,0.7422000279375396,0.9,0.7917915917116397,0.9410276824069927,0.6339869281045751,0.9003757572695343,0.9020618556701031,0.7496016389710904,88000.0,6568.0
meta.imbalanced.RebalanceStream -l (trees.HoeffdingTree -e 2000000 -g 100 -c 0.01),ArffFileStream -f ./../../../Dataset/Synthetic_IM40/stream_gen_RBF_drift.arff,1,88500.0,2.21875,3.534110469950563E-9,88500.0,0.9528062743496827,0.7608017879363682,0.918,0.8254368336796214,0.9349605821710127,0.6077170418006431,0.9119899211567706,0.8888888888888888,0.7946112699176409,88500.0,6568.0
meta.imbalanced.RebalanceStream -l (trees.HoeffdingTree -e 2000000 -g 100 -c 0.01),ArffFileStream -f ./../../../Dataset/Synthetic_IM40/stream_gen_RBF_drift.arff,1,89000.0,2.234375,3.5606596308449834E-9,89000.0,0.9587723203244793,0.7743296946542623,0.92,0.8351222568465484,0.9528062743496827,0.7064846416382252,0.9174515608862881,0.9033816425120773,0.7996623522791222,89000.0,6568.0
meta.imbalanced.RebalanceStream -l (trees.HoeffdingTree -e 2000000 -g 100 -c 0.01),ArffFileStream -f ./../../../Dataset/Synthetic_IM40/stream_gen_RBF_drift.arff,1,89500.0,2.234375,3.5606596308449834E-9,89500.0,0.9453658536585365,0.7474691994152088,0.898,0.7877476277676045,0.9587723203244793,0.6949152542372882,0.8904434983824029,0.8536585365853658,0.7446076374318087,89500.0,6568.0
meta.imbalanced.RebalanceStream -l (trees.HoeffdingTree -e 2000000 -g 100 -c 0.01),ArffFileStream -f ./../../../Dataset/Synthetic_IM40/stream_gen_RBF_drift.arff,1,90000.0,2.25,3.587208791739404E-9,90000.0,0.9382697729633477,0.7504195720222028,0.906,0.8066798288910827,0.9453658536585365,0.7064846416382252,0.9041370750913899,0.893719806763285,0.7646862483311082,90000.0,6568.0
meta.imbalanced.RebalanceStream -l (trees.HoeffdingTree -e 2000000 -g 100 -c 0.01),ArffFileStream -f ./../../../Dataset/Synthetic_IM40/stream_gen_RBF_drift.arff,1,90500.0,2.25,3.587208791739404E-9,90500.0,0.9535530821917808,0.7602869566149775,0.92,0.8346670193770255,0.9382697729633477,0.7123287671232876,0.9152276200035057,0.8894230769230769,0.799778761061947,90500.0,6568.0
meta.imbalanced.RebalanceStream -l (trees.HoeffdingTree -e 2000000 -g 100 -c 0.01),ArffFileStream -f ./../../../Dataset/Synthetic_IM40/stream_gen_RBF_drift.arff,1,91000.0,2.265625,3.6137579526338245E-9,91000.0,0.9505815380085391,0.765246875794072,0.914,0.8236143471269649,0.9535530821917808,0.7421602787456446,0.9102643811327095,0.8873239436619719,0.7848404035960741,91000.0,6568.0
meta.imbalanced.RebalanceStream -l (trees.HoeffdingTree -e 2000000 -g 100 -c 0.01),ArffFileStream -f ./../../../Dataset/Synthetic_IM40/stream_gen_RBF_drift.arff,1,91500.0,2.265625,3.6137579526338245E-9,91500.0,0.958952790818988,0.7623678662449966,0.912,0.8208819123298379,0.9505815380085391,0.7605633802816901,0.9108597548238403,0.9027777777777778,0.7799338599032497,91500.0,6568.0
meta.imbalanced.RebalanceStream -l (trees.HoeffdingTree -e 2000000 -g 100 -c 0.01),ArffFileStream -f ./../../../Dataset/Synthetic_IM40/stream_gen_RBF_drift.arff,1,92000.0,2.28125,3.640307113528245E-9,92000.0,0.950624337572867,0.7680057663071569,0.92,0.8331219544756693,0.958952790818988,0.6891891891891891,0.9126804254987066,0.8774509803921569,0.7999619492838312,92000.0,6568.0
meta.imbalanced.RebalanceStream -l (trees.HoeffdingTree -e 2000000 -g 100 -c 0.01),ArffFileStream -f ./../../../Dataset/Synthetic_IM40/stream_gen_RBF_drift.arff,1,92500.0,2.28125,3.640307113528245E-9,92500.0,0.962959799080829,0.7555406274055606,0.924,0.8359268406417852,0.950624337572867,0.597444089456869,0.912507461476252,0.8716577540106952,0.8098972417522986,92500.0,6568.0
meta.imbalanced.RebalanceStream -l (trees.HoeffdingTree -e 2000000 -g 100 -c 0.01),ArffFileStream -f ./../../../Dataset/Synthetic_IM40/stream_gen_RBF_drift.arff,1,93000.0,2.296875,3.6668562744226655E-9,93000.0,0.9415997102212855,0.7481516163894009,0.904,0.8016004232524305,0.962959799080829,0.7123287671232876,0.8986712325394023,0.8701923076923077,0.7599225556631173,93000.0,6568.0
meta.imbalanced.RebalanceStream -l (trees.HoeffdingTree -e 2000000 -g 100 -c 0.01),ArffFileStream -f ./../../../Dataset/Synthetic_IM40/stream_gen_RBF_drift.arff,1,93500.0,2.296875,3.6668562744226655E-9,93500.0,0.9487649428703521,0.748401632843343,0.912,0.8178446048883885,0.9415997102212855,0.7006802721088435,0.9074102903559782,0.883495145631068,0.7799647002192865,93500.0,6568.0
meta.imbalanced.RebalanceStream -l (trees.HoeffdingTree -e 2000000 -g 100 -c 0.01),ArffFileStream -f ./../../../Dataset/Synthetic_IM40/stream_gen_RBF_drift.arff,1,94000.0,2.3125,3.693405435317086E-9,94000.0,0.9516342194886392,0.7677237565516982,0.922,0.833969075676044,0.9487649428703521,0.6181229773462783,0.914405552825184,0.8848167539267016,0.8049221764001597,94000.0,6568.0
meta.imbalanced.RebalanceStream -l (trees.HoeffdingTree -e 2000000 -g 100 -c 0.01),ArffFileStream -f ./../../../Dataset/Synthetic_IM40/stream_gen_RBF_drift.arff,1,94500.0,2.3125,3.693405435317086E-9,94500.0,0.9594973911894855,0.7928036031710121,0.924,0.8410627049454595,0.9516342194886392,0.7006802721088435,0.913612211481129,0.8640776699029126,0.8099547511312218,94500.0,6568.0
meta.imbalanced.RebalanceStream -l (trees.HoeffdingTree -e 2000000 -g 100 -c 0.01),ArffFileStream -f ./../../../Dataset/Synthetic_IM40/stream_gen_RBF_drift.arff,1,95000.0,2.328125,3.7199545962115066E-9,95000.0,0.9415442484623596,0.768625682948302,0.918,0.8247503761455343,0.9594973911894855,0.6181229773462783,0.9078036631387014,0.8691099476439791,0.7949028487178138,95000.0,6568.0
meta.imbalanced.RebalanceStream -l (trees.HoeffdingTree -e 2000000 -g 100 -c 0.01),ArffFileStream -f ./../../../Dataset/Synthetic_IM40/stream_gen_RBF_drift.arff,1,95500.0,2.328125,3.7199545962115066E-9,95500.0,0.956793787406638,0.754221357850541,0.906,0.8053024026512013,0.9415442484623596,0.7064846416382252,0.9001162313035255,0.8695652173913043,0.7649323103511483,95500.0,6568.0
meta.imbalanced.RebalanceStream -l (trees.HoeffdingTree -e 2000000 -g 100 -c 0.01),ArffFileStream -f ./../../../Dataset/Synthetic_IM40/stream_gen_RBF_drift.arff,1,96000.0,2.34375,3.746503757105927E-9,96000.0,0.9609822866344605,0.7886336637167042,0.918,0.8342496765847349,0.956793787406638,0.8518518518518519,0.9147916704485569,0.8826086956521739,0.7951013821286343,96000.0,6568.0
meta.imbalanced.RebalanceStream -l (trees.HoeffdingTree -e 2000000 -g 100 -c 0.01),ArffFileStream -f ./../../../Dataset/Synthetic_IM40/stream_gen_RBF_drift.arff,1,96500.0,2.34375,3.746503757105927E-9,96500.0,0.9491672074410555,0.7748637688157223,0.91,0.8126561199000834,0.9609822866344605,0.6722408026755853,0.9057665180613705,0.8855721393034826,0.7751165199378561,96500.0,6568.0
meta.imbalanced.RebalanceStream -l (trees.HoeffdingTree -e 2000000 -g 100 -c 0.01),ArffFileStream -f ./../../../Dataset/Synthetic_IM40/stream_gen_RBF_drift.arff,1,97000.0,2.34375,3.746503757105927E-9,97000.0,0.9449329560002695,0.7407679675389698,0.906,0.8015068585715251,0.9491672074410555,0.6339869281045751,0.8991682101345493,0.8711340206185567,0.7650847632297625,97000.0,6568.0
meta.imbalanced.RebalanceStream -l (trees.HoeffdingTree -e 2000000 -g 100 -c 0.01),ArffFileStream -f ./../../../Dataset/Synthetic_IM40/stream_gen_RBF_drift.arff,1,97500.0,2.359375,3.773052918000347E-9,97500.0,0.954176447574335,0.7681267947316257,0.924,0.8449637704811019,0.9449329560002695,0.7605633802816901,0.9218978632789022,0.9074074074074074,0.8101460415065335,97500.0,6568.0
meta.imbalanced.RebalanceStream -l (trees.HoeffdingTree -e 2000000 -g 100 -c 0.01),ArffFileStream -f ./../../../Dataset/Synthetic_IM40/stream_gen_RBF_drift.arff,1,98000.0,2.359375,3.773052918000347E-9,98000.0,0.9577825802884857,0.7767202197201875,0.928,0.8497571073235064,0.954176447574335,0.6501650165016502,0.9263563393283645,0.9187817258883249,0.8201238942565071,98000.0,6568.0
meta.imbalanced.RebalanceStream -l (trees.HoeffdingTree -e 2000000 -g 100 -c 0.01),ArffFileStream -f ./../../../Dataset/Synthetic_IM40/stream_gen_RBF_drift.arff,1,98500.0,2.375,3.799602078894768E-9,98500.0,0.9344980717541195,0.7377730209614055,0.9,0.7891611989137586,0.9577825802884857,0.6611295681063123,0.8893432414945348,0.8442211055276382,0.7501648658245827,98500.0,6568.0
meta.imbalanced.RebalanceStream -l (trees.HoeffdingTree -e 2000000 -g 100 -c 0.01),ArffFileStream -f ./../../../Dataset/Synthetic_IM40/stream_gen_RBF_drift.arff,1,99000.0,2.375,3.799602078894768E-9,99000.0,0.9642180735930735,0.7761478999211713,0.928,0.8472090180632895,0.9344980717541195,0.6233766233766234,0.9215728602755926,0.8958333333333334,0.8200817810086326,99000.0,6568.0
meta.imbalanced.RebalanceStream -l (trees.HoeffdingTree -e 2000000 -g 100 -c 0.01),ArffFileStream -f ./../../../Dataset/Synthetic_IM40/stream_gen_RBF_drift.arff,1,99500.0,2.390625,3.826151239789188E-9,99500.0,0.9545061856382611,0.7541691256923937,0.912,0.8112689588909479,0.9642180735930735,0.5723270440251572,0.9084025787097733,0.8956043956043956,0.7800000000000001,99500.0,6568.0
meta.imbalanced.RebalanceStream -l (trees.HoeffdingTree -e 2000000 -g 100 -c 0.01),ArffFileStream -f ./../../../Dataset/Synthetic_IM40/stream_gen_RBF_drift.arff,1,100000.0,2.390625,3.826151239789188E-9,100000.0,0.9576843323527994,0.7835625148597328,0.92,0.8384621597609241,0.9545061856382611,0.8726591760299626,0.9162236022650492,0.8755364806866953,0.8001648639872107,100000.0,6568.0
