Learner,stream,randomSeed,learning evaluation instances,evaluation time (cpu seconds),model cost (RAM-Hours),classified instances,AUC,sAUC,Accuracy,Kappa,Periodical holdout AUC,Pos/Neg ratio,G-Mean,Recall,KappaM,model training instances,model serialized size (bytes),members size
meta.DynamicWeightedMajority -l (trees.HoeffdingTree -e 2000000 -g 100 -c 0.01) -e 10,ArffFileStream -f ./../../../Dataset/Synthetic_IM10/stream_gen_hyperplane.arff,1,500.0,0.078125,5.982454038328595E-11,500.0,0.4988962472406181,0.0,0.904,-0.003932067263447793,0.0,0.10375275938189846,0.0,0.0,-0.021276595744680875,500.0,2960.0,1.0
meta.DynamicWeightedMajority -l (trees.HoeffdingTree -e 2000000 -g 100 -c 0.01) -e 10,ArffFileStream -f ./../../../Dataset/Synthetic_IM10/stream_gen_hyperplane.arff,1,1000.0,0.125,9.571926461325752E-11,1000.0,0.49777777777777776,0.0,0.9,0.0,0.4988962472406181,0.1111111111111111,0.0,0.0,-0.030927835051546428,1000.0,2960.0,2.0
meta.DynamicWeightedMajority -l (trees.HoeffdingTree -e 2000000 -g 100 -c 0.01) -e 10,ArffFileStream -f ./../../../Dataset/Synthetic_IM10/stream_gen_hyperplane.arff,1,1500.0,0.140625,1.0768417268991471E-10,1500.0,0.5277777777777778,0.0298,0.9,0.0,0.49777777777777776,0.1111111111111111,0.0,0.0,-0.020408163265306145,1500.0,2960.0,2.0
meta.DynamicWeightedMajority -l (trees.HoeffdingTree -e 2000000 -g 100 -c 0.01) -e 10,ArffFileStream -f ./../../../Dataset/Synthetic_IM10/stream_gen_hyperplane.arff,1,2000.0,0.1875,1.4357889691988628E-10,2000.0,0.5755582137161085,0.07140483785220653,0.914,0.04069248616812526,0.5277777777777778,0.09649122807017543,0.15075567228888181,0.022727272727272728,0.09947643979057655,2000.0,2960.0,3.0
meta.DynamicWeightedMajority -l (trees.HoeffdingTree -e 2000000 -g 100 -c 0.01) -e 10,ArffFileStream -f ./../../../Dataset/Synthetic_IM10/stream_gen_hyperplane.arff,1,2500.0,0.21875,1.6750871307320065E-10,2500.0,0.5812056737588652,0.0885460992907802,0.942,0.11151960784313653,0.5755582137161085,0.06382978723404255,0.25792406381537075,0.06666666666666667,0.3438914027149318,2500.0,2960.0,3.0
meta.DynamicWeightedMajority -l (trees.HoeffdingTree -e 2000000 -g 100 -c 0.01) -e 10,ArffFileStream -f ./../../../Dataset/Synthetic_IM10/stream_gen_hyperplane.arff,1,3000.0,0.25,1.9143852922651502E-10,3000.0,0.5545079022988506,0.04618654214559365,0.93,0.05035815064032916,0.5812056737588652,0.07758620689655173,0.16666666666666666,0.027777777777777776,0.18287937743190721,3000.0,2960.0,3.0
meta.DynamicWeightedMajority -l (trees.HoeffdingTree -e 2000000 -g 100 -c 0.01) -e 10,ArffFileStream -f ./../../../Dataset/Synthetic_IM10/stream_gen_hyperplane.arff,1,3500.0,0.265625,2.0340343730317222E-10,3500.0,0.5779527968392597,0.07057946905108477,0.918,0.07856886012225935,0.5545079022988506,0.09170305676855896,0.21797953091828456,0.047619047619047616,0.04013377926421428,3500.0,2960.0,3.0
meta.DynamicWeightedMajority -l (trees.HoeffdingTree -e 2000000 -g 100 -c 0.01) -e 10,ArffFileStream -f ./../../../Dataset/Synthetic_IM10/stream_gen_hyperplane.arff,1,4000.0,0.3125,2.3929816153314376E-10,4000.0,0.5267483913390635,0.03705791179371565,0.91,0.0745310957551819,0.5779527968392597,0.10375275938189846,0.20628424925175867,0.0425531914893617,-0.04046242774566412,4000.0,2960.0,4.0
meta.DynamicWeightedMajority -l (trees.HoeffdingTree -e 2000000 -g 100 -c 0.01) -e 10,ArffFileStream -f ./../../../Dataset/Synthetic_IM10/stream_gen_hyperplane.arff,1,4500.0,0.34375,2.6322797768645816E-10,4500.0,0.5437350106339653,0.03635458618036991,0.904,0.03622199020159078,0.5267483913390635,0.10864745011086474,0.14285714285714285,0.02040816326530612,-0.09367088607594964,4500.0,2960.0,6.0
meta.DynamicWeightedMajority -l (trees.HoeffdingTree -e 2000000 -g 100 -c 0.01) -e 10,ArffFileStream -f ./../../../Dataset/Synthetic_IM10/stream_gen_hyperplane.arff,1,5000.0,0.390625,2.9912270191642975E-10,5000.0,0.6024141656098821,0.06287728326970224,0.91,0.0745310957551819,0.5437350106339653,0.10375275938189846,0.20628424925175867,0.0425531914893617,-0.018099547511311473,5000.0,2960.0,8.0
meta.DynamicWeightedMajority -l (trees.HoeffdingTree -e 2000000 -g 100 -c 0.01) -e 10,ArffFileStream -f ./../../../Dataset/Synthetic_IM10/stream_gen_hyperplane.arff,1,5500.0,0.4375,3.3501742614640135E-10,5500.0,0.6311863173216885,0.08480193387398578,0.92,0.08391352143642365,0.6024141656098821,0.09170305676855896,0.21821789023599236,0.047619047619047616,0.09090909090909102,5500.0,2960.0,9.0
meta.DynamicWeightedMajority -l (trees.HoeffdingTree -e 2000000 -g 100 -c 0.01) -e 10,ArffFileStream -f ./../../../Dataset/Synthetic_IM10/stream_gen_hyperplane.arff,1,6000.0,0.46875,3.5894724229971575E-10,6000.0,0.6356456043956044,0.131691659035408,0.91,0.21798971222021415,0.6311863173216885,0.11607142857142858,0.3668996928526714,0.1346153846153846,-0.007462686567163354,6000.0,2960.0,9.0
meta.DynamicWeightedMajority -l (trees.HoeffdingTree -e 2000000 -g 100 -c 0.01) -e 10,ArffFileStream -f ./../../../Dataset/Synthetic_IM10/stream_gen_hyperplane.arff,1,6500.0,0.515625,3.9484196652968734E-10,6500.0,0.5626320980696069,0.03724839394840835,0.906,0.03339914445541216,0.6356456043956044,0.10375275938189846,0.14570390366134314,0.02127659574468085,-0.048027444253858506,6500.0,2960.0,9.0
meta.DynamicWeightedMajority -l (trees.HoeffdingTree -e 2000000 -g 100 -c 0.01) -e 10,ArffFileStream -f ./../../../Dataset/Synthetic_IM10/stream_gen_hyperplane.arff,1,7000.0,0.546875,4.1877178268300174E-10,7000.0,0.6086935286935287,0.09521096187762793,0.914,0.10936205468102649,0.5626320980696069,0.0989010989010989,0.2579149986335547,0.06666666666666667,0.041401273885351045,7000.0,2960.0,9.0
meta.DynamicWeightedMajority -l (trees.HoeffdingTree -e 2000000 -g 100 -c 0.01) -e 10,ArffFileStream -f ./../../../Dataset/Synthetic_IM10/stream_gen_hyperplane.arff,1,7500.0,0.59375,4.5466650691297333E-10,7500.0,0.6567119565217391,0.12862801932367163,0.928,0.1697416974169749,0.6086935286935287,0.08695652173913043,0.31622776601683794,0.1,0.19161676646706605,7500.0,2960.0,10.0
meta.DynamicWeightedMajority -l (trees.HoeffdingTree -e 2000000 -g 100 -c 0.01) -e 10,ArffFileStream -f ./../../../Dataset/Synthetic_IM10/stream_gen_hyperplane.arff,1,8000.0,0.65625,5.025261392196021E-10,8000.0,0.5385259271978022,0.02667410714285692,0.898,0.03394453705106864,0.6567119565217391,0.11607142857142858,0.1386750490563073,0.019230769230769232,-0.1333333333333335,8000.0,2960.0,10.0
meta.DynamicWeightedMajority -l (trees.HoeffdingTree -e 2000000 -g 100 -c 0.01) -e 10,ArffFileStream -f ./../../../Dataset/Synthetic_IM10/stream_gen_hyperplane.arff,1,8500.0,0.671875,5.144910472962593E-10,8500.0,0.5776244143345575,0.048653497108606704,0.894,0.0,0.5385259271978022,0.1185682326621924,0.0,0.0,-0.16558861578266532,8500.0,2960.0,10.0
meta.DynamicWeightedMajority -l (trees.HoeffdingTree -e 2000000 -g 100 -c 0.01) -e 10,ArffFileStream -f ./../../../Dataset/Synthetic_IM10/stream_gen_hyperplane.arff,1,9000.0,0.703125,5.384208634495737E-10,9000.0,0.567555251765778,0.039722886762360424,0.926,0.04757001647446365,0.5776244143345575,0.08225108225108226,0.16222142113076254,0.02631578947368421,0.1787916152897665,9000.0,2960.0,10.0
meta.DynamicWeightedMajority -l (trees.HoeffdingTree -e 2000000 -g 100 -c 0.01) -e 10,ArffFileStream -f ./../../../Dataset/Synthetic_IM10/stream_gen_hyperplane.arff,1,9500.0,0.75,5.743155876795453E-10,9500.0,0.582921988702865,0.04208484348171881,0.914,0.0,0.567555251765778,0.09409190371991247,0.0,0.0,0.04332552693208455,9500.0,2960.0,10.0
meta.DynamicWeightedMajority -l (trees.HoeffdingTree -e 2000000 -g 100 -c 0.01) -e 10,ArffFileStream -f ./../../../Dataset/Synthetic_IM10/stream_gen_hyperplane.arff,1,10000.0,0.78125,5.982454038328597E-10,10000.0,0.6538078646092583,0.10907096516852625,0.91,0.13819518921403406,0.582921988702865,0.10864745011086474,0.2857142857142857,0.08163265306122448,0.0033222591362134864,10000.0,2960.0,10.0
meta.DynamicWeightedMajority -l (trees.HoeffdingTree -e 2000000 -g 100 -c 0.01) -e 10,ArffFileStream -f ./../../../Dataset/Synthetic_IM10/stream_gen_hyperplane.arff,1,10500.0,0.828125,6.341401280628313E-10,10500.0,0.6086198305929248,0.1112464321782367,0.904,0.18233851185609226,0.6538078646092583,0.1210762331838565,0.3333333333333333,0.1111111111111111,-0.05329153605015589,10500.0,2960.0,10.0
meta.DynamicWeightedMajority -l (trees.HoeffdingTree -e 2000000 -g 100 -c 0.01) -e 10,ArffFileStream -f ./../../../Dataset/Synthetic_IM10/stream_gen_hyperplane.arff,1,11000.0,0.859375,6.580699442161457E-10,11000.0,0.61877746259525,0.07364219766924796,0.924,0.04628049392631161,0.6086198305929248,0.08459869848156182,0.16012815380508713,0.02564102564102564,0.16064257028112544,11000.0,2960.0,10.0
meta.DynamicWeightedMajority -l (trees.HoeffdingTree -e 2000000 -g 100 -c 0.01) -e 10,ArffFileStream -f ./../../../Dataset/Synthetic_IM10/stream_gen_hyperplane.arff,1,11500.0,0.890625,6.819997603694601E-10,11500.0,0.6528907048008171,0.10907114769639646,0.902,0.17895442359249364,0.61877746259525,0.12359550561797752,0.3302891295379082,0.10909090909090909,-0.0723120837297813,11500.0,2960.0,10.0
meta.DynamicWeightedMajority -l (trees.HoeffdingTree -e 2000000 -g 100 -c 0.01) -e 10,ArffFileStream -f ./../../../Dataset/Synthetic_IM10/stream_gen_hyperplane.arff,1,12000.0,0.9375,7.178944845994317E-10,12000.0,0.6176977590499905,0.05766653654116081,0.908,0.0,0.6528907048008171,0.1013215859030837,0.0,0.0,-0.00638103919781151,12000.0,2960.0,10.0
meta.DynamicWeightedMajority -l (trees.HoeffdingTree -e 2000000 -g 100 -c 0.01) -e 10,ArffFileStream -f ./../../../Dataset/Synthetic_IM10/stream_gen_hyperplane.arff,1,12500.0,0.96875,7.418243007527461E-10,12500.0,0.6123097599070139,0.06630499644556592,0.878,0.05420491193252375,0.6176977590499905,0.14416475972540047,0.1781741612749496,0.031746031746031744,-0.31465517241379315,12500.0,2960.0,10.0
meta.DynamicWeightedMajority -l (trees.HoeffdingTree -e 2000000 -g 100 -c 0.01) -e 10,ArffFileStream -f ./../../../Dataset/Synthetic_IM10/stream_gen_hyperplane.arff,1,13000.0,1.03125,7.896839330593749E-10,13000.0,0.6239711282765608,0.0970794615596448,0.902,0.1273685710215138,0.6123097599070139,0.1185682326621924,0.27472112789737807,0.07547169811320754,-0.05028854080791394,13000.0,2960.0,10.0
meta.DynamicWeightedMajority -l (trees.HoeffdingTree -e 2000000 -g 100 -c 0.01) -e 10,ArffFileStream -f ./../../../Dataset/Synthetic_IM10/stream_gen_hyperplane.arff,1,13500.0,1.0625,8.136137492126893E-10,13500.0,0.643028083028083,0.08758943833943861,0.914,0.07804459691252101,0.6239711282765608,0.0989010989010989,0.21081851067789195,0.044444444444444446,0.07710651828298888,13500.0,2960.0,10.0
meta.DynamicWeightedMajority -l (trees.HoeffdingTree -e 2000000 -g 100 -c 0.01) -e 10,ArffFileStream -f ./../../../Dataset/Synthetic_IM10/stream_gen_hyperplane.arff,1,14000.0,1.109375,8.495084734426609E-10,14000.0,0.6538071533923304,0.07612271079154334,0.906,0.03704310768726502,0.643028083028083,0.10619469026548672,0.14433756729740643,0.020833333333333332,-0.007656967840734564,14000.0,2960.0,10.0
meta.DynamicWeightedMajority -l (trees.HoeffdingTree -e 2000000 -g 100 -c 0.01) -e 10,ArffFileStream -f ./../../../Dataset/Synthetic_IM10/stream_gen_hyperplane.arff,1,14500.0,1.140625,8.734382895959753E-10,14500.0,0.6439544926092011,0.1265026143170034,0.9,0.12489498739848832,0.6538071533923304,0.1210762331838565,0.2721655269759087,0.07407407407407407,-0.0661764705882352,14500.0,2960.0,10.0
meta.DynamicWeightedMajority -l (trees.HoeffdingTree -e 2000000 -g 100 -c 0.01) -e 10,ArffFileStream -f ./../../../Dataset/Synthetic_IM10/stream_gen_hyperplane.arff,1,15000.0,1.1875,9.093330138259469E-10,15000.0,0.6650255362614913,0.10814938320106798,0.896,0.09312870596442294,0.6439544926092011,0.12359550561797752,0.23354968324845687,0.05454545454545454,-0.1024734982332148,15000.0,2960.0,10.0
meta.DynamicWeightedMajority -l (trees.HoeffdingTree -e 2000000 -g 100 -c 0.01) -e 10,ArffFileStream -f ./../../../Dataset/Synthetic_IM10/stream_gen_hyperplane.arff,1,15500.0,1.21875,9.332628299792613E-10,15500.0,0.6340888248395127,0.12813048604742458,0.912,0.22223007848405615,0.6650255362614913,0.11358574610244988,0.3704792868174742,0.13725490196078433,0.06957708049113223,15500.0,2960.0,10.0
meta.DynamicWeightedMajority -l (trees.HoeffdingTree -e 2000000 -g 100 -c 0.01) -e 10,ArffFileStream -f ./../../../Dataset/Synthetic_IM10/stream_gen_hyperplane.arff,1,16000.0,1.25,9.571926461325757E-10,16000.0,0.6245250884318092,0.11668457137866284,0.908,0.1868769002333314,0.6340888248395127,0.11358574610244988,0.3426150006172758,0.11764705882352941,0.029663810151614994,16000.0,2960.0,10.0
meta.DynamicWeightedMajority -l (trees.HoeffdingTree -e 2000000 -g 100 -c 0.01) -e 10,ArffFileStream -f ./../../../Dataset/Synthetic_IM10/stream_gen_hyperplane.arff,1,16500.0,1.28125,9.8112246228589E-10,16500.0,0.605948806676505,0.08049924668935246,0.92,0.15146372507424763,0.6245250884318092,0.09409190371991247,0.3046632630165082,0.09302325581395349,0.15384615384615474,16500.0,2960.0,10.0
meta.DynamicWeightedMajority -l (trees.HoeffdingTree -e 2000000 -g 100 -c 0.01) -e 10,ArffFileStream -f ./../../../Dataset/Synthetic_IM10/stream_gen_hyperplane.arff,1,17000.0,1.3125,1.0050522784392045E-9,17000.0,0.6996485833516363,0.1553139358451518,0.952,0.28186714542190255,0.605948806676505,0.06157112526539278,0.41522739926869984,0.1724137931034483,0.4864694776589043,17000.0,2960.0,10.0
meta.DynamicWeightedMajority -l (trees.HoeffdingTree -e 2000000 -g 100 -c 0.01) -e 10,ArffFileStream -f ./../../../Dataset/Synthetic_IM10/stream_gen_hyperplane.arff,1,17500.0,1.34375,1.0289820945925189E-9,17500.0,0.597736516357206,0.07290300108987492,0.88,0.12663755458515336,0.6996485833516363,0.14942528735632185,0.2773500981126146,0.07692307692307693,-0.2696493349455871,17500.0,2960.0,10.0
meta.DynamicWeightedMajority -l (trees.HoeffdingTree -e 2000000 -g 100 -c 0.01) -e 10,ArffFileStream -f ./../../../Dataset/Synthetic_IM10/stream_gen_hyperplane.arff,1,18000.0,1.375,1.0529119107458333E-9,18000.0,0.5766544566544567,0.060920871243451524,0.912,0.07290349768225914,0.597736516357206,0.0989010989010989,0.21058671455427655,0.044444444444444446,0.06768687463213657,18000.0,2960.0,10.0
meta.DynamicWeightedMajority -l (trees.HoeffdingTree -e 2000000 -g 100 -c 0.01) -e 10,ArffFileStream -f ./../../../Dataset/Synthetic_IM10/stream_gen_hyperplane.arff,1,18500.0,1.40625,1.0768417268991477E-9,18500.0,0.6559806550469259,0.09585977225967118,0.912,0.07625125965737262,0.5766544566544567,0.1013215859030837,0.20851441405707477,0.043478260869565216,0.0670487106017199,18500.0,2960.0,10.0
meta.DynamicWeightedMajority -l (trees.HoeffdingTree -e 2000000 -g 100 -c 0.01) -e 10,ArffFileStream -f ./../../../Dataset/Synthetic_IM10/stream_gen_hyperplane.arff,1,19000.0,1.4375,1.100771543052462E-9,19000.0,0.5986587389380531,0.08130233609287314,0.906,0.09684857801691087,0.6559806550469259,0.10619469026548672,0.24944628946415223,0.0625,0.003904071388733908,19000.0,2960.0,10.0
meta.DynamicWeightedMajority -l (trees.HoeffdingTree -e 2000000 -g 100 -c 0.01) -e 10,ArffFileStream -f ./../../../Dataset/Synthetic_IM10/stream_gen_hyperplane.arff,1,19500.0,1.46875,1.1247013592057764E-9,19500.0,0.6579190797940798,0.16120404678872313,0.906,0.25377873745713203,0.5986587389380531,0.12612612612612611,0.4008918628686366,0.16071428571428573,0.008653326122228806,19500.0,2960.0,10.0
meta.DynamicWeightedMajority -l (trees.HoeffdingTree -e 2000000 -g 100 -c 0.01) -e 10,ArffFileStream -f ./../../../Dataset/Synthetic_IM10/stream_gen_hyperplane.arff,1,20000.0,1.484375,1.1366662672824336E-9,20000.0,0.6302245789145352,0.11375142393906411,0.924,0.16166607836216035,0.6579190797940798,0.09170305676855896,0.3086066999241838,0.09523809523809523,0.19619249074563788,20000.0,2960.0,10.0
meta.DynamicWeightedMajority -l (trees.HoeffdingTree -e 2000000 -g 100 -c 0.01) -e 10,ArffFileStream -f ./../../../Dataset/Synthetic_IM10/stream_gen_hyperplane.arff,1,20500.0,1.515625,1.160596083435748E-9,20500.0,0.6003410766961652,0.09920268577563657,0.914,0.17371252882398236,0.6302245789145352,0.10619469026548672,0.3227486121839514,0.10416666666666667,0.09076843733883455,20500.0,2960.0,10.0
meta.DynamicWeightedMajority -l (trees.HoeffdingTree -e 2000000 -g 100 -c 0.01) -e 10,ArffFileStream -f ./../../../Dataset/Synthetic_IM10/stream_gen_hyperplane.arff,1,21000.0,1.546875,1.1845258995890624E-9,21000.0,0.6606312526419614,0.1589071956905848,0.92,0.24075620681800977,0.6003410766961652,0.10375275938189846,0.38592249249397986,0.14893617021276595,0.15407854984894265,21000.0,2960.0,10.0
meta.DynamicWeightedMajority -l (trees.HoeffdingTree -e 2000000 -g 100 -c 0.01) -e 10,ArffFileStream -f ./../../../Dataset/Synthetic_IM10/stream_gen_hyperplane.arff,1,21500.0,1.578125,1.2084557157423768E-9,21500.0,0.6423931623931624,0.1064057179016617,0.92,0.1853360488798371,0.6606312526419614,0.0989010989010989,0.3333333333333333,0.1111111111111111,0.15312653865091094,21500.0,2960.0,10.0
meta.DynamicWeightedMajority -l (trees.HoeffdingTree -e 2000000 -g 100 -c 0.01) -e 10,ArffFileStream -f ./../../../Dataset/Synthetic_IM10/stream_gen_hyperplane.arff,1,22000.0,1.59375,1.220420623819034E-9,22000.0,0.6334703537618336,0.11635867600652633,0.902,0.176304464766004,0.6423931623931624,0.1210762331838565,0.33295943155179203,0.1111111111111111,-0.034052757793765195,22000.0,2960.0,10.0
meta.DynamicWeightedMajority -l (trees.HoeffdingTree -e 2000000 -g 100 -c 0.01) -e 10,ArffFileStream -f ./../../../Dataset/Synthetic_IM10/stream_gen_hyperplane.arff,1,22500.0,1.625,1.2443504399723484E-9,22500.0,0.6601874003189793,0.12205129898849514,0.924,0.2236024844720508,0.6334703537618336,0.09649122807017543,0.3692744729379982,0.13636363636363635,0.19680601221230715,22500.0,2960.0,10.0
meta.DynamicWeightedMajority -l (trees.HoeffdingTree -e 2000000 -g 100 -c 0.01) -e 10,ArffFileStream -f ./../../../Dataset/Synthetic_IM10/stream_gen_hyperplane.arff,1,23000.0,1.65625,1.2682802561256628E-9,23000.0,0.6688222222222222,0.1228524207343747,0.908,0.1605839416058399,0.6601874003189793,0.1111111111111111,0.3158762064128569,0.1,0.028912345112437725,23000.0,2960.0,10.0
meta.DynamicWeightedMajority -l (trees.HoeffdingTree -e 2000000 -g 100 -c 0.01) -e 10,ArffFileStream -f ./../../../Dataset/Synthetic_IM10/stream_gen_hyperplane.arff,1,23500.0,1.6875,1.2922100722789772E-9,23500.0,0.6189568123206567,0.08022228030716627,0.886,0.15540540540540607,0.6688222222222222,0.14416475972540047,0.3086066999241838,0.09523809523809523,-0.1949152542372875,23500.0,2960.0,10.0
meta.DynamicWeightedMajority -l (trees.HoeffdingTree -e 2000000 -g 100 -c 0.01) -e 10,ArffFileStream -f ./../../../Dataset/Synthetic_IM10/stream_gen_hyperplane.arff,1,24000.0,1.71875,1.3161398884322916E-9,24000.0,0.6669635133072108,0.1274506441756477,0.926,0.2286524349566375,0.6189568123206567,0.09409190371991247,0.3735436838188142,0.13953488372093023,0.2227571115973747,24000.0,2960.0,10.0
meta.DynamicWeightedMajority -l (trees.HoeffdingTree -e 2000000 -g 100 -c 0.01) -e 10,ArffFileStream -f ./../../../Dataset/Synthetic_IM10/stream_gen_hyperplane.arff,1,24500.0,1.75,1.340069704585606E-9,24500.0,0.6552173913043479,0.06330920261213316,0.92,0.0,0.6669635133072108,0.08695652173913043,0.0,0.0,0.15698924731182862,24500.0,2960.0,10.0
meta.DynamicWeightedMajority -l (trees.HoeffdingTree -e 2000000 -g 100 -c 0.01) -e 10,ArffFileStream -f ./../../../Dataset/Synthetic_IM10/stream_gen_hyperplane.arff,1,25000.0,1.78125,1.3639995207389204E-9,25000.0,0.5787195260879472,0.030662917624640143,0.924,0.0,0.6552173913043479,0.08225108225108226,0.0,0.0,0.19593736775285742,25000.0,2960.0,10.0
meta.DynamicWeightedMajority -l (trees.HoeffdingTree -e 2000000 -g 100 -c 0.01) -e 10,ArffFileStream -f ./../../../Dataset/Synthetic_IM10/stream_gen_hyperplane.arff,1,25500.0,1.796875,1.3759644288155776E-9,25500.0,0.6362718529146075,0.12348456669355727,0.928,0.20318725099601545,0.5787195260879472,0.08932461873638345,0.3492151478847891,0.12195121951219512,0.23627287853577447,25500.0,2960.0,10.0
meta.DynamicWeightedMajority -l (trees.HoeffdingTree -e 2000000 -g 100 -c 0.01) -e 10,ArffFileStream -f ./../../../Dataset/Synthetic_IM10/stream_gen_hyperplane.arff,1,26000.0,1.828125,1.399894244968892E-9,26000.0,0.6246501450307872,0.156868387850755,0.93,0.29469611478316915,0.6362718529146075,0.09409190371991247,0.43133109281375365,0.18604651162790697,0.25623212096444664,26000.0,2960.0,10.0
meta.DynamicWeightedMajority -l (trees.HoeffdingTree -e 2000000 -g 100 -c 0.01) -e 10,ArffFileStream -f ./../../../Dataset/Synthetic_IM10/stream_gen_hyperplane.arff,1,26500.0,1.875,1.4357889691988636E-9,26500.0,0.6410989010989011,0.11826252976777067,0.92,0.1853360488798371,0.6246501450307872,0.0989010989010989,0.3333333333333333,0.1111111111111111,0.14927768860353183,26500.0,2960.0,10.0
meta.DynamicWeightedMajority -l (trees.HoeffdingTree -e 2000000 -g 100 -c 0.01) -e 10,ArffFileStream -f ./../../../Dataset/Synthetic_IM10/stream_gen_hyperplane.arff,1,27000.0,1.90625,1.459718785352178E-9,27000.0,0.5914431274693284,0.040843005853922885,0.916,0.0,0.6410989010989011,0.09170305676855896,0.0,0.0,0.10497237569060813,27000.0,2960.0,10.0
meta.DynamicWeightedMajority -l (trees.HoeffdingTree -e 2000000 -g 100 -c 0.01) -e 10,ArffFileStream -f ./../../../Dataset/Synthetic_IM10/stream_gen_hyperplane.arff,1,27500.0,1.921875,1.4716836934288352E-9,27500.0,0.63748504784689,0.08045181345619953,0.916,0.07991587802313327,0.5914431274693284,0.09649122807017543,0.21320071635561044,0.045454545454545456,0.10395655546935677,27500.0,2960.0,10.0
meta.DynamicWeightedMajority -l (trees.HoeffdingTree -e 2000000 -g 100 -c 0.01) -e 10,ArffFileStream -f ./../../../Dataset/Synthetic_IM10/stream_gen_hyperplane.arff,1,28000.0,1.953125,1.4956135095821496E-9,28000.0,0.6218028696194635,0.0745876255645399,0.92,0.08391352143642365,0.63748504784689,0.09170305676855896,0.21821789023599236,0.047619047619047616,0.14503816793893132,28000.0,2960.0,10.0
meta.DynamicWeightedMajority -l (trees.HoeffdingTree -e 2000000 -g 100 -c 0.01) -e 10,ArffFileStream -f ./../../../Dataset/Synthetic_IM10/stream_gen_hyperplane.arff,1,28500.0,1.984375,1.519543325735464E-9,28500.0,0.5646986989807901,0.03120882759207225,0.906,0.0,0.6218028696194635,0.10375275938189846,0.0,0.0,-0.004499437570302965,28500.0,2960.0,10.0
meta.DynamicWeightedMajority -l (trees.HoeffdingTree -e 2000000 -g 100 -c 0.01) -e 10,ArffFileStream -f ./../../../Dataset/Synthetic_IM10/stream_gen_hyperplane.arff,1,29000.0,2.03125,1.5554380499654356E-9,29000.0,0.5744368022328549,0.042992040853883355,0.914,0.04069248616812526,0.5646986989807901,0.09649122807017543,0.15075567228888181,0.022727272727272728,0.08004426410918528,29000.0,2960.0,10.0
meta.DynamicWeightedMajority -l (trees.HoeffdingTree -e 2000000 -g 100 -c 0.01) -e 10,ArffFileStream -f ./../../../Dataset/Synthetic_IM10/stream_gen_hyperplane.arff,1,29500.0,2.0625,1.57936786611875E-9,29500.0,0.587856103139946,0.0422942102605231,0.916,0.0,0.5744368022328549,0.09170305676855896,0.0,0.0,0.09989102796948805,29500.0,2960.0,10.0
meta.DynamicWeightedMajority -l (trees.HoeffdingTree -e 2000000 -g 100 -c 0.01) -e 10,ArffFileStream -f ./../../../Dataset/Synthetic_IM10/stream_gen_hyperplane.arff,1,30000.0,2.078125,1.5913327741954072E-9,30000.0,0.6059555555555556,0.059429095860566446,0.902,0.03543307086614219,0.587856103139946,0.1111111111111111,0.1414213562373095,0.02,-0.04887620406707035,30000.0,2960.0,10.0
meta.DynamicWeightedMajority -l (trees.HoeffdingTree -e 2000000 -g 100 -c 0.01) -e 10,ArffFileStream -f ./../../../Dataset/Synthetic_IM10/stream_gen_hyperplane.arff,1,30500.0,2.109375,1.6152625903487216E-9,30500.0,0.5906968390804598,0.048203005659479416,0.93,0.05035815064032916,0.6059555555555556,0.07758620689655173,0.16666666666666666,0.027777777777777776,0.24797463895738017,30500.0,2960.0,10.0
meta.DynamicWeightedMajority -l (trees.HoeffdingTree -e 2000000 -g 100 -c 0.01) -e 10,ArffFileStream -f ./../../../Dataset/Synthetic_IM10/stream_gen_hyperplane.arff,1,31000.0,2.125,1.6272274984253788E-9,31000.0,0.593860469952173,0.04111017475761195,0.916,0.0,0.5906968390804598,0.09170305676855896,0.0,0.0,0.09614717112113874,31000.0,2960.0,10.0
meta.DynamicWeightedMajority -l (trees.HoeffdingTree -e 2000000 -g 100 -c 0.01) -e 10,ArffFileStream -f ./../../../Dataset/Synthetic_IM10/stream_gen_hyperplane.arff,1,31500.0,2.15625,1.6511573145786932E-9,31500.0,0.66993894993895,0.07962062017789605,0.914,0.07804459691252101,0.593860469952173,0.0989010989010989,0.21081851067789195,0.044444444444444446,0.0741626794258379,31500.0,2960.0,10.0
meta.DynamicWeightedMajority -l (trees.HoeffdingTree -e 2000000 -g 100 -c 0.01) -e 10,ArffFileStream -f ./../../../Dataset/Synthetic_IM10/stream_gen_hyperplane.arff,1,32000.0,2.171875,1.6631222226553504E-9,32000.0,0.6042224414071673,0.06685094779069874,0.912,0.10996035277935105,0.66993894993895,0.10375275938189846,0.25264557631995566,0.06382978723404255,0.052808610830810655,32000.0,2960.0,10.0
meta.DynamicWeightedMajority -l (trees.HoeffdingTree -e 2000000 -g 100 -c 0.01) -e 10,ArffFileStream -f ./../../../Dataset/Synthetic_IM10/stream_gen_hyperplane.arff,1,32500.0,2.203125,1.6870520388086648E-9,32500.0,0.5722713864306784,0.0412736764477568,0.906,0.03704310768726502,0.6042224414071673,0.10619469026548672,0.14433756729740643,0.020833333333333332,-0.011254551473021764,32500.0,2960.0,10.0
meta.DynamicWeightedMajority -l (trees.HoeffdingTree -e 2000000 -g 100 -c 0.01) -e 10,ArffFileStream -f ./../../../Dataset/Synthetic_IM10/stream_gen_hyperplane.arff,1,33000.0,2.21875,1.699016946885322E-9,33000.0,0.6259229052197802,0.06661658653846154,0.9,0.06688563750373303,0.5722713864306784,0.11607142857142858,0.19611613513818404,0.038461538461538464,-0.07386918320859026,33000.0,2960.0,10.0
meta.DynamicWeightedMajority -l (trees.HoeffdingTree -e 2000000 -g 100 -c 0.01) -e 10,ArffFileStream -f ./../../../Dataset/Synthetic_IM10/stream_gen_hyperplane.arff,1,33500.0,2.25,1.7229467630386364E-9,33500.0,0.6443050193050193,0.0684586048556639,0.89,0.031280822882908274,0.6259229052197802,0.12612612612612611,0.1336306209562122,0.017857142857142856,-0.1776925535314797,33500.0,2960.0,10.0
meta.DynamicWeightedMajority -l (trees.HoeffdingTree -e 2000000 -g 100 -c 0.01) -e 10,ArffFileStream -f ./../../../Dataset/Synthetic_IM10/stream_gen_hyperplane.arff,1,34000.0,2.28125,1.7468765791919508E-9,34000.0,0.5591203221865243,0.033869120060207765,0.904,0.03622199020159078,0.6443050193050193,0.10864745011086474,0.14285714285714285,0.02040816326530612,-0.02706104468219016,34000.0,2960.0,10.0
meta.DynamicWeightedMajority -l (trees.HoeffdingTree -e 2000000 -g 100 -c 0.01) -e 10,ArffFileStream -f ./../../../Dataset/Synthetic_IM10/stream_gen_hyperplane.arff,1,34500.0,2.3125,1.7708063953452652E-9,34500.0,0.6403254056047197,0.08655310381410718,0.904,0.0,0.5591203221865243,0.10619469026548672,0.0,0.0,-0.02665840049596962,34500.0,2960.0,10.0
meta.DynamicWeightedMajority -l (trees.HoeffdingTree -e 2000000 -g 100 -c 0.01) -e 10,ArffFileStream -f ./../../../Dataset/Synthetic_IM10/stream_gen_hyperplane.arff,1,35000.0,2.328125,1.7827713034219224E-9,35000.0,0.5791270088937431,0.06248374681437593,0.886,0.030084399673291455,0.6403254056047197,0.13122171945701358,0.13130643285972254,0.017241379310344827,-0.21498172959805034,35000.0,2960.0,10.0
meta.DynamicWeightedMajority -l (trees.HoeffdingTree -e 2000000 -g 100 -c 0.01) -e 10,ArffFileStream -f ./../../../Dataset/Synthetic_IM10/stream_gen_hyperplane.arff,1,35500.0,2.359375,1.8067011195752368E-9,35500.0,0.6974068760295447,0.11472321539275217,0.92,0.04388564872358619,0.5791270088937431,0.08932461873638345,0.15617376188860607,0.024390243902439025,0.14586466165413564,35500.0,2960.0,10.0
meta.DynamicWeightedMajority -l (trees.HoeffdingTree -e 2000000 -g 100 -c 0.01) -e 10,ArffFileStream -f ./../../../Dataset/Synthetic_IM10/stream_gen_hyperplane.arff,1,36000.0,2.375,1.818666027651894E-9,36000.0,0.604009271978022,0.08201918202562099,0.904,0.1542148294333237,0.6974068760295447,0.11607142857142858,0.30974056407414097,0.09615384615384616,-0.02339354456618239,36000.0,2960.0,10.0
meta.DynamicWeightedMajority -l (trees.HoeffdingTree -e 2000000 -g 100 -c 0.01) -e 10,ArffFileStream -f ./../../../Dataset/Synthetic_IM10/stream_gen_hyperplane.arff,1,36500.0,2.40625,1.8425958438052084E-9,36500.0,0.6459782608695652,0.12265094959388445,0.926,0.12982126058325438,0.604009271978022,0.08695652173913043,0.27386127875258304,0.075,0.20954053263096345,36500.0,2960.0,10.0
meta.DynamicWeightedMajority -l (trees.HoeffdingTree -e 2000000 -g 100 -c 0.01) -e 10,ArffFileStream -f ./../../../Dataset/Synthetic_IM10/stream_gen_hyperplane.arff,1,37000.0,2.4375,1.8665256599585225E-9,37000.0,0.6098260259010766,0.08697046388009302,0.888,0.05939263638806747,0.6459782608695652,0.13122171945701358,0.18569533817705186,0.034482758620689655,-0.19251798561151087,37000.0,2960.0,10.0
meta.DynamicWeightedMajority -l (trees.HoeffdingTree -e 2000000 -g 100 -c 0.01) -e 10,ArffFileStream -f ./../../../Dataset/Synthetic_IM10/stream_gen_hyperplane.arff,1,37500.0,2.453125,1.8784905680351797E-9,37500.0,0.5912828947368421,0.05489014102241279,0.914,0.04069248616812526,0.6098260259010766,0.09649122807017543,0.15075567228888181,0.022727272727272728,0.08354646206308682,37500.0,2960.0,10.0
meta.DynamicWeightedMajority -l (trees.HoeffdingTree -e 2000000 -g 100 -c 0.01) -e 10,ArffFileStream -f ./../../../Dataset/Synthetic_IM10/stream_gen_hyperplane.arff,1,38000.0,2.46875,1.890455476111837E-9,38000.0,0.5753020839413928,0.04029537096491741,0.926,0.0,0.5912828947368421,0.07991360691144708,0.0,0.0,0.20922384701912344,38000.0,2960.0,10.0
meta.DynamicWeightedMajority -l (trees.HoeffdingTree -e 2000000 -g 100 -c 0.01) -e 10,ArffFileStream -f ./../../../Dataset/Synthetic_IM10/stream_gen_hyperplane.arff,1,38500.0,2.484375,1.902420384188494E-9,38500.0,0.5494978479196556,0.050847547691163564,0.918,0.0,0.5753020839413928,0.08932461873638345,0.0,0.0,0.12232415902140702,38500.0,2960.0,10.0
meta.DynamicWeightedMajority -l (trees.HoeffdingTree -e 2000000 -g 100 -c 0.01) -e 10,ArffFileStream -f ./../../../Dataset/Synthetic_IM10/stream_gen_hyperplane.arff,1,39000.0,2.515625,1.9263502003418085E-9,39000.0,0.6193939393939394,0.09885984848484848,0.89,0.13793103448275904,0.5494978479196556,0.13636363636363635,0.28867513459481287,0.08333333333333333,-0.1730926989335526,39000.0,2960.0,10.0
meta.DynamicWeightedMajority -l (trees.HoeffdingTree -e 2000000 -g 100 -c 0.01) -e 10,ArffFileStream -f ./../../../Dataset/Synthetic_IM10/stream_gen_hyperplane.arff,1,39500.0,2.546875,1.950280016495123E-9,39500.0,0.6580317763961954,0.08646580583452833,0.922,0.08605174353205872,0.6193939393939394,0.08932461873638345,0.2208630521496931,0.04878048780487805,0.16684694429421307,39500.0,2960.0,10.0
meta.DynamicWeightedMajority -l (trees.HoeffdingTree -e 2000000 -g 100 -c 0.01) -e 10,ArffFileStream -f ./../../../Dataset/Synthetic_IM10/stream_gen_hyperplane.arff,1,40000.0,2.5625,1.96224492457178E-9,40000.0,0.6549540347293157,0.1307415730337087,0.898,0.12250516173434299,0.6580317763961954,0.12359550561797752,0.26967994498529685,0.07272727272727272,-0.08713029576338853,40000.0,2960.0,10.0
meta.DynamicWeightedMajority -l (trees.HoeffdingTree -e 2000000 -g 100 -c 0.01) -e 10,ArffFileStream -f ./../../../Dataset/Synthetic_IM10/stream_gen_hyperplane.arff,1,40500.0,2.59375,1.9861747407250945E-9,40500.0,0.6217820959973427,0.07993688756020659,0.896,0.08989078689442781,0.6549540347293157,0.1210762331838565,0.23543787191029025,0.05555555555555555,-0.10638297872340438,40500.0,2960.0,10.0
meta.DynamicWeightedMajority -l (trees.HoeffdingTree -e 2000000 -g 100 -c 0.01) -e 10,ArffFileStream -f ./../../../Dataset/Synthetic_IM10/stream_gen_hyperplane.arff,1,41000.0,2.625,2.010104556878409E-9,41000.0,0.6129891304347826,0.07767019450800874,0.926,0.12982126058325438,0.6217820959973427,0.08695652173913043,0.27386127875258304,0.075,0.21133350662854197,41000.0,2960.0,10.0
meta.DynamicWeightedMajority -l (trees.HoeffdingTree -e 2000000 -g 100 -c 0.01) -e 10,ArffFileStream -f ./../../../Dataset/Synthetic_IM10/stream_gen_hyperplane.arff,1,41500.0,2.640625,2.022069464955066E-9,41500.0,0.6585795454545454,0.17446850079744883,0.9,0.2766203703703707,0.6129891304347826,0.13636363636363635,0.4276875806785447,0.18333333333333332,-0.06219605835679587,41500.0,2960.0,10.0
meta.DynamicWeightedMajority -l (trees.HoeffdingTree -e 2000000 -g 100 -c 0.01) -e 10,ArffFileStream -f ./../../../Dataset/Synthetic_IM10/stream_gen_hyperplane.arff,1,42000.0,2.671875,2.0459992811083805E-9,42000.0,0.6085416666666666,0.06289992025518401,0.882,0.028966425279789078,0.6585795454545454,0.13636363636363635,0.12909944487358055,0.016666666666666666,-0.24930678094277783,42000.0,2960.0,10.0
meta.DynamicWeightedMajority -l (trees.HoeffdingTree -e 2000000 -g 100 -c 0.01) -e 10,ArffFileStream -f ./../../../Dataset/Synthetic_IM10/stream_gen_hyperplane.arff,1,42500.0,2.6875,2.0579641891850377E-9,42500.0,0.6328554258241759,0.08795430018857178,0.902,0.09886714727085559,0.6085416666666666,0.11607142857142858,0.2401922307076307,0.057692307692307696,-0.036327444637968796,42500.0,2960.0,10.0
meta.DynamicWeightedMajority -l (trees.HoeffdingTree -e 2000000 -g 100 -c 0.01) -e 10,ArffFileStream -f ./../../../Dataset/Synthetic_IM10/stream_gen_hyperplane.arff,1,43000.0,2.71875,2.081894005338352E-9,43000.0,0.6693794305176033,0.11643464615262727,0.894,0.16107382550335522,0.6328554258241759,0.12866817155756208,0.323709637161026,0.10526315789473684,-0.11825318940137364,43000.0,2960.0,10.0
meta.DynamicWeightedMajority -l (trees.HoeffdingTree -e 2000000 -g 100 -c 0.01) -e 10,ArffFileStream -f ./../../../Dataset/Synthetic_IM10/stream_gen_hyperplane.arff,1,43500.0,2.734375,2.0938589134150093E-9,43500.0,0.6456473214285714,0.0935642511211223,0.902,0.09886714727085559,0.6693794305176033,0.11607142857142858,0.2401922307076307,0.057692307692307696,-0.03270348837209298,43500.0,2960.0,10.0
meta.DynamicWeightedMajority -l (trees.HoeffdingTree -e 2000000 -g 100 -c 0.01) -e 10,ArffFileStream -f ./../../../Dataset/Synthetic_IM10/stream_gen_hyperplane.arff,1,44000.0,2.765625,2.1177887295683237E-9,44000.0,0.6734801713109739,0.14911241764629546,0.93,0.17406078912592138,0.6456473214285714,0.08459869848156182,0.32025630761017426,0.10256410256410256,0.2608591312694988,44000.0,2960.0,10.0
meta.DynamicWeightedMajority -l (trees.HoeffdingTree -e 2000000 -g 100 -c 0.01) -e 10,ArffFileStream -f ./../../../Dataset/Synthetic_IM10/stream_gen_hyperplane.arff,1,44500.0,2.796875,2.141718545721638E-9,44500.0,0.5905000186713469,0.04307453536189303,0.88,0.02843448409871074,0.6734801713109739,0.13895216400911162,0.12803687993289598,0.01639344262295082,-0.2630085146641431,44500.0,2960.0,10.0
meta.DynamicWeightedMajority -l (trees.HoeffdingTree -e 2000000 -g 100 -c 0.01) -e 10,ArffFileStream -f ./../../../Dataset/Synthetic_IM10/stream_gen_hyperplane.arff,1,45000.0,2.8125,2.1536834537982953E-9,45000.0,0.6513182153392331,0.07246036135693217,0.906,0.03704310768726502,0.5905000186713469,0.10619469026548672,0.14433756729740643,0.020833333333333332,0.01075771749298447,45000.0,2960.0,10.0
meta.DynamicWeightedMajority -l (trees.HoeffdingTree -e 2000000 -g 100 -c 0.01) -e 10,ArffFileStream -f ./../../../Dataset/Synthetic_IM10/stream_gen_hyperplane.arff,1,45500.0,2.828125,2.1656483618749525E-9,45500.0,0.6441025641025641,0.0743687423687428,0.908,-0.003928415539064991,0.6513182153392331,0.0989010989010989,0.0,0.0,0.03124276787780687,45500.0,2960.0,10.0
meta.DynamicWeightedMajority -l (trees.HoeffdingTree -e 2000000 -g 100 -c 0.01) -e 10,ArffFileStream -f ./../../../Dataset/Synthetic_IM10/stream_gen_hyperplane.arff,1,46000.0,2.859375,2.189578178028267E-9,46000.0,0.632576407967033,0.07972613324175883,0.9,0.06688563750373303,0.6441025641025641,0.11607142857142858,0.19611613513818404,0.038461538461538464,-0.0519094443174019,46000.0,2960.0,10.0
meta.DynamicWeightedMajority -l (trees.HoeffdingTree -e 2000000 -g 100 -c 0.01) -e 10,ArffFileStream -f ./../../../Dataset/Synthetic_IM10/stream_gen_hyperplane.arff,1,46500.0,2.890625,2.2135079941815813E-9,46500.0,0.5825036873156342,0.04516039823008887,0.904,0.0,0.632576407967033,0.10619469026548672,0.0,0.0,-0.009726306265550577,46500.0,2960.0,10.0
meta.DynamicWeightedMajority -l (trees.HoeffdingTree -e 2000000 -g 100 -c 0.01) -e 10,ArffFileStream -f ./../../../Dataset/Synthetic_IM10/stream_gen_hyperplane.arff,1,47000.0,2.90625,2.2254729022582385E-9,47000.0,0.5998074303696398,0.0549410549058288,0.908,0.03789843553919591,0.5825036873156342,0.10375275938189846,0.14586499149789456,0.02127659574468085,0.032229185317815906,47000.0,2960.0,10.0
meta.DynamicWeightedMajority -l (trees.HoeffdingTree -e 2000000 -g 100 -c 0.01) -e 10,ArffFileStream -f ./../../../Dataset/Synthetic_IM10/stream_gen_hyperplane.arff,1,47500.0,2.9375,2.249402718411553E-9,47500.0,0.5758235970120666,0.08516970937207095,0.916,0.1474504709321217,0.5998074303696398,0.1013215859030837,0.29488391230979427,0.08695652173913043,0.11608329641116608,47500.0,2960.0,10.0
meta.DynamicWeightedMajority -l (trees.HoeffdingTree -e 2000000 -g 100 -c 0.01) -e 10,ArffFileStream -f ./../../../Dataset/Synthetic_IM10/stream_gen_hyperplane.arff,1,48000.0,2.953125,2.26136762648821E-9,48000.0,0.580188188812643,0.07620853443652731,0.92,0.11754324038122137,0.5758235970120666,0.09170305676855896,0.2669693125605133,0.07142857142857142,0.15715539947322238,48000.0,2960.0,10.0
meta.DynamicWeightedMajority -l (trees.HoeffdingTree -e 2000000 -g 100 -c 0.01) -e 10,ArffFileStream -f ./../../../Dataset/Synthetic_IM10/stream_gen_hyperplane.arff,1,48500.0,2.984375,2.2852974426415245E-9,48500.0,0.5889558496004192,0.05517678202786704,0.904,0.10092155540571017,0.580188188812643,0.11358574610244988,0.24253562503633297,0.058823529411764705,-0.010635988712827513,48500.0,2960.0,10.0
meta.DynamicWeightedMajority -l (trees.HoeffdingTree -e 2000000 -g 100 -c 0.01) -e 10,ArffFileStream -f ./../../../Dataset/Synthetic_IM10/stream_gen_hyperplane.arff,1,49000.0,3.015625,2.309227258794839E-9,49000.0,0.6359898325358851,0.10027485877228524,0.918,0.11774832156997829,0.5889558496004192,0.09649122807017543,0.26111648393354675,0.06818181818181818,0.13609976349172298,49000.0,2960.0,10.0
meta.DynamicWeightedMajority -l (trees.HoeffdingTree -e 2000000 -g 100 -c 0.01) -e 10,ArffFileStream -f ./../../../Dataset/Synthetic_IM10/stream_gen_hyperplane.arff,1,49500.0,3.03125,2.321192166871496E-9,49500.0,0.6089883551673945,0.07658816801829901,0.918,0.04277175943220149,0.6359898325358851,0.09170305676855896,0.1543033499620919,0.023809523809523808,0.1350948220754317,49500.0,2960.0,10.0
meta.DynamicWeightedMajority -l (trees.HoeffdingTree -e 2000000 -g 100 -c 0.01) -e 10,ArffFileStream -f ./../../../Dataset/Synthetic_IM10/stream_gen_hyperplane.arff,1,50000.0,3.0625,2.3451219830248105E-9,50000.0,0.6274492058464184,0.06376136929272817,0.902,0.03177363262725365,0.6089883551673945,0.10864745011086474,0.14269867675972003,0.02040816326530612,-0.03331927456769232,50000.0,2960.0,10.0
meta.DynamicWeightedMajority -l (trees.HoeffdingTree -e 2000000 -g 100 -c 0.01) -e 10,ArffFileStream -f ./../../../Dataset/Synthetic_IM10/stream_gen_hyperplane.arff,1,50500.0,3.078125,2.3570868911014677E-9,50500.0,0.6162819203268641,0.06315349614634647,0.894,0.06294200848656308,0.6274492058464184,0.12359550561797752,0.19069251784911845,0.03636363636363636,-0.11590577444235994,50500.0,2960.0,10.0
meta.DynamicWeightedMajority -l (trees.HoeffdingTree -e 2000000 -g 100 -c 0.01) -e 10,ArffFileStream -f ./../../../Dataset/Synthetic_IM10/stream_gen_hyperplane.arff,1,51000.0,3.109375,2.381016707254782E-9,51000.0,0.6379988309687018,0.06846839052905168,0.92,0.04388564872358619,0.6162819203268641,0.08932461873638345,0.15617376188860607,0.024390243902439025,0.15667631252583802,51000.0,2960.0,10.0
meta.DynamicWeightedMajority -l (trees.HoeffdingTree -e 2000000 -g 100 -c 0.01) -e 10,ArffFileStream -f ./../../../Dataset/Synthetic_IM10/stream_gen_hyperplane.arff,1,51500.0,3.125,2.3929816153314393E-9,51500.0,0.5932361733931241,0.050653594771241615,0.894,0.03256425233644874,0.6379988309687018,0.1210762331838565,0.13608276348795434,0.018518518518518517,-0.11590351594439942,51500.0,2960.0,10.0
meta.DynamicWeightedMajority -l (trees.HoeffdingTree -e 2000000 -g 100 -c 0.01) -e 10,ArffFileStream -f ./../../../Dataset/Synthetic_IM10/stream_gen_hyperplane.arff,1,52000.0,3.15625,2.4169114314847537E-9,52000.0,0.7274471690590112,0.15095029239765986,0.924,0.2236024844720508,0.5932361733931241,0.09649122807017543,0.3692744729379982,0.13636363636363635,0.19935170178282025,52000.0,2960.0,10.0
meta.DynamicWeightedMajority -l (trees.HoeffdingTree -e 2000000 -g 100 -c 0.01) -e 10,ArffFileStream -f ./../../../Dataset/Synthetic_IM10/stream_gen_hyperplane.arff,1,52500.0,3.171875,2.428876339561411E-9,52500.0,0.5896720467032966,0.07314560439560411,0.904,0.1299303944315538,0.7274471690590112,0.11607142857142858,0.2773500981126146,0.07692307692307693,-0.01042502004811567,52500.0,2960.0,10.0
meta.DynamicWeightedMajority -l (trees.HoeffdingTree -e 2000000 -g 100 -c 0.01) -e 10,ArffFileStream -f ./../../../Dataset/Synthetic_IM10/stream_gen_hyperplane.arff,1,53000.0,3.203125,2.4528061557147253E-9,53000.0,0.6406100363914958,0.15800146592506714,0.924,0.29837518463811025,0.5896720467032966,0.1013215859030837,0.44183845689134493,0.1956521739130435,0.1998410806515694,53000.0,2960.0,10.0
meta.DynamicWeightedMajority -l (trees.HoeffdingTree -e 2000000 -g 100 -c 0.01) -e 10,ArffFileStream -f ./../../../Dataset/Synthetic_IM10/stream_gen_hyperplane.arff,1,53500.0,3.21875,2.4647710637913825E-9,53500.0,0.6516368418580621,0.15063224419290488,0.922,0.2709735307312706,0.6406100363914958,0.10375275938189846,0.41256849850351734,0.1702127659574468,0.17870497933477672,53500.0,2960.0,10.0
meta.DynamicWeightedMajority -l (trees.HoeffdingTree -e 2000000 -g 100 -c 0.01) -e 10,ArffFileStream -f ./../../../Dataset/Synthetic_IM10/stream_gen_hyperplane.arff,1,54000.0,3.25,2.488700879944697E-9,54000.0,0.6611934746798448,0.1374144706932681,0.926,0.1656142882915393,0.6516368418580621,0.08932461873638345,0.31234752377721214,0.0975609756097561,0.21983600156189037,54000.0,2960.0,10.0
meta.DynamicWeightedMajority -l (trees.HoeffdingTree -e 2000000 -g 100 -c 0.01) -e 10,ArffFileStream -f ./../../../Dataset/Synthetic_IM10/stream_gen_hyperplane.arff,1,54500.0,3.265625,2.500665788021354E-9,54500.0,0.7075928457507404,0.19529400654746806,0.934,0.2187500000000006,0.6611934746798448,0.08225108225108226,0.3627381250550058,0.13157894736842105,0.3029069767441863,54500.0,2960.0,10.0
meta.DynamicWeightedMajority -l (trees.HoeffdingTree -e 2000000 -g 100 -c 0.01) -e 10,ArffFileStream -f ./../../../Dataset/Synthetic_IM10/stream_gen_hyperplane.arff,1,55000.0,3.296875,2.5245956041746685E-9,55000.0,0.6620182555780934,0.13684077079107504,0.894,0.14294954721862818,0.7075928457507404,0.13122171945701358,0.29361010975735174,0.08620689655172414,-0.11728631659639753,55000.0,2960.0,10.0
meta.DynamicWeightedMajority -l (trees.HoeffdingTree -e 2000000 -g 100 -c 0.01) -e 10,ArffFileStream -f ./../../../Dataset/Synthetic_IM10/stream_gen_hyperplane.arff,1,55500.0,3.328125,2.548525420327983E-9,55500.0,0.6477023524720893,0.14180123604465777,0.922,0.21636392862883788,0.6620182555780934,0.09649122807017543,0.36886934448587,0.13636363636363635,0.1773090079817561,55500.0,2960.0,10.0
meta.DynamicWeightedMajority -l (trees.HoeffdingTree -e 2000000 -g 100 -c 0.01) -e 10,ArffFileStream -f ./../../../Dataset/Synthetic_IM10/stream_gen_hyperplane.arff,1,56000.0,3.34375,2.56049032840464E-9,56000.0,0.6690937486809337,0.1298505539523107,0.904,0.1570073761854593,0.6477023524720893,0.1185682326621924,0.3071475584169756,0.09433962264150944,-0.011476952022577265,56000.0,2960.0,10.0
meta.DynamicWeightedMajority -l (trees.HoeffdingTree -e 2000000 -g 100 -c 0.01) -e 10,ArffFileStream -f ./../../../Dataset/Synthetic_IM10/stream_gen_hyperplane.arff,1,56500.0,3.375,2.5844201445579545E-9,56500.0,0.597493340320538,0.06183469285029739,0.9,0.03467449223878329,0.6690937486809337,0.11358574610244988,0.14002800840280097,0.0196078431372549,-0.0529258292955645,56500.0,2960.0,10.0
meta.DynamicWeightedMajority -l (trees.HoeffdingTree -e 2000000 -g 100 -c 0.01) -e 10,ArffFileStream -f ./../../../Dataset/Synthetic_IM10/stream_gen_hyperplane.arff,1,57000.0,3.390625,2.5963850526346117E-9,57000.0,0.6257941277472527,0.04940423474551761,0.898,0.03394453705106864,0.597493340320538,0.11607142857142858,0.1386750490563073,0.019230769230769232,-0.0730897009966773,57000.0,2960.0,10.0
meta.DynamicWeightedMajority -l (trees.HoeffdingTree -e 2000000 -g 100 -c 0.01) -e 10,ArffFileStream -f ./../../../Dataset/Synthetic_IM10/stream_gen_hyperplane.arff,1,57500.0,3.40625,2.608349960711269E-9,57500.0,0.7030434782608695,0.14981121281464568,0.93,0.23714036617262438,0.6257941277472527,0.08695652173913043,0.38687712912949285,0.15,0.2625503847563215,57500.0,2960.0,10.0
meta.DynamicWeightedMajority -l (trees.HoeffdingTree -e 2000000 -g 100 -c 0.01) -e 10,ArffFileStream -f ./../../../Dataset/Synthetic_IM10/stream_gen_hyperplane.arff,1,58000.0,3.4375,2.6322797768645832E-9,58000.0,0.6262715799248659,0.08424473873045335,0.902,0.1273685710215138,0.7030434782608695,0.1185682326621924,0.27472112789737807,0.07547169811320754,-0.03139176193068394,58000.0,2960.0,10.0
meta.DynamicWeightedMajority -l (trees.HoeffdingTree -e 2000000 -g 100 -c 0.01) -e 10,ArffFileStream -f ./../../../Dataset/Synthetic_IM10/stream_gen_hyperplane.arff,1,58500.0,3.46875,2.6562095930178976E-9,58500.0,0.644572795277594,0.09419141344394948,0.918,0.0818702973844499,0.6262715799248659,0.09409190371991247,0.21566554640687682,0.046511627906976744,0.13629816348577634,58500.0,2960.0,10.0
meta.DynamicWeightedMajority -l (trees.HoeffdingTree -e 2000000 -g 100 -c 0.01) -e 10,ArffFileStream -f ./../../../Dataset/Synthetic_IM10/stream_gen_hyperplane.arff,1,59000.0,3.484375,2.668174501094555E-9,59000.0,0.597119739453463,0.05280719992439545,0.916,0.04170849685132907,0.644572795277594,0.09409190371991247,0.15249857033260467,0.023255813953488372,0.11452563873503699,59000.0,2960.0,10.0
meta.DynamicWeightedMajority -l (trees.HoeffdingTree -e 2000000 -g 100 -c 0.01) -e 10,ArffFileStream -f ./../../../Dataset/Synthetic_IM10/stream_gen_hyperplane.arff,1,59500.0,3.515625,2.6921043172478692E-9,59500.0,0.6513496645342487,0.1208512582751931,0.894,0.14294954721862818,0.597119739453463,0.13122171945701358,0.29361010975735174,0.08620689655172414,-0.11529619805481914,59500.0,2960.0,10.0
meta.DynamicWeightedMajority -l (trees.HoeffdingTree -e 2000000 -g 100 -c 0.01) -e 10,ArffFileStream -f ./../../../Dataset/Synthetic_IM10/stream_gen_hyperplane.arff,1,60000.0,3.546875,2.7160341334011836E-9,60000.0,0.5992352595140051,0.07916809422533592,0.904,0.09468125235760134,0.6513496645342487,0.10864745011086474,0.24688658185071954,0.061224489795918366,-0.009817671809256752,60000.0,2960.0,10.0
meta.DynamicWeightedMajority -l (trees.HoeffdingTree -e 2000000 -g 100 -c 0.01) -e 10,ArffFileStream -f ./../../../Dataset/Synthetic_IM10/stream_gen_hyperplane.arff,1,60500.0,3.578125,2.739963949554498E-9,60500.0,0.6787637449658356,0.1297211490093512,0.914,0.20109988109393667,0.5992352595140051,0.10864745011086474,0.3499271061118826,0.12244897959183673,0.09560229445506752,60500.0,2960.0,10.0
meta.DynamicWeightedMajority -l (trees.HoeffdingTree -e 2000000 -g 100 -c 0.01) -e 10,ArffFileStream -f ./../../../Dataset/Synthetic_IM10/stream_gen_hyperplane.arff,1,61000.0,3.59375,2.7519288576311552E-9,61000.0,0.6851820054945055,0.1119348847979354,0.902,0.12437455325232259,0.6787637449658356,0.11607142857142858,0.2770403826635634,0.07692307692307693,-0.029801894918173807,61000.0,2960.0,10.0
meta.DynamicWeightedMajority -l (trees.HoeffdingTree -e 2000000 -g 100 -c 0.01) -e 10,ArffFileStream -f ./../../../Dataset/Synthetic_IM10/stream_gen_hyperplane.arff,1,61500.0,3.625,2.7758586737844696E-9,61500.0,0.6211453744493393,0.0757353204725404,0.91,0.03879015721121067,0.6851820054945055,0.1013215859030837,0.14744195615489714,0.021739130434782608,0.054007861903948844,61500.0,2960.0,10.0
meta.DynamicWeightedMajority -l (trees.HoeffdingTree -e 2000000 -g 100 -c 0.01) -e 10,ArffFileStream -f ./../../../Dataset/Synthetic_IM10/stream_gen_hyperplane.arff,1,62000.0,3.640625,2.787823581861127E-9,62000.0,0.6566152582247283,0.08120187687100874,0.882,0.05618121320706364,0.6211453744493393,0.13895216400911162,0.18107149208503706,0.03278688524590164,-0.23748308525033815,62000.0,2960.0,10.0
meta.DynamicWeightedMajority -l (trees.HoeffdingTree -e 2000000 -g 100 -c 0.01) -e 10,ArffFileStream -f ./../../../Dataset/Synthetic_IM10/stream_gen_hyperplane.arff,1,62500.0,3.671875,2.8117533980144412E-9,62500.0,0.6553521009799037,0.07824728833697533,0.892,0.0,0.6566152582247283,0.1210762331838565,0.0,0.0,-0.1314113308749581,62500.0,2960.0,10.0
meta.DynamicWeightedMajority -l (trees.HoeffdingTree -e 2000000 -g 100 -c 0.01) -e 10,ArffFileStream -f ./../../../Dataset/Synthetic_IM10/stream_gen_hyperplane.arff,1,63000.0,3.703125,2.8356832141677556E-9,63000.0,0.6461923700103108,0.13654665460233215,0.894,0.24578779599271475,0.6553521009799037,0.1415525114155251,0.4011509439538031,0.16129032258064516,-0.10783012607830085,63000.0,2960.0,10.0
meta.DynamicWeightedMajority -l (trees.HoeffdingTree -e 2000000 -g 100 -c 0.01) -e 10,ArffFileStream -f ./../../../Dataset/Synthetic_IM10/stream_gen_hyperplane.arff,1,63500.0,3.71875,2.847648122244413E-9,63500.0,0.6594222222222222,0.14509685185185187,0.914,0.22661870503597206,0.6461923700103108,0.1111111111111111,0.37416573867739417,0.14,0.10151365580783224,63500.0,2960.0,10.0
meta.DynamicWeightedMajority -l (trees.HoeffdingTree -e 2000000 -g 100 -c 0.01) -e 10,ArffFileStream -f ./../../../Dataset/Synthetic_IM10/stream_gen_hyperplane.arff,1,64000.0,3.734375,2.85961303032107E-9,64000.0,0.6241839274810953,0.07934345359955934,0.91,0.0745310957551819,0.6594222222222222,0.10375275938189846,0.20628424925175867,0.0425531914893617,0.059591836734694204,64000.0,2960.0,10.0
meta.DynamicWeightedMajority -l (trees.HoeffdingTree -e 2000000 -g 100 -c 0.01) -e 10,ArffFileStream -f ./../../../Dataset/Synthetic_IM10/stream_gen_hyperplane.arff,1,64500.0,3.765625,2.8835428464743844E-9,64500.0,0.6413394174041298,0.09514087714731839,0.91,0.10756782484531151,0.6241839274810953,0.10619469026548672,0.25,0.0625,0.05961445002430006,64500.0,2960.0,10.0
meta.DynamicWeightedMajority -l (trees.HoeffdingTree -e 2000000 -g 100 -c 0.01) -e 10,ArffFileStream -f ./../../../Dataset/Synthetic_IM10/stream_gen_hyperplane.arff,1,65000.0,3.796875,2.907472662627699E-9,65000.0,0.6436573434407559,0.0786263479185721,0.884,0.08326484162609923,0.6413394174041298,0.13895216400911162,0.22176638128637186,0.04918032786885246,-0.2094963105550201,65000.0,2960.0,10.0
meta.DynamicWeightedMajority -l (trees.HoeffdingTree -e 2000000 -g 100 -c 0.01) -e 10,ArffFileStream -f ./../../../Dataset/Synthetic_IM10/stream_gen_hyperplane.arff,1,65500.0,3.8125,2.919437570704356E-9,65500.0,0.6151825221238938,0.07600103202454864,0.908,0.07287971622057314,0.6436573434407559,0.10619469026548672,0.2041241452319315,0.041666666666666664,0.040751353072269764,65500.0,2960.0,10.0
meta.DynamicWeightedMajority -l (trees.HoeffdingTree -e 2000000 -g 100 -c 0.01) -e 10,ArffFileStream -f ./../../../Dataset/Synthetic_IM10/stream_gen_hyperplane.arff,1,66000.0,3.859375,2.9553322949343276E-9,66000.0,0.7016361416361416,0.1480341880341873,0.922,0.21875000000000072,0.6151825221238938,0.0989010989010989,0.3651483716701107,0.13333333333333333,0.18634423897581845,66000.0,2960.0,10.0
meta.DynamicWeightedMajority -l (trees.HoeffdingTree -e 2000000 -g 100 -c 0.01) -e 10,ArffFileStream -f ./../../../Dataset/Synthetic_IM10/stream_gen_hyperplane.arff,1,66500.0,3.875,2.967297203010985E-9,66500.0,0.6426659151754263,0.08796418742513909,0.908,0.06950400517841242,0.7016361416361416,0.10375275938189846,0.20605643664857431,0.0425531914893617,0.04016316284907498,66500.0,2960.0,10.0
meta.DynamicWeightedMajority -l (trees.HoeffdingTree -e 2000000 -g 100 -c 0.01) -e 10,ArffFileStream -f ./../../../Dataset/Synthetic_IM10/stream_gen_hyperplane.arff,1,67000.0,3.890625,2.979262111087642E-9,67000.0,0.7149439102564102,0.17571974808816965,0.942,0.1622371157846057,0.6426659151754263,0.06837606837606838,0.30618621784789724,0.09375,0.39338120512019953,67000.0,2960.0,10.0
meta.DynamicWeightedMajority -l (trees.HoeffdingTree -e 2000000 -g 100 -c 0.01) -e 10,ArffFileStream -f ./../../../Dataset/Synthetic_IM10/stream_gen_hyperplane.arff,1,67500.0,3.921875,3.0031919272409564E-9,67500.0,0.6470437457279562,0.08419501551080565,0.926,0.04757001647446365,0.7149439102564102,0.08225108225108226,0.16222142113076254,0.02631578947368421,0.22486033519553147,67500.0,2960.0,10.0
meta.DynamicWeightedMajority -l (trees.HoeffdingTree -e 2000000 -g 100 -c 0.01) -e 10,ArffFileStream -f ./../../../Dataset/Synthetic_IM10/stream_gen_hyperplane.arff,1,68000.0,3.9375,3.0151568353176136E-9,68000.0,0.6430222222222223,0.11697422222222352,0.912,0.19708029197080346,0.6470437457279562,0.1111111111111111,0.34641016151377546,0.12,0.07853403141361319,68000.0,2960.0,10.0
meta.DynamicWeightedMajority -l (trees.HoeffdingTree -e 2000000 -g 100 -c 0.01) -e 10,ArffFileStream -f ./../../../Dataset/Synthetic_IM10/stream_gen_hyperplane.arff,1,68500.0,3.96875,3.039086651470928E-9,68500.0,0.7261196234857119,0.18114368484209303,0.908,0.21389021806001746,0.6430222222222223,0.1185682326621924,0.3634218921558155,0.1320754716981132,0.03742171987169763,68500.0,2960.0,10.0
meta.DynamicWeightedMajority -l (trees.HoeffdingTree -e 2000000 -g 100 -c 0.01) -e 10,ArffFileStream -f ./../../../Dataset/Synthetic_IM10/stream_gen_hyperplane.arff,1,69000.0,4.0,3.0630164676242424E-9,69000.0,0.6338863287250384,0.08146235971159607,0.932,0.09526343799893633,0.7261196234857119,0.07526881720430108,0.23878854511478098,0.05714285714285714,0.28714676390155,69000.0,2960.0,10.0
meta.DynamicWeightedMajority -l (trees.HoeffdingTree -e 2000000 -g 100 -c 0.01) -e 10,ArffFileStream -f ./../../../Dataset/Synthetic_IM10/stream_gen_hyperplane.arff,1,69500.0,4.015625,3.0749813757008996E-9,69500.0,0.6606788458602616,0.1291742955387848,0.922,0.15788564518915163,0.6338863287250384,0.09409190371991247,0.30499714066520933,0.09302325581395349,0.1817358490566039,69500.0,2960.0,10.0
meta.DynamicWeightedMajority -l (trees.HoeffdingTree -e 2000000 -g 100 -c 0.01) -e 10,ArffFileStream -f ./../../../Dataset/Synthetic_IM10/stream_gen_hyperplane.arff,1,70000.0,4.046875,3.098911191854214E-9,70000.0,0.6102950487526909,0.08311297763643993,0.896,0.03324161523016308,0.6606788458602616,0.1185682326621924,0.13736056394868904,0.018867924528301886,-0.09014675052410835,70000.0,2960.0,10.0
meta.DynamicWeightedMajority -l (trees.HoeffdingTree -e 2000000 -g 100 -c 0.01) -e 10,ArffFileStream -f ./../../../Dataset/Synthetic_IM10/stream_gen_hyperplane.arff,1,70500.0,4.078125,3.1228410080075284E-9,70500.0,0.58004884004884,0.05137529137529169,0.912,0.039720646006111804,0.6102950487526909,0.0989010989010989,0.14907119849998599,0.022222222222222223,0.07719767960731873,70500.0,2960.0,10.0
meta.DynamicWeightedMajority -l (trees.HoeffdingTree -e 2000000 -g 100 -c 0.01) -e 10,ArffFileStream -f ./../../../Dataset/Synthetic_IM10/stream_gen_hyperplane.arff,1,71000.0,4.09375,3.1348059160841856E-9,71000.0,0.6190325440040522,0.055368626194215675,0.898,0.06552330694810947,0.58004884004884,0.1185682326621924,0.19425717247145283,0.03773584905660377,-0.06877213695395495,71000.0,2960.0,10.0
meta.DynamicWeightedMajority -l (trees.HoeffdingTree -e 2000000 -g 100 -c 0.01) -e 10,ArffFileStream -f ./../../../Dataset/Synthetic_IM10/stream_gen_hyperplane.arff,1,71500.0,4.125,3.1587357322375E-9,71500.0,0.6448499365929266,0.0482411789571395,0.908,0.03789843553919591,0.6190325440040522,0.10375275938189846,0.14586499149789456,0.02127659574468085,0.035907958376081524,71500.0,2960.0,10.0
meta.DynamicWeightedMajority -l (trees.HoeffdingTree -e 2000000 -g 100 -c 0.01) -e 10,ArffFileStream -f ./../../../Dataset/Synthetic_IM10/stream_gen_hyperplane.arff,1,72000.0,4.15625,3.1826655483908144E-9,72000.0,0.6125827814569537,0.07341363250320518,0.912,0.10996035277935105,0.6448499365929266,0.10375275938189846,0.25264557631995566,0.06382978723404255,0.07772925764192211,72000.0,2960.0,10.0
meta.DynamicWeightedMajority -l (trees.HoeffdingTree -e 2000000 -g 100 -c 0.01) -e 10,ArffFileStream -f ./../../../Dataset/Synthetic_IM10/stream_gen_hyperplane.arff,1,72500.0,4.171875,3.1946304564674716E-9,72500.0,0.678490990990991,0.055942996567996534,0.888,0.0,0.6125827814569537,0.12612612612612611,0.0,0.0,-0.17239387814034124,72500.0,2960.0,10.0
meta.DynamicWeightedMajority -l (trees.HoeffdingTree -e 2000000 -g 100 -c 0.01) -e 10,ArffFileStream -f ./../../../Dataset/Synthetic_IM10/stream_gen_hyperplane.arff,1,73000.0,4.203125,3.218560272620786E-9,73000.0,0.5631256384065373,0.014373294288416005,0.89,0.0,0.678490990990991,0.12359550561797752,0.0,0.0,-0.1502650050136078,73000.0,2960.0,10.0
meta.DynamicWeightedMajority -l (trees.HoeffdingTree -e 2000000 -g 100 -c 0.01) -e 10,ArffFileStream -f ./../../../Dataset/Synthetic_IM10/stream_gen_hyperplane.arff,1,73500.0,4.21875,3.230525180697443E-9,73500.0,0.6254875955687315,0.07142299890778558,0.89,0.08795436455293144,0.5631256384065373,0.13122171945701358,0.227429413073671,0.05172413793103448,-0.14860065350191826,73500.0,2960.0,10.0
meta.DynamicWeightedMajority -l (trees.HoeffdingTree -e 2000000 -g 100 -c 0.01) -e 10,ArffFileStream -f ./../../../Dataset/Synthetic_IM10/stream_gen_hyperplane.arff,1,74000.0,4.234375,3.2424900887741004E-9,74000.0,0.6483896838461863,0.0887293790594854,0.9,0.09688606314572706,0.6254875955687315,0.1185682326621924,0.23791547571544325,0.05660377358490566,-0.04342921601804829,74000.0,2960.0,10.0
meta.DynamicWeightedMajority -l (trees.HoeffdingTree -e 2000000 -g 100 -c 0.01) -e 10,ArffFileStream -f ./../../../Dataset/Synthetic_IM10/stream_gen_hyperplane.arff,1,74500.0,4.265625,3.2664199049274148E-9,74500.0,0.6044657097288676,0.07999955697324188,0.914,0.07471165432948937,0.6483896838461863,0.09649122807017543,0.21296681533471784,0.045454545454545456,0.10215807174887954,74500.0,2960.0,10.0
meta.DynamicWeightedMajority -l (trees.HoeffdingTree -e 2000000 -g 100 -c 0.01) -e 10,ArffFileStream -f ./../../../Dataset/Synthetic_IM10/stream_gen_hyperplane.arff,1,75000.0,4.28125,3.278384813004072E-9,75000.0,0.6192444444444445,0.1167099415204677,0.912,0.2198581560283684,0.6044657097288676,0.1111111111111111,0.3737497677442608,0.14,0.08154745338157536,75000.0,2960.0,10.0
meta.DynamicWeightedMajority -l (trees.HoeffdingTree -e 2000000 -g 100 -c 0.01) -e 10,ArffFileStream -f ./../../../Dataset/Synthetic_IM10/stream_gen_hyperplane.arff,1,75500.0,4.3125,3.3023146291573864E-9,75500.0,0.5982251979382539,0.09247778700697146,0.926,0.1656142882915393,0.6192444444444445,0.08932461873638345,0.31234752377721214,0.0975609756097561,0.22692680226926845,75500.0,2960.0,10.0
meta.DynamicWeightedMajority -l (trees.HoeffdingTree -e 2000000 -g 100 -c 0.01) -e 10,ArffFileStream -f ./../../../Dataset/Synthetic_IM10/stream_gen_hyperplane.arff,1,76000.0,4.34375,3.3262444453107008E-9,76000.0,0.5406009565398212,0.02899268541813789,0.918,0.04277175943220149,0.5982251979382539,0.09170305676855896,0.1543033499620919,0.023809523809523808,0.14266061356445237,76000.0,2960.0,10.0
meta.DynamicWeightedMajority -l (trees.HoeffdingTree -e 2000000 -g 100 -c 0.01) -e 10,ArffFileStream -f ./../../../Dataset/Synthetic_IM10/stream_gen_hyperplane.arff,1,76500.0,4.359375,3.338209353387358E-9,76500.0,0.591933645688236,0.050031402475368705,0.896,0.03324161523016308,0.5406009565398212,0.1185682326621924,0.13736056394868904,0.018867924528301886,-0.08658836383501774,76500.0,2960.0,10.0
meta.DynamicWeightedMajority -l (trees.HoeffdingTree -e 2000000 -g 100 -c 0.01) -e 10,ArffFileStream -f ./../../../Dataset/Synthetic_IM10/stream_gen_hyperplane.arff,1,77000.0,4.390625,3.3621391695406724E-9,77000.0,0.6090261164274322,0.07219177204374558,0.918,0.11774832156997829,0.591933645688236,0.09649122807017543,0.26111648393354675,0.06818181818181818,0.14281835460222692,77000.0,2960.0,10.0
meta.DynamicWeightedMajority -l (trees.HoeffdingTree -e 2000000 -g 100 -c 0.01) -e 10,ArffFileStream -f ./../../../Dataset/Synthetic_IM10/stream_gen_hyperplane.arff,1,77500.0,4.40625,3.3741040776173296E-9,77500.0,0.6671555555555555,0.08671022222222292,0.906,0.10305343511450317,0.6090261164274322,0.1111111111111111,0.2449489742783178,0.06,0.01766450916936358,77500.0,2960.0,10.0
meta.DynamicWeightedMajority -l (trees.HoeffdingTree -e 2000000 -g 100 -c 0.01) -e 10,ArffFileStream -f ./../../../Dataset/Synthetic_IM10/stream_gen_hyperplane.arff,1,78000.0,4.421875,3.3860689856939867E-9,78000.0,0.657234709601998,0.08949268596327477,0.924,0.12659740737335584,0.6671555555555555,0.08932461873638345,0.2705008904002297,0.07317073170731707,0.20504224218854786,78000.0,2960.0,10.0
meta.DynamicWeightedMajority -l (trees.HoeffdingTree -e 2000000 -g 100 -c 0.01) -e 10,ArffFileStream -f ./../../../Dataset/Synthetic_IM10/stream_gen_hyperplane.arff,1,78500.0,4.453125,3.409998801847301E-9,78500.0,0.594257005899705,0.06643094184576494,0.908,0.07287971622057314,0.657234709601998,0.10619469026548672,0.2041241452319315,0.041666666666666664,0.03770819453697578,78500.0,2960.0,10.0
meta.DynamicWeightedMajority -l (trees.HoeffdingTree -e 2000000 -g 100 -c 0.01) -e 10,ArffFileStream -f ./../../../Dataset/Synthetic_IM10/stream_gen_hyperplane.arff,1,79000.0,4.484375,3.4339286180006155E-9,79000.0,0.6091330891330892,0.0656828885400314,0.908,0.030762747576907223,0.594257005899705,0.0989010989010989,0.14874320866695773,0.022222222222222223,0.03735099337748329,79000.0,2960.0,10.0
meta.DynamicWeightedMajority -l (trees.HoeffdingTree -e 2000000 -g 100 -c 0.01) -e 10,ArffFileStream -f ./../../../Dataset/Synthetic_IM10/stream_gen_hyperplane.arff,1,79500.0,4.5,3.4458935260772727E-9,79500.0,0.604126659856997,0.08923517680821089,0.894,0.08809359944941522,0.6091330891330892,0.12359550561797752,0.23328712028377438,0.05454545454545454,-0.10808678500986213,79500.0,2960.0,10.0
meta.DynamicWeightedMajority -l (trees.HoeffdingTree -e 2000000 -g 100 -c 0.01) -e 10,ArffFileStream -f ./../../../Dataset/Synthetic_IM10/stream_gen_hyperplane.arff,1,80000.0,4.53125,3.469823342230587E-9,80000.0,0.6505012467558903,0.09474911159135198,0.914,0.0,0.604126659856997,0.09409190371991247,0.0,0.0,0.10041841004184154,80000.0,2960.0,10.0
meta.DynamicWeightedMajority -l (trees.HoeffdingTree -e 2000000 -g 100 -c 0.01) -e 10,ArffFileStream -f ./../../../Dataset/Synthetic_IM10/stream_gen_hyperplane.arff,1,80500.0,4.546875,3.4817882503072443E-9,80500.0,0.6504022217965907,0.0628068327301688,0.908,0.0,0.6505012467558903,0.1013215859030837,0.0,0.0,0.03743176501169734,80500.0,2960.0,10.0
meta.DynamicWeightedMajority -l (trees.HoeffdingTree -e 2000000 -g 100 -c 0.01) -e 10,ArffFileStream -f ./../../../Dataset/Synthetic_IM10/stream_gen_hyperplane.arff,1,81000.0,4.578125,3.5057180664605587E-9,81000.0,0.6297650663942799,0.05925257371893048,0.89,0.0,0.6504022217965907,0.12359550561797752,0.0,0.0,-0.14982578397212518,81000.0,2960.0,10.0
meta.DynamicWeightedMajority -l (trees.HoeffdingTree -e 2000000 -g 100 -c 0.01) -e 10,ArffFileStream -f ./../../../Dataset/Synthetic_IM10/stream_gen_hyperplane.arff,1,81500.0,4.609375,3.529647882613873E-9,81500.0,0.6342323076313809,0.057265058809552315,0.886,0.0,0.6297650663942799,0.12866817155756208,0.0,0.0,-0.1902382782475012,81500.0,2960.0,10.0
meta.DynamicWeightedMajority -l (trees.HoeffdingTree -e 2000000 -g 100 -c 0.01) -e 10,ArffFileStream -f ./../../../Dataset/Synthetic_IM10/stream_gen_hyperplane.arff,1,82000.0,4.640625,3.5535776987671875E-9,82000.0,0.5464709825703888,0.029960754492692747,0.908,0.0,0.6342323076313809,0.1013215859030837,0.0,0.0,0.03922567498726444,82000.0,2960.0,10.0
meta.DynamicWeightedMajority -l (trees.HoeffdingTree -e 2000000 -g 100 -c 0.01) -e 10,ArffFileStream -f ./../../../Dataset/Synthetic_IM10/stream_gen_hyperplane.arff,1,82500.0,4.65625,3.5655426068438447E-9,82500.0,0.6487362092113712,0.06475844094634638,0.926,0.0,0.5464709825703888,0.07991360691144708,0.0,0.0,0.22613766003295746,82500.0,2960.0,10.0
meta.DynamicWeightedMajority -l (trees.HoeffdingTree -e 2000000 -g 100 -c 0.01) -e 10,ArffFileStream -f ./../../../Dataset/Synthetic_IM10/stream_gen_hyperplane.arff,1,83000.0,4.6875,3.589472422997159E-9,83000.0,0.6346939792663477,0.08340395584865518,0.916,0.07991587802313327,0.6487362092113712,0.09649122807017543,0.21320071635561044,0.045454545454545456,0.12113954367830598,83000.0,2960.0,10.0
meta.DynamicWeightedMajority -l (trees.HoeffdingTree -e 2000000 -g 100 -c 0.01) -e 10,ArffFileStream -f ./../../../Dataset/Synthetic_IM10/stream_gen_hyperplane.arff,1,83500.0,4.703125,3.6014373310738163E-9,83500.0,0.5940444444444445,0.06941495726495658,0.904,0.06976744186046599,0.6346939792663477,0.1111111111111111,0.2,0.04,-0.004133784291619173,83500.0,2960.0,10.0
meta.DynamicWeightedMajority -l (trees.HoeffdingTree -e 2000000 -g 100 -c 0.01) -e 10,ArffFileStream -f ./../../../Dataset/Synthetic_IM10/stream_gen_hyperplane.arff,1,84000.0,4.734375,3.6253671472271307E-9,84000.0,0.6123193152539412,0.04505382331106162,0.898,0.0,0.5940444444444445,0.11358574610244988,0.0,0.0,-0.06646751306945463,84000.0,2960.0,10.0
meta.DynamicWeightedMajority -l (trees.HoeffdingTree -e 2000000 -g 100 -c 0.01) -e 10,ArffFileStream -f ./../../../Dataset/Synthetic_IM10/stream_gen_hyperplane.arff,1,84500.0,4.75,3.637332055303788E-9,84500.0,0.67824790101635,0.11501545446209091,0.884,0.12797690642290066,0.6123193152539412,0.1415525114155251,0.28365655274911883,0.08064516129032258,-0.2107213438735171,84500.0,2960.0,10.0
meta.DynamicWeightedMajority -l (trees.HoeffdingTree -e 2000000 -g 100 -c 0.01) -e 10,ArffFileStream -f ./../../../Dataset/Synthetic_IM10/stream_gen_hyperplane.arff,1,85000.0,4.78125,3.6612618714571023E-9,85000.0,0.7134279475982532,0.14099453282040578,0.926,0.19844020797227144,0.67824790101635,0.09170305676855896,0.3450327796711771,0.11904761904761904,0.22708282133202295,85000.0,2960.0,10.0
meta.DynamicWeightedMajority -l (trees.HoeffdingTree -e 2000000 -g 100 -c 0.01) -e 10,ArffFileStream -f ./../../../Dataset/Synthetic_IM10/stream_gen_hyperplane.arff,1,85500.0,4.796875,3.6732267795337595E-9,85500.0,0.6314222222222222,0.11142338416848198,0.91,0.19064748201438933,0.7134279475982532,0.1111111111111111,0.34602504726295946,0.12,0.06021006350757263,85500.0,2960.0,10.0
meta.DynamicWeightedMajority -l (trees.HoeffdingTree -e 2000000 -g 100 -c 0.01) -e 10,ArffFileStream -f ./../../../Dataset/Synthetic_IM10/stream_gen_hyperplane.arff,1,86000.0,4.828125,3.697156595687074E-9,86000.0,0.668668261157193,0.08217845854607413,0.918,0.0818702973844499,0.6314222222222222,0.09409190371991247,0.21566554640687682,0.046511627906976744,0.1432389746081889,86000.0,2960.0,10.0
meta.DynamicWeightedMajority -l (trees.HoeffdingTree -e 2000000 -g 100 -c 0.01) -e 10,ArffFileStream -f ./../../../Dataset/Synthetic_IM10/stream_gen_hyperplane.arff,1,86500.0,4.859375,3.7210864118403883E-9,86500.0,0.5827945402298851,0.06716621434653043,0.932,0.09843020789138858,0.668668261157193,0.07758620689655173,0.23570226039551584,0.05555555555555555,0.2884964315955003,86500.0,2960.0,10.0
meta.DynamicWeightedMajority -l (trees.HoeffdingTree -e 2000000 -g 100 -c 0.01) -e 10,ArffFileStream -f ./../../../Dataset/Synthetic_IM10/stream_gen_hyperplane.arff,1,87000.0,4.875,3.733051319917045E-9,87000.0,0.6056528417818741,0.06489394094555433,0.932,0.051868377021750574,0.5827945402298851,0.07526881720430108,0.1690308509457033,0.02857142857142857,0.2874006263550956,87000.0,2960.0,10.0
meta.DynamicWeightedMajority -l (trees.HoeffdingTree -e 2000000 -g 100 -c 0.01) -e 10,ArffFileStream -f ./../../../Dataset/Synthetic_IM10/stream_gen_hyperplane.arff,1,87500.0,4.90625,3.7569811360703595E-9,87500.0,0.6620633299284985,0.167572352740891,0.908,0.2583037729764597,0.6056528417818741,0.12359550561797752,0.40451991747794525,0.16363636363636364,0.03673567069522545,87500.0,2960.0,10.0
meta.DynamicWeightedMajority -l (trees.HoeffdingTree -e 2000000 -g 100 -c 0.01) -e 10,ArffFileStream -f ./../../../Dataset/Synthetic_IM10/stream_gen_hyperplane.arff,1,88000.0,4.921875,3.768946044147016E-9,88000.0,0.6665420653907496,0.1478687182497499,0.924,0.2236024844720508,0.6620633299284985,0.09649122807017543,0.3692744729379982,0.13636363636363635,0.20390429710748798,88000.0,2960.0,10.0
meta.DynamicWeightedMajority -l (trees.HoeffdingTree -e 2000000 -g 100 -c 0.01) -e 10,ArffFileStream -f ./../../../Dataset/Synthetic_IM10/stream_gen_hyperplane.arff,1,88500.0,4.9375,3.780910952223673E-9,88500.0,0.6319969229376895,0.10423699413246384,0.91,0.13819518921403406,0.6665420653907496,0.10864745011086474,0.2857142857142857,0.08163265306122448,0.057396449704142094,88500.0,2960.0,10.0
meta.DynamicWeightedMajority -l (trees.HoeffdingTree -e 2000000 -g 100 -c 0.01) -e 10,ArffFileStream -f ./../../../Dataset/Synthetic_IM10/stream_gen_hyperplane.arff,1,89000.0,4.96875,3.8048407683769875E-9,89000.0,0.6839205276705277,0.098496786947874,0.894,0.09134549444520643,0.6319969229376895,0.12612612612612611,0.23145502494313785,0.05357142857142857,-0.10909945920526651,89000.0,2960.0,10.0
meta.DynamicWeightedMajority -l (trees.HoeffdingTree -e 2000000 -g 100 -c 0.01) -e 10,ArffFileStream -f ./../../../Dataset/Synthetic_IM10/stream_gen_hyperplane.arff,1,89500.0,4.984375,3.816805676453644E-9,89500.0,0.6471931572828434,0.08350357083540871,0.896,0.08989078689442781,0.6839205276705277,0.1210762331838565,0.23543787191029025,0.05555555555555555,-0.08738317757009265,89500.0,2960.0,10.0
meta.DynamicWeightedMajority -l (trees.HoeffdingTree -e 2000000 -g 100 -c 0.01) -e 10,ArffFileStream -f ./../../../Dataset/Synthetic_IM10/stream_gen_hyperplane.arff,1,90000.0,5.015625,3.840735492606959E-9,90000.0,0.6514020008454277,0.11783991274943918,0.912,0.10996035277935105,0.6471931572828434,0.10375275938189846,0.25264557631995566,0.06382978723404255,0.07981875217845988,90000.0,2960.0,10.0
meta.DynamicWeightedMajority -l (trees.HoeffdingTree -e 2000000 -g 100 -c 0.01) -e 10,ArffFileStream -f ./../../../Dataset/Synthetic_IM10/stream_gen_hyperplane.arff,1,90500.0,5.046875,3.864665308760273E-9,90500.0,0.6015111111111111,0.08789876543209958,0.908,0.1605839416058399,0.6514020008454277,0.1111111111111111,0.3158762064128569,0.1,0.03823495437218468,90500.0,2960.0,10.0
meta.DynamicWeightedMajority -l (trees.HoeffdingTree -e 2000000 -g 100 -c 0.01) -e 10,ArffFileStream -f ./../../../Dataset/Synthetic_IM10/stream_gen_hyperplane.arff,1,91000.0,5.0625,3.87663021683693E-9,91000.0,0.5708288780642351,0.041260412128892664,0.888,0.030672297999030606,0.6015111111111111,0.12866817155756208,0.13245323570650439,0.017543859649122806,-0.1696121184301122,91000.0,2960.0,10.0
meta.DynamicWeightedMajority -l (trees.HoeffdingTree -e 2000000 -g 100 -c 0.01) -e 10,ArffFileStream -f ./../../../Dataset/Synthetic_IM10/stream_gen_hyperplane.arff,1,91500.0,5.078125,3.888595124913587E-9,91500.0,0.6499777777777778,0.08612424010217065,0.904,0.06976744186046599,0.5708288780642351,0.1111111111111111,0.2,0.04,-0.0022820629849386663,91500.0,2960.0,10.0
meta.DynamicWeightedMajority -l (trees.HoeffdingTree -e 2000000 -g 100 -c 0.01) -e 10,ArffFileStream -f ./../../../Dataset/Synthetic_IM10/stream_gen_hyperplane.arff,1,92000.0,5.09375,3.900560032990243E-9,92000.0,0.6353428461980464,0.09592926898334904,0.914,0.11245046235138725,0.6499777777777778,0.1013215859030837,0.2553769592276246,0.06521739130434782,0.10192962542565258,92000.0,2960.0,10.0
meta.DynamicWeightedMajority -l (trees.HoeffdingTree -e 2000000 -g 100 -c 0.01) -e 10,ArffFileStream -f ./../../../Dataset/Synthetic_IM10/stream_gen_hyperplane.arff,1,92500.0,5.109375,3.9125249410669E-9,92500.0,0.6010765550239234,0.05090751148522497,0.912,0.036102348405187175,0.6353428461980464,0.09649122807017543,0.1505902792908822,0.022727272727272728,0.08064151795798552,92500.0,2960.0,10.0
meta.DynamicWeightedMajority -l (trees.HoeffdingTree -e 2000000 -g 100 -c 0.01) -e 10,ArffFileStream -f ./../../../Dataset/Synthetic_IM10/stream_gen_hyperplane.arff,1,93000.0,5.140625,3.9364547572202146E-9,93000.0,0.6268939393939394,0.0734204392099129,0.914,0.07471165432948937,0.6010765550239234,0.09649122807017543,0.21296681533471784,0.045454545454545456,0.10114632501685851,93000.0,2960.0,10.0
meta.DynamicWeightedMajority -l (trees.HoeffdingTree -e 2000000 -g 100 -c 0.01) -e 10,ArffFileStream -f ./../../../Dataset/Synthetic_IM10/stream_gen_hyperplane.arff,1,93500.0,5.171875,3.960384573373529E-9,93500.0,0.6281997087971444,0.05474842505982424,0.908,0.03789843553919591,0.6268939393939394,0.10375275938189846,0.14586499149789456,0.02127659574468085,0.03834544438233713,93500.0,2960.0,10.0
meta.DynamicWeightedMajority -l (trees.HoeffdingTree -e 2000000 -g 100 -c 0.01) -e 10,ArffFileStream -f ./../../../Dataset/Synthetic_IM10/stream_gen_hyperplane.arff,1,94000.0,5.1875,3.972349481450186E-9,94000.0,0.6146808068205448,0.06849602171367256,0.916,0.0,0.6281997087971444,0.09170305676855896,0.0,0.0,0.12139757427395133,94000.0,2960.0,10.0
meta.DynamicWeightedMajority -l (trees.HoeffdingTree -e 2000000 -g 100 -c 0.01) -e 10,ArffFileStream -f ./../../../Dataset/Synthetic_IM10/stream_gen_hyperplane.arff,1,94500.0,5.21875,3.9962792976035E-9,94500.0,0.6016849816849816,0.05498738298738299,0.91,0.0,0.6146808068205448,0.0989010989010989,0.0,0.0,0.058348095659875934,94500.0,2960.0,10.0
meta.DynamicWeightedMajority -l (trees.HoeffdingTree -e 2000000 -g 100 -c 0.01) -e 10,ArffFileStream -f ./../../../Dataset/Synthetic_IM10/stream_gen_hyperplane.arff,1,95000.0,5.234375,4.008244205680157E-9,95000.0,0.6175766283524904,0.061919185639551656,0.928,0.0,0.6016849816849816,0.07758620689655173,0.0,0.0,0.24569916188795796,95000.0,2960.0,10.0
meta.DynamicWeightedMajority -l (trees.HoeffdingTree -e 2000000 -g 100 -c 0.01) -e 10,ArffFileStream -f ./../../../Dataset/Synthetic_IM10/stream_gen_hyperplane.arff,1,95500.0,5.265625,4.032174021833471E-9,95500.0,0.5535054347826087,0.023299916387960015,0.92,0.0,0.6175766283524904,0.08695652173913043,0.0,0.0,0.16117698726394394,95500.0,2960.0,10.0
meta.DynamicWeightedMajority -l (trees.HoeffdingTree -e 2000000 -g 100 -c 0.01) -e 10,ArffFileStream -f ./../../../Dataset/Synthetic_IM10/stream_gen_hyperplane.arff,1,96000.0,5.28125,4.044138929910128E-9,96000.0,0.5949462214081067,0.05392356707842155,0.908,0.03789843553919591,0.5535054347826087,0.10375275938189846,0.14586499149789456,0.02127659574468085,0.03528126706717646,96000.0,2960.0,10.0
meta.DynamicWeightedMajority -l (trees.HoeffdingTree -e 2000000 -g 100 -c 0.01) -e 10,ArffFileStream -f ./../../../Dataset/Synthetic_IM10/stream_gen_hyperplane.arff,1,96500.0,5.296875,4.056103837986785E-9,96500.0,0.6021205357142857,0.09922483115842519,0.906,0.1832336994300014,0.5949462214081067,0.11607142857142858,0.33930378783556253,0.11538461538461539,0.014771369610079233,96500.0,2960.0,10.0
meta.DynamicWeightedMajority -l (trees.HoeffdingTree -e 2000000 -g 100 -c 0.01) -e 10,ArffFileStream -f ./../../../Dataset/Synthetic_IM10/stream_gen_hyperplane.arff,1,97000.0,5.328125,4.080033654140099E-9,97000.0,0.6520595556808041,0.08762970916965118,0.914,0.1442445470466492,0.6021205357142857,0.10375275938189846,0.2917299829957891,0.0851063829787234,0.0985519775232338,97000.0,2960.0,10.0
meta.DynamicWeightedMajority -l (trees.HoeffdingTree -e 2000000 -g 100 -c 0.01) -e 10,ArffFileStream -f ./../../../Dataset/Synthetic_IM10/stream_gen_hyperplane.arff,1,97500.0,5.359375,4.103963470293414E-9,97500.0,0.5633695652173913,0.051972685532234414,0.922,0.08278457196613292,0.6520595556808041,0.08695652173913043,0.22336361464622229,0.05,0.1817301484828929,97500.0,2960.0,10.0
meta.DynamicWeightedMajority -l (trees.HoeffdingTree -e 2000000 -g 100 -c 0.01) -e 10,ArffFileStream -f ./../../../Dataset/Synthetic_IM10/stream_gen_hyperplane.arff,1,98000.0,5.375,4.1159283783700705E-9,98000.0,0.5929558722527473,0.06583892070449932,0.9,0.06688563750373303,0.5633695652173913,0.11607142857142858,0.19611613513818404,0.038461538461538464,-0.04857693130751149,98000.0,2960.0,10.0
meta.DynamicWeightedMajority -l (trees.HoeffdingTree -e 2000000 -g 100 -c 0.01) -e 10,ArffFileStream -f ./../../../Dataset/Synthetic_IM10/stream_gen_hyperplane.arff,1,98500.0,5.390625,4.127893286446727E-9,98500.0,0.6268619035597072,0.0763345395382754,0.936,0.10434393193013775,0.5929558722527473,0.07296137339055794,0.24253562503633297,0.058823529411764705,0.3279317697228151,98500.0,2960.0,10.0
meta.DynamicWeightedMajority -l (trees.HoeffdingTree -e 2000000 -g 100 -c 0.01) -e 10,ArffFileStream -f ./../../../Dataset/Synthetic_IM10/stream_gen_hyperplane.arff,1,99000.0,5.421875,4.151823102600042E-9,99000.0,0.5774114774114774,0.053001021071196454,0.912,0.039720646006111804,0.6268619035597072,0.0989010989010989,0.14907119849998599,0.022222222222222223,0.0756498673740054,99000.0,2960.0,10.0
meta.DynamicWeightedMajority -l (trees.HoeffdingTree -e 2000000 -g 100 -c 0.01) -e 10,ArffFileStream -f ./../../../Dataset/Synthetic_IM10/stream_gen_hyperplane.arff,1,99500.0,5.4375,4.1637880106766984E-9,99500.0,0.5760215394361736,0.03504564388481481,0.902,0.0,0.5774114774114774,0.10864745011086474,0.0,0.0,-0.029237914291745937,99500.0,2960.0,10.0
meta.DynamicWeightedMajority -l (trees.HoeffdingTree -e 2000000 -g 100 -c 0.01) -e 10,ArffFileStream -f ./../../../Dataset/Synthetic_IM10/stream_gen_hyperplane.arff,1,100000.0,5.46875,4.187717826830013E-9,100000.0,0.576560989262633,0.0579359829016335,0.918,0.0818702973844499,0.5760215394361736,0.09409190371991247,0.21566554640687682,0.046511627906976744,0.13838394452033223,100000.0,2960.0,10.0
