Learner,stream,randomSeed,learning evaluation instances,evaluation time (cpu seconds),model cost (RAM-Hours),classified instances,AUC,sAUC,Accuracy,Kappa,Periodical holdout AUC,Pos/Neg ratio,G-Mean,Recall,KappaM,model training instances,model serialized size (bytes)
meta.imbalanced.OnlineAdaBoost -l (trees.HoeffdingTree -e 2000000 -g 100 -c 0.01),ArffFileStream -f ./../../../Dataset/Synthetic_IM50/stream_gen_hyperplane.arff,1,500.0,0.328125,2.5330033774177233E-10,500.0,0.7079150485828002,0.1853340242572679,0.664,0.33404157483311403,0.0,1.1834061135371179,0.6662462351318451,0.6014760147601476,0.2631578947368421,500.0,2984.0
meta.imbalanced.OnlineAdaBoost -l (trees.HoeffdingTree -e 2000000 -g 100 -c 0.01),ArffFileStream -f ./../../../Dataset/Synthetic_IM50/stream_gen_hyperplane.arff,1,1000.0,0.515625,3.9804338787992793E-10,1000.0,0.8507980903698703,0.203350976985206,0.794,0.5841542585833792,0.7079150485828002,0.8726591760299626,0.7892479627411779,0.7424892703862661,0.5654008438818566,1000.0,2984.0
meta.imbalanced.OnlineAdaBoost -l (trees.HoeffdingTree -e 2000000 -g 100 -c 0.01),ArffFileStream -f ./../../../Dataset/Synthetic_IM50/stream_gen_hyperplane.arff,1,1500.0,0.65625,5.066006754835447E-10,1500.0,0.8922099129098361,0.23900565679728403,0.818,0.6352646936223425,0.8507980903698703,0.953125,0.816450829485287,0.7827868852459017,0.6197771587743731,1500.0,2984.0
meta.imbalanced.OnlineAdaBoost -l (trees.HoeffdingTree -e 2000000 -g 100 -c 0.01),ArffFileStream -f ./../../../Dataset/Synthetic_IM50/stream_gen_hyperplane.arff,1,2000.0,0.765625,5.910341213974687E-10,2000.0,0.88248,0.204482681539015,0.802,0.6040000000000001,0.8922099129098361,1.0,0.8019775557956719,0.796,0.5840336134453782,2000.0,2984.0
meta.imbalanced.OnlineAdaBoost -l (trees.HoeffdingTree -e 2000000 -g 100 -c 0.01),ArffFileStream -f ./../../../Dataset/Synthetic_IM50/stream_gen_hyperplane.arff,1,2500.0,0.921875,7.116533298459318E-10,2500.0,0.8584,0.19851421456067997,0.772,0.544,0.88248,1.0,0.7719585481099358,0.764,0.5189873417721519,2500.0,2984.0
meta.imbalanced.OnlineAdaBoost -l (trees.HoeffdingTree -e 2000000 -g 100 -c 0.01),ArffFileStream -f ./../../../Dataset/Synthetic_IM50/stream_gen_hyperplane.arff,1,3000.0,1.015625,7.840248549150096E-10,3000.0,0.8921850998463902,0.22714819991890633,0.808,0.6158278908951211,0.8584,0.9841269841269841,0.8073919249225295,0.782258064516129,0.5994436717663422,3000.0,2984.0
meta.imbalanced.OnlineAdaBoost -l (trees.HoeffdingTree -e 2000000 -g 100 -c 0.01),ArffFileStream -f ./../../../Dataset/Synthetic_IM50/stream_gen_hyperplane.arff,1,3500.0,1.109375,8.563963799840875E-10,3500.0,0.886236383180119,0.22272355574213132,0.82,0.6399251044217196,0.8921850998463902,1.109704641350211,0.8206320573658763,0.8060836501901141,0.6249999999999999,3500.0,2984.0
meta.imbalanced.OnlineAdaBoost -l (trees.HoeffdingTree -e 2000000 -g 100 -c 0.01),ArffFileStream -f ./../../../Dataset/Synthetic_IM50/stream_gen_hyperplane.arff,1,4000.0,1.21875,9.408298258980116E-10,4000.0,0.9011124449779911,0.24064915001141557,0.822,0.6436008329328847,0.886236383180119,0.9607843137254902,0.8212854582430938,0.8,0.6322314049586776,4000.0,2984.0
meta.imbalanced.OnlineAdaBoost -l (trees.HoeffdingTree -e 2000000 -g 100 -c 0.01),ArffFileStream -f ./../../../Dataset/Synthetic_IM50/stream_gen_hyperplane.arff,1,4500.0,1.328125,1.0252632718119357E-9,4500.0,0.875310044646429,0.2206260099817406,0.812,0.6242344776859241,0.9011124449779911,1.0242914979757085,0.811812109790086,0.782608695652174,0.612104539202201,4500.0,2984.0
meta.imbalanced.OnlineAdaBoost -l (trees.HoeffdingTree -e 2000000 -g 100 -c 0.01),ArffFileStream -f ./../../../Dataset/Synthetic_IM50/stream_gen_hyperplane.arff,1,5000.0,1.421875,1.0976347968810135E-9,5000.0,0.8758960573476703,0.2067626858805579,0.802,0.6036067779237003,0.875310044646429,0.9841269841269841,0.7993052538854533,0.7419354838709677,0.5909090909090909,5000.0,2984.0
meta.imbalanced.OnlineAdaBoost -l (trees.HoeffdingTree -e 2000000 -g 100 -c 0.01),ArffFileStream -f ./../../../Dataset/Synthetic_IM50/stream_gen_hyperplane.arff,1,5500.0,1.515625,1.1700063219500912E-9,5500.0,0.8782101806239737,0.2030309818368814,0.782,0.5420168067226891,0.8758960573476703,0.7241379310344828,0.757166093146568,0.6571428571428571,0.5441064638783271,5500.0,2984.0
meta.imbalanced.OnlineAdaBoost -l (trees.HoeffdingTree -e 2000000 -g 100 -c 0.01),ArffFileStream -f ./../../../Dataset/Synthetic_IM50/stream_gen_hyperplane.arff,1,6000.0,1.609375,1.242377847019169E-9,6000.0,0.9200640256102441,0.24390175180938733,0.84,0.679410114610884,0.8782101806239737,0.9607843137254902,0.8382989311929341,0.8,0.666086956521739,6000.0,2984.0
meta.imbalanced.OnlineAdaBoost -l (trees.HoeffdingTree -e 2000000 -g 100 -c 0.01),ArffFileStream -f ./../../../Dataset/Synthetic_IM50/stream_gen_hyperplane.arff,1,6500.0,1.703125,1.3147493720882467E-9,6500.0,0.9159826557224916,0.24500397502360532,0.846,0.692,0.9200640256102441,0.9920318725099602,0.8460044039928074,0.8473895582329317,0.6792694649150912,6500.0,2984.0
meta.imbalanced.OnlineAdaBoost -l (trees.HoeffdingTree -e 2000000 -g 100 -c 0.01),ArffFileStream -f ./../../../Dataset/Synthetic_IM50/stream_gen_hyperplane.arff,1,7000.0,1.78125,1.3750589763124783E-9,7000.0,0.8993295034484966,0.2296384911640037,0.85,0.6999135751096315,0.9159826557224916,1.0242914979757085,0.8498705832779472,0.857707509881423,0.687778768956289,7000.0,2984.0
meta.imbalanced.OnlineAdaBoost -l (trees.HoeffdingTree -e 2000000 -g 100 -c 0.01),ArffFileStream -f ./../../../Dataset/Synthetic_IM50/stream_gen_hyperplane.arff,1,7500.0,1.84375,1.4233066596918636E-9,7500.0,0.895856,0.21254092389650053,0.82,0.6399999999999999,0.8993295034484966,1.0,0.8195218117902658,0.792,0.6255201109570041,7500.0,2984.0
meta.imbalanced.OnlineAdaBoost -l (trees.HoeffdingTree -e 2000000 -g 100 -c 0.01),ArffFileStream -f ./../../../Dataset/Synthetic_IM50/stream_gen_hyperplane.arff,1,8000.0,1.921875,1.483616263916095E-9,8000.0,0.8596137538200611,0.19699379069249712,0.778,0.5559715821812596,0.895856,0.9920318725099602,0.7779419535536888,0.7710843373493976,0.5391800726517905,8000.0,2984.0
meta.imbalanced.OnlineAdaBoost -l (trees.HoeffdingTree -e 2000000 -g 100 -c 0.01),ArffFileStream -f ./../../../Dataset/Synthetic_IM50/stream_gen_hyperplane.arff,1,8500.0,2.03125,1.5680497098300193E-9,8500.0,0.8732692307692308,0.2122230152407938,0.794,0.5874058644448006,0.8596137538200611,0.9230769230769231,0.7937253933193772,0.7875,0.5719872891713519,8500.0,2984.0
meta.imbalanced.OnlineAdaBoost -l (trees.HoeffdingTree -e 2000000 -g 100 -c 0.01),ArffFileStream -f ./../../../Dataset/Synthetic_IM50/stream_gen_hyperplane.arff,1,9000.0,2.125,1.640421234899097E-9,9000.0,0.8603224928343821,0.20460972500590235,0.79,0.5792460088478554,0.8732692307692308,0.9455252918287937,0.7889689588711084,0.7654320987654321,0.5640138408304499,9000.0,2984.0
meta.imbalanced.OnlineAdaBoost -l (trees.HoeffdingTree -e 2000000 -g 100 -c 0.01),ArffFileStream -f ./../../../Dataset/Synthetic_IM50/stream_gen_hyperplane.arff,1,9500.0,2.21875,1.7127927599681748E-9,9500.0,0.874791986687148,0.20899757890010673,0.782,0.5639302288366139,0.8603224928343821,0.9841269841269841,0.7818996914541915,0.7741935483870968,0.5467279492230248,9500.0,2984.0
meta.imbalanced.OnlineAdaBoost -l (trees.HoeffdingTree -e 2000000 -g 100 -c 0.01),ArffFileStream -f ./../../../Dataset/Synthetic_IM50/stream_gen_hyperplane.arff,1,10000.0,2.28125,1.76104044334756E-9,10000.0,0.9197394533000448,0.23004922582260628,0.842,0.6836963484945547,0.874791986687148,0.968503937007874,0.8412497676076375,0.8170731707317073,0.6727423363711681,10000.0,2984.0
meta.imbalanced.OnlineAdaBoost -l (trees.HoeffdingTree -e 2000000 -g 100 -c 0.01),ArffFileStream -f ./../../../Dataset/Synthetic_IM50/stream_gen_hyperplane.arff,1,10500.0,2.359375,1.8213500475717916E-9,10500.0,0.9297158863545418,0.25446647596851607,0.86,0.7197982547434152,0.9197394533000448,1.0408163265306123,0.8597160255909292,0.8705882352941177,0.7093712930011863,10500.0,2984.0
meta.imbalanced.OnlineAdaBoost -l (trees.HoeffdingTree -e 2000000 -g 100 -c 0.01),ArffFileStream -f ./../../../Dataset/Synthetic_IM50/stream_gen_hyperplane.arff,1,11000.0,2.421875,1.869597730951177E-9,11000.0,0.8959823357173715,0.23251969697095187,0.828,0.6559944959119345,0.9297158863545418,0.9920318725099602,0.8279969621100721,0.8273092369477911,0.6434897305445637,11000.0,2984.0
meta.imbalanced.OnlineAdaBoost -l (trees.HoeffdingTree -e 2000000 -g 100 -c 0.01),ArffFileStream -f ./../../../Dataset/Synthetic_IM50/stream_gen_hyperplane.arff,1,11500.0,2.5,1.9299073351754084E-9,11500.0,0.8919973035439137,0.23014846969102631,0.832,0.662639763526539,0.8959823357173715,1.11864406779661,0.830838587265522,0.8484848484848485,0.6515779981965734,11500.0,2984.0
meta.imbalanced.OnlineAdaBoost -l (trees.HoeffdingTree -e 2000000 -g 100 -c 0.01),ArffFileStream -f ./../../../Dataset/Synthetic_IM50/stream_gen_hyperplane.arff,1,12000.0,2.578125,1.99021693939964E-9,12000.0,0.9104330708661418,0.22913004957945116,0.836,0.6718739996158525,0.8919973035439137,1.032520325203252,0.8358677292277502,0.84251968503937,0.6601623208426869,12000.0,2984.0
meta.imbalanced.OnlineAdaBoost -l (trees.HoeffdingTree -e 2000000 -g 100 -c 0.01),ArffFileStream -f ./../../../Dataset/Synthetic_IM50/stream_gen_hyperplane.arff,1,12500.0,2.65625,2.0505265436238715E-9,12500.0,0.8951978351027206,0.22943908351004538,0.83,0.6595424250192258,0.9104330708661418,0.9455252918287937,0.8294548742303546,0.8148148148148148,0.6477705950605005,12500.0,2984.0
meta.imbalanced.OnlineAdaBoost -l (trees.HoeffdingTree -e 2000000 -g 100 -c 0.01),ArffFileStream -f ./../../../Dataset/Synthetic_IM50/stream_gen_hyperplane.arff,1,13000.0,2.71875,2.0987742270032568E-9,13000.0,0.8862167178699437,0.21751024697364402,0.808,0.6159508417077387,0.8951978351027206,1.0161290322580645,0.8079367405643292,0.8134920634920635,0.602547770700637,13000.0,2984.0
meta.imbalanced.OnlineAdaBoost -l (trees.HoeffdingTree -e 2000000 -g 100 -c 0.01),ArffFileStream -f ./../../../Dataset/Synthetic_IM50/stream_gen_hyperplane.arff,1,13500.0,2.78125,2.147021910382642E-9,13500.0,0.9062239933422956,0.21813902282772946,0.836,0.6718739996158525,0.8862167178699437,1.032520325203252,0.8358677292277502,0.84251968503937,0.6603252531451365,13500.0,2984.0
meta.imbalanced.OnlineAdaBoost -l (trees.HoeffdingTree -e 2000000 -g 100 -c 0.01),ArffFileStream -f ./../../../Dataset/Synthetic_IM50/stream_gen_hyperplane.arff,1,14000.0,2.84375,2.1952695937620274E-9,14000.0,0.8790343237704918,0.19841453750198423,0.81,0.6191591033000867,0.9062239933422956,1.0491803278688525,0.8081535699500132,0.84765625,0.6068578185042863,14000.0,2984.0
meta.imbalanced.OnlineAdaBoost -l (trees.HoeffdingTree -e 2000000 -g 100 -c 0.01),ArffFileStream -f ./../../../Dataset/Synthetic_IM50/stream_gen_hyperplane.arff,1,14500.0,2.90625,2.2435172771414127E-9,14500.0,0.917856,0.2429743974772396,0.842,0.6839999999999999,0.8790343237704918,1.0,0.8415984790860781,0.816,0.6731345413040376,14500.0,2984.0
meta.imbalanced.OnlineAdaBoost -l (trees.HoeffdingTree -e 2000000 -g 100 -c 0.01),ArffFileStream -f ./../../../Dataset/Synthetic_IM50/stream_gen_hyperplane.arff,1,15000.0,2.96875,2.291764960520798E-9,15000.0,0.9298058769424408,0.23857635924292442,0.88,0.7588463207987011,0.917856,0.8315018315018315,0.8807850025495106,0.8898678414096917,0.7512437810945274,15000.0,2984.0
meta.imbalanced.OnlineAdaBoost -l (trees.HoeffdingTree -e 2000000 -g 100 -c 0.01),ArffFileStream -f ./../../../Dataset/Synthetic_IM50/stream_gen_hyperplane.arff,1,15500.0,3.03125,2.3400126439001833E-9,15500.0,0.9169749083281292,0.22756608148256374,0.832,0.6635100706628851,0.9298058769424408,0.9455252918287937,0.83136386380769,0.8148148148148148,0.6518251103088647,15500.0,2984.0
meta.imbalanced.OnlineAdaBoost -l (trees.HoeffdingTree -e 2000000 -g 100 -c 0.01),ArffFileStream -f ./../../../Dataset/Synthetic_IM50/stream_gen_hyperplane.arff,1,16000.0,3.109375,2.400322248124415E-9,16000.0,0.9083953581432573,0.22215715425529553,0.846,0.692147769070846,0.9169749083281292,0.9607843137254902,0.8461668862344731,0.8653061224489796,0.6807049371517429,16000.0,2984.0
meta.imbalanced.OnlineAdaBoost -l (trees.HoeffdingTree -e 2000000 -g 100 -c 0.01),ArffFileStream -f ./../../../Dataset/Synthetic_IM50/stream_gen_hyperplane.arff,1,16500.0,3.171875,2.4485699315038E-9,16500.0,0.9011963564051575,0.21191389676162453,0.824,0.6467792691541968,0.9083953581432573,0.9083969465648855,0.8227609979575401,0.8025210084033614,0.6349465744814582,16500.0,2984.0
meta.imbalanced.OnlineAdaBoost -l (trees.HoeffdingTree -e 2000000 -g 100 -c 0.01),ArffFileStream -f ./../../../Dataset/Synthetic_IM50/stream_gen_hyperplane.arff,1,17000.0,3.234375,2.4968176148831854E-9,17000.0,0.9031240492546156,0.24980141737365952,0.836,0.6716690423947339,0.9011963564051575,0.9455252918287937,0.8357149998269587,0.8271604938271605,0.6599585315282351,17000.0,2984.0
meta.imbalanced.OnlineAdaBoost -l (trees.HoeffdingTree -e 2000000 -g 100 -c 0.01),ArffFileStream -f ./../../../Dataset/Synthetic_IM50/stream_gen_hyperplane.arff,1,17500.0,3.3125,2.557127219107417E-9,17500.0,0.8953254161362574,0.2277775578313232,0.808,0.6161289806624974,0.9031240492546156,1.1834061135371179,0.8098715785647124,0.7822878228782287,0.6018485602559546,17500.0,2984.0
meta.imbalanced.OnlineAdaBoost -l (trees.HoeffdingTree -e 2000000 -g 100 -c 0.01),ArffFileStream -f ./../../../Dataset/Synthetic_IM50/stream_gen_hyperplane.arff,1,18000.0,3.359375,2.593312981641956E-9,18000.0,0.9375430061928918,0.2535901685544494,0.87,0.7399500704135193,0.8953254161362574,0.9762845849802372,0.8699499876827828,0.8663967611336032,0.730693980895385,18000.0,2984.0
meta.imbalanced.OnlineAdaBoost -l (trees.HoeffdingTree -e 2000000 -g 100 -c 0.01),ArffFileStream -f ./../../../Dataset/Synthetic_IM50/stream_gen_hyperplane.arff,1,18500.0,3.4375,2.6536225858661876E-9,18500.0,0.9056646464646465,0.24652554446769287,0.834,0.66260162601626,0.9375430061928918,0.8181818181818182,0.8279559838005346,0.7822222222222223,0.6554857527484854,18500.0,2984.0
meta.imbalanced.OnlineAdaBoost -l (trees.HoeffdingTree -e 2000000 -g 100 -c 0.01),ArffFileStream -f ./../../../Dataset/Synthetic_IM50/stream_gen_hyperplane.arff,1,19000.0,3.5,2.701870269245573E-9,19000.0,0.9009559214020181,0.24965809299021013,0.836,0.6708994878874958,0.9056646464646465,1.1645021645021645,0.8362627344593314,0.8327137546468402,0.659602359624208,19000.0,2984.0
meta.imbalanced.OnlineAdaBoost -l (trees.HoeffdingTree -e 2000000 -g 100 -c 0.01),ArffFileStream -f ./../../../Dataset/Synthetic_IM50/stream_gen_hyperplane.arff,1,19500.0,3.53125,2.7259941109352653E-9,19500.0,0.9165745944820739,0.24645459131661096,0.852,0.703302166696069,0.9009559214020181,1.0576131687242798,0.8504910903203254,0.8832684824902723,0.6928807066084921,19500.0,2984.0
meta.imbalanced.OnlineAdaBoost -l (trees.HoeffdingTree -e 2000000 -g 100 -c 0.01),ArffFileStream -f ./../../../Dataset/Synthetic_IM50/stream_gen_hyperplane.arff,1,20000.0,3.59375,2.7742417943146506E-9,20000.0,0.9119593856435961,0.24638795484577558,0.838,0.6749181275284145,0.9165745944820739,1.1367521367521367,0.837707816583391,0.8421052631578947,0.6635863357906759,20000.0,2984.0
meta.imbalanced.OnlineAdaBoost -l (trees.HoeffdingTree -e 2000000 -g 100 -c 0.01),ArffFileStream -f ./../../../Dataset/Synthetic_IM50/stream_gen_hyperplane.arff,1,20500.0,3.65625,2.822489477694036E-9,20500.0,0.8896895165809995,0.2118308466964599,0.838,0.6757821255883953,0.9119593856435961,0.9455252918287937,0.8379250926385512,0.8353909465020576,0.6632870323431004,20500.0,2984.0
meta.imbalanced.OnlineAdaBoost -l (trees.HoeffdingTree -e 2000000 -g 100 -c 0.01),ArffFileStream -f ./../../../Dataset/Synthetic_IM50/stream_gen_hyperplane.arff,1,21000.0,3.71875,2.8707371610734212E-9,21000.0,0.9424690883464668,0.27342799941246326,0.868,0.7355938721876802,0.8896895165809995,0.937984496124031,0.8675221362758964,0.8553719008264463,0.7256803562592775,21000.0,2984.0
meta.imbalanced.OnlineAdaBoost -l (trees.HoeffdingTree -e 2000000 -g 100 -c 0.01),ArffFileStream -f ./../../../Dataset/Synthetic_IM50/stream_gen_hyperplane.arff,1,21500.0,3.78125,2.9189848444528065E-9,21500.0,0.9229869026435179,0.2406688445588247,0.844,0.687615141854765,0.9424690883464668,1.0920502092050208,0.8440493135212643,0.842911877394636,0.6759420289855071,21500.0,2984.0
meta.imbalanced.OnlineAdaBoost -l (trees.HoeffdingTree -e 2000000 -g 100 -c 0.01),ArffFileStream -f ./../../../Dataset/Synthetic_IM50/stream_gen_hyperplane.arff,1,22000.0,3.84375,2.967232527832192E-9,22000.0,0.91220316728315,0.24909199236967683,0.848,0.6956250100123352,0.9229869026435179,1.0576131687242798,0.8475678161794312,0.8599221789883269,0.6843198338525441,22000.0,2984.0
meta.imbalanced.OnlineAdaBoost -l (trees.HoeffdingTree -e 2000000 -g 100 -c 0.01),ArffFileStream -f ./../../../Dataset/Synthetic_IM50/stream_gen_hyperplane.arff,1,22500.0,3.90625,3.015480211211577E-9,22500.0,0.9093745499927999,0.24847541290661718,0.84,0.6799334261526397,0.91220316728315,0.9920318725099602,0.8395399199778625,0.8152610441767069,0.6680497925311203,22500.0,2984.0
meta.imbalanced.OnlineAdaBoost -l (trees.HoeffdingTree -e 2000000 -g 100 -c 0.01),ArffFileStream -f ./../../../Dataset/Synthetic_IM50/stream_gen_hyperplane.arff,1,23000.0,3.96875,3.0637278945909625E-9,23000.0,0.9184455128205128,0.23997295771365285,0.842,0.6841516072285303,0.9093745499927999,0.9230769230769231,0.8425579185752432,0.8625,0.6720512589116505,23000.0,2984.0
meta.imbalanced.OnlineAdaBoost -l (trees.HoeffdingTree -e 2000000 -g 100 -c 0.01),ArffFileStream -f ./../../../Dataset/Synthetic_IM50/stream_gen_hyperplane.arff,1,23500.0,4.03125,3.1119755779703478E-9,23500.0,0.899406390502248,0.24486924075716276,0.834,0.6679681249399941,0.9184455128205128,1.0080321285140563,0.8338891568655963,0.8446215139442231,0.6555712519865795,23500.0,2984.0
meta.imbalanced.OnlineAdaBoost -l (trees.HoeffdingTree -e 2000000 -g 100 -c 0.01),ArffFileStream -f ./../../../Dataset/Synthetic_IM50/stream_gen_hyperplane.arff,1,24000.0,4.09375,3.160223261349733E-9,24000.0,0.9348098017833087,0.2674162616745429,0.87,0.7392490372272144,0.899406390502248,1.1008403361344539,0.8693245601268231,0.8816793893129771,0.7301971636112072,24000.0,2984.0
meta.imbalanced.OnlineAdaBoost -l (trees.HoeffdingTree -e 2000000 -g 100 -c 0.01),ArffFileStream -f ./../../../Dataset/Synthetic_IM50/stream_gen_hyperplane.arff,1,24500.0,4.15625,3.2084709447291184E-9,24500.0,0.9093397358943578,0.24727716188280585,0.842,0.6838482471586361,0.9348098017833087,1.0408163265306123,0.8418809330316022,0.8470588235294118,0.6721991701244813,24500.0,2984.0
meta.imbalanced.OnlineAdaBoost -l (trees.HoeffdingTree -e 2000000 -g 100 -c 0.01),ArffFileStream -f ./../../../Dataset/Synthetic_IM50/stream_gen_hyperplane.arff,1,25000.0,4.21875,3.2567186281085037E-9,25000.0,0.9033104529672474,0.2531805651076603,0.832,0.6639838712258187,0.9093397358943578,1.0080321285140563,0.831968193344671,0.8366533864541833,0.6514812048792631,25000.0,2984.0
meta.imbalanced.OnlineAdaBoost -l (trees.HoeffdingTree -e 2000000 -g 100 -c 0.01),ArffFileStream -f ./../../../Dataset/Synthetic_IM50/stream_gen_hyperplane.arff,1,25500.0,4.265625,3.2929043906430427E-9,25500.0,0.9233747739963839,0.25290491343718174,0.856,0.7119953919262708,0.9033104529672474,0.9920318725099602,0.8559975021619978,0.8554216867469879,0.7009284899820817,25500.0,2984.0
meta.imbalanced.OnlineAdaBoost -l (trees.HoeffdingTree -e 2000000 -g 100 -c 0.01),ArffFileStream -f ./../../../Dataset/Synthetic_IM50/stream_gen_hyperplane.arff,1,26000.0,4.328125,3.341152074022428E-9,26000.0,0.9169454451878538,0.2571440621559969,0.834,0.6657861675740102,0.9233747739963839,0.8656716417910447,0.8321186893250475,0.8103448275862069,0.6546647463594174,26000.0,2984.0
meta.imbalanced.OnlineAdaBoost -l (trees.HoeffdingTree -e 2000000 -g 100 -c 0.01),ArffFileStream -f ./../../../Dataset/Synthetic_IM50/stream_gen_hyperplane.arff,1,26500.0,4.390625,3.3893997574018134E-9,26500.0,0.9277713773681515,0.2592818906842752,0.864,0.728,0.9169454451878538,1.0161290322580645,0.8640183897219884,0.8611111111111112,0.7172446257649459,26500.0,2984.0
meta.imbalanced.OnlineAdaBoost -l (trees.HoeffdingTree -e 2000000 -g 100 -c 0.01),ArffFileStream -f ./../../../Dataset/Synthetic_IM50/stream_gen_hyperplane.arff,1,27000.0,4.453125,3.4376474407811987E-9,27000.0,0.9100440176070428,0.2673493358480396,0.854,0.7080467125259958,0.9277713773681515,1.0408163265306123,0.8541497694968329,0.8431372549019608,0.696442322501155,27000.0,2984.0
meta.imbalanced.OnlineAdaBoost -l (trees.HoeffdingTree -e 2000000 -g 100 -c 0.01),ArffFileStream -f ./../../../Dataset/Synthetic_IM50/stream_gen_hyperplane.arff,1,27500.0,4.5,3.4738332033157377E-9,27500.0,0.9040341809220528,0.2534670848459854,0.826,0.6519999999999999,0.9100440176070428,0.9762845849802372,0.826037684799529,0.8299595141700404,0.638677036925168,27500.0,2984.0
meta.imbalanced.OnlineAdaBoost -l (trees.HoeffdingTree -e 2000000 -g 100 -c 0.01),ArffFileStream -f ./../../../Dataset/Synthetic_IM50/stream_gen_hyperplane.arff,1,28000.0,4.5625,3.522080886695123E-9,28000.0,0.9267080545548122,0.2528213954266037,0.84,0.6779595517196959,0.9040341809220528,1.1551724137931034,0.8383576449917476,0.8582089552238806,0.6676311299057793,28000.0,2984.0
meta.imbalanced.OnlineAdaBoost -l (trees.HoeffdingTree -e 2000000 -g 100 -c 0.01),ArffFileStream -f ./../../../Dataset/Synthetic_IM50/stream_gen_hyperplane.arff,1,28500.0,4.625,3.5703285700745083E-9,28500.0,0.9012858269363846,0.23674285546031593,0.824,0.6461714138668638,0.9267080545548122,1.1645021645021645,0.823229270831202,0.8327137546468402,0.6341356673960612,28500.0,2984.0
meta.imbalanced.OnlineAdaBoost -l (trees.HoeffdingTree -e 2000000 -g 100 -c 0.01),ArffFileStream -f ./../../../Dataset/Synthetic_IM50/stream_gen_hyperplane.arff,1,29000.0,4.6875,3.6185762534538937E-9,29000.0,0.888482280431433,0.2304844266796317,0.828,0.6549178222907035,0.9012858269363846,0.8939393939393939,0.827402495508506,0.8177966101694916,0.6427190029367522,29000.0,2984.0
meta.imbalanced.OnlineAdaBoost -l (trees.HoeffdingTree -e 2000000 -g 100 -c 0.01),ArffFileStream -f ./../../../Dataset/Synthetic_IM50/stream_gen_hyperplane.arff,1,29500.0,4.765625,3.678885857678125E-9,29500.0,0.9045462546606712,0.2348281721097309,0.836,0.6717952002049278,0.888482280431433,0.9762845849802372,0.8354474896970832,0.8137651821862348,0.6594876126126126,29500.0,2984.0
meta.imbalanced.OnlineAdaBoost -l (trees.HoeffdingTree -e 2000000 -g 100 -c 0.01),ArffFileStream -f ./../../../Dataset/Synthetic_IM50/stream_gen_hyperplane.arff,1,30000.0,4.828125,3.7271335410575105E-9,30000.0,0.9177840224809314,0.25343495921416354,0.852,0.7033592559929447,0.9045462546606712,0.8867924528301887,0.8521821235735104,0.8553191489361702,0.692563356875779,30000.0,2984.0
meta.imbalanced.OnlineAdaBoost -l (trees.HoeffdingTree -e 2000000 -g 100 -c 0.01),ArffFileStream -f ./../../../Dataset/Synthetic_IM50/stream_gen_hyperplane.arff,1,30500.0,4.890625,3.775381224436895E-9,30500.0,0.9256304683479156,0.25719193319763095,0.858,0.7149327080589728,0.9177840224809314,1.1551724137931034,0.8579837584105808,0.8582089552238806,0.7051133655613808,30500.0,2984.0
meta.imbalanced.OnlineAdaBoost -l (trees.HoeffdingTree -e 2000000 -g 100 -c 0.01),ArffFileStream -f ./../../../Dataset/Synthetic_IM50/stream_gen_hyperplane.arff,1,31000.0,4.953125,3.82362890781628E-9,31000.0,0.9130219006147541,0.25854972748281313,0.834,0.667776745973294,0.9256304683479156,0.953125,0.8338348047169638,0.8278688524590164,0.6554863761130079,31000.0,2984.0
meta.imbalanced.OnlineAdaBoost -l (trees.HoeffdingTree -e 2000000 -g 100 -c 0.01),ArffFileStream -f ./../../../Dataset/Synthetic_IM50/stream_gen_hyperplane.arff,1,31500.0,5.015625,3.871876591195665E-9,31500.0,0.913856,0.25607014941144635,0.862,0.724,0.9130219006147541,1.0,0.8619976798112626,0.86,0.7137118018967333,31500.0,2984.0
meta.imbalanced.OnlineAdaBoost -l (trees.HoeffdingTree -e 2000000 -g 100 -c 0.01),ArffFileStream -f ./../../../Dataset/Synthetic_IM50/stream_gen_hyperplane.arff,1,32000.0,5.078125,3.92012427457505E-9,32000.0,0.9202400960384154,0.24750042604401323,0.842,0.6838988476312419,0.913856,1.0408163265306123,0.8419759910043583,0.8431372549019608,0.6723053989241039,32000.0,2984.0
meta.imbalanced.OnlineAdaBoost -l (trees.HoeffdingTree -e 2000000 -g 100 -c 0.01),ArffFileStream -f ./../../../Dataset/Synthetic_IM50/stream_gen_hyperplane.arff,1,32500.0,5.140625,3.968371957954435E-9,32500.0,0.9441187776282913,0.2632983829214484,0.892,0.784,0.9202400960384154,1.0661157024793388,0.8923134722129199,0.8798449612403101,0.7760193988896689,32500.0,2984.0
meta.imbalanced.OnlineAdaBoost -l (trees.HoeffdingTree -e 2000000 -g 100 -c 0.01),ArffFileStream -f ./../../../Dataset/Synthetic_IM50/stream_gen_hyperplane.arff,1,33000.0,5.203125,4.01661964133382E-9,33000.0,0.9371266233766233,0.2672718725656187,0.886,0.7694547807798091,0.9441187776282913,1.2727272727272727,0.886038901552824,0.8857142857142857,0.7634408602150538,33000.0,2984.0
meta.imbalanced.OnlineAdaBoost -l (trees.HoeffdingTree -e 2000000 -g 100 -c 0.01),ArffFileStream -f ./../../../Dataset/Synthetic_IM50/stream_gen_hyperplane.arff,1,33500.0,5.265625,4.064867324713205E-9,33500.0,0.9321946169772257,0.2702653320883198,0.88,0.7565567385094781,0.9371266233766233,0.8115942028985508,0.8765329665265691,0.8482142857142857,0.7514529491776926,33500.0,2984.0
meta.imbalanced.OnlineAdaBoost -l (trees.HoeffdingTree -e 2000000 -g 100 -c 0.01),ArffFileStream -f ./../../../Dataset/Synthetic_IM50/stream_gen_hyperplane.arff,1,34000.0,5.3125,4.101053087247744E-9,34000.0,0.9167467486706388,0.2532157695646527,0.846,0.6919605709530819,0.9321946169772257,1.0661157024793388,0.8462418757777327,0.8372093023255814,0.6810234541577824,34000.0,2984.0
meta.imbalanced.OnlineAdaBoost -l (trees.HoeffdingTree -e 2000000 -g 100 -c 0.01),ArffFileStream -f ./../../../Dataset/Synthetic_IM50/stream_gen_hyperplane.arff,1,34500.0,5.390625,4.161362691471975E-9,34500.0,0.9278535305038089,0.25591319411309255,0.864,0.7277560694382166,0.9167467486706388,1.032520325203252,0.8633601913743375,0.8858267716535433,0.7183842506452193,34500.0,2984.0
meta.imbalanced.OnlineAdaBoost -l (trees.HoeffdingTree -e 2000000 -g 100 -c 0.01),ArffFileStream -f ./../../../Dataset/Synthetic_IM50/stream_gen_hyperplane.arff,1,35000.0,5.453125,4.20961037485136E-9,35000.0,0.8952626852267624,0.24633785777914674,0.848,0.6958832191561559,0.9278535305038089,1.1008403361344539,0.8485156635131418,0.8358778625954199,0.685244349781091,35000.0,2984.0
meta.imbalanced.OnlineAdaBoost -l (trees.HoeffdingTree -e 2000000 -g 100 -c 0.01),ArffFileStream -f ./../../../Dataset/Synthetic_IM50/stream_gen_hyperplane.arff,1,35500.0,5.515625,4.257858058230745E-9,35500.0,0.8853301320528212,0.23293237740055034,0.818,0.6360582306830905,0.8952626852267624,0.9607843137254902,0.8181416395080493,0.8285714285714286,0.6234190126478987,35500.0,2984.0
meta.imbalanced.OnlineAdaBoost -l (trees.HoeffdingTree -e 2000000 -g 100 -c 0.01),ArffFileStream -f ./../../../Dataset/Synthetic_IM50/stream_gen_hyperplane.arff,1,36000.0,5.578125,4.30610574161013E-9,36000.0,0.9409589943900596,0.257080264035397,0.87,0.7395749863777685,0.8853301320528212,0.8726591760299626,0.8707986762201463,0.8841201716738197,0.7308952906675866,36000.0,2984.0
meta.imbalanced.OnlineAdaBoost -l (trees.HoeffdingTree -e 2000000 -g 100 -c 0.01),ArffFileStream -f ./../../../Dataset/Synthetic_IM50/stream_gen_hyperplane.arff,1,36500.0,5.640625,4.354353424989515E-9,36500.0,0.9254276379012109,0.2491294878157153,0.858,0.7158181235991034,0.9409589943900596,0.937984496124031,0.8580454018975912,0.859504132231405,0.7060624964555096,36500.0,2984.0
meta.imbalanced.OnlineAdaBoost -l (trees.HoeffdingTree -e 2000000 -g 100 -c 0.01),ArffFileStream -f ./../../../Dataset/Synthetic_IM50/stream_gen_hyperplane.arff,1,37000.0,5.703125,4.4026011083689E-9,37000.0,0.904219001610306,0.24796812146325448,0.844,0.6861924686192468,0.9254276379012109,1.173913043478261,0.8432740427115678,0.8518518518518519,0.6769282435911788,37000.0,2984.0
meta.imbalanced.OnlineAdaBoost -l (trees.HoeffdingTree -e 2000000 -g 100 -c 0.01),ArffFileStream -f ./../../../Dataset/Synthetic_IM50/stream_gen_hyperplane.arff,1,37500.0,5.75,4.438786870903439E-9,37500.0,0.9103190941842512,0.22012537507943808,0.856,0.7113349156456475,0.904219001610306,0.8656716417910447,0.8566424031628085,0.8663793103448276,0.7021018370386716,37500.0,2984.0
meta.imbalanced.OnlineAdaBoost -l (trees.HoeffdingTree -e 2000000 -g 100 -c 0.01),ArffFileStream -f ./../../../Dataset/Synthetic_IM50/stream_gen_hyperplane.arff,1,38000.0,5.8125,4.487034554282824E-9,38000.0,0.9388907606167076,0.2509265581077092,0.874,0.7469473007712082,0.9103190941842512,1.109704641350211,0.8726851152938679,0.8935361216730038,0.7392582911289005,38000.0,2984.0
meta.imbalanced.OnlineAdaBoost -l (trees.HoeffdingTree -e 2000000 -g 100 -c 0.01),ArffFileStream -f ./../../../Dataset/Synthetic_IM50/stream_gen_hyperplane.arff,1,38500.0,5.875,4.535282237662209E-9,38500.0,0.9013824221187539,0.23126089225821067,0.842,0.6839292001408315,0.9388907606167076,1.0080321285140563,0.841472120278068,0.8685258964143426,0.6729042318653545,38500.0,2984.0
meta.imbalanced.OnlineAdaBoost -l (trees.HoeffdingTree -e 2000000 -g 100 -c 0.01),ArffFileStream -f ./../../../Dataset/Synthetic_IM50/stream_gen_hyperplane.arff,1,39000.0,5.953125,4.59559184188644E-9,39000.0,0.8721700317439856,0.21122134119085306,0.786,0.5685205497128847,0.9013824221187539,1.1834061135371179,0.7835997611668244,0.8081180811808119,0.5566769361521301,39000.0,2984.0
meta.imbalanced.OnlineAdaBoost -l (trees.HoeffdingTree -e 2000000 -g 100 -c 0.01),ArffFileStream -f ./../../../Dataset/Synthetic_IM50/stream_gen_hyperplane.arff,1,39500.0,6.015625,4.643839525265825E-9,39500.0,0.8999501118460226,0.23731330132316597,0.822,0.6437834203195542,0.8721700317439856,0.8587360594795539,0.8233074613875669,0.8441558441558441,0.6313637078592774,39500.0,2984.0
meta.imbalanced.OnlineAdaBoost -l (trees.HoeffdingTree -e 2000000 -g 100 -c 0.01),ArffFileStream -f ./../../../Dataset/Synthetic_IM50/stream_gen_hyperplane.arff,1,40000.0,6.078125,4.69208720864521E-9,40000.0,0.900561680882047,0.24220307271388197,0.832,0.6639516090317005,0.8999501118460226,1.0242914979757085,0.8319733612760914,0.83399209486166,0.6522639068564036,40000.0,2984.0
meta.imbalanced.OnlineAdaBoost -l (trees.HoeffdingTree -e 2000000 -g 100 -c 0.01),ArffFileStream -f ./../../../Dataset/Synthetic_IM50/stream_gen_hyperplane.arff,1,40500.0,6.125,4.728272971179749E-9,40500.0,0.929233239662786,0.2442760457312944,0.862,0.7232028241335045,0.900561680882047,0.8867924528301887,0.8618596681102175,0.8595744680851064,0.7142930170739188,40500.0,2984.0
meta.imbalanced.OnlineAdaBoost -l (trees.HoeffdingTree -e 2000000 -g 100 -c 0.01),ArffFileStream -f ./../../../Dataset/Synthetic_IM50/stream_gen_hyperplane.arff,1,41000.0,6.1875,4.776520654559134E-9,41000.0,0.9238290313805188,0.2379596257128639,0.874,0.747951606708488,0.929233239662786,1.0242914979757085,0.8739507913824148,0.8774703557312253,0.7391699485004544,41000.0,2984.0
meta.imbalanced.OnlineAdaBoost -l (trees.HoeffdingTree -e 2000000 -g 100 -c 0.01),ArffFileStream -f ./../../../Dataset/Synthetic_IM50/stream_gen_hyperplane.arff,1,41500.0,6.265625,4.8368302587833654E-9,41500.0,0.9187146165723109,0.234109014188343,0.836,0.6699085405126883,0.9238290313805188,0.8656716417910447,0.8343288358189175,0.8146551724137931,0.6604808939439288,41500.0,2984.0
meta.imbalanced.OnlineAdaBoost -l (trees.HoeffdingTree -e 2000000 -g 100 -c 0.01),ArffFileStream -f ./../../../Dataset/Synthetic_IM50/stream_gen_hyperplane.arff,1,42000.0,6.328125,4.88507794216275E-9,42000.0,0.9023554466701894,0.22692171382485055,0.842,0.6830059065228556,0.9187146165723109,0.9455252918287937,0.8394143311099173,0.7942386831275721,0.6729262161762531,42000.0,2984.0
meta.imbalanced.OnlineAdaBoost -l (trees.HoeffdingTree -e 2000000 -g 100 -c 0.01),ArffFileStream -f ./../../../Dataset/Synthetic_IM50/stream_gen_hyperplane.arff,1,42500.0,6.390625,4.933325625542135E-9,42500.0,0.9287828100874935,0.24612785673820742,0.846,0.6908425143738155,0.9023554466701894,0.8656716417910447,0.8459205488012451,0.8448275862068966,0.681073969398694,42500.0,2984.0
meta.imbalanced.OnlineAdaBoost -l (trees.HoeffdingTree -e 2000000 -g 100 -c 0.01),ArffFileStream -f ./../../../Dataset/Synthetic_IM50/stream_gen_hyperplane.arff,1,43000.0,6.453125,4.98157330892152E-9,43000.0,0.920536858974359,0.251099153692596,0.862,0.723336006415397,0.9287828100874935,0.9230769230769231,0.8612379283512595,0.8458333333333333,0.7141893844523649,43000.0,2984.0
meta.imbalanced.OnlineAdaBoost -l (trees.HoeffdingTree -e 2000000 -g 100 -c 0.01),ArffFileStream -f ./../../../Dataset/Synthetic_IM50/stream_gen_hyperplane.arff,1,43500.0,6.5,5.017759071456059E-9,43500.0,0.9145364853610096,0.24605995750042575,0.856,0.7113349156456475,0.920536858974359,0.937984496124031,0.8548568997479659,0.8305785123966942,0.7017568918725896,43500.0,2984.0
meta.imbalanced.OnlineAdaBoost -l (trees.HoeffdingTree -e 2000000 -g 100 -c 0.01),ArffFileStream -f ./../../../Dataset/Synthetic_IM50/stream_gen_hyperplane.arff,1,44000.0,6.5625,5.066006754835444E-9,44000.0,0.9165959898225344,0.2392252317322467,0.858,0.7157817203612373,0.9145364853610096,0.9762845849802372,0.8572198171515565,0.8299595141700404,0.7059487951807228,44000.0,2984.0
meta.imbalanced.OnlineAdaBoost -l (trees.HoeffdingTree -e 2000000 -g 100 -c 0.01),ArffFileStream -f ./../../../Dataset/Synthetic_IM50/stream_gen_hyperplane.arff,1,44500.0,6.625,5.114254438214829E-9,44500.0,0.9347616909359163,0.2416789906743917,0.864,0.7285212392206962,0.9165959898225344,1.1008403361344539,0.8649877812416489,0.8282442748091603,0.7184068490601153,44500.0,2984.0
meta.imbalanced.OnlineAdaBoost -l (trees.HoeffdingTree -e 2000000 -g 100 -c 0.01),ArffFileStream -f ./../../../Dataset/Synthetic_IM50/stream_gen_hyperplane.arff,1,45000.0,6.6875,5.162502121594214E-9,45000.0,0.9299923121276187,0.25594626537873266,0.884,0.7677026594040371,0.9347616909359163,1.0661157024793388,0.8837192442940242,0.8914728682170543,0.7598233183031196,45000.0,2984.0
meta.imbalanced.OnlineAdaBoost -l (trees.HoeffdingTree -e 2000000 -g 100 -c 0.01),ArffFileStream -f ./../../../Dataset/Synthetic_IM50/stream_gen_hyperplane.arff,1,45500.0,6.75,5.210749804973599E-9,45500.0,0.9114931806484817,0.24761916123216637,0.858,0.715261958997722,0.9299923121276187,1.1551724137931034,0.8585272072085086,0.8507462686567164,0.7059573112456196,45500.0,2984.0
meta.imbalanced.OnlineAdaBoost -l (trees.HoeffdingTree -e 2000000 -g 100 -c 0.01),ArffFileStream -f ./../../../Dataset/Synthetic_IM50/stream_gen_hyperplane.arff,1,46000.0,6.796875,5.246935567508138E-9,46000.0,0.9399702013809897,0.2628547891004902,0.872,0.7435198691951332,0.9114931806484817,0.9305019305019305,0.8714540860897461,0.8589211618257261,0.73494192851355,46000.0,2984.0
meta.imbalanced.OnlineAdaBoost -l (trees.HoeffdingTree -e 2000000 -g 100 -c 0.01),ArffFileStream -f ./../../../Dataset/Synthetic_IM50/stream_gen_hyperplane.arff,1,46500.0,6.875,5.307245171732369E-9,46500.0,0.906914595701781,0.2306108543177251,0.844,0.6878051904388338,0.9399702013809897,0.9762845849802372,0.8434538776245504,0.8218623481781376,0.6769395207980761,46500.0,2984.0
meta.imbalanced.OnlineAdaBoost -l (trees.HoeffdingTree -e 2000000 -g 100 -c 0.01),ArffFileStream -f ./../../../Dataset/Synthetic_IM50/stream_gen_hyperplane.arff,1,47000.0,6.921875,5.3434309342669084E-9,47000.0,0.927950221026331,0.2440813409387071,0.864,0.7276513937840435,0.906914595701781,0.937984496124031,0.8636919977629802,0.8553719008264463,0.7183520599250937,47000.0,2984.0
meta.imbalanced.OnlineAdaBoost -l (trees.HoeffdingTree -e 2000000 -g 100 -c 0.01),ArffFileStream -f ./../../../Dataset/Synthetic_IM50/stream_gen_hyperplane.arff,1,47500.0,6.984375,5.391678617646293E-9,47500.0,0.9267348277572441,0.24503740941896407,0.864,0.7280217582593392,0.927950221026331,1.0080321285140563,0.8639698739557357,0.852589641434263,0.7184817187431908,47500.0,2984.0
meta.imbalanced.OnlineAdaBoost -l (trees.HoeffdingTree -e 2000000 -g 100 -c 0.01),ArffFileStream -f ./../../../Dataset/Synthetic_IM50/stream_gen_hyperplane.arff,1,48000.0,7.046875,5.439926301025678E-9,48000.0,0.8974872424261998,0.23961688799500497,0.834,0.6624259777445174,0.9267348277572441,0.8248175182481752,0.8269841888773858,0.7743362831858407,0.6561070349589986,48000.0,2984.0
meta.imbalanced.OnlineAdaBoost -l (trees.HoeffdingTree -e 2000000 -g 100 -c 0.01),ArffFileStream -f ./../../../Dataset/Synthetic_IM50/stream_gen_hyperplane.arff,1,48500.0,7.125,5.50023590524991E-9,48500.0,0.9046223332692678,0.23547231534949753,0.838,0.6757094356543463,0.8974872424261998,1.0661157024793388,0.8378919455528382,0.8410852713178295,0.6645461531893091,48500.0,2984.0
meta.imbalanced.OnlineAdaBoost -l (trees.HoeffdingTree -e 2000000 -g 100 -c 0.01),ArffFileStream -f ./../../../Dataset/Synthetic_IM50/stream_gen_hyperplane.arff,1,49000.0,7.203125,5.560545509474141E-9,49000.0,0.9166065039867802,0.24561116312487963,0.85,0.6983687783533348,0.9046223332692678,0.9011406844106464,0.8475602876639943,0.8143459915611815,0.6891914749661705,49000.0,2984.0
meta.imbalanced.OnlineAdaBoost -l (trees.HoeffdingTree -e 2000000 -g 100 -c 0.01),ArffFileStream -f ./../../../Dataset/Synthetic_IM50/stream_gen_hyperplane.arff,1,49500.0,7.265625,5.608793192853526E-9,49500.0,0.9178246670081968,0.25303941734671653,0.852,0.7036586147241621,0.9166065039867802,0.953125,0.8514843596649903,0.8360655737704918,0.6933701657458563,49500.0,2984.0
meta.imbalanced.OnlineAdaBoost -l (trees.HoeffdingTree -e 2000000 -g 100 -c 0.01),ArffFileStream -f ./../../../Dataset/Synthetic_IM50/stream_gen_hyperplane.arff,1,50000.0,7.328125,5.657040876232911E-9,50000.0,0.9277183657786885,0.2631304481846824,0.868,0.7357463164638052,0.9178246670081968,1.0491803278688525,0.8676598597216142,0.87890625,0.7263908465301384,50000.0,2984.0
meta.imbalanced.OnlineAdaBoost -l (trees.HoeffdingTree -e 2000000 -g 100 -c 0.01),ArffFileStream -f ./../../../Dataset/Synthetic_IM50/stream_gen_hyperplane.arff,1,50500.0,7.390625,5.705288559612296E-9,50500.0,0.9251188019008304,0.2490302471950535,0.854,0.7078971798072922,0.9277183657786885,0.9920318725099602,0.8527670463767735,0.8112449799196787,0.6971452043540768,50500.0,2984.0
meta.imbalanced.OnlineAdaBoost -l (trees.HoeffdingTree -e 2000000 -g 100 -c 0.01),ArffFileStream -f ./../../../Dataset/Synthetic_IM50/stream_gen_hyperplane.arff,1,51000.0,7.453125,5.753536242991681E-9,51000.0,0.9114013187375968,0.2521409070821448,0.84,0.6802864633288573,0.9251188019008304,1.032520325203252,0.8398693811705613,0.8070866141732284,0.6680227827502033,51000.0,2984.0
meta.imbalanced.OnlineAdaBoost -l (trees.HoeffdingTree -e 2000000 -g 100 -c 0.01),ArffFileStream -f ./../../../Dataset/Synthetic_IM50/stream_gen_hyperplane.arff,1,51500.0,7.515625,5.801783926371066E-9,51500.0,0.9087545646742264,0.25594582924580483,0.866,0.7313466350163598,0.9114013187375968,0.937984496124031,0.8647576267898222,0.8388429752066116,0.7220029004189494,51500.0,2984.0
meta.imbalanced.OnlineAdaBoost -l (trees.HoeffdingTree -e 2000000 -g 100 -c 0.01),ArffFileStream -f ./../../../Dataset/Synthetic_IM50/stream_gen_hyperplane.arff,1,52000.0,7.59375,5.862093530595297E-9,52000.0,0.8983993597438975,0.24633070417790204,0.84,0.6796155386463756,0.9087545646742264,0.9607843137254902,0.83921493831144,0.8163265306122449,0.6680233022105179,52000.0,2984.0
meta.imbalanced.OnlineAdaBoost -l (trees.HoeffdingTree -e 2000000 -g 100 -c 0.01),ArffFileStream -f ./../../../Dataset/Synthetic_IM50/stream_gen_hyperplane.arff,1,52500.0,7.65625,5.910341213974682E-9,52500.0,0.9202828981054787,0.25574280288201606,0.858,0.7159727333824046,0.8983993597438975,0.9841269841269841,0.8579691784155834,0.8548387096774194,0.7052427645105172,52500.0,2984.0
meta.imbalanced.OnlineAdaBoost -l (trees.HoeffdingTree -e 2000000 -g 100 -c 0.01),ArffFileStream -f ./../../../Dataset/Synthetic_IM50/stream_gen_hyperplane.arff,1,53000.0,7.71875,5.958588897354067E-9,53000.0,0.8967453917050692,0.22699319259473033,0.822,0.6440113916354676,0.9202828981054787,1.0161290322580645,0.8220238720911713,0.8174603174603174,0.63061863743148,53000.0,2984.0
meta.imbalanced.OnlineAdaBoost -l (trees.HoeffdingTree -e 2000000 -g 100 -c 0.01),ArffFileStream -f ./../../../Dataset/Synthetic_IM50/stream_gen_hyperplane.arff,1,53500.0,7.78125,6.006836580733452E-9,53500.0,0.9119303635432667,0.2391788374767459,0.846,0.6921674609012696,0.8967453917050692,1.0161290322580645,0.8454949740548868,0.8095238095238095,0.6803863759795173,53500.0,2984.0
meta.imbalanced.OnlineAdaBoost -l (trees.HoeffdingTree -e 2000000 -g 100 -c 0.01),ArffFileStream -f ./../../../Dataset/Synthetic_IM50/stream_gen_hyperplane.arff,1,54000.0,7.828125,6.043022343267991E-9,54000.0,0.933115719406042,0.26063828197218325,0.88,0.7600614242753855,0.9119303635432667,1.0161290322580645,0.8799463367476198,0.8611111111111112,0.751046909216643,54000.0,2984.0
meta.imbalanced.OnlineAdaBoost -l (trees.HoeffdingTree -e 2000000 -g 100 -c 0.01),ArffFileStream -f ./../../../Dataset/Synthetic_IM50/stream_gen_hyperplane.arff,1,54500.0,7.890625,6.091270026647376E-9,54500.0,0.9119068647129667,0.25059777205955663,0.832,0.6629483990048952,0.933115719406042,1.127659574468085,0.8316114956196362,0.8377358490566038,0.6512664254427727,54500.0,2984.0
meta.imbalanced.OnlineAdaBoost -l (trees.HoeffdingTree -e 2000000 -g 100 -c 0.01),ArffFileStream -f ./../../../Dataset/Synthetic_IM50/stream_gen_hyperplane.arff,1,55000.0,7.953125,6.139517710026761E-9,55000.0,0.9169921875,0.24096441329912488,0.84,0.6803682158153807,0.9119068647129667,1.0491803278688525,0.8401562812026476,0.80859375,0.6678493243753302,55000.0,2984.0
meta.imbalanced.OnlineAdaBoost -l (trees.HoeffdingTree -e 2000000 -g 100 -c 0.01),ArffFileStream -f ./../../../Dataset/Synthetic_IM50/stream_gen_hyperplane.arff,1,55500.0,8.015625,6.187765393406146E-9,55500.0,0.912128,0.23850472459194466,0.832,0.6639999999999999,0.9169921875,1.0,0.8319615375725009,0.824,0.6513349786852142,55500.0,2984.0
meta.imbalanced.OnlineAdaBoost -l (trees.HoeffdingTree -e 2000000 -g 100 -c 0.01),ArffFileStream -f ./../../../Dataset/Synthetic_IM50/stream_gen_hyperplane.arff,1,56000.0,8.078125,6.2360130767855306E-9,56000.0,0.9188947023152371,0.24469656281742547,0.854,0.7079719653086696,0.912128,0.9920318725099602,0.8538920693545864,0.8433734939759037,0.6970617659046278,56000.0,2984.0
meta.imbalanced.OnlineAdaBoost -l (trees.HoeffdingTree -e 2000000 -g 100 -c 0.01),ArffFileStream -f ./../../../Dataset/Synthetic_IM50/stream_gen_hyperplane.arff,1,56500.0,8.140625,6.2842607601649155E-9,56500.0,0.8932212885154062,0.22678357141663114,0.836,0.6718687474989995,0.9188947023152371,0.9607843137254902,0.8359279336187311,0.8326530612244898,0.6597510373443982,56500.0,2984.0
meta.imbalanced.OnlineAdaBoost -l (trees.HoeffdingTree -e 2000000 -g 100 -c 0.01),ArffFileStream -f ./../../../Dataset/Synthetic_IM50/stream_gen_hyperplane.arff,1,57000.0,8.1875,6.3204465226994545E-9,57000.0,0.9248271889400922,0.2523202242238778,0.858,0.7158454199084301,0.8932212885154062,0.9841269841269841,0.8571855254783562,0.8266129032258065,0.7054585152838427,57000.0,2984.0
meta.imbalanced.OnlineAdaBoost -l (trees.HoeffdingTree -e 2000000 -g 100 -c 0.01),ArffFileStream -f ./../../../Dataset/Synthetic_IM50/stream_gen_hyperplane.arff,1,57500.0,8.265625,6.380756126923686E-9,57500.0,0.9243246705417048,0.24210278718510203,0.868,0.7354963851172632,0.9248271889400922,0.9455252918287937,0.867011730095191,0.8436213991769548,0.7261311972288373,57500.0,2984.0
meta.imbalanced.OnlineAdaBoost -l (trees.HoeffdingTree -e 2000000 -g 100 -c 0.01),ArffFileStream -f ./../../../Dataset/Synthetic_IM50/stream_gen_hyperplane.arff,1,58000.0,8.3125,6.416941889458225E-9,58000.0,0.9065669107162883,0.2571792304613146,0.832,0.6634669316196855,0.9243246705417048,1.0746887966804979,0.8315769418354559,0.8416988416988417,0.6515395343847226,58000.0,2984.0
meta.imbalanced.OnlineAdaBoost -l (trees.HoeffdingTree -e 2000000 -g 100 -c 0.01),ArffFileStream -f ./../../../Dataset/Synthetic_IM50/stream_gen_hyperplane.arff,1,58500.0,8.390625,6.477251493682457E-9,58500.0,0.9090516137295082,0.2379837729467531,0.836,0.6719999999999999,0.9065669107162883,1.0491803278688525,0.8361547184072778,0.828125,0.6598716630623603,58500.0,2984.0
meta.imbalanced.OnlineAdaBoost -l (trees.HoeffdingTree -e 2000000 -g 100 -c 0.01),ArffFileStream -f ./../../../Dataset/Synthetic_IM50/stream_gen_hyperplane.arff,1,59000.0,8.453125,6.5254991770618416E-9,59000.0,0.9249597423510467,0.2576168649666455,0.886,0.7713414634146342,0.9090516137295082,1.173913043478261,0.886942313043338,0.8740740740740741,0.7634771600379787,59000.0,2984.0
meta.imbalanced.OnlineAdaBoost -l (trees.HoeffdingTree -e 2000000 -g 100 -c 0.01),ArffFileStream -f ./../../../Dataset/Synthetic_IM50/stream_gen_hyperplane.arff,1,59500.0,8.5,6.561684939596381E-9,59500.0,0.9304879610655737,0.256607567585889,0.864,0.7277909434445654,0.9249597423510467,0.953125,0.8637949858988152,0.8565573770491803,0.7179799951207612,59500.0,2984.0
meta.imbalanced.OnlineAdaBoost -l (trees.HoeffdingTree -e 2000000 -g 100 -c 0.01),ArffFileStream -f ./../../../Dataset/Synthetic_IM50/stream_gen_hyperplane.arff,1,60000.0,8.578125,6.621994543820612E-9,60000.0,0.9264054023779424,0.25442253430207895,0.88,0.7600115194470666,0.9304879610655737,1.0242914979757085,0.8800542752330331,0.8735177865612648,0.7513125172699641,60000.0,2984.0
meta.imbalanced.OnlineAdaBoost -l (trees.HoeffdingTree -e 2000000 -g 100 -c 0.01),ArffFileStream -f ./../../../Dataset/Synthetic_IM50/stream_gen_hyperplane.arff,1,60500.0,8.625,6.658180306355151E-9,60500.0,0.9169587835134053,0.2573376190291704,0.856,0.7119769581566525,0.9264054023779424,1.0408163265306123,0.856087118266374,0.8509803921568627,0.7013984096517686,60500.0,2984.0
meta.imbalanced.OnlineAdaBoost -l (trees.HoeffdingTree -e 2000000 -g 100 -c 0.01),ArffFileStream -f ./../../../Dataset/Synthetic_IM50/stream_gen_hyperplane.arff,1,61000.0,8.6875,6.706427989734536E-9,61000.0,0.9009052388289677,0.25426469311263294,0.858,0.714529254720319,0.9169587835134053,0.8939393939393939,0.8561463929271905,0.8305084745762712,0.7055043688165097,61000.0,2984.0
meta.imbalanced.OnlineAdaBoost -l (trees.HoeffdingTree -e 2000000 -g 100 -c 0.01),ArffFileStream -f ./../../../Dataset/Synthetic_IM50/stream_gen_hyperplane.arff,1,61500.0,8.75,6.754675673113921E-9,61500.0,0.9451780712284914,0.27379843728448056,0.896,0.7919167667066828,0.9009052388289677,0.9607843137254902,0.895955967019549,0.8938775510204081,0.7843269490153764,61500.0,2984.0
meta.imbalanced.OnlineAdaBoost -l (trees.HoeffdingTree -e 2000000 -g 100 -c 0.01),ArffFileStream -f ./../../../Dataset/Synthetic_IM50/stream_gen_hyperplane.arff,1,62000.0,8.796875,6.79086143564846E-9,62000.0,0.9399030384486152,0.26058603137040437,0.872,0.7440450480715394,0.9451780712284914,1.0080321285140563,0.8717775862790687,0.848605577689243,0.7346884193634662,62000.0,2984.0
meta.imbalanced.OnlineAdaBoost -l (trees.HoeffdingTree -e 2000000 -g 100 -c 0.01),ArffFileStream -f ./../../../Dataset/Synthetic_IM50/stream_gen_hyperplane.arff,1,62500.0,8.859375,6.839109119027845E-9,62500.0,0.9281504260362611,0.24961644727709464,0.854,0.7081120849593755,0.9399030384486152,1.0661157024793388,0.8543790040761704,0.8372093023255814,0.697346600331675,62500.0,2984.0
meta.imbalanced.OnlineAdaBoost -l (trees.HoeffdingTree -e 2000000 -g 100 -c 0.01),ArffFileStream -f ./../../../Dataset/Synthetic_IM50/stream_gen_hyperplane.arff,1,63000.0,8.921875,6.88735680240723E-9,63000.0,0.9132639958911145,0.2525877888393598,0.852,0.703601640604973,0.9281504260362611,0.8939393939393939,0.8523981246561425,0.8601694915254238,0.6932390195755881,63000.0,2984.0
meta.imbalanced.OnlineAdaBoost -l (trees.HoeffdingTree -e 2000000 -g 100 -c 0.01),ArffFileStream -f ./../../../Dataset/Synthetic_IM50/stream_gen_hyperplane.arff,1,63500.0,8.984375,6.935604485786615E-9,63500.0,0.9291028656458503,0.2648784263316142,0.862,0.724,0.9132639958911145,0.9920318725099602,0.862004575875454,0.8634538152610441,0.7140386372536222,63500.0,2984.0
meta.imbalanced.OnlineAdaBoost -l (trees.HoeffdingTree -e 2000000 -g 100 -c 0.01),ArffFileStream -f ./../../../Dataset/Synthetic_IM50/stream_gen_hyperplane.arff,1,64000.0,9.046875,6.983852169166E-9,64000.0,0.94888,0.28742636103024183,0.878,0.756,0.9291028656458503,1.0,0.8778154703580929,0.86,0.7471993783591271,64000.0,2984.0
meta.imbalanced.OnlineAdaBoost -l (trees.HoeffdingTree -e 2000000 -g 100 -c 0.01),ArffFileStream -f ./../../../Dataset/Synthetic_IM50/stream_gen_hyperplane.arff,1,64500.0,9.109375,7.0320998525453846E-9,64500.0,0.9085585369365909,0.25953615613497144,0.85,0.700038395085429,0.94888,1.0080321285140563,0.8498914972212116,0.8326693227091634,0.6892165365712632,64500.0,2984.0
meta.imbalanced.OnlineAdaBoost -l (trees.HoeffdingTree -e 2000000 -g 100 -c 0.01),ArffFileStream -f ./../../../Dataset/Synthetic_IM50/stream_gen_hyperplane.arff,1,65000.0,9.171875,7.0803475359247695E-9,65000.0,0.929531490015361,0.25695136150184056,0.85,0.7001247481047883,0.9085585369365909,0.9841269841269841,0.8497424386139407,0.8790322580645161,0.6890745583264238,65000.0,2984.0
meta.imbalanced.OnlineAdaBoost -l (trees.HoeffdingTree -e 2000000 -g 100 -c 0.01),ArffFileStream -f ./../../../Dataset/Synthetic_IM50/stream_gen_hyperplane.arff,1,65500.0,9.234375,7.128595219304154E-9,65500.0,0.9402167804094741,0.26895590646240364,0.886,0.7716712065374138,0.929531490015361,1.127659574468085,0.8866012759754073,0.8754716981132076,0.763695053640938,65500.0,2984.0
meta.imbalanced.OnlineAdaBoost -l (trees.HoeffdingTree -e 2000000 -g 100 -c 0.01),ArffFileStream -f ./../../../Dataset/Synthetic_IM50/stream_gen_hyperplane.arff,1,66000.0,9.296875,7.176842902683539E-9,66000.0,0.917562896101402,0.25895199196908103,0.862,0.7238762965808682,0.9402167804094741,1.032520325203252,0.8618295330498216,0.8700787401574803,0.7139267541931026,66000.0,2984.0
meta.imbalanced.OnlineAdaBoost -l (trees.HoeffdingTree -e 2000000 -g 100 -c 0.01),ArffFileStream -f ./../../../Dataset/Synthetic_IM50/stream_gen_hyperplane.arff,1,66500.0,9.34375,7.213028665218078E-9,66500.0,0.9288927446822184,0.2596867868684465,0.866,0.7305514445659868,0.917562896101402,0.8796992481203008,0.8646050727080301,0.8461538461538461,0.7221650609546971,66500.0,2984.0
meta.imbalanced.OnlineAdaBoost -l (trees.HoeffdingTree -e 2000000 -g 100 -c 0.01),ArffFileStream -f ./../../../Dataset/Synthetic_IM50/stream_gen_hyperplane.arff,1,67000.0,9.421875,7.27333826944231E-9,67000.0,0.90687474989996,0.25140692076588217,0.848,0.6959270224853964,0.9288927446822184,1.0408163265306123,0.8480186638640123,0.8470588235294118,0.6850666419272041,67000.0,2984.0
meta.imbalanced.OnlineAdaBoost -l (trees.HoeffdingTree -e 2000000 -g 100 -c 0.01),ArffFileStream -f ./../../../Dataset/Synthetic_IM50/stream_gen_hyperplane.arff,1,67500.0,9.515625,7.345709794511388E-9,67500.0,0.9191036414565826,0.2668611626209741,0.862,0.7239558329332694,0.90687474989996,0.9607843137254902,0.8620587323977649,0.8653061224489796,0.7139830508474576,67500.0,2984.0
meta.imbalanced.OnlineAdaBoost -l (trees.HoeffdingTree -e 2000000 -g 100 -c 0.01),ArffFileStream -f ./../../../Dataset/Synthetic_IM50/stream_gen_hyperplane.arff,1,68000.0,9.578125,7.393957477890773E-9,68000.0,0.9118113008273191,0.25681364358111275,0.834,0.6680637317635013,0.9191036414565826,1.0242914979757085,0.8340576562282991,0.8221343873517787,0.6560528961881836,68000.0,2984.0
meta.imbalanced.OnlineAdaBoost -l (trees.HoeffdingTree -e 2000000 -g 100 -c 0.01),ArffFileStream -f ./../../../Dataset/Synthetic_IM50/stream_gen_hyperplane.arff,1,68500.0,9.640625,7.442205161270158E-9,68500.0,0.9202493413019729,0.2513927070701339,0.874,0.7463768115942029,0.9118113008273191,0.8796992481203008,0.8719323653470686,0.8461538461538461,0.7389213224840437,68500.0,2984.0
meta.imbalanced.OnlineAdaBoost -l (trees.HoeffdingTree -e 2000000 -g 100 -c 0.01),ArffFileStream -f ./../../../Dataset/Synthetic_IM50/stream_gen_hyperplane.arff,1,69000.0,9.6875,7.478390923804696E-9,69000.0,0.9170507649958389,0.25760762798603243,0.846,0.6920591246480675,0.9202493413019729,1.032520325203252,0.8461059444235765,0.8346456692913385,0.6809296459778398,69000.0,2984.0
meta.imbalanced.OnlineAdaBoost -l (trees.HoeffdingTree -e 2000000 -g 100 -c 0.01),ArffFileStream -f ./../../../Dataset/Synthetic_IM50/stream_gen_hyperplane.arff,1,69500.0,9.765625,7.538700528028927E-9,69500.0,0.9269268308292933,0.2510206334426308,0.864,0.728030460588414,0.9170507649958389,1.0080321285140563,0.8639235740637415,0.848605577689243,0.7182712369597615,69500.0,2984.0
meta.imbalanced.OnlineAdaBoost -l (trees.HoeffdingTree -e 2000000 -g 100 -c 0.01),ArffFileStream -f ./../../../Dataset/Synthetic_IM50/stream_gen_hyperplane.arff,1,70000.0,9.828125,7.586948211408312E-9,70000.0,0.9192957182873149,0.2691077332703636,0.866,0.7320428731402975,0.9269268308292933,1.0408163265306123,0.8661524623501419,0.8549019607843137,0.7223373394115209,70000.0,2984.0
meta.imbalanced.OnlineAdaBoost -l (trees.HoeffdingTree -e 2000000 -g 100 -c 0.01),ArffFileStream -f ./../../../Dataset/Synthetic_IM50/stream_gen_hyperplane.arff,1,70500.0,9.890625,7.635195894787697E-9,70500.0,0.929900166923472,0.2641499831174891,0.878,0.7551773960507304,0.9192957182873149,1.11864406779661,0.8774591241977626,0.8863636363636364,0.7471632665059674,70500.0,2984.0
meta.imbalanced.OnlineAdaBoost -l (trees.HoeffdingTree -e 2000000 -g 100 -c 0.01),ArffFileStream -f ./../../../Dataset/Synthetic_IM50/stream_gen_hyperplane.arff,1,71000.0,9.953125,7.683443578167081E-9,71000.0,0.9078991596638656,0.2619438911497019,0.85,0.7,0.929900166923472,1.0408163265306123,0.8501112136833934,0.8431372549019608,0.6892597671636566,71000.0,2984.0
meta.imbalanced.OnlineAdaBoost -l (trees.HoeffdingTree -e 2000000 -g 100 -c 0.01),ArffFileStream -f ./../../../Dataset/Synthetic_IM50/stream_gen_hyperplane.arff,1,71500.0,10.015625,7.731691261546466E-9,71500.0,0.9288141025641026,0.26699646459232756,0.862,0.7237790232185749,0.9078991596638656,1.0833333333333333,0.8621678104251708,0.8576923076923076,0.7141574205510008,71500.0,2984.0
meta.imbalanced.OnlineAdaBoost -l (trees.HoeffdingTree -e 2000000 -g 100 -c 0.01),ArffFileStream -f ./../../../Dataset/Synthetic_IM50/stream_gen_hyperplane.arff,1,72000.0,10.078125,7.779938944925851E-9,72000.0,0.9245032051282052,0.2628638285771488,0.874,0.7477982385908727,0.9288141025641026,0.9230769230769231,0.8741846017568131,0.8791666666666667,0.7389953392024857,72000.0,2984.0
meta.imbalanced.OnlineAdaBoost -l (trees.HoeffdingTree -e 2000000 -g 100 -c 0.01),ArffFileStream -f ./../../../Dataset/Synthetic_IM50/stream_gen_hyperplane.arff,1,72500.0,10.140625,7.828186628305236E-9,72500.0,0.9263545418167267,0.2637014467402631,0.868,0.7360211183105352,0.9245032051282052,1.0408163265306123,0.8681367775793365,0.8588235294117647,0.7266729500471254,72500.0,2984.0
meta.imbalanced.OnlineAdaBoost -l (trees.HoeffdingTree -e 2000000 -g 100 -c 0.01),ArffFileStream -f ./../../../Dataset/Synthetic_IM50/stream_gen_hyperplane.arff,1,73000.0,10.203125,7.876434311684621E-9,73000.0,0.912260136491369,0.24720383673307944,0.848,0.6951953156332717,0.9263545418167267,0.8867924528301887,0.8479318121695405,0.8468085106382979,0.6852912814113108,73000.0,2984.0
meta.imbalanced.OnlineAdaBoost -l (trees.HoeffdingTree -e 2000000 -g 100 -c 0.01),ArffFileStream -f ./../../../Dataset/Synthetic_IM50/stream_gen_hyperplane.arff,1,73500.0,10.265625,7.924681995064006E-9,73500.0,0.8945352564102564,0.23422337238360008,0.85,0.699663623258049,0.912260136491369,1.0833333333333333,0.85,0.85,0.6894628622933273,73500.0,2984.0
meta.imbalanced.OnlineAdaBoost -l (trees.HoeffdingTree -e 2000000 -g 100 -c 0.01),ArffFileStream -f ./../../../Dataset/Synthetic_IM50/stream_gen_hyperplane.arff,1,74000.0,10.328125,7.97292967844339E-9,74000.0,0.9153027889087368,0.23859097504819288,0.868,0.7344662772172066,0.8945352564102564,0.8587360594795539,0.8671744362703913,0.8571428571428571,0.7267080745341614,74000.0,2984.0
meta.imbalanced.OnlineAdaBoost -l (trees.HoeffdingTree -e 2000000 -g 100 -c 0.01),ArffFileStream -f ./../../../Dataset/Synthetic_IM50/stream_gen_hyperplane.arff,1,74500.0,10.390625,8.021177361822776E-9,74500.0,0.912955757313734,0.24286559702680433,0.838,0.6753454965209862,0.9153027889087368,0.9455252918287937,0.8368351269726388,0.8106995884773662,0.6646102542726136,74500.0,2984.0
meta.imbalanced.OnlineAdaBoost -l (trees.HoeffdingTree -e 2000000 -g 100 -c 0.01),ArffFileStream -f ./../../../Dataset/Synthetic_IM50/stream_gen_hyperplane.arff,1,75000.0,10.453125,8.06942504520216E-9,75000.0,0.9224494060535918,0.2458317624380273,0.884,0.7664115988723318,0.912955757313734,1.145922746781116,0.8820416431531024,0.9063670411985019,0.7598211081357149,75000.0,2984.0
meta.imbalanced.OnlineAdaBoost -l (trees.HoeffdingTree -e 2000000 -g 100 -c 0.01),ArffFileStream -f ./../../../Dataset/Synthetic_IM50/stream_gen_hyperplane.arff,1,75500.0,10.5,8.1056108077367E-9,75500.0,0.9268910256410257,0.2521218219285875,0.86,0.7192813602823227,0.9224494060535918,0.9230769230769231,0.8591140338028026,0.8416666666666667,0.7101330042506513,75500.0,2984.0
meta.imbalanced.OnlineAdaBoost -l (trees.HoeffdingTree -e 2000000 -g 100 -c 0.01),ArffFileStream -f ./../../../Dataset/Synthetic_IM50/stream_gen_hyperplane.arff,1,76000.0,10.5625,8.153858491116085E-9,76000.0,0.9105698867912443,0.25504443022118173,0.856,0.7119031994750236,0.9268910256410257,1.0576131687242798,0.85610198102323,0.8521400778210116,0.7018471094643928,76000.0,2984.0
meta.imbalanced.OnlineAdaBoost -l (trees.HoeffdingTree -e 2000000 -g 100 -c 0.01),ArffFileStream -f ./../../../Dataset/Synthetic_IM50/stream_gen_hyperplane.arff,1,76500.0,10.625,8.20210617449547E-9,76500.0,0.9012262455059066,0.23884588562618886,0.838,0.6751996920411895,0.9105698867912443,0.8939393939393939,0.8378217593630818,0.8347457627118644,0.6645554202192447,76500.0,2984.0
meta.imbalanced.OnlineAdaBoost -l (trees.HoeffdingTree -e 2000000 -g 100 -c 0.01),ArffFileStream -f ./../../../Dataset/Synthetic_IM50/stream_gen_hyperplane.arff,1,77000.0,10.6875,8.250353857874854E-9,77000.0,0.92400166923472,0.254119668768423,0.842,0.6830771205751147,0.9012262455059066,0.8939393939393939,0.8415872693891856,0.8347457627118644,0.6727898657916678,77000.0,2984.0
meta.imbalanced.OnlineAdaBoost -l (trees.HoeffdingTree -e 2000000 -g 100 -c 0.01),ArffFileStream -f ./../../../Dataset/Synthetic_IM50/stream_gen_hyperplane.arff,1,77500.0,10.75,8.29860154125424E-9,77500.0,0.8955286050721736,0.24377081817774127,0.826,0.6522003326084175,0.92400166923472,1.0746887966804979,0.826475194652931,0.806949806949807,0.6397274913171253,77500.0,2984.0
meta.imbalanced.OnlineAdaBoost -l (trees.HoeffdingTree -e 2000000 -g 100 -c 0.01),ArffFileStream -f ./../../../Dataset/Synthetic_IM50/stream_gen_hyperplane.arff,1,78000.0,10.8125,8.346849224633624E-9,78000.0,0.9236147778364454,0.26380414513313777,0.86,0.7200044799283212,0.8955286050721736,0.9920318725099602,0.8600068800825611,0.8634538152610441,0.7102295342974658,78000.0,2984.0
meta.imbalanced.OnlineAdaBoost -l (trees.HoeffdingTree -e 2000000 -g 100 -c 0.01),ArffFileStream -f ./../../../Dataset/Synthetic_IM50/stream_gen_hyperplane.arff,1,78500.0,10.875,8.395096908013009E-9,78500.0,0.9162784679089027,0.2556234181705415,0.856,0.7090956105759906,0.9236147778364454,1.2321428571428572,0.8547739975903115,0.8659420289855072,0.7018201002374043,78500.0,2984.0
meta.imbalanced.OnlineAdaBoost -l (trees.HoeffdingTree -e 2000000 -g 100 -c 0.01),ArffFileStream -f ./../../../Dataset/Synthetic_IM50/stream_gen_hyperplane.arff,1,79000.0,10.9375,8.443344591392394E-9,79000.0,0.9271068427370949,0.25636443878461584,0.878,0.7556089743589743,0.9162784679089027,0.9607843137254902,0.8767505212947616,0.8448979591836735,0.747392147612308,79000.0,2984.0
meta.imbalanced.OnlineAdaBoost -l (trees.HoeffdingTree -e 2000000 -g 100 -c 0.01),ArffFileStream -f ./../../../Dataset/Synthetic_IM50/stream_gen_hyperplane.arff,1,79500.0,11.0,8.491592274771779E-9,79500.0,0.9216599449459062,0.24760387571683018,0.846,0.6917040358744394,0.9271068427370949,0.968503937007874,0.8452543406895444,0.8211382113821138,0.6810306646171481,79500.0,2984.0
meta.imbalanced.OnlineAdaBoost -l (trees.HoeffdingTree -e 2000000 -g 100 -c 0.01),ArffFileStream -f ./../../../Dataset/Synthetic_IM50/stream_gen_hyperplane.arff,1,80000.0,11.046875,8.527778037306318E-9,80000.0,0.9309522284836066,0.25324485935976315,0.884,0.768,0.9216599449459062,1.0491803278688525,0.8841732268520502,0.875,0.7597099948213362,80000.0,2984.0
meta.imbalanced.OnlineAdaBoost -l (trees.HoeffdingTree -e 2000000 -g 100 -c 0.01),ArffFileStream -f ./../../../Dataset/Synthetic_IM50/stream_gen_hyperplane.arff,1,80500.0,11.109375,8.576025720685703E-9,80500.0,0.9312179487179487,0.2800718563770088,0.87,0.7392071898571658,0.9309522284836066,1.0833333333333333,0.8687597997971532,0.8923076923076924,0.7306999485331961,80500.0,2984.0
meta.imbalanced.OnlineAdaBoost -l (trees.HoeffdingTree -e 2000000 -g 100 -c 0.01),ArffFileStream -f ./../../../Dataset/Synthetic_IM50/stream_gen_hyperplane.arff,1,81000.0,11.171875,8.624273404065088E-9,81000.0,0.9250420168067227,0.2508516536207004,0.868,0.7360211183105352,0.9312179487179487,1.0408163265306123,0.8681367775793365,0.8588235294117647,0.7265123417316792,81000.0,2984.0
meta.imbalanced.OnlineAdaBoost -l (trees.HoeffdingTree -e 2000000 -g 100 -c 0.01),ArffFileStream -f ./../../../Dataset/Synthetic_IM50/stream_gen_hyperplane.arff,1,81500.0,11.234375,8.672521087444472E-9,81500.0,0.9060344689635308,0.24798394217089326,0.828,0.6559174201808433,0.9250420168067227,1.0242914979757085,0.8279050075008655,0.83399209486166,0.6436162098947474,81500.0,2984.0
meta.imbalanced.OnlineAdaBoost -l (trees.HoeffdingTree -e 2000000 -g 100 -c 0.01),ArffFileStream -f ./../../../Dataset/Synthetic_IM50/stream_gen_hyperplane.arff,1,82000.0,11.296875,8.720768770823857E-9,82000.0,0.9279231692677071,0.26065346647072246,0.878,0.7556872797180391,0.9060344689635308,0.9607843137254902,0.8771703204671505,0.8530612244897959,0.7471438681629764,82000.0,2984.0
meta.imbalanced.OnlineAdaBoost -l (trees.HoeffdingTree -e 2000000 -g 100 -c 0.01),ArffFileStream -f ./../../../Dataset/Synthetic_IM50/stream_gen_hyperplane.arff,1,82500.0,11.359375,8.769016454203242E-9,82500.0,0.9347752619128084,0.27141104156818213,0.874,0.746768280918387,0.9279231692677071,0.8587360594795539,0.873719241845564,0.8701298701298701,0.7387731510567185,82500.0,2984.0
meta.imbalanced.OnlineAdaBoost -l (trees.HoeffdingTree -e 2000000 -g 100 -c 0.01),ArffFileStream -f ./../../../Dataset/Synthetic_IM50/stream_gen_hyperplane.arff,1,83000.0,11.421875,8.817264137582627E-9,83000.0,0.930382886126178,0.26311351605793876,0.874,0.747975805677345,0.9347752619128084,0.9920318725099602,0.8738948558468034,0.8634538152610441,0.7388242345537186,83000.0,2984.0
meta.imbalanced.OnlineAdaBoost -l (trees.HoeffdingTree -e 2000000 -g 100 -c 0.01),ArffFileStream -f ./../../../Dataset/Synthetic_IM50/stream_gen_hyperplane.arff,1,83500.0,11.484375,8.865511820962012E-9,83500.0,0.9062825630420495,0.25452816596479433,0.852,0.7038436294363424,0.930382886126178,1.0920502092050208,0.8523652711198857,0.842911877394636,0.6932813779752302,83500.0,2984.0
meta.imbalanced.OnlineAdaBoost -l (trees.HoeffdingTree -e 2000000 -g 100 -c 0.01),ArffFileStream -f ./../../../Dataset/Synthetic_IM50/stream_gen_hyperplane.arff,1,84000.0,11.546875,8.913759504341397E-9,84000.0,0.920752,0.24642072341712773,0.86,0.72,0.9062825630420495,1.0,0.8594044449501062,0.828,0.709894664134001,84000.0,2984.0
meta.imbalanced.OnlineAdaBoost -l (trees.HoeffdingTree -e 2000000 -g 100 -c 0.01),ArffFileStream -f ./../../../Dataset/Synthetic_IM50/stream_gen_hyperplane.arff,1,84500.0,11.609375,8.962007187720782E-9,84500.0,0.9018308687023878,0.24271623274921866,0.84,0.6799180590231099,0.920752,1.032520325203252,0.8399551263616772,0.84251968503937,0.6683754813706492,84500.0,2984.0
meta.imbalanced.OnlineAdaBoost -l (trees.HoeffdingTree -e 2000000 -g 100 -c 0.01),ArffFileStream -f ./../../../Dataset/Synthetic_IM50/stream_gen_hyperplane.arff,1,85000.0,11.671875,9.010254871100167E-9,85000.0,0.9210244097639055,0.2591269239297631,0.85,0.6997117232543241,0.9018308687023878,0.9607843137254902,0.8494896427039146,0.8326530612244898,0.6890623094744542,85000.0,2984.0
meta.imbalanced.OnlineAdaBoost -l (trees.HoeffdingTree -e 2000000 -g 100 -c 0.01),ArffFileStream -f ./../../../Dataset/Synthetic_IM50/stream_gen_hyperplane.arff,1,85500.0,11.71875,9.046440633634706E-9,85500.0,0.9205530367356094,0.25938098963257705,0.864,0.7281174532601916,0.9210244097639055,1.0746887966804979,0.8644770253763341,0.8455598455598455,0.7180270624181581,85500.0,2984.0
meta.imbalanced.OnlineAdaBoost -l (trees.HoeffdingTree -e 2000000 -g 100 -c 0.01),ArffFileStream -f ./../../../Dataset/Synthetic_IM50/stream_gen_hyperplane.arff,1,86000.0,11.78125,9.09468831701409E-9,86000.0,0.928038550204918,0.26160057564241523,0.876,0.7517139744986224,0.9205530367356094,0.953125,0.8755121452004208,0.860655737704918,0.742918444589089,86000.0,2984.0
meta.imbalanced.OnlineAdaBoost -l (trees.HoeffdingTree -e 2000000 -g 100 -c 0.01),ArffFileStream -f ./../../../Dataset/Synthetic_IM50/stream_gen_hyperplane.arff,1,86500.0,11.828125,9.13087407954863E-9,86500.0,0.894112752236322,0.24435031920703432,0.858,0.7161090141385708,0.928038550204918,1.0242914979757085,0.8580035014387886,0.8379446640316206,0.7056906673056187,86500.0,2984.0
meta.imbalanced.OnlineAdaBoost -l (trees.HoeffdingTree -e 2000000 -g 100 -c 0.01),ArffFileStream -f ./../../../Dataset/Synthetic_IM50/stream_gen_hyperplane.arff,1,87000.0,11.890625,9.179121762928015E-9,87000.0,0.9371505687295161,0.268698041107383,0.872,0.7437375872893843,0.894112752236322,0.8796992481203008,0.8728715609439694,0.8888888888888888,0.734686584232721,87000.0,2984.0
meta.imbalanced.OnlineAdaBoost -l (trees.HoeffdingTree -e 2000000 -g 100 -c 0.01),ArffFileStream -f ./../../../Dataset/Synthetic_IM50/stream_gen_hyperplane.arff,1,87500.0,11.953125,9.2273694463074E-9,87500.0,0.9287954429083461,0.24894600840337677,0.88,0.7600460711543384,0.9371505687295161,1.0161290322580645,0.8799917958003264,0.8650793650793651,0.7513203704142293,87500.0,2984.0
meta.imbalanced.OnlineAdaBoost -l (trees.HoeffdingTree -e 2000000 -g 100 -c 0.01),ArffFileStream -f ./../../../Dataset/Synthetic_IM50/stream_gen_hyperplane.arff,1,88000.0,12.015625,9.275617129686784E-9,88000.0,0.9107085655711449,0.24794870121091,0.864,0.7276513937840435,0.9287954429083461,0.937984496124031,0.8636919977629802,0.8553719008264463,0.7181546287356051,88000.0,2984.0
meta.imbalanced.OnlineAdaBoost -l (trees.HoeffdingTree -e 2000000 -g 100 -c 0.01),ArffFileStream -f ./../../../Dataset/Synthetic_IM50/stream_gen_hyperplane.arff,1,88500.0,12.078125,9.32386481306617E-9,88500.0,0.9318967725409836,0.24553730813311364,0.874,0.7475395120700157,0.9107085655711449,0.953125,0.8728200303200362,0.8442622950819673,0.7388585747406383,88500.0,2984.0
meta.imbalanced.OnlineAdaBoost -l (trees.HoeffdingTree -e 2000000 -g 100 -c 0.01),ArffFileStream -f ./../../../Dataset/Synthetic_IM50/stream_gen_hyperplane.arff,1,89000.0,12.15625,9.3841744172904E-9,89000.0,0.8956860481892944,0.22443474637422517,0.834,0.667766107339567,0.9318967725409836,1.0920502092050208,0.8342682198812289,0.8275862068965517,0.6559705663189269,89000.0,2984.0
meta.imbalanced.OnlineAdaBoost -l (trees.HoeffdingTree -e 2000000 -g 100 -c 0.01),ArffFileStream -f ./../../../Dataset/Synthetic_IM50/stream_gen_hyperplane.arff,1,89500.0,12.21875,9.432422100669785E-9,89500.0,0.9241405799884771,0.24579235943533984,0.86,0.7198924386964595,0.8956860481892944,0.968503937007874,0.8598774817708719,0.8536585365853658,0.7099066978445581,89500.0,2984.0
meta.imbalanced.OnlineAdaBoost -l (trees.HoeffdingTree -e 2000000 -g 100 -c 0.01),ArffFileStream -f ./../../../Dataset/Synthetic_IM50/stream_gen_hyperplane.arff,1,90000.0,12.265625,9.468607863204324E-9,90000.0,0.8939772145417306,0.22739250685036255,0.836,0.6719999999999999,0.9241405799884771,0.9841269841269841,0.8360171835451684,0.8387096774193549,0.6601662330486034,90000.0,2984.0
meta.imbalanced.OnlineAdaBoost -l (trees.HoeffdingTree -e 2000000 -g 100 -c 0.01),ArffFileStream -f ./../../../Dataset/Synthetic_IM50/stream_gen_hyperplane.arff,1,90500.0,12.328125,9.516855546583709E-9,90500.0,0.9181111967128917,0.23763782711704928,0.838,0.6751996920411895,0.8939772145417306,0.8939393939393939,0.8378217593630818,0.8347457627118644,0.6642544713399133,90500.0,2984.0
meta.imbalanced.OnlineAdaBoost -l (trees.HoeffdingTree -e 2000000 -g 100 -c 0.01),ArffFileStream -f ./../../../Dataset/Synthetic_IM50/stream_gen_hyperplane.arff,1,91000.0,12.390625,9.565103229963094E-9,91000.0,0.8989026571488422,0.2416008971793676,0.846,0.6892855989928011,0.9181111967128917,0.8450184501845018,0.8437435563611047,0.8209606986899564,0.6807453982139602,91000.0,2984.0
meta.imbalanced.OnlineAdaBoost -l (trees.HoeffdingTree -e 2000000 -g 100 -c 0.01),ArffFileStream -f ./../../../Dataset/Synthetic_IM50/stream_gen_hyperplane.arff,1,91500.0,12.453125,9.613350913342479E-9,91500.0,0.9239502207948616,0.2380889306292121,0.862,0.7232028241335045,0.8989026571488422,0.8867924528301887,0.8618596681102175,0.8595744680851064,0.7138746006208787,91500.0,2984.0
meta.imbalanced.OnlineAdaBoost -l (trees.HoeffdingTree -e 2000000 -g 100 -c 0.01),ArffFileStream -f ./../../../Dataset/Synthetic_IM50/stream_gen_hyperplane.arff,1,92000.0,12.515625,9.661598596721864E-9,92000.0,0.9389283656616094,0.258754621201667,0.874,0.7479193341869398,0.9239502207948616,0.968503937007874,0.8739264954016198,0.8699186991869918,0.7387836041192509,92000.0,2984.0
meta.imbalanced.OnlineAdaBoost -l (trees.HoeffdingTree -e 2000000 -g 100 -c 0.01),ArffFileStream -f ./../../../Dataset/Synthetic_IM50/stream_gen_hyperplane.arff,1,92500.0,12.578125,9.709846280101248E-9,92500.0,0.9064705035280565,0.2331811601885293,0.86,0.719986559354849,0.9389283656616094,1.0080321285140563,0.8599696696775556,0.8645418326693227,0.7097714029583146,92500.0,2984.0
meta.imbalanced.OnlineAdaBoost -l (trees.HoeffdingTree -e 2000000 -g 100 -c 0.01),ArffFileStream -f ./../../../Dataset/Synthetic_IM50/stream_gen_hyperplane.arff,1,93000.0,12.640625,9.758093963480633E-9,93000.0,0.9253941576630652,0.24024098251944942,0.876,0.7519007603041217,0.9064705035280565,1.0408163265306123,0.8759468666336253,0.8784313725490196,0.7429564907275321,93000.0,2984.0
meta.imbalanced.OnlineAdaBoost -l (trees.HoeffdingTree -e 2000000 -g 100 -c 0.01),ArffFileStream -f ./../../../Dataset/Synthetic_IM50/stream_gen_hyperplane.arff,1,93500.0,12.71875,9.818403567704864E-9,93500.0,0.915298226501546,0.23659330946542773,0.848,0.6966552247146164,0.9253941576630652,1.0746887966804979,0.8484650737088533,0.806949806949807,0.6849269514709468,93500.0,2984.0
meta.imbalanced.OnlineAdaBoost -l (trees.HoeffdingTree -e 2000000 -g 100 -c 0.01),ArffFileStream -f ./../../../Dataset/Synthetic_IM50/stream_gen_hyperplane.arff,1,94000.0,12.765625,9.854589330239403E-9,94000.0,0.9268727418707347,0.2570156263340278,0.87,0.739499839692209,0.915298226501546,0.8867924528301887,0.870351101420039,0.8765957446808511,0.7303916161059019,94000.0,2984.0
meta.imbalanced.OnlineAdaBoost -l (trees.HoeffdingTree -e 2000000 -g 100 -c 0.01),ArffFileStream -f ./../../../Dataset/Synthetic_IM50/stream_gen_hyperplane.arff,1,94500.0,12.828125,9.902837013618788E-9,94500.0,0.9358454106280193,0.25947858387917244,0.882,0.7624033505154639,0.9268727418707347,0.8518518518518519,0.8810036729887372,0.8695652173913043,0.7552189660849523,94500.0,2984.0
meta.imbalanced.OnlineAdaBoost -l (trees.HoeffdingTree -e 2000000 -g 100 -c 0.01),ArffFileStream -f ./../../../Dataset/Synthetic_IM50/stream_gen_hyperplane.arff,1,95000.0,12.875,9.939022776153327E-9,95000.0,0.9163825270200721,0.24659689353490744,0.872,0.7426659804426144,0.9358454106280193,0.8656716417910447,0.8712837412085038,0.8620689655172413,0.7344224343154171,95000.0,2984.0
meta.imbalanced.OnlineAdaBoost -l (trees.HoeffdingTree -e 2000000 -g 100 -c 0.01),ArffFileStream -f ./../../../Dataset/Synthetic_IM50/stream_gen_hyperplane.arff,1,95500.0,12.9375,9.987270459532712E-9,95500.0,0.9285497111584068,0.24924889384694532,0.838,0.6761865165664577,0.9163825270200721,1.0242914979757085,0.8378669888694203,0.8102766798418972,0.6638712060312425,95500.0,2984.0
meta.imbalanced.OnlineAdaBoost -l (trees.HoeffdingTree -e 2000000 -g 100 -c 0.01),ArffFileStream -f ./../../../Dataset/Synthetic_IM50/stream_gen_hyperplane.arff,1,96000.0,13.0,1.0035518142912097E-8,96000.0,0.9149038461538461,0.25377859413813136,0.862,0.723336006415397,0.9285497111584068,0.9230769230769231,0.8612379283512595,0.8458333333333333,0.7136743824158723,96000.0,2984.0
meta.imbalanced.OnlineAdaBoost -l (trees.HoeffdingTree -e 2000000 -g 100 -c 0.01),ArffFileStream -f ./../../../Dataset/Synthetic_IM50/stream_gen_hyperplane.arff,1,96500.0,13.0625,1.0083765826291482E-8,96500.0,0.9262211126048269,0.2456597763650164,0.874,0.7479193341869398,0.9149038461538461,0.968503937007874,0.8739264954016198,0.8699186991869918,0.7385498645336086,96500.0,2984.0
meta.imbalanced.OnlineAdaBoost -l (trees.HoeffdingTree -e 2000000 -g 100 -c 0.01),ArffFileStream -f ./../../../Dataset/Synthetic_IM50/stream_gen_hyperplane.arff,1,97000.0,13.125,1.0132013509670867E-8,97000.0,0.9223557692307692,0.2559665961982104,0.844,0.6876001281640499,0.9262211126048269,1.0833333333333333,0.8439072740411041,0.8461538461538461,0.6763000834278134,97000.0,2984.0
meta.imbalanced.OnlineAdaBoost -l (trees.HoeffdingTree -e 2000000 -g 100 -c 0.01),ArffFileStream -f ./../../../Dataset/Synthetic_IM50/stream_gen_hyperplane.arff,1,97500.0,13.1875,1.0180261193050252E-8,97500.0,0.9084112448770492,0.23622214667339708,0.856,0.7112793532657513,0.9223557692307692,0.953125,0.8538500679420188,0.8114754098360656,0.7012003064612241,97500.0,2984.0
meta.imbalanced.OnlineAdaBoost -l (trees.HoeffdingTree -e 2000000 -g 100 -c 0.01),ArffFileStream -f ./../../../Dataset/Synthetic_IM50/stream_gen_hyperplane.arff,1,98000.0,13.265625,1.0240570797274482E-8,98000.0,0.907105580088318,0.24618405046663977,0.852,0.7027873724797172,0.9084112448770492,0.8867924528301887,0.851126252227029,0.8382978723404255,0.6928420160948751,98000.0,2984.0
meta.imbalanced.OnlineAdaBoost -l (trees.HoeffdingTree -e 2000000 -g 100 -c 0.01),ArffFileStream -f ./../../../Dataset/Synthetic_IM50/stream_gen_hyperplane.arff,1,98500.0,13.34375,1.0300880401498713E-8,98500.0,0.90486881775611,0.23796897567740144,0.838,0.6750641848523747,0.907105580088318,1.1008403361344539,0.8372233707971194,0.851145038167939,0.6639641157393757,98500.0,2984.0
meta.imbalanced.OnlineAdaBoost -l (trees.HoeffdingTree -e 2000000 -g 100 -c 0.01),ArffFileStream -f ./../../../Dataset/Synthetic_IM50/stream_gen_hyperplane.arff,1,99000.0,13.40625,1.0349128084878098E-8,99000.0,0.929150641025641,0.24469993075530344,0.86,0.7197309417040358,0.90486881775611,1.0833333333333333,0.8600927946359134,0.8576923076923076,0.7096348438187416,99000.0,2984.0
meta.imbalanced.OnlineAdaBoost -l (trees.HoeffdingTree -e 2000000 -g 100 -c 0.01),ArffFileStream -f ./../../../Dataset/Synthetic_IM50/stream_gen_hyperplane.arff,1,99500.0,13.46875,1.0397375768257483E-8,99500.0,0.9254192268305171,0.26114233601468334,0.866,0.7318541286459834,0.929150641025641,0.9841269841269841,0.865193566685572,0.8346774193548387,0.7221249635279897,99500.0,2984.0
meta.imbalanced.OnlineAdaBoost -l (trees.HoeffdingTree -e 2000000 -g 100 -c 0.01),ArffFileStream -f ./../../../Dataset/Synthetic_IM50/stream_gen_hyperplane.arff,1,100000.0,13.53125,1.0445623451636868E-8,100000.0,0.9257648953301127,0.2699634660340265,0.862,0.7221327319587628,0.9254192268305171,1.173913043478261,0.860850046136008,0.8740740740740741,0.7138176313224529,100000.0,2984.0
