Learner,stream,randomSeed,learning evaluation instances,evaluation time (cpu seconds),model cost (RAM-Hours),classified instances,AUC,sAUC,Accuracy,Kappa,Periodical holdout AUC,Pos/Neg ratio,G-Mean,Recall,KappaM,model training instances,model serialized size (bytes)
meta.imbalanced.RebalanceStream -l (trees.HoeffdingTree -e 2000000 -g 100 -c 0.01),ArffFileStream -f ./../../../Dataset/Synthetic_IM30/stream_gen_SEA.arff,1,500.0,0.0625,7.916241884231568E-11,500.0,0.8579705156886365,0.4935077966204898,0.848,0.628085422906023,0.0,0.42450142450142453,0.8002824603169448,0.7046979865771812,0.4685314685314685,500.0,4896.0
meta.imbalanced.RebalanceStream -l (trees.HoeffdingTree -e 2000000 -g 100 -c 0.01),ArffFileStream -f ./../../../Dataset/Synthetic_IM30/stream_gen_SEA.arff,1,1000.0,0.09375,1.2016648219691384E-10,1000.0,0.8922792940423048,0.5171917590209212,0.884,0.7018240144769583,0.8579705156886365,0.4409221902017291,0.8054292985344824,0.6601307189542484,0.6081081081081082,1000.0,5072.0
meta.imbalanced.RebalanceStream -l (trees.HoeffdingTree -e 2000000 -g 100 -c 0.01),ArffFileStream -f ./../../../Dataset/Synthetic_IM30/stream_gen_SEA.arff,1,1500.0,0.140625,1.8370984536078244E-10,1500.0,0.8367049684414953,0.5259106279710166,0.86,0.6684915417984807,0.8922792940423048,0.5015015015015015,0.8070934908032086,0.688622754491018,0.5464362850971921,1500.0,5240.0
meta.imbalanced.RebalanceStream -l (trees.HoeffdingTree -e 2000000 -g 100 -c 0.01),ArffFileStream -f ./../../../Dataset/Synthetic_IM30/stream_gen_SEA.arff,1,2000.0,0.15625,2.048909664154053E-10,2000.0,0.8544691470054446,0.4652842100482115,0.848,0.6166572512307319,0.8367049684414953,0.4367816091954023,0.7743696575965323,0.6381578947368421,0.505691056910569,2000.0,5240.0
meta.imbalanced.RebalanceStream -l (trees.HoeffdingTree -e 2000000 -g 100 -c 0.01),ArffFileStream -f ./../../../Dataset/Synthetic_IM30/stream_gen_SEA.arff,1,2500.0,0.171875,2.2607208747002816E-10,2500.0,0.8575238095238096,0.46768983150022614,0.854,0.6149789029535865,0.8544691470054446,0.42857142857142855,0.7538093734019042,0.5866666666666667,0.5228758169934641,2500.0,5240.0
meta.imbalanced.RebalanceStream -l (trees.HoeffdingTree -e 2000000 -g 100 -c 0.01),ArffFileStream -f ./../../../Dataset/Synthetic_IM30/stream_gen_SEA.arff,1,3000.0,0.1875,2.479322979019748E-10,3000.0,0.8201914802065404,0.4871801141207247,0.86,0.6613514977939468,0.8575238095238096,0.5060240963855421,0.7896163472874751,0.6428571428571429,0.54983922829582,3000.0,5408.0
meta.imbalanced.RebalanceStream -l (trees.HoeffdingTree -e 2000000 -g 100 -c 0.01),ArffFileStream -f ./../../../Dataset/Synthetic_IM30/stream_gen_SEA.arff,1,3500.0,0.203125,2.6979250833392147E-10,3500.0,0.8429890617270379,0.5186922682479569,0.868,0.6777154911420591,0.8201914802065404,0.4749262536873156,0.8056420805473947,0.6770186335403726,0.5776965265082267,3500.0,5408.0
meta.imbalanced.RebalanceStream -l (trees.HoeffdingTree -e 2000000 -g 100 -c 0.01),ArffFileStream -f ./../../../Dataset/Synthetic_IM30/stream_gen_SEA.arff,1,4000.0,0.21875,2.916527187658681E-10,4000.0,0.8794518526715727,0.552172709554868,0.884,0.7163814180929094,0.8429890617270379,0.4662756598240469,0.8280592617360791,0.710691823899371,0.6296887470071828,4000.0,5408.0
meta.imbalanced.RebalanceStream -l (trees.HoeffdingTree -e 2000000 -g 100 -c 0.01),ArffFileStream -f ./../../../Dataset/Synthetic_IM30/stream_gen_SEA.arff,1,4500.0,0.234375,3.135129291978148E-10,4500.0,0.8581641937939871,0.5223894021640715,0.876,0.6884985630740167,0.8794518526715727,0.4577259475218659,0.8031432558012936,0.6624203821656051,0.6042553191489362,4500.0,5408.0
meta.imbalanced.RebalanceStream -l (trees.HoeffdingTree -e 2000000 -g 100 -c 0.01),ArffFileStream -f ./../../../Dataset/Synthetic_IM30/stream_gen_SEA.arff,1,5000.0,0.25,3.3537313962976143E-10,5000.0,0.8491942508710801,0.5014866208597284,0.86,0.6623967898757619,0.8581641937939871,0.4880952380952381,0.7992447073373313,0.6707317073170732,0.5552731893265564,5000.0,5408.0
meta.imbalanced.RebalanceStream -l (trees.HoeffdingTree -e 2000000 -g 100 -c 0.01),ArffFileStream -f ./../../../Dataset/Synthetic_IM30/stream_gen_SEA.arff,1,5500.0,0.265625,3.579124394390319E-10,5500.0,0.7914830267771444,0.4891275380549255,0.872,0.6670481739673292,0.8491942508710801,0.4005602240896359,0.8025712337836785,0.6783216783216783,0.5899825276645312,5500.0,5576.0
meta.imbalanced.RebalanceStream -l (trees.HoeffdingTree -e 2000000 -g 100 -c 0.01),ArffFileStream -f ./../../../Dataset/Synthetic_IM30/stream_gen_SEA.arff,1,6000.0,0.265625,3.579124394390319E-10,6000.0,0.8542645447624,0.5236757275815578,0.87,0.6788283658787255,0.7914830267771444,0.4577259475218659,0.8072943713198304,0.6815286624203821,0.583778014941302,6000.0,5576.0
meta.imbalanced.RebalanceStream -l (trees.HoeffdingTree -e 2000000 -g 100 -c 0.01),ArffFileStream -f ./../../../Dataset/Synthetic_IM30/stream_gen_SEA.arff,1,6500.0,0.28125,3.804517392483023E-10,6500.0,0.8171571327405776,0.4959250852688095,0.872,0.6607582054109067,0.8542645447624,0.39664804469273746,0.7921416502441085,0.6549295774647887,0.5873015873015872,6500.0,5576.0
meta.imbalanced.RebalanceStream -l (trees.HoeffdingTree -e 2000000 -g 100 -c 0.01),ArffFileStream -f ./../../../Dataset/Synthetic_IM30/stream_gen_SEA.arff,1,7000.0,0.28125,3.804517392483023E-10,7000.0,0.8781570807795215,0.540641208994398,0.888,0.7206982543640899,0.8171571327405776,0.4326647564469914,0.8349652263200792,0.7284768211920529,0.6382095062298109,7000.0,5576.0
meta.imbalanced.RebalanceStream -l (trees.HoeffdingTree -e 2000000 -g 100 -c 0.01),ArffFileStream -f ./../../../Dataset/Synthetic_IM30/stream_gen_SEA.arff,1,7500.0,0.296875,4.0299103905757276E-10,7500.0,0.8729803231482963,0.5528020113734208,0.874,0.707303475190485,0.8781570807795215,0.5197568389057751,0.8305905912025973,0.7251461988304093,0.5958083832335329,7500.0,5576.0
meta.imbalanced.RebalanceStream -l (trees.HoeffdingTree -e 2000000 -g 100 -c 0.01),ArffFileStream -f ./../../../Dataset/Synthetic_IM30/stream_gen_SEA.arff,1,8000.0,0.296875,4.0299103905757276E-10,8000.0,0.8342123769338959,0.5000743748174202,0.852,0.6379080873717997,0.8729803231482963,0.4619883040935672,0.7897789771690229,0.6645569620253164,0.5256410256410257,8000.0,5576.0
meta.imbalanced.RebalanceStream -l (trees.HoeffdingTree -e 2000000 -g 100 -c 0.01),ArffFileStream -f ./../../../Dataset/Synthetic_IM30/stream_gen_SEA.arff,1,8500.0,0.3125,4.255303388668432E-10,8500.0,0.8529686769518466,0.5286909506756801,0.872,0.6874694794413517,0.8342123769338959,0.4492753623188406,0.8213490766722458,0.7161290322580646,0.5895888344021124,8500.0,5576.0
meta.imbalanced.RebalanceStream -l (trees.HoeffdingTree -e 2000000 -g 100 -c 0.01),ArffFileStream -f ./../../../Dataset/Synthetic_IM30/stream_gen_SEA.arff,1,9000.0,0.328125,4.4806963867611365E-10,9000.0,0.8273963173292033,0.5172100661829914,0.878,0.6859684526996417,0.8529686769518466,0.42450142450142453,0.805106173252555,0.6711409395973155,0.6078571428571429,9000.0,5576.0
meta.imbalanced.RebalanceStream -l (trees.HoeffdingTree -e 2000000 -g 100 -c 0.01),ArffFileStream -f ./../../../Dataset/Synthetic_IM30/stream_gen_SEA.arff,1,9500.0,0.328125,4.4806963867611365E-10,9500.0,0.8604592616568665,0.5393201067768348,0.876,0.7082133242973588,0.8273963173292033,0.5015015015015015,0.8305044502189318,0.7245508982035929,0.6029659588810246,9500.0,5576.0
meta.imbalanced.RebalanceStream -l (trees.HoeffdingTree -e 2000000 -g 100 -c 0.01),ArffFileStream -f ./../../../Dataset/Synthetic_IM30/stream_gen_SEA.arff,1,10000.0,0.328125,4.4806963867611365E-10,10000.0,0.8506666666666667,0.5613078713104045,0.894,0.7371031746031746,0.8604592616568665,0.42857142857142855,0.8478769003194025,0.7533333333333333,0.6599294193134424,10000.0,5576.0
meta.imbalanced.RebalanceStream -l (trees.HoeffdingTree -e 2000000 -g 100 -c 0.01),ArffFileStream -f ./../../../Dataset/Synthetic_IM30/stream_gen_SEA.arff,1,10500.0,0.328125,4.4806963867611365E-10,10500.0,0.840956582307871,0.5268523457324835,0.886,0.700806248425296,0.8506666666666667,0.4124293785310734,0.808806301956191,0.6712328767123288,0.6331596690162428,10500.0,5744.0
meta.imbalanced.RebalanceStream -l (trees.HoeffdingTree -e 2000000 -g 100 -c 0.01),ArffFileStream -f ./../../../Dataset/Synthetic_IM30/stream_gen_SEA.arff,1,11000.0,0.328125,4.4806963867611365E-10,11000.0,0.8478167367928938,0.5317636916900241,0.876,0.6938271604938272,0.840956582307871,0.4492753623188406,0.8189092963922348,0.7032258064516129,0.6009362200117028,11000.0,5744.0
meta.imbalanced.RebalanceStream -l (trees.HoeffdingTree -e 2000000 -g 100 -c 0.01),ArffFileStream -f ./../../../Dataset/Synthetic_IM30/stream_gen_SEA.arff,1,11500.0,0.34375,4.712880278627078E-10,11500.0,0.8713970588235294,0.5712623274445013,0.888,0.7338403041825095,0.8478167367928938,0.47058823529411764,0.8497837095056462,0.7625,0.6400223588596982,11500.0,5744.0
meta.imbalanced.RebalanceStream -l (trees.HoeffdingTree -e 2000000 -g 100 -c 0.01),ArffFileStream -f ./../../../Dataset/Synthetic_IM30/stream_gen_SEA.arff,1,12000.0,0.34375,4.712880278627078E-10,12000.0,0.8296964033785889,0.5260823164203009,0.874,0.6950156849076333,0.8713970588235294,0.4749262536873156,0.8190283593479222,0.7018633540372671,0.5956138004814121,12000.0,5744.0
meta.imbalanced.RebalanceStream -l (trees.HoeffdingTree -e 2000000 -g 100 -c 0.01),ArffFileStream -f ./../../../Dataset/Synthetic_IM30/stream_gen_SEA.arff,1,12500.0,0.359375,4.945064170493021E-10,12500.0,0.8493566176470588,0.5428922355294645,0.888,0.7273081417997663,0.8296964033785889,0.47058823529411764,0.8339642219720291,0.71875,0.6409335727109515,12500.0,5744.0
meta.imbalanced.RebalanceStream -l (trees.HoeffdingTree -e 2000000 -g 100 -c 0.01),ArffFileStream -f ./../../../Dataset/Synthetic_IM30/stream_gen_SEA.arff,1,13000.0,0.375,5.177248062358963E-10,13000.0,0.8785476324843895,0.5841869620100432,0.896,0.756394640682095,0.8493566176470588,0.4836795252225519,0.863517655018719,0.7852760736196319,0.6671590349581488,13000.0,5744.0
meta.imbalanced.RebalanceStream -l (trees.HoeffdingTree -e 2000000 -g 100 -c 0.01),ArffFileStream -f ./../../../Dataset/Synthetic_IM30/stream_gen_SEA.arff,1,13500.0,0.375,5.177248062358963E-10,13500.0,0.8602270044850107,0.5639189962541781,0.902,0.7466495698213105,0.8785476324843895,0.39664804469273746,0.8481580622224049,0.7464788732394366,0.6852997145575642,13500.0,5744.0
meta.imbalanced.RebalanceStream -l (trees.HoeffdingTree -e 2000000 -g 100 -c 0.01),ArffFileStream -f ./../../../Dataset/Synthetic_IM30/stream_gen_SEA.arff,1,14000.0,0.390625,5.409431954224905E-10,14000.0,0.880835131595935,0.5613925724411503,0.882,0.7150419226459565,0.8602270044850107,0.4662756598240469,0.8338634216581596,0.7295597484276729,0.6213614485445794,14000.0,5744.0
meta.imbalanced.RebalanceStream -l (trees.HoeffdingTree -e 2000000 -g 100 -c 0.01),ArffFileStream -f ./../../../Dataset/Synthetic_IM30/stream_gen_SEA.arff,1,14500.0,0.390625,5.409431954224905E-10,14500.0,0.8579854726839126,0.5345357210186368,0.87,0.6878601613522858,0.880835131595935,0.4836795252225519,0.8161992459891771,0.6993865030674846,0.5835174547061422,14500.0,5744.0
meta.imbalanced.RebalanceStream -l (trees.HoeffdingTree -e 2000000 -g 100 -c 0.01),ArffFileStream -f ./../../../Dataset/Synthetic_IM30/stream_gen_SEA.arff,1,15000.0,0.40625,5.641615846090848E-10,15000.0,0.8387249458411462,0.5466742274266921,0.882,0.7194857555817581,0.8579854726839126,0.4836795252225519,0.8374027573731213,0.7361963190184049,0.6225207933461292,15000.0,5744.0
meta.imbalanced.RebalanceStream -l (trees.HoeffdingTree -e 2000000 -g 100 -c 0.01),ArffFileStream -f ./../../../Dataset/Synthetic_IM30/stream_gen_SEA.arff,1,15500.0,0.40625,5.641615846090848E-10,15500.0,0.8781673679289388,0.5631014047423399,0.894,0.7357926221335992,0.8387249458411462,0.4492753623188406,0.8351331662253592,0.7161290322580646,0.6608175061932289,15500.0,5744.0
meta.imbalanced.RebalanceStream -l (trees.HoeffdingTree -e 2000000 -g 100 -c 0.01),ArffFileStream -f ./../../../Dataset/Synthetic_IM30/stream_gen_SEA.arff,1,16000.0,0.40625,5.641615846090848E-10,16000.0,0.8435686092407708,0.5532408337690461,0.89,0.7210500689767103,0.8781673679289388,0.4124293785310734,0.8365120089694265,0.7328767123287672,0.6472945891783568,16000.0,5744.0
meta.imbalanced.RebalanceStream -l (trees.HoeffdingTree -e 2000000 -g 100 -c 0.01),ArffFileStream -f ./../../../Dataset/Synthetic_IM30/stream_gen_SEA.arff,1,16500.0,0.421875,5.87379973795679E-10,16500.0,0.8130514705882353,0.5290460169578172,0.88,0.7036744369814302,0.8435686092407708,0.47058823529411764,0.8143813061242908,0.68125,0.6155339805825243,16500.0,5744.0
meta.imbalanced.RebalanceStream -l (trees.HoeffdingTree -e 2000000 -g 100 -c 0.01),ArffFileStream -f ./../../../Dataset/Synthetic_IM30/stream_gen_SEA.arff,1,17000.0,0.421875,5.87379973795679E-10,17000.0,0.8505930485699272,0.5727736504636967,0.892,0.7371700023362666,0.8130514705882353,0.44508670520231214,0.849948222589177,0.7597402597402597,0.653846153846154,17000.0,5744.0
meta.imbalanced.RebalanceStream -l (trees.HoeffdingTree -e 2000000 -g 100 -c 0.01),ArffFileStream -f ./../../../Dataset/Synthetic_IM30/stream_gen_SEA.arff,1,17500.0,0.4375,6.105983629822732E-10,17500.0,0.8262490678598061,0.5149994478692748,0.872,0.6739152587278618,0.8505930485699272,0.42450142450142453,0.8043339459562342,0.6778523489932886,0.5892169448010269,17500.0,5744.0
meta.imbalanced.RebalanceStream -l (trees.HoeffdingTree -e 2000000 -g 100 -c 0.01),ArffFileStream -f ./../../../Dataset/Synthetic_IM30/stream_gen_SEA.arff,1,18000.0,0.4375,6.105983629822732E-10,18000.0,0.8339471225196504,0.5486336664828498,0.878,0.7057120802778849,0.8262490678598061,0.4749262536873156,0.8262446076717841,0.7142857142857143,0.6088350552190951,18000.0,5744.0
meta.imbalanced.RebalanceStream -l (trees.HoeffdingTree -e 2000000 -g 100 -c 0.01),ArffFileStream -f ./../../../Dataset/Synthetic_IM30/stream_gen_SEA.arff,1,18500.0,0.4375,6.105983629822732E-10,18500.0,0.836892875910217,0.5726400642069449,0.898,0.7475247524752476,0.8339471225196504,0.44508670520231214,0.846596403878927,0.7402597402597403,0.6728502080443829,18500.0,5744.0
meta.imbalanced.RebalanceStream -l (trees.HoeffdingTree -e 2000000 -g 100 -c 0.01),ArffFileStream -f ./../../../Dataset/Synthetic_IM30/stream_gen_SEA.arff,1,19000.0,0.453125,6.338167521688674E-10,19000.0,0.827639751552795,0.5541187373422876,0.872,0.7076237117169797,0.836892875910217,0.5527950310559007,0.8293587024636703,0.7191011235955056,0.5909855364951228,19000.0,5744.0
meta.imbalanced.RebalanceStream -l (trees.HoeffdingTree -e 2000000 -g 100 -c 0.01),ArffFileStream -f ./../../../Dataset/Synthetic_IM30/stream_gen_SEA.arff,1,19500.0,0.46875,6.570351413554617E-10,19500.0,0.8813246002552361,0.5959205987612607,0.91,0.7780714905705044,0.827639751552795,0.44508670520231214,0.863888204641005,0.7662337662337663,0.7122950819672133,19500.0,5744.0
meta.imbalanced.RebalanceStream -l (trees.HoeffdingTree -e 2000000 -g 100 -c 0.01),ArffFileStream -f ./../../../Dataset/Synthetic_IM30/stream_gen_SEA.arff,1,20000.0,0.46875,6.570351413554617E-10,20000.0,0.8734908228068952,0.5882363194022704,0.886,0.7413041899644179,0.8813246002552361,0.5527950310559007,0.8499506334368969,0.7528089887640449,0.6368270149729213,20000.0,5744.0
meta.imbalanced.RebalanceStream -l (trees.HoeffdingTree -e 2000000 -g 100 -c 0.01),ArffFileStream -f ./../../../Dataset/Synthetic_IM30/stream_gen_SEA.arff,1,20500.0,0.5,7.048300984832977E-10,20500.0,0.8663753573933215,0.5475429243021463,0.872,0.694020003442275,0.8734908228068952,0.5015015015015015,0.8147438371015427,0.688622754491018,0.5928626842513576,20500.0,5912.0
meta.imbalanced.RebalanceStream -l (trees.HoeffdingTree -e 2000000 -g 100 -c 0.01),ArffFileStream -f ./../../../Dataset/Synthetic_IM30/stream_gen_SEA.arff,1,21000.0,0.515625,7.287275770472157E-10,21000.0,0.8838735050680205,0.5984124092257487,0.898,0.7620824780742677,0.8663753573933215,0.5105740181268882,0.8590382365950211,0.7633136094674556,0.676141517992138,21000.0,5912.0
meta.imbalanced.RebalanceStream -l (trees.HoeffdingTree -e 2000000 -g 100 -c 0.01),ArffFileStream -f ./../../../Dataset/Synthetic_IM30/stream_gen_SEA.arff,1,21500.0,0.515625,7.287275770472157E-10,21500.0,0.8116428145497913,0.5416703617445311,0.872,0.6898984417396697,0.8838735050680205,0.45348837209302323,0.8247056358531755,0.7243589743589743,0.5935007385524372,21500.0,5912.0
meta.imbalanced.RebalanceStream -l (trees.HoeffdingTree -e 2000000 -g 100 -c 0.01),ArffFileStream -f ./../../../Dataset/Synthetic_IM30/stream_gen_SEA.arff,1,22000.0,0.546875,7.765225341750518E-10,22000.0,0.8658435516377541,0.5969832451806115,0.896,0.7487097210677904,0.8116428145497913,0.4409221902017291,0.8610276380854036,0.7843137254901961,0.6695074389715442,22000.0,5912.0
meta.imbalanced.RebalanceStream -l (trees.HoeffdingTree -e 2000000 -g 100 -c 0.01),ArffFileStream -f ./../../../Dataset/Synthetic_IM30/stream_gen_SEA.arff,1,22500.0,0.546875,7.765225341750518E-10,22500.0,0.8807430516165626,0.5985051471400353,0.892,0.7489026114128414,0.8658435516377541,0.524390243902439,0.8494100585303984,0.7441860465116279,0.6575052854122623,22500.0,5912.0
meta.imbalanced.RebalanceStream -l (trees.HoeffdingTree -e 2000000 -g 100 -c 0.01),ArffFileStream -f ./../../../Dataset/Synthetic_IM30/stream_gen_SEA.arff,1,23000.0,0.5625,8.004200127389698E-10,23000.0,0.8363427996422182,0.5702456603172524,0.888,0.7276688453159043,0.8807430516165626,0.45348837209302323,0.8420238560281135,0.7435897435897436,0.6447386567370018,23000.0,5912.0
meta.imbalanced.RebalanceStream -l (trees.HoeffdingTree -e 2000000 -g 100 -c 0.01),ArffFileStream -f ./../../../Dataset/Synthetic_IM30/stream_gen_SEA.arff,1,23500.0,0.5625,8.004200127389698E-10,23500.0,0.8200668186880203,0.5280527412821412,0.854,0.6612591877644962,0.8363427996422182,0.5290519877675841,0.8049185034369822,0.6878612716763006,0.5378502155172413,23500.0,5912.0
meta.imbalanced.RebalanceStream -l (trees.HoeffdingTree -e 2000000 -g 100 -c 0.01),ArffFileStream -f ./../../../Dataset/Synthetic_IM30/stream_gen_SEA.arff,1,24000.0,0.578125,8.243174913028878E-10,24000.0,0.8587983968542044,0.5716380560195367,0.892,0.7308183123305153,0.8200668186880203,0.4367816091954023,0.8384409414748292,0.7302631578947368,0.6578669482576558,24000.0,5912.0
meta.imbalanced.RebalanceStream -l (trees.HoeffdingTree -e 2000000 -g 100 -c 0.01),ArffFileStream -f ./../../../Dataset/Synthetic_IM30/stream_gen_SEA.arff,1,24500.0,0.59375,8.482149698668058E-10,24500.0,0.8983382486388385,0.619069535415992,0.912,0.7856920199501248,0.8587983968542044,0.4367816091954023,0.8776911773413352,0.8026315789473685,0.7210144927536233,24500.0,5912.0
meta.imbalanced.RebalanceStream -l (trees.HoeffdingTree -e 2000000 -g 100 -c 0.01),ArffFileStream -f ./../../../Dataset/Synthetic_IM30/stream_gen_SEA.arff,1,25000.0,0.59375,8.482149698668058E-10,25000.0,0.8788726333907056,0.5530665499412323,0.878,0.7090472011294693,0.8983382486388385,0.5060240963855421,0.8218587513854894,0.6964285714285714,0.6137284701114488,25000.0,5912.0
meta.imbalanced.RebalanceStream -l (trees.HoeffdingTree -e 2000000 -g 100 -c 0.01),ArffFileStream -f ./../../../Dataset/Synthetic_IM30/stream_gen_SEA.arff,1,25500.0,0.625,8.960099269946419E-10,25500.0,0.8457428410187325,0.5791516113139445,0.888,0.7324210164178819,0.8788726333907056,0.4836795252225519,0.8413067540953999,0.7361963190184049,0.6456135997021963,25500.0,5912.0
meta.imbalanced.RebalanceStream -l (trees.HoeffdingTree -e 2000000 -g 100 -c 0.01),ArffFileStream -f ./../../../Dataset/Synthetic_IM30/stream_gen_SEA.arff,1,26000.0,0.625,8.960099269946419E-10,26000.0,0.8980654761904762,0.6211522865757438,0.902,0.7723640688296727,0.8457428410187325,0.4880952380952381,0.8741596263067795,0.8048780487804879,0.6901374194332969,26000.0,5912.0
meta.imbalanced.RebalanceStream -l (trees.HoeffdingTree -e 2000000 -g 100 -c 0.01),ArffFileStream -f ./../../../Dataset/Synthetic_IM30/stream_gen_SEA.arff,1,26500.0,0.625,8.960099269946419E-10,26500.0,0.8734693147893241,0.5993212339012169,0.892,0.7492244534021884,0.8980654761904762,0.5105740181268882,0.8550020126850102,0.7633136094674556,0.6589609151572927,26500.0,5912.0
meta.imbalanced.RebalanceStream -l (trees.HoeffdingTree -e 2000000 -g 100 -c 0.01),ArffFileStream -f ./../../../Dataset/Synthetic_IM30/stream_gen_SEA.arff,1,27000.0,0.640625,9.199074055585599E-10,27000.0,0.8612306162641733,0.6127389753355789,0.906,0.7686279143037178,0.8734693147893241,0.42450142450142453,0.869394152319765,0.7919463087248322,0.7028451001053742,27000.0,5912.0
meta.imbalanced.RebalanceStream -l (trees.HoeffdingTree -e 2000000 -g 100 -c 0.01),ArffFileStream -f ./../../../Dataset/Synthetic_IM30/stream_gen_SEA.arff,1,27500.0,0.640625,9.199074055585599E-10,27500.0,0.8514548783305782,0.5809391610521787,0.882,0.7258873815275971,0.8612306162641733,0.5197568389057751,0.839932808062925,0.7368421052631579,0.6275252525252525,27500.0,5912.0
meta.imbalanced.RebalanceStream -l (trees.HoeffdingTree -e 2000000 -g 100 -c 0.01),ArffFileStream -f ./../../../Dataset/Synthetic_IM30/stream_gen_SEA.arff,1,28000.0,0.65625,9.43804884122478E-10,28000.0,0.8628706442536613,0.609151409715079,0.894,0.7516121775644872,0.8514548783305782,0.49700598802395207,0.8561494306661899,0.7650602409638554,0.6656904708267628,28000.0,5912.0
meta.imbalanced.RebalanceStream -l (trees.HoeffdingTree -e 2000000 -g 100 -c 0.01),ArffFileStream -f ./../../../Dataset/Synthetic_IM30/stream_gen_SEA.arff,1,28500.0,0.65625,9.43804884122478E-10,28500.0,0.872642355134825,0.5886887507825187,0.878,0.7195763304034423,0.8628706442536613,0.5060240963855421,0.8467437883027308,0.7678571428571429,0.6156312182179969,28500.0,5912.0
meta.imbalanced.RebalanceStream -l (trees.HoeffdingTree -e 2000000 -g 100 -c 0.01),ArffFileStream -f ./../../../Dataset/Synthetic_IM30/stream_gen_SEA.arff,1,29000.0,0.671875,9.677023626863959E-10,29000.0,0.8382301407255759,0.5805625303317339,0.886,0.7256661019559526,0.872642355134825,0.4662756598240469,0.8410211788795374,0.7421383647798742,0.6408473655621946,29000.0,5912.0
meta.imbalanced.RebalanceStream -l (trees.HoeffdingTree -e 2000000 -g 100 -c 0.01),ArffFileStream -f ./../../../Dataset/Synthetic_IM30/stream_gen_SEA.arff,1,29500.0,0.671875,9.677023626863959E-10,29500.0,0.8886857142857143,0.6248844872470745,0.906,0.7696078431372549,0.8382301407255759,0.42857142857142855,0.8700957801682908,0.7933333333333333,0.7035809727418494,29500.0,5912.0
meta.imbalanced.RebalanceStream -l (trees.HoeffdingTree -e 2000000 -g 100 -c 0.01),ArffFileStream -f ./../../../Dataset/Synthetic_IM30/stream_gen_SEA.arff,1,30000.0,0.6875,9.915998412503138E-10,30000.0,0.8650673054577307,0.5725104889823354,0.878,0.7154319835790259,0.8886857142857143,0.5105740181268882,0.8356198928353753,0.7337278106508875,0.6157076858462831,30000.0,5912.0
meta.imbalanced.RebalanceStream -l (trees.HoeffdingTree -e 2000000 -g 100 -c 0.01),ArffFileStream -f ./../../../Dataset/Synthetic_IM30/stream_gen_SEA.arff,1,30500.0,0.6875,9.915998412503138E-10,30500.0,0.8382864488808227,0.5737022249100533,0.896,0.7387459807073955,0.8650673054577307,0.4367816091954023,0.8383845700126701,0.7236842105263158,0.6721785861926417,30500.0,5912.0
meta.imbalanced.RebalanceStream -l (trees.HoeffdingTree -e 2000000 -g 100 -c 0.01),ArffFileStream -f ./../../../Dataset/Synthetic_IM30/stream_gen_SEA.arff,1,31000.0,0.6875,9.915998412503138E-10,31000.0,0.8620764348006253,0.5852809915926178,0.892,0.7350707459230332,0.8382864488808227,0.4409221902017291,0.8467446557413401,0.7516339869281046,0.659375317936718,31000.0,5912.0
meta.imbalanced.RebalanceStream -l (trees.HoeffdingTree -e 2000000 -g 100 -c 0.01),ArffFileStream -f ./../../../Dataset/Synthetic_IM30/stream_gen_SEA.arff,1,31500.0,0.703125,1.0154973198142317E-9,31500.0,0.8622202056866304,0.5925845589959569,0.898,0.7492033518234392,0.8620764348006253,0.4367816091954023,0.8545543621647115,0.7631578947368421,0.6780883678990082,31500.0,5912.0
meta.imbalanced.RebalanceStream -l (trees.HoeffdingTree -e 2000000 -g 100 -c 0.01),ArffFileStream -f ./../../../Dataset/Synthetic_IM30/stream_gen_SEA.arff,1,32000.0,0.703125,1.0154973198142317E-9,32000.0,0.8818500863298551,0.598793069946202,0.9,0.7548058061985092,0.8622202056866304,0.44508670520231214,0.8550994710982822,0.7597402597402597,0.6842624568327579,32000.0,5912.0
meta.imbalanced.RebalanceStream -l (trees.HoeffdingTree -e 2000000 -g 100 -c 0.01),ArffFileStream -f ./../../../Dataset/Synthetic_IM30/stream_gen_SEA.arff,1,32500.0,0.703125,1.0154973198142317E-9,32500.0,0.890427807486631,0.6171986189892554,0.906,0.7847196775375597,0.8818500863298551,0.5151515151515151,0.8784608156512055,0.8058823529411765,0.7035419699175158,32500.0,5912.0
meta.imbalanced.RebalanceStream -l (trees.HoeffdingTree -e 2000000 -g 100 -c 0.01),ArffFileStream -f ./../../../Dataset/Synthetic_IM30/stream_gen_SEA.arff,1,33000.0,0.71875,1.0393947983781496E-9,33000.0,0.8494095238095238,0.5480651865969123,0.874,0.685,0.890427807486631,0.42857142857142855,0.8174990898495007,0.7066666666666667,0.6022955523672884,33000.0,5912.0
meta.imbalanced.RebalanceStream -l (trees.HoeffdingTree -e 2000000 -g 100 -c 0.01),ArffFileStream -f ./../../../Dataset/Synthetic_IM30/stream_gen_SEA.arff,1,33500.0,0.71875,1.0393947983781496E-9,33500.0,0.880622963354026,0.5930812897117573,0.888,0.7376557668884101,0.8494095238095238,0.4836795252225519,0.8540633388144931,0.7730061349693251,0.646637784893577,33500.0,5912.0
meta.imbalanced.RebalanceStream -l (trees.HoeffdingTree -e 2000000 -g 100 -c 0.01),ArffFileStream -f ./../../../Dataset/Synthetic_IM30/stream_gen_SEA.arff,1,34000.0,0.71875,1.0393947983781496E-9,34000.0,0.848034918547739,0.5702943252095821,0.892,0.7427003125714722,0.880622963354026,0.47928994082840237,0.8496431551682508,0.7530864197530864,0.6593692022263451,34000.0,5912.0
meta.imbalanced.RebalanceStream -l (trees.HoeffdingTree -e 2000000 -g 100 -c 0.01),ArffFileStream -f ./../../../Dataset/Synthetic_IM30/stream_gen_SEA.arff,1,34500.0,0.71875,1.0393947983781496E-9,34500.0,0.8579411764705882,0.5820538307931692,0.896,0.7502881290818287,0.848034918547739,0.47058823529411764,0.8528391166119959,0.75625,0.6720292504570384,34500.0,5912.0
meta.imbalanced.RebalanceStream -l (trees.HoeffdingTree -e 2000000 -g 100 -c 0.01),ArffFileStream -f ./../../../Dataset/Synthetic_IM30/stream_gen_SEA.arff,1,35000.0,0.734375,1.0632922769420675E-9,35000.0,0.8558070049244729,0.5838875095037311,0.888,0.7328193286131415,0.8579411764705882,0.4662756598240469,0.8490205352903396,0.7610062893081762,0.6468150283809352,35000.0,5912.0
meta.imbalanced.RebalanceStream -l (trees.HoeffdingTree -e 2000000 -g 100 -c 0.01),ArffFileStream -f ./../../../Dataset/Synthetic_IM30/stream_gen_SEA.arff,1,35500.0,0.734375,1.0632922769420675E-9,35500.0,0.8815937149270483,0.6050430633355917,0.892,0.7556472632493485,0.8558070049244729,0.5432098765432098,0.8616099076708862,0.7784090909090909,0.6599556541019956,35500.0,5912.0
meta.imbalanced.RebalanceStream -l (trees.HoeffdingTree -e 2000000 -g 100 -c 0.01),ArffFileStream -f ./../../../Dataset/Synthetic_IM30/stream_gen_SEA.arff,1,36000.0,0.75,1.0871897555059854E-9,36000.0,0.8542017186793306,0.5627757004228022,0.882,0.7188869830379264,0.8815937149270483,0.4925373134328358,0.832601216168391,0.7212121212121212,0.6286713286713288,36000.0,5912.0
meta.imbalanced.RebalanceStream -l (trees.HoeffdingTree -e 2000000 -g 100 -c 0.01),ArffFileStream -f ./../../../Dataset/Synthetic_IM30/stream_gen_SEA.arff,1,36500.0,0.75,1.0871897555059854E-9,36500.0,0.8340436326737697,0.5432376237137383,0.882,0.6821120689655172,0.8542017186793306,0.3698630136986301,0.8104342372876633,0.6888888888888889,0.6279049676025918,36500.0,5912.0
meta.imbalanced.RebalanceStream -l (trees.HoeffdingTree -e 2000000 -g 100 -c 0.01),ArffFileStream -f ./../../../Dataset/Synthetic_IM30/stream_gen_SEA.arff,1,37000.0,0.75,1.0871897555059854E-9,37000.0,0.8452582786234759,0.5824447519119469,0.876,0.7098899453470091,0.8340436326737697,0.49700598802395207,0.8359504871340256,0.7409638554216867,0.6092326036964484,37000.0,5912.0
meta.imbalanced.RebalanceStream -l (trees.HoeffdingTree -e 2000000 -g 100 -c 0.01),ArffFileStream -f ./../../../Dataset/Synthetic_IM30/stream_gen_SEA.arff,1,37500.0,0.765625,1.1110872340699034E-9,37500.0,0.9168557147863295,0.6294920399621003,0.908,0.7805301627893663,0.8452582786234759,0.4662756598240469,0.8730647275435003,0.7924528301886793,0.7100840336134455,37500.0,5912.0
meta.imbalanced.RebalanceStream -l (trees.HoeffdingTree -e 2000000 -g 100 -c 0.01),ArffFileStream -f ./../../../Dataset/Synthetic_IM30/stream_gen_SEA.arff,1,38000.0,0.765625,1.1110872340699034E-9,38000.0,0.842891417072982,0.5634130365249467,0.894,0.7253999834203764,0.9168557147863295,0.4124293785310734,0.8279798632661006,0.7054794520547946,0.6656151419558359,38000.0,5912.0
meta.imbalanced.RebalanceStream -l (trees.HoeffdingTree -e 2000000 -g 100 -c 0.01),ArffFileStream -f ./../../../Dataset/Synthetic_IM30/stream_gen_SEA.arff,1,38500.0,0.765625,1.1110872340699034E-9,38500.0,0.846593625117115,0.5696314415818051,0.886,0.7137059508980593,0.842891417072982,0.42450142450142453,0.8317400014706902,0.7248322147651006,0.6400984009840099,38500.0,5912.0
meta.imbalanced.RebalanceStream -l (trees.HoeffdingTree -e 2000000 -g 100 -c 0.01),ArffFileStream -f ./../../../Dataset/Synthetic_IM30/stream_gen_SEA.arff,1,39000.0,0.78125,1.1349847126338213E-9,39000.0,0.8475700655933214,0.5500049755790447,0.874,0.6896551724137931,0.846593625117115,0.45348837209302323,0.8162226653770731,0.6987179487179487,0.6021374787466602,39000.0,5912.0
meta.imbalanced.RebalanceStream -l (trees.HoeffdingTree -e 2000000 -g 100 -c 0.01),ArffFileStream -f ./../../../Dataset/Synthetic_IM30/stream_gen_SEA.arff,1,39500.0,0.78125,1.1349847126338213E-9,39500.0,0.8129363232494182,0.546365494446267,0.864,0.687752553082066,0.8475700655933214,0.5337423312883436,0.8225092108151428,0.7183908045977011,0.5710978043912176,39500.0,5912.0
meta.imbalanced.RebalanceStream -l (trees.HoeffdingTree -e 2000000 -g 100 -c 0.01),ArffFileStream -f ./../../../Dataset/Synthetic_IM30/stream_gen_SEA.arff,1,40000.0,0.78125,1.1349847126338213E-9,40000.0,0.8562464549064095,0.5723832288052975,0.886,0.7337941341303942,0.8129363232494182,0.524390243902439,0.8393970163790607,0.7267441860465116,0.6408600456800819,40000.0,5912.0
meta.imbalanced.RebalanceStream -l (trees.HoeffdingTree -e 2000000 -g 100 -c 0.01),ArffFileStream -f ./../../../Dataset/Synthetic_IM30/stream_gen_SEA.arff,1,40500.0,0.796875,1.1588821911977392E-9,40500.0,0.8996755156644338,0.6168739977263367,0.906,0.770570547116023,0.8562464549064095,0.4326647564469914,0.870786229708127,0.7947019867549668,0.7036892901618931,40500.0,5912.0
meta.imbalanced.RebalanceStream -l (trees.HoeffdingTree -e 2000000 -g 100 -c 0.01),ArffFileStream -f ./../../../Dataset/Synthetic_IM30/stream_gen_SEA.arff,1,41000.0,0.796875,1.1588821911977392E-9,41000.0,0.8658088235294118,0.5525374541794318,0.888,0.7021023065792834,0.8996755156644338,0.37362637362637363,0.8245755602473357,0.7132352941176471,0.6463339494762784,41000.0,6080.0
meta.imbalanced.RebalanceStream -l (trees.HoeffdingTree -e 2000000 -g 100 -c 0.01),ArffFileStream -f ./../../../Dataset/Synthetic_IM30/stream_gen_SEA.arff,1,41500.0,0.796875,1.1588821911977392E-9,41500.0,0.861731068176771,0.5644272950261693,0.888,0.724994107016579,0.8658088235294118,0.4619883040935672,0.831977578035958,0.7151898734177216,0.646324760310455,41500.0,6080.0
meta.imbalanced.RebalanceStream -l (trees.HoeffdingTree -e 2000000 -g 100 -c 0.01),ArffFileStream -f ./../../../Dataset/Synthetic_IM30/stream_gen_SEA.arff,1,42000.0,0.8125,1.183458759138981E-9,42000.0,0.873733203212972,0.601403630290954,0.896,0.7487825616448947,0.861731068176771,0.44508670520231214,0.8594668591841591,0.7792207792207793,0.6714801444043322,42000.0,6080.0
meta.imbalanced.RebalanceStream -l (trees.HoeffdingTree -e 2000000 -g 100 -c 0.01),ArffFileStream -f ./../../../Dataset/Synthetic_IM30/stream_gen_SEA.arff,1,42500.0,0.8125,1.183458759138981E-9,42500.0,0.8041004782059034,0.5419553435781265,0.87,0.6831493974963927,0.873733203212972,0.4749262536873156,0.8093292489211505,0.6832298136645962,0.5894330088429813,42500.0,6080.0
meta.imbalanced.RebalanceStream -l (trees.HoeffdingTree -e 2000000 -g 100 -c 0.01),ArffFileStream -f ./../../../Dataset/Synthetic_IM30/stream_gen_SEA.arff,1,43000.0,0.828125,1.2080353270802226E-9,43000.0,0.8342464221824687,0.5626815941088208,0.88,0.7060667816272143,0.8041004782059034,0.45348837209302323,0.8273788457068479,0.717948717948718,0.6209505619628297,43000.0,6080.0
meta.imbalanced.RebalanceStream -l (trees.HoeffdingTree -e 2000000 -g 100 -c 0.01),ArffFileStream -f ./../../../Dataset/Synthetic_IM30/stream_gen_SEA.arff,1,43500.0,0.828125,1.2080353270802226E-9,43500.0,0.8582312462189957,0.5821979246099382,0.896,0.7427983539094651,0.8342464221824687,0.4367816091954023,0.84842653553911,0.75,0.6713403559752997,43500.0,6080.0
meta.imbalanced.RebalanceStream -l (trees.HoeffdingTree -e 2000000 -g 100 -c 0.01),ArffFileStream -f ./../../../Dataset/Synthetic_IM30/stream_gen_SEA.arff,1,44000.0,0.84375,1.2326118950214643E-9,44000.0,0.8679898277213713,0.6046687146101607,0.91,0.7748919481351049,0.8582312462189957,0.42450142450142453,0.8646526687387968,0.7718120805369127,0.7153945666235447,44000.0,6080.0
meta.imbalanced.RebalanceStream -l (trees.HoeffdingTree -e 2000000 -g 100 -c 0.01),ArffFileStream -f ./../../../Dataset/Synthetic_IM30/stream_gen_SEA.arff,1,44500.0,0.84375,1.2326118950214643E-9,44500.0,0.8704301478867953,0.5824084535790959,0.894,0.7366224059791683,0.8679898277213713,0.44508670520231214,0.8391372593262024,0.7272727272727273,0.6647000284333239,44500.0,6080.0
meta.imbalanced.RebalanceStream -l (trees.HoeffdingTree -e 2000000 -g 100 -c 0.01),ArffFileStream -f ./../../../Dataset/Synthetic_IM30/stream_gen_SEA.arff,1,45000.0,0.84375,1.2326118950214643E-9,45000.0,0.841392512762337,0.559521530287556,0.874,0.7057724640388566,0.8704301478867953,0.524390243902439,0.8253421917053326,0.7093023255813954,0.6018258426966292,45000.0,6080.0
meta.imbalanced.RebalanceStream -l (trees.HoeffdingTree -e 2000000 -g 100 -c 0.01),ArffFileStream -f ./../../../Dataset/Synthetic_IM30/stream_gen_SEA.arff,1,45500.0,0.859375,1.257188462962706E-9,45500.0,0.8106998941523834,0.5453017954717634,0.884,0.7128883432667366,0.841392512762337,0.4577259475218659,0.8235092812775701,0.7006369426751592,0.63339584635688,45500.0,6080.0
meta.imbalanced.RebalanceStream -l (trees.HoeffdingTree -e 2000000 -g 100 -c 0.01),ArffFileStream -f ./../../../Dataset/Synthetic_IM30/stream_gen_SEA.arff,1,46000.0,0.859375,1.257188462962706E-9,46000.0,0.8507191338073691,0.5849416360370993,0.908,0.7564797560562426,0.8106998941523834,0.37362637362637363,0.8545786223916085,0.7573529411764706,0.7088006605656094,46000.0,6080.0
meta.imbalanced.RebalanceStream -l (trees.HoeffdingTree -e 2000000 -g 100 -c 0.01),ArffFileStream -f ./../../../Dataset/Synthetic_IM30/stream_gen_SEA.arff,1,46500.0,0.859375,1.257188462962706E-9,46500.0,0.8457703265395573,0.5588864305319587,0.884,0.7189268822206715,0.8507191338073691,0.47928994082840237,0.8287183189471966,0.7098765432098766,0.6329363729159578,46500.0,6080.0
meta.imbalanced.RebalanceStream -l (trees.HoeffdingTree -e 2000000 -g 100 -c 0.01),ArffFileStream -f ./../../../Dataset/Synthetic_IM30/stream_gen_SEA.arff,1,47000.0,0.875,1.2817650309039477E-9,47000.0,0.7985825157972637,0.5121348322810323,0.864,0.654014449984736,0.8457703265395573,0.4326647564469914,0.7909308710157092,0.6556291390728477,0.5694463155058601,47000.0,6080.0
meta.imbalanced.RebalanceStream -l (trees.HoeffdingTree -e 2000000 -g 100 -c 0.01),ArffFileStream -f ./../../../Dataset/Synthetic_IM30/stream_gen_SEA.arff,1,47500.0,0.875,1.2817650309039477E-9,47500.0,0.8603778950923407,0.5851402416363658,0.89,0.7444712878647092,0.7985825157972637,0.5197568389057751,0.8492559763681192,0.7485380116959064,0.6520609975361258,47500.0,6080.0
meta.imbalanced.RebalanceStream -l (trees.HoeffdingTree -e 2000000 -g 100 -c 0.01),ArffFileStream -f ./../../../Dataset/Synthetic_IM30/stream_gen_SEA.arff,1,48000.0,0.875,1.2817650309039477E-9,48000.0,0.8582526655443322,0.5839706062466763,0.888,0.7410476472329092,0.8603778950923407,0.5432098765432098,0.842208629724276,0.7272727272727273,0.6461528335417627,48000.0,6080.0
meta.imbalanced.RebalanceStream -l (trees.HoeffdingTree -e 2000000 -g 100 -c 0.01),ArffFileStream -f ./../../../Dataset/Synthetic_IM30/stream_gen_SEA.arff,1,48500.0,0.890625,1.3063415988451894E-9,48500.0,0.8749274099883856,0.6005654905696064,0.888,0.7394282310899345,0.8582526655443322,0.4880952380952381,0.8567556229432238,0.7804878048780488,0.6462850817216905,48500.0,6080.0
meta.imbalanced.RebalanceStream -l (trees.HoeffdingTree -e 2000000 -g 100 -c 0.01),ArffFileStream -f ./../../../Dataset/Synthetic_IM30/stream_gen_SEA.arff,1,49000.0,0.890625,1.3063415988451894E-9,49000.0,0.857758281532772,0.5990108282322919,0.896,0.7387249778921136,0.8749274099883856,0.39664804469273746,0.8578093078073136,0.7816901408450704,0.6712045938447643,49000.0,6080.0
meta.imbalanced.RebalanceStream -l (trees.HoeffdingTree -e 2000000 -g 100 -c 0.01),ArffFileStream -f ./../../../Dataset/Synthetic_IM30/stream_gen_SEA.arff,1,49500.0,0.890625,1.3063415988451894E-9,49500.0,0.8848359465737514,0.6041665649527098,0.894,0.7521974939218253,0.857758281532772,0.4880952380952381,0.8608128940483025,0.7804878048780488,0.6650067036966099,49500.0,6080.0
meta.imbalanced.RebalanceStream -l (trees.HoeffdingTree -e 2000000 -g 100 -c 0.01),ArffFileStream -f ./../../../Dataset/Synthetic_IM30/stream_gen_SEA.arff,1,50000.0,0.90625,1.3309181667864311E-9,50000.0,0.8585753676470588,0.5505335569492312,0.88,0.7047244094488189,0.8848359465737514,0.47058823529411764,0.8168717229557563,0.6875,0.620805157049864,50000.0,6080.0
meta.imbalanced.RebalanceStream -l (trees.HoeffdingTree -e 2000000 -g 100 -c 0.01),ArffFileStream -f ./../../../Dataset/Synthetic_IM30/stream_gen_SEA.arff,1,50500.0,0.90625,1.3309181667864311E-9,50500.0,0.8578747841753622,0.5753193964406776,0.896,0.7440340237851462,0.8585753676470588,0.44508670520231214,0.8477594256866464,0.7467532467532467,0.6712774613506917,50500.0,6080.0
meta.imbalanced.RebalanceStream -l (trees.HoeffdingTree -e 2000000 -g 100 -c 0.01),ArffFileStream -f ./../../../Dataset/Synthetic_IM30/stream_gen_SEA.arff,1,51000.0,0.90625,1.3309181667864311E-9,51000.0,0.8437493977761076,0.5475347558773659,0.88,0.6939212765523293,0.8578747841753622,0.4164305949008499,0.8178761476652648,0.7006802721088435,0.6204415777722649,51000.0,6080.0
meta.imbalanced.RebalanceStream -l (trees.HoeffdingTree -e 2000000 -g 100 -c 0.01),ArffFileStream -f ./../../../Dataset/Synthetic_IM30/stream_gen_SEA.arff,1,51500.0,0.921875,1.3554947347276728E-9,51500.0,0.8622068814376507,0.579198510117869,0.888,0.7331706945185638,0.8437493977761076,0.47928994082840237,0.8448470440672039,0.7469135802469136,0.6458307748986861,51500.0,6080.0
meta.imbalanced.RebalanceStream -l (trees.HoeffdingTree -e 2000000 -g 100 -c 0.01),ArffFileStream -f ./../../../Dataset/Synthetic_IM30/stream_gen_SEA.arff,1,52000.0,0.921875,1.3554947347276728E-9,52000.0,0.8298591549295775,0.5590137583389919,0.894,0.7264092504645882,0.8622068814376507,0.4084507042253521,0.8324641735783009,0.7172413793103448,0.6645365467713469,52000.0,6080.0
meta.imbalanced.RebalanceStream -l (trees.HoeffdingTree -e 2000000 -g 100 -c 0.01),ArffFileStream -f ./../../../Dataset/Synthetic_IM30/stream_gen_SEA.arff,1,52500.0,0.921875,1.3554947347276728E-9,52500.0,0.8623417721518988,0.5860894738362155,0.89,0.7351694915254238,0.8298591549295775,0.4619883040935672,0.8473067851818867,0.7531645569620253,0.6518777503164748,52500.0,6080.0
meta.imbalanced.RebalanceStream -l (trees.HoeffdingTree -e 2000000 -g 100 -c 0.01),ArffFileStream -f ./../../../Dataset/Synthetic_IM30/stream_gen_SEA.arff,1,53000.0,0.9375,1.3800713026689146E-9,53000.0,0.8730409129089755,0.5817736185786053,0.902,0.73438855160451,0.8623417721518988,0.36239782016348776,0.8387424918595304,0.7293233082706767,0.6893912211457961,53000.0,6080.0
meta.imbalanced.RebalanceStream -l (trees.HoeffdingTree -e 2000000 -g 100 -c 0.01),ArffFileStream -f ./../../../Dataset/Synthetic_IM30/stream_gen_SEA.arff,1,53500.0,0.9375,1.3800713026689146E-9,53500.0,0.8532095238095239,0.5596660245190819,0.884,0.7094188376753507,0.8730409129089755,0.42857142857142855,0.8289063362562228,0.72,0.6321716453295401,53500.0,6080.0
meta.imbalanced.RebalanceStream -l (trees.HoeffdingTree -e 2000000 -g 100 -c 0.01),ArffFileStream -f ./../../../Dataset/Synthetic_IM30/stream_gen_SEA.arff,1,54000.0,0.9375,1.3800713026689146E-9,54000.0,0.83171875,0.5570036072878846,0.878,0.7055416103494883,0.8532095238095239,0.47058823529411764,0.8276028459280667,0.71875,0.613198684828558,54000.0,6080.0
meta.imbalanced.RebalanceStream -l (trees.HoeffdingTree -e 2000000 -g 100 -c 0.01),ArffFileStream -f ./../../../Dataset/Synthetic_IM30/stream_gen_SEA.arff,1,54500.0,0.953125,1.4046478706101563E-9,54500.0,0.8855643361283706,0.5844340733087674,0.906,0.7470616093339648,0.83171875,0.3774104683195592,0.8394708732571449,0.7226277372262774,0.7016133729396006,54500.0,6080.0
meta.imbalanced.RebalanceStream -l (trees.HoeffdingTree -e 2000000 -g 100 -c 0.01),ArffFileStream -f ./../../../Dataset/Synthetic_IM30/stream_gen_SEA.arff,1,55000.0,0.953125,1.4046478706101563E-9,55000.0,0.8826964213447419,0.5900711473326624,0.904,0.7581863979848867,0.8855643361283706,0.4164305949008499,0.8566480877878241,0.7619047619047619,0.6950796950796951,55000.0,6080.0
meta.imbalanced.RebalanceStream -l (trees.HoeffdingTree -e 2000000 -g 100 -c 0.01),ArffFileStream -f ./../../../Dataset/Synthetic_IM30/stream_gen_SEA.arff,1,55500.0,0.953125,1.4046478706101563E-9,55500.0,0.8843694461239671,0.5980656394017103,0.898,0.7581104154809334,0.8826964213447419,0.4749262536873156,0.8614195511824985,0.7763975155279503,0.6760885735538137,55500.0,6080.0
meta.imbalanced.RebalanceStream -l (trees.HoeffdingTree -e 2000000 -g 100 -c 0.01),ArffFileStream -f ./../../../Dataset/Synthetic_IM30/stream_gen_SEA.arff,1,56000.0,0.953125,1.4046478706101563E-9,56000.0,0.858890503875969,0.5750475599920495,0.894,0.7389162561576356,0.8843694461239671,0.45348837209302323,0.8410717032559644,0.7307692307692307,0.66335847558555,56000.0,6080.0
meta.imbalanced.RebalanceStream -l (trees.HoeffdingTree -e 2000000 -g 100 -c 0.01),ArffFileStream -f ./../../../Dataset/Synthetic_IM30/stream_gen_SEA.arff,1,56500.0,0.96875,1.429224438551398E-9,56500.0,0.9019992991386783,0.6356724571246424,0.912,0.7915205731288972,0.858890503875969,0.4662756598240469,0.8820495440837418,0.8113207547169812,0.7205485611510792,56500.0,6080.0
meta.imbalanced.RebalanceStream -l (trees.HoeffdingTree -e 2000000 -g 100 -c 0.01),ArffFileStream -f ./../../../Dataset/Synthetic_IM30/stream_gen_SEA.arff,1,57000.0,0.96875,1.429224438551398E-9,57000.0,0.8552183184200562,0.5609791675535634,0.902,0.7391396933560478,0.9019992991386783,0.3850415512465374,0.8363586581234366,0.7194244604316546,0.6884724778316882,57000.0,6080.0
meta.imbalanced.RebalanceStream -l (trees.HoeffdingTree -e 2000000 -g 100 -c 0.01),ArffFileStream -f ./../../../Dataset/Synthetic_IM30/stream_gen_SEA.arff,1,57500.0,0.96875,1.429224438551398E-9,57500.0,0.8504522933713685,0.5879113600361522,0.902,0.7583445119545492,0.8552183184200562,0.44508670520231214,0.8539903993207254,0.7532467532467533,0.6884158142106719,57500.0,6080.0
meta.imbalanced.RebalanceStream -l (trees.HoeffdingTree -e 2000000 -g 100 -c 0.01),ArffFileStream -f ./../../../Dataset/Synthetic_IM30/stream_gen_SEA.arff,1,58000.0,0.96875,1.429224438551398E-9,58000.0,0.8747883708652673,0.6082108964261637,0.904,0.7758643232036461,0.8504522933713685,0.4836795252225519,0.8749422958370359,0.803680981595092,0.6948706707584393,58000.0,6080.0
meta.imbalanced.RebalanceStream -l (trees.HoeffdingTree -e 2000000 -g 100 -c 0.01),ArffFileStream -f ./../../../Dataset/Synthetic_IM30/stream_gen_SEA.arff,1,58500.0,0.984375,1.4538010064926397E-9,58500.0,0.8549270709749459,0.5626342634656589,0.862,0.6876584341276164,0.8747883708652673,0.5527950310559007,0.8244425342970575,0.7247191011235955,0.5618690980136763,58500.0,6080.0
meta.imbalanced.RebalanceStream -l (trees.HoeffdingTree -e 2000000 -g 100 -c 0.01),ArffFileStream -f ./../../../Dataset/Synthetic_IM30/stream_gen_SEA.arff,1,59000.0,0.984375,1.4538010064926397E-9,59000.0,0.8456903534246034,0.573810374604124,0.884,0.7059479629291638,0.8549270709749459,0.39275766016713093,0.8388142325090534,0.75177304964539,0.6313890235363818,59000.0,6080.0
meta.imbalanced.RebalanceStream -l (trees.HoeffdingTree -e 2000000 -g 100 -c 0.01),ArffFileStream -f ./../../../Dataset/Synthetic_IM30/stream_gen_SEA.arff,1,59500.0,0.984375,1.4538010064926397E-9,59500.0,0.9003385416666667,0.6417083711900318,0.918,0.8160114880631845,0.8456903534246034,0.5625,0.8907121058768404,0.8111111111111111,0.7397450258708061,59500.0,6080.0
meta.imbalanced.RebalanceStream -l (trees.HoeffdingTree -e 2000000 -g 100 -c 0.01),ArffFileStream -f ./../../../Dataset/Synthetic_IM30/stream_gen_SEA.arff,1,60000.0,1.0,1.4783775744338814E-9,60000.0,0.8653640886476708,0.5709529498341538,0.874,0.7036688617121355,0.9003385416666667,0.4925373134328358,0.831709861389378,0.7333333333333333,0.600253807106599,60000.0,6080.0
meta.imbalanced.RebalanceStream -l (trees.HoeffdingTree -e 2000000 -g 100 -c 0.01),ArffFileStream -f ./../../../Dataset/Synthetic_IM30/stream_gen_SEA.arff,1,60500.0,1.0,1.4783775744338814E-9,60500.0,0.8749317210073271,0.6014193651609803,0.904,0.7636073518113587,0.8653640886476708,0.4409221902017291,0.8592209972738665,0.7647058823529411,0.695357985837923,60500.0,6080.0
meta.imbalanced.RebalanceStream -l (trees.HoeffdingTree -e 2000000 -g 100 -c 0.01),ArffFileStream -f ./../../../Dataset/Synthetic_IM30/stream_gen_SEA.arff,1,61000.0,1.0,1.4783775744338814E-9,61000.0,0.8732229280096794,0.5796856084702269,0.902,0.7562189054726369,0.8749317210073271,0.4367816091954023,0.8522283165022597,0.75,0.6889212676276215,61000.0,6080.0
meta.imbalanced.RebalanceStream -l (trees.HoeffdingTree -e 2000000 -g 100 -c 0.01),ArffFileStream -f ./../../../Dataset/Synthetic_IM30/stream_gen_SEA.arff,1,61500.0,1.015625,1.502954142375123E-9,61500.0,0.8172007548690888,0.5383618783989388,0.874,0.692898646804196,0.8732229280096794,0.4749262536873156,0.8142495032936939,0.6894409937888198,0.600113530808133,61500.0,6080.0
meta.imbalanced.RebalanceStream -l (trees.HoeffdingTree -e 2000000 -g 100 -c 0.01),ArffFileStream -f ./../../../Dataset/Synthetic_IM30/stream_gen_SEA.arff,1,62000.0,1.015625,1.502954142375123E-9,62000.0,0.8463982217326305,0.576621796314407,0.896,0.7317375154766819,0.8172007548690888,0.39664804469273746,0.8416974744201127,0.7394366197183099,0.669672131147541,62000.0,6080.0
meta.imbalanced.RebalanceStream -l (trees.HoeffdingTree -e 2000000 -g 100 -c 0.01),ArffFileStream -f ./../../../Dataset/Synthetic_IM30/stream_gen_SEA.arff,1,62500.0,1.015625,1.502954142375123E-9,62500.0,0.8458188153310104,0.5695031819025231,0.88,0.7171945701357466,0.8463982217326305,0.4880952380952381,0.8390771851552654,0.7439024390243902,0.6189798821377769,62500.0,6080.0
meta.imbalanced.RebalanceStream -l (trees.HoeffdingTree -e 2000000 -g 100 -c 0.01),ArffFileStream -f ./../../../Dataset/Synthetic_IM30/stream_gen_SEA.arff,1,63000.0,1.015625,1.502954142375123E-9,63000.0,0.8588777775669367,0.59087812407253,0.886,0.7249459542927734,0.8458188153310104,0.4326647564469914,0.8530637687221971,0.7814569536423841,0.6379127804386187,63000.0,6080.0
meta.imbalanced.RebalanceStream -l (trees.HoeffdingTree -e 2000000 -g 100 -c 0.01),ArffFileStream -f ./../../../Dataset/Synthetic_IM30/stream_gen_SEA.arff,1,63500.0,1.03125,1.5275307103163648E-9,63500.0,0.8213589803178463,0.5472050464501084,0.874,0.7025046277057913,0.8588777775669367,0.5105740181268882,0.8224882294005539,0.7041420118343196,0.6000299940011997,63500.0,6080.0
meta.imbalanced.RebalanceStream -l (trees.HoeffdingTree -e 2000000 -g 100 -c 0.01),ArffFileStream -f ./../../../Dataset/Synthetic_IM30/stream_gen_SEA.arff,1,64000.0,1.03125,1.5275307103163648E-9,64000.0,0.8533572036301759,0.5788053256021294,0.888,0.7403560830860534,0.8213589803178463,0.524390243902439,0.8467347446141632,0.7441860465116279,0.6447264076130056,64000.0,6080.0
meta.imbalanced.RebalanceStream -l (trees.HoeffdingTree -e 2000000 -g 100 -c 0.01),ArffFileStream -f ./../../../Dataset/Synthetic_IM30/stream_gen_SEA.arff,1,64500.0,1.03125,1.5275307103163648E-9,64500.0,0.8604790650878414,0.5505149971236475,0.88,0.6963316867762571,0.8533572036301759,0.4124293785310734,0.8249715926186885,0.7191780821917808,0.6191319751992914,64500.0,6080.0
meta.imbalanced.RebalanceStream -l (trees.HoeffdingTree -e 2000000 -g 100 -c 0.01),ArffFileStream -f ./../../../Dataset/Synthetic_IM30/stream_gen_SEA.arff,1,65000.0,1.046875,1.5521072782576065E-9,65000.0,0.8539607531924104,0.587768353430487,0.902,0.7681680545041636,0.8604790650878414,0.49700598802395207,0.859408561054768,0.7590361445783133,0.6890862944162438,65000.0,6080.0
meta.imbalanced.RebalanceStream -l (trees.HoeffdingTree -e 2000000 -g 100 -c 0.01),ArffFileStream -f ./../../../Dataset/Synthetic_IM30/stream_gen_SEA.arff,1,65500.0,1.046875,1.5521072782576065E-9,65500.0,0.8217041615479116,0.5308547872488649,0.872,0.6737091116730565,0.8539607531924104,0.42045454545454547,0.8058995271816134,0.6824324324324325,0.5937197131226981,65500.0,6080.0
meta.imbalanced.RebalanceStream -l (trees.HoeffdingTree -e 2000000 -g 100 -c 0.01),ArffFileStream -f ./../../../Dataset/Synthetic_IM30/stream_gen_SEA.arff,1,66000.0,1.046875,1.5521072782576065E-9,66000.0,0.8766108574327752,0.5908250457138511,0.91,0.7587390092215313,0.8217041615479116,0.3698630136986301,0.8518222922981131,0.7481481481481481,0.7140243608877763,66000.0,6080.0
meta.imbalanced.RebalanceStream -l (trees.HoeffdingTree -e 2000000 -g 100 -c 0.01),ArffFileStream -f ./../../../Dataset/Synthetic_IM30/stream_gen_SEA.arff,1,66500.0,1.0625,1.5766838461988482E-9,66500.0,0.8867440914956426,0.609168448074385,0.902,0.7745592403106482,0.8766108574327752,0.5290519877675841,0.8665329917863694,0.7745664739884393,0.688836898395722,66500.0,6080.0
meta.imbalanced.RebalanceStream -l (trees.HoeffdingTree -e 2000000 -g 100 -c 0.01),ArffFileStream -f ./../../../Dataset/Synthetic_IM30/stream_gen_SEA.arff,1,67000.0,1.0625,1.5766838461988482E-9,67000.0,0.8910749323858514,0.6039585138915305,0.9,0.7702839290636774,0.8867440914956426,0.5290519877675841,0.8651651409071079,0.7745664739884393,0.6827200833451723,67000.0,6080.0
meta.imbalanced.RebalanceStream -l (trees.HoeffdingTree -e 2000000 -g 100 -c 0.01),ArffFileStream -f ./../../../Dataset/Synthetic_IM30/stream_gen_SEA.arff,1,67500.0,1.0625,1.5766838461988482E-9,67500.0,0.8774953111362834,0.5856070244778001,0.892,0.7394073931087733,0.8910749323858514,0.4577259475218659,0.8500617422005888,0.7579617834394905,0.6573281940396728,67500.0,6080.0
meta.imbalanced.RebalanceStream -l (trees.HoeffdingTree -e 2000000 -g 100 -c 0.01),ArffFileStream -f ./../../../Dataset/Synthetic_IM30/stream_gen_SEA.arff,1,68000.0,1.0625,1.5766838461988482E-9,68000.0,0.8501945909638673,0.538332111233546,0.872,0.6726342710997443,0.8774953111362834,0.39275766016713093,0.8175725654284174,0.7163120567375887,0.5935559187485407,68000.0,6080.0
meta.imbalanced.RebalanceStream -l (trees.HoeffdingTree -e 2000000 -g 100 -c 0.01),ArffFileStream -f ./../../../Dataset/Synthetic_IM30/stream_gen_SEA.arff,1,68500.0,1.078125,1.60126041414009E-9,68500.0,0.8371663747151118,0.5550116902958135,0.88,0.7067506011612676,0.8501945909638673,0.4409221902017291,0.8342623515679667,0.738562091503268,0.618879821958457,68500.0,6080.0
meta.imbalanced.RebalanceStream -l (trees.HoeffdingTree -e 2000000 -g 100 -c 0.01),ArffFileStream -f ./../../../Dataset/Synthetic_IM30/stream_gen_SEA.arff,1,69000.0,1.078125,1.60126041414009E-9,69000.0,0.8718530404470758,0.5908175298910963,0.894,0.7458082338947933,0.8371663747151118,0.4662756598240469,0.8529542422302666,0.7610062893081762,0.6633681594329637,69000.0,6080.0
meta.imbalanced.RebalanceStream -l (trees.HoeffdingTree -e 2000000 -g 100 -c 0.01),ArffFileStream -f ./../../../Dataset/Synthetic_IM30/stream_gen_SEA.arff,1,69500.0,1.078125,1.60126041414009E-9,69500.0,0.8692024886877828,0.584251099511695,0.904,0.7471128719548176,0.8718530404470758,0.37362637362637363,0.8521404473161484,0.7573529411764706,0.6948268764579427,69500.0,6080.0
meta.imbalanced.RebalanceStream -l (trees.HoeffdingTree -e 2000000 -g 100 -c 0.01),ArffFileStream -f ./../../../Dataset/Synthetic_IM30/stream_gen_SEA.arff,1,70000.0,1.078125,1.60126041414009E-9,70000.0,0.8415521271622254,0.553054594809639,0.892,0.7282335178661299,0.8692024886877828,0.4492753623188406,0.8262183404785067,0.6967741935483871,0.6566445635389228,70000.0,6080.0
meta.imbalanced.RebalanceStream -l (trees.HoeffdingTree -e 2000000 -g 100 -c 0.01),ArffFileStream -f ./../../../Dataset/Synthetic_IM30/stream_gen_SEA.arff,1,70500.0,1.09375,1.6258369820813316E-9,70500.0,0.8825551470588235,0.608949653863805,0.9,0.7623574144486692,0.8415521271622254,0.47058823529411764,0.864166123054644,0.78125,0.6821174136531698,70500.0,6080.0
meta.imbalanced.RebalanceStream -l (trees.HoeffdingTree -e 2000000 -g 100 -c 0.01),ArffFileStream -f ./../../../Dataset/Synthetic_IM30/stream_gen_SEA.arff,1,71000.0,1.109375,1.6504135500225733E-9,71000.0,0.8349138542257516,0.5662266310702777,0.878,0.7159408411876467,0.8825551470588235,0.524390243902439,0.8320797907766688,0.7209302325581395,0.6124384787472036,71000.0,6080.0
meta.imbalanced.RebalanceStream -l (trees.HoeffdingTree -e 2000000 -g 100 -c 0.01),ArffFileStream -f ./../../../Dataset/Synthetic_IM30/stream_gen_SEA.arff,1,71500.0,1.109375,1.6504135500225733E-9,71500.0,0.8599644551933894,0.6123744014742103,0.902,0.7675962815405046,0.8349138542257516,0.4749262536873156,0.8661919951880734,0.782608695652174,0.6887299542445916,71500.0,6080.0
meta.imbalanced.RebalanceStream -l (trees.HoeffdingTree -e 2000000 -g 100 -c 0.01),ArffFileStream -f ./../../../Dataset/Synthetic_IM30/stream_gen_SEA.arff,1,72000.0,1.109375,1.6504135500225733E-9,72000.0,0.840257781434252,0.5758560792209068,0.896,0.7318647773446363,0.8599644551933894,0.4005602240896359,0.8399232105309667,0.7342657342657343,0.6694623466054561,72000.0,6080.0
meta.imbalanced.RebalanceStream -l (trees.HoeffdingTree -e 2000000 -g 100 -c 0.01),ArffFileStream -f ./../../../Dataset/Synthetic_IM30/stream_gen_SEA.arff,1,72500.0,1.125,1.674990117963815E-9,72500.0,0.8566418683840402,0.589087492573469,0.892,0.741359491148747,0.840257781434252,0.4619883040935672,0.8530859103047597,0.7658227848101266,0.6567596002104157,72500.0,6080.0
meta.imbalanced.RebalanceStream -l (trees.HoeffdingTree -e 2000000 -g 100 -c 0.01),ArffFileStream -f ./../../../Dataset/Synthetic_IM30/stream_gen_SEA.arff,1,73000.0,1.125,1.674990117963815E-9,73000.0,0.8750370414271321,0.6000146957100211,0.916,0.7802657737783824,0.8566418683840402,0.39275766016713093,0.8613678668414018,0.7588652482269503,0.7328453796889296,73000.0,6080.0
meta.imbalanced.RebalanceStream -l (trees.HoeffdingTree -e 2000000 -g 100 -c 0.01),ArffFileStream -f ./../../../Dataset/Synthetic_IM30/stream_gen_SEA.arff,1,73500.0,1.125,1.674990117963815E-9,73500.0,0.8545251664545639,0.5771154011453054,0.884,0.7223126567975947,0.8750370414271321,0.4662756598240469,0.8419745998996568,0.7484276729559748,0.6311007268951194,73500.0,6080.0
meta.imbalanced.RebalanceStream -l (trees.HoeffdingTree -e 2000000 -g 100 -c 0.01),ArffFileStream -f ./../../../Dataset/Synthetic_IM30/stream_gen_SEA.arff,1,74000.0,1.140625,1.6995666859050567E-9,74000.0,0.8617643399278337,0.5920506818544522,0.888,0.7402067212232553,0.8545251664545639,0.5197568389057751,0.8479153978269625,0.7485380116959064,0.6440321264441867,74000.0,6080.0
meta.imbalanced.RebalanceStream -l (trees.HoeffdingTree -e 2000000 -g 100 -c 0.01),ArffFileStream -f ./../../../Dataset/Synthetic_IM30/stream_gen_SEA.arff,1,74500.0,1.15625,1.7241432538462985E-9,74500.0,0.8641190187123008,0.5971023460651177,0.894,0.7368211973145832,0.8617643399278337,0.4164305949008499,0.8528377880291464,0.7687074829931972,0.6629534784464363,74500.0,6080.0
meta.imbalanced.RebalanceStream -l (trees.HoeffdingTree -e 2000000 -g 100 -c 0.01),ArffFileStream -f ./../../../Dataset/Synthetic_IM30/stream_gen_SEA.arff,1,75000.0,1.15625,1.7241432538462985E-9,75000.0,0.8420937778705478,0.5921836475670723,0.894,0.741281680790409,0.8641190187123008,0.4326647564469914,0.8559506255985181,0.7748344370860927,0.6628641703066028,75000.0,6080.0
meta.imbalanced.RebalanceStream -l (trees.HoeffdingTree -e 2000000 -g 100 -c 0.01),ArffFileStream -f ./../../../Dataset/Synthetic_IM30/stream_gen_SEA.arff,1,75500.0,1.15625,1.7241432538462985E-9,75500.0,0.8691163588909347,0.5950579487951506,0.906,0.7780590079709871,0.8420937778705478,0.5105740181268882,0.8603067121877975,0.7514792899408284,0.7011789473684212,75500.0,6080.0
meta.imbalanced.RebalanceStream -l (trees.HoeffdingTree -e 2000000 -g 100 -c 0.01),ArffFileStream -f ./../../../Dataset/Synthetic_IM30/stream_gen_SEA.arff,1,76000.0,1.171875,1.7487198217875402E-9,76000.0,0.8763220107005102,0.579871749849208,0.884,0.7293412726560021,0.8691163588909347,0.5197568389057751,0.839244750572934,0.7309941520467836,0.6314535345512311,76000.0,6080.0
meta.imbalanced.RebalanceStream -l (trees.HoeffdingTree -e 2000000 -g 100 -c 0.01),ArffFileStream -f ./../../../Dataset/Synthetic_IM30/stream_gen_SEA.arff,1,76500.0,1.171875,1.7487198217875402E-9,76500.0,0.8739268437255014,0.5922132845630592,0.896,0.7424773677225095,0.8763220107005102,0.42450142450142453,0.8532552450934086,0.7651006711409396,0.6694640631491484,76500.0,6080.0
meta.imbalanced.RebalanceStream -l (trees.HoeffdingTree -e 2000000 -g 100 -c 0.01),ArffFileStream -f ./../../../Dataset/Synthetic_IM30/stream_gen_SEA.arff,1,77000.0,1.171875,1.7487198217875402E-9,77000.0,0.89574077991679,0.6191647209715894,0.904,0.7802036779251228,0.8739268437255014,0.5337423312883436,0.8704214227671814,0.7816091954022989,0.6950998185117968,77000.0,6080.0
meta.imbalanced.RebalanceStream -l (trees.HoeffdingTree -e 2000000 -g 100 -c 0.01),ArffFileStream -f ./../../../Dataset/Synthetic_IM30/stream_gen_SEA.arff,1,77500.0,1.171875,1.7487198217875402E-9,77500.0,0.8984126984126984,0.6324394384192108,0.918,0.7906881764345519,0.89574077991679,0.3888888888888889,0.8807689641750374,0.8071428571428572,0.7393782808398951,77500.0,6080.0
meta.imbalanced.RebalanceStream -l (trees.HoeffdingTree -e 2000000 -g 100 -c 0.01),ArffFileStream -f ./../../../Dataset/Synthetic_IM30/stream_gen_SEA.arff,1,78000.0,1.1875,1.7732963897287819E-9,78000.0,0.8694111333185284,0.5982949926263662,0.896,0.750938769254349,0.8984126984126984,0.4619883040935672,0.8579206451043832,0.7721518987341772,0.6694645913128515,78000.0,6080.0
meta.imbalanced.RebalanceStream -l (trees.HoeffdingTree -e 2000000 -g 100 -c 0.01),ArffFileStream -f ./../../../Dataset/Synthetic_IM30/stream_gen_SEA.arff,1,78500.0,1.1875,1.7732963897287819E-9,78500.0,0.8529112068503191,0.5955387231146123,0.898,0.7599050918951492,0.8694111333185284,0.5105740181268882,0.8529610200082925,0.7455621301775148,0.6759742624742018,78500.0,6080.0
meta.imbalanced.RebalanceStream -l (trees.HoeffdingTree -e 2000000 -g 100 -c 0.01),ArffFileStream -f ./../../../Dataset/Synthetic_IM30/stream_gen_SEA.arff,1,79000.0,1.203125,1.7978729576700236E-9,79000.0,0.8889428350506194,0.6460077685322817,0.916,0.8071589928189683,0.8529112068503191,0.5015015015015015,0.8929402289246872,0.8323353293413174,0.7332583005064717,79000.0,6080.0
meta.imbalanced.RebalanceStream -l (trees.HoeffdingTree -e 2000000 -g 100 -c 0.01),ArffFileStream -f ./../../../Dataset/Synthetic_IM30/stream_gen_SEA.arff,1,79500.0,1.203125,1.7978729576700236E-9,79500.0,0.8721037826634096,0.5985223349337258,0.896,0.7491703326387281,0.8889428350506194,0.4619883040935672,0.8534654572375833,0.759493670886076,0.6697555520051127,79500.0,6080.0
meta.imbalanced.RebalanceStream -l (trees.HoeffdingTree -e 2000000 -g 100 -c 0.01),ArffFileStream -f ./../../../Dataset/Synthetic_IM30/stream_gen_SEA.arff,1,80000.0,1.203125,1.7978729576700236E-9,80000.0,0.8767037385418396,0.6185761336577014,0.91,0.7841768023635038,0.8721037826634096,0.4662756598240469,0.8722404533150648,0.7861635220125787,0.7142290136931931,80000.0,6080.0
meta.imbalanced.RebalanceStream -l (trees.HoeffdingTree -e 2000000 -g 100 -c 0.01),ArffFileStream -f ./../../../Dataset/Synthetic_IM30/stream_gen_SEA.arff,1,80500.0,1.203125,1.7978729576700236E-9,80500.0,0.894400723654455,0.6387082294434553,0.914,0.7990278556739578,0.8767037385418396,0.4925373134328358,0.8829456066876735,0.806060606060606,0.7270110410094638,80500.0,6080.0
meta.imbalanced.RebalanceStream -l (trees.HoeffdingTree -e 2000000 -g 100 -c 0.01),ArffFileStream -f ./../../../Dataset/Synthetic_IM30/stream_gen_SEA.arff,1,81000.0,1.21875,1.8224495256112653E-9,81000.0,0.8488946025073193,0.5747481591967374,0.886,0.7178217821782179,0.894400723654455,0.44508670520231214,0.8316337797599764,0.7207792207792207,0.6380810535392334,81000.0,6080.0
meta.imbalanced.RebalanceStream -l (trees.HoeffdingTree -e 2000000 -g 100 -c 0.01),ArffFileStream -f ./../../../Dataset/Synthetic_IM30/stream_gen_SEA.arff,1,81500.0,1.21875,1.8224495256112653E-9,81500.0,0.8394571428571429,0.5889194048144628,0.902,0.7540160642570283,0.8488946025073193,0.42857142857142855,0.850411665018772,0.7466666666666667,0.6887858478802993,81500.0,6080.0
meta.imbalanced.RebalanceStream -l (trees.HoeffdingTree -e 2000000 -g 100 -c 0.01),ArffFileStream -f ./../../../Dataset/Synthetic_IM30/stream_gen_SEA.arff,1,82000.0,1.21875,1.8224495256112653E-9,82000.0,0.8391892141131337,0.5696116911972419,0.886,0.7237301279565723,0.8394571428571429,0.4662756598240469,0.8364252200797637,0.7295597484276729,0.6379971343376061,82000.0,6248.0
meta.imbalanced.RebalanceStream -l (trees.HoeffdingTree -e 2000000 -g 100 -c 0.01),ArffFileStream -f ./../../../Dataset/Synthetic_IM30/stream_gen_SEA.arff,1,82500.0,1.21875,1.8224495256112653E-9,82500.0,0.8300164945496271,0.5523362317335784,0.864,0.6821241585639491,0.8391892141131337,0.5060240963855421,0.8193024193721049,0.7142857142857143,0.5683121080373975,82500.0,6248.0
meta.imbalanced.RebalanceStream -l (trees.HoeffdingTree -e 2000000 -g 100 -c 0.01),ArffFileStream -f ./../../../Dataset/Synthetic_IM30/stream_gen_SEA.arff,1,83000.0,1.21875,1.8224495256112653E-9,83000.0,0.8797653958944281,0.6030858996223001,0.9,0.759777073123859,0.8300164945496271,0.4662756598240469,0.8590947905579231,0.7672955974842768,0.6826003824091779,83000.0,6248.0
meta.imbalanced.RebalanceStream -l (trees.HoeffdingTree -e 2000000 -g 100 -c 0.01),ArffFileStream -f ./../../../Dataset/Synthetic_IM30/stream_gen_SEA.arff,1,83500.0,1.21875,1.8224495256112653E-9,83500.0,0.81828475418219,0.5621701471046596,0.866,0.6855050694705219,0.8797653958944281,0.47928994082840237,0.8282223278889327,0.7407407407407407,0.5747567649741563,83500.0,6248.0
meta.imbalanced.RebalanceStream -l (trees.HoeffdingTree -e 2000000 -g 100 -c 0.01),ArffFileStream -f ./../../../Dataset/Synthetic_IM30/stream_gen_SEA.arff,1,84000.0,1.21875,1.8224495256112653E-9,84000.0,0.8145310533718262,0.5465753557282493,0.866,0.6785275602640872,0.81828475418219,0.4619883040935672,0.8203632004123035,0.7215189873417721,0.5747638836418587,84000.0,6248.0
meta.imbalanced.RebalanceStream -l (trees.HoeffdingTree -e 2000000 -g 100 -c 0.01),ArffFileStream -f ./../../../Dataset/Synthetic_IM30/stream_gen_SEA.arff,1,84500.0,1.234375,1.8477051829298308E-9,84500.0,0.8261454221809458,0.5474271554074672,0.882,0.7020202020202021,0.8145310533718262,0.4124293785310734,0.8288907196313259,0.726027397260274,0.6253757138563271,84500.0,6248.0
meta.imbalanced.RebalanceStream -l (trees.HoeffdingTree -e 2000000 -g 100 -c 0.01),ArffFileStream -f ./../../../Dataset/Synthetic_IM30/stream_gen_SEA.arff,1,85000.0,1.234375,1.8477051829298308E-9,85000.0,0.8871225319396051,0.587031282827982,0.9,0.7588548499112586,0.8261454221809458,0.4880952380952381,0.8477270285785268,0.7317073170731707,0.6825989544436146,85000.0,6248.0
meta.imbalanced.RebalanceStream -l (trees.HoeffdingTree -e 2000000 -g 100 -c 0.01),ArffFileStream -f ./../../../Dataset/Synthetic_IM30/stream_gen_SEA.arff,1,85500.0,1.234375,1.8477051829298308E-9,85500.0,0.8820139006611291,0.5713844660474057,0.888,0.7220843672456576,0.8871225319396051,0.4409221902017291,0.8343978057581055,0.7254901960784313,0.6444510451862029,85500.0,6248.0
meta.imbalanced.RebalanceStream -l (trees.HoeffdingTree -e 2000000 -g 100 -c 0.01),ArffFileStream -f ./../../../Dataset/Synthetic_IM30/stream_gen_SEA.arff,1,86000.0,1.25,1.8729608402483963E-9,86000.0,0.8831856391961896,0.6052440272060388,0.902,0.7598792535675083,0.8820139006611291,0.4326647564469914,0.8634991875416792,0.7814569536423841,0.6888199675084922,86000.0,6248.0
meta.imbalanced.RebalanceStream -l (trees.HoeffdingTree -e 2000000 -g 100 -c 0.01),ArffFileStream -f ./../../../Dataset/Synthetic_IM30/stream_gen_SEA.arff,1,86500.0,1.25,1.8729608402483963E-9,86500.0,0.837288256101246,0.5700557646045127,0.884,0.7285406720958533,0.8831856391961896,0.5197568389057751,0.8371984168302461,0.7251461988304093,0.6318473674555128,86500.0,6248.0
meta.imbalanced.RebalanceStream -l (trees.HoeffdingTree -e 2000000 -g 100 -c 0.01),ArffFileStream -f ./../../../Dataset/Synthetic_IM30/stream_gen_SEA.arff,1,87000.0,1.25,1.8729608402483963E-9,87000.0,0.8773333333333333,0.6058168350606548,0.902,0.7598039215686275,0.837288256101246,0.42857142857142855,0.865134176216119,0.7866666666666666,0.6888888888888889,87000.0,6248.0
meta.imbalanced.RebalanceStream -l (trees.HoeffdingTree -e 2000000 -g 100 -c 0.01),ArffFileStream -f ./../../../Dataset/Synthetic_IM30/stream_gen_SEA.arff,1,87500.0,1.265625,1.8982164975669618E-9,87500.0,0.8479920814479638,0.5714361121524747,0.894,0.7200980185052178,0.8773333333333333,0.37362637362637363,0.8372296329600377,0.7352941176470589,0.6632293671253768,87500.0,6248.0
meta.imbalanced.RebalanceStream -l (trees.HoeffdingTree -e 2000000 -g 100 -c 0.01),ArffFileStream -f ./../../../Dataset/Synthetic_IM30/stream_gen_SEA.arff,1,88000.0,1.265625,1.8982164975669618E-9,88000.0,0.8242451639637604,0.5399967864932962,0.88,0.6975745478739491,0.8479920814479638,0.4409221902017291,0.8139666293712603,0.6862745098039216,0.6186899689463421,88000.0,6248.0
meta.imbalanced.RebalanceStream -l (trees.HoeffdingTree -e 2000000 -g 100 -c 0.01),ArffFileStream -f ./../../../Dataset/Synthetic_IM30/stream_gen_SEA.arff,1,88500.0,1.265625,1.8982164975669618E-9,88500.0,0.861062230043193,0.569409776569831,0.886,0.7328258587070646,0.8242451639637604,0.5197568389057751,0.8385137333000745,0.7251461988304093,0.6379328907231294,88500.0,6248.0
meta.imbalanced.RebalanceStream -l (trees.HoeffdingTree -e 2000000 -g 100 -c 0.01),ArffFileStream -f ./../../../Dataset/Synthetic_IM30/stream_gen_SEA.arff,1,89000.0,1.28125,1.9234721548855273E-9,89000.0,0.8767379679144385,0.6051900126471482,0.9,0.7672253258845438,0.861062230043193,0.5151515151515151,0.8611230904040922,0.7647058823529411,0.6825396825396826,89000.0,6248.0
meta.imbalanced.RebalanceStream -l (trees.HoeffdingTree -e 2000000 -g 100 -c 0.01),ArffFileStream -f ./../../../Dataset/Synthetic_IM30/stream_gen_SEA.arff,1,89500.0,1.28125,1.9234721548855273E-9,89500.0,0.8607596161287826,0.5904564324783421,0.904,0.7560380580629423,0.8767379679144385,0.4124293785310734,0.8531616720380614,0.7534246575342466,0.6951137291082645,89500.0,6248.0
meta.imbalanced.RebalanceStream -l (trees.HoeffdingTree -e 2000000 -g 100 -c 0.01),ArffFileStream -f ./../../../Dataset/Synthetic_IM30/stream_gen_SEA.arff,1,90000.0,1.28125,1.9234721548855273E-9,90000.0,0.8780895433696682,0.5999847147381192,0.908,0.7755966202899682,0.8607596161287826,0.4577259475218659,0.8627142471956453,0.7643312101910829,0.7078128308278637,90000.0,6248.0
meta.imbalanced.RebalanceStream -l (trees.HoeffdingTree -e 2000000 -g 100 -c 0.01),ArffFileStream -f ./../../../Dataset/Synthetic_IM30/stream_gen_SEA.arff,1,90500.0,1.28125,1.9234721548855273E-9,90500.0,0.8749527374470659,0.583610847988824,0.894,0.7393681891498486,0.8780895433696682,0.4367816091954023,0.8495844327722544,0.756578947368421,0.6632853632853634,90500.0,6248.0
meta.imbalanced.RebalanceStream -l (trees.HoeffdingTree -e 2000000 -g 100 -c 0.01),ArffFileStream -f ./../../../Dataset/Synthetic_IM30/stream_gen_SEA.arff,1,91000.0,1.28125,1.9234721548855273E-9,91000.0,0.8678486400692591,0.5620389036814893,0.876,0.7071272012697453,0.8749527374470659,0.49700598802395207,0.8296155917993311,0.7228915662650602,0.6062255723059743,91000.0,6248.0
meta.imbalanced.RebalanceStream -l (trees.HoeffdingTree -e 2000000 -g 100 -c 0.01),ArffFileStream -f ./../../../Dataset/Synthetic_IM30/stream_gen_SEA.arff,1,91500.0,1.296875,1.9487278122040928E-9,91500.0,0.8606797618830897,0.596211270625951,0.902,0.7670305427712907,0.8678486400692591,0.4836795252225519,0.8613012031869431,0.7668711656441718,0.6888511051736703,91500.0,6248.0
meta.imbalanced.RebalanceStream -l (trees.HoeffdingTree -e 2000000 -g 100 -c 0.01),ArffFileStream -f ./../../../Dataset/Synthetic_IM30/stream_gen_SEA.arff,1,92000.0,1.296875,1.9487278122040928E-9,92000.0,0.83895866762574,0.5500057893114357,0.874,0.6957227309609365,0.8606797618830897,0.4662756598240469,0.8240962448069515,0.7169811320754716,0.5999723928497481,92000.0,6248.0
meta.imbalanced.RebalanceStream -l (trees.HoeffdingTree -e 2000000 -g 100 -c 0.01),ArffFileStream -f ./../../../Dataset/Synthetic_IM30/stream_gen_SEA.arff,1,92500.0,1.296875,1.9487278122040928E-9,92500.0,0.8185561477533496,0.5639483071464612,0.886,0.7235800744878957,0.83895866762574,0.4619883040935672,0.8378403548037573,0.7341772151898734,0.6380766062602966,92500.0,6248.0
meta.imbalanced.RebalanceStream -l (trees.HoeffdingTree -e 2000000 -g 100 -c 0.01),ArffFileStream -f ./../../../Dataset/Synthetic_IM30/stream_gen_SEA.arff,1,93000.0,1.3125,1.9739834695226583E-9,93000.0,0.8299632352941176,0.5858929085669434,0.894,0.7450452183952281,0.8185561477533496,0.47058823529411764,0.8493076765293981,0.75,0.6635035499726926,93000.0,6248.0
meta.imbalanced.RebalanceStream -l (trees.HoeffdingTree -e 2000000 -g 100 -c 0.01),ArffFileStream -f ./../../../Dataset/Synthetic_IM30/stream_gen_SEA.arff,1,93500.0,1.3125,1.9739834695226583E-9,93500.0,0.8183731617647059,0.5253362853794,0.872,0.6839193994468589,0.8299632352941176,0.47058823529411764,0.8044339442043923,0.66875,0.5936990765888105,93500.0,6248.0
meta.imbalanced.RebalanceStream -l (trees.HoeffdingTree -e 2000000 -g 100 -c 0.01),ArffFileStream -f ./../../../Dataset/Synthetic_IM30/stream_gen_SEA.arff,1,94000.0,1.3125,1.9739834695226583E-9,94000.0,0.866175635317613,0.5922334751851291,0.904,0.7680307745839052,0.8183731617647059,0.4749262536873156,0.8566312134496861,0.7515527950310559,0.6953101259411826,94000.0,6248.0
meta.imbalanced.RebalanceStream -l (trees.HoeffdingTree -e 2000000 -g 100 -c 0.01),ArffFileStream -f ./../../../Dataset/Synthetic_IM30/stream_gen_SEA.arff,1,94500.0,1.328125,1.9992391268412238E-9,94500.0,0.8377205882352942,0.564845845503279,0.882,0.7171620325982743,0.866175635317613,0.47058823529411764,0.8370334521391604,0.7375,0.625516338113309,94500.0,6248.0
meta.imbalanced.RebalanceStream -l (trees.HoeffdingTree -e 2000000 -g 100 -c 0.01),ArffFileStream -f ./../../../Dataset/Synthetic_IM30/stream_gen_SEA.arff,1,95000.0,1.328125,1.9992391268412238E-9,95000.0,0.8319251267385935,0.5332939691611994,0.872,0.6877866021425645,0.8377205882352942,0.4577259475218659,0.8184766303046127,0.7070063694267515,0.5937729671944946,95000.0,6248.0
meta.imbalanced.RebalanceStream -l (trees.HoeffdingTree -e 2000000 -g 100 -c 0.01),ArffFileStream -f ./../../../Dataset/Synthetic_IM30/stream_gen_SEA.arff,1,95500.0,1.328125,1.9992391268412238E-9,95500.0,0.8824613764044944,0.5999371399155325,0.914,0.7779017395975374,0.8319251267385935,0.4044943820224719,0.8601944297243728,0.7569444444444444,0.726943280803245,95500.0,6248.0
meta.imbalanced.RebalanceStream -l (trees.HoeffdingTree -e 2000000 -g 100 -c 0.01),ArffFileStream -f ./../../../Dataset/Synthetic_IM30/stream_gen_SEA.arff,1,96000.0,1.328125,1.9992391268412238E-9,96000.0,0.8615142857142857,0.5794286967906861,0.9,0.7484909456740443,0.8824613764044944,0.42857142857142855,0.8466066720401259,0.74,0.6824136562127829,96000.0,6248.0
meta.imbalanced.RebalanceStream -l (trees.HoeffdingTree -e 2000000 -g 100 -c 0.01),ArffFileStream -f ./../../../Dataset/Synthetic_IM30/stream_gen_SEA.arff,1,96500.0,1.34375,2.0244947841597892E-9,96500.0,0.8471304706853839,0.5803039215196318,0.896,0.7430626927029805,0.8615142857142857,0.44508670520231214,0.8453318827789708,0.7402597402597403,0.6696728325982491,96500.0,6248.0
meta.imbalanced.RebalanceStream -l (trees.HoeffdingTree -e 2000000 -g 100 -c 0.01),ArffFileStream -f ./../../../Dataset/Synthetic_IM30/stream_gen_SEA.arff,1,97000.0,1.34375,2.0244947841597892E-9,97000.0,0.8514553518187239,0.5753210616331382,0.888,0.7296462227715125,0.8471304706853839,0.45348837209302323,0.8466585202844089,0.7564102564102564,0.6442465125417514,97000.0,6248.0
meta.imbalanced.RebalanceStream -l (trees.HoeffdingTree -e 2000000 -g 100 -c 0.01),ArffFileStream -f ./../../../Dataset/Synthetic_IM30/stream_gen_SEA.arff,1,97500.0,1.34375,2.0244947841597892E-9,97500.0,0.8654871323529412,0.5913446616980458,0.894,0.7485291326627443,0.8514553518187239,0.47058823529411764,0.8580501150865256,0.775,0.6633331161639195,97500.0,6248.0
meta.imbalanced.RebalanceStream -l (trees.HoeffdingTree -e 2000000 -g 100 -c 0.01),ArffFileStream -f ./../../../Dataset/Synthetic_IM30/stream_gen_SEA.arff,1,98000.0,1.359375,2.0497504414783547E-9,98000.0,0.8906872726639865,0.6213167680958616,0.906,0.789524594275069,0.8654871323529412,0.557632398753894,0.8799975318334691,0.8044692737430168,0.7016549535252777,98000.0,6248.0
meta.imbalanced.RebalanceStream -l (trees.HoeffdingTree -e 2000000 -g 100 -c 0.01),ArffFileStream -f ./../../../Dataset/Synthetic_IM30/stream_gen_SEA.arff,1,98500.0,1.359375,2.0497504414783547E-9,98500.0,0.8787660078466207,0.6022542917039417,0.906,0.7720747982619491,0.8906872726639865,0.4619883040935672,0.8622240461284475,0.7658227848101266,0.701659416787498,98500.0,6248.0
meta.imbalanced.RebalanceStream -l (trees.HoeffdingTree -e 2000000 -g 100 -c 0.01),ArffFileStream -f ./../../../Dataset/Synthetic_IM30/stream_gen_SEA.arff,1,99000.0,1.359375,2.0497504414783547E-9,99000.0,0.8375491530550514,0.5656238304200658,0.89,0.7231283476299788,0.8787660078466207,0.4367816091954023,0.8294981317852431,0.7105263157894737,0.6508160451470164,99000.0,6248.0
meta.imbalanced.RebalanceStream -l (trees.HoeffdingTree -e 2000000 -g 100 -c 0.01),ArffFileStream -f ./../../../Dataset/Synthetic_IM30/stream_gen_SEA.arff,1,99500.0,1.359375,2.0497504414783547E-9,99500.0,0.9087847419171866,0.6419945782749616,0.914,0.8037533316294864,0.8375491530550514,0.524390243902439,0.886936450781829,0.813953488372093,0.7271277783092575,99500.0,6248.0
meta.imbalanced.RebalanceStream -l (trees.HoeffdingTree -e 2000000 -g 100 -c 0.01),ArffFileStream -f ./../../../Dataset/Synthetic_IM30/stream_gen_SEA.arff,1,100000.0,1.375,2.0750060987969202E-9,100000.0,0.8679767846339987,0.5979475651850644,0.9,0.7555346945161544,0.9087847419171866,0.4367816091954023,0.8605946255339285,0.7763157894736842,0.6826505029989528,100000.0,6248.0
