Learner,stream,randomSeed,learning evaluation instances,evaluation time (cpu seconds),model cost (RAM-Hours),classified instances,AUC,sAUC,Accuracy,Kappa,Periodical holdout AUC,Pos/Neg ratio,G-Mean,Recall,KappaM,model training instances,model serialized size (bytes)
meta.imbalanced.CSMOTE -l (trees.HoeffdingTree -e 2000000 -g 100 -c 0.01),ArffFileStream -f ./../../../Dataset/Synthetic_IM20/stream_gen_hyperplane.arff,1,500.0,0.15625,2.7034224735365976E-10,500.0,0.7662206148282098,0.24892348881409537,0.834,0.3466624685138537,0.0,0.26582278481012656,0.5290819097922734,0.2857142857142857,0.20952380952380922,500.0,6688.0
meta.imbalanced.CSMOTE -l (trees.HoeffdingTree -e 2000000 -g 100 -c 0.01),ArffFileStream -f ./../../../Dataset/Synthetic_IM20/stream_gen_hyperplane.arff,1,1000.0,0.234375,4.124659527507094E-10,1000.0,0.8147720787116306,0.4011369953240287,0.774,0.4279987041386571,0.7662206148282098,0.2531328320802005,0.7620102162808384,0.7425742574257426,-0.09708737864077681,1000.0,7032.0
meta.imbalanced.CSMOTE -l (trees.HoeffdingTree -e 2000000 -g 100 -c 0.01),ArffFileStream -f ./../../../Dataset/Synthetic_IM20/stream_gen_hyperplane.arff,1,1500.0,0.3125,5.613805519209968E-10,1500.0,0.8359690609912307,0.43563505529679514,0.806,0.48360306643952317,0.8147720787116306,0.2562814070351759,0.7784414118151295,0.7352941176470589,0.055194805194805595,1500.0,7368.0
meta.imbalanced.CSMOTE -l (trees.HoeffdingTree -e 2000000 -g 100 -c 0.01),ArffFileStream -f ./../../../Dataset/Synthetic_IM20/stream_gen_hyperplane.arff,1,2000.0,0.421875,7.698609907593993E-10,2000.0,0.8405684321425151,0.451264980723881,0.796,0.4852644327815906,0.8359690609912307,0.26903553299492383,0.7876792845449322,0.7735849056603774,0.014492753623188422,2000.0,7368.0
meta.imbalanced.CSMOTE -l (trees.HoeffdingTree -e 2000000 -g 100 -c 0.01),ArffFileStream -f ./../../../Dataset/Synthetic_IM20/stream_gen_hyperplane.arff,1,2500.0,0.546875,1.0081243494318592E-9,2500.0,0.7942559523809524,0.3750041390773047,0.728,0.29489838241393584,0.8405684321425151,0.19047619047619047,0.7111986863237104,0.6875,-0.3765182186234819,2500.0,7368.0
meta.imbalanced.CSMOTE -l (trees.HoeffdingTree -e 2000000 -g 100 -c 0.01),ArffFileStream -f ./../../../Dataset/Synthetic_IM20/stream_gen_hyperplane.arff,1,3000.0,0.671875,1.2572531381414998E-9,3000.0,0.8364365032979878,0.4390451901261224,0.852,0.5539266510741927,0.7942559523809524,0.2106537530266344,0.8181820993042018,0.7701149425287356,0.23580034423407903,3000.0,7704.0
meta.imbalanced.CSMOTE -l (trees.HoeffdingTree -e 2000000 -g 100 -c 0.01),ArffFileStream -f ./../../../Dataset/Synthetic_IM20/stream_gen_hyperplane.arff,1,3500.0,0.8125,1.5375230254398454E-9,3500.0,0.9052725538627082,0.5496415386550031,0.868,0.6357696298094965,0.8364365032979878,0.2594458438287154,0.8517424853231425,0.8252427184466019,0.3245614035087718,3500.0,7704.0
meta.imbalanced.CSMOTE -l (trees.HoeffdingTree -e 2000000 -g 100 -c 0.01),ArffFileStream -f ./../../../Dataset/Synthetic_IM20/stream_gen_hyperplane.arff,1,4000.0,0.96875,1.8489340113268962E-9,4000.0,0.7686043383629649,0.3767730028543512,0.788,0.4073312012166485,0.9052725538627082,0.2594458438287154,0.7141187002765466,0.6116504854368932,-0.07750952986022865,4000.0,7704.0
meta.imbalanced.CSMOTE -l (trees.HoeffdingTree -e 2000000 -g 100 -c 0.01),ArffFileStream -f ./../../../Dataset/Synthetic_IM20/stream_gen_hyperplane.arff,1,4500.0,1.15625,2.222627194391357E-9,4500.0,0.827275,0.4597113829382354,0.84,0.5535714285714286,0.7686043383629649,0.25,0.8084553172563095,0.76,0.1882750845546786,4500.0,7704.0
meta.imbalanced.CSMOTE -l (trees.HoeffdingTree -e 2000000 -g 100 -c 0.01),ArffFileStream -f ./../../../Dataset/Synthetic_IM20/stream_gen_hyperplane.arff,1,5000.0,1.296875,2.5028970816897024E-9,5000.0,0.8297035232003249,0.4188518887666185,0.808,0.45774966109353826,0.827275,0.24378109452736318,0.752496100155552,0.673469387755102,0.025380710659898505,5000.0,7704.0
meta.imbalanced.CSMOTE -l (trees.HoeffdingTree -e 2000000 -g 100 -c 0.01),ArffFileStream -f ./../../../Dataset/Synthetic_IM20/stream_gen_hyperplane.arff,1,5500.0,1.453125,2.827889855123229E-9,5500.0,0.8529032590759076,0.44935116588974533,0.83,0.5086705202312135,0.8297035232003249,0.2376237623762376,0.7799969323795141,0.7083333333333334,0.13506012950971316,5500.0,8040.0
meta.imbalanced.CSMOTE -l (trees.HoeffdingTree -e 2000000 -g 100 -c 0.01),ArffFileStream -f ./../../../Dataset/Synthetic_IM20/stream_gen_hyperplane.arff,1,6000.0,1.625,3.185381905900108E-9,6000.0,0.838384607574373,0.4413718978430702,0.85,0.553358742258218,0.8529032590759076,0.24378109452736318,0.7896297092136669,0.7040816326530612,0.23664122137404572,6000.0,8040.0
meta.imbalanced.CSMOTE -l (trees.HoeffdingTree -e 2000000 -g 100 -c 0.01),ArffFileStream -f ./../../../Dataset/Synthetic_IM20/stream_gen_hyperplane.arff,1,6500.0,1.8125,3.5753732340203397E-9,6500.0,0.8079603729603729,0.4328303595210503,0.822,0.5116330114135204,0.838384607574373,0.28205128205128205,0.7664284620319025,0.6818181818181818,0.10240496508921616,6500.0,8040.0
meta.imbalanced.CSMOTE -l (trees.HoeffdingTree -e 2000000 -g 100 -c 0.01),ArffFileStream -f ./../../../Dataset/Synthetic_IM20/stream_gen_hyperplane.arff,1,7000.0,2.03125,4.030363116827277E-9,7000.0,0.8271520770839015,0.45247133371150317,0.822,0.5359556185868022,0.8079603729603729,0.29533678756476683,0.7900734018845472,0.7368421052631579,0.11190306486101176,7000.0,8040.0
meta.imbalanced.CSMOTE -l (trees.HoeffdingTree -e 2000000 -g 100 -c 0.01),ArffFileStream -f ./../../../Dataset/Synthetic_IM20/stream_gen_hyperplane.arff,1,7500.0,2.28125,4.550351554320919E-9,7500.0,0.7729696021129344,0.4117248348383262,0.78,0.42291146412607816,0.8271520770839015,0.2594458438287154,0.7442359595145189,0.6893203883495146,-0.09561752988047807,7500.0,8040.0
meta.imbalanced.CSMOTE -l (trees.HoeffdingTree -e 2000000 -g 100 -c 0.01),ArffFileStream -f ./../../../Dataset/Synthetic_IM20/stream_gen_hyperplane.arff,1,8000.0,2.53125,5.0703399918145615E-9,8000.0,0.7791898123886385,0.40630321819047865,0.804,0.402030655081519,0.7729696021129344,0.2315270935960591,0.7017130580269054,0.574468085106383,0.02000000000000002,8000.0,8040.0
meta.imbalanced.CSMOTE -l (trees.HoeffdingTree -e 2000000 -g 100 -c 0.01),ArffFileStream -f ./../../../Dataset/Synthetic_IM20/stream_gen_hyperplane.arff,1,8500.0,2.78125,5.590328429308204E-9,8500.0,0.8093690607475539,0.4474299869693438,0.814,0.48990785432207107,0.7791898123886385,0.27877237851662406,0.756367806904128,0.6697247706422018,0.0748976009362196,8500.0,8040.0
meta.imbalanced.CSMOTE -l (trees.HoeffdingTree -e 2000000 -g 100 -c 0.01),ArffFileStream -f ./../../../Dataset/Synthetic_IM20/stream_gen_hyperplane.arff,1,9000.0,3.0,6.045318312115141E-9,9000.0,0.8324288219086583,0.4707345004950514,0.836,0.5095576449197349,0.8093690607475539,0.2106537530266344,0.7940666671767442,0.735632183908046,0.17817371937639198,9000.0,8040.0
meta.imbalanced.CSMOTE -l (trees.HoeffdingTree -e 2000000 -g 100 -c 0.01),ArffFileStream -f ./../../../Dataset/Synthetic_IM20/stream_gen_hyperplane.arff,1,9500.0,3.28125,6.630305304295488E-9,9500.0,0.8526326086424886,0.49703300972343534,0.848,0.5694050991501416,0.8324288219086583,0.2594458438287154,0.8042342275535032,0.7378640776699029,0.2395997893628223,9500.0,8040.0
meta.imbalanced.CSMOTE -l (trees.HoeffdingTree -e 2000000 -g 100 -c 0.01),ArffFileStream -f ./../../../Dataset/Synthetic_IM20/stream_gen_hyperplane.arff,1,10000.0,3.609375,7.312790128505893E-9,10000.0,0.867852696101906,0.47433960990513624,0.838,0.5564268816262156,0.8526326086424886,0.26903553299492383,0.8019586214357716,0.7452830188679245,0.19201995012468817,10000.0,8040.0
meta.imbalanced.CSMOTE -l (trees.HoeffdingTree -e 2000000 -g 100 -c 0.01),ArffFileStream -f ./../../../Dataset/Synthetic_IM20/stream_gen_hyperplane.arff,1,10500.0,3.953125,8.057654162661898E-9,10500.0,0.862408817543619,0.5058042669075149,0.846,0.5893946503988737,0.867852696101906,0.29198966408268734,0.8140844734977858,0.7610619469026548,0.23654390934844188,10500.0,8376.0
meta.imbalanced.CSMOTE -l (trees.HoeffdingTree -e 2000000 -g 100 -c 0.01),ArffFileStream -f ./../../../Dataset/Synthetic_IM20/stream_gen_hyperplane.arff,1,11000.0,4.265625,8.734803284621902E-9,11000.0,0.8695004838829747,0.5187186961565025,0.84,0.5704190562106662,0.862408817543619,0.2531328320802005,0.8293123666412169,0.8118811881188119,0.20684993240198282,11000.0,8376.0
meta.imbalanced.CSMOTE -l (trees.HoeffdingTree -e 2000000 -g 100 -c 0.01),ArffFileStream -f ./../../../Dataset/Synthetic_IM20/stream_gen_hyperplane.arff,1,11500.0,4.59375,9.445809862679907E-9,11500.0,0.8099350605878021,0.4410341954468755,0.84,0.5589175837505237,0.8695004838829747,0.30548302872062666,0.7753511177128375,0.6752136752136753,0.21232876712328763,11500.0,8376.0
meta.imbalanced.CSMOTE -l (trees.HoeffdingTree -e 2000000 -g 100 -c 0.01),ArffFileStream -f ./../../../Dataset/Synthetic_IM20/stream_gen_hyperplane.arff,1,12000.0,4.921875,1.0156816440737911E-8,12000.0,0.8297872340425532,0.4434237537634924,0.866,0.5698952341824155,0.8099350605878021,0.2315270935960591,0.7815273718913543,0.6702127659574468,0.33827160493827163,12000.0,8376.0
meta.imbalanced.CSMOTE -l (trees.HoeffdingTree -e 2000000 -g 100 -c 0.01),ArffFileStream -f ./../../../Dataset/Synthetic_IM20/stream_gen_hyperplane.arff,1,12500.0,5.390625,1.1172540123677917E-8,12500.0,0.8262439044985329,0.43412667879888667,0.826,0.5467427999833284,0.8297872340425532,0.34048257372654156,0.7704896790260299,0.6771653543307087,0.1493938208838479,12500.0,8376.0
meta.imbalanced.CSMOTE -l (trees.HoeffdingTree -e 2000000 -g 100 -c 0.01),ArffFileStream -f ./../../../Dataset/Synthetic_IM20/stream_gen_hyperplane.arff,1,13000.0,5.71875,1.1883546701735921E-8,13000.0,0.8512053200332502,0.48158453839163273,0.868,0.6053858847726782,0.8262439044985329,0.24688279301745636,0.8147516476579808,0.7373737373737373,0.35391566265060237,13000.0,8376.0
meta.imbalanced.CSMOTE -l (trees.HoeffdingTree -e 2000000 -g 100 -c 0.01),ArffFileStream -f ./../../../Dataset/Synthetic_IM20/stream_gen_hyperplane.arff,1,13500.0,6.078125,1.2662268191989926E-8,13500.0,0.8911496417304542,0.5247007369131556,0.856,0.6000622125447151,0.8512053200332502,0.2594458438287154,0.8290741629198422,0.7864077669902912,0.29539688292859745,13500.0,8376.0
meta.imbalanced.CSMOTE -l (trees.HoeffdingTree -e 2000000 -g 100 -c 0.01),ArffFileStream -f ./../../../Dataset/Synthetic_IM20/stream_gen_hyperplane.arff,1,14000.0,6.421875,1.340713222614593E-8,14000.0,0.844706415778735,0.5033380846518584,0.866,0.6120170480867227,0.8911496417304542,0.24688279301745636,0.8309608789025846,0.7777777777777778,0.34359692092372296,14000.0,8376.0
meta.imbalanced.CSMOTE -l (trees.HoeffdingTree -e 2000000 -g 100 -c 0.01),ArffFileStream -f ./../../../Dataset/Synthetic_IM20/stream_gen_hyperplane.arff,1,14500.0,6.8125,1.4253568628595934E-8,14500.0,0.8556659863341911,0.48691222960396563,0.86,0.6291430024582522,0.844706415778735,0.3089005235602094,0.8272711138344531,0.7711864406779662,0.3178763440860214,14500.0,8376.0
meta.imbalanced.CSMOTE -l (trees.HoeffdingTree -e 2000000 -g 100 -c 0.01),ArffFileStream -f ./../../../Dataset/Synthetic_IM20/stream_gen_hyperplane.arff,1,15000.0,7.21875,1.504474009076754E-8,15000.0,0.8572824652248959,0.37044567467068634,0.82,0.518118735543562,0.8556659863341911,0.24378109452736318,0.8067545342077842,0.7857142857142857,0.12166558230318765,15000.0,7528.0
meta.imbalanced.CSMOTE -l (trees.HoeffdingTree -e 2000000 -g 100 -c 0.01),ArffFileStream -f ./../../../Dataset/Synthetic_IM20/stream_gen_hyperplane.arff,1,15500.0,7.625,1.5854408654073874E-8,15500.0,0.835009746588694,0.38124242764317173,0.776,0.43588193814848397,0.8572824652248959,0.2345679012345679,0.7811123173025217,0.7894736842105263,-0.0956137582833702,15500.0,7704.0
meta.imbalanced.CSMOTE -l (trees.HoeffdingTree -e 2000000 -g 100 -c 0.01),ArffFileStream -f ./../../../Dataset/Synthetic_IM20/stream_gen_hyperplane.arff,1,16000.0,8.046875,1.6713553729156652E-8,16000.0,0.8444015246476171,0.43360234669326403,0.768,0.4176823758559065,0.835009746588694,0.24069478908188585,0.7660521160911987,0.7628865979381443,-0.13655848132271883,16000.0,7872.0
meta.imbalanced.CSMOTE -l (trees.HoeffdingTree -e 2000000 -g 100 -c 0.01),ArffFileStream -f ./../../../Dataset/Synthetic_IM20/stream_gen_hyperplane.arff,1,16500.0,8.515625,1.7668159368137517E-8,16500.0,0.8934860077560004,0.4705799474681742,0.818,0.5165334920095205,0.8444015246476171,0.2315270935960591,0.818441157383828,0.8191489361702128,0.10624999999999966,16500.0,7872.0
meta.imbalanced.CSMOTE -l (trees.HoeffdingTree -e 2000000 -g 100 -c 0.01),ArffFileStream -f ./../../../Dataset/Synthetic_IM20/stream_gen_hyperplane.arff,1,17000.0,8.984375,1.862276500711838E-8,17000.0,0.8896896848960828,0.4661735190259436,0.84,0.5713673381911701,0.8934860077560004,0.26903553299492383,0.8183761290230405,0.7830188679245284,0.2152336987882285,17000.0,7872.0
meta.imbalanced.CSMOTE -l (trees.HoeffdingTree -e 2000000 -g 100 -c 0.01),ArffFileStream -f ./../../../Dataset/Synthetic_IM20/stream_gen_hyperplane.arff,1,17500.0,9.5,1.969524115944902E-8,17500.0,0.8230660172417735,0.40147612818406264,0.81,0.49043082732578125,0.8896896848960828,0.29198966408268734,0.7561536291053993,0.672566371681416,0.07096954456552156,17500.0,8040.0
meta.imbalanced.CSMOTE -l (trees.HoeffdingTree -e 2000000 -g 100 -c 0.01),ArffFileStream -f ./../../../Dataset/Synthetic_IM20/stream_gen_hyperplane.arff,1,18000.0,10.0,2.0735218034436303E-8,18000.0,0.8735552641802642,0.4579864845565784,0.814,0.5131297901746448,0.8230660172417735,0.26262626262626265,0.7969931839094581,0.7692307692307693,0.0909584577789841,18000.0,8040.0
meta.imbalanced.CSMOTE -l (trees.HoeffdingTree -e 2000000 -g 100 -c 0.01),ArffFileStream -f ./../../../Dataset/Synthetic_IM20/stream_gen_hyperplane.arff,1,18500.0,10.515625,2.180769418676694E-8,18500.0,0.8707524118995441,0.447309692058992,0.834,0.5292436135940832,0.8735552641802642,0.24688279301745636,0.7910173551398202,0.7272727272727273,0.18799576943416182,18500.0,8040.0
meta.imbalanced.CSMOTE -l (trees.HoeffdingTree -e 2000000 -g 100 -c 0.01),ArffFileStream -f ./../../../Dataset/Synthetic_IM20/stream_gen_hyperplane.arff,1,19000.0,11.046875,2.291266961644093E-8,19000.0,0.8690174018430862,0.482314482575264,0.854,0.617432500419252,0.8707524118995441,0.29198966408268734,0.836172019065987,0.8053097345132744,0.28780487804878024,19000.0,8040.0
meta.imbalanced.CSMOTE -l (trees.HoeffdingTree -e 2000000 -g 100 -c 0.01),ArffFileStream -f ./../../../Dataset/Synthetic_IM20/stream_gen_hyperplane.arff,1,19500.0,11.59375,2.4050144323458275E-8,19500.0,0.827291447179389,0.44694452940213814,0.83,0.5315668812274048,0.8690174018430862,0.26903553299492383,0.7854265932825897,0.7169811320754716,0.17145713571607085,19500.0,8040.0
meta.imbalanced.CSMOTE -l (trees.HoeffdingTree -e 2000000 -g 100 -c 0.01),ArffFileStream -f ./../../../Dataset/Synthetic_IM20/stream_gen_hyperplane.arff,1,20000.0,12.140625,2.521138715868195E-8,20000.0,0.8630105198019802,0.46107354455141736,0.848,0.5683780099954566,0.827291447179389,0.2376237623762376,0.8215179291535835,0.78125,0.2579936538930923,20000.0,8208.0
meta.imbalanced.CSMOTE -l (trees.HoeffdingTree -e 2000000 -g 100 -c 0.01),ArffFileStream -f ./../../../Dataset/Synthetic_IM20/stream_gen_hyperplane.arff,1,20500.0,12.703125,2.6430255578209956E-8,20500.0,0.8376925312409184,0.43015182447404826,0.808,0.4600067499156262,0.8630105198019802,0.2285012285012285,0.7677001739647403,0.7096774193548387,0.06062052505966594,20500.0,8376.0
meta.imbalanced.CSMOTE -l (trees.HoeffdingTree -e 2000000 -g 100 -c 0.01),ArffFileStream -f ./../../../Dataset/Synthetic_IM20/stream_gen_hyperplane.arff,1,21000.0,13.328125,2.7784553822129964E-8,21000.0,0.8223223001153607,0.4661608711897082,0.824,0.5608081130719474,0.8376925312409184,0.3089005235602094,0.8112675981477501,0.788135593220339,0.1420612813370473,21000.0,8376.0
meta.imbalanced.CSMOTE -l (trees.HoeffdingTree -e 2000000 -g 100 -c 0.01),ArffFileStream -f ./../../../Dataset/Synthetic_IM20/stream_gen_hyperplane.arff,1,21500.0,13.921875,2.9071137153853973E-8,21500.0,0.8625973002266233,0.4868022150583998,0.83,0.5474872231686541,0.8223223001153607,0.2562814070351759,0.8163457214801904,0.7941176470588235,0.17120181405895687,21500.0,8376.0
meta.imbalanced.CSMOTE -l (trees.HoeffdingTree -e 2000000 -g 100 -c 0.01),ArffFileStream -f ./../../../Dataset/Synthetic_IM20/stream_gen_hyperplane.arff,1,22000.0,14.546875,3.0425435397773983E-8,22000.0,0.8056819270184848,0.4389113257442152,0.81,0.483021332172399,0.8625973002266233,0.26903553299492383,0.7617797579212672,0.6886792452830188,0.0744021257750224,22000.0,8376.0
meta.imbalanced.CSMOTE -l (trees.HoeffdingTree -e 2000000 -g 100 -c 0.01),ArffFileStream -f ./../../../Dataset/Synthetic_IM20/stream_gen_hyperplane.arff,1,22500.0,15.234375,3.1915163466085994E-8,22500.0,0.8687717511246923,0.4794945254024346,0.842,0.5968071206924709,0.8056819270184848,0.33689839572192515,0.8076379717766892,0.746031746031746,0.2341663076260231,22500.0,8376.0
meta.imbalanced.CSMOTE -l (trees.HoeffdingTree -e 2000000 -g 100 -c 0.01),ArffFileStream -f ./../../../Dataset/Synthetic_IM20/stream_gen_hyperplane.arff,1,23000.0,15.84375,3.3235604253908E-8,23000.0,0.8860528224831403,0.4947723675961794,0.852,0.5691963765922268,0.8687717511246923,0.22249388753056235,0.8275333956991343,0.7912087912087912,0.28079442214240413,23000.0,8376.0
meta.imbalanced.CSMOTE -l (trees.HoeffdingTree -e 2000000 -g 100 -c 0.01),ArffFileStream -f ./../../../Dataset/Synthetic_IM20/stream_gen_hyperplane.arff,1,23500.0,16.5625,3.479304723441601E-8,23500.0,0.8190324399340793,0.4342604738314666,0.832,0.5569246349902944,0.8860528224831403,0.32275132275132273,0.7810838252448677,0.6967213114754098,0.1868177136972192,23500.0,8376.0
meta.imbalanced.CSMOTE -l (trees.HoeffdingTree -e 2000000 -g 100 -c 0.01),ArffFileStream -f ./../../../Dataset/Synthetic_IM20/stream_gen_hyperplane.arff,1,24000.0,17.234375,3.624891784663002E-8,24000.0,0.8655193420651843,0.4795691824721933,0.84,0.5320542817033224,0.8190324399340793,0.24378109452736318,0.7840649484805974,0.7040816326530612,0.22471229557843705,24000.0,8376.0
meta.imbalanced.CSMOTE -l (trees.HoeffdingTree -e 2000000 -g 100 -c 0.01),ArffFileStream -f ./../../../Dataset/Synthetic_IM20/stream_gen_hyperplane.arff,1,24500.0,17.90625,3.7704788458844025E-8,24500.0,0.8484825926201642,0.4458427792385925,0.842,0.5452242792668324,0.8655193420651843,0.2531328320802005,0.7896448857770729,0.7128712871287128,0.23407202216066472,24500.0,8376.0
meta.imbalanced.CSMOTE -l (trees.HoeffdingTree -e 2000000 -g 100 -c 0.01),ArffFileStream -f ./../../../Dataset/Synthetic_IM20/stream_gen_hyperplane.arff,1,25000.0,18.5625,3.915532336880763E-8,25000.0,0.8512261133437218,0.45897226616942755,0.858,0.5593565364182512,0.8484825926201642,0.21654501216545013,0.8042507153927594,0.7303370786516854,0.3097413960723313,25000.0,8544.0
meta.imbalanced.CSMOTE -l (trees.HoeffdingTree -e 2000000 -g 100 -c 0.01),ArffFileStream -f ./../../../Dataset/Synthetic_IM20/stream_gen_hyperplane.arff,1,25500.0,19.296875,4.077854100614786E-8,25500.0,0.8783966244725738,0.4985178596917971,0.848,0.5773551329106884,0.8512261133437218,0.26582278481012656,0.8106434833777776,0.7523809523809524,0.2614329268292683,25500.0,8544.0
meta.imbalanced.CSMOTE -l (trees.HoeffdingTree -e 2000000 -g 100 -c 0.01),ArffFileStream -f ./../../../Dataset/Synthetic_IM20/stream_gen_hyperplane.arff,1,26000.0,20.03125,4.2401758643488085E-8,26000.0,0.8180732091831707,0.4466912552072841,0.836,0.5356528042040408,0.8783966244725738,0.2562814070351759,0.787642887580716,0.7156862745098039,0.2029906542056075,26000.0,8544.0
meta.imbalanced.CSMOTE -l (trees.HoeffdingTree -e 2000000 -g 100 -c 0.01),ArffFileStream -f ./../../../Dataset/Synthetic_IM20/stream_gen_hyperplane.arff,1,26500.0,20.765625,4.402497628082831E-8,26500.0,0.8429507013201321,0.4727279252708586,0.862,0.580230690611768,0.8180732091831707,0.2376237623762376,0.8025138412180407,0.71875,0.32849798016893134,26500.0,8544.0
meta.imbalanced.CSMOTE -l (trees.HoeffdingTree -e 2000000 -g 100 -c 0.01),ArffFileStream -f ./../../../Dataset/Synthetic_IM20/stream_gen_hyperplane.arff,1,27000.0,21.515625,4.5682730463643865E-8,27000.0,0.8278645214129086,0.47356979216827233,0.874,0.6082674227727205,0.8429507013201321,0.2285012285012285,0.8190487951919868,0.7419354838709677,0.38580971294457495,27000.0,8544.0
meta.imbalanced.CSMOTE -l (trees.HoeffdingTree -e 2000000 -g 100 -c 0.01),ArffFileStream -f ./../../../Dataset/Synthetic_IM20/stream_gen_hyperplane.arff,1,27500.0,22.28125,4.7375021191934743E-8,27500.0,0.8458522297808012,0.47793817216571866,0.83,0.5561264987258219,0.8278645214129086,0.2755102040816326,0.8139758530462704,0.7870370370370371,0.17212679298742656,27500.0,8544.0
meta.imbalanced.CSMOTE -l (trees.HoeffdingTree -e 2000000 -g 100 -c 0.01),ArffFileStream -f ./../../../Dataset/Synthetic_IM20/stream_gen_hyperplane.arff,1,28000.0,23.0625,4.910184846570094E-8,28000.0,0.7767357120148688,0.4095409887802524,0.788,0.4187959206053296,0.8458522297808012,0.2594458438287154,0.7276039094671791,0.6407766990291263,-0.03234782608695612,28000.0,8544.0
meta.imbalanced.CSMOTE -l (trees.HoeffdingTree -e 2000000 -g 100 -c 0.01),ArffFileStream -f ./../../../Dataset/Synthetic_IM20/stream_gen_hyperplane.arff,1,28500.0,23.859375,5.0863212284942464E-8,28500.0,0.7733454649937745,0.40802258600767877,0.824,0.49748743718592936,0.7767357120148688,0.26903553299492383,0.7527843154907548,0.6509433962264151,0.14344262295081966,28500.0,8544.0
meta.imbalanced.CSMOTE -l (trees.HoeffdingTree -e 2000000 -g 100 -c 0.01),ArffFileStream -f ./../../../Dataset/Synthetic_IM20/stream_gen_hyperplane.arff,1,29000.0,24.671875,5.265911264965931E-8,29000.0,0.8601586363188491,0.4821461566269193,0.852,0.5892175148769871,0.7733454649937745,0.2562814070351759,0.8257363837364503,0.7843137254901961,0.27962403491104376,29000.0,8544.0
meta.imbalanced.CSMOTE -l (trees.HoeffdingTree -e 2000000 -g 100 -c 0.01),ArffFileStream -f ./../../../Dataset/Synthetic_IM20/stream_gen_hyperplane.arff,1,29500.0,25.46875,5.4420476468900836E-8,29500.0,0.8557452574525746,0.49487243565945804,0.848,0.5372625426205552,0.8601586363188491,0.21951219512195122,0.7952262721063977,0.7222222222222222,0.25859788359788366,29500.0,8544.0
meta.imbalanced.CSMOTE -l (trees.HoeffdingTree -e 2000000 -g 100 -c 0.01),ArffFileStream -f ./../../../Dataset/Synthetic_IM20/stream_gen_hyperplane.arff,1,30000.0,26.328125,5.6319986470043656E-8,30000.0,0.8330598558892773,0.4586569780108003,0.852,0.5773071035254872,0.8557452574525746,0.272264631043257,0.795339687445085,0.7102803738317757,0.2786352558895208,30000.0,8544.0
meta.imbalanced.CSMOTE -l (trees.HoeffdingTree -e 2000000 -g 100 -c 0.01),ArffFileStream -f ./../../../Dataset/Synthetic_IM20/stream_gen_hyperplane.arff,1,30500.0,27.125,5.808135028928518E-8,30500.0,0.883929539295393,0.48752806565149953,0.87,0.5931397095643466,0.8330598558892773,0.21951219512195122,0.8174253983348073,0.7444444444444445,0.3650920736589271,30500.0,8544.0
meta.imbalanced.CSMOTE -l (trees.HoeffdingTree -e 2000000 -g 100 -c 0.01),ArffFileStream -f ./../../../Dataset/Synthetic_IM20/stream_gen_hyperplane.arff,1,31000.0,27.953125,5.991178719947735E-8,31000.0,0.880970044255711,0.5322745538491019,0.874,0.6303684581084252,0.883929539295393,0.24069478908188585,0.8420894429726433,0.7938144329896907,0.3841059602649008,31000.0,8544.0
meta.imbalanced.CSMOTE -l (trees.HoeffdingTree -e 2000000 -g 100 -c 0.01),ArffFileStream -f ./../../../Dataset/Synthetic_IM20/stream_gen_hyperplane.arff,1,31500.0,28.8125,6.181129720062018E-8,31500.0,0.8692914179198469,0.487849818909289,0.878,0.6365932704222668,0.880970044255711,0.24688279301745636,0.8336242218820153,0.7676767676767676,0.4033535165346996,31500.0,8544.0
meta.imbalanced.CSMOTE -l (trees.HoeffdingTree -e 2000000 -g 100 -c 0.01),ArffFileStream -f ./../../../Dataset/Synthetic_IM20/stream_gen_hyperplane.arff,1,32000.0,29.65625,6.367627065628767E-8,32000.0,0.8736398076251377,0.49758877489345194,0.89,0.6442432082794308,0.8692914179198469,0.22249388753056235,0.8299325181190971,0.7472527472527473,0.4611145131659523,32000.0,8544.0
meta.imbalanced.CSMOTE -l (trees.HoeffdingTree -e 2000000 -g 100 -c 0.01),ArffFileStream -f ./../../../Dataset/Synthetic_IM20/stream_gen_hyperplane.arff,1,32500.0,30.5625,6.567939029385647E-8,32500.0,0.852248445998446,0.4939681220487503,0.866,0.6164063573489671,0.8736398076251377,0.26262626262626265,0.8240449724075237,0.7596153846153846,0.34373116335141657,32500.0,8544.0
meta.imbalanced.CSMOTE -l (trees.HoeffdingTree -e 2000000 -g 100 -c 0.01),ArffFileStream -f ./../../../Dataset/Synthetic_IM20/stream_gen_hyperplane.arff,1,33000.0,31.5625,6.78897292042772E-8,33000.0,0.8784490174022365,0.531880037190297,0.876,0.6750319726607543,0.852248445998446,0.3123359580052493,0.8541361204856713,0.8151260504201681,0.3942264988897114,33000.0,8544.0
meta.imbalanced.CSMOTE -l (trees.HoeffdingTree -e 2000000 -g 100 -c 0.01),ArffFileStream -f ./../../../Dataset/Synthetic_IM20/stream_gen_hyperplane.arff,1,33500.0,32.40625,6.97547026599447E-8,33500.0,0.8231827690857126,0.436404465243861,0.834,0.4657569515962924,0.8784490174022365,0.19331742243436753,0.7599773894388134,0.6666666666666666,0.1865125804564069,33500.0,8544.0
meta.imbalanced.CSMOTE -l (trees.HoeffdingTree -e 2000000 -g 100 -c 0.01),ArffFileStream -f ./../../../Dataset/Synthetic_IM20/stream_gen_hyperplane.arff,1,34000.0,33.328125,7.179235884298882E-8,34000.0,0.86906471195748,0.5126152546070344,0.876,0.6238685723992331,0.8231827690857126,0.24688279301745636,0.8192530722326459,0.7373737373737373,0.3920692141312185,34000.0,8544.0
meta.imbalanced.CSMOTE -l (trees.HoeffdingTree -e 2000000 -g 100 -c 0.01),ArffFileStream -f ./../../../Dataset/Synthetic_IM20/stream_gen_hyperplane.arff,1,34500.0,34.34375,7.403723429888487E-8,34500.0,0.8466152527849186,0.5035706238755793,0.864,0.6232686980609418,0.86906471195748,0.2853470437017995,0.822797521768671,0.7567567567567568,0.33409026397956276,34500.0,8544.0
meta.imbalanced.CSMOTE -l (trees.HoeffdingTree -e 2000000 -g 100 -c 0.01),ArffFileStream -f ./../../../Dataset/Synthetic_IM20/stream_gen_hyperplane.arff,1,35000.0,35.34375,7.624757320930561E-8,35000.0,0.8256829131104644,0.44994609088020376,0.85,0.5649248190087246,0.8466152527849186,0.2594458438287154,0.7927183219295303,0.7087378640776699,0.2656315568610991,35000.0,8544.0
meta.imbalanced.CSMOTE -l (trees.HoeffdingTree -e 2000000 -g 100 -c 0.01),ArffFileStream -f ./../../../Dataset/Synthetic_IM20/stream_gen_hyperplane.arff,1,35500.0,36.328125,7.846615820502242E-8,35500.0,0.8868281701670461,0.5427865573276105,0.896,0.6823612773963398,0.8256829131104644,0.24069478908188585,0.8548578954640118,0.7938144329896907,0.49047750483025115,35500.0,8712.0
meta.imbalanced.CSMOTE -l (trees.HoeffdingTree -e 2000000 -g 100 -c 0.01),ArffFileStream -f ./../../../Dataset/Synthetic_IM20/stream_gen_hyperplane.arff,1,36000.0,37.40625,8.089603700985511E-8,36000.0,0.8688982819743659,0.48007101381727907,0.838,0.587038094461212,0.8868281701670461,0.29533678756476683,0.8268404449182468,0.8070175438596491,0.20760869565217369,36000.0,8712.0
meta.imbalanced.CSMOTE -l (trees.HoeffdingTree -e 2000000 -g 100 -c 0.01),ArffFileStream -f ./../../../Dataset/Synthetic_IM20/stream_gen_hyperplane.arff,1,36500.0,38.359375,8.304419073586662E-8,36500.0,0.8916383535283683,0.5753591710279954,0.884,0.6256228860602618,0.8688982819743659,0.1876484560570071,0.8637962149135667,0.8354430379746836,0.4308374781556662,36500.0,8712.0
meta.imbalanced.CSMOTE -l (trees.HoeffdingTree -e 2000000 -g 100 -c 0.01),ArffFileStream -f ./../../../Dataset/Synthetic_IM20/stream_gen_hyperplane.arff,1,37000.0,39.421875,8.543885390584668E-8,37000.0,0.839540841462213,0.4732234180001312,0.84,0.5469783455649179,0.8916383535283683,0.2562814070351759,0.7941678237433125,0.7254901960784313,0.21495822835167716,37000.0,8712.0
meta.imbalanced.CSMOTE -l (trees.HoeffdingTree -e 2000000 -g 100 -c 0.01),ArffFileStream -f ./../../../Dataset/Synthetic_IM20/stream_gen_hyperplane.arff,1,37500.0,40.484375,8.783351707582673E-8,37500.0,0.864833993298812,0.4800824656083078,0.868,0.5937161430119174,0.839540841462213,0.24378109452736318,0.7995486847587339,0.7040816326530612,0.35200942531745,37500.0,8712.0
meta.imbalanced.CSMOTE -l (trees.HoeffdingTree -e 2000000 -g 100 -c 0.01),ArffFileStream -f ./../../../Dataset/Synthetic_IM20/stream_gen_hyperplane.arff,1,38000.0,41.625,9.040425842007002E-8,38000.0,0.9038407029478458,0.52942860617929,0.876,0.6590409150901891,0.864833993298812,0.2755102040816326,0.8529438595319316,0.8148148148148148,0.39176455402091137,38000.0,8712.0
meta.imbalanced.CSMOTE -l (trees.HoeffdingTree -e 2000000 -g 100 -c 0.01),ArffFileStream -f ./../../../Dataset/Synthetic_IM20/stream_gen_hyperplane.arff,1,38500.0,42.65625,9.272849032034478E-8,38500.0,0.8616145876049099,0.5030559578509701,0.848,0.5481891898318787,0.9038407029478458,0.21654501216545013,0.8135112086615678,0.7640449438202247,0.25319040326697295,38500.0,8712.0
meta.imbalanced.CSMOTE -l (trees.HoeffdingTree -e 2000000 -g 100 -c 0.01),ArffFileStream -f ./../../../Dataset/Synthetic_IM20/stream_gen_hyperplane.arff,1,39000.0,43.828125,9.536966293429336E-8,39000.0,0.844299312165636,0.5064258304580622,0.862,0.61654737029298,0.8616145876049099,0.2853470437017995,0.8178852538550646,0.7477477477477478,0.3227633069082674,39000.0,8712.0
meta.imbalanced.CSMOTE -l (trees.HoeffdingTree -e 2000000 -g 100 -c 0.01),ArffFileStream -f ./../../../Dataset/Synthetic_IM20/stream_gen_hyperplane.arff,1,39500.0,44.90625,9.779954173912605E-8,39500.0,0.8716428710584175,0.5157314460075253,0.874,0.6030745967741936,0.844299312165636,0.2106537530266344,0.8306223471719175,0.7701149425287356,0.38050784167289026,39500.0,8712.0
meta.imbalanced.CSMOTE -l (trees.HoeffdingTree -e 2000000 -g 100 -c 0.01),ArffFileStream -f ./../../../Dataset/Synthetic_IM20/stream_gen_hyperplane.arff,1,40000.0,46.078125,1.0044071435307463E-7,40000.0,0.8541566899722249,0.4799304522622654,0.838,0.5507587186085722,0.8716428710584175,0.26903553299492383,0.7940674098789442,0.7264150943396226,0.2039312039312038,40000.0,8712.0
meta.imbalanced.CSMOTE -l (trees.HoeffdingTree -e 2000000 -g 100 -c 0.01),ArffFileStream -f ./../../../Dataset/Synthetic_IM20/stream_gen_hyperplane.arff,1,40500.0,47.203125,1.0297624006246527E-7,40500.0,0.87015,0.5108664329040451,0.852,0.5756880733944953,0.8541566899722249,0.25,0.8112490369793975,0.75,0.27257281553398033,40500.0,8712.0
meta.imbalanced.CSMOTE -l (trees.HoeffdingTree -e 2000000 -g 100 -c 0.01),ArffFileStream -f ./../../../Dataset/Synthetic_IM20/stream_gen_hyperplane.arff,1,41000.0,48.328125,1.0556066020702323E-7,41000.0,0.8723313198503339,0.526928552436398,0.84,0.5613554117776071,0.87015,0.2594458438287154,0.8116650941049416,0.7669902912621359,0.21371209397099333,41000.0,8880.0
meta.imbalanced.CSMOTE -l (trees.HoeffdingTree -e 2000000 -g 100 -c 0.01),ArffFileStream -f ./../../../Dataset/Synthetic_IM20/stream_gen_hyperplane.arff,1,41500.0,49.546875,1.08360448696961E-7,41500.0,0.8333037536604845,0.5020076106520303,0.838,0.5720625528317835,0.8723313198503339,0.3089005235602094,0.7970740262255092,0.7288135593220338,0.20541307174092902,41500.0,8880.0
meta.imbalanced.CSMOTE -l (trees.HoeffdingTree -e 2000000 -g 100 -c 0.01),ArffFileStream -f ./../../../Dataset/Synthetic_IM20/stream_gen_hyperplane.arff,1,42000.0,50.65625,1.1090897411728899E-7,42000.0,0.8434783757364402,0.46947126412971957,0.846,0.5321765334888694,0.8333037536604845,0.2285012285012285,0.7840784411497207,0.6989247311827957,0.243862520458265,42000.0,8880.0
meta.imbalanced.CSMOTE -l (trees.HoeffdingTree -e 2000000 -g 100 -c 0.01),ArffFileStream -f ./../../../Dataset/Synthetic_IM20/stream_gen_hyperplane.arff,1,42500.0,51.859375,1.136728678829968E-7,42500.0,0.8439804616416052,0.5009476784408775,0.852,0.5856106083684256,0.8434783757364402,0.26903553299492383,0.8101720183752947,0.7452830188679245,0.2736720554272517,42500.0,8880.0
meta.imbalanced.CSMOTE -l (trees.HoeffdingTree -e 2000000 -g 100 -c 0.01),ArffFileStream -f ./../../../Dataset/Synthetic_IM20/stream_gen_hyperplane.arff,1,43000.0,53.109375,1.1654444582139452E-7,43000.0,0.8391758706638311,0.5009577896239656,0.862,0.6018005540166205,0.8439804616416052,0.29198966408268734,0.7895002817797913,0.6814159292035398,0.32360652000455953,43000.0,8880.0
meta.imbalanced.CSMOTE -l (trees.HoeffdingTree -e 2000000 -g 100 -c 0.01),ArffFileStream -f ./../../../Dataset/Synthetic_IM20/stream_gen_hyperplane.arff,1,43500.0,54.34375,1.1938012903556227E-7,43500.0,0.8618906235034959,0.5093956672558556,0.862,0.619742527114011,0.8391758706638311,0.26903553299492383,0.8354170545385625,0.7924528301886793,0.3239103502646694,43500.0,8880.0
meta.imbalanced.CSMOTE -l (trees.HoeffdingTree -e 2000000 -g 100 -c 0.01),ArffFileStream -f ./../../../Dataset/Synthetic_IM20/stream_gen_hyperplane.arff,1,44000.0,55.796875,1.2271833838894962E-7,44000.0,0.8411653116531165,0.4916988281195398,0.878,0.6022430881585811,0.8618906235034959,0.21951219512195122,0.8064778385455119,0.7111111111111111,0.4014940350094772,44000.0,8880.0
meta.imbalanced.CSMOTE -l (trees.HoeffdingTree -e 2000000 -g 100 -c 0.01),ArffFileStream -f ./../../../Dataset/Synthetic_IM20/stream_gen_hyperplane.arff,1,44500.0,57.25,1.2605654774233697E-7,44500.0,0.8461296695402298,0.48796312740244735,0.864,0.627323746054016,0.8411653116531165,0.3020833333333333,0.8173210198112413,0.7413793103448276,0.3338470005503577,44500.0,8880.0
meta.imbalanced.CSMOTE -l (trees.HoeffdingTree -e 2000000 -g 100 -c 0.01),ArffFileStream -f ./../../../Dataset/Synthetic_IM20/stream_gen_hyperplane.arff,1,45000.0,58.5625,1.290717045776546E-7,45000.0,0.8704884731670446,0.5229135979622335,0.86,0.6150461944566652,0.8461296695402298,0.2755102040816326,0.8285577448240626,0.7777777777777778,0.3146959643206786,45000.0,8880.0
meta.imbalanced.CSMOTE -l (trees.HoeffdingTree -e 2000000 -g 100 -c 0.01),ArffFileStream -f ./../../../Dataset/Synthetic_IM20/stream_gen_hyperplane.arff,1,45500.0,59.703125,1.3169201944644253E-7,45500.0,0.8644902730232946,0.4951321652727658,0.83,0.49749337873628446,0.8704884731670446,0.2106537530266344,0.7906948189633024,0.735632183908046,0.166487068965517,45500.0,8880.0
meta.imbalanced.CSMOTE -l (trees.HoeffdingTree -e 2000000 -g 100 -c 0.01),ArffFileStream -f ./../../../Dataset/Synthetic_IM20/stream_gen_hyperplane.arff,1,46000.0,61.0,1.3467128155753018E-7,46000.0,0.8858589511754069,0.5241126517510398,0.882,0.6575342465753424,0.8644902730232946,0.26582278481012656,0.8384951645947785,0.7714285714285715,0.4216302610548747,46000.0,8880.0
meta.imbalanced.CSMOTE -l (trees.HoeffdingTree -e 2000000 -g 100 -c 0.01),ArffFileStream -f ./../../../Dataset/Synthetic_IM20/stream_gen_hyperplane.arff,1,46500.0,62.3125,1.376864383928478E-7,46500.0,0.8554792043399638,0.49630029876888737,0.88,0.6433242182855784,0.8858589511754069,0.26582278481012656,0.8209287731788376,0.7333333333333333,0.4120126448893573,46500.0,8880.0
meta.imbalanced.CSMOTE -l (trees.HoeffdingTree -e 2000000 -g 100 -c 0.01),ArffFileStream -f ./../../../Dataset/Synthetic_IM20/stream_gen_hyperplane.arff,1,47000.0,63.703125,1.4088106884931526E-7,47000.0,0.8382894736842105,0.4789554934418039,0.858,0.6183616426574929,0.8554792043399638,0.3157894736842105,0.8112152460590201,0.7333333333333333,0.30551508844953146,47000.0,8880.0
meta.imbalanced.CSMOTE -l (trees.HoeffdingTree -e 2000000 -g 100 -c 0.01),ArffFileStream -f ./../../../Dataset/Synthetic_IM20/stream_gen_hyperplane.arff,1,47500.0,65.046875,1.4396801513309282E-7,47500.0,0.88865,0.5361601272760348,0.88,0.6559633027522936,0.8382894736842105,0.25,0.8566796367370944,0.82,0.4129763130792997,47500.0,8880.0
meta.imbalanced.CSMOTE -l (trees.HoeffdingTree -e 2000000 -g 100 -c 0.01),ArffFileStream -f ./../../../Dataset/Synthetic_IM20/stream_gen_hyperplane.arff,1,48000.0,66.453125,1.4719854031379026E-7,48000.0,0.8820598796699246,0.5032607249947356,0.902,0.6994897458541851,0.88865,0.272264631043257,0.8317897287262205,0.7289719626168224,0.520831211164307,48000.0,8880.0
meta.imbalanced.CSMOTE -l (trees.HoeffdingTree -e 2000000 -g 100 -c 0.01),ArffFileStream -f ./../../../Dataset/Synthetic_IM20/stream_gen_hyperplane.arff,1,48500.0,67.921875,1.5057264439140759E-7,48500.0,0.7832228693847493,0.41093361322197075,0.84,0.5483186160482393,0.8820598796699246,0.30548302872062666,0.7598849819415285,0.6410256410256411,0.21884437286088176,48500.0,8880.0
meta.imbalanced.CSMOTE -l (trees.HoeffdingTree -e 2000000 -g 100 -c 0.01),ArffFileStream -f ./../../../Dataset/Synthetic_IM20/stream_gen_hyperplane.arff,1,49000.0,69.328125,1.5380316957210503E-7,49000.0,0.8931404460518385,0.5595183489224855,0.898,0.7059501845018451,0.7832228693847493,0.26582278481012656,0.8675796183713524,0.819047619047619,0.5021416475744597,49000.0,8880.0
meta.imbalanced.CSMOTE -l (trees.HoeffdingTree -e 2000000 -g 100 -c 0.01),ArffFileStream -f ./../../../Dataset/Synthetic_IM20/stream_gen_hyperplane.arff,1,49500.0,70.65625,1.568542211316526E-7,49500.0,0.8592496700172606,0.5089009208832179,0.866,0.6122326141309379,0.8931404460518385,0.24378109452736318,0.834150274759475,0.7857142857142857,0.34566439775081365,49500.0,8880.0
meta.imbalanced.CSMOTE -l (trees.HoeffdingTree -e 2000000 -g 100 -c 0.01),ArffFileStream -f ./../../../Dataset/Synthetic_IM20/stream_gen_hyperplane.arff,1,50000.0,71.96875,1.5986937796697022E-7,50000.0,0.8638212993051703,0.4994732969001573,0.876,0.612974106719269,0.8592496700172606,0.2285012285012285,0.8201608782502694,0.7419354838709677,0.393939393939394,50000.0,8880.0
meta.imbalanced.CSMOTE -l (trees.HoeffdingTree -e 2000000 -g 100 -c 0.01),ArffFileStream -f ./../../../Dataset/Synthetic_IM20/stream_gen_hyperplane.arff,1,50500.0,73.359375,1.6306400842343769E-7,50500.0,0.8058016327948584,0.4486119863375304,0.868,0.5965276928719891,0.8638212993051703,0.2531328320802005,0.7951564334715266,0.693069306930693,0.3547575258929434,50500.0,8880.0
meta.imbalanced.CSMOTE -l (trees.HoeffdingTree -e 2000000 -g 100 -c 0.01),ArffFileStream -f ./../../../Dataset/Synthetic_IM20/stream_gen_hyperplane.arff,1,51000.0,74.78125,1.663304283283651E-7,51000.0,0.8897674647748547,0.4987497054269879,0.844,0.5781047165729122,0.8058016327948584,0.2562814070351759,0.828714166150929,0.803921568627451,0.23741972586983587,51000.0,8880.0
meta.imbalanced.CSMOTE -l (trees.HoeffdingTree -e 2000000 -g 100 -c 0.01),ArffFileStream -f ./../../../Dataset/Synthetic_IM20/stream_gen_hyperplane.arff,1,51500.0,76.203125,1.6959684823329253E-7,51500.0,0.8724383255633256,0.505782795106933,0.876,0.6365256542538222,0.8897674647748547,0.26262626262626265,0.8257228238447705,0.75,0.3939451456771378,51500.0,8880.0
meta.imbalanced.CSMOTE -l (trees.HoeffdingTree -e 2000000 -g 100 -c 0.01),ArffFileStream -f ./../../../Dataset/Synthetic_IM20/stream_gen_hyperplane.arff,1,52000.0,77.5625,1.7271968924130006E-7,52000.0,0.9078789902869389,0.5783890585616269,0.89,0.6645032207690807,0.8724383255633256,0.2106537530266344,0.8788137465178358,0.8620689655172413,0.4615963855421687,52000.0,8880.0
meta.imbalanced.CSMOTE -l (trees.HoeffdingTree -e 2000000 -g 100 -c 0.01),ArffFileStream -f ./../../../Dataset/Synthetic_IM20/stream_gen_hyperplane.arff,1,52500.0,79.046875,1.7612968804314736E-7,52500.0,0.8521998834498834,0.5113376591876435,0.858,0.5907686632544842,0.9078789902869389,0.26262626262626265,0.8071047183718023,0.7307692307692307,0.305089485458613,52500.0,8880.0
meta.imbalanced.CSMOTE -l (trees.HoeffdingTree -e 2000000 -g 100 -c 0.01),ArffFileStream -f ./../../../Dataset/Synthetic_IM20/stream_gen_hyperplane.arff,1,53000.0,80.609375,1.797191604661445E-7,53000.0,0.8747307719030084,0.49099900577786915,0.864,0.6278540312164794,0.8521998834498834,0.2853470437017995,0.8301393200383338,0.7747747747747747,0.33499400313682076,53000.0,8880.0
meta.imbalanced.CSMOTE -l (trees.HoeffdingTree -e 2000000 -g 100 -c 0.01),ArffFileStream -f ./../../../Dataset/Synthetic_IM20/stream_gen_hyperplane.arff,1,53500.0,82.078125,1.8309326454376184E-7,53500.0,0.8993157380254154,0.5475754745269739,0.894,0.6652180504320583,0.8747307719030084,0.2285012285012285,0.844584687268515,0.7741935483870968,0.4812477131357483,53500.0,8880.0
meta.imbalanced.CSMOTE -l (trees.HoeffdingTree -e 2000000 -g 100 -c 0.01),ArffFileStream -f ./../../../Dataset/Synthetic_IM20/stream_gen_hyperplane.arff,1,54000.0,83.515625,1.8639557917291921E-7,54000.0,0.8651629544050082,0.525852882328003,0.88,0.6227648819254081,0.8993157380254154,0.22249388753056235,0.8293333881636288,0.7582417582417582,0.4121382563730383,54000.0,8880.0
meta.imbalanced.CSMOTE -l (trees.HoeffdingTree -e 2000000 -g 100 -c 0.01),ArffFileStream -f ./../../../Dataset/Synthetic_IM20/stream_gen_hyperplane.arff,1,54500.0,85.078125,1.8950645527285008E-7,54500.0,0.8155594405594405,0.4407156963687052,0.804,0.4853806083011261,0.8651629544050082,0.26262626262626265,0.7795119555779045,0.7403846153846154,0.03999281028129806,54500.0,7696.0
meta.imbalanced.CSMOTE -l (trees.HoeffdingTree -e 2000000 -g 100 -c 0.01),ArffFileStream -f ./../../../Dataset/Synthetic_IM20/stream_gen_hyperplane.arff,1,55000.0,86.609375,1.9269138445249864E-7,55000.0,0.8325820277859888,0.41137739191156214,0.762,0.42120622568093374,0.8155594405594405,0.2562814070351759,0.7666116153599607,0.7745098039215687,-0.1657315878528811,55000.0,8040.0
meta.imbalanced.CSMOTE -l (trees.HoeffdingTree -e 2000000 -g 100 -c 0.01),ArffFileStream -f ./../../../Dataset/Synthetic_IM20/stream_gen_hyperplane.arff,1,55500.0,88.125,1.9584381435480384E-7,55500.0,0.7917528820573455,0.37001243295981584,0.808,0.45999459994599956,0.8325820277859888,0.2562814070351759,0.7457799955441735,0.6568627450980392,0.05957108816521095,55500.0,8040.0
meta.imbalanced.CSMOTE -l (trees.HoeffdingTree -e 2000000 -g 100 -c 0.01),ArffFileStream -f ./../../../Dataset/Synthetic_IM20/stream_gen_hyperplane.arff,1,56000.0,89.734375,1.9926118612703351E-7,56000.0,0.8515509941089838,0.41528787500355,0.846,0.5847176079734219,0.7917528820573455,0.28865979381443296,0.8094958339328493,0.75,0.24635148125491557,56000.0,8208.0
meta.imbalanced.CSMOTE -l (trees.HoeffdingTree -e 2000000 -g 100 -c 0.01),ArffFileStream -f ./../../../Dataset/Synthetic_IM20/stream_gen_hyperplane.arff,1,56500.0,91.28125,2.0254584443238047E-7,56500.0,0.7822875418824247,0.36898644930382224,0.806,0.45021311326743474,0.8515509941089838,0.24378109452736318,0.7467736133031483,0.6632653061224489,0.05025561043237167,56500.0,8208.0
meta.imbalanced.CSMOTE -l (trees.HoeffdingTree -e 2000000 -g 100 -c 0.01),ArffFileStream -f ./../../../Dataset/Synthetic_IM20/stream_gen_hyperplane.arff,1,57000.0,92.84375,2.0593159004218048E-7,57000.0,0.802186453059271,0.38164350315777107,0.8,0.46403687426305074,0.7822875418824247,0.24688279301745636,0.771282338220259,0.7272727272727273,0.020618556701031316,57000.0,8376.0
meta.imbalanced.CSMOTE -l (trees.HoeffdingTree -e 2000000 -g 100 -c 0.01),ArffFileStream -f ./../../../Dataset/Synthetic_IM20/stream_gen_hyperplane.arff,1,57500.0,94.390625,2.092834781958825E-7,57500.0,0.8315565031982942,0.3952632805258591,0.788,0.43612222316792937,0.802186453059271,0.24378109452736318,0.7587443335885055,0.7142857142857143,-0.03850741182484227,57500.0,8376.0
meta.imbalanced.CSMOTE -l (trees.HoeffdingTree -e 2000000 -g 100 -c 0.01),ArffFileStream -f ./../../../Dataset/Synthetic_IM20/stream_gen_hyperplane.arff,1,58000.0,96.125,2.1304165582276053E-7,58000.0,0.8782245578839486,0.44695218738340553,0.824,0.5731056563500531,0.8315565031982942,0.31926121372031663,0.8220107098450872,0.8181818181818182,0.13921915844506252,58000.0,8376.0
meta.imbalanced.CSMOTE -l (trees.HoeffdingTree -e 2000000 -g 100 -c 0.01),ArffFileStream -f ./../../../Dataset/Synthetic_IM20/stream_gen_hyperplane.arff,1,58500.0,97.75,2.1656283125695255E-7,58500.0,0.8675258614365019,0.4536643877549331,0.838,0.5601268572421582,0.8782245578839486,0.2594458438287154,0.8143872708276523,0.7766990291262136,0.2077411804046146,58500.0,8376.0
meta.imbalanced.CSMOTE -l (trees.HoeffdingTree -e 2000000 -g 100 -c 0.01),ArffFileStream -f ./../../../Dataset/Synthetic_IM20/stream_gen_hyperplane.arff,1,59000.0,99.453125,2.2025329397163458E-7,59000.0,0.794425530929387,0.4083468627765175,0.82,0.5191588485457226,0.8675258614365019,0.2853470437017995,0.7782000466051043,0.7117117117117117,0.12035119688561229,59000.0,8376.0
meta.imbalanced.CSMOTE -l (trees.HoeffdingTree -e 2000000 -g 100 -c 0.01),ArffFileStream -f ./../../../Dataset/Synthetic_IM20/stream_gen_hyperplane.arff,1,59500.0,101.125,2.2394870433749424E-7,59500.0,0.8148492333276272,0.42716146666419974,0.808,0.4868615167518336,0.794425530929387,0.2594458438287154,0.7768098341152274,0.7281553398058253,0.061760840998686076,59500.0,8544.0
meta.imbalanced.CSMOTE -l (trees.HoeffdingTree -e 2000000 -g 100 -c 0.01),ArffFileStream -f ./../../../Dataset/Synthetic_IM20/stream_gen_hyperplane.arff,1,60000.0,102.78125,2.276095781578786E-7,60000.0,0.8095791249908293,0.4560158351910468,0.818,0.5089574789553205,0.8148492333276272,0.2594458438287154,0.7867106821383728,0.7378640776699029,0.11067676520889298,60000.0,8544.0
meta.imbalanced.CSMOTE -l (trees.HoeffdingTree -e 2000000 -g 100 -c 0.01),ArffFileStream -f ./../../../Dataset/Synthetic_IM20/stream_gen_hyperplane.arff,1,60500.0,104.453125,2.3130498852373826E-7,60500.0,0.8396607751446461,0.4723926107187895,0.836,0.5287681309334987,0.8095791249908293,0.2285012285012285,0.8022319661089896,0.7526881720430108,0.1980278047203362,60500.0,8544.0
meta.imbalanced.CSMOTE -l (trees.HoeffdingTree -e 2000000 -g 100 -c 0.01),ArffFileStream -f ./../../../Dataset/Synthetic_IM20/stream_gen_hyperplane.arff,1,61000.0,106.1875,2.3513854507149923E-7,61000.0,0.8059499179567667,0.4557842398189163,0.836,0.5254080333371915,0.8396607751446461,0.272264631043257,0.7611153450381836,0.6542056074766355,0.19833319977562278,61000.0,8544.0
meta.imbalanced.CSMOTE -l (trees.HoeffdingTree -e 2000000 -g 100 -c 0.01),ArffFileStream -f ./../../../Dataset/Synthetic_IM20/stream_gen_hyperplane.arff,1,61500.0,107.921875,2.389721016192602E-7,61500.0,0.8894913319540558,0.5258477920399527,0.87,0.6346836922800233,0.8059499179567667,0.272264631043257,0.833531878086354,0.7757009345794392,0.36477037978706506,61500.0,8544.0
meta.imbalanced.CSMOTE -l (trees.HoeffdingTree -e 2000000 -g 100 -c 0.01),ArffFileStream -f ./../../../Dataset/Synthetic_IM20/stream_gen_hyperplane.arff,1,62000.0,109.609375,2.427020485305952E-7,62000.0,0.8586094866796621,0.48038083401876785,0.868,0.603126879134095,0.8894913319540558,0.2345679012345679,0.8230594757274807,0.7578947368421053,0.3546250295718003,62000.0,8544.0
meta.imbalanced.CSMOTE -l (trees.HoeffdingTree -e 2000000 -g 100 -c 0.01),ArffFileStream -f ./../../../Dataset/Synthetic_IM20/stream_gen_hyperplane.arff,1,62500.0,111.40625,2.4667375126025746E-7,62500.0,0.8383272692682695,0.49383592002765064,0.86,0.6053136065314958,0.8586094866796621,0.272264631043257,0.8160013018728298,0.7476635514018691,0.3157647794807632,62500.0,8544.0
meta.imbalanced.CSMOTE -l (trees.HoeffdingTree -e 2000000 -g 100 -c 0.01),ArffFileStream -f ./../../../Dataset/Synthetic_IM20/stream_gen_hyperplane.arff,1,63000.0,113.203125,2.5064545398991974E-7,63000.0,0.7994850718065004,0.45841744702484294,0.83,0.5281342985299994,0.8383272692682695,0.2755102040816326,0.7760955244288867,0.6944444444444444,0.1695099255583125,63000.0,8544.0
meta.imbalanced.CSMOTE -l (trees.HoeffdingTree -e 2000000 -g 100 -c 0.01),ArffFileStream -f ./../../../Dataset/Synthetic_IM20/stream_gen_hyperplane.arff,1,63500.0,114.84375,2.5427179126482877E-7,63500.0,0.8947028423772609,0.5076092277071274,0.88,0.6206373292867983,0.7994850718065004,0.20772946859903382,0.8429009243785217,0.7906976744186046,0.4130334309043292,63500.0,8544.0
meta.imbalanced.CSMOTE -l (trees.HoeffdingTree -e 2000000 -g 100 -c 0.01),ArffFileStream -f ./../../../Dataset/Synthetic_IM20/stream_gen_hyperplane.arff,1,64000.0,116.75,2.584852498128183E-7,64000.0,0.838351214003388,0.443710613329869,0.838,0.5412324422292702,0.8947028423772609,0.2987012987012987,0.7593572127947272,0.6434782608695652,0.20836832862487584,64000.0,8544.0
meta.imbalanced.CSMOTE -l (trees.HoeffdingTree -e 2000000 -g 100 -c 0.01),ArffFileStream -f ./../../../Dataset/Synthetic_IM20/stream_gen_hyperplane.arff,1,64500.0,118.5,2.6235334290605454E-7,64500.0,0.8545808966861599,0.46780120020805016,0.846,0.5387011742151927,0.838351214003388,0.2345679012345679,0.7873595257200108,0.7052631578947368,0.2470436628259548,64500.0,8544.0
meta.imbalanced.CSMOTE -l (trees.HoeffdingTree -e 2000000 -g 100 -c 0.01),ArffFileStream -f ./../../../Dataset/Synthetic_IM20/stream_gen_hyperplane.arff,1,65000.0,120.453125,2.667552972626355E-7,65000.0,0.8863820043103449,0.48690901810487297,0.844,0.5984680009883864,0.8545808966861599,0.3020833333333333,0.8255745126044463,0.7931034482758621,0.23805229936880057,65000.0,8712.0
meta.imbalanced.CSMOTE -l (trees.HoeffdingTree -e 2000000 -g 100 -c 0.01),ArffFileStream -f ./../../../Dataset/Synthetic_IM20/stream_gen_hyperplane.arff,1,65500.0,122.375,2.710868203495112E-7,65500.0,0.8440098261526833,0.46898499560837226,0.844,0.5628586800573888,0.8863820043103449,0.2755102040816326,0.7921364520902687,0.7129629629629629,0.23837209302325557,65500.0,8712.0
meta.imbalanced.CSMOTE -l (trees.HoeffdingTree -e 2000000 -g 100 -c 0.01),ArffFileStream -f ./../../../Dataset/Synthetic_IM20/stream_gen_hyperplane.arff,1,66000.0,124.296875,2.7541834343638686E-7,66000.0,0.8493043008986603,0.47224292093734677,0.848,0.5844360359572188,0.8440098261526833,0.27877237851662406,0.8111820866315591,0.7522935779816514,0.25826247689463955,66000.0,8712.0
meta.imbalanced.CSMOTE -l (trees.HoeffdingTree -e 2000000 -g 100 -c 0.01),ArffFileStream -f ./../../../Dataset/Synthetic_IM20/stream_gen_hyperplane.arff,1,66500.0,126.109375,2.79503357079294E-7,66500.0,0.8484340480831709,0.4949983232451952,0.886,0.6507352941176471,0.8493043008986603,0.2345679012345679,0.8424414533599242,0.7789473684210526,0.4433920704845816,66500.0,8712.0
meta.imbalanced.CSMOTE -l (trees.HoeffdingTree -e 2000000 -g 100 -c 0.01),ArffFileStream -f ./../../../Dataset/Synthetic_IM20/stream_gen_hyperplane.arff,1,67000.0,128.015625,2.8379966453131707E-7,67000.0,0.8828185703185704,0.49597745816758376,0.852,0.5832957924137309,0.8484340480831709,0.26262626262626265,0.8118441408859887,0.75,0.27747012532789284,67000.0,8712.0
meta.imbalanced.CSMOTE -l (trees.HoeffdingTree -e 2000000 -g 100 -c 0.01),ArffFileStream -f ./../../../Dataset/Synthetic_IM20/stream_gen_hyperplane.arff,1,67500.0,129.875,2.8758241872613633E-7,67500.0,0.8912020792722547,0.40520362842718927,0.836,0.5535228138952413,0.8828185703185704,0.2345679012345679,0.8302281327663181,0.8210526315789474,0.19892901078225636,67500.0,7864.0
meta.imbalanced.CSMOTE -l (trees.HoeffdingTree -e 2000000 -g 100 -c 0.01),ArffFileStream -f ./../../../Dataset/Synthetic_IM20/stream_gen_hyperplane.arff,1,68000.0,131.734375,2.914498327299953E-7,68000.0,0.8095980505188135,0.3569269940111528,0.796,0.44521799669306433,0.8912020792722547,0.2315270935960591,0.7668041995397655,0.723404255319149,0.002946884209013403,68000.0,8040.0
meta.imbalanced.CSMOTE -l (trees.HoeffdingTree -e 2000000 -g 100 -c 0.01),ArffFileStream -f ./../../../Dataset/Synthetic_IM20/stream_gen_hyperplane.arff,1,68500.0,133.765625,2.9576302040368324E-7,68500.0,0.8875524475524476,0.44468886287984877,0.802,0.5162236121970291,0.8095980505188135,0.28205128205128205,0.8077422561978248,0.8181818181818182,0.03280325180061327,68500.0,8208.0
meta.imbalanced.CSMOTE -l (trees.HoeffdingTree -e 2000000 -g 100 -c 0.01),ArffFileStream -f ./../../../Dataset/Synthetic_IM20/stream_gen_hyperplane.arff,1,69000.0,135.71875,2.999103162437678E-7,69000.0,0.8463840781765624,0.4097892022607735,0.838,0.5281480100661756,0.8875524475524476,0.24069478908188585,0.7859957130641408,0.711340206185567,0.20835694050991477,69000.0,8208.0
meta.imbalanced.CSMOTE -l (trees.HoeffdingTree -e 2000000 -g 100 -c 0.01),ArffFileStream -f ./../../../Dataset/Synthetic_IM20/stream_gen_hyperplane.arff,1,69500.0,137.65625,3.040244337171317E-7,69500.0,0.80142654076556,0.39024988914430403,0.784,0.43997345059321347,0.8463840781765624,0.24378109452736318,0.7688306831495596,0.7448979591836735,-0.0558447038964693,69500.0,8208.0
meta.imbalanced.CSMOTE -l (trees.HoeffdingTree -e 2000000 -g 100 -c 0.01),ArffFileStream -f ./../../../Dataset/Synthetic_IM20/stream_gen_hyperplane.arff,1,70000.0,139.625,3.082904731854797E-7,70000.0,0.806175,0.36595030174304555,0.78,0.4282744282744284,0.80142654076556,0.25,0.7565712127751095,0.72,-0.07556921357731516,70000.0,8376.0
meta.imbalanced.CSMOTE -l (trees.HoeffdingTree -e 2000000 -g 100 -c 0.01),ArffFileStream -f ./../../../Dataset/Synthetic_IM20/stream_gen_hyperplane.arff,1,70500.0,141.609375,3.1259037010992575E-7,70500.0,0.850877855865387,0.40757770774230384,0.818,0.5009651662718256,0.806175,0.24688279301745636,0.7860339153647763,0.7373737373737373,0.11000901713255173,70500.0,8376.0
meta.imbalanced.CSMOTE -l (trees.HoeffdingTree -e 2000000 -g 100 -c 0.01),ArffFileStream -f ./../../../Dataset/Synthetic_IM20/stream_gen_hyperplane.arff,1,71000.0,143.5625,3.1682255212217576E-7,71000.0,0.8100324886289798,0.42410230490867884,0.834,0.5339173405211141,0.850877855865387,0.2345679012345679,0.8078883343344773,0.7684210526315789,0.18784454244762935,71000.0,8376.0
meta.imbalanced.CSMOTE -l (trees.HoeffdingTree -e 2000000 -g 100 -c 0.01),ArffFileStream -f ./../../../Dataset/Synthetic_IM20/stream_gen_hyperplane.arff,1,71500.0,145.734375,3.215287385197978E-7,71500.0,0.8284246188594014,0.4315195302712366,0.818,0.5225603357817418,0.8100324886289798,0.2987012987012987,0.7782184405911461,0.7130434782608696,0.110343884596978,71500.0,8376.0
meta.imbalanced.CSMOTE -l (trees.HoeffdingTree -e 2000000 -g 100 -c 0.01),ArffFileStream -f ./../../../Dataset/Synthetic_IM20/stream_gen_hyperplane.arff,1,72000.0,147.71875,3.258286354442438E-7,72000.0,0.8405012376237624,0.4345241264718521,0.816,0.5116772823779192,0.8284246188594014,0.2376237623762376,0.8106493902997765,0.8020833333333334,0.10018338653806959,72000.0,8376.0
meta.imbalanced.CSMOTE -l (trees.HoeffdingTree -e 2000000 -g 100 -c 0.01),ArffFileStream -f ./../../../Dataset/Synthetic_IM20/stream_gen_hyperplane.arff,1,72500.0,149.8125,3.304565325379372E-7,72500.0,0.8293267467168814,0.45771883608292396,0.828,0.5344607323040945,0.8405012376237624,0.2594458438287154,0.8005769360803164,0.7572815533980582,0.15891002293268566,72500.0,8544.0
meta.imbalanced.CSMOTE -l (trees.HoeffdingTree -e 2000000 -g 100 -c 0.01),ArffFileStream -f ./../../../Dataset/Synthetic_IM20/stream_gen_hyperplane.arff,1,73000.0,151.828125,3.34911746904254E-7,73000.0,0.8285950110051358,0.4338180291822673,0.806,0.46698610866889423,0.8293267467168814,0.2315270935960591,0.7770891320356849,0.7340425531914894,0.05080428954423629,73000.0,8544.0
meta.imbalanced.CSMOTE -l (trees.HoeffdingTree -e 2000000 -g 100 -c 0.01),ArffFileStream -f ./../../../Dataset/Synthetic_IM20/stream_gen_hyperplane.arff,1,73500.0,153.828125,3.393324247250955E-7,73500.0,0.8201993605416589,0.4262483858659511,0.804,0.44187529899537575,0.8285950110051358,0.22249388753056235,0.7575089591606005,0.6923076923076923,0.04030377723003144,73500.0,8544.0
meta.imbalanced.CSMOTE -l (trees.HoeffdingTree -e 2000000 -g 100 -c 0.01),ArffFileStream -f ./../../../Dataset/Synthetic_IM20/stream_gen_hyperplane.arff,1,74000.0,155.890625,3.438912487278382E-7,74000.0,0.8025211176088369,0.4133310339857578,0.816,0.47792532062194965,0.8201993605416589,0.2345679012345679,0.770593385023668,0.7052631578947368,0.09863630345558036,74000.0,8544.0
meta.imbalanced.CSMOTE -l (trees.HoeffdingTree -e 2000000 -g 100 -c 0.01),ArffFileStream -f ./../../../Dataset/Synthetic_IM20/stream_gen_hyperplane.arff,1,74500.0,158.046875,3.4865729200343294E-7,74500.0,0.8438516109961572,0.47148854886772007,0.848,0.5753240947697809,0.8025211176088369,0.2562814070351759,0.8153493490771281,0.7647058823529411,0.255391899000526,74500.0,8544.0
meta.imbalanced.CSMOTE -l (trees.HoeffdingTree -e 2000000 -g 100 -c 0.01),ArffFileStream -f ./../../../Dataset/Synthetic_IM20/stream_gen_hyperplane.arff,1,75000.0,160.171875,3.53354262188077E-7,75000.0,0.8406282776086568,0.4557000850779801,0.822,0.5128092839938688,0.8438516109961572,0.24069478908188585,0.7987160657022028,0.7628865979381443,0.12773603397582445,75000.0,8544.0
meta.imbalanced.CSMOTE -l (trees.HoeffdingTree -e 2000000 -g 100 -c 0.01),ArffFileStream -f ./../../../Dataset/Synthetic_IM20/stream_gen_hyperplane.arff,1,75500.0,162.171875,3.577749400089185E-7,75500.0,0.8675832742735649,0.4898224144168349,0.866,0.601569933396765,0.8406282776086568,0.20481927710843373,0.8583933371075552,0.8470588235294118,0.3426250812215723,75500.0,8544.0
meta.imbalanced.CSMOTE -l (trees.HoeffdingTree -e 2000000 -g 100 -c 0.01),ArffFileStream -f ./../../../Dataset/Synthetic_IM20/stream_gen_hyperplane.arff,1,76000.0,164.25,3.6236830055713657E-7,76000.0,0.8628042491749175,0.4548085320855525,0.872,0.6121024049650892,0.8675832742735649,0.2376237623762376,0.8220356283382283,0.75,0.37181970812346643,76000.0,8544.0
meta.imbalanced.CSMOTE -l (trees.HoeffdingTree -e 2000000 -g 100 -c 0.01),ArffFileStream -f ./../../../Dataset/Synthetic_IM20/stream_gen_hyperplane.arff,1,76500.0,166.453125,3.6723795346915724E-7,76500.0,0.8590283227509453,0.47316254144360737,0.86,0.6001553681997852,0.8628042491749175,0.272264631043257,0.8080355515210563,0.7289719626168224,0.31315333803629825,76500.0,8544.0
meta.imbalanced.CSMOTE -l (trees.HoeffdingTree -e 2000000 -g 100 -c 0.01),ArffFileStream -f ./../../../Dataset/Synthetic_IM20/stream_gen_hyperplane.arff,1,77000.0,168.765625,3.723493621995052E-7,77000.0,0.8323207227555054,0.4481957692277706,0.834,0.5544341850977023,0.8590283227509453,0.2987012987012987,0.7876804105321404,0.7130434782608696,0.18627450980392124,77000.0,8544.0
meta.imbalanced.CSMOTE -l (trees.HoeffdingTree -e 2000000 -g 100 -c 0.01),ArffFileStream -f ./../../../Dataset/Synthetic_IM20/stream_gen_hyperplane.arff,1,77500.0,171.0,3.7738519798343385E-7,77500.0,0.8665220012055455,0.4839445319860365,0.854,0.5953436807095344,0.8323207227555054,0.26582278481012656,0.8220294209436338,0.7714285714285715,0.28444950357300935,77500.0,8712.0
meta.imbalanced.CSMOTE -l (trees.HoeffdingTree -e 2000000 -g 100 -c 0.01),ArffFileStream -f ./../../../Dataset/Synthetic_IM20/stream_gen_hyperplane.arff,1,78000.0,173.171875,3.822801712279519E-7,78000.0,0.8427030539311241,0.47222700484198055,0.854,0.5690672963400235,0.8665220012055455,0.2345679012345679,0.8105220964760267,0.7473684210526316,0.28413376917274313,78000.0,8712.0
meta.imbalanced.CSMOTE -l (trees.HoeffdingTree -e 2000000 -g 100 -c 0.01),ArffFileStream -f ./../../../Dataset/Synthetic_IM20/stream_gen_hyperplane.arff,1,78500.0,175.484375,3.874920851861438E-7,78500.0,0.8587905162778531,0.5020485759568808,0.824,0.5449186024863991,0.8427030539311241,0.272264631043257,0.8130086665957277,0.794392523364486,0.1373087730252888,78500.0,8712.0
meta.imbalanced.CSMOTE -l (trees.HoeffdingTree -e 2000000 -g 100 -c 0.01),ArffFileStream -f ./../../../Dataset/Synthetic_IM20/stream_gen_hyperplane.arff,1,79000.0,177.78125,3.92668783509483E-7,79000.0,0.8646143738708088,0.4785252379532816,0.846,0.5878650338271816,0.8587905162778531,0.27877237851662406,0.8210435341940662,0.7798165137614679,0.24547258744728326,79000.0,8712.0
meta.imbalanced.CSMOTE -l (trees.HoeffdingTree -e 2000000 -g 100 -c 0.01),ArffFileStream -f ./../../../Dataset/Synthetic_IM20/stream_gen_hyperplane.arff,1,79500.0,180.0625,3.978102661979696E-7,79500.0,0.8211573236889692,0.4627216774015756,0.848,0.5603378456554436,0.8646143738708088,0.26582278481012656,0.7859986334071468,0.6952380952380952,0.25540698749152746,79500.0,8712.0
meta.imbalanced.CSMOTE -l (trees.HoeffdingTree -e 2000000 -g 100 -c 0.01),ArffFileStream -f ./../../../Dataset/Synthetic_IM20/stream_gen_hyperplane.arff,1,80000.0,182.34375,4.0295174888645617E-7,80000.0,0.8378926421320436,0.4448725821161549,0.832,0.5186246418338107,0.8211573236889692,0.24688279301745636,0.7810831801290183,0.7070707070707071,0.17687408133267965,80000.0,8712.0
meta.imbalanced.CSMOTE -l (trees.HoeffdingTree -e 2000000 -g 100 -c 0.01),ArffFileStream -f ./../../../Dataset/Synthetic_IM20/stream_gen_hyperplane.arff,1,80500.0,184.65625,4.0816366284464804E-7,80500.0,0.841965039180229,0.50793090498252,0.86,0.6004110058225824,0.8378926421320436,0.26582278481012656,0.8136271566819878,0.7428571428571429,0.3141848719040955,80500.0,8712.0
meta.imbalanced.CSMOTE -l (trees.HoeffdingTree -e 2000000 -g 100 -c 0.01),ArffFileStream -f ./../../../Dataset/Synthetic_IM20/stream_gen_hyperplane.arff,1,81000.0,187.03125,4.135164393422505E-7,81000.0,0.8522724606396208,0.4542198024209134,0.85,0.5834814288253065,0.841965039180229,0.27877237851662406,0.8047350426922262,0.7339449541284404,0.26550598476604986,81000.0,8712.0
meta.imbalanced.CSMOTE -l (trees.HoeffdingTree -e 2000000 -g 100 -c 0.01),ArffFileStream -f ./../../../Dataset/Synthetic_IM20/stream_gen_hyperplane.arff,1,81500.0,189.609375,4.193270190929374E-7,81500.0,0.8094758064516129,0.41881842089914023,0.81,0.5228432514967656,0.8522724606396208,0.32978723404255317,0.7766650809111078,0.717741935483871,0.0708628345133809,81500.0,8712.0
meta.imbalanced.CSMOTE -l (trees.HoeffdingTree -e 2000000 -g 100 -c 0.01),ArffFileStream -f ./../../../Dataset/Synthetic_IM20/stream_gen_hyperplane.arff,1,82000.0,191.84375,4.244599646578233E-7,82000.0,0.8382750441306267,0.4631750900467393,0.834,0.5012259026008365,0.8094758064516129,0.21359223300970873,0.784299542449163,0.7159090909090909,0.18753730452429238,82000.0,8880.0
meta.imbalanced.CSMOTE -l (trees.HoeffdingTree -e 2000000 -g 100 -c 0.01),ArffFileStream -f ./../../../Dataset/Synthetic_IM20/stream_gen_hyperplane.arff,1,82500.0,193.9375,4.292698577046395E-7,82500.0,0.8981178027000211,0.5216360880576624,0.87,0.5859239628987871,0.8382750441306267,0.1876484560570071,0.8449331475407408,0.810126582278481,0.3628586704687223,82500.0,8880.0
meta.imbalanced.CSMOTE -l (trees.HoeffdingTree -e 2000000 -g 100 -c 0.01),ArffFileStream -f ./../../../Dataset/Synthetic_IM20/stream_gen_hyperplane.arff,1,83000.0,196.40625,4.34941224132975E-7,83000.0,0.8748018648018648,0.5038351255618443,0.874,0.6340613382899628,0.8981178027000211,0.28205128205128205,0.8119446281946073,0.7181818181818181,0.3827539396801039,83000.0,8880.0
meta.imbalanced.CSMOTE -l (trees.HoeffdingTree -e 2000000 -g 100 -c 0.01),ArffFileStream -f ./../../../Dataset/Synthetic_IM20/stream_gen_hyperplane.arff,1,83500.0,198.875,4.406125905613105E-7,83500.0,0.7963403263403264,0.4547464289447249,0.864,0.6037296037296036,0.8748018648018648,0.28205128205128205,0.7941511132498592,0.6909090909090909,0.33407611563947703,83500.0,8880.0
meta.imbalanced.CSMOTE -l (trees.HoeffdingTree -e 2000000 -g 100 -c 0.01),ArffFileStream -f ./../../../Dataset/Synthetic_IM20/stream_gen_hyperplane.arff,1,84000.0,201.328125,4.4624806226541605E-7,84000.0,0.8423105276925638,0.46764833409528617,0.852,0.5906807973980572,0.7963403263403264,0.272264631043257,0.8151994780764681,0.7570093457943925,0.27552447552447545,84000.0,8880.0
meta.imbalanced.CSMOTE -l (trees.HoeffdingTree -e 2000000 -g 100 -c 0.01),ArffFileStream -f ./../../../Dataset/Synthetic_IM20/stream_gen_hyperplane.arff,1,84500.0,203.78125,4.518835339695216E-7,84500.0,0.8990398429269227,0.5097136928235367,0.86,0.6130030959752323,0.8423105276925638,0.26903553299492383,0.8304294454574512,0.7830188679245284,0.3148384107494496,84500.0,8880.0
meta.imbalanced.CSMOTE -l (trees.HoeffdingTree -e 2000000 -g 100 -c 0.01),ArffFileStream -f ./../../../Dataset/Synthetic_IM20/stream_gen_hyperplane.arff,1,85000.0,206.296875,4.5766258457054703E-7,85000.0,0.839250283446712,0.4854389739935113,0.838,0.5559405289241699,0.8990398429269227,0.2755102040816326,0.7965225820615119,0.7314814814814815,0.20743639921722107,85000.0,8880.0
meta.imbalanced.CSMOTE -l (trees.HoeffdingTree -e 2000000 -g 100 -c 0.01),ArffFileStream -f ./../../../Dataset/Synthetic_IM20/stream_gen_hyperplane.arff,1,85500.0,208.8125,4.634416351715725E-7,85500.0,0.8414322250639387,0.46556233488189297,0.854,0.5841687932920161,0.839250283446712,0.27877237851662406,0.7952025372495543,0.7064220183486238,0.2859921066178573,85500.0,8880.0
meta.imbalanced.CSMOTE -l (trees.HoeffdingTree -e 2000000 -g 100 -c 0.01),ArffFileStream -f ./../../../Dataset/Synthetic_IM20/stream_gen_hyperplane.arff,1,86000.0,211.15625,4.6831167613466594E-7,86000.0,0.8474531116794544,0.392930422162473,0.844,0.5488617434758467,0.8414322250639387,0.22549019607843138,0.814814478437331,0.7717391304347826,0.23664295874822164,86000.0,8032.0
meta.imbalanced.CSMOTE -l (trees.HoeffdingTree -e 2000000 -g 100 -c 0.01),ArffFileStream -f ./../../../Dataset/Synthetic_IM20/stream_gen_hyperplane.arff,1,86500.0,213.609375,4.735206797098121E-7,86500.0,0.849197888110468,0.4087735081336795,0.768,0.4341684226956996,0.8474531116794544,0.24378109452736318,0.782055187162708,0.8061224489795918,-0.13551745600633752,86500.0,8208.0
meta.imbalanced.CSMOTE -l (trees.HoeffdingTree -e 2000000 -g 100 -c 0.01),ArffFileStream -f ./../../../Dataset/Synthetic_IM20/stream_gen_hyperplane.arff,1,87000.0,216.125,4.789717301415902E-7,87000.0,0.8267344892519136,0.4159429356259966,0.792,0.4769769266359558,0.849197888110468,0.2594458438287154,0.789921474594179,0.7864077669902912,-0.018001800180017895,87000.0,8376.0
meta.imbalanced.CSMOTE -l (trees.HoeffdingTree -e 2000000 -g 100 -c 0.01),ArffFileStream -f ./../../../Dataset/Synthetic_IM20/stream_gen_hyperplane.arff,1,87500.0,218.703125,4.845582103977602E-7,87500.0,0.8622448979591837,0.4156871030107741,0.842,0.5825053904367309,0.8267344892519136,0.2755102040816326,0.8249292784456652,0.7962962962962963,0.22696264817714162,87500.0,8376.0
meta.imbalanced.CSMOTE -l (trees.HoeffdingTree -e 2000000 -g 100 -c 0.01),ArffFileStream -f ./../../../Dataset/Synthetic_IM20/stream_gen_hyperplane.arff,1,88000.0,221.109375,4.897722586368522E-7,88000.0,0.8773170731707317,0.46969076585812514,0.834,0.5395028850421659,0.8622448979591837,0.21951219512195122,0.8293727018601383,0.8222222222222222,0.18727050183598531,88000.0,8376.0
meta.imbalanced.CSMOTE -l (trees.HoeffdingTree -e 2000000 -g 100 -c 0.01),ArffFileStream -f ./../../../Dataset/Synthetic_IM20/stream_gen_hyperplane.arff,1,88500.0,223.640625,4.953671790038547E-7,88500.0,0.83895,0.43888636285824345,0.818,0.493882091212458,0.8773170731707317,0.25,0.774564393707844,0.71,0.10883036405886881,88500.0,8544.0
meta.imbalanced.CSMOTE -l (trees.HoeffdingTree -e 2000000 -g 100 -c 0.01),ArffFileStream -f ./../../../Dataset/Synthetic_IM20/stream_gen_hyperplane.arff,1,89000.0,226.265625,5.011693186437092E-7,89000.0,0.7951981351981352,0.4119561577100852,0.808,0.4780339277946934,0.83895,0.28205128205128205,0.7504932333073319,0.6636363636363637,0.06027276726792785,89000.0,8544.0
meta.imbalanced.CSMOTE -l (trees.HoeffdingTree -e 2000000 -g 100 -c 0.01),ArffFileStream -f ./../../../Dataset/Synthetic_IM20/stream_gen_hyperplane.arff,1,89500.0,228.921875,5.070405313745143E-7,89500.0,0.8129770992366412,0.4277309003505863,0.808,0.5005930457581622,0.7951981351981352,0.272264631043257,0.7851078768264754,0.7476635514018691,0.060521567984254586,89500.0,8544.0
meta.imbalanced.CSMOTE -l (trees.HoeffdingTree -e 2000000 -g 100 -c 0.01),ArffFileStream -f ./../../../Dataset/Synthetic_IM20/stream_gen_hyperplane.arff,1,90000.0,231.53125,5.128081344688934E-7,90000.0,0.7574637895359149,0.37687702316969784,0.808,0.45999459994599956,0.8129770992366412,0.2562814070351759,0.7457799955441735,0.6568627450980392,0.06051215136193156,90000.0,8544.0
meta.imbalanced.CSMOTE -l (trees.HoeffdingTree -e 2000000 -g 100 -c 0.01),ArffFileStream -f ./../../../Dataset/Synthetic_IM20/stream_gen_hyperplane.arff,1,90500.0,234.359375,5.19059249199927E-7,90500.0,0.8540636655390754,0.42729904822202924,0.822,0.5557463461384873,0.7574637895359149,0.32275132275132273,0.8008095045685572,0.7622950819672131,0.12994869025114741,90500.0,8544.0
meta.imbalanced.CSMOTE -l (trees.HoeffdingTree -e 2000000 -g 100 -c 0.01),ArffFileStream -f ./../../../Dataset/Synthetic_IM20/stream_gen_hyperplane.arff,1,91000.0,236.984375,5.249754758551718E-7,91000.0,0.8363560794982241,0.4231124689437086,0.838,0.530945983507829,0.8540636655390754,0.24688279301745636,0.7844620705101167,0.7070707070707071,0.2080154722252065,91000.0,8712.0
meta.imbalanced.CSMOTE -l (trees.HoeffdingTree -e 2000000 -g 100 -c 0.01),ArffFileStream -f ./../../../Dataset/Synthetic_IM20/stream_gen_hyperplane.arff,1,91500.0,239.59375,5.30856486875564E-7,91500.0,0.8457625,0.4381476043909792,0.818,0.493882091212458,0.8363560794982241,0.25,0.774564393707844,0.71,0.11013145238858585,91500.0,8712.0
meta.imbalanced.CSMOTE -l (trees.HoeffdingTree -e 2000000 -g 100 -c 0.01),ArffFileStream -f ./../../../Dataset/Synthetic_IM20/stream_gen_hyperplane.arff,1,92000.0,242.265625,5.368783604353667E-7,92000.0,0.8364740368509213,0.43848365662048205,0.814,0.4920919259000349,0.8457625,0.2562814070351759,0.774984544644521,0.7156862745098039,0.09056122448979577,92000.0,8712.0
meta.imbalanced.CSMOTE -l (trees.HoeffdingTree -e 2000000 -g 100 -c 0.01),ArffFileStream -f ./../../../Dataset/Synthetic_IM20/stream_gen_hyperplane.arff,1,92500.0,244.953125,5.429354496300221E-7,92500.0,0.804098679098679,0.4149553501886145,0.818,0.49909727420846334,0.8364740368509213,0.26262626262626265,0.771732528516905,0.7019230769230769,0.1102008456659615,92500.0,8712.0
meta.imbalanced.CSMOTE -l (trees.HoeffdingTree -e 2000000 -g 100 -c 0.01),ArffFileStream -f ./../../../Dataset/Synthetic_IM20/stream_gen_hyperplane.arff,1,93000.0,247.546875,5.487812450155617E-7,93000.0,0.8025151250957703,0.41511707697366834,0.82,0.4752186588921283,0.804098679098679,0.2285012285012285,0.7648730473609106,0.6881720430107527,0.11954978172829113,93000.0,8712.0
meta.imbalanced.CSMOTE -l (trees.HoeffdingTree -e 2000000 -g 100 -c 0.01),ArffFileStream -f ./../../../Dataset/Synthetic_IM20/stream_gen_hyperplane.arff,1,93500.0,250.34375,5.550848436541856E-7,93500.0,0.8601171865953356,0.4868603551541373,0.828,0.5563442768411712,0.8025151250957703,0.2853470437017995,0.8117031149254539,0.7837837837837838,0.15906714076553014,93500.0,8712.0
meta.imbalanced.CSMOTE -l (trees.HoeffdingTree -e 2000000 -g 100 -c 0.01),ArffFileStream -f ./../../../Dataset/Synthetic_IM20/stream_gen_hyperplane.arff,1,94000.0,252.859375,5.60754560865462E-7,94000.0,0.8717559523809524,0.4642932739088045,0.866,0.5728130578933947,0.8601171865953356,0.19047619047619047,0.832916562447884,0.7875,0.34409498021245566,94000.0,8712.0
meta.imbalanced.CSMOTE -l (trees.HoeffdingTree -e 2000000 -g 100 -c 0.01),ArffFileStream -f ./../../../Dataset/Synthetic_IM20/stream_gen_hyperplane.arff,1,94500.0,255.640625,5.670229438692333E-7,94500.0,0.8761028275189651,0.46896688532721315,0.836,0.5708693558853698,0.8717559523809524,0.272264631043257,0.82400548661574,0.8037383177570093,0.19745222929936304,94500.0,8712.0
meta.imbalanced.CSMOTE -l (trees.HoeffdingTree -e 2000000 -g 100 -c 0.01),ArffFileStream -f ./../../../Dataset/Synthetic_IM20/stream_gen_hyperplane.arff,1,95000.0,258.390625,5.732208956032993E-7,95000.0,0.803404172067203,0.3829542152660225,0.83,0.48950175371162236,0.8761028275189651,0.2594458438287154,0.7364236728124341,0.6116504854368932,0.16812609457092786,95000.0,8712.0
meta.imbalanced.CSMOTE -l (trees.HoeffdingTree -e 2000000 -g 100 -c 0.01),ArffFileStream -f ./../../../Dataset/Synthetic_IM20/stream_gen_hyperplane.arff,1,95500.0,261.109375,5.7934841606766E-7,95500.0,0.842795998349835,0.4242212387932642,0.842,0.5264924478542314,0.803404172067203,0.2376237623762376,0.7772484152508135,0.6875,0.2266017426960532,95500.0,8712.0
meta.imbalanced.CSMOTE -l (trees.HoeffdingTree -e 2000000 -g 100 -c 0.01),ArffFileStream -f ./../../../Dataset/Synthetic_IM20/stream_gen_hyperplane.arff,1,96000.0,263.84375,5.85629992807905E-7,96000.0,0.8211891501650165,0.42173989642054155,0.836,0.5174199623352164,0.842795998349835,0.2376237623762376,0.7786901129969533,0.6979166666666666,0.19698051616851975,96000.0,8880.0
meta.imbalanced.CSMOTE -l (trees.HoeffdingTree -e 2000000 -g 100 -c 0.01),ArffFileStream -f ./../../../Dataset/Synthetic_IM20/stream_gen_hyperplane.arff,1,96500.0,266.65625,5.920910431692999E-7,96500.0,0.8301625,0.4404343773975235,0.83,0.520856820744081,0.8211891501650165,0.25,0.7857480512225278,0.72,0.16751243276159522,96500.0,8880.0
meta.imbalanced.CSMOTE -l (trees.HoeffdingTree -e 2000000 -g 100 -c 0.01),ArffFileStream -f ./../../../Dataset/Synthetic_IM20/stream_gen_hyperplane.arff,1,97000.0,269.375,5.983367251853149E-7,97000.0,0.8353153448700074,0.4604108730048956,0.846,0.5369256675487131,0.8301625,0.21654501216545013,0.8025833790790744,0.7415730337078652,0.2453649911593835,97000.0,8880.0
meta.imbalanced.CSMOTE -l (trees.HoeffdingTree -e 2000000 -g 100 -c 0.01),ArffFileStream -f ./../../../Dataset/Synthetic_IM20/stream_gen_hyperplane.arff,1,97500.0,272.1875,6.047977755467098E-7,97500.0,0.7814820544554455,0.37840649571681123,0.832,0.48705422569614065,0.8353153448700074,0.2376237623762376,0.7472274109201047,0.6354166666666666,0.176511990347393,97500.0,8880.0
meta.imbalanced.CSMOTE -l (trees.HoeffdingTree -e 2000000 -g 100 -c 0.01),ArffFileStream -f ./../../../Dataset/Synthetic_IM20/stream_gen_hyperplane.arff,1,98000.0,275.125,6.115459837019444E-7,98000.0,0.8721419123204838,0.45445487903400794,0.84,0.5809938825106845,0.7814820544554455,0.2755102040816326,0.8272310587071764,0.8055555555555556,0.21596079803990184,98000.0,8880.0
meta.imbalanced.CSMOTE -l (trees.HoeffdingTree -e 2000000 -g 100 -c 0.01),ArffFileStream -f ./../../../Dataset/Synthetic_IM20/stream_gen_hyperplane.arff,1,98500.0,277.78125,6.176480868210396E-7,98500.0,0.9212410501193318,0.5203674120161621,0.866,0.5968130175235895,0.8721419123204838,0.19331742243436753,0.8652723214246695,0.8641975308641975,0.34267928286852595,98500.0,8880.0
meta.imbalanced.CSMOTE -l (trees.HoeffdingTree -e 2000000 -g 100 -c 0.01),ArffFileStream -f ./../../../Dataset/Synthetic_IM20/stream_gen_hyperplane.arff,1,99000.0,280.703125,6.243604002520443E-7,99000.0,0.8411666174007292,0.44719879047241595,0.816,0.4959235557114052,0.9212410501193318,0.2562814070351759,0.7761438340654068,0.7156862745098039,0.09741353681498335,99000.0,8880.0
meta.imbalanced.CSMOTE -l (trees.HoeffdingTree -e 2000000 -g 100 -c 0.01),ArffFileStream -f ./../../../Dataset/Synthetic_IM20/stream_gen_hyperplane.arff,1,99500.0,283.515625,6.308214506134392E-7,99500.0,0.8691463414634146,0.4787188654562833,0.866,0.5702924576706003,0.8411666174007292,0.21951219512195122,0.7948001743036867,0.7,0.3422947908445144,99500.0,8880.0
meta.imbalanced.CSMOTE -l (trees.HoeffdingTree -e 2000000 -g 100 -c 0.01),ArffFileStream -f ./../../../Dataset/Synthetic_IM20/stream_gen_hyperplane.arff,1,100000.0,286.5,6.376773429413637E-7,100000.0,0.8492861305361306,0.4917621083760268,0.848,0.5830041260644367,0.8691463414634146,0.26262626262626265,0.8213444121418513,0.7788461538461539,0.254024342363565,100000.0,8880.0
