Learner,stream,randomSeed,learning evaluation instances,evaluation time (cpu seconds),model cost (RAM-Hours),classified instances,AUC,sAUC,Accuracy,Kappa,Periodical holdout AUC,Pos/Neg ratio,G-Mean,Recall,KappaM,model training instances,model serialized size (bytes),members size
meta.DynamicWeightedMajority -l (trees.HoeffdingTree -e 2000000 -g 100 -c 0.01) -e 10,ArffFileStream -f ./../../../Dataset/Synthetic_IM20/stream_gen_hyperplane.arff,1,500.0,0.078125,5.982454038328595E-11,500.0,0.6316094032549728,0.23030741410488245,0.82,0.23947946594558034,0.0,0.26582278481012656,0.4232256511344505,0.18095238095238095,0.1428571428571425,500.0,2960.0,2.0
meta.DynamicWeightedMajority -l (trees.HoeffdingTree -e 2000000 -g 100 -c 0.01) -e 10,ArffFileStream -f ./../../../Dataset/Synthetic_IM20/stream_gen_hyperplane.arff,1,1000.0,0.09375,7.178944845994314E-11,1000.0,0.652187399191047,0.2959254572073749,0.854,0.3859353970390308,0.6316094032549728,0.2531328320802005,0.5351720209773893,0.2871287128712871,0.29126213592232986,1000.0,2960.0,2.0
meta.DynamicWeightedMajority -l (trees.HoeffdingTree -e 2000000 -g 100 -c 0.01) -e 10,ArffFileStream -f ./../../../Dataset/Synthetic_IM20/stream_gen_hyperplane.arff,1,1500.0,0.140625,1.0768417268991471E-10,1500.0,0.6852891910533058,0.3335406608204438,0.848,0.3777020830603953,0.652187399191047,0.2562814070351759,0.5395940055328414,0.29411764705882354,0.25974025974025977,1500.0,2960.0,3.0
meta.DynamicWeightedMajority -l (trees.HoeffdingTree -e 2000000 -g 100 -c 0.01) -e 10,ArffFileStream -f ./../../../Dataset/Synthetic_IM20/stream_gen_hyperplane.arff,1,2000.0,0.1875,1.4357889691988628E-10,2000.0,0.7299947323053347,0.3465953532547987,0.848,0.3835171966255677,0.6852891910533058,0.26903553299492383,0.5319951765989315,0.2830188679245283,0.2657004830917872,2000.0,2960.0,4.0
meta.DynamicWeightedMajority -l (trees.HoeffdingTree -e 2000000 -g 100 -c 0.01) -e 10,ArffFileStream -f ./../../../Dataset/Synthetic_IM20/stream_gen_hyperplane.arff,1,2500.0,0.21875,1.6750871307320065E-10,2500.0,0.7902083333333333,0.44350446428571433,0.91,0.5828698553948832,0.7299947323053347,0.19047619047619047,0.6867365891352687,0.475,0.5445344129554658,2500.0,2960.0,4.0
meta.DynamicWeightedMajority -l (trees.HoeffdingTree -e 2000000 -g 100 -c 0.01) -e 10,ArffFileStream -f ./../../../Dataset/Synthetic_IM20/stream_gen_hyperplane.arff,1,3000.0,0.265625,2.0340343730317222E-10,3000.0,0.7111268820795413,0.2143097186273677,0.846,0.20970523031447574,0.7902083333333333,0.2106537530266344,0.3851491576606546,0.14942528735632185,0.20481927710843356,3000.0,2960.0,6.0
meta.DynamicWeightedMajority -l (trees.HoeffdingTree -e 2000000 -g 100 -c 0.01) -e 10,ArffFileStream -f ./../../../Dataset/Synthetic_IM20/stream_gen_hyperplane.arff,1,3500.0,0.296875,2.273332534564866E-10,3500.0,0.8239588173436697,0.45113722777511994,0.884,0.5638704243991938,0.7111268820795413,0.2594458438287154,0.6800719521968455,0.46601941747572817,0.40643274853801165,3500.0,2960.0,8.0
meta.DynamicWeightedMajority -l (trees.HoeffdingTree -e 2000000 -g 100 -c 0.01) -e 10,ArffFileStream -f ./../../../Dataset/Synthetic_IM20/stream_gen_hyperplane.arff,1,4000.0,0.34375,2.6322797768645816E-10,4000.0,0.7511310557335354,0.30235929200860157,0.858,0.41715374006698613,0.8239588173436697,0.2594458438287154,0.5573864114332941,0.3106796116504854,0.2782719186785259,4000.0,2960.0,10.0
meta.DynamicWeightedMajority -l (trees.HoeffdingTree -e 2000000 -g 100 -c 0.01) -e 10,ArffFileStream -f ./../../../Dataset/Synthetic_IM20/stream_gen_hyperplane.arff,1,4500.0,0.390625,2.9912270191642975E-10,4500.0,0.7682375,0.31168479779411673,0.86,0.4127516778523485,0.7511310557335354,0.25,0.5560800302114796,0.31,0.2897406989853438,4500.0,2960.0,10.0
meta.DynamicWeightedMajority -l (trees.HoeffdingTree -e 2000000 -g 100 -c 0.01) -e 10,ArffFileStream -f ./../../../Dataset/Synthetic_IM20/stream_gen_hyperplane.arff,1,5000.0,0.4375,3.3501742614640135E-10,5000.0,0.7756625038074931,0.34573844950050237,0.87,0.4494511451416181,0.7682375,0.24378109452736318,0.5802884574739972,0.336734693877551,0.3401015228426394,5000.0,2960.0,10.0
meta.DynamicWeightedMajority -l (trees.HoeffdingTree -e 2000000 -g 100 -c 0.01) -e 10,ArffFileStream -f ./../../../Dataset/Synthetic_IM20/stream_gen_hyperplane.arff,1,5500.0,0.5,3.828770584530301E-10,5500.0,0.8087871287128713,0.29537423459109985,0.86,0.3818875388527833,0.7756625038074931,0.2376237623762376,0.5296733301136308,0.28125,0.2876965772432933,5500.0,2960.0,10.0
meta.DynamicWeightedMajority -l (trees.HoeffdingTree -e 2000000 -g 100 -c 0.01) -e 10,ArffFileStream -f ./../../../Dataset/Synthetic_IM20/stream_gen_hyperplane.arff,1,6000.0,0.515625,3.948419665296873E-10,6000.0,0.7632881510813281,0.29541952530834703,0.858,0.3859831188598309,0.8087871287128713,0.24378109452736318,0.5338572408989786,0.2857142857142857,0.27735368956742995,6000.0,2960.0,10.0
meta.DynamicWeightedMajority -l (trees.HoeffdingTree -e 2000000 -g 100 -c 0.01) -e 10,ArffFileStream -f ./../../../Dataset/Synthetic_IM20/stream_gen_hyperplane.arff,1,6500.0,0.5625,4.3073669075965883E-10,6500.0,0.7673076923076924,0.34209496305555653,0.846,0.4159587378640776,0.7632881510813281,0.28205128205128205,0.5698730075685676,0.32727272727272727,0.22342901474010843,6500.0,2960.0,10.0
meta.DynamicWeightedMajority -l (trees.HoeffdingTree -e 2000000 -g 100 -c 0.01) -e 10,ArffFileStream -f ./../../../Dataset/Synthetic_IM20/stream_gen_hyperplane.arff,1,7000.0,0.59375,4.5466650691297323E-10,7000.0,0.818198345604945,0.35537478610835793,0.848,0.4356659142212187,0.7673076923076924,0.29533678756476683,0.5773502691896257,0.3333333333333333,0.24162508909479663,7000.0,2960.0,10.0
meta.DynamicWeightedMajority -l (trees.HoeffdingTree -e 2000000 -g 100 -c 0.01) -e 10,ArffFileStream -f ./../../../Dataset/Synthetic_IM20/stream_gen_hyperplane.arff,1,7500.0,0.625,4.785963230662876E-10,7500.0,0.8306717859675723,0.44446133197505533,0.886,0.5770007124198526,0.818198345604945,0.2594458438287154,0.693214138187609,0.4854368932038835,0.43227091633466136,7500.0,2960.0,10.0
meta.DynamicWeightedMajority -l (trees.HoeffdingTree -e 2000000 -g 100 -c 0.01) -e 10,ArffFileStream -f ./../../../Dataset/Synthetic_IM20/stream_gen_hyperplane.arff,1,8000.0,0.671875,5.144910472962592E-10,8000.0,0.7526202704119065,0.3248303994793215,0.872,0.4563001223324724,0.8306717859675723,0.2315270935960591,0.598446789530516,0.3617021276595745,0.3599999999999998,8000.0,2960.0,10.0
meta.DynamicWeightedMajority -l (trees.HoeffdingTree -e 2000000 -g 100 -c 0.01) -e 10,ArffFileStream -f ./../../../Dataset/Synthetic_IM20/stream_gen_hyperplane.arff,1,8500.0,0.703125,5.384208634495736E-10,8500.0,0.7999718435439592,0.4199558993470698,0.882,0.5734775316638713,0.7526202704119065,0.27877237851662406,0.6831495142903562,0.46788990825688076,0.41310708016383846,8500.0,2960.0,10.0
meta.DynamicWeightedMajority -l (trees.HoeffdingTree -e 2000000 -g 100 -c 0.01) -e 10,ArffFileStream -f ./../../../Dataset/Synthetic_IM20/stream_gen_hyperplane.arff,1,9000.0,0.734375,5.62350679602888E-10,9000.0,0.7975425120369597,0.35749517992805274,0.888,0.4900746676379532,0.7999718435439592,0.2106537530266344,0.614388713159248,0.3793103448275862,0.43875278396436546,9000.0,2960.0,10.0
meta.DynamicWeightedMajority -l (trees.HoeffdingTree -e 2000000 -g 100 -c 0.01) -e 10,ArffFileStream -f ./../../../Dataset/Synthetic_IM20/stream_gen_hyperplane.arff,1,9500.0,0.765625,5.862804957562024E-10,9500.0,0.8251326697806364,0.3897412133254468,0.874,0.5241691842900302,0.7975425120369597,0.2594458438287154,0.6568034489748165,0.4368932038834951,0.36966824644549756,9500.0,2960.0,10.0
meta.DynamicWeightedMajority -l (trees.HoeffdingTree -e 2000000 -g 100 -c 0.01) -e 10,ArffFileStream -f ./../../../Dataset/Synthetic_IM20/stream_gen_hyperplane.arff,1,10000.0,0.828125,6.341401280628312E-10,10000.0,0.8399339143760176,0.34535340998981734,0.85,0.4161788516627224,0.8251326697806364,0.26903553299492383,0.5716961692305131,0.330188679245283,0.2518703241895261,10000.0,2960.0,10.0
meta.DynamicWeightedMajority -l (trees.HoeffdingTree -e 2000000 -g 100 -c 0.01) -e 10,ArffFileStream -f ./../../../Dataset/Synthetic_IM20/stream_gen_hyperplane.arff,1,10500.0,0.875,6.700348522928028E-10,10500.0,0.8441837598042579,0.39137921268246506,0.852,0.4624437018741825,0.8399339143760176,0.29198966408268734,0.6072891935831978,0.37168141592920356,0.26628895184135976,10500.0,2960.0,10.0
meta.DynamicWeightedMajority -l (trees.HoeffdingTree -e 2000000 -g 100 -c 0.01) -e 10,ArffFileStream -f ./../../../Dataset/Synthetic_IM20/stream_gen_hyperplane.arff,1,11000.0,0.90625,6.939646684461172E-10,11000.0,0.8121541477456016,0.3899127855067655,0.874,0.504810413129598,0.8441837598042579,0.2531328320802005,0.6347349124962846,0.40594059405940597,0.3753943217665616,11000.0,2960.0,10.0
meta.DynamicWeightedMajority -l (trees.HoeffdingTree -e 2000000 -g 100 -c 0.01) -e 10,ArffFileStream -f ./../../../Dataset/Synthetic_IM20/stream_gen_hyperplane.arff,1,11500.0,0.953125,7.298593926760888E-10,11500.0,0.7954408515766218,0.3251293085279167,0.836,0.40471005023666384,0.8121541477456016,0.30548302872062666,0.5608813920944942,0.3162393162393162,0.19263698630136983,11500.0,2960.0,10.0
meta.DynamicWeightedMajority -l (trees.HoeffdingTree -e 2000000 -g 100 -c 0.01) -e 10,ArffFileStream -f ./../../../Dataset/Synthetic_IM20/stream_gen_hyperplane.arff,1,12000.0,0.984375,7.537892088294032E-10,12000.0,0.7843124410439157,0.3241655062611962,0.878,0.46767662664060305,0.7954408515766218,0.2315270935960591,0.5925063964103966,0.35106382978723405,0.3975308641975309,12000.0,2960.0,10.0
meta.DynamicWeightedMajority -l (trees.HoeffdingTree -e 2000000 -g 100 -c 0.01) -e 10,ArffFileStream -f ./../../../Dataset/Synthetic_IM20/stream_gen_hyperplane.arff,1,12500.0,1.015625,7.777190249827176E-10,12500.0,0.7795381140360136,0.33326591339286543,0.824,0.40995038219122953,0.7843124410439157,0.34048257372654156,0.5727554506346149,0.33070866141732286,0.13961673836527144,12500.0,2960.0,10.0
meta.DynamicWeightedMajority -l (trees.HoeffdingTree -e 2000000 -g 100 -c 0.01) -e 10,ArffFileStream -f ./../../../Dataset/Synthetic_IM20/stream_gen_hyperplane.arff,1,13000.0,1.0625,8.136137492126892E-10,13000.0,0.8088616841734049,0.34193678695328056,0.86,0.4173464291659728,0.7795381140360136,0.24688279301745636,0.5664045606281879,0.32323232323232326,0.31475903614457823,13000.0,2960.0,10.0
meta.DynamicWeightedMajority -l (trees.HoeffdingTree -e 2000000 -g 100 -c 0.01) -e 10,ArffFileStream -f ./../../../Dataset/Synthetic_IM20/stream_gen_hyperplane.arff,1,13500.0,1.09375,8.375435653660036E-10,13500.0,0.7883275048299137,0.387919873508082,0.87,0.4862472336389502,0.8088616841734049,0.2594458438287154,0.6145624635413343,0.3786407766990291,0.36389996375498385,13500.0,2960.0,10.0
meta.DynamicWeightedMajority -l (trees.HoeffdingTree -e 2000000 -g 100 -c 0.01) -e 10,ArffFileStream -f ./../../../Dataset/Synthetic_IM20/stream_gen_hyperplane.arff,1,14000.0,1.125,8.61473381519318E-10,14000.0,0.8109146326103932,0.40076092874802477,0.88,0.5198924559101236,0.7883275048299137,0.24688279301745636,0.6419313599823105,0.41414141414141414,0.41217634709587136,14000.0,2960.0,10.0
meta.DynamicWeightedMajority -l (trees.HoeffdingTree -e 2000000 -g 100 -c 0.01) -e 10,ArffFileStream -f ./../../../Dataset/Synthetic_IM20/stream_gen_hyperplane.arff,1,14500.0,1.171875,8.973681057492896E-10,14500.0,0.7877695447688349,0.39425011932097276,0.858,0.5136453309951773,0.8109146326103932,0.3089005235602094,0.6483834516424906,0.423728813559322,0.3081317204301074,14500.0,2960.0,10.0
meta.DynamicWeightedMajority -l (trees.HoeffdingTree -e 2000000 -g 100 -c 0.01) -e 10,ArffFileStream -f ./../../../Dataset/Synthetic_IM20/stream_gen_hyperplane.arff,1,15000.0,1.203125,9.21297921902604E-10,15000.0,0.7873641994111077,0.33944760325357654,0.856,0.399439476845055,0.7877695447688349,0.24378109452736318,0.5589204961597987,0.3163265306122449,0.29733246584255024,15000.0,2960.0,10.0
meta.DynamicWeightedMajority -l (trees.HoeffdingTree -e 2000000 -g 100 -c 0.01) -e 10,ArffFileStream -f ./../../../Dataset/Synthetic_IM20/stream_gen_hyperplane.arff,1,15500.0,1.234375,9.452277380559183E-10,15500.0,0.7941910331384016,0.28840748616772294,0.858,0.361051115910727,0.7873641994111077,0.2345679012345679,0.5123554646505148,0.2631578947368421,0.3054591353739348,15500.0,2960.0,10.0
meta.DynamicWeightedMajority -l (trees.HoeffdingTree -e 2000000 -g 100 -c 0.01) -e 10,ArffFileStream -f ./../../../Dataset/Synthetic_IM20/stream_gen_hyperplane.arff,1,16000.0,1.265625,9.691575542092327E-10,16000.0,0.8314189967000076,0.39900049842846935,0.884,0.5296636284018292,0.7941910331384016,0.24069478908188585,0.6485235098520566,0.422680412371134,0.43172075933864057,16000.0,2960.0,10.0
meta.DynamicWeightedMajority -l (trees.HoeffdingTree -e 2000000 -g 100 -c 0.01) -e 10,ArffFileStream -f ./../../../Dataset/Synthetic_IM20/stream_gen_hyperplane.arff,1,16500.0,1.296875,9.93087370362547E-10,16500.0,0.8181794361178074,0.381920388732235,0.872,0.4620040349697375,0.8314189967000076,0.2315270935960591,0.6064280273132818,0.3723404255319149,0.37142857142857133,16500.0,2960.0,10.0
meta.DynamicWeightedMajority -l (trees.HoeffdingTree -e 2000000 -g 100 -c 0.01) -e 10,ArffFileStream -f ./../../../Dataset/Synthetic_IM20/stream_gen_hyperplane.arff,1,17000.0,1.328125,1.0170171865158615E-9,17000.0,0.8017790441528589,0.38958501094752923,0.864,0.4730316181029137,0.8181794361178074,0.26903553299492383,0.6057975814594639,0.36792452830188677,0.33294864396999435,17000.0,2960.0,10.0
meta.DynamicWeightedMajority -l (trees.HoeffdingTree -e 2000000 -g 100 -c 0.01) -e 10,ArffFileStream -f ./../../../Dataset/Synthetic_IM20/stream_gen_hyperplane.arff,1,17500.0,1.359375,1.0409470026691759E-9,17500.0,0.7879193249639843,0.3323816916623391,0.854,0.46329843547817884,0.8017790441528589,0.29198966408268734,0.6015765191439539,0.36283185840707965,0.2861134395082426,17500.0,2960.0,10.0
meta.DynamicWeightedMajority -l (trees.HoeffdingTree -e 2000000 -g 100 -c 0.01) -e 10,ArffFileStream -f ./../../../Dataset/Synthetic_IM20/stream_gen_hyperplane.arff,1,18000.0,1.390625,1.0648768188224902E-9,18000.0,0.8393186674436675,0.3862583489366974,0.876,0.5262256999633205,0.7879193249639843,0.26262626262626265,0.6487990219938459,0.4230769230769231,0.3939723051859896,18000.0,2960.0,10.0
meta.DynamicWeightedMajority -l (trees.HoeffdingTree -e 2000000 -g 100 -c 0.01) -e 10,ArffFileStream -f ./../../../Dataset/Synthetic_IM20/stream_gen_hyperplane.arff,1,18500.0,1.421875,1.0888066349758046E-9,18500.0,0.8419733494546462,0.3848736720389309,0.878,0.5142383895011784,0.8393186674436675,0.24688279301745636,0.6411264300607182,0.41414141414141414,0.40322580645161304,18500.0,2960.0,10.0
meta.DynamicWeightedMajority -l (trees.HoeffdingTree -e 2000000 -g 100 -c 0.01) -e 10,ArffFileStream -f ./../../../Dataset/Synthetic_IM20/stream_gen_hyperplane.arff,1,19000.0,1.453125,1.112736451129119E-9,19000.0,0.871224074455192,0.44512895731253194,0.864,0.513771701513028,0.8419733494546462,0.29198966408268734,0.6432571014858434,0.415929203539823,0.33658536585365834,19000.0,2960.0,10.0
meta.DynamicWeightedMajority -l (trees.HoeffdingTree -e 2000000 -g 100 -c 0.01) -e 10,ArffFileStream -f ./../../../Dataset/Synthetic_IM20/stream_gen_hyperplane.arff,1,19500.0,1.484375,1.1366662672824334E-9,19500.0,0.8135834690163778,0.40531587442503536,0.868,0.5018717546190073,0.871224074455192,0.26903553299492383,0.6344852975123334,0.4056603773584906,0.3566608347913022,19500.0,2960.0,10.0
meta.DynamicWeightedMajority -l (trees.HoeffdingTree -e 2000000 -g 100 -c 0.01) -e 10,ArffFileStream -f ./../../../Dataset/Synthetic_IM20/stream_gen_hyperplane.arff,1,20000.0,1.515625,1.1605960834357478E-9,20000.0,0.7845503300330033,0.30534821060231226,0.87,0.4412351282580287,0.8135834690163778,0.2376237623762376,0.5766352840618432,0.3333333333333333,0.36538930925067115,20000.0,2960.0,10.0
meta.DynamicWeightedMajority -l (trees.HoeffdingTree -e 2000000 -g 100 -c 0.01) -e 10,ArffFileStream -f ./../../../Dataset/Synthetic_IM20/stream_gen_hyperplane.arff,1,20500.0,1.53125,1.172560991512405E-9,20500.0,0.7720403688145624,0.36016221500092765,0.878,0.4723548543353403,0.7845503300330033,0.2285012285012285,0.6031541095971346,0.3655913978494624,0.40310262529832924,20500.0,2960.0,10.0
meta.DynamicWeightedMajority -l (trees.HoeffdingTree -e 2000000 -g 100 -c 0.01) -e 10,ArffFileStream -f ./../../../Dataset/Synthetic_IM20/stream_gen_hyperplane.arff,1,21000.0,1.5625,1.1964908076657194E-9,21000.0,0.7732607152364895,0.31400164642823675,0.832,0.386897115496905,0.7720403688145624,0.3089005235602094,0.5439059689682068,0.2966101694915254,0.18105849582172698,21000.0,2960.0,10.0
meta.DynamicWeightedMajority -l (trees.HoeffdingTree -e 2000000 -g 100 -c 0.01) -e 10,ArffFileStream -f ./../../../Dataset/Synthetic_IM20/stream_gen_hyperplane.arff,1,21500.0,1.59375,1.2204206238190338E-9,21500.0,0.8394792590402995,0.422237690755861,0.88,0.5357187074408813,0.7732607152364895,0.2562814070351759,0.6551372739878666,0.43137254901960786,0.41496598639455795,21500.0,2960.0,10.0
meta.DynamicWeightedMajority -l (trees.HoeffdingTree -e 2000000 -g 100 -c 0.01) -e 10,ArffFileStream -f ./../../../Dataset/Synthetic_IM20/stream_gen_hyperplane.arff,1,22000.0,1.625,1.2443504399723482E-9,22000.0,0.7742673115601953,0.33305481842691514,0.858,0.4473159795740439,0.8394792590402995,0.26903553299492383,0.5893086991049122,0.3490566037735849,0.30823737821080593,22000.0,2960.0,10.0
meta.DynamicWeightedMajority -l (trees.HoeffdingTree -e 2000000 -g 100 -c 0.01) -e 10,ArffFileStream -f ./../../../Dataset/Synthetic_IM20/stream_gen_hyperplane.arff,1,22500.0,1.65625,1.2682802561256626E-9,22500.0,0.8040382819794585,0.363016882228579,0.83,0.4307222460351475,0.7742673115601953,0.33689839572192515,0.5885620007766131,0.3492063492063492,0.17600172339508813,22500.0,2960.0,10.0
meta.DynamicWeightedMajority -l (trees.HoeffdingTree -e 2000000 -g 100 -c 0.01) -e 10,ArffFileStream -f ./../../../Dataset/Synthetic_IM20/stream_gen_hyperplane.arff,1,23000.0,1.6875,1.292210072278977E-9,23000.0,0.8447701442811467,0.4150003341276575,0.894,0.5592735497605111,0.8040382819794585,0.22249388753056235,0.6760359738606617,0.46153846153846156,0.48489330234523553,23000.0,2960.0,10.0
meta.DynamicWeightedMajority -l (trees.HoeffdingTree -e 2000000 -g 100 -c 0.01) -e 10,ArffFileStream -f ./../../../Dataset/Synthetic_IM20/stream_gen_hyperplane.arff,1,23500.0,1.71875,1.3161398884322914E-9,23500.0,0.7933580536039553,0.38375362779720107,0.85,0.49710331509494676,0.8447701442811467,0.32275132275132273,0.6376389247737917,0.4098360655737705,0.27394438722966,23500.0,2960.0,10.0
meta.DynamicWeightedMajority -l (trees.HoeffdingTree -e 2000000 -g 100 -c 0.01) -e 10,ArffFileStream -f ./../../../Dataset/Synthetic_IM20/stream_gen_hyperplane.arff,1,24000.0,1.75,1.3400697045856058E-9,24000.0,0.8380673164788304,0.4860862365830207,0.9,0.6178305001834414,0.7933580536039553,0.24378109452736318,0.7186964033970559,0.5204081632653061,0.5154451847365233,24000.0,2960.0,10.0
meta.DynamicWeightedMajority -l (trees.HoeffdingTree -e 2000000 -g 100 -c 0.01) -e 10,ArffFileStream -f ./../../../Dataset/Synthetic_IM20/stream_gen_hyperplane.arff,1,24500.0,1.765625,1.352034612662263E-9,24500.0,0.7998957790515894,0.39373648321906857,0.884,0.546236895634486,0.8380673164788304,0.2531328320802005,0.6592053745603692,0.43564356435643564,0.43767313019390586,24500.0,2960.0,10.0
meta.DynamicWeightedMajority -l (trees.HoeffdingTree -e 2000000 -g 100 -c 0.01) -e 10,ArffFileStream -f ./../../../Dataset/Synthetic_IM20/stream_gen_hyperplane.arff,1,25000.0,1.796875,1.3759644288155774E-9,25000.0,0.824544137346565,0.3354408686548782,0.87,0.3999261447562778,0.7998957790515894,0.21654501216545013,0.5487771872206526,0.30337078651685395,0.36807310908030333,25000.0,2960.0,10.0
meta.DynamicWeightedMajority -l (trees.HoeffdingTree -e 2000000 -g 100 -c 0.01) -e 10,ArffFileStream -f ./../../../Dataset/Synthetic_IM20/stream_gen_hyperplane.arff,1,25500.0,1.828125,1.3998942449688918E-9,25500.0,0.8423749246534057,0.4130847550908116,0.874,0.5173153539687403,0.824544137346565,0.26582278481012656,0.639129908849347,0.4095238095238095,0.38776676829268303,25500.0,2960.0,10.0
meta.DynamicWeightedMajority -l (trees.HoeffdingTree -e 2000000 -g 100 -c 0.01) -e 10,ArffFileStream -f ./../../../Dataset/Synthetic_IM20/stream_gen_hyperplane.arff,1,26000.0,1.859375,1.4238240611222062E-9,26000.0,0.8466844024041777,0.41467334972990677,0.88,0.5357187074408813,0.8423749246534057,0.2562814070351759,0.6551372739878666,0.43137254901960786,0.4168224299065422,26000.0,2960.0,10.0
meta.DynamicWeightedMajority -l (trees.HoeffdingTree -e 2000000 -g 100 -c 0.01) -e 10,ArffFileStream -f ./../../../Dataset/Synthetic_IM20/stream_gen_hyperplane.arff,1,26500.0,1.890625,1.4477538772755206E-9,26500.0,0.8103341584158416,0.40496075165552425,0.878,0.4969321105759714,0.8466844024041777,0.2376237623762376,0.6268125532387572,0.3958333333333333,0.40635328681601185,26500.0,2960.0,10.0
meta.DynamicWeightedMajority -l (trees.HoeffdingTree -e 2000000 -g 100 -c 0.01) -e 10,ArffFileStream -f ./../../../Dataset/Synthetic_IM20/stream_gen_hyperplane.arff,1,27000.0,1.921875,1.471683693428835E-9,27000.0,0.8545348867929513,0.37514965909867426,0.88,0.4781701165420072,0.8103341584158416,0.2285012285012285,0.6038982852158857,0.3655913978494624,0.41505686947102377,27000.0,2960.0,10.0
meta.DynamicWeightedMajority -l (trees.HoeffdingTree -e 2000000 -g 100 -c 0.01) -e 10,ArffFileStream -f ./../../../Dataset/Synthetic_IM20/stream_gen_hyperplane.arff,1,27500.0,1.9375,1.4836486015054922E-9,27500.0,0.8127007747543462,0.3113133720951891,0.854,0.43911733972585887,0.8545348867929513,0.2755102040816326,0.5838190397732966,0.3425925925925926,0.28900301044802523,27500.0,2960.0,10.0
meta.DynamicWeightedMajority -l (trees.HoeffdingTree -e 2000000 -g 100 -c 0.01) -e 10,ArffFileStream -f ./../../../Dataset/Synthetic_IM20/stream_gen_hyperplane.arff,1,28000.0,1.96875,1.5075784176588066E-9,28000.0,0.7981096084713017,0.33044382449486087,0.86,0.42812326394562245,0.8127007747543462,0.2594458438287154,0.5660285765882878,0.32038834951456313,0.3182608695652175,28000.0,2960.0,10.0
meta.DynamicWeightedMajority -l (trees.HoeffdingTree -e 2000000 -g 100 -c 0.01) -e 10,ArffFileStream -f ./../../../Dataset/Synthetic_IM20/stream_gen_hyperplane.arff,1,28500.0,1.984375,1.5195433257354638E-9,28500.0,0.7247868978067235,0.30212507453556314,0.852,0.4161090771367251,0.7981096084713017,0.26903553299492383,0.564912843231797,0.32075471698113206,0.27971311475409844,28500.0,2960.0,10.0
meta.DynamicWeightedMajority -l (trees.HoeffdingTree -e 2000000 -g 100 -c 0.01) -e 10,ArffFileStream -f ./../../../Dataset/Synthetic_IM20/stream_gen_hyperplane.arff,1,29000.0,2.015625,1.5434731418887782E-9,29000.0,0.8080968568331856,0.35550540512539724,0.86,0.4430299172501589,0.7247868978067235,0.2562814070351759,0.5910956174498093,0.35294117647058826,0.3185632762672036,29000.0,2960.0,10.0
meta.DynamicWeightedMajority -l (trees.HoeffdingTree -e 2000000 -g 100 -c 0.01) -e 10,ArffFileStream -f ./../../../Dataset/Synthetic_IM20/stream_gen_hyperplane.arff,1,29500.0,2.046875,1.5674029580420926E-9,29500.0,0.7569105691056911,0.3225076046017753,0.872,0.44016794961511535,0.8080968568331856,0.21951219512195122,0.5919056542414807,0.35555555555555557,0.3756613756613758,29500.0,2960.0,10.0
meta.DynamicWeightedMajority -l (trees.HoeffdingTree -e 2000000 -g 100 -c 0.01) -e 10,ArffFileStream -f ./../../../Dataset/Synthetic_IM20/stream_gen_hyperplane.arff,1,30000.0,2.078125,1.591332774195407E-9,30000.0,0.7730969536990797,0.37530866981079475,0.868,0.5112124892614864,0.7569105691056911,0.272264631043257,0.6451978232665482,0.4205607476635514,0.3566206336311943,30000.0,2960.0,10.0
meta.DynamicWeightedMajority -l (trees.HoeffdingTree -e 2000000 -g 100 -c 0.01) -e 10,ArffFileStream -f ./../../../Dataset/Synthetic_IM20/stream_gen_hyperplane.arff,1,30500.0,2.09375,1.6032976822720642E-9,30500.0,0.8117750677506775,0.39231445056386405,0.89,0.5161857846586911,0.7730969536990797,0.21951219512195122,0.6316837739279856,0.4,0.4627702161729384,30500.0,2960.0,10.0
meta.DynamicWeightedMajority -l (trees.HoeffdingTree -e 2000000 -g 100 -c 0.01) -e 10,ArffFileStream -f ./../../../Dataset/Synthetic_IM20/stream_gen_hyperplane.arff,1,31000.0,2.125,1.6272274984253786E-9,31000.0,0.82151901972321,0.42189049773677684,0.89,0.5561939190497708,0.8117750677506775,0.24069478908188585,0.6649804295092439,0.44329896907216493,0.4623147272153897,31000.0,2960.0,10.0
meta.DynamicWeightedMajority -l (trees.HoeffdingTree -e 2000000 -g 100 -c 0.01) -e 10,ArffFileStream -f ./../../../Dataset/Synthetic_IM20/stream_gen_hyperplane.arff,1,31500.0,2.15625,1.651157314578693E-9,31500.0,0.763583465578478,0.2270943978197702,0.844,0.3090741593735604,0.82151901972321,0.24688279301745636,0.47081636769763247,0.2222222222222222,0.23707498835584523,31500.0,2960.0,10.0
meta.DynamicWeightedMajority -l (trees.HoeffdingTree -e 2000000 -g 100 -c 0.01) -e 10,ArffFileStream -f ./../../../Dataset/Synthetic_IM20/stream_gen_hyperplane.arff,1,32000.0,2.171875,1.6631222226553502E-9,32000.0,0.7769553185201107,0.27404466827667345,0.874,0.42768895348837216,0.763583465578478,0.22249388753056235,0.5638281180936283,0.31868131868131866,0.38273116962645437,32000.0,2960.0,10.0
meta.DynamicWeightedMajority -l (trees.HoeffdingTree -e 2000000 -g 100 -c 0.01) -e 10,ArffFileStream -f ./../../../Dataset/Synthetic_IM20/stream_gen_hyperplane.arff,1,32500.0,2.203125,1.6870520388086646E-9,32500.0,0.8096348096348096,0.38194741363885765,0.87,0.496561125224611,0.7769553185201107,0.26262626262626265,0.6262904316207495,0.3942307692307692,0.36332127787824,32500.0,2960.0,10.0
meta.DynamicWeightedMajority -l (trees.HoeffdingTree -e 2000000 -g 100 -c 0.01) -e 10,ArffFileStream -f ./../../../Dataset/Synthetic_IM20/stream_gen_hyperplane.arff,1,33000.0,2.234375,1.710981854961979E-9,33000.0,0.8118396965085247,0.40748017644199236,0.86,0.526451089162495,0.8096348096348096,0.3123359580052493,0.6584330213003258,0.4369747899159664,0.31606217616580307,33000.0,2960.0,10.0
meta.DynamicWeightedMajority -l (trees.HoeffdingTree -e 2000000 -g 100 -c 0.01) -e 10,ArffFileStream -f ./../../../Dataset/Synthetic_IM20/stream_gen_hyperplane.arff,1,33500.0,2.265625,1.7349116711152934E-9,33500.0,0.7506703202805033,0.31946922476848116,0.892,0.47729120687652443,0.8118396965085247,0.19331742243436753,0.6063980160555208,0.37037037037037035,0.470743124634289,33500.0,2960.0,10.0
meta.DynamicWeightedMajority -l (trees.HoeffdingTree -e 2000000 -g 100 -c 0.01) -e 10,ArffFileStream -f ./../../../Dataset/Synthetic_IM20/stream_gen_hyperplane.arff,1,34000.0,2.28125,1.7468765791919506E-9,34000.0,0.8211667800196478,0.3356028598509768,0.872,0.47259122523650965,0.7506703202805033,0.24688279301745636,0.6022703211904904,0.36363636363636365,0.3724585436193223,34000.0,2960.0,10.0
meta.DynamicWeightedMajority -l (trees.HoeffdingTree -e 2000000 -g 100 -c 0.01) -e 10,ArffFileStream -f ./../../../Dataset/Synthetic_IM20/stream_gen_hyperplane.arff,1,34500.0,2.3125,1.770806395345265E-9,34500.0,0.822714745593923,0.38945410020220167,0.862,0.5068328663731487,0.8211667800196478,0.2853470437017995,0.6465144723578193,0.42342342342342343,0.32429747374396806,34500.0,2960.0,10.0
meta.DynamicWeightedMajority -l (trees.HoeffdingTree -e 2000000 -g 100 -c 0.01) -e 10,ArffFileStream -f ./../../../Dataset/Synthetic_IM20/stream_gen_hyperplane.arff,1,35000.0,2.34375,1.7947362114985794E-9,35000.0,0.7813455283558729,0.3032379770546708,0.852,0.3954445933139437,0.822714745593923,0.2594458438287154,0.547224494811766,0.30097087378640774,0.27542313610295116,35000.0,2960.0,10.0
meta.DynamicWeightedMajority -l (trees.HoeffdingTree -e 2000000 -g 100 -c 0.01) -e 10,ArffFileStream -f ./../../../Dataset/Synthetic_IM20/stream_gen_hyperplane.arff,1,35500.0,2.375,1.8186660276518938E-9,35500.0,0.8199073955641963,0.41469448505755085,0.89,0.5561939190497708,0.7813455283558729,0.24069478908188585,0.6649804295092439,0.44329896907216493,0.4610819762627656,35500.0,2960.0,10.0
meta.DynamicWeightedMajority -l (trees.HoeffdingTree -e 2000000 -g 100 -c 0.01) -e 10,ArffFileStream -f ./../../../Dataset/Synthetic_IM20/stream_gen_hyperplane.arff,1,36000.0,2.40625,1.8425958438052081E-9,36000.0,0.8187778383783293,0.3373618539843459,0.846,0.435086277732128,0.8199073955641963,0.29533678756476683,0.5833804050767757,0.34210526315789475,0.24673913043478243,36000.0,2960.0,10.0
meta.DynamicWeightedMajority -l (trees.HoeffdingTree -e 2000000 -g 100 -c 0.01) -e 10,ArffFileStream -f ./../../../Dataset/Synthetic_IM20/stream_gen_hyperplane.arff,1,36500.0,2.421875,1.8545607518818653E-9,36500.0,0.8149373102017499,0.4555069610787642,0.908,0.5647072182898673,0.8187778383783293,0.1876484560570071,0.6726432644302914,0.45569620253164556,0.5485952412958733,36500.0,2960.0,10.0
meta.DynamicWeightedMajority -l (trees.HoeffdingTree -e 2000000 -g 100 -c 0.01) -e 10,ArffFileStream -f ./../../../Dataset/Synthetic_IM20/stream_gen_hyperplane.arff,1,37000.0,2.453125,1.8784905680351797E-9,37000.0,0.7653093900876934,0.26629978668713433,0.848,0.36539746158984615,0.8149373102017499,0.2562814070351759,0.5226187498269713,0.27450980392156865,0.2542103169340933,37000.0,2960.0,10.0
meta.DynamicWeightedMajority -l (trees.HoeffdingTree -e 2000000 -g 100 -c 0.01) -e 10,ArffFileStream -f ./../../../Dataset/Synthetic_IM20/stream_gen_hyperplane.arff,1,37500.0,2.484375,1.902420384188494E-9,37500.0,0.7758782617524622,0.3107668367537786,0.862,0.4094892509927424,0.7653093900876934,0.24378109452736318,0.5525947433248795,0.30612244897959184,0.322555308286425,37500.0,2960.0,10.0
meta.DynamicWeightedMajority -l (trees.HoeffdingTree -e 2000000 -g 100 -c 0.01) -e 10,ArffFileStream -f ./../../../Dataset/Synthetic_IM20/stream_gen_hyperplane.arff,1,38000.0,2.515625,1.9263502003418085E-9,38000.0,0.8165627362055934,0.39075959969525953,0.866,0.4896715617573579,0.7758782617524622,0.2755102040816326,0.6161409170227454,0.37962962962962965,0.3427133083774364,38000.0,2960.0,10.0
meta.DynamicWeightedMajority -l (trees.HoeffdingTree -e 2000000 -g 100 -c 0.01) -e 10,ArffFileStream -f ./../../../Dataset/Synthetic_IM20/stream_gen_hyperplane.arff,1,38500.0,2.53125,1.9383151084184657E-9,38500.0,0.7897290795265043,0.35097318538364053,0.886,0.4919061541752833,0.8165627362055934,0.21654501216545013,0.6165739872709218,0.38202247191011235,0.4398928024502298,38500.0,2960.0,10.0
meta.DynamicWeightedMajority -l (trees.HoeffdingTree -e 2000000 -g 100 -c 0.01) -e 10,ArffFileStream -f ./../../../Dataset/Synthetic_IM20/stream_gen_hyperplane.arff,1,39000.0,2.5625,1.96224492457178E-9,39000.0,0.8081011602862502,0.39807070189111393,0.862,0.49478678537956877,0.7897290795265043,0.2853470437017995,0.6279795925437608,0.3963963963963964,0.3227633069082674,39000.0,2960.0,10.0
meta.DynamicWeightedMajority -l (trees.HoeffdingTree -e 2000000 -g 100 -c 0.01) -e 10,ArffFileStream -f ./../../../Dataset/Synthetic_IM20/stream_gen_hyperplane.arff,1,39500.0,2.59375,1.9861747407250945E-9,39500.0,0.8110127744844284,0.37951929911519344,0.886,0.49005153163469795,0.8081011602862502,0.2106537530266344,0.6221089657591296,0.39080459770114945,0.43950709484690076,39500.0,2960.0,10.0
meta.DynamicWeightedMajority -l (trees.HoeffdingTree -e 2000000 -g 100 -c 0.01) -e 10,ArffFileStream -f ./../../../Dataset/Synthetic_IM20/stream_gen_hyperplane.arff,1,40000.0,2.609375,1.9981396488017517E-9,40000.0,0.8398141940427162,0.3824050589252102,0.874,0.5224378411158277,0.8110127744844284,0.26903553299492383,0.643460022604038,0.41509433962264153,0.3808353808353809,40000.0,2960.0,10.0
meta.DynamicWeightedMajority -l (trees.HoeffdingTree -e 2000000 -g 100 -c 0.01) -e 10,ArffFileStream -f ./../../../Dataset/Synthetic_IM20/stream_gen_hyperplane.arff,1,40500.0,2.640625,2.022069464955066E-9,40500.0,0.8250625,0.44284655112044646,0.888,0.5692307692307691,0.8398141940427162,0.25,0.6829897510211994,0.47,0.44951456310679605,40500.0,2960.0,10.0
meta.DynamicWeightedMajority -l (trees.HoeffdingTree -e 2000000 -g 100 -c 0.01) -e 10,ArffFileStream -f ./../../../Dataset/Synthetic_IM20/stream_gen_hyperplane.arff,1,41000.0,2.671875,2.0459992811083805E-9,41000.0,0.830500599153848,0.4136474149811191,0.878,0.535146009876242,0.8250625,0.2594458438287154,0.6584768362702872,0.4368932038834951,0.40045547165288253,41000.0,2960.0,10.0
meta.DynamicWeightedMajority -l (trees.HoeffdingTree -e 2000000 -g 100 -c 0.01) -e 10,ArffFileStream -f ./../../../Dataset/Synthetic_IM20/stream_gen_hyperplane.arff,1,41500.0,2.6875,2.0579641891850377E-9,41500.0,0.8378627207383086,0.4429697466345113,0.87,0.5610955056179774,0.830500599153848,0.3089005235602094,0.6809268476901368,0.4661016949152542,0.3623685143600049,41500.0,2960.0,10.0
meta.DynamicWeightedMajority -l (trees.HoeffdingTree -e 2000000 -g 100 -c 0.01) -e 10,ArffFileStream -f ./../../../Dataset/Synthetic_IM20/stream_gen_hyperplane.arff,1,42000.0,2.71875,2.081894005338352E-9,42000.0,0.7975614911098782,0.3785289287953596,0.894,0.5606472577757144,0.8378627207383086,0.2285012285012285,0.6703683130937252,0.45161290322580644,0.47954173486088386,42000.0,2960.0,10.0
meta.DynamicWeightedMajority -l (trees.HoeffdingTree -e 2000000 -g 100 -c 0.01) -e 10,ArffFileStream -f ./../../../Dataset/Synthetic_IM20/stream_gen_hyperplane.arff,1,42500.0,2.75,2.1058238214916665E-9,42500.0,0.8375275356766593,0.42947778265546255,0.88,0.5510594995809887,0.7975614911098782,0.26903553299492383,0.6650344767619654,0.44339622641509435,0.4110854503464204,42500.0,2960.0,10.0
meta.DynamicWeightedMajority -l (trees.HoeffdingTree -e 2000000 -g 100 -c 0.01) -e 10,ArffFileStream -f ./../../../Dataset/Synthetic_IM20/stream_gen_hyperplane.arff,1,43000.0,2.765625,2.1177887295683237E-9,43000.0,0.8280853399190505,0.38429579399039765,0.85,0.4530019254332222,0.8375275356766593,0.29198966408268734,0.6000160067380773,0.36283185840707965,0.2647896956571299,43000.0,2960.0,10.0
meta.DynamicWeightedMajority -l (trees.HoeffdingTree -e 2000000 -g 100 -c 0.01) -e 10,ArffFileStream -f ./../../../Dataset/Synthetic_IM20/stream_gen_hyperplane.arff,1,43500.0,2.796875,2.141718545721638E-9,43500.0,0.8322837850780577,0.4482949770724735,0.878,0.5569436374201046,0.8280853399190505,0.26903553299492383,0.682431019622113,0.4716981132075472,0.4022975560310846,43500.0,2960.0,10.0
meta.DynamicWeightedMajority -l (trees.HoeffdingTree -e 2000000 -g 100 -c 0.01) -e 10,ArffFileStream -f ./../../../Dataset/Synthetic_IM20/stream_gen_hyperplane.arff,1,44000.0,2.828125,2.1656483618749525E-9,44000.0,0.8307181571815718,0.3963363256822414,0.892,0.5328719723183393,0.8322837850780577,0.21951219512195122,0.6481995075792762,0.4222222222222222,0.4701750473854389,44000.0,2960.0,10.0
meta.DynamicWeightedMajority -l (trees.HoeffdingTree -e 2000000 -g 100 -c 0.01) -e 10,ArffFileStream -f ./../../../Dataset/Synthetic_IM20/stream_gen_hyperplane.arff,1,44500.0,2.84375,2.1776132699516097E-9,44500.0,0.8157888829022989,0.31946738458860263,0.83,0.37422698627716583,0.8307181571815718,0.3020833333333333,0.539271339481533,0.29310344827586204,0.167308750687947,44500.0,2960.0,10.0
meta.DynamicWeightedMajority -l (trees.HoeffdingTree -e 2000000 -g 100 -c 0.01) -e 10,ArffFileStream -f ./../../../Dataset/Synthetic_IM20/stream_gen_hyperplane.arff,1,45000.0,2.875,2.201543086104924E-9,45000.0,0.8692602040816326,0.45082766965481624,0.868,0.5279240100709544,0.8157888829022989,0.2755102040816326,0.6675341578165509,0.4537037037037037,0.35385619493092557,45000.0,2960.0,10.0
meta.DynamicWeightedMajority -l (trees.HoeffdingTree -e 2000000 -g 100 -c 0.01) -e 10,ArffFileStream -f ./../../../Dataset/Synthetic_IM20/stream_gen_hyperplane.arff,1,45500.0,2.90625,2.2254729022582385E-9,45500.0,0.8352675962261,0.3283023061139404,0.868,0.3843972689624297,0.8692602040816326,0.2106537530266344,0.5433530427023883,0.2988505747126437,0.352801724137931,45500.0,2960.0,10.0
meta.DynamicWeightedMajority -l (trees.HoeffdingTree -e 2000000 -g 100 -c 0.01) -e 10,ArffFileStream -f ./../../../Dataset/Synthetic_IM20/stream_gen_hyperplane.arff,1,46000.0,2.921875,2.2374378103348957E-9,46000.0,0.8351295961422543,0.376508289006621,0.858,0.4511440940012367,0.8352675962261,0.26582278481012656,0.598531455778524,0.3619047619047619,0.30399573787959494,46000.0,2960.0,10.0
meta.DynamicWeightedMajority -l (trees.HoeffdingTree -e 2000000 -g 100 -c 0.01) -e 10,ArffFileStream -f ./../../../Dataset/Synthetic_IM20/stream_gen_hyperplane.arff,1,46500.0,2.953125,2.26136762648821E-9,46500.0,0.8206871609403255,0.36160728040388096,0.862,0.47134538768004886,0.8351295961422543,0.26582278481012656,0.6140803166707783,0.38095238095238093,0.3238145416227608,46500.0,2960.0,10.0
meta.DynamicWeightedMajority -l (trees.HoeffdingTree -e 2000000 -g 100 -c 0.01) -e 10,ArffFileStream -f ./../../../Dataset/Synthetic_IM20/stream_gen_hyperplane.arff,1,47000.0,2.96875,2.2733325345648673E-9,47000.0,0.7919298245614035,0.37962609649122536,0.844,0.4580322401334073,0.8206871609403255,0.3157894736842105,0.6039344683864825,0.36666666666666664,0.23704474505723172,47000.0,2960.0,10.0
meta.DynamicWeightedMajority -l (trees.HoeffdingTree -e 2000000 -g 100 -c 0.01) -e 10,ArffFileStream -f ./../../../Dataset/Synthetic_IM20/stream_gen_hyperplane.arff,1,47500.0,2.984375,2.2852974426415245E-9,47500.0,0.8173875,0.3907056944444468,0.88,0.5207667731629391,0.7919298245614035,0.25,0.6395115323432409,0.41,0.4129763130792997,47500.0,2960.0,10.0
meta.DynamicWeightedMajority -l (trees.HoeffdingTree -e 2000000 -g 100 -c 0.01) -e 10,ArffFileStream -f ./../../../Dataset/Synthetic_IM20/stream_gen_hyperplane.arff,1,48000.0,3.015625,2.309227258794839E-9,48000.0,0.8280540296306865,0.34299374395592297,0.864,0.47873547358415336,0.8173875,0.272264631043257,0.6106394597539253,0.37383177570093457,0.33503106855454834,48000.0,2960.0,10.0
meta.DynamicWeightedMajority -l (trees.HoeffdingTree -e 2000000 -g 100 -c 0.01) -e 10,ArffFileStream -f ./../../../Dataset/Synthetic_IM20/stream_gen_hyperplane.arff,1,48500.0,3.03125,2.321192166871496E-9,48500.0,0.7344290464394903,0.24136897496896506,0.812,0.30140610600790746,0.8280540296306865,0.30548302872062666,0.4859958913684285,0.23931623931623933,0.0821421381115365,48500.0,2960.0,10.0
meta.DynamicWeightedMajority -l (trees.HoeffdingTree -e 2000000 -g 100 -c 0.01) -e 10,ArffFileStream -f ./../../../Dataset/Synthetic_IM20/stream_gen_hyperplane.arff,1,49000.0,3.0625,2.3451219830248105E-9,49000.0,0.8464255575647981,0.42031957002210124,0.88,0.5502923099985008,0.7344290464394903,0.26582278481012656,0.6673474522776593,0.44761904761904764,0.4142842912640702,49000.0,2960.0,10.0
meta.DynamicWeightedMajority -l (trees.HoeffdingTree -e 2000000 -g 100 -c 0.01) -e 10,ArffFileStream -f ./../../../Dataset/Synthetic_IM20/stream_gen_hyperplane.arff,1,49500.0,3.078125,2.3570868911014677E-9,49500.0,0.8014646156970251,0.3975737750250486,0.88,0.5190457868410925,0.8464255575647981,0.24378109452736318,0.6443952223275987,0.41836734693877553,0.4140278188813257,49500.0,2960.0,10.0
meta.DynamicWeightedMajority -l (trees.HoeffdingTree -e 2000000 -g 100 -c 0.01) -e 10,ArffFileStream -f ./../../../Dataset/Synthetic_IM20/stream_gen_hyperplane.arff,1,50000.0,3.109375,2.381016707254782E-9,50000.0,0.8034926422023196,0.37352258320000037,0.88,0.48380880278054994,0.8014646156970251,0.2285012285012285,0.6119597448635318,0.3763440860215054,0.41348973607038125,50000.0,2960.0,10.0
meta.DynamicWeightedMajority -l (trees.HoeffdingTree -e 2000000 -g 100 -c 0.01) -e 10,ArffFileStream -f ./../../../Dataset/Synthetic_IM20/stream_gen_hyperplane.arff,1,50500.0,3.125,2.3929816153314393E-9,50500.0,0.799287823519194,0.3352078778761629,0.86,0.42557032660429955,0.8034926422023196,0.2531328320802005,0.5701709528786856,0.32673267326732675,0.31565192140160664,50500.0,2960.0,10.0
meta.DynamicWeightedMajority -l (trees.HoeffdingTree -e 2000000 -g 100 -c 0.01) -e 10,ArffFileStream -f ./../../../Dataset/Synthetic_IM20/stream_gen_hyperplane.arff,1,51000.0,3.15625,2.4169114314847537E-9,51000.0,0.8454773869346733,0.4247047197244137,0.88,0.527052591751797,0.799287823519194,0.2562814070351759,0.6416889479197478,0.4117647058823529,0.4133997891306431,51000.0,2960.0,10.0
meta.DynamicWeightedMajority -l (trees.HoeffdingTree -e 2000000 -g 100 -c 0.01) -e 10,ArffFileStream -f ./../../../Dataset/Synthetic_IM20/stream_gen_hyperplane.arff,1,51500.0,3.1875,2.440841247638068E-9,51500.0,0.8284770784770785,0.3487003843488561,0.866,0.46659448442774343,0.8454773869346733,0.26262626262626265,0.596463939202724,0.3557692307692308,0.3450697541994876,51500.0,2960.0,10.0
meta.DynamicWeightedMajority -l (trees.HoeffdingTree -e 2000000 -g 100 -c 0.01) -e 10,ArffFileStream -f ./../../../Dataset/Synthetic_IM20/stream_gen_hyperplane.arff,1,52000.0,3.203125,2.4528061557147253E-9,52000.0,0.8709053463582979,0.41787781519517436,0.9,0.5552709289500836,0.8284770784770785,0.2106537530266344,0.6600939528631902,0.4367816091954023,0.5105421686746989,52000.0,2960.0,10.0
meta.DynamicWeightedMajority -l (trees.HoeffdingTree -e 2000000 -g 100 -c 0.01) -e 10,ArffFileStream -f ./../../../Dataset/Synthetic_IM20/stream_gen_hyperplane.arff,1,52500.0,3.234375,2.4767359718680397E-9,52500.0,0.7923951048951049,0.3537334236766359,0.868,0.48178391959798983,0.8709053463582979,0.26262626262626265,0.6115987494289293,0.375,0.3540268456375839,52500.0,2960.0,10.0
meta.DynamicWeightedMajority -l (trees.HoeffdingTree -e 2000000 -g 100 -c 0.01) -e 10,ArffFileStream -f ./../../../Dataset/Synthetic_IM20/stream_gen_hyperplane.arff,1,53000.0,3.265625,2.500665788021354E-9,53000.0,0.7646541142685102,0.2726934843990046,0.824,0.3137652453289247,0.7923951048951049,0.2853470437017995,0.49065469260409417,0.24324324324324326,0.13940400405941494,53000.0,2960.0,10.0
meta.DynamicWeightedMajority -l (trees.HoeffdingTree -e 2000000 -g 100 -c 0.01) -e 10,ArffFileStream -f ./../../../Dataset/Synthetic_IM20/stream_gen_hyperplane.arff,1,53500.0,3.28125,2.5126306960980113E-9,53500.0,0.8190536577633352,0.37509924808648026,0.88,0.4947283322666486,0.7646541142685102,0.2285012285012285,0.6276459144608478,0.3978494623655914,0.4127332601536773,53500.0,2960.0,10.0
meta.DynamicWeightedMajority -l (trees.HoeffdingTree -e 2000000 -g 100 -c 0.01) -e 10,ArffFileStream -f ./../../../Dataset/Synthetic_IM20/stream_gen_hyperplane.arff,1,54000.0,3.3125,2.5365605122513257E-9,54000.0,0.787272629570918,0.34165735676106923,0.882,0.470148717580286,0.8190536577633352,0.22249388753056235,0.5929994533288809,0.3516483516483517,0.42193595210015433,54000.0,2960.0,10.0
meta.DynamicWeightedMajority -l (trees.HoeffdingTree -e 2000000 -g 100 -c 0.01) -e 10,ArffFileStream -f ./../../../Dataset/Synthetic_IM20/stream_gen_hyperplane.arff,1,54500.0,3.328125,2.548525420327983E-9,54500.0,0.7798416860916861,0.37434467756208567,0.866,0.4857230580288609,0.787272629570918,0.26262626262626265,0.6246988396408627,0.3942307692307692,0.34366855396782603,54500.0,2960.0,10.0
meta.DynamicWeightedMajority -l (trees.HoeffdingTree -e 2000000 -g 100 -c 0.01) -e 10,ArffFileStream -f ./../../../Dataset/Synthetic_IM20/stream_gen_hyperplane.arff,1,55000.0,3.359375,2.5724552364812973E-9,55000.0,0.8226672578579171,0.4117222904861381,0.882,0.5455385753019473,0.7798416860916861,0.2562814070351759,0.6625401900257445,0.4411764705882353,0.42203223795529426,55000.0,2960.0,10.0
meta.DynamicWeightedMajority -l (trees.HoeffdingTree -e 2000000 -g 100 -c 0.01) -e 10,ArffFileStream -f ./../../../Dataset/Synthetic_IM20/stream_gen_hyperplane.arff,1,55500.0,3.375,2.5844201445579545E-9,55500.0,0.791371071041482,0.33982487138244966,0.862,0.4377444589308995,0.8226672578579171,0.2562814070351759,0.5766244986083316,0.3333333333333333,0.3240667196187451,55500.0,2960.0,10.0
meta.DynamicWeightedMajority -l (trees.HoeffdingTree -e 2000000 -g 100 -c 0.01) -e 10,ArffFileStream -f ./../../../Dataset/Synthetic_IM20/stream_gen_hyperplane.arff,1,56000.0,3.40625,2.608349960711269E-9,56000.0,0.8155145434462445,0.4098777115549819,0.862,0.5037684828260744,0.791371071041482,0.28865979381443296,0.6383875467095317,0.4107142857142857,0.3246526260595997,56000.0,2960.0,10.0
meta.DynamicWeightedMajority -l (trees.HoeffdingTree -e 2000000 -g 100 -c 0.01) -e 10,ArffFileStream -f ./../../../Dataset/Synthetic_IM20/stream_gen_hyperplane.arff,1,56500.0,3.4375,2.6322797768645832E-9,56500.0,0.7284368971469185,0.26240646784885135,0.854,0.3752567438039159,0.8155145434462445,0.24378109452736318,0.5325242619376499,0.2857142857142857,0.2852439130058052,56500.0,2960.0,10.0
meta.DynamicWeightedMajority -l (trees.HoeffdingTree -e 2000000 -g 100 -c 0.01) -e 10,ArffFileStream -f ./../../../Dataset/Synthetic_IM20/stream_gen_hyperplane.arff,1,57000.0,3.453125,2.6442446849412404E-9,57000.0,0.7753092017431169,0.35719267284294326,0.874,0.4983117793208892,0.7284368971469185,0.24688279301745636,0.6324634976190717,0.40404040404040403,0.38298969072164957,57000.0,2960.0,10.0
meta.DynamicWeightedMajority -l (trees.HoeffdingTree -e 2000000 -g 100 -c 0.01) -e 10,ArffFileStream -f ./../../../Dataset/Synthetic_IM20/stream_gen_hyperplane.arff,1,57500.0,3.484375,2.668174501094555E-9,57500.0,0.7976190476190477,0.32968358834563377,0.862,0.4155712156118715,0.7753092017431169,0.24378109452736318,0.5610283119222712,0.3163265306122449,0.3239904583404327,57500.0,2960.0,10.0
meta.DynamicWeightedMajority -l (trees.HoeffdingTree -e 2000000 -g 100 -c 0.01) -e 10,ArffFileStream -f ./../../../Dataset/Synthetic_IM20/stream_gen_hyperplane.arff,1,58000.0,3.5,2.680139409171212E-9,58000.0,0.8289648705815652,0.3692051589865668,0.844,0.4630022306061189,0.7976190476190477,0.31926121372031663,0.6082255248701394,0.371900826446281,0.23703516316721457,58000.0,2960.0,10.0
meta.DynamicWeightedMajority -l (trees.HoeffdingTree -e 2000000 -g 100 -c 0.01) -e 10,ArffFileStream -f ./../../../Dataset/Synthetic_IM20/stream_gen_hyperplane.arff,1,58500.0,3.53125,2.7040692253245264E-9,58500.0,0.8175882223472157,0.3945238680931294,0.878,0.5223029695526875,0.8289648705815652,0.2594458438287154,0.6385663554332174,0.4077669902912621,0.40336064203310495,58500.0,2960.0,10.0
meta.DynamicWeightedMajority -l (trees.HoeffdingTree -e 2000000 -g 100 -c 0.01) -e 10,ArffFileStream -f ./../../../Dataset/Synthetic_IM20/stream_gen_hyperplane.arff,1,59000.0,3.546875,2.7160341334011836E-9,59000.0,0.7909747794066561,0.3789358502612688,0.858,0.4801429240862229,0.8175882223472157,0.2853470437017995,0.619999858055236,0.38738738738738737,0.3060548330986498,59000.0,2960.0,10.0
meta.DynamicWeightedMajority -l (trees.HoeffdingTree -e 2000000 -g 100 -c 0.01) -e 10,ArffFileStream -f ./../../../Dataset/Synthetic_IM20/stream_gen_hyperplane.arff,1,59500.0,3.578125,2.739963949554498E-9,59500.0,0.8260130591083612,0.40912040724031984,0.88,0.540708533635445,0.7909747794066561,0.2594458438287154,0.6593119372225735,0.4368932038834951,0.41360052562417865,59500.0,2960.0,10.0
meta.DynamicWeightedMajority -l (trees.HoeffdingTree -e 2000000 -g 100 -c 0.01) -e 10,ArffFileStream -f ./../../../Dataset/Synthetic_IM20/stream_gen_hyperplane.arff,1,60000.0,3.59375,2.7519288576311552E-9,60000.0,0.8148003228094202,0.4113378748080982,0.874,0.5199048954459549,0.8260130591083612,0.2594458438287154,0.6502925037375156,0.42718446601941745,0.38431468360615684,60000.0,2960.0,10.0
meta.DynamicWeightedMajority -l (trees.HoeffdingTree -e 2000000 -g 100 -c 0.01) -e 10,ArffFileStream -f ./../../../Dataset/Synthetic_IM20/stream_gen_hyperplane.arff,1,60500.0,3.625,2.7758586737844696E-9,60500.0,0.7867955932472062,0.3839801086785947,0.888,0.5284131101155387,0.8148003228094202,0.2285012285012285,0.6459830701895727,0.41935483870967744,0.45231167151632734,60500.0,2960.0,10.0
meta.DynamicWeightedMajority -l (trees.HoeffdingTree -e 2000000 -g 100 -c 0.01) -e 10,ArffFileStream -f ./../../../Dataset/Synthetic_IM20/stream_gen_hyperplane.arff,1,61000.0,3.65625,2.799788489937784E-9,61000.0,0.7932748329409527,0.40478937832984097,0.876,0.5408359747607903,0.7867955932472062,0.272264631043257,0.6610725796775505,0.4392523364485981,0.3938616876352271,61000.0,2960.0,10.0
meta.DynamicWeightedMajority -l (trees.HoeffdingTree -e 2000000 -g 100 -c 0.01) -e 10,ArffFileStream -f ./../../../Dataset/Synthetic_IM20/stream_gen_hyperplane.arff,1,61500.0,3.671875,2.8117533980144412E-9,61500.0,0.8459370764072198,0.3935645604940007,0.872,0.5136630292714064,0.7932748329409527,0.272264631043257,0.6339315096116493,0.40186915887850466,0.3745431431749564,61500.0,2960.0,10.0
meta.DynamicWeightedMajority -l (trees.HoeffdingTree -e 2000000 -g 100 -c 0.01) -e 10,ArffFileStream -f ./../../../Dataset/Synthetic_IM20/stream_gen_hyperplane.arff,1,62000.0,3.703125,2.8356832141677556E-9,62000.0,0.8298375568551007,0.405486624589681,0.89,0.5502126267582598,0.8459370764072198,0.2345679012345679,0.6632661813257542,0.4421052631578947,0.46218752464316704,62000.0,2960.0,10.0
meta.DynamicWeightedMajority -l (trees.HoeffdingTree -e 2000000 -g 100 -c 0.01) -e 10,ArffFileStream -f ./../../../Dataset/Synthetic_IM20/stream_gen_hyperplane.arff,1,62500.0,3.71875,2.847648122244413E-9,62500.0,0.804511188794559,0.4038344789456113,0.864,0.500631554210851,0.8298375568551007,0.272264631043257,0.64353707965436,0.4205607476635514,0.3353143572098843,62500.0,2960.0,10.0
meta.DynamicWeightedMajority -l (trees.HoeffdingTree -e 2000000 -g 100 -c 0.01) -e 10,ArffFileStream -f ./../../../Dataset/Synthetic_IM20/stream_gen_hyperplane.arff,1,63000.0,3.75,2.8715779383977272E-9,63000.0,0.8101025132275133,0.39152375345891516,0.87,0.5174318465284788,0.804511188794559,0.2755102040816326,0.643848442047141,0.4166666666666667,0.3649193548387097,63000.0,2960.0,10.0
meta.DynamicWeightedMajority -l (trees.HoeffdingTree -e 2000000 -g 100 -c 0.01) -e 10,ArffFileStream -f ./../../../Dataset/Synthetic_IM20/stream_gen_hyperplane.arff,1,63500.0,3.765625,2.8835428464743844E-9,63500.0,0.8269014717447478,0.36042644918114813,0.884,0.44427410700597925,0.8101025132275133,0.20772946859903382,0.5705974021574557,0.32558139534883723,0.4325989832075182,63500.0,2960.0,10.0
meta.DynamicWeightedMajority -l (trees.HoeffdingTree -e 2000000 -g 100 -c 0.01) -e 10,ArffFileStream -f ./../../../Dataset/Synthetic_IM20/stream_gen_hyperplane.arff,1,64000.0,3.796875,2.907472662627699E-9,64000.0,0.8298814229249012,0.390472144812879,0.86,0.5013534691551502,0.8269014717447478,0.2987012987012987,0.6316336271613783,0.4,0.31587386424371994,64000.0,2960.0,10.0
meta.DynamicWeightedMajority -l (trees.HoeffdingTree -e 2000000 -g 100 -c 0.01) -e 10,ArffFileStream -f ./../../../Dataset/Synthetic_IM20/stream_gen_hyperplane.arff,1,64500.0,3.828125,2.9314024787810132E-9,64500.0,0.8043534762833009,0.3483419041430737,0.872,0.45158526135389876,0.8298814229249012,0.2345679012345679,0.5879226321910861,0.3473684210526316,0.3741661613098846,64500.0,2960.0,10.0
meta.DynamicWeightedMajority -l (trees.HoeffdingTree -e 2000000 -g 100 -c 0.01) -e 10,ArffFileStream -f ./../../../Dataset/Synthetic_IM20/stream_gen_hyperplane.arff,1,65000.0,3.84375,2.9433673868576704E-9,65000.0,0.8111193426724138,0.3738520124013131,0.854,0.48297353957731304,0.8043534762833009,0.3020833333333333,0.6212169994010367,0.3879310344827586,0.2868951006913134,65000.0,2960.0,10.0
meta.DynamicWeightedMajority -l (trees.HoeffdingTree -e 2000000 -g 100 -c 0.01) -e 10,ArffFileStream -f ./../../../Dataset/Synthetic_IM20/stream_gen_hyperplane.arff,1,65500.0,3.875,2.967297203010985E-9,65500.0,0.817531179138322,0.34529701541110125,0.848,0.4030413472414222,0.8111193426724138,0.2755102040816326,0.5520652833655687,0.3055555555555556,0.257901013714967,65500.0,2960.0,10.0
meta.DynamicWeightedMajority -l (trees.HoeffdingTree -e 2000000 -g 100 -c 0.01) -e 10,ArffFileStream -f ./../../../Dataset/Synthetic_IM20/stream_gen_hyperplane.arff,1,66000.0,3.90625,2.991227019164299E-9,66000.0,0.8129120814660128,0.3751688293752498,0.858,0.46491016519956574,0.817531179138322,0.27877237851662406,0.6042312305689255,0.3669724770642202,0.3070609981515712,66000.0,2960.0,10.0
meta.DynamicWeightedMajority -l (trees.HoeffdingTree -e 2000000 -g 100 -c 0.01) -e 10,ArffFileStream -f ./../../../Dataset/Synthetic_IM20/stream_gen_hyperplane.arff,1,66500.0,3.921875,3.0031919272409564E-9,66500.0,0.8328005198180637,0.4290648517604464,0.886,0.5290812954395241,0.8129120814660128,0.2345679012345679,0.6472815147400985,0.42105263157894735,0.4433920704845816,66500.0,2960.0,10.0
meta.DynamicWeightedMajority -l (trees.HoeffdingTree -e 2000000 -g 100 -c 0.01) -e 10,ArffFileStream -f ./../../../Dataset/Synthetic_IM20/stream_gen_hyperplane.arff,1,67000.0,3.953125,3.027121743394271E-9,67000.0,0.8020226301476302,0.34874553045688717,0.872,0.4974874371859295,0.8328005198180637,0.26262626262626265,0.6201736729460423,0.38461538461538464,0.37510929758088035,67000.0,2960.0,10.0
meta.DynamicWeightedMajority -l (trees.HoeffdingTree -e 2000000 -g 100 -c 0.01) -e 10,ArffFileStream -f ./../../../Dataset/Synthetic_IM20/stream_gen_hyperplane.arff,1,67500.0,3.96875,3.039086651470928E-9,67500.0,0.8499155295646523,0.3822055137844595,0.868,0.4344473007712081,0.8020226301476302,0.2345679012345679,0.5782274453513123,0.3368421052631579,0.3552355452637674,67500.0,2960.0,10.0
meta.DynamicWeightedMajority -l (trees.HoeffdingTree -e 2000000 -g 100 -c 0.01) -e 10,ArffFileStream -f ./../../../Dataset/Synthetic_IM20/stream_gen_hyperplane.arff,1,68000.0,4.0,3.0630164676242424E-9,68000.0,0.7714076092652762,0.3597749284049678,0.88,0.5008651670437905,0.8499155295646523,0.2315270935960591,0.6326709319407984,0.40425531914893614,0.4134981671817725,68000.0,2960.0,10.0
meta.DynamicWeightedMajority -l (trees.HoeffdingTree -e 2000000 -g 100 -c 0.01) -e 10,ArffFileStream -f ./../../../Dataset/Synthetic_IM20/stream_gen_hyperplane.arff,1,68500.0,4.03125,3.0869462837775568E-9,68500.0,0.8722144522144523,0.43527142465377877,0.868,0.5255894192064403,0.7714076092652762,0.28205128205128205,0.6571819473236554,0.43636363636363634,0.3552021678670753,68500.0,2960.0,10.0
meta.DynamicWeightedMajority -l (trees.HoeffdingTree -e 2000000 -g 100 -c 0.01) -e 10,ArffFileStream -f ./../../../Dataset/Synthetic_IM20/stream_gen_hyperplane.arff,1,69000.0,4.046875,3.098911191854214E-9,69000.0,0.7773272620296232,0.4078483758939105,0.88,0.5229159377882381,0.8722144522144523,0.24069478908188585,0.6539247741075453,0.4329896907216495,0.41359773371104813,69000.0,2960.0,10.0
meta.DynamicWeightedMajority -l (trees.HoeffdingTree -e 2000000 -g 100 -c 0.01) -e 10,ArffFileStream -f ./../../../Dataset/Synthetic_IM20/stream_gen_hyperplane.arff,1,69500.0,4.078125,3.1228410080075284E-9,69500.0,0.7783531322976952,0.3079760905191246,0.862,0.4094892509927424,0.7773272620296232,0.24378109452736318,0.5525947433248795,0.30612244897959184,0.3254325502883667,69500.0,2960.0,10.0
meta.DynamicWeightedMajority -l (trees.HoeffdingTree -e 2000000 -g 100 -c 0.01) -e 10,ArffFileStream -f ./../../../Dataset/Synthetic_IM20/stream_gen_hyperplane.arff,1,70000.0,4.09375,3.1348059160841856E-9,70000.0,0.809225,0.36890611213235475,0.868,0.45723684210526305,0.7783531322976952,0.25,0.5908680055646947,0.35,0.35465847185361077,70000.0,2960.0,10.0
meta.DynamicWeightedMajority -l (trees.HoeffdingTree -e 2000000 -g 100 -c 0.01) -e 10,ArffFileStream -f ./../../../Dataset/Synthetic_IM20/stream_gen_hyperplane.arff,1,70500.0,4.125,3.1587357322375E-9,70500.0,0.8072621476611501,0.3589604139113181,0.874,0.4983117793208892,0.809225,0.24688279301745636,0.6324634976190717,0.40404040404040403,0.38385239647638214,70500.0,2960.0,10.0
meta.DynamicWeightedMajority -l (trees.HoeffdingTree -e 2000000 -g 100 -c 0.01) -e 10,ArffFileStream -f ./../../../Dataset/Synthetic_IM20/stream_gen_hyperplane.arff,1,71000.0,4.15625,3.1826655483908144E-9,71000.0,0.8015074723846654,0.3425102676796023,0.886,0.5242070116861435,0.8072621476611501,0.2345679012345679,0.6399317702421893,0.4105263157894737,0.4422546857772878,71000.0,2960.0,10.0
meta.DynamicWeightedMajority -l (trees.HoeffdingTree -e 2000000 -g 100 -c 0.01) -e 10,ArffFileStream -f ./../../../Dataset/Synthetic_IM20/stream_gen_hyperplane.arff,1,71500.0,4.171875,3.1946304564674716E-9,71500.0,0.8223941276115189,0.4083779333477085,0.852,0.48084748140872713,0.8015074723846654,0.2987012987012987,0.628335256694382,0.4,0.27654337868325696,71500.0,2960.0,10.0
meta.DynamicWeightedMajority -l (trees.HoeffdingTree -e 2000000 -g 100 -c 0.01) -e 10,ArffFileStream -f ./../../../Dataset/Synthetic_IM20/stream_gen_hyperplane.arff,1,72000.0,4.203125,3.218560272620786E-9,72000.0,0.8082069925742574,0.3200448364090239,0.854,0.35888428300428554,0.8223941276115189,0.2376237623762376,0.5184806599280941,0.2708333333333333,0.2860150784486858,72000.0,2960.0,10.0
meta.DynamicWeightedMajority -l (trees.HoeffdingTree -e 2000000 -g 100 -c 0.01) -e 10,ArffFileStream -f ./../../../Dataset/Synthetic_IM20/stream_gen_hyperplane.arff,1,72500.0,4.21875,3.230525180697443E-9,72500.0,0.8120735614193832,0.393268385199308,0.878,0.5223029695526875,0.8082069925742574,0.2594458438287154,0.6385663554332174,0.4077669902912621,0.40341292324295164,72500.0,2960.0,10.0
meta.DynamicWeightedMajority -l (trees.HoeffdingTree -e 2000000 -g 100 -c 0.01) -e 10,ArffFileStream -f ./../../../Dataset/Synthetic_IM20/stream_gen_hyperplane.arff,1,73000.0,4.25,3.2544549968507576E-9,73000.0,0.7951865632533277,0.3727241290401194,0.878,0.48989831415573976,0.8120735614193832,0.2315270935960591,0.6242908144983187,0.39361702127659576,0.40308310991957114,73000.0,2960.0,10.0
meta.DynamicWeightedMajority -l (trees.HoeffdingTree -e 2000000 -g 100 -c 0.01) -e 10,ArffFileStream -f ./../../../Dataset/Synthetic_IM20/stream_gen_hyperplane.arff,1,73500.0,4.28125,3.278384813004072E-9,73500.0,0.7864800236438378,0.26626909302865526,0.858,0.33185274410901194,0.7951865632533277,0.22249388753056235,0.49048552462534856,0.24175824175824176,0.3047098794217572,73500.0,2960.0,10.0
meta.DynamicWeightedMajority -l (trees.HoeffdingTree -e 2000000 -g 100 -c 0.01) -e 10,ArffFileStream -f ./../../../Dataset/Synthetic_IM20/stream_gen_hyperplane.arff,1,74000.0,4.296875,3.290349721080729E-9,74000.0,0.804327485380117,0.3321489076225895,0.876,0.46872322193658944,0.7864800236438378,0.2345679012345679,0.5975040134876528,0.35789473684210527,0.3925592479809348,74000.0,2960.0,10.0
meta.DynamicWeightedMajority -l (trees.HoeffdingTree -e 2000000 -g 100 -c 0.01) -e 10,ArffFileStream -f ./../../../Dataset/Synthetic_IM20/stream_gen_hyperplane.arff,1,74500.0,4.328125,3.3142795372340436E-9,74500.0,0.8413144152133215,0.3799614581948502,0.868,0.4748567791215784,0.804327485380117,0.2562814070351759,0.6088324186355988,0.37254901960784315,0.3533666491320358,74500.0,2960.0,10.0
meta.DynamicWeightedMajority -l (trees.HoeffdingTree -e 2000000 -g 100 -c 0.01) -e 10,ArffFileStream -f ./../../../Dataset/Synthetic_IM20/stream_gen_hyperplane.arff,1,75000.0,4.34375,3.3262444453107008E-9,75000.0,0.7805760916835077,0.31553014476193514,0.86,0.3964060290414925,0.8413144152133215,0.24069478908188585,0.5454221802285104,0.29896907216494845,0.313949689643907,75000.0,2960.0,10.0
meta.DynamicWeightedMajority -l (trees.HoeffdingTree -e 2000000 -g 100 -c 0.01) -e 10,ArffFileStream -f ./../../../Dataset/Synthetic_IM20/stream_gen_hyperplane.arff,1,75500.0,4.375,3.350174261464015E-9,75500.0,0.8093692416725726,0.30192740469042534,0.876,0.38111399480934316,0.7805760916835077,0.20481927710843373,0.5201809639866857,0.27058823529411763,0.3916829109811565,75500.0,2960.0,10.0
meta.DynamicWeightedMajority -l (trees.HoeffdingTree -e 2000000 -g 100 -c 0.01) -e 10,ArffFileStream -f ./../../../Dataset/Synthetic_IM20/stream_gen_hyperplane.arff,1,76000.0,4.390625,3.3621391695406724E-9,76000.0,0.7529780321782178,0.27389449613064576,0.86,0.3750892729610055,0.8093692416725726,0.2376237623762376,0.5204164998665332,0.2708333333333333,0.31292780576004137,76000.0,2960.0,10.0
meta.DynamicWeightedMajority -l (trees.HoeffdingTree -e 2000000 -g 100 -c 0.01) -e 10,ArffFileStream -f ./../../../Dataset/Synthetic_IM20/stream_gen_hyperplane.arff,1,76500.0,4.421875,3.3860689856939867E-9,76500.0,0.8148557703740695,0.32719879290791837,0.864,0.47412379744486,0.7529780321782178,0.272264631043257,0.6037267439068864,0.3644859813084112,0.3327775283781183,76500.0,2960.0,10.0
meta.DynamicWeightedMajority -l (trees.HoeffdingTree -e 2000000 -g 100 -c 0.01) -e 10,ArffFileStream -f ./../../../Dataset/Synthetic_IM20/stream_gen_hyperplane.arff,1,77000.0,4.453125,3.409998801847301E-9,77000.0,0.7791869000564653,0.32929766988852,0.842,0.4170602125147577,0.8148557703740695,0.2987012987012987,0.5664834016824369,0.3217391304347826,0.22549019607843107,77000.0,2960.0,10.0
meta.DynamicWeightedMajority -l (trees.HoeffdingTree -e 2000000 -g 100 -c 0.01) -e 10,ArffFileStream -f ./../../../Dataset/Synthetic_IM20/stream_gen_hyperplane.arff,1,77500.0,4.46875,3.4219637099239583E-9,77500.0,0.8142013261000602,0.41044203741250207,0.882,0.567194835680751,0.7791869000564653,0.26582278481012656,0.6865626658602288,0.47619047619047616,0.42167836590147345,77500.0,2960.0,10.0
meta.DynamicWeightedMajority -l (trees.HoeffdingTree -e 2000000 -g 100 -c 0.01) -e 10,ArffFileStream -f ./../../../Dataset/Synthetic_IM20/stream_gen_hyperplane.arff,1,78000.0,4.5,3.4458935260772727E-9,78000.0,0.7666926575698505,0.30688312852406635,0.86,0.39372943010566397,0.8142013261000602,0.2345679012345679,0.5497710551906185,0.30526315789473685,0.3135529293437263,78000.0,2960.0,10.0
meta.DynamicWeightedMajority -l (trees.HoeffdingTree -e 2000000 -g 100 -c 0.01) -e 10,ArffFileStream -f ./../../../Dataset/Synthetic_IM20/stream_gen_hyperplane.arff,1,78500.0,4.53125,3.469823342230587E-9,78500.0,0.8013364723787781,0.31416481926267964,0.834,0.34360369479944286,0.7666926575698505,0.272264631043257,0.5172812035279657,0.27102803738317754,0.18632532001248833,78500.0,2960.0,10.0
meta.DynamicWeightedMajority -l (trees.HoeffdingTree -e 2000000 -g 100 -c 0.01) -e 10,ArffFileStream -f ./../../../Dataset/Synthetic_IM20/stream_gen_hyperplane.arff,1,79000.0,4.546875,3.4817882503072443E-9,79000.0,0.818038902836763,0.36028326632176183,0.848,0.41479040256260163,0.8013364723787781,0.27877237851662406,0.5652065617944322,0.3211009174311927,0.25527164475316266,79000.0,2960.0,10.0
meta.DynamicWeightedMajority -l (trees.HoeffdingTree -e 2000000 -g 100 -c 0.01) -e 10,ArffFileStream -f ./../../../Dataset/Synthetic_IM20/stream_gen_hyperplane.arff,1,79500.0,4.5625,3.4937531583839015E-9,79500.0,0.7814345991561181,0.37692892285355756,0.872,0.5161046423710872,0.818038902836763,0.26582278481012656,0.644875940707167,0.41904761904761906,0.3729743052560232,79500.0,2960.0,10.0
meta.DynamicWeightedMajority -l (trees.HoeffdingTree -e 2000000 -g 100 -c 0.01) -e 10,ArffFileStream -f ./../../../Dataset/Synthetic_IM20/stream_gen_hyperplane.arff,1,80000.0,4.578125,3.5057180664605587E-9,80000.0,0.8216453814957556,0.44722030720097167,0.898,0.6052631578947367,0.7814345991561181,0.24688279301745636,0.7026487080555721,0.494949494949495,0.5002449779519843,80000.0,2960.0,10.0
meta.DynamicWeightedMajority -l (trees.HoeffdingTree -e 2000000 -g 100 -c 0.01) -e 10,ArffFileStream -f ./../../../Dataset/Synthetic_IM20/stream_gen_hyperplane.arff,1,80500.0,4.59375,3.517682974537216E-9,80500.0,0.8247377938517179,0.43953587071637995,0.882,0.5634803196211897,0.8216453814957556,0.26582278481012656,0.6805309418896384,0.4666666666666667,0.42195582060488057,80500.0,2960.0,10.0
meta.DynamicWeightedMajority -l (trees.HoeffdingTree -e 2000000 -g 100 -c 0.01) -e 10,ArffFileStream -f ./../../../Dataset/Synthetic_IM20/stream_gen_hyperplane.arff,1,81000.0,4.625,3.5416127906905303E-9,81000.0,0.7846031112883926,0.321743655579504,0.846,0.4096540726202155,0.8247377938517179,0.27877237851662406,0.5644796077163714,0.3211009174311927,0.24591947769314448,81000.0,2960.0,10.0
meta.DynamicWeightedMajority -l (trees.HoeffdingTree -e 2000000 -g 100 -c 0.01) -e 10,ArffFileStream -f ./../../../Dataset/Synthetic_IM20/stream_gen_hyperplane.arff,1,81500.0,4.65625,3.5655426068438447E-9,81500.0,0.7630833905284832,0.2940178564950738,0.832,0.4213600793563319,0.7846031112883926,0.32978723404255317,0.5742523712283293,0.33064516129032256,0.17844713788551533,81500.0,2960.0,10.0
meta.DynamicWeightedMajority -l (trees.HoeffdingTree -e 2000000 -g 100 -c 0.01) -e 10,ArffFileStream -f ./../../../Dataset/Synthetic_IM20/stream_gen_hyperplane.arff,1,82000.0,4.671875,3.577507514920502E-9,82000.0,0.8265114739629302,0.32392873552124124,0.876,0.4229337304542072,0.7630833905284832,0.21359223300970873,0.5627052925367743,0.3181818181818182,0.39310015518682095,82000.0,2960.0,10.0
meta.DynamicWeightedMajority -l (trees.HoeffdingTree -e 2000000 -g 100 -c 0.01) -e 10,ArffFileStream -f ./../../../Dataset/Synthetic_IM20/stream_gen_hyperplane.arff,1,82500.0,4.703125,3.6014373310738163E-9,82500.0,0.8356234402718061,0.34949091292722084,0.894,0.45238882459910756,0.8265114739629302,0.1876484560570071,0.5736845161328942,0.3291139240506329,0.48048476207449675,82500.0,2960.0,10.0
meta.DynamicWeightedMajority -l (trees.HoeffdingTree -e 2000000 -g 100 -c 0.01) -e 10,ArffFileStream -f ./../../../Dataset/Synthetic_IM20/stream_gen_hyperplane.arff,1,83000.0,4.71875,3.6134022391504735E-9,83000.0,0.8128438228438228,0.4122014755853935,0.878,0.5561699650756692,0.8356234402718061,0.28205128205128205,0.6674238124719146,0.44545454545454544,0.40234905270613236,83000.0,2960.0,10.0
meta.DynamicWeightedMajority -l (trees.HoeffdingTree -e 2000000 -g 100 -c 0.01) -e 10,ArffFileStream -f ./../../../Dataset/Synthetic_IM20/stream_gen_hyperplane.arff,1,83500.0,4.75,3.637332055303788E-9,83500.0,0.7666317016317016,0.329300823376012,0.856,0.4652406417112296,0.8128438228438228,0.28205128205128205,0.6081612778368415,0.37272727272727274,0.2949041224417992,83500.0,2960.0,10.0
meta.DynamicWeightedMajority -l (trees.HoeffdingTree -e 2000000 -g 100 -c 0.01) -e 10,ArffFileStream -f ./../../../Dataset/Synthetic_IM20/stream_gen_hyperplane.arff,1,84000.0,4.78125,3.6612618714571023E-9,84000.0,0.8021569047109463,0.30999022586892455,0.844,0.380342559344116,0.7666317016317016,0.272264631043257,0.5368847418534565,0.2897196261682243,0.23636363636363625,84000.0,2960.0,10.0
meta.DynamicWeightedMajority -l (trees.HoeffdingTree -e 2000000 -g 100 -c 0.01) -e 10,ArffFileStream -f ./../../../Dataset/Synthetic_IM20/stream_gen_hyperplane.arff,1,84500.0,4.796875,3.6732267795337595E-9,84500.0,0.8322358969447371,0.37626568518136516,0.86,0.46233255499569853,0.8021569047109463,0.26903553299492383,0.6042541456230431,0.36792452830188677,0.3148384107494496,84500.0,2960.0,10.0
meta.DynamicWeightedMajority -l (trees.HoeffdingTree -e 2000000 -g 100 -c 0.01) -e 10,ArffFileStream -f ./../../../Dataset/Synthetic_IM20/stream_gen_hyperplane.arff,1,85000.0,4.828125,3.697156595687074E-9,85000.0,0.8184287603930461,0.4085411872565939,0.87,0.521467695388421,0.8322358969447371,0.2755102040816326,0.6501279018298763,0.42592592592592593,0.36399217221135033,85000.0,2960.0,10.0
meta.DynamicWeightedMajority -l (trees.HoeffdingTree -e 2000000 -g 100 -c 0.01) -e 10,ArffFileStream -f ./../../../Dataset/Synthetic_IM20/stream_gen_hyperplane.arff,1,85500.0,4.84375,3.709121503763731E-9,85500.0,0.8090874961871466,0.35314029051042484,0.844,0.4146429321886349,0.8184287603930461,0.27877237851662406,0.578135448590439,0.3394495412844037,0.23708745638620365,85500.0,2960.0,10.0
meta.DynamicWeightedMajority -l (trees.HoeffdingTree -e 2000000 -g 100 -c 0.01) -e 10,ArffFileStream -f ./../../../Dataset/Synthetic_IM20/stream_gen_hyperplane.arff,1,86000.0,4.875,3.733051319917045E-9,86000.0,0.8012308184143222,0.3900651280873675,0.88,0.48282995448903604,0.8090874961871466,0.22549019607843138,0.6145221460864454,0.3804347826086957,0.4128022759601706,86000.0,2960.0,10.0
meta.DynamicWeightedMajority -l (trees.HoeffdingTree -e 2000000 -g 100 -c 0.01) -e 10,ArffFileStream -f ./../../../Dataset/Synthetic_IM20/stream_gen_hyperplane.arff,1,86500.0,4.890625,3.745016227993702E-9,86500.0,0.8425220834602498,0.4358345200207348,0.89,0.577650817053692,0.8012308184143222,0.24378109452736318,0.695488266854968,0.4897959183673469,0.46160810275561587,86500.0,2960.0,10.0
meta.DynamicWeightedMajority -l (trees.HoeffdingTree -e 2000000 -g 100 -c 0.01) -e 10,ArffFileStream -f ./../../../Dataset/Synthetic_IM20/stream_gen_hyperplane.arff,1,87000.0,4.921875,3.768946044147016E-9,87000.0,0.8153750213983517,0.41889839863550676,0.878,0.5309424212598425,0.8425220834602498,0.2594458438287154,0.6519450921805547,0.42718446601941745,0.40290279027902787,87000.0,2960.0,10.0
meta.DynamicWeightedMajority -l (trees.HoeffdingTree -e 2000000 -g 100 -c 0.01) -e 10,ArffFileStream -f ./../../../Dataset/Synthetic_IM20/stream_gen_hyperplane.arff,1,87500.0,4.9375,3.780910952223673E-9,87500.0,0.8362740929705216,0.4772851419273073,0.89,0.6049985636311405,0.8153750213983517,0.2755102040816326,0.7062042833316139,0.5,0.46180943860433926,87500.0,2960.0,10.0
meta.DynamicWeightedMajority -l (trees.HoeffdingTree -e 2000000 -g 100 -c 0.01) -e 10,ArffFileStream -f ./../../../Dataset/Synthetic_IM20/stream_gen_hyperplane.arff,1,88000.0,4.96875,3.8048407683769875E-9,88000.0,0.8305555555555556,0.41441637308525403,0.886,0.5041753653444677,0.8362740929705216,0.21951219512195122,0.6301374221006933,0.4,0.44186046511627924,88000.0,2960.0,10.0
meta.DynamicWeightedMajority -l (trees.HoeffdingTree -e 2000000 -g 100 -c 0.01) -e 10,ArffFileStream -f ./../../../Dataset/Synthetic_IM20/stream_gen_hyperplane.arff,1,88500.0,5.0,3.828770584530302E-9,88500.0,0.812,0.41789583333333336,0.876,0.5186335403726707,0.8305555555555556,0.25,0.6516325651776468,0.43,0.3928294788093394,88500.0,2960.0,10.0
meta.DynamicWeightedMajority -l (trees.HoeffdingTree -e 2000000 -g 100 -c 0.01) -e 10,ArffFileStream -f ./../../../Dataset/Synthetic_IM20/stream_gen_hyperplane.arff,1,89000.0,5.0,3.828770584530302E-9,89000.0,0.7800699300699301,0.3417699404268434,0.852,0.4503862150920971,0.812,0.28205128205128205,0.5999222948905633,0.36363636363636365,0.27562692476902745,89000.0,2960.0,10.0
meta.DynamicWeightedMajority -l (trees.HoeffdingTree -e 2000000 -g 100 -c 0.01) -e 10,ArffFileStream -f ./../../../Dataset/Synthetic_IM20/stream_gen_hyperplane.arff,1,89500.0,5.03125,3.852700400683616E-9,89500.0,0.8015029369099427,0.4041360489605501,0.88,0.5518508559648649,0.7800699300699301,0.272264631043257,0.6627611458501457,0.4392523364485981,0.41282597999015896,89500.0,2960.0,10.0
meta.DynamicWeightedMajority -l (trees.HoeffdingTree -e 2000000 -g 100 -c 0.01) -e 10,ArffFileStream -f ./../../../Dataset/Synthetic_IM20/stream_gen_hyperplane.arff,1,90000.0,5.046875,3.864665308760273E-9,90000.0,0.7843506749433442,0.3637648325661958,0.868,0.4797578509269766,0.8015029369099427,0.2562814070351759,0.6160120809131256,0.38235294117647056,0.35410210406132775,90000.0,2960.0,10.0
meta.DynamicWeightedMajority -l (trees.HoeffdingTree -e 2000000 -g 100 -c 0.01) -e 10,ArffFileStream -f ./../../../Dataset/Synthetic_IM20/stream_gen_hyperplane.arff,1,90500.0,5.078125,3.8885951249135874E-9,90500.0,0.7888151617659814,0.4020832201452832,0.862,0.5404901438465637,0.7843506749433442,0.32275132275132273,0.6644185357380681,0.4426229508196721,0.32546583850931665,90500.0,2960.0,10.0
meta.DynamicWeightedMajority -l (trees.HoeffdingTree -e 2000000 -g 100 -c 0.01) -e 10,ArffFileStream -f ./../../../Dataset/Synthetic_IM20/stream_gen_hyperplane.arff,1,91000.0,5.109375,3.912524941066902E-9,91000.0,0.76719816620066,0.2808121774214618,0.846,0.32870693262658673,0.7888151617659814,0.24688279301745636,0.4911365838117602,0.24242424242424243,0.24712581927581362,91000.0,2960.0,10.0
meta.DynamicWeightedMajority -l (trees.HoeffdingTree -e 2000000 -g 100 -c 0.01) -e 10,ArffFileStream -f ./../../../Dataset/Synthetic_IM20/stream_gen_hyperplane.arff,1,91500.0,5.125,3.924489849143559E-9,91500.0,0.7971125,0.3627972522800152,0.87,0.47833065810593894,0.76719816620066,0.25,0.6141253943617704,0.38,0.36437960884899007,91500.0,2960.0,10.0
meta.DynamicWeightedMajority -l (trees.HoeffdingTree -e 2000000 -g 100 -c 0.01) -e 10,ArffFileStream -f ./../../../Dataset/Synthetic_IM20/stream_gen_hyperplane.arff,1,92000.0,5.15625,3.948419665296873E-9,92000.0,0.7866538575229086,0.320498969456365,0.856,0.42166816604549534,0.7971125,0.2562814070351759,0.5744416851006197,0.3333333333333333,0.29591836734693877,92000.0,2960.0,10.0
meta.DynamicWeightedMajority -l (trees.HoeffdingTree -e 2000000 -g 100 -c 0.01) -e 10,ArffFileStream -f ./../../../Dataset/Synthetic_IM20/stream_gen_hyperplane.arff,1,92500.0,5.171875,3.96038457337353E-9,92500.0,0.7752039627039627,0.30040947748682256,0.848,0.38638418808939384,0.7866538575229086,0.26262626262626265,0.5438922361725387,0.2980769230769231,0.25687103594080307,92500.0,2960.0,10.0
meta.DynamicWeightedMajority -l (trees.HoeffdingTree -e 2000000 -g 100 -c 0.01) -e 10,ArffFileStream -f ./../../../Dataset/Synthetic_IM20/stream_gen_hyperplane.arff,1,93000.0,5.203125,3.984314389526844E-9,93000.0,0.7898866608544028,0.3259446588145149,0.876,0.4487320837927236,0.7752039627039627,0.2285012285012285,0.5773502691896257,0.3333333333333333,0.39346762741282293,93000.0,2960.0,10.0
meta.DynamicWeightedMajority -l (trees.HoeffdingTree -e 2000000 -g 100 -c 0.01) -e 10,ArffFileStream -f ./../../../Dataset/Synthetic_IM20/stream_gen_hyperplane.arff,1,93500.0,5.21875,3.996279297603501E-9,93500.0,0.8032840037981426,0.3708790669230235,0.872,0.5332963859638887,0.7898866608544028,0.2853470437017995,0.6507099380088055,0.42342342342342343,0.3741895001045807,93500.0,2960.0,10.0
meta.DynamicWeightedMajority -l (trees.HoeffdingTree -e 2000000 -g 100 -c 0.01) -e 10,ArffFileStream -f ./../../../Dataset/Synthetic_IM20/stream_gen_hyperplane.arff,1,94000.0,5.25,4.020209113756815E-9,94000.0,0.8374107142857142,0.3388464434116598,0.894,0.4756628413138109,0.8032840037981426,0.19047619047619047,0.6006444951248696,0.3625,0.4811497604665695,94000.0,2960.0,10.0
meta.DynamicWeightedMajority -l (trees.HoeffdingTree -e 2000000 -g 100 -c 0.01) -e 10,ArffFileStream -f ./../../../Dataset/Synthetic_IM20/stream_gen_hyperplane.arff,1,94500.0,5.28125,4.04413892991013E-9,94500.0,0.7981974269339611,0.30678960967187013,0.852,0.4121198639931357,0.8374107142857142,0.272264631043257,0.5553478324017039,0.308411214953271,0.27574957278235207,94500.0,2960.0,10.0
meta.DynamicWeightedMajority -l (trees.HoeffdingTree -e 2000000 -g 100 -c 0.01) -e 10,ArffFileStream -f ./../../../Dataset/Synthetic_IM20/stream_gen_hyperplane.arff,1,95000.0,5.296875,4.0561038379867866E-9,95000.0,0.7603751436746472,0.32061711054537306,0.854,0.40646546116820564,0.7981974269339611,0.2594458438287154,0.5559806427096751,0.3106796116504854,0.28556711651385575,95000.0,2960.0,10.0
meta.DynamicWeightedMajority -l (trees.HoeffdingTree -e 2000000 -g 100 -c 0.01) -e 10,ArffFileStream -f ./../../../Dataset/Synthetic_IM20/stream_gen_hyperplane.arff,1,95500.0,5.3125,4.068068746063443E-9,95500.0,0.770730198019802,0.3043759136975175,0.862,0.40684959768929196,0.7603751436746472,0.2376237623762376,0.5569375687144337,0.3125,0.32450025627883133,95500.0,2960.0,10.0
meta.DynamicWeightedMajority -l (trees.HoeffdingTree -e 2000000 -g 100 -c 0.01) -e 10,ArffFileStream -f ./../../../Dataset/Synthetic_IM20/stream_gen_hyperplane.arff,1,96000.0,5.34375,4.091998562216758E-9,96000.0,0.7793162128712872,0.31798893818902946,0.864,0.40600978336827404,0.770730198019802,0.2376237623762376,0.5489404360312975,0.3020833333333333,0.3340814036519433,96000.0,2960.0,10.0
meta.DynamicWeightedMajority -l (trees.HoeffdingTree -e 2000000 -g 100 -c 0.01) -e 10,ArffFileStream -f ./../../../Dataset/Synthetic_IM20/stream_gen_hyperplane.arff,1,96500.0,5.375,4.115928378370072E-9,96500.0,0.791475,0.3349713319088332,0.86,0.4243421052631578,0.7793162128712872,0.25,0.5722979992975687,0.33,0.3144220034507256,96500.0,2960.0,10.0
meta.DynamicWeightedMajority -l (trees.HoeffdingTree -e 2000000 -g 100 -c 0.01) -e 10,ArffFileStream -f ./../../../Dataset/Synthetic_IM20/stream_gen_hyperplane.arff,1,97000.0,5.390625,4.127893286446729E-9,97000.0,0.7994341015336669,0.3093811795474625,0.868,0.38705003900590684,0.791475,0.21654501216545013,0.5385187651587588,0.29213483146067415,0.35316999242232877,97000.0,2960.0,10.0
meta.DynamicWeightedMajority -l (trees.HoeffdingTree -e 2000000 -g 100 -c 0.01) -e 10,ArffFileStream -f ./../../../Dataset/Synthetic_IM20/stream_gen_hyperplane.arff,1,97500.0,5.421875,4.151823102600043E-9,97500.0,0.7238423061056105,0.18747033974090643,0.838,0.24793879521651935,0.7994341015336669,0.2376237623762376,0.41976979782771034,0.17708333333333334,0.2059222764064147,97500.0,2960.0,10.0
meta.DynamicWeightedMajority -l (trees.HoeffdingTree -e 2000000 -g 100 -c 0.01) -e 10,ArffFileStream -f ./../../../Dataset/Synthetic_IM20/stream_gen_hyperplane.arff,1,98000.0,5.4375,4.1637880106767E-9,98000.0,0.8401242441421013,0.41062754423209097,0.864,0.48428588763499564,0.7238423061056105,0.2755102040816326,0.6153545211476885,0.37962962962962965,0.3335666783339166,98000.0,2960.0,10.0
meta.DynamicWeightedMajority -l (trees.HoeffdingTree -e 2000000 -g 100 -c 0.01) -e 10,ArffFileStream -f ./../../../Dataset/Synthetic_IM20/stream_gen_hyperplane.arff,1,98500.0,5.46875,4.1877178268300145E-9,98500.0,0.8564041368337311,0.44653236124849427,0.912,0.5952757643769089,0.8401242441421013,0.19331742243436753,0.6922306266843125,0.48148148148148145,0.5683266932270918,98500.0,2960.0,10.0
meta.DynamicWeightedMajority -l (trees.HoeffdingTree -e 2000000 -g 100 -c 0.01) -e 10,ArffFileStream -f ./../../../Dataset/Synthetic_IM20/stream_gen_hyperplane.arff,1,99000.0,5.484375,4.199682734906671E-9,99000.0,0.7426470588235294,0.2623752470573095,0.848,0.3590608554850897,0.8564041368337311,0.2562814070351759,0.5138489974654767,0.2647058823529412,0.25438509562976896,99000.0,2960.0,10.0
meta.DynamicWeightedMajority -l (trees.HoeffdingTree -e 2000000 -g 100 -c 0.01) -e 10,ArffFileStream -f ./../../../Dataset/Synthetic_IM20/stream_gen_hyperplane.arff,1,99500.0,5.515625,4.223612551059986E-9,99500.0,0.8167479674796748,0.31582007538105306,0.862,0.3490566037735851,0.7426470588235294,0.21951219512195122,0.5042905344039593,0.25555555555555554,0.3226617995264402,99500.0,2960.0,10.0
meta.DynamicWeightedMajority -l (trees.HoeffdingTree -e 2000000 -g 100 -c 0.01) -e 10,ArffFileStream -f ./../../../Dataset/Synthetic_IM20/stream_gen_hyperplane.arff,1,100000.0,5.53125,4.2355774591366425E-9,100000.0,0.7816749222999223,0.36705792085673056,0.858,0.45501995701565856,0.8167479674796748,0.26262626262626265,0.6077155435054972,0.375,0.30310168826069894,100000.0,2960.0,10.0
