Learner,stream,randomSeed,learning evaluation instances,evaluation time (cpu seconds),model cost (RAM-Hours),classified instances,AUC,sAUC,Accuracy,Kappa,Periodical holdout AUC,Pos/Neg ratio,G-Mean,Recall,KappaM,model training instances,model serialized size (bytes)
meta.imbalanced.OnlineRUSBoost -l (trees.HoeffdingTree -e 2000000 -g 100 -c 0.01),ArffFileStream -f ./../../../Dataset/Synthetic_IM50/stream_gen_SEA.arff,1,500.0,0.125,9.468446175257365E-11,500.0,0.8548459383753502,0.20589899008107787,0.746,0.49498966120566246,0.0,1.0408163265306123,0.7332714878064822,0.596078431372549,0.4708333333333333,500.0,2928.0
meta.imbalanced.OnlineRUSBoost -l (trees.HoeffdingTree -e 2000000 -g 100 -c 0.01),ArffFileStream -f ./../../../Dataset/Synthetic_IM50/stream_gen_SEA.arff,1,1000.0,0.21875,1.6569780806700389E-10,1000.0,0.8758716875871687,0.22040520374172312,0.822,0.6439999999999999,0.8548459383753502,1.0920502092050208,0.8225021111361271,0.8084291187739464,0.6268343815513626,1000.0,2928.0
meta.imbalanced.OnlineRUSBoost -l (trees.HoeffdingTree -e 2000000 -g 100 -c 0.01),ArffFileStream -f ./../../../Dataset/Synthetic_IM50/stream_gen_SEA.arff,1,1500.0,0.28125,2.1304003894329072E-10,1500.0,0.8629409128736957,0.14683694363170252,0.78,0.5606748035018212,0.8758716875871687,1.032520325203252,0.7790734115456822,0.7283464566929134,0.5435684647302905,1500.0,2928.0
meta.imbalanced.OnlineRUSBoost -l (trees.HoeffdingTree -e 2000000 -g 100 -c 0.01),ArffFileStream -f ./../../../Dataset/Synthetic_IM50/stream_gen_SEA.arff,1,2000.0,0.359375,2.7221782753864925E-10,2000.0,0.855728,0.15263853554602852,0.802,0.6040000000000001,0.8629409128736957,1.0,0.7998999937492186,0.744,0.5887850467289721,2000.0,2928.0
meta.imbalanced.OnlineRUSBoost -l (trees.HoeffdingTree -e 2000000 -g 100 -c 0.01),ArffFileStream -f ./../../../Dataset/Synthetic_IM50/stream_gen_SEA.arff,1,2500.0,0.4375,3.3139561613400777E-10,2500.0,0.8589507556352459,0.16104885671027297,0.784,0.5688278505269883,0.855728,1.0491803278688525,0.7837255859402429,0.73828125,0.5540875309661438,2500.0,2928.0
meta.imbalanced.OnlineRUSBoost -l (trees.HoeffdingTree -e 2000000 -g 100 -c 0.01),ArffFileStream -f ./../../../Dataset/Synthetic_IM50/stream_gen_SEA.arff,1,3000.0,0.5,3.787378470102946E-10,3000.0,0.8791826022947304,0.1688565942264844,0.812,0.6237290849411578,0.8589507556352459,0.9762845849802372,0.8112599907300054,0.7854251012145749,0.612104539202201,3000.0,2928.0
meta.imbalanced.OnlineRUSBoost -l (trees.HoeffdingTree -e 2000000 -g 100 -c 0.01),ArffFileStream -f ./../../../Dataset/Synthetic_IM50/stream_gen_SEA.arff,1,3500.0,0.546875,4.1424452016750974E-10,3500.0,0.8545562243852459,0.1299313133033444,0.81,0.6187188954888426,0.8791826022947304,0.953125,0.8060708753872335,0.7459016393442623,0.6051068883610452,3500.0,2928.0
meta.imbalanced.OnlineRUSBoost -l (trees.HoeffdingTree -e 2000000 -g 100 -c 0.01),ArffFileStream -f ./../../../Dataset/Synthetic_IM50/stream_gen_SEA.arff,1,4000.0,0.59375,4.497511933247249E-10,4000.0,0.8673359914172711,0.1387848235600756,0.818,0.6349369363586763,0.8545562243852459,0.9455252918287937,0.8156528593931591,0.7736625514403292,0.6226023846552616,4000.0,2928.0
meta.imbalanced.OnlineRUSBoost -l (trees.HoeffdingTree -e 2000000 -g 100 -c 0.01),ArffFileStream -f ./../../../Dataset/Synthetic_IM50/stream_gen_SEA.arff,1,4500.0,0.640625,4.8525786648194E-10,4500.0,0.8761915442413367,0.17147452639102584,0.82,0.6384903356416394,0.8673359914172711,0.9305019305019305,0.8170000402872174,0.7717842323651453,0.6267281105990783,4500.0,2928.0
meta.imbalanced.OnlineRUSBoost -l (trees.HoeffdingTree -e 2000000 -g 100 -c 0.01),ArffFileStream -f ./../../../Dataset/Synthetic_IM50/stream_gen_SEA.arff,1,5000.0,0.6875,5.207645396391551E-10,5000.0,0.9099505592089473,0.16492100998607462,0.864,0.7281000591782224,0.8761915442413367,1.0080321285140563,0.8628858053940918,0.8167330677290837,0.7184265010351967,5000.0,2928.0
meta.imbalanced.OnlineRUSBoost -l (trees.HoeffdingTree -e 2000000 -g 100 -c 0.01),ArffFileStream -f ./../../../Dataset/Synthetic_IM50/stream_gen_SEA.arff,1,5500.0,0.75,5.681067705154419E-10,5500.0,0.8753794974484852,0.1604892419940785,0.822,0.6444096400946109,0.9099505592089473,1.2123893805309736,0.8247354838409168,0.7883211678832117,0.6295875898600074,5500.0,2928.0
meta.imbalanced.OnlineRUSBoost -l (trees.HoeffdingTree -e 2000000 -g 100 -c 0.01),ArffFileStream -f ./../../../Dataset/Synthetic_IM50/stream_gen_SEA.arff,1,6000.0,0.796875,6.03613443672657E-10,6000.0,0.8742159498207885,0.15290396654017724,0.824,0.6480225265583001,0.8753794974484852,1.0161290322580645,0.8240263692657315,0.8174603174603174,0.6338418862690707,6000.0,2928.0
meta.imbalanced.OnlineRUSBoost -l (trees.HoeffdingTree -e 2000000 -g 100 -c 0.01),ArffFileStream -f ./../../../Dataset/Synthetic_IM50/stream_gen_SEA.arff,1,6500.0,0.84375,6.391201168298721E-10,6500.0,0.9066275208162873,0.1992101098344653,0.858,0.7157635152446835,0.8742159498207885,1.109704641350211,0.8584875364844904,0.8479087452471483,0.7032154340836013,6500.0,2928.0
meta.imbalanced.OnlineRUSBoost -l (trees.HoeffdingTree -e 2000000 -g 100 -c 0.01),ArffFileStream -f ./../../../Dataset/Synthetic_IM50/stream_gen_SEA.arff,1,7000.0,0.890625,6.746267899870871E-10,7000.0,0.8711521477318346,0.16027356962035655,0.822,0.6414182111200644,0.9066275208162873,0.8867924528301887,0.8185328249667039,0.7787234042553192,0.6291666666666665,7000.0,2928.0
meta.imbalanced.OnlineRUSBoost -l (trees.HoeffdingTree -e 2000000 -g 100 -c 0.01),ArffFileStream -f ./../../../Dataset/Synthetic_IM50/stream_gen_SEA.arff,1,7500.0,0.953125,7.219690208633739E-10,7500.0,0.8497823860727086,0.15273541812271169,0.816,0.6320235504927683,0.8711521477318346,1.0161290322580645,0.8160261132534429,0.8095238095238095,0.6164535853251806,7500.0,2928.0
meta.imbalanced.OnlineRUSBoost -l (trees.HoeffdingTree -e 2000000 -g 100 -c 0.01),ArffFileStream -f ./../../../Dataset/Synthetic_IM50/stream_gen_SEA.arff,1,8000.0,1.0,7.57475694020589E-10,8000.0,0.9082545320725132,0.19785892352943196,0.87,0.7399500704135193,0.8497823860727086,0.9920318725099602,0.8696183644436198,0.8473895582329317,0.7290255341323606,8000.0,2928.0
meta.imbalanced.OnlineRUSBoost -l (trees.HoeffdingTree -e 2000000 -g 100 -c 0.01),ArffFileStream -f ./../../../Dataset/Synthetic_IM50/stream_gen_SEA.arff,1,8500.0,1.0625,8.048179248968758E-10,8500.0,0.8643253353973168,0.15646489301938804,0.824,0.6460063075239749,0.9082545320725132,1.1929824561403508,0.8236831595755865,0.8272058823529411,0.6329735034347398,8500.0,2928.0
meta.imbalanced.OnlineRUSBoost -l (trees.HoeffdingTree -e 2000000 -g 100 -c 0.01),ArffFileStream -f ./../../../Dataset/Synthetic_IM50/stream_gen_SEA.arff,1,9000.0,1.109375,8.403245980540909E-10,9000.0,0.8581253306401193,0.15786359755277157,0.808,0.6157971408903902,0.8643253353973168,1.0920502092050208,0.8082975168088264,0.8007662835249042,0.5995365005793744,9000.0,2928.0
meta.imbalanced.OnlineRUSBoost -l (trees.HoeffdingTree -e 2000000 -g 100 -c 0.01),ArffFileStream -f ./../../../Dataset/Synthetic_IM50/stream_gen_SEA.arff,1,9500.0,1.15625,8.75831271211306E-10,9500.0,0.8837462390371935,0.16749898471013192,0.842,0.6842223074955232,0.8581253306401193,1.032520325203252,0.8419913842015926,0.8149606299212598,0.6709055031791273,9500.0,2928.0
meta.imbalanced.OnlineRUSBoost -l (trees.HoeffdingTree -e 2000000 -g 100 -c 0.01),ArffFileStream -f ./../../../Dataset/Synthetic_IM50/stream_gen_SEA.arff,1,10000.0,1.21875,9.231735020875927E-10,10000.0,0.8981339222841047,0.1944736970589413,0.864,0.7276513937840435,0.8837462390371935,0.968503937007874,0.8627760786761856,0.8292682926829268,0.7162528687669517,10000.0,2928.0
meta.imbalanced.OnlineRUSBoost -l (trees.HoeffdingTree -e 2000000 -g 100 -c 0.01),ArffFileStream -f ./../../../Dataset/Synthetic_IM50/stream_gen_SEA.arff,1,10500.0,1.265625,9.58680175244808E-10,10500.0,0.8606291369449264,0.16667632044049674,0.82,0.6396309821256966,0.8981339222841047,1.1367521367521367,0.8207063404428577,0.8082706766917294,0.6242544731610337,10500.0,2928.0
meta.imbalanced.OnlineRUSBoost -l (trees.HoeffdingTree -e 2000000 -g 100 -c 0.01),ArffFileStream -f ./../../../Dataset/Synthetic_IM50/stream_gen_SEA.arff,1,11000.0,1.296875,9.823512906829513E-10,11000.0,0.927232,0.19797010204017357,0.894,0.788,0.8606291369449264,1.0,0.8939440698388239,0.884,0.778873506542765,11000.0,2928.0
meta.imbalanced.OnlineRUSBoost -l (trees.HoeffdingTree -e 2000000 -g 100 -c 0.01),ArffFileStream -f ./../../../Dataset/Synthetic_IM50/stream_gen_SEA.arff,1,11500.0,1.359375,1.029693521559238E-9,11500.0,0.9001376088069637,0.17548092739401955,0.842,0.6841516072285303,0.927232,1.0161290322580645,0.8416254115301732,0.8095238095238095,0.6712502261624751,11500.0,2928.0
meta.imbalanced.OnlineRUSBoost -l (trees.HoeffdingTree -e 2000000 -g 100 -c 0.01),ArffFileStream -f ./../../../Dataset/Synthetic_IM50/stream_gen_SEA.arff,1,12000.0,1.40625,1.0652001947164532E-9,12000.0,0.9100877192982456,0.20005239301456373,0.88,0.7574385510996119,0.9001376088069637,0.8382352941176471,0.8772361960459969,0.8508771929824561,0.7500433952438813,12000.0,2928.0
meta.imbalanced.OnlineRUSBoost -l (trees.HoeffdingTree -e 2000000 -g 100 -c 0.01),ArffFileStream -f ./../../../Dataset/Synthetic_IM50/stream_gen_SEA.arff,1,12500.0,1.453125,1.1007068678736683E-9,12500.0,0.8839605734767025,0.18497643965822957,0.848,0.6958442722674009,0.9100877192982456,0.9841269841269841,0.8472626172871843,0.8185483870967742,0.6838076219004826,12500.0,2928.0
meta.imbalanced.OnlineRUSBoost -l (trees.HoeffdingTree -e 2000000 -g 100 -c 0.01),ArffFileStream -f ./../../../Dataset/Synthetic_IM50/stream_gen_SEA.arff,1,13000.0,1.5,1.1362135410308834E-9,13000.0,0.8607323474809552,0.15720748922435407,0.818,0.6357435634686819,0.8839605734767025,1.032520325203252,0.8175543462962825,0.8346456692913385,0.6212582039378901,13000.0,2928.0
meta.imbalanced.OnlineRUSBoost -l (trees.HoeffdingTree -e 2000000 -g 100 -c 0.01),ArffFileStream -f ./../../../Dataset/Synthetic_IM50/stream_gen_SEA.arff,1,13500.0,1.546875,1.1717202141880984E-9,13500.0,0.8896942351077617,0.18381569594562241,0.842,0.6840404428233186,0.8607323474809552,1.0080321285140563,0.8418903375555795,0.8247011952191236,0.6714417744916821,13500.0,2928.0
meta.imbalanced.OnlineRUSBoost -l (trees.HoeffdingTree -e 2000000 -g 100 -c 0.01),ArffFileStream -f ./../../../Dataset/Synthetic_IM50/stream_gen_SEA.arff,1,14000.0,1.59375,1.2072268873453135E-9,14000.0,0.889392072458434,0.17117571143421922,0.85,0.7002302231885912,0.8896942351077617,1.0242914979757085,0.8496634378540118,0.8142292490118577,0.6880570409982174,14000.0,2928.0
meta.imbalanced.OnlineRUSBoost -l (trees.HoeffdingTree -e 2000000 -g 100 -c 0.01),ArffFileStream -f ./../../../Dataset/Synthetic_IM50/stream_gen_SEA.arff,1,14500.0,1.625,1.230898002783457E-9,14500.0,0.8838262595224378,0.1778841343483597,0.842,0.6840202227057468,0.889392072458434,0.968503937007874,0.8420864160169087,0.8495934959349594,0.671682430495844,14500.0,2928.0
meta.imbalanced.OnlineRUSBoost -l (trees.HoeffdingTree -e 2000000 -g 100 -c 0.01),ArffFileStream -f ./../../../Dataset/Synthetic_IM50/stream_gen_SEA.arff,1,15000.0,1.671875,1.266404675940672E-9,15000.0,0.8978357478622194,0.192284053281499,0.876,0.7517418114839434,0.8838262595224378,1.109704641350211,0.8764457181079267,0.8669201520912547,0.7422037422037422,15000.0,2928.0
meta.imbalanced.OnlineRUSBoost -l (trees.HoeffdingTree -e 2000000 -g 100 -c 0.01),ArffFileStream -f ./../../../Dataset/Synthetic_IM50/stream_gen_SEA.arff,1,15500.0,1.71875,1.301911349097887E-9,15500.0,0.8684704937775993,0.15847358482634127,0.816,0.6283428940777247,0.8978357478622194,0.8867924528301887,0.8097360191535093,0.7489361702127659,0.618206157965194,15500.0,2928.0
meta.imbalanced.OnlineRUSBoost -l (trees.HoeffdingTree -e 2000000 -g 100 -c 0.01),ArffFileStream -f ./../../../Dataset/Synthetic_IM50/stream_gen_SEA.arff,1,16000.0,1.765625,1.3374180222551022E-9,16000.0,0.887582201315221,0.18890919532597927,0.854,0.7079345773453253,0.8684704937775993,0.9920318725099602,0.8534797331175927,0.8273092369477911,0.6970954356846473,16000.0,2928.0
meta.imbalanced.OnlineRUSBoost -l (trees.HoeffdingTree -e 2000000 -g 100 -c 0.01),ArffFileStream -f ./../../../Dataset/Synthetic_IM50/stream_gen_SEA.arff,1,16500.0,1.796875,1.3610891376932456E-9,16500.0,0.8730021321277994,0.17470272509811113,0.852,0.7042602509791384,0.887582201315221,1.0920502092050208,0.852741342292439,0.8275862068965517,0.6927915461064285,16500.0,2928.0
meta.imbalanced.OnlineRUSBoost -l (trees.HoeffdingTree -e 2000000 -g 100 -c 0.01),ArffFileStream -f ./../../../Dataset/Synthetic_IM50/stream_gen_SEA.arff,1,17000.0,1.84375,1.3965958108504606E-9,17000.0,0.9150440203071782,0.18132173006814262,0.872,0.7433429579724093,0.8730021321277994,1.1367521367521367,0.8722363334111559,0.868421052631579,0.7340828546987657,17000.0,2928.0
meta.imbalanced.OnlineRUSBoost -l (trees.HoeffdingTree -e 2000000 -g 100 -c 0.01),ArffFileStream -f ./../../../Dataset/Synthetic_IM50/stream_gen_SEA.arff,1,17500.0,1.890625,1.4321024840076757E-9,17500.0,0.8615640652253924,0.154242460034755,0.82,0.6397752197371159,0.9150440203071782,0.9762845849802372,0.8194343732524635,0.7975708502024291,0.626023981954173,17500.0,2928.0
meta.imbalanced.OnlineRUSBoost -l (trees.HoeffdingTree -e 2000000 -g 100 -c 0.01),ArffFileStream -f ./../../../Dataset/Synthetic_IM50/stream_gen_SEA.arff,1,18000.0,1.9375,1.4676091571648908E-9,18000.0,0.9182074987159733,0.2001081157463046,0.874,0.7463523045704898,0.8615640652253924,0.8939393939393939,0.8711255846796793,0.8347457627118644,0.7381062355658199,18000.0,2928.0
meta.imbalanced.OnlineRUSBoost -l (trees.HoeffdingTree -e 2000000 -g 100 -c 0.01),ArffFileStream -f ./../../../Dataset/Synthetic_IM50/stream_gen_SEA.arff,1,18500.0,1.984375,1.503115830322106E-9,18500.0,0.8835981375702011,0.18640620747237618,0.846,0.6919014084507041,0.9182074987159733,0.9920318725099602,0.8449635633651753,0.8072289156626506,0.6802110225614547,18500.0,2928.0
meta.imbalanced.OnlineRUSBoost -l (trees.HoeffdingTree -e 2000000 -g 100 -c 0.01),ArffFileStream -f ./../../../Dataset/Synthetic_IM50/stream_gen_SEA.arff,1,19000.0,2.015625,1.5267869457602493E-9,19000.0,0.8931878787878788,0.1789474024252095,0.852,0.7048264858396489,0.8835981375702011,1.2222222222222223,0.8555274821578046,0.8072727272727273,0.6919368974583698,19000.0,2928.0
meta.imbalanced.OnlineRUSBoost -l (trees.HoeffdingTree -e 2000000 -g 100 -c 0.01),ArffFileStream -f ./../../../Dataset/Synthetic_IM50/stream_gen_SEA.arff,1,19500.0,2.0625,1.5622936189174644E-9,19500.0,0.8941630379098361,0.1935105028796999,0.844,0.6881197620113876,0.8931878787878788,1.0491803278688525,0.8442336956002676,0.828125,0.6754161331626121,19500.0,2928.0
meta.imbalanced.OnlineRUSBoost -l (trees.HoeffdingTree -e 2000000 -g 100 -c 0.01),ArffFileStream -f ./../../../Dataset/Synthetic_IM50/stream_gen_SEA.arff,1,20000.0,2.109375,1.5978002920746795E-9,20000.0,0.8787834948803266,0.17716021136866622,0.834,0.6660013520909118,0.8941630379098361,0.8726591760299626,0.8322709467902264,0.8111587982832618,0.6545265348595213,20000.0,2928.0
meta.imbalanced.OnlineRUSBoost -l (trees.HoeffdingTree -e 2000000 -g 100 -c 0.01),ArffFileStream -f ./../../../Dataset/Synthetic_IM50/stream_gen_SEA.arff,1,20500.0,2.15625,1.6333069652318945E-9,20500.0,0.8920272982737856,0.18502350472428597,0.848,0.6966552247146164,0.8787834948803266,1.127659574468085,0.8494454705197925,0.8113207547169812,0.6837832352344225,20500.0,2928.0
meta.imbalanced.OnlineRUSBoost -l (trees.HoeffdingTree -e 2000000 -g 100 -c 0.01),ArffFileStream -f ./../../../Dataset/Synthetic_IM50/stream_gen_SEA.arff,1,21000.0,2.1875,1.656978080670038E-9,21000.0,0.9180270149158184,0.19582876308450475,0.87,0.7396167158056659,0.8920272982737856,0.968503937007874,0.8684336873531268,0.8292682926829268,0.7299970329344279,21000.0,2928.0
meta.imbalanced.OnlineRUSBoost -l (trees.HoeffdingTree -e 2000000 -g 100 -c 0.01),ArffFileStream -f ./../../../Dataset/Synthetic_IM50/stream_gen_SEA.arff,1,21500.0,2.234375,1.692484753827253E-9,21500.0,0.8632852564102564,0.17590273375234866,0.82,0.6399999999999999,0.9180270149158184,1.0833333333333333,0.820412654142367,0.8076923076923077,0.626483930122575,21500.0,2928.0
meta.imbalanced.OnlineRUSBoost -l (trees.HoeffdingTree -e 2000000 -g 100 -c 0.01),ArffFileStream -f ./../../../Dataset/Synthetic_IM50/stream_gen_SEA.arff,1,22000.0,2.265625,1.7161558692653964E-9,22000.0,0.8791530631841752,0.16840932524718577,0.828,0.6563518956588452,0.8632852564102564,1.032520325203252,0.8277580606386022,0.7913385826771654,0.643254454605449,22000.0,2928.0
meta.imbalanced.OnlineRUSBoost -l (trees.HoeffdingTree -e 2000000 -g 100 -c 0.01),ArffFileStream -f ./../../../Dataset/Synthetic_IM50/stream_gen_SEA.arff,1,22500.0,2.3125,1.7516625424226115E-9,22500.0,0.8876364575931788,0.1809315666948031,0.838,0.6715861174180993,0.8791530631841752,0.8248175182481752,0.8335001878475589,0.7964601769911505,0.6636212624584718,22500.0,2928.0
meta.imbalanced.OnlineRUSBoost -l (trees.HoeffdingTree -e 2000000 -g 100 -c 0.01),ArffFileStream -f ./../../../Dataset/Synthetic_IM50/stream_gen_SEA.arff,1,23000.0,2.359375,1.7871692155798266E-9,23000.0,0.8763213530655392,0.18224563809399685,0.852,0.7040757566063087,0.8876364575931788,1.0661157024793388,0.8523520047695057,0.8372093023255814,0.6929460580912863,23000.0,2928.0
meta.imbalanced.OnlineRUSBoost -l (trees.HoeffdingTree -e 2000000 -g 100 -c 0.01),ArffFileStream -f ./../../../Dataset/Synthetic_IM50/stream_gen_SEA.arff,1,23500.0,2.40625,1.8226758887370417E-9,23500.0,0.8899719887955182,0.17720126014737475,0.844,0.6879750380030402,0.8763213530655392,1.0408163265306123,0.8440835212206897,0.8392156862745098,0.6764342453662842,23500.0,2928.0
meta.imbalanced.OnlineRUSBoost -l (trees.HoeffdingTree -e 2000000 -g 100 -c 0.01),ArffFileStream -f ./../../../Dataset/Synthetic_IM50/stream_gen_SEA.arff,1,24000.0,2.4375,1.846347004175185E-9,24000.0,0.9057219662058372,0.19232344776001842,0.864,0.7280522139749168,0.8899719887955182,1.0161290322580645,0.863990610311004,0.8492063492063492,0.7179885951270087,24000.0,2928.0
meta.imbalanced.OnlineRUSBoost -l (trees.HoeffdingTree -e 2000000 -g 100 -c 0.01),ArffFileStream -f ./../../../Dataset/Synthetic_IM50/stream_gen_SEA.arff,1,24500.0,2.484375,1.8818536773324003E-9,24500.0,0.8849993579866461,0.16926315993595592,0.836,0.6719999999999999,0.9057219662058372,1.11864406779661,0.8368441709242297,0.8181818181818182,0.6596069129108776,24500.0,2928.0
meta.imbalanced.OnlineRUSBoost -l (trees.HoeffdingTree -e 2000000 -g 100 -c 0.01),ArffFileStream -f ./../../../Dataset/Synthetic_IM50/stream_gen_SEA.arff,1,25000.0,2.53125,1.9173603504896154E-9,25000.0,0.8854622023666554,0.17540119778246094,0.86,0.7197174752150167,0.8849993579866461,0.9455252918287937,0.8597415297113207,0.8518518518518519,0.7095435684647302,25000.0,2928.0
meta.imbalanced.OnlineRUSBoost -l (trees.HoeffdingTree -e 2000000 -g 100 -c 0.01),ArffFileStream -f ./../../../Dataset/Synthetic_IM50/stream_gen_SEA.arff,1,25500.0,2.578125,1.9528670236468305E-9,25500.0,0.9142025089605734,0.19099932387368374,0.872,0.7439180537772087,0.8854622023666554,0.9841269841269841,0.8716975569682255,0.8548387096774194,0.7345694071724811,25500.0,2928.0
meta.imbalanced.OnlineRUSBoost -l (trees.HoeffdingTree -e 2000000 -g 100 -c 0.01),ArffFileStream -f ./../../../Dataset/Synthetic_IM50/stream_gen_SEA.arff,1,26000.0,2.625,1.9883736968040456E-9,26000.0,0.883758957341413,0.19190903726752173,0.854,0.7065538976074093,0.9142025089605734,0.9157088122605364,0.8512548931742738,0.8117154811715481,0.696901948259342,26000.0,2928.0
meta.imbalanced.OnlineRUSBoost -l (trees.HoeffdingTree -e 2000000 -g 100 -c 0.01),ArffFileStream -f ./../../../Dataset/Synthetic_IM50/stream_gen_SEA.arff,1,26500.0,2.65625,2.012044812242189E-9,26500.0,0.8865754128912023,0.18868543998023235,0.862,0.7233626274937456,0.883758957341413,1.1367521367521367,0.8623164985025763,0.8571428571428571,0.7135135135135136,26500.0,2928.0
meta.imbalanced.OnlineRUSBoost -l (trees.HoeffdingTree -e 2000000 -g 100 -c 0.01),ArffFileStream -f ./../../../Dataset/Synthetic_IM50/stream_gen_SEA.arff,1,27000.0,2.6875,2.0357159276803324E-9,27000.0,0.9046634615384616,0.20009624591821085,0.868,0.7353224254090471,0.8865754128912023,0.9230769230769231,0.8671349819509515,0.85,0.7260147601476015,27000.0,2928.0
meta.imbalanced.OnlineRUSBoost -l (trees.HoeffdingTree -e 2000000 -g 100 -c 0.01),ArffFileStream -f ./../../../Dataset/Synthetic_IM50/stream_gen_SEA.arff,1,27500.0,2.71875,2.0593870431184758E-9,27500.0,0.9085049267814373,0.20853796881023484,0.866,0.7324366633653877,0.9046634615384616,1.145922746781116,0.8677290232055548,0.8314606741573034,0.7220336426039073,27500.0,2928.0
meta.imbalanced.OnlineRUSBoost -l (trees.HoeffdingTree -e 2000000 -g 100 -c 0.01),ArffFileStream -f ./../../../Dataset/Synthetic_IM50/stream_gen_SEA.arff,1,28000.0,2.765625,2.094893716275691E-9,28000.0,0.8829911507257046,0.18434367520145034,0.846,0.6919112704458883,0.9085049267814373,0.9762845849802372,0.845869393750894,0.8380566801619433,0.6806635562467599,28000.0,2928.0
meta.imbalanced.OnlineRUSBoost -l (trees.HoeffdingTree -e 2000000 -g 100 -c 0.01),ArffFileStream -f ./../../../Dataset/Synthetic_IM50/stream_gen_SEA.arff,1,28500.0,2.796875,2.1185648317138343E-9,28500.0,0.8867924528301887,0.19711227946789922,0.852,0.7036443732478974,0.8829911507257046,1.127659574468085,0.8525965724157366,0.8415094339622642,0.6930131004366812,28500.0,2928.0
meta.imbalanced.OnlineRUSBoost -l (trees.HoeffdingTree -e 2000000 -g 100 -c 0.01),ArffFileStream -f ./../../../Dataset/Synthetic_IM50/stream_gen_SEA.arff,1,29000.0,2.84375,2.1540715048710493E-9,29000.0,0.8683178930862894,0.17983852181900978,0.842,0.6840303330880235,0.8867924528301887,1.0080321285140563,0.8419473510888149,0.8286852589641435,0.6722695086188398,29000.0,2928.0
meta.imbalanced.OnlineRUSBoost -l (trees.HoeffdingTree -e 2000000 -g 100 -c 0.01),ArffFileStream -f ./../../../Dataset/Synthetic_IM50/stream_gen_SEA.arff,1,29500.0,2.890625,2.1895781780282644E-9,29500.0,0.904290217791362,0.1932692220184336,0.878,0.7558359217394088,0.8683178930862894,0.9762845849802372,0.8774046140723096,0.854251012145749,0.7470480742198482,29500.0,2928.0
meta.imbalanced.OnlineRUSBoost -l (trees.HoeffdingTree -e 2000000 -g 100 -c 0.01),ArffFileStream -f ./../../../Dataset/Synthetic_IM50/stream_gen_SEA.arff,1,30000.0,2.921875,2.213249293466408E-9,30000.0,0.8786101010101011,0.18756161393657528,0.856,0.709090909090909,0.904290217791362,0.8181818181818182,0.854421654475332,0.84,0.7010794353722668,30000.0,2928.0
meta.imbalanced.OnlineRUSBoost -l (trees.HoeffdingTree -e 2000000 -g 100 -c 0.01),ArffFileStream -f ./../../../Dataset/Synthetic_IM50/stream_gen_SEA.arff,1,30500.0,2.953125,2.236920408904551E-9,30500.0,0.8763985594237695,0.1788456056707191,0.866,0.7319142125480154,0.8786101010101011,0.9607843137254902,0.8659861273652805,0.8653061224489796,0.721916037286521,30500.0,2928.0
meta.imbalanced.OnlineRUSBoost -l (trees.HoeffdingTree -e 2000000 -g 100 -c 0.01),ArffFileStream -f ./../../../Dataset/Synthetic_IM50/stream_gen_SEA.arff,1,31000.0,2.96875,2.248755966623623E-9,31000.0,0.9131304403481822,0.19740403951242158,0.88,0.7600921246241443,0.8763985594237695,1.0161290322580645,0.8798008519946471,0.8531746031746031,0.7508539280691179,31000.0,2928.0
meta.imbalanced.OnlineRUSBoost -l (trees.HoeffdingTree -e 2000000 -g 100 -c 0.01),ArffFileStream -f ./../../../Dataset/Synthetic_IM50/stream_gen_SEA.arff,1,31500.0,3.0,2.2724270820617663E-9,31500.0,0.8940588008234689,0.1913169762860097,0.846,0.6903053508800153,0.9131304403481822,0.8656716417910447,0.8449503361201304,0.8318965517241379,0.680350553505535,31500.0,2928.0
meta.imbalanced.OnlineRUSBoost -l (trees.HoeffdingTree -e 2000000 -g 100 -c 0.01),ArffFileStream -f ./../../../Dataset/Synthetic_IM50/stream_gen_SEA.arff,1,32000.0,3.046875,2.3079337552189814E-9,32000.0,0.9110385766172259,0.1914917349788488,0.872,0.7440532369267192,0.8940588008234689,1.0080321285140563,0.8716766356410581,0.8446215139442231,0.7344226155741425,32000.0,2928.0
meta.imbalanced.OnlineRUSBoost -l (trees.HoeffdingTree -e 2000000 -g 100 -c 0.01),ArffFileStream -f ./../../../Dataset/Synthetic_IM50/stream_gen_SEA.arff,1,32500.0,3.078125,2.3316048706571248E-9,32500.0,0.8971788445472656,0.1982509432656719,0.862,0.7232205891791283,0.9110385766172259,0.8796992481203008,0.8620742616768678,0.8632478632478633,0.7135283597342872,32500.0,2928.0
meta.imbalanced.OnlineRUSBoost -l (trees.HoeffdingTree -e 2000000 -g 100 -c 0.01),ArffFileStream -f ./../../../Dataset/Synthetic_IM50/stream_gen_SEA.arff,1,33000.0,3.109375,2.355275986095268E-9,33000.0,0.8927356189008732,0.20115142788539575,0.876,0.7505471868160165,0.8971788445472656,0.8939393939393939,0.8737104372127554,0.8432203389830508,0.7425119557009816,33000.0,2928.0
meta.imbalanced.OnlineRUSBoost -l (trees.HoeffdingTree -e 2000000 -g 100 -c 0.01),ArffFileStream -f ./../../../Dataset/Synthetic_IM50/stream_gen_SEA.arff,1,33500.0,3.15625,2.3907826592524832E-9,33500.0,0.887687947350723,0.19284055683574197,0.836,0.6711528898442387,0.8927356189008732,0.9455252918287937,0.8341711693454633,0.7983539094650206,0.6594979857452742,33500.0,2928.0
meta.imbalanced.OnlineRUSBoost -l (trees.HoeffdingTree -e 2000000 -g 100 -c 0.01),ArffFileStream -f ./../../../Dataset/Synthetic_IM50/stream_gen_SEA.arff,1,34000.0,3.1875,2.4144537746906266E-9,34000.0,0.8954089388871997,0.20048219602911327,0.844,0.6877452000832679,0.887687947350723,0.9762845849802372,0.8431123061158248,0.8137651821862348,0.6761113825109917,34000.0,2928.0
meta.imbalanced.OnlineRUSBoost -l (trees.HoeffdingTree -e 2000000 -g 100 -c 0.01),ArffFileStream -f ./../../../Dataset/Synthetic_IM50/stream_gen_SEA.arff,1,34500.0,3.21875,2.43812489012877E-9,34500.0,0.8833045314900153,0.19289728171348342,0.84,0.6798975672215107,0.8954089388871997,0.9841269841269841,0.8396839431738368,0.8225806451612904,0.6678500511462783,34500.0,2928.0
meta.imbalanced.OnlineRUSBoost -l (trees.HoeffdingTree -e 2000000 -g 100 -c 0.01),ArffFileStream -f ./../../../Dataset/Synthetic_IM50/stream_gen_SEA.arff,1,35000.0,3.25,2.4617960055669134E-9,35000.0,0.8969404186795491,0.20351700102939174,0.858,0.7133397932816538,0.8833045314900153,0.8518518518518519,0.8551256840884629,0.8260869565217391,0.7049394443125148,35000.0,2928.0
meta.imbalanced.OnlineRUSBoost -l (trees.HoeffdingTree -e 2000000 -g 100 -c 0.01),ArffFileStream -f ./../../../Dataset/Synthetic_IM50/stream_gen_SEA.arff,1,35500.0,3.296875,2.4973026787241285E-9,35500.0,0.8963244654280604,0.19701270297854712,0.858,0.7156177903101768,0.8969404186795491,1.1834061135371179,0.8595798507291598,0.8376383763837638,0.7051529508100836,35500.0,2928.0
meta.imbalanced.OnlineRUSBoost -l (trees.HoeffdingTree -e 2000000 -g 100 -c 0.01),ArffFileStream -f ./../../../Dataset/Synthetic_IM50/stream_gen_SEA.arff,1,36000.0,3.328125,2.520973794162272E-9,36000.0,0.8572916666666667,0.1868219820291389,0.844,0.6876001281640499,0.8963244654280604,1.0833333333333333,0.8439072740411041,0.8461538461538461,0.6760685239660841,36000.0,2928.0
meta.imbalanced.OnlineRUSBoost -l (trees.HoeffdingTree -e 2000000 -g 100 -c 0.01),ArffFileStream -f ./../../../Dataset/Synthetic_IM50/stream_gen_SEA.arff,1,36500.0,3.359375,2.5446449096004153E-9,36500.0,0.905977973356418,0.18595610780915733,0.872,0.7437745215789895,0.8572916666666667,1.0920502092050208,0.8722574004472655,0.8659003831417624,0.7341829767865271,36500.0,2928.0
meta.imbalanced.OnlineRUSBoost -l (trees.HoeffdingTree -e 2000000 -g 100 -c 0.01),ArffFileStream -f ./../../../Dataset/Synthetic_IM50/stream_gen_SEA.arff,1,37000.0,3.40625,2.5801515827576304E-9,37000.0,0.9282829757213059,0.21058339142894633,0.892,0.7820788067603996,0.905977973356418,1.262443438914027,0.8928464503440956,0.8853046594982079,0.7754677754677755,37000.0,2928.0
meta.imbalanced.OnlineRUSBoost -l (trees.HoeffdingTree -e 2000000 -g 100 -c 0.01),ArffFileStream -f ./../../../Dataset/Synthetic_IM50/stream_gen_SEA.arff,1,37500.0,3.4375,2.6038226981957738E-9,37500.0,0.8927862130821962,0.19142926828153212,0.854,0.7076632280387005,0.9282829757213059,0.937984496124031,0.8537601537631968,0.8471074380165289,0.6966590946866862,37500.0,2928.0
meta.imbalanced.OnlineRUSBoost -l (trees.HoeffdingTree -e 2000000 -g 100 -c 0.01),ArffFileStream -f ./../../../Dataset/Synthetic_IM50/stream_gen_SEA.arff,1,38000.0,3.46875,2.627493813633917E-9,38000.0,0.8692619081905311,0.17494944282395147,0.854,0.7079532725236037,0.8927862130821962,0.9920318725099602,0.853723410419665,0.8353413654618473,0.6967477452855971,38000.0,2928.0
meta.imbalanced.OnlineRUSBoost -l (trees.HoeffdingTree -e 2000000 -g 100 -c 0.01),ArffFileStream -f ./../../../Dataset/Synthetic_IM50/stream_gen_SEA.arff,1,38500.0,3.515625,2.6630004867911322E-9,38500.0,0.8897182354917679,0.19069828890510726,0.864,0.7280565642346392,0.8692619081905311,1.0080321285140563,0.8636735117571678,0.8366533864541833,0.7174311926605504,38500.0,2928.0
meta.imbalanced.OnlineRUSBoost -l (trees.HoeffdingTree -e 2000000 -g 100 -c 0.01),ArffFileStream -f ./../../../Dataset/Synthetic_IM50/stream_gen_SEA.arff,1,39000.0,3.546875,2.6866716022292756E-9,39000.0,0.884890818500777,0.1752890463686475,0.844,0.6871440260552872,0.8897182354917679,0.9305019305019305,0.8426863686624132,0.8174273858921162,0.675883011027649,39000.0,2928.0
meta.imbalanced.OnlineRUSBoost -l (trees.HoeffdingTree -e 2000000 -g 100 -c 0.01),ArffFileStream -f ./../../../Dataset/Synthetic_IM50/stream_gen_SEA.arff,1,39500.0,3.59375,2.7221782753864907E-9,39500.0,0.8900646772540983,0.17245489133084818,0.828,0.6550728357825835,0.884890818500777,0.953125,0.825440766509865,0.7786885245901639,0.6427031291085984,39500.0,2928.0
meta.imbalanced.OnlineRUSBoost -l (trees.HoeffdingTree -e 2000000 -g 100 -c 0.01),ArffFileStream -f ./../../../Dataset/Synthetic_IM50/stream_gen_SEA.arff,1,40000.0,3.625,2.745849390824634E-9,40000.0,0.8974149659863946,0.18690137158269787,0.886,0.772,0.8900646772540983,1.0408163265306123,0.8861208066813538,0.8784313725490196,0.7632398753894082,40000.0,2928.0
meta.imbalanced.OnlineRUSBoost -l (trees.HoeffdingTree -e 2000000 -g 100 -c 0.01),ArffFileStream -f ./../../../Dataset/Synthetic_IM50/stream_gen_SEA.arff,1,40500.0,3.671875,2.781356063981849E-9,40500.0,0.8760050919286485,0.1831738787290031,0.858,0.7140786082474226,0.8974149659863946,0.8450184501845018,0.857101804595157,0.8471615720524017,0.7048953201970443,40500.0,2928.0
meta.imbalanced.OnlineRUSBoost -l (trees.HoeffdingTree -e 2000000 -g 100 -c 0.01),ArffFileStream -f ./../../../Dataset/Synthetic_IM50/stream_gen_SEA.arff,1,41000.0,3.703125,2.8050271794199926E-9,41000.0,0.9055330634278003,0.18731003588051776,0.862,0.7236462672220442,0.8760050919286485,1.1367521367521367,0.8627449047340472,0.849624060150376,0.7134754646275383,41000.0,2928.0
meta.imbalanced.OnlineRUSBoost -l (trees.HoeffdingTree -e 2000000 -g 100 -c 0.01),ArffFileStream -f ./../../../Dataset/Synthetic_IM50/stream_gen_SEA.arff,1,41500.0,3.75,2.8405338525772077E-9,41500.0,0.8985500288073747,0.17006006559768377,0.854,0.7076070238400409,0.9055330634278003,0.968503937007874,0.8526441887099274,0.8170731707317073,0.6969590877263179,41500.0,2928.0
meta.imbalanced.OnlineRUSBoost -l (trees.HoeffdingTree -e 2000000 -g 100 -c 0.01),ArffFileStream -f ./../../../Dataset/Synthetic_IM50/stream_gen_SEA.arff,1,42000.0,3.78125,2.864204968015351E-9,42000.0,0.8782178534836066,0.1713517903054531,0.832,0.6635478082542937,0.8985500288073747,0.953125,0.8312773476334626,0.8114754098360656,0.6513489475244588,42000.0,2928.0
meta.imbalanced.OnlineRUSBoost -l (trees.HoeffdingTree -e 2000000 -g 100 -c 0.01),ArffFileStream -f ./../../../Dataset/Synthetic_IM50/stream_gen_SEA.arff,1,42500.0,3.8125,2.8878760834534944E-9,42500.0,0.9072562576019461,0.1821801873998657,0.86,0.7200716616546164,0.8782178534836066,1.032520325203252,0.86011010113987,0.8464566929133859,0.7096002733173897,42500.0,2928.0
meta.imbalanced.OnlineRUSBoost -l (trees.HoeffdingTree -e 2000000 -g 100 -c 0.01),ArffFileStream -f ./../../../Dataset/Synthetic_IM50/stream_gen_SEA.arff,1,43000.0,3.859375,2.9233827566107095E-9,43000.0,0.9000240096038415,0.18363348074927782,0.862,0.724220623501199,0.9072562576019461,1.0408163265306123,0.8621144335403552,0.8352941176470589,0.7136929460580913,43000.0,2928.0
meta.imbalanced.OnlineRUSBoost -l (trees.HoeffdingTree -e 2000000 -g 100 -c 0.01),ArffFileStream -f ./../../../Dataset/Synthetic_IM50/stream_gen_SEA.arff,1,43500.0,3.890625,2.947053872048853E-9,43500.0,0.8800801282051282,0.187043352243007,0.856,0.7125519003513254,0.9000240096038415,1.0833333333333333,0.8566762695261442,0.8192307692307692,0.7012305637699131,43500.0,2928.0
meta.imbalanced.OnlineRUSBoost -l (trees.HoeffdingTree -e 2000000 -g 100 -c 0.01),ArffFileStream -f ./../../../Dataset/Synthetic_IM50/stream_gen_SEA.arff,1,44000.0,3.921875,2.9707249874869963E-9,44000.0,0.869598617246015,0.1772995342192631,0.846,0.6919014084507041,0.8800801282051282,0.968503937007874,0.8459167732395046,0.8414634146341463,0.6804979253112032,44000.0,2928.0
meta.imbalanced.OnlineRUSBoost -l (trees.HoeffdingTree -e 2000000 -g 100 -c 0.01),ArffFileStream -f ./../../../Dataset/Synthetic_IM50/stream_gen_SEA.arff,1,44500.0,3.953125,2.9943961029251397E-9,44500.0,0.8869787915166066,0.1775275235290703,0.858,0.716045432730763,0.869598617246015,1.0408163265306123,0.8581506680225862,0.8470588235294118,0.7056000745434216,44500.0,2928.0
meta.imbalanced.OnlineRUSBoost -l (trees.HoeffdingTree -e 2000000 -g 100 -c 0.01),ArffFileStream -f ./../../../Dataset/Synthetic_IM50/stream_gen_SEA.arff,1,45000.0,3.984375,3.018067218363283E-9,45000.0,0.9036274085126181,0.18593307765179623,0.866,0.7318884656016903,0.8869787915166066,1.109704641350211,0.8666527211537971,0.8517110266159695,0.72210700953961,45000.0,2928.0
meta.imbalanced.OnlineRUSBoost -l (trees.HoeffdingTree -e 2000000 -g 100 -c 0.01),ArffFileStream -f ./../../../Dataset/Synthetic_IM50/stream_gen_SEA.arff,1,45500.0,4.015625,3.0417383338014265E-9,45500.0,0.8840141442263076,0.18023347228955694,0.856,0.7119216426868108,0.9036274085126181,0.9920318725099602,0.8552494976480557,0.8232931726907631,0.701462614480339,45500.0,2928.0
meta.imbalanced.OnlineRUSBoost -l (trees.HoeffdingTree -e 2000000 -g 100 -c 0.01),ArffFileStream -f ./../../../Dataset/Synthetic_IM50/stream_gen_SEA.arff,1,46000.0,4.0625,3.0772450069586416E-9,46000.0,0.9051619303635433,0.19212217823244104,0.882,0.7639622339574332,0.8840141442263076,1.0161290322580645,0.8819171036881968,0.8888888888888888,0.755528532180336,46000.0,2928.0
meta.imbalanced.OnlineRUSBoost -l (trees.HoeffdingTree -e 2000000 -g 100 -c 0.01),ArffFileStream -f ./../../../Dataset/Synthetic_IM50/stream_gen_SEA.arff,1,46500.0,4.09375,3.100916122396785E-9,46500.0,0.9157434682377049,0.20353743440419458,0.876,0.7516184859944876,0.9051619303635433,0.953125,0.8751463577830759,0.8524590163934426,0.7431168136861802,46500.0,2928.0
meta.imbalanced.OnlineRUSBoost -l (trees.HoeffdingTree -e 2000000 -g 100 -c 0.01),ArffFileStream -f ./../../../Dataset/Synthetic_IM50/stream_gen_SEA.arff,1,47000.0,4.125,3.1245872378349283E-9,47000.0,0.8684938959023344,0.1853282348489032,0.844,0.6879450783337867,0.9157434682377049,0.9920318725099602,0.8436654481144843,0.8232931726907631,0.6769332452081956,47000.0,2928.0
meta.imbalanced.OnlineRUSBoost -l (trees.HoeffdingTree -e 2000000 -g 100 -c 0.01),ArffFileStream -f ./../../../Dataset/Synthetic_IM50/stream_gen_SEA.arff,1,47500.0,4.15625,3.1482583532730717E-9,47500.0,0.8988395358143257,0.19343627168809419,0.86,0.7203355972832601,0.8684938959023344,1.0408163265306123,0.8599394154935147,0.8235294117647058,0.709847724595314,47500.0,2928.0
meta.imbalanced.OnlineRUSBoost -l (trees.HoeffdingTree -e 2000000 -g 100 -c 0.01),ArffFileStream -f ./../../../Dataset/Synthetic_IM50/stream_gen_SEA.arff,1,48000.0,4.203125,3.183765026430287E-9,48000.0,0.9024737583205326,0.18076884540613825,0.858,0.7159545527284366,0.8988395358143257,0.9841269841269841,0.8579132269447289,0.8508064516129032,0.7059660929209266,48000.0,2928.0
meta.imbalanced.OnlineRUSBoost -l (trees.HoeffdingTree -e 2000000 -g 100 -c 0.01),ArffFileStream -f ./../../../Dataset/Synthetic_IM50/stream_gen_SEA.arff,1,48500.0,4.234375,3.20743614186843E-9,48500.0,0.9014005602240897,0.18269907284471032,0.854,0.7084198753794535,0.9024737583205326,1.0408163265306123,0.8537748957594452,0.8117647058823529,0.6976257579639593,48500.0,2928.0
meta.imbalanced.OnlineRUSBoost -l (trees.HoeffdingTree -e 2000000 -g 100 -c 0.01),ArffFileStream -f ./../../../Dataset/Synthetic_IM50/stream_gen_SEA.arff,1,49000.0,4.28125,3.2429428150256453E-9,49000.0,0.8594537512600202,0.17765141009848462,0.846,0.6919309925423295,0.9014005602240897,0.9920318725099602,0.845474681607318,0.8192771084337349,0.6811459477731766,49000.0,2928.0
meta.imbalanced.OnlineRUSBoost -l (trees.HoeffdingTree -e 2000000 -g 100 -c 0.01),ArffFileStream -f ./../../../Dataset/Synthetic_IM50/stream_gen_SEA.arff,1,49500.0,4.3125,3.2666139304637887E-9,49500.0,0.8888568268167172,0.18884606935988746,0.856,0.711237667442047,0.8594537512600202,0.9157088122605364,0.8552473814573395,0.8410041841004184,0.7017947537965945,49500.0,2928.0
meta.imbalanced.OnlineRUSBoost -l (trees.HoeffdingTree -e 2000000 -g 100 -c 0.01),ArffFileStream -f ./../../../Dataset/Synthetic_IM50/stream_gen_SEA.arff,1,50000.0,4.359375,3.3021206036210038E-9,50000.0,0.8823397543674241,0.18792465779817674,0.868,0.7357928616034971,0.8888568268167172,1.0576131687242798,0.8678885485692655,0.8715953307392996,0.726764645001035,50000.0,2928.0
meta.imbalanced.OnlineRUSBoost -l (trees.HoeffdingTree -e 2000000 -g 100 -c 0.01),ArffFileStream -f ./../../../Dataset/Synthetic_IM50/stream_gen_SEA.arff,1,50500.0,4.390625,3.325791719059147E-9,50500.0,0.8700641025641026,0.17643982206264142,0.834,0.6668807192165676,0.8823397543674241,0.9230769230769231,0.8323584040667295,0.8041666666666667,0.6564485062087618,50500.0,2928.0
meta.imbalanced.OnlineRUSBoost -l (trees.HoeffdingTree -e 2000000 -g 100 -c 0.01),ArffFileStream -f ./../../../Dataset/Synthetic_IM50/stream_gen_SEA.arff,1,51000.0,4.421875,3.3494628344972905E-9,51000.0,0.9120945935134962,0.19567097297915964,0.89,0.7799718363950586,0.8700641025641026,0.9920318725099602,0.8898250775397926,0.8755020080321285,0.7723953261927946,51000.0,2928.0
meta.imbalanced.OnlineRUSBoost -l (trees.HoeffdingTree -e 2000000 -g 100 -c 0.01),ArffFileStream -f ./../../../Dataset/Synthetic_IM50/stream_gen_SEA.arff,1,51500.0,4.46875,3.3849695076545056E-9,51500.0,0.8720192693697311,0.19168670347346684,0.866,0.7317424727738628,0.9120945935134962,1.127659574468085,0.8667273959926912,0.8528301886792453,0.7226954914409708,51500.0,2928.0
meta.imbalanced.OnlineRUSBoost -l (trees.HoeffdingTree -e 2000000 -g 100 -c 0.01),ArffFileStream -f ./../../../Dataset/Synthetic_IM50/stream_gen_SEA.arff,1,52000.0,4.5,3.408640623092649E-9,52000.0,0.9026093938177439,0.18991884343885762,0.89,0.7787254586417767,0.8720192693697311,0.8867924528301887,0.8881755914075887,0.8638297872340426,0.7723564293389581,52000.0,2928.0
meta.imbalanced.OnlineRUSBoost -l (trees.HoeffdingTree -e 2000000 -g 100 -c 0.01),ArffFileStream -f ./../../../Dataset/Synthetic_IM50/stream_gen_SEA.arff,1,52500.0,4.53125,3.4323117385307924E-9,52500.0,0.9052403846153846,0.18846791213091985,0.884,0.768,0.9026093938177439,0.9230769230769231,0.8844815952340062,0.9,0.7599243111128632,52500.0,2928.0
meta.imbalanced.OnlineRUSBoost -l (trees.HoeffdingTree -e 2000000 -g 100 -c 0.01),ArffFileStream -f ./../../../Dataset/Synthetic_IM50/stream_gen_SEA.arff,1,53000.0,4.578125,3.4678184116880075E-9,53000.0,0.8898809523809523,0.18156534755002063,0.872,0.744016382951491,0.9052403846153846,1.0161290322580645,0.8720279053394635,0.8650793650793651,0.7352275388338146,53000.0,2928.0
meta.imbalanced.OnlineRUSBoost -l (trees.HoeffdingTree -e 2000000 -g 100 -c 0.01),ArffFileStream -f ./../../../Dataset/Synthetic_IM50/stream_gen_SEA.arff,1,53500.0,4.609375,3.491489527126151E-9,53500.0,0.869483793517407,0.17892621373303413,0.852,0.7035493950805224,0.8898809523809523,0.9607843137254902,0.8508169931438422,0.8204081632653061,0.6937773136868159,53500.0,2928.0
meta.imbalanced.OnlineRUSBoost -l (trees.HoeffdingTree -e 2000000 -g 100 -c 0.01),ArffFileStream -f ./../../../Dataset/Synthetic_IM50/stream_gen_SEA.arff,1,54000.0,4.65625,3.526996200283366E-9,54000.0,0.8973076923076924,0.19549204893605782,0.864,0.7275641025641025,0.869483793517407,0.9230769230769231,0.863764865915339,0.8583333333333333,0.7186099084256102,54000.0,2928.0
meta.imbalanced.OnlineRUSBoost -l (trees.HoeffdingTree -e 2000000 -g 100 -c 0.01),ArffFileStream -f ./../../../Dataset/Synthetic_IM50/stream_gen_SEA.arff,1,54500.0,4.6875,3.5506673157215094E-9,54500.0,0.9078747339616905,0.19384652768813598,0.86,0.7198789877226962,0.8973076923076924,0.9762845849802372,0.8597269536210951,0.8461538461538461,0.7103924694450771,54500.0,2928.0
meta.imbalanced.OnlineRUSBoost -l (trees.HoeffdingTree -e 2000000 -g 100 -c 0.01),ArffFileStream -f ./../../../Dataset/Synthetic_IM50/stream_gen_SEA.arff,1,55000.0,4.71875,3.5743384311596527E-9,55000.0,0.8715757808499744,0.1795778507431069,0.842,0.6841111928601131,0.9078747339616905,1.0161290322580645,0.841834518098881,0.8174603174603174,0.6732099879663056,55000.0,2928.0
meta.imbalanced.OnlineRUSBoost -l (trees.HoeffdingTree -e 2000000 -g 100 -c 0.01),ArffFileStream -f ./../../../Dataset/Synthetic_IM50/stream_gen_SEA.arff,1,55500.0,4.765625,3.609845104316868E-9,55500.0,0.8713034832253512,0.16687954491442675,0.826,0.6516655989750159,0.8715757808499744,1.1008403361344539,0.8262523370605638,0.8206106870229007,0.6400402564484866,55500.0,2928.0
meta.imbalanced.OnlineRUSBoost -l (trees.HoeffdingTree -e 2000000 -g 100 -c 0.01),ArffFileStream -f ./../../../Dataset/Synthetic_IM50/stream_gen_SEA.arff,1,56000.0,4.796875,3.6335162197550112E-9,56000.0,0.882753853820064,0.1721532005296173,0.864,0.7261377366089408,0.8713034832253512,0.8726591760299626,0.8619019980547997,0.8369098712446352,0.718676122931442,56000.0,2928.0
meta.imbalanced.OnlineRUSBoost -l (trees.HoeffdingTree -e 2000000 -g 100 -c 0.01),ArffFileStream -f ./../../../Dataset/Synthetic_IM50/stream_gen_SEA.arff,1,56500.0,4.84375,3.6690228929122263E-9,56500.0,0.8765384615384615,0.1790485661840086,0.856,0.7121842021106491,0.882753853820064,1.0833333333333333,0.8566014392008839,0.8346153846153846,0.7021525845658222,56500.0,2928.0
meta.imbalanced.OnlineRUSBoost -l (trees.HoeffdingTree -e 2000000 -g 100 -c 0.01),ArffFileStream -f ./../../../Dataset/Synthetic_IM50/stream_gen_SEA.arff,1,57000.0,4.890625,3.7045295660694414E-9,57000.0,0.899833429431738,0.187549916335567,0.866,0.7312086783490596,0.8765384615384615,0.937984496124031,0.8642203433413781,0.8305785123966942,0.7229295897268473,57000.0,2928.0
meta.imbalanced.OnlineRUSBoost -l (trees.HoeffdingTree -e 2000000 -g 100 -c 0.01),ArffFileStream -f ./../../../Dataset/Synthetic_IM50/stream_gen_SEA.arff,1,57500.0,4.9375,3.7400362392266565E-9,57500.0,0.8816326530612245,0.18416329373653306,0.852,0.7037392905757066,0.899833429431738,0.9607843137254902,0.8515691798246405,0.8367346938775511,0.693994965839626,57500.0,2928.0
meta.imbalanced.OnlineRUSBoost -l (trees.HoeffdingTree -e 2000000 -g 100 -c 0.01),ArffFileStream -f ./../../../Dataset/Synthetic_IM50/stream_gen_SEA.arff,1,58000.0,4.96875,3.7637073546648E-9,58000.0,0.8750720184367198,0.1909495808374264,0.842,0.683979774705581,0.8816326530612245,1.032520325203252,0.8420484045777932,0.8385826771653543,0.6732277849094279,58000.0,2928.0
meta.imbalanced.OnlineRUSBoost -l (trees.HoeffdingTree -e 2000000 -g 100 -c 0.01),ArffFileStream -f ./../../../Dataset/Synthetic_IM50/stream_gen_SEA.arff,1,58500.0,5.015625,3.799214027822015E-9,58500.0,0.8758707430340558,0.178516407531005,0.86,0.71781475748194,0.8750720184367198,0.8382352941176471,0.8588176316647232,0.8464912280701754,0.710334583009125,58500.0,2928.0
meta.imbalanced.OnlineRUSBoost -l (trees.HoeffdingTree -e 2000000 -g 100 -c 0.01),ArffFileStream -f ./../../../Dataset/Synthetic_IM50/stream_gen_SEA.arff,1,59000.0,5.046875,3.822885143260158E-9,59000.0,0.8705037122375832,0.17408718191135708,0.834,0.6678192936957704,0.8758707430340558,0.9841269841269841,0.8331605043515113,0.8024193548387096,0.6565918653576437,59000.0,2928.0
meta.imbalanced.OnlineRUSBoost -l (trees.HoeffdingTree -e 2000000 -g 100 -c 0.01),ArffFileStream -f ./../../../Dataset/Synthetic_IM50/stream_gen_SEA.arff,1,59500.0,5.09375,3.8583918164173734E-9,59500.0,0.9263952892985151,0.1960639033088032,0.902,0.8040313549832028,0.8705037122375832,1.0161290322580645,0.902008908872073,0.8888888888888888,0.7974292166058712,59500.0,2928.0
meta.imbalanced.OnlineRUSBoost -l (trees.HoeffdingTree -e 2000000 -g 100 -c 0.01),ArffFileStream -f ./../../../Dataset/Synthetic_IM50/stream_gen_SEA.arff,1,60000.0,5.125,3.882062931855517E-9,60000.0,0.8829085553278688,0.19075291133740596,0.874,0.7476851110185512,0.9263952892985151,0.953125,0.8734251049371241,0.8565573770491803,0.7395259095920618,60000.0,2928.0
meta.imbalanced.OnlineRUSBoost -l (trees.HoeffdingTree -e 2000000 -g 100 -c 0.01),ArffFileStream -f ./../../../Dataset/Synthetic_IM50/stream_gen_SEA.arff,1,60500.0,5.171875,3.917569605012732E-9,60500.0,0.9012319966676813,0.19966893396522012,0.862,0.7234424599993586,0.8829085553278688,0.9305019305019305,0.8613300695885728,0.8464730290456431,0.7147104049205535,60500.0,2928.0
meta.imbalanced.OnlineRUSBoost -l (trees.HoeffdingTree -e 2000000 -g 100 -c 0.01),ArffFileStream -f ./../../../Dataset/Synthetic_IM50/stream_gen_SEA.arff,1,61000.0,5.203125,3.941240720450875E-9,61000.0,0.8811185445444482,0.19434796266909116,0.87,0.7393494161426921,0.9012319966676813,0.9011406844106464,0.8697387127399226,0.8649789029535865,0.7312046640905701,61000.0,2928.0
meta.imbalanced.OnlineRUSBoost -l (trees.HoeffdingTree -e 2000000 -g 100 -c 0.01),ArffFileStream -f ./../../../Dataset/Synthetic_IM50/stream_gen_SEA.arff,1,61500.0,5.25,3.97674739360809E-9,61500.0,0.8775533090885788,0.18722384118175217,0.852,0.703187922155016,0.8811185445444482,0.9305019305019305,0.8507090706440407,0.8257261410788381,0.6939784150892646,61500.0,2928.0
meta.imbalanced.OnlineRUSBoost -l (trees.HoeffdingTree -e 2000000 -g 100 -c 0.01),ArffFileStream -f ./../../../Dataset/Synthetic_IM50/stream_gen_SEA.arff,1,62000.0,5.28125,4.000418509046234E-9,62000.0,0.8911601766358892,0.19529579249880008,0.876,0.751223818313137,0.8775533090885788,0.8867924528301887,0.8757860494068219,0.8723404255319149,0.74351104290385,62000.0,2928.0
meta.imbalanced.OnlineRUSBoost -l (trees.HoeffdingTree -e 2000000 -g 100 -c 0.01),ArffFileStream -f ./../../../Dataset/Synthetic_IM50/stream_gen_SEA.arff,1,62500.0,5.3125,4.024089624484377E-9,62500.0,0.9078839376237146,0.20788537952459285,0.892,0.7820788067603996,0.8911601766358892,0.8587360594795539,0.8893913164032431,0.8614718614718615,0.7765270650554544,62500.0,2928.0
meta.imbalanced.OnlineRUSBoost -l (trees.HoeffdingTree -e 2000000 -g 100 -c 0.01),ArffFileStream -f ./../../../Dataset/Synthetic_IM50/stream_gen_SEA.arff,1,63000.0,5.34375,4.0477607399225206E-9,63000.0,0.9115810706967213,0.2170356355381684,0.886,0.7716712065374138,0.9078839376237146,0.953125,0.8852589460939349,0.8647540983606558,0.7641301848993399,63000.0,2928.0
meta.imbalanced.OnlineRUSBoost -l (trees.HoeffdingTree -e 2000000 -g 100 -c 0.01),ArffFileStream -f ./../../../Dataset/Synthetic_IM50/stream_gen_SEA.arff,1,63500.0,5.390625,4.083267413079736E-9,63500.0,0.9047916666666667,0.20398758977884535,0.884,0.7673299101412067,0.9115810706967213,0.9230769230769231,0.8829310888695152,0.8625,0.7599791456222099,63500.0,2928.0
meta.imbalanced.OnlineRUSBoost -l (trees.HoeffdingTree -e 2000000 -g 100 -c 0.01),ArffFileStream -f ./../../../Dataset/Synthetic_IM50/stream_gen_SEA.arff,1,64000.0,5.40625,4.095102970798807E-9,64000.0,0.8979992279979413,0.20209420867949168,0.864,0.7276862946113923,0.9047916666666667,1.1551724137931034,0.865124217963197,0.8470149253731343,0.718572167615106,64000.0,2928.0
meta.imbalanced.OnlineRUSBoost -l (trees.HoeffdingTree -e 2000000 -g 100 -c 0.01),ArffFileStream -f ./../../../Dataset/Synthetic_IM50/stream_gen_SEA.arff,1,64500.0,5.453125,4.1306096439560224E-9,64500.0,0.9068278120184899,0.2070989757092953,0.888,0.7743827757364791,0.8979992279979413,0.8939393939393939,0.8846095334709859,0.8432203389830508,0.7682981589582398,64500.0,2928.0
meta.imbalanced.OnlineRUSBoost -l (trees.HoeffdingTree -e 2000000 -g 100 -c 0.01),ArffFileStream -f ./../../../Dataset/Synthetic_IM50/stream_gen_SEA.arff,1,65000.0,5.484375,4.154280759394166E-9,65000.0,0.8883553421368547,0.197321713614389,0.87,0.7397084734903091,0.9068278120184899,0.9607843137254902,0.869343604865952,0.8489795918367347,0.7310886929955764,65000.0,2928.0
meta.imbalanced.OnlineRUSBoost -l (trees.HoeffdingTree -e 2000000 -g 100 -c 0.01),ArffFileStream -f ./../../../Dataset/Synthetic_IM50/stream_gen_SEA.arff,1,65500.0,5.515625,4.177951874832309E-9,65500.0,0.8906441223832529,0.19758122045911125,0.86,0.7172859450726978,0.8883553421368547,1.173913043478261,0.8569127825562018,0.8888888888888888,0.7103966649823142,65500.0,2928.0
meta.imbalanced.OnlineRUSBoost -l (trees.HoeffdingTree -e 2000000 -g 100 -c 0.01),ArffFileStream -f ./../../../Dataset/Synthetic_IM50/stream_gen_SEA.arff,1,66000.0,5.5625,4.213458547989524E-9,66000.0,0.901584,0.19875064635314788,0.872,0.744,0.8906441223832529,1.0,0.8719633019800775,0.864,0.7352968823437255,66000.0,2928.0
meta.imbalanced.OnlineRUSBoost -l (trees.HoeffdingTree -e 2000000 -g 100 -c 0.01),ArffFileStream -f ./../../../Dataset/Synthetic_IM50/stream_gen_SEA.arff,1,66500.0,5.59375,4.237129663427668E-9,66500.0,0.8886559664591701,0.19217679858511327,0.854,0.7079719653086696,0.901584,0.9762845849802372,0.8540029404089898,0.854251012145749,0.6980281164468773,66500.0,2928.0
meta.imbalanced.OnlineRUSBoost -l (trees.HoeffdingTree -e 2000000 -g 100 -c 0.01),ArffFileStream -f ./../../../Dataset/Synthetic_IM50/stream_gen_SEA.arff,1,67000.0,5.640625,4.272636336584883E-9,67000.0,0.8775660410566569,0.18681525454480563,0.868,0.7360295646887548,0.8886559664591701,1.0080321285140563,0.8679239901470882,0.852589641434263,0.7270454615598284,67000.0,2928.0
meta.imbalanced.OnlineRUSBoost -l (trees.HoeffdingTree -e 2000000 -g 100 -c 0.01),ArffFileStream -f ./../../../Dataset/Synthetic_IM50/stream_gen_SEA.arff,1,67500.0,5.671875,4.296307452023026E-9,67500.0,0.891611023042065,0.19048333207916862,0.868,0.736088674205467,0.8775660410566569,1.0576131687242798,0.8683035745985189,0.8521400778210116,0.7271140240727696,67500.0,2928.0
meta.imbalanced.OnlineRUSBoost -l (trees.HoeffdingTree -e 2000000 -g 100 -c 0.01),ArffFileStream -f ./../../../Dataset/Synthetic_IM50/stream_gen_SEA.arff,1,68000.0,5.71875,4.331814125180241E-9,68000.0,0.8928685897435897,0.18116531998696656,0.878,0.7561170638093715,0.891611023042065,1.0833333333333333,0.8785915301908372,0.8576923076923076,0.74777294700678,68000.0,2928.0
meta.imbalanced.OnlineRUSBoost -l (trees.HoeffdingTree -e 2000000 -g 100 -c 0.01),ArffFileStream -f ./../../../Dataset/Synthetic_IM50/stream_gen_SEA.arff,1,68500.0,5.75,4.355485240618385E-9,68500.0,0.882724358974359,0.18738322305426858,0.874,0.7484427407762339,0.8928685897435897,1.0833333333333333,0.8746977499949076,0.8384615384615385,0.7394886963870695,68500.0,2928.0
meta.imbalanced.OnlineRUSBoost -l (trees.HoeffdingTree -e 2000000 -g 100 -c 0.01),ArffFileStream -f ./../../../Dataset/Synthetic_IM50/stream_gen_SEA.arff,1,69000.0,5.78125,4.379156356056528E-9,69000.0,0.9082545320725132,0.2004185314140996,0.872,0.7440368586923483,0.882724358974359,1.0080321285140563,0.8718601735614466,0.852589641434263,0.7352676698039686,69000.0,2928.0
meta.imbalanced.OnlineRUSBoost -l (trees.HoeffdingTree -e 2000000 -g 100 -c 0.01),ArffFileStream -f ./../../../Dataset/Synthetic_IM50/stream_gen_SEA.arff,1,69500.0,5.8125,4.402827471494671E-9,69500.0,0.8895695682853294,0.17785190503954862,0.852,0.704113620369778,0.9082545320725132,1.1008403361344539,0.8527481582430275,0.8320610687022901,0.6938417120576241,69500.0,2928.0
meta.imbalanced.OnlineRUSBoost -l (trees.HoeffdingTree -e 2000000 -g 100 -c 0.01),ArffFileStream -f ./../../../Dataset/Synthetic_IM50/stream_gen_SEA.arff,1,70000.0,5.859375,4.4383341446518865E-9,70000.0,0.8741419862717803,0.1728285843910684,0.848,0.6960145912996176,0.8895695682853294,0.9920318725099602,0.8479973499911951,0.8554216867469879,0.6856163574045621,70000.0,2928.0
meta.imbalanced.OnlineRUSBoost -l (trees.HoeffdingTree -e 2000000 -g 100 -c 0.01),ArffFileStream -f ./../../../Dataset/Synthetic_IM50/stream_gen_SEA.arff,1,70500.0,5.890625,4.46200526009003E-9,70500.0,0.8905608974358974,0.18793184028561272,0.862,0.7236905333974051,0.8741419862717803,1.0833333333333333,0.8620190967008348,0.8615384615384616,0.7145581504518249,70500.0,2928.0
meta.imbalanced.OnlineRUSBoost -l (trees.HoeffdingTree -e 2000000 -g 100 -c 0.01),ArffFileStream -f ./../../../Dataset/Synthetic_IM50/stream_gen_SEA.arff,1,71000.0,5.9375,4.497511933247245E-9,71000.0,0.8914458913336327,0.19588548413404372,0.856,0.710889816896884,0.8905608974358974,0.9083969465648855,0.8545891781531707,0.8319327731092437,0.7021152613484062,71000.0,2928.0
meta.imbalanced.OnlineRUSBoost -l (trees.HoeffdingTree -e 2000000 -g 100 -c 0.01),ArffFileStream -f ./../../../Dataset/Synthetic_IM50/stream_gen_SEA.arff,1,71500.0,5.984375,4.53301860640446E-9,71500.0,0.8679227053140096,0.16929914155087322,0.846,0.6905144694533761,0.8914458913336327,0.8518518518518519,0.8458099815914579,0.8434782608695652,0.6813209076175041,71500.0,2928.0
meta.imbalanced.OnlineRUSBoost -l (trees.HoeffdingTree -e 2000000 -g 100 -c 0.01),ArffFileStream -f ./../../../Dataset/Synthetic_IM50/stream_gen_SEA.arff,1,72000.0,6.03125,4.568525279561675E-9,72000.0,0.871831797235023,0.18934121190489056,0.842,0.6838482471586361,0.8679227053140096,0.9841269841269841,0.8413401824537844,0.8145161290322581,0.6730470770822554,72000.0,2928.0
meta.imbalanced.OnlineRUSBoost -l (trees.HoeffdingTree -e 2000000 -g 100 -c 0.01),ArffFileStream -f ./../../../Dataset/Synthetic_IM50/stream_gen_SEA.arff,1,72500.0,6.0625,4.5921963949998185E-9,72500.0,0.8488422332815926,0.17164604023159724,0.838,0.675906661118402,0.871831797235023,0.9762845849802372,0.8378669888694203,0.8299595141700404,0.6646393695391468,72500.0,2928.0
meta.imbalanced.OnlineRUSBoost -l (trees.HoeffdingTree -e 2000000 -g 100 -c 0.01),ArffFileStream -f ./../../../Dataset/Synthetic_IM50/stream_gen_SEA.arff,1,73000.0,6.09375,4.615867510437962E-9,73000.0,0.8884022396560299,0.17952914602602077,0.866,0.7308804627249357,0.8488422332815926,1.109704641350211,0.8646511254383608,0.8859315589353612,0.72253581052333,73000.0,2928.0
meta.imbalanced.OnlineRUSBoost -l (trees.HoeffdingTree -e 2000000 -g 100 -c 0.01),ArffFileStream -f ./../../../Dataset/Synthetic_IM50/stream_gen_SEA.arff,1,73500.0,6.140625,4.651374183595177E-9,73500.0,0.8750722961249277,0.18663526246580547,0.85,0.6983784827231194,0.8884022396560299,0.8796992481203008,0.8485122329387442,0.8290598290598291,0.6894278712076396,73500.0,2928.0
meta.imbalanced.OnlineRUSBoost -l (trees.HoeffdingTree -e 2000000 -g 100 -c 0.01),ArffFileStream -f ./../../../Dataset/Synthetic_IM50/stream_gen_SEA.arff,1,74000.0,6.171875,4.67504529903332E-9,74000.0,0.8912419181466686,0.18181889804466494,0.87,0.7397834998718934,0.8750722961249277,1.109704641350211,0.8705131087283828,0.8593155893536122,0.7309843400447427,74000.0,2928.0
meta.imbalanced.OnlineRUSBoost -l (trees.HoeffdingTree -e 2000000 -g 100 -c 0.01),ArffFileStream -f ./../../../Dataset/Synthetic_IM50/stream_gen_SEA.arff,1,74500.0,6.21875,4.7105519721905355E-9,74500.0,0.8653502631197798,0.17688695489271306,0.846,0.6895461729510046,0.8912419181466686,0.8587360594795539,0.8436391022085581,0.8181818181818182,0.6812081469337853,74500.0,2928.0
meta.imbalanced.OnlineRUSBoost -l (trees.HoeffdingTree -e 2000000 -g 100 -c 0.01),ArffFileStream -f ./../../../Dataset/Synthetic_IM50/stream_gen_SEA.arff,1,75000.0,6.234375,4.722387529909607E-9,75000.0,0.8980072028811524,0.18229996597264853,0.866,0.7317424727738628,0.8653502631197798,0.9607843137254902,0.8655054245098307,0.8489795918367347,0.7226361980460341,75000.0,2928.0
meta.imbalanced.OnlineRUSBoost -l (trees.HoeffdingTree -e 2000000 -g 100 -c 0.01),ArffFileStream -f ./../../../Dataset/Synthetic_IM50/stream_gen_SEA.arff,1,75500.0,6.265625,4.7460586453477506E-9,75500.0,0.9054807692307693,0.18896971855603306,0.876,0.7517616912235746,0.8980072028811524,1.0833333333333333,0.876116503785386,0.8730769230769231,0.7433451215834636,75500.0,2928.0
meta.imbalanced.OnlineRUSBoost -l (trees.HoeffdingTree -e 2000000 -g 100 -c 0.01),ArffFileStream -f ./../../../Dataset/Synthetic_IM50/stream_gen_SEA.arff,1,76000.0,6.3125,4.781565318504966E-9,76000.0,0.8674060559503233,0.18080982265521023,0.858,0.7158363217213115,0.9054807692307693,0.968503937007874,0.8577157647736715,0.8455284552845529,0.7061082214536641,76000.0,2928.0
meta.imbalanced.OnlineRUSBoost -l (trees.HoeffdingTree -e 2000000 -g 100 -c 0.01),ArffFileStream -f ./../../../Dataset/Synthetic_IM50/stream_gen_SEA.arff,1,76500.0,6.34375,4.805236433943109E-9,76500.0,0.905312,0.19930721991082861,0.878,0.756,0.8674060559503233,1.0,0.8777243302996676,0.856,0.747558897514268,76500.0,2928.0
meta.imbalanced.OnlineRUSBoost -l (trees.HoeffdingTree -e 2000000 -g 100 -c 0.01),ArffFileStream -f ./../../../Dataset/Synthetic_IM50/stream_gen_SEA.arff,1,77000.0,6.375,4.8289075493812524E-9,77000.0,0.8850961538461538,0.1938813581939584,0.86,0.7197309417040358,0.905312,1.0833333333333333,0.8600927946359134,0.8576923076923076,0.710199473089951,77000.0,2928.0
meta.imbalanced.OnlineRUSBoost -l (trees.HoeffdingTree -e 2000000 -g 100 -c 0.01),ArffFileStream -f ./../../../Dataset/Synthetic_IM50/stream_gen_SEA.arff,1,77500.0,6.40625,4.852578664819396E-9,77500.0,0.8832567006840866,0.18526084615435,0.86,0.7192318182547449,0.8850961538461538,0.9305019305019305,0.8587314457535138,0.8340248962655602,0.710249425839876,77500.0,2928.0
meta.imbalanced.OnlineRUSBoost -l (trees.HoeffdingTree -e 2000000 -g 100 -c 0.01),ArffFileStream -f ./../../../Dataset/Synthetic_IM50/stream_gen_SEA.arff,1,78000.0,6.453125,4.888085337976611E-9,78000.0,0.9032660703141252,0.19438809547607372,0.876,0.7519642828567313,0.8832567006840866,1.0242914979757085,0.8759808772568121,0.8774703557312253,0.7432780358327803,78000.0,2928.0
meta.imbalanced.OnlineRUSBoost -l (trees.HoeffdingTree -e 2000000 -g 100 -c 0.01),ArffFileStream -f ./../../../Dataset/Synthetic_IM50/stream_gen_SEA.arff,1,78500.0,6.484375,4.911756453414754E-9,78500.0,0.8896735040271573,0.18073580518339466,0.864,0.7276644826426157,0.9032660703141252,0.9455252918287937,0.863588267174258,0.8518518518518519,0.7184302141576115,78500.0,2928.0
meta.imbalanced.OnlineRUSBoost -l (trees.HoeffdingTree -e 2000000 -g 100 -c 0.01),ArffFileStream -f ./../../../Dataset/Synthetic_IM50/stream_gen_SEA.arff,1,79000.0,6.53125,4.947263126571969E-9,79000.0,0.8925810324129652,0.17753887500364407,0.86,0.7197982547434152,0.8896735040271573,0.9607843137254902,0.8597160255909292,0.8489795918367347,0.7101297339798192,79000.0,2928.0
meta.imbalanced.OnlineRUSBoost -l (trees.HoeffdingTree -e 2000000 -g 100 -c 0.01),ArffFileStream -f ./../../../Dataset/Synthetic_IM50/stream_gen_SEA.arff,1,79500.0,6.5625,4.970934242010113E-9,79500.0,0.8929329644879053,0.1774808870345908,0.872,0.7414684591520165,0.8925810324129652,0.8656716417910447,0.8680288067017273,0.8275862068965517,0.734861907243356,79500.0,2928.0
meta.imbalanced.OnlineRUSBoost -l (trees.HoeffdingTree -e 2000000 -g 100 -c 0.01),ArffFileStream -f ./../../../Dataset/Synthetic_IM50/stream_gen_SEA.arff,1,80000.0,6.609375,5.006440915167328E-9,80000.0,0.9124929971988796,0.19028439962253785,0.874,0.748,0.8929329644879053,1.0408163265306123,0.8741176309016203,0.8666666666666667,0.7390156124588976,80000.0,2928.0
meta.imbalanced.OnlineRUSBoost -l (trees.HoeffdingTree -e 2000000 -g 100 -c 0.01),ArffFileStream -f ./../../../Dataset/Synthetic_IM50/stream_gen_SEA.arff,1,80500.0,6.640625,5.030112030605471E-9,80500.0,0.9130713918849512,0.2003551890728394,0.884,0.7673747032022076,0.9124929971988796,0.8939393939393939,0.8838562377437064,0.8813559322033898,0.759738588998096,80500.0,2928.0
meta.imbalanced.OnlineRUSBoost -l (trees.HoeffdingTree -e 2000000 -g 100 -c 0.01),ArffFileStream -f ./../../../Dataset/Synthetic_IM50/stream_gen_SEA.arff,1,81000.0,6.671875,5.053783146043615E-9,81000.0,0.9118983614951357,0.20435459281649004,0.886,0.7720948085596392,0.9130713918849512,1.0161290322580645,0.8857551648065998,0.8571428571428571,0.7639148109324265,81000.0,2928.0
meta.imbalanced.OnlineRUSBoost -l (trees.HoeffdingTree -e 2000000 -g 100 -c 0.01),ArffFileStream -f ./../../../Dataset/Synthetic_IM50/stream_gen_SEA.arff,1,81500.0,6.71875,5.08928981920083E-9,81500.0,0.8943687891056312,0.18463462455209595,0.876,0.7519166439923815,0.9118983614951357,1.0242914979757085,0.8758347221081754,0.8853754940711462,0.7431635661278846,81500.0,2928.0
meta.imbalanced.OnlineRUSBoost -l (trees.HoeffdingTree -e 2000000 -g 100 -c 0.01),ArffFileStream -f ./../../../Dataset/Synthetic_IM50/stream_gen_SEA.arff,1,82000.0,6.75,5.112960934638973E-9,82000.0,0.8909613778034831,0.19425777527087645,0.862,0.7232205891791283,0.8943687891056312,0.8796992481203008,0.8620742616768678,0.8632478632478633,0.7141774645752823,82000.0,2928.0
meta.imbalanced.OnlineRUSBoost -l (trees.HoeffdingTree -e 2000000 -g 100 -c 0.01),ArffFileStream -f ./../../../Dataset/Synthetic_IM50/stream_gen_SEA.arff,1,82500.0,6.78125,5.1366320500771165E-9,82500.0,0.8803693745598873,0.17702833026819237,0.864,0.7276164840094853,0.8909613778034831,0.968503937007874,0.8625441782944421,0.8252032520325203,0.7183522855636719,82500.0,2928.0
meta.imbalanced.OnlineRUSBoost -l (trees.HoeffdingTree -e 2000000 -g 100 -c 0.01),ArffFileStream -f ./../../../Dataset/Synthetic_IM50/stream_gen_SEA.arff,1,83000.0,6.8125,5.16030316551526E-9,83000.0,0.8866346153846154,0.18801477220774732,0.856,0.7109826589595375,0.8803693745598873,0.9230769230769231,0.8542878275544444,0.825,0.7017368736274705,83000.0,2928.0
meta.imbalanced.OnlineRUSBoost -l (trees.HoeffdingTree -e 2000000 -g 100 -c 0.01),ArffFileStream -f ./../../../Dataset/Synthetic_IM50/stream_gen_SEA.arff,1,83500.0,6.84375,5.183974280953403E-9,83500.0,0.9102999803934383,0.19394248576300233,0.902,0.7990221813886338,0.8866346153846154,0.7482517482517482,0.8974071095622049,0.8691588785046729,0.7968773271111553,83500.0,2928.0
meta.imbalanced.OnlineRUSBoost -l (trees.HoeffdingTree -e 2000000 -g 100 -c 0.01),ArffFileStream -f ./../../../Dataset/Synthetic_IM50/stream_gen_SEA.arff,1,84000.0,6.890625,5.219480954110618E-9,84000.0,0.8882351995627783,0.19346001707200622,0.848,0.6957517334144662,0.9102999803934383,1.145922746781116,0.8490212900664859,0.8314606741573034,0.6849740932642486,84000.0,2928.0
meta.imbalanced.OnlineRUSBoost -l (trees.HoeffdingTree -e 2000000 -g 100 -c 0.01),ArffFileStream -f ./../../../Dataset/Synthetic_IM50/stream_gen_SEA.arff,1,84500.0,6.921875,5.243152069548762E-9,84500.0,0.8952051725241662,0.18346543685354832,0.866,0.7318111950813372,0.8882351995627783,0.968503937007874,0.8655910162650167,0.8495934959349594,0.7223121443986659,84500.0,2928.0
meta.imbalanced.OnlineRUSBoost -l (trees.HoeffdingTree -e 2000000 -g 100 -c 0.01),ArffFileStream -f ./../../../Dataset/Synthetic_IM50/stream_gen_SEA.arff,1,85000.0,6.96875,5.278658742705977E-9,85000.0,0.8762640901771337,0.17720694678807564,0.842,0.6818621134020618,0.8952051725241662,0.8518518518518519,0.8406921464032804,0.8260869565217391,0.6724869531288103,85000.0,2928.0
meta.imbalanced.OnlineRUSBoost -l (trees.HoeffdingTree -e 2000000 -g 100 -c 0.01),ArffFileStream -f ./../../../Dataset/Synthetic_IM50/stream_gen_SEA.arff,1,85500.0,7.0,5.30232985814412E-9,85500.0,0.8793705174180327,0.1762798426931964,0.858,0.7159181844371179,0.8762640901771337,0.953125,0.8580583244248342,0.860655737704918,0.7056727272727272,85500.0,2928.0
meta.imbalanced.OnlineRUSBoost -l (trees.HoeffdingTree -e 2000000 -g 100 -c 0.01),ArffFileStream -f ./../../../Dataset/Synthetic_IM50/stream_gen_SEA.arff,1,86000.0,7.03125,5.326000973582264E-9,86000.0,0.9193607788506188,0.2026928985918292,0.884,0.7675052511744994,0.8793705174180327,0.9455252918287937,0.8828153944104944,0.8559670781893004,0.7595507242883656,86000.0,2928.0
meta.imbalanced.OnlineRUSBoost -l (trees.HoeffdingTree -e 2000000 -g 100 -c 0.01),ArffFileStream -f ./../../../Dataset/Synthetic_IM50/stream_gen_SEA.arff,1,86500.0,7.078125,5.361507646739479E-9,86500.0,0.8827057540573481,0.1795539369016843,0.852,0.704,0.9193607788506188,1.1008403361344539,0.8526447178904216,0.8358778625954199,0.6932697606440328,86500.0,2928.0
meta.imbalanced.OnlineRUSBoost -l (trees.HoeffdingTree -e 2000000 -g 100 -c 0.01),ArffFileStream -f ./../../../Dataset/Synthetic_IM50/stream_gen_SEA.arff,1,87000.0,7.125,5.397014319896694E-9,87000.0,0.9034013605442177,0.1963706582294999,0.868,0.7357674753783329,0.8827057540573481,0.9607843137254902,0.8675834717375458,0.8530612244897959,0.7264802553232029,87000.0,2928.0
meta.imbalanced.OnlineRUSBoost -l (trees.HoeffdingTree -e 2000000 -g 100 -c 0.01),ArffFileStream -f ./../../../Dataset/Synthetic_IM50/stream_gen_SEA.arff,1,87500.0,7.15625,5.420685435334837E-9,87500.0,0.926144,0.2119790947278845,0.89,0.78,0.9034013605442177,1.0,0.8899977528061518,0.892,0.7721030449400957,87500.0,2928.0
meta.imbalanced.OnlineRUSBoost -l (trees.HoeffdingTree -e 2000000 -g 100 -c 0.01),ArffFileStream -f ./../../../Dataset/Synthetic_IM50/stream_gen_SEA.arff,1,88000.0,7.1875,5.4443565507729806E-9,88000.0,0.9155455186110577,0.2045593121204501,0.886,0.7720291802649261,0.926144,1.0661157024793388,0.886343307621816,0.872093023255814,0.7637528259231349,88000.0,2928.0
meta.imbalanced.OnlineRUSBoost -l (trees.HoeffdingTree -e 2000000 -g 100 -c 0.01),ArffFileStream -f ./../../../Dataset/Synthetic_IM50/stream_gen_SEA.arff,1,88500.0,7.234375,5.479863223930196E-9,88500.0,0.9052254098360656,0.2014068185766698,0.884,0.7678216870556588,0.9155455186110577,0.953125,0.883811024048415,0.8770491803278688,0.7596178612405461,88500.0,2928.0
meta.imbalanced.OnlineRUSBoost -l (trees.HoeffdingTree -e 2000000 -g 100 -c 0.01),ArffFileStream -f ./../../../Dataset/Synthetic_IM50/stream_gen_SEA.arff,1,89000.0,7.265625,5.503534339368339E-9,89000.0,0.9053590877058108,0.20247210661844545,0.886,0.7722623537684588,0.9052254098360656,1.0661157024793388,0.8864517221910702,0.8565891472868217,0.7637553263324564,89000.0,2928.0
meta.imbalanced.OnlineRUSBoost -l (trees.HoeffdingTree -e 2000000 -g 100 -c 0.01),ArffFileStream -f ./../../../Dataset/Synthetic_IM50/stream_gen_SEA.arff,1,89500.0,7.3125,5.539041012525554E-9,89500.0,0.8918672239035403,0.19444014626264639,0.86,0.7200313564880733,0.9053590877058108,1.0576131687242798,0.8602535605109015,0.8482490272373541,0.709832800703997,89500.0,2928.0
meta.imbalanced.OnlineRUSBoost -l (trees.HoeffdingTree -e 2000000 -g 100 -c 0.01),ArffFileStream -f ./../../../Dataset/Synthetic_IM50/stream_gen_SEA.arff,1,90000.0,7.328125,5.550876570244626E-9,90000.0,0.9042154791626656,0.20164116790070563,0.874,0.7479838709677419,0.8918672239035403,0.968503937007874,0.8740546760492969,0.8780487804878049,0.7388360470739964,90000.0,2928.0
meta.imbalanced.OnlineRUSBoost -l (trees.HoeffdingTree -e 2000000 -g 100 -c 0.01),ArffFileStream -f ./../../../Dataset/Synthetic_IM50/stream_gen_SEA.arff,1,90500.0,7.375,5.586383243401841E-9,90500.0,0.8857435470707782,0.19366890963297617,0.86,0.7201746110427093,0.9042154791626656,1.0242914979757085,0.8598293203480902,0.8300395256916996,0.7098628317570816,90500.0,2928.0
meta.imbalanced.OnlineRUSBoost -l (trees.HoeffdingTree -e 2000000 -g 100 -c 0.01),ArffFileStream -f ./../../../Dataset/Synthetic_IM50/stream_gen_SEA.arff,1,91000.0,7.40625,5.610054358839984E-9,91000.0,0.904912,0.2007252747285022,0.878,0.756,0.8857435470707782,1.0,0.8779977220927171,0.88,0.747204954801102,91000.0,2928.0
meta.imbalanced.OnlineRUSBoost -l (trees.HoeffdingTree -e 2000000 -g 100 -c 0.01),ArffFileStream -f ./../../../Dataset/Synthetic_IM50/stream_gen_SEA.arff,1,91500.0,7.4375,5.633725474278128E-9,91500.0,0.9134915427821606,0.20777575914603436,0.884,0.7679220217993246,0.904912,0.9762845849802372,0.8838373652784259,0.8744939271255061,0.759581407991302,91500.0,2928.0
meta.imbalanced.OnlineRUSBoost -l (trees.HoeffdingTree -e 2000000 -g 100 -c 0.01),ArffFileStream -f ./../../../Dataset/Synthetic_IM50/stream_gen_SEA.arff,1,92000.0,7.484375,5.669232147435343E-9,92000.0,0.8726815114060822,0.1949842609490366,0.844,0.6878351769734419,0.9134915427821606,1.0920502092050208,0.8443531469772971,0.8352490421455939,0.6767494763395572,92000.0,2928.0
meta.imbalanced.OnlineRUSBoost -l (trees.HoeffdingTree -e 2000000 -g 100 -c 0.01),ArffFileStream -f ./../../../Dataset/Synthetic_IM50/stream_gen_SEA.arff,1,92500.0,7.515625,5.692903262873486E-9,92500.0,0.9200211609676333,0.21898522477139976,0.896,0.7913757963827773,0.8726815114060822,0.9157088122605364,0.8951151789414556,0.8786610878661087,0.7845561229060288,92500.0,2928.0
meta.imbalanced.OnlineRUSBoost -l (trees.HoeffdingTree -e 2000000 -g 100 -c 0.01),ArffFileStream -f ./../../../Dataset/Synthetic_IM50/stream_gen_SEA.arff,1,93000.0,7.5625,5.728409936030701E-9,93000.0,0.9120743727598566,0.20962877082713738,0.878,0.755945331754313,0.9200211609676333,1.0161290322580645,0.8778435618015409,0.8888888888888888,0.7473107503173649,93000.0,2928.0
meta.imbalanced.OnlineRUSBoost -l (trees.HoeffdingTree -e 2000000 -g 100 -c 0.01),ArffFileStream -f ./../../../Dataset/Synthetic_IM50/stream_gen_SEA.arff,1,93500.0,7.59375,5.752081051468845E-9,93500.0,0.8815056654503552,0.19850899701685953,0.864,0.7277560694382166,0.9120743727598566,0.968503937007874,0.8633601913743375,0.8414634146341463,0.7182549354131124,93500.0,2928.0
meta.imbalanced.OnlineRUSBoost -l (trees.HoeffdingTree -e 2000000 -g 100 -c 0.01),ArffFileStream -f ./../../../Dataset/Synthetic_IM50/stream_gen_SEA.arff,1,94000.0,7.625,5.775752166906988E-9,94000.0,0.8946950547669972,0.20350626518596843,0.876,0.749531381294034,0.8815056654503552,1.2522522522522523,0.8757837707107723,0.8776978417266187,0.7429881813370964,94000.0,2928.0
meta.imbalanced.OnlineRUSBoost -l (trees.HoeffdingTree -e 2000000 -g 100 -c 0.01),ArffFileStream -f ./../../../Dataset/Synthetic_IM50/stream_gen_SEA.arff,1,94500.0,7.671875,5.811258840064203E-9,94500.0,0.8860443134302055,0.19297327859607888,0.866,0.7318455430327869,0.8946950547669972,0.9305019305019305,0.8661710726039126,0.8713692946058091,0.722369603823639,94500.0,2928.0
meta.imbalanced.OnlineRUSBoost -l (trees.HoeffdingTree -e 2000000 -g 100 -c 0.01),ArffFileStream -f ./../../../Dataset/Synthetic_IM50/stream_gen_SEA.arff,1,95000.0,7.703125,5.8349299555023465E-9,95000.0,0.8691505025286473,0.18606514804413438,0.848,0.6956103812880486,0.8860443134302055,1.032520325203252,0.846748810325845,0.8818897637795275,0.6851767065646325,95000.0,2928.0
meta.imbalanced.OnlineRUSBoost -l (trees.HoeffdingTree -e 2000000 -g 100 -c 0.01),ArffFileStream -f ./../../../Dataset/Synthetic_IM50/stream_gen_SEA.arff,1,95500.0,7.75,5.870436628659562E-9,95500.0,0.8717784022480931,0.1869938614252798,0.838,0.675532767184746,0.8691505025286473,1.127659574468085,0.8384574163429374,0.8301886792452831,0.6643306574094162,95500.0,2928.0
meta.imbalanced.OnlineRUSBoost -l (trees.HoeffdingTree -e 2000000 -g 100 -c 0.01),ArffFileStream -f ./../../../Dataset/Synthetic_IM50/stream_gen_SEA.arff,1,96000.0,7.78125,5.894107744097705E-9,96000.0,0.8871698476961635,0.19058282378849706,0.848,0.6944355098102283,0.8717784022480931,0.8796992481203008,0.8466736343905086,0.8290598290598291,0.6851508220774176,96000.0,2928.0
meta.imbalanced.OnlineRUSBoost -l (trees.HoeffdingTree -e 2000000 -g 100 -c 0.01),ArffFileStream -f ./../../../Dataset/Synthetic_IM50/stream_gen_SEA.arff,1,96500.0,7.828125,5.92961441725492E-9,96500.0,0.8878752960757954,0.19404180608748794,0.856,0.7122578169959716,0.8871698476961635,1.032520325203252,0.8558758823700209,0.8228346456692913,0.7018281692558578,96500.0,2928.0
meta.imbalanced.OnlineRUSBoost -l (trees.HoeffdingTree -e 2000000 -g 100 -c 0.01),ArffFileStream -f ./../../../Dataset/Synthetic_IM50/stream_gen_SEA.arff,1,97000.0,7.859375,5.9532855326930635E-9,97000.0,0.8929854384501892,0.19018752761025448,0.858,0.7147402931344818,0.8878752960757954,0.9083969465648855,0.8561265812214701,0.8277310924369747,0.705991590001921,97000.0,2928.0
meta.imbalanced.OnlineRUSBoost -l (trees.HoeffdingTree -e 2000000 -g 100 -c 0.01),ArffFileStream -f ./../../../Dataset/Synthetic_IM50/stream_gen_SEA.arff,1,97500.0,7.90625,5.9887922058502786E-9,97500.0,0.9219802424786708,0.20159632906122843,0.896,0.7919200973173699,0.8929854384501892,1.1008403361344539,0.8965958671996426,0.8816793893129771,0.7846722303624897,97500.0,2928.0
meta.imbalanced.OnlineRUSBoost -l (trees.HoeffdingTree -e 2000000 -g 100 -c 0.01),ArffFileStream -f ./../../../Dataset/Synthetic_IM50/stream_gen_SEA.arff,1,98000.0,7.9375,6.012463321288422E-9,98000.0,0.8955867215645908,0.1909087617348622,0.874,0.7464666301793246,0.9219802424786708,0.8656716417910447,0.872777671943036,0.8577586206896551,0.7391414568193341,98000.0,2928.0
meta.imbalanced.OnlineRUSBoost -l (trees.HoeffdingTree -e 2000000 -g 100 -c 0.01),ArffFileStream -f ./../../../Dataset/Synthetic_IM50/stream_gen_SEA.arff,1,98500.0,7.984375,6.047969994445637E-9,98500.0,0.8983259714486909,0.2019503592830103,0.87,0.7397501601537476,0.8955867215645908,0.968503937007874,0.8692809938439021,0.8455284552845529,0.730913905058104,98500.0,2928.0
meta.imbalanced.OnlineRUSBoost -l (trees.HoeffdingTree -e 2000000 -g 100 -c 0.01),ArffFileStream -f ./../../../Dataset/Synthetic_IM50/stream_gen_SEA.arff,1,99000.0,8.015625,6.0716411098837804E-9,99000.0,0.8955125843092648,0.1958533985500393,0.87,0.7402244460785881,0.8983259714486909,1.0746887966804979,0.870543605245912,0.8455598455598455,0.7308995107263832,99000.0,2928.0
meta.imbalanced.OnlineRUSBoost -l (trees.HoeffdingTree -e 2000000 -g 100 -c 0.01),ArffFileStream -f ./../../../Dataset/Synthetic_IM50/stream_gen_SEA.arff,1,99500.0,8.046875,6.095312225321924E-9,99500.0,0.899238204980475,0.2048370059076432,0.868,0.7358647627585323,0.8955125843092648,1.032520325203252,0.8677792221753644,0.8779527559055118,0.7267734553775743,99500.0,2928.0
meta.imbalanced.OnlineRUSBoost -l (trees.HoeffdingTree -e 2000000 -g 100 -c 0.01),ArffFileStream -f ./../../../Dataset/Synthetic_IM50/stream_gen_SEA.arff,1,100000.0,8.09375,6.130818898479139E-9,100000.0,0.8751830573391912,0.19605266506451935,0.846,0.6901159047005795,0.899238204980475,0.8587360594795539,0.8448400125705154,0.8311688311688312,0.6811924231446019,100000.0,2928.0
