Learner,stream,randomSeed,learning evaluation instances,evaluation time (cpu seconds),model cost (RAM-Hours),classified instances,AUC,sAUC,Accuracy,Kappa,Periodical holdout AUC,Pos/Neg ratio,G-Mean,Recall,KappaM,model training instances,model serialized size (bytes)
meta.imbalanced.OnlineAdaBoost -l (trees.HoeffdingTree -e 2000000 -g 100 -c 0.01),ArffFileStream -f ./../../../Dataset/Synthetic_IM20/stream_gen_RBF_drift.arff,1,500.0,0.515625,3.9804338787992793E-10,500.0,0.6175877911819232,0.1553962135424421,0.828,0.21421000694419073,0.0,0.22249388753056235,0.42583108777712014,0.18681318681318682,0.05494505494505498,500.0,2984.0
meta.imbalanced.OnlineAdaBoost -l (trees.HoeffdingTree -e 2000000 -g 100 -c 0.01),ArffFileStream -f ./../../../Dataset/Synthetic_IM20/stream_gen_RBF_drift.arff,1,1000.0,0.703125,5.427864380180835E-10,1000.0,0.8895909544396409,0.21673951322406704,0.864,0.4746438394264344,0.6175877911819232,0.24069478908188585,0.6403861297134048,0.422680412371134,0.2765957446808508,1000.0,2984.0
meta.imbalanced.OnlineAdaBoost -l (trees.HoeffdingTree -e 2000000 -g 100 -c 0.01),ArffFileStream -f ./../../../Dataset/Synthetic_IM20/stream_gen_RBF_drift.arff,1,1500.0,0.859375,6.634056464665466E-10,1500.0,0.9145583382364227,0.25809532334645635,0.89,0.5770792322834646,0.8895909544396409,0.24069478908188585,0.6981962017211373,0.4948453608247423,0.4210526315789473,1500.0,2984.0
meta.imbalanced.OnlineAdaBoost -l (trees.HoeffdingTree -e 2000000 -g 100 -c 0.01),ArffFileStream -f ./../../../Dataset/Synthetic_IM20/stream_gen_RBF_drift.arff,1,2000.0,1.0,7.719629340701633E-10,2000.0,0.9238782051282052,0.2803838835776854,0.9,0.6576468010517091,0.9145583382364227,0.26262626262626265,0.7694164985570222,0.6057692307692307,0.48586118251928034,2000.0,2984.0
meta.imbalanced.OnlineAdaBoost -l (trees.HoeffdingTree -e 2000000 -g 100 -c 0.01),ArffFileStream -f ./../../../Dataset/Synthetic_IM20/stream_gen_RBF_drift.arff,1,2500.0,1.140625,8.8052022167378E-10,2500.0,0.91039452093886,0.2912514421764786,0.894,0.6367275319405604,0.9238782051282052,0.272264631043257,0.7482908001191036,0.5700934579439252,0.46572580645161304,2500.0,2984.0
meta.imbalanced.OnlineAdaBoost -l (trees.HoeffdingTree -e 2000000 -g 100 -c 0.01),ArffFileStream -f ./../../../Dataset/Synthetic_IM20/stream_gen_RBF_drift.arff,1,3000.0,1.265625,9.770155884325504E-10,3000.0,0.9631637773180186,0.3227941599715427,0.918,0.7233169572963345,0.91039452093886,0.272264631043257,0.7999607609696263,0.6448598130841121,0.592039800995025,3000.0,2984.0
meta.imbalanced.OnlineAdaBoost -l (trees.HoeffdingTree -e 2000000 -g 100 -c 0.01),ArffFileStream -f ./../../../Dataset/Synthetic_IM20/stream_gen_RBF_drift.arff,1,3500.0,1.40625,1.085572876036167E-9,3500.0,0.9498850684800306,0.30785468263984106,0.912,0.703950909678114,0.9631637773180186,0.26903553299492383,0.7948208947711862,0.6415094339622641,0.5655853314527506,3500.0,2984.0
meta.imbalanced.OnlineAdaBoost -l (trees.HoeffdingTree -e 2000000 -g 100 -c 0.01),ArffFileStream -f ./../../../Dataset/Synthetic_IM20/stream_gen_RBF_drift.arff,1,4000.0,1.5,1.1579444011052448E-9,4000.0,0.963170731707317,0.28494788816472105,0.924,0.6980292434837893,0.9498850684800306,0.21951219512195122,0.7727050994601415,0.6,0.6195244055068838,4000.0,2984.0
meta.imbalanced.OnlineAdaBoost -l (trees.HoeffdingTree -e 2000000 -g 100 -c 0.01),ArffFileStream -f ./../../../Dataset/Synthetic_IM20/stream_gen_RBF_drift.arff,1,4500.0,1.59375,1.2303159261743226E-9,4500.0,0.951054291063159,0.3283510378580809,0.908,0.6766392981666856,0.963170731707317,0.2562814070351759,0.7737439323666292,0.6078431372549019,0.5405105438401776,4500.0,2984.0
meta.imbalanced.OnlineAdaBoost -l (trees.HoeffdingTree -e 2000000 -g 100 -c 0.01),ArffFileStream -f ./../../../Dataset/Synthetic_IM20/stream_gen_RBF_drift.arff,1,5000.0,1.703125,1.3147493720882467E-9,5000.0,0.9094653641702152,0.23675340919646706,0.9,0.5749889497126925,0.951054291063159,0.2106537530266344,0.6905896649459912,0.4827586206896552,0.493927125506073,5000.0,2984.0
meta.imbalanced.OnlineAdaBoost -l (trees.HoeffdingTree -e 2000000 -g 100 -c 0.01),ArffFileStream -f ./../../../Dataset/Synthetic_IM20/stream_gen_RBF_drift.arff,1,5500.0,1.8125,1.399182818002171E-9,5500.0,0.9295694130022181,0.26164001405418624,0.88,0.6050240935302946,0.9094653641702152,0.29198966408268734,0.7320606117301753,0.5486725663716814,0.40054495912806526,5500.0,2984.0
meta.imbalanced.OnlineAdaBoost -l (trees.HoeffdingTree -e 2000000 -g 100 -c 0.01),ArffFileStream -f ./../../../Dataset/Synthetic_IM20/stream_gen_RBF_drift.arff,1,6000.0,1.90625,1.4715543430712487E-9,6000.0,0.8906916027280477,0.21972918067051783,0.886,0.559123816595508,0.9295694130022181,0.22549019607843138,0.7041619059348645,0.5108695652173914,0.4266554903604359,6000.0,2984.0
meta.imbalanced.OnlineAdaBoost -l (trees.HoeffdingTree -e 2000000 -g 100 -c 0.01),ArffFileStream -f ./../../../Dataset/Synthetic_IM20/stream_gen_RBF_drift.arff,1,6500.0,2.015625,1.5559877889851728E-9,6500.0,0.9202020473414116,0.23992263046815338,0.896,0.5698640108526619,0.8906916027280477,0.22249388753056235,0.6840366780755486,0.4725274725274725,0.4735202492211839,6500.0,2984.0
meta.imbalanced.OnlineAdaBoost -l (trees.HoeffdingTree -e 2000000 -g 100 -c 0.01),ArffFileStream -f ./../../../Dataset/Synthetic_IM20/stream_gen_RBF_drift.arff,1,7000.0,2.125,1.640421234899097E-9,7000.0,0.9179828207259628,0.25671209555211644,0.9,0.6351749700843476,0.9202020473414116,0.24688279301745636,0.7455080559711762,0.5656565656565656,0.4938539407086047,7000.0,2984.0
meta.imbalanced.OnlineAdaBoost -l (trees.HoeffdingTree -e 2000000 -g 100 -c 0.01),ArffFileStream -f ./../../../Dataset/Synthetic_IM20/stream_gen_RBF_drift.arff,1,7500.0,2.234375,1.7248546808130212E-9,7500.0,0.9289044289044289,0.25325518541896597,0.892,0.6148579253680245,0.9179828207259628,0.26262626262626265,0.7282190812544191,0.5384615384615384,0.45527908540685963,7500.0,2984.0
meta.imbalanced.OnlineAdaBoost -l (trees.HoeffdingTree -e 2000000 -g 100 -c 0.01),ArffFileStream -f ./../../../Dataset/Synthetic_IM20/stream_gen_RBF_drift.arff,1,8000.0,2.3125,1.7851642850372527E-9,8000.0,0.9340366581415175,0.2924542254969482,0.916,0.6798390047566778,0.9289044289044289,0.22549019607843138,0.7744315628409632,0.6086956521739131,0.5744141861937937,8000.0,2984.0
meta.imbalanced.OnlineAdaBoost -l (trees.HoeffdingTree -e 2000000 -g 100 -c 0.01),ArffFileStream -f ./../../../Dataset/Synthetic_IM20/stream_gen_RBF_drift.arff,1,8500.0,2.390625,1.8454738892614843E-9,8500.0,0.9450994575045208,0.3099840697518643,0.904,0.6636299929922916,0.9340366581415175,0.26582278481012656,0.7583332505348735,0.580952380952381,0.5154394299287411,8500.0,2984.0
meta.imbalanced.OnlineAdaBoost -l (trees.HoeffdingTree -e 2000000 -g 100 -c 0.01),ArffFileStream -f ./../../../Dataset/Synthetic_IM20/stream_gen_RBF_drift.arff,1,9000.0,2.484375,1.9178454143305622E-9,9000.0,0.9300568132535346,0.281504107246814,0.886,0.6619056657492646,0.9450994575045208,0.32275132275132273,0.7857201996323695,0.639344262295082,0.43189368770764125,9000.0,2984.0
meta.imbalanced.OnlineAdaBoost -l (trees.HoeffdingTree -e 2000000 -g 100 -c 0.01),ArffFileStream -f ./../../../Dataset/Synthetic_IM20/stream_gen_RBF_drift.arff,1,9500.0,2.59375,2.002278860244486E-9,9500.0,0.90145,0.25359562199112523,0.884,0.5735294117647057,0.9300568132535346,0.25,0.7060630283480364,0.51,0.421825813221406,9500.0,2984.0
meta.imbalanced.OnlineAdaBoost -l (trees.HoeffdingTree -e 2000000 -g 100 -c 0.01),ArffFileStream -f ./../../../Dataset/Synthetic_IM20/stream_gen_RBF_drift.arff,1,10000.0,2.6875,2.074650385313564E-9,10000.0,0.9020901171690184,0.241392895134387,0.892,0.5140563694611425,0.90145,0.2106537530266344,0.6327327019536498,0.40229885057471265,0.4581033617661818,10000.0,2984.0
meta.imbalanced.OnlineAdaBoost -l (trees.HoeffdingTree -e 2000000 -g 100 -c 0.01),ArffFileStream -f ./../../../Dataset/Synthetic_IM20/stream_gen_RBF_drift.arff,1,10500.0,2.765625,2.1349599895377955E-9,10500.0,0.938159651376609,0.2509516042960876,0.892,0.5800802513297459,0.9020901171690184,0.24688279301745636,0.6872988119575868,0.47474747474747475,0.45793499043977054,10500.0,2984.0
meta.imbalanced.OnlineAdaBoost -l (trees.HoeffdingTree -e 2000000 -g 100 -c 0.01),ArffFileStream -f ./../../../Dataset/Synthetic_IM20/stream_gen_RBF_drift.arff,1,11000.0,2.84375,2.195269593762027E-9,11000.0,0.9483228797382056,0.3330932211849067,0.918,0.74585936725181,0.938159651376609,0.29533678756476683,0.8300772675825175,0.7017543859649122,0.5911151405258389,11000.0,2984.0
meta.imbalanced.OnlineAdaBoost -l (trees.HoeffdingTree -e 2000000 -g 100 -c 0.01),ArffFileStream -f ./../../../Dataset/Synthetic_IM20/stream_gen_RBF_drift.arff,1,11500.0,2.921875,2.2555791979862585E-9,11500.0,0.9475778471680111,0.33811418791731374,0.918,0.7611613384285582,0.9483228797382056,0.32275132275132273,0.8450259580667181,0.7295081967213115,0.5949312714776633,11500.0,2984.0
meta.imbalanced.OnlineAdaBoost -l (trees.HoeffdingTree -e 2000000 -g 100 -c 0.01),ArffFileStream -f ./../../../Dataset/Synthetic_IM20/stream_gen_RBF_drift.arff,1,12000.0,3.015625,2.3279507230553363E-9,12000.0,0.9071781228415748,0.27266856141029705,0.908,0.6606568503054089,0.9475778471680111,0.24069478908188585,0.7608416715165941,0.5876288659793815,0.5447422680412372,12000.0,2984.0
meta.imbalanced.OnlineAdaBoost -l (trees.HoeffdingTree -e 2000000 -g 100 -c 0.01),ArffFileStream -f ./../../../Dataset/Synthetic_IM20/stream_gen_RBF_drift.arff,1,12500.0,3.078125,2.3761984064347216E-9,12500.0,0.9430338295674954,0.3031026906471399,0.922,0.7330814717477004,0.9071781228415748,0.24688279301745636,0.8254253361548742,0.696969696969697,0.6137083993660858,12500.0,2984.0
meta.imbalanced.OnlineAdaBoost -l (trees.HoeffdingTree -e 2000000 -g 100 -c 0.01),ArffFileStream -f ./../../../Dataset/Synthetic_IM20/stream_gen_RBF_drift.arff,1,13000.0,3.171875,2.4485699315037993E-9,13000.0,0.9279608828456005,0.29209521272578626,0.906,0.6789617486338799,0.9430338295674954,0.2562814070351759,0.7881899975661181,0.6372549019607843,0.5346534653465347,13000.0,2984.0
meta.imbalanced.OnlineAdaBoost -l (trees.HoeffdingTree -e 2000000 -g 100 -c 0.01),ArffFileStream -f ./../../../Dataset/Synthetic_IM20/stream_gen_RBF_drift.arff,1,13500.0,3.25,2.508879535728031E-9,13500.0,0.903726640354129,0.2480863720795724,0.886,0.6531665287445846,0.9279608828456005,0.31926121372031663,0.7716435898668468,0.6115702479338843,0.4397524572260649,13500.0,2984.0
meta.imbalanced.OnlineAdaBoost -l (trees.HoeffdingTree -e 2000000 -g 100 -c 0.01),ArffFileStream -f ./../../../Dataset/Synthetic_IM20/stream_gen_RBF_drift.arff,1,14000.0,3.34375,2.5812510607971086E-9,14000.0,0.9028399403239556,0.22455252898194147,0.906,0.6328813347497346,0.903726640354129,0.22549019607843138,0.7390505071873729,0.5543478260869565,0.5364564987671716,14000.0,2984.0
meta.imbalanced.OnlineAdaBoost -l (trees.HoeffdingTree -e 2000000 -g 100 -c 0.01),ArffFileStream -f ./../../../Dataset/Synthetic_IM20/stream_gen_RBF_drift.arff,1,14500.0,3.40625,2.629498744176494E-9,14500.0,0.9081682924426052,0.23741732324615455,0.868,0.49392712550607254,0.9028399403239556,0.2562814070351759,0.6368337284986351,0.4117647058823529,0.3492009520571234,14500.0,2984.0
meta.imbalanced.OnlineAdaBoost -l (trees.HoeffdingTree -e 2000000 -g 100 -c 0.01),ArffFileStream -f ./../../../Dataset/Synthetic_IM20/stream_gen_RBF_drift.arff,1,15000.0,3.5,2.7018702692455716E-9,15000.0,0.9592619152691968,0.25687085518436964,0.906,0.5988391942642542,0.9081682924426052,0.21359223300970873,0.6973265680107584,0.48863636363636365,0.5344998349290195,15000.0,2984.0
meta.imbalanced.OnlineAdaBoost -l (trees.HoeffdingTree -e 2000000 -g 100 -c 0.01),ArffFileStream -f ./../../../Dataset/Synthetic_IM20/stream_gen_RBF_drift.arff,1,15500.0,3.5625,2.750117952624957E-9,15500.0,0.9501357266880243,0.27598126074412005,0.9,0.6429693524892177,0.9592619152691968,0.2594458438287154,0.7456639799376784,0.5631067961165048,0.505108556832695,15500.0,2984.0
meta.imbalanced.OnlineAdaBoost -l (trees.HoeffdingTree -e 2000000 -g 100 -c 0.01),ArffFileStream -f ./../../../Dataset/Synthetic_IM20/stream_gen_RBF_drift.arff,1,16000.0,3.640625,2.8104275568491885E-9,16000.0,0.9193682460515378,0.2701974620220924,0.888,0.6119196119196121,0.9501357266880243,0.24688279301745636,0.7564262419181761,0.5959595959595959,0.4453729495512226,16000.0,2984.0
meta.imbalanced.OnlineAdaBoost -l (trees.HoeffdingTree -e 2000000 -g 100 -c 0.01),ArffFileStream -f ./../../../Dataset/Synthetic_IM20/stream_gen_RBF_drift.arff,1,16500.0,3.71875,2.87073716107342E-9,16500.0,0.9234261714258899,0.27294535894988814,0.888,0.627094265242522,0.9193682460515378,0.27877237851662406,0.7504661964104459,0.5779816513761468,0.4467065868263473,16500.0,2984.0
meta.imbalanced.OnlineAdaBoost -l (trees.HoeffdingTree -e 2000000 -g 100 -c 0.01),ArffFileStream -f ./../../../Dataset/Synthetic_IM20/stream_gen_RBF_drift.arff,1,17000.0,3.78125,2.9189848444528053E-9,17000.0,0.9243664717348928,0.286467707320316,0.906,0.6376811594202899,0.9234261714258899,0.2345679012345679,0.7361808970561403,0.5473684210526316,0.5347889374090248,17000.0,2984.0
meta.imbalanced.OnlineAdaBoost -l (trees.HoeffdingTree -e 2000000 -g 100 -c 0.01),ArffFileStream -f ./../../../Dataset/Synthetic_IM20/stream_gen_RBF_drift.arff,1,17500.0,3.859375,2.979294448677037E-9,17500.0,0.9551767072119529,0.34420457606845173,0.906,0.6849865951742629,0.9243664717348928,0.26903553299492383,0.786918961499977,0.6320754716981132,0.535441965546456,17500.0,2984.0
meta.imbalanced.OnlineAdaBoost -l (trees.HoeffdingTree -e 2000000 -g 100 -c 0.01),ArffFileStream -f ./../../../Dataset/Synthetic_IM20/stream_gen_RBF_drift.arff,1,18000.0,3.921875,3.027542132056422E-9,18000.0,0.9733164249293281,0.33826784184362,0.932,0.7482898516390774,0.9551767072119529,0.2285012285012285,0.8190004095003071,0.6774193548387096,0.6631810676940013,18000.0,2984.0
meta.imbalanced.OnlineAdaBoost -l (trees.HoeffdingTree -e 2000000 -g 100 -c 0.01),ArffFileStream -f ./../../../Dataset/Synthetic_IM20/stream_gen_RBF_drift.arff,1,18500.0,3.984375,3.0757898154358074E-9,18500.0,0.9606791103050455,0.31139203866004983,0.924,0.7298757428417073,0.9733164249293281,0.24688279301745636,0.8062359289986977,0.6565656565656566,0.6233592285025451,18500.0,2984.0
meta.imbalanced.OnlineAdaBoost -l (trees.HoeffdingTree -e 2000000 -g 100 -c 0.01),ArffFileStream -f ./../../../Dataset/Synthetic_IM20/stream_gen_RBF_drift.arff,1,19000.0,4.0625,3.136099419660039E-9,19000.0,0.9153232260867576,0.2501954389799513,0.884,0.6236210253082414,0.9606791103050455,0.29198966408268734,0.7485703981808772,0.5752212389380531,0.42693707748309934,19000.0,2984.0
meta.imbalanced.OnlineAdaBoost -l (trees.HoeffdingTree -e 2000000 -g 100 -c 0.01),ArffFileStream -f ./../../../Dataset/Synthetic_IM20/stream_gen_RBF_drift.arff,1,19500.0,4.125,3.1843471030394243E-9,19500.0,0.9520079435127978,0.28716752917822197,0.92,0.6879290974909502,0.9153232260867576,0.21359223300970873,0.7838246410780699,0.625,0.6034570411794613,19500.0,2984.0
meta.imbalanced.OnlineAdaBoost -l (trees.HoeffdingTree -e 2000000 -g 100 -c 0.01),ArffFileStream -f ./../../../Dataset/Synthetic_IM20/stream_gen_RBF_drift.arff,1,20000.0,4.203125,3.2446567072636558E-9,20000.0,0.9434957764782326,0.2696425667952419,0.896,0.6010434248887524,0.9520079435127978,0.2345679012345679,0.7191793749540681,0.5263157894736842,0.48374286423430146,20000.0,2984.0
meta.imbalanced.OnlineAdaBoost -l (trees.HoeffdingTree -e 2000000 -g 100 -c 0.01),ArffFileStream -f ./../../../Dataset/Synthetic_IM20/stream_gen_RBF_drift.arff,1,20500.0,4.28125,3.3049663114878873E-9,20500.0,0.9138034960819771,0.2466670143387774,0.886,0.5818661971830984,0.9434957764782326,0.26582278481012656,0.6942804307019579,0.4857142857142857,0.434687953555878,20500.0,2984.0
meta.imbalanced.OnlineAdaBoost -l (trees.HoeffdingTree -e 2000000 -g 100 -c 0.01),ArffFileStream -f ./../../../Dataset/Synthetic_IM20/stream_gen_RBF_drift.arff,1,21000.0,4.359375,3.365275915712119E-9,21000.0,0.9065196257139385,0.2555382094723234,0.92,0.6351962644097476,0.9138034960819771,0.1848341232227488,0.7303133831602981,0.5384615384615384,0.6011396011396014,21000.0,2984.0
meta.imbalanced.OnlineAdaBoost -l (trees.HoeffdingTree -e 2000000 -g 100 -c 0.01),ArffFileStream -f ./../../../Dataset/Synthetic_IM20/stream_gen_RBF_drift.arff,1,21500.0,4.4375,3.4255855199363504E-9,21500.0,0.9008096635572791,0.25813380748069414,0.902,0.6105671414038658,0.9065196257139385,0.2315270935960591,0.7119445964955384,0.5106382978723404,0.5106827682303762,21500.0,2984.0
meta.imbalanced.OnlineAdaBoost -l (trees.HoeffdingTree -e 2000000 -g 100 -c 0.01),ArffFileStream -f ./../../../Dataset/Synthetic_IM20/stream_gen_RBF_drift.arff,1,22000.0,4.5,3.4738332033157357E-9,22000.0,0.9626611838765357,0.3463206980420666,0.924,0.7272936043173729,0.9008096635572791,0.24378109452736318,0.8040914766698385,0.6530612244897959,0.6203451407811083,22000.0,2984.0
meta.imbalanced.OnlineAdaBoost -l (trees.HoeffdingTree -e 2000000 -g 100 -c 0.01),ArffFileStream -f ./../../../Dataset/Synthetic_IM20/stream_gen_RBF_drift.arff,1,22500.0,4.5625,3.522080886695121E-9,22500.0,0.9545556679024829,0.364512147285986,0.942,0.78125754284335,0.9626611838765357,0.20772946859903382,0.8553380563570966,0.7441860465116279,0.7093541202672604,22500.0,2984.0
meta.imbalanced.OnlineAdaBoost -l (trees.HoeffdingTree -e 2000000 -g 100 -c 0.01),ArffFileStream -f ./../../../Dataset/Synthetic_IM20/stream_gen_RBF_drift.arff,1,23000.0,4.640625,3.5823904909193525E-9,23000.0,0.929625,0.3200797904300749,0.91,0.6870653685674548,0.9545556679024829,0.25,0.7909487973314075,0.64,0.5490196078431375,23000.0,2984.0
meta.imbalanced.OnlineAdaBoost -l (trees.HoeffdingTree -e 2000000 -g 100 -c 0.01),ArffFileStream -f ./../../../Dataset/Synthetic_IM20/stream_gen_RBF_drift.arff,1,23500.0,4.703125,3.630638174298738E-9,23500.0,0.940697194719472,0.3253218396860984,0.92,0.6991576413959087,0.929625,0.2376237623762376,0.7753552363750809,0.6041666666666666,0.5988049509176272,23500.0,2984.0
meta.imbalanced.OnlineAdaBoost -l (trees.HoeffdingTree -e 2000000 -g 100 -c 0.01),ArffFileStream -f ./../../../Dataset/Synthetic_IM20/stream_gen_RBF_drift.arff,1,24000.0,4.78125,3.6909477785229693E-9,24000.0,0.9321678321678322,0.2958993137775977,0.906,0.6974768280123584,0.940697194719472,0.28205128205128205,0.7996502732073312,0.6545454545454545,0.529608006672227,24000.0,2984.0
meta.imbalanced.OnlineAdaBoost -l (trees.HoeffdingTree -e 2000000 -g 100 -c 0.01),ArffFileStream -f ./../../../Dataset/Synthetic_IM20/stream_gen_RBF_drift.arff,1,24500.0,4.859375,3.7512573827472004E-9,24500.0,0.9437703168813122,0.2796582680268649,0.888,0.5923002999504936,0.9321678321678322,0.2531328320802005,0.7170991021890604,0.5247524752475248,0.43965693281600987,24500.0,2984.0
meta.imbalanced.OnlineAdaBoost -l (trees.HoeffdingTree -e 2000000 -g 100 -c 0.01),ArffFileStream -f ./../../../Dataset/Synthetic_IM20/stream_gen_RBF_drift.arff,1,25000.0,4.9375,3.811566986971432E-9,25000.0,0.9301954527323494,0.262833941525933,0.904,0.6896899485402499,0.9437703168813122,0.27877237851662406,0.7966912264473758,0.6513761467889908,0.5205753096284459,25000.0,2984.0
meta.imbalanced.OnlineAdaBoost -l (trees.HoeffdingTree -e 2000000 -g 100 -c 0.01),ArffFileStream -f ./../../../Dataset/Synthetic_IM20/stream_gen_RBF_drift.arff,1,25500.0,5.03125,3.88393851204051E-9,25500.0,0.9345145040819871,0.27742232596577265,0.92,0.7254632807137956,0.9301954527323494,0.2531328320802005,0.8132992187664606,0.6732673267326733,0.6005482670843942,25500.0,2984.0
meta.imbalanced.OnlineAdaBoost -l (trees.HoeffdingTree -e 2000000 -g 100 -c 0.01),ArffFileStream -f ./../../../Dataset/Synthetic_IM20/stream_gen_RBF_drift.arff,1,26000.0,5.09375,3.932186195419895E-9,26000.0,0.8876598597359736,0.23493000646691456,0.882,0.558303886925795,0.9345145040819871,0.2376237623762376,0.7037441122862469,0.5104166666666666,0.4103401883528733,26000.0,2984.0
meta.imbalanced.OnlineAdaBoost -l (trees.HoeffdingTree -e 2000000 -g 100 -c 0.01),ArffFileStream -f ./../../../Dataset/Synthetic_IM20/stream_gen_RBF_drift.arff,1,26500.0,5.15625,3.98043387879928E-9,26500.0,0.9406640505413153,0.2964320958830574,0.922,0.6907706945765939,0.8876598597359736,0.2106537530266344,0.7820948612837335,0.6206896551724138,0.6092627599243858,26500.0,2984.0
meta.imbalanced.OnlineAdaBoost -l (trees.HoeffdingTree -e 2000000 -g 100 -c 0.01),ArffFileStream -f ./../../../Dataset/Synthetic_IM20/stream_gen_RBF_drift.arff,1,27000.0,5.234375,4.0407434830235114E-9,27000.0,0.949575,0.332342557378852,0.914,0.6906474820143885,0.9406640505413153,0.25,0.7771100308193171,0.61,0.5692022263450836,27000.0,2984.0
meta.imbalanced.OnlineAdaBoost -l (trees.HoeffdingTree -e 2000000 -g 100 -c 0.01),ArffFileStream -f ./../../../Dataset/Synthetic_IM20/stream_gen_RBF_drift.arff,1,27500.0,5.3125,4.101053087247743E-9,27500.0,0.9287569370403783,0.2888649384027327,0.912,0.6388825054988349,0.949575,0.21654501216545013,0.7317029162942035,0.5393258426966292,0.5583135608687719,27500.0,2984.0
meta.imbalanced.OnlineAdaBoost -l (trees.HoeffdingTree -e 2000000 -g 100 -c 0.01),ArffFileStream -f ./../../../Dataset/Synthetic_IM20/stream_gen_RBF_drift.arff,1,28000.0,5.375,4.149300770627128E-9,28000.0,0.9491064491064491,0.2964159122548034,0.906,0.6633816535839112,0.9287569370403783,0.26262626262626265,0.7512938852023899,0.5673076923076923,0.5285688697832708,28000.0,2984.0
meta.imbalanced.OnlineAdaBoost -l (trees.HoeffdingTree -e 2000000 -g 100 -c 0.01),ArffFileStream -f ./../../../Dataset/Synthetic_IM20/stream_gen_RBF_drift.arff,1,28500.0,5.453125,4.209610374851359E-9,28500.0,0.9297390598030257,0.262801588978392,0.898,0.6155469786515497,0.9491064491064491,0.24378109452736318,0.7238871390698077,0.5306122448979592,0.4882943143812711,28500.0,2984.0
meta.imbalanced.OnlineAdaBoost -l (trees.HoeffdingTree -e 2000000 -g 100 -c 0.01),ArffFileStream -f ./../../../Dataset/Synthetic_IM20/stream_gen_RBF_drift.arff,1,29000.0,5.546875,4.2819818999204375E-9,29000.0,0.9213519813519814,0.22393018422432948,0.876,0.5813074014046461,0.9297390598030257,0.28205128205128205,0.7167655919147582,0.5272727272727272,0.3790364358487307,29000.0,2984.0
meta.imbalanced.OnlineAdaBoost -l (trees.HoeffdingTree -e 2000000 -g 100 -c 0.01),ArffFileStream -f ./../../../Dataset/Synthetic_IM20/stream_gen_RBF_drift.arff,1,29500.0,5.59375,4.318167662454977E-9,29500.0,0.9526351072607261,0.29460784580467114,0.918,0.6986180535136726,0.9213519813519814,0.2376237623762376,0.785662046611104,0.625,0.5890946152539495,29500.0,2984.0
meta.imbalanced.OnlineAdaBoost -l (trees.HoeffdingTree -e 2000000 -g 100 -c 0.01),ArffFileStream -f ./../../../Dataset/Synthetic_IM20/stream_gen_RBF_drift.arff,1,30000.0,5.671875,4.378477266679208E-9,30000.0,0.8992540792540793,0.24951212350719926,0.886,0.6076541850220265,0.9526351072607261,0.28205128205128205,0.7214657445179365,0.5272727272727272,0.4297148574287143,30000.0,2984.0
meta.imbalanced.OnlineAdaBoost -l (trees.HoeffdingTree -e 2000000 -g 100 -c 0.01),ArffFileStream -f ./../../../Dataset/Synthetic_IM20/stream_gen_RBF_drift.arff,1,30500.0,5.75,4.43878687090344E-9,30500.0,0.9504658726859211,0.28467707118217334,0.92,0.7213941437049007,0.8992540792540793,0.2594458438287154,0.7974550505994925,0.6407766990291263,0.6000000000000001,30500.0,2984.0
meta.imbalanced.OnlineAdaBoost -l (trees.HoeffdingTree -e 2000000 -g 100 -c 0.01),ArffFileStream -f ./../../../Dataset/Synthetic_IM20/stream_gen_RBF_drift.arff,1,31000.0,5.828125,4.499096475127671E-9,31000.0,0.9178200271950272,0.24095423855255796,0.892,0.6083323662527561,0.9504658726859211,0.26262626262626265,0.7169281790988649,0.5192307692307693,0.4603481624758222,31000.0,2984.0
meta.imbalanced.OnlineAdaBoost -l (trees.HoeffdingTree -e 2000000 -g 100 -c 0.01),ArffFileStream -f ./../../../Dataset/Synthetic_IM20/stream_gen_RBF_drift.arff,1,31500.0,5.890625,4.547344158507056E-9,31500.0,0.9443123543123543,0.24387385439608594,0.89,0.6184794672586016,0.9178200271950272,0.28205128205128205,0.7233372541330795,0.5272727272727272,0.45121951219512196,31500.0,2984.0
meta.imbalanced.OnlineAdaBoost -l (trees.HoeffdingTree -e 2000000 -g 100 -c 0.01),ArffFileStream -f ./../../../Dataset/Synthetic_IM20/stream_gen_RBF_drift.arff,1,32000.0,5.96875,4.607653762731288E-9,32000.0,0.8788561831521259,0.19417831728230883,0.882,0.43260501615633157,0.9443123543123543,0.19331742243436753,0.583719928467116,0.345679012345679,0.4095387021110242,32000.0,2984.0
meta.imbalanced.OnlineAdaBoost -l (trees.HoeffdingTree -e 2000000 -g 100 -c 0.01),ArffFileStream -f ./../../../Dataset/Synthetic_IM20/stream_gen_RBF_drift.arff,1,32500.0,6.0625,4.680025287800366E-9,32500.0,0.9152219308469308,0.2522440349645877,0.87,0.5305367770266365,0.8788561831521259,0.26262626262626265,0.6776843083294918,0.47115384615384615,0.3498999846130174,32500.0,2984.0
meta.imbalanced.OnlineAdaBoost -l (trees.HoeffdingTree -e 2000000 -g 100 -c 0.01),ArffFileStream -f ./../../../Dataset/Synthetic_IM20/stream_gen_RBF_drift.arff,1,33000.0,6.125,4.728272971179751E-9,33000.0,0.9385772357723577,0.2783402794737201,0.906,0.6127224785761373,0.9152219308469308,0.21951219512195122,0.7122999885671325,0.5111111111111111,0.5292153589315527,33000.0,2984.0
meta.imbalanced.OnlineAdaBoost -l (trees.HoeffdingTree -e 2000000 -g 100 -c 0.01),ArffFileStream -f ./../../../Dataset/Synthetic_IM20/stream_gen_RBF_drift.arff,1,33500.0,6.1875,4.7765206545591356E-9,33500.0,0.9410477753204443,0.29076419634934986,0.924,0.7484176796165357,0.9385772357723577,0.272264631043257,0.8217658070520538,0.6822429906542056,0.619772998805257,33500.0,2984.0
meta.imbalanced.OnlineAdaBoost -l (trees.HoeffdingTree -e 2000000 -g 100 -c 0.01),ArffFileStream -f ./../../../Dataset/Synthetic_IM20/stream_gen_RBF_drift.arff,1,34000.0,6.265625,4.836830258783367E-9,34000.0,0.9156868811881188,0.26374399274682825,0.894,0.6139052392330556,0.9410477753204443,0.2376237623762376,0.7455865744056778,0.5729166666666666,0.4693757361601886,34000.0,2984.0
meta.imbalanced.OnlineAdaBoost -l (trees.HoeffdingTree -e 2000000 -g 100 -c 0.01),ArffFileStream -f ./../../../Dataset/Synthetic_IM20/stream_gen_RBF_drift.arff,1,34500.0,6.34375,4.897139863007599E-9,34500.0,0.8862761115649433,0.21881563754189856,0.886,0.47323672926216165,0.9156868811881188,0.19617224880382775,0.6194422632255163,0.3902439024390244,0.42784405004364273,34500.0,2984.0
meta.imbalanced.OnlineAdaBoost -l (trees.HoeffdingTree -e 2000000 -g 100 -c 0.01),ArffFileStream -f ./../../../Dataset/Synthetic_IM20/stream_gen_RBF_drift.arff,1,35000.0,6.421875,4.95744946723183E-9,35000.0,0.9164912280701755,0.2708504822633496,0.912,0.6687245896702305,0.8862761115649433,0.2345679012345679,0.7630178446924019,0.5894736842105263,0.558042760797819,35000.0,2984.0
meta.imbalanced.OnlineAdaBoost -l (trees.HoeffdingTree -e 2000000 -g 100 -c 0.01),ArffFileStream -f ./../../../Dataset/Synthetic_IM20/stream_gen_RBF_drift.arff,1,35500.0,6.484375,5.005697150611215E-9,35500.0,0.9658507751417287,0.3188254228314149,0.924,0.7072328885327748,0.9164912280701755,0.22249388753056235,0.7875580759139033,0.6263736263736264,0.6178470254957509,35500.0,2984.0
meta.imbalanced.OnlineAdaBoost -l (trees.HoeffdingTree -e 2000000 -g 100 -c 0.01),ArffFileStream -f ./../../../Dataset/Synthetic_IM20/stream_gen_RBF_drift.arff,1,36000.0,6.546875,5.0539448339906E-9,36000.0,0.9574206058065192,0.3068603453084376,0.92,0.6985409381406006,0.9658507751417287,0.2315270935960591,0.7816279480930308,0.6170212765957447,0.597428012300811,36000.0,2984.0
meta.imbalanced.OnlineAdaBoost -l (trees.HoeffdingTree -e 2000000 -g 100 -c 0.01),ArffFileStream -f ./../../../Dataset/Synthetic_IM20/stream_gen_RBF_drift.arff,1,36500.0,6.609375,5.102192517369985E-9,36500.0,0.9518799922072861,0.3104992537082205,0.92,0.6744261761354388,0.9574206058065192,0.2106537530266344,0.7619247652602195,0.5862068965517241,0.596740781659992,36500.0,2984.0
meta.imbalanced.OnlineAdaBoost -l (trees.HoeffdingTree -e 2000000 -g 100 -c 0.01),ArffFileStream -f ./../../../Dataset/Synthetic_IM20/stream_gen_RBF_drift.arff,1,37000.0,6.671875,5.15044020074937E-9,37000.0,0.9319899244332494,0.3044970676100278,0.914,0.7199937486976454,0.9518799922072861,0.2594458438287154,0.8279672838877613,0.7087378640776699,0.5667211328976036,37000.0,2984.0
meta.imbalanced.OnlineAdaBoost -l (trees.HoeffdingTree -e 2000000 -g 100 -c 0.01),ArffFileStream -f ./../../../Dataset/Synthetic_IM20/stream_gen_RBF_drift.arff,1,37500.0,6.75,5.210749804973601E-9,37500.0,0.9007277452891488,0.22600797952314633,0.876,0.4851353595748211,0.9319899244332494,0.2345679012345679,0.6209887523452509,0.3894736842105263,0.3749159833310928,37500.0,2984.0
meta.imbalanced.OnlineAdaBoost -l (trees.HoeffdingTree -e 2000000 -g 100 -c 0.01),ArffFileStream -f ./../../../Dataset/Synthetic_IM20/stream_gen_RBF_drift.arff,1,38000.0,6.828125,5.271059409197833E-9,38000.0,0.9531222448928185,0.27876656189424387,0.912,0.6817590047736151,0.9007277452891488,0.24688279301745636,0.7736302350919197,0.6060606060606061,0.5563810029185461,38000.0,2984.0
meta.imbalanced.OnlineAdaBoost -l (trees.HoeffdingTree -e 2000000 -g 100 -c 0.01),ArffFileStream -f ./../../../Dataset/Synthetic_IM20/stream_gen_RBF_drift.arff,1,38500.0,6.90625,5.331369013422064E-9,38500.0,0.9254275301373703,0.25322591526138966,0.908,0.7281773701751484,0.9531222448928185,0.32625994694960214,0.8186858312340034,0.6829268292682927,0.5376582691554628,38500.0,2984.0
meta.imbalanced.OnlineAdaBoost -l (trees.HoeffdingTree -e 2000000 -g 100 -c 0.01),ArffFileStream -f ./../../../Dataset/Synthetic_IM20/stream_gen_RBF_drift.arff,1,39000.0,6.96875,5.379616696801449E-9,39000.0,0.9056831065759637,0.2529775771394106,0.888,0.6238985600687728,0.9254275301373703,0.2755102040816326,0.7479500834189873,0.5740740740740741,0.4377654781825205,39000.0,2984.0
meta.imbalanced.OnlineAdaBoost -l (trees.HoeffdingTree -e 2000000 -g 100 -c 0.01),ArffFileStream -f ./../../../Dataset/Synthetic_IM20/stream_gen_RBF_drift.arff,1,39500.0,7.046875,5.439926301025681E-9,39500.0,0.9376693766937669,0.2909543579646714,0.918,0.679085785848466,0.9056831065759637,0.21951219512195122,0.7698590304914714,0.6,0.5878610510243035,39500.0,2984.0
meta.imbalanced.OnlineAdaBoost -l (trees.HoeffdingTree -e 2000000 -g 100 -c 0.01),ArffFileStream -f ./../../../Dataset/Synthetic_IM20/stream_gen_RBF_drift.arff,1,40000.0,7.109375,5.488173984405066E-9,40000.0,0.9053642010163749,0.2500707798069156,0.904,0.7056298295106097,0.9376693766937669,0.2987012987012987,0.8117154597379796,0.6782608695652174,0.5184349134687737,40000.0,2984.0
meta.imbalanced.OnlineAdaBoost -l (trees.HoeffdingTree -e 2000000 -g 100 -c 0.01),ArffFileStream -f ./../../../Dataset/Synthetic_IM20/stream_gen_RBF_drift.arff,1,40500.0,7.171875,5.5364216677844505E-9,40500.0,0.9543589743589743,0.28381087326599513,0.938,0.800463439752832,0.9053642010163749,0.28205128205128205,0.8517088266584569,0.7272727272727273,0.6893864423552695,40500.0,2984.0
meta.imbalanced.OnlineAdaBoost -l (trees.HoeffdingTree -e 2000000 -g 100 -c 0.01),ArffFileStream -f ./../../../Dataset/Synthetic_IM20/stream_gen_RBF_drift.arff,1,41000.0,7.234375,5.584669351163835E-9,41000.0,0.9700783604581072,0.30285918954137253,0.914,0.7093023255813955,0.9543589743589743,0.26582278481012656,0.7986124193016341,0.6476190476190476,0.569422395896935,41000.0,2984.0
meta.imbalanced.OnlineAdaBoost -l (trees.HoeffdingTree -e 2000000 -g 100 -c 0.01),ArffFileStream -f ./../../../Dataset/Synthetic_IM20/stream_gen_RBF_drift.arff,1,41500.0,7.296875,5.63291703454322E-9,41500.0,0.9688401886482555,0.31195050404867,0.928,0.7689523271635049,0.9700783604581072,0.27877237851662406,0.8405031124641902,0.7155963302752294,0.6399132321041218,41500.0,2984.0
meta.imbalanced.OnlineAdaBoost -l (trees.HoeffdingTree -e 2000000 -g 100 -c 0.01),ArffFileStream -f ./../../../Dataset/Synthetic_IM20/stream_gen_RBF_drift.arff,1,42000.0,7.359375,5.681164717922605E-9,42000.0,0.9419991877347954,0.283716361020117,0.922,0.7188905547226389,0.9688401886482555,0.24378109452736318,0.7977847794806581,0.6428571428571429,0.6098141972367797,42000.0,2984.0
meta.imbalanced.OnlineAdaBoost -l (trees.HoeffdingTree -e 2000000 -g 100 -c 0.01),ArffFileStream -f ./../../../Dataset/Synthetic_IM20/stream_gen_RBF_drift.arff,1,42500.0,7.453125,5.753536242991683E-9,42500.0,0.9269386146418367,0.2280477332633041,0.88,0.5746852670976523,0.9419991877347954,0.2562814070351759,0.7165539762962075,0.5294117647058824,0.3998587903036008,42500.0,2984.0
meta.imbalanced.OnlineAdaBoost -l (trees.HoeffdingTree -e 2000000 -g 100 -c 0.01),ArffFileStream -f ./../../../Dataset/Synthetic_IM20/stream_gen_RBF_drift.arff,1,43000.0,7.53125,5.813845847215915E-9,43000.0,0.9355948869223205,0.27880443692347334,0.88,0.6078533894538705,0.9269386146418367,0.29198966408268734,0.7369639526207783,0.5575221238938053,0.40076646150272904,43000.0,2984.0
meta.imbalanced.OnlineAdaBoost -l (trees.HoeffdingTree -e 2000000 -g 100 -c 0.01),ArffFileStream -f ./../../../Dataset/Synthetic_IM20/stream_gen_RBF_drift.arff,1,43500.0,7.59375,5.8620935305953E-9,43500.0,0.9433629224118083,0.27520298247944397,0.902,0.6368864121413328,0.9355948869223205,0.24069478908188585,0.7464325120017666,0.5670103092783505,0.5104501607717042,43500.0,2984.0
meta.imbalanced.OnlineAdaBoost -l (trees.HoeffdingTree -e 2000000 -g 100 -c 0.01),ArffFileStream -f ./../../../Dataset/Synthetic_IM20/stream_gen_RBF_drift.arff,1,44000.0,7.6875,5.934465055664378E-9,44000.0,0.9129004050073638,0.24160260577368498,0.884,0.6121335330622725,0.9433629224118083,0.28865979381443296,0.7313117161751356,0.5446428571428571,0.42131519274376417,44000.0,2984.0
meta.imbalanced.OnlineAdaBoost -l (trees.HoeffdingTree -e 2000000 -g 100 -c 0.01),ArffFileStream -f ./../../../Dataset/Synthetic_IM20/stream_gen_RBF_drift.arff,1,44500.0,7.765625,5.9947746598886094E-9,44500.0,0.9133146986637578,0.24605852099866063,0.882,0.6049812533476165,0.9129004050073638,0.29533678756476683,0.7207622544458537,0.5263157894736842,0.412245354824267,44500.0,2984.0
meta.imbalanced.OnlineAdaBoost -l (trees.HoeffdingTree -e 2000000 -g 100 -c 0.01),ArffFileStream -f ./../../../Dataset/Synthetic_IM20/stream_gen_RBF_drift.arff,1,45000.0,7.84375,6.055084264112841E-9,45000.0,0.9306491241975113,0.26345538580471284,0.894,0.5904932624551861,0.9133146986637578,0.2285012285012285,0.7177957740857002,0.5268817204301075,0.4715852442671985,45000.0,2984.0
meta.imbalanced.OnlineAdaBoost -l (trees.HoeffdingTree -e 2000000 -g 100 -c 0.01),ArffFileStream -f ./../../../Dataset/Synthetic_IM20/stream_gen_RBF_drift.arff,1,45500.0,7.921875,6.1153938683370725E-9,45500.0,0.9271896352826338,0.2615836069701609,0.874,0.5863970588235293,0.9306491241975113,0.3089005235602094,0.7083919465099827,0.5084745762711864,0.37310005467468565,45500.0,2984.0
meta.imbalanced.OnlineAdaBoost -l (trees.HoeffdingTree -e 2000000 -g 100 -c 0.01),ArffFileStream -f ./../../../Dataset/Synthetic_IM20/stream_gen_RBF_drift.arff,1,46000.0,7.984375,6.163641551716457E-9,46000.0,0.9543147824397824,0.32123749633239096,0.922,0.7480750348819184,0.9271896352826338,0.26262626262626265,0.8428938755680251,0.7307692307692307,0.6120661693156019,46000.0,2984.0
meta.imbalanced.OnlineAdaBoost -l (trees.HoeffdingTree -e 2000000 -g 100 -c 0.01),ArffFileStream -f ./../../../Dataset/Synthetic_IM20/stream_gen_RBF_drift.arff,1,46500.0,8.046875,6.211889235095842E-9,46500.0,0.9096093211153808,0.2984976831086248,0.908,0.6870577990638946,0.9543147824397824,0.2562814070351759,0.7942298559889641,0.6470588235294118,0.5425088225858199,46500.0,2984.0
meta.imbalanced.OnlineAdaBoost -l (trees.HoeffdingTree -e 2000000 -g 100 -c 0.01),ArffFileStream -f ./../../../Dataset/Synthetic_IM20/stream_gen_RBF_drift.arff,1,47000.0,8.109375,6.260136918475227E-9,47000.0,0.9496559310327185,0.27364555275766045,0.924,0.7340797760671799,0.9096093211153808,0.24069478908188585,0.8228062065061201,0.6907216494845361,0.6219305673158342,47000.0,2984.0
meta.imbalanced.OnlineAdaBoost -l (trees.HoeffdingTree -e 2000000 -g 100 -c 0.01),ArffFileStream -f ./../../../Dataset/Synthetic_IM20/stream_gen_RBF_drift.arff,1,47500.0,8.171875,6.308384601854612E-9,47500.0,0.9436356670816971,0.26328018107121465,0.884,0.5804883694016896,0.9496559310327185,0.26903553299492383,0.6968397748912661,0.49056603773584906,0.42327820808038524,47500.0,2984.0
meta.imbalanced.OnlineAdaBoost -l (trees.HoeffdingTree -e 2000000 -g 100 -c 0.01),ArffFileStream -f ./../../../Dataset/Synthetic_IM20/stream_gen_RBF_drift.arff,1,48000.0,8.234375,6.356632285233997E-9,48000.0,0.9564284953111679,0.28195245011268044,0.906,0.6177867412660204,0.9436356670816971,0.22549019607843138,0.7129974071781723,0.5108695652173914,0.5322413435620984,48000.0,2984.0
meta.imbalanced.OnlineAdaBoost -l (trees.HoeffdingTree -e 2000000 -g 100 -c 0.01),ArffFileStream -f ./../../../Dataset/Synthetic_IM20/stream_gen_RBF_drift.arff,1,48500.0,8.296875,6.404879968613382E-9,48500.0,0.9384857203751066,0.2910714443266851,0.914,0.6641254764731614,0.9564284953111679,0.22549019607843138,0.7552741523336348,0.5760869565217391,0.5716779626206615,48500.0,2984.0
meta.imbalanced.OnlineAdaBoost -l (trees.HoeffdingTree -e 2000000 -g 100 -c 0.01),ArffFileStream -f ./../../../Dataset/Synthetic_IM20/stream_gen_RBF_drift.arff,1,49000.0,8.375,6.465189572837613E-9,49000.0,0.9462021390108936,0.2728212998807146,0.902,0.6595141475346046,0.9384857203751066,0.2531328320802005,0.7736125574163611,0.6138613861386139,0.5119422705559508,49000.0,2984.0
meta.imbalanced.OnlineAdaBoost -l (trees.HoeffdingTree -e 2000000 -g 100 -c 0.01),ArffFileStream -f ./../../../Dataset/Synthetic_IM20/stream_gen_RBF_drift.arff,1,49500.0,8.453125,6.525499177061845E-9,49500.0,0.9055136229749632,0.24506505735952896,0.894,0.6494523519762953,0.9462021390108936,0.28865979381443296,0.7558985036792352,0.5803571428571429,0.47271630991860114,49500.0,2984.0
meta.imbalanced.OnlineAdaBoost -l (trees.HoeffdingTree -e 2000000 -g 100 -c 0.01),ArffFileStream -f ./../../../Dataset/Synthetic_IM20/stream_gen_RBF_drift.arff,1,50000.0,8.515625,6.57374686044123E-9,50000.0,0.914579945799458,0.27662452617768873,0.904,0.6185632549268916,0.9055136229749632,0.21951219512195122,0.731538824322069,0.5444444444444444,0.5219599641469974,50000.0,2984.0
meta.imbalanced.OnlineAdaBoost -l (trees.HoeffdingTree -e 2000000 -g 100 -c 0.01),ArffFileStream -f ./../../../Dataset/Synthetic_IM20/stream_gen_RBF_drift.arff,1,50500.0,8.59375,6.634056464665461E-9,50500.0,0.9236756593365072,0.23699340122351478,0.888,0.5913959664944693,0.914579945799458,0.24688279301745636,0.7224978014674284,0.5353535353535354,0.4422090729783037,50500.0,2984.0
meta.imbalanced.OnlineAdaBoost -l (trees.HoeffdingTree -e 2000000 -g 100 -c 0.01),ArffFileStream -f ./../../../Dataset/Synthetic_IM20/stream_gen_RBF_drift.arff,1,51000.0,8.671875,6.694366068889693E-9,51000.0,0.9130582634323283,0.25227674555290946,0.924,0.7344365862522014,0.9236756593365072,0.24688279301745636,0.8164811553950848,0.6767676767676768,0.6214474069733374,51000.0,2984.0
meta.imbalanced.OnlineAdaBoost -l (trees.HoeffdingTree -e 2000000 -g 100 -c 0.01),ArffFileStream -f ./../../../Dataset/Synthetic_IM20/stream_gen_RBF_drift.arff,1,51500.0,8.75,6.754675673113924E-9,51500.0,0.9241058232338162,0.23453219200474676,0.896,0.6218731820826063,0.9130582634323283,0.2562814070351759,0.7296859734598342,0.5392156862745098,0.48206169616091304,51500.0,2984.0
meta.imbalanced.OnlineAdaBoost -l (trees.HoeffdingTree -e 2000000 -g 100 -c 0.01),ArffFileStream -f ./../../../Dataset/Synthetic_IM20/stream_gen_RBF_drift.arff,1,52000.0,8.84375,6.8270471981830025E-9,52000.0,0.9076569416252965,0.23042155375463982,0.864,0.4931576279776989,0.9241058232338162,0.2594458438287154,0.6461425410963461,0.42718446601941745,0.3228648027575643,52000.0,2984.0
meta.imbalanced.OnlineAdaBoost -l (trees.HoeffdingTree -e 2000000 -g 100 -c 0.01),ArffFileStream -f ./../../../Dataset/Synthetic_IM20/stream_gen_RBF_drift.arff,1,52500.0,8.921875,6.887356802407234E-9,52500.0,0.9007441567969815,0.2159924934090555,0.868,0.46212022427956695,0.9076569416252965,0.2315270935960591,0.6203962611145776,0.39361702127659576,0.34237995824634654,52500.0,2984.0
meta.imbalanced.OnlineAdaBoost -l (trees.HoeffdingTree -e 2000000 -g 100 -c 0.01),ArffFileStream -f ./../../../Dataset/Synthetic_IM20/stream_gen_RBF_drift.arff,1,53000.0,8.96875,6.923542564941773E-9,53000.0,0.929,0.25585773930179007,0.884,0.5658682634730539,0.9007441567969815,0.25,0.6938479660559653,0.49,0.4220718180109044,53000.0,2984.0
meta.imbalanced.OnlineAdaBoost -l (trees.HoeffdingTree -e 2000000 -g 100 -c 0.01),ArffFileStream -f ./../../../Dataset/Synthetic_IM20/stream_gen_RBF_drift.arff,1,53500.0,9.03125,6.971790248321158E-9,53500.0,0.9454983754323446,0.25968188278537974,0.886,0.5514354066985647,0.929,0.2315270935960591,0.6850477580230854,0.4787234042553192,0.4316995900111817,53500.0,2984.0
meta.imbalanced.OnlineAdaBoost -l (trees.HoeffdingTree -e 2000000 -g 100 -c 0.01),ArffFileStream -f ./../../../Dataset/Synthetic_IM20/stream_gen_RBF_drift.arff,1,54000.0,9.109375,7.0320998525453895E-9,54000.0,0.904735105267197,0.2524138979808609,0.884,0.5642636054932835,0.9454983754323446,0.24069478908188585,0.7018687801898243,0.5051546391752577,0.42155323667928724,54000.0,2984.0
meta.imbalanced.OnlineAdaBoost -l (trees.HoeffdingTree -e 2000000 -g 100 -c 0.01),ArffFileStream -f ./../../../Dataset/Synthetic_IM20/stream_gen_RBF_drift.arff,1,54500.0,9.171875,7.0803475359247744E-9,54500.0,0.9579515838684542,0.3115632252398925,0.914,0.6603904719782653,0.904735105267197,0.22249388753056235,0.752223389654109,0.5714285714285714,0.570787545787546,54500.0,2984.0
meta.imbalanced.OnlineAdaBoost -l (trees.HoeffdingTree -e 2000000 -g 100 -c 0.01),ArffFileStream -f ./../../../Dataset/Synthetic_IM20/stream_gen_RBF_drift.arff,1,55000.0,9.234375,7.128595219304159E-9,55000.0,0.9239782304298433,0.29765380368430966,0.912,0.655010192880665,0.9579515838684542,0.2285012285012285,0.7449955445973985,0.5591397849462365,0.5605193861799693,55000.0,2984.0
meta.imbalanced.OnlineAdaBoost -l (trees.HoeffdingTree -e 2000000 -g 100 -c 0.01),ArffFileStream -f ./../../../Dataset/Synthetic_IM20/stream_gen_RBF_drift.arff,1,55500.0,9.3125,7.188904823528391E-9,55500.0,0.9677271636974204,0.34421983506116494,0.914,0.7478538255852138,0.9239782304298433,0.31926121372031663,0.8378151285224607,0.71900826446281,0.5713130950242503,55500.0,2984.0
meta.imbalanced.OnlineAdaBoost -l (trees.HoeffdingTree -e 2000000 -g 100 -c 0.01),ArffFileStream -f ./../../../Dataset/Synthetic_IM20/stream_gen_RBF_drift.arff,1,56000.0,9.375,7.237152506907776E-9,56000.0,0.9208417082309734,0.27241687562290307,0.89,0.6080834568464256,0.9677271636974204,0.2531328320802005,0.7352273927770944,0.5544554455445545,0.4517133956386295,56000.0,2984.0
meta.imbalanced.OnlineAdaBoost -l (trees.HoeffdingTree -e 2000000 -g 100 -c 0.01),ArffFileStream -f ./../../../Dataset/Synthetic_IM20/stream_gen_RBF_drift.arff,1,56500.0,9.453125,7.297462111132007E-9,56500.0,0.9255099024534437,0.22736310898501216,0.892,0.6139768958023561,0.9208417082309734,0.2562814070351759,0.7334739517094251,0.5490196078431373,0.4617623709976185,56500.0,2984.0
meta.imbalanced.OnlineAdaBoost -l (trees.HoeffdingTree -e 2000000 -g 100 -c 0.01),ArffFileStream -f ./../../../Dataset/Synthetic_IM20/stream_gen_RBF_drift.arff,1,57000.0,9.515625,7.345709794511392E-9,57000.0,0.9180589933993399,0.24291748670235638,0.906,0.6415278540484471,0.9255099024534437,0.2376237623762376,0.7393356218363698,0.5520833333333334,0.5313565993177646,57000.0,2984.0
meta.imbalanced.OnlineAdaBoost -l (trees.HoeffdingTree -e 2000000 -g 100 -c 0.01),ArffFileStream -f ./../../../Dataset/Synthetic_IM20/stream_gen_RBF_drift.arff,1,57500.0,9.578125,7.393957477890777E-9,57500.0,0.9338964979906503,0.2646452799418899,0.902,0.586930132182358,0.9180589933993399,0.21654501216545013,0.6925456329982586,0.48314606741573035,0.5109356014580803,57500.0,2984.0
meta.imbalanced.OnlineAdaBoost -l (trees.HoeffdingTree -e 2000000 -g 100 -c 0.01),ArffFileStream -f ./../../../Dataset/Synthetic_IM20/stream_gen_RBF_drift.arff,1,58000.0,9.640625,7.442205161270162E-9,58000.0,0.9392724945033537,0.3149526519619856,0.928,0.7130742500079704,0.9338964979906503,0.2106537530266344,0.7912402046654011,0.632183908045977,0.6402790938065297,58000.0,2984.0
meta.imbalanced.OnlineAdaBoost -l (trees.HoeffdingTree -e 2000000 -g 100 -c 0.01),ArffFileStream -f ./../../../Dataset/Synthetic_IM20/stream_gen_RBF_drift.arff,1,58500.0,9.703125,7.490452844649547E-9,58500.0,0.9494193808408272,0.3121577545247025,0.924,0.7409962103656045,0.9392724945033537,0.24688279301745636,0.8313851632697269,0.7070707070707071,0.6202596515203281,58500.0,2984.0
meta.imbalanced.OnlineAdaBoost -l (trees.HoeffdingTree -e 2000000 -g 100 -c 0.01),ArffFileStream -f ./../../../Dataset/Synthetic_IM20/stream_gen_RBF_drift.arff,1,59000.0,9.78125,7.550762448873778E-9,59000.0,0.9233309555890201,0.28264892531702923,0.914,0.6709519436792166,0.9494193808408272,0.2285012285012285,0.7642856269853506,0.5913978494623656,0.570036437590035,59000.0,2984.0
meta.imbalanced.OnlineAdaBoost -l (trees.HoeffdingTree -e 2000000 -g 100 -c 0.01),ArffFileStream -f ./../../../Dataset/Synthetic_IM20/stream_gen_RBF_drift.arff,1,59500.0,9.859375,7.611072053098008E-9,59500.0,0.9472691630065262,0.2793002411513482,0.904,0.6535496723157317,0.9233309555890201,0.2531328320802005,0.7530346721100798,0.5742574257425742,0.5200806587128216,59500.0,2984.0
meta.imbalanced.OnlineAdaBoost -l (trees.HoeffdingTree -e 2000000 -g 100 -c 0.01),ArffFileStream -f ./../../../Dataset/Synthetic_IM20/stream_gen_RBF_drift.arff,1,60000.0,9.9375,7.671381657322239E-9,60000.0,0.936010560689224,0.2650067942967207,0.89,0.6303962152572443,0.9472691630065262,0.2853470437017995,0.7415815932551371,0.5585585585585585,0.4505951885457423,60000.0,2984.0
meta.imbalanced.OnlineAdaBoost -l (trees.HoeffdingTree -e 2000000 -g 100 -c 0.01),ArffFileStream -f ./../../../Dataset/Synthetic_IM20/stream_gen_RBF_drift.arff,1,60500.0,10.0,7.719629340701624E-9,60500.0,0.906788846191743,0.22813496668425648,0.884,0.5853825917877158,0.936010560689224,0.2562814070351759,0.7184079353491084,0.5294117647058824,0.4207181180354932,60500.0,2984.0
meta.imbalanced.OnlineAdaBoost -l (trees.HoeffdingTree -e 2000000 -g 100 -c 0.01),ArffFileStream -f ./../../../Dataset/Synthetic_IM20/stream_gen_RBF_drift.arff,1,61000.0,10.0625,7.767877024081009E-9,61000.0,0.9452854614144937,0.2895459250917184,0.92,0.6953727114874951,0.906788846191743,0.2285012285012285,0.7790247793745761,0.6129032258064516,0.6002621231979032,61000.0,2984.0
meta.imbalanced.OnlineAdaBoost -l (trees.HoeffdingTree -e 2000000 -g 100 -c 0.01),ArffFileStream -f ./../../../Dataset/Synthetic_IM20/stream_gen_RBF_drift.arff,1,61500.0,10.15625,7.840248549150087E-9,61500.0,0.9315061314327638,0.25779973595186456,0.89,0.5585024402774209,0.9452854614144937,0.2315270935960591,0.6799415500444023,0.46808510638297873,0.4500894163550643,61500.0,2984.0
meta.imbalanced.OnlineAdaBoost -l (trees.HoeffdingTree -e 2000000 -g 100 -c 0.01),ArffFileStream -f ./../../../Dataset/Synthetic_IM20/stream_gen_RBF_drift.arff,1,62000.0,10.21875,7.888496232529472E-9,62000.0,0.9145647337551646,0.23834915616584434,0.902,0.5640259093173894,0.9315061314327638,0.19904076738609114,0.6813556127992233,0.46987951807228917,0.50940654016956,62000.0,2984.0
meta.imbalanced.OnlineAdaBoost -l (trees.HoeffdingTree -e 2000000 -g 100 -c 0.01),ArffFileStream -f ./../../../Dataset/Synthetic_IM20/stream_gen_RBF_drift.arff,1,62500.0,10.296875,7.948805836753702E-9,62500.0,0.9493531583967132,0.28074345941583123,0.896,0.6190922675730319,0.9145647337551646,0.2594458438287154,0.7213252336397444,0.5242718446601942,0.47950032030749523,62500.0,2984.0
meta.imbalanced.OnlineAdaBoost -l (trees.HoeffdingTree -e 2000000 -g 100 -c 0.01),ArffFileStream -f ./../../../Dataset/Synthetic_IM20/stream_gen_RBF_drift.arff,1,63000.0,10.359375,7.997053520133087E-9,63000.0,0.9318881118881119,0.2711269244323061,0.896,0.6591504981646565,0.9493531583967132,0.28205128205128205,0.7713850951599759,0.6090909090909091,0.47991744721384366,63000.0,2984.0
meta.imbalanced.OnlineAdaBoost -l (trees.HoeffdingTree -e 2000000 -g 100 -c 0.01),ArffFileStream -f ./../../../Dataset/Synthetic_IM20/stream_gen_RBF_drift.arff,1,63500.0,10.40625,8.033239282667626E-9,63500.0,0.9530232558139535,0.27245320973533005,0.926,0.6227569331158238,0.9318881118881119,0.16279069767441862,0.7146311457098722,0.5142857142857142,0.6290653615408907,63500.0,2984.0
meta.imbalanced.OnlineAdaBoost -l (trees.HoeffdingTree -e 2000000 -g 100 -c 0.01),ArffFileStream -f ./../../../Dataset/Synthetic_IM20/stream_gen_RBF_drift.arff,1,64000.0,10.484375,8.093548886891857E-9,64000.0,0.9194969032389075,0.25132004500722593,0.906,0.6582315299592787,0.9530232558139535,0.24378109452736318,0.7625818775126058,0.5918367346938775,0.5287482375058751,64000.0,2984.0
meta.imbalanced.OnlineAdaBoost -l (trees.HoeffdingTree -e 2000000 -g 100 -c 0.01),ArffFileStream -f ./../../../Dataset/Synthetic_IM20/stream_gen_RBF_drift.arff,1,64500.0,10.546875,8.141796570271242E-9,64500.0,0.9512330285397617,0.284051768778402,0.902,0.6277048383175299,0.9194969032389075,0.24688279301745636,0.722933476821775,0.5252525252525253,0.5086669257675867,64500.0,2984.0
meta.imbalanced.OnlineAdaBoost -l (trees.HoeffdingTree -e 2000000 -g 100 -c 0.01),ArffFileStream -f ./../../../Dataset/Synthetic_IM20/stream_gen_RBF_drift.arff,1,65000.0,10.625,8.202106174495473E-9,65000.0,0.9033980704803647,0.21174547591927045,0.884,0.5730396631430171,0.9512330285397617,0.24688279301745636,0.7087346781065036,0.5151515151515151,0.4183893859919778,65000.0,2984.0
meta.imbalanced.OnlineAdaBoost -l (trees.HoeffdingTree -e 2000000 -g 100 -c 0.01),ArffFileStream -f ./../../../Dataset/Synthetic_IM20/stream_gen_RBF_drift.arff,1,65500.0,10.71875,8.274477699564551E-9,65500.0,0.9060428945244675,0.22426549804383683,0.896,0.6223455247944688,0.9033980704803647,0.2594458438287154,0.7270491218078105,0.5339805825242718,0.47868676819468897,65500.0,2984.0
meta.imbalanced.OnlineAdaBoost -l (trees.HoeffdingTree -e 2000000 -g 100 -c 0.01),ArffFileStream -f ./../../../Dataset/Synthetic_IM20/stream_gen_RBF_drift.arff,1,66000.0,10.78125,8.322725382943936E-9,66000.0,0.9122260015117158,0.23193084773349473,0.882,0.5960453524675468,0.9060428945244675,0.2755102040816326,0.7243666924039565,0.5370370370370371,0.4088804554079696,66000.0,2984.0
meta.imbalanced.OnlineAdaBoost -l (trees.HoeffdingTree -e 2000000 -g 100 -c 0.01),ArffFileStream -f ./../../../Dataset/Synthetic_IM20/stream_gen_RBF_drift.arff,1,66500.0,10.859375,8.383034987168166E-9,66500.0,0.9119511935208866,0.24131792511760436,0.902,0.6172592638880212,0.9122260015117158,0.22549019607843138,0.730858316599655,0.5434782608695652,0.5087811864023519,66500.0,2984.0
meta.imbalanced.OnlineAdaBoost -l (trees.HoeffdingTree -e 2000000 -g 100 -c 0.01),ArffFileStream -f ./../../../Dataset/Synthetic_IM20/stream_gen_RBF_drift.arff,1,67000.0,10.9375,8.443344591392397E-9,67000.0,0.9037121590449692,0.23484215967971558,0.86,0.49858170253001344,0.9119511935208866,0.272264631043257,0.6542747375631011,0.4392523364485981,0.2986391505906984,67000.0,2984.0
meta.imbalanced.OnlineAdaBoost -l (trees.HoeffdingTree -e 2000000 -g 100 -c 0.01),ArffFileStream -f ./../../../Dataset/Synthetic_IM20/stream_gen_RBF_drift.arff,1,67500.0,11.0,8.491592274771782E-9,67500.0,0.928525,0.2637186276812566,0.908,0.6647230320699707,0.9037121590449692,0.25,0.7577598564189053,0.58,0.5391123645539558,67500.0,2984.0
meta.imbalanced.OnlineAdaBoost -l (trees.HoeffdingTree -e 2000000 -g 100 -c 0.01),ArffFileStream -f ./../../../Dataset/Synthetic_IM20/stream_gen_RBF_drift.arff,1,68000.0,11.078125,8.551901878996013E-9,68000.0,0.9386860105913504,0.29450899385479334,0.924,0.6974136832717546,0.928525,0.21359223300970873,0.779537509705564,0.6136363636363636,0.6189352602860937,68000.0,2984.0
meta.imbalanced.OnlineAdaBoost -l (trees.HoeffdingTree -e 2000000 -g 100 -c 0.01),ArffFileStream -f ./../../../Dataset/Synthetic_IM20/stream_gen_RBF_drift.arff,1,68500.0,11.140625,8.600149562375398E-9,68500.0,0.9332345545977011,0.30191649699229006,0.896,0.6682319314005718,0.9386860105913504,0.3020833333333333,0.7707265381130483,0.603448275862069,0.47916362041234095,68500.0,2984.0
meta.imbalanced.OnlineAdaBoost -l (trees.HoeffdingTree -e 2000000 -g 100 -c 0.01),ArffFileStream -f ./../../../Dataset/Synthetic_IM20/stream_gen_RBF_drift.arff,1,69000.0,11.21875,8.660459166599628E-9,69000.0,0.9188838799021775,0.26183377918074874,0.912,0.6276865797935356,0.9332345545977011,0.19331742243436753,0.7454548133147493,0.5679012345679012,0.5586888582019043,69000.0,2984.0
meta.imbalanced.OnlineAdaBoost -l (trees.HoeffdingTree -e 2000000 -g 100 -c 0.01),ArffFileStream -f ./../../../Dataset/Synthetic_IM20/stream_gen_RBF_drift.arff,1,69500.0,11.28125,8.708706849979013E-9,69500.0,0.9273617968330307,0.26478563510327213,0.898,0.6003134796238245,0.9188838799021775,0.24069478908188585,0.7017047474418538,0.4948453608247423,0.48838048498845277,69500.0,2984.0
meta.imbalanced.OnlineAdaBoost -l (trees.HoeffdingTree -e 2000000 -g 100 -c 0.01),ArffFileStream -f ./../../../Dataset/Synthetic_IM20/stream_gen_RBF_drift.arff,1,70000.0,11.359375,8.769016454203244E-9,70000.0,0.9387101172620671,0.28543102565578604,0.912,0.718727626061164,0.9273617968330307,0.29533678756476683,0.8014961920089994,0.6491228070175439,0.5590551181102364,70000.0,2984.0
meta.imbalanced.OnlineAdaBoost -l (trees.HoeffdingTree -e 2000000 -g 100 -c 0.01),ArffFileStream -f ./../../../Dataset/Synthetic_IM20/stream_gen_RBF_drift.arff,1,70500.0,11.4375,8.829326058427475E-9,70500.0,0.94305,0.2778920923205008,0.908,0.6587537091988132,0.9387101172620671,0.25,0.7464583042608609,0.56,0.5390191897654586,70500.0,2984.0
meta.imbalanced.OnlineAdaBoost -l (trees.HoeffdingTree -e 2000000 -g 100 -c 0.01),ArffFileStream -f ./../../../Dataset/Synthetic_IM20/stream_gen_RBF_drift.arff,1,71000.0,11.5,8.87757374180686E-9,71000.0,0.9191663857993484,0.24205352259639193,0.914,0.6515171161825729,0.94305,0.20772946859903382,0.7560191748212804,0.5813953488372093,0.5686634642554397,71000.0,2984.0
meta.imbalanced.OnlineAdaBoost -l (trees.HoeffdingTree -e 2000000 -g 100 -c 0.01),ArffFileStream -f ./../../../Dataset/Synthetic_IM20/stream_gen_RBF_drift.arff,1,71500.0,11.5625,8.925821425186244E-9,71500.0,0.9291865130575565,0.24241293522481275,0.894,0.6375424007002954,0.9191663857993484,0.27877237851662406,0.7432876932560609,0.5596330275229358,0.46869961444093955,71500.0,2984.0
meta.imbalanced.OnlineAdaBoost -l (trees.HoeffdingTree -e 2000000 -g 100 -c 0.01),ArffFileStream -f ./../../../Dataset/Synthetic_IM20/stream_gen_RBF_drift.arff,1,72000.0,11.640625,8.986131029410475E-9,72000.0,0.848075,0.17535607803480624,0.846,0.431314623338257,0.9291865130575565,0.25,0.6257395624379203,0.41,0.22812391228680806,72000.0,2984.0
meta.imbalanced.OnlineAdaBoost -l (trees.HoeffdingTree -e 2000000 -g 100 -c 0.01),ArffFileStream -f ./../../../Dataset/Synthetic_IM20/stream_gen_RBF_drift.arff,1,72500.0,11.71875,9.046440633634706E-9,72500.0,0.9443711063248338,0.24537006751361826,0.886,0.6081720193576771,0.848075,0.2853470437017995,0.7191311009028792,0.5225225225225225,0.42905498756562577,72500.0,2984.0
meta.imbalanced.OnlineAdaBoost -l (trees.HoeffdingTree -e 2000000 -g 100 -c 0.01),ArffFileStream -f ./../../../Dataset/Synthetic_IM20/stream_gen_RBF_drift.arff,1,73000.0,11.78125,9.09468831701409E-9,73000.0,0.9335506732813608,0.26702365999578603,0.92,0.6591102778251238,0.9443711063248338,0.20481927710843373,0.7418061739541625,0.5529411764705883,0.5989286450106451,73000.0,2984.0
meta.imbalanced.OnlineAdaBoost -l (trees.HoeffdingTree -e 2000000 -g 100 -c 0.01),ArffFileStream -f ./../../../Dataset/Synthetic_IM20/stream_gen_RBF_drift.arff,1,73500.0,11.859375,9.154997921238321E-9,73500.0,0.9596405726469692,0.3007403117438471,0.896,0.587196748380541,0.9335506732813608,0.24378109452736318,0.6851187890446743,0.46938775510204084,0.4785456033835869,73500.0,2984.0
meta.imbalanced.OnlineAdaBoost -l (trees.HoeffdingTree -e 2000000 -g 100 -c 0.01),ArffFileStream -f ./../../../Dataset/Synthetic_IM20/stream_gen_RBF_drift.arff,1,74000.0,11.921875,9.203245604617706E-9,74000.0,0.9556650246305419,0.2911966443013443,0.91,0.6560053816046968,0.9596405726469692,0.2315270935960591,0.7532551725638765,0.574468085106383,0.5485663932759439,74000.0,2984.0
meta.imbalanced.OnlineAdaBoost -l (trees.HoeffdingTree -e 2000000 -g 100 -c 0.01),ArffFileStream -f ./../../../Dataset/Synthetic_IM20/stream_gen_RBF_drift.arff,1,74500.0,11.984375,9.251493287997091E-9,74500.0,0.9172085919795053,0.26577113823891296,0.896,0.6282740478096762,0.9556650246305419,0.2562814070351759,0.7409419510827903,0.5588235294117647,0.4784247728037699,74500.0,2984.0
meta.imbalanced.OnlineAdaBoost -l (trees.HoeffdingTree -e 2000000 -g 100 -c 0.01),ArffFileStream -f ./../../../Dataset/Synthetic_IM20/stream_gen_RBF_drift.arff,1,75000.0,12.046875,9.299740971376476E-9,75000.0,0.9289582837969935,0.2557381684657384,0.91,0.6488983209537484,0.9172085919795053,0.2285012285012285,0.7440729491417851,0.5591397849462365,0.5484345731870485,75000.0,2984.0
meta.imbalanced.OnlineAdaBoost -l (trees.HoeffdingTree -e 2000000 -g 100 -c 0.01),ArffFileStream -f ./../../../Dataset/Synthetic_IM20/stream_gen_RBF_drift.arff,1,75500.0,12.109375,9.347988654755861E-9,75500.0,0.928156862745098,0.25955961476306694,0.928,0.6619718309859158,0.9289582837969935,0.17647058823529413,0.7456856300234902,0.56,0.6381548292617988,75500.0,2984.0
meta.imbalanced.OnlineAdaBoost -l (trees.HoeffdingTree -e 2000000 -g 100 -c 0.01),ArffFileStream -f ./../../../Dataset/Synthetic_IM20/stream_gen_RBF_drift.arff,1,76000.0,12.171875,9.396236338135246E-9,76000.0,0.9284740196487713,0.25402665644962974,0.906,0.6026915533914925,0.928156862745098,0.2106537530266344,0.7077067536650732,0.5057471264367817,0.527200529450695,76000.0,2984.0
meta.imbalanced.OnlineAdaBoost -l (trees.HoeffdingTree -e 2000000 -g 100 -c 0.01),ArffFileStream -f ./../../../Dataset/Synthetic_IM20/stream_gen_RBF_drift.arff,1,76500.0,12.25,9.456545942359477E-9,76500.0,0.9437974683544303,0.2740475571152515,0.902,0.6580122836404245,0.9284740196487713,0.26582278481012656,0.7573628940906657,0.580952380952381,0.5072625698324024,76500.0,2984.0
meta.imbalanced.OnlineAdaBoost -l (trees.HoeffdingTree -e 2000000 -g 100 -c 0.01),ArffFileStream -f ./../../../Dataset/Synthetic_IM20/stream_gen_RBF_drift.arff,1,77000.0,12.296875,9.492731704894016E-9,77000.0,0.9603655532564784,0.2992612264948774,0.92,0.7256666300888841,0.9437974683544303,0.2562814070351759,0.8103187122425258,0.6666666666666666,0.5978324737220084,77000.0,2984.0
meta.imbalanced.OnlineAdaBoost -l (trees.HoeffdingTree -e 2000000 -g 100 -c 0.01),ArffFileStream -f ./../../../Dataset/Synthetic_IM20/stream_gen_RBF_drift.arff,1,77500.0,12.359375,9.5409793882734E-9,77500.0,0.9484860298895387,0.3091832943701013,0.918,0.6983519717480872,0.9603655532564784,0.2345679012345679,0.7888106377466154,0.631578947368421,0.5876589670386713,77500.0,2984.0
meta.imbalanced.OnlineAdaBoost -l (trees.HoeffdingTree -e 2000000 -g 100 -c 0.01),ArffFileStream -f ./../../../Dataset/Synthetic_IM20/stream_gen_RBF_drift.arff,1,78000.0,12.4375,9.601288992497631E-9,78000.0,0.9145454545454546,0.28433116437708894,0.904,0.6996621198848706,0.9484860298895387,0.2987012987012987,0.7991384406458617,0.6521739130434783,0.5177432858890966,78000.0,2984.0
meta.imbalanced.OnlineAdaBoost -l (trees.HoeffdingTree -e 2000000 -g 100 -c 0.01),ArffFileStream -f ./../../../Dataset/Synthetic_IM20/stream_gen_RBF_drift.arff,1,78500.0,12.515625,9.661598596721862E-9,78500.0,0.9367,0.25287732015840664,0.902,0.6534653465346536,0.9145454545454546,0.25,0.7658328799418317,0.6,0.5077110129903373,78500.0,2984.0
meta.imbalanced.OnlineAdaBoost -l (trees.HoeffdingTree -e 2000000 -g 100 -c 0.01),ArffFileStream -f ./../../../Dataset/Synthetic_IM20/stream_gen_RBF_drift.arff,1,79000.0,12.59375,9.721908200946093E-9,79000.0,0.9037441001687413,0.2423496411336638,0.864,0.514438319385336,0.9367,0.2594458438287154,0.6774598494337692,0.47572815533980584,0.3169739351557532,79000.0,2984.0
meta.imbalanced.OnlineAdaBoost -l (trees.HoeffdingTree -e 2000000 -g 100 -c 0.01),ArffFileStream -f ./../../../Dataset/Synthetic_IM20/stream_gen_RBF_drift.arff,1,79500.0,12.65625,9.770155884325478E-9,79500.0,0.9624327342877449,0.3164917456859764,0.914,0.6900588167454736,0.9037441001687413,0.24378109452736318,0.783044504683065,0.6224489795918368,0.5680439727065962,79500.0,2984.0
meta.imbalanced.OnlineAdaBoost -l (trees.HoeffdingTree -e 2000000 -g 100 -c 0.01),ArffFileStream -f ./../../../Dataset/Synthetic_IM20/stream_gen_RBF_drift.arff,1,80000.0,12.71875,9.818403567704862E-9,80000.0,0.9461374911410347,0.30883092003161194,0.922,0.6802230239422762,0.9624327342877449,0.20481927710843373,0.7699162839798555,0.6,0.6078677810595114,80000.0,2984.0
meta.imbalanced.OnlineAdaBoost -l (trees.HoeffdingTree -e 2000000 -g 100 -c 0.01),ArffFileStream -f ./../../../Dataset/Synthetic_IM20/stream_gen_RBF_drift.arff,1,80500.0,12.78125,9.866651251084247E-9,80500.0,0.9297024890639789,0.29275130571371955,0.922,0.7083457971881545,0.9461374911410347,0.24069478908188585,0.7789339663057634,0.6082474226804123,0.6078076202373519,80500.0,2984.0
meta.imbalanced.OnlineAdaBoost -l (trees.HoeffdingTree -e 2000000 -g 100 -c 0.01),ArffFileStream -f ./../../../Dataset/Synthetic_IM20/stream_gen_RBF_drift.arff,1,81000.0,12.84375,9.914898934463632E-9,81000.0,0.9476964769647697,0.29099539642148886,0.922,0.6852808263395742,0.9297024890639789,0.21951219512195122,0.7591894122586516,0.5777777777777777,0.607577639751553,81000.0,2984.0
meta.imbalanced.OnlineAdaBoost -l (trees.HoeffdingTree -e 2000000 -g 100 -c 0.01),ArffFileStream -f ./../../../Dataset/Synthetic_IM20/stream_gen_RBF_drift.arff,1,81500.0,12.90625,9.963146617843017E-9,81500.0,0.954242040745428,0.2801431434877967,0.912,0.6768602567492144,0.9476964769647697,0.2531328320802005,0.7568475302688424,0.5742574257425742,0.5573112770816617,81500.0,2984.0
meta.imbalanced.OnlineAdaBoost -l (trees.HoeffdingTree -e 2000000 -g 100 -c 0.01),ArffFileStream -f ./../../../Dataset/Synthetic_IM20/stream_gen_RBF_drift.arff,1,82000.0,12.96875,1.0011394301222402E-8,82000.0,0.9280600248342183,0.2568211714199062,0.888,0.5609220636663008,0.954242040745428,0.2285012285012285,0.695475400048865,0.4946236559139785,0.43635694120535157,82000.0,2984.0
meta.imbalanced.OnlineAdaBoost -l (trees.HoeffdingTree -e 2000000 -g 100 -c 0.01),ArffFileStream -f ./../../../Dataset/Synthetic_IM20/stream_gen_RBF_drift.arff,1,82500.0,13.046875,1.0071703905446633E-8,82500.0,0.9415466475659359,0.24792150616476408,0.898,0.6078371062992126,0.9280600248342183,0.24069478908188585,0.7143862053219543,0.5154639175257731,0.4866085046671956,82500.0,2984.0
meta.imbalanced.OnlineAdaBoost -l (trees.HoeffdingTree -e 2000000 -g 100 -c 0.01),ArffFileStream -f ./../../../Dataset/Synthetic_IM20/stream_gen_RBF_drift.arff,1,83000.0,13.109375,1.0119951588826018E-8,83000.0,0.89421573736321,0.21751894372026173,0.88,0.5433650948278487,0.9415466475659359,0.2531328320802005,0.6706252358086423,0.45544554455445546,0.3960708222168323,83000.0,2984.0
meta.imbalanced.OnlineAdaBoost -l (trees.HoeffdingTree -e 2000000 -g 100 -c 0.01),ArffFileStream -f ./../../../Dataset/Synthetic_IM20/stream_gen_RBF_drift.arff,1,83500.0,13.171875,1.0168199272205402E-8,83500.0,0.9368064698138048,0.24137991848196322,0.918,0.6761862639792763,0.89421573736321,0.22249388753056235,0.7603588434486757,0.5824175824175825,0.5871072785382622,83500.0,2984.0
meta.imbalanced.OnlineAdaBoost -l (trees.HoeffdingTree -e 2000000 -g 100 -c 0.01),ArffFileStream -f ./../../../Dataset/Synthetic_IM20/stream_gen_RBF_drift.arff,1,84000.0,13.25,1.0228508876429633E-8,84000.0,0.9389816810344828,0.27807990171300284,0.904,0.6999099729918977,0.9368064698138048,0.3020833333333333,0.7967217989988726,0.646551724137931,0.5170968321456376,84000.0,2984.0
meta.imbalanced.OnlineAdaBoost -l (trees.HoeffdingTree -e 2000000 -g 100 -c 0.01),ArffFileStream -f ./../../../Dataset/Synthetic_IM20/stream_gen_RBF_drift.arff,1,84500.0,13.296875,1.0264694638964172E-8,84500.0,0.9603252032520325,0.2907165660998426,0.92,0.6821360457724097,0.9389816810344828,0.21951219512195122,0.7645782797068316,0.5888888888888889,0.5973554112811962,84500.0,2984.0
meta.imbalanced.OnlineAdaBoost -l (trees.HoeffdingTree -e 2000000 -g 100 -c 0.01),ArffFileStream -f ./../../../Dataset/Synthetic_IM20/stream_gen_RBF_drift.arff,1,85000.0,13.375,1.0325004243188403E-8,85000.0,0.9345872677429181,0.2679219211746233,0.906,0.6699067310933814,0.9603252032520325,0.24378109452736318,0.7844371606774379,0.6326530612244898,0.5268549772013977,85000.0,2984.0
meta.imbalanced.OnlineAdaBoost -l (trees.HoeffdingTree -e 2000000 -g 100 -c 0.01),ArffFileStream -f ./../../../Dataset/Synthetic_IM20/stream_gen_RBF_drift.arff,1,85500.0,13.4375,1.0373251926567788E-8,85500.0,0.9349865019064317,0.250518781448577,0.892,0.5509430196587168,0.9345872677429181,0.2106537530266344,0.687196083401721,0.4827586206896552,0.4559915164369035,85500.0,2984.0
meta.imbalanced.OnlineAdaBoost -l (trees.HoeffdingTree -e 2000000 -g 100 -c 0.01),ArffFileStream -f ./../../../Dataset/Synthetic_IM20/stream_gen_RBF_drift.arff,1,86000.0,13.484375,1.0409437689102327E-8,86000.0,0.9309333397184177,0.2562042021818838,0.898,0.6607959987229968,0.9349865019064317,0.26903553299492383,0.7779833655282083,0.6226415094339622,0.48641686182669797,86000.0,2984.0
meta.imbalanced.OnlineAdaBoost -l (trees.HoeffdingTree -e 2000000 -g 100 -c 0.01),ArffFileStream -f ./../../../Dataset/Synthetic_IM20/stream_gen_RBF_drift.arff,1,86500.0,13.5625,1.0469747293326558E-8,86500.0,0.9215360025154596,0.25479212351421876,0.902,0.6181421446384039,0.9309333397184177,0.2315270935960591,0.7248201277470535,0.5319148936170213,0.5064050308606034,86500.0,2984.0
meta.imbalanced.OnlineAdaBoost -l (trees.HoeffdingTree -e 2000000 -g 100 -c 0.01),ArffFileStream -f ./../../../Dataset/Synthetic_IM20/stream_gen_RBF_drift.arff,1,87000.0,13.609375,1.0505933055861097E-8,87000.0,0.9620462046204621,0.32154937994237776,0.918,0.7013229209161375,0.9215360025154596,0.2376237623762376,0.7911888431206218,0.6354166666666666,0.5869137232194559,87000.0,2984.0
meta.imbalanced.OnlineAdaBoost -l (trees.HoeffdingTree -e 2000000 -g 100 -c 0.01),ArffFileStream -f ./../../../Dataset/Synthetic_IM20/stream_gen_RBF_drift.arff,1,87500.0,13.671875,1.0554180739240482E-8,87500.0,0.936317989115728,0.2785123377349513,0.92,0.6356349061759885,0.9620462046204621,0.1876484560570071,0.7265377632172184,0.5316455696202531,0.5965185313274542,87500.0,2984.0
meta.imbalanced.OnlineAdaBoost -l (trees.HoeffdingTree -e 2000000 -g 100 -c 0.01),ArffFileStream -f ./../../../Dataset/Synthetic_IM20/stream_gen_RBF_drift.arff,1,88000.0,13.734375,1.0602428422619866E-8,88000.0,0.916969696969697,0.237583414841354,0.882,0.5969945355191257,0.936317989115728,0.28205128205128205,0.719589367492918,0.5272727272727272,0.40523512228649994,88000.0,2984.0
meta.imbalanced.OnlineAdaBoost -l (trees.HoeffdingTree -e 2000000 -g 100 -c 0.01),ArffFileStream -f ./../../../Dataset/Synthetic_IM20/stream_gen_RBF_drift.arff,1,88500.0,13.8125,1.0662738026844097E-8,88500.0,0.8876653002617013,0.24817774742268423,0.884,0.6282909072265375,0.916969696969697,0.2853470437017995,0.7628106453076895,0.6036036036036037,0.41570859419465006,88500.0,2984.0
meta.imbalanced.OnlineAdaBoost -l (trees.HoeffdingTree -e 2000000 -g 100 -c 0.01),ArffFileStream -f ./../../../Dataset/Synthetic_IM20/stream_gen_RBF_drift.arff,1,89000.0,13.890625,1.0723047631068328E-8,89000.0,0.8507482737311588,0.17606689632031788,0.87,0.4356071130869688,0.8876653002617013,0.22249388753056235,0.5886337538087227,0.3516483516483517,0.34488420814223425,89000.0,2984.0
meta.imbalanced.OnlineAdaBoost -l (trees.HoeffdingTree -e 2000000 -g 100 -c 0.01),ArffFileStream -f ./../../../Dataset/Synthetic_IM20/stream_gen_RBF_drift.arff,1,89500.0,13.953125,1.0771295314447713E-8,89500.0,0.9035027472527473,0.22212788553444476,0.888,0.4679233809668593,0.8507482737311588,0.20192307692307693,0.5961760010062668,0.35714285714285715,0.4351084812623273,89500.0,2984.0
meta.imbalanced.OnlineAdaBoost -l (trees.HoeffdingTree -e 2000000 -g 100 -c 0.01),ArffFileStream -f ./../../../Dataset/Synthetic_IM20/stream_gen_RBF_drift.arff,1,90000.0,14.03125,1.0831604918671943E-8,90000.0,0.8935827322924097,0.24095985176372658,0.9,0.6040670235342565,0.9035027472527473,0.2285012285012285,0.7139946643751077,0.5161290322580645,0.4954591321897076,90000.0,2984.0
meta.imbalanced.OnlineAdaBoost -l (trees.HoeffdingTree -e 2000000 -g 100 -c 0.01),ArffFileStream -f ./../../../Dataset/Synthetic_IM20/stream_gen_RBF_drift.arff,1,90500.0,14.09375,1.0879852602051328E-8,90500.0,0.9284532215357458,0.24472236033672715,0.908,0.6179401993355484,0.8935827322924097,0.21359223300970873,0.7194805422399965,0.5227272727272727,0.535534977128194,90500.0,2984.0
meta.imbalanced.OnlineAdaBoost -l (trees.HoeffdingTree -e 2000000 -g 100 -c 0.01),ArffFileStream -f ./../../../Dataset/Synthetic_IM20/stream_gen_RBF_drift.arff,1,91000.0,14.15625,1.0928100285430713E-8,91000.0,0.9511007208260277,0.29016058141446455,0.914,0.6365050382092379,0.9284532215357458,0.2106537530266344,0.7253793277134789,0.5287356321839081,0.565536001776495,91000.0,2984.0
meta.imbalanced.OnlineAdaBoost -l (trees.HoeffdingTree -e 2000000 -g 100 -c 0.01),ArffFileStream -f ./../../../Dataset/Synthetic_IM20/stream_gen_RBF_drift.arff,1,91500.0,14.21875,1.0976347968810098E-8,91500.0,0.9390302835051546,0.2983818432100983,0.906,0.6979589738316797,0.9511007208260277,0.28865979381443296,0.7945182217626056,0.6428571428571429,0.5254620689655175,91500.0,2984.0
meta.imbalanced.OnlineAdaBoost -l (trees.HoeffdingTree -e 2000000 -g 100 -c 0.01),ArffFileStream -f ./../../../Dataset/Synthetic_IM20/stream_gen_RBF_drift.arff,1,92000.0,14.28125,1.1024595652189483E-8,92000.0,0.9223145780051151,0.2731939388672253,0.904,0.6443812233285918,0.9390302835051546,0.22549019607843138,0.7686304956705012,0.6086956521739131,0.5151781303178351,92000.0,2984.0
meta.imbalanced.OnlineAdaBoost -l (trees.HoeffdingTree -e 2000000 -g 100 -c 0.01),ArffFileStream -f ./../../../Dataset/Synthetic_IM20/stream_gen_RBF_drift.arff,1,92500.0,14.34375,1.1072843335568868E-8,92500.0,0.9333636624844364,0.271682676032139,0.9,0.6582832148715144,0.9223145780051151,0.26903553299492383,0.7640551611266855,0.5943396226415094,0.49517000491185964,92500.0,2984.0
meta.imbalanced.OnlineAdaBoost -l (trees.HoeffdingTree -e 2000000 -g 100 -c 0.01),ArffFileStream -f ./../../../Dataset/Synthetic_IM20/stream_gen_RBF_drift.arff,1,93000.0,14.40625,1.1121091018948253E-8,93000.0,0.9314054001554002,0.25331583476352915,0.892,0.6360793616562433,0.9333636624844364,0.26262626262626265,0.7654298577484857,0.6057692307692307,0.45493026537146575,93000.0,2984.0
meta.imbalanced.OnlineAdaBoost -l (trees.HoeffdingTree -e 2000000 -g 100 -c 0.01),ArffFileStream -f ./../../../Dataset/Synthetic_IM20/stream_gen_RBF_drift.arff,1,93500.0,14.484375,1.1181400623172483E-8,93500.0,0.926923076923077,0.2560274394893286,0.88,0.5917256396298314,0.9314054001554002,0.28205128205128205,0.7186493417911662,0.5272727272727272,0.3947240653827481,93500.0,2984.0
meta.imbalanced.OnlineAdaBoost -l (trees.HoeffdingTree -e 2000000 -g 100 -c 0.01),ArffFileStream -f ./../../../Dataset/Synthetic_IM20/stream_gen_RBF_drift.arff,1,94000.0,14.5625,1.1241710227396714E-8,94000.0,0.9145068822488177,0.2644559565250211,0.918,0.6832117690691063,0.926923076923077,0.2285012285012285,0.766184476190154,0.5913978494623656,0.5862587224906068,94000.0,2984.0
meta.imbalanced.OnlineAdaBoost -l (trees.HoeffdingTree -e 2000000 -g 100 -c 0.01),ArffFileStream -f ./../../../Dataset/Synthetic_IM20/stream_gen_RBF_drift.arff,1,94500.0,14.625,1.1289957910776099E-8,94500.0,0.9157521272437535,0.26647047540940505,0.9,0.5206503815622961,0.9145068822488177,0.1876484560570071,0.6432360907556766,0.4177215189873418,0.49489550483724437,94500.0,2984.0
meta.imbalanced.OnlineAdaBoost -l (trees.HoeffdingTree -e 2000000 -g 100 -c 0.01),ArffFileStream -f ./../../../Dataset/Synthetic_IM20/stream_gen_RBF_drift.arff,1,95000.0,14.6875,1.1338205594155484E-8,95000.0,0.9610112701797137,0.32531039831595404,0.912,0.6757457846952011,0.9157521272437535,0.24378109452736318,0.7654722803345692,0.5918367346938775,0.5554846599670337,95000.0,2984.0
meta.imbalanced.OnlineAdaBoost -l (trees.HoeffdingTree -e 2000000 -g 100 -c 0.01),ArffFileStream -f ./../../../Dataset/Synthetic_IM20/stream_gen_RBF_drift.arff,1,95500.0,14.765625,1.1398515198379715E-8,95500.0,0.9549632975719933,0.32189930547124423,0.912,0.7246902765611314,0.9610112701797137,0.2987012987012987,0.8118684836736851,0.6695652173913044,0.5558609026529967,95500.0,2984.0
meta.imbalanced.OnlineAdaBoost -l (trees.HoeffdingTree -e 2000000 -g 100 -c 0.01),ArffFileStream -f ./../../../Dataset/Synthetic_IM20/stream_gen_RBF_drift.arff,1,96000.0,14.828125,1.14467628817591E-8,96000.0,0.9526855518326733,0.3000083610091228,0.916,0.701195219123506,0.9549632975719933,0.24378109452736318,0.7947723655276375,0.6428571428571429,0.5760252365930602,96000.0,2984.0
meta.imbalanced.OnlineAdaBoost -l (trees.HoeffdingTree -e 2000000 -g 100 -c 0.01),ArffFileStream -f ./../../../Dataset/Synthetic_IM20/stream_gen_RBF_drift.arff,1,96500.0,14.90625,1.150707248598333E-8,96500.0,0.9255439022276155,0.2400223200497869,0.902,0.5479037496309421,0.9526855518326733,0.19904076738609114,0.6570043198176043,0.43373493975903615,0.5049468669842433,96500.0,2984.0
meta.imbalanced.OnlineAdaBoost -l (trees.HoeffdingTree -e 2000000 -g 100 -c 0.01),ArffFileStream -f ./../../../Dataset/Synthetic_IM20/stream_gen_RBF_drift.arff,1,97000.0,14.96875,1.1555320169362715E-8,97000.0,0.8804522998071386,0.21553814608958696,0.88,0.5051954477981199,0.9255439022276155,0.2285012285012285,0.6427851145564,0.41935483870967744,0.3936236715982498,97000.0,2984.0
meta.imbalanced.OnlineAdaBoost -l (trees.HoeffdingTree -e 2000000 -g 100 -c 0.01),ArffFileStream -f ./../../../Dataset/Synthetic_IM20/stream_gen_RBF_drift.arff,1,97500.0,15.046875,1.1615629773586946E-8,97500.0,0.8969072164948454,0.20091801829850328,0.864,0.45399068572346196,0.8804522998071386,0.24069478908188585,0.611450098990338,0.38144329896907214,0.3127040895661638,97500.0,2984.0
meta.imbalanced.OnlineAdaBoost -l (trees.HoeffdingTree -e 2000000 -g 100 -c 0.01),ArffFileStream -f ./../../../Dataset/Synthetic_IM20/stream_gen_RBF_drift.arff,1,98000.0,15.125,1.1675939377811177E-8,98000.0,0.9033026222537207,0.22014766187332485,0.894,0.5185319767441859,0.8969072164948454,0.20481927710843373,0.6393653834472689,0.4117647058823529,0.4639281659613997,98000.0,2984.0
meta.imbalanced.OnlineAdaBoost -l (trees.HoeffdingTree -e 2000000 -g 100 -c 0.01),ArffFileStream -f ./../../../Dataset/Synthetic_IM20/stream_gen_RBF_drift.arff,1,98500.0,15.203125,1.1736248982035407E-8,98500.0,0.9306672854785478,0.2381119932119039,0.874,0.49078564500484967,0.9033026222537207,0.2376237623762376,0.6326267336735113,0.40625,0.3626887131560029,98500.0,2984.0
meta.imbalanced.OnlineAdaBoost -l (trees.HoeffdingTree -e 2000000 -g 100 -c 0.01),ArffFileStream -f ./../../../Dataset/Synthetic_IM20/stream_gen_RBF_drift.arff,1,99000.0,15.265625,1.1784496665414792E-8,99000.0,0.9133722411357372,0.23845998218012454,0.89,0.6437085406301825,0.9306672854785478,0.2853470437017995,0.7658558096923281,0.6036036036036037,0.44396221598161856,99000.0,2984.0
meta.imbalanced.OnlineAdaBoost -l (trees.HoeffdingTree -e 2000000 -g 100 -c 0.01),ArffFileStream -f ./../../../Dataset/Synthetic_IM20/stream_gen_RBF_drift.arff,1,99500.0,15.328125,1.1832744348794177E-8,99500.0,0.9419536984754376,0.25707787017620826,0.896,0.6701763288088292,0.9133722411357372,0.2987012987012987,0.7775361047100073,0.6173913043478261,0.47472081218274126,99500.0,2984.0
meta.imbalanced.OnlineAdaBoost -l (trees.HoeffdingTree -e 2000000 -g 100 -c 0.01),ArffFileStream -f ./../../../Dataset/Synthetic_IM20/stream_gen_RBF_drift.arff,1,100000.0,15.390625,1.1880992032173562E-8,100000.0,0.9535811471295342,0.25395897268434825,0.936,0.7674215774631511,0.9419536984754376,0.2285012285012285,0.8372329565537113,0.7096774193548387,0.6766533622998033,100000.0,2984.0
