Learner,stream,randomSeed,learning evaluation instances,evaluation time (cpu seconds),model cost (RAM-Hours),classified instances,AUC,sAUC,Accuracy,Kappa,Periodical holdout AUC,Pos/Neg ratio,G-Mean,Recall,KappaM,model training instances,model serialized size (bytes)
functions.MajorityClass,ArffFileStream -f ./../../../Dataset/Synthetic_IM20/stream_gen_RBF_drift.arff,1,500.0,0.03125,7.243620024787055E-12,500.0,0.476342728176469,0.014022260987993293,0.818,0.0,0.0,0.22249388753056235,0.0,0.0,0.0,500.0,896.0
functions.MajorityClass,ArffFileStream -f ./../../../Dataset/Synthetic_IM20/stream_gen_RBF_drift.arff,1,1000.0,0.0625,1.448724004957411E-11,1000.0,0.44925942032692945,0.001981783141614263,0.806,0.0,0.476342728176469,0.24069478908188585,0.0,0.0,-0.031914893617021316,1000.0,896.0
functions.MajorityClass,ArffFileStream -f ./../../../Dataset/Synthetic_IM20/stream_gen_RBF_drift.arff,1,1500.0,0.078125,1.8109050061967638E-11,1500.0,0.3984804686500729,4.847525811885467E-4,0.806,0.0,0.44925942032692945,0.24069478908188585,0.0,0.0,-0.021052631578947392,1500.0,896.0
functions.MajorityClass,ArffFileStream -f ./../../../Dataset/Synthetic_IM20/stream_gen_RBF_drift.arff,1,2000.0,0.09375,2.1730860074361166E-11,2000.0,0.4354360916860917,0.0012410517512379676,0.792,0.0,0.3984804686500729,0.26262626262626265,0.0,0.0,-0.06940874035989694,2000.0,896.0
functions.MajorityClass,ArffFileStream -f ./../../../Dataset/Synthetic_IM20/stream_gen_RBF_drift.arff,1,2500.0,0.109375,2.5352670086754695E-11,2500.0,0.45443627975553497,5.723432259932826E-4,0.786,0.0,0.4354360916860917,0.272264631043257,0.0,0.0,-0.07862903225806424,2500.0,896.0
functions.MajorityClass,ArffFileStream -f ./../../../Dataset/Synthetic_IM20/stream_gen_RBF_drift.arff,1,3000.0,0.109375,2.5352670086754695E-11,3000.0,0.45457896363939027,5.902997503980933E-4,0.786,0.0,0.45443627975553497,0.272264631043257,0.0,0.0,-0.06467661691542295,3000.0,896.0
functions.MajorityClass,ArffFileStream -f ./../../../Dataset/Synthetic_IM20/stream_gen_RBF_drift.arff,1,3500.0,0.125,2.8974480099148223E-11,3500.0,0.4647782779427258,4.907408957649795E-4,0.788,0.0,0.45457896363939027,0.26903553299492383,0.0,0.0,-0.046544428772919165,3500.0,896.0
functions.MajorityClass,ArffFileStream -f ./../../../Dataset/Synthetic_IM20/stream_gen_RBF_drift.arff,1,4000.0,0.125,2.8974480099148223E-11,4000.0,0.4076151761517615,2.849659597551901E-4,0.82,0.0,0.4647782779427258,0.21951219512195122,0.0,0.0,0.09887359198998716,4000.0,896.0
functions.MajorityClass,ArffFileStream -f ./../../../Dataset/Synthetic_IM20/stream_gen_RBF_drift.arff,1,4500.0,0.140625,3.259629011154175E-11,4500.0,0.3994728544684205,1.6483684688989308E-4,0.796,0.0,0.4076151761517615,0.2562814070351759,0.0,0.0,-0.018867924528301844,4500.0,896.0
functions.MajorityClass,ArffFileStream -f ./../../../Dataset/Synthetic_IM20/stream_gen_RBF_drift.arff,1,5000.0,0.140625,3.259629011154175E-11,5000.0,0.4066961676546715,3.3187545844175215E-4,0.826,0.0,0.3994728544684205,0.2106537530266344,0.0,0.0,0.11943319838056657,5000.0,896.0
functions.MajorityClass,ArffFileStream -f ./../../../Dataset/Synthetic_IM20/stream_gen_RBF_drift.arff,1,5500.0,0.140625,3.259629011154175E-11,5500.0,0.48395874779904413,4.6411959135653214E-4,0.774,0.0,0.4066961676546715,0.29198966408268734,0.0,0.0,-0.12897366030881038,5500.0,896.0
functions.MajorityClass,ArffFileStream -f ./../../../Dataset/Synthetic_IM20/stream_gen_RBF_drift.arff,1,6000.0,0.15625,3.6218100123935276E-11,6000.0,0.42625745950554134,2.6741325691233275E-4,0.816,0.0,0.48395874779904413,0.22549019607843138,0.0,0.0,0.0746018440905277,6000.0,896.0
functions.MajorityClass,ArffFileStream -f ./../../../Dataset/Synthetic_IM20/stream_gen_RBF_drift.arff,1,6500.0,0.15625,3.6218100123935276E-11,6500.0,0.4972460302533652,4.021176706036911E-4,0.818,0.0,0.42625745950554134,0.22249388753056235,0.0,0.0,0.07866043613707145,6500.0,896.0
functions.MajorityClass,ArffFileStream -f ./../../../Dataset/Synthetic_IM20/stream_gen_RBF_drift.arff,1,7000.0,0.171875,3.98399101363288E-11,7000.0,0.4121136552557999,8.8380819522893E-5,0.802,0.0,0.4972460302533652,0.24688279301745636,0.0,0.0,-0.002169197396962643,7000.0,896.0
functions.MajorityClass,ArffFileStream -f ./../../../Dataset/Synthetic_IM20/stream_gen_RBF_drift.arff,1,7500.0,0.171875,3.98399101363288E-11,7500.0,0.43787635975135974,1.8510281163630626E-4,0.792,0.0,0.4121136552557999,0.26262626262626265,0.0,0.0,-0.04909213180901106,7500.0,896.0
functions.MajorityClass,ArffFileStream -f ./../../../Dataset/Synthetic_IM20/stream_gen_RBF_drift.arff,1,8000.0,0.1875,4.3461720148722326E-11,8000.0,0.4898497442455243,3.1484668784548253E-4,0.816,0.0,0.43787635975135974,0.22549019607843138,0.0,0.0,0.06776440785307114,8000.0,896.0
functions.MajorityClass,ArffFileStream -f ./../../../Dataset/Synthetic_IM20/stream_gen_RBF_drift.arff,1,8500.0,0.1875,4.3461720148722326E-11,8500.0,0.4599276672694394,1.3307228291380147E-4,0.79,0.0,0.4898497442455243,0.26582278481012656,0.0,0.0,-0.05997624703087879,8500.0,896.0
functions.MajorityClass,ArffFileStream -f ./../../../Dataset/Synthetic_IM20/stream_gen_RBF_drift.arff,1,9000.0,0.203125,4.708353016111585E-11,9000.0,0.4795949345129673,6.099854083254502E-4,0.756,0.0,0.4599276672694394,0.32275132275132273,0.0,0.0,-0.21594684385382062,9000.0,896.0
functions.MajorityClass,ArffFileStream -f ./../../../Dataset/Synthetic_IM20/stream_gen_RBF_drift.arff,1,9500.0,0.203125,4.708353016111585E-11,9500.0,0.430425,9.886480078492854E-5,0.8,0.0,0.4795949345129673,0.25,0.0,0.0,0.003147953830010526,9500.0,896.0
functions.MajorityClass,ArffFileStream -f ./../../../Dataset/Synthetic_IM20/stream_gen_RBF_drift.arff,1,10000.0,0.21875,5.0705340173509376E-11,10000.0,0.401088196821686,1.399772621573231E-4,0.826,0.0,0.430425,0.2106537530266344,0.0,0.0,0.12694430506773702,10000.0,896.0
functions.MajorityClass,ArffFileStream -f ./../../../Dataset/Synthetic_IM20/stream_gen_RBF_drift.arff,1,10500.0,0.21875,5.0705340173509376E-11,10500.0,0.4096576739968261,6.180643916571527E-5,0.802,0.0,0.401088196821686,0.24688279301745636,0.0,0.0,0.006214149139579462,10500.0,896.0
functions.MajorityClass,ArffFileStream -f ./../../../Dataset/Synthetic_IM20/stream_gen_RBF_drift.arff,1,11000.0,0.234375,5.43271501859029E-11,11000.0,0.43313107899281883,1.703032036901725E-4,0.772,0.0,0.4096576739968261,0.29533678756476683,0.0,0.0,-0.13689936536718011,11000.0,896.0
functions.MajorityClass,ArffFileStream -f ./../../../Dataset/Synthetic_IM20/stream_gen_RBF_drift.arff,1,11500.0,0.234375,5.43271501859029E-11,11500.0,0.45945008240090207,2.4542176370008495E-4,0.756,0.0,0.43313107899281883,0.32275132275132273,0.0,0.0,-0.20532646048109976,11500.0,896.0
functions.MajorityClass,ArffFileStream -f ./../../../Dataset/Synthetic_IM20/stream_gen_RBF_drift.arff,1,12000.0,0.25,5.7948960198296426E-11,12000.0,0.41399554884756085,6.527564571283395E-5,0.806,0.0,0.45945008240090207,0.24069478908188585,0.0,0.0,0.04,12000.0,896.0
functions.MajorityClass,ArffFileStream -f ./../../../Dataset/Synthetic_IM20/stream_gen_RBF_drift.arff,1,12500.0,0.25,5.7948960198296426E-11,12500.0,0.4288395173681957,8.986701061944324E-5,0.802,0.0,0.41399554884756085,0.24688279301745636,0.0,0.0,0.019413629160063565,12500.0,896.0
functions.MajorityClass,ArffFileStream -f ./../../../Dataset/Synthetic_IM20/stream_gen_RBF_drift.arff,1,13000.0,0.265625,6.157077021068995E-11,13000.0,0.41510247315006404,4.9598068094416914E-5,0.796,0.0,0.4288395173681957,0.2562814070351759,0.0,0.0,-0.009900990099009912,13000.0,896.0
functions.MajorityClass,ArffFileStream -f ./../../../Dataset/Synthetic_IM20/stream_gen_RBF_drift.arff,1,13500.0,0.265625,6.157077021068995E-11,13500.0,0.4330447676573846,1.7583503475683548E-4,0.758,0.0,0.41510247315006404,0.31926121372031663,0.0,0.0,-0.18929741536221326,13500.0,896.0
functions.MajorityClass,ArffFileStream -f ./../../../Dataset/Synthetic_IM20/stream_gen_RBF_drift.arff,1,14000.0,0.28125,6.519258022308348E-11,14000.0,0.4500745950554135,1.407888897393128E-4,0.816,0.0,0.4330447676573846,0.22549019607843138,0.0,0.0,0.09263825290595232,14000.0,896.0
functions.MajorityClass,ArffFileStream -f ./../../../Dataset/Synthetic_IM20/stream_gen_RBF_drift.arff,1,14500.0,0.28125,6.519258022308348E-11,14500.0,0.45381318356488326,1.1936293832197353E-4,0.796,0.0,0.4500745950554135,0.2562814070351759,0.0,0.0,-0.005780346820809008,14500.0,896.0
functions.MajorityClass,ArffFileStream -f ./../../../Dataset/Synthetic_IM20/stream_gen_RBF_drift.arff,1,15000.0,0.28125,6.519258022308348E-11,15000.0,0.4358726831421006,1.666578337547603E-4,0.824,0.0,0.45381318356488326,0.21359223300970873,0.0,0.0,0.12842522284582333,15000.0,896.0
functions.MajorityClass,ArffFileStream -f ./../../../Dataset/Synthetic_IM20/stream_gen_RBF_drift.arff,1,15500.0,0.296875,6.8814390235477E-11,15500.0,0.4471399574478492,8.898957056570345E-5,0.794,0.0,0.4358726831421006,0.2594458438287154,0.0,0.0,-0.019476372924648322,15500.0,896.0
functions.MajorityClass,ArffFileStream -f ./../../../Dataset/Synthetic_IM20/stream_gen_RBF_drift.arff,1,16000.0,0.296875,6.8814390235477E-11,16000.0,0.4402629789163455,7.073835312707E-5,0.802,0.0,0.4471399574478492,0.24688279301745636,0.0,0.0,0.019498607242340024,16000.0,896.0
functions.MajorityClass,ArffFileStream -f ./../../../Dataset/Synthetic_IM20/stream_gen_RBF_drift.arff,1,16500.0,0.3125,7.243620024787053E-11,16500.0,0.47110443698819776,1.0610587042865494E-4,0.782,0.0,0.4402629789163455,0.27877237851662406,0.0,0.0,-0.07694610778443114,16500.0,896.0
functions.MajorityClass,ArffFileStream -f ./../../../Dataset/Synthetic_IM20/stream_gen_RBF_drift.arff,1,17000.0,0.3125,7.243620024787053E-11,17000.0,0.46235217673814166,1.2017771624420193E-4,0.81,0.0,0.47110443698819776,0.2345679012345679,0.0,0.0,0.05967976710334801,17000.0,896.0
functions.MajorityClass,ArffFileStream -f ./../../../Dataset/Synthetic_IM20/stream_gen_RBF_drift.arff,1,17500.0,0.328125,7.605801026026405E-11,17500.0,0.42687482041950003,6.19903983408443E-5,0.788,0.0,0.46235217673814166,0.26903553299492383,0.0,0.0,-0.04772663089522709,17500.0,896.0
functions.MajorityClass,ArffFileStream -f ./../../../Dataset/Synthetic_IM20/stream_gen_RBF_drift.arff,1,18000.0,0.328125,7.605801026026405E-11,18000.0,0.44373992761089537,6.121435470894665E-5,0.814,0.0,0.42687482041950003,0.2285012285012285,0.0,0.0,0.07870115575123807,18000.0,896.0
functions.MajorityClass,ArffFileStream -f ./../../../Dataset/Synthetic_IM20/stream_gen_RBF_drift.arff,1,18500.0,0.34375,7.967982027265758E-11,18500.0,0.44849996221567295,6.785631569891648E-5,0.802,0.0,0.44373992761089537,0.24688279301745636,0.0,0.0,0.01875167425663041,18500.0,896.0
functions.MajorityClass,ArffFileStream -f ./../../../Dataset/Synthetic_IM20/stream_gen_RBF_drift.arff,1,19000.0,0.34375,7.967982027265758E-11,19000.0,0.45357984038782556,1.3003516330058196E-4,0.774,0.0,0.44849996221567295,0.29198966408268734,0.0,0.0,-0.11648465938637535,19000.0,896.0
functions.MajorityClass,ArffFileStream -f ./../../../Dataset/Synthetic_IM20/stream_gen_RBF_drift.arff,1,19500.0,0.34375,7.967982027265758E-11,19500.0,0.45093225948808474,9.655231620087079E-5,0.824,0.0,0.45357984038782556,0.21359223300970873,0.0,0.0,0.1276054905948142,19500.0,896.0
functions.MajorityClass,ArffFileStream -f ./../../../Dataset/Synthetic_IM20/stream_gen_RBF_drift.arff,1,20000.0,0.359375,8.33016302850511E-11,20000.0,0.39329434697855753,3.895200127629339E-5,0.81,0.0,0.45093225948808474,0.2345679012345679,0.0,0.0,0.05683792504343545,20000.0,896.0
functions.MajorityClass,ArffFileStream -f ./../../../Dataset/Synthetic_IM20/stream_gen_RBF_drift.arff,1,20500.0,0.359375,8.33016302850511E-11,20500.0,0.4498372513562387,7.743246369848467E-5,0.79,0.0,0.39329434697855753,0.26582278481012656,0.0,0.0,-0.04136429608127726,20500.0,896.0
functions.MajorityClass,ArffFileStream -f ./../../../Dataset/Synthetic_IM20/stream_gen_RBF_drift.arff,1,21000.0,0.359375,8.33016302850511E-11,21000.0,0.4461052375744319,1.0565541872614714E-4,0.844,0.0,0.4498372513562387,0.1848341232227488,0.0,0.0,0.2222222222222223,21000.0,896.0
functions.MajorityClass,ArffFileStream -f ./../../../Dataset/Synthetic_IM20/stream_gen_RBF_drift.arff,1,21500.0,0.375,8.692344029744463E-11,21500.0,0.43653705062362436,4.833681788961319E-5,0.812,0.0,0.4461052375744319,0.2315270935960591,0.0,0.0,0.061309800278680944,21500.0,896.0
functions.MajorityClass,ArffFileStream -f ./../../../Dataset/Synthetic_IM20/stream_gen_RBF_drift.arff,1,22000.0,0.375,8.692344029744463E-11,22000.0,0.4214641080312722,1.2332146524685061E-5,0.804,0.0,0.43653705062362436,0.24378109452736318,0.0,0.0,0.020890099909173454,22000.0,896.0
functions.MajorityClass,ArffFileStream -f ./../../../Dataset/Synthetic_IM20/stream_gen_RBF_drift.arff,1,22500.0,0.375,8.692344029744463E-11,22500.0,0.4395854398382204,7.609537273151057E-5,0.828,0.0,0.4214641080312722,0.20772946859903382,0.0,0.0,0.13808463251670375,22500.0,896.0
functions.MajorityClass,ArffFileStream -f ./../../../Dataset/Synthetic_IM20/stream_gen_RBF_drift.arff,1,23000.0,0.390625,9.054525030983815E-11,23000.0,0.4519,5.969218170022439E-5,0.8,0.0,0.4395854398382204,0.25,0.0,0.0,-0.0021786492374723087,23000.0,896.0
functions.MajorityClass,ArffFileStream -f ./../../../Dataset/Synthetic_IM20/stream_gen_RBF_drift.arff,1,23500.0,0.390625,9.054525030983815E-11,23500.0,0.43252372112211224,5.404429261811339E-5,0.808,0.0,0.4519,0.2376237623762376,0.0,0.0,0.03713188220230511,23500.0,896.0
functions.MajorityClass,ArffFileStream -f ./../../../Dataset/Synthetic_IM20/stream_gen_RBF_drift.arff,1,24000.0,0.390625,9.054525030983815E-11,24000.0,0.47223776223776226,9.25949802787207E-5,0.78,0.0,0.43252372112211224,0.28205128205128205,0.0,0.0,-0.10091743119266056,24000.0,896.0
functions.MajorityClass,ArffFileStream -f ./../../../Dataset/Synthetic_IM20/stream_gen_RBF_drift.arff,1,24500.0,0.40625,9.416706032223168E-11,24500.0,0.43839797513585943,4.076403306470244E-5,0.798,0.0,0.47223776223776226,0.2531328320802005,0.0,0.0,-0.010618746171124974,24500.0,896.0
functions.MajorityClass,ArffFileStream -f ./../../../Dataset/Synthetic_IM20/stream_gen_RBF_drift.arff,1,25000.0,0.40625,9.416706032223168E-11,25000.0,0.42368427227292993,7.348890383730711E-5,0.782,0.0,0.43839797513585943,0.27877237851662406,0.0,0.0,-0.08869356771873751,25000.0,896.0
functions.MajorityClass,ArffFileStream -f ./../../../Dataset/Synthetic_IM20/stream_gen_RBF_drift.arff,1,25500.0,0.40625,9.416706032223168E-11,25500.0,0.38058016327948585,1.8497264748854048E-5,0.798,0.0,0.42368427227292993,0.2531328320802005,0.0,0.0,-0.008615625611904931,25500.0,896.0
functions.MajorityClass,ArffFileStream -f ./../../../Dataset/Synthetic_IM20/stream_gen_RBF_drift.arff,1,26000.0,0.421875,9.77888703346252E-11,26000.0,0.46408312706270627,6.118055449615134E-5,0.808,0.0,0.38058016327948585,0.2376237623762376,0.0,0.0,0.040553526811455035,26000.0,896.0
functions.MajorityClass,ArffFileStream -f ./../../../Dataset/Synthetic_IM20/stream_gen_RBF_drift.arff,1,26500.0,0.421875,9.77888703346252E-11,26500.0,0.4547187665247279,-2.9674723127287583E-5,0.826,0.0,0.46408312706270627,0.2106537530266344,0.0,0.0,0.12835538752362938,26500.0,896.0
functions.MajorityClass,ArffFileStream -f ./../../../Dataset/Synthetic_IM20/stream_gen_RBF_drift.arff,1,27000.0,0.421875,9.77888703346252E-11,27000.0,0.445575,5.453845146399794E-5,0.8,0.0,0.4547187665247279,0.25,0.0,0.0,-0.0018552875695732034,27000.0,896.0
functions.MajorityClass,ArffFileStream -f ./../../../Dataset/Synthetic_IM20/stream_gen_RBF_drift.arff,1,27500.0,0.421875,9.77888703346252E-11,27500.0,0.39213756526969024,2.5589734983566537E-5,0.822,0.0,0.445575,0.21654501216545013,0.0,0.0,0.10658879357546983,27500.0,896.0
functions.MajorityClass,ArffFileStream -f ./../../../Dataset/Synthetic_IM20/stream_gen_RBF_drift.arff,1,28000.0,0.421875,9.77888703346252E-11,28000.0,0.45046620046620045,8.331028117988803E-5,0.792,0.0,0.39213756526969024,0.26262626262626265,0.0,0.0,-0.04316675622425197,28000.0,896.0
functions.MajorityClass,ArffFileStream -f ./../../../Dataset/Synthetic_IM20/stream_gen_RBF_drift.arff,1,28500.0,0.4375,1.0141068034701873E-10,28500.0,0.45509696415879786,7.01352626125279E-5,0.804,0.0,0.45046620046620045,0.24378109452736318,0.0,0.0,0.016722408026756237,28500.0,896.0
functions.MajorityClass,ArffFileStream -f ./../../../Dataset/Synthetic_IM20/stream_gen_RBF_drift.arff,1,29000.0,0.4375,1.0141068034701873E-10,29000.0,0.4604195804195804,5.832089537900764E-5,0.78,0.0,0.45509696415879786,0.28205128205128205,0.0,0.0,-0.10170954930063891,29000.0,896.0
functions.MajorityClass,ArffFileStream -f ./../../../Dataset/Synthetic_IM20/stream_gen_RBF_drift.arff,1,29500.0,0.4375,1.0141068034701873E-10,29500.0,0.44830342409240925,4.082206696459645E-5,0.808,0.0,0.4604195804195804,0.2376237623762376,0.0,0.0,0.03788007474095467,29500.0,896.0
functions.MajorityClass,ArffFileStream -f ./../../../Dataset/Synthetic_IM20/stream_gen_RBF_drift.arff,1,30000.0,0.4375,1.0141068034701873E-10,30000.0,0.4451981351981352,1.905811660288248E-5,0.78,0.0,0.44830342409240925,0.28205128205128205,0.0,0.0,-0.10055027513756884,30000.0,896.0
functions.MajorityClass,ArffFileStream -f ./../../../Dataset/Synthetic_IM20/stream_gen_RBF_drift.arff,1,30500.0,0.453125,1.0503249035941225E-10,30500.0,0.43711330121542635,4.610201607573028E-5,0.794,0.0,0.4451981351981352,0.2594458438287154,0.0,0.0,-0.030000000000000034,30500.0,896.0
functions.MajorityClass,ArffFileStream -f ./../../../Dataset/Synthetic_IM20/stream_gen_RBF_drift.arff,1,31000.0,0.453125,1.0503249035941225E-10,31000.0,0.419531857031857,3.2496050874783466E-5,0.792,0.0,0.43711330121542635,0.26262626262626265,0.0,0.0,-0.03932946486137937,31000.0,896.0
functions.MajorityClass,ArffFileStream -f ./../../../Dataset/Synthetic_IM20/stream_gen_RBF_drift.arff,1,31500.0,0.453125,1.0503249035941225E-10,31500.0,0.49435897435897436,3.28224679932293E-5,0.78,0.0,0.419531857031857,0.28205128205128205,0.0,0.0,-0.09756097560975607,31500.0,896.0
functions.MajorityClass,ArffFileStream -f ./../../../Dataset/Synthetic_IM20/stream_gen_RBF_drift.arff,1,32000.0,0.46875,1.0865430037180578E-10,32000.0,0.5017236807212941,1.359326188075105E-4,0.838,0.0,0.49435897435897436,0.19331742243436753,0.0,0.0,0.18936669272869408,32000.0,896.0
functions.MajorityClass,ArffFileStream -f ./../../../Dataset/Synthetic_IM20/stream_gen_RBF_drift.arff,1,32500.0,0.46875,1.0865430037180578E-10,32500.0,0.4168123543123543,1.9442589282894773E-5,0.792,0.0,0.5017236807212941,0.26262626262626265,0.0,0.0,-0.0401600246191719,32500.0,896.0
functions.MajorityClass,ArffFileStream -f ./../../../Dataset/Synthetic_IM20/stream_gen_RBF_drift.arff,1,33000.0,0.46875,1.0865430037180578E-10,33000.0,0.44639566395663954,4.385729524858384E-5,0.82,0.0,0.4168123543123543,0.21951219512195122,0.0,0.0,0.09849749582637701,33000.0,896.0
functions.MajorityClass,ArffFileStream -f ./../../../Dataset/Synthetic_IM20/stream_gen_RBF_drift.arff,1,33500.0,0.484375,1.122761103841993E-10,33500.0,0.46032198996456686,4.0175454138549616E-5,0.786,0.0,0.44639566395663954,0.272264631043257,0.0,0.0,-0.07063918757467151,33500.0,896.0
functions.MajorityClass,ArffFileStream -f ./../../../Dataset/Synthetic_IM20/stream_gen_RBF_drift.arff,1,34000.0,0.484375,1.122761103841993E-10,34000.0,0.4033106435643564,2.10974342125525E-5,0.808,0.0,0.46032198996456686,0.2376237623762376,0.0,0.0,0.03886925795053036,34000.0,896.0
functions.MajorityClass,ArffFileStream -f ./../../../Dataset/Synthetic_IM20/stream_gen_RBF_drift.arff,1,34500.0,0.484375,1.122761103841993E-10,34500.0,0.4209651067802544,7.056099240421165E-5,0.836,0.0,0.4033106435643564,0.19617224880382775,0.0,0.0,0.17689845795752085,34500.0,896.0
functions.MajorityClass,ArffFileStream -f ./../../../Dataset/Synthetic_IM20/stream_gen_RBF_drift.arff,1,35000.0,0.5,1.1589792039659283E-10,35000.0,0.4476413255360624,4.490879484746191E-5,0.81,0.0,0.4209651067802544,0.2345679012345679,0.0,0.0,0.045774142631654614,35000.0,896.0
functions.MajorityClass,ArffFileStream -f ./../../../Dataset/Synthetic_IM20/stream_gen_RBF_drift.arff,1,35500.0,0.5,1.1589792039659283E-10,35500.0,0.4418442193503318,5.479070398883845E-5,0.818,0.0,0.4476413255360624,0.22249388753056235,0.0,0.0,0.08484419263456065,35500.0,896.0
functions.MajorityClass,ArffFileStream -f ./../../../Dataset/Synthetic_IM20/stream_gen_RBF_drift.arff,1,36000.0,0.5,1.1589792039659283E-10,36000.0,0.4809506341054397,6.162552534814958E-5,0.812,0.0,0.4418442193503318,0.2315270935960591,0.0,0.0,0.05395582890690561,36000.0,896.0
functions.MajorityClass,ArffFileStream -f ./../../../Dataset/Synthetic_IM20/stream_gen_RBF_drift.arff,1,36500.0,0.515625,1.1951973040898635E-10,36500.0,0.42514820071804293,7.231489757225651E-5,0.826,0.0,0.4809506341054397,0.2106537530266344,0.0,0.0,0.12291120011048186,36500.0,896.0
functions.MajorityClass,ArffFileStream -f ./../../../Dataset/Synthetic_IM20/stream_gen_RBF_drift.arff,1,37000.0,0.515625,1.1951973040898635E-10,37000.0,0.41055488982905775,2.2435253491021045E-5,0.794,0.0,0.42514820071804293,0.2594458438287154,0.0,0.0,-0.03785403050108916,37000.0,896.0
functions.MajorityClass,ArffFileStream -f ./../../../Dataset/Synthetic_IM20/stream_gen_RBF_drift.arff,1,37500.0,0.515625,1.1951973040898635E-10,37500.0,0.45803768680961665,5.7655088854427494E-5,0.81,0.0,0.41055488982905775,0.2345679012345679,0.0,0.0,0.042209974458932716,37500.0,896.0
functions.MajorityClass,ArffFileStream -f ./../../../Dataset/Synthetic_IM20/stream_gen_RBF_drift.arff,1,38000.0,0.53125,1.2314154042137988E-10,38000.0,0.44268117584825817,3.344591950776854E-5,0.802,0.0,0.45803768680961665,0.24688279301745636,0.0,0.0,0.0018572565667285478,38000.0,896.0
functions.MajorityClass,ArffFileStream -f ./../../../Dataset/Synthetic_IM20/stream_gen_RBF_drift.arff,1,38500.0,0.53125,1.2314154042137988E-10,38500.0,0.4824135774514244,6.941341515399879E-5,0.754,0.0,0.44268117584825817,0.32625994694960214,0.0,0.0,-0.23626158464952388,38500.0,896.0
functions.MajorityClass,ArffFileStream -f ./../../../Dataset/Synthetic_IM20/stream_gen_RBF_drift.arff,1,39000.0,0.53125,1.2314154042137988E-10,39000.0,0.4585695389266818,2.9164650329691066E-5,0.784,0.0,0.4824135774514244,0.2755102040816326,0.0,0.0,-0.08430943493371047,39000.0,896.0
functions.MajorityClass,ArffFileStream -f ./../../../Dataset/Synthetic_IM20/stream_gen_RBF_drift.arff,1,39500.0,0.546875,1.267633504337734E-10,39500.0,0.48157181571815716,4.1799859560417985E-5,0.82,0.0,0.4585695389266818,0.21951219512195122,0.0,0.0,0.09530474615090948,39500.0,896.0
functions.MajorityClass,ArffFileStream -f ./../../../Dataset/Synthetic_IM20/stream_gen_RBF_drift.arff,1,40000.0,0.546875,1.267633504337734E-10,40000.0,0.4393450028232637,5.969138834201193E-5,0.77,0.0,0.48157181571815716,0.2987012987012987,0.0,0.0,-0.1537496864810632,40000.0,896.0
functions.MajorityClass,ArffFileStream -f ./../../../Dataset/Synthetic_IM20/stream_gen_RBF_drift.arff,1,40500.0,0.546875,1.267633504337734E-10,40500.0,0.44312354312354313,5.3610970667555824E-5,0.78,0.0,0.4393450028232637,0.28205128205128205,0.0,0.0,-0.10217714002968796,40500.0,896.0
functions.MajorityClass,ArffFileStream -f ./../../../Dataset/Synthetic_IM20/stream_gen_RBF_drift.arff,1,41000.0,0.546875,1.267633504337734E-10,41000.0,0.4349849306811332,3.192505866907169E-5,0.79,0.0,0.44312354312354313,0.26582278481012656,0.0,0.0,-0.05141042862376364,41000.0,896.0
functions.MajorityClass,ArffFileStream -f ./../../../Dataset/Synthetic_IM20/stream_gen_RBF_drift.arff,1,41500.0,0.5625,1.3038516044616693E-10,41500.0,0.4609446491001666,2.4660618620817032E-5,0.782,0.0,0.4349849306811332,0.27877237851662406,0.0,0.0,-0.09026271390696518,41500.0,896.0
functions.MajorityClass,ArffFileStream -f ./../../../Dataset/Synthetic_IM20/stream_gen_RBF_drift.arff,1,42000.0,0.5625,1.3038516044616693E-10,42000.0,0.4352726165092903,3.017071420893802E-5,0.804,0.0,0.4609446491001666,0.24378109452736318,0.0,0.0,0.019533111005240897,42000.0,896.0
functions.MajorityClass,ArffFileStream -f ./../../../Dataset/Synthetic_IM20/stream_gen_RBF_drift.arff,1,42500.0,0.5625,1.3038516044616693E-10,42500.0,0.4177505172923441,-3.2124051630720574E-4,0.796,0.0,0.4352726165092903,0.2562814070351759,0.0,0.0,-0.020240056483878523,42500.0,896.0
functions.MajorityClass,ArffFileStream -f ./../../../Dataset/Synthetic_IM20/stream_gen_RBF_drift.arff,1,43000.0,0.578125,1.3400697045856045E-10,43000.0,0.44538199446616816,1.5703863930544015E-5,0.774,0.0,0.4177505172923441,0.29198966408268734,0.0,0.0,-0.12855649750319362,43000.0,896.0
functions.MajorityClass,ArffFileStream -f ./../../../Dataset/Synthetic_IM20/stream_gen_RBF_drift.arff,1,43500.0,0.578125,1.3400697045856045E-10,43500.0,0.46071985879102606,5.021443471553422E-5,0.806,0.0,0.44538199446616816,0.24069478908188585,0.0,0.0,0.030891134588883814,43500.0,896.0
functions.MajorityClass,ArffFileStream -f ./../../../Dataset/Synthetic_IM20/stream_gen_RBF_drift.arff,1,44000.0,0.578125,1.3400697045856045E-10,44000.0,0.4173646907216495,4.4739838022972434E-5,0.776,0.0,0.46071985879102606,0.28865979381443296,0.0,0.0,-0.11746031746031742,44000.0,896.0
functions.MajorityClass,ArffFileStream -f ./../../../Dataset/Synthetic_IM20/stream_gen_RBF_drift.arff,1,44500.0,0.59375,1.3762878047095398E-10,44500.0,0.4895691300790837,7.923423875950963E-5,0.772,0.0,0.4173646907216495,0.29533678756476683,0.0,0.0,-0.13566151779717894,44500.0,896.0
functions.MajorityClass,ArffFileStream -f ./../../../Dataset/Synthetic_IM20/stream_gen_RBF_drift.arff,1,45000.0,0.59375,1.3762878047095398E-10,45000.0,0.45919526564687857,3.13854901127647E-5,0.814,0.0,0.4895691300790837,0.2285012285012285,0.0,0.0,0.07278165503489505,45000.0,896.0
functions.MajorityClass,ArffFileStream -f ./../../../Dataset/Synthetic_IM20/stream_gen_RBF_drift.arff,1,45500.0,0.59375,1.3762878047095398E-10,45500.0,0.44990682403052623,4.410133959190099E-5,0.764,0.0,0.45919526564687857,0.3089005235602094,0.0,0.0,-0.1741935483870966,45500.0,896.0
functions.MajorityClass,ArffFileStream -f ./../../../Dataset/Synthetic_IM20/stream_gen_RBF_drift.arff,1,46000.0,0.59375,1.3762878047095398E-10,46000.0,0.4468725718725719,4.876005494164337E-5,0.792,0.0,0.44990682403052623,0.26262626262626265,0.0,0.0,-0.03449021515839536,46000.0,896.0
functions.MajorityClass,ArffFileStream -f ./../../../Dataset/Synthetic_IM20/stream_gen_RBF_drift.arff,1,46500.0,0.609375,1.412505904833475E-10,46500.0,0.3840526160212829,1.0926800497038092E-5,0.796,0.0,0.4468725718725719,0.2562814070351759,0.0,0.0,-0.014436958614051537,46500.0,896.0
functions.MajorityClass,ArffFileStream -f ./../../../Dataset/Synthetic_IM20/stream_gen_RBF_drift.arff,1,47000.0,0.609375,1.412505904833475E-10,47000.0,0.46499194187920495,4.593803251819184E-5,0.806,0.0,0.3840526160212829,0.24069478908188585,0.0,0.0,0.03492802709568171,47000.0,896.0
functions.MajorityClass,ArffFileStream -f ./../../../Dataset/Synthetic_IM20/stream_gen_RBF_drift.arff,1,47500.0,0.609375,1.412505904833475E-10,47500.0,0.40384062829230916,1.5824560688354472E-5,0.788,0.0,0.46499194187920495,0.26903553299492383,0.0,0.0,-0.054008792128950996,47500.0,896.0
functions.MajorityClass,ArffFileStream -f ./../../../Dataset/Synthetic_IM20/stream_gen_RBF_drift.arff,1,48000.0,0.625,1.4487240049574103E-10,48000.0,0.4686434356351236,2.9469829355407984E-5,0.816,0.0,0.40384062829230916,0.22549019607843138,0.0,0.0,0.08438731080240496,48000.0,896.0
functions.MajorityClass,ArffFileStream -f ./../../../Dataset/Synthetic_IM20/stream_gen_RBF_drift.arff,1,48500.0,0.625,1.4487240049574103E-10,48500.0,0.4395247229326513,5.17979626299403E-5,0.816,0.0,0.4686434356351236,0.22549019607843138,0.0,0.0,0.08359005956048439,48500.0,896.0
functions.MajorityClass,ArffFileStream -f ./../../../Dataset/Synthetic_IM20/stream_gen_RBF_drift.arff,1,49000.0,0.625,1.4487240049574103E-10,49000.0,0.37727983324648257,8.36177744810429E-6,0.798,0.0,0.4395247229326513,0.2531328320802005,0.0,0.0,-0.005996544364264679,49000.0,896.0
functions.MajorityClass,ArffFileStream -f ./../../../Dataset/Synthetic_IM20/stream_gen_RBF_drift.arff,1,49500.0,0.640625,1.4849421050813455E-10,49500.0,0.43165500736377027,4.707062204389878E-5,0.776,0.0,0.37727983324648257,0.28865979381443296,0.0,0.0,-0.11425987337955988,49500.0,896.0
functions.MajorityClass,ArffFileStream -f ./../../../Dataset/Synthetic_IM20/stream_gen_RBF_drift.arff,1,50000.0,0.640625,1.4849421050813455E-10,50000.0,0.4467479674796748,4.9311066532789494E-5,0.82,0.0,0.43165500736377027,0.21951219512195122,0.0,0.0,0.1036749327756197,50000.0,896.0
functions.MajorityClass,ArffFileStream -f ./../../../Dataset/Synthetic_IM20/stream_gen_RBF_drift.arff,1,50500.0,0.640625,1.4849421050813455E-10,50500.0,0.4554522783949218,3.122705388904079E-5,0.802,0.0,0.4467479674796748,0.24688279301745636,0.0,0.0,0.013905325443786998,50500.0,896.0
functions.MajorityClass,ArffFileStream -f ./../../../Dataset/Synthetic_IM20/stream_gen_RBF_drift.arff,1,51000.0,0.640625,1.4849421050813455E-10,51000.0,0.44139650872817954,2.107923502379927E-5,0.802,0.0,0.4554522783949218,0.24688279301745636,0.0,0.0,0.013770876062115744,51000.0,896.0
functions.MajorityClass,ArffFileStream -f ./../../../Dataset/Synthetic_IM20/stream_gen_RBF_drift.arff,1,51500.0,0.65625,1.5211602052052808E-10,51500.0,0.4123558971327224,1.3407047370628256E-5,0.796,0.0,0.44139650872817954,0.2562814070351759,0.0,0.0,-0.015955903684362827,51500.0,896.0
functions.MajorityClass,ArffFileStream -f ./../../../Dataset/Synthetic_IM20/stream_gen_RBF_drift.arff,1,52000.0,0.65625,1.5211602052052808E-10,52000.0,0.42045926976596315,1.745520050146221E-5,0.794,0.0,0.4123558971327224,0.2594458438287154,0.0,0.0,-0.0256606664113362,52000.0,896.0
functions.MajorityClass,ArffFileStream -f ./../../../Dataset/Synthetic_IM20/stream_gen_RBF_drift.arff,1,52500.0,0.65625,1.5211602052052808E-10,52500.0,0.4739021066974112,3.015467603199873E-5,0.812,0.0,0.42045926976596315,0.2315270935960591,0.0,0.0,0.06338963750237266,52500.0,896.0
functions.MajorityClass,ArffFileStream -f ./../../../Dataset/Synthetic_IM20/stream_gen_RBF_drift.arff,1,53000.0,0.671875,1.557378305329216E-10,53000.0,0.449,3.3650322770917285E-5,0.8,0.0,0.4739021066974112,0.25,0.0,0.0,0.00357210001880078,53000.0,896.0
functions.MajorityClass,ArffFileStream -f ./../../../Dataset/Synthetic_IM20/stream_gen_RBF_drift.arff,1,53500.0,0.671875,1.557378305329216E-10,53500.0,0.45425007860811234,2.084733678320294E-5,0.812,0.0,0.449,0.2315270935960591,0.0,0.0,0.06280283265001915,53500.0,896.0
functions.MajorityClass,ArffFileStream -f ./../../../Dataset/Synthetic_IM20/stream_gen_RBF_drift.arff,1,54000.0,0.671875,1.557378305329216E-10,54000.0,0.44928500166278684,2.0161930026380004E-5,0.806,0.0,0.45425007860811234,0.24069478908188585,0.0,0.0,0.03259765444639434,54000.0,896.0
functions.MajorityClass,ArffFileStream -f ./../../../Dataset/Synthetic_IM20/stream_gen_RBF_drift.arff,1,54500.0,0.671875,1.557378305329216E-10,54500.0,0.38286896477605525,2.0158008592965904E-5,0.818,0.0,0.44928500166278684,0.22249388753056235,0.0,0.0,0.09166666666666656,54500.0,896.0
functions.MajorityClass,ArffFileStream -f ./../../../Dataset/Synthetic_IM20/stream_gen_RBF_drift.arff,1,55000.0,0.6875,1.5935964054531513E-10,55000.0,0.47401653853266756,3.1596388946314446E-5,0.814,0.0,0.38286896477605525,0.2285012285012285,0.0,0.0,0.07109779351675276,55000.0,896.0
functions.MajorityClass,ArffFileStream -f ./../../../Dataset/Synthetic_IM20/stream_gen_RBF_drift.arff,1,55500.0,0.6875,1.5935964054531513E-10,55500.0,0.46533940993043893,7.106682315666246E-5,0.758,0.0,0.47401653853266756,0.31926121372031663,0.0,0.0,-0.20630501167594728,55500.0,896.0
functions.MajorityClass,ArffFileStream -f ./../../../Dataset/Synthetic_IM20/stream_gen_RBF_drift.arff,1,56000.0,0.6875,1.5935964054531513E-10,56000.0,0.44934117471897567,2.5824702075294415E-5,0.798,0.0,0.46533940993043893,0.2531328320802005,0.0,0.0,-0.006853582554516654,56000.0,896.0
functions.MajorityClass,ArffFileStream -f ./../../../Dataset/Synthetic_IM20/stream_gen_RBF_drift.arff,1,56500.0,0.6875,1.5935964054531513E-10,56500.0,0.4253867376096167,1.6791052784445593E-5,0.796,0.0,0.44934117471897567,0.2562814070351759,0.0,0.0,-0.016671077004498328,56500.0,896.0
functions.MajorityClass,ArffFileStream -f ./../../../Dataset/Synthetic_IM20/stream_gen_RBF_drift.arff,1,57000.0,0.703125,1.6298145055770865E-10,57000.0,0.4278568481848185,2.0844142187573245E-5,0.808,0.0,0.4253867376096167,0.2376237623762376,0.0,0.0,0.042770926266072276,57000.0,896.0
functions.MajorityClass,ArffFileStream -f ./../../../Dataset/Synthetic_IM20/stream_gen_RBF_drift.arff,1,57500.0,0.703125,1.6298145055770865E-10,57500.0,0.41671450832444845,2.466396308276053E-5,0.822,0.0,0.4278568481848185,0.21654501216545013,0.0,0.0,0.11169935775039028,57500.0,896.0
functions.MajorityClass,ArffFileStream -f ./../../../Dataset/Synthetic_IM20/stream_gen_RBF_drift.arff,1,58000.0,0.703125,1.6298145055770865E-10,58000.0,0.4861261863015224,5.624047749118455E-5,0.826,0.0,0.41671450832444845,0.2106537530266344,0.0,0.0,0.13067447669911253,58000.0,896.0
functions.MajorityClass,ArffFileStream -f ./../../../Dataset/Synthetic_IM20/stream_gen_RBF_drift.arff,1,58500.0,0.71875,1.6660326057010218E-10,58500.0,0.4273659286128114,1.9578241866741175E-5,0.802,0.0,0.4861261863015224,0.24688279301745636,0.0,0.0,0.01067646053980181,58500.0,896.0
functions.MajorityClass,ArffFileStream -f ./../../../Dataset/Synthetic_IM20/stream_gen_RBF_drift.arff,1,59000.0,0.71875,1.6660326057010218E-10,59000.0,0.4486275131436422,1.8399179512268438E-5,0.814,0.0,0.4273659286128114,0.2285012285012285,0.0,0.0,0.07007880688077278,59000.0,896.0
functions.MajorityClass,ArffFileStream -f ./../../../Dataset/Synthetic_IM20/stream_gen_RBF_drift.arff,1,59500.0,0.71875,1.6660326057010218E-10,59500.0,0.4330876696692226,-8.824113251532095E-5,0.798,0.0,0.4486275131436422,0.2531328320802005,0.0,0.0,-0.009830280625104677,59500.0,896.0
functions.MajorityClass,ArffFileStream -f ./../../../Dataset/Synthetic_IM20/stream_gen_RBF_drift.arff,1,60000.0,0.71875,1.6660326057010218E-10,60000.0,0.4207369323050557,3.9357832816042104E-5,0.778,0.0,0.4330876696692226,0.2853470437017995,0.0,0.0,-0.10879880129859283,60000.0,896.0
functions.MajorityClass,ArffFileStream -f ./../../../Dataset/Synthetic_IM20/stream_gen_RBF_drift.arff,1,60500.0,0.734375,1.702250705824957E-10,60500.0,0.4180707458862942,1.251383111787463E-5,0.796,0.0,0.4207369323050557,0.2562814070351759,0.0,0.0,-0.018737102765166984,60500.0,896.0
functions.MajorityClass,ArffFileStream -f ./../../../Dataset/Synthetic_IM20/stream_gen_RBF_drift.arff,1,61000.0,0.734375,1.702250705824957E-10,61000.0,0.4424453779292489,1.8310811443683628E-5,0.814,0.0,0.4180707458862942,0.2285012285012285,0.0,0.0,0.07060943643512421,61000.0,896.0
functions.MajorityClass,ArffFileStream -f ./../../../Dataset/Synthetic_IM20/stream_gen_RBF_drift.arff,1,61500.0,0.734375,1.702250705824957E-10,61500.0,0.4617178492820459,8.649161836168928E-6,0.812,0.0,0.4424453779292489,0.2315270935960591,0.0,0.0,0.06015282067956454,61500.0,896.0
functions.MajorityClass,ArffFileStream -f ./../../../Dataset/Synthetic_IM20/stream_gen_RBF_drift.arff,1,62000.0,0.734375,1.702250705824957E-10,62000.0,0.4796740920516599,3.7157469781293195E-5,0.834,0.0,0.4617178492820459,0.19904076738609114,0.0,0.0,0.16899475171578485,62000.0,896.0
functions.MajorityClass,ArffFileStream -f ./../../../Dataset/Synthetic_IM20/stream_gen_RBF_drift.arff,1,62500.0,0.75,1.7384688059488923E-10,62500.0,0.44476779731481253,2.4894528783889203E-5,0.794,0.0,0.4796740920516599,0.2594458438287154,0.0,0.0,-0.030989750160153626,62500.0,896.0
functions.MajorityClass,ArffFileStream -f ./../../../Dataset/Synthetic_IM20/stream_gen_RBF_drift.arff,1,63000.0,0.75,1.7384688059488923E-10,63000.0,0.43699300699300697,2.096613231612754E-5,0.78,0.0,0.44476779731481253,0.28205128205128205,0.0,0.0,-0.10017463089379226,63000.0,896.0
functions.MajorityClass,ArffFileStream -f ./../../../Dataset/Synthetic_IM20/stream_gen_RBF_drift.arff,1,63500.0,0.75,1.7384688059488923E-10,63500.0,0.3891362126245847,5.377605190694246E-5,0.86,0.0,0.43699300699300697,0.16279069767441862,0.0,0.0,0.29823176507736016,63500.0,896.0
functions.MajorityClass,ArffFileStream -f ./../../../Dataset/Synthetic_IM20/stream_gen_RBF_drift.arff,1,64000.0,0.765625,1.7746869060728275E-10,64000.0,0.44809117676921517,2.3763380676972146E-5,0.804,0.0,0.3891362126245847,0.24378109452736318,0.0,0.0,0.01738994203352666,64000.0,896.0
functions.MajorityClass,ArffFileStream -f ./../../../Dataset/Synthetic_IM20/stream_gen_RBF_drift.arff,1,64500.0,0.765625,1.7746869060728275E-10,64500.0,0.45152270838056374,2.42554665070005E-5,0.802,0.0,0.44809117676921517,0.24688279301745636,0.0,0.0,0.007306645938593441,64500.0,896.0
functions.MajorityClass,ArffFileStream -f ./../../../Dataset/Synthetic_IM20/stream_gen_RBF_drift.arff,1,65000.0,0.765625,1.7746869060728275E-10,65000.0,0.4461321443865085,2.505122560950146E-5,0.802,0.0,0.45152270838056374,0.24688279301745636,0.0,0.0,0.007250848503548432,65000.0,896.0
functions.MajorityClass,ArffFileStream -f ./../../../Dataset/Synthetic_IM20/stream_gen_RBF_drift.arff,1,65500.0,0.765625,1.7746869060728275E-10,65500.0,0.4343009464185273,1.5096305622297468E-5,0.794,0.0,0.4461321443865085,0.2594458438287154,0.0,0.0,-0.03260120915282766,65500.0,896.0
functions.MajorityClass,ArffFileStream -f ./../../../Dataset/Synthetic_IM20/stream_gen_RBF_drift.arff,1,66000.0,0.78125,1.8109050061967628E-10,66000.0,0.4394368858654573,1.6472746739021327E-5,0.784,0.0,0.4343009464185273,0.2755102040816326,0.0,0.0,-0.08204933586337763,66000.0,896.0
functions.MajorityClass,ArffFileStream -f ./../../../Dataset/Synthetic_IM20/stream_gen_RBF_drift.arff,1,66500.0,0.78125,1.8109050061967628E-10,66500.0,0.46840366581415177,2.7904191744379525E-5,0.816,0.0,0.4394368858654573,0.22549019607843138,0.0,0.0,0.07771161528604807,66500.0,896.0
functions.MajorityClass,ArffFileStream -f ./../../../Dataset/Synthetic_IM20/stream_gen_RBF_drift.arff,1,67000.0,0.78125,1.8109050061967628E-10,67000.0,0.39532948086846925,1.3030655514986722E-5,0.786,0.0,0.46840366581415177,0.272264631043257,0.0,0.0,-0.0720801555256465,67000.0,896.0
functions.MajorityClass,ArffFileStream -f ./../../../Dataset/Synthetic_IM20/stream_gen_RBF_drift.arff,1,67500.0,0.78125,1.8109050061967628E-10,67500.0,0.452525,2.6196253958304938E-5,0.8,0.0,0.39532948086846925,0.25,0.0,0.0,-0.0019296422740090523,67500.0,896.0
functions.MajorityClass,ArffFileStream -f ./../../../Dataset/Synthetic_IM20/stream_gen_RBF_drift.arff,1,68000.0,0.796875,1.847123106320698E-10,68000.0,0.4659366725507502,2.0047136480252914E-5,0.824,0.0,0.452525,0.21359223300970873,0.0,0.0,0.11753428697832154,68000.0,896.0
functions.MajorityClass,ArffFileStream -f ./../../../Dataset/Synthetic_IM20/stream_gen_RBF_drift.arff,1,68500.0,0.796875,1.847123106320698E-10,68500.0,0.4919630028735632,3.657818057908879E-5,0.768,0.0,0.4659366725507502,0.3020833333333333,0.0,0.0,-0.16186576984939338,68500.0,896.0
functions.MajorityClass,ArffFileStream -f ./../../../Dataset/Synthetic_IM20/stream_gen_RBF_drift.arff,1,69000.0,0.796875,1.847123106320698E-10,69000.0,0.5033442352455877,4.797921367123703E-5,0.838,0.0,0.4919630028735632,0.19331742243436753,0.0,0.0,0.18758630714441424,69000.0,896.0
functions.MajorityClass,ArffFileStream -f ./../../../Dataset/Synthetic_IM20/stream_gen_RBF_drift.arff,1,69500.0,0.8125,1.8833412064446333E-10,69500.0,0.40188278631910157,9.172968488457833E-6,0.806,0.0,0.5033442352455877,0.24069478908188585,0.0,0.0,0.026919745958429782,69500.0,896.0
functions.MajorityClass,ArffFileStream -f ./../../../Dataset/Synthetic_IM20/stream_gen_RBF_drift.arff,1,70000.0,0.8125,1.8833412064446333E-10,70000.0,0.4312789746386692,2.8973624753514393E-5,0.772,0.0,0.40188278631910157,0.29533678756476683,0.0,0.0,-0.14244810307802394,70000.0,896.0
functions.MajorityClass,ArffFileStream -f ./../../../Dataset/Synthetic_IM20/stream_gen_RBF_drift.arff,1,70500.0,0.8125,1.8833412064446333E-10,70500.0,0.4507,2.6548325487554814E-5,0.8,0.0,0.4312789746386692,0.25,0.0,0.0,-0.0021321961620467448,70500.0,896.0
functions.MajorityClass,ArffFileStream -f ./../../../Dataset/Synthetic_IM20/stream_gen_RBF_drift.arff,1,71000.0,0.8125,1.8833412064446333E-10,71000.0,0.48151893045725197,2.765284276139146E-5,0.828,0.0,0.4507,0.20772946859903382,0.0,0.0,0.13732692851087872,71000.0,896.0
functions.MajorityClass,ArffFileStream -f ./../../../Dataset/Synthetic_IM20/stream_gen_RBF_drift.arff,1,71500.0,0.828125,1.9195593065685685E-10,71500.0,0.44827424388183673,1.8142846002225377E-5,0.782,0.0,0.48151893045725197,0.27877237851662406,0.0,0.0,-0.09267437784787905,71500.0,896.0
functions.MajorityClass,ArffFileStream -f ./../../../Dataset/Synthetic_IM20/stream_gen_RBF_drift.arff,1,72000.0,0.828125,1.9195593065685685E-10,72000.0,0.448125,1.961544003793725E-5,0.8,0.0,0.44827424388183673,0.25,0.0,0.0,-0.0024364775495995463,72000.0,896.0
functions.MajorityClass,ArffFileStream -f ./../../../Dataset/Synthetic_IM20/stream_gen_RBF_drift.arff,1,72500.0,0.828125,1.9195593065685685E-10,72500.0,0.4328493017439033,3.1350629095219795E-5,0.778,0.0,0.448125,0.2853470437017995,0.0,0.0,-0.11184028737220238,72500.0,896.0
functions.MajorityClass,ArffFileStream -f ./../../../Dataset/Synthetic_IM20/stream_gen_RBF_drift.arff,1,73000.0,0.828125,1.9195593065685685E-10,73000.0,0.4566973777462792,3.5325421864781936E-5,0.83,0.0,0.4328493017439033,0.20481927710843373,0.0,0.0,0.14772337064762026,73000.0,896.0
functions.MajorityClass,ArffFileStream -f ./../../../Dataset/Synthetic_IM20/stream_gen_RBF_drift.arff,1,73500.0,0.84375,1.9557774066925038E-10,73500.0,0.44925880800081225,1.9336535287947654E-5,0.804,0.0,0.4566973777462792,0.24378109452736318,0.0,0.0,0.0172590217613754,73500.0,896.0
functions.MajorityClass,ArffFileStream -f ./../../../Dataset/Synthetic_IM20/stream_gen_RBF_drift.arff,1,74000.0,0.84375,1.9557774066925038E-10,74000.0,0.46965726863012264,2.2424251076805235E-5,0.812,0.0,0.44925880800081225,0.2315270935960591,0.0,0.0,0.057005354843082834,74000.0,896.0
functions.MajorityClass,ArffFileStream -f ./../../../Dataset/Synthetic_IM20/stream_gen_RBF_drift.arff,1,74500.0,0.84375,1.9557774066925038E-10,74500.0,0.4422849541826781,2.2031025350602307E-5,0.796,0.0,0.46965726863012264,0.2562814070351759,0.0,0.0,-0.023089868731066776,74500.0,896.0
functions.MajorityClass,ArffFileStream -f ./../../../Dataset/Synthetic_IM20/stream_gen_RBF_drift.arff,1,75000.0,0.859375,1.991995506816439E-10,75000.0,0.4397506010409236,2.0996661521985316E-5,0.814,0.0,0.4422849541826781,0.2285012285012285,0.0,0.0,0.06676478458656633,75000.0,896.0
functions.MajorityClass,ArffFileStream -f ./../../../Dataset/Synthetic_IM20/stream_gen_RBF_drift.arff,1,75500.0,0.859375,1.991995506816439E-10,75500.0,0.4527058823529412,4.547441056011736E-5,0.85,0.0,0.4397506010409236,0.17647058823529413,0.0,0.0,0.24615589429541343,75500.0,896.0
functions.MajorityClass,ArffFileStream -f ./../../../Dataset/Synthetic_IM20/stream_gen_RBF_drift.arff,1,76000.0,0.859375,1.991995506816439E-10,76000.0,0.4799198463722134,3.0068380294054342E-5,0.826,0.0,0.4527058823529412,0.2106537530266344,0.0,0.0,0.12481800132362633,76000.0,896.0
functions.MajorityClass,ArffFileStream -f ./../../../Dataset/Synthetic_IM20/stream_gen_RBF_drift.arff,1,76500.0,0.859375,1.991995506816439E-10,76500.0,0.4633634719710669,2.0380927833602014E-5,0.79,0.0,0.4799198463722134,0.26582278481012656,0.0,0.0,-0.0558659217877093,76500.0,896.0
functions.MajorityClass,ArffFileStream -f ./../../../Dataset/Synthetic_IM20/stream_gen_RBF_drift.arff,1,77000.0,0.875,2.0282136069403743E-10,77000.0,0.4367179032416987,1.9187401910938928E-5,0.796,0.0,0.4633634719710669,0.2562814070351759,0.0,0.0,-0.025527192008878704,77000.0,896.0
functions.MajorityClass,ArffFileStream -f ./../../../Dataset/Synthetic_IM20/stream_gen_RBF_drift.arff,1,77500.0,0.875,2.0282136069403743E-10,77500.0,0.40951267056530216,8.679241061057552E-6,0.81,0.0,0.4367179032416987,0.2345679012345679,0.0,0.0,0.04457565533350644,77500.0,896.0
functions.MajorityClass,ArffFileStream -f ./../../../Dataset/Synthetic_IM20/stream_gen_RBF_drift.arff,1,78000.0,0.875,2.0282136069403743E-10,78000.0,0.43259175607001693,2.106387262454379E-5,0.77,0.0,0.40951267056530216,0.2987012987012987,0.0,0.0,-0.15540671089070643,78000.0,896.0
functions.MajorityClass,ArffFileStream -f ./../../../Dataset/Synthetic_IM20/stream_gen_RBF_drift.arff,1,78500.0,0.890625,2.0644317070643095E-10,78500.0,0.424425,1.0371188823285471E-5,0.8,0.0,0.43259175607001693,0.25,0.0,0.0,-0.004671402060536128,78500.0,896.0
functions.MajorityClass,ArffFileStream -f ./../../../Dataset/Synthetic_IM20/stream_gen_RBF_drift.arff,1,79000.0,0.890625,2.0644317070643095E-10,79000.0,0.41935878310630703,1.4183362983921644E-5,0.794,0.0,0.424425,0.2594458438287154,0.0,0.0,-0.0345835982199618,79000.0,896.0
functions.MajorityClass,ArffFileStream -f ./../../../Dataset/Synthetic_IM20/stream_gen_RBF_drift.arff,1,79500.0,0.890625,2.0644317070643095E-10,79500.0,0.4488019088232308,2.3476485974699424E-5,0.804,0.0,0.41935878310630703,0.24378109452736318,0.0,0.0,0.015542077331312083,79500.0,896.0
functions.MajorityClass,ArffFileStream -f ./../../../Dataset/Synthetic_IM20/stream_gen_RBF_drift.arff,1,80000.0,0.890625,2.0644317070643095E-10,80000.0,0.44467753366406804,1.823598533758075E-5,0.83,0.0,0.4488019088232308,0.20481927710843373,0.0,0.0,0.14535285615534468,80000.0,896.0
functions.MajorityClass,ArffFileStream -f ./../../../Dataset/Synthetic_IM20/stream_gen_RBF_drift.arff,1,80500.0,0.90625,2.1006498071882448E-10,80500.0,0.4144943848967793,1.0455774318837707E-5,0.806,0.0,0.44467753366406804,0.24069478908188585,0.0,0.0,0.024547158026233855,80500.0,896.0
functions.MajorityClass,ArffFileStream -f ./../../../Dataset/Synthetic_IM20/stream_gen_RBF_drift.arff,1,81000.0,0.90625,2.1006498071882448E-10,81000.0,0.44417344173441736,2.346017926620203E-5,0.82,0.0,0.4144943848967793,0.21951219512195122,0.0,0.0,0.09440993788819839,81000.0,896.0
functions.MajorityClass,ArffFileStream -f ./../../../Dataset/Synthetic_IM20/stream_gen_RBF_drift.arff,1,81500.0,0.90625,2.1006498071882448E-10,81500.0,0.45973845504851235,2.3071773188068634E-5,0.798,0.0,0.44417344173441736,0.2531328320802005,0.0,0.0,-0.016171841244367473,81500.0,896.0
functions.MajorityClass,ArffFileStream -f ./../../../Dataset/Synthetic_IM20/stream_gen_RBF_drift.arff,1,82000.0,0.921875,2.13686790731218E-10,82000.0,0.449737127156482,1.7951408998045926E-5,0.814,0.0,0.45973845504851235,0.2285012285012285,0.0,0.0,0.06394992021602995,82000.0,896.0
functions.MajorityClass,ArffFileStream -f ./../../../Dataset/Synthetic_IM20/stream_gen_RBF_drift.arff,1,82500.0,0.921875,2.13686790731218E-10,82500.0,0.46097567214959967,1.927966155519656E-5,0.806,0.0,0.449737127156482,0.24069478908188585,0.0,0.0,0.023549508876822996,82500.0,896.0
functions.MajorityClass,ArffFileStream -f ./../../../Dataset/Synthetic_IM20/stream_gen_RBF_drift.arff,1,83000.0,0.921875,2.13686790731218E-10,83000.0,0.41656120499267973,8.041763885399678E-6,0.798,0.0,0.46097567214959967,0.2531328320802005,0.0,0.0,-0.01661411593499871,83000.0,896.0
functions.MajorityClass,ArffFileStream -f ./../../../Dataset/Synthetic_IM20/stream_gen_RBF_drift.arff,1,83500.0,0.921875,2.13686790731218E-10,83500.0,0.4263951207716489,1.2184885617091967E-5,0.818,0.0,0.41656120499267973,0.22249388753056235,0.0,0.0,0.08357956943858129,83500.0,896.0
functions.MajorityClass,ArffFileStream -f ./../../../Dataset/Synthetic_IM20/stream_gen_RBF_drift.arff,1,84000.0,0.921875,2.13686790731218E-10,84000.0,0.46230693247126436,4.5670606634864996E-5,0.768,0.0,0.4263951207716489,0.3020833333333333,0.0,0.0,-0.167015988981376,84000.0,896.0
functions.MajorityClass,ArffFileStream -f ./../../../Dataset/Synthetic_IM20/stream_gen_RBF_drift.arff,1,84500.0,0.921875,2.13686790731218E-10,84500.0,0.4753387533875339,3.322538199726499E-5,0.82,0.0,0.46230693247126436,0.21951219512195122,0.0,0.0,0.09404967538269059,84500.0,896.0
functions.MajorityClass,ArffFileStream -f ./../../../Dataset/Synthetic_IM20/stream_gen_RBF_drift.arff,1,85000.0,0.9375,2.1730860074361153E-10,85000.0,0.4582698751142248,2.360038173487844E-5,0.804,0.0,0.4753387533875339,0.24378109452736318,0.0,0.0,0.013442292888020794,85000.0,896.0
functions.MajorityClass,ArffFileStream -f ./../../../Dataset/Synthetic_IM20/stream_gen_RBF_drift.arff,1,85500.0,0.9375,2.1730860074361153E-10,85500.0,0.4658094681472823,1.8520898287757714E-5,0.826,0.0,0.4582698751142248,0.2106537530266344,0.0,0.0,0.12354188759278865,85500.0,896.0
functions.MajorityClass,ArffFileStream -f ./../../../Dataset/Synthetic_IM20/stream_gen_RBF_drift.arff,1,86000.0,0.953125,2.2093041075600505E-10,86000.0,0.4345129776841299,1.168654451692841E-5,0.788,0.0,0.4658094681472823,0.26903553299492383,0.0,0.0,-0.06744730679156895,86000.0,896.0
functions.MajorityClass,ArffFileStream -f ./../../../Dataset/Synthetic_IM20/stream_gen_RBF_drift.arff,1,86500.0,0.953125,2.2093041075600505E-10,86500.0,0.4262393879048318,9.63942712080279E-6,0.812,0.0,0.4345129776841299,0.2315270935960591,0.0,0.0,0.053103528589728964,86500.0,896.0
functions.MajorityClass,ArffFileStream -f ./../../../Dataset/Synthetic_IM20/stream_gen_RBF_drift.arff,1,87000.0,0.953125,2.2093041075600505E-10,87000.0,0.44866439768976896,1.8794444691064283E-5,0.808,0.0,0.4262393879048318,0.2376237623762376,0.0,0.0,0.03277359583092083,87000.0,896.0
functions.MajorityClass,ArffFileStream -f ./../../../Dataset/Synthetic_IM20/stream_gen_RBF_drift.arff,1,87500.0,0.953125,2.2093041075600505E-10,87500.0,0.49661745692895154,5.341553694702961E-5,0.842,0.0,0.44866439768976896,0.1876484560570071,0.0,0.0,0.20312409937172166,87500.0,896.0
functions.MajorityClass,ArffFileStream -f ./../../../Dataset/Synthetic_IM20/stream_gen_RBF_drift.arff,1,88000.0,0.96875,2.2455222076839858E-10,88000.0,0.45426573426573424,2.115946624475784E-5,0.78,0.0,0.49661745692895154,0.28205128205128205,0.0,0.0,-0.10888367031330512,88000.0,896.0
functions.MajorityClass,ArffFileStream -f ./../../../Dataset/Synthetic_IM20/stream_gen_RBF_drift.arff,1,88500.0,0.96875,2.2455222076839858E-10,88500.0,0.5008221589198453,3.105826354461716E-5,0.778,0.0,0.45426573426573424,0.2853470437017995,0.0,0.0,-0.11821286283437657,88500.0,896.0
functions.MajorityClass,ArffFileStream -f ./../../../Dataset/Synthetic_IM20/stream_gen_RBF_drift.arff,1,89000.0,0.96875,2.2455222076839858E-10,89000.0,0.4346435960127892,1.6057920545237137E-5,0.818,0.0,0.5008221589198453,0.22249388753056235,0.0,0.0,0.0828378913991277,89000.0,896.0
functions.MajorityClass,ArffFileStream -f ./../../../Dataset/Synthetic_IM20/stream_gen_RBF_drift.arff,1,89500.0,0.984375,2.281740307807921E-10,89500.0,0.4501201923076923,2.317296612439068E-5,0.832,0.0,0.4346435960127892,0.20192307692307693,0.0,0.0,0.15266272189349073,89500.0,896.0
functions.MajorityClass,ArffFileStream -f ./../../../Dataset/Synthetic_IM20/stream_gen_RBF_drift.arff,1,90000.0,0.984375,2.281740307807921E-10,90000.0,0.4245858761987794,9.42952795081331E-6,0.814,0.0,0.4501201923076923,0.2285012285012285,0.0,0.0,0.061553985872855634,90000.0,896.0
functions.MajorityClass,ArffFileStream -f ./../../../Dataset/Synthetic_IM20/stream_gen_RBF_drift.arff,1,90500.0,0.984375,2.281740307807921E-10,90500.0,0.458572374227714,1.820249245614025E-5,0.824,0.0,0.4245858761987794,0.21359223300970873,0.0,0.0,0.11145821711480533,90500.0,896.0
functions.MajorityClass,ArffFileStream -f ./../../../Dataset/Synthetic_IM20/stream_gen_RBF_drift.arff,1,91000.0,1.0,2.3179584079318563E-10,91000.0,0.44407336283432136,1.780503009995993E-5,0.826,0.0,0.458572374227714,0.2106537530266344,0.0,0.0,0.12096818964081493,91000.0,896.0
functions.MajorityClass,ArffFileStream -f ./../../../Dataset/Synthetic_IM20/stream_gen_RBF_drift.arff,1,91500.0,1.0,2.3179584079318563E-10,91500.0,0.48136045655375553,3.0699303927197996E-5,0.776,0.0,0.44407336283432136,0.28865979381443296,0.0,0.0,-0.13081379310344785,91500.0,896.0
functions.MajorityClass,ArffFileStream -f ./../../../Dataset/Synthetic_IM20/stream_gen_RBF_drift.arff,1,92000.0,1.0,2.3179584079318563E-10,92000.0,0.4327046035805627,1.8838000830231905E-5,0.816,0.0,0.48136045655375553,0.22549019607843138,0.0,0.0,0.07075808310918354,92000.0,896.0
functions.MajorityClass,ArffFileStream -f ./../../../Dataset/Synthetic_IM20/stream_gen_RBF_drift.arff,1,92500.0,1.015625,2.354176508055792E-10,92500.0,0.4423905756153625,1.1452244430970593E-5,0.788,0.0,0.4327046035805627,0.26903553299492383,0.0,0.0,-0.07023958958685768,92500.0,896.0
functions.MajorityClass,ArffFileStream -f ./../../../Dataset/Synthetic_IM20/stream_gen_RBF_drift.arff,1,93000.0,1.015625,2.354176508055792E-10,93000.0,0.44466297591297593,1.4625825389108504E-5,0.792,0.0,0.4423905756153625,0.26262626262626265,0.0,0.0,-0.049763933358658516,93000.0,896.0
functions.MajorityClass,ArffFileStream -f ./../../../Dataset/Synthetic_IM20/stream_gen_RBF_drift.arff,1,93500.0,1.015625,2.354176508055792E-10,93500.0,0.46822843822843824,1.847802911621177E-5,0.78,0.0,0.44466297591297593,0.28205128205128205,0.0,0.0,-0.109672546798295,93500.0,896.0
functions.MajorityClass,ArffFileStream -f ./../../../Dataset/Synthetic_IM20/stream_gen_RBF_drift.arff,1,94000.0,1.03125,2.390394608179727E-10,94000.0,0.4203587751974849,1.7116574571929277E-5,0.814,0.0,0.46822843822843824,0.2285012285012285,0.0,0.0,0.06151368760064403,94000.0,896.0
functions.MajorityClass,ArffFileStream -f ./../../../Dataset/Synthetic_IM20/stream_gen_RBF_drift.arff,1,94500.0,1.03125,2.390394608179727E-10,94500.0,0.4004329655130942,1.725348073884636E-5,0.842,0.0,0.4203587751974849,0.1876484560570071,0.0,0.0,0.20193489764284575,94500.0,896.0
functions.MajorityClass,ArffFileStream -f ./../../../Dataset/Synthetic_IM20/stream_gen_RBF_drift.arff,1,95000.0,1.03125,2.390394608179727E-10,95000.0,0.44387755102040816,1.1768684933924356E-5,0.804,0.0,0.4004329655130942,0.24378109452736318,0.0,0.0,0.009943106290211296,95000.0,896.0
functions.MajorityClass,ArffFileStream -f ./../../../Dataset/Synthetic_IM20/stream_gen_RBF_drift.arff,1,95500.0,1.046875,2.4266127083036623E-10,95500.0,0.48853754940711464,3.756306507732288E-5,0.77,0.0,0.44387755102040816,0.2987012987012987,0.0,0.0,-0.160818095338759,95500.0,896.0
functions.MajorityClass,ArffFileStream -f ./../../../Dataset/Synthetic_IM20/stream_gen_RBF_drift.arff,1,96000.0,1.046875,2.4266127083036623E-10,96000.0,0.44890344197380444,1.4767669269472039E-5,0.804,0.0,0.48853754940711464,0.24378109452736318,0.0,0.0,0.010725552050473406,96000.0,896.0
functions.MajorityClass,ArffFileStream -f ./../../../Dataset/Synthetic_IM20/stream_gen_RBF_drift.arff,1,96500.0,1.046875,2.4266127083036623E-10,96500.0,0.4551732108289272,2.338175552651922E-5,0.834,0.0,0.44890344197380444,0.19904076738609114,0.0,0.0,0.1614406114222893,96500.0,896.0
functions.MajorityClass,ArffFileStream -f ./../../../Dataset/Synthetic_IM20/stream_gen_RBF_drift.arff,1,97000.0,1.0625,2.4628308084275975E-10,97000.0,0.42743916937465326,1.3826340399591963E-5,0.814,0.0,0.4551732108289272,0.2285012285012285,0.0,0.0,0.06011669097728686,97000.0,896.0
functions.MajorityClass,ArffFileStream -f ./../../../Dataset/Synthetic_IM20/stream_gen_RBF_drift.arff,1,97500.0,1.0625,2.4628308084275975E-10,97500.0,0.4265176127497378,1.130976620572488E-5,0.806,0.0,0.42743916937465326,0.24069478908188585,0.0,0.0,0.019592598351733964,97500.0,896.0
functions.MajorityClass,ArffFileStream -f ./../../../Dataset/Synthetic_IM20/stream_gen_RBF_drift.arff,1,98000.0,1.0625,2.4628308084275975E-10,98000.0,0.48632175761871016,2.5833339043671022E-5,0.83,0.0,0.4265176127497378,0.20481927710843373,0.0,0.0,0.14026215295696143,98000.0,896.0
functions.MajorityClass,ArffFileStream -f ./../../../Dataset/Synthetic_IM20/stream_gen_RBF_drift.arff,1,98500.0,1.0625,2.4628308084275975E-10,98500.0,0.4456476897689769,1.0687049917718072E-5,0.808,0.0,0.48632175761871016,0.2376237623762376,0.0,0.0,0.028858991475814135,98500.0,896.0
functions.MajorityClass,ArffFileStream -f ./../../../Dataset/Synthetic_IM20/stream_gen_RBF_drift.arff,1,99000.0,1.078125,2.499048908551533E-10,99000.0,0.43143657796614093,1.6514815556728513E-5,0.778,0.0,0.4456476897689769,0.2853470437017995,0.0,0.0,-0.12218534592800617,99000.0,896.0
functions.MajorityClass,ArffFileStream -f ./../../../Dataset/Synthetic_IM20/stream_gen_RBF_drift.arff,1,99500.0,1.078125,2.499048908551533E-10,99500.0,0.47722190852625634,3.0587200853318675E-5,0.77,0.0,0.43143657796614093,0.2987012987012987,0.0,0.0,-0.16167512690355312,99500.0,896.0
functions.MajorityClass,ArffFileStream -f ./../../../Dataset/Synthetic_IM20/stream_gen_RBF_drift.arff,1,100000.0,1.078125,2.499048908551533E-10,100000.0,0.43536498375208055,1.3844060674894632E-5,0.814,0.0,0.47722190852625634,0.2285012285012285,0.0,0.0,0.06027383418380232,100000.0,896.0
