Learner,stream,randomSeed,learning evaluation instances,evaluation time (cpu seconds),model cost (RAM-Hours),classified instances,AUC,sAUC,Accuracy,Kappa,Periodical holdout AUC,Pos/Neg ratio,G-Mean,Recall,KappaM,model training instances,model serialized size (bytes)
meta.imbalanced.OnlineAdaBoost -l (trees.HoeffdingTree -e 2000000 -g 100 -c 0.01),ArffFileStream -f ./../../../Dataset/Synthetic_IM50/stream_gen_RBF.arff,1,500.0,0.40625,3.136099419660038E-10,500.0,0.7312877731287774,0.2039086141407401,0.694,0.389932693227854,0.0,1.0920502092050208,0.6945314073701739,0.6513409961685823,0.357142857142857,500.0,2984.0
meta.imbalanced.OnlineAdaBoost -l (trees.HoeffdingTree -e 2000000 -g 100 -c 0.01),ArffFileStream -f ./../../../Dataset/Synthetic_IM50/stream_gen_RBF.arff,1,1000.0,0.59375,4.5835299210415946E-10,1000.0,0.9048829130211014,0.24475198227490935,0.832,0.6632240682532554,0.7312877731287774,1.1551724137931034,0.8325341424239582,0.8246268656716418,0.6425531914893616,1000.0,2984.0
meta.imbalanced.OnlineAdaBoost -l (trees.HoeffdingTree -e 2000000 -g 100 -c 0.01),ArffFileStream -f ./../../../Dataset/Synthetic_IM50/stream_gen_RBF.arff,1,1500.0,0.71875,5.548483588629299E-10,1500.0,0.9341591447410537,0.30561871960703624,0.878,0.7559843830005121,0.9048829130211014,1.032520325203252,0.8780554488362539,0.8740157480314961,0.7429775280898877,1500.0,2984.0
meta.imbalanced.OnlineAdaBoost -l (trees.HoeffdingTree -e 2000000 -g 100 -c 0.01),ArffFileStream -f ./../../../Dataset/Synthetic_IM50/stream_gen_RBF.arff,1,2000.0,0.84375,6.513437256217003E-10,2000.0,0.920814699591678,0.2648202568836171,0.864,0.7227839018981149,0.9341591447410537,0.7985611510791367,0.8579801949386672,0.8153153153153153,0.7127771911298838,2000.0,2984.0
meta.imbalanced.OnlineAdaBoost -l (trees.HoeffdingTree -e 2000000 -g 100 -c 0.01),ArffFileStream -f ./../../../Dataset/Synthetic_IM50/stream_gen_RBF.arff,1,2500.0,1.0,7.719629340701633E-10,2500.0,0.9168307953435494,0.251053576397223,0.842,0.6844947122911275,0.920814699591678,1.0576131687242798,0.8422138149557511,0.8054474708171206,0.6686241610738255,2500.0,2984.0
meta.imbalanced.OnlineAdaBoost -l (trees.HoeffdingTree -e 2000000 -g 100 -c 0.01),ArffFileStream -f ./../../../Dataset/Synthetic_IM50/stream_gen_RBF.arff,1,3000.0,1.125,8.684583008289337E-10,3000.0,0.9350153639331669,0.29033932422227227,0.866,0.7318798821872199,0.9168307953435494,0.968503937007874,0.8658313426770679,0.8577235772357723,0.7219917012448133,3000.0,2984.0
meta.imbalanced.OnlineAdaBoost -l (trees.HoeffdingTree -e 2000000 -g 100 -c 0.01),ArffFileStream -f ./../../../Dataset/Synthetic_IM50/stream_gen_RBF.arff,1,3500.0,1.234375,9.528917467428578E-10,3500.0,0.9315063009399369,0.2761508499325425,0.872,0.7434540702615166,0.9350153639331669,0.9455252918287937,0.8707895768771944,0.8436213991769548,0.7349112426035503,3500.0,2984.0
meta.imbalanced.OnlineAdaBoost -l (trees.HoeffdingTree -e 2000000 -g 100 -c 0.01),ArffFileStream -f ./../../../Dataset/Synthetic_IM50/stream_gen_RBF.arff,1,4000.0,1.359375,1.0493871135016282E-9,4000.0,0.9480606866498983,0.2484205194894094,0.884,0.7677659080352996,0.9315063009399369,0.9305019305019305,0.8839936382118987,0.8838174273858921,0.7597099948213362,4000.0,2984.0
meta.imbalanced.OnlineAdaBoost -l (trees.HoeffdingTree -e 2000000 -g 100 -c 0.01),ArffFileStream -f ./../../../Dataset/Synthetic_IM50/stream_gen_RBF.arff,1,4500.0,1.46875,1.1338205594155524E-9,4500.0,0.9157357473035439,0.23905818540460744,0.836,0.6702271411106105,0.9480606866498983,0.8939393939393939,0.8338467858363517,0.8050847457627118,0.6594370096908166,4500.0,2984.0
meta.imbalanced.OnlineAdaBoost -l (trees.HoeffdingTree -e 2000000 -g 100 -c 0.01),ArffFileStream -f ./../../../Dataset/Synthetic_IM50/stream_gen_RBF.arff,1,5000.0,1.59375,1.2303159261743228E-9,5000.0,0.928368,0.23712543781531142,0.854,0.708,0.9157357473035439,1.0,0.8536041237013795,0.828,0.6979726934215971,5000.0,2984.0
meta.imbalanced.OnlineAdaBoost -l (trees.HoeffdingTree -e 2000000 -g 100 -c 0.01),ArffFileStream -f ./../../../Dataset/Synthetic_IM50/stream_gen_RBF.arff,1,5500.0,1.671875,1.2906255303985543E-9,5500.0,0.9033627581345424,0.207753544479791,0.822,0.6435894150060869,0.928368,1.0746887966804979,0.8218292539854172,0.8262548262548263,0.6297276853252647,5500.0,2984.0
meta.imbalanced.OnlineAdaBoost -l (trees.HoeffdingTree -e 2000000 -g 100 -c 0.01),ArffFileStream -f ./../../../Dataset/Synthetic_IM50/stream_gen_RBF.arff,1,6000.0,1.765625,1.362997055467632E-9,6000.0,0.8855384023469437,0.2147108510835723,0.802,0.6030218458281206,0.9033627581345424,0.9157088122605364,0.8012158317346626,0.7866108786610879,0.5890695261155311,6000.0,2984.0
meta.imbalanced.OnlineAdaBoost -l (trees.HoeffdingTree -e 2000000 -g 100 -c 0.01),ArffFileStream -f ./../../../Dataset/Synthetic_IM50/stream_gen_RBF.arff,1,6500.0,1.84375,1.4233066596918636E-9,6500.0,0.9385936695831189,0.279744596307837,0.886,0.7710107665113289,0.8855384023469437,1.1551724137931034,0.8858374150417233,0.8880597014925373,0.7641629535327817,6500.0,2984.0
meta.imbalanced.OnlineAdaBoost -l (trees.HoeffdingTree -e 2000000 -g 100 -c 0.01),ArffFileStream -f ./../../../Dataset/Synthetic_IM50/stream_gen_RBF.arff,1,7000.0,1.953125,1.5077401056057877E-9,7000.0,0.9163825530212085,0.24440372045627368,0.858,0.7159090909090908,0.9385936695831189,1.0408163265306123,0.8579827817511914,0.8588235294117647,0.7061779485663612,7000.0,2984.0
meta.imbalanced.OnlineAdaBoost -l (trees.HoeffdingTree -e 2000000 -g 100 -c 0.01),ArffFileStream -f ./../../../Dataset/Synthetic_IM50/stream_gen_RBF.arff,1,7500.0,2.046875,1.5801116306748655E-9,7500.0,0.9390741068982742,0.24318481985039164,0.884,0.7680779258169255,0.9163825530212085,1.1834061135371179,0.8862267016071125,0.8523985239852399,0.7590027700831025,7500.0,2984.0
meta.imbalanced.OnlineAdaBoost -l (trees.HoeffdingTree -e 2000000 -g 100 -c 0.01),ArffFileStream -f ./../../../Dataset/Synthetic_IM50/stream_gen_RBF.arff,1,8000.0,2.140625,1.6524831557439432E-9,8000.0,0.9142728976753873,0.2481346079537986,0.83,0.6594114630080778,0.9390741068982742,1.0746887966804979,0.8294743419047429,0.8416988416988417,0.6468449753310828,8000.0,2984.0
meta.imbalanced.OnlineAdaBoost -l (trees.HoeffdingTree -e 2000000 -g 100 -c 0.01),ArffFileStream -f ./../../../Dataset/Synthetic_IM50/stream_gen_RBF.arff,1,8500.0,2.234375,1.724854680813021E-9,8500.0,0.9085172236833665,0.23120250979990814,0.846,0.689916237113402,0.9142728976753873,0.9083969465648855,0.8417317937434864,0.7899159663865546,0.6803418803418804,8500.0,2984.0
meta.imbalanced.OnlineAdaBoost -l (trees.HoeffdingTree -e 2000000 -g 100 -c 0.01),ArffFileStream -f ./../../../Dataset/Synthetic_IM50/stream_gen_RBF.arff,1,9000.0,2.328125,1.7972262058820987E-9,9000.0,0.9082325075219256,0.21756773520088896,0.84,0.6802046690118324,0.9085172236833665,1.032520325203252,0.8400218110148111,0.8149606299212598,0.668355596499309,9000.0,2984.0
meta.imbalanced.OnlineAdaBoost -l (trees.HoeffdingTree -e 2000000 -g 100 -c 0.01),ArffFileStream -f ./../../../Dataset/Synthetic_IM50/stream_gen_RBF.arff,1,9500.0,2.40625,1.8575358101063303E-9,9500.0,0.9361292929292929,0.2300367654852567,0.87,0.7368421052631579,0.9082325075219256,1.2222222222222223,0.8673656854656128,0.8909090909090909,0.7294633077765608,9500.0,2984.0
meta.imbalanced.OnlineAdaBoost -l (trees.HoeffdingTree -e 2000000 -g 100 -c 0.01),ArffFileStream -f ./../../../Dataset/Synthetic_IM50/stream_gen_RBF.arff,1,10000.0,2.5,1.929907335175408E-9,10000.0,0.8923219774590164,0.206602475879768,0.82,0.6394461893468366,0.9361292929292929,1.0491803278688525,0.8190545829406399,0.84375,0.6257018091079225,10000.0,2984.0
meta.imbalanced.OnlineAdaBoost -l (trees.HoeffdingTree -e 2000000 -g 100 -c 0.01),ArffFileStream -f ./../../../Dataset/Synthetic_IM50/stream_gen_RBF.arff,1,10500.0,2.578125,1.9902169393996395E-9,10500.0,0.9064625034000544,0.22375271352793596,0.844,0.6880349400867102,0.8923219774590164,0.9920318725099602,0.8439214390299159,0.8594377510040161,0.67538644470868,10500.0,2984.0
meta.imbalanced.OnlineAdaBoost -l (trees.HoeffdingTree -e 2000000 -g 100 -c 0.01),ArffFileStream -f ./../../../Dataset/Synthetic_IM50/stream_gen_RBF.arff,1,11000.0,2.65625,2.050526543623871E-9,11000.0,0.906675333846944,0.22835058168493944,0.846,0.6920689765492529,0.9064625034000544,1.11864406779661,0.846929406515046,0.8257575757575758,0.6794095382286146,11000.0,2984.0
meta.imbalanced.OnlineAdaBoost -l (trees.HoeffdingTree -e 2000000 -g 100 -c 0.01),ArffFileStream -f ./../../../Dataset/Synthetic_IM50/stream_gen_RBF.arff,1,11500.0,2.71875,2.0987742270032564E-9,11500.0,0.9327090836334534,0.23751508077117245,0.868,0.7355981091258713,0.906675333846944,0.9607843137254902,0.8668451812332413,0.8367346938775511,0.725497287522604,11500.0,2984.0
meta.imbalanced.OnlineAdaBoost -l (trees.HoeffdingTree -e 2000000 -g 100 -c 0.01),ArffFileStream -f ./../../../Dataset/Synthetic_IM50/stream_gen_RBF.arff,1,12000.0,2.796875,2.159083831227488E-9,12000.0,0.9117382577278201,0.2282758163881069,0.836,0.67049746845616,0.9327090836334534,0.8867924528301887,0.8347337356750995,0.8170212765957446,0.6588663546541861,12000.0,2984.0
meta.imbalanced.OnlineAdaBoost -l (trees.HoeffdingTree -e 2000000 -g 100 -c 0.01),ArffFileStream -f ./../../../Dataset/Synthetic_IM50/stream_gen_RBF.arff,1,12500.0,2.875,2.2193934354517194E-9,12500.0,0.8982683982683982,0.20126440459725492,0.83,0.655602735729798,0.9117382577278201,0.8587360594795539,0.8233660994319693,0.7662337662337663,0.6458333333333333,12500.0,2984.0
meta.imbalanced.OnlineAdaBoost -l (trees.HoeffdingTree -e 2000000 -g 100 -c 0.01),ArffFileStream -f ./../../../Dataset/Synthetic_IM50/stream_gen_RBF.arff,1,13000.0,2.96875,2.291764960520797E-9,13000.0,0.9168935122172532,0.2327884847987674,0.842,0.6807100362131401,0.8982683982683982,1.2522522522522523,0.8410909895830497,0.8489208633093526,0.6707805738099053,13000.0,2984.0
meta.imbalanced.OnlineAdaBoost -l (trees.HoeffdingTree -e 2000000 -g 100 -c 0.01),ArffFileStream -f ./../../../Dataset/Synthetic_IM50/stream_gen_RBF.arff,1,13500.0,3.03125,2.3400126439001825E-9,13500.0,0.916938736316497,0.2524629798684506,0.856,0.7117786460001281,0.9168935122172532,0.968503937007874,0.8555111724797969,0.8373983739837398,0.7007849776820071,13500.0,2984.0
meta.imbalanced.OnlineAdaBoost -l (trees.HoeffdingTree -e 2000000 -g 100 -c 0.01),ArffFileStream -f ./../../../Dataset/Synthetic_IM50/stream_gen_RBF.arff,1,14000.0,3.09375,2.3882603272795678E-9,14000.0,0.9178187403993856,0.19414156542650812,0.84,0.6798155737704917,0.916938736316497,1.0161290322580645,0.8390739293314794,0.873015873015873,0.6679021497405485,14000.0,2984.0
meta.imbalanced.OnlineAdaBoost -l (trees.HoeffdingTree -e 2000000 -g 100 -c 0.01),ArffFileStream -f ./../../../Dataset/Synthetic_IM50/stream_gen_RBF.arff,1,14500.0,3.171875,2.4485699315037993E-9,14500.0,0.8934364541800772,0.22197036268348458,0.812,0.6231981656966025,0.9178187403993856,1.0576131687242798,0.8106511023149185,0.8404669260700389,0.609623371043964,14500.0,2984.0
meta.imbalanced.OnlineAdaBoost -l (trees.HoeffdingTree -e 2000000 -g 100 -c 0.01),ArffFileStream -f ./../../../Dataset/Synthetic_IM50/stream_gen_RBF.arff,1,15000.0,3.25,2.508879535728031E-9,15000.0,0.8938012032770097,0.20554420453512595,0.822,0.6440341727194189,0.8934364541800772,1.0161290322580645,0.8220238720911713,0.8134920634920635,0.6306543090330612,15000.0,2984.0
meta.imbalanced.OnlineAdaBoost -l (trees.HoeffdingTree -e 2000000 -g 100 -c 0.01),ArffFileStream -f ./../../../Dataset/Synthetic_IM50/stream_gen_RBF.arff,1,15500.0,3.34375,2.5812510607971086E-9,15500.0,0.8940848857307471,0.17635144044843065,0.814,0.6277379275009606,0.8938012032770097,0.968503937007874,0.8135511278045242,0.7967479674796748,0.6144691093875366,15500.0,2984.0
meta.imbalanced.OnlineAdaBoost -l (trees.HoeffdingTree -e 2000000 -g 100 -c 0.01),ArffFileStream -f ./../../../Dataset/Synthetic_IM50/stream_gen_RBF.arff,1,16000.0,3.421875,2.64156066502134E-9,16000.0,0.8842499879844278,0.1833257667238951,0.808,0.6142781376062745,0.8940848857307471,0.9305019305019305,0.8045513685056507,0.7551867219917012,0.6013495977160654,16000.0,2984.0
meta.imbalanced.OnlineAdaBoost -l (trees.HoeffdingTree -e 2000000 -g 100 -c 0.01),ArffFileStream -f ./../../../Dataset/Synthetic_IM50/stream_gen_RBF.arff,1,16500.0,3.5,2.7018702692455716E-9,16500.0,0.8799408464740962,0.1676743669985844,0.812,0.6230772932137875,0.8842499879844278,1.145922746781116,0.8122132776855268,0.8089887640449438,0.6093198992443326,16500.0,2984.0
meta.imbalanced.OnlineAdaBoost -l (trees.HoeffdingTree -e 2000000 -g 100 -c 0.01),ArffFileStream -f ./../../../Dataset/Synthetic_IM50/stream_gen_RBF.arff,1,17000.0,3.59375,2.7742417943146494E-9,17000.0,0.8657852564102564,0.19824929793459944,0.78,0.5574509172835533,0.8799408464740962,0.9230769230769231,0.7751757451684333,0.7166666666666667,0.5432340009770397,17000.0,2984.0
meta.imbalanced.OnlineAdaBoost -l (trees.HoeffdingTree -e 2000000 -g 100 -c 0.01),ArffFileStream -f ./../../../Dataset/Synthetic_IM50/stream_gen_RBF.arff,1,17500.0,3.671875,2.834551398538881E-9,17500.0,0.8835387776065742,0.20662350450357758,0.794,0.5853061487422295,0.8657852564102564,0.8939393939393939,0.7905694150420949,0.75,0.5720560303893638,17500.0,2984.0
meta.imbalanced.OnlineAdaBoost -l (trees.HoeffdingTree -e 2000000 -g 100 -c 0.01),ArffFileStream -f ./../../../Dataset/Synthetic_IM50/stream_gen_RBF.arff,1,18000.0,3.75,2.8948610027631124E-9,18000.0,0.9424012547212086,0.2566197338356309,0.876,0.7519364957429102,0.8835387776065742,1.032520325203252,0.8759659999148653,0.8779527559055118,0.7425011536686663,18000.0,2984.0
meta.imbalanced.OnlineAdaBoost -l (trees.HoeffdingTree -e 2000000 -g 100 -c 0.01),ArffFileStream -f ./../../../Dataset/Synthetic_IM50/stream_gen_RBF.arff,1,18500.0,3.8125,2.9431086861424977E-9,18500.0,0.9154541816726691,0.2541256705513061,0.838,0.6763107416879794,0.9424012547212086,1.0408163265306123,0.8380506736305563,0.807843137254902,0.6634475014037057,18500.0,2984.0
meta.imbalanced.OnlineAdaBoost -l (trees.HoeffdingTree -e 2000000 -g 100 -c 0.01),ArffFileStream -f ./../../../Dataset/Synthetic_IM50/stream_gen_RBF.arff,1,19000.0,3.890625,3.0034182903667293E-9,19000.0,0.9128951120652365,0.22760774164547115,0.858,0.7158363217213115,0.9154541816726691,1.0746887966804979,0.8581622395494266,0.8532818532818532,0.7051043829926767,19000.0,2984.0
meta.imbalanced.OnlineAdaBoost -l (trees.HoeffdingTree -e 2000000 -g 100 -c 0.01),ArffFileStream -f ./../../../Dataset/Synthetic_IM50/stream_gen_RBF.arff,1,19500.0,3.96875,3.063727894590961E-9,19500.0,0.9208437359964151,0.22979561993626602,0.85,0.7000575889429229,0.9128951120652365,0.968503937007874,0.8501064676483896,0.8617886178861789,0.6886310410900575,19500.0,2984.0
meta.imbalanced.OnlineAdaBoost -l (trees.HoeffdingTree -e 2000000 -g 100 -c 0.01),ArffFileStream -f ./../../../Dataset/Synthetic_IM50/stream_gen_RBF.arff,1,20000.0,4.03125,3.111975577970346E-9,20000.0,0.9129794690435423,0.20463150676879116,0.84,0.6801688708361985,0.9208437359964151,1.0242914979757085,0.8399080807827245,0.8142292490118577,0.6683594154834698,20000.0,2984.0
meta.imbalanced.OnlineAdaBoost -l (trees.HoeffdingTree -e 2000000 -g 100 -c 0.01),ArffFileStream -f ./../../../Dataset/Synthetic_IM50/stream_gen_RBF.arff,1,20500.0,4.109375,3.1722851821945776E-9,20500.0,0.904279116175027,0.1940438630973842,0.828,0.6514436716761506,0.9129794690435423,1.1645021645021645,0.8210369120231957,0.8847583643122676,0.6431174089068825,20500.0,2984.0
meta.imbalanced.OnlineAdaBoost -l (trees.HoeffdingTree -e 2000000 -g 100 -c 0.01),ArffFileStream -f ./../../../Dataset/Synthetic_IM50/stream_gen_RBF.arff,1,21000.0,4.1875,3.232594786418809E-9,21000.0,0.9112503200204813,0.22352072470532397,0.84,0.6799590347564488,0.904279116175027,0.9841269841269841,0.8399411598878417,0.8346774193548387,0.6681153694192019,21000.0,2984.0
meta.imbalanced.OnlineAdaBoost -l (trees.HoeffdingTree -e 2000000 -g 100 -c 0.01),ArffFileStream -f ./../../../Dataset/Synthetic_IM50/stream_gen_RBF.arff,1,21500.0,4.25,3.2808424697981945E-9,21500.0,0.9509055099197771,0.27243602214605855,0.896,0.7921164148077077,0.9112503200204813,1.0576131687242798,0.8963425065414459,0.8754863813229572,0.7841282100791659,21500.0,2984.0
meta.imbalanced.OnlineAdaBoost -l (trees.HoeffdingTree -e 2000000 -g 100 -c 0.01),ArffFileStream -f ./../../../Dataset/Synthetic_IM50/stream_gen_RBF.arff,1,22000.0,4.328125,3.341152074022426E-9,22000.0,0.9309514637904468,0.23565816762092834,0.866,0.731217304791553,0.9509055099197771,1.11864406779661,0.8656731989115848,0.8712121212121212,0.7217292807249386,22000.0,2984.0
meta.imbalanced.OnlineAdaBoost -l (trees.HoeffdingTree -e 2000000 -g 100 -c 0.01),ArffFileStream -f ./../../../Dataset/Synthetic_IM50/stream_gen_RBF.arff,1,22500.0,4.390625,3.3893997574018113E-9,22500.0,0.9137864823348695,0.21625439183739342,0.838,0.6759896316682134,0.9309514637904468,0.9841269841269841,0.8380053366109479,0.8387096774193549,0.6637453874538745,22500.0,2984.0
meta.imbalanced.OnlineAdaBoost -l (trees.HoeffdingTree -e 2000000 -g 100 -c 0.01),ArffFileStream -f ./../../../Dataset/Synthetic_IM50/stream_gen_RBF.arff,1,23000.0,4.46875,3.449709361626043E-9,23000.0,0.8960681352459017,0.20865978841051758,0.824,0.6477971311475409,0.9137864823348695,1.0491803278688525,0.8238877251219109,0.828125,0.6345580933465739,23000.0,2984.0
meta.imbalanced.OnlineAdaBoost -l (trees.HoeffdingTree -e 2000000 -g 100 -c 0.01),ArffFileStream -f ./../../../Dataset/Synthetic_IM50/stream_gen_RBF.arff,1,23500.0,4.546875,3.5100189658502743E-9,23500.0,0.8743665405093335,0.1723493931224735,0.778,0.5526502450348209,0.8960681352459017,0.9083969465648855,0.7721747008825436,0.7100840336134454,0.5393377483443709,23500.0,2984.0
meta.imbalanced.OnlineAdaBoost -l (trees.HoeffdingTree -e 2000000 -g 100 -c 0.01),ArffFileStream -f ./../../../Dataset/Synthetic_IM50/stream_gen_RBF.arff,1,24000.0,4.625,3.570328570074506E-9,24000.0,0.877642825011246,0.17541437741983895,0.816,0.6312447893285448,0.8743665405093335,0.8796992481203008,0.8162604286217229,0.8205128205128205,0.6179600311445625,24000.0,2984.0
meta.imbalanced.OnlineAdaBoost -l (trees.HoeffdingTree -e 2000000 -g 100 -c 0.01),ArffFileStream -f ./../../../Dataset/Synthetic_IM50/stream_gen_RBF.arff,1,24500.0,4.6875,3.618576253453891E-9,24500.0,0.8811980326503148,0.19891073871550435,0.814,0.6269255455712451,0.877642825011246,0.9305019305019305,0.8124576748148064,0.7842323651452282,0.6138135593220337,24500.0,2984.0
meta.imbalanced.OnlineAdaBoost -l (trees.HoeffdingTree -e 2000000 -g 100 -c 0.01),ArffFileStream -f ./../../../Dataset/Synthetic_IM50/stream_gen_RBF.arff,1,25000.0,4.75,3.6668239368332765E-9,25000.0,0.9526078516308097,0.26119556182961434,0.882,0.7635080968414302,0.8811980326503148,1.109704641350211,0.8819928982831834,0.8821292775665399,0.7552070367604349,25000.0,2984.0
meta.imbalanced.OnlineAdaBoost -l (trees.HoeffdingTree -e 2000000 -g 100 -c 0.01),ArffFileStream -f ./../../../Dataset/Synthetic_IM50/stream_gen_RBF.arff,1,25500.0,4.828125,3.727133541057508E-9,25500.0,0.9421036629274615,0.2501567145165113,0.87,0.7399500704135193,0.9526078516308097,0.9762845849802372,0.8699499876827828,0.8663967611336032,0.7303782025213501,25500.0,2984.0
meta.imbalanced.OnlineAdaBoost -l (trees.HoeffdingTree -e 2000000 -g 100 -c 0.01),ArffFileStream -f ./../../../Dataset/Synthetic_IM50/stream_gen_RBF.arff,1,26000.0,4.90625,3.7874431452817395E-9,26000.0,0.9131674026495383,0.20902498524960683,0.85,0.6978243352135374,0.9421036629274615,0.8867924528301887,0.8467473838610141,0.8085106382978723,0.6887470071827613,26000.0,2984.0
meta.imbalanced.OnlineAdaBoost -l (trees.HoeffdingTree -e 2000000 -g 100 -c 0.01),ArffFileStream -f ./../../../Dataset/Synthetic_IM50/stream_gen_RBF.arff,1,26500.0,4.96875,3.8356908286611244E-9,26500.0,0.9481365065110013,0.24800345014665431,0.864,0.7273718647764449,0.9131674026495383,0.9083969465648855,0.8636611476566759,0.8571428571428571,0.7177318295739348,26500.0,2984.0
meta.imbalanced.OnlineAdaBoost -l (trees.HoeffdingTree -e 2000000 -g 100 -c 0.01),ArffFileStream -f ./../../../Dataset/Synthetic_IM50/stream_gen_RBF.arff,1,27000.0,5.046875,3.896000432885356E-9,27000.0,0.9051453637295082,0.2172692754909627,0.832,0.6628997046359316,0.9481365065110013,0.953125,0.8283835236743196,0.7704918032786885,0.6514254975793436,27000.0,2984.0
meta.imbalanced.OnlineAdaBoost -l (trees.HoeffdingTree -e 2000000 -g 100 -c 0.01),ArffFileStream -f ./../../../Dataset/Synthetic_IM50/stream_gen_RBF.arff,1,27500.0,5.125,3.9563100371095875E-9,27500.0,0.9136641086848556,0.24061451028253988,0.842,0.6842727883108993,0.9051453637295082,1.0746887966804979,0.8425247551021846,0.8185328185328186,0.6722486233687863,27500.0,2984.0
meta.imbalanced.OnlineAdaBoost -l (trees.HoeffdingTree -e 2000000 -g 100 -c 0.01),ArffFileStream -f ./../../../Dataset/Synthetic_IM50/stream_gen_RBF.arff,1,28000.0,5.1875,4.004557720488972E-9,28000.0,0.8785829307568438,0.1990222651077414,0.786,0.5665910563836682,0.9136641086848556,0.8518518518518519,0.7795907097433861,0.7260869565217392,0.5559178833469207,28000.0,2984.0
meta.imbalanced.OnlineAdaBoost -l (trees.HoeffdingTree -e 2000000 -g 100 -c 0.01),ArffFileStream -f ./../../../Dataset/Synthetic_IM50/stream_gen_RBF.arff,1,28500.0,5.265625,4.064867324713204E-9,28500.0,0.8780241935483871,0.177580440957552,0.816,0.6318114874815904,0.8785829307568438,0.9841269841269841,0.8152315833934625,0.7862903225806451,0.618368386580307,28500.0,2984.0
meta.imbalanced.OnlineAdaBoost -l (trees.HoeffdingTree -e 2000000 -g 100 -c 0.01),ArffFileStream -f ./../../../Dataset/Synthetic_IM50/stream_gen_RBF.arff,1,29000.0,5.328125,4.113115008092589E-9,29000.0,0.9018948850905832,0.1938172297260643,0.832,0.6639999999999999,0.8780241935483871,1.032520325203252,0.8320680490999598,0.8267716535433071,0.6511777761867258,29000.0,2984.0
meta.imbalanced.OnlineAdaBoost -l (trees.HoeffdingTree -e 2000000 -g 100 -c 0.01),ArffFileStream -f ./../../../Dataset/Synthetic_IM50/stream_gen_RBF.arff,1,29500.0,5.390625,4.161362691471974E-9,29500.0,0.9264070654355681,0.23694763439759542,0.876,0.751223818313137,0.9018948850905832,1.127659574468085,0.8757860494068219,0.879245283018868,0.7424306435713279,29500.0,2984.0
meta.imbalanced.OnlineAdaBoost -l (trees.HoeffdingTree -e 2000000 -g 100 -c 0.01),ArffFileStream -f ./../../../Dataset/Synthetic_IM50/stream_gen_RBF.arff,1,30000.0,5.453125,4.2096103748513586E-9,30000.0,0.9163344061744407,0.24143818869823364,0.844,0.687615141854765,0.9264070654355681,1.0576131687242798,0.8435626193400905,0.8560311284046692,0.67601246105919,30000.0,2984.0
meta.imbalanced.OnlineAdaBoost -l (trees.HoeffdingTree -e 2000000 -g 100 -c 0.01),ArffFileStream -f ./../../../Dataset/Synthetic_IM50/stream_gen_RBF.arff,1,30500.0,5.515625,4.2578580582307434E-9,30500.0,0.9189853884361286,0.23770365195515764,0.854,0.7072035937750681,0.9163344061744407,0.8726591760299626,0.8542683870906683,0.8583690987124464,0.6966621253405995,30500.0,2984.0
meta.imbalanced.OnlineAdaBoost -l (trees.HoeffdingTree -e 2000000 -g 100 -c 0.01),ArffFileStream -f ./../../../Dataset/Synthetic_IM50/stream_gen_RBF.arff,1,31000.0,5.578125,4.306105741610128E-9,31000.0,0.9227667642682283,0.2162050219729284,0.848,0.6960243180545556,0.9189853884361286,0.9920318725099602,0.8479690470907987,0.8594377510040161,0.6843304079855295,31000.0,2984.0
meta.imbalanced.OnlineAdaBoost -l (trees.HoeffdingTree -e 2000000 -g 100 -c 0.01),ArffFileStream -f ./../../../Dataset/Synthetic_IM50/stream_gen_RBF.arff,1,31500.0,5.65625,4.36641534583436E-9,31500.0,0.9138824884792627,0.2091803080021295,0.836,0.67195801062536,0.9227667642682283,1.0161290322580645,0.8359406216892868,0.8412698412698413,0.6592573049271155,31500.0,2984.0
meta.imbalanced.OnlineAdaBoost -l (trees.HoeffdingTree -e 2000000 -g 100 -c 0.01),ArffFileStream -f ./../../../Dataset/Synthetic_IM50/stream_gen_RBF.arff,1,32000.0,5.71875,4.414663029213745E-9,32000.0,0.9410710571369142,0.278612662698095,0.88,0.7600191984641229,0.9138824884792627,1.0080321285140563,0.879970675405853,0.8685258964143426,0.7505845674201091,32000.0,2984.0
meta.imbalanced.OnlineAdaBoost -l (trees.HoeffdingTree -e 2000000 -g 100 -c 0.01),ArffFileStream -f ./../../../Dataset/Synthetic_IM50/stream_gen_RBF.arff,1,32500.0,5.78125,4.46291071259313E-9,32500.0,0.9302921168467387,0.2360191838477303,0.854,0.7078597726908916,0.9410710571369142,1.0408163265306123,0.8538873751612585,0.8588235294117647,0.6966500447513105,32500.0,2984.0
meta.imbalanced.OnlineAdaBoost -l (trees.HoeffdingTree -e 2000000 -g 100 -c 0.01),ArffFileStream -f ./../../../Dataset/Synthetic_IM50/stream_gen_RBF.arff,1,33000.0,5.859375,4.523220316817361E-9,33000.0,0.9167987194877951,0.21721171370082315,0.856,0.7120230381569475,0.9302921168467387,1.0408163265306123,0.8561338599041799,0.8470588235294118,0.7010192525481314,33000.0,2984.0
meta.imbalanced.OnlineAdaBoost -l (trees.HoeffdingTree -e 2000000 -g 100 -c 0.01),ArffFileStream -f ./../../../Dataset/Synthetic_IM50/stream_gen_RBF.arff,1,33500.0,5.921875,4.571468000196746E-9,33500.0,0.9076082603053558,0.22022387760032164,0.832,0.6626885330163675,0.9167987194877951,0.9305019305019305,0.8294163968121524,0.7883817427385892,0.6512795092632752,33500.0,2984.0
meta.imbalanced.OnlineAdaBoost -l (trees.HoeffdingTree -e 2000000 -g 100 -c 0.01),ArffFileStream -f ./../../../Dataset/Synthetic_IM50/stream_gen_RBF.arff,1,34000.0,6.0,4.631777604420978E-9,34000.0,0.8979343669498712,0.197922794230253,0.838,0.6759896316682134,0.9076082603053558,1.0080321285140563,0.837985223919711,0.8406374501992032,0.6638183593749999,34000.0,2984.0
meta.imbalanced.OnlineAdaBoost -l (trees.HoeffdingTree -e 2000000 -g 100 -c 0.01),ArffFileStream -f ./../../../Dataset/Synthetic_IM50/stream_gen_RBF.arff,1,34500.0,6.078125,4.692087208645209E-9,34500.0,0.8551986584107327,0.15386130128139325,0.79,0.5774715899945272,0.8979343669498712,1.1929824561403508,0.7892016645229923,0.7977941176470589,0.5638694919335421,34500.0,2984.0
meta.imbalanced.OnlineAdaBoost -l (trees.HoeffdingTree -e 2000000 -g 100 -c 0.01),ArffFileStream -f ./../../../Dataset/Synthetic_IM50/stream_gen_RBF.arff,1,35000.0,6.15625,4.752396812869441E-9,35000.0,0.9178312629399586,0.23265616196947092,0.858,0.7113163972286374,0.8551986584107327,1.2321428571428572,0.8527183727283034,0.894927536231884,0.7047992397244001,35000.0,2984.0
meta.imbalanced.OnlineAdaBoost -l (trees.HoeffdingTree -e 2000000 -g 100 -c 0.01),ArffFileStream -f ./../../../Dataset/Synthetic_IM50/stream_gen_RBF.arff,1,35500.0,6.21875,4.8006444962488255E-9,35500.0,0.925925331964847,0.24003670621921203,0.872,0.743606179091084,0.9178312629399586,1.1008403361344539,0.8720873096077788,0.8702290076335878,0.7338643551598922,35500.0,2984.0
meta.imbalanced.OnlineAdaBoost -l (trees.HoeffdingTree -e 2000000 -g 100 -c 0.01),ArffFileStream -f ./../../../Dataset/Synthetic_IM50/stream_gen_RBF.arff,1,36000.0,6.296875,4.860954100473057E-9,36000.0,0.8954863277812445,0.1966977067758574,0.8,0.5999167826907997,0.925925331964847,1.0080321285140563,0.7995162460010691,0.8247011952191236,0.5844155844155845,36000.0,2984.0
meta.imbalanced.OnlineAdaBoost -l (trees.HoeffdingTree -e 2000000 -g 100 -c 0.01),ArffFileStream -f ./../../../Dataset/Synthetic_IM50/stream_gen_RBF.arff,1,36500.0,6.359375,4.909201783852442E-9,36500.0,0.925552,0.20589676774153398,0.86,0.72,0.8954863277812445,1.0,0.8599162749942578,0.848,0.7089314194577352,36500.0,2984.0
meta.imbalanced.OnlineAdaBoost -l (trees.HoeffdingTree -e 2000000 -g 100 -c 0.01),ArffFileStream -f ./../../../Dataset/Synthetic_IM50/stream_gen_RBF.arff,1,37000.0,6.421875,4.957449467231827E-9,37000.0,0.933475845062529,0.24336003809997242,0.874,0.747943539352815,0.925552,1.0576131687242798,0.8741573625257956,0.867704280155642,0.7380751727625148,37000.0,2984.0
meta.imbalanced.OnlineAdaBoost -l (trees.HoeffdingTree -e 2000000 -g 100 -c 0.01),ArffFileStream -f ./../../../Dataset/Synthetic_IM50/stream_gen_RBF.arff,1,37500.0,6.5,5.017759071456058E-9,37500.0,0.937804175204918,0.24415252352607947,0.884,0.7675984100525709,0.933475845062529,1.0491803278688525,0.8829501968995296,0.91015625,0.758869179600887,37500.0,2984.0
meta.imbalanced.OnlineAdaBoost -l (trees.HoeffdingTree -e 2000000 -g 100 -c 0.01),ArffFileStream -f ./../../../Dataset/Synthetic_IM50/stream_gen_RBF.arff,1,38000.0,6.5625,5.066006754835443E-9,38000.0,0.9242286025222457,0.24135282989955964,0.856,0.7120368592820119,0.937804175204918,1.032520325203252,0.8561002419996353,0.8464566929133859,0.7006728297139105,38000.0,2984.0
meta.imbalanced.OnlineAdaBoost -l (trees.HoeffdingTree -e 2000000 -g 100 -c 0.01),ArffFileStream -f ./../../../Dataset/Synthetic_IM50/stream_gen_RBF.arff,1,38500.0,6.625,5.114254438214828E-9,38500.0,0.9082480664841236,0.18961847631889828,0.846,0.6913778176804437,0.9242286025222457,0.9455252918287937,0.8448524131885138,0.8189300411522634,0.679980568899444,38500.0,2984.0
meta.imbalanced.OnlineAdaBoost -l (trees.HoeffdingTree -e 2000000 -g 100 -c 0.01),ArffFileStream -f ./../../../Dataset/Synthetic_IM50/stream_gen_RBF.arff,1,39000.0,6.6875,5.162502121594213E-9,39000.0,0.9407393170606702,0.23735811143723629,0.874,0.747774005508936,0.9082480664841236,0.937984496124031,0.8739325421806887,0.871900826446281,0.7381853055570355,39000.0,2984.0
meta.imbalanced.OnlineAdaBoost -l (trees.HoeffdingTree -e 2000000 -g 100 -c 0.01),ArffFileStream -f ./../../../Dataset/Synthetic_IM50/stream_gen_RBF.arff,1,39500.0,6.75,5.210749804973598E-9,39500.0,0.9456403357037606,0.24195177456134448,0.872,0.7438032408890027,0.9407393170606702,1.0661157024793388,0.871996919555786,0.872093023255814,0.7341745531019979,39500.0,2984.0
meta.imbalanced.OnlineAdaBoost -l (trees.HoeffdingTree -e 2000000 -g 100 -c 0.01),ArffFileStream -f ./../../../Dataset/Synthetic_IM50/stream_gen_RBF.arff,1,40000.0,6.8125,5.258997488352983E-9,40000.0,0.9155177659284879,0.21829309503852667,0.848,0.6950779156168253,0.9456403357037606,0.9455252918287937,0.8456007283724335,0.8024691358024691,0.6842542584129622,40000.0,2984.0
meta.imbalanced.OnlineAdaBoost -l (trees.HoeffdingTree -e 2000000 -g 100 -c 0.01),ArffFileStream -f ./../../../Dataset/Synthetic_IM50/stream_gen_RBF.arff,1,40500.0,6.890625,5.319307092577214E-9,40500.0,0.950031200499208,0.253479164471981,0.886,0.7719854070660522,0.9155177659284879,1.0080321285140563,0.8859506524276262,0.8924302788844621,0.7632429106199682,40500.0,2984.0
meta.imbalanced.OnlineAdaBoost -l (trees.HoeffdingTree -e 2000000 -g 100 -c 0.01),ArffFileStream -f ./../../../Dataset/Synthetic_IM50/stream_gen_RBF.arff,1,41000.0,6.96875,5.379616696801446E-9,41000.0,0.8905279005701838,0.16641456959720452,0.824,0.648090088937232,0.950031200499208,0.937984496124031,0.8243347842379216,0.8388429752066116,0.6341512877712431,41000.0,2984.0
meta.imbalanced.OnlineAdaBoost -l (trees.HoeffdingTree -e 2000000 -g 100 -c 0.01),ArffFileStream -f ./../../../Dataset/Synthetic_IM50/stream_gen_RBF.arff,1,41500.0,7.03125,5.427864380180831E-9,41500.0,0.908392292759622,0.22485431083716295,0.838,0.6754599653823962,0.8905279005701838,1.109704641350211,0.8380806843301194,0.8365019011406845,0.6633450175262894,41500.0,2984.0
meta.imbalanced.OnlineAdaBoost -l (trees.HoeffdingTree -e 2000000 -g 100 -c 0.01),ArffFileStream -f ./../../../Dataset/Synthetic_IM50/stream_gen_RBF.arff,1,42000.0,7.09375,5.476112063560216E-9,42000.0,0.9066948487614289,0.23940256429533596,0.84,0.6796771145314476,0.908392292759622,1.0576131687242798,0.8397194894699423,0.8482490272373541,0.6674090571640683,42000.0,2984.0
meta.imbalanced.OnlineAdaBoost -l (trees.HoeffdingTree -e 2000000 -g 100 -c 0.01),ArffFileStream -f ./../../../Dataset/Synthetic_IM50/stream_gen_RBF.arff,1,42500.0,7.171875,5.536421667784447E-9,42500.0,0.921098210276477,0.2108802269176852,0.87,0.7399500704135193,0.9066948487614289,1.1008403361344539,0.8706149342378674,0.8549618320610687,0.7297363400675048,42500.0,2984.0
meta.imbalanced.OnlineAdaBoost -l (trees.HoeffdingTree -e 2000000 -g 100 -c 0.01),ArffFileStream -f ./../../../Dataset/Synthetic_IM50/stream_gen_RBF.arff,1,43000.0,7.234375,5.584669351163832E-9,43000.0,0.9180267537122376,0.21590486994870778,0.844,0.6881596622529264,0.921098210276477,0.9841269841269841,0.8435624115871354,0.8790322580645161,0.6756443112035201,43000.0,2984.0
meta.imbalanced.OnlineAdaBoost -l (trees.HoeffdingTree -e 2000000 -g 100 -c 0.01),ArffFileStream -f ./../../../Dataset/Synthetic_IM50/stream_gen_RBF.arff,1,43500.0,7.3125,5.644978955388064E-9,43500.0,0.9378471388555422,0.25386197707910696,0.88,0.7597501401457516,0.9180267537122376,1.0408163265306123,0.8794392334585366,0.8980392156862745,0.7505853122461656,43500.0,2984.0
meta.imbalanced.OnlineAdaBoost -l (trees.HoeffdingTree -e 2000000 -g 100 -c 0.01),ArffFileStream -f ./../../../Dataset/Synthetic_IM50/stream_gen_RBF.arff,1,44000.0,7.375,5.6932266387674485E-9,44000.0,0.9013701923076923,0.20413606293527914,0.838,0.675116316380555,0.9378471388555422,0.9230769230769231,0.8369281438383572,0.8166666666666667,0.6632016632016631,44000.0,2984.0
meta.imbalanced.OnlineAdaBoost -l (trees.HoeffdingTree -e 2000000 -g 100 -c 0.01),ArffFileStream -f ./../../../Dataset/Synthetic_IM50/stream_gen_RBF.arff,1,44500.0,7.4375,5.741474322146833E-9,44500.0,0.8824339030791882,0.17533513243360888,0.816,0.6317171587779413,0.9013701923076923,0.968503937007874,0.8154766952976564,0.7967479674796748,0.6175618869687062,44500.0,2984.0
meta.imbalanced.OnlineAdaBoost -l (trees.HoeffdingTree -e 2000000 -g 100 -c 0.01),ArffFileStream -f ./../../../Dataset/Synthetic_IM50/stream_gen_RBF.arff,1,45000.0,7.515625,5.801783926371065E-9,45000.0,0.8549934898972851,0.16476168730317703,0.792,0.5827515927655545,0.8824339030791882,1.145922746781116,0.7918506011742734,0.7940074906367042,0.5676075206726107,45000.0,2984.0
meta.imbalanced.OnlineAdaBoost -l (trees.HoeffdingTree -e 2000000 -g 100 -c 0.01),ArffFileStream -f ./../../../Dataset/Synthetic_IM50/stream_gen_RBF.arff,1,45500.0,7.59375,5.8620935305952964E-9,45500.0,0.8728938432955347,0.16678922704518495,0.804,0.606993904395252,0.8549934898972851,1.0661157024793388,0.8024583440524461,0.8333333333333334,0.5925807483210747,45500.0,2984.0
meta.imbalanced.OnlineAdaBoost -l (trees.HoeffdingTree -e 2000000 -g 100 -c 0.01),ArffFileStream -f ./../../../Dataset/Synthetic_IM50/stream_gen_RBF.arff,1,46000.0,7.65625,5.910341213974681E-9,46000.0,0.8953173343593196,0.1925021006512957,0.82,0.6376403137229639,0.8728938432955347,0.9157088122605364,0.8151505472751053,0.7573221757322176,0.6256950409113511,46000.0,2984.0
meta.imbalanced.OnlineAdaBoost -l (trees.HoeffdingTree -e 2000000 -g 100 -c 0.01),ArffFileStream -f ./../../../Dataset/Synthetic_IM50/stream_gen_RBF.arff,1,46500.0,7.71875,5.958588897354066E-9,46500.0,0.9203956212790474,0.22429481663514228,0.872,0.743671900032041,0.8953173343593196,0.968503937007874,0.8707893649868794,0.8373983739837398,0.7338936826574864,46500.0,2984.0
meta.imbalanced.OnlineAdaBoost -l (trees.HoeffdingTree -e 2000000 -g 100 -c 0.01),ArffFileStream -f ./../../../Dataset/Synthetic_IM50/stream_gen_RBF.arff,1,47000.0,7.78125,6.006836580733451E-9,47000.0,0.9405577612704918,0.23324836043721936,0.87,0.7397251497581446,0.9203956212790474,1.0491803278688525,0.8695858551208325,0.8828125,0.729753637931797,47000.0,2984.0
meta.imbalanced.OnlineAdaBoost -l (trees.HoeffdingTree -e 2000000 -g 100 -c 0.01),ArffFileStream -f ./../../../Dataset/Synthetic_IM50/stream_gen_RBF.arff,1,47500.0,7.859375,6.067146184957683E-9,47500.0,0.8904478185662118,0.18058200137397185,0.818,0.6348314606741572,0.9405577612704918,0.937984496124031,0.815750832182408,0.7768595041322314,0.621712685424233,47500.0,2984.0
meta.imbalanced.OnlineAdaBoost -l (trees.HoeffdingTree -e 2000000 -g 100 -c 0.01),ArffFileStream -f ./../../../Dataset/Synthetic_IM50/stream_gen_RBF.arff,1,48000.0,7.9375,6.127455789181914E-9,48000.0,0.8750804168811117,0.15547943148734922,0.812,0.6209432866636558,0.8904478185662118,0.8656716417910447,0.8088706600715918,0.7758620689655172,0.6090968161143601,48000.0,2984.0
meta.imbalanced.OnlineAdaBoost -l (trees.HoeffdingTree -e 2000000 -g 100 -c 0.01),ArffFileStream -f ./../../../Dataset/Synthetic_IM50/stream_gen_RBF.arff,1,48500.0,8.0,6.175703472561299E-9,48500.0,0.8869277175913332,0.19750599484826015,0.796,0.5920587435409301,0.8750804168811117,0.9762845849802372,0.7960573181904389,0.805668016194332,0.5758744855967078,48500.0,2984.0
meta.imbalanced.OnlineAdaBoost -l (trees.HoeffdingTree -e 2000000 -g 100 -c 0.01),ArffFileStream -f ./../../../Dataset/Synthetic_IM50/stream_gen_RBF.arff,1,49000.0,8.078125,6.2360130767855306E-9,49000.0,0.8953981592637055,0.20323697247079553,0.84,0.6796155386463756,0.8869277175913332,0.9607843137254902,0.83921493831144,0.8163265306122449,0.6673878919010648,49000.0,2984.0
meta.imbalanced.OnlineAdaBoost -l (trees.HoeffdingTree -e 2000000 -g 100 -c 0.01),ArffFileStream -f ./../../../Dataset/Synthetic_IM50/stream_gen_RBF.arff,1,49500.0,8.15625,6.296322681009762E-9,49500.0,0.8943391393442623,0.18268837566085339,0.828,0.6558017418032787,0.8953981592637055,0.953125,0.8278905676526317,0.8237704918032787,0.6424942263279445,49500.0,2984.0
meta.imbalanced.OnlineAdaBoost -l (trees.HoeffdingTree -e 2000000 -g 100 -c 0.01),ArffFileStream -f ./../../../Dataset/Synthetic_IM50/stream_gen_RBF.arff,1,50000.0,8.21875,6.344570364389147E-9,50000.0,0.9130859375,0.19892987709042137,0.834,0.6678405634704657,0.8943391393442623,0.953125,0.8339499938324328,0.8319672131147541,0.6550147553929921,50000.0,2984.0
meta.imbalanced.OnlineAdaBoost -l (trees.HoeffdingTree -e 2000000 -g 100 -c 0.01),ArffFileStream -f ./../../../Dataset/Synthetic_IM50/stream_gen_RBF.arff,1,50500.0,8.296875,6.4048799686133785E-9,50500.0,0.9078215425062922,0.21000193015119684,0.822,0.641348850704407,0.9130859375,1.0920502092050208,0.8159269983115441,0.8888888888888888,0.6300366300366299,50500.0,2984.0
meta.imbalanced.OnlineAdaBoost -l (trees.HoeffdingTree -e 2000000 -g 100 -c 0.01),ArffFileStream -f ./../../../Dataset/Synthetic_IM50/stream_gen_RBF.arff,1,51000.0,8.375,6.46518957283761E-9,51000.0,0.9073626602230721,0.20779140135518048,0.836,0.6719842552442516,0.9078215425062922,0.9762845849802372,0.836021917356876,0.8380566801619433,0.6591270326445775,51000.0,2984.0
meta.imbalanced.OnlineAdaBoost -l (trees.HoeffdingTree -e 2000000 -g 100 -c 0.01),ArffFileStream -f ./../../../Dataset/Synthetic_IM50/stream_gen_RBF.arff,1,51500.0,8.4375,6.513437256216995E-9,51500.0,0.8894230769230769,0.18719495862692714,0.812,0.6224293059125965,0.9073626602230721,0.9230769230769231,0.809449401342254,0.7708333333333334,0.6091239402503029,51500.0,2984.0
meta.imbalanced.OnlineAdaBoost -l (trees.HoeffdingTree -e 2000000 -g 100 -c 0.01),ArffFileStream -f ./../../../Dataset/Synthetic_IM50/stream_gen_RBF.arff,1,52000.0,8.5,6.56168493959638E-9,52000.0,0.8974137379169067,0.19519823763359956,0.844,0.6878801459760547,0.8894230769230769,0.968503937007874,0.8438710223045848,0.8373983739837398,0.675727534377998,52000.0,2984.0
meta.imbalanced.OnlineAdaBoost -l (trees.HoeffdingTree -e 2000000 -g 100 -c 0.01),ArffFileStream -f ./../../../Dataset/Synthetic_IM50/stream_gen_RBF.arff,1,52500.0,8.578125,6.621994543820611E-9,52500.0,0.8749099870381335,0.17510040588290032,0.828,0.6557190667584749,0.8974137379169067,0.9762845849802372,0.8270928048781073,0.7975708502024291,0.6425036620610475,52500.0,2984.0
meta.imbalanced.OnlineAdaBoost -l (trees.HoeffdingTree -e 2000000 -g 100 -c 0.01),ArffFileStream -f ./../../../Dataset/Synthetic_IM50/stream_gen_RBF.arff,1,53000.0,8.640625,6.670242227199996E-9,53000.0,0.899881326576432,0.18054683841730124,0.834,0.6675531914893617,0.8749099870381335,1.1008403361344539,0.8340952746492759,0.8320610687022901,0.6549668614455468,53000.0,2984.0
meta.imbalanced.OnlineAdaBoost -l (trees.HoeffdingTree -e 2000000 -g 100 -c 0.01),ArffFileStream -f ./../../../Dataset/Synthetic_IM50/stream_gen_RBF.arff,1,53500.0,8.71875,6.730551831424228E-9,53500.0,0.8753680235535074,0.19207422083574277,0.802,0.6039366298607779,0.899881326576432,0.9841269841269841,0.8019034574971786,0.7943548387096774,0.5886053827333101,53500.0,2984.0
meta.imbalanced.OnlineAdaBoost -l (trees.HoeffdingTree -e 2000000 -g 100 -c 0.01),ArffFileStream -f ./../../../Dataset/Synthetic_IM50/stream_gen_RBF.arff,1,54000.0,8.796875,6.790861435648459E-9,54000.0,0.9122542815488873,0.22436240725513468,0.838,0.6744058912435282,0.8753680235535074,0.9305019305019305,0.834116113979531,0.7800829875518672,0.663292405988992,54000.0,2984.0
meta.imbalanced.OnlineAdaBoost -l (trees.HoeffdingTree -e 2000000 -g 100 -c 0.01),ArffFileStream -f ./../../../Dataset/Synthetic_IM50/stream_gen_RBF.arff,1,54500.0,8.859375,6.839109119027844E-9,54500.0,0.9339957757296466,0.22616030183114627,0.87,0.7399583933429349,0.9122542815488873,1.0161290322580645,0.8699151867599841,0.876984126984127,0.7298379408960916,54500.0,2984.0
meta.imbalanced.OnlineAdaBoost -l (trees.HoeffdingTree -e 2000000 -g 100 -c 0.01),ArffFileStream -f ./../../../Dataset/Synthetic_IM50/stream_gen_RBF.arff,1,55000.0,8.90625,6.875294881562383E-9,55000.0,0.9298009639557413,0.21190216165710068,0.876,0.7512477732663575,0.9339957757296466,1.0576131687242798,0.8736992999687847,0.9182879377431906,0.7422914147521161,55000.0,2984.0
meta.imbalanced.OnlineAdaBoost -l (trees.HoeffdingTree -e 2000000 -g 100 -c 0.01),ArffFileStream -f ./../../../Dataset/Synthetic_IM50/stream_gen_RBF.arff,1,55500.0,8.984375,6.935604485786615E-9,55500.0,0.9149457697175539,0.20415580949754764,0.848,0.6957809622928508,0.9298009639557413,1.0746887966804979,0.8480873485599348,0.8455598455598455,0.6841041003557385,55500.0,2984.0
meta.imbalanced.OnlineAdaBoost -l (trees.HoeffdingTree -e 2000000 -g 100 -c 0.01),ArffFileStream -f ./../../../Dataset/Synthetic_IM50/stream_gen_RBF.arff,1,56000.0,9.046875,6.983852169166E-9,56000.0,0.8962174978772489,0.2039403880177183,0.826,0.6507931410956265,0.9149457697175539,0.9305019305019305,0.8238930297331554,0.7883817427385892,0.6383476227591581,56000.0,2984.0
meta.imbalanced.OnlineAdaBoost -l (trees.HoeffdingTree -e 2000000 -g 100 -c 0.01),ArffFileStream -f ./../../../Dataset/Synthetic_IM50/stream_gen_RBF.arff,1,56500.0,9.109375,7.0320998525453846E-9,56500.0,0.9062264966155127,0.21614624814915556,0.848,0.6957809622928508,0.8962174978772489,1.0242914979757085,0.847296511994833,0.8735177865612648,0.6841950430241964,56500.0,2984.0
meta.imbalanced.OnlineAdaBoost -l (trees.HoeffdingTree -e 2000000 -g 100 -c 0.01),ArffFileStream -f ./../../../Dataset/Synthetic_IM50/stream_gen_RBF.arff,1,57000.0,9.1875,7.092409456769616E-9,57000.0,0.8988575268817204,0.18654998686836666,0.822,0.6438746438746438,0.9062264966155127,0.9841269841269841,0.8216149969888632,0.8024193548387096,0.6301399825021872,57000.0,2984.0
meta.imbalanced.OnlineAdaBoost -l (trees.HoeffdingTree -e 2000000 -g 100 -c 0.01),ArffFileStream -f ./../../../Dataset/Synthetic_IM50/stream_gen_RBF.arff,1,57500.0,9.25,7.140657140149001E-9,57500.0,0.878482972136223,0.17317581283203787,0.802,0.601050968761082,0.8988575268817204,0.8382352941176471,0.8004811826888932,0.7850877192982456,0.5884096742706338,57500.0,2984.0
meta.imbalanced.OnlineAdaBoost -l (trees.HoeffdingTree -e 2000000 -g 100 -c 0.01),ArffFileStream -f ./../../../Dataset/Synthetic_IM50/stream_gen_RBF.arff,1,58000.0,9.3125,7.188904823528386E-9,58000.0,0.8926518390418088,0.2121716994919347,0.818,0.6354283516553956,0.878482972136223,1.0576131687242798,0.8172414702881119,0.8365758754863813,0.6216351840567761,58000.0,2984.0
meta.imbalanced.OnlineAdaBoost -l (trees.HoeffdingTree -e 2000000 -g 100 -c 0.01),ArffFileStream -f ./../../../Dataset/Synthetic_IM50/stream_gen_RBF.arff,1,58500.0,9.375,7.237152506907771E-9,58500.0,0.9233959424188564,0.20141170064388042,0.852,0.7037013309415892,0.8926518390418088,1.0576131687242798,0.8517327936750047,0.8599221789883269,0.6923896823704966,58500.0,2984.0
meta.imbalanced.OnlineAdaBoost -l (trees.HoeffdingTree -e 2000000 -g 100 -c 0.01),ArffFileStream -f ./../../../Dataset/Synthetic_IM50/stream_gen_RBF.arff,1,59000.0,9.453125,7.297462111132002E-9,59000.0,0.896566345061521,0.20209367119209815,0.82,0.6399366288466769,0.9233959424188564,1.0080321285140563,0.819655262507348,0.8406374501992032,0.6259904912836767,59000.0,2984.0
meta.imbalanced.OnlineAdaBoost -l (trees.HoeffdingTree -e 2000000 -g 100 -c 0.01),ArffFileStream -f ./../../../Dataset/Synthetic_IM50/stream_gen_RBF.arff,1,59500.0,9.515625,7.345709794511387E-9,59500.0,0.9021829588374624,0.21748001177813997,0.83,0.6596296770886724,0.896566345061521,1.032520325203252,0.829042792538284,0.8582677165354331,0.6468719452590419,59500.0,2984.0
meta.imbalanced.OnlineAdaBoost -l (trees.HoeffdingTree -e 2000000 -g 100 -c 0.01),ArffFileStream -f ./../../../Dataset/Synthetic_IM50/stream_gen_RBF.arff,1,60000.0,9.578125,7.393957477890772E-9,60000.0,0.9140099865565585,0.20783921779665487,0.846,0.6916645310097386,0.9021829588374624,0.968503937007874,0.8450649788705833,0.8170731707317073,0.6800332432993974,60000.0,2984.0
meta.imbalanced.OnlineAdaBoost -l (trees.HoeffdingTree -e 2000000 -g 100 -c 0.01),ArffFileStream -f ./../../../Dataset/Synthetic_IM50/stream_gen_RBF.arff,1,60500.0,9.65625,7.454267082115003E-9,60500.0,0.9041848104508197,0.20054398815152824,0.84,0.6798770727959536,0.9140099865565585,0.953125,0.8400038269575196,0.8401639344262295,0.6675710017514337,60500.0,2984.0
meta.imbalanced.OnlineAdaBoost -l (trees.HoeffdingTree -e 2000000 -g 100 -c 0.01),ArffFileStream -f ./../../../Dataset/Synthetic_IM50/stream_gen_RBF.arff,1,61000.0,9.71875,7.502514765494388E-9,61000.0,0.916655993852459,0.21541566621012254,0.856,0.7118893655163583,0.9041848104508197,0.953125,0.8560128904680939,0.8565573770491803,0.7008276284867682,61000.0,2984.0
meta.imbalanced.OnlineAdaBoost -l (trees.HoeffdingTree -e 2000000 -g 100 -c 0.01),ArffFileStream -f ./../../../Dataset/Synthetic_IM50/stream_gen_RBF.arff,1,61500.0,9.78125,7.550762448873773E-9,61500.0,0.8709708411394533,0.17766204726171209,0.79,0.5800000000000001,0.916655993852459,1.0576131687242798,0.7901857531765719,0.7821011673151751,0.5639917626008576,61500.0,2984.0
meta.imbalanced.OnlineAdaBoost -l (trees.HoeffdingTree -e 2000000 -g 100 -c 0.01),ArffFileStream -f ./../../../Dataset/Synthetic_IM50/stream_gen_RBF.arff,1,62000.0,9.859375,7.611072053098003E-9,62000.0,0.9073622226559959,0.16435251213471508,0.832,0.6529843347213959,0.8709708411394533,0.7730496453900709,0.8172035174378207,0.7385321100917431,0.6509734276044633,62000.0,2984.0
meta.imbalanced.OnlineAdaBoost -l (trees.HoeffdingTree -e 2000000 -g 100 -c 0.01),ArffFileStream -f ./../../../Dataset/Synthetic_IM50/stream_gen_RBF.arff,1,62500.0,9.9375,7.671381657322234E-9,62500.0,0.8531788577555168,0.16377085571719463,0.778,0.556,0.9073622226559959,0.9762845849802372,0.7780328837936287,0.7813765182186235,0.5388833499501496,62500.0,2984.0
meta.imbalanced.OnlineAdaBoost -l (trees.HoeffdingTree -e 2000000 -g 100 -c 0.01),ArffFileStream -f ./../../../Dataset/Synthetic_IM50/stream_gen_RBF.arff,1,63000.0,9.984375,7.707567419856773E-9,63000.0,0.8736433735712339,0.17369382654002835,0.798,0.5947160604795995,0.8531788577555168,0.9157088122605364,0.7966609809946046,0.7740585774058577,0.5802770448548814,63000.0,2984.0
meta.imbalanced.OnlineAdaBoost -l (trees.HoeffdingTree -e 2000000 -g 100 -c 0.01),ArffFileStream -f ./../../../Dataset/Synthetic_IM50/stream_gen_RBF.arff,1,63500.0,10.0625,7.767877024081004E-9,63500.0,0.8904480828615543,0.18125514920700758,0.798,0.5890165695497901,0.8736433735712339,0.8656716417910447,0.7850368208482286,0.6939655172413793,0.5801584184341451,63500.0,2984.0
meta.imbalanced.OnlineAdaBoost -l (trees.HoeffdingTree -e 2000000 -g 100 -c 0.01),ArffFileStream -f ./../../../Dataset/Synthetic_IM50/stream_gen_RBF.arff,1,64000.0,10.125,7.816124707460389E-9,64000.0,0.887912826420891,0.1997877668841732,0.814,0.627892833135943,0.8904480828615543,1.0161290322580645,0.8137286881265674,0.8293650793650794,0.6136444776216285,64000.0,2984.0
meta.imbalanced.OnlineAdaBoost -l (trees.HoeffdingTree -e 2000000 -g 100 -c 0.01),ArffFileStream -f ./../../../Dataset/Synthetic_IM50/stream_gen_RBF.arff,1,64500.0,10.203125,7.87643431168462E-9,64500.0,0.9006490585437954,0.17879456730877735,0.836,0.6675747551404293,0.887912826420891,0.8796992481203008,0.8265581531669757,0.7478632478632479,0.6593126992817804,64500.0,2984.0
meta.imbalanced.OnlineAdaBoost -l (trees.HoeffdingTree -e 2000000 -g 100 -c 0.01),ArffFileStream -f ./../../../Dataset/Synthetic_IM50/stream_gen_RBF.arff,1,65000.0,10.265625,7.924681995064004E-9,65000.0,0.9244986866551349,0.22088370535633944,0.848,0.6952197625922361,0.9006490585437954,0.937984496124031,0.8465824843146794,0.8181818181818182,0.6842542584129622,65000.0,2984.0
meta.imbalanced.OnlineAdaBoost -l (trees.HoeffdingTree -e 2000000 -g 100 -c 0.01),ArffFileStream -f ./../../../Dataset/Synthetic_IM50/stream_gen_RBF.arff,1,65500.0,10.328125,7.972929678443389E-9,65500.0,0.908358089120835,0.22298631759732318,0.832,0.6626235038958952,0.9244986866551349,1.127659574468085,0.8310320157251323,0.8452830188679246,0.6509104752236532,65500.0,2984.0
meta.imbalanced.OnlineAdaBoost -l (trees.HoeffdingTree -e 2000000 -g 100 -c 0.01),ArffFileStream -f ./../../../Dataset/Synthetic_IM50/stream_gen_RBF.arff,1,66000.0,10.390625,8.021177361822774E-9,66000.0,0.922411445233022,0.2001044721875438,0.846,0.6917336578804086,0.908358089120835,1.0746887966804979,0.8460163140923517,0.8455598455598455,0.6802265219443133,66000.0,2984.0
meta.imbalanced.OnlineAdaBoost -l (trees.HoeffdingTree -e 2000000 -g 100 -c 0.01),ArffFileStream -f ./../../../Dataset/Synthetic_IM50/stream_gen_RBF.arff,1,66500.0,10.453125,8.069425045202159E-9,66500.0,0.9177620954718687,0.19447197136684452,0.87,0.7376832181829922,0.922411445233022,0.8248175182481752,0.8689201835508721,0.8584070796460177,0.730164180036207,66500.0,2984.0
meta.imbalanced.OnlineAdaBoost -l (trees.HoeffdingTree -e 2000000 -g 100 -c 0.01),ArffFileStream -f ./../../../Dataset/Synthetic_IM50/stream_gen_RBF.arff,1,67000.0,10.53125,8.12973464942639E-9,67000.0,0.8900320512820513,0.17964679027835123,0.81,0.6182285806140493,0.9177620954718687,0.9230769230769231,0.8068814611252958,0.7625,0.6056137307144186,67000.0,2984.0
meta.imbalanced.OnlineAdaBoost -l (trees.HoeffdingTree -e 2000000 -g 100 -c 0.01),ArffFileStream -f ./../../../Dataset/Synthetic_IM50/stream_gen_RBF.arff,1,67500.0,10.59375,8.177982332805774E-9,67500.0,0.9210324129651861,0.2199264900346296,0.844,0.6875250380578479,0.8900320512820513,0.9607843137254902,0.8428025429782353,0.8122448979591836,0.6762291301540448,67500.0,2984.0
meta.imbalanced.OnlineAdaBoost -l (trees.HoeffdingTree -e 2000000 -g 100 -c 0.01),ArffFileStream -f ./../../../Dataset/Synthetic_IM50/stream_gen_RBF.arff,1,68000.0,10.65625,8.22623001618516E-9,68000.0,0.8920164503688531,0.18112057086632244,0.814,0.6283211305432106,0.9210324129651861,0.9762845849802372,0.8135055611038589,0.854251012145749,0.6140843351437114,68000.0,2984.0
meta.imbalanced.OnlineAdaBoost -l (trees.HoeffdingTree -e 2000000 -g 100 -c 0.01),ArffFileStream -f ./../../../Dataset/Synthetic_IM50/stream_gen_RBF.arff,1,68500.0,10.71875,8.274477699564544E-9,68500.0,0.9089948952649182,0.19181536324972281,0.84,0.6800153592627554,0.8920164503688531,1.0242914979757085,0.8400509619833174,0.83399209486166,0.6680296834772073,68500.0,2984.0
meta.imbalanced.OnlineAdaBoost -l (trees.HoeffdingTree -e 2000000 -g 100 -c 0.01),ArffFileStream -f ./../../../Dataset/Synthetic_IM50/stream_gen_RBF.arff,1,69000.0,10.78125,8.322725382943929E-9,69000.0,0.9156937584193983,0.21858356882313418,0.846,0.6906338390331704,0.9089948952649182,0.9083969465648855,0.8440719768389443,0.8151260504201681,0.6805459519586327,69000.0,2984.0
meta.imbalanced.OnlineAdaBoost -l (trees.HoeffdingTree -e 2000000 -g 100 -c 0.01),ArffFileStream -f ./../../../Dataset/Synthetic_IM50/stream_gen_RBF.arff,1,69500.0,10.859375,8.38303498716816E-9,69500.0,0.8683131526683324,0.19029060380543533,0.786,0.5727110088812217,0.9156937584193983,1.0661157024793388,0.7863390929294606,0.751937984496124,0.5562020708381823,69500.0,2984.0
meta.imbalanced.OnlineAdaBoost -l (trees.HoeffdingTree -e 2000000 -g 100 -c 0.01),ArffFileStream -f ./../../../Dataset/Synthetic_IM50/stream_gen_RBF.arff,1,70000.0,10.9375,8.44334459139239E-9,70000.0,0.8362775217613927,0.14182342067555043,0.776,0.5523151701202355,0.8683131526683324,1.0161290322580645,0.7749931866307708,0.7301587301587301,0.5355175069613128,70000.0,2984.0
meta.imbalanced.OnlineAdaBoost -l (trees.HoeffdingTree -e 2000000 -g 100 -c 0.01),ArffFileStream -f ./../../../Dataset/Synthetic_IM50/stream_gen_RBF.arff,1,70500.0,11.015625,8.503654195616621E-9,70500.0,0.8867567610894692,0.1945294045441308,0.81,0.6204008566953298,0.8362775217613927,0.9157088122605364,0.8107234297344263,0.8368200836820083,0.6058439265536725,70500.0,2984.0
meta.imbalanced.OnlineAdaBoost -l (trees.HoeffdingTree -e 2000000 -g 100 -c 0.01),ArffFileStream -f ./../../../Dataset/Synthetic_IM50/stream_gen_RBF.arff,1,71000.0,11.078125,8.551901878996006E-9,71000.0,0.8623709025594971,0.16151231927433768,0.798,0.595456293258139,0.8867567610894692,1.1008403361344539,0.7980145675261593,0.7977099236641222,0.5809740847868643,71000.0,2984.0
meta.imbalanced.OnlineAdaBoost -l (trees.HoeffdingTree -e 2000000 -g 100 -c 0.01),ArffFileStream -f ./../../../Dataset/Synthetic_IM50/stream_gen_RBF.arff,1,71500.0,11.15625,8.612211483220237E-9,71500.0,0.8779031612645058,0.20812759867887126,0.808,0.6157848395101259,0.8623709025594971,1.0408163265306123,0.8078050628758421,0.8156862745098039,0.6017521974993474,71500.0,2984.0
meta.imbalanced.OnlineAdaBoost -l (trees.HoeffdingTree -e 2000000 -g 100 -c 0.01),ArffFileStream -f ./../../../Dataset/Synthetic_IM50/stream_gen_RBF.arff,1,72000.0,11.203125,8.648397245754776E-9,72000.0,0.9385101274593532,0.21298512059892782,0.886,0.7704574742268041,0.8779031612645058,0.8450184501845018,0.8853262170037597,0.8777292576419214,0.7634445789382673,72000.0,2984.0
meta.imbalanced.OnlineAdaBoost -l (trees.HoeffdingTree -e 2000000 -g 100 -c 0.01),ArffFileStream -f ./../../../Dataset/Synthetic_IM50/stream_gen_RBF.arff,1,72500.0,11.265625,8.69664492913416E-9,72500.0,0.9148015828513754,0.22544250774455216,0.854,0.707241169110334,0.9385101274593532,1.0746887966804979,0.8528438520950533,0.8764478764478765,0.6971041034739311,72500.0,2984.0
meta.imbalanced.OnlineAdaBoost -l (trees.HoeffdingTree -e 2000000 -g 100 -c 0.01),ArffFileStream -f ./../../../Dataset/Synthetic_IM50/stream_gen_RBF.arff,1,73000.0,11.328125,8.744892612513546E-9,73000.0,0.9158802003081664,0.22258430345259023,0.844,0.6856055720366309,0.9148015828513754,0.8939393939393939,0.8398404139501473,0.7923728813559322,0.6763485477178423,73000.0,2984.0
meta.imbalanced.OnlineAdaBoost -l (trees.HoeffdingTree -e 2000000 -g 100 -c 0.01),ArffFileStream -f ./../../../Dataset/Synthetic_IM50/stream_gen_RBF.arff,1,73500.0,11.375,8.781078375048085E-9,73500.0,0.9520103761348897,0.23146507098598001,0.9,0.8001119373151035,0.9158802003081664,1.0576131687242798,0.9003441151627277,0.8793774319066148,0.7925076927420038,73500.0,2984.0
meta.imbalanced.OnlineAdaBoost -l (trees.HoeffdingTree -e 2000000 -g 100 -c 0.01),ArffFileStream -f ./../../../Dataset/Synthetic_IM50/stream_gen_RBF.arff,1,74000.0,11.4375,8.82932605842747E-9,74000.0,0.9314626750733984,0.2127761977882106,0.846,0.6908425143738155,0.9520103761348897,0.9011406844106464,0.8448681086033537,0.8270042194092827,0.6804979253112032,74000.0,2984.0
meta.imbalanced.OnlineAdaBoost -l (trees.HoeffdingTree -e 2000000 -g 100 -c 0.01),ArffFileStream -f ./../../../Dataset/Synthetic_IM50/stream_gen_RBF.arff,1,74500.0,11.5,8.877573741806855E-9,74500.0,0.9104618889477146,0.19371408230170878,0.84,0.6779232491102629,0.9314626750733984,0.9011406844106464,0.8365094852501925,0.7932489451476793,0.66801281158613,74500.0,2984.0
meta.imbalanced.OnlineAdaBoost -l (trees.HoeffdingTree -e 2000000 -g 100 -c 0.01),ArffFileStream -f ./../../../Dataset/Synthetic_IM50/stream_gen_RBF.arff,1,75000.0,11.578125,8.937883346031085E-9,75000.0,0.9078710837185413,0.1908437395267487,0.848,0.6944944687419603,0.9104618889477146,1.11864406779661,0.8462658543570348,0.8712121212121212,0.6846647488382386,75000.0,2984.0
meta.imbalanced.OnlineAdaBoost -l (trees.HoeffdingTree -e 2000000 -g 100 -c 0.01),ArffFileStream -f ./../../../Dataset/Synthetic_IM50/stream_gen_RBF.arff,1,75500.0,11.65625,8.998192950255316E-9,75500.0,0.8776095030737705,0.17493623794668983,0.796,0.591843267814841,0.9078710837185413,1.0491803278688525,0.7959779787299086,0.796875,0.5768216287504123,75500.0,2984.0
meta.imbalanced.OnlineAdaBoost -l (trees.HoeffdingTree -e 2000000 -g 100 -c 0.01),ArffFileStream -f ./../../../Dataset/Synthetic_IM50/stream_gen_RBF.arff,1,76000.0,11.71875,9.046440633634701E-9,76000.0,0.921716727208718,0.20336516007830296,0.846,0.6919704291611994,0.8776095030737705,0.9762845849802372,0.8460018106039434,0.8461538461538461,0.6804804804804805,76000.0,2984.0
meta.imbalanced.OnlineAdaBoost -l (trees.HoeffdingTree -e 2000000 -g 100 -c 0.01),ArffFileStream -f ./../../../Dataset/Synthetic_IM50/stream_gen_RBF.arff,1,76500.0,11.765625,9.08262639616924E-9,76500.0,0.9004624073985183,0.19067905205512675,0.832,0.6640053759139853,0.921716727208718,0.9920318725099602,0.832006656079873,0.8353413654618473,0.6514806378132117,76500.0,2984.0
meta.imbalanced.OnlineAdaBoost -l (trees.HoeffdingTree -e 2000000 -g 100 -c 0.01),ArffFileStream -f ./../../../Dataset/Synthetic_IM50/stream_gen_RBF.arff,1,77000.0,11.84375,9.14293600039347E-9,77000.0,0.8788955582232894,0.17724079856403618,0.778,0.5551458800897724,0.9004624073985183,1.0408163265306123,0.775990247584168,0.8196078431372549,0.5395059400339431,77000.0,2984.0
meta.imbalanced.OnlineAdaBoost -l (trees.HoeffdingTree -e 2000000 -g 100 -c 0.01),ArffFileStream -f ./../../../Dataset/Synthetic_IM50/stream_gen_RBF.arff,1,77500.0,11.90625,9.191183683772856E-9,77500.0,0.916048,0.23006623659394887,0.848,0.696,0.8788955582232894,1.0,0.8479150900886243,0.86,0.6848329186398052,77500.0,2984.0
meta.imbalanced.OnlineAdaBoost -l (trees.HoeffdingTree -e 2000000 -g 100 -c 0.01),ArffFileStream -f ./../../../Dataset/Synthetic_IM50/stream_gen_RBF.arff,1,78000.0,11.96875,9.23943136715224E-9,78000.0,0.895605099622013,0.20340653572640366,0.846,0.6912491178546224,0.916048,1.0661157024793388,0.8447074377505626,0.872093023255814,0.6806168572188247,78000.0,2984.0
meta.imbalanced.OnlineAdaBoost -l (trees.HoeffdingTree -e 2000000 -g 100 -c 0.01),ArffFileStream -f ./../../../Dataset/Synthetic_IM50/stream_gen_RBF.arff,1,78500.0,12.046875,9.299740971376471E-9,78500.0,0.8878272837846489,0.1805453263453624,0.806,0.6119751664106503,0.895605099622013,1.032520325203252,0.8060411427432793,0.8031496062992126,0.5977761343827586,78500.0,2984.0
meta.imbalanced.OnlineAdaBoost -l (trees.HoeffdingTree -e 2000000 -g 100 -c 0.01),ArffFileStream -f ./../../../Dataset/Synthetic_IM50/stream_gen_RBF.arff,1,79000.0,12.125,9.360050575600702E-9,79000.0,0.8856246799795187,0.2055673730255636,0.802,0.6043418486427727,0.8878272837846489,1.0161290322580645,0.8004654943721756,0.746031746031746,0.5895565468381003,79000.0,2984.0
meta.imbalanced.OnlineAdaBoost -l (trees.HoeffdingTree -e 2000000 -g 100 -c 0.01),ArffFileStream -f ./../../../Dataset/Synthetic_IM50/stream_gen_RBF.arff,1,79500.0,12.171875,9.396236338135241E-9,79500.0,0.926261381638956,0.2277236207792297,0.852,0.7042129666640019,0.8856246799795187,1.0242914979757085,0.8517232310290518,0.8181818181818182,0.6931142410015649,79500.0,2984.0
meta.imbalanced.OnlineAdaBoost -l (trees.HoeffdingTree -e 2000000 -g 100 -c 0.01),ArffFileStream -f ./../../../Dataset/Synthetic_IM50/stream_gen_RBF.arff,1,80000.0,12.234375,9.444484021514626E-9,80000.0,0.9151771413927862,0.212757753795782,0.854,0.7075882843043004,0.926261381638956,0.937984496124031,0.8535912985378061,0.8429752066115702,0.6971582659199336,80000.0,2984.0
meta.imbalanced.OnlineAdaBoost -l (trees.HoeffdingTree -e 2000000 -g 100 -c 0.01),ArffFileStream -f ./../../../Dataset/Synthetic_IM50/stream_gen_RBF.arff,1,80500.0,12.296875,9.49273170489401E-9,80500.0,0.9099237619322186,0.22908692033076467,0.848,0.6956103812880486,0.9151771413927862,1.0661157024793388,0.8476696224589931,0.8565891472868217,0.6846391752577319,80500.0,2984.0
meta.imbalanced.OnlineAdaBoost -l (trees.HoeffdingTree -e 2000000 -g 100 -c 0.01),ArffFileStream -f ./../../../Dataset/Synthetic_IM50/stream_gen_RBF.arff,1,81000.0,12.359375,9.540979388273396E-9,81000.0,0.8956463303412855,0.19565743527284268,0.81,0.6200000000000001,0.9099237619322186,0.9920318725099602,0.8100040109184419,0.8112449799196787,0.6059100686264469,81000.0,2984.0
meta.imbalanced.OnlineAdaBoost -l (trees.HoeffdingTree -e 2000000 -g 100 -c 0.01),ArffFileStream -f ./../../../Dataset/Synthetic_IM50/stream_gen_RBF.arff,1,81500.0,12.421875,9.58922707165278E-9,81500.0,0.8921924757165032,0.20317686315592254,0.83,0.6601631217015832,0.8956463303412855,1.0242914979757085,0.829941677263543,0.8063241106719368,0.6474106120371548,81500.0,2984.0
meta.imbalanced.OnlineAdaBoost -l (trees.HoeffdingTree -e 2000000 -g 100 -c 0.01),ArffFileStream -f ./../../../Dataset/Synthetic_IM50/stream_gen_RBF.arff,1,82000.0,12.484375,9.637474755032165E-9,82000.0,0.8957371794871795,0.19957194016417895,0.814,0.6274635475084119,0.8921924757165032,0.9230769230769231,0.8137638099974331,0.8083333333333333,0.6142640364188162,82000.0,2984.0
meta.imbalanced.OnlineAdaBoost -l (trees.HoeffdingTree -e 2000000 -g 100 -c 0.01),ArffFileStream -f ./../../../Dataset/Synthetic_IM50/stream_gen_RBF.arff,1,82500.0,12.5625,9.697784359256396E-9,82500.0,0.8676354624310014,0.17654897837290517,0.788,0.5740577031262557,0.8957371794871795,1.1645021645021645,0.7873376312301497,0.7955390334572491,0.5604865055033423,82500.0,2984.0
meta.imbalanced.OnlineAdaBoost -l (trees.HoeffdingTree -e 2000000 -g 100 -c 0.01),ArffFileStream -f ./../../../Dataset/Synthetic_IM50/stream_gen_RBF.arff,1,83000.0,12.640625,9.758093963480627E-9,83000.0,0.878656233998976,0.1794737893996215,0.798,0.5955988340433711,0.8676354624310014,0.9841269841269841,0.7952914429708601,0.7379032258064516,0.5813001023899309,83000.0,2984.0
meta.imbalanced.OnlineAdaBoost -l (trees.HoeffdingTree -e 2000000 -g 100 -c 0.01),ArffFileStream -f ./../../../Dataset/Synthetic_IM50/stream_gen_RBF.arff,1,83500.0,12.703125,9.806341646860012E-9,83500.0,0.8874989963869931,0.1758669581480682,0.816,0.6301358848596927,0.878656233998976,1.127659574468085,0.8142843560113392,0.8377358490566038,0.6185226567349471,83500.0,2984.0
meta.imbalanced.OnlineAdaBoost -l (trees.HoeffdingTree -e 2000000 -g 100 -c 0.01),ArffFileStream -f ./../../../Dataset/Synthetic_IM50/stream_gen_RBF.arff,1,84000.0,12.765625,9.854589330239397E-9,84000.0,0.8312436950569246,0.14612106751713838,0.762,0.5234662822361045,0.8874989963869931,1.0576131687242798,0.7615396739876689,0.77431906614786,0.5065165876777252,84000.0,2984.0
meta.imbalanced.OnlineAdaBoost -l (trees.HoeffdingTree -e 2000000 -g 100 -c 0.01),ArffFileStream -f ./../../../Dataset/Synthetic_IM50/stream_gen_RBF.arff,1,84500.0,12.84375,9.914898934463627E-9,84500.0,0.8967725409836066,0.17099589463081583,0.824,0.6482701285412802,0.8312436950569246,1.0491803278688525,0.8242277029756152,0.80078125,0.6350608559089124,84500.0,2984.0
meta.imbalanced.OnlineAdaBoost -l (trees.HoeffdingTree -e 2000000 -g 100 -c 0.01),ArffFileStream -f ./../../../Dataset/Synthetic_IM50/stream_gen_RBF.arff,1,85000.0,12.90625,9.963146617843012E-9,85000.0,0.8988647099325872,0.18613188520319568,0.82,0.6397982870407427,0.8967725409836066,1.0576131687242798,0.8199701965807368,0.8210116731517509,0.6268383697958585,85000.0,2984.0
meta.imbalanced.OnlineAdaBoost -l (trees.HoeffdingTree -e 2000000 -g 100 -c 0.01),ArffFileStream -f ./../../../Dataset/Synthetic_IM50/stream_gen_RBF.arff,1,85500.0,12.96875,1.0011394301222397E-8,85500.0,0.8925445264118033,0.19137076994037594,0.832,0.6637579056920982,0.8988647099325872,0.9762845849802372,0.831280643321584,0.805668016194332,0.6517902596300695,85500.0,2984.0
meta.imbalanced.OnlineAdaBoost -l (trees.HoeffdingTree -e 2000000 -g 100 -c 0.01),ArffFileStream -f ./../../../Dataset/Synthetic_IM50/stream_gen_RBF.arff,1,86000.0,13.03125,1.0059641984601782E-8,86000.0,0.9352007829170076,0.26997022257890213,0.872,0.743412928781051,0.8925445264118033,1.109704641350211,0.8718574459957302,0.8745247148288974,0.7346830561581104,86000.0,2984.0
meta.imbalanced.OnlineAdaBoost -l (trees.HoeffdingTree -e 2000000 -g 100 -c 0.01),ArffFileStream -f ./../../../Dataset/Synthetic_IM50/stream_gen_RBF.arff,1,86500.0,13.09375,1.0107889667981167E-8,86500.0,0.931302968647367,0.23604651601580795,0.852,0.7038720727354216,0.9352007829170076,1.0746887966804979,0.8522143186672259,0.8455598455598455,0.693196251827354,86500.0,2984.0
meta.imbalanced.OnlineAdaBoost -l (trees.HoeffdingTree -e 2000000 -g 100 -c 0.01),ArffFileStream -f ./../../../Dataset/Synthetic_IM50/stream_gen_RBF.arff,1,87000.0,13.15625,1.0156137351360552E-8,87000.0,0.9071139906344217,0.21134925802233012,0.846,0.6908723021582733,0.931302968647367,0.9083969465648855,0.844698727788456,0.8235294117647058,0.6807643737044008,87000.0,2984.0
meta.imbalanced.OnlineAdaBoost -l (trees.HoeffdingTree -e 2000000 -g 100 -c 0.01),ArffFileStream -f ./../../../Dataset/Synthetic_IM50/stream_gen_RBF.arff,1,87500.0,13.21875,1.0204385034739937E-8,87500.0,0.9201782038085435,0.21601127513030804,0.842,0.6800375854583157,0.9071139906344217,0.8656716417910447,0.8352825034232199,0.7758620689655172,0.6724011279353569,87500.0,2984.0
meta.imbalanced.OnlineAdaBoost -l (trees.HoeffdingTree -e 2000000 -g 100 -c 0.01),ArffFileStream -f ./../../../Dataset/Synthetic_IM50/stream_gen_RBF.arff,1,88000.0,13.296875,1.0264694638964167E-8,88000.0,0.8688577102953424,0.15772061356785183,0.782,0.5638325116844869,0.9201782038085435,1.0661157024793388,0.782091008987222,0.7790697674418605,0.5480907399118985,88000.0,2984.0
meta.imbalanced.OnlineAdaBoost -l (trees.HoeffdingTree -e 2000000 -g 100 -c 0.01),ArffFileStream -f ./../../../Dataset/Synthetic_IM50/stream_gen_RBF.arff,1,88500.0,13.359375,1.0312942322343552E-8,88500.0,0.8693950862787864,0.1953753906069709,0.808,0.6155571218043187,0.8688577102953424,0.9083969465648855,0.8081291230078648,0.8109243697478992,0.6020702091285919,88500.0,2984.0
meta.imbalanced.OnlineAdaBoost -l (trees.HoeffdingTree -e 2000000 -g 100 -c 0.01),ArffFileStream -f ./../../../Dataset/Synthetic_IM50/stream_gen_RBF.arff,1,89000.0,13.40625,1.0349128084878091E-8,89000.0,0.8984774831143412,0.20809105272516853,0.832,0.6629483990048952,0.8693950862787864,1.109704641350211,0.831237839585924,0.844106463878327,0.6518580609108688,89000.0,2984.0
meta.imbalanced.OnlineAdaBoost -l (trees.HoeffdingTree -e 2000000 -g 100 -c 0.01),ArffFileStream -f ./../../../Dataset/Synthetic_IM50/stream_gen_RBF.arff,1,89500.0,13.46875,1.0397375768257476E-8,89500.0,0.8973114922098926,0.1913675460771404,0.828,0.6555756692244845,0.8984774831143412,0.9455252918287937,0.8275414809686191,0.8148148148148148,0.6435831538978027,89500.0,2984.0
meta.imbalanced.OnlineAdaBoost -l (trees.HoeffdingTree -e 2000000 -g 100 -c 0.01),ArffFileStream -f ./../../../Dataset/Synthetic_IM50/stream_gen_RBF.arff,1,90000.0,13.546875,1.0457685372481707E-8,90000.0,0.9068759630200308,0.19109625330363111,0.844,0.6875801076647013,0.8973114922098926,1.11864406779661,0.8443766220207072,0.8371212121212122,0.6767881396901401,90000.0,2984.0
meta.imbalanced.OnlineAdaBoost -l (trees.HoeffdingTree -e 2000000 -g 100 -c 0.01),ArffFileStream -f ./../../../Dataset/Synthetic_IM50/stream_gen_RBF.arff,1,90500.0,13.59375,1.0493871135016246E-8,90500.0,0.9324309188947023,0.2444099278435074,0.878,0.756,0.9068759630200308,1.0080321285140563,0.8780047461587827,0.8764940239043825,0.7472240664850386,90500.0,2984.0
meta.imbalanced.OnlineAdaBoost -l (trees.HoeffdingTree -e 2000000 -g 100 -c 0.01),ArffFileStream -f ./../../../Dataset/Synthetic_IM50/stream_gen_RBF.arff,1,91000.0,13.65625,1.054211881839563E-8,91000.0,0.9175833853741333,0.20641956642272496,0.842,0.6837875052034967,0.9324309188947023,1.0576131687242798,0.8419285798017868,0.8443579766536965,0.6726544179587004,91000.0,2984.0
meta.imbalanced.OnlineAdaBoost -l (trees.HoeffdingTree -e 2000000 -g 100 -c 0.01),ArffFileStream -f ./../../../Dataset/Synthetic_IM50/stream_gen_RBF.arff,1,91500.0,13.734375,1.0602428422619861E-8,91500.0,0.8974190550954037,0.1864413279943169,0.836,0.6715743603710408,0.9175833853741333,1.0746887966804979,0.8357662728422436,0.8416988416988417,0.660220994475138,91500.0,2984.0
meta.imbalanced.OnlineAdaBoost -l (trees.HoeffdingTree -e 2000000 -g 100 -c 0.01),ArffFileStream -f ./../../../Dataset/Synthetic_IM50/stream_gen_RBF.arff,1,92000.0,13.796875,1.0650676105999246E-8,92000.0,0.8766666666666667,0.17715973926508577,0.806,0.6119379100656106,0.8974190550954037,1.0833333333333333,0.8063450301777196,0.7961538461538461,0.5980451771276716,92000.0,2984.0
meta.imbalanced.OnlineAdaBoost -l (trees.HoeffdingTree -e 2000000 -g 100 -c 0.01),ArffFileStream -f ./../../../Dataset/Synthetic_IM50/stream_gen_RBF.arff,1,92500.0,13.875,1.0710985710223477E-8,92500.0,0.8893156648101914,0.1955685169077258,0.806,0.6117763831967215,0.8766666666666667,0.968503937007874,0.8056836701219239,0.7926829268292683,0.5980783013796812,92500.0,2984.0
meta.imbalanced.OnlineAdaBoost -l (trees.HoeffdingTree -e 2000000 -g 100 -c 0.01),ArffFileStream -f ./../../../Dataset/Synthetic_IM50/stream_gen_RBF.arff,1,93000.0,13.921875,1.0747171472758016E-8,93000.0,0.9215780688238315,0.20793601839741632,0.86,0.720375814904768,0.8893156648101914,1.11864406779661,0.8612025758980497,0.8295454545454546,0.7099705960973002,93000.0,2984.0
meta.imbalanced.OnlineAdaBoost -l (trees.HoeffdingTree -e 2000000 -g 100 -c 0.01),ArffFileStream -f ./../../../Dataset/Synthetic_IM50/stream_gen_RBF.arff,1,93500.0,13.984375,1.0795419156137401E-8,93500.0,0.9271549720258421,0.2357339651560954,0.848,0.696053494584953,0.9215780688238315,1.0920502092050208,0.8485859472916373,0.8314176245210728,0.6851503134761514,93500.0,2984.0
meta.imbalanced.OnlineAdaBoost -l (trees.HoeffdingTree -e 2000000 -g 100 -c 0.01),ArffFileStream -f ./../../../Dataset/Synthetic_IM50/stream_gen_RBF.arff,1,94000.0,14.046875,1.0843666839516786E-8,94000.0,0.9379044560417503,0.2085857588536691,0.868,0.7346627000080405,0.9271549720258421,0.8867924528301887,0.8665699026774558,0.8468085106382979,0.7266298001718478,94000.0,2984.0
meta.imbalanced.OnlineAdaBoost -l (trees.HoeffdingTree -e 2000000 -g 100 -c 0.01),ArffFileStream -f ./../../../Dataset/Synthetic_IM50/stream_gen_RBF.arff,1,94500.0,14.09375,1.0879852602051325E-8,94500.0,0.8974988368548555,0.19889205350147615,0.812,0.6243906337409095,0.9379044560417503,1.109704641350211,0.8129421910666637,0.7870722433460076,0.610702077307389,94500.0,2984.0
meta.imbalanced.OnlineAdaBoost -l (trees.HoeffdingTree -e 2000000 -g 100 -c 0.01),ArffFileStream -f ./../../../Dataset/Synthetic_IM50/stream_gen_RBF.arff,1,95000.0,14.15625,1.092810028543071E-8,95000.0,0.8836301380822094,0.17344474946712063,0.828,0.656016511207462,0.8974988368548555,0.9920318725099602,0.8279969621100721,0.8353413654618473,0.6438845785023101,95000.0,2984.0
meta.imbalanced.OnlineAdaBoost -l (trees.HoeffdingTree -e 2000000 -g 100 -c 0.01),ArffFileStream -f ./../../../Dataset/Synthetic_IM50/stream_gen_RBF.arff,1,95500.0,14.21875,1.0976347968810095E-8,95500.0,0.8825678078790112,0.18232702902679543,0.818,0.6345264104870838,0.8836301380822094,0.9305019305019305,0.8151743395914097,0.7717842323651453,0.623159811807558,95500.0,2984.0
meta.imbalanced.OnlineAdaBoost -l (trees.HoeffdingTree -e 2000000 -g 100 -c 0.01),ArffFileStream -f ./../../../Dataset/Synthetic_IM50/stream_gen_RBF.arff,1,96000.0,14.28125,1.102459565218948E-8,96000.0,0.9227029888819368,0.24039551323018643,0.858,0.7152893622481714,0.8825678078790112,1.109704641350211,0.8577022830036968,0.8631178707224335,0.7060421788070901,96000.0,2984.0
meta.imbalanced.OnlineAdaBoost -l (trees.HoeffdingTree -e 2000000 -g 100 -c 0.01),ArffFileStream -f ./../../../Dataset/Synthetic_IM50/stream_gen_RBF.arff,1,96500.0,14.34375,1.1072843335568865E-8,96500.0,0.9159070154920778,0.19106753517800595,0.842,0.6830872913992297,0.9227029888819368,0.9305019305019305,0.8405448496510941,0.8132780082987552,0.6730286719135339,96500.0,2984.0
meta.imbalanced.OnlineAdaBoost -l (trees.HoeffdingTree -e 2000000 -g 100 -c 0.01),ArffFileStream -f ./../../../Dataset/Synthetic_IM50/stream_gen_RBF.arff,1,97000.0,14.40625,1.112109101894825E-8,97000.0,0.8430608974358974,0.1374762141408188,0.75,0.4963738920225624,0.9159070154920778,0.9230769230769231,0.7424837043882183,0.6666666666666666,0.48262251712146104,97000.0,2984.0
meta.imbalanced.OnlineAdaBoost -l (trees.HoeffdingTree -e 2000000 -g 100 -c 0.01),ArffFileStream -f ./../../../Dataset/Synthetic_IM50/stream_gen_RBF.arff,1,97500.0,14.46875,1.1169338702327634E-8,97500.0,0.8895844006147541,0.18179741389716442,0.816,0.6316463805253042,0.8430608974358974,1.0491803278688525,0.8156072363180861,0.828125,0.6192295447309772,97500.0,2984.0
meta.imbalanced.OnlineAdaBoost -l (trees.HoeffdingTree -e 2000000 -g 100 -c 0.01),ArffFileStream -f ./../../../Dataset/Synthetic_IM50/stream_gen_RBF.arff,1,98000.0,14.53125,1.121758638570702E-8,98000.0,0.9015064102564102,0.19015700412592113,0.826,0.6508267779739925,0.8895844006147541,0.9230769230769231,0.8243295644153682,0.7958333333333333,0.6399721301437831,98000.0,2984.0
meta.imbalanced.OnlineAdaBoost -l (trees.HoeffdingTree -e 2000000 -g 100 -c 0.01),ArffFileStream -f ./../../../Dataset/Synthetic_IM50/stream_gen_RBF.arff,1,98500.0,14.59375,1.1265834069086404E-8,98500.0,0.8939155814997755,0.1731587735942577,0.834,0.6663987138263665,0.9015064102564102,0.9083969465648855,0.8316691746189047,0.7983193277310925,0.656498813050146,98500.0,2984.0
meta.imbalanced.OnlineAdaBoost -l (trees.HoeffdingTree -e 2000000 -g 100 -c 0.01),ArffFileStream -f ./../../../Dataset/Synthetic_IM50/stream_gen_RBF.arff,1,99000.0,14.65625,1.1314081752465789E-8,99000.0,0.9253915580563972,0.23147079677710852,0.848,0.6956250100123352,0.8939155814997755,0.9157088122605364,0.8480568211623778,0.8493723849372385,0.6854515050167224,99000.0,2984.0
meta.imbalanced.OnlineAdaBoost -l (trees.HoeffdingTree -e 2000000 -g 100 -c 0.01),ArffFileStream -f ./../../../Dataset/Synthetic_IM50/stream_gen_RBF.arff,1,99500.0,14.703125,1.1350267515000328E-8,99500.0,0.9338389414230628,0.21879428257475847,0.89,0.7799225327315216,0.9253915580563972,0.9920318725099602,0.8888175515516326,0.8473895582329317,0.7723964398602562,99500.0,2984.0
meta.imbalanced.OnlineAdaBoost -l (trees.HoeffdingTree -e 2000000 -g 100 -c 0.01),ArffFileStream -f ./../../../Dataset/Synthetic_IM50/stream_gen_RBF.arff,1,100000.0,14.78125,1.1410577119224559E-8,100000.0,0.9124423963133641,0.19010695063335487,0.832,0.6638278798744957,0.9338389414230628,0.9841269841269841,0.8312473893025001,0.8024193548387096,0.652361047883127,100000.0,2984.0
