Learner,stream,randomSeed,learning evaluation instances,evaluation time (cpu seconds),model cost (RAM-Hours),classified instances,AUC,sAUC,Accuracy,Kappa,Periodical holdout AUC,Pos/Neg ratio,G-Mean,Recall,KappaM,model training instances,model serialized size (bytes)
meta.imbalanced.OnlineAdaBoost -l (trees.HoeffdingTree -e 2000000 -g 100 -c 0.01),ArffFileStream -f ./../../../Dataset/Synthetic_IM20/stream_gen_SEA.arff,1,500.0,0.203125,1.416709791455004E-10,500.0,0.5814773084582329,0.1217589775643097,0.83,0.3244532044760934,0.0,0.2315270935960591,0.5501283782674747,0.3191489361702128,0.09574468085106336,500.0,2696.0
meta.imbalanced.OnlineAdaBoost -l (trees.HoeffdingTree -e 2000000 -g 100 -c 0.01),ArffFileStream -f ./../../../Dataset/Synthetic_IM20/stream_gen_SEA.arff,1,1000.0,0.28125,1.9615981727838517E-10,1000.0,0.7668523830538394,0.2035370379493404,0.9,0.601860109568098,0.5814773084582329,0.21359223300970873,0.7295309160399414,0.5454545454545454,0.45054945054945084,1000.0,2696.0
meta.imbalanced.OnlineAdaBoost -l (trees.HoeffdingTree -e 2000000 -g 100 -c 0.01),ArffFileStream -f ./../../../Dataset/Synthetic_IM20/stream_gen_SEA.arff,1,1500.0,0.375,2.615464230378469E-10,1500.0,0.7551619327114558,0.1868642524122286,0.878,0.529204741911583,0.7668523830538394,0.2315270935960591,0.6815966138641125,0.4787234042553192,0.33695652173913065,1500.0,2696.0
meta.imbalanced.OnlineAdaBoost -l (trees.HoeffdingTree -e 2000000 -g 100 -c 0.01),ArffFileStream -f ./../../../Dataset/Synthetic_IM20/stream_gen_SEA.arff,1,2000.0,0.4375,3.051374935441547E-10,2000.0,0.7569170450879674,0.15620465480669493,0.848,0.45613281809073997,0.7551619327114558,0.2531328320802005,0.6505470729176629,0.44554455445544555,0.19363395225464178,2000.0,2696.0
meta.imbalanced.OnlineAdaBoost -l (trees.HoeffdingTree -e 2000000 -g 100 -c 0.01),ArffFileStream -f ./../../../Dataset/Synthetic_IM20/stream_gen_SEA.arff,1,2500.0,0.515625,3.5962633167703943E-10,2500.0,0.7745549057829759,0.14206388173394668,0.864,0.4880289113085378,0.7569170450879674,0.2345679012345679,0.6661206340861208,0.4631578947368421,0.27966101694915235,2500.0,2696.0
meta.imbalanced.OnlineAdaBoost -l (trees.HoeffdingTree -e 2000000 -g 100 -c 0.01),ArffFileStream -f ./../../../Dataset/Synthetic_IM20/stream_gen_SEA.arff,1,3000.0,0.578125,4.0321740218334724E-10,3000.0,0.7497857754927164,0.1439713688169738,0.842,0.48823590381426196,0.7745549057829759,0.2853470437017995,0.6827875560242523,0.4954954954954955,0.18696397941680956,3000.0,2696.0
meta.imbalanced.OnlineAdaBoost -l (trees.HoeffdingTree -e 2000000 -g 100 -c 0.01),ArffFileStream -f ./../../../Dataset/Synthetic_IM20/stream_gen_SEA.arff,1,3500.0,0.625,4.359107050630781E-10,3500.0,0.7540760869565217,0.1139826502961746,0.852,0.3951085534920219,0.7497857754927164,0.22549019607843138,0.5877995508848747,0.358695652173913,0.2325925925925924,3500.0,2696.0
meta.imbalanced.OnlineAdaBoost -l (trees.HoeffdingTree -e 2000000 -g 100 -c 0.01),ArffFileStream -f ./../../../Dataset/Synthetic_IM20/stream_gen_SEA.arff,1,4000.0,0.671875,4.686040079428089E-10,4000.0,0.7596807567248005,0.15425550048294606,0.876,0.5530049602030223,0.7540760869565217,0.2562814070351759,0.6972667384312929,0.5,0.3616473616473618,4000.0,2696.0
meta.imbalanced.OnlineAdaBoost -l (trees.HoeffdingTree -e 2000000 -g 100 -c 0.01),ArffFileStream -f ./../../../Dataset/Synthetic_IM20/stream_gen_SEA.arff,1,4500.0,0.734375,5.121950784491167E-10,4500.0,0.7766414444274843,0.15016231000435726,0.856,0.549154664996869,0.7596807567248005,0.31926121372031663,0.7034352010045096,0.512396694214876,0.2783964365256125,4500.0,2696.0
meta.imbalanced.OnlineAdaBoost -l (trees.HoeffdingTree -e 2000000 -g 100 -c 0.01),ArffFileStream -f ./../../../Dataset/Synthetic_IM20/stream_gen_SEA.arff,1,5000.0,0.78125,5.448883813288477E-10,5000.0,0.7137479372937293,0.14553735051224675,0.86,0.4968372627947094,0.7766414444274843,0.2376237623762376,0.6875843782603869,0.5,0.29577464788732377,5000.0,2696.0
meta.imbalanced.OnlineAdaBoost -l (trees.HoeffdingTree -e 2000000 -g 100 -c 0.01),ArffFileStream -f ./../../../Dataset/Synthetic_IM20/stream_gen_SEA.arff,1,5500.0,0.828125,5.775816842085786E-10,5500.0,0.7438461538461538,0.13573937715845558,0.842,0.47640509013785765,0.7137479372937293,0.28205128205128205,0.6687845148272553,0.4727272727272727,0.21286231884057966,5500.0,2696.0
meta.imbalanced.OnlineAdaBoost -l (trees.HoeffdingTree -e 2000000 -g 100 -c 0.01),ArffFileStream -f ./../../../Dataset/Synthetic_IM20/stream_gen_SEA.arff,1,6000.0,0.875,6.102749870883095E-10,6000.0,0.7517587168401934,0.13269597330705624,0.86,0.5263741914530838,0.7438461538461538,0.24069478908188585,0.7263711531015108,0.5670103092783505,0.3005828476269776,6000.0,2696.0
meta.imbalanced.OnlineAdaBoost -l (trees.HoeffdingTree -e 2000000 -g 100 -c 0.01),ArffFileStream -f ./../../../Dataset/Synthetic_IM20/stream_gen_SEA.arff,1,6500.0,0.921875,6.429682899680404E-10,6500.0,0.7504262574595055,0.12885941947326757,0.872,0.5025494341499813,0.7517587168401934,0.22549019607843138,0.670975260729864,0.4673913043478261,0.356535189481825,6500.0,2696.0
meta.imbalanced.OnlineAdaBoost -l (trees.HoeffdingTree -e 2000000 -g 100 -c 0.01),ArffFileStream -f ./../../../Dataset/Synthetic_IM20/stream_gen_SEA.arff,1,7000.0,0.96875,6.756615928477713E-10,7000.0,0.7687679597701149,0.15214198808736928,0.838,0.4986382768011883,0.7504262574595055,0.3020833333333333,0.69538968236869,0.5172413793103449,0.19517388218594733,7000.0,2696.0
meta.imbalanced.OnlineAdaBoost -l (trees.HoeffdingTree -e 2000000 -g 100 -c 0.01),ArffFileStream -f ./../../../Dataset/Synthetic_IM20/stream_gen_SEA.arff,1,7500.0,1.015625,7.083548957275022E-10,7500.0,0.7534032634032634,0.13595800951281312,0.844,0.48494453248811387,0.7687679597701149,0.28205128205128205,0.6751845124661301,0.4818181818181818,0.22975641869651076,7500.0,2696.0
meta.imbalanced.OnlineAdaBoost -l (trees.HoeffdingTree -e 2000000 -g 100 -c 0.01),ArffFileStream -f ./../../../Dataset/Synthetic_IM20/stream_gen_SEA.arff,1,8000.0,1.03125,7.192526633540792E-10,8000.0,0.8275817963214039,0.14444002978666098,0.86,0.5059149044298257,0.7534032634032634,0.24069478908188585,0.697169549887121,0.5154639175257731,0.3069306930693067,8000.0,2696.0
meta.imbalanced.OnlineAdaBoost -l (trees.HoeffdingTree -e 2000000 -g 100 -c 0.01),ArffFileStream -f ./../../../Dataset/Synthetic_IM20/stream_gen_SEA.arff,1,8500.0,1.078125,7.519459662338101E-10,8500.0,0.7752622061482821,0.14763265688690796,0.854,0.5064899945916711,0.8275817963214039,0.26582278481012656,0.6913222560600303,0.5047619047619047,0.2789076118535732,8500.0,2696.0
meta.imbalanced.OnlineAdaBoost -l (trees.HoeffdingTree -e 2000000 -g 100 -c 0.01),ArffFileStream -f ./../../../Dataset/Synthetic_IM20/stream_gen_SEA.arff,1,9000.0,1.109375,7.73741501486964E-10,9000.0,0.7887100430741328,0.15387101848325624,0.862,0.5116081540203851,0.7752622061482821,0.24688279301745636,0.6927199677188576,0.5050505050505051,0.3175824175824174,9000.0,2696.0
meta.imbalanced.OnlineAdaBoost -l (trees.HoeffdingTree -e 2000000 -g 100 -c 0.01),ArffFileStream -f ./../../../Dataset/Synthetic_IM20/stream_gen_SEA.arff,1,9500.0,1.171875,8.173325719932718E-10,9500.0,0.7708641975308642,0.1397728923872924,0.874,0.523449319213313,0.7887100430741328,0.2345679012345679,0.6837195219279373,0.4842105263157895,0.374934725848564,9500.0,2696.0
meta.imbalanced.OnlineAdaBoost -l (trees.HoeffdingTree -e 2000000 -g 100 -c 0.01),ArffFileStream -f ./../../../Dataset/Synthetic_IM20/stream_gen_SEA.arff,1,10000.0,1.21875,8.500258748730027E-10,10000.0,0.707917998871544,0.1313662218985875,0.862,0.4709887144259077,0.7708641975308642,0.22249388753056235,0.6625476161113406,0.46153846153846156,0.3120638085742771,10000.0,2696.0
meta.imbalanced.OnlineAdaBoost -l (trees.HoeffdingTree -e 2000000 -g 100 -c 0.01),ArffFileStream -f ./../../../Dataset/Synthetic_IM20/stream_gen_SEA.arff,1,10500.0,1.25,8.718214101261566E-10,10500.0,0.7822817314746882,0.16490344503036652,0.9,0.6368390470656595,0.707917998871544,0.2315270935960591,0.7661375692205526,0.6063829787234043,0.5,10500.0,2696.0
meta.imbalanced.OnlineAdaBoost -l (trees.HoeffdingTree -e 2000000 -g 100 -c 0.01),ArffFileStream -f ./../../../Dataset/Synthetic_IM20/stream_gen_SEA.arff,1,11000.0,1.296875,9.045147130058875E-10,11000.0,0.7807899931036123,0.14984820554877104,0.88,0.5966549248433676,0.7822817314746882,0.272264631043257,0.7363414687834785,0.5607476635514018,0.40190303579519704,11000.0,2696.0
meta.imbalanced.OnlineAdaBoost -l (trees.HoeffdingTree -e 2000000 -g 100 -c 0.01),ArffFileStream -f ./../../../Dataset/Synthetic_IM20/stream_gen_SEA.arff,1,11500.0,1.328125,9.263102482590414E-10,11500.0,0.7516817359855335,0.15752110752596216,0.862,0.5511319281811086,0.7807899931036123,0.26582278481012656,0.7326041637606857,0.5714285714285714,0.3135813148788926,11500.0,2696.0
meta.imbalanced.OnlineAdaBoost -l (trees.HoeffdingTree -e 2000000 -g 100 -c 0.01),ArffFileStream -f ./../../../Dataset/Synthetic_IM20/stream_gen_SEA.arff,1,12000.0,1.359375,9.481057835121954E-10,12000.0,0.7832410644910645,0.15783198558162376,0.876,0.601009060955519,0.7516817359855335,0.26262626262626265,0.7672675510859918,0.625,0.38410596026490074,12000.0,2696.0
meta.imbalanced.OnlineAdaBoost -l (trees.HoeffdingTree -e 2000000 -g 100 -c 0.01),ArffFileStream -f ./../../../Dataset/Synthetic_IM20/stream_gen_SEA.arff,1,12500.0,1.40625,9.807990863919263E-10,12500.0,0.765609756097561,0.14338353063207943,0.882,0.5516717325227966,0.7832410644910645,0.21951219512195122,0.7149961623639123,0.5333333333333333,0.4114126097366321,12500.0,2696.0
meta.imbalanced.OnlineAdaBoost -l (trees.HoeffdingTree -e 2000000 -g 100 -c 0.01),ArffFileStream -f ./../../../Dataset/Synthetic_IM20/stream_gen_SEA.arff,1,13000.0,1.4375,1.0025946216450803E-9,13000.0,0.8017842073538276,0.14676682269520852,0.88,0.595959595959596,0.765609756097561,0.26582278481012656,0.7414369509677797,0.5714285714285714,0.4025277671390274,13000.0,2696.0
meta.imbalanced.OnlineAdaBoost -l (trees.HoeffdingTree -e 2000000 -g 100 -c 0.01),ArffFileStream -f ./../../../Dataset/Synthetic_IM20/stream_gen_SEA.arff,1,13500.0,1.46875,1.0243901568982343E-9,13500.0,0.7081246712858156,0.12101961593214972,0.804,0.4023078236686105,0.8017842073538276,0.29198966408268734,0.6555288315408193,0.4778761061946903,0.02863436123348015,13500.0,2696.0
meta.imbalanced.OnlineAdaBoost -l (trees.HoeffdingTree -e 2000000 -g 100 -c 0.01),ArffFileStream -f ./../../../Dataset/Synthetic_IM20/stream_gen_SEA.arff,1,14000.0,1.5,1.0461856921513883E-9,14000.0,0.7361740068983317,0.12060622132401005,0.836,0.4737247452057607,0.7081246712858156,0.27877237851662406,0.6844362916865933,0.5045871559633027,0.18955171196611367,14000.0,2696.0
meta.imbalanced.OnlineAdaBoost -l (trees.HoeffdingTree -e 2000000 -g 100 -c 0.01),ArffFileStream -f ./../../../Dataset/Synthetic_IM20/stream_gen_SEA.arff,1,14500.0,1.546875,1.0788789950311192E-9,14500.0,0.7955600247524752,0.13631503224719577,0.872,0.5518709388303832,0.7361740068983317,0.2376237623762376,0.7292933647587835,0.5625,0.36633663366336616,14500.0,2696.0
meta.imbalanced.OnlineAdaBoost -l (trees.HoeffdingTree -e 2000000 -g 100 -c 0.01),ArffFileStream -f ./../../../Dataset/Synthetic_IM20/stream_gen_SEA.arff,1,15000.0,1.578125,1.1006745302842732E-9,15000.0,0.7426894455507809,0.13217711411961264,0.878,0.5466706302021401,0.7955600247524752,0.2315270935960591,0.7076253780888119,0.5212765957446809,0.39464108501488593,15000.0,2696.0
meta.imbalanced.OnlineAdaBoost -l (trees.HoeffdingTree -e 2000000 -g 100 -c 0.01),ArffFileStream -f ./../../../Dataset/Synthetic_IM20/stream_gen_SEA.arff,1,15500.0,1.609375,1.1224700655374272E-9,15500.0,0.7764862285246795,0.14994230260714136,0.868,0.5810055865921789,0.7426894455507809,0.29533678756476683,0.7335754201234954,0.5614035087719298,0.3477845074912336,15500.0,2696.0
meta.imbalanced.OnlineAdaBoost -l (trees.HoeffdingTree -e 2000000 -g 100 -c 0.01),ArffFileStream -f ./../../../Dataset/Synthetic_IM20/stream_gen_SEA.arff,1,16000.0,1.640625,1.1442656007905812E-9,16000.0,0.8101463512934834,0.1647995063334261,0.88,0.5910466479456911,0.7764862285246795,0.24688279301745636,0.7524864951201249,0.5959595959595959,0.4066749072929544,16000.0,2696.0
meta.imbalanced.OnlineAdaBoost -l (trees.HoeffdingTree -e 2000000 -g 100 -c 0.01),ArffFileStream -f ./../../../Dataset/Synthetic_IM20/stream_gen_SEA.arff,1,16500.0,1.671875,1.1660611360437352E-9,16500.0,0.7957269411151642,0.14389937131134722,0.872,0.557117945027265,0.8101463512934834,0.2531328320802005,0.7211019962768563,0.5445544554455446,0.3670961941863949,16500.0,2696.0
meta.imbalanced.OnlineAdaBoost -l (trees.HoeffdingTree -e 2000000 -g 100 -c 0.01),ArffFileStream -f ./../../../Dataset/Synthetic_IM20/stream_gen_SEA.arff,1,17000.0,1.71875,1.1987544389234662E-9,17000.0,0.7380332018164223,0.13470801900673296,0.85,0.47006952687807346,0.7957269411151642,0.2531328320802005,0.6639688334379613,0.46534653465346537,0.25828970331588125,17000.0,2696.0
meta.imbalanced.OnlineAdaBoost -l (trees.HoeffdingTree -e 2000000 -g 100 -c 0.01),ArffFileStream -f ./../../../Dataset/Synthetic_IM20/stream_gen_SEA.arff,1,17500.0,1.75,1.2205499741766202E-9,17500.0,0.7293453156799524,0.1370965602428606,0.852,0.5265272694699665,0.7380332018164223,0.29198966408268734,0.7036623812870965,0.5221238938053098,0.27062799211489713,17500.0,2696.0
meta.imbalanced.OnlineAdaBoost -l (trees.HoeffdingTree -e 2000000 -g 100 -c 0.01),ArffFileStream -f ./../../../Dataset/Synthetic_IM20/stream_gen_SEA.arff,1,18000.0,1.78125,1.2423455094297742E-9,18000.0,0.7587930265843873,0.14260324935189994,0.874,0.5912276148455748,0.7293453156799524,0.27877237851662406,0.7435401901442804,0.5779816513761468,0.3803278688524591,18000.0,2696.0
meta.imbalanced.OnlineAdaBoost -l (trees.HoeffdingTree -e 2000000 -g 100 -c 0.01),ArffFileStream -f ./../../../Dataset/Synthetic_IM20/stream_gen_SEA.arff,1,18500.0,1.8125,1.2641410446829282E-9,18500.0,0.8425980404696733,0.17523096125482102,0.878,0.567572165825441,0.7587930265843873,0.24069478908188585,0.7292708498729965,0.5567010309278351,0.39925472451423993,18500.0,2696.0
meta.imbalanced.OnlineAdaBoost -l (trees.HoeffdingTree -e 2000000 -g 100 -c 0.01),ArffFileStream -f ./../../../Dataset/Synthetic_IM20/stream_gen_SEA.arff,1,19000.0,1.859375,1.296834347562659E-9,19000.0,0.760409978359611,0.1416635031560271,0.854,0.5035364526659412,0.8425980404696733,0.272264631043257,0.6809718221261327,0.48598130841121495,0.28209109730848836,19000.0,2696.0
meta.imbalanced.OnlineAdaBoost -l (trees.HoeffdingTree -e 2000000 -g 100 -c 0.01),ArffFileStream -f ./../../../Dataset/Synthetic_IM20/stream_gen_SEA.arff,1,19500.0,1.890625,1.318629882815813E-9,19500.0,0.780663011473246,0.16636610010752678,0.886,0.6063970831952271,0.760409978359611,0.24378109452736318,0.7583427752996815,0.6020408163265306,0.43891973750631,19500.0,2696.0
meta.imbalanced.OnlineAdaBoost -l (trees.HoeffdingTree -e 2000000 -g 100 -c 0.01),ArffFileStream -f ./../../../Dataset/Synthetic_IM20/stream_gen_SEA.arff,1,20000.0,1.921875,1.340425418068967E-9,20000.0,0.728812358276644,0.12265325196326976,0.842,0.4632860481547909,0.780663011473246,0.2755102040816326,0.6561673228343176,0.4537037037037037,0.2235872235872235,20000.0,2696.0
meta.imbalanced.OnlineAdaBoost -l (trees.HoeffdingTree -e 2000000 -g 100 -c 0.01),ArffFileStream -f ./../../../Dataset/Synthetic_IM20/stream_gen_SEA.arff,1,20500.0,1.953125,1.362220953322121E-9,20500.0,0.804122583996282,0.15279256098859562,0.888,0.5762327087810638,0.728812358276644,0.21654501216545013,0.7338667291628097,0.5617977528089888,0.4479442173599422,20500.0,2696.0
meta.imbalanced.OnlineAdaBoost -l (trees.HoeffdingTree -e 2000000 -g 100 -c 0.01),ArffFileStream -f ./../../../Dataset/Synthetic_IM20/stream_gen_SEA.arff,1,21000.0,1.984375,1.384016488575275E-9,21000.0,0.7683182640144666,0.16787985161587232,0.886,0.6176549503622217,0.804122583996282,0.26582278481012656,0.7546839871323602,0.5904761904761905,0.43855534709193245,21000.0,2696.0
meta.imbalanced.OnlineAdaBoost -l (trees.HoeffdingTree -e 2000000 -g 100 -c 0.01),ArffFileStream -f ./../../../Dataset/Synthetic_IM20/stream_gen_SEA.arff,1,21500.0,2.015625,1.405812023828429E-9,21500.0,0.7595660036166365,0.15766952030275883,0.886,0.6176549503622217,0.7683182640144666,0.26582278481012656,0.7546839871323602,0.5904761904761905,0.4390020599679562,21500.0,2696.0
meta.imbalanced.OnlineAdaBoost -l (trees.HoeffdingTree -e 2000000 -g 100 -c 0.01),ArffFileStream -f ./../../../Dataset/Synthetic_IM20/stream_gen_SEA.arff,1,22000.0,2.046875,1.4276075590815831E-9,22000.0,0.7606774668630338,0.14350708714999216,0.86,0.5485502012176247,0.7595660036166365,0.28865979381443296,0.7147458017500299,0.5357142857142857,0.3126534255746485,22000.0,2696.0
meta.imbalanced.OnlineAdaBoost -l (trees.HoeffdingTree -e 2000000 -g 100 -c 0.01),ArffFileStream -f ./../../../Dataset/Synthetic_IM20/stream_gen_SEA.arff,1,22500.0,2.078125,1.4494030943347371E-9,22500.0,0.715386227858715,0.12661047879681447,0.856,0.4673925908391526,0.7606774668630338,0.2315270935960591,0.6653727442537181,0.46808510638297873,0.2918032786885246,22500.0,2696.0
meta.imbalanced.OnlineAdaBoost -l (trees.HoeffdingTree -e 2000000 -g 100 -c 0.01),ArffFileStream -f ./../../../Dataset/Synthetic_IM20/stream_gen_SEA.arff,1,23000.0,2.109375,1.4711986295878911E-9,23000.0,0.8059416421207658,0.16800523825229924,0.898,0.6768388503066863,0.715386227858715,0.28865979381443296,0.7903365178754437,0.6428571428571429,0.499466609771709,23000.0,2696.0
meta.imbalanced.OnlineAdaBoost -l (trees.HoeffdingTree -e 2000000 -g 100 -c 0.01),ArffFileStream -f ./../../../Dataset/Synthetic_IM20/stream_gen_SEA.arff,1,23500.0,2.140625,1.4929941648410451E-9,23500.0,0.7329151867805235,0.13831022413727767,0.854,0.5003832676303108,0.8059416421207658,0.24688279301745636,0.7008539446951523,0.5252525252525253,0.2831174258253239,23500.0,2696.0
meta.imbalanced.OnlineAdaBoost -l (trees.HoeffdingTree -e 2000000 -g 100 -c 0.01),ArffFileStream -f ./../../../Dataset/Synthetic_IM20/stream_gen_SEA.arff,1,24000.0,2.171875,1.5147897000941991E-9,24000.0,0.777296235992721,0.1586860506017072,0.87,0.5742060580651922,0.7329151867805235,0.26903553299492383,0.7390939972612847,0.5754716981132075,0.3622240392477513,24000.0,2696.0
meta.imbalanced.OnlineAdaBoost -l (trees.HoeffdingTree -e 2000000 -g 100 -c 0.01),ArffFileStream -f ./../../../Dataset/Synthetic_IM20/stream_gen_SEA.arff,1,24500.0,2.1875,1.525687467720776E-9,24500.0,0.7986,0.1659559232759607,0.878,0.5895020188425303,0.777296235992721,0.25,0.7539893898457724,0.6,0.40124198717948734,24500.0,2696.0
meta.imbalanced.OnlineAdaBoost -l (trees.HoeffdingTree -e 2000000 -g 100 -c 0.01),ArffFileStream -f ./../../../Dataset/Synthetic_IM20/stream_gen_SEA.arff,1,25000.0,2.21875,1.54748300297393E-9,25000.0,0.808414707655214,0.16118183941724895,0.864,0.5658281190141745,0.7986,0.26582278481012656,0.7486697062883766,0.6,0.33294094565430626,25000.0,2696.0
meta.imbalanced.OnlineAdaBoost -l (trees.HoeffdingTree -e 2000000 -g 100 -c 0.01),ArffFileStream -f ./../../../Dataset/Synthetic_IM20/stream_gen_SEA.arff,1,25500.0,2.25,1.569278538227084E-9,25500.0,0.7685217351027119,0.15582768238054157,0.862,0.5715350223546944,0.808414707655214,0.2853470437017995,0.7469337957176388,0.5945945945945946,0.32430875576036866,25500.0,2696.0
meta.imbalanced.OnlineAdaBoost -l (trees.HoeffdingTree -e 2000000 -g 100 -c 0.01),ArffFileStream -f ./../../../Dataset/Synthetic_IM20/stream_gen_SEA.arff,1,26000.0,2.265625,1.580176305853661E-9,26000.0,0.7742156564118184,0.144684322635115,0.882,0.59931544061719,0.7685217351027119,0.24378109452736318,0.7617492734020034,0.6122448979591837,0.4217866566151526,26000.0,2696.0
meta.imbalanced.OnlineAdaBoost -l (trees.HoeffdingTree -e 2000000 -g 100 -c 0.01),ArffFileStream -f ./../../../Dataset/Synthetic_IM20/stream_gen_SEA.arff,1,26500.0,2.296875,1.601971841106815E-9,26500.0,0.7842626367899947,0.1495317065163016,0.864,0.5444679653795654,0.7742156564118184,0.2531328320802005,0.728292649884324,0.5643564356435643,0.3334566302940632,26500.0,2696.0
meta.imbalanced.OnlineAdaBoost -l (trees.HoeffdingTree -e 2000000 -g 100 -c 0.01),ArffFileStream -f ./../../../Dataset/Synthetic_IM20/stream_gen_SEA.arff,1,27000.0,2.328125,1.623767376359969E-9,27000.0,0.7331573565432451,0.13849910245237146,0.868,0.5727491649188223,0.7842626367899947,0.272264631043257,0.7405922289221272,0.5794392523364486,0.35364526659412393,27000.0,2696.0
meta.imbalanced.OnlineAdaBoost -l (trees.HoeffdingTree -e 2000000 -g 100 -c 0.01),ArffFileStream -f ./../../../Dataset/Synthetic_IM20/stream_gen_SEA.arff,1,27500.0,2.359375,1.645562911613123E-9,27500.0,0.815513460674751,0.1476759917661708,0.892,0.6310971444186366,0.7331573565432451,0.2285012285012285,0.7930905553545755,0.6666666666666666,0.4703049759229536,27500.0,2696.0
meta.imbalanced.OnlineAdaBoost -l (trees.HoeffdingTree -e 2000000 -g 100 -c 0.01),ArffFileStream -f ./../../../Dataset/Synthetic_IM20/stream_gen_SEA.arff,1,28000.0,2.390625,1.667358446866277E-9,28000.0,0.7060301507537688,0.12735034953106883,0.874,0.5589717741935485,0.815513460674751,0.2562814070351759,0.7137640086232367,0.5294117647058824,0.38202837624802927,28000.0,2696.0
meta.imbalanced.OnlineAdaBoost -l (trees.HoeffdingTree -e 2000000 -g 100 -c 0.01),ArffFileStream -f ./../../../Dataset/Synthetic_IM20/stream_gen_SEA.arff,1,28500.0,2.421875,1.689153982119431E-9,28500.0,0.77115,0.12342021979972617,0.866,0.5221112696148357,0.7060301507537688,0.25,0.6919176251549024,0.5,0.34257187123429167,28500.0,2696.0
meta.imbalanced.OnlineAdaBoost -l (trees.HoeffdingTree -e 2000000 -g 100 -c 0.01),ArffFileStream -f ./../../../Dataset/Synthetic_IM20/stream_gen_SEA.arff,1,29000.0,2.453125,1.710949517372585E-9,29000.0,0.7910840108401084,0.16134026837712034,0.914,0.6700429711479436,0.77115,0.21951219512195122,0.7740716968536692,0.6111111111111112,0.5772164773690458,29000.0,2696.0
meta.imbalanced.OnlineAdaBoost -l (trees.HoeffdingTree -e 2000000 -g 100 -c 0.01),ArffFileStream -f ./../../../Dataset/Synthetic_IM20/stream_gen_SEA.arff,1,29500.0,2.484375,1.732745052625739E-9,29500.0,0.7754393474590379,0.14187633696057284,0.87,0.5776588002910905,0.7910840108401084,0.272264631043257,0.7415869805174684,0.5794392523364486,0.36147186147186156,29500.0,2696.0
meta.imbalanced.OnlineAdaBoost -l (trees.HoeffdingTree -e 2000000 -g 100 -c 0.01),ArffFileStream -f ./../../../Dataset/Synthetic_IM20/stream_gen_SEA.arff,1,30000.0,2.515625,1.754540587878893E-9,30000.0,0.7894405400639815,0.14152479299927256,0.87,0.5476561630108006,0.7754393474590379,0.24688279301745636,0.7198957077039202,0.5454545454545454,0.3611793611793612,30000.0,2696.0
meta.imbalanced.OnlineAdaBoost -l (trees.HoeffdingTree -e 2000000 -g 100 -c 0.01),ArffFileStream -f ./../../../Dataset/Synthetic_IM20/stream_gen_SEA.arff,1,30500.0,2.546875,1.776336123132047E-9,30500.0,0.7523447200866555,0.12733229284665343,0.878,0.5376546204220229,0.7894405400639815,0.2285012285012285,0.6976751968495565,0.5053763440860215,0.39964504678928675,30500.0,2696.0
meta.imbalanced.OnlineAdaBoost -l (trees.HoeffdingTree -e 2000000 -g 100 -c 0.01),ArffFileStream -f ./../../../Dataset/Synthetic_IM20/stream_gen_SEA.arff,1,31000.0,2.5625,1.7872338907586239E-9,31000.0,0.773739411999343,0.13813988954519574,0.88,0.6121124356753123,0.7523447200866555,0.27877237851662406,0.7562592236312818,0.5963302752293578,0.410179166006025,31000.0,2696.0
meta.imbalanced.OnlineAdaBoost -l (trees.HoeffdingTree -e 2000000 -g 100 -c 0.01),ArffFileStream -f ./../../../Dataset/Synthetic_IM20/stream_gen_SEA.arff,1,31500.0,2.59375,1.8090294260117779E-9,31500.0,0.8076010726072608,0.1463564929017122,0.892,0.6251249583472177,0.773739411999343,0.2376237623762376,0.7727570545433634,0.625,0.4686865531781978,31500.0,2696.0
meta.imbalanced.OnlineAdaBoost -l (trees.HoeffdingTree -e 2000000 -g 100 -c 0.01),ArffFileStream -f ./../../../Dataset/Synthetic_IM20/stream_gen_SEA.arff,1,32000.0,2.609375,1.8199271936383548E-9,32000.0,0.7480830789845901,0.128468003971276,0.866,0.526595444011079,0.8076010726072608,0.2531328320802005,0.6952958460656641,0.504950495049505,0.34071340713407144,32000.0,2696.0
meta.imbalanced.OnlineAdaBoost -l (trees.HoeffdingTree -e 2000000 -g 100 -c 0.01),ArffFileStream -f ./../../../Dataset/Synthetic_IM20/stream_gen_SEA.arff,1,32500.0,2.640625,1.8417227288915088E-9,32500.0,0.7729573744833826,0.13648456723353664,0.85,0.5040207385461853,0.7480830789845901,0.2594458438287154,0.7054534164320267,0.5339805825242718,0.2621462085666715,32500.0,2696.0
meta.imbalanced.OnlineAdaBoost -l (trees.HoeffdingTree -e 2000000 -g 100 -c 0.01),ArffFileStream -f ./../../../Dataset/Synthetic_IM20/stream_gen_SEA.arff,1,33000.0,2.671875,1.863518264144663E-9,33000.0,0.8022137334315169,0.15240521297155663,0.88,0.6157786885245903,0.7729573744833826,0.28865979381443296,0.7536728917028767,0.5892857142857143,0.4106265813365083,33000.0,2696.0
meta.imbalanced.OnlineAdaBoost -l (trees.HoeffdingTree -e 2000000 -g 100 -c 0.01),ArffFileStream -f ./../../../Dataset/Synthetic_IM20/stream_gen_SEA.arff,1,33500.0,2.703125,1.8853137993978166E-9,33500.0,0.7312931567210296,0.13089112052646118,0.868,0.501284570046849,0.8022137334315169,0.22249388753056235,0.6858019369542235,0.4945054945054945,0.35066079295154173,33500.0,2696.0
meta.imbalanced.OnlineAdaBoost -l (trees.HoeffdingTree -e 2000000 -g 100 -c 0.01),ArffFileStream -f ./../../../Dataset/Synthetic_IM20/stream_gen_SEA.arff,1,34000.0,2.734375,1.9071093346509704E-9,34000.0,0.7225133633791008,0.14170865466111943,0.876,0.5370923426113965,0.7312931567210296,0.2315270935960591,0.7003674900428335,0.5106382978723404,0.3893395133256083,34000.0,2696.0
meta.imbalanced.OnlineAdaBoost -l (trees.HoeffdingTree -e 2000000 -g 100 -c 0.01),ArffFileStream -f ./../../../Dataset/Synthetic_IM20/stream_gen_SEA.arff,1,34500.0,2.765625,1.928904869904124E-9,34500.0,0.7914346122112211,0.1495124009947985,0.88,0.5687176538240367,0.7225133633791008,0.2376237623762376,0.727222183352788,0.5520833333333334,0.40857142857142864,34500.0,2696.0
meta.imbalanced.OnlineAdaBoost -l (trees.HoeffdingTree -e 2000000 -g 100 -c 0.01),ArffFileStream -f ./../../../Dataset/Synthetic_IM20/stream_gen_SEA.arff,1,35000.0,2.796875,1.950700405157278E-9,35000.0,0.7752622061482821,0.14113562135063507,0.868,0.5412206311691922,0.7914346122112211,0.26582278481012656,0.6977618572287073,0.5047619047619047,0.34975369458128064,35000.0,2696.0
meta.imbalanced.OnlineAdaBoost -l (trees.HoeffdingTree -e 2000000 -g 100 -c 0.01),ArffFileStream -f ./../../../Dataset/Synthetic_IM20/stream_gen_SEA.arff,1,35500.0,2.828125,1.9724959404104318E-9,35500.0,0.7561226916065625,0.14503166175874177,0.886,0.563820018365473,0.7752622061482821,0.2285012285012285,0.7077509933962679,0.5161290322580645,0.4377604890247292,35500.0,2696.0
meta.imbalanced.OnlineAdaBoost -l (trees.HoeffdingTree -e 2000000 -g 100 -c 0.01),ArffFileStream -f ./../../../Dataset/Synthetic_IM20/stream_gen_SEA.arff,1,36000.0,2.859375,1.9942914756635856E-9,36000.0,0.7407380037442113,0.13674828846508874,0.86,0.4995996797437948,0.7561226916065625,0.2562814070351759,0.6720640708163872,0.47058823529411764,0.30958904109589014,36000.0,2696.0
meta.imbalanced.OnlineAdaBoost -l (trees.HoeffdingTree -e 2000000 -g 100 -c 0.01),ArffFileStream -f ./../../../Dataset/Synthetic_IM20/stream_gen_SEA.arff,1,36500.0,2.875,2.0051892432901627E-9,36500.0,0.7687311035525322,0.14337218148884995,0.866,0.555112881806109,0.7407380037442113,0.2755102040816326,0.7167615820709701,0.5370370370370371,0.33976781857451405,36500.0,2696.0
meta.imbalanced.OnlineAdaBoost -l (trees.HoeffdingTree -e 2000000 -g 100 -c 0.01),ArffFileStream -f ./../../../Dataset/Synthetic_IM20/stream_gen_SEA.arff,1,37000.0,2.90625,2.0269847785433165E-9,37000.0,0.7448717948717949,0.13333506632760356,0.85,0.5101880877742945,0.7687311035525322,0.28205128205128205,0.6940304904529206,0.509090909090909,0.26177174780526713,37000.0,2696.0
meta.imbalanced.OnlineAdaBoost -l (trees.HoeffdingTree -e 2000000 -g 100 -c 0.01),ArffFileStream -f ./../../../Dataset/Synthetic_IM20/stream_gen_SEA.arff,1,37500.0,2.9375,2.0487803137964703E-9,37500.0,0.7473072562358276,0.13205408125539703,0.848,0.4972480948348857,0.7448717948717949,0.2755102040816326,0.686978002202548,0.5,0.2525570416994491,37500.0,2696.0
meta.imbalanced.OnlineAdaBoost -l (trees.HoeffdingTree -e 2000000 -g 100 -c 0.01),ArffFileStream -f ./../../../Dataset/Synthetic_IM20/stream_gen_SEA.arff,1,38000.0,2.96875,2.070575849049624E-9,38000.0,0.6951219512195121,0.1148098642030213,0.854,0.4128812250675588,0.7473072562358276,0.19617224880382775,0.6408325486953533,0.43902439024390244,0.2802283341982357,38000.0,2696.0
meta.imbalanced.OnlineAdaBoost -l (trees.HoeffdingTree -e 2000000 -g 100 -c 0.01),ArffFileStream -f ./../../../Dataset/Synthetic_IM20/stream_gen_SEA.arff,1,38500.0,3.0,2.092371384302778E-9,38500.0,0.8079710144927537,0.1371492275248966,0.894,0.5962335446123844,0.6951219512195121,0.20772946859903382,0.7531531291815468,0.5930232558139535,0.4763920964844753,38500.0,2696.0
meta.imbalanced.OnlineAdaBoost -l (trees.HoeffdingTree -e 2000000 -g 100 -c 0.01),ArffFileStream -f ./../../../Dataset/Synthetic_IM20/stream_gen_SEA.arff,1,39000.0,3.03125,2.1141669195559317E-9,39000.0,0.73260149609764,0.12976823936359067,0.846,0.49757268883436856,0.8079710144927537,0.2853470437017995,0.684650554182776,0.4954954954954955,0.24022770398481974,39000.0,2696.0
meta.imbalanced.OnlineAdaBoost -l (trees.HoeffdingTree -e 2000000 -g 100 -c 0.01),ArffFileStream -f ./../../../Dataset/Synthetic_IM20/stream_gen_SEA.arff,1,39500.0,3.046875,2.1250646871825088E-9,39500.0,0.7536564695590366,0.13276845407860322,0.874,0.5209271200876021,0.73260149609764,0.21654501216545013,0.701215294781945,0.5168539325842697,0.3774080560420315,39500.0,2696.0
meta.imbalanced.OnlineAdaBoost -l (trees.HoeffdingTree -e 2000000 -g 100 -c 0.01),ArffFileStream -f ./../../../Dataset/Synthetic_IM20/stream_gen_SEA.arff,1,40000.0,3.078125,2.1468602224356626E-9,40000.0,0.7174968910579789,0.12081589688218036,0.854,0.5045876540528801,0.7536564695590366,0.27877237851662406,0.6764188130603046,0.47706422018348627,0.279279279279279,40000.0,2696.0
meta.imbalanced.OnlineAdaBoost -l (trees.HoeffdingTree -e 2000000 -g 100 -c 0.01),ArffFileStream -f ./../../../Dataset/Synthetic_IM20/stream_gen_SEA.arff,1,40500.0,3.109375,2.1686557576888164E-9,40500.0,0.7607016769638129,0.123134740923865,0.87,0.5102176140816205,0.7174968910579789,0.21359223300970873,0.7025282171213632,0.5227272727272727,0.357221340495666,40500.0,2696.0
meta.imbalanced.OnlineAdaBoost -l (trees.HoeffdingTree -e 2000000 -g 100 -c 0.01),ArffFileStream -f ./../../../Dataset/Synthetic_IM20/stream_gen_SEA.arff,1,41000.0,3.140625,2.19045129294197E-9,41000.0,0.7508766501650165,0.11390850307996953,0.866,0.4984128885428519,0.7607016769638129,0.2376237623762376,0.6709587495251526,0.46875,0.3370339085314346,41000.0,2696.0
meta.imbalanced.OnlineAdaBoost -l (trees.HoeffdingTree -e 2000000 -g 100 -c 0.01),ArffFileStream -f ./../../../Dataset/Synthetic_IM20/stream_gen_SEA.arff,1,41500.0,3.15625,2.2013490605685473E-9,41500.0,0.799390175042349,0.14006017590746972,0.87,0.6026894865525673,0.7508766501650165,0.2987012987012987,0.7596545917811787,0.6086956521739131,0.35789097833849065,41500.0,2696.0
meta.imbalanced.OnlineAdaBoost -l (trees.HoeffdingTree -e 2000000 -g 100 -c 0.01),ArffFileStream -f ./../../../Dataset/Synthetic_IM20/stream_gen_SEA.arff,1,42000.0,3.1875,2.223144595821701E-9,42000.0,0.7225734732161467,0.10598510149500373,0.83,0.44131875065727194,0.799390175042349,0.2853470437017995,0.6501224215630931,0.45045045045045046,0.16128274403852916,42000.0,2696.0
meta.imbalanced.OnlineAdaBoost -l (trees.HoeffdingTree -e 2000000 -g 100 -c 0.01),ArffFileStream -f ./../../../Dataset/Synthetic_IM20/stream_gen_SEA.arff,1,42500.0,3.21875,2.244940131074855E-9,42500.0,0.6886392748053995,0.09768435553533716,0.848,0.45670822372183434,0.7225734732161467,0.2562814070351759,0.6481630059590118,0.4411764705882353,0.2501450957632036,42500.0,2696.0
meta.imbalanced.OnlineAdaBoost -l (trees.HoeffdingTree -e 2000000 -g 100 -c 0.01),ArffFileStream -f ./../../../Dataset/Synthetic_IM20/stream_gen_SEA.arff,1,43000.0,3.25,2.2667356663280087E-9,43000.0,0.8083170890188434,0.14182106075577272,0.882,0.5884486607142857,0.6886392748053995,0.2345679012345679,0.7542472332656507,0.6,0.4174512055109072,43000.0,2696.0
meta.imbalanced.OnlineAdaBoost -l (trees.HoeffdingTree -e 2000000 -g 100 -c 0.01),ArffFileStream -f ./../../../Dataset/Synthetic_IM20/stream_gen_SEA.arff,1,43500.0,3.28125,2.2885312015811625E-9,43500.0,0.7478102664067576,0.11912164901484579,0.87,0.5173745173745172,0.8083170890188434,0.2345679012345679,0.6884548717681781,0.49473684210526314,0.3577512776831347,43500.0,2696.0
meta.imbalanced.OnlineAdaBoost -l (trees.HoeffdingTree -e 2000000 -g 100 -c 0.01),ArffFileStream -f ./../../../Dataset/Synthetic_IM20/stream_gen_SEA.arff,1,44000.0,3.296875,2.2994289692077396E-9,44000.0,0.7112948424002409,0.1136233995322603,0.852,0.5153896529142108,0.7478102664067576,0.2853470437017995,0.6927213698994268,0.5045045045045045,0.269627635711081,44000.0,2696.0
meta.imbalanced.OnlineAdaBoost -l (trees.HoeffdingTree -e 2000000 -g 100 -c 0.01),ArffFileStream -f ./../../../Dataset/Synthetic_IM20/stream_gen_SEA.arff,1,44500.0,3.328125,2.3212245044608934E-9,44500.0,0.7739505854196486,0.11955943486103776,0.852,0.5180911198520408,0.7112948424002409,0.27877237851662406,0.7025042941177995,0.5229357798165137,0.2702493074792243,44500.0,2696.0
meta.imbalanced.OnlineAdaBoost -l (trees.HoeffdingTree -e 2000000 -g 100 -c 0.01),ArffFileStream -f ./../../../Dataset/Synthetic_IM20/stream_gen_SEA.arff,1,45000.0,3.359375,2.343020039714047E-9,45000.0,0.7641958041958042,0.117973259212874,0.852,0.5287824758023433,0.7739505854196486,0.28205128205128205,0.7154635643330217,0.5454545454545454,0.27093596059113273,45000.0,2696.0
meta.imbalanced.OnlineAdaBoost -l (trees.HoeffdingTree -e 2000000 -g 100 -c 0.01),ArffFileStream -f ./../../../Dataset/Synthetic_IM20/stream_gen_SEA.arff,1,45500.0,3.390625,2.364815574967201E-9,45500.0,0.7627621875299301,0.12284552001268667,0.866,0.5509383378016085,0.7641958041958042,0.26903553299492383,0.7163583158330438,0.5377358490566038,0.340222919597446,45500.0,2696.0
meta.imbalanced.OnlineAdaBoost -l (trees.HoeffdingTree -e 2000000 -g 100 -c 0.01),ArffFileStream -f ./../../../Dataset/Synthetic_IM20/stream_gen_SEA.arff,1,46000.0,3.421875,2.3866111102203548E-9,46000.0,0.8046802186453059,0.13390842031409345,0.874,0.5826266694933221,0.7627621875299301,0.24688279301745636,0.7600970663777942,0.6161616161616161,0.3794432548179871,46000.0,2696.0
meta.imbalanced.OnlineAdaBoost -l (trees.HoeffdingTree -e 2000000 -g 100 -c 0.01),ArffFileStream -f ./../../../Dataset/Synthetic_IM20/stream_gen_SEA.arff,1,46500.0,3.4375,2.397508877846932E-9,46500.0,0.7815279778646727,0.13260486476126676,0.858,0.5504508155202107,0.8046802186453059,0.29198966408268734,0.7213302953453182,0.5486725663716814,0.3014915899714376,46500.0,2696.0
meta.imbalanced.OnlineAdaBoost -l (trees.HoeffdingTree -e 2000000 -g 100 -c 0.01),ArffFileStream -f ./../../../Dataset/Synthetic_IM20/stream_gen_SEA.arff,1,47000.0,3.46875,2.4193044131000857E-9,47000.0,0.7626280892103677,0.12093216456287975,0.872,0.5621836092488713,0.7815279778646727,0.26582278481012656,0.7162961460013388,0.5333333333333333,0.3705796191671898,47000.0,2696.0
meta.imbalanced.OnlineAdaBoost -l (trees.HoeffdingTree -e 2000000 -g 100 -c 0.01),ArffFileStream -f ./../../../Dataset/Synthetic_IM20/stream_gen_SEA.arff,1,47500.0,3.5,2.4410999483532395E-9,47500.0,0.7555330861700933,0.11870521162527148,0.876,0.5054243777919593,0.7626280892103677,0.20772946859903382,0.6834753278366199,0.4883720930232558,0.3892575694732477,47500.0,2696.0
meta.imbalanced.OnlineAdaBoost -l (trees.HoeffdingTree -e 2000000 -g 100 -c 0.01),ArffFileStream -f ./../../../Dataset/Synthetic_IM20/stream_gen_SEA.arff,1,48000.0,3.515625,2.4519977159798166E-9,48000.0,0.8055710955710955,0.14880999693379937,0.872,0.5981918633852337,0.7555330861700933,0.28205128205128205,0.7591401097911414,0.6090909090909091,0.3701045724830838,48000.0,2696.0
meta.imbalanced.OnlineAdaBoost -l (trees.HoeffdingTree -e 2000000 -g 100 -c 0.01),ArffFileStream -f ./../../../Dataset/Synthetic_IM20/stream_gen_SEA.arff,1,48500.0,3.546875,2.4737932512329704E-9,48500.0,0.773728570060339,0.1303217577787112,0.862,0.530279925933994,0.8055710955710955,0.26903553299492383,0.6981785653183664,0.5094339622641509,0.3211967545638944,48500.0,2696.0
meta.imbalanced.OnlineAdaBoost -l (trees.HoeffdingTree -e 2000000 -g 100 -c 0.01),ArffFileStream -f ./../../../Dataset/Synthetic_IM20/stream_gen_SEA.arff,1,49000.0,3.578125,2.495588786486124E-9,49000.0,0.7377942779692979,0.12815545585481847,0.89,0.5475485357025338,0.773728570060339,0.19331742243436753,0.7136704804541216,0.5308641975308642,0.457801026053717,49000.0,2696.0
meta.imbalanced.OnlineAdaBoost -l (trees.HoeffdingTree -e 2000000 -g 100 -c 0.01),ArffFileStream -f ./../../../Dataset/Synthetic_IM20/stream_gen_SEA.arff,1,49500.0,3.609375,2.517384321739278E-9,49500.0,0.7634827810266407,0.13534077888892498,0.902,0.6258399511301163,0.7377942779692979,0.2345679012345679,0.734342739638147,0.5473684210526316,0.51664009565564,49500.0,2696.0
meta.imbalanced.OnlineAdaBoost -l (trees.HoeffdingTree -e 2000000 -g 100 -c 0.01),ArffFileStream -f ./../../../Dataset/Synthetic_IM20/stream_gen_SEA.arff,1,50000.0,3.640625,2.5391798569924318E-9,50000.0,0.7888848129126926,0.13889252257406776,0.89,0.595016493873704,0.7634827810266407,0.2315270935960591,0.737826118253953,0.5638297872340425,0.45705824284304053,50000.0,2696.0
meta.imbalanced.OnlineAdaBoost -l (trees.HoeffdingTree -e 2000000 -g 100 -c 0.01),ArffFileStream -f ./../../../Dataset/Synthetic_IM20/stream_gen_SEA.arff,1,50500.0,3.671875,2.5609753922455856E-9,50500.0,0.7734498834498834,0.126095700304988,0.848,0.5018353434714209,0.7888848129126926,0.28205128205128205,0.6878058760122097,0.5,0.2503906249999997,50500.0,2696.0
meta.imbalanced.OnlineAdaBoost -l (trees.HoeffdingTree -e 2000000 -g 100 -c 0.01),ArffFileStream -f ./../../../Dataset/Synthetic_IM20/stream_gen_SEA.arff,1,51000.0,3.6875,2.5718731598721627E-9,51000.0,0.7761895805905585,0.13384654746722152,0.884,0.5617349251926855,0.7734498834498834,0.22249388753056235,0.7193031547264849,0.5384615384615384,0.42735456393379145,51000.0,2696.0
meta.imbalanced.OnlineAdaBoost -l (trees.HoeffdingTree -e 2000000 -g 100 -c 0.01),ArffFileStream -f ./../../../Dataset/Synthetic_IM20/stream_gen_SEA.arff,1,51500.0,3.71875,2.5936686951253165E-9,51500.0,0.7857818935304801,0.12894726072216767,0.88,0.5652299933335264,0.7761895805905585,0.24069478908188585,0.7184212081070996,0.5360824742268041,0.4073647871116225,51500.0,2696.0
meta.imbalanced.OnlineAdaBoost -l (trees.HoeffdingTree -e 2000000 -g 100 -c 0.01),ArffFileStream -f ./../../../Dataset/Synthetic_IM20/stream_gen_SEA.arff,1,52000.0,3.75,2.6154642303784703E-9,52000.0,0.7769101771302799,0.13267673506989153,0.884,0.5669573527655,0.7857818935304801,0.2315270935960591,0.7166400775380035,0.5319148936170213,0.42672495723246534,52000.0,2696.0
meta.imbalanced.OnlineAdaBoost -l (trees.HoeffdingTree -e 2000000 -g 100 -c 0.01),ArffFileStream -f ./../../../Dataset/Synthetic_IM20/stream_gen_SEA.arff,1,52500.0,3.765625,2.6263619980050474E-9,52500.0,0.7555678846001427,0.14155595944668498,0.892,0.5926495881234726,0.7769101771302799,0.2285012285012285,0.72953302560216,0.5483870967741935,0.46585021196420157,52500.0,2696.0
meta.imbalanced.OnlineAdaBoost -l (trees.HoeffdingTree -e 2000000 -g 100 -c 0.01),ArffFileStream -f ./../../../Dataset/Synthetic_IM20/stream_gen_SEA.arff,1,53000.0,3.796875,2.648157533258201E-9,53000.0,0.806712866327127,0.13923296391014656,0.894,0.5882791622646203,0.7555678846001427,0.2106537530266344,0.7367241797623867,0.5632183908045977,0.4750513922631284,53000.0,2696.0
meta.imbalanced.OnlineAdaBoost -l (trees.HoeffdingTree -e 2000000 -g 100 -c 0.01),ArffFileStream -f ./../../../Dataset/Synthetic_IM20/stream_gen_SEA.arff,1,53500.0,3.828125,2.669953068511355E-9,53500.0,0.6982906660326015,0.11621592473040471,0.85,0.43690311730434245,0.806712866327127,0.2285012285012285,0.6449393293383369,0.44086021505376344,0.25660027790643797,53500.0,2696.0
meta.imbalanced.OnlineAdaBoost -l (trees.HoeffdingTree -e 2000000 -g 100 -c 0.01),ArffFileStream -f ./../../../Dataset/Synthetic_IM20/stream_gen_SEA.arff,1,54000.0,3.859375,2.691748603764509E-9,54000.0,0.7809945597200579,0.12347890905391268,0.876,0.5308290704361778,0.6982906660326015,0.21654501216545013,0.7087962209895657,0.5280898876404494,0.3847850055126793,54000.0,2696.0
meta.imbalanced.OnlineAdaBoost -l (trees.HoeffdingTree -e 2000000 -g 100 -c 0.01),ArffFileStream -f ./../../../Dataset/Synthetic_IM20/stream_gen_SEA.arff,1,54500.0,3.890625,2.7135441390176626E-9,54500.0,0.7948366147584094,0.13368139887813252,0.864,0.561844377432408,0.7809945597200579,0.29198966408268734,0.7193780264351928,0.5398230088495575,0.32599799945439645,54500.0,2696.0
meta.imbalanced.OnlineAdaBoost -l (trees.HoeffdingTree -e 2000000 -g 100 -c 0.01),ArffFileStream -f ./../../../Dataset/Synthetic_IM20/stream_gen_SEA.arff,1,55000.0,3.90625,2.7244419066442397E-9,55000.0,0.756445569368967,0.11873098356289347,0.854,0.4969125592678353,0.7948366147584094,0.2531328320802005,0.6898137959109744,0.504950495049505,0.27644620652369783,55000.0,2696.0
meta.imbalanced.OnlineAdaBoost -l (trees.HoeffdingTree -e 2000000 -g 100 -c 0.01),ArffFileStream -f ./../../../Dataset/Synthetic_IM20/stream_gen_SEA.arff,1,55500.0,3.9375,2.7462374418973935E-9,55500.0,0.8144651982772088,0.14551560761524684,0.898,0.6886750988914393,0.756445569368967,0.30548302872062666,0.799511131341972,0.6581196581196581,0.4952296032099868,55500.0,2696.0
meta.imbalanced.OnlineAdaBoost -l (trees.HoeffdingTree -e 2000000 -g 100 -c 0.01),ArffFileStream -f ./../../../Dataset/Synthetic_IM20/stream_gen_SEA.arff,1,56000.0,3.96875,2.7680329771505473E-9,56000.0,0.7617708261873728,0.13633530100168995,0.86,0.5489574473568906,0.8144651982772088,0.29198966408268734,0.712494937633134,0.5309734513274337,0.30790960451977395,56000.0,2696.0
meta.imbalanced.OnlineAdaBoost -l (trees.HoeffdingTree -e 2000000 -g 100 -c 0.01),ArffFileStream -f ./../../../Dataset/Synthetic_IM20/stream_gen_SEA.arff,1,56500.0,4.0,2.789828512403701E-9,56500.0,0.8000206270627063,0.14714017551244957,0.892,0.6083778138779299,0.7617708261873728,0.2376237623762376,0.7446349638399591,0.5729166666666666,0.4658613445378153,56500.0,2696.0
meta.imbalanced.OnlineAdaBoost -l (trees.HoeffdingTree -e 2000000 -g 100 -c 0.01),ArffFileStream -f ./../../../Dataset/Synthetic_IM20/stream_gen_SEA.arff,1,57000.0,4.015625,2.800726280030278E-9,57000.0,0.8040252903095796,0.14513953835932586,0.89,0.6140025826736287,0.8000206270627063,0.24688279301745636,0.7519339533116088,0.5858585858585859,0.45587086696172874,57000.0,2696.0
meta.imbalanced.OnlineAdaBoost -l (trees.HoeffdingTree -e 2000000 -g 100 -c 0.01),ArffFileStream -f ./../../../Dataset/Synthetic_IM20/stream_gen_SEA.arff,1,57500.0,4.046875,2.822521815283432E-9,57500.0,0.7278911564625851,0.12097737918429319,0.85,0.49046143812163695,0.8040252903095796,0.2755102040816326,0.6712216837624023,0.4722222222222222,0.2584472530306938,57500.0,2696.0
meta.imbalanced.OnlineAdaBoost -l (trees.HoeffdingTree -e 2000000 -g 100 -c 0.01),ArffFileStream -f ./../../../Dataset/Synthetic_IM20/stream_gen_SEA.arff,1,58000.0,4.09375,2.855215118163163E-9,58000.0,0.7328795379537953,0.12389362375414548,0.872,0.5274102079395082,0.7278911564625851,0.2376237623762376,0.6929632167741518,0.5,0.36693101389954813,58000.0,2696.0
meta.imbalanced.OnlineAdaBoost -l (trees.HoeffdingTree -e 2000000 -g 100 -c 0.01),ArffFileStream -f ./../../../Dataset/Synthetic_IM20/stream_gen_SEA.arff,1,58500.0,4.125,2.8770106534163167E-9,58500.0,0.804025,0.13794460726257696,0.876,0.5706371191135735,0.7328795379537953,0.25,0.7313002119512889,0.56,0.38665764775513656,58500.0,2696.0
meta.imbalanced.OnlineAdaBoost -l (trees.HoeffdingTree -e 2000000 -g 100 -c 0.01),ArffFileStream -f ./../../../Dataset/Synthetic_IM20/stream_gen_SEA.arff,1,59000.0,4.15625,2.8988061886694705E-9,59000.0,0.8010711747385522,0.1427834723509777,0.88,0.5941997619305269,0.804025,0.24378109452736318,0.7607489456252142,0.6122448979591837,0.4062893081761005,59000.0,2696.0
meta.imbalanced.OnlineAdaBoost -l (trees.HoeffdingTree -e 2000000 -g 100 -c 0.01),ArffFileStream -f ./../../../Dataset/Synthetic_IM20/stream_gen_SEA.arff,1,59500.0,4.1875,2.9206017239226243E-9,59500.0,0.7545733167321138,0.12089416946740728,0.86,0.5019920318725097,0.8010711747385522,0.26903553299492383,0.662599733083951,0.4528301886792453,0.307621976560552,59500.0,2696.0
meta.imbalanced.OnlineAdaBoost -l (trees.HoeffdingTree -e 2000000 -g 100 -c 0.01),ArffFileStream -f ./../../../Dataset/Synthetic_IM20/stream_gen_SEA.arff,1,60000.0,4.21875,2.942397259175778E-9,60000.0,0.7988331202046036,0.1377612057316988,0.886,0.5911047345767578,0.7545733167321138,0.22549019607843138,0.754003240454254,0.5978260869565217,0.43578322197475866,60000.0,2696.0
meta.imbalanced.OnlineAdaBoost -l (trees.HoeffdingTree -e 2000000 -g 100 -c 0.01),ArffFileStream -f ./../../../Dataset/Synthetic_IM20/stream_gen_SEA.arff,1,60500.0,4.234375,2.953295026802355E-9,60500.0,0.7456367602945186,0.11833112676540014,0.834,0.46756645796982427,0.7988331202046036,0.29533678756476683,0.6674275269132098,0.47368421052631576,0.17929231020675,60500.0,2696.0
meta.imbalanced.OnlineAdaBoost -l (trees.HoeffdingTree -e 2000000 -g 100 -c 0.01),ArffFileStream -f ./../../../Dataset/Synthetic_IM20/stream_gen_SEA.arff,1,61000.0,4.265625,2.975090562055509E-9,61000.0,0.7506295787545788,0.1368031682685678,0.898,0.6030757736131003,0.7456367602945186,0.20192307692307693,0.7555881560337361,0.5952380952380952,0.49500852203554907,61000.0,2696.0
meta.imbalanced.OnlineAdaBoost -l (trees.HoeffdingTree -e 2000000 -g 100 -c 0.01),ArffFileStream -f ./../../../Dataset/Synthetic_IM20/stream_gen_SEA.arff,1,61500.0,4.296875,2.996886097308663E-9,61500.0,0.7473358908780904,0.12291779669299902,0.882,0.5608289168105759,0.7506295787545788,0.22549019607843138,0.7216878364870323,0.5434782608695652,0.41537098203496337,61500.0,2696.0
meta.imbalanced.OnlineAdaBoost -l (trees.HoeffdingTree -e 2000000 -g 100 -c 0.01),ArffFileStream -f ./../../../Dataset/Synthetic_IM20/stream_gen_SEA.arff,1,62000.0,4.328125,3.0186816325618166E-9,62000.0,0.7940134001051885,0.1465978597316671,0.866,0.5815847322142286,0.7473358908780904,0.29198966408268734,0.7442353520059454,0.584070796460177,0.3367395816701259,62000.0,2696.0
meta.imbalanced.OnlineAdaBoost -l (trees.HoeffdingTree -e 2000000 -g 100 -c 0.01),ArffFileStream -f ./../../../Dataset/Synthetic_IM20/stream_gen_SEA.arff,1,62500.0,4.34375,3.0295794001883937E-9,62500.0,0.8048233182161754,0.13994695072635321,0.892,0.6373307543520309,0.7940134001051885,0.2755102040816326,0.754944021892005,0.5833333333333334,0.46572740224790254,62500.0,2696.0
meta.imbalanced.OnlineAdaBoost -l (trees.HoeffdingTree -e 2000000 -g 100 -c 0.01),ArffFileStream -f ./../../../Dataset/Synthetic_IM20/stream_gen_SEA.arff,1,63000.0,4.375,3.0513749354415475E-9,63000.0,0.758830311288125,0.13654599612651463,0.884,0.5709551426204286,0.8048233182161754,0.2315270935960591,0.7228472334029348,0.5425531914893617,0.42583280955373976,63000.0,2696.0
meta.imbalanced.OnlineAdaBoost -l (trees.HoeffdingTree -e 2000000 -g 100 -c 0.01),ArffFileStream -f ./../../../Dataset/Synthetic_IM20/stream_gen_SEA.arff,1,63500.0,4.390625,3.0622727030681246E-9,63500.0,0.7625406378462614,0.12689630631892862,0.878,0.5368401870861934,0.758830311288125,0.22249388753056235,0.703573724963155,0.5164835164835165,0.3956626881972074,63500.0,2696.0
meta.imbalanced.OnlineAdaBoost -l (trees.HoeffdingTree -e 2000000 -g 100 -c 0.01),ArffFileStream -f ./../../../Dataset/Synthetic_IM20/stream_gen_SEA.arff,1,64000.0,4.421875,3.0840682383212784E-9,64000.0,0.8116810539582887,0.14755260559395317,0.878,0.6036490279654849,0.7625406378462614,0.272264631043257,0.7554704067144352,0.5981308411214953,0.39594615503636094,64000.0,2696.0
meta.imbalanced.OnlineAdaBoost -l (trees.HoeffdingTree -e 2000000 -g 100 -c 0.01),ArffFileStream -f ./../../../Dataset/Synthetic_IM20/stream_gen_SEA.arff,1,64500.0,4.453125,3.105863773574432E-9,64500.0,0.7774232149980056,0.13751766008552063,0.874,0.578899524089621,0.8116810539582887,0.27877237851662406,0.7233862975734493,0.5412844036697247,0.376524741081703,64500.0,2696.0
meta.imbalanced.OnlineAdaBoost -l (trees.HoeffdingTree -e 2000000 -g 100 -c 0.01),ArffFileStream -f ./../../../Dataset/Synthetic_IM20/stream_gen_SEA.arff,1,65000.0,4.46875,3.1167615412010093E-9,65000.0,0.7985636856368564,0.1604928137788848,0.92,0.6915484268969774,0.7774232149980056,0.21951219512195122,0.7830175803679708,0.6222222222222222,0.6038095238095239,65000.0,2696.0
meta.imbalanced.OnlineAdaBoost -l (trees.HoeffdingTree -e 2000000 -g 100 -c 0.01),ArffFileStream -f ./../../../Dataset/Synthetic_IM20/stream_gen_SEA.arff,1,65500.0,4.5,3.138557076454163E-9,65500.0,0.760675,0.14358836909036227,0.88,0.5738636363636364,0.7985636856368564,0.25,0.7218725649309579,0.54,0.40567107750472603,65500.0,2696.0
meta.imbalanced.OnlineAdaBoost -l (trees.HoeffdingTree -e 2000000 -g 100 -c 0.01),ArffFileStream -f ./../../../Dataset/Synthetic_IM20/stream_gen_SEA.arff,1,66000.0,4.53125,3.160352611707317E-9,66000.0,0.7923248626373627,0.15738714766172518,0.902,0.6146586977036806,0.760675,0.20192307692307693,0.7574794935509365,0.5952380952380952,0.5140130738597942,66000.0,2696.0
meta.imbalanced.OnlineAdaBoost -l (trees.HoeffdingTree -e 2000000 -g 100 -c 0.01),ArffFileStream -f ./../../../Dataset/Synthetic_IM20/stream_gen_SEA.arff,1,66500.0,4.546875,3.171250379333894E-9,66500.0,0.7688487040385774,0.13983372355133328,0.868,0.5623922556690094,0.7923248626373627,0.26582278481012656,0.7303792767352231,0.5619047619047619,0.3456090651558074,66500.0,2696.0
meta.imbalanced.OnlineAdaBoost -l (trees.HoeffdingTree -e 2000000 -g 100 -c 0.01),ArffFileStream -f ./../../../Dataset/Synthetic_IM20/stream_gen_SEA.arff,1,67000.0,4.578125,3.193045914587048E-9,67000.0,0.8218116097120164,0.14693372691330764,0.888,0.6320340631324416,0.7688487040385774,0.272264631043257,0.7653994032285554,0.6074766355140186,0.4450114636491384,67000.0,2696.0
meta.imbalanced.OnlineAdaBoost -l (trees.HoeffdingTree -e 2000000 -g 100 -c 0.01),ArffFileStream -f ./../../../Dataset/Synthetic_IM20/stream_gen_SEA.arff,1,67500.0,4.609375,3.2148414498402016E-9,67500.0,0.8007425742574258,0.15066791397780005,0.896,0.6194824961948249,0.8218116097120164,0.2376237623762376,0.7465369719545372,0.5729166666666666,0.4844679444811633,67500.0,2696.0
meta.imbalanced.OnlineAdaBoost -l (trees.HoeffdingTree -e 2000000 -g 100 -c 0.01),ArffFileStream -f ./../../../Dataset/Synthetic_IM20/stream_gen_SEA.arff,1,68000.0,4.640625,3.2366369850933554E-9,68000.0,0.8261072261072261,0.1503543749567154,0.888,0.6382428940568475,0.8007425742574258,0.28205128205128205,0.767325145416126,0.6090909090909091,0.4451810300866906,68000.0,2696.0
meta.imbalanced.OnlineAdaBoost -l (trees.HoeffdingTree -e 2000000 -g 100 -c 0.01),ArffFileStream -f ./../../../Dataset/Synthetic_IM20/stream_gen_SEA.arff,1,68500.0,4.65625,3.2475347527199325E-9,68500.0,0.7822997416020672,0.14336610472282285,0.902,0.6111604875571357,0.8261072261072261,0.20772946859903382,0.7438094134559396,0.5697674418604651,0.5140085426771883,68500.0,2696.0
meta.imbalanced.OnlineAdaBoost -l (trees.HoeffdingTree -e 2000000 -g 100 -c 0.01),ArffFileStream -f ./../../../Dataset/Synthetic_IM20/stream_gen_SEA.arff,1,69000.0,4.6875,3.2693302879730863E-9,69000.0,0.7346043945216277,0.13549877365744056,0.862,0.528688524590164,0.7822997416020672,0.2562814070351759,0.7081510983723204,0.5294117647058824,0.3157024793388429,69000.0,2696.0
meta.imbalanced.OnlineAdaBoost -l (trees.HoeffdingTree -e 2000000 -g 100 -c 0.01),ArffFileStream -f ./../../../Dataset/Synthetic_IM20/stream_gen_SEA.arff,1,69500.0,4.71875,3.29112582322624E-9,69500.0,0.7744916301539153,0.13378265726182587,0.896,0.5763264241950206,0.7346043945216277,0.20772946859903382,0.7136896256067378,0.5232558139534884,0.4837511606313835,69500.0,2696.0
meta.imbalanced.OnlineAdaBoost -l (trees.HoeffdingTree -e 2000000 -g 100 -c 0.01),ArffFileStream -f ./../../../Dataset/Synthetic_IM20/stream_gen_SEA.arff,1,70000.0,4.75,3.312921358479394E-9,70000.0,0.7366932181939998,0.11951388968660276,0.858,0.5025224215246636,0.7744916301539153,0.2531328320802005,0.6857368251918183,0.49504950495049505,0.2951354417813077,70000.0,2696.0
meta.imbalanced.OnlineAdaBoost -l (trees.HoeffdingTree -e 2000000 -g 100 -c 0.01),ArffFileStream -f ./../../../Dataset/Synthetic_IM20/stream_gen_SEA.arff,1,70500.0,4.78125,3.3347168937325477E-9,70500.0,0.7634539012151911,0.14049140397693605,0.866,0.5513232615450551,0.7366932181939998,0.272264631043257,0.7139095412804046,0.5327102803738317,0.33513970019002043,70500.0,2696.0
meta.imbalanced.OnlineAdaBoost -l (trees.HoeffdingTree -e 2000000 -g 100 -c 0.01),ArffFileStream -f ./../../../Dataset/Synthetic_IM20/stream_gen_SEA.arff,1,71000.0,4.8125,3.3565124289857015E-9,71000.0,0.7206549971767363,0.11696326336959412,0.844,0.5018520883893216,0.7634539012151911,0.2987012987012987,0.6854954478582945,0.4956521739130435,0.22675230382574707,71000.0,2696.0
meta.imbalanced.OnlineAdaBoost -l (trees.HoeffdingTree -e 2000000 -g 100 -c 0.01),ArffFileStream -f ./../../../Dataset/Synthetic_IM20/stream_gen_SEA.arff,1,71500.0,4.84375,3.3783079642388553E-9,71500.0,0.7806607811009758,0.1357599681852778,0.862,0.55410225921522,0.7206549971767363,0.2594458438287154,0.7429368734726541,0.5922330097087378,0.3160740278644207,71500.0,2696.0
meta.imbalanced.OnlineAdaBoost -l (trees.HoeffdingTree -e 2000000 -g 100 -c 0.01),ArffFileStream -f ./../../../Dataset/Synthetic_IM20/stream_gen_SEA.arff,1,72000.0,4.875,3.400103499492009E-9,72000.0,0.7849806099989519,0.15497196097855837,0.898,0.6209869203329369,0.7806607811009758,0.2315270935960591,0.7475986081177909,0.574468085106383,0.4942497073204325,72000.0,2696.0
meta.imbalanced.OnlineAdaBoost -l (trees.HoeffdingTree -e 2000000 -g 100 -c 0.01),ArffFileStream -f ./../../../Dataset/Synthetic_IM20/stream_gen_SEA.arff,1,72500.0,4.90625,3.421899034745163E-9,72500.0,0.7903490152878906,0.14999046870098703,0.896,0.607072691552063,0.7849806099989519,0.22249388753056235,0.7438183952414366,0.5714285714285714,0.4839857651245551,72500.0,2696.0
meta.imbalanced.OnlineAdaBoost -l (trees.HoeffdingTree -e 2000000 -g 100 -c 0.01),ArffFileStream -f ./../../../Dataset/Synthetic_IM20/stream_gen_SEA.arff,1,73000.0,4.921875,3.43279680237174E-9,73000.0,0.8437242161716172,0.15068903647892312,0.898,0.6284748528469026,0.7903490152878906,0.2376237623762376,0.753293100359684,0.5833333333333334,0.49374490073429445,73000.0,2696.0
meta.imbalanced.OnlineAdaBoost -l (trees.HoeffdingTree -e 2000000 -g 100 -c 0.01),ArffFileStream -f ./../../../Dataset/Synthetic_IM20/stream_gen_SEA.arff,1,73500.0,4.953125,3.454592337624894E-9,73500.0,0.7626215785593684,0.14590914821124007,0.876,0.5832100890048131,0.8437242161716172,0.272264631043257,0.7292181117343857,0.5514018691588785,0.3848126898413771,73500.0,2696.0
meta.imbalanced.OnlineAdaBoost -l (trees.HoeffdingTree -e 2000000 -g 100 -c 0.01),ArffFileStream -f ./../../../Dataset/Synthetic_IM20/stream_gen_SEA.arff,1,74000.0,4.984375,3.4763878728780476E-9,74000.0,0.8098776223776224,0.14214963569655076,0.89,0.6278755074424899,0.7626215785593684,0.26262626262626265,0.7593307178582591,0.5961538461538461,0.4543870232589317,74000.0,2696.0
meta.imbalanced.OnlineAdaBoost -l (trees.HoeffdingTree -e 2000000 -g 100 -c 0.01),ArffFileStream -f ./../../../Dataset/Synthetic_IM20/stream_gen_SEA.arff,1,74500.0,5.0,3.4872856405046247E-9,74500.0,0.767525,0.13511672548291775,0.882,0.5897079276773296,0.8098776223776224,0.25,0.7397296803562771,0.57,0.41467474532259135,74500.0,2696.0
meta.imbalanced.OnlineAdaBoost -l (trees.HoeffdingTree -e 2000000 -g 100 -c 0.01),ArffFileStream -f ./../../../Dataset/Synthetic_IM20/stream_gen_SEA.arff,1,75000.0,5.03125,3.5090811757577785E-9,75000.0,0.8134941313680241,0.1533734575906096,0.89,0.6178220023347601,0.767525,0.2531328320802005,0.7517484190212047,0.5841584158415841,0.4543650793650794,75000.0,2696.0
meta.imbalanced.OnlineAdaBoost -l (trees.HoeffdingTree -e 2000000 -g 100 -c 0.01),ArffFileStream -f ./../../../Dataset/Synthetic_IM20/stream_gen_SEA.arff,1,75500.0,5.0625,3.5308767110109323E-9,75500.0,0.7285769980506822,0.10943446599860968,0.87,0.49408468244084675,0.8134941313680241,0.2345679012345679,0.6549853799537944,0.4421052631578947,0.354912914886625,75500.0,2696.0
meta.imbalanced.OnlineAdaBoost -l (trees.HoeffdingTree -e 2000000 -g 100 -c 0.01),ArffFileStream -f ./../../../Dataset/Synthetic_IM20/stream_gen_SEA.arff,1,76000.0,5.09375,3.552672246264086E-9,76000.0,0.7469785575048733,0.1144479467882707,0.884,0.5713229859571323,0.7285769980506822,0.2345679012345679,0.7199198569214934,0.5368421052631579,0.4241672109732201,76000.0,2696.0
meta.imbalanced.OnlineAdaBoost -l (trees.HoeffdingTree -e 2000000 -g 100 -c 0.01),ArffFileStream -f ./../../../Dataset/Synthetic_IM20/stream_gen_SEA.arff,1,76500.0,5.109375,3.5635700138906632E-9,76500.0,0.780494142101285,0.12426965494126802,0.866,0.5517315206337311,0.7469785575048733,0.2755102040816326,0.7115025141659017,0.5277777777777778,0.335127772733169,76500.0,2696.0
meta.imbalanced.OnlineAdaBoost -l (trees.HoeffdingTree -e 2000000 -g 100 -c 0.01),ArffFileStream -f ./../../../Dataset/Synthetic_IM20/stream_gen_SEA.arff,1,77000.0,5.140625,3.585365549143817E-9,77000.0,0.7776623376623376,0.12231440392456427,0.854,0.538558786346397,0.780494142101285,0.2987012987012987,0.7101108939093851,0.5304347826086957,0.27625056331680936,77000.0,2696.0
meta.imbalanced.OnlineAdaBoost -l (trees.HoeffdingTree -e 2000000 -g 100 -c 0.01),ArffFileStream -f ./../../../Dataset/Synthetic_IM20/stream_gen_SEA.arff,1,77500.0,5.171875,3.607161084396971E-9,77500.0,0.7642907909432429,0.14144763274586314,0.894,0.6212987309934836,0.7776623376623376,0.24378109452736318,0.751179395559495,0.5816326530612245,0.47444181434329213,77500.0,2696.0
meta.imbalanced.OnlineAdaBoost -l (trees.HoeffdingTree -e 2000000 -g 100 -c 0.01),ArffFileStream -f ./../../../Dataset/Synthetic_IM20/stream_gen_SEA.arff,1,78000.0,5.203125,3.6289566196501246E-9,78000.0,0.7751995270469997,0.130764947469156,0.86,0.519916602655547,0.7642907909432429,0.2562814070351759,0.7015635031138447,0.5196078431372549,0.30591749825208153,78000.0,2696.0
meta.imbalanced.OnlineAdaBoost -l (trees.HoeffdingTree -e 2000000 -g 100 -c 0.01),ArffFileStream -f ./../../../Dataset/Synthetic_IM20/stream_gen_SEA.arff,1,78500.0,5.234375,3.6507521549032784E-9,78500.0,0.783399209486166,0.1394918211066336,0.858,0.5512010113780025,0.7751995270469997,0.2987012987012987,0.7168851627234534,0.5391304347826087,0.2966304896516909,78500.0,2696.0
meta.imbalanced.OnlineAdaBoost -l (trees.HoeffdingTree -e 2000000 -g 100 -c 0.01),ArffFileStream -f ./../../../Dataset/Synthetic_IM20/stream_gen_SEA.arff,1,79000.0,5.265625,3.6725476901564322E-9,79000.0,0.7630303030303031,0.12422026752756066,0.848,0.5125705489994868,0.783399209486166,0.28205128205128205,0.7034381101597885,0.5272727272727272,0.24752475247524724,79000.0,2696.0
meta.imbalanced.OnlineAdaBoost -l (trees.HoeffdingTree -e 2000000 -g 100 -c 0.01),ArffFileStream -f ./../../../Dataset/Synthetic_IM20/stream_gen_SEA.arff,1,79500.0,5.28125,3.6834454577830093E-9,79500.0,0.800991222585053,0.13997814084603744,0.886,0.6333933624903525,0.7630303030303031,0.2853470437017995,0.7638270490167607,0.6036036036036037,0.43599477254340674,79500.0,2696.0
meta.imbalanced.OnlineAdaBoost -l (trees.HoeffdingTree -e 2000000 -g 100 -c 0.01),ArffFileStream -f ./../../../Dataset/Synthetic_IM20/stream_gen_SEA.arff,1,80000.0,5.3125,3.705240993036163E-9,80000.0,0.7674901251924751,0.14019888610137898,0.874,0.6077796593286185,0.800991222585053,0.30548302872062666,0.7482992700448857,0.5811965811965812,0.37723958976893607,80000.0,2696.0
meta.imbalanced.OnlineAdaBoost -l (trees.HoeffdingTree -e 2000000 -g 100 -c 0.01),ArffFileStream -f ./../../../Dataset/Synthetic_IM20/stream_gen_SEA.arff,1,80500.0,5.34375,3.727036528289317E-9,80500.0,0.7524171187462326,0.14143678985800856,0.864,0.5348200848269258,0.7674901251924751,0.26582278481012656,0.7015353866585613,0.5142857142857142,0.3279725001534591,80500.0,2696.0
meta.imbalanced.OnlineAdaBoost -l (trees.HoeffdingTree -e 2000000 -g 100 -c 0.01),ArffFileStream -f ./../../../Dataset/Synthetic_IM20/stream_gen_SEA.arff,1,81000.0,5.375,3.7488320635424715E-9,81000.0,0.8139159780639718,0.1447596113688986,0.886,0.6103789577295348,0.7524171187462326,0.2531328320802005,0.7551406987279304,0.594059405940594,0.43667642752562247,81000.0,2696.0
meta.imbalanced.OnlineAdaBoost -l (trees.HoeffdingTree -e 2000000 -g 100 -c 0.01),ArffFileStream -f ./../../../Dataset/Synthetic_IM20/stream_gen_SEA.arff,1,81500.0,5.40625,3.770627598795626E-9,81500.0,0.7737474495579234,0.14990435308561528,0.902,0.6501799074761553,0.8139159780639718,0.24688279301745636,0.7632718678033104,0.5959595959595959,0.5156752167849132,81500.0,2696.0
meta.imbalanced.OnlineAdaBoost -l (trees.HoeffdingTree -e 2000000 -g 100 -c 0.01),ArffFileStream -f ./../../../Dataset/Synthetic_IM20/stream_gen_SEA.arff,1,82000.0,5.421875,3.7815253664222024E-9,82000.0,0.7451246803069054,0.11665770007788923,0.868,0.4919950738916257,0.7737474495579234,0.22549019607843138,0.6692657668420421,0.4673913043478261,0.34728336247964786,82000.0,2696.0
meta.imbalanced.OnlineAdaBoost -l (trees.HoeffdingTree -e 2000000 -g 100 -c 0.01),ArffFileStream -f ./../../../Dataset/Synthetic_IM20/stream_gen_SEA.arff,1,82500.0,5.453125,3.803320901675357E-9,82500.0,0.730975,0.12075502315401854,0.868,0.514705882352941,0.7451246803069054,0.25,0.6743330037896706,0.47,0.34723970508901286,82500.0,2696.0
meta.imbalanced.OnlineAdaBoost -l (trees.HoeffdingTree -e 2000000 -g 100 -c 0.01),ArffFileStream -f ./../../../Dataset/Synthetic_IM20/stream_gen_SEA.arff,1,83000.0,5.484375,3.825116436928511E-9,83000.0,0.818106249527696,0.14357414584799927,0.906,0.6701476615574646,0.730975,0.24688279301745636,0.7814378442401485,0.6262626262626263,0.5350971278751043,83000.0,2696.0
meta.imbalanced.OnlineAdaBoost -l (trees.HoeffdingTree -e 2000000 -g 100 -c 0.01),ArffFileStream -f ./../../../Dataset/Synthetic_IM20/stream_gen_SEA.arff,1,83500.0,5.5,3.8360142045550876E-9,83500.0,0.7879384346209574,0.13191000775445072,0.894,0.5847696646819179,0.818106249527696,0.21654501216545013,0.7235876607321886,0.5393258426966292,0.47537194001541117,83500.0,2696.0
meta.imbalanced.OnlineAdaBoost -l (trees.HoeffdingTree -e 2000000 -g 100 -c 0.01),ArffFileStream -f ./../../../Dataset/Synthetic_IM20/stream_gen_SEA.arff,1,84000.0,5.53125,3.857809739808242E-9,84000.0,0.7604473490427098,0.1330295992033141,0.872,0.5782370307886968,0.7879384346209574,0.28865979381443296,0.7205177323639975,0.5357142857142857,0.3668963080727787,84000.0,2696.0
meta.imbalanced.OnlineAdaBoost -l (trees.HoeffdingTree -e 2000000 -g 100 -c 0.01),ArffFileStream -f ./../../../Dataset/Synthetic_IM20/stream_gen_SEA.arff,1,84500.0,5.5625,3.879605275061396E-9,84500.0,0.7504065040650406,0.13794721464480292,0.892,0.5876603543066586,0.7604473490427098,0.21951219512195122,0.7325198740332296,0.5555555555555556,0.46547179757511875,84500.0,2696.0
meta.imbalanced.OnlineAdaBoost -l (trees.HoeffdingTree -e 2000000 -g 100 -c 0.01),ArffFileStream -f ./../../../Dataset/Synthetic_IM20/stream_gen_SEA.arff,1,85000.0,5.578125,3.890503042687973E-9,85000.0,0.8102261553588987,0.14940461303612906,0.866,0.5787011419085467,0.7504065040650406,0.29198966408268734,0.7395812348334959,0.5752212389380531,0.3372512510182707,85000.0,2696.0
meta.imbalanced.OnlineAdaBoost -l (trees.HoeffdingTree -e 2000000 -g 100 -c 0.01),ArffFileStream -f ./../../../Dataset/Synthetic_IM20/stream_gen_SEA.arff,1,85500.0,5.609375,3.912298577941127E-9,85500.0,0.7710470440766417,0.13085382378410948,0.868,0.5341483384624071,0.8102261553588987,0.24069478908188585,0.7128447625328874,0.5360824742268041,0.3469883700746397,85500.0,2696.0
meta.imbalanced.OnlineAdaBoost -l (trees.HoeffdingTree -e 2000000 -g 100 -c 0.01),ArffFileStream -f ./../../../Dataset/Synthetic_IM20/stream_gen_SEA.arff,1,86000.0,5.640625,3.934094113194281E-9,86000.0,0.7508739387886139,0.12614378434739304,0.874,0.5781099324975891,0.7710470440766417,0.272264631043257,0.728255447140781,0.5514018691588785,0.3768832662449685,86000.0,2696.0
meta.imbalanced.OnlineAdaBoost -l (trees.HoeffdingTree -e 2000000 -g 100 -c 0.01),ArffFileStream -f ./../../../Dataset/Synthetic_IM20/stream_gen_SEA.arff,1,86500.0,5.671875,3.955889648447435E-9,86500.0,0.7503313840155945,0.12628710562355455,0.874,0.5322245322245321,0.7508739387886139,0.2345679012345679,0.6966363070135756,0.5052631578947369,0.3766657134686873,86500.0,2696.0
meta.imbalanced.OnlineAdaBoost -l (trees.HoeffdingTree -e 2000000 -g 100 -c 0.01),ArffFileStream -f ./../../../Dataset/Synthetic_IM20/stream_gen_SEA.arff,1,87000.0,5.703125,3.9776851837005895E-9,87000.0,0.7121454933954934,0.11873777912274514,0.858,0.49985911524373067,0.7503313840155945,0.26262626262626265,0.6723967036782134,0.47115384615384615,0.29762920006822446,87000.0,2696.0
meta.imbalanced.OnlineAdaBoost -l (trees.HoeffdingTree -e 2000000 -g 100 -c 0.01),ArffFileStream -f ./../../../Dataset/Synthetic_IM20/stream_gen_SEA.arff,1,87500.0,5.71875,3.988582951327166E-9,87500.0,0.7649768314210061,0.13848684675425404,0.882,0.5639448944598829,0.7121454933954934,0.21359223300970873,0.7406745929243874,0.5795454545454546,0.41590767664196426,87500.0,2696.0
meta.imbalanced.OnlineAdaBoost -l (trees.HoeffdingTree -e 2000000 -g 100 -c 0.01),ArffFileStream -f ./../../../Dataset/Synthetic_IM20/stream_gen_SEA.arff,1,88000.0,5.75,4.0103784865803204E-9,88000.0,0.766579001650165,0.13495929551816915,0.866,0.5328796921189133,0.7649768314210061,0.2376237623762376,0.7206152257830548,0.5520833333333334,0.3365216902042422,88000.0,2696.0
meta.imbalanced.OnlineAdaBoost -l (trees.HoeffdingTree -e 2000000 -g 100 -c 0.01),ArffFileStream -f ./../../../Dataset/Synthetic_IM20/stream_gen_SEA.arff,1,88500.0,5.78125,4.032174021833475E-9,88500.0,0.7187170041530773,0.12437554706537085,0.854,0.5228508680192426,0.766579001650165,0.27877237851662406,0.7034555529071347,0.5229357798165137,0.27742981769377034,88500.0,2696.0
meta.imbalanced.OnlineAdaBoost -l (trees.HoeffdingTree -e 2000000 -g 100 -c 0.01),ArffFileStream -f ./../../../Dataset/Synthetic_IM20/stream_gen_SEA.arff,1,89000.0,5.796875,4.043071789460051E-9,89000.0,0.7473797295880935,0.1408471594292513,0.894,0.6024363898223715,0.7187170041530773,0.2315270935960591,0.7336235700995415,0.5531914893617021,0.47518914107699173,89000.0,2696.0
meta.imbalanced.OnlineAdaBoost -l (trees.HoeffdingTree -e 2000000 -g 100 -c 0.01),ArffFileStream -f ./../../../Dataset/Synthetic_IM20/stream_gen_SEA.arff,1,89500.0,5.828125,4.0648673247132055E-9,89500.0,0.7306783824640968,0.13041176840007884,0.86,0.5262587980508932,0.7473797295880935,0.2755102040816326,0.6925256939166184,0.5,0.3071223180712231,89500.0,2696.0
meta.imbalanced.OnlineAdaBoost -l (trees.HoeffdingTree -e 2000000 -g 100 -c 0.01),ArffFileStream -f ./../../../Dataset/Synthetic_IM20/stream_gen_SEA.arff,1,90000.0,5.859375,4.08666285996636E-9,90000.0,0.7377145634545036,0.13863087658224166,0.88,0.5613393771019154,0.7306783824640968,0.24069478908188585,0.7123960429944391,0.5257731958762887,0.405973268797096,90000.0,2696.0
meta.imbalanced.OnlineAdaBoost -l (trees.HoeffdingTree -e 2000000 -g 100 -c 0.01),ArffFileStream -f ./../../../Dataset/Synthetic_IM20/stream_gen_SEA.arff,1,90500.0,5.890625,4.108458395219514E-9,90500.0,0.7913800690150304,0.15089393375900234,0.884,0.6282909072265375,0.7377145634545036,0.2853470437017995,0.7628106453076895,0.6036036036036037,0.426087907281872,90500.0,2696.0
meta.imbalanced.OnlineAdaBoost -l (trees.HoeffdingTree -e 2000000 -g 100 -c 0.01),ArffFileStream -f ./../../../Dataset/Synthetic_IM20/stream_gen_SEA.arff,1,91000.0,5.921875,4.130253930472668E-9,91000.0,0.8024425287356322,0.1627084448676886,0.888,0.6590355577204092,0.7913800690150304,0.3020833333333333,0.7882231901015049,0.646551724137931,0.44632768361581926,91000.0,2696.0
meta.imbalanced.OnlineAdaBoost -l (trees.HoeffdingTree -e 2000000 -g 100 -c 0.01),ArffFileStream -f ./../../../Dataset/Synthetic_IM20/stream_gen_SEA.arff,1,91500.0,5.9375,4.141151698099245E-9,91500.0,0.7876161287233023,0.14501290698873692,0.868,0.569280568027566,0.8024425287356322,0.26903553299492383,0.7381052423072111,0.5754716981132075,0.34762882143242935,91500.0,2696.0
meta.imbalanced.OnlineAdaBoost -l (trees.HoeffdingTree -e 2000000 -g 100 -c 0.01),ArffFileStream -f ./../../../Dataset/Synthetic_IM20/stream_gen_SEA.arff,1,92000.0,5.96875,4.162947233352399E-9,92000.0,0.7595888351239782,0.1293920542769142,0.884,0.5610981626661018,0.7876161287233023,0.21654501216545013,0.7255684683272752,0.550561797752809,0.42632908670644526,92000.0,2696.0
meta.imbalanced.OnlineAdaBoost -l (trees.HoeffdingTree -e 2000000 -g 100 -c 0.01),ArffFileStream -f ./../../../Dataset/Synthetic_IM20/stream_gen_SEA.arff,1,92500.0,6.0,4.184742768605553E-9,92500.0,0.8261602626674949,0.15116745612877758,0.882,0.6305850530955721,0.7595888351239782,0.3089005235602094,0.7546113450065544,0.5847457627118644,0.4169649057208481,92500.0,2696.0
meta.imbalanced.OnlineAdaBoost -l (trees.HoeffdingTree -e 2000000 -g 100 -c 0.01),ArffFileStream -f ./../../../Dataset/Synthetic_IM20/stream_gen_SEA.arff,1,93000.0,6.03125,4.2065383038587075E-9,93000.0,0.8060403599672757,0.14407482549718897,0.892,0.6548020865296102,0.8261602626674949,0.29533678756476683,0.7688633197599692,0.6052631578947368,0.4667374568622246,93000.0,2696.0
meta.imbalanced.OnlineAdaBoost -l (trees.HoeffdingTree -e 2000000 -g 100 -c 0.01),ArffFileStream -f ./../../../Dataset/Synthetic_IM20/stream_gen_SEA.arff,1,93500.0,6.046875,4.217436071485284E-9,93500.0,0.8072043248014121,0.1328424170357952,0.886,0.5704985231177289,0.8060403599672757,0.21359223300970873,0.736192405968353,0.5681818181818182,0.43671722242773336,93500.0,2696.0
meta.imbalanced.OnlineAdaBoost -l (trees.HoeffdingTree -e 2000000 -g 100 -c 0.01),ArffFileStream -f ./../../../Dataset/Synthetic_IM20/stream_gen_SEA.arff,1,94000.0,6.078125,4.239231606738438E-9,94000.0,0.7972996800926976,0.14321629559902455,0.884,0.6079067629323166,0.8072043248014121,0.24688279301745636,0.7651342127269086,0.6161616161616161,0.42676900431079806,94000.0,2696.0
meta.imbalanced.OnlineAdaBoost -l (trees.HoeffdingTree -e 2000000 -g 100 -c 0.01),ArffFileStream -f ./../../../Dataset/Synthetic_IM20/stream_gen_SEA.arff,1,94500.0,6.109375,4.261027141991593E-9,94500.0,0.782897838656046,0.14576245562160528,0.88,0.584798073463061,0.7972996800926976,0.2531328320802005,0.7360201091896482,0.5643564356435643,0.4069968101239347,94500.0,2696.0
meta.imbalanced.OnlineAdaBoost -l (trees.HoeffdingTree -e 2000000 -g 100 -c 0.01),ArffFileStream -f ./../../../Dataset/Synthetic_IM20/stream_gen_SEA.arff,1,95000.0,6.140625,4.282822677244747E-9,95000.0,0.8188346513953277,0.15543008374720235,0.88,0.6413885435593383,0.782897838656046,0.29533678756476683,0.7928872056592288,0.6666666666666666,0.4073920049903832,95000.0,2696.0
meta.imbalanced.OnlineAdaBoost -l (trees.HoeffdingTree -e 2000000 -g 100 -c 0.01),ArffFileStream -f ./../../../Dataset/Synthetic_IM20/stream_gen_SEA.arff,1,95500.0,6.171875,4.304618212497901E-9,95500.0,0.8030060217560218,0.1490712535291409,0.888,0.6196065645038582,0.8188346513953277,0.26262626262626265,0.7531821898009877,0.5865384615384616,0.44697792254795515,95500.0,2696.0
meta.imbalanced.OnlineAdaBoost -l (trees.HoeffdingTree -e 2000000 -g 100 -c 0.01),ArffFileStream -f ./../../../Dataset/Synthetic_IM20/stream_gen_SEA.arff,1,96000.0,6.1875,4.315515980124478E-9,96000.0,0.753916010639727,0.1348369481977592,0.884,0.5659072538394757,0.8030060217560218,0.22249388753056235,0.7256808882364388,0.5494505494505495,0.4269246603540553,96000.0,2696.0
meta.imbalanced.OnlineAdaBoost -l (trees.HoeffdingTree -e 2000000 -g 100 -c 0.01),ArffFileStream -f ./../../../Dataset/Synthetic_IM20/stream_gen_SEA.arff,1,96500.0,6.21875,4.337311515377632E-9,96500.0,0.7450980392156863,0.13213153832990682,0.884,0.5401496892046176,0.753916010639727,0.22549019607843138,0.6830364480968896,0.4782608695652174,0.42665437410366724,96500.0,2696.0
meta.imbalanced.OnlineAdaBoost -l (trees.HoeffdingTree -e 2000000 -g 100 -c 0.01),ArffFileStream -f ./../../../Dataset/Synthetic_IM20/stream_gen_SEA.arff,1,97000.0,6.25,4.359107050630786E-9,97000.0,0.7403628926779386,0.1341893709500236,0.87,0.54737897610161,0.7450980392156863,0.272264631043257,0.6938753385316869,0.4953271028037383,0.3576486169833428,97000.0,2696.0
meta.imbalanced.OnlineAdaBoost -l (trees.HoeffdingTree -e 2000000 -g 100 -c 0.01),ArffFileStream -f ./../../../Dataset/Synthetic_IM20/stream_gen_SEA.arff,1,97500.0,6.28125,4.38090258588394E-9,97500.0,0.8161788617886179,0.16534643990425346,0.908,0.6587537091988133,0.7403628926779386,0.21951219512195122,0.7831041006918078,0.6333333333333333,0.5451549110085698,97500.0,2696.0
meta.imbalanced.OnlineAdaBoost -l (trees.HoeffdingTree -e 2000000 -g 100 -c 0.01),ArffFileStream -f ./../../../Dataset/Synthetic_IM20/stream_gen_SEA.arff,1,98000.0,6.3125,4.402698121137095E-9,98000.0,0.8175,0.1513097287480139,0.892,0.6229050279329608,0.8161788617886179,0.25,0.7555296155677818,0.59,0.466020886938096,98000.0,2696.0
meta.imbalanced.OnlineAdaBoost -l (trees.HoeffdingTree -e 2000000 -g 100 -c 0.01),ArffFileStream -f ./../../../Dataset/Synthetic_IM20/stream_gen_SEA.arff,1,98500.0,6.328125,4.413595888763671E-9,98500.0,0.7162771197987632,0.13874106512860018,0.89,0.5874339894383099,0.8175,0.2315270935960591,0.7256150057492567,0.5425531914893617,0.4559377353753453,98500.0,2696.0
meta.imbalanced.OnlineAdaBoost -l (trees.HoeffdingTree -e 2000000 -g 100 -c 0.01),ArffFileStream -f ./../../../Dataset/Synthetic_IM20/stream_gen_SEA.arff,1,99000.0,6.359375,4.4353914240168255E-9,99000.0,0.7559924963523935,0.1446839678237154,0.878,0.6019731690765777,0.7162771197987632,0.2853470437017995,0.7406753768660355,0.5675675675675675,0.39688405073404576,99000.0,2696.0
meta.imbalanced.OnlineAdaBoost -l (trees.HoeffdingTree -e 2000000 -g 100 -c 0.01),ArffFileStream -f ./../../../Dataset/Synthetic_IM20/stream_gen_SEA.arff,1,99500.0,6.375,4.446289191643402E-9,99500.0,0.8025364217587255,0.14867617113021908,0.9,0.6335170634455259,0.7559924963523935,0.2315270935960591,0.7603528547214458,0.5957446808510638,0.5054671968190857,99500.0,2696.0
meta.imbalanced.OnlineAdaBoost -l (trees.HoeffdingTree -e 2000000 -g 100 -c 0.01),ArffFileStream -f ./../../../Dataset/Synthetic_IM20/stream_gen_SEA.arff,1,100000.0,6.40625,4.468084726896556E-9,100000.0,0.7064386966126657,0.14015714346027558,0.868,0.5681984716842877,0.8025364217587255,0.28865979381443296,0.7185989067672377,0.5357142857142857,0.34756820877817335,100000.0,2696.0
