Learner,stream,randomSeed,learning evaluation instances,evaluation time (cpu seconds),model cost (RAM-Hours),classified instances,AUC,sAUC,Accuracy,Kappa,Periodical holdout AUC,Pos/Neg ratio,G-Mean,Recall,KappaM,model training instances,model serialized size (bytes),members size
meta.DynamicWeightedMajority -l (trees.HoeffdingTree -e 2000000 -g 100 -c 0.01) -e 10,ArffFileStream -f ./../../../Dataset/Synthetic_IM50/stream_gen_agrawal.arff,1,500.0,0.125,1.0115197963184781E-10,500.0,0.8783063687724705,0.6221071948296525,0.828,0.6563079480785216,0.0,1.11864406779661,0.8290594047844404,0.803030303030303,0.6355932203389829,500.0,3128.0,3.0
meta.DynamicWeightedMajority -l (trees.HoeffdingTree -e 2000000 -g 100 -c 0.01) -e 10,ArffFileStream -f ./../../../Dataset/Synthetic_IM50/stream_gen_agrawal.arff,1,1000.0,0.1875,1.5172796944777172E-10,1000.0,0.9612584212126546,0.7395996204405805,0.916,0.8321369762273985,0.8783063687724705,0.9762845849802372,0.9156378806891465,0.9554655870445344,0.8260869565217392,1000.0,3128.0,5.0
meta.DynamicWeightedMajority -l (trees.HoeffdingTree -e 2000000 -g 100 -c 0.01) -e 10,ArffFileStream -f ./../../../Dataset/Synthetic_IM50/stream_gen_agrawal.arff,1,1500.0,0.203125,1.643719669017527E-10,1500.0,0.9671723651292579,0.7968341888784412,0.922,0.842640413169787,0.9612584212126546,1.1008403361344539,0.9159809521082063,0.9885496183206107,0.8368200836820084,1500.0,3128.0,5.0
meta.DynamicWeightedMajority -l (trees.HoeffdingTree -e 2000000 -g 100 -c 0.01) -e 10,ArffFileStream -f ./../../../Dataset/Synthetic_IM50/stream_gen_agrawal.arff,1,2000.0,0.25,2.0230395926369565E-10,2000.0,0.9620654249089539,0.8086295909441319,0.924,0.8471415469275452,0.9671723651292579,1.109704641350211,0.9217773685605886,0.9543726235741445,0.8406708595387842,2000.0,3128.0,6.0
meta.DynamicWeightedMajority -l (trees.HoeffdingTree -e 2000000 -g 100 -c 0.01) -e 10,ArffFileStream -f ./../../../Dataset/Synthetic_IM50/stream_gen_agrawal.arff,1,2500.0,0.328125,2.6552394653360053E-10,2500.0,0.9593445043656909,0.7255485510573778,0.91,0.8190678374987939,0.9620654249089539,1.11864406779661,0.9084117262600586,0.9318181818181818,0.8109243697478992,2500.0,3128.0,8.0
meta.DynamicWeightedMajority -l (trees.HoeffdingTree -e 2000000 -g 100 -c 0.01) -e 10,ArffFileStream -f ./../../../Dataset/Synthetic_IM50/stream_gen_agrawal.arff,1,3000.0,0.40625,3.287439338035054E-10,3000.0,0.9621528000513182,0.7693603252369611,0.916,0.8313523931898491,0.9593445043656909,0.9083969465648855,0.9148159325190287,0.8949579831932774,0.8247566063977747,3000.0,3128.0,8.0
meta.DynamicWeightedMajority -l (trees.HoeffdingTree -e 2000000 -g 100 -c 0.01) -e 10,ArffFileStream -f ./../../../Dataset/Synthetic_IM50/stream_gen_agrawal.arff,1,3500.0,0.453125,3.6667592616544833E-10,3500.0,0.953024,0.7961172122807038,0.918,0.8360000000000001,0.9621528000513182,1.0,0.9146802720076562,0.996,0.8292682926829269,3500.0,3128.0,8.0
meta.DynamicWeightedMajority -l (trees.HoeffdingTree -e 2000000 -g 100 -c 0.01) -e 10,ArffFileStream -f ./../../../Dataset/Synthetic_IM50/stream_gen_agrawal.arff,1,4000.0,0.46875,3.793199236194293E-10,4000.0,0.9684033613445379,0.854634450228271,0.942,0.8841112531969308,0.953024,0.9607843137254902,0.9420843960090208,0.9755102040816327,0.8788511749347258,4000.0,3128.0,8.0
meta.DynamicWeightedMajority -l (trees.HoeffdingTree -e 2000000 -g 100 -c 0.01) -e 10,ArffFileStream -f ./../../../Dataset/Synthetic_IM50/stream_gen_agrawal.arff,1,4500.0,0.515625,4.1725191598137223E-10,4500.0,0.9783968891520379,0.8849639010594181,0.954,0.9078938937656179,0.9684033613445379,1.0242914979757085,0.9525390572645347,0.9960474308300395,0.904211013419713,4500.0,3128.0,7.0
meta.DynamicWeightedMajority -l (trees.HoeffdingTree -e 2000000 -g 100 -c 0.01) -e 10,ArffFileStream -f ./../../../Dataset/Synthetic_IM50/stream_gen_agrawal.arff,1,5000.0,0.578125,4.678279057972961E-10,5000.0,0.9706997807684307,0.8437340281899167,0.932,0.8640065276866712,0.9783968891520379,0.9762845849802372,0.9320585268994911,0.9392712550607287,0.8593297476210179,5000.0,3128.0,7.0
meta.DynamicWeightedMajority -l (trees.HoeffdingTree -e 2000000 -g 100 -c 0.01) -e 10,ArffFileStream -f ./../../../Dataset/Synthetic_IM50/stream_gen_agrawal.arff,1,5500.0,0.59375,4.804719032512771E-10,5500.0,0.9728600918532269,0.8587125694580463,0.938,0.8759761874279861,0.9706997807684307,0.9762845849802372,0.9379630523400204,0.9352226720647774,0.8719969969969968,5500.0,3128.0,6.0
meta.DynamicWeightedMajority -l (trees.HoeffdingTree -e 2000000 -g 100 -c 0.01) -e 10,ArffFileStream -f ./../../../Dataset/Synthetic_IM50/stream_gen_agrawal.arff,1,6000.0,0.625,5.057598981592391E-10,6000.0,0.9673392968587476,0.7724573825104699,0.932,0.8640326321682797,0.9728600918532269,0.9762845849802372,0.9320585268994912,0.9473684210526315,0.8597938144329897,6000.0,3128.0,6.0
meta.DynamicWeightedMajority -l (trees.HoeffdingTree -e 2000000 -g 100 -c 0.01) -e 10,ArffFileStream -f ./../../../Dataset/Synthetic_IM50/stream_gen_agrawal.arff,1,6500.0,0.671875,5.436918905211821E-10,6500.0,0.9717581925243216,0.8523202033949782,0.948,0.895966709346991,0.9673392968587476,1.0161290322580645,0.9477264815710109,0.9642857142857143,0.8926984126984127,6500.0,3128.0,6.0
meta.DynamicWeightedMajority -l (trees.HoeffdingTree -e 2000000 -g 100 -c 0.01) -e 10,ArffFileStream -f ./../../../Dataset/Synthetic_IM50/stream_gen_agrawal.arff,1,7000.0,0.71875,5.81623882883125E-10,7000.0,0.971764705882353,0.7720637303689166,0.936,0.8717640458443537,0.9717581925243216,1.0408163265306123,0.9345102052570061,0.9725490196078431,0.8679634541703508,7000.0,3128.0,8.0
meta.DynamicWeightedMajority -l (trees.HoeffdingTree -e 2000000 -g 100 -c 0.01) -e 10,ArffFileStream -f ./../../../Dataset/Synthetic_IM50/stream_gen_agrawal.arff,1,7500.0,0.734375,5.94267880337106E-10,7500.0,0.9529569892473119,0.7600935781514002,0.922,0.8438650994459214,0.971764705882353,1.0161290322580645,0.9202033435868331,0.9722222222222222,0.8396821046862155,7500.0,3128.0,8.0
meta.DynamicWeightedMajority -l (trees.HoeffdingTree -e 2000000 -g 100 -c 0.01) -e 10,ArffFileStream -f ./../../../Dataset/Synthetic_IM50/stream_gen_agrawal.arff,1,8000.0,0.765625,6.19555875245068E-10,8000.0,0.981608,0.8870112592592545,0.964,0.9279999999999999,0.9529569892473119,1.0,0.9639917012090923,0.968,0.9260020554984583,8000.0,3128.0,8.0
meta.DynamicWeightedMajority -l (trees.HoeffdingTree -e 2000000 -g 100 -c 0.01) -e 10,ArffFileStream -f ./../../../Dataset/Synthetic_IM50/stream_gen_agrawal.arff,1,8500.0,0.796875,6.4484387015303E-10,8500.0,0.965352,0.8013849113618463,0.944,0.8879999999999999,0.981608,1.0,0.9437881118132395,0.964,0.8849685838569356,8500.0,3128.0,9.0
meta.DynamicWeightedMajority -l (trees.HoeffdingTree -e 2000000 -g 100 -c 0.01) -e 10,ArffFileStream -f ./../../../Dataset/Synthetic_IM50/stream_gen_agrawal.arff,1,9000.0,0.84375,6.827758625149729E-10,9000.0,0.9705030097336066,0.8222895307528404,0.934,0.8677587920366749,0.965352,1.0491803278688525,0.9329294323900774,0.9609375,0.8643835616438358,9000.0,3128.0,9.0
meta.DynamicWeightedMajority -l (trees.HoeffdingTree -e 2000000 -g 100 -c 0.01) -e 10,ArffFileStream -f ./../../../Dataset/Synthetic_IM50/stream_gen_agrawal.arff,1,9500.0,0.90625,7.333518523308969E-10,9500.0,0.9731400966183575,0.8182872048335507,0.938,0.8760396673064619,0.9705030097336066,0.8518518518518519,0.940243570046875,0.9782608695652174,0.8724556084885231,9500.0,3128.0,10.0
meta.DynamicWeightedMajority -l (trees.HoeffdingTree -e 2000000 -g 100 -c 0.01) -e 10,ArffFileStream -f ./../../../Dataset/Synthetic_IM50/stream_gen_agrawal.arff,1,10000.0,0.9375,7.586398472388588E-10,10000.0,0.9814133235185867,0.8444153930502147,0.952,0.9039769544690724,0.9731400966183575,1.0242914979757085,0.9519340784437319,0.9565217391304348,0.9015990159901598,10000.0,3128.0,10.0
meta.DynamicWeightedMajority -l (trees.HoeffdingTree -e 2000000 -g 100 -c 0.01) -e 10,ArffFileStream -f ./../../../Dataset/Synthetic_IM50/stream_gen_agrawal.arff,1,10500.0,0.953125,7.712838446928398E-10,10500.0,0.9656458013312852,0.8052045842531843,0.94,0.8800614085588176,0.9814133235185867,0.9841269841269841,0.9396129542743894,0.9758064516129032,0.8770491803278687,10500.0,3128.0,10.0
meta.DynamicWeightedMajority -l (trees.HoeffdingTree -e 2000000 -g 100 -c 0.01) -e 10,ArffFileStream -f ./../../../Dataset/Synthetic_IM50/stream_gen_agrawal.arff,1,11000.0,0.984375,7.965718396008018E-10,11000.0,0.969403594117553,0.8415939694797517,0.944,0.887940832759697,0.9656458013312852,1.0242914979757085,0.9436525998231542,0.9604743083003953,0.8853526893727898,11000.0,3128.0,10.0
meta.DynamicWeightedMajority -l (trees.HoeffdingTree -e 2000000 -g 100 -c 0.01) -e 10,ArffFileStream -f ./../../../Dataset/Synthetic_IM50/stream_gen_agrawal.arff,1,11500.0,1.0,8.092158370547828E-10,11500.0,0.9777116433862941,0.8645987033651427,0.956,0.912007039436845,0.969403594117553,0.9920318725099602,0.955974174434621,0.9678714859437751,0.9099323602705588,11500.0,3128.0,10.0
meta.DynamicWeightedMajority -l (trees.HoeffdingTree -e 2000000 -g 100 -c 0.01) -e 10,ArffFileStream -f ./../../../Dataset/Synthetic_IM50/stream_gen_agrawal.arff,1,12000.0,1.046875,8.471478294167258E-10,12000.0,0.982679722875566,0.840616018698405,0.958,0.9159838689028292,0.9777116433862941,1.0080321285140563,0.9576547779042186,0.9800796812749004,0.9140371823298652,12000.0,3128.0,10.0
meta.DynamicWeightedMajority -l (trees.HoeffdingTree -e 2000000 -g 100 -c 0.01) -e 10,ArffFileStream -f ./../../../Dataset/Synthetic_IM50/stream_gen_agrawal.arff,1,12500.0,1.09375,8.850798217786687E-10,12500.0,0.9725369694641828,0.8679708809252674,0.954,0.9079233922623622,0.982679722875566,1.032520325203252,0.9535159953272185,0.9724409448818898,0.9058919803600654,12500.0,3128.0,10.0
meta.DynamicWeightedMajority -l (trees.HoeffdingTree -e 2000000 -g 100 -c 0.01) -e 10,ArffFileStream -f ./../../../Dataset/Synthetic_IM50/stream_gen_agrawal.arff,1,13000.0,1.109375,8.977238192326497E-10,13000.0,0.9665647412909836,0.8681038611573569,0.95,0.899894288368517,0.9725369694641828,1.0491803278688525,0.9496649268877185,0.9609375,0.8977022348127163,13000.0,3128.0,10.0
meta.DynamicWeightedMajority -l (trees.HoeffdingTree -e 2000000 -g 100 -c 0.01) -e 10,ArffFileStream -f ./../../../Dataset/Synthetic_IM50/stream_gen_agrawal.arff,1,13500.0,1.140625,9.230118141406117E-10,13500.0,0.9611337598092138,0.8544441538005735,0.952,0.9029236170660281,0.9665647412909836,1.1834061135371179,0.9492088484216619,0.977859778597786,0.9015646361841105,13500.0,3128.0,10.0
meta.DynamicWeightedMajority -l (trees.HoeffdingTree -e 2000000 -g 100 -c 0.01) -e 10,ArffFileStream -f ./../../../Dataset/Synthetic_IM50/stream_gen_agrawal.arff,1,14000.0,1.171875,9.482998090485737E-10,14000.0,0.967357910906298,0.8505260364633146,0.942,0.8839665823757241,0.9611337598092138,1.0161290322580645,0.941773201972159,0.9563492063492064,0.8811301419997071,14000.0,3128.0,8.0
meta.DynamicWeightedMajority -l (trees.HoeffdingTree -e 2000000 -g 100 -c 0.01) -e 10,ArffFileStream -f ./../../../Dataset/Synthetic_IM50/stream_gen_agrawal.arff,1,14500.0,1.171875,9.482998090485737E-10,14500.0,0.9475911614585834,0.8321413645763021,0.936,0.8719692726254302,0.967357910906298,1.0080321285140563,0.935460315233106,0.9641434262948207,0.8690929609253775,14500.0,3128.0,8.0
meta.DynamicWeightedMajority -l (trees.HoeffdingTree -e 2000000 -g 100 -c 0.01) -e 10,ArffFileStream -f ./../../../Dataset/Synthetic_IM50/stream_gen_agrawal.arff,1,15000.0,1.1875,9.609438065025546E-10,15000.0,0.9737891600999423,0.8911779394078192,0.954,0.9079410822926672,0.9475911614585834,0.937984496124031,0.9541342783667623,0.9586776859504132,0.9059561128526645,15000.0,3128.0,7.0
meta.DynamicWeightedMajority -l (trees.HoeffdingTree -e 2000000 -g 100 -c 0.01) -e 10,ArffFileStream -f ./../../../Dataset/Synthetic_IM50/stream_gen_agrawal.arff,1,15500.0,1.203125,9.735878039565356E-10,15500.0,0.9873790761740022,0.9409127870015859,0.974,0.9479800243293425,0.9737891600999423,0.937984496124031,0.9742504523368372,0.9834710743801653,0.9468477974149301,15500.0,3128.0,7.0
meta.DynamicWeightedMajority -l (trees.HoeffdingTree -e 2000000 -g 100 -c 0.01) -e 10,ArffFileStream -f ./../../../Dataset/Synthetic_IM50/stream_gen_agrawal.arff,1,16000.0,1.21875,9.862318014105166E-10,16000.0,0.9640554248867982,0.8782811294211454,0.952,0.9039831010257805,0.9873790761740022,1.0080321285140563,0.9517050445804467,0.9721115537848606,0.9018906489524782,16000.0,3128.0,7.0
meta.DynamicWeightedMajority -l (trees.HoeffdingTree -e 2000000 -g 100 -c 0.01) -e 10,ArffFileStream -f ./../../../Dataset/Synthetic_IM50/stream_gen_agrawal.arff,1,16500.0,1.234375,9.988757988644976E-10,16500.0,0.960189452124936,0.8607472724408155,0.944,0.8880358285348687,0.9640554248867982,0.9841269841269841,0.9438946021507264,0.967741935483871,0.885459278542209,16500.0,3128.0,7.0
meta.DynamicWeightedMajority -l (trees.HoeffdingTree -e 2000000 -g 100 -c 0.01) -e 10,ArffFileStream -f ./../../../Dataset/Synthetic_IM50/stream_gen_agrawal.arff,1,17000.0,1.25,1.0115197963184786E-9,17000.0,0.9660708534621578,0.8611369727796294,0.94,0.8792270531400965,0.960189452124936,0.8518518518518519,0.9396011076759615,0.9347826086956522,0.8769305019305018,17000.0,3128.0,7.0
meta.DynamicWeightedMajority -l (trees.HoeffdingTree -e 2000000 -g 100 -c 0.01) -e 10,ArffFileStream -f ./../../../Dataset/Synthetic_IM50/stream_gen_agrawal.arff,1,17500.0,1.265625,1.0241637937724596E-9,17500.0,0.956315350567708,0.840450437490519,0.936,0.8720491331328771,0.9660708534621578,0.9083969465648855,0.9368661926218014,0.9621848739495799,0.8686371100164204,17500.0,3128.0,8.0
meta.DynamicWeightedMajority -l (trees.HoeffdingTree -e 2000000 -g 100 -c 0.01) -e 10,ArffFileStream -f ./../../../Dataset/Synthetic_IM50/stream_gen_agrawal.arff,1,18000.0,1.28125,1.0368077912264406E-9,18000.0,0.9744921718185467,0.8541325559168977,0.962,0.9235227821606826,0.956315350567708,1.127659574468085,0.9602287965010566,0.9849056603773585,0.9221577330146807,18000.0,3128.0,8.0
meta.DynamicWeightedMajority -l (trees.HoeffdingTree -e 2000000 -g 100 -c 0.01) -e 10,ArffFileStream -f ./../../../Dataset/Synthetic_IM50/stream_gen_agrawal.arff,1,18500.0,1.296875,1.0494517886804216E-9,18500.0,0.9498591639459701,0.8293644299701259,0.93,0.8600984906625736,0.9744921718185467,0.968503937007874,0.9300136670542817,0.959349593495935,0.8565573770491804,18500.0,3128.0,8.0
meta.DynamicWeightedMajority -l (trees.HoeffdingTree -e 2000000 -g 100 -c 0.01) -e 10,ArffFileStream -f ./../../../Dataset/Synthetic_IM50/stream_gen_agrawal.arff,1,19000.0,1.3125,1.0620957861344025E-9,19000.0,0.9686318790441412,0.8841943987822645,0.958,0.9159892466235677,0.9498591639459701,0.937984496124031,0.9583216691443791,0.9710743801652892,0.9138972809667673,19000.0,3128.0,8.0
meta.DynamicWeightedMajority -l (trees.HoeffdingTree -e 2000000 -g 100 -c 0.01) -e 10,ArffFileStream -f ./../../../Dataset/Synthetic_IM50/stream_gen_agrawal.arff,1,19500.0,1.328125,1.0747397835883835E-9,19500.0,0.9758063225290116,0.8358731978241783,0.968,0.9359641399183543,0.9686318790441412,0.9607843137254902,0.9678960321706235,0.963265306122449,0.9343503419253024,19500.0,3128.0,10.0
meta.DynamicWeightedMajority -l (trees.HoeffdingTree -e 2000000 -g 100 -c 0.01) -e 10,ArffFileStream -f ./../../../Dataset/Synthetic_IM50/stream_gen_agrawal.arff,1,20000.0,1.375,1.1126717759503265E-9,20000.0,0.9715715570978729,0.8291981907943339,0.96,0.9194639520649442,0.9758063225290116,1.1367521367521367,0.9582825151445135,0.981203007518797,0.9178981937602626,20000.0,3128.0,10.0
meta.DynamicWeightedMajority -l (trees.HoeffdingTree -e 2000000 -g 100 -c 0.01) -e 10,ArffFileStream -f ./../../../Dataset/Synthetic_IM50/stream_gen_agrawal.arff,1,20500.0,1.390625,1.1253157734043075E-9,20500.0,0.975941137852076,0.8461984244700261,0.944,0.8880125425952292,0.9715715570978729,0.9455252918287937,0.9442939615454904,0.9588477366255144,0.8850620744893871,20500.0,3128.0,10.0
meta.DynamicWeightedMajority -l (trees.HoeffdingTree -e 2000000 -g 100 -c 0.01) -e 10,ArffFileStream -f ./../../../Dataset/Synthetic_IM50/stream_gen_agrawal.arff,1,21000.0,1.40625,1.1379597708582885E-9,21000.0,0.9750364052423549,0.8850496971563905,0.966,0.9320261019768409,0.975941137852076,0.9762845849802372,0.9660177945641766,0.9878542510121457,0.9302393746946751,21000.0,3128.0,10.0
meta.DynamicWeightedMajority -l (trees.HoeffdingTree -e 2000000 -g 100 -c 0.01) -e 10,ArffFileStream -f ./../../../Dataset/Synthetic_IM50/stream_gen_agrawal.arff,1,21500.0,1.4375,1.1632477657662504E-9,21500.0,0.9717446301100565,0.8756746718022679,0.95,0.8995273767803748,0.9750364052423549,0.8450184501845018,0.9507778247830202,0.9606986899563319,0.8972668195718654,21500.0,3128.0,10.0
meta.DynamicWeightedMajority -l (trees.HoeffdingTree -e 2000000 -g 100 -c 0.01) -e 10,ArffFileStream -f ./../../../Dataset/Synthetic_IM50/stream_gen_agrawal.arff,1,22000.0,1.46875,1.1885357606742124E-9,22000.0,0.9583032751406724,0.7765129634085445,0.936,0.8722024313487438,0.9717446301100565,0.9157088122605364,0.9368988103746244,0.9748953974895398,0.8684480986639261,22000.0,3128.0,10.0
meta.DynamicWeightedMajority -l (trees.HoeffdingTree -e 2000000 -g 100 -c 0.01) -e 10,ArffFileStream -f ./../../../Dataset/Synthetic_IM50/stream_gen_agrawal.arff,1,22500.0,1.5,1.2138237555821744E-9,22500.0,0.970889177114858,0.8230230697815744,0.944,0.8877359549660802,0.9583032751406724,1.0576131687242798,0.9427071328057205,0.9727626459143969,0.8850784385260853,22500.0,3128.0,10.0
meta.DynamicWeightedMajority -l (trees.HoeffdingTree -e 2000000 -g 100 -c 0.01) -e 10,ArffFileStream -f ./../../../Dataset/Synthetic_IM50/stream_gen_agrawal.arff,1,23000.0,1.515625,1.2264677530361554E-9,23000.0,0.9753352374497749,0.8542088529303553,0.962,0.9231515935932696,0.970889177114858,1.2026431718061674,0.9602145118649529,0.978021978021978,0.9219015280135823,23000.0,3128.0,10.0
meta.DynamicWeightedMajority -l (trees.HoeffdingTree -e 2000000 -g 100 -c 0.01) -e 10,ArffFileStream -f ./../../../Dataset/Synthetic_IM50/stream_gen_agrawal.arff,1,23500.0,1.53125,1.2391117504901364E-9,23500.0,0.9814692894419912,0.8934010220599897,0.962,0.9238171611868484,0.9753352374497749,0.8867924528301887,0.9624336875705746,0.9702127659574468,0.921879100691103,23500.0,3128.0,10.0
meta.DynamicWeightedMajority -l (trees.HoeffdingTree -e 2000000 -g 100 -c 0.01) -e 10,ArffFileStream -f ./../../../Dataset/Synthetic_IM50/stream_gen_agrawal.arff,1,24000.0,1.578125,1.2770437428520793E-9,24000.0,0.9687279943665579,0.8297840066613082,0.948,0.8959067324322592,0.9814692894419912,1.032520325203252,0.9474374888485205,0.968503937007874,0.8931415360904186,24000.0,3128.0,10.0
meta.DynamicWeightedMajority -l (trees.HoeffdingTree -e 2000000 -g 100 -c 0.01) -e 10,ArffFileStream -f ./../../../Dataset/Synthetic_IM50/stream_gen_agrawal.arff,1,24500.0,1.625,1.3149757352140223E-9,24500.0,0.9717514124293786,0.8404862649268106,0.942,0.8837134699900554,0.9687279943665579,0.8939393939393939,0.9421505522321748,0.9449152542372882,0.8808085891628921,24500.0,3128.0,10.0
meta.DynamicWeightedMajority -l (trees.HoeffdingTree -e 2000000 -g 100 -c 0.01) -e 10,ArffFileStream -f ./../../../Dataset/Synthetic_IM50/stream_gen_agrawal.arff,1,25000.0,1.65625,1.3402637301219843E-9,25000.0,0.9673984403772558,0.8674119390152808,0.944,0.8879372448571199,0.9717514124293786,0.9455252918287937,0.9440650119867467,0.9465020576131687,0.8849157418824496,25000.0,3128.0,10.0
meta.DynamicWeightedMajority -l (trees.HoeffdingTree -e 2000000 -g 100 -c 0.01) -e 10,ArffFileStream -f ./../../../Dataset/Synthetic_IM50/stream_gen_agrawal.arff,1,25500.0,1.671875,1.3529077275759653E-9,25500.0,0.9766526379798691,0.8203777035580845,0.95,0.8999615852487355,0.9673984403772558,0.9762845849802372,0.949813618038243,0.9392712550607287,0.8972519945201063,25500.0,3128.0,10.0
meta.DynamicWeightedMajority -l (trees.HoeffdingTree -e 2000000 -g 100 -c 0.01) -e 10,ArffFileStream -f ./../../../Dataset/Synthetic_IM50/stream_gen_agrawal.arff,1,26000.0,1.703125,1.3781957224839272E-9,26000.0,0.980736,0.8844113391304377,0.956,0.9119999999999999,0.9766526379798691,1.0,0.956,0.956,0.9095795131204552,26000.0,3128.0,10.0
meta.DynamicWeightedMajority -l (trees.HoeffdingTree -e 2000000 -g 100 -c 0.01) -e 10,ArffFileStream -f ./../../../Dataset/Synthetic_IM50/stream_gen_agrawal.arff,1,26500.0,1.71875,1.3908397199379082E-9,26500.0,0.9861217887116407,0.8891922100118556,0.96,0.9199179960279326,0.980736,0.937984496124031,0.9599581428934149,0.9586776859504132,0.9177593296609511,26500.0,3128.0,10.0
meta.DynamicWeightedMajority -l (trees.HoeffdingTree -e 2000000 -g 100 -c 0.01) -e 10,ArffFileStream -f ./../../../Dataset/Synthetic_IM50/stream_gen_agrawal.arff,1,27000.0,1.734375,1.4034837173918892E-9,27000.0,0.9670272519242771,0.8187675733419464,0.93,0.8599462193482298,0.9861217887116407,1.0242914979757085,0.9298066970242319,0.9407114624505929,0.856065798492118,27000.0,3128.0,10.0
meta.DynamicWeightedMajority -l (trees.HoeffdingTree -e 2000000 -g 100 -c 0.01) -e 10,ArffFileStream -f ./../../../Dataset/Synthetic_IM50/stream_gen_agrawal.arff,1,27500.0,1.765625,1.4287717122998512E-9,27500.0,0.9722569979455573,0.8481265556477422,0.944,0.8878492694180978,0.9670272519242771,0.8939393939393939,0.9446345116258984,0.9576271186440678,0.884825368334455,27500.0,3128.0,10.0
meta.DynamicWeightedMajority -l (trees.HoeffdingTree -e 2000000 -g 100 -c 0.01) -e 10,ArffFileStream -f ./../../../Dataset/Synthetic_IM50/stream_gen_agrawal.arff,1,28000.0,1.8125,1.4667037046617942E-9,28000.0,0.9650740296118447,0.7541948358841197,0.938,0.8758410765780198,0.9722569979455573,1.0408163265306123,0.9372466978064098,0.9607843137254902,0.8726525821596243,28000.0,3128.0,10.0
meta.DynamicWeightedMajority -l (trees.HoeffdingTree -e 2000000 -g 100 -c 0.01) -e 10,ArffFileStream -f ./../../../Dataset/Synthetic_IM50/stream_gen_agrawal.arff,1,28500.0,1.828125,1.4793477021157751E-9,28500.0,0.9752541016406563,0.8493749649392434,0.954,0.9080882352941175,0.9650740296118447,0.9607843137254902,0.9540881058086083,0.9877551020408163,0.9054862663110085,28500.0,3128.0,10.0
meta.DynamicWeightedMajority -l (trees.HoeffdingTree -e 2000000 -g 100 -c 0.01) -e 10,ArffFileStream -f ./../../../Dataset/Synthetic_IM50/stream_gen_agrawal.arff,1,29000.0,1.859375,1.5046356970237371E-9,29000.0,0.977504,0.8442461242319457,0.942,0.8839999999999999,0.9752541016406563,1.0,0.9415221718047855,0.972,0.8809203539823007,29000.0,3128.0,10.0
meta.DynamicWeightedMajority -l (trees.HoeffdingTree -e 2000000 -g 100 -c 0.01) -e 10,ArffFileStream -f ./../../../Dataset/Synthetic_IM50/stream_gen_agrawal.arff,1,29500.0,1.875,1.517279694477718E-9,29500.0,0.9752626689730284,0.8460364415540458,0.956,0.9119999999999999,0.977504,0.937984496124031,0.9563558790350911,0.9710743801652892,0.9096100278551531,29500.0,3128.0,10.0
meta.DynamicWeightedMajority -l (trees.HoeffdingTree -e 2000000 -g 100 -c 0.01) -e 10,ArffFileStream -f ./../../../Dataset/Synthetic_IM50/stream_gen_agrawal.arff,1,30000.0,1.921875,1.555211686839661E-9,30000.0,0.9809983896940419,0.8284595527979016,0.952,0.9035059504663878,0.9752626689730284,0.8518518518518519,0.9523257402905625,0.9565217391304348,0.9013022618231664,30000.0,3128.0,10.0
meta.DynamicWeightedMajority -l (trees.HoeffdingTree -e 2000000 -g 100 -c 0.01) -e 10,ArffFileStream -f ./../../../Dataset/Synthetic_IM50/stream_gen_agrawal.arff,1,30500.0,1.9375,1.567855684293642E-9,30500.0,0.9798684042008197,0.8625237524569275,0.95,0.8999903990783115,0.9809983896940419,0.953125,0.9501705250318725,0.9590163934426229,0.8971956316570041,30500.0,3128.0,10.0
meta.DynamicWeightedMajority -l (trees.HoeffdingTree -e 2000000 -g 100 -c 0.01) -e 10,ArffFileStream -f ./../../../Dataset/Synthetic_IM50/stream_gen_agrawal.arff,1,31000.0,1.953125,1.580499681747623E-9,31000.0,0.9703197445893696,0.857047360825581,0.95,0.8994562594511115,0.9798684042008197,1.109704641350211,0.9480751451674657,0.9771863117870723,0.8971329970799043,31000.0,3128.0,10.0
meta.DynamicWeightedMajority -l (trees.HoeffdingTree -e 2000000 -g 100 -c 0.01) -e 10,ArffFileStream -f ./../../../Dataset/Synthetic_IM50/stream_gen_agrawal.arff,1,31500.0,1.96875,1.593143679201604E-9,31500.0,0.9832295850602487,0.900726602589953,0.962,0.9239854051977979,0.9703197445893696,1.0242914979757085,0.9619673876492413,0.9644268774703557,0.9218106995884773,31500.0,3128.0,10.0
meta.DynamicWeightedMajority -l (trees.HoeffdingTree -e 2000000 -g 100 -c 0.01) -e 10,ArffFileStream -f ./../../../Dataset/Synthetic_IM50/stream_gen_agrawal.arff,1,32000.0,1.984375,1.605787676655585E-9,32000.0,0.9710701484895033,0.8583811385653858,0.956,0.9119661950188872,0.9832295850602487,1.0161290322580645,0.9556204505286133,0.9761904761904762,0.9095812997688157,32000.0,3128.0,10.0
meta.DynamicWeightedMajority -l (trees.HoeffdingTree -e 2000000 -g 100 -c 0.01) -e 10,ArffFileStream -f ./../../../Dataset/Synthetic_IM50/stream_gen_agrawal.arff,1,32500.0,2.0,1.618431674109566E-9,32500.0,0.9764183459176966,0.7739883917752305,0.952,0.9036778988939012,0.9710701484895033,1.0920502092050208,0.9510284038493598,0.9693486590038314,0.901322031754064,32500.0,3128.0,10.0
meta.DynamicWeightedMajority -l (trees.HoeffdingTree -e 2000000 -g 100 -c 0.01) -e 10,ArffFileStream -f ./../../../Dataset/Synthetic_IM50/stream_gen_agrawal.arff,1,33000.0,2.015625,1.631075671563547E-9,33000.0,0.9506762705082032,0.8037715703196658,0.936,0.8717640458443537,0.9764183459176966,1.0408163265306123,0.9345102052570061,0.9725490196078431,0.8684440014949546,33000.0,3128.0,10.0
meta.DynamicWeightedMajority -l (trees.HoeffdingTree -e 2000000 -g 100 -c 0.01) -e 10,ArffFileStream -f ./../../../Dataset/Synthetic_IM50/stream_gen_agrawal.arff,1,33500.0,2.046875,1.656363666471509E-9,33500.0,0.9710236068111455,0.8467815894300305,0.94,0.8794909698566745,0.9506762705082032,0.8382352941176471,0.9411885641637884,0.956140350877193,0.8766795508926927,33500.0,3128.0,10.0
meta.DynamicWeightedMajority -l (trees.HoeffdingTree -e 2000000 -g 100 -c 0.01) -e 10,ArffFileStream -f ./../../../Dataset/Synthetic_IM50/stream_gen_agrawal.arff,1,34000.0,2.0625,1.66900766392549E-9,34000.0,0.983684557393387,0.874312207402127,0.946,0.891646333632978,0.9710236068111455,0.8726591760299626,0.9464109507035069,0.9527896995708155,0.88894265666586,34000.0,3128.0,10.0
meta.DynamicWeightedMajority -l (trees.HoeffdingTree -e 2000000 -g 100 -c 0.01) -e 10,ArffFileStream -f ./../../../Dataset/Synthetic_IM50/stream_gen_agrawal.arff,1,34500.0,2.078125,1.681651661379471E-9,34500.0,0.9754805303066737,0.8791511314283771,0.952,0.9039492852225974,0.983684557393387,0.9157088122605364,0.9525106231845254,0.9665271966527197,0.9012581241428655,34500.0,3128.0,9.0
meta.DynamicWeightedMajority -l (trees.HoeffdingTree -e 2000000 -g 100 -c 0.01) -e 10,ArffFileStream -f ./../../../Dataset/Synthetic_IM50/stream_gen_agrawal.arff,1,35000.0,2.09375,1.694295658833452E-9,35000.0,0.970024,0.8636911941562923,0.956,0.9119999999999999,0.9754805303066737,1.0,0.955924683225619,0.968,0.9095235297573585,35000.0,3128.0,10.0
meta.DynamicWeightedMajority -l (trees.HoeffdingTree -e 2000000 -g 100 -c 0.01) -e 10,ArffFileStream -f ./../../../Dataset/Synthetic_IM50/stream_gen_agrawal.arff,1,35500.0,2.125,1.719583653741414E-9,35500.0,0.959168,0.7290782451409729,0.914,0.8280000000000001,0.970024,1.0,0.9130345009910633,0.956,0.8231887415300864,35500.0,3128.0,9.0
meta.DynamicWeightedMajority -l (trees.HoeffdingTree -e 2000000 -g 100 -c 0.01) -e 10,ArffFileStream -f ./../../../Dataset/Synthetic_IM50/stream_gen_agrawal.arff,1,36000.0,2.140625,1.7322276511953949E-9,36000.0,0.9742744380805699,0.7855118014121276,0.922,0.8447106042748385,0.959168,0.9011406844106464,0.9230731179081301,0.9915611814345991,0.8395703593669658,36000.0,3128.0,10.0
meta.DynamicWeightedMajority -l (trees.HoeffdingTree -e 2000000 -g 100 -c 0.01) -e 10,ArffFileStream -f ./../../../Dataset/Synthetic_IM50/stream_gen_agrawal.arff,1,36500.0,2.15625,1.7448716486493759E-9,36500.0,0.9748043718295435,0.831524337638395,0.94,0.8798558269923907,0.9742744380805699,1.0242914979757085,0.9383979992923743,0.9841897233201581,0.8765779981965733,36500.0,3128.0,10.0
meta.DynamicWeightedMajority -l (trees.HoeffdingTree -e 2000000 -g 100 -c 0.01) -e 10,ArffFileStream -f ./../../../Dataset/Synthetic_IM50/stream_gen_agrawal.arff,1,37000.0,2.171875,1.7575156461033569E-9,37000.0,0.9755749887885194,0.8543521365726585,0.932,0.8642432760493197,0.9748043718295435,0.937984496124031,0.9324002547837295,0.9752066115702479,0.8601445247359646,37000.0,3128.0,10.0
meta.DynamicWeightedMajority -l (trees.HoeffdingTree -e 2000000 -g 100 -c 0.01) -e 10,ArffFileStream -f ./../../../Dataset/Synthetic_IM50/stream_gen_agrawal.arff,1,37500.0,2.203125,1.7828036410113188E-9,37500.0,0.9771014492753624,0.8529961652513824,0.944,0.8872785829307567,0.9755749887885194,1.173913043478261,0.9436285193913416,0.9481481481481482,0.8848115846634852,37500.0,3128.0,10.0
meta.DynamicWeightedMajority -l (trees.HoeffdingTree -e 2000000 -g 100 -c 0.01) -e 10,ArffFileStream -f ./../../../Dataset/Synthetic_IM50/stream_gen_agrawal.arff,1,38000.0,2.234375,1.8080916359192808E-9,38000.0,0.9769253025992188,0.8500595594329361,0.938,0.8752535170460032,0.9771014492753624,1.145922746781116,0.9369199726864894,0.951310861423221,0.8724003466204505,38000.0,3128.0,9.0
meta.DynamicWeightedMajority -l (trees.HoeffdingTree -e 2000000 -g 100 -c 0.01) -e 10,ArffFileStream -f ./../../../Dataset/Synthetic_IM50/stream_gen_agrawal.arff,1,38500.0,2.265625,1.8333796308272428E-9,38500.0,0.9773959202001411,0.8864236776193023,0.954,0.9079469774590163,0.9769253025992188,0.9083969465648855,0.9546285514830838,0.9705882352941176,0.9053194333066025,38500.0,3128.0,9.0
meta.DynamicWeightedMajority -l (trees.HoeffdingTree -e 2000000 -g 100 -c 0.01) -e 10,ArffFileStream -f ./../../../Dataset/Synthetic_IM50/stream_gen_agrawal.arff,1,39000.0,2.28125,1.8460236282812238E-9,39000.0,0.9794310897435897,0.8783176500158972,0.94,0.8797691567810194,0.9773959202001411,1.0833333333333333,0.9397217264046432,0.9461538461538461,0.8765041165294489,39000.0,3128.0,8.0
meta.DynamicWeightedMajority -l (trees.HoeffdingTree -e 2000000 -g 100 -c 0.01) -e 10,ArffFileStream -f ./../../../Dataset/Synthetic_IM50/stream_gen_agrawal.arff,1,39500.0,2.296875,1.8586676257352048E-9,39500.0,0.972015552248836,0.8611466614634706,0.934,0.8679788766202594,0.9794310897435897,1.0080321285140563,0.9337483334256628,0.952191235059761,0.8641975308641976,39500.0,3128.0,9.0
meta.DynamicWeightedMajority -l (trees.HoeffdingTree -e 2000000 -g 100 -c 0.01) -e 10,ArffFileStream -f ./../../../Dataset/Synthetic_IM50/stream_gen_agrawal.arff,1,40000.0,2.3125,1.8713116231891858E-9,40000.0,0.9713835421366742,0.7616086730998843,0.946,0.8919965438894044,0.972015552248836,1.0080321285140563,0.9459885402630905,0.9482071713147411,0.8888774565284493,40000.0,3128.0,10.0
meta.DynamicWeightedMajority -l (trees.HoeffdingTree -e 2000000 -g 100 -c 0.01) -e 10,ArffFileStream -f ./../../../Dataset/Synthetic_IM50/stream_gen_agrawal.arff,1,40500.0,2.34375,1.8965996180971477E-9,40500.0,0.9665834653354454,0.7911777142015601,0.946,0.8920276409239234,0.9713835421366742,0.9920318725099602,0.945531757523179,0.9799196787148594,0.8889396709323583,40500.0,3128.0,10.0
meta.DynamicWeightedMajority -l (trees.HoeffdingTree -e 2000000 -g 100 -c 0.01) -e 10,ArffFileStream -f ./../../../Dataset/Synthetic_IM50/stream_gen_agrawal.arff,1,41000.0,2.359375,1.9092436155511285E-9,41000.0,0.9835958005249343,0.8621428370220816,0.964,0.927944661500032,0.9665834653354454,1.032520325203252,0.9635920809568806,0.9803149606299213,0.9260002005414619,41000.0,3128.0,10.0
meta.DynamicWeightedMajority -l (trees.HoeffdingTree -e 2000000 -g 100 -c 0.01) -e 10,ArffFileStream -f ./../../../Dataset/Synthetic_IM50/stream_gen_agrawal.arff,1,41500.0,2.390625,1.9345316104590905E-9,41500.0,0.9773717948717948,0.84501560112073,0.946,0.8916706788637457,0.9835958005249343,1.0833333333333333,0.9449765971868136,0.9653846153846154,0.8889824630932328,41500.0,3128.0,10.0
meta.DynamicWeightedMajority -l (trees.HoeffdingTree -e 2000000 -g 100 -c 0.01) -e 10,ArffFileStream -f ./../../../Dataset/Synthetic_IM50/stream_gen_agrawal.arff,1,42000.0,2.4375,1.9724636028210332E-9,42000.0,0.9744014467703732,0.8188138388167803,0.942,0.8840519447287614,0.9773717948717948,0.968503937007874,0.942101488235115,0.9634146341463414,0.8806818181818181,42000.0,3128.0,10.0
meta.DynamicWeightedMajority -l (trees.HoeffdingTree -e 2000000 -g 100 -c 0.01) -e 10,ArffFileStream -f ./../../../Dataset/Synthetic_IM50/stream_gen_agrawal.arff,1,42500.0,2.46875,1.9977515977289952E-9,42500.0,0.9572410241555223,0.7600340287901397,0.914,0.825453010326687,0.9744014467703732,1.1645021645021645,0.9067463611467674,0.9739776951672863,0.8229424017826866,42500.0,3128.0,10.0
meta.DynamicWeightedMajority -l (trees.HoeffdingTree -e 2000000 -g 100 -c 0.01) -e 10,ArffFileStream -f ./../../../Dataset/Synthetic_IM50/stream_gen_agrawal.arff,1,43000.0,2.484375,2.010395595182976E-9,43000.0,0.9746,0.8010378418961676,0.95,0.8999999999999999,0.9572410241555223,1.0,0.9498294583766077,0.968,0.8972078791355899,43000.0,3128.0,10.0
meta.DynamicWeightedMajority -l (trees.HoeffdingTree -e 2000000 -g 100 -c 0.01) -e 10,ArffFileStream -f ./../../../Dataset/Synthetic_IM50/stream_gen_agrawal.arff,1,43500.0,2.5,2.0230395926369568E-9,43500.0,0.9702761104441777,0.8281056450024258,0.944,0.8881163589866538,0.9746,0.9607843137254902,0.9440532265703239,0.9795918367346939,0.88480635551142,43500.0,3128.0,10.0
meta.DynamicWeightedMajority -l (trees.HoeffdingTree -e 2000000 -g 100 -c 0.01) -e 10,ArffFileStream -f ./../../../Dataset/Synthetic_IM50/stream_gen_agrawal.arff,1,44000.0,2.546875,2.0609715849988995E-9,44000.0,0.968191491063857,0.8100473888950925,0.936,0.8720470866721047,0.9702761104441777,0.9920318725099602,0.9349727198072618,0.9839357429718876,0.8683866143204338,44000.0,3128.0,10.0
meta.DynamicWeightedMajority -l (trees.HoeffdingTree -e 2000000 -g 100 -c 0.01) -e 10,ArffFileStream -f ./../../../Dataset/Synthetic_IM50/stream_gen_agrawal.arff,1,44500.0,2.5625,2.0736155824528803E-9,44500.0,0.972484993997599,0.8264552944465399,0.932,0.8636618814660358,0.968191491063857,1.0408163265306123,0.9294006209410892,0.984313725490196,0.8601598964832017,44500.0,3128.0,10.0
meta.DynamicWeightedMajority -l (trees.HoeffdingTree -e 2000000 -g 100 -c 0.01) -e 10,ArffFileStream -f ./../../../Dataset/Synthetic_IM50/stream_gen_agrawal.arff,1,45000.0,2.578125,2.086259579906861E-9,45000.0,0.9578063130220106,0.8035185644462106,0.92,0.8401968774469853,0.972484993997599,0.9157088122605364,0.9208570381974438,0.9539748953974896,0.8355263157894738,45000.0,3128.0,10.0
meta.DynamicWeightedMajority -l (trees.HoeffdingTree -e 2000000 -g 100 -c 0.01) -e 10,ArffFileStream -f ./../../../Dataset/Synthetic_IM50/stream_gen_agrawal.arff,1,45500.0,2.59375,2.098903577360842E-9,45500.0,0.9857293868921776,0.8723551269441054,0.96,0.9198358237670748,0.9578063130220106,1.0661157024793388,0.9592905316137654,0.9767441860465116,0.9177772758075445,45500.0,3128.0,10.0
meta.DynamicWeightedMajority -l (trees.HoeffdingTree -e 2000000 -g 100 -c 0.01) -e 10,ArffFileStream -f ./../../../Dataset/Synthetic_IM50/stream_gen_agrawal.arff,1,46000.0,2.609375,2.1115475748148227E-9,46000.0,0.9771979124849458,0.8735916008968524,0.952,0.9039769544690724,0.9857293868921776,0.8867924528301887,0.9531793025544277,0.9787234042553191,0.9013404825737265,46000.0,3128.0,10.0
meta.DynamicWeightedMajority -l (trees.HoeffdingTree -e 2000000 -g 100 -c 0.01) -e 10,ArffFileStream -f ./../../../Dataset/Synthetic_IM50/stream_gen_agrawal.arff,1,46500.0,2.625,2.1241915722688034E-9,46500.0,0.9813613873276649,0.8859684441324505,0.958,0.9158869520635734,0.9771979124849458,1.0576131687242798,0.9576215111115133,0.9688715953307393,0.9137062566277836,46500.0,3128.0,10.0
meta.DynamicWeightedMajority -l (trees.HoeffdingTree -e 2000000 -g 100 -c 0.01) -e 10,ArffFileStream -f ./../../../Dataset/Synthetic_IM50/stream_gen_agrawal.arff,1,47000.0,2.640625,2.1368355697227842E-9,47000.0,0.9733407008776988,0.8553010123404512,0.938,0.8761110045399321,0.9813613873276649,0.937984496124031,0.9384784918605206,0.9669421487603306,0.8726454263362614,47000.0,3128.0,10.0
meta.DynamicWeightedMajority -l (trees.HoeffdingTree -e 2000000 -g 100 -c 0.01) -e 10,ArffFileStream -f ./../../../Dataset/Synthetic_IM50/stream_gen_agrawal.arff,1,47500.0,2.65625,2.149479567176765E-9,47500.0,0.9667201926936974,0.8175821727213403,0.936,0.8708531762046978,0.9733407008776988,1.127659574468085,0.9318831807394973,0.9811320754716981,0.8685064232882046,47500.0,3128.0,9.0
meta.DynamicWeightedMajority -l (trees.HoeffdingTree -e 2000000 -g 100 -c 0.01) -e 10,ArffFileStream -f ./../../../Dataset/Synthetic_IM50/stream_gen_agrawal.arff,1,48000.0,2.671875,2.1621235646307458E-9,48000.0,0.9726425517605803,0.8404065794385471,0.938,0.8757773930884143,0.9667201926936974,1.0576131687242798,0.9372388589234241,0.9571984435797666,0.872613646091944,48000.0,3128.0,9.0
meta.DynamicWeightedMajority -l (trees.HoeffdingTree -e 2000000 -g 100 -c 0.01) -e 10,ArffFileStream -f ./../../../Dataset/Synthetic_IM50/stream_gen_agrawal.arff,1,48500.0,2.703125,2.1874115595387078E-9,48500.0,0.9852058696452289,0.8461056375621202,0.96,0.9199577376854978,0.9726425517605803,1.0242914979757085,0.959660677844409,0.9762845849802372,0.917772220573899,48500.0,3128.0,10.0
meta.DynamicWeightedMajority -l (trees.HoeffdingTree -e 2000000 -g 100 -c 0.01) -e 10,ArffFileStream -f ./../../../Dataset/Synthetic_IM50/stream_gen_agrawal.arff,1,49000.0,2.71875,2.2000555569926885E-9,49000.0,0.9703357879706727,0.8556679940984819,0.942,0.8836612214769407,0.9852058696452289,1.109704641350211,0.9417250297563693,0.9467680608365019,0.8807385648342424,49000.0,3128.0,9.0
meta.DynamicWeightedMajority -l (trees.HoeffdingTree -e 2000000 -g 100 -c 0.01) -e 10,ArffFileStream -f ./../../../Dataset/Synthetic_IM50/stream_gen_agrawal.arff,1,49500.0,2.734375,2.2126995544466693E-9,49500.0,0.9840389784946236,0.9172120499799067,0.966,0.9320108782594784,0.9703357879706727,0.9841269841269841,0.9660122791674566,0.9798387096774194,0.9300963615218474,49500.0,3128.0,8.0
meta.DynamicWeightedMajority -l (trees.HoeffdingTree -e 2000000 -g 100 -c 0.01) -e 10,ArffFileStream -f ./../../../Dataset/Synthetic_IM50/stream_gen_agrawal.arff,1,50000.0,2.75,2.22534355190065E-9,50000.0,0.9794946876600102,0.8827559130451047,0.958,0.9160134378499439,0.9840389784946236,0.9841269841269841,0.9580118675419708,0.9717741935483871,0.9136761622888148,50000.0,3128.0,8.0
meta.DynamicWeightedMajority -l (trees.HoeffdingTree -e 2000000 -g 100 -c 0.01) -e 10,ArffFileStream -f ./../../../Dataset/Synthetic_IM50/stream_gen_agrawal.arff,1,50500.0,2.78125,2.250631546808612E-9,50500.0,0.9738850330955594,0.8595698706539611,0.938,0.8757773930884143,0.9794946876600102,0.8796992481203008,0.9387960163343945,0.9529914529914529,0.8725266672095106,50500.0,3128.0,8.0
meta.DynamicWeightedMajority -l (trees.HoeffdingTree -e 2000000 -g 100 -c 0.01) -e 10,ArffFileStream -f ./../../../Dataset/Synthetic_IM50/stream_gen_agrawal.arff,1,51000.0,2.796875,2.263275544262593E-9,51000.0,0.9767691838731931,0.8847088145382516,0.95,0.900083130835145,0.9738850330955594,0.9011406844106464,0.9511162379821968,0.9831223628691983,0.8971732731158514,51000.0,3128.0,8.0
meta.DynamicWeightedMajority -l (trees.HoeffdingTree -e 2000000 -g 100 -c 0.01) -e 10,ArffFileStream -f ./../../../Dataset/Synthetic_IM50/stream_gen_agrawal.arff,1,51500.0,2.828125,2.288563539170555E-9,51500.0,0.9659971811134602,0.7632980322281473,0.924,0.8476880651574425,0.9767691838731931,1.0661157024793388,0.923225216876306,0.9418604651162791,0.8436526324199091,51500.0,3128.0,10.0
meta.DynamicWeightedMajority -l (trees.HoeffdingTree -e 2000000 -g 100 -c 0.01) -e 10,ArffFileStream -f ./../../../Dataset/Synthetic_IM50/stream_gen_agrawal.arff,1,52000.0,2.84375,2.3012075366245356E-9,52000.0,0.9793875714928346,0.8048242592530221,0.952,0.9040982034396777,0.9659971811134602,0.8796992481203008,0.953652515321716,0.9914529914529915,0.9012541045218972,52000.0,3128.0,10.0
meta.DynamicWeightedMajority -l (trees.HoeffdingTree -e 2000000 -g 100 -c 0.01) -e 10,ArffFileStream -f ./../../../Dataset/Synthetic_IM50/stream_gen_agrawal.arff,1,52500.0,2.875,2.3264955315324976E-9,52500.0,0.985202080832333,0.8501132826339977,0.918,0.8353942508431027,0.9793875714928346,1.0408163265306123,0.9124982527240749,1.0,0.8313880620397933,52500.0,3128.0,10.0
meta.DynamicWeightedMajority -l (trees.HoeffdingTree -e 2000000 -g 100 -c 0.01) -e 10,ArffFileStream -f ./../../../Dataset/Synthetic_IM50/stream_gen_agrawal.arff,1,53000.0,2.890625,2.3391395289864784E-9,53000.0,0.9752480802834287,0.8154367562346788,0.936,0.8724713459055332,0.985202080832333,0.9157088122605364,0.936693458936981,1.0,0.8683485348340774,53000.0,3128.0,10.0
meta.DynamicWeightedMajority -l (trees.HoeffdingTree -e 2000000 -g 100 -c 0.01) -e 10,ArffFileStream -f ./../../../Dataset/Synthetic_IM50/stream_gen_agrawal.arff,1,53500.0,2.921875,2.3644275238944403E-9,53500.0,0.9783029052997954,0.7967121217393911,0.934,0.8683538648113871,0.9752480802834287,0.8450184501845018,0.9369494548406628,0.9912663755458515,0.8641609602215897,53500.0,3128.0,10.0
meta.DynamicWeightedMajority -l (trees.HoeffdingTree -e 2000000 -g 100 -c 0.01) -e 10,ArffFileStream -f ./../../../Dataset/Synthetic_IM50/stream_gen_agrawal.arff,1,54000.0,2.953125,2.3897155188024023E-9,54000.0,0.9659340483175428,0.7723506073882299,0.924,0.8469494611009973,0.9783029052997954,1.0920502092050208,0.9194632776919536,0.9808429118773946,0.8435975609756098,54000.0,3128.0,10.0
meta.DynamicWeightedMajority -l (trees.HoeffdingTree -e 2000000 -g 100 -c 0.01) -e 10,ArffFileStream -f ./../../../Dataset/Synthetic_IM50/stream_gen_agrawal.arff,1,54500.0,2.96875,2.402359516256383E-9,54500.0,0.9828421931176169,0.8685459834889437,0.946,0.8920725272616801,0.9659340483175428,0.8939393939393939,0.9472305752623615,0.9788135593220338,0.8887839165595948,54500.0,3128.0,10.0
meta.DynamicWeightedMajority -l (trees.HoeffdingTree -e 2000000 -g 100 -c 0.01) -e 10,ArffFileStream -f ./../../../Dataset/Synthetic_IM50/stream_gen_agrawal.arff,1,55000.0,3.0,2.427647511164345E-9,55000.0,0.9782796524744396,0.8529200168610379,0.938,0.8760317358756158,0.9828421931176169,0.9920318725099602,0.9375276333682188,0.9718875502008032,0.8723372393395978,55000.0,3128.0,10.0
meta.DynamicWeightedMajority -l (trees.HoeffdingTree -e 2000000 -g 100 -c 0.01) -e 10,ArffFileStream -f ./../../../Dataset/Synthetic_IM50/stream_gen_agrawal.arff,1,55500.0,3.015625,2.440291508618326E-9,55500.0,0.9757824500768049,0.8719836771804668,0.956,0.9119661950188872,0.9782796524744396,1.0161290322580645,0.9556204505286133,0.9761904761904762,0.9093709408053442,55500.0,3128.0,10.0
meta.DynamicWeightedMajority -l (trees.HoeffdingTree -e 2000000 -g 100 -c 0.01) -e 10,ArffFileStream -f ./../../../Dataset/Synthetic_IM50/stream_gen_agrawal.arff,1,56000.0,3.03125,2.4529355060723066E-9,56000.0,0.982848,0.8912812855411198,0.952,0.9039999999999999,0.9757824500768049,1.0,0.9518655367224932,0.968,0.9011655697319556,56000.0,3128.0,10.0
meta.DynamicWeightedMajority -l (trees.HoeffdingTree -e 2000000 -g 100 -c 0.01) -e 10,ArffFileStream -f ./../../../Dataset/Synthetic_IM50/stream_gen_agrawal.arff,1,56500.0,3.046875,2.4655795035262874E-9,56500.0,0.9631576420890937,0.8415240360693834,0.93,0.8599865587096363,0.982848,1.0161290322580645,0.9299759947130073,0.9325396825396826,0.8558095446425317,56500.0,3128.0,10.0
meta.DynamicWeightedMajority -l (trees.HoeffdingTree -e 2000000 -g 100 -c 0.01) -e 10,ArffFileStream -f ./../../../Dataset/Synthetic_IM50/stream_gen_agrawal.arff,1,57000.0,3.078125,2.4908674984342494E-9,57000.0,0.975760585719092,0.8430091870306697,0.948,0.8957748737272507,0.9631576420890937,1.0746887966804979,0.9473981433175718,0.9613899613899614,0.8928803758583302,57000.0,3128.0,10.0
meta.DynamicWeightedMajority -l (trees.HoeffdingTree -e 2000000 -g 100 -c 0.01) -e 10,ArffFileStream -f ./../../../Dataset/Synthetic_IM50/stream_gen_agrawal.arff,1,57500.0,3.09375,2.50351149588823E-9,57500.0,0.9871181450128819,0.8836414642661392,0.962,0.9240145891988737,0.975760585719092,0.9762845849802372,0.9620671923273798,0.9757085020242915,0.9216958142201834,57500.0,3128.0,10.0
meta.DynamicWeightedMajority -l (trees.HoeffdingTree -e 2000000 -g 100 -c 0.01) -e 10,ArffFileStream -f ./../../../Dataset/Synthetic_IM50/stream_gen_agrawal.arff,1,58000.0,3.109375,2.516155493342211E-9,58000.0,0.9656173470215216,0.828009932011638,0.922,0.8419465698353003,0.9871181450128819,1.262443438914027,0.9211435772298007,0.9283154121863799,0.8391295071474292,58000.0,3128.0,10.0
meta.DynamicWeightedMajority -l (trees.HoeffdingTree -e 2000000 -g 100 -c 0.01) -e 10,ArffFileStream -f ./../../../Dataset/Synthetic_IM50/stream_gen_agrawal.arff,1,58500.0,3.125,2.5287994907961917E-9,58500.0,0.9716306369876194,0.8386737407936568,0.952,0.9036299389656279,0.9656173470215216,1.1008403361344539,0.9509424207529084,0.9694656488549618,0.90098730606488,58500.0,3128.0,10.0
meta.DynamicWeightedMajority -l (trees.HoeffdingTree -e 2000000 -g 100 -c 0.01) -e 10,ArffFileStream -f ./../../../Dataset/Synthetic_IM50/stream_gen_agrawal.arff,1,59000.0,3.15625,2.5540874857041537E-9,59000.0,0.9596087346311475,0.836807888136013,0.936,0.871778433132453,0.9716306369876194,1.0491803278688525,0.935037750180331,0.9609375,0.8679581774311992,59000.0,3128.0,10.0
meta.DynamicWeightedMajority -l (trees.HoeffdingTree -e 2000000 -g 100 -c 0.01) -e 10,ArffFileStream -f ./../../../Dataset/Synthetic_IM50/stream_gen_agrawal.arff,1,59500.0,3.171875,2.5667314831581345E-9,59500.0,0.9736273238218763,0.8471478735926313,0.94,0.8800940062990615,0.9596087346311475,0.9455252918287937,0.9403686968078925,0.9670781893004116,0.8762607881875843,59500.0,3128.0,10.0
meta.DynamicWeightedMajority -l (trees.HoeffdingTree -e 2000000 -g 100 -c 0.01) -e 10,ArffFileStream -f ./../../../Dataset/Synthetic_IM50/stream_gen_agrawal.arff,1,60000.0,3.1875,2.5793754806121153E-9,60000.0,0.9815253586065574,0.8569326830320212,0.952,0.9039999999999999,0.9736273238218763,0.953125,0.9521986394526143,0.9631147540983607,0.9010343287172261,60000.0,3128.0,10.0
meta.DynamicWeightedMajority -l (trees.HoeffdingTree -e 2000000 -g 100 -c 0.01) -e 10,ArffFileStream -f ./../../../Dataset/Synthetic_IM50/stream_gen_agrawal.arff,1,60500.0,3.21875,2.6046634755200772E-9,60500.0,0.9895433307731695,0.8559500991920022,0.952,0.9040307101727446,0.9815253586065574,0.9841269841269841,0.9518959978818118,0.9758064516129032,0.9010427315477406,60500.0,3128.0,10.0
meta.DynamicWeightedMajority -l (trees.HoeffdingTree -e 2000000 -g 100 -c 0.01) -e 10,ArffFileStream -f ./../../../Dataset/Synthetic_IM50/stream_gen_agrawal.arff,1,61000.0,3.234375,2.617307472974058E-9,61000.0,0.987824,0.8704814708520134,0.956,0.9119999999999999,0.9895433307731695,1.0,0.9557907720835142,0.976,0.9093335134952538,61000.0,3128.0,10.0
meta.DynamicWeightedMajority -l (trees.HoeffdingTree -e 2000000 -g 100 -c 0.01) -e 10,ArffFileStream -f ./../../../Dataset/Synthetic_IM50/stream_gen_agrawal.arff,1,61500.0,3.25,2.629951470428039E-9,61500.0,0.9820545256977895,0.8471443877056027,0.942,0.881470097766733,0.987824,1.262443438914027,0.936301415974566,0.978494623655914,0.8803742705748204,61500.0,3128.0,10.0
meta.DynamicWeightedMajority -l (trees.HoeffdingTree -e 2000000 -g 100 -c 0.01) -e 10,ArffFileStream -f ./../../../Dataset/Synthetic_IM50/stream_gen_agrawal.arff,1,62000.0,3.265625,2.6425954678820196E-9,62000.0,0.9828717259476152,0.8875448938186036,0.96,0.9199807953908937,0.9820545256977895,1.0080321285140563,0.9594741942604144,0.9880478087649402,0.9175175441513952,62000.0,3128.0,10.0
meta.DynamicWeightedMajority -l (trees.HoeffdingTree -e 2000000 -g 100 -c 0.01) -e 10,ArffFileStream -f ./../../../Dataset/Synthetic_IM50/stream_gen_agrawal.arff,1,62500.0,3.296875,2.6678834627899816E-9,62500.0,0.9723160135059449,0.8418520361231073,0.95,0.899932754811233,0.9828717259476152,1.0242914979757085,0.9494597475559251,0.9723320158102767,0.8968817026893251,62500.0,3128.0,9.0
meta.DynamicWeightedMajority -l (trees.HoeffdingTree -e 2000000 -g 100 -c 0.01) -e 10,ArffFileStream -f ./../../../Dataset/Synthetic_IM50/stream_gen_agrawal.arff,1,63000.0,3.296875,2.6678834627899816E-9,63000.0,0.9811924769907964,0.8902735658365976,0.954,0.9080588423409017,0.9723160135059449,0.9607843137254902,0.9541719853732179,0.9795918367346939,0.9051266941661755,63000.0,3128.0,9.0
meta.DynamicWeightedMajority -l (trees.HoeffdingTree -e 2000000 -g 100 -c 0.01) -e 10,ArffFileStream -f ./../../../Dataset/Synthetic_IM50/stream_gen_agrawal.arff,1,63500.0,3.3125,2.6805274602439623E-9,63500.0,0.9749323902641981,0.8424573335081146,0.942,0.8839331454918032,0.9811924769907964,1.0242914979757085,0.9415899687233106,0.9604743083003953,0.8803482667879535,63500.0,3128.0,10.0
meta.DynamicWeightedMajority -l (trees.HoeffdingTree -e 2000000 -g 100 -c 0.01) -e 10,ArffFileStream -f ./../../../Dataset/Synthetic_IM50/stream_gen_agrawal.arff,1,64000.0,3.328125,2.693171457697943E-9,64000.0,0.9821108550947261,0.8546519005922325,0.958,0.9160080632259302,0.9749323902641981,0.9841269841269841,0.9580285697198104,0.967741935483871,0.913362985882808,64000.0,3128.0,10.0
meta.DynamicWeightedMajority -l (trees.HoeffdingTree -e 2000000 -g 100 -c 0.01) -e 10,ArffFileStream -f ./../../../Dataset/Synthetic_IM50/stream_gen_agrawal.arff,1,64500.0,3.359375,2.718459452605905E-9,64500.0,0.9695435126962031,0.8111869451288237,0.942,0.8840259781808874,0.9821108550947261,0.9920318725099602,0.9416486538168022,0.9718875502008032,0.8803607406696727,64500.0,3128.0,10.0
meta.DynamicWeightedMajority -l (trees.HoeffdingTree -e 2000000 -g 100 -c 0.01) -e 10,ArffFileStream -f ./../../../Dataset/Synthetic_IM50/stream_gen_agrawal.arff,1,65000.0,3.375,2.731103450059886E-9,65000.0,0.9596547571256524,0.7419974968320182,0.902,0.8020042023597868,0.9695435126962031,1.127659574468085,0.8963819510497766,0.9584905660377359,0.7978034535297106,65000.0,3128.0,10.0
meta.DynamicWeightedMajority -l (trees.HoeffdingTree -e 2000000 -g 100 -c 0.01) -e 10,ArffFileStream -f ./../../../Dataset/Synthetic_IM50/stream_gen_agrawal.arff,1,65500.0,3.390625,2.7437474475138667E-9,65500.0,0.9884648062218155,0.8702984354797961,0.956,0.9111814482268586,0.9596547571256524,0.7482517482517482,0.960335172846575,0.9953271028037384,0.9092083293954571,65500.0,3128.0,10.0
meta.DynamicWeightedMajority -l (trees.HoeffdingTree -e 2000000 -g 100 -c 0.01) -e 10,ArffFileStream -f ./../../../Dataset/Synthetic_IM50/stream_gen_agrawal.arff,1,66000.0,3.421875,2.7690354424218286E-9,66000.0,0.9666232156938477,0.8423323526604996,0.934,0.8675167009249743,0.9884648062218155,0.8587360594795539,0.9346430704267285,0.9437229437229437,0.8637643085006569,66000.0,3128.0,10.0
meta.DynamicWeightedMajority -l (trees.HoeffdingTree -e 2000000 -g 100 -c 0.01) -e 10,ArffFileStream -f ./../../../Dataset/Synthetic_IM50/stream_gen_agrawal.arff,1,66500.0,3.4375,2.7816794398758094E-9,66500.0,0.9866380758829272,0.8845248006520146,0.944,0.8879731135472513,0.9666232156938477,0.9762845849802372,0.9439323626171253,0.9392712550607287,0.8844124402507914,66500.0,3128.0,9.0
meta.DynamicWeightedMajority -l (trees.HoeffdingTree -e 2000000 -g 100 -c 0.01) -e 10,ArffFileStream -f ./../../../Dataset/Synthetic_IM50/stream_gen_agrawal.arff,1,67000.0,3.46875,2.8069674347837714E-9,67000.0,0.9836629544290835,0.8766901444695891,0.94,0.8799539022984825,0.9866380758829272,0.9841269841269841,0.9396129542743894,0.9193548387096774,0.8761476369462073,67000.0,3128.0,9.0
meta.DynamicWeightedMajority -l (trees.HoeffdingTree -e 2000000 -g 100 -c 0.01) -e 10,ArffFileStream -f ./../../../Dataset/Synthetic_IM50/stream_gen_agrawal.arff,1,67500.0,3.484375,2.819611432237752E-9,67500.0,0.9768963418540586,0.811722534246704,0.93,0.8597666517084429,0.9836629544290835,0.937984496124031,0.9295271686483562,0.9173553719008265,0.8555045871559634,67500.0,3128.0,10.0
meta.DynamicWeightedMajority -l (trees.HoeffdingTree -e 2000000 -g 100 -c 0.01) -e 10,ArffFileStream -f ./../../../Dataset/Synthetic_IM50/stream_gen_agrawal.arff,1,68000.0,3.5,2.832255429691733E-9,68000.0,0.9808125321667525,0.8218319015815889,0.946,0.8919066073087146,0.9768963418540586,0.8656716417910447,0.9475263729750604,0.9741379310344828,0.8884941240776167,68000.0,3128.0,10.0
meta.DynamicWeightedMajority -l (trees.HoeffdingTree -e 2000000 -g 100 -c 0.01) -e 10,ArffFileStream -f ./../../../Dataset/Synthetic_IM50/stream_gen_agrawal.arff,1,68500.0,3.515625,2.8448994271457137E-9,68500.0,0.9777008288045657,0.8310936710308061,0.944,0.8876638903599569,0.9808125321667525,1.0920502092050208,0.9432510284994943,0.9578544061302682,0.8843777315610211,68500.0,3128.0,10.0
meta.DynamicWeightedMajority -l (trees.HoeffdingTree -e 2000000 -g 100 -c 0.01) -e 10,ArffFileStream -f ./../../../Dataset/Synthetic_IM50/stream_gen_agrawal.arff,1,69000.0,3.53125,2.8575434245996945E-9,69000.0,0.9700680272108844,0.833428516060515,0.932,0.8637492987096258,0.9777008288045657,1.0408163265306123,0.9305021943732822,0.9686274509803922,0.8596134282807733,69000.0,3128.0,10.0
meta.DynamicWeightedMajority -l (trees.HoeffdingTree -e 2000000 -g 100 -c 0.01) -e 10,ArffFileStream -f ./../../../Dataset/Synthetic_IM50/stream_gen_agrawal.arff,1,69500.0,3.5625,2.8828314195076565E-9,69500.0,0.9710485884386403,0.7974394897413949,0.95,0.8999423668032787,0.9700680272108844,1.032520325203252,0.9497657216709137,0.9606299212598425,0.896783200166335,69500.0,3128.0,10.0
meta.DynamicWeightedMajority -l (trees.HoeffdingTree -e 2000000 -g 100 -c 0.01) -e 10,ArffFileStream -f ./../../../Dataset/Synthetic_IM50/stream_gen_agrawal.arff,1,70000.0,3.578125,2.8954754169616373E-9,70000.0,0.977192,0.8506788051209061,0.946,0.8919999999999999,0.9710485884386403,1.0,0.9458964002468769,0.96,0.8885777450257921,70000.0,3128.0,10.0
meta.DynamicWeightedMajority -l (trees.HoeffdingTree -e 2000000 -g 100 -c 0.01) -e 10,ArffFileStream -f ./../../../Dataset/Synthetic_IM50/stream_gen_agrawal.arff,1,70500.0,3.59375,2.908119414415618E-9,70500.0,0.9814948156682027,0.8799721528855349,0.954,0.9079911671520465,0.977192,0.9841269841269841,0.9539781154469238,0.9516129032258065,0.9050449448071911,70500.0,3128.0,10.0
meta.DynamicWeightedMajority -l (trees.HoeffdingTree -e 2000000 -g 100 -c 0.01) -e 10,ArffFileStream -f ./../../../Dataset/Synthetic_IM50/stream_gen_agrawal.arff,1,71000.0,3.625,2.93340740932358E-9,71000.0,0.9702220942140297,0.8314216475179483,0.942,0.8839665823757241,0.9814948156682027,1.0161290322580645,0.941773201972159,0.9563492063492064,0.880318530574285,71000.0,3128.0,10.0
meta.DynamicWeightedMajority -l (trees.HoeffdingTree -e 2000000 -g 100 -c 0.01) -e 10,ArffFileStream -f ./../../../Dataset/Synthetic_IM50/stream_gen_agrawal.arff,1,71500.0,3.640625,2.946051406777561E-9,71500.0,0.9806441796399513,0.8534805467641379,0.956,0.9120225222343079,0.9702220942140297,0.937984496124031,0.9564144928693534,0.9752066115702479,0.9092063492063491,71500.0,3128.0,10.0
meta.DynamicWeightedMajority -l (trees.HoeffdingTree -e 2000000 -g 100 -c 0.01) -e 10,ArffFileStream -f ./../../../Dataset/Synthetic_IM50/stream_gen_agrawal.arff,1,72000.0,3.65625,2.9586954042315416E-9,72000.0,0.9775310578893442,0.863638895843766,0.954,0.9080441388133695,0.9806441796399513,0.953125,0.9542727737074679,0.9754098360655737,0.9050921282631744,72000.0,3128.0,9.0
meta.DynamicWeightedMajority -l (trees.HoeffdingTree -e 2000000 -g 100 -c 0.01) -e 10,ArffFileStream -f ./../../../Dataset/Synthetic_IM50/stream_gen_agrawal.arff,1,72500.0,3.671875,2.9713394016855224E-9,72500.0,0.9792316926770708,0.8757465383177595,0.954,0.9078820890740147,0.9775310578893442,1.0408163265306123,0.953265695488135,0.9764705882352941,0.9050993113653177,72500.0,3128.0,9.0
meta.DynamicWeightedMajority -l (trees.HoeffdingTree -e 2000000 -g 100 -c 0.01) -e 10,ArffFileStream -f ./../../../Dataset/Synthetic_IM50/stream_gen_agrawal.arff,1,73000.0,3.6875,2.983983399139503E-9,73000.0,0.9787826420890937,0.885396182140943,0.958,0.915970421588399,0.9792316926770708,1.0161290322580645,0.9576777628141069,0.9761904761904762,0.9133775957056081,73000.0,3128.0,9.0
meta.DynamicWeightedMajority -l (trees.HoeffdingTree -e 2000000 -g 100 -c 0.01) -e 10,ArffFileStream -f ./../../../Dataset/Synthetic_IM50/stream_gen_agrawal.arff,1,73500.0,3.703125,2.996627396593484E-9,73500.0,0.9798014792374998,0.866098155513938,0.938,0.8755819553700432,0.9787826420890937,0.8450184501845018,0.9392683213305103,0.9563318777292577,0.8720949814752441,73500.0,3128.0,7.0
meta.DynamicWeightedMajority -l (trees.HoeffdingTree -e 2000000 -g 100 -c 0.01) -e 10,ArffFileStream -f ./../../../Dataset/Synthetic_IM50/stream_gen_agrawal.arff,1,74000.0,3.71875,3.0092713940474647E-9,74000.0,0.9665270287621982,0.8487905343885678,0.94,0.8792970258787175,0.9798014792374998,1.11864406779661,0.9380615934781179,0.9659090909090909,0.8762472824572161,74000.0,3128.0,7.0
meta.DynamicWeightedMajority -l (trees.HoeffdingTree -e 2000000 -g 100 -c 0.01) -e 10,ArffFileStream -f ./../../../Dataset/Synthetic_IM50/stream_gen_agrawal.arff,1,74500.0,3.734375,3.0219153915014455E-9,74500.0,0.9847859143657463,0.8771530612244938,0.952,0.9039615846338535,0.9665270287621982,1.0408163265306123,0.9519803078859568,0.9529411764705882,0.9009637753406446,74500.0,3128.0,8.0
meta.DynamicWeightedMajority -l (trees.HoeffdingTree -e 2000000 -g 100 -c 0.01) -e 10,ArffFileStream -f ./../../../Dataset/Synthetic_IM50/stream_gen_agrawal.arff,1,75000.0,3.75,3.0345593889554263E-9,75000.0,0.9638225475089882,0.7533085183707526,0.912,0.8230487098642302,0.9847859143657463,1.11864406779661,0.9102562189739716,0.9356060606060606,0.8183719522263196,75000.0,3128.0,9.0
meta.DynamicWeightedMajority -l (trees.HoeffdingTree -e 2000000 -g 100 -c 0.01) -e 10,ArffFileStream -f ./../../../Dataset/Synthetic_IM50/stream_gen_agrawal.arff,1,75500.0,3.75,3.0345593889554263E-9,75500.0,0.9687995388384494,0.857559578657716,0.942,0.8836089259913308,0.9638225475089882,1.0576131687242798,0.9394572596318884,0.9883268482490273,0.8802930483037641,75500.0,3128.0,9.0
meta.DynamicWeightedMajority -l (trees.HoeffdingTree -e 2000000 -g 100 -c 0.01) -e 10,ArffFileStream -f ./../../../Dataset/Synthetic_IM50/stream_gen_agrawal.arff,1,76000.0,3.765625,3.047203386409407E-9,76000.0,0.9757249683752062,0.8622628520442361,0.954,0.9081234820401379,0.9687995388384494,0.9455252918287937,0.9543217551379967,0.9917695473251029,0.9050954203653934,76000.0,3128.0,10.0
meta.DynamicWeightedMajority -l (trees.HoeffdingTree -e 2000000 -g 100 -c 0.01) -e 10,ArffFileStream -f ./../../../Dataset/Synthetic_IM50/stream_gen_agrawal.arff,1,76500.0,3.78125,3.059847383863388E-9,76500.0,0.9790849882383064,0.8757287716097721,0.962,0.9239269698910954,0.9757249683752062,1.0242914979757085,0.9609687707625503,0.9960474308300395,0.9215596330275229,76500.0,3128.0,10.0
meta.DynamicWeightedMajority -l (trees.HoeffdingTree -e 2000000 -g 100 -c 0.01) -e 10,ArffFileStream -f ./../../../Dataset/Synthetic_IM50/stream_gen_agrawal.arff,1,77000.0,3.8125,3.08513537877135E-9,77000.0,0.9712795404726475,0.805745858933615,0.936,0.871973370461056,0.9790849882383064,1.0080321285140563,0.9355885875832836,0.9601593625498008,0.8678997453424475,77000.0,3128.0,10.0
meta.DynamicWeightedMajority -l (trees.HoeffdingTree -e 2000000 -g 100 -c 0.01) -e 10,ArffFileStream -f ./../../../Dataset/Synthetic_IM50/stream_gen_agrawal.arff,1,77500.0,3.8125,3.08513537877135E-9,77500.0,0.9754177069329748,0.8052026804682016,0.954,0.9080529614941792,0.9712795404726475,0.968503937007874,0.9540697163992158,0.9796747967479674,0.9050422182563993,77500.0,3128.0,10.0
meta.DynamicWeightedMajority -l (trees.HoeffdingTree -e 2000000 -g 100 -c 0.01) -e 10,ArffFileStream -f ./../../../Dataset/Synthetic_IM50/stream_gen_agrawal.arff,1,78000.0,3.828125,3.0977793762253306E-9,78000.0,0.9821037136594185,0.9005810299861321,0.968,0.9360112620178848,0.9754177069329748,0.9920318725099602,0.967801108815122,0.9919678714859438,0.933949032787319,78000.0,3128.0,10.0
meta.DynamicWeightedMajority -l (trees.HoeffdingTree -e 2000000 -g 100 -c 0.01) -e 10,ArffFileStream -f ./../../../Dataset/Synthetic_IM50/stream_gen_agrawal.arff,1,78500.0,3.84375,3.1104233736793114E-9,78500.0,0.9659754556072897,0.8305405105756711,0.93,0.8599641508226107,0.9821037136594185,1.0080321285140563,0.9293857219288029,0.9601593625498008,0.85555059015273,78500.0,3128.0,10.0
meta.DynamicWeightedMajority -l (trees.HoeffdingTree -e 2000000 -g 100 -c 0.01) -e 10,ArffFileStream -f ./../../../Dataset/Synthetic_IM50/stream_gen_agrawal.arff,1,79000.0,3.859375,3.123067371133292E-9,79000.0,0.9817733358959575,0.8940327202747891,0.956,0.91206753213532,0.9659754556072897,0.937984496124031,0.9564814757102711,0.9834710743801653,0.9092262293369544,79000.0,3128.0,10.0
meta.DynamicWeightedMajority -l (trees.HoeffdingTree -e 2000000 -g 100 -c 0.01) -e 10,ArffFileStream -f ./../../../Dataset/Synthetic_IM50/stream_gen_agrawal.arff,1,79500.0,3.890625,3.148355366041254E-9,79500.0,0.9689421106557377,0.8502916315815332,0.954,0.9079027452990357,0.9817733358959575,1.0491803278688525,0.9536686335960296,0.96484375,0.9051091102519525,79500.0,3128.0,10.0
meta.DynamicWeightedMajority -l (trees.HoeffdingTree -e 2000000 -g 100 -c 0.01) -e 10,ArffFileStream -f ./../../../Dataset/Synthetic_IM50/stream_gen_agrawal.arff,1,80000.0,3.90625,3.160999363495235E-9,80000.0,0.9667603372139703,0.824076024810662,0.932,0.8631790744466802,0.9689421106557377,1.127659574468085,0.9302361104559996,0.9547169811320755,0.8596997988342705,80000.0,3128.0,10.0
meta.DynamicWeightedMajority -l (trees.HoeffdingTree -e 2000000 -g 100 -c 0.01) -e 10,ArffFileStream -f ./../../../Dataset/Synthetic_IM50/stream_gen_agrawal.arff,1,80500.0,3.921875,3.1736433609492157E-9,80500.0,0.9723982334869432,0.8626655809675532,0.948,0.8959467247230581,0.9667603372139703,1.0161290322580645,0.9473465246613925,0.9761904761904762,0.8927134326062998,80500.0,3128.0,10.0
meta.DynamicWeightedMajority -l (trees.HoeffdingTree -e 2000000 -g 100 -c 0.01) -e 10,ArffFileStream -f ./../../../Dataset/Synthetic_IM50/stream_gen_agrawal.arff,1,81000.0,3.953125,3.1989313558571777E-9,81000.0,0.9797198879551821,0.8160929746221453,0.952,0.9040230344717267,0.9723982334869432,0.9607843137254902,0.9521820520594293,0.9673469387755103,0.9009679062659194,81000.0,3128.0,10.0
meta.DynamicWeightedMajority -l (trees.HoeffdingTree -e 2000000 -g 100 -c 0.01) -e 10,ArffFileStream -f ./../../../Dataset/Synthetic_IM50/stream_gen_agrawal.arff,1,81500.0,3.984375,3.2242193507651396E-9,81500.0,0.9766376839442122,0.8480735595579676,0.938,0.876138724628416,0.9797198879551821,0.9455252918287937,0.9383487148579518,0.9711934156378601,0.8720435553304633,81500.0,3128.0,10.0
meta.DynamicWeightedMajority -l (trees.HoeffdingTree -e 2000000 -g 100 -c 0.01) -e 10,ArffFileStream -f ./../../../Dataset/Synthetic_IM50/stream_gen_agrawal.arff,1,82000.0,4.0,3.2368633482191204E-9,82000.0,0.9703189036885246,0.8521068271726939,0.942,0.8841001374812161,0.9766376839442122,0.953125,0.9422522992764748,0.9713114754098361,0.8803040217446015,82000.0,3128.0,10.0
meta.DynamicWeightedMajority -l (trees.HoeffdingTree -e 2000000 -g 100 -c 0.01) -e 10,ArffFileStream -f ./../../../Dataset/Synthetic_IM50/stream_gen_agrawal.arff,1,82500.0,4.0,3.2368633482191204E-9,82500.0,0.9691316526610644,0.8158666022300372,0.96,0.9200319872051179,0.9703189036885246,0.9607843137254902,0.9601920576192067,0.9795918367346939,0.9174525352077444,82500.0,3128.0,10.0
meta.DynamicWeightedMajority -l (trees.HoeffdingTree -e 2000000 -g 100 -c 0.01) -e 10,ArffFileStream -f ./../../../Dataset/Synthetic_IM50/stream_gen_agrawal.arff,1,83000.0,4.015625,3.249507345673101E-9,83000.0,0.9717901945724526,0.8370921825953404,0.946,0.8919688870394673,0.9691316526610644,1.0161290322580645,0.9457744167145926,0.9603174603174603,0.8885601332703448,83000.0,3128.0,10.0
meta.DynamicWeightedMajority -l (trees.HoeffdingTree -e 2000000 -g 100 -c 0.01) -e 10,ArffFileStream -f ./../../../Dataset/Synthetic_IM50/stream_gen_agrawal.arff,1,83500.0,4.03125,3.262151343127082E-9,83500.0,0.9711546163828322,0.8449916541112642,0.942,0.8839999999999999,0.9717901945724526,0.9305019305019305,0.9424389081844909,0.9585062240663901,0.8802482567627713,83500.0,3128.0,10.0
meta.DynamicWeightedMajority -l (trees.HoeffdingTree -e 2000000 -g 100 -c 0.01) -e 10,ArffFileStream -f ./../../../Dataset/Synthetic_IM50/stream_gen_agrawal.arff,1,84000.0,4.046875,3.2747953405810628E-9,84000.0,0.9820717770929636,0.8793995237533357,0.952,0.9034811144713981,0.9711546163828322,1.11864406779661,0.9504530182536904,0.9734848484848485,0.9009117495269223,84000.0,3128.0,10.0
meta.DynamicWeightedMajority -l (trees.HoeffdingTree -e 2000000 -g 100 -c 0.01) -e 10,ArffFileStream -f ./../../../Dataset/Synthetic_IM50/stream_gen_agrawal.arff,1,84500.0,4.0625,3.2874393380350435E-9,84500.0,0.9626349649452118,0.8523164883779181,0.942,0.883320458349427,0.9820717770929636,1.109704641350211,0.93969553948048,0.973384030418251,0.880253127443315,84500.0,3128.0,10.0
meta.DynamicWeightedMajority -l (trees.HoeffdingTree -e 2000000 -g 100 -c 0.01) -e 10,ArffFileStream -f ./../../../Dataset/Synthetic_IM50/stream_gen_agrawal.arff,1,85000.0,4.078125,3.3000833354890243E-9,85000.0,0.9869030263221135,0.9134780611155885,0.962,0.9238684446723938,0.9626349649452118,1.0746887966804979,0.9617061103689455,0.9691119691119691,0.9215429084991134,85000.0,3128.0,10.0
meta.DynamicWeightedMajority -l (trees.HoeffdingTree -e 2000000 -g 100 -c 0.01) -e 10,ArffFileStream -f ./../../../Dataset/Synthetic_IM50/stream_gen_agrawal.arff,1,85500.0,4.078125,3.3000833354890243E-9,85500.0,0.9740056022408964,0.8704888657675844,0.944,0.8880805819809736,0.9869030263221135,0.9607843137254902,0.9441549509633317,0.9714285714285714,0.8843785467629373,85500.0,3128.0,10.0
meta.DynamicWeightedMajority -l (trees.HoeffdingTree -e 2000000 -g 100 -c 0.01) -e 10,ArffFileStream -f ./../../../Dataset/Synthetic_IM50/stream_gen_agrawal.arff,1,86000.0,4.09375,3.312727332943005E-9,86000.0,0.9808289574795082,0.8097967018338301,0.95,0.8999903990783115,0.9740056022408964,0.953125,0.9501705250318725,0.9590163934426229,0.8967611822045088,86000.0,3128.0,10.0
meta.DynamicWeightedMajority -l (trees.HoeffdingTree -e 2000000 -g 100 -c 0.01) -e 10,ArffFileStream -f ./../../../Dataset/Synthetic_IM50/stream_gen_agrawal.arff,1,86500.0,4.109375,3.325371330396986E-9,86500.0,0.9644471153846154,0.7850936496196071,0.932,0.8640435060780551,0.9808289574795082,0.9230769230769231,0.9326090367268673,0.9541666666666667,0.8595879783246999,86500.0,3128.0,10.0
meta.DynamicWeightedMajority -l (trees.HoeffdingTree -e 2000000 -g 100 -c 0.01) -e 10,ArffFileStream -f ./../../../Dataset/Synthetic_IM50/stream_gen_agrawal.arff,1,87000.0,4.125,3.3380153278509667E-9,87000.0,0.970796318527411,0.8183489382597154,0.926,0.8520710059171599,0.9644471153846154,0.9607843137254902,0.9261830953166983,0.9469387755102041,0.8472090374026962,87000.0,3128.0,10.0
meta.DynamicWeightedMajority -l (trees.HoeffdingTree -e 2000000 -g 100 -c 0.01) -e 10,ArffFileStream -f ./../../../Dataset/Synthetic_IM50/stream_gen_agrawal.arff,1,87500.0,4.140625,3.3506593253049475E-9,87500.0,0.9809050295431618,0.8875355147303511,0.962,0.9240170201874779,0.970796318527411,0.9455252918287937,0.9623253290392526,0.9794238683127572,0.9215413294320299,87500.0,3128.0,10.0
meta.DynamicWeightedMajority -l (trees.HoeffdingTree -e 2000000 -g 100 -c 0.01) -e 10,ArffFileStream -f ./../../../Dataset/Synthetic_IM50/stream_gen_agrawal.arff,1,88000.0,4.15625,3.3633033227589282E-9,88000.0,0.9747589932712215,0.8603000765571096,0.942,0.8834667438197189,0.9809050295431618,0.8115942028985508,0.9442090854791905,0.96875,0.8801821681769096,88000.0,3128.0,8.0
meta.DynamicWeightedMajority -l (trees.HoeffdingTree -e 2000000 -g 100 -c 0.01) -e 10,ArffFileStream -f ./../../../Dataset/Synthetic_IM50/stream_gen_agrawal.arff,1,88500.0,4.1875,3.3885913176668902E-9,88500.0,0.9677822457905445,0.8547849426998857,0.954,0.908026488371349,0.9747589932712215,0.9305019305019305,0.9545159959997835,0.975103734439834,0.9049697705361935,88500.0,3128.0,8.0
meta.DynamicWeightedMajority -l (trees.HoeffdingTree -e 2000000 -g 100 -c 0.01) -e 10,ArffFileStream -f ./../../../Dataset/Synthetic_IM50/stream_gen_agrawal.arff,1,89000.0,4.1875,3.3885913176668902E-9,89000.0,0.9586473383574137,0.8118586421924845,0.934,0.8680253391348862,0.9677822457905445,0.9920318725099602,0.9337483334256628,0.9598393574297188,0.863649025069638,89000.0,3128.0,9.0
meta.DynamicWeightedMajority -l (trees.HoeffdingTree -e 2000000 -g 100 -c 0.01) -e 10,ArffFileStream -f ./../../../Dataset/Synthetic_IM50/stream_gen_agrawal.arff,1,89500.0,4.203125,3.401235315120871E-9,89500.0,0.9769951923076923,0.8696364984334338,0.95,0.8998878744193496,0.9586473383574137,0.9230769230769231,0.9501518097327719,0.9541666666666667,0.896667975154132,89500.0,3128.0,10.0
meta.DynamicWeightedMajority -l (trees.HoeffdingTree -e 2000000 -g 100 -c 0.01) -e 10,ArffFileStream -f ./../../../Dataset/Synthetic_IM50/stream_gen_agrawal.arff,1,90000.0,4.21875,3.4138793125748518E-9,90000.0,0.9644314309028944,0.7657301261918169,0.94,0.8799711930863406,0.9769951923076923,1.0080321285140563,0.9394626769818709,0.9681274900398407,0.8760273658111023,90000.0,3128.0,10.0
meta.DynamicWeightedMajority -l (trees.HoeffdingTree -e 2000000 -g 100 -c 0.01) -e 10,ArffFileStream -f ./../../../Dataset/Synthetic_IM50/stream_gen_agrawal.arff,1,90500.0,4.234375,3.4265233100288326E-9,90500.0,0.9721959962234562,0.766221037028336,0.94,0.8800057597235331,0.9644314309028944,0.9762845849802372,0.940059176020657,0.9473684210526315,0.8760019182023703,90500.0,3128.0,10.0
meta.DynamicWeightedMajority -l (trees.HoeffdingTree -e 2000000 -g 100 -c 0.01) -e 10,ArffFileStream -f ./../../../Dataset/Synthetic_IM50/stream_gen_agrawal.arff,1,91000.0,4.265625,3.4518113049367945E-9,91000.0,0.9749775078722447,0.8769869869782134,0.966,0.9315267126377521,0.9721959962234562,1.1367521367521367,0.9641408136340235,0.9887218045112782,0.9297281337300415,91000.0,3128.0,10.0
meta.DynamicWeightedMajority -l (trees.HoeffdingTree -e 2000000 -g 100 -c 0.01) -e 10,ArffFileStream -f ./../../../Dataset/Synthetic_IM50/stream_gen_agrawal.arff,1,91500.0,4.28125,3.4644553023907753E-9,91500.0,0.9676460693058203,0.8449946537175456,0.946,0.8919377561475409,0.9749775078722447,0.9305019305019305,0.9462560113251084,0.9543568464730291,0.8884121140947174,91500.0,3128.0,10.0
meta.DynamicWeightedMajority -l (trees.HoeffdingTree -e 2000000 -g 100 -c 0.01) -e 10,ArffFileStream -f ./../../../Dataset/Synthetic_IM50/stream_gen_agrawal.arff,1,92000.0,4.3125,3.4897432972987373E-9,92000.0,0.9745437311226784,0.8585112162300238,0.954,0.9074550956029098,0.9676460693058203,1.1367521367521367,0.9527592269782801,0.9699248120300752,0.9049351932969426,92000.0,3128.0,10.0
meta.DynamicWeightedMajority -l (trees.HoeffdingTree -e 2000000 -g 100 -c 0.01) -e 10,ArffFileStream -f ./../../../Dataset/Synthetic_IM50/stream_gen_agrawal.arff,1,92500.0,4.328125,3.502387294752718E-9,92500.0,0.9779623583637411,0.807935293133484,0.924,0.8478831742778454,0.9745437311226784,0.968503937007874,0.9235639449503567,0.9065040650406504,0.8429611758924185,92500.0,3128.0,10.0
meta.DynamicWeightedMajority -l (trees.HoeffdingTree -e 2000000 -g 100 -c 0.01) -e 10,ArffFileStream -f ./../../../Dataset/Synthetic_IM50/stream_gen_agrawal.arff,1,93000.0,4.34375,3.515031292206699E-9,93000.0,0.9701693394639452,0.8510520543715544,0.952,0.9037921911328469,0.9779623583637411,1.0746887966804979,0.951405856794685,0.9652509652509652,0.9008110209976669,93000.0,3128.0,10.0
meta.DynamicWeightedMajority -l (trees.HoeffdingTree -e 2000000 -g 100 -c 0.01) -e 10,ArffFileStream -f ./../../../Dataset/Synthetic_IM50/stream_gen_agrawal.arff,1,93500.0,4.359375,3.5276752896606796E-9,93500.0,0.9790946620583717,0.8724749832265175,0.954,0.908002943905795,0.9701693394639452,0.9841269841269841,0.9540284329599706,0.9596774193548387,0.9049586776859503,93500.0,3128.0,10.0
meta.DynamicWeightedMajority -l (trees.HoeffdingTree -e 2000000 -g 100 -c 0.01) -e 10,ArffFileStream -f ./../../../Dataset/Synthetic_IM50/stream_gen_agrawal.arff,1,94000.0,4.375,3.5403192871146604E-9,94000.0,0.9792691327961037,0.8454782041146025,0.956,0.9119619675699902,0.9790946620583717,0.9305019305019305,0.9563185926483055,0.966804979253112,0.9090829156774817,94000.0,3128.0,10.0
meta.DynamicWeightedMajority -l (trees.HoeffdingTree -e 2000000 -g 100 -c 0.01) -e 10,ArffFileStream -f ./../../../Dataset/Synthetic_IM50/stream_gen_agrawal.arff,1,94500.0,4.390625,3.552963284568641E-9,94500.0,0.978863301045609,0.866204337543602,0.954,0.908017660609163,0.9792691327961037,0.9083969465648855,0.9548469154707948,0.9789915966386554,0.9049295774647886,94500.0,3128.0,10.0
meta.DynamicWeightedMajority -l (trees.HoeffdingTree -e 2000000 -g 100 -c 0.01) -e 10,ArffFileStream -f ./../../../Dataset/Synthetic_IM50/stream_gen_agrawal.arff,1,95000.0,4.421875,3.578251279476603E-9,95000.0,0.9644090886975137,0.8231873277295504,0.94,0.8774409673992972,0.978863301045609,1.262443438914027,0.9345850049693969,0.974910394265233,0.8760303616868569,95000.0,3128.0,10.0
meta.DynamicWeightedMajority -l (trees.HoeffdingTree -e 2000000 -g 100 -c 0.01) -e 10,ArffFileStream -f ./../../../Dataset/Synthetic_IM50/stream_gen_agrawal.arff,1,95500.0,4.4375,3.590895276930584E-9,95500.0,0.9740075841213459,0.8637904873144637,0.95,0.9000191963143076,0.9644090886975137,0.9920318725099602,0.9497528270486589,0.9759036144578314,0.8966919798360051,95500.0,3128.0,10.0
meta.DynamicWeightedMajority -l (trees.HoeffdingTree -e 2000000 -g 100 -c 0.01) -e 10,ArffFileStream -f ./../../../Dataset/Synthetic_IM50/stream_gen_agrawal.arff,1,96000.0,4.46875,3.616183271838546E-9,96000.0,0.9824652749963954,0.8737631882696143,0.948,0.8960149738437664,0.9740075841213459,0.9305019305019305,0.948479783450285,0.966804979253112,0.8925666078422932,96000.0,3128.0,10.0
meta.DynamicWeightedMajority -l (trees.HoeffdingTree -e 2000000 -g 100 -c 0.01) -e 10,ArffFileStream -f ./../../../Dataset/Synthetic_IM50/stream_gen_agrawal.arff,1,96500.0,4.5,3.641471266746508E-9,96500.0,0.9859484027911145,0.9049322528206525,0.964,0.9279723413790895,0.9824652749963954,1.032520325203252,0.9639158979224881,0.968503937007874,0.9256293885939373,96500.0,3128.0,10.0
meta.DynamicWeightedMajority -l (trees.HoeffdingTree -e 2000000 -g 100 -c 0.01) -e 10,ArffFileStream -f ./../../../Dataset/Synthetic_IM50/stream_gen_agrawal.arff,1,97000.0,4.515625,3.6541152642004887E-9,97000.0,0.9909235745666972,0.9126783184922056,0.96,0.9195352355203655,0.9859484027911145,0.8587360594795539,0.9597627471463759,0.9567099567099567,0.9173553719008264,97000.0,3128.0,10.0
meta.DynamicWeightedMajority -l (trees.HoeffdingTree -e 2000000 -g 100 -c 0.01) -e 10,ArffFileStream -f ./../../../Dataset/Synthetic_IM50/stream_gen_agrawal.arff,1,97500.0,4.515625,3.6541152642004887E-9,97500.0,0.9786363126612089,0.8749009460061881,0.95,0.8997401264076486,0.9909235745666972,1.0746887966804979,0.9490792241854309,0.9691119691119691,0.8967051594448563,97500.0,3128.0,10.0
meta.DynamicWeightedMajority -l (trees.HoeffdingTree -e 2000000 -g 100 -c 0.01) -e 10,ArffFileStream -f ./../../../Dataset/Synthetic_IM50/stream_gen_agrawal.arff,1,98000.0,4.53125,3.6667592616544695E-9,98000.0,0.9819357109713756,0.8710073079529284,0.952,0.9039923193855508,0.9786363126612089,1.0080321285140563,0.9519319822298128,0.9601593625498008,0.900845260428743,98000.0,3128.0,10.0
meta.DynamicWeightedMajority -l (trees.HoeffdingTree -e 2000000 -g 100 -c 0.01) -e 10,ArffFileStream -f ./../../../Dataset/Synthetic_IM50/stream_gen_agrawal.arff,1,98500.0,4.5625,3.6920472565624314E-9,98500.0,0.9771567105663216,0.8273559197918516,0.918,0.8359685059531431,0.9819357109713756,0.9762845849802372,0.9179593354311382,0.9149797570850202,0.8305607417818709,98500.0,3128.0,10.0
meta.DynamicWeightedMajority -l (trees.HoeffdingTree -e 2000000 -g 100 -c 0.01) -e 10,ArffFileStream -f ./../../../Dataset/Synthetic_IM50/stream_gen_agrawal.arff,1,99000.0,4.5625,3.6920472565624314E-9,99000.0,0.9846102053575723,0.8569845526849637,0.942,0.8838364417099275,0.9771567105663216,1.0920502092050208,0.9421456724276728,0.9386973180076629,0.8801252609603339,99000.0,3128.0,10.0
meta.DynamicWeightedMajority -l (trees.HoeffdingTree -e 2000000 -g 100 -c 0.01) -e 10,ArffFileStream -f ./../../../Dataset/Synthetic_IM50/stream_gen_agrawal.arff,1,99500.0,4.578125,3.7046912540164122E-9,99500.0,0.9833549502810203,0.8897813260874983,0.95,0.8999103196464031,0.9846102053575723,1.0576131687242798,0.9498986309120899,0.953307392996109,0.8966620277091165,99500.0,3128.0,10.0
meta.DynamicWeightedMajority -l (trees.HoeffdingTree -e 2000000 -g 100 -c 0.01) -e 10,ArffFileStream -f ./../../../Dataset/Synthetic_IM50/stream_gen_agrawal.arff,1,100000.0,4.59375,3.717335251470393E-9,100000.0,0.9783715420081968,0.8759678235213986,0.952,0.9038708023583696,0.9833549502810203,1.0491803278688525,0.9514333449254685,0.96875,0.9007998015996032,100000.0,3128.0,10.0
