Learner,stream,randomSeed,learning evaluation instances,evaluation time (cpu seconds),model cost (RAM-Hours),classified instances,AUC,sAUC,Accuracy,Kappa,Periodical holdout AUC,Pos/Neg ratio,G-Mean,Recall,KappaM,model training instances,model serialized size (bytes)
meta.imbalanced.OnlineRUSBoost -l (trees.HoeffdingTree -e 2000000 -g 100 -c 0.01),ArffFileStream -f ./../../../Dataset/Synthetic_IM30/stream_gen_agrawal.arff,1,500.0,0.390625,3.41970007866621E-10,500.0,0.826747410488541,0.24686928720154988,0.796,0.41966317705962697,0.0,0.366120218579235,0.6474212144004252,0.4552238805970149,0.23880597014925392,500.0,3384.0
meta.imbalanced.OnlineRUSBoost -l (trees.HoeffdingTree -e 2000000 -g 100 -c 0.01),ArffFileStream -f ./../../../Dataset/Synthetic_IM30/stream_gen_agrawal.arff,1,1000.0,0.625,5.471520125865936E-10,1000.0,0.9107210375075621,0.2708213953260337,0.838,0.6047237946515712,0.826747410488541,0.4367816091954023,0.7844237561159814,0.6776315789473685,0.43356643356643354,1000.0,3384.0
meta.imbalanced.OnlineRUSBoost -l (trees.HoeffdingTree -e 2000000 -g 100 -c 0.01),ArffFileStream -f ./../../../Dataset/Synthetic_IM30/stream_gen_agrawal.arff,1,1500.0,0.828125,7.249764166772366E-10,1500.0,0.8320755068574835,0.22903360773745798,0.774,0.43709401028175204,0.9107210375075621,0.45348837209302323,0.6796130383770028,0.5192307692307693,0.23303167420814477,1500.0,3384.0
meta.imbalanced.OnlineRUSBoost -l (trees.HoeffdingTree -e 2000000 -g 100 -c 0.01),ArffFileStream -f ./../../../Dataset/Synthetic_IM30/stream_gen_agrawal.arff,1,2000.0,1.0,8.754432201385498E-10,2000.0,0.8762139978830477,0.24317908608219196,0.788,0.4847665895436782,0.8320755068574835,0.4577259475218659,0.7155584657087034,0.5796178343949044,0.292153589315526,2000.0,3384.0
meta.imbalanced.OnlineRUSBoost -l (trees.HoeffdingTree -e 2000000 -g 100 -c 0.01),ArffFileStream -f ./../../../Dataset/Synthetic_IM30/stream_gen_agrawal.arff,1,2500.0,1.171875,1.025910023599863E-9,2500.0,0.9014511670761671,0.26257867918484823,0.844,0.6088421728315815,0.8762139978830477,0.42045454545454547,0.7806985154271603,0.6621621621621622,0.4779116465863452,2500.0,3384.0
meta.imbalanced.OnlineRUSBoost -l (trees.HoeffdingTree -e 2000000 -g 100 -c 0.01),ArffFileStream -f ./../../../Dataset/Synthetic_IM30/stream_gen_agrawal.arff,1,3000.0,1.34375,1.1763768270611763E-9,3000.0,0.9023144668632326,0.27244734533739146,0.838,0.5927847490347489,0.9014511670761671,0.4164305949008499,0.7730202264929102,0.6530612244897959,0.45637583892617445,3000.0,3384.0
meta.imbalanced.OnlineRUSBoost -l (trees.HoeffdingTree -e 2000000 -g 100 -c 0.01),ArffFileStream -f ./../../../Dataset/Synthetic_IM30/stream_gen_agrawal.arff,1,3500.0,1.46875,1.285807229578495E-9,3500.0,0.932300131568764,0.29406750895039824,0.864,0.6499464624001318,0.9023144668632326,0.4124293785310734,0.7929215326391628,0.6643835616438356,0.5423076923076923,3500.0,3384.0
meta.imbalanced.OnlineRUSBoost -l (trees.HoeffdingTree -e 2000000 -g 100 -c 0.01),ArffFileStream -f ./../../../Dataset/Synthetic_IM30/stream_gen_agrawal.arff,1,4000.0,1.59375,1.3952376320958137E-9,4000.0,0.9228549651567944,0.29432927179128754,0.836,0.6097022313609016,0.932300131568764,0.4880952380952381,0.7794731536188682,0.6585365853658537,0.45514950166112955,4000.0,3384.0
meta.imbalanced.OnlineRUSBoost -l (trees.HoeffdingTree -e 2000000 -g 100 -c 0.01),ArffFileStream -f ./../../../Dataset/Synthetic_IM30/stream_gen_agrawal.arff,1,4500.0,1.71875,1.5046680346131324E-9,4500.0,0.9181437503585155,0.29617393389063446,0.822,0.5511579117243605,0.9228549651567944,0.42450142450142453,0.7461892582632119,0.610738255033557,0.40798226164079804,4500.0,3384.0
meta.imbalanced.OnlineRUSBoost -l (trees.HoeffdingTree -e 2000000 -g 100 -c 0.01),ArffFileStream -f ./../../../Dataset/Synthetic_IM30/stream_gen_agrawal.arff,1,5000.0,1.84375,1.614098437130451E-9,5000.0,0.9218520238371644,0.2815840770194138,0.846,0.6027651671481634,0.9181437503585155,0.4124293785310734,0.7675909605197418,0.6301369863013698,0.4863242161440959,5000.0,3384.0
meta.imbalanced.OnlineRUSBoost -l (trees.HoeffdingTree -e 2000000 -g 100 -c 0.01),ArffFileStream -f ./../../../Dataset/Synthetic_IM30/stream_gen_agrawal.arff,1,5500.0,1.953125,1.7098500393331049E-9,5500.0,0.9125648169646312,0.28611505868462117,0.85,0.6274735754589527,0.9218520238371644,0.4124293785310734,0.7984050737022464,0.6986301369863014,0.4984802431610941,5500.0,3384.0
meta.imbalanced.OnlineRUSBoost -l (trees.HoeffdingTree -e 2000000 -g 100 -c 0.01),ArffFileStream -f ./../../../Dataset/Synthetic_IM30/stream_gen_agrawal.arff,1,6000.0,2.046875,1.791922841221094E-9,6000.0,0.9338368640267841,0.28715471657706776,0.87,0.6555889958034844,0.9125648169646312,0.3850415512465374,0.7961474826221417,0.6690647482014388,0.5627802690582959,6000.0,3384.0
meta.imbalanced.OnlineRUSBoost -l (trees.HoeffdingTree -e 2000000 -g 100 -c 0.01),ArffFileStream -f ./../../../Dataset/Synthetic_IM30/stream_gen_agrawal.arff,1,6500.0,2.125,1.8603168427944182E-9,6500.0,0.9367798757314352,0.2838626497598511,0.87,0.6501915873767597,0.9338368640267841,0.3774104683195592,0.7901639397606904,0.656934306569343,0.560124934929724,6500.0,3384.0
meta.imbalanced.OnlineRUSBoost -l (trees.HoeffdingTree -e 2000000 -g 100 -c 0.01),ArffFileStream -f ./../../../Dataset/Synthetic_IM30/stream_gen_agrawal.arff,1,7000.0,2.21875,1.9423896446824072E-9,7000.0,0.9164732316948617,0.25430488695609027,0.826,0.57169863337403,0.9367798757314352,0.4577259475218659,0.7544535774674136,0.6178343949044586,0.41385948026948965,7000.0,3384.0
meta.imbalanced.OnlineRUSBoost -l (trees.HoeffdingTree -e 2000000 -g 100 -c 0.01),ArffFileStream -f ./../../../Dataset/Synthetic_IM30/stream_gen_agrawal.arff,1,7500.0,2.328125,2.0381412468850613E-9,7500.0,0.9180732975946113,0.26603705860552285,0.852,0.6051143034002859,0.9164732316948617,0.3850415512465374,0.7666523554479385,0.6258992805755396,0.4993234100135317,7500.0,3384.0
meta.imbalanced.OnlineRUSBoost -l (trees.HoeffdingTree -e 2000000 -g 100 -c 0.01),ArffFileStream -f ./../../../Dataset/Synthetic_IM30/stream_gen_agrawal.arff,1,8000.0,2.421875,2.12021404877305E-9,8000.0,0.9360217212566205,0.28928186568792036,0.852,0.6349860900104571,0.9180732975946113,0.42450142450142453,0.8001988318658761,0.697986577181208,0.4995773457311917,8000.0,3384.0
meta.imbalanced.OnlineRUSBoost -l (trees.HoeffdingTree -e 2000000 -g 100 -c 0.01),ArffFileStream -f ./../../../Dataset/Synthetic_IM30/stream_gen_agrawal.arff,1,8500.0,2.53125,2.2159656509757042E-9,8500.0,0.9107908859631204,0.27344454818109104,0.842,0.6287593984962405,0.9360217212566205,0.4577259475218659,0.8061664628040164,0.7261146496815286,0.4676971858898136,8500.0,3384.0
meta.imbalanced.OnlineRUSBoost -l (trees.HoeffdingTree -e 2000000 -g 100 -c 0.01),ArffFileStream -f ./../../../Dataset/Synthetic_IM30/stream_gen_agrawal.arff,1,9000.0,2.640625,2.3117172531783583E-9,9000.0,0.9195814303058334,0.27099241067416613,0.842,0.6011873510762893,0.9107908859631204,0.4164305949008499,0.7754097846700114,0.6530612244897959,0.4674157303370785,9000.0,3384.0
meta.imbalanced.OnlineRUSBoost -l (trees.HoeffdingTree -e 2000000 -g 100 -c 0.01),ArffFileStream -f ./../../../Dataset/Synthetic_IM30/stream_gen_agrawal.arff,1,9500.0,2.75,2.4074688553810123E-9,9500.0,0.9345934769038702,0.28665883309620577,0.858,0.6411386518943836,0.9195814303058334,0.4044943820224719,0.8011091717853452,0.6944444444444444,0.5206112295664534,9500.0,3384.0
meta.imbalanced.OnlineRUSBoost -l (trees.HoeffdingTree -e 2000000 -g 100 -c 0.01),ArffFileStream -f ./../../../Dataset/Synthetic_IM30/stream_gen_agrawal.arff,1,10000.0,2.859375,2.5032204575836664E-9,10000.0,0.9445909789559574,0.3075586801615566,0.864,0.6661232987018089,0.9345934769038702,0.4326647564469914,0.8148603679808395,0.7152317880794702,0.5413153456998313,10000.0,3384.0
meta.imbalanced.OnlineRUSBoost -l (trees.HoeffdingTree -e 2000000 -g 100 -c 0.01),ArffFileStream -f ./../../../Dataset/Synthetic_IM30/stream_gen_agrawal.arff,1,10500.0,2.953125,2.5852932594716553E-9,10500.0,0.946349047911548,0.32222290967774325,0.892,0.735687994361344,0.9445909789559574,0.42045454545454547,0.8572031832052989,0.7837837837837838,0.6357211692900739,10500.0,3384.0
meta.imbalanced.OnlineRUSBoost -l (trees.HoeffdingTree -e 2000000 -g 100 -c 0.01),ArffFileStream -f ./../../../Dataset/Synthetic_IM30/stream_gen_agrawal.arff,1,11000.0,3.03125,2.6536872610449793E-9,11000.0,0.9467762232585684,0.31502357381558,0.868,0.6871919314476378,0.946349047911548,0.4619883040935672,0.8306975860878396,0.7468354430379747,0.5560990522775909,11000.0,3384.0
meta.imbalanced.OnlineRUSBoost -l (trees.HoeffdingTree -e 2000000 -g 100 -c 0.01),ArffFileStream -f ./../../../Dataset/Synthetic_IM30/stream_gen_agrawal.arff,1,11500.0,3.140625,2.7494388632476334E-9,11500.0,0.9364693827207348,0.28731838332901793,0.842,0.597234684721429,0.9467762232585684,0.4326647564469914,0.7608117460902278,0.6158940397350994,0.46902396259497364,11500.0,3384.0
meta.imbalanced.OnlineRUSBoost -l (trees.HoeffdingTree -e 2000000 -g 100 -c 0.01),ArffFileStream -f ./../../../Dataset/Synthetic_IM30/stream_gen_agrawal.arff,1,12000.0,3.21875,2.8178328648209574E-9,12000.0,0.9378119519762579,0.29466652220689377,0.86,0.6429081559777174,0.9364693827207348,0.4164305949008499,0.7918374896463559,0.6666666666666666,0.5292799103390304,12000.0,3384.0
meta.imbalanced.OnlineRUSBoost -l (trees.HoeffdingTree -e 2000000 -g 100 -c 0.01),ArffFileStream -f ./../../../Dataset/Synthetic_IM30/stream_gen_agrawal.arff,1,12500.0,3.28125,2.8725480660796166E-9,12500.0,0.936648858669257,0.2872890153142769,0.848,0.6085299268569073,0.9378119519762579,0.4084507042253521,0.7733165299933474,0.6413793103448275,0.4884221863220248,12500.0,3384.0
meta.imbalanced.OnlineRUSBoost -l (trees.HoeffdingTree -e 2000000 -g 100 -c 0.01),ArffFileStream -f ./../../../Dataset/Synthetic_IM30/stream_gen_agrawal.arff,1,13000.0,3.375,2.954620867967606E-9,13000.0,0.9560199004975124,0.31817986383142793,0.866,0.6858589647411852,0.936648858669257,0.4925373134328358,0.8243248954404304,0.7272727272727273,0.5509151843258571,13000.0,3384.0
meta.imbalanced.OnlineRUSBoost -l (trees.HoeffdingTree -e 2000000 -g 100 -c 0.01),ArffFileStream -f ./../../../Dataset/Synthetic_IM30/stream_gen_agrawal.arff,1,13500.0,3.46875,3.0366936698555947E-9,13500.0,0.9415574801983863,0.30137925136327326,0.86,0.6693871382150683,0.9560199004975124,0.4619883040935672,0.8232343874997925,0.740506329113924,0.5318305672529104,13500.0,3384.0
meta.imbalanced.OnlineRUSBoost -l (trees.HoeffdingTree -e 2000000 -g 100 -c 0.01),ArffFileStream -f ./../../../Dataset/Synthetic_IM30/stream_gen_agrawal.arff,1,14000.0,3.546875,3.1050876714289188E-9,14000.0,0.9352278312792413,0.3064769530714955,0.866,0.6856113217463118,0.9415574801983863,0.4836795252225519,0.8269019939357732,0.7361963190184049,0.5533333333333333,14000.0,3384.0
meta.imbalanced.OnlineRUSBoost -l (trees.HoeffdingTree -e 2000000 -g 100 -c 0.01),ArffFileStream -f ./../../../Dataset/Synthetic_IM30/stream_gen_agrawal.arff,1,14500.0,3.609375,3.159802872687578E-9,14500.0,0.9517770007309508,0.33005001946592183,0.876,0.6856685120966923,0.9352278312792413,0.39275766016713093,0.8283867093286914,0.7375886524822695,0.585809721262382,14500.0,3384.0
meta.imbalanced.OnlineRUSBoost -l (trees.HoeffdingTree -e 2000000 -g 100 -c 0.01),ArffFileStream -f ./../../../Dataset/Synthetic_IM30/stream_gen_agrawal.arff,1,15000.0,3.71875,3.255554474890232E-9,15000.0,0.9495592649955066,0.3243311237944978,0.87,0.6787394725396387,0.9517770007309508,0.42450142450142453,0.8217487679863871,0.7248322147651006,0.5657015590200445,15000.0,3384.0
meta.imbalanced.OnlineRUSBoost -l (trees.HoeffdingTree -e 2000000 -g 100 -c 0.01),ArffFileStream -f ./../../../Dataset/Synthetic_IM30/stream_gen_agrawal.arff,1,15500.0,3.796875,3.323948476463556E-9,15500.0,0.9368071969072354,0.29856555552467656,0.852,0.647236046755525,0.9495592649955066,0.4749262536873156,0.8027143895409458,0.6956521739130435,0.5067727370457966,15500.0,3384.0
meta.imbalanced.OnlineRUSBoost -l (trees.HoeffdingTree -e 2000000 -g 100 -c 0.01),ArffFileStream -f ./../../../Dataset/Synthetic_IM30/stream_gen_agrawal.arff,1,16000.0,3.875,3.39234247803688E-9,16000.0,0.950017405962,0.3062019840238741,0.876,0.7122542558523771,0.9368071969072354,0.4749262536873156,0.8486913629976327,0.782608695652174,0.5876974231088944,16000.0,3384.0
meta.imbalanced.OnlineRUSBoost -l (trees.HoeffdingTree -e 2000000 -g 100 -c 0.01),ArffFileStream -f ./../../../Dataset/Synthetic_IM30/stream_gen_agrawal.arff,1,16500.0,3.953125,3.460736479610204E-9,16500.0,0.9514140955837871,0.30917052690877433,0.88,0.7088735346634579,0.950017405962,0.4367816091954023,0.840580255754432,0.756578947368421,0.6011281224818694,16500.0,3384.0
meta.imbalanced.OnlineRUSBoost -l (trees.HoeffdingTree -e 2000000 -g 100 -c 0.01),ArffFileStream -f ./../../../Dataset/Synthetic_IM30/stream_gen_agrawal.arff,1,17000.0,4.0625,3.5564880818128583E-9,17000.0,0.9490312909163362,0.3022661457761171,0.882,0.7097485143059546,0.9514140955837871,0.4326647564469914,0.8361915473829458,0.7417218543046358,0.607820136852395,17000.0,3384.0
meta.imbalanced.OnlineRUSBoost -l (trees.HoeffdingTree -e 2000000 -g 100 -c 0.01),ArffFileStream -f ./../../../Dataset/Synthetic_IM30/stream_gen_agrawal.arff,1,17500.0,4.15625,3.638560883700847E-9,17500.0,0.9369999407337166,0.29919589137139047,0.86,0.6387208654183613,0.9490312909163362,0.39275766016713093,0.7958882064088483,0.6808510638297872,0.5338660578386605,17500.0,3384.0
meta.imbalanced.OnlineRUSBoost -l (trees.HoeffdingTree -e 2000000 -g 100 -c 0.01),ArffFileStream -f ./../../../Dataset/Synthetic_IM30/stream_gen_agrawal.arff,1,18000.0,4.25,3.720633685588836E-9,18000.0,0.937436662268877,0.29447245946674006,0.846,0.6148151112534015,0.9369999407337166,0.42450142450142453,0.7831472188162968,0.6644295302013423,0.48714153561517104,18000.0,3384.0
meta.imbalanced.OnlineRUSBoost -l (trees.HoeffdingTree -e 2000000 -g 100 -c 0.01),ArffFileStream -f ./../../../Dataset/Synthetic_IM30/stream_gen_agrawal.arff,1,18500.0,4.34375,3.802706487476825E-9,18500.0,0.9259466308884914,0.2909183382814956,0.848,0.6330913023327668,0.937436662268877,0.45348837209302323,0.797469163159068,0.6923076923076923,0.4943355511598632,18500.0,3384.0
meta.imbalanced.OnlineRUSBoost -l (trees.HoeffdingTree -e 2000000 -g 100 -c 0.01),ArffFileStream -f ./../../../Dataset/Synthetic_IM30/stream_gen_agrawal.arff,1,19000.0,4.453125,3.8984580896794784E-9,19000.0,0.929226812039312,0.27252200792480796,0.858,0.6446730992513111,0.9259466308884914,0.42045454545454547,0.80015066916556,0.6891891891891891,0.5274128568926256,19000.0,3384.0
meta.imbalanced.OnlineRUSBoost -l (trees.HoeffdingTree -e 2000000 -g 100 -c 0.01),ArffFileStream -f ./../../../Dataset/Synthetic_IM30/stream_gen_agrawal.arff,1,19500.0,4.546875,3.980530891567467E-9,19500.0,0.9145978513356562,0.26895961196275336,0.822,0.5742930394520337,0.929226812039312,0.4880952380952381,0.7587564708876103,0.6280487804878049,0.4089902945683635,19500.0,3384.0
meta.imbalanced.OnlineRUSBoost -l (trees.HoeffdingTree -e 2000000 -g 100 -c 0.01),ArffFileStream -f ./../../../Dataset/Synthetic_IM30/stream_gen_agrawal.arff,1,20000.0,4.65625,4.076282493770121E-9,20000.0,0.9366514513108615,0.2851578414346908,0.866,0.6493321609513043,0.9145978513356562,0.4044943820224719,0.7884198153543871,0.6527777777777778,0.5545953132790427,20000.0,3384.0
meta.imbalanced.OnlineRUSBoost -l (trees.HoeffdingTree -e 2000000 -g 100 -c 0.01),ArffFileStream -f ./../../../Dataset/Synthetic_IM30/stream_gen_agrawal.arff,1,20500.0,4.75,4.15835529565811E-9,20500.0,0.9102698218021787,0.28752619341629826,0.83,0.6053706730054969,0.9366514513108615,0.49700598802395207,0.7866986339375477,0.6867469879518072,0.43635775513504765,20500.0,3384.0
meta.imbalanced.OnlineRUSBoost -l (trees.HoeffdingTree -e 2000000 -g 100 -c 0.01),ArffFileStream -f ./../../../Dataset/Synthetic_IM30/stream_gen_agrawal.arff,1,21000.0,4.84375,4.240428097546099E-9,21000.0,0.925048326989378,0.27907600034741975,0.868,0.6575413544758307,0.9102698218021787,0.3850415512465374,0.8071231732615534,0.697841726618705,0.561531161024992,21000.0,3384.0
meta.imbalanced.OnlineRUSBoost -l (trees.HoeffdingTree -e 2000000 -g 100 -c 0.01),ArffFileStream -f ./../../../Dataset/Synthetic_IM30/stream_gen_agrawal.arff,1,21500.0,4.96875,4.349858500063417E-9,21500.0,0.9205609236970484,0.25468492021935635,0.862,0.658226343319068,0.925048326989378,0.4409221902017291,0.8029583094249525,0.6862745098039216,0.5417760617760616,21500.0,3384.0
meta.imbalanced.OnlineRUSBoost -l (trees.HoeffdingTree -e 2000000 -g 100 -c 0.01),ArffFileStream -f ./../../../Dataset/Synthetic_IM30/stream_gen_agrawal.arff,1,22000.0,5.078125,4.445610102266071E-9,22000.0,0.9271473099835851,0.27472754116664383,0.856,0.6540789852983568,0.9205609236970484,0.4662756598240469,0.8055924156506319,0.6981132075471698,0.5224600542659029,22000.0,3384.0
meta.imbalanced.OnlineRUSBoost -l (trees.HoeffdingTree -e 2000000 -g 100 -c 0.01),ArffFileStream -f ./../../../Dataset/Synthetic_IM30/stream_gen_agrawal.arff,1,22500.0,5.15625,4.514004103839395E-9,22500.0,0.9294626941685765,0.2843113824300193,0.862,0.651134571047203,0.9271473099835851,0.4005602240896359,0.8080077569116997,0.7062937062937062,0.5418326693227091,22500.0,3384.0
meta.imbalanced.OnlineRUSBoost -l (trees.HoeffdingTree -e 2000000 -g 100 -c 0.01),ArffFileStream -f ./../../../Dataset/Synthetic_IM30/stream_gen_agrawal.arff,1,23000.0,5.25,4.596076905727384E-9,23000.0,0.8936386670761671,0.2632142581950492,0.818,0.5427135678391959,0.9294626941685765,0.42045454545454547,0.7453016225659975,0.6148648648648649,0.3955234657039709,23000.0,3384.0
meta.imbalanced.OnlineRUSBoost -l (trees.HoeffdingTree -e 2000000 -g 100 -c 0.01),ArffFileStream -f ./../../../Dataset/Synthetic_IM30/stream_gen_agrawal.arff,1,23500.0,5.328125,4.664470907300708E-9,23500.0,0.9314484126984127,0.2873517608447596,0.856,0.6196111580726965,0.8936386670761671,0.3888888888888889,0.7768985960673559,0.6428571428571429,0.5210191082802547,23500.0,3384.0
meta.imbalanced.OnlineRUSBoost -l (trees.HoeffdingTree -e 2000000 -g 100 -c 0.01),ArffFileStream -f ./../../../Dataset/Synthetic_IM30/stream_gen_agrawal.arff,1,24000.0,5.40625,4.732864908874032E-9,24000.0,0.9214335073710074,0.2688632589368469,0.848,0.6092786049189767,0.9314484126984127,0.42045454545454547,0.7686936292030757,0.6283783783783784,0.4942464993761264,24000.0,3384.0
meta.imbalanced.OnlineRUSBoost -l (trees.HoeffdingTree -e 2000000 -g 100 -c 0.01),ArffFileStream -f ./../../../Dataset/Synthetic_IM30/stream_gen_agrawal.arff,1,24500.0,5.5,4.8149377107620206E-9,24500.0,0.9035047619047619,0.2728653620941973,0.838,0.6029411764705882,0.9214335073710074,0.42857142857142855,0.7847838646950601,0.68,0.460953415727285,24500.0,3384.0
meta.imbalanced.OnlineRUSBoost -l (trees.HoeffdingTree -e 2000000 -g 100 -c 0.01),ArffFileStream -f ./../../../Dataset/Synthetic_IM30/stream_gen_agrawal.arff,1,25000.0,5.578125,4.883331712335345E-9,25000.0,0.9451423545383277,0.2985528626656733,0.878,0.6948535296942532,0.9035047619047619,0.42450142450142453,0.8241651346550976,0.7181208053691275,0.5939829605963791,25000.0,3384.0
meta.imbalanced.OnlineRUSBoost -l (trees.HoeffdingTree -e 2000000 -g 100 -c 0.01),ArffFileStream -f ./../../../Dataset/Synthetic_IM30/stream_gen_agrawal.arff,1,25500.0,5.671875,4.9654045142233334E-9,25500.0,0.9559838620241304,0.32514980431221663,0.882,0.7083942904590567,0.9451423545383277,0.42450142450142453,0.8368965294867353,0.7449664429530202,0.6072314319279468,25500.0,3384.0
meta.imbalanced.OnlineRUSBoost -l (trees.HoeffdingTree -e 2000000 -g 100 -c 0.01),ArffFileStream -f ./../../../Dataset/Synthetic_IM30/stream_gen_agrawal.arff,1,26000.0,5.765625,5.047477316111322E-9,26000.0,0.9248153806977336,0.29146924365052584,0.848,0.5989191927721016,0.9559838620241304,0.33689839572192515,0.7954196822607328,0.7063492063492064,0.4924874791318864,26000.0,3384.0
meta.imbalanced.OnlineRUSBoost -l (trees.HoeffdingTree -e 2000000 -g 100 -c 0.01),ArffFileStream -f ./../../../Dataset/Synthetic_IM30/stream_gen_agrawal.arff,1,26500.0,5.84375,5.115871317684646E-9,26500.0,0.9418164157357941,0.30441346818309617,0.84,0.58613554061045,0.9248153806977336,0.4084507042253521,0.759591413903399,0.6206896551724138,0.46545637922339883,26500.0,3384.0
meta.imbalanced.OnlineRUSBoost -l (trees.HoeffdingTree -e 2000000 -g 100 -c 0.01),ArffFileStream -f ./../../../Dataset/Synthetic_IM30/stream_gen_agrawal.arff,1,27000.0,5.953125,5.2116229198873E-9,27000.0,0.9428133400537635,0.3014868374581354,0.884,0.6891080617495711,0.9418164157357941,0.34408602150537637,0.8320512651247511,0.7421875,0.6114143920595534,27000.0,3384.0
meta.imbalanced.OnlineRUSBoost -l (trees.HoeffdingTree -e 2000000 -g 100 -c 0.01),ArffFileStream -f ./../../../Dataset/Synthetic_IM30/stream_gen_agrawal.arff,1,27500.0,6.0625,5.307374522089954E-9,27500.0,0.9362131837307153,0.28900648831711395,0.86,0.6556134999508019,0.9428133400537635,0.4492753623188406,0.8014012972729001,0.6838709677419355,0.5313451004260499,27500.0,3384.0
meta.imbalanced.OnlineRUSBoost -l (trees.HoeffdingTree -e 2000000 -g 100 -c 0.01),ArffFileStream -f ./../../../Dataset/Synthetic_IM30/stream_gen_agrawal.arff,1,28000.0,6.15625,5.3894473239779425E-9,28000.0,0.9434853830645161,0.29787499490150837,0.864,0.6296941709505969,0.9362131837307153,0.34408602150537637,0.7939492066511153,0.6796875,0.5435694594270645,28000.0,3384.0
meta.imbalanced.OnlineRUSBoost -l (trees.HoeffdingTree -e 2000000 -g 100 -c 0.01),ArffFileStream -f ./../../../Dataset/Synthetic_IM30/stream_gen_agrawal.arff,1,28500.0,6.21875,5.444162525236602E-9,28500.0,0.9478072490943183,0.3255236783231651,0.866,0.6866347377085984,0.9434853830645161,0.4836795252225519,0.8290127873990772,0.7423312883435583,0.5510228074300494,28500.0,3384.0
meta.imbalanced.OnlineRUSBoost -l (trees.HoeffdingTree -e 2000000 -g 100 -c 0.01),ArffFileStream -f ./../../../Dataset/Synthetic_IM30/stream_gen_agrawal.arff,1,29000.0,6.296875,5.512556526809926E-9,29000.0,0.9354829347573718,0.3221826622226675,0.872,0.6866431649040344,0.9478072490943183,0.4124293785310734,0.835458940651074,0.7602739726027398,0.5709662505779012,29000.0,3384.0
meta.imbalanced.OnlineRUSBoost -l (trees.HoeffdingTree -e 2000000 -g 100 -c 0.01),ArffFileStream -f ./../../../Dataset/Synthetic_IM30/stream_gen_agrawal.arff,1,29500.0,6.359375,5.567271728068585E-9,29500.0,0.9335415165345504,0.3081129224033482,0.86,0.6366580848766714,0.9354829347573718,0.3812154696132597,0.7981607691059107,0.6884057971014492,0.5301478953356086,29500.0,3384.0
meta.imbalanced.OnlineRUSBoost -l (trees.HoeffdingTree -e 2000000 -g 100 -c 0.01),ArffFileStream -f ./../../../Dataset/Synthetic_IM30/stream_gen_agrawal.arff,1,30000.0,6.4375,5.635665729641909E-9,30000.0,0.9402019976147883,0.3183169420571203,0.854,0.6482131153860982,0.9335415165345504,0.45348837209302323,0.8060917070599455,0.7051282051282052,0.5103957075788061,30000.0,3384.0
meta.imbalanced.OnlineRUSBoost -l (trees.HoeffdingTree -e 2000000 -g 100 -c 0.01),ArffFileStream -f ./../../../Dataset/Synthetic_IM30/stream_gen_agrawal.arff,1,30500.0,6.515625,5.704059731215233E-9,30500.0,0.9623771498771498,0.35451542967658584,0.902,0.7643958918336732,0.9402019976147883,0.42045454545454547,0.880009353311919,0.831081081081081,0.6713217506047944,30500.0,3384.0
meta.imbalanced.OnlineRUSBoost -l (trees.HoeffdingTree -e 2000000 -g 100 -c 0.01),ArffFileStream -f ./../../../Dataset/Synthetic_IM30/stream_gen_agrawal.arff,1,31000.0,6.59375,5.772453732788557E-9,31000.0,0.9607965031568723,0.37706336612902247,0.904,0.7659221691212329,0.9623771498771498,0.4084507042253521,0.8797544802981468,0.8275862068965517,0.6778872172313022,31000.0,3384.0
meta.imbalanced.OnlineRUSBoost -l (trees.HoeffdingTree -e 2000000 -g 100 -c 0.01),ArffFileStream -f ./../../../Dataset/Synthetic_IM30/stream_gen_agrawal.arff,1,31500.0,6.6875,5.854526534676546E-9,31500.0,0.9438331820931639,0.30906266155638074,0.868,0.6773057967613236,0.9607965031568723,0.4367816091954023,0.820837958812791,0.7236842105263158,0.5572356511553614,31500.0,3384.0
meta.imbalanced.OnlineRUSBoost -l (trees.HoeffdingTree -e 2000000 -g 100 -c 0.01),ArffFileStream -f ./../../../Dataset/Synthetic_IM30/stream_gen_agrawal.arff,1,32000.0,6.765625,5.92292053624987E-9,32000.0,0.9410967298657407,0.32281993836385103,0.868,0.6848920038958807,0.9438331820931639,0.4577259475218659,0.8276479970580634,0.7388535031847133,0.5576036866359446,32000.0,3384.0
meta.imbalanced.OnlineRUSBoost -l (trees.HoeffdingTree -e 2000000 -g 100 -c 0.01),ArffFileStream -f ./../../../Dataset/Synthetic_IM30/stream_gen_agrawal.arff,1,32500.0,6.828125,5.977635737508529E-9,32500.0,0.948622344595499,0.32997416642450106,0.876,0.6941775348736263,0.9410967298657407,0.42450142450142453,0.8305897589047606,0.738255033557047,0.5844075487264102,32500.0,3384.0
meta.imbalanced.OnlineRUSBoost -l (trees.HoeffdingTree -e 2000000 -g 100 -c 0.01),ArffFileStream -f ./../../../Dataset/Synthetic_IM30/stream_gen_agrawal.arff,1,33000.0,6.90625,6.046029739081853E-9,33000.0,0.9413755293405929,0.30722777795302203,0.86,0.6603524571073675,0.948622344595499,0.4367816091954023,0.8157553219633659,0.7236842105263158,0.5309168443496801,33000.0,3384.0
meta.imbalanced.OnlineRUSBoost -l (trees.HoeffdingTree -e 2000000 -g 100 -c 0.01),ArffFileStream -f ./../../../Dataset/Synthetic_IM30/stream_gen_agrawal.arff,1,33500.0,7.0,6.128102540969842E-9,33500.0,0.9392964700579788,0.2973607460037041,0.878,0.6806817705934084,0.9413755293405929,0.36239782016348776,0.8274302128919195,0.7368421052631579,0.5905630134241635,33500.0,3384.0
meta.imbalanced.OnlineRUSBoost -l (trees.HoeffdingTree -e 2000000 -g 100 -c 0.01),ArffFileStream -f ./../../../Dataset/Synthetic_IM30/stream_gen_agrawal.arff,1,34000.0,7.0625,6.182817742228501E-9,34000.0,0.9583047619047619,0.34023203637926225,0.902,0.7635135135135136,0.9392964700579788,0.42857142857142855,0.8743759679527642,0.8133333333333334,0.6711409395973156,34000.0,3384.0
meta.imbalanced.OnlineRUSBoost -l (trees.HoeffdingTree -e 2000000 -g 100 -c 0.01),ArffFileStream -f ./../../../Dataset/Synthetic_IM30/stream_gen_agrawal.arff,1,34500.0,7.15625,6.26489054411649E-9,34500.0,0.9450157685451803,0.34457132642676036,0.874,0.6800861228469288,0.9583047619047619,0.4005602240896359,0.8208989855416925,0.7202797202797203,0.576934306569343,34500.0,3384.0
meta.imbalanced.OnlineRUSBoost -l (trees.HoeffdingTree -e 2000000 -g 100 -c 0.01),ArffFileStream -f ./../../../Dataset/Synthetic_IM30/stream_gen_agrawal.arff,1,35000.0,7.25,6.346963346004479E-9,35000.0,0.9504812491759432,0.34008296637555924,0.876,0.7091113821901098,0.9450157685451803,0.4409221902017291,0.8542743758727392,0.803921568627451,0.5838128116609129,35000.0,3384.0
meta.imbalanced.OnlineRUSBoost -l (trees.HoeffdingTree -e 2000000 -g 100 -c 0.01),ArffFileStream -f ./../../../Dataset/Synthetic_IM30/stream_gen_agrawal.arff,1,35500.0,7.34375,6.429036147892468E-9,35500.0,0.9482092696629213,0.31818954056693155,0.892,0.7333491348660821,0.9504812491759432,0.4044943820224719,0.8592414562565127,0.7916666666666666,0.6373439273552781,35500.0,3384.0
meta.imbalanced.OnlineRUSBoost -l (trees.HoeffdingTree -e 2000000 -g 100 -c 0.01),ArffFileStream -f ./../../../Dataset/Synthetic_IM30/stream_gen_agrawal.arff,1,36000.0,7.453125,6.5247877500951215E-9,36000.0,0.9392271331609567,0.30981264061080005,0.886,0.7060522298774702,0.9482092696629213,0.37362637362637363,0.8410811984687224,0.7573529411764706,0.616735151288756,36000.0,3384.0
meta.imbalanced.OnlineRUSBoost -l (trees.HoeffdingTree -e 2000000 -g 100 -c 0.01),ArffFileStream -f ./../../../Dataset/Synthetic_IM30/stream_gen_agrawal.arff,1,36500.0,7.546875,6.60686055198311E-9,36500.0,0.901172397513573,0.2812139315740642,0.836,0.5861929753734355,0.9392271331609567,0.39664804469273746,0.7769219263202294,0.6690140845070423,0.4482949308755758,36500.0,3384.0
meta.imbalanced.OnlineRUSBoost -l (trees.HoeffdingTree -e 2000000 -g 100 -c 0.01),ArffFileStream -f ./../../../Dataset/Synthetic_IM30/stream_gen_agrawal.arff,1,37000.0,7.640625,6.688933353871099E-9,37000.0,0.9443963606425873,0.3032712203032052,0.872,0.6417776782715774,0.901172397513573,0.34048257372654156,0.7900502200717218,0.6614173228346457,0.5685524278035893,37000.0,3384.0
meta.imbalanced.OnlineRUSBoost -l (trees.HoeffdingTree -e 2000000 -g 100 -c 0.01),ArffFileStream -f ./../../../Dataset/Synthetic_IM30/stream_gen_agrawal.arff,1,37500.0,7.734375,6.771006155759088E-9,37500.0,0.9381427707199032,0.3117024030242658,0.856,0.6571689776017066,0.9443963606425873,0.4367816091954023,0.8226324440058479,0.75,0.5147812022643543,37500.0,3384.0
meta.imbalanced.OnlineRUSBoost -l (trees.HoeffdingTree -e 2000000 -g 100 -c 0.01),ArffFileStream -f ./../../../Dataset/Synthetic_IM30/stream_gen_agrawal.arff,1,38000.0,7.8125,6.839400157332412E-9,38000.0,0.9514537954124235,0.33720840831470833,0.878,0.6827543166215936,0.9381427707199032,0.3850415512465374,0.8190229186185353,0.7122302158273381,0.5885694000709975,38000.0,3384.0
meta.imbalanced.OnlineRUSBoost -l (trees.HoeffdingTree -e 2000000 -g 100 -c 0.01),ArffFileStream -f ./../../../Dataset/Synthetic_IM30/stream_gen_agrawal.arff,1,38500.0,7.890625,6.907794158905736E-9,38500.0,0.9550360888811357,0.3537388940250869,0.896,0.7149185324883227,0.9514537954124235,0.31926121372031663,0.8518306601177541,0.7768595041322314,0.6484326982175785,38500.0,3384.0
meta.imbalanced.OnlineRUSBoost -l (trees.HoeffdingTree -e 2000000 -g 100 -c 0.01),ArffFileStream -f ./../../../Dataset/Synthetic_IM30/stream_gen_agrawal.arff,1,39000.0,8.0,7.00354576110839E-9,39000.0,0.9426460963066854,0.31638301419306974,0.854,0.6556603773584906,0.9550360888811357,0.4492753623188406,0.8213604605029429,0.7483870967741936,0.5067567567567568,39000.0,3384.0
meta.imbalanced.OnlineRUSBoost -l (trees.HoeffdingTree -e 2000000 -g 100 -c 0.01),ArffFileStream -f ./../../../Dataset/Synthetic_IM30/stream_gen_agrawal.arff,1,39500.0,8.078125,7.071939762681714E-9,39500.0,0.9485554217097841,0.337958287218423,0.874,0.6935201401050788,0.9426460963066854,0.42450142450142453,0.8366908785364657,0.7583892617449665,0.5743607286410672,39500.0,3384.0
meta.imbalanced.OnlineRUSBoost -l (trees.HoeffdingTree -e 2000000 -g 100 -c 0.01),ArffFileStream -f ./../../../Dataset/Synthetic_IM30/stream_gen_agrawal.arff,1,40000.0,8.171875,7.154012564569703E-9,40000.0,0.9299777878415388,0.3213373812163475,0.872,0.6491920454296302,0.9485554217097841,0.32625994694960214,0.8126578357302252,0.7154471544715447,0.5666892349356805,40000.0,3384.0
meta.imbalanced.OnlineRUSBoost -l (trees.HoeffdingTree -e 2000000 -g 100 -c 0.01),ArffFileStream -f ./../../../Dataset/Synthetic_IM30/stream_gen_agrawal.arff,1,40500.0,8.234375,7.208727765828362E-9,40500.0,0.9526123219765521,0.3416974257536379,0.884,0.7021119237406525,0.9299777878415388,0.39664804469273746,0.8287676221357296,0.7253521126760564,0.6071249372804817,40500.0,3384.0
meta.imbalanced.OnlineRUSBoost -l (trees.HoeffdingTree -e 2000000 -g 100 -c 0.01),ArffFileStream -f ./../../../Dataset/Synthetic_IM30/stream_gen_agrawal.arff,1,41000.0,8.296875,7.263442967087021E-9,41000.0,0.9446175212071166,0.34937793093935665,0.902,0.7696848913288713,0.9526123219765521,0.44508670520231214,0.8829261530260161,0.8376623376623377,0.6682628797886395,41000.0,3384.0
meta.imbalanced.OnlineRUSBoost -l (trees.HoeffdingTree -e 2000000 -g 100 -c 0.01),ArffFileStream -f ./../../../Dataset/Synthetic_IM30/stream_gen_agrawal.arff,1,41500.0,8.390625,7.34551576897501E-9,41500.0,0.942252833871331,0.3206747045539067,0.872,0.6919522525991528,0.9446175212071166,0.44508670520231214,0.832344332176148,0.7467532467532467,0.5669329854883418,41500.0,3384.0
meta.imbalanced.OnlineRUSBoost -l (trees.HoeffdingTree -e 2000000 -g 100 -c 0.01),ArffFileStream -f ./../../../Dataset/Synthetic_IM30/stream_gen_agrawal.arff,1,42000.0,8.46875,7.413909770548334E-9,42000.0,0.9606618740270417,0.3475150097576819,0.878,0.7273377436080815,0.942252833871331,0.5479876160990712,0.8523832298875211,0.7796610169491526,0.5882022020413084,42000.0,3384.0
meta.imbalanced.OnlineRUSBoost -l (trees.HoeffdingTree -e 2000000 -g 100 -c 0.01),ArffFileStream -f ./../../../Dataset/Synthetic_IM30/stream_gen_agrawal.arff,1,42500.0,8.546875,7.482303772121659E-9,42500.0,0.9439364601262191,0.3181132460495945,0.87,0.7029793456406507,0.9606618740270417,0.5060240963855421,0.8412631883967485,0.7678571428571429,0.5618904131313932,42500.0,3384.0
meta.imbalanced.OnlineRUSBoost -l (trees.HoeffdingTree -e 2000000 -g 100 -c 0.01),ArffFileStream -f ./../../../Dataset/Synthetic_IM30/stream_gen_agrawal.arff,1,43000.0,8.609375,7.537018973380318E-9,43000.0,0.9572997306511462,0.34184449191267285,0.9,0.7583747317959524,0.9439364601262191,0.4409221902017291,0.8659248066929847,0.7908496732026143,0.6631150109683486,43000.0,3384.0
meta.imbalanced.OnlineRUSBoost -l (trees.HoeffdingTree -e 2000000 -g 100 -c 0.01),ArffFileStream -f ./../../../Dataset/Synthetic_IM30/stream_gen_agrawal.arff,1,43500.0,8.703125,7.619091775268307E-9,43500.0,0.9530625560720986,0.3345037110261233,0.88,0.6882533876465209,0.9572997306511462,0.366120218579235,0.8326193826076476,0.746268656716418,0.595286090866801,43500.0,3384.0
meta.imbalanced.OnlineRUSBoost -l (trees.HoeffdingTree -e 2000000 -g 100 -c 0.01),ArffFileStream -f ./../../../Dataset/Synthetic_IM30/stream_gen_agrawal.arff,1,44000.0,8.796875,7.701164577156296E-9,44000.0,0.9374658605036635,0.3106253734497985,0.874,0.6903263861580811,0.9530625560720986,0.4409221902017291,0.8231135785282596,0.7189542483660131,0.5752049651367711,44000.0,3384.0
meta.imbalanced.OnlineRUSBoost -l (trees.HoeffdingTree -e 2000000 -g 100 -c 0.01),ArffFileStream -f ./../../../Dataset/Synthetic_IM30/stream_gen_agrawal.arff,1,44500.0,8.875,7.76955857872962E-9,44500.0,0.940125283074001,0.3277551167685713,0.866,0.687569947026785,0.9374658605036635,0.47928994082840237,0.8324233471173575,0.7530864197530864,0.5487020358737607,44500.0,3384.0
meta.imbalanced.OnlineRUSBoost -l (trees.HoeffdingTree -e 2000000 -g 100 -c 0.01),ArffFileStream -f ./../../../Dataset/Synthetic_IM30/stream_gen_agrawal.arff,1,45000.0,8.953125,7.837952580302946E-9,45000.0,0.9435465294840295,0.3263683724494365,0.88,0.7027584020291694,0.940125283074001,0.42045454545454547,0.8347398040949889,0.7432432432432432,0.5958386348327221,45000.0,3384.0
meta.imbalanced.OnlineRUSBoost -l (trees.HoeffdingTree -e 2000000 -g 100 -c 0.01),ArffFileStream -f ./../../../Dataset/Synthetic_IM30/stream_gen_agrawal.arff,1,45500.0,9.015625,7.892667781561605E-9,45500.0,0.9457515952507951,0.3229589642173426,0.876,0.6842727069032245,0.9435465294840295,0.39275766016713093,0.8256276620667107,0.7304964539007093,0.5821359798548363,45500.0,3384.0
meta.imbalanced.OnlineRUSBoost -l (trees.HoeffdingTree -e 2000000 -g 100 -c 0.01),ArffFileStream -f ./../../../Dataset/Synthetic_IM30/stream_gen_agrawal.arff,1,46000.0,9.125,7.98841938376426E-9,46000.0,0.9386469292879863,0.3394632158421347,0.882,0.6941864322441532,0.9457515952507951,0.366120218579235,0.8367721234941323,0.753731343283582,0.6019360516280434,46000.0,3384.0
meta.imbalanced.OnlineRUSBoost -l (trees.HoeffdingTree -e 2000000 -g 100 -c 0.01),ArffFileStream -f ./../../../Dataset/Synthetic_IM30/stream_gen_agrawal.arff,1,46500.0,9.21875,8.070492185652248E-9,46500.0,0.9630394462609227,0.3270254116738159,0.884,0.7116092205493347,0.9386469292879863,0.42450142450142453,0.8356389832774961,0.738255033557047,0.6087051142546247,46500.0,3384.0
meta.imbalanced.OnlineRUSBoost -l (trees.HoeffdingTree -e 2000000 -g 100 -c 0.01),ArffFileStream -f ./../../../Dataset/Synthetic_IM30/stream_gen_agrawal.arff,1,47000.0,9.3125,8.152564987540237E-9,47000.0,0.9438579558022159,0.3192286583630396,0.866,0.6496548839154987,0.9630394462609227,0.3774104683195592,0.8035382533760017,0.6934306569343066,0.5476224680362017,47000.0,3384.0
meta.imbalanced.OnlineRUSBoost -l (trees.HoeffdingTree -e 2000000 -g 100 -c 0.01),ArffFileStream -f ./../../../Dataset/Synthetic_IM30/stream_gen_agrawal.arff,1,47500.0,9.390625,8.220958989113562E-9,47500.0,0.9611948529411765,0.33978421599704967,0.884,0.7233880198397558,0.9438579558022159,0.47058823529411764,0.8427894859613869,0.75,0.6087203522226957,47500.0,3384.0
meta.imbalanced.OnlineRUSBoost -l (trees.HoeffdingTree -e 2000000 -g 100 -c 0.01),ArffFileStream -f ./../../../Dataset/Synthetic_IM30/stream_gen_agrawal.arff,1,48000.0,9.46875,8.289352990686887E-9,48000.0,0.9617250126839167,0.34814302335551883,0.892,0.7194805194805195,0.9611948529411765,0.3698630136986301,0.8467444444674133,0.762962962962963,0.6353661109938806,48000.0,3384.0
meta.imbalanced.OnlineRUSBoost -l (trees.HoeffdingTree -e 2000000 -g 100 -c 0.01),ArffFileStream -f ./../../../Dataset/Synthetic_IM30/stream_gen_agrawal.arff,1,48500.0,9.5625,8.371425792574875E-9,48500.0,0.9610472183263207,0.35263260855573875,0.894,0.7435649312947552,0.9617250126839167,0.4492753623188406,0.8543483911411873,0.7677419354838709,0.6422905649874756,48500.0,3384.0
meta.imbalanced.OnlineRUSBoost -l (trees.HoeffdingTree -e 2000000 -g 100 -c 0.01),ArffFileStream -f ./../../../Dataset/Synthetic_IM30/stream_gen_agrawal.arff,1,49000.0,9.640625,8.4398197941482E-9,49000.0,0.9586213235294118,0.36832901798302725,0.886,0.7340921813771226,0.9610472183263207,0.47058823529411764,0.8589066236997442,0.79375,0.615606936416185,49000.0,3384.0
meta.imbalanced.OnlineRUSBoost -l (trees.HoeffdingTree -e 2000000 -g 100 -c 0.01),ArffFileStream -f ./../../../Dataset/Synthetic_IM30/stream_gen_agrawal.arff,1,49500.0,9.71875,8.508213795721525E-9,49500.0,0.9724619359094158,0.379300376785098,0.898,0.7589245197398277,0.9586213235294118,0.4749262536873156,0.8635226760668013,0.782608695652174,0.6563669774722657,49500.0,3384.0
meta.imbalanced.OnlineRUSBoost -l (trees.HoeffdingTree -e 2000000 -g 100 -c 0.01),ArffFileStream -f ./../../../Dataset/Synthetic_IM30/stream_gen_agrawal.arff,1,50000.0,9.796875,8.57660779729485E-9,50000.0,0.9373464373464373,0.3525105618308826,0.872,0.6952613134237392,0.9724619359094158,0.42045454545454547,0.8486964277853575,0.7972972972972973,0.5687622127888956,50000.0,3384.0
meta.imbalanced.OnlineRUSBoost -l (trees.HoeffdingTree -e 2000000 -g 100 -c 0.01),ArffFileStream -f ./../../../Dataset/Synthetic_IM30/stream_gen_agrawal.arff,1,50500.0,9.890625,8.658680599182839E-9,50500.0,0.9596208634670174,0.34675765253747287,0.898,0.7682660850599782,0.9373464373464373,0.47928994082840237,0.8853273488228777,0.8518518518518519,0.6566686662667468,50500.0,3384.0
meta.imbalanced.OnlineRUSBoost -l (trees.HoeffdingTree -e 2000000 -g 100 -c 0.01),ArffFileStream -f ./../../../Dataset/Synthetic_IM30/stream_gen_agrawal.arff,1,51000.0,9.953125,8.713395800441498E-9,51000.0,0.9624689036453742,0.3789078107377889,0.9,0.7571825404533888,0.9596208634670174,0.4005602240896359,0.8807354275501538,0.8391608391608392,0.6632774329856069,51000.0,3384.0
meta.imbalanced.OnlineRUSBoost -l (trees.HoeffdingTree -e 2000000 -g 100 -c 0.01),ArffFileStream -f ./../../../Dataset/Synthetic_IM30/stream_gen_agrawal.arff,1,51500.0,10.046875,8.795468602329487E-9,51500.0,0.9487088056452219,0.3475565898434978,0.88,0.7154132200045534,0.9624689036453742,0.44508670520231214,0.8511176894073642,0.7857142857142857,0.596078431372549,51500.0,3384.0
meta.imbalanced.OnlineRUSBoost -l (trees.HoeffdingTree -e 2000000 -g 100 -c 0.01),ArffFileStream -f ./../../../Dataset/Synthetic_IM30/stream_gen_agrawal.arff,1,52000.0,10.125,8.863862603902812E-9,52000.0,0.9608655616942909,0.3551275682259201,0.916,0.7849946760586454,0.9487088056452219,0.3812154696132597,0.880751177075347,0.8115942028985508,0.7170617955693744,52000.0,3384.0
meta.imbalanced.OnlineRUSBoost -l (trees.HoeffdingTree -e 2000000 -g 100 -c 0.01),ArffFileStream -f ./../../../Dataset/Synthetic_IM30/stream_gen_agrawal.arff,1,52500.0,10.203125,8.932256605476137E-9,52500.0,0.9636856666483447,0.35865936533886367,0.9,0.7687112591359053,0.9608655616942909,0.4749262536873156,0.8789064760039184,0.8260869565217391,0.663439964100263,52500.0,3384.0
meta.imbalanced.OnlineRUSBoost -l (trees.HoeffdingTree -e 2000000 -g 100 -c 0.01),ArffFileStream -f ./../../../Dataset/Synthetic_IM30/stream_gen_agrawal.arff,1,53000.0,10.28125,9.000650607049462E-9,53000.0,0.9421965317919075,0.345859513389978,0.878,0.7047548981646403,0.9636856666483447,0.44508670520231214,0.8362247463687358,0.7467532467532467,0.5895385006030598,53000.0,3384.0
meta.imbalanced.OnlineRUSBoost -l (trees.HoeffdingTree -e 2000000 -g 100 -c 0.01),ArffFileStream -f ./../../../Dataset/Synthetic_IM30/stream_gen_agrawal.arff,1,53500.0,10.375,9.08272340893745E-9,53500.0,0.9634565940713854,0.339436174210755,0.898,0.7511223892250635,0.9421965317919075,0.4367816091954023,0.8592975718570343,0.7763157894736842,0.6569003458032067,53500.0,3384.0
meta.imbalanced.OnlineRUSBoost -l (trees.HoeffdingTree -e 2000000 -g 100 -c 0.01),ArffFileStream -f ./../../../Dataset/Synthetic_IM30/stream_gen_agrawal.arff,1,54000.0,10.46875,9.16479621082544E-9,54000.0,0.9374440966010733,0.3143176415743043,0.856,0.6498599439775911,0.9634565940713854,0.45348837209302323,0.8025005642584077,0.6923076923076923,0.5158458377436024,54000.0,3384.0
meta.imbalanced.OnlineRUSBoost -l (trees.HoeffdingTree -e 2000000 -g 100 -c 0.01),ArffFileStream -f ./../../../Dataset/Synthetic_IM30/stream_gen_agrawal.arff,1,54500.0,10.5625,9.246869012713428E-9,54500.0,0.9499953249181861,0.32440009639169576,0.882,0.7145345461583124,0.9374440966010733,0.4492753623188406,0.8396441731715327,0.7483870967741936,0.6034163788850517,54500.0,3384.0
meta.imbalanced.OnlineRUSBoost -l (trees.HoeffdingTree -e 2000000 -g 100 -c 0.01),ArffFileStream -f ./../../../Dataset/Synthetic_IM30/stream_gen_agrawal.arff,1,55000.0,10.640625,9.315263014286753E-9,55000.0,0.9483000454374839,0.3093251580370408,0.878,0.6967708581881811,0.9499953249181861,0.39275766016713093,0.842972560705444,0.7730496453900709,0.589778076664425,55000.0,3384.0
meta.imbalanced.OnlineRUSBoost -l (trees.HoeffdingTree -e 2000000 -g 100 -c 0.01),ArffFileStream -f ./../../../Dataset/Synthetic_IM30/stream_gen_agrawal.arff,1,55500.0,10.71875,9.383657015860078E-9,55500.0,0.9458123148370566,0.302989417794268,0.88,0.692849537226636,0.9483000454374839,0.3812154696132597,0.8335655053308505,0.7463768115942029,0.5962412852379508,55500.0,3384.0
meta.imbalanced.OnlineRUSBoost -l (trees.HoeffdingTree -e 2000000 -g 100 -c 0.01),ArffFileStream -f ./../../../Dataset/Synthetic_IM30/stream_gen_agrawal.arff,1,56000.0,10.8125,9.465729817748067E-9,56000.0,0.9180732975946113,0.27917987664960636,0.848,0.6001262759128696,0.9458123148370566,0.3850415512465374,0.7708260900858622,0.6402877697841727,0.48827702296501135,56000.0,3384.0
meta.imbalanced.OnlineRUSBoost -l (trees.HoeffdingTree -e 2000000 -g 100 -c 0.01),ArffFileStream -f ./../../../Dataset/Synthetic_IM30/stream_gen_agrawal.arff,1,56500.0,10.890625,9.534123819321392E-9,56500.0,0.9468776546356111,0.3056612235620009,0.874,0.6741154562383613,0.9180732975946113,0.39275766016713093,0.8130535807499962,0.7021276595744681,0.575618479880775,56500.0,3384.0
meta.imbalanced.OnlineRUSBoost -l (trees.HoeffdingTree -e 2000000 -g 100 -c 0.01),ArffFileStream -f ./../../../Dataset/Synthetic_IM30/stream_gen_agrawal.arff,1,57000.0,10.984375,9.61619662120938E-9,57000.0,0.9573617588274483,0.34564327696539643,0.88,0.7175992168084946,0.9468776546356111,0.4619883040935672,0.849455417243875,0.7784810126582279,0.5960550404535523,57000.0,3384.0
meta.imbalanced.OnlineRUSBoost -l (trees.HoeffdingTree -e 2000000 -g 100 -c 0.01),ArffFileStream -f ./../../../Dataset/Synthetic_IM30/stream_gen_agrawal.arff,1,57500.0,11.078125,9.69826942309737E-9,57500.0,0.9587896825396826,0.35097354125758917,0.902,0.7531734837799718,0.9573617588274483,0.3888888888888889,0.8679477710861025,0.8,0.6699466994669947,57500.0,3384.0
meta.imbalanced.OnlineRUSBoost -l (trees.HoeffdingTree -e 2000000 -g 100 -c 0.01),ArffFileStream -f ./../../../Dataset/Synthetic_IM30/stream_gen_agrawal.arff,1,58000.0,11.171875,9.780342224985358E-9,58000.0,0.9389915428227007,0.31458436798811457,0.866,0.6780332154390282,0.9587896825396826,0.4409221902017291,0.8276320767678789,0.7450980392156863,0.5488215488215489,58000.0,3384.0
meta.imbalanced.OnlineRUSBoost -l (trees.HoeffdingTree -e 2000000 -g 100 -c 0.01),ArffFileStream -f ./../../../Dataset/Synthetic_IM30/stream_gen_agrawal.arff,1,58500.0,11.234375,9.835057426244017E-9,58500.0,0.9399700966280601,0.33340833209183407,0.868,0.62958805702099,0.9389915428227007,0.30548302872062666,0.8063067333855474,0.7094017094017094,0.5547483134405812,58500.0,3384.0
meta.imbalanced.OnlineRUSBoost -l (trees.HoeffdingTree -e 2000000 -g 100 -c 0.01),ArffFileStream -f ./../../../Dataset/Synthetic_IM30/stream_gen_agrawal.arff,1,59000.0,11.328125,9.917130228132006E-9,59000.0,0.9361659246230235,0.2939278363853298,0.852,0.6411460050821485,0.9399700966280601,0.4749262536873156,0.7908141713630864,0.6645962732919255,0.5011425959780621,59000.0,3384.0
meta.imbalanced.OnlineRUSBoost -l (trees.HoeffdingTree -e 2000000 -g 100 -c 0.01),ArffFileStream -f ./../../../Dataset/Synthetic_IM30/stream_gen_agrawal.arff,1,59500.0,11.421875,9.999203030019995E-9,59500.0,0.9160837219631357,0.2933301021465551,0.828,0.590974811658169,0.9361659246230235,0.4619883040935672,0.7796855403218382,0.6772151898734177,0.420563922545578,59500.0,3384.0
meta.imbalanced.OnlineRUSBoost -l (trees.HoeffdingTree -e 2000000 -g 100 -c 0.01),ArffFileStream -f ./../../../Dataset/Synthetic_IM30/stream_gen_agrawal.arff,1,60000.0,11.515625,1.0081275831907984E-8,60000.0,0.9469566763468263,0.3186441394450257,0.886,0.7090886820186183,0.9160837219631357,0.39275766016713093,0.8373291663118363,0.7446808510638298,0.615795090715048,60000.0,3384.0
meta.imbalanced.OnlineRUSBoost -l (trees.HoeffdingTree -e 2000000 -g 100 -c 0.01),ArffFileStream -f ./../../../Dataset/Synthetic_IM30/stream_gen_agrawal.arff,1,60500.0,11.59375,1.0149669833481309E-8,60500.0,0.9483240223463687,0.3170540019237408,0.884,0.7110863154538934,0.9469566763468263,0.39664804469273746,0.8475780456995177,0.7746478873239436,0.6089161326274728,60500.0,3384.0
meta.imbalanced.OnlineRUSBoost -l (trees.HoeffdingTree -e 2000000 -g 100 -c 0.01),ArffFileStream -f ./../../../Dataset/Synthetic_IM30/stream_gen_agrawal.arff,1,61000.0,11.6875,1.0231742635369298E-8,61000.0,0.9178662966603072,0.26672349988664246,0.848,0.6249136314282894,0.9483240223463687,0.4164305949008499,0.7982246010558086,0.7006802721088435,0.4875082909573292,61000.0,3384.0
meta.imbalanced.OnlineRUSBoost -l (trees.HoeffdingTree -e 2000000 -g 100 -c 0.01),ArffFileStream -f ./../../../Dataset/Synthetic_IM30/stream_gen_agrawal.arff,1,61500.0,11.78125,1.0313815437257286E-8,61500.0,0.9096158116811015,0.28269894803769263,0.826,0.5869416590701912,0.9178662966603072,0.4619883040935672,0.7784146584006868,0.6772151898734177,0.4136438356164382,61500.0,3384.0
meta.imbalanced.OnlineRUSBoost -l (trees.HoeffdingTree -e 2000000 -g 100 -c 0.01),ArffFileStream -f ./../../../Dataset/Synthetic_IM30/stream_gen_agrawal.arff,1,62000.0,11.859375,1.0382209438830611E-8,62000.0,0.9319227957881427,0.29655368862391407,0.878,0.6914204775394577,0.9096158116811015,0.39275766016713093,0.832359809865231,0.7446808510638298,0.5887118699363819,62000.0,3384.0
meta.imbalanced.OnlineRUSBoost -l (trees.HoeffdingTree -e 2000000 -g 100 -c 0.01),ArffFileStream -f ./../../../Dataset/Synthetic_IM30/stream_gen_agrawal.arff,1,62500.0,11.96875,1.0477961041033266E-8,62500.0,0.9343903562653563,0.2730167488210714,0.856,0.6389312364599213,0.9319227957881427,0.42045454545454547,0.7962187010499816,0.6824324324324325,0.5145369221640864,62500.0,3384.0
meta.imbalanced.OnlineRUSBoost -l (trees.HoeffdingTree -e 2000000 -g 100 -c 0.01),ArffFileStream -f ./../../../Dataset/Synthetic_IM30/stream_gen_agrawal.arff,1,63000.0,12.0625,1.0560033842921255E-8,63000.0,0.9449206349206349,0.2759348350956346,0.86,0.6352646936223426,0.9343903562653563,0.3888888888888889,0.7916228058025278,0.6714285714285714,0.5278119813694523,63000.0,3384.0
meta.imbalanced.OnlineRUSBoost -l (trees.HoeffdingTree -e 2000000 -g 100 -c 0.01),ArffFileStream -f ./../../../Dataset/Synthetic_IM30/stream_gen_agrawal.arff,1,63500.0,12.15625,1.0642106644809243E-8,63500.0,0.9358092887504652,0.292561199200868,0.858,0.6378881227304256,0.9449206349206349,0.4005602240896359,0.7971222063613584,0.6853146853146853,0.5209329508022527,63500.0,3384.0
meta.imbalanced.OnlineRUSBoost -l (trees.HoeffdingTree -e 2000000 -g 100 -c 0.01),ArffFileStream -f ./../../../Dataset/Synthetic_IM30/stream_gen_agrawal.arff,1,64000.0,12.25,1.0724179446697232E-8,64000.0,0.9170766488413548,0.29814178713048417,0.836,0.6182495344506517,0.9358092887504652,0.5151515151515151,0.7859732887924291,0.6705882352941176,0.4473462510530748,64000.0,3384.0
meta.imbalanced.OnlineRUSBoost -l (trees.HoeffdingTree -e 2000000 -g 100 -c 0.01),ArffFileStream -f ./../../../Dataset/Synthetic_IM30/stream_gen_agrawal.arff,1,64500.0,12.328125,1.0792573448270557E-8,64500.0,0.946891771019678,0.3131082992524219,0.868,0.6802077680440344,0.9170766488413548,0.45348837209302323,0.8197764286460215,0.717948717948718,0.5553582619594736,64500.0,3384.0
meta.imbalanced.OnlineRUSBoost -l (trees.HoeffdingTree -e 2000000 -g 100 -c 0.01),ArffFileStream -f ./../../../Dataset/Synthetic_IM30/stream_gen_agrawal.arff,1,65000.0,12.390625,1.0847288649529216E-8,65000.0,0.9617068835999194,0.3173798511208203,0.888,0.733043494842019,0.946891771019678,0.4749262536873156,0.8462158570255627,0.7515527950310559,0.6229737428142318,65000.0,3384.0
meta.imbalanced.OnlineRUSBoost -l (trees.HoeffdingTree -e 2000000 -g 100 -c 0.01),ArffFileStream -f ./../../../Dataset/Synthetic_IM30/stream_gen_agrawal.arff,1,65500.0,12.484375,1.0929361451417205E-8,65500.0,0.9432899930345948,0.3064513514451538,0.876,0.6901239504198321,0.9617068835999194,0.4124293785310734,0.8278045836786505,0.7328767123287672,0.5825237728090465,65500.0,3384.0
meta.imbalanced.OnlineRUSBoost -l (trees.HoeffdingTree -e 2000000 -g 100 -c 0.01),ArffFileStream -f ./../../../Dataset/Synthetic_IM30/stream_gen_agrawal.arff,1,66000.0,12.546875,1.0984076652675864E-8,66000.0,0.9416415662650602,0.30451716031556175,0.868,0.6952120585192848,0.9432899930345948,0.5060240963855421,0.8321671415424877,0.7440476190476191,0.5560311878917596,66000.0,3384.0
meta.imbalanced.OnlineRUSBoost -l (trees.HoeffdingTree -e 2000000 -g 100 -c 0.01),ArffFileStream -f ./../../../Dataset/Synthetic_IM30/stream_gen_agrawal.arff,1,66500.0,12.625,1.105247065424919E-8,66500.0,0.9469778305174135,0.321120920881083,0.888,0.7343604728383584,0.9416415662650602,0.4409221902017291,0.862371944349863,0.803921568627451,0.6233818770226538,66500.0,3384.0
meta.imbalanced.OnlineRUSBoost -l (trees.HoeffdingTree -e 2000000 -g 100 -c 0.01),ArffFileStream -f ./../../../Dataset/Synthetic_IM30/stream_gen_agrawal.arff,1,67000.0,12.71875,1.1134543456137178E-8,67000.0,0.93875,0.2974797086525809,0.862,0.6477435164386359,0.9469778305174135,0.3888888888888889,0.8075536249332655,0.7071428571428572,0.5357501506326572,67000.0,3384.0
meta.imbalanced.OnlineRUSBoost -l (trees.HoeffdingTree -e 2000000 -g 100 -c 0.01),ArffFileStream -f ./../../../Dataset/Synthetic_IM30/stream_gen_agrawal.arff,1,67500.0,12.78125,1.1189258657395837E-8,67500.0,0.951786775316187,0.2995036090525105,0.898,0.7103852444121389,0.93875,0.33689839572192515,0.8210580498327416,0.6984126984126984,0.6564714100389183,67500.0,3384.0
meta.imbalanced.OnlineRUSBoost -l (trees.HoeffdingTree -e 2000000 -g 100 -c 0.01),ArffFileStream -f ./../../../Dataset/Synthetic_IM30/stream_gen_agrawal.arff,1,68000.0,12.84375,1.1243973858654497E-8,68000.0,0.9503059737736765,0.31445703466860964,0.87,0.6644641750980796,0.951786775316187,0.4084507042253521,0.800995010167819,0.6758620689655173,0.5620944171991875,68000.0,3384.0
meta.imbalanced.OnlineRUSBoost -l (trees.HoeffdingTree -e 2000000 -g 100 -c 0.01),ArffFileStream -f ./../../../Dataset/Synthetic_IM30/stream_gen_agrawal.arff,1,68500.0,12.9375,1.1326046660542486E-8,68500.0,0.9489951157018176,0.3253168928581136,0.868,0.659006365214516,0.9503059737736765,0.3812154696132597,0.8118744011471537,0.7101449275362319,0.555129151291513,68500.0,3384.0
meta.imbalanced.OnlineRUSBoost -l (trees.HoeffdingTree -e 2000000 -g 100 -c 0.01),ArffFileStream -f ./../../../Dataset/Synthetic_IM30/stream_gen_agrawal.arff,1,69000.0,13.0625,1.1435477063059804E-8,69000.0,0.8889142857142858,0.2503485709779111,0.812,0.5328031809145132,0.9489951157018176,0.42857142857142855,0.7417867746513273,0.6133333333333333,0.36644688644688667,69000.0,3384.0
meta.imbalanced.OnlineRUSBoost -l (trees.HoeffdingTree -e 2000000 -g 100 -c 0.01),ArffFileStream -f ./../../../Dataset/Synthetic_IM30/stream_gen_agrawal.arff,1,69500.0,13.140625,1.1503871064633129E-8,69500.0,0.91337256643719,0.2720957803473284,0.832,0.5933699945782664,0.8889142857142858,0.4619883040935672,0.7724123065679539,0.6518987341772152,0.43411040566083436,69500.0,3384.0
meta.imbalanced.OnlineRUSBoost -l (trees.HoeffdingTree -e 2000000 -g 100 -c 0.01),ArffFileStream -f ./../../../Dataset/Synthetic_IM30/stream_gen_agrawal.arff,1,70000.0,13.234375,1.1585943866521118E-8,70000.0,0.9470592751842751,0.30373112644974376,0.88,0.7039551590747612,0.91337256643719,0.42045454545454547,0.8372540344374688,0.75,0.5957846109426881,70000.0,3384.0
meta.imbalanced.OnlineRUSBoost -l (trees.HoeffdingTree -e 2000000 -g 100 -c 0.01),ArffFileStream -f ./../../../Dataset/Synthetic_IM30/stream_gen_agrawal.arff,1,70500.0,13.3125,1.1654337868094443E-8,70500.0,0.9391031200015417,0.3045821633759864,0.856,0.6311550992807525,0.9470592751842751,0.4164305949008499,0.783715864803019,0.6530612244897959,0.5149082568807338,70500.0,3384.0
meta.imbalanced.OnlineRUSBoost -l (trees.HoeffdingTree -e 2000000 -g 100 -c 0.01),ArffFileStream -f ./../../../Dataset/Synthetic_IM30/stream_gen_agrawal.arff,1,71000.0,13.375,1.1709053069353102E-8,71000.0,0.9375320214804835,0.3156616416326583,0.858,0.6493480837613591,0.9391031200015417,0.4326647564469914,0.8034631581767597,0.695364238410596,0.5217040656577637,71000.0,3384.0
meta.imbalanced.OnlineRUSBoost -l (trees.HoeffdingTree -e 2000000 -g 100 -c 0.01),ArffFileStream -f ./../../../Dataset/Synthetic_IM30/stream_gen_agrawal.arff,1,71500.0,13.453125,1.1777447070926427E-8,71500.0,0.9421142857142857,0.3031594751081116,0.874,0.685,0.9375320214804835,0.42857142857142855,0.8174990898495007,0.7066666666666667,0.5756276791181874,71500.0,3384.0
meta.imbalanced.OnlineRUSBoost -l (trees.HoeffdingTree -e 2000000 -g 100 -c 0.01),ArffFileStream -f ./../../../Dataset/Synthetic_IM30/stream_gen_agrawal.arff,1,72000.0,13.546875,1.1859519872814415E-8,72000.0,0.9394752646197733,0.28775721930928244,0.856,0.6428854852789461,0.9421142857142857,0.44508670520231214,0.7926142627828806,0.6688311688311688,0.51512884066782,72000.0,3384.0
meta.imbalanced.OnlineRUSBoost -l (trees.HoeffdingTree -e 2000000 -g 100 -c 0.01),ArffFileStream -f ./../../../Dataset/Synthetic_IM30/stream_gen_agrawal.arff,1,72500.0,13.640625,1.1941592674702404E-8,72500.0,0.9477818424913187,0.3168770855690663,0.886,0.7293035978876182,0.9394752646197733,0.4577259475218659,0.8527771309780329,0.7770700636942676,0.6162952646239556,72500.0,3384.0
meta.imbalanced.OnlineRUSBoost -l (trees.HoeffdingTree -e 2000000 -g 100 -c 0.01),ArffFileStream -f ./../../../Dataset/Synthetic_IM30/stream_gen_agrawal.arff,1,73000.0,13.71875,1.200998667627573E-8,73000.0,0.9211660617059891,0.27477780015328507,0.86,0.6551044540796216,0.9477818424913187,0.4367816091954023,0.8057754322309243,0.6973684210526315,0.5288585653697215,73000.0,3384.0
meta.imbalanced.OnlineRUSBoost -l (trees.HoeffdingTree -e 2000000 -g 100 -c 0.01),ArffFileStream -f ./../../../Dataset/Synthetic_IM30/stream_gen_agrawal.arff,1,73500.0,13.828125,1.2105738278478384E-8,73500.0,0.9283351498116599,0.2882540326272516,0.85,0.6232973038132359,0.9211660617059891,0.42450142450142453,0.7855606212054618,0.6644295302013423,0.4952154205393525,73500.0,3384.0
meta.imbalanced.OnlineRUSBoost -l (trees.HoeffdingTree -e 2000000 -g 100 -c 0.01),ArffFileStream -f ./../../../Dataset/Synthetic_IM30/stream_gen_agrawal.arff,1,74000.0,13.9375,1.2201489880681038E-8,74000.0,0.917555202661827,0.26832285187059657,0.848,0.6255419787150177,0.9283351498116599,0.4367816091954023,0.790605283984063,0.6776315789473685,0.4885645432637656,74000.0,3384.0
meta.imbalanced.OnlineRUSBoost -l (trees.HoeffdingTree -e 2000000 -g 100 -c 0.01),ArffFileStream -f ./../../../Dataset/Synthetic_IM30/stream_gen_agrawal.arff,1,74500.0,14.03125,1.2283562682569027E-8,74500.0,0.931883240351867,0.3091006900413278,0.872,0.6587831353564649,0.917555202661827,0.3477088948787062,0.8164070085967091,0.7209302325581395,0.5689359009131182,74500.0,3384.0
meta.imbalanced.OnlineRUSBoost -l (trees.HoeffdingTree -e 2000000 -g 100 -c 0.01),ArffFileStream -f ./../../../Dataset/Synthetic_IM30/stream_gen_agrawal.arff,1,75000.0,14.125,1.2365635484457016E-8,75000.0,0.9454323707608782,0.3133039777632831,0.862,0.640025041736227,0.931883240351867,0.39664804469273746,0.7893928560125264,0.6619718309859155,0.5351239669421487,75000.0,3384.0
meta.imbalanced.OnlineRUSBoost -l (trees.HoeffdingTree -e 2000000 -g 100 -c 0.01),ArffFileStream -f ./../../../Dataset/Synthetic_IM30/stream_gen_agrawal.arff,1,75500.0,14.21875,1.2447708286345005E-8,75500.0,0.9244277009222661,0.302325820709564,0.864,0.6358807402330363,0.9454323707608782,0.358695652173913,0.7960189979261101,0.6818181818181818,0.5415252723700661,75500.0,3384.0
meta.imbalanced.OnlineRUSBoost -l (trees.HoeffdingTree -e 2000000 -g 100 -c 0.01),ArffFileStream -f ./../../../Dataset/Synthetic_IM30/stream_gen_agrawal.arff,1,76000.0,14.3125,1.2529781088232994E-8,76000.0,0.9450757575757576,0.295337113798878,0.87,0.6492856217896145,0.9244277009222661,0.358695652173913,0.7995026863335392,0.6818181818181818,0.5614346590909091,76000.0,3384.0
meta.imbalanced.OnlineRUSBoost -l (trees.HoeffdingTree -e 2000000 -g 100 -c 0.01),ArffFileStream -f ./../../../Dataset/Synthetic_IM30/stream_gen_agrawal.arff,1,76500.0,14.390625,1.2598175089806318E-8,76500.0,0.9524448529411764,0.31859194524230666,0.874,0.699025415631569,0.9450757575757576,0.47058823529411764,0.8295994781324583,0.73125,0.5751498589562765,76500.0,3384.0
meta.imbalanced.OnlineRUSBoost -l (trees.HoeffdingTree -e 2000000 -g 100 -c 0.01),ArffFileStream -f ./../../../Dataset/Synthetic_IM30/stream_gen_agrawal.arff,1,77000.0,14.484375,1.2680247891694307E-8,77000.0,0.9372269038701623,0.3108526941909362,0.868,0.6727229450967948,0.9524448529411764,0.4044943820224719,0.8261511659882048,0.7430555555555556,0.5548353188507358,77000.0,3384.0
meta.imbalanced.OnlineRUSBoost -l (trees.HoeffdingTree -e 2000000 -g 100 -c 0.01),ArffFileStream -f ./../../../Dataset/Synthetic_IM30/stream_gen_agrawal.arff,1,77500.0,14.59375,1.2775999493896962E-8,77500.0,0.9315891582377428,0.2956459258509503,0.844,0.6158619466934578,0.9372269038701623,0.4409221902017291,0.7840876659018456,0.6666666666666666,0.47400478572982374,77500.0,3384.0
meta.imbalanced.OnlineRUSBoost -l (trees.HoeffdingTree -e 2000000 -g 100 -c 0.01),ArffFileStream -f ./../../../Dataset/Synthetic_IM30/stream_gen_agrawal.arff,1,78000.0,14.6875,1.285807229578495E-8,78000.0,0.92663610614192,0.2891239590334851,0.848,0.6304077186430128,0.9315891582377428,0.45348837209302323,0.7925469010348174,0.6794871794871795,0.4876625902078562,78000.0,3384.0
meta.imbalanced.OnlineRUSBoost -l (trees.HoeffdingTree -e 2000000 -g 100 -c 0.01),ArffFileStream -f ./../../../Dataset/Synthetic_IM30/stream_gen_agrawal.arff,1,78500.0,14.75,1.291278749704361E-8,78500.0,0.9157099755213571,0.29097187825853604,0.836,0.5989435586422771,0.92663610614192,0.4326647564469914,0.7820642614286667,0.6754966887417219,0.44727803537695326,78500.0,3384.0
meta.imbalanced.OnlineRUSBoost -l (trees.HoeffdingTree -e 2000000 -g 100 -c 0.01),ArffFileStream -f ./../../../Dataset/Synthetic_IM30/stream_gen_agrawal.arff,1,79000.0,14.859375,1.3008539099246264E-8,79000.0,0.910743991280904,0.2690803751593116,0.832,0.5772351176695588,0.9157099755213571,0.42450142450142453,0.760755621511841,0.6308724832214765,0.43381255065910146,79000.0,3384.0
meta.imbalanced.OnlineRUSBoost -l (trees.HoeffdingTree -e 2000000 -g 100 -c 0.01),ArffFileStream -f ./../../../Dataset/Synthetic_IM30/stream_gen_agrawal.arff,1,79500.0,14.953125,1.3090611901134253E-8,79500.0,0.953383429893497,0.30868342764020085,0.886,0.7101773511226814,0.910743991280904,0.42450142450142453,0.8237706362504048,0.7046979865771812,0.6158117846545146,79500.0,3384.0
meta.imbalanced.OnlineRUSBoost -l (trees.HoeffdingTree -e 2000000 -g 100 -c 0.01),ArffFileStream -f ./../../../Dataset/Synthetic_IM30/stream_gen_agrawal.arff,1,80000.0,15.03125,1.3159005902707578E-8,80000.0,0.9197682584269663,0.3093530049184432,0.87,0.674257306659183,0.953383429893497,0.4044943820224719,0.822139234770069,0.7291666666666666,0.561810061515126,80000.0,3384.0
meta.imbalanced.OnlineRUSBoost -l (trees.HoeffdingTree -e 2000000 -g 100 -c 0.01),ArffFileStream -f ./../../../Dataset/Synthetic_IM30/stream_gen_agrawal.arff,1,80500.0,15.109375,1.3227399904280903E-8,80500.0,0.9376770538243626,0.319970204751075,0.858,0.6517149360332785,0.9197682584269663,0.4164305949008499,0.8148427477917198,0.7278911564625851,0.5213349524726769,80500.0,3384.0
meta.imbalanced.OnlineRUSBoost -l (trees.HoeffdingTree -e 2000000 -g 100 -c 0.01),ArffFileStream -f ./../../../Dataset/Synthetic_IM30/stream_gen_agrawal.arff,1,81000.0,15.1875,1.3295793905854228E-8,81000.0,0.9553872540517624,0.3320033659400489,0.898,0.7498234047562986,0.9376770538243626,0.4164305949008499,0.8651988881359486,0.7959183673469388,0.6561511569835193,81000.0,3384.0
meta.imbalanced.OnlineRUSBoost -l (trees.HoeffdingTree -e 2000000 -g 100 -c 0.01),ArffFileStream -f ./../../../Dataset/Synthetic_IM30/stream_gen_agrawal.arff,1,81500.0,15.265625,1.3364187907427553E-8,81500.0,0.9527038481098491,0.3176108991650136,0.886,0.7208837701257493,0.9553872540517624,0.4409221902017291,0.8405042655850985,0.7450980392156863,0.6157727141143874,81500.0,3384.0
meta.imbalanced.OnlineRUSBoost -l (trees.HoeffdingTree -e 2000000 -g 100 -c 0.01),ArffFileStream -f ./../../../Dataset/Synthetic_IM30/stream_gen_agrawal.arff,1,82000.0,15.359375,1.3446260709315541E-8,82000.0,0.9376535626535627,0.293615974807105,0.868,0.6730342422320863,0.9527038481098491,0.42045454545454547,0.8195275838481343,0.722972972972973,0.5550988532204365,82000.0,3384.0
meta.imbalanced.OnlineRUSBoost -l (trees.HoeffdingTree -e 2000000 -g 100 -c 0.01),ArffFileStream -f ./../../../Dataset/Synthetic_IM30/stream_gen_agrawal.arff,1,82500.0,15.4375,1.3514654710888866E-8,82500.0,0.9236174636174637,0.29457165742809377,0.86,0.626865671641791,0.9376535626535627,0.35135135135135137,0.7976055642826448,0.6923076923076923,0.5277811848399361,82500.0,3384.0
meta.imbalanced.OnlineRUSBoost -l (trees.HoeffdingTree -e 2000000 -g 100 -c 0.01),ArffFileStream -f ./../../../Dataset/Synthetic_IM30/stream_gen_agrawal.arff,1,83000.0,15.53125,1.3596727512776855E-8,83000.0,0.9471460642378604,0.30817954244552115,0.87,0.7000959692898272,0.9236174636174637,0.5290519877675841,0.8276351471008783,0.7225433526011561,0.5619519324455993,83000.0,3384.0
meta.imbalanced.OnlineRUSBoost -l (trees.HoeffdingTree -e 2000000 -g 100 -c 0.01),ArffFileStream -f ./../../../Dataset/Synthetic_IM30/stream_gen_agrawal.arff,1,83500.0,15.625,1.3678800314664844E-8,83500.0,0.9249204234214228,0.2922349508830967,0.862,0.6813109665976943,0.9471460642378604,0.4619883040935672,0.8393409919469289,0.7848101265822784,0.5351754739814442,83500.0,3384.0
meta.imbalanced.OnlineRUSBoost -l (trees.HoeffdingTree -e 2000000 -g 100 -c 0.01),ArffFileStream -f ./../../../Dataset/Synthetic_IM30/stream_gen_agrawal.arff,1,84000.0,15.703125,1.3747194316238169E-8,84000.0,0.9586925287356322,0.3152537056039957,0.886,0.7218426703103651,0.9249204234214228,0.4367816091954023,0.8444509450933704,0.756578947368421,0.6160692807312966,84000.0,3384.0
meta.imbalanced.OnlineRUSBoost -l (trees.HoeffdingTree -e 2000000 -g 100 -c 0.01),ArffFileStream -f ./../../../Dataset/Synthetic_IM30/stream_gen_agrawal.arff,1,84500.0,15.78125,1.3815588317811494E-8,84500.0,0.9466355846774194,0.3359393873427434,0.882,0.6925930557292318,0.9586925287356322,0.34408602150537637,0.8462540004829124,0.78125,0.6022736338252893,84500.0,3384.0
meta.imbalanced.OnlineRUSBoost -l (trees.HoeffdingTree -e 2000000 -g 100 -c 0.01),ArffFileStream -f ./../../../Dataset/Synthetic_IM30/stream_gen_agrawal.arff,1,85000.0,15.890625,1.3911339920014148E-8,85000.0,0.9371481120036034,0.31480295811484643,0.878,0.7002987186541939,0.9466355846774194,0.44508670520231214,0.8266087562342852,0.7207792207792207,0.588883602917856,85000.0,3384.0
meta.imbalanced.OnlineRUSBoost -l (trees.HoeffdingTree -e 2000000 -g 100 -c 0.01),ArffFileStream -f ./../../../Dataset/Synthetic_IM30/stream_gen_agrawal.arff,1,85500.0,16.0,1.4007091522216803E-8,85500.0,0.9487047619047619,0.3195396682293356,0.862,0.6563745019920318,0.9371481120036034,0.42857142857142855,0.8048424868080888,0.6933333333333334,0.5349964530621896,85500.0,3384.0
meta.imbalanced.OnlineRUSBoost -l (trees.HoeffdingTree -e 2000000 -g 100 -c 0.01),ArffFileStream -f ./../../../Dataset/Synthetic_IM30/stream_gen_agrawal.arff,1,86000.0,16.09375,1.4089164324104792E-8,86000.0,0.9179477940587717,0.3017811888325995,0.856,0.6262768873017192,0.9487047619047619,0.3812154696132597,0.7927629256527671,0.6811594202898551,0.5145813734713076,86000.0,3384.0
meta.imbalanced.OnlineRUSBoost -l (trees.HoeffdingTree -e 2000000 -g 100 -c 0.01),ArffFileStream -f ./../../../Dataset/Synthetic_IM30/stream_gen_agrawal.arff,1,86500.0,16.1875,1.417123712599278E-8,86500.0,0.9298089147801666,0.2916828328009927,0.862,0.6657624491377641,0.9179477940587717,0.4326647564469914,0.8209851306539778,0.7350993377483444,0.5348556287261816,86500.0,3384.0
meta.imbalanced.OnlineRUSBoost -l (trees.HoeffdingTree -e 2000000 -g 100 -c 0.01),ArffFileStream -f ./../../../Dataset/Synthetic_IM30/stream_gen_agrawal.arff,1,87000.0,16.28125,1.425330992788077E-8,87000.0,0.9337125846178941,0.2807858014653482,0.872,0.6592554732089616,0.9298089147801666,0.366120218579235,0.8064836966869053,0.6940298507462687,0.5683218978951041,87000.0,3384.0
meta.imbalanced.OnlineRUSBoost -l (trees.HoeffdingTree -e 2000000 -g 100 -c 0.01),ArffFileStream -f ./../../../Dataset/Synthetic_IM30/stream_gen_agrawal.arff,1,87500.0,16.34375,1.4308025129139428E-8,87500.0,0.9299020379258793,0.3129401063570638,0.874,0.682766677408959,0.9337125846178941,0.39664804469273746,0.8280908880339846,0.7394366197183099,0.5749643394116967,87500.0,3384.0
meta.imbalanced.OnlineRUSBoost -l (trees.HoeffdingTree -e 2000000 -g 100 -c 0.01),ArffFileStream -f ./../../../Dataset/Synthetic_IM30/stream_gen_agrawal.arff,1,88000.0,16.421875,1.4376419130712753E-8,88000.0,0.938822184105203,0.31097414456219863,0.874,0.7009796476306197,0.9299020379258793,0.4662756598240469,0.8354323515858398,0.7484276729559748,0.5751398574603417,88000.0,3384.0
meta.imbalanced.OnlineRUSBoost -l (trees.HoeffdingTree -e 2000000 -g 100 -c 0.01),ArffFileStream -f ./../../../Dataset/Synthetic_IM30/stream_gen_agrawal.arff,1,88500.0,16.515625,1.4458491932600742E-8,88500.0,0.9376524510189629,0.2983087658727766,0.866,0.6520275884992521,0.938822184105203,0.39664804469273746,0.7977464522005621,0.676056338028169,0.5480564024390244,88500.0,3384.0
meta.imbalanced.OnlineRUSBoost -l (trees.HoeffdingTree -e 2000000 -g 100 -c 0.01),ArffFileStream -f ./../../../Dataset/Synthetic_IM30/stream_gen_agrawal.arff,1,89000.0,16.59375,1.4526885934174067E-8,89000.0,0.9301673450927183,0.3167283615375439,0.844,0.6336996336996337,0.9376524510189629,0.4925373134328358,0.7970093353261396,0.6909090909090909,0.4741904942245787,89000.0,3384.0
meta.imbalanced.OnlineRUSBoost -l (trees.HoeffdingTree -e 2000000 -g 100 -c 0.01),ArffFileStream -f ./../../../Dataset/Synthetic_IM30/stream_gen_agrawal.arff,1,89500.0,16.671875,1.4595279935747392E-8,89500.0,0.9559730024968789,0.3373277409414054,0.9,0.7510158553103339,0.9301673450927183,0.4044943820224719,0.8644021120034096,0.7916666666666666,0.6628874910542771,89500.0,3384.0
meta.imbalanced.OnlineRUSBoost -l (trees.HoeffdingTree -e 2000000 -g 100 -c 0.01),ArffFileStream -f ./../../../Dataset/Synthetic_IM30/stream_gen_agrawal.arff,1,90000.0,16.75,1.4663673937320717E-8,90000.0,0.9446422180783937,0.3393729703963602,0.862,0.674491451862475,0.9559730024968789,0.4409221902017291,0.834070420475728,0.7712418300653595,0.5348663021496517,90000.0,3384.0
meta.imbalanced.OnlineRUSBoost -l (trees.HoeffdingTree -e 2000000 -g 100 -c 0.01),ArffFileStream -f ./../../../Dataset/Synthetic_IM30/stream_gen_agrawal.arff,1,90500.0,16.84375,1.4745746739208706E-8,90500.0,0.9553996691843202,0.3338743476039002,0.886,0.7076083388049902,0.9446422180783937,0.3850415512465374,0.8382151724125256,0.7482014388489209,0.615625349279088,90500.0,3384.0
meta.imbalanced.OnlineRUSBoost -l (trees.HoeffdingTree -e 2000000 -g 100 -c 0.01),ArffFileStream -f ./../../../Dataset/Synthetic_IM30/stream_gen_agrawal.arff,1,91000.0,16.921875,1.481414074078203E-8,91000.0,0.9598041425088607,0.33061726227336863,0.9,0.7363258590503513,0.9553996691843202,0.36239782016348776,0.8527679216459295,0.7669172932330827,0.6626380959442427,91000.0,3384.0
meta.imbalanced.OnlineRUSBoost -l (trees.HoeffdingTree -e 2000000 -g 100 -c 0.01),ArffFileStream -f ./../../../Dataset/Synthetic_IM30/stream_gen_agrawal.arff,1,91500.0,17.0,1.4882534742355355E-8,91500.0,0.9467149696892465,0.34720442306670407,0.874,0.7091305311368841,0.9598041425088607,0.4836795252225519,0.8465915994708572,0.7791411042944786,0.5751556914913217,91500.0,3384.0
meta.imbalanced.OnlineRUSBoost -l (trees.HoeffdingTree -e 2000000 -g 100 -c 0.01),ArffFileStream -f ./../../../Dataset/Synthetic_IM30/stream_gen_agrawal.arff,1,92000.0,17.078125,1.495092874392868E-8,92000.0,0.9534975214414981,0.3518462139541726,0.896,0.7398543184183144,0.9467149696892465,0.39664804469273746,0.8603852659626343,0.7887323943661971,0.6492540049122036,92000.0,3384.0
meta.imbalanced.OnlineRUSBoost -l (trees.HoeffdingTree -e 2000000 -g 100 -c 0.01),ArffFileStream -f ./../../../Dataset/Synthetic_IM30/stream_gen_agrawal.arff,1,92500.0,17.171875,1.503300154581667E-8,92500.0,0.9579363278886872,0.3563022407093063,0.892,0.7409425852011053,0.9534975214414981,0.4367816091954023,0.8622296432231685,0.7960526315789473,0.6358134956800701,92500.0,3384.0
meta.imbalanced.OnlineRUSBoost -l (trees.HoeffdingTree -e 2000000 -g 100 -c 0.01),ArffFileStream -f ./../../../Dataset/Synthetic_IM30/stream_gen_agrawal.arff,1,93000.0,17.234375,1.5087716747075328E-8,93000.0,0.9620642842119352,0.3761277711780042,0.91,0.7853053435114504,0.9579363278886872,0.42450142450142453,0.8924668424952497,0.8523489932885906,0.6965192168237854,93000.0,3384.0
meta.imbalanced.OnlineRUSBoost -l (trees.HoeffdingTree -e 2000000 -g 100 -c 0.01),ArffFileStream -f ./../../../Dataset/Synthetic_IM30/stream_gen_agrawal.arff,1,93500.0,17.34375,1.518346834927798E-8,93500.0,0.9483261670761671,0.32971126719654736,0.886,0.7204457174245694,0.9620642842119352,0.42045454545454547,0.8484928465020259,0.7702702702702703,0.6155871321407964,93500.0,3384.0
meta.imbalanced.OnlineRUSBoost -l (trees.HoeffdingTree -e 2000000 -g 100 -c 0.01),ArffFileStream -f ./../../../Dataset/Synthetic_IM30/stream_gen_agrawal.arff,1,94000.0,17.40625,1.523818355053664E-8,94000.0,0.9423449344325789,0.316162006653574,0.86,0.6648601030315797,0.9483261670761671,0.4662756598240469,0.8128176043826991,0.710691823899371,0.5280955283824003,94000.0,3384.0
meta.imbalanced.OnlineRUSBoost -l (trees.HoeffdingTree -e 2000000 -g 100 -c 0.01),ArffFileStream -f ./../../../Dataset/Synthetic_IM30/stream_gen_agrawal.arff,1,94500.0,17.5,1.532025635242463E-8,94500.0,0.9480391594485554,0.3284799720044085,0.882,0.7107048993841447,0.9423449344325789,0.42450142450142453,0.8418397940793612,0.7583892617449665,0.6022613782279925,94500.0,3384.0
meta.imbalanced.OnlineRUSBoost -l (trees.HoeffdingTree -e 2000000 -g 100 -c 0.01),ArffFileStream -f ./../../../Dataset/Synthetic_IM30/stream_gen_agrawal.arff,1,95000.0,17.59375,1.540232915431262E-8,95000.0,0.9328196785784515,0.2967947971585816,0.84,0.6318047092177691,0.9480391594485554,0.5105740181268882,0.8002015334560466,0.7041420118343196,0.4610884594929975,95000.0,3384.0
meta.imbalanced.OnlineRUSBoost -l (trees.HoeffdingTree -e 2000000 -g 100 -c 0.01),ArffFileStream -f ./../../../Dataset/Synthetic_IM30/stream_gen_agrawal.arff,1,95500.0,17.65625,1.545704435557128E-8,95500.0,0.9537297128589264,0.32276731850035945,0.888,0.7223103776578865,0.9328196785784515,0.4044943820224719,0.8516708993789437,0.7777777777777778,0.6227027408374194,95500.0,3384.0
meta.imbalanced.OnlineRUSBoost -l (trees.HoeffdingTree -e 2000000 -g 100 -c 0.01),ArffFileStream -f ./../../../Dataset/Synthetic_IM30/stream_gen_agrawal.arff,1,96000.0,17.734375,1.5525438357144605E-8,96000.0,0.9320816532258065,0.2981143519183862,0.862,0.621228755873699,0.9537297128589264,0.34408602150537637,0.785906819902902,0.6640625,0.5347824560171367,96000.0,3384.0
meta.imbalanced.OnlineRUSBoost -l (trees.HoeffdingTree -e 2000000 -g 100 -c 0.01),ArffFileStream -f ./../../../Dataset/Synthetic_IM30/stream_gen_agrawal.arff,1,96500.0,17.828125,1.5607511159032596E-8,96500.0,0.9416358704556625,0.3075133215020637,0.864,0.6772294898327289,0.9320816532258065,0.4836795252225519,0.8168903830208039,0.7116564417177914,0.5417597765363129,96500.0,3384.0
meta.imbalanced.OnlineRUSBoost -l (trees.HoeffdingTree -e 2000000 -g 100 -c 0.01),ArffFileStream -f ./../../../Dataset/Synthetic_IM30/stream_gen_agrawal.arff,1,97000.0,17.921875,1.5689583960920586E-8,97000.0,0.9342579385931987,0.2785421849234635,0.854,0.639982640258818,0.9416358704556625,0.44508670520231214,0.7939982057060108,0.6753246753246753,0.5081614225185801,97000.0,3384.0
meta.imbalanced.OnlineRUSBoost -l (trees.HoeffdingTree -e 2000000 -g 100 -c 0.01),ArffFileStream -f ./../../../Dataset/Synthetic_IM30/stream_gen_agrawal.arff,1,97500.0,18.03125,1.578533556312324E-8,97500.0,0.9217017713131019,0.28395686509753015,0.844,0.6309823439244554,0.9342579385931987,0.4836795252225519,0.7950255860043489,0.6871165644171779,0.4747384052215353,97500.0,3384.0
meta.imbalanced.OnlineRUSBoost -l (trees.HoeffdingTree -e 2000000 -g 100 -c 0.01),ArffFileStream -f ./../../../Dataset/Synthetic_IM30/stream_gen_agrawal.arff,1,98000.0,18.09375,1.58400507643819E-8,98000.0,0.9273091672929795,0.2851724381209597,0.866,0.6686580155087831,0.9217017713131019,0.4164305949008499,0.819888261935083,0.7278911564625851,0.5487905442550852,98000.0,3384.0
meta.imbalanced.OnlineRUSBoost -l (trees.HoeffdingTree -e 2000000 -g 100 -c 0.01),ArffFileStream -f ./../../../Dataset/Synthetic_IM30/stream_gen_agrawal.arff,1,98500.0,18.1875,1.592212356626989E-8,98500.0,0.9312551610239471,0.30032775272005285,0.866,0.6839384104460714,0.9273091672929795,0.44508670520231214,0.8374133785527227,0.7727272727272727,0.5488755212249642,98500.0,3384.0
meta.imbalanced.OnlineRUSBoost -l (trees.HoeffdingTree -e 2000000 -g 100 -c 0.01),ArffFileStream -f ./../../../Dataset/Synthetic_IM30/stream_gen_agrawal.arff,1,99000.0,18.28125,1.600419636815788E-8,99000.0,0.9476988966318235,0.29880348032490917,0.872,0.6943765281173594,0.9312551610239471,0.4880952380952381,0.8207528908152862,0.7073170731707317,0.5693018829447353,99000.0,3384.0
meta.imbalanced.OnlineRUSBoost -l (trees.HoeffdingTree -e 2000000 -g 100 -c 0.01),ArffFileStream -f ./../../../Dataset/Synthetic_IM30/stream_gen_agrawal.arff,1,99500.0,18.359375,1.6072590369731204E-8,99500.0,0.9354778169807072,0.31179541735038424,0.866,0.6850793412047831,0.9476988966318235,0.44508670520231214,0.8395844414838827,0.7792207792207793,0.5491952934812009,99500.0,3384.0
meta.imbalanced.OnlineRUSBoost -l (trees.HoeffdingTree -e 2000000 -g 100 -c 0.01),ArffFileStream -f ./../../../Dataset/Synthetic_IM30/stream_gen_agrawal.arff,1,100000.0,18.46875,1.6168341971933857E-8,100000.0,0.9409558823529411,0.3265642761670805,0.87,0.68947066692146,0.9354778169807072,0.47058823529411764,0.8247548655420556,0.725,0.5628194780737152,100000.0,3384.0
