Learner,stream,randomSeed,learning evaluation instances,evaluation time (cpu seconds),model cost (RAM-Hours),classified instances,AUC,sAUC,Accuracy,Kappa,Periodical holdout AUC,Pos/Neg ratio,G-Mean,Recall,KappaM,model training instances,model serialized size (bytes)
meta.imbalanced.RebalanceStream -l (trees.HoeffdingTree -e 2000000 -g 100 -c 0.01),ArffFileStream -f ./../../../Dataset/Synthetic_IM10/stream_gen_RBF_drift.arff,1,500.0,0.109375,1.4758875800503624E-10,500.0,0.459035142441256,0.03540059007261458,0.912,0.029297564419343374,0.0,0.09170305676855896,0.15379715936903857,0.023809523809523808,-0.04761904761904768,500.0,5216.0
meta.imbalanced.RebalanceStream -l (trees.HoeffdingTree -e 2000000 -g 100 -c 0.01),ArffFileStream -f ./../../../Dataset/Synthetic_IM10/stream_gen_RBF_drift.arff,1,1000.0,0.140625,1.9117982851134407E-10,1000.0,0.3913386480651055,0.0011590851330650145,0.892,0.0,0.459035142441256,0.1210762331838565,0.0,0.0,-0.12500000000000014,1000.0,5392.0
meta.imbalanced.RebalanceStream -l (trees.HoeffdingTree -e 2000000 -g 100 -c 0.01),ArffFileStream -f ./../../../Dataset/Synthetic_IM10/stream_gen_RBF_drift.arff,1,1500.0,0.1875,2.5860370240277714E-10,1500.0,0.6191777777777778,0.1391777268923532,0.906,0.22185430463576122,0.3913386480651055,0.1111111111111111,0.3977715704047013,0.16,0.03424657534246653,1500.0,5560.0
meta.imbalanced.RebalanceStream -l (trees.HoeffdingTree -e 2000000 -g 100 -c 0.01),ArffFileStream -f ./../../../Dataset/Synthetic_IM10/stream_gen_RBF_drift.arff,1,2000.0,0.203125,2.8107832703325483E-10,2000.0,0.7305681818181818,0.18685723451157993,0.896,0.26387315968289915,0.6191777777777778,0.13636363636363635,0.42671223714973694,0.18333333333333332,-0.009708737864077681,2000.0,5560.0
meta.imbalanced.RebalanceStream -l (trees.HoeffdingTree -e 2000000 -g 100 -c 0.01),ArffFileStream -f ./../../../Dataset/Synthetic_IM10/stream_gen_RBF_drift.arff,1,2500.0,0.234375,3.260275762942102E-10,2500.0,0.7086742424242424,0.1670746207274099,0.9,0.2921857304643261,0.7305681818181818,0.13636363636363635,0.4461960433384737,0.2,0.06015037593985027,2500.0,5560.0
meta.imbalanced.RebalanceStream -l (trees.HoeffdingTree -e 2000000 -g 100 -c 0.01),ArffFileStream -f ./../../../Dataset/Synthetic_IM10/stream_gen_RBF_drift.arff,1,3000.0,0.25,3.491812903020117E-10,3000.0,0.7021108074927725,0.17731653644801051,0.9,0.2365479753252313,0.7086742424242424,0.12866817155756208,0.3964617179329988,0.15789473684210525,0.07120743034055767,3000.0,5728.0
meta.imbalanced.RebalanceStream -l (trees.HoeffdingTree -e 2000000 -g 100 -c 0.01),ArffFileStream -f ./../../../Dataset/Synthetic_IM10/stream_gen_RBF_drift.arff,1,3500.0,0.265625,3.7233500430981317E-10,3500.0,0.7786227876106194,0.22184740396377067,0.92,0.325600215807931,0.7021108074927725,0.10619469026548672,0.4771222578831883,0.22916666666666666,0.24528301886792478,3500.0,5728.0
meta.imbalanced.RebalanceStream -l (trees.HoeffdingTree -e 2000000 -g 100 -c 0.01),ArffFileStream -f ./../../../Dataset/Synthetic_IM10/stream_gen_RBF_drift.arff,1,4000.0,0.296875,4.1864243232541613E-10,4000.0,0.7296833503575076,0.19946686605161468,0.902,0.2386575512740838,0.7786227876106194,0.12359550561797752,0.40315406129659503,0.16363636363636364,0.07981220657277052,4000.0,5728.0
meta.imbalanced.RebalanceStream -l (trees.HoeffdingTree -e 2000000 -g 100 -c 0.01),ArffFileStream -f ./../../../Dataset/Synthetic_IM10/stream_gen_RBF_drift.arff,1,4500.0,0.3125,4.417961463332176E-10,4500.0,0.7006113256113257,0.19232295854601983,0.894,0.19803897833192097,0.7296833503575076,0.12612612612612611,0.3758302692019248,0.14285714285714285,0.01037344398340307,4500.0,5728.0
meta.imbalanced.RebalanceStream -l (trees.HoeffdingTree -e 2000000 -g 100 -c 0.01),ArffFileStream -f ./../../../Dataset/Synthetic_IM10/stream_gen_RBF_drift.arff,1,5000.0,0.328125,4.649498603410191E-10,5000.0,0.8071994837758112,0.28015444714871257,0.928,0.43890274314214545,0.7006113256113257,0.10619469026548672,0.5747899449589899,0.3333333333333333,0.3207547169811324,5000.0,5728.0
meta.imbalanced.RebalanceStream -l (trees.HoeffdingTree -e 2000000 -g 100 -c 0.01),ArffFileStream -f ./../../../Dataset/Synthetic_IM10/stream_gen_RBF_drift.arff,1,5500.0,0.34375,4.887826637261444E-10,5500.0,0.8628549041297935,0.37040558380221406,0.936,0.5012468827930183,0.8071994837758112,0.10619469026548672,0.6110161274177645,0.375,0.3910034602076132,5500.0,5896.0
meta.imbalanced.RebalanceStream -l (trees.HoeffdingTree -e 2000000 -g 100 -c 0.01),ArffFileStream -f ./../../../Dataset/Synthetic_IM10/stream_gen_RBF_drift.arff,1,6000.0,0.375,5.364482704963949E-10,6000.0,0.6869699483775811,0.2198508755097702,0.914,0.2847638057218899,0.8628549041297935,0.10619469026548672,0.4539039117059325,0.20833333333333334,0.1757188498402555,6000.0,5896.0
meta.imbalanced.RebalanceStream -l (trees.HoeffdingTree -e 2000000 -g 100 -c 0.01),ArffFileStream -f ./../../../Dataset/Synthetic_IM10/stream_gen_RBF_drift.arff,1,6500.0,0.375,5.364482704963949E-10,6500.0,0.6443098022638674,0.19822620229450913,0.91,0.20696461299873087,0.6869699483775811,0.10375275938189846,0.3837867677817004,0.14893617021276595,0.1307578008915311,6500.0,5896.0
meta.imbalanced.RebalanceStream -l (trees.HoeffdingTree -e 2000000 -g 100 -c 0.01),ArffFileStream -f ./../../../Dataset/Synthetic_IM10/stream_gen_RBF_drift.arff,1,7000.0,0.390625,5.602810738815202E-10,7000.0,0.8048415009919379,0.3125423087004344,0.922,0.4195046439628483,0.6443098022638674,0.1185682326621924,0.5482117004855315,0.3018867924528302,0.2479338842975214,7000.0,5896.0
meta.imbalanced.RebalanceStream -l (trees.HoeffdingTree -e 2000000 -g 100 -c 0.01),ArffFileStream -f ./../../../Dataset/Synthetic_IM10/stream_gen_RBF_drift.arff,1,7500.0,0.40625,5.841138772666454E-10,7500.0,0.7995836915697543,0.2816766637722737,0.918,0.31956983536909256,0.8048415009919379,0.10864745011086474,0.4722250688807642,0.22448979591836735,0.20645161290322658,7500.0,5896.0
meta.imbalanced.RebalanceStream -l (trees.HoeffdingTree -e 2000000 -g 100 -c 0.01),ArffFileStream -f ./../../../Dataset/Synthetic_IM10/stream_gen_RBF_drift.arff,1,8000.0,0.421875,6.079466806517707E-10,8000.0,0.7573850868232891,0.28789351273120345,0.916,0.4115998879237889,0.7995836915697543,0.12359550561797752,0.5534551145672553,0.3090909090909091,0.19036144578313294,8000.0,5896.0
meta.imbalanced.RebalanceStream -l (trees.HoeffdingTree -e 2000000 -g 100 -c 0.01),ArffFileStream -f ./../../../Dataset/Synthetic_IM10/stream_gen_RBF_drift.arff,1,8500.0,0.4375,6.31779484036896E-10,8500.0,0.7946490249216218,0.3536516846877602,0.936,0.4535145843295311,0.7573850868232891,0.08932461873638345,0.6008920516793356,0.36585365853658536,0.37543053960964445,8500.0,5896.0
meta.imbalanced.RebalanceStream -l (trees.HoeffdingTree -e 2000000 -g 100 -c 0.01),ArffFileStream -f ./../../../Dataset/Synthetic_IM10/stream_gen_RBF_drift.arff,1,9000.0,0.453125,6.556122874220212E-10,9000.0,0.8265051834130781,0.33122404256156657,0.932,0.43783068783068857,0.7946490249216218,0.09649122807017543,0.5806643200951639,0.3409090909090909,0.33114754098360716,9000.0,5896.0
meta.imbalanced.RebalanceStream -l (trees.HoeffdingTree -e 2000000 -g 100 -c 0.01),ArffFileStream -f ./../../../Dataset/Synthetic_IM10/stream_gen_RBF_drift.arff,1,9500.0,0.484375,7.032778941922718E-10,9500.0,0.8044507575757576,0.4238741750614165,0.93,0.49672150005751786,0.8265051834130781,0.09649122807017543,0.6660184248688266,0.45454545454545453,0.3065693430656942,9500.0,5896.0
meta.imbalanced.RebalanceStream -l (trees.HoeffdingTree -e 2000000 -g 100 -c 0.01),ArffFileStream -f ./../../../Dataset/Synthetic_IM10/stream_gen_RBF_drift.arff,1,10000.0,0.484375,7.032778941922718E-10,10000.0,0.8804086538461539,0.4451250922712029,0.936,0.586263963591229,0.8044507575757576,0.11607142857142858,0.7023557299748977,0.5,0.3669634025717115,10000.0,5896.0
meta.imbalanced.RebalanceStream -l (trees.HoeffdingTree -e 2000000 -g 100 -c 0.01),ArffFileStream -f ./../../../Dataset/Synthetic_IM10/stream_gen_RBF_drift.arff,1,10500.0,0.5,7.277897869547208E-10,10500.0,0.8552566018933732,0.5032795891370758,0.946,0.6684675834970526,0.8804086538461539,0.1210762331838565,0.7542714548952666,0.5740740740740741,0.4676056338028164,10500.0,6064.0
meta.imbalanced.RebalanceStream -l (trees.HoeffdingTree -e 2000000 -g 100 -c 0.01),ArffFileStream -f ./../../../Dataset/Synthetic_IM10/stream_gen_RBF_drift.arff,1,11000.0,0.53125,7.76813572479619E-10,11000.0,0.9134395196173223,0.5401770635013912,0.958,0.6904481132075467,0.8552566018933732,0.09409190371991247,0.7741826730536047,0.6046511627906976,0.5830324909747291,11000.0,6064.0
meta.imbalanced.RebalanceStream -l (trees.HoeffdingTree -e 2000000 -g 100 -c 0.01),ArffFileStream -f ./../../../Dataset/Synthetic_IM10/stream_gen_RBF_drift.arff,1,11500.0,0.53125,7.76813572479619E-10,11500.0,0.9708,0.6561065578296758,0.958,0.7602739726027395,0.9134395196173223,0.1111111111111111,0.8630179604156567,0.76,0.5829015544041448,11500.0,6064.0
meta.imbalanced.RebalanceStream -l (trees.HoeffdingTree -e 2000000 -g 100 -c 0.01),ArffFileStream -f ./../../../Dataset/Synthetic_IM10/stream_gen_RBF_drift.arff,1,12000.0,0.546875,8.01325465242068E-10,12000.0,0.832688908528502,0.541031051690304,0.938,0.6863871803172543,0.9708,0.1415525114155251,0.7949242426044987,0.6451612903225806,0.39016393442622904,12000.0,6064.0
meta.imbalanced.RebalanceStream -l (trees.HoeffdingTree -e 2000000 -g 100 -c 0.01),ArffFileStream -f ./../../../Dataset/Synthetic_IM10/stream_gen_RBF_drift.arff,1,12500.0,0.5625,8.258373580045171E-10,12500.0,0.8259284575074048,0.5285467417900033,0.95,0.6306146572104013,0.832688908528502,0.08225108225108226,0.7852014731159505,0.631578947368421,0.5031796502384731,12500.0,6064.0
meta.imbalanced.RebalanceStream -l (trees.HoeffdingTree -e 2000000 -g 100 -c 0.01),ArffFileStream -f ./../../../Dataset/Synthetic_IM10/stream_gen_RBF_drift.arff,1,13000.0,0.578125,8.503492507669661E-10,13000.0,0.7352159047739648,0.4085519354858539,0.924,0.5092214702691535,0.8259284575074048,0.1185682326621924,0.652836581163532,0.4339622641509434,0.24637681159420305,13000.0,6064.0
meta.imbalanced.RebalanceStream -l (trees.HoeffdingTree -e 2000000 -g 100 -c 0.01),ArffFileStream -f ./../../../Dataset/Synthetic_IM10/stream_gen_RBF_drift.arff,1,13500.0,0.59375,8.748611435294152E-10,13500.0,0.8182383849557522,0.45302723130947065,0.94,0.575215224286361,0.7352159047739648,0.10619469026548672,0.6883793652067717,0.4791666666666667,0.4039735099337744,13500.0,6064.0
meta.imbalanced.RebalanceStream -l (trees.HoeffdingTree -e 2000000 -g 100 -c 0.01),ArffFileStream -f ./../../../Dataset/Synthetic_IM10/stream_gen_RBF_drift.arff,1,14000.0,0.59375,8.748611435294152E-10,14000.0,0.8624444444444445,0.5744649947207374,0.948,0.6700507614213195,0.8182383849557522,0.1111111111111111,0.7694153624668538,0.6,0.4833215046132004,14000.0,6064.0
meta.imbalanced.RebalanceStream -l (trees.HoeffdingTree -e 2000000 -g 100 -c 0.01),ArffFileStream -f ./../../../Dataset/Synthetic_IM10/stream_gen_RBF_drift.arff,1,14500.0,0.609375,8.993730362918643E-10,14500.0,0.84738076021369,0.4939532865661649,0.924,0.5862909898532421,0.8624444444444445,0.13378684807256236,0.727216821920406,0.5423728813559322,0.24931880108991866,14500.0,6064.0
meta.imbalanced.RebalanceStream -l (trees.HoeffdingTree -e 2000000 -g 100 -c 0.01),ArffFileStream -f ./../../../Dataset/Synthetic_IM10/stream_gen_RBF_drift.arff,1,15000.0,0.625,9.238849290543133E-10,15000.0,0.8470038733196628,0.5209988815551213,0.94,0.5727956254272037,0.84738076021369,0.08225108225108226,0.7652527403834555,0.6052631578947368,0.4023904382470117,15000.0,6064.0
meta.imbalanced.RebalanceStream -l (trees.HoeffdingTree -e 2000000 -g 100 -c 0.01),ArffFileStream -f ./../../../Dataset/Synthetic_IM10/stream_gen_RBF_drift.arff,1,15500.0,0.625,9.238849290543133E-10,15500.0,0.8530751257375946,0.6275427779285959,0.946,0.712936973717785,0.8470038733196628,0.12866817155756208,0.8187246708932365,0.6842105263157895,0.46449136276391517,15500.0,6064.0
meta.imbalanced.RebalanceStream -l (trees.HoeffdingTree -e 2000000 -g 100 -c 0.01),ArffFileStream -f ./../../../Dataset/Synthetic_IM10/stream_gen_RBF_drift.arff,1,16000.0,0.640625,9.483968218167623E-10,16000.0,0.8994388715938353,0.6733578553598164,0.956,0.7788766936035056,0.8530751257375946,0.13378684807256236,0.8653761156370372,0.7627118644067796,0.5659679408138097,16000.0,6064.0
meta.imbalanced.RebalanceStream -l (trees.HoeffdingTree -e 2000000 -g 100 -c 0.01),ArffFileStream -f ./../../../Dataset/Synthetic_IM10/stream_gen_RBF_drift.arff,1,16500.0,0.640625,9.483968218167623E-10,16500.0,0.8980183861082738,0.5868889362321613,0.946,0.6923427529626249,0.8994388715938353,0.12359550561797752,0.7914249312847301,0.6363636363636364,0.46869409660107286,16500.0,6064.0
meta.imbalanced.RebalanceStream -l (trees.HoeffdingTree -e 2000000 -g 100 -c 0.01),ArffFileStream -f ./../../../Dataset/Synthetic_IM10/stream_gen_RBF_drift.arff,1,17000.0,0.65625,9.729087145792112E-10,17000.0,0.824698333652557,0.5185168663942591,0.938,0.5651929982046673,0.8980183861082738,0.1013215859030837,0.7008490759876732,0.5,0.388276262333139,17000.0,6064.0
meta.imbalanced.RebalanceStream -l (trees.HoeffdingTree -e 2000000 -g 100 -c 0.01),ArffFileStream -f ./../../../Dataset/Synthetic_IM10/stream_gen_RBF_drift.arff,1,17500.0,0.671875,9.974206073416602E-10,17500.0,0.9620966605608003,0.6827507584302986,0.96,0.7457670208979505,0.824698333652557,0.10375275938189846,0.8323628748773843,0.7021276595744681,0.6045197740112989,17500.0,6064.0
meta.imbalanced.RebalanceStream -l (trees.HoeffdingTree -e 2000000 -g 100 -c 0.01),ArffFileStream -f ./../../../Dataset/Synthetic_IM10/stream_gen_RBF_drift.arff,1,18000.0,0.671875,9.974206073416602E-10,18000.0,0.8821333333333333,0.625396300561327,0.942,0.6806167400881055,0.9620966605608003,0.1111111111111111,0.8342661445845684,0.72,0.4263736263736261,18000.0,6064.0
meta.imbalanced.RebalanceStream -l (trees.HoeffdingTree -e 2000000 -g 100 -c 0.01),ArffFileStream -f ./../../../Dataset/Synthetic_IM10/stream_gen_RBF_drift.arff,1,18500.0,0.671875,9.974206073416602E-10,18500.0,0.928933435902077,0.6354469217170603,0.956,0.7417234092509974,0.8821333333333333,0.10864745011086474,0.848547335544552,0.7346938775510204,0.5644729802033169,18500.0,6064.0
meta.imbalanced.RebalanceStream -l (trees.HoeffdingTree -e 2000000 -g 100 -c 0.01),ArffFileStream -f ./../../../Dataset/Synthetic_IM10/stream_gen_RBF_drift.arff,1,19000.0,0.6875,1.0219325001041091E-9,19000.0,0.9013108391746861,0.6123381657621981,0.95,0.7297647872708403,0.928933435902077,0.12866817155756208,0.820608964918144,0.6842105263157895,0.5067497403945996,19000.0,6064.0
meta.imbalanced.RebalanceStream -l (trees.HoeffdingTree -e 2000000 -g 100 -c 0.01),ArffFileStream -f ./../../../Dataset/Synthetic_IM10/stream_gen_RBF_drift.arff,1,19500.0,0.703125,1.046444392866558E-9,19500.0,0.8679601648351648,0.5216549683291263,0.938,0.6260013512209242,0.9013108391746861,0.11607142857142858,0.7518863640175983,0.5769230769230769,0.38877654196157674,19500.0,6064.0
meta.imbalanced.RebalanceStream -l (trees.HoeffdingTree -e 2000000 -g 100 -c 0.01),ArffFileStream -f ./../../../Dataset/Synthetic_IM10/stream_gen_RBF_drift.arff,1,20000.0,0.75,1.1199800711539052E-9,20000.0,0.8574313888558869,0.6243012180886294,0.948,0.7212812486600059,0.8679601648351648,0.12866817155756208,0.819667359370027,0.6842105263157895,0.48894348894348855,20000.0,6064.0
meta.imbalanced.RebalanceStream -l (trees.HoeffdingTree -e 2000000 -g 100 -c 0.01),ArffFileStream -f ./../../../Dataset/Synthetic_IM10/stream_gen_RBF_drift.arff,1,20500.0,0.75,1.1199800711539052E-9,20500.0,0.8638406537282942,0.596121620978855,0.948,0.716343006764128,0.8574313888558869,0.12359550561797752,0.822760991188232,0.6909090909090909,0.4899521531100473,20500.0,6232.0
meta.imbalanced.RebalanceStream -l (trees.HoeffdingTree -e 2000000 -g 100 -c 0.01),ArffFileStream -f ./../../../Dataset/Synthetic_IM10/stream_gen_RBF_drift.arff,1,21000.0,0.765625,1.145171053293678E-9,21000.0,0.9552401746724891,0.7860557642968192,0.964,0.7846889952153109,0.8638406537282942,0.09170305676855896,0.9251741362394413,0.8809523809523809,0.6454033771106941,21000.0,6232.0
meta.imbalanced.RebalanceStream -l (trees.HoeffdingTree -e 2000000 -g 100 -c 0.01),ArffFileStream -f ./../../../Dataset/Synthetic_IM10/stream_gen_RBF_drift.arff,1,21500.0,0.78125,1.1703620354334507E-9,21500.0,0.8934135324483776,0.6032517224116681,0.954,0.6984792868379652,0.9552401746724891,0.10619469026548672,0.7861846368289326,0.625,0.5463302752293576,21500.0,6232.0
meta.imbalanced.RebalanceStream -l (trees.HoeffdingTree -e 2000000 -g 100 -c 0.01),ArffFileStream -f ./../../../Dataset/Synthetic_IM10/stream_gen_RBF_drift.arff,1,22000.0,0.78125,1.1703620354334507E-9,22000.0,0.9211667239010989,0.6391654110326913,0.952,0.7424450549450545,0.8934135324483776,0.11607142857142858,0.8652319767706078,0.7692307692307693,0.5268817204301072,22000.0,6232.0
meta.imbalanced.RebalanceStream -l (trees.HoeffdingTree -e 2000000 -g 100 -c 0.01),ArffFileStream -f ./../../../Dataset/Synthetic_IM10/stream_gen_RBF_drift.arff,1,22500.0,0.796875,1.1955530175732234E-9,22500.0,0.9483842260414929,0.7044663088656862,0.97,0.7838118298166722,0.9211667239010989,0.08459869848156182,0.8713317903858974,0.7692307692307693,0.7027741083223247,22500.0,6232.0
meta.imbalanced.RebalanceStream -l (trees.HoeffdingTree -e 2000000 -g 100 -c 0.01),ArffFileStream -f ./../../../Dataset/Synthetic_IM10/stream_gen_RBF_drift.arff,1,23000.0,0.8125,1.2207439997129961E-9,23000.0,0.916396599502137,0.6727831679470925,0.962,0.765732886170842,0.9483842260414929,0.10375275938189846,0.8562555935261048,0.7446808510638298,0.6229508196721307,23000.0,6232.0
meta.imbalanced.RebalanceStream -l (trees.HoeffdingTree -e 2000000 -g 100 -c 0.01),ArffFileStream -f ./../../../Dataset/Synthetic_IM10/stream_gen_RBF_drift.arff,1,23500.0,0.8125,1.2207439997129961E-9,23500.0,0.9502729362191151,0.7333017490525383,0.97,0.8112162706403542,0.916396599502137,0.1013215859030837,0.8797668197618059,0.782608695652174,0.7017766497461927,23500.0,6232.0
meta.imbalanced.RebalanceStream -l (trees.HoeffdingTree -e 2000000 -g 100 -c 0.01),ArffFileStream -f ./../../../Dataset/Synthetic_IM10/stream_gen_RBF_drift.arff,1,24000.0,0.828125,1.2459349818527689E-9,24000.0,0.9023106060606061,0.6813025508916314,0.962,0.7949935261113507,0.9502729362191151,0.13636363636363635,0.8357087356903067,0.7,0.6237623762376233,24000.0,6232.0
meta.imbalanced.RebalanceStream -l (trees.HoeffdingTree -e 2000000 -g 100 -c 0.01),ArffFileStream -f ./../../../Dataset/Synthetic_IM10/stream_gen_RBF_drift.arff,1,24500.0,0.84375,1.2711259639925416E-9,24500.0,0.9097650663942799,0.6878070844318847,0.958,0.7765957446808508,0.9023106060606061,0.12359550561797752,0.8659723260350941,0.7636363636363637,0.5849132714804351,24500.0,6232.0
meta.imbalanced.RebalanceStream -l (trees.HoeffdingTree -e 2000000 -g 100 -c 0.01),ArffFileStream -f ./../../../Dataset/Synthetic_IM10/stream_gen_RBF_drift.arff,1,25000.0,0.84375,1.2711259639925416E-9,25000.0,0.8845333333333333,0.5866654733523259,0.946,0.6800947867298575,0.9097650663942799,0.1111111111111111,0.8033264176742436,0.66,0.466192170818505,25000.0,6232.0
meta.imbalanced.RebalanceStream -l (trees.HoeffdingTree -e 2000000 -g 100 -c 0.01),ArffFileStream -f ./../../../Dataset/Synthetic_IM10/stream_gen_RBF_drift.arff,1,25500.0,0.859375,1.2963169461323144E-9,25500.0,0.8977777777777778,0.6038782704067699,0.95,0.6980676328502412,0.8845333333333333,0.1111111111111111,0.8051500895278263,0.66,0.5056223342380763,25500.0,6232.0
meta.imbalanced.RebalanceStream -l (trees.HoeffdingTree -e 2000000 -g 100 -c 0.01),ArffFileStream -f ./../../../Dataset/Synthetic_IM10/stream_gen_RBF_drift.arff,1,26000.0,0.875,1.3215079282720871E-9,26000.0,0.8664049032752347,0.600819632526112,0.956,0.6949190148657639,0.8977777777777778,0.1013215859030837,0.7767449355393553,0.6086956521739131,0.5641904761904757,26000.0,6232.0
meta.imbalanced.RebalanceStream -l (trees.HoeffdingTree -e 2000000 -g 100 -c 0.01),ArffFileStream -f ./../../../Dataset/Synthetic_IM10/stream_gen_RBF_drift.arff,1,26500.0,0.875,1.3215079282720871E-9,26500.0,0.9016923842707815,0.6594873000873497,0.95,0.7145858069230064,0.8664049032752347,0.10864745011086474,0.8456627470191674,0.7346938775510204,0.5044876589379202,26500.0,6232.0
meta.imbalanced.RebalanceStream -l (trees.HoeffdingTree -e 2000000 -g 100 -c 0.01),ArffFileStream -f ./../../../Dataset/Synthetic_IM10/stream_gen_RBF_drift.arff,1,27000.0,0.890625,1.3466989104118599E-9,27000.0,0.9534368070953437,0.775823495608861,0.974,0.8429344674270247,0.9016923842707815,0.10864745011086474,0.8891704055670124,0.7959183673469388,0.7421961072346674,27000.0,6232.0
meta.imbalanced.RebalanceStream -l (trees.HoeffdingTree -e 2000000 -g 100 -c 0.01),ArffFileStream -f ./../../../Dataset/Synthetic_IM10/stream_gen_RBF_drift.arff,1,27500.0,0.90625,1.3718898925516326E-9,27500.0,0.8820108695652173,0.6267865255275954,0.952,0.6583143507972661,0.9534368070953437,0.08695652173913043,0.7974142996067924,0.65,0.5222584147665577,27500.0,6232.0
meta.imbalanced.RebalanceStream -l (trees.HoeffdingTree -e 2000000 -g 100 -c 0.01),ArffFileStream -f ./../../../Dataset/Synthetic_IM10/stream_gen_RBF_drift.arff,1,28000.0,0.90625,1.3718898925516326E-9,28000.0,0.895511583011583,0.696034115968671,0.952,0.7509133178346062,0.8820108695652173,0.12612612612612611,0.856217325279107,0.75,0.5232351897836106,28000.0,6232.0
meta.imbalanced.RebalanceStream -l (trees.HoeffdingTree -e 2000000 -g 100 -c 0.01),ArffFileStream -f ./../../../Dataset/Synthetic_IM10/stream_gen_RBF_drift.arff,1,28500.0,0.921875,1.3970808746914053E-9,28500.0,0.91001221001221,0.5861156803642416,0.952,0.6669442131557033,0.895511583011583,0.0989010989010989,0.7694724894938818,0.6,0.5223463687150832,28500.0,6232.0
meta.imbalanced.RebalanceStream -l (trees.HoeffdingTree -e 2000000 -g 100 -c 0.01),ArffFileStream -f ./../../../Dataset/Synthetic_IM10/stream_gen_RBF_drift.arff,1,29000.0,0.9375,1.422271856831178E-9,29000.0,0.9568090404137138,0.7014800178355868,0.974,0.829378412431751,0.91001221001221,0.1013215859030837,0.870354937317224,0.7608695652173914,0.7408934707903777,29000.0,6232.0
meta.imbalanced.RebalanceStream -l (trees.HoeffdingTree -e 2000000 -g 100 -c 0.01),ArffFileStream -f ./../../../Dataset/Synthetic_IM10/stream_gen_RBF_drift.arff,1,29500.0,0.9375,1.422271856831178E-9,29500.0,0.9067223042084372,0.6851941113131558,0.966,0.7717017619252253,0.9568090404137138,0.09409190371991247,0.8569804848253147,0.7441860465116279,0.6603454114459868,29500.0,6232.0
meta.imbalanced.RebalanceStream -l (trees.HoeffdingTree -e 2000000 -g 100 -c 0.01),ArffFileStream -f ./../../../Dataset/Synthetic_IM10/stream_gen_RBF_drift.arff,1,30000.0,0.953125,1.4474628389709508E-9,30000.0,0.9645434975307079,0.7559770782902467,0.966,0.8160173160173159,0.9067223042084372,0.1185682326621924,0.8936529012982715,0.8113207547169812,0.6606786427145704,30000.0,6232.0
meta.imbalanced.RebalanceStream -l (trees.HoeffdingTree -e 2000000 -g 100 -c 0.01),ArffFileStream -f ./../../../Dataset/Synthetic_IM10/stream_gen_RBF_drift.arff,1,30500.0,0.953125,1.4474628389709508E-9,30500.0,0.9263068902353107,0.652827982587145,0.95,0.6854554604932055,0.9645434975307079,0.10375275938189846,0.8040337925610491,0.6595744680851063,0.5004913200131016,30500.0,6232.0
meta.imbalanced.RebalanceStream -l (trees.HoeffdingTree -e 2000000 -g 100 -c 0.01),ArffFileStream -f ./../../../Dataset/Synthetic_IM10/stream_gen_RBF_drift.arff,1,31000.0,0.96875,1.4726538211107236E-9,31000.0,0.9165083787092144,0.694543834669943,0.964,0.7928272178997281,0.9263068902353107,0.1185682326621924,0.8539697170121211,0.7358490566037735,0.640695428203477,31000.0,6232.0
meta.imbalanced.RebalanceStream -l (trees.HoeffdingTree -e 2000000 -g 100 -c 0.01),ArffFileStream -f ./../../../Dataset/Synthetic_IM10/stream_gen_RBF_drift.arff,1,31500.0,0.96875,1.4726538211107236E-9,31500.0,0.8978654310720368,0.675250147996532,0.954,0.7471638378330837,0.9165083787092144,0.12866817155756208,0.8224889421012398,0.6842105263157895,0.5418906101802082,31500.0,6232.0
meta.imbalanced.RebalanceStream -l (trees.HoeffdingTree -e 2000000 -g 100 -c 0.01),ArffFileStream -f ./../../../Dataset/Synthetic_IM10/stream_gen_RBF_drift.arff,1,32000.0,0.984375,1.4978448032504963E-9,32000.0,0.9273875076478113,0.6486633566419967,0.95,0.6482440342188196,0.8978654310720368,0.08459869848156182,0.8057996571673145,0.6666666666666666,0.5003123048094938,32000.0,6232.0
meta.imbalanced.RebalanceStream -l (trees.HoeffdingTree -e 2000000 -g 100 -c 0.01),ArffFileStream -f ./../../../Dataset/Synthetic_IM10/stream_gen_RBF_drift.arff,1,32500.0,1.0,1.523035785390269E-9,32500.0,0.9123321123321123,0.6251098572003592,0.96,0.7224535109630861,0.9273875076478113,0.0989010989010989,0.7992365099136793,0.6444444444444445,0.5996304280874648,32500.0,6232.0
meta.imbalanced.RebalanceStream -l (trees.HoeffdingTree -e 2000000 -g 100 -c 0.01),ArffFileStream -f ./../../../Dataset/Synthetic_IM10/stream_gen_RBF_drift.arff,1,33000.0,1.0,1.523035785390269E-9,33000.0,0.9243295506589996,0.5619941953938999,0.954,0.660966981132075,0.9123321123321123,0.09409190371991247,0.7583101933885481,0.5813953488372093,0.5386018237082064,33000.0,6232.0
meta.imbalanced.RebalanceStream -l (trees.HoeffdingTree -e 2000000 -g 100 -c 0.01),ArffFileStream -f ./../../../Dataset/Synthetic_IM10/stream_gen_RBF_drift.arff,1,33500.0,1.015625,1.5482267675300418E-9,33500.0,0.9406105006105006,0.712737259974883,0.964,0.7710506232510809,0.9243295506589996,0.0989010989010989,0.8625147094001493,0.7555555555555555,0.6383808095952023,33500.0,6232.0
meta.imbalanced.RebalanceStream -l (trees.HoeffdingTree -e 2000000 -g 100 -c 0.01),ArffFileStream -f ./../../../Dataset/Synthetic_IM10/stream_gen_RBF_drift.arff,1,34000.0,1.03125,1.5734177496698146E-9,34000.0,0.9199937616968185,0.6195236991827682,0.964,0.7377010958265324,0.9406105006105006,0.09170305676855896,0.8129232745861696,0.6666666666666666,0.6375481196328099,34000.0,6232.0
meta.imbalanced.RebalanceStream -l (trees.HoeffdingTree -e 2000000 -g 100 -c 0.01),ArffFileStream -f ./../../../Dataset/Synthetic_IM10/stream_gen_RBF_drift.arff,1,34500.0,1.03125,1.5734177496698146E-9,34500.0,0.9325320819766328,0.6168643692717783,0.954,0.7044613486842103,0.9199937616968185,0.1013215859030837,0.8136571291209787,0.6739130434782609,0.5363716038562659,34500.0,6232.0
meta.imbalanced.RebalanceStream -l (trees.HoeffdingTree -e 2000000 -g 100 -c 0.01),ArffFileStream -f ./../../../Dataset/Synthetic_IM10/stream_gen_RBF_drift.arff,1,35000.0,1.046875,1.5986087318095873E-9,35000.0,0.9484693654744749,0.7275522661055439,0.968,0.8190290910736097,0.9325320819766328,0.11358574610244988,0.8906058283156228,0.803921568627451,0.6776050662061021,35000.0,6232.0
meta.imbalanced.RebalanceStream -l (trees.HoeffdingTree -e 2000000 -g 100 -c 0.01),ArffFileStream -f ./../../../Dataset/Synthetic_IM10/stream_gen_RBF_drift.arff,1,35500.0,1.0625,1.62379971394936E-9,35500.0,0.880410840835089,0.6110081896501393,0.962,0.7394690653795521,0.9484693654744749,0.1013215859030837,0.804900238411129,0.6521739130434783,0.6167613636363631,35500.0,6232.0
meta.imbalanced.RebalanceStream -l (trees.HoeffdingTree -e 2000000 -g 100 -c 0.01),ArffFileStream -f ./../../../Dataset/Synthetic_IM10/stream_gen_RBF_drift.arff,1,36000.0,1.0625,1.62379971394936E-9,36000.0,0.9299469259311446,0.7262562569305788,0.966,0.7984635811836113,0.880410840835089,0.10375275938189846,0.8911971188966546,0.8085106382978723,0.6568544995794782,36000.0,6232.0
meta.imbalanced.RebalanceStream -l (trees.HoeffdingTree -e 2000000 -g 100 -c 0.01),ArffFileStream -f ./../../../Dataset/Synthetic_IM10/stream_gen_RBF_drift.arff,1,36500.0,1.0625,1.62379971394936E-9,36500.0,0.9154891304347826,0.5732173532897956,0.948,0.6298405466970383,0.9299469259311446,0.08695652173913043,0.7810597594461559,0.625,0.4738009426115879,36500.0,6232.0
meta.imbalanced.RebalanceStream -l (trees.HoeffdingTree -e 2000000 -g 100 -c 0.01),ArffFileStream -f ./../../../Dataset/Synthetic_IM10/stream_gen_RBF_drift.arff,1,37000.0,1.078125,1.6489906960891328E-9,37000.0,0.9350408314773571,0.5922864558278123,0.948,0.6891290831699263,0.9154891304347826,0.11358574610244988,0.7972013144777529,0.6470588235294118,0.4740295243302348,37000.0,6232.0
meta.imbalanced.RebalanceStream -l (trees.HoeffdingTree -e 2000000 -g 100 -c 0.01),ArffFileStream -f ./../../../Dataset/Synthetic_IM10/stream_gen_RBF_drift.arff,1,37500.0,1.09375,1.6741816782289055E-9,37500.0,0.8951083759446129,0.5111370788772424,0.94,0.6190379438207948,0.9350408314773571,0.10864745011086474,0.7483484085057878,0.5714285714285714,0.39304019422713743,37500.0,6232.0
meta.imbalanced.RebalanceStream -l (trees.HoeffdingTree -e 2000000 -g 100 -c 0.01),ArffFileStream -f ./../../../Dataset/Synthetic_IM10/stream_gen_RBF_drift.arff,1,38000.0,1.09375,1.6741816782289055E-9,38000.0,0.9027987742594484,0.6983979317791823,0.962,0.7944612721765467,0.8951083759446129,0.12359550561797752,0.8679516939340947,0.7636363636363637,0.6161616161616157,38000.0,6232.0
meta.imbalanced.RebalanceStream -l (trees.HoeffdingTree -e 2000000 -g 100 -c 0.01),ArffFileStream -f ./../../../Dataset/Synthetic_IM10/stream_gen_RBF_drift.arff,1,38500.0,1.109375,1.6993726603686783E-9,38500.0,0.940388151174668,0.7197684460668085,0.966,0.8129401408450702,0.9027987742594484,0.12359550561797752,0.869926558134362,0.7636363636363637,0.657060518731988,38500.0,6232.0
meta.imbalanced.RebalanceStream -l (trees.HoeffdingTree -e 2000000 -g 100 -c 0.01),ArffFileStream -f ./../../../Dataset/Synthetic_IM10/stream_gen_RBF_drift.arff,1,39000.0,1.109375,1.6993726603686783E-9,39000.0,0.9089333333333334,0.6280652938108331,0.956,0.7263681592039798,0.940388151174668,0.1111111111111111,0.8078778785600376,0.66,0.5562451512800617,39000.0,6232.0
meta.imbalanced.RebalanceStream -l (trees.HoeffdingTree -e 2000000 -g 100 -c 0.01),ArffFileStream -f ./../../../Dataset/Synthetic_IM10/stream_gen_RBF_drift.arff,1,39500.0,1.125,1.724563642508451E-9,39500.0,0.8784722222222222,0.5392777347333617,0.964,0.6717245404143566,0.9089333333333334,0.07758620689655173,0.7437478870828675,0.5555555555555556,0.635664873174481,39500.0,6232.0
meta.imbalanced.RebalanceStream -l (trees.HoeffdingTree -e 2000000 -g 100 -c 0.01),ArffFileStream -f ./../../../Dataset/Synthetic_IM10/stream_gen_RBF_drift.arff,1,40000.0,1.125,1.724563642508451E-9,40000.0,0.9433503575076608,0.7139213490400215,0.964,0.8002219755826856,0.8784722222222222,0.12359550561797752,0.8595079001610304,0.7454545454545455,0.6361798888327435,40000.0,6232.0
meta.imbalanced.RebalanceStream -l (trees.HoeffdingTree -e 2000000 -g 100 -c 0.01),ArffFileStream -f ./../../../Dataset/Synthetic_IM10/stream_gen_RBF_drift.arff,1,40500.0,1.140625,1.7497546246482238E-9,40500.0,0.9472188995215312,0.7564826394595725,0.972,0.8180873180873177,0.9433503575076608,0.09649122807017543,0.8869794000653853,0.7954545454545454,0.7166416791604195,40500.0,6232.0
meta.imbalanced.RebalanceStream -l (trees.HoeffdingTree -e 2000000 -g 100 -c 0.01),ArffFileStream -f ./../../../Dataset/Synthetic_IM10/stream_gen_RBF_drift.arff,1,41000.0,1.140625,1.7497546246482238E-9,41000.0,0.9443794208946109,0.7138853488533797,0.97,0.7985603781693165,0.9472188995215312,0.09409190371991247,0.8712320822857765,0.7674418604651163,0.6959208899876387,41000.0,6400.0
meta.imbalanced.RebalanceStream -l (trees.HoeffdingTree -e 2000000 -g 100 -c 0.01),ArffFileStream -f ./../../../Dataset/Synthetic_IM10/stream_gen_RBF_drift.arff,1,41500.0,1.15625,1.7756246961653203E-9,41500.0,0.931344696969697,0.6132163157855746,0.95,0.6643754698743418,0.9443794208946109,0.09649122807017543,0.7898125269652262,0.6363636363636364,0.4925409635607721,41500.0,6400.0
meta.imbalanced.RebalanceStream -l (trees.HoeffdingTree -e 2000000 -g 100 -c 0.01),ArffFileStream -f ./../../../Dataset/Synthetic_IM10/stream_gen_RBF_drift.arff,1,42000.0,1.171875,1.8014947676824168E-9,42000.0,0.9411109655443469,0.6696894893389743,0.962,0.7706422018348622,0.931344696969697,0.11358574610244988,0.8364172814617666,0.7058823529411765,0.6144927536231879,42000.0,6400.0
meta.imbalanced.RebalanceStream -l (trees.HoeffdingTree -e 2000000 -g 100 -c 0.01),ArffFileStream -f ./../../../Dataset/Synthetic_IM10/stream_gen_RBF_drift.arff,1,42500.0,1.171875,1.8014947676824168E-9,42500.0,0.9550417048779423,0.679331804291475,0.964,0.7806055287406756,0.9411109655443469,0.11358574610244988,0.8373565487778867,0.7058823529411765,0.6349319971367214,42500.0,6400.0
meta.imbalanced.RebalanceStream -l (trees.HoeffdingTree -e 2000000 -g 100 -c 0.01),ArffFileStream -f ./../../../Dataset/Synthetic_IM10/stream_gen_RBF_drift.arff,1,43000.0,1.1875,1.8273648391995134E-9,43000.0,0.9011319336808981,0.5639204173646403,0.944,0.6287456907981961,0.9550417048779423,0.10375275938189846,0.7512143191929816,0.574468085106383,0.4318074563473329,43000.0,6400.0
meta.imbalanced.RebalanceStream -l (trees.HoeffdingTree -e 2000000 -g 100 -c 0.01),ArffFileStream -f ./../../../Dataset/Synthetic_IM10/stream_gen_RBF_drift.arff,1,43500.0,1.203125,1.85323491071661E-9,43500.0,0.9364315562871977,0.6262353730824872,0.958,0.7468171296296294,0.9011319336808981,0.1185682326621924,0.8099044978773142,0.660377358490566,0.5742251223491025,43500.0,6400.0
meta.imbalanced.RebalanceStream -l (trees.HoeffdingTree -e 2000000 -g 100 -c 0.01),ArffFileStream -f ./../../../Dataset/Synthetic_IM10/stream_gen_RBF_drift.arff,1,44000.0,1.203125,1.85323491071661E-9,44000.0,0.9427115824495738,0.7753711212469082,0.978,0.8488678830512199,0.9364315562871977,0.09170305676855896,0.89678383784472,0.8095238095238095,0.7765981998615276,44000.0,6400.0
meta.imbalanced.RebalanceStream -l (trees.HoeffdingTree -e 2000000 -g 100 -c 0.01),ArffFileStream -f ./../../../Dataset/Synthetic_IM10/stream_gen_RBF_drift.arff,1,44500.0,1.21875,1.8791049822337066E-9,44500.0,0.9035087719298246,0.536323026764801,0.936,0.6452170827974634,0.9427115824495738,0.12866817155756208,0.7644428664870422,0.5964912280701754,0.3512528473804105,44500.0,6400.0
meta.imbalanced.RebalanceStream -l (trees.HoeffdingTree -e 2000000 -g 100 -c 0.01),ArffFileStream -f ./../../../Dataset/Synthetic_IM10/stream_gen_RBF_drift.arff,1,45000.0,1.21875,1.8791049822337066E-9,45000.0,0.920771601029927,0.6445322347136203,0.954,0.7376585454877267,0.9035087719298246,0.1185682326621924,0.828963681926097,0.6981132075471698,0.5340985820391624,45000.0,6400.0
meta.imbalanced.RebalanceStream -l (trees.HoeffdingTree -e 2000000 -g 100 -c 0.01),ArffFileStream -f ./../../../Dataset/Synthetic_IM10/stream_gen_RBF_drift.arff,1,45500.0,1.234375,1.904975053750803E-9,45500.0,0.8845195374800638,0.6358072361714189,0.962,0.7449253571044998,0.920771601029927,0.09649122807017543,0.8338315894814881,0.7045454545454546,0.6146645865834631,45500.0,6400.0
meta.imbalanced.RebalanceStream -l (trees.HoeffdingTree -e 2000000 -g 100 -c 0.01),ArffFileStream -f ./../../../Dataset/Synthetic_IM10/stream_gen_RBF_drift.arff,1,46000.0,1.25,1.9308451252678997E-9,46000.0,0.9728279532967034,0.75636245061455,0.964,0.8100624683437445,0.8845195374800638,0.11607142857142858,0.9095419086092095,0.8461538461538461,0.6351619299405152,46000.0,6400.0
meta.imbalanced.RebalanceStream -l (trees.HoeffdingTree -e 2000000 -g 100 -c 0.01),ArffFileStream -f ./../../../Dataset/Synthetic_IM10/stream_gen_RBF_drift.arff,1,46500.0,1.265625,1.9567151967849962E-9,46500.0,0.9109645909645909,0.5685424010293207,0.948,0.647218453188602,0.9728279532967034,0.0989010989010989,0.7677568296345851,0.6,0.4725130890052349,46500.0,6400.0
meta.imbalanced.RebalanceStream -l (trees.HoeffdingTree -e 2000000 -g 100 -c 0.01),ArffFileStream -f ./../../../Dataset/Synthetic_IM10/stream_gen_RBF_drift.arff,1,47000.0,1.265625,1.9567151967849962E-9,47000.0,0.9160225337350976,0.6555200934797698,0.952,0.7235659986178298,0.9109645909645909,0.11358574610244988,0.8317050339280667,0.7058823529411765,0.5132686084142392,47000.0,6400.0
meta.imbalanced.RebalanceStream -l (trees.HoeffdingTree -e 2000000 -g 100 -c 0.01),ArffFileStream -f ./../../../Dataset/Synthetic_IM10/stream_gen_RBF_drift.arff,1,47500.0,1.265625,1.9567151967849962E-9,47500.0,0.9301318197094739,0.6467804234666348,0.954,0.7560044131375709,0.9160225337350976,0.13895216400911162,0.8170299848787957,0.6721311475409836,0.5347103918228276,47500.0,6400.0
meta.imbalanced.RebalanceStream -l (trees.HoeffdingTree -e 2000000 -g 100 -c 0.01),ArffFileStream -f ./../../../Dataset/Synthetic_IM10/stream_gen_RBF_drift.arff,1,48000.0,1.28125,1.9825852683020928E-9,48000.0,0.9355978260869565,0.5952288426435605,0.956,0.6710526315789468,0.9301318197094739,0.08695652173913043,0.7845311532595647,0.625,0.5540540540540537,48000.0,6400.0
meta.imbalanced.RebalanceStream -l (trees.HoeffdingTree -e 2000000 -g 100 -c 0.01),ArffFileStream -f ./../../../Dataset/Synthetic_IM10/stream_gen_RBF_drift.arff,1,48500.0,1.296875,2.0084553398191893E-9,48500.0,0.9294990723562152,0.6468384343514694,0.966,0.781894693626193,0.9355978260869565,0.10864745011086474,0.8311440842055584,0.6938775510204082,0.6553814002089862,48500.0,6400.0
meta.imbalanced.RebalanceStream -l (trees.HoeffdingTree -e 2000000 -g 100 -c 0.01),ArffFileStream -f ./../../../Dataset/Synthetic_IM10/stream_gen_RBF_drift.arff,1,49000.0,1.296875,2.0084553398191893E-9,49000.0,0.9313444610529812,0.686367594335671,0.962,0.7908594575554769,0.9294990723562152,0.1210762331838565,0.8654738639235129,0.7592592592592593,0.6152097540814212,49000.0,6400.0
meta.imbalanced.RebalanceStream -l (trees.HoeffdingTree -e 2000000 -g 100 -c 0.01),ArffFileStream -f ./../../../Dataset/Synthetic_IM10/stream_gen_RBF_drift.arff,1,49500.0,1.3125,2.034325411336286E-9,49500.0,0.9221059624647069,0.6236219641614036,0.946,0.6975806451612901,0.9313444610529812,0.1210762331838565,0.8082164016329169,0.6666666666666666,0.4537093807480069,49500.0,6400.0
meta.imbalanced.RebalanceStream -l (trees.HoeffdingTree -e 2000000 -g 100 -c 0.01),ArffFileStream -f ./../../../Dataset/Synthetic_IM10/stream_gen_RBF_drift.arff,1,50000.0,1.3125,2.034325411336286E-9,50000.0,0.8795166656937715,0.49380682061518283,0.952,0.5759417626687398,0.9221059624647069,0.07991360691144708,0.6937094872661996,0.4864864864864865,0.5131845841784987,50000.0,6400.0
meta.imbalanced.RebalanceStream -l (trees.HoeffdingTree -e 2000000 -g 100 -c 0.01),ArffFileStream -f ./../../../Dataset/Synthetic_IM10/stream_gen_RBF_drift.arff,1,50500.0,1.328125,2.0601954828533824E-9,50500.0,0.9181748712998713,0.6246228213032041,0.958,0.7608636239409673,0.8795166656937715,0.12612612612612611,0.8209667998685979,0.6785714285714286,0.5746089049338142,50500.0,6400.0
meta.imbalanced.RebalanceStream -l (trees.HoeffdingTree -e 2000000 -g 100 -c 0.01),ArffFileStream -f ./../../../Dataset/Synthetic_IM10/stream_gen_RBF_drift.arff,1,51000.0,1.328125,2.0601954828533824E-9,51000.0,0.9407201685500862,0.6228938285725792,0.96,0.7226536498779672,0.9181748712998713,0.1013215859030837,0.7913715397972997,0.6304347826086957,0.5945945945945943,51000.0,6400.0
meta.imbalanced.RebalanceStream -l (trees.HoeffdingTree -e 2000000 -g 100 -c 0.01),ArffFileStream -f ./../../../Dataset/Synthetic_IM10/stream_gen_RBF_drift.arff,1,51500.0,1.34375,2.086065554370479E-9,51500.0,0.9320367713481056,0.6568299843840262,0.962,0.7263194284397322,0.9407201685500862,0.08932461873638345,0.8209748358952803,0.6829268292682927,0.6142322097378276,51500.0,6400.0
meta.imbalanced.RebalanceStream -l (trees.HoeffdingTree -e 2000000 -g 100 -c 0.01),ArffFileStream -f ./../../../Dataset/Synthetic_IM10/stream_gen_RBF_drift.arff,1,52000.0,1.34375,2.086065554370479E-9,52000.0,0.9352474671981399,0.6885215023509581,0.956,0.759909202025493,0.9320367713481056,0.1210762331838565,0.8529090873653613,0.7407407407407407,0.553735127755022,52000.0,6400.0
meta.imbalanced.RebalanceStream -l (trees.HoeffdingTree -e 2000000 -g 100 -c 0.01),ArffFileStream -f ./../../../Dataset/Synthetic_IM10/stream_gen_RBF_drift.arff,1,52500.0,1.359375,2.1119356258875754E-9,52500.0,0.9770843762166973,0.7074918624744312,0.964,0.7373796323314847,0.9352474671981399,0.08459869848156182,0.8408609341132613,0.717948717948718,0.6341463414634144,52500.0,6400.0
meta.imbalanced.RebalanceStream -l (trees.HoeffdingTree -e 2000000 -g 100 -c 0.01),ArffFileStream -f ./../../../Dataset/Synthetic_IM10/stream_gen_RBF_drift.arff,1,53000.0,1.375,2.137805697404672E-9,53000.0,0.8795930631868132,0.6534327597484905,0.942,0.6806448771033387,0.9770843762166973,0.11607142857142858,0.819889264836055,0.6923076923076923,0.41088539670371726,53000.0,6400.0
meta.imbalanced.RebalanceStream -l (trees.HoeffdingTree -e 2000000 -g 100 -c 0.01),ArffFileStream -f ./../../../Dataset/Synthetic_IM10/stream_gen_RBF_drift.arff,1,53500.0,1.375,2.137805697404672E-9,53500.0,0.9473777777777778,0.6491548273552386,0.958,0.7413793103448272,0.8795930631868132,0.1111111111111111,0.8200270998231977,0.68,0.5734624145785873,53500.0,6400.0
meta.imbalanced.RebalanceStream -l (trees.HoeffdingTree -e 2000000 -g 100 -c 0.01),ArffFileStream -f ./../../../Dataset/Synthetic_IM10/stream_gen_RBF_drift.arff,1,54000.0,1.390625,2.1636757689217685E-9,54000.0,0.9299532730686929,0.690792726427899,0.962,0.7791314051892493,0.9473777777777778,0.11358574610244988,0.857403797836616,0.7450980392156863,0.6142131979695429,54000.0,6400.0
meta.imbalanced.RebalanceStream -l (trees.HoeffdingTree -e 2000000 -g 100 -c 0.01),ArffFileStream -f ./../../../Dataset/Synthetic_IM10/stream_gen_RBF_drift.arff,1,54500.0,1.390625,2.1636757689217685E-9,54500.0,0.9570741758241759,0.7371164137192985,0.958,0.7687428420403487,0.9299532730686929,0.11607142857142858,0.8682035893311387,0.7692307692307693,0.573822379445168,54500.0,6400.0
meta.imbalanced.RebalanceStream -l (trees.HoeffdingTree -e 2000000 -g 100 -c 0.01),ArffFileStream -f ./../../../Dataset/Synthetic_IM10/stream_gen_RBF_drift.arff,1,55000.0,1.40625,2.189545840438865E-9,55000.0,0.9603260869565218,0.687859693332227,0.964,0.7437357630979495,0.9570741758241759,0.08695652173913043,0.8449659113268108,0.725,0.6340787285159858,55000.0,6400.0
meta.imbalanced.RebalanceStream -l (trees.HoeffdingTree -e 2000000 -g 100 -c 0.01),ArffFileStream -f ./../../../Dataset/Synthetic_IM10/stream_gen_RBF_drift.arff,1,55500.0,1.40625,2.189545840438865E-9,55500.0,0.9375712295808535,0.7456335818514706,0.964,0.8035191896258131,0.9603260869565218,0.1185682326621924,0.8832004610078207,0.7924528301886793,0.6343338213762807,55500.0,6400.0
meta.imbalanced.RebalanceStream -l (trees.HoeffdingTree -e 2000000 -g 100 -c 0.01),ArffFileStream -f ./../../../Dataset/Synthetic_IM10/stream_gen_RBF_drift.arff,1,56000.0,1.421875,2.2154159119559616E-9,56000.0,0.921109282005825,0.6220109453336581,0.952,0.7133712320259873,0.9375712295808535,0.1185682326621924,0.7964506972967198,0.6415094339622641,0.5127786840674273,56000.0,6400.0
meta.imbalanced.RebalanceStream -l (trees.HoeffdingTree -e 2000000 -g 100 -c 0.01),ArffFileStream -f ./../../../Dataset/Synthetic_IM10/stream_gen_RBF_drift.arff,1,56500.0,1.421875,2.2154159119559616E-9,56500.0,0.8906505393919582,0.5828487764246411,0.944,0.7057710899079482,0.921109282005825,0.14416475972540047,0.7831866184283088,0.6190476190476191,0.432974910394265,56500.0,6400.0
meta.imbalanced.RebalanceStream -l (trees.HoeffdingTree -e 2000000 -g 100 -c 0.01),ArffFileStream -f ./../../../Dataset/Synthetic_IM10/stream_gen_RBF_drift.arff,1,57000.0,1.4375,2.241285983473058E-9,57000.0,0.9286166794877596,0.6520059160374498,0.962,0.7704426831625746,0.8906505393919582,0.10864745011086474,0.8514221512408005,0.7346938775510204,0.6152069639367557,57000.0,6400.0
meta.imbalanced.RebalanceStream -l (trees.HoeffdingTree -e 2000000 -g 100 -c 0.01),ArffFileStream -f ./../../../Dataset/Synthetic_IM10/stream_gen_RBF_drift.arff,1,57500.0,1.453125,2.2671560549901546E-9,57500.0,0.936980287873032,0.6364236795892451,0.95,0.7148462450953551,0.9286166794877596,0.1185682326621924,0.8167550231780268,0.6792452830188679,0.4940161914818723,57500.0,6400.0
meta.imbalanced.RebalanceStream -l (trees.HoeffdingTree -e 2000000 -g 100 -c 0.01),ArffFileStream -f ./../../../Dataset/Synthetic_IM10/stream_gen_RBF_drift.arff,1,58000.0,1.453125,2.2671560549901546E-9,58000.0,0.8988539758583439,0.598756356720071,0.954,0.6982894322594182,0.936980287873032,0.10375275938189846,0.7936268618724958,0.6382978723404256,0.5342991796124973,58000.0,6400.0
meta.imbalanced.RebalanceStream -l (trees.HoeffdingTree -e 2000000 -g 100 -c 0.01),ArffFileStream -f ./../../../Dataset/Synthetic_IM10/stream_gen_RBF_drift.arff,1,58500.0,1.46875,2.293026126507251E-9,58500.0,0.9355983772819473,0.6733374479323123,0.952,0.75103734439834,0.8988539758583439,0.13122171945701358,0.8432267560668251,0.7241379310344828,0.5147744945567646,58500.0,6400.0
meta.imbalanced.RebalanceStream -l (trees.HoeffdingTree -e 2000000 -g 100 -c 0.01),ArffFileStream -f ./../../../Dataset/Synthetic_IM10/stream_gen_RBF_drift.arff,1,59000.0,1.46875,2.293026126507251E-9,59000.0,0.9383585164835165,0.7294896128402472,0.946,0.7220620933871364,0.9355983772819473,0.11607142857142858,0.8719530938084902,0.7884615384615384,0.454358623051892,59000.0,6400.0
meta.imbalanced.RebalanceStream -l (trees.HoeffdingTree -e 2000000 -g 100 -c 0.01),ArffFileStream -f ./../../../Dataset/Synthetic_IM10/stream_gen_RBF_drift.arff,1,59500.0,1.484375,2.3188961980243477E-9,59500.0,0.9309928319670508,0.6493538705120384,0.942,0.701474100304702,0.9383585164835165,0.12866817155756208,0.8262839934383116,0.7017543859649122,0.4146879240162814,59500.0,6400.0
meta.imbalanced.RebalanceStream -l (trees.HoeffdingTree -e 2000000 -g 100 -c 0.01),ArffFileStream -f ./../../../Dataset/Synthetic_IM10/stream_gen_RBF_drift.arff,1,60000.0,1.484375,2.3188961980243477E-9,60000.0,0.9701365641107391,0.7964370696960533,0.962,0.7658021891332213,0.9309928319670508,0.08932461873638345,0.9107583893810949,0.8536585365853658,0.6159676604345625,60000.0,6400.0
meta.imbalanced.RebalanceStream -l (trees.HoeffdingTree -e 2000000 -g 100 -c 0.01),ArffFileStream -f ./../../../Dataset/Synthetic_IM10/stream_gen_RBF_drift.arff,1,60500.0,1.5,2.3447662695414442E-9,60500.0,0.9443774131274131,0.7319581005817581,0.96,0.7989060489060487,0.9701365641107391,0.12612612612612611,0.896062457604339,0.8214285714285714,0.5961955614884026,60500.0,6400.0
meta.imbalanced.RebalanceStream -l (trees.HoeffdingTree -e 2000000 -g 100 -c 0.01),ArffFileStream -f ./../../../Dataset/Synthetic_IM10/stream_gen_RBF_drift.arff,1,61000.0,1.515625,2.3706363410585408E-9,61000.0,0.945054945054945,0.6851710693182838,0.956,0.7555990046214004,0.9443774131274131,0.11607142857142858,0.8572823547200104,0.75,0.5559966914805622,61000.0,6400.0
meta.imbalanced.RebalanceStream -l (trees.HoeffdingTree -e 2000000 -g 100 -c 0.01),ArffFileStream -f ./../../../Dataset/Synthetic_IM10/stream_gen_RBF_drift.arff,1,61500.0,1.515625,2.3706363410585408E-9,61500.0,0.8939379429228117,0.6474042068150243,0.96,0.7402867234573028,0.945054945054945,0.1013215859030837,0.828527931241979,0.6956521739130435,0.5961254309637168,61500.0,6400.0
meta.imbalanced.RebalanceStream -l (trees.HoeffdingTree -e 2000000 -g 100 -c 0.01),ArffFileStream -f ./../../../Dataset/Synthetic_IM10/stream_gen_RBF_drift.arff,1,62000.0,1.53125,2.3965064125756373E-9,62000.0,0.9282806513409961,0.6122151420221872,0.95,0.6002302673659967,0.8939379429228117,0.07758620689655173,0.7554875870938408,0.5833333333333334,0.49404276154724924,62000.0,6400.0
meta.imbalanced.RebalanceStream -l (trees.HoeffdingTree -e 2000000 -g 100 -c 0.01),ArffFileStream -f ./../../../Dataset/Synthetic_IM10/stream_gen_RBF_drift.arff,1,62500.0,1.546875,2.422376484092734E-9,62500.0,0.9371588278964147,0.718679461607925,0.968,0.8086948204122624,0.9282806513409961,0.11358574610244988,0.8603020724606965,0.7450980392156863,0.6762706377468435,62500.0,6400.0
meta.imbalanced.RebalanceStream -l (trees.HoeffdingTree -e 2000000 -g 100 -c 0.01),ArffFileStream -f ./../../../Dataset/Synthetic_IM10/stream_gen_RBF_drift.arff,1,63000.0,1.5625,2.4482465556098304E-9,63000.0,0.9393440988835726,0.7586036868739569,0.962,0.7608016920132941,0.9371588278964147,0.09649122807017543,0.8703310155079066,0.7727272727272727,0.6152362584378008,63000.0,6400.0
meta.imbalanced.RebalanceStream -l (trees.HoeffdingTree -e 2000000 -g 100 -c 0.01),ArffFileStream -f ./../../../Dataset/Synthetic_IM10/stream_gen_RBF_drift.arff,1,63500.0,1.5625,2.4482465556098304E-9,63500.0,0.885867267859659,0.6032239800488494,0.958,0.7122657020716865,0.9393440988835726,0.10375275938189846,0.7829016815513333,0.6170212765957447,0.5745732971765828,63500.0,6400.0
meta.imbalanced.RebalanceStream -l (trees.HoeffdingTree -e 2000000 -g 100 -c 0.01),ArffFileStream -f ./../../../Dataset/Synthetic_IM10/stream_gen_RBF_drift.arff,1,64000.0,1.578125,2.474116627126927E-9,64000.0,0.9206910589791868,0.5796900911787454,0.952,0.6665740483467624,0.885867267859659,0.09409190371991247,0.7854394755240311,0.627906976744186,0.5133079847908739,64000.0,6400.0
meta.imbalanced.RebalanceStream -l (trees.HoeffdingTree -e 2000000 -g 100 -c 0.01),ArffFileStream -f ./../../../Dataset/Synthetic_IM10/stream_gen_RBF_drift.arff,1,64500.0,1.59375,2.4999866986440234E-9,64500.0,0.951665521978022,0.7168833421649101,0.97,0.8288452761296209,0.9206910589791868,0.11607142857142858,0.8839806011993155,0.7884615384615384,0.6959459459459457,64500.0,6400.0
meta.imbalanced.RebalanceStream -l (trees.HoeffdingTree -e 2000000 -g 100 -c 0.01),ArffFileStream -f ./../../../Dataset/Synthetic_IM10/stream_gen_RBF_drift.arff,1,65000.0,1.59375,2.4999866986440234E-9,65000.0,0.9445676274944568,0.7518732712158573,0.96,0.7737454183447213,0.951665521978022,0.10864745011086474,0.8821964123582837,0.7959183673469388,0.5945735225323558,65000.0,6400.0
meta.imbalanced.RebalanceStream -l (trees.HoeffdingTree -e 2000000 -g 100 -c 0.01),ArffFileStream -f ./../../../Dataset/Synthetic_IM10/stream_gen_RBF_drift.arff,1,65500.0,1.59375,2.4999866986440234E-9,65500.0,0.9164633068081344,0.6843969561251094,0.96,0.8080982536941084,0.9445676274944568,0.14942528735632185,0.8642420003622233,0.7538461538461538,0.5955541833899348,65500.0,6400.0
meta.imbalanced.RebalanceStream -l (trees.HoeffdingTree -e 2000000 -g 100 -c 0.01),ArffFileStream -f ./../../../Dataset/Synthetic_IM10/stream_gen_RBF_drift.arff,1,66000.0,1.609375,2.52585677016112E-9,66000.0,0.9288890622562023,0.6956783222862474,0.95,0.7505985634477252,0.9164633068081344,0.13122171945701358,0.8600819665787033,0.7586206896551724,0.4951040391676862,66000.0,6400.0
meta.imbalanced.RebalanceStream -l (trees.HoeffdingTree -e 2000000 -g 100 -c 0.01),ArffFileStream -f ./../../../Dataset/Synthetic_IM10/stream_gen_RBF_drift.arff,1,66500.0,1.609375,2.52585677016112E-9,66500.0,0.9319150732345617,0.6136068684947777,0.948,0.6952220190369011,0.9288890622562023,0.1185682326621924,0.7946467296411016,0.6415094339622641,0.4751859159204732,66500.0,6400.0
meta.imbalanced.RebalanceStream -l (trees.HoeffdingTree -e 2000000 -g 100 -c 0.01),ArffFileStream -f ./../../../Dataset/Synthetic_IM10/stream_gen_RBF_drift.arff,1,67000.0,1.625,2.5517268416782165E-9,67000.0,0.9226124631268436,0.6371092794675739,0.952,0.6950599715389304,0.9319150732345617,0.10619469026548672,0.7973904248707256,0.6458333333333334,0.5154437245743553,67000.0,6400.0
meta.imbalanced.RebalanceStream -l (trees.HoeffdingTree -e 2000000 -g 100 -c 0.01),ArffFileStream -f ./../../../Dataset/Synthetic_IM10/stream_gen_RBF_drift.arff,1,67500.0,1.640625,2.577596913195313E-9,67500.0,0.9508801303226391,0.6800537237133454,0.966,0.7863032984714398,0.9226124631268436,0.10864745011086474,0.8423386302853226,0.7142857142857143,0.6567454382291351,67500.0,6400.0
meta.imbalanced.RebalanceStream -l (trees.HoeffdingTree -e 2000000 -g 100 -c 0.01),ArffFileStream -f ./../../../Dataset/Synthetic_IM10/stream_gen_RBF_drift.arff,1,68000.0,1.640625,2.577596913195313E-9,68000.0,0.9720835932626326,0.7653412493060017,0.976,0.8369919582699412,0.9508801303226391,0.09170305676855896,0.8957978190332554,0.8095238095238095,0.7574316290130794,68000.0,6400.0
meta.imbalanced.RebalanceStream -l (trees.HoeffdingTree -e 2000000 -g 100 -c 0.01),ArffFileStream -f ./../../../Dataset/Synthetic_IM10/stream_gen_RBF_drift.arff,1,68500.0,1.65625,2.6034669847124096E-9,68500.0,0.9451162427835856,0.7143288484205,0.958,0.7804082315542911,0.9720835932626326,0.13122171945701358,0.8551697713356162,0.7413793103448276,0.5760389036251102,68500.0,6400.0
meta.imbalanced.RebalanceStream -l (trees.HoeffdingTree -e 2000000 -g 100 -c 0.01),ArffFileStream -f ./../../../Dataset/Synthetic_IM10/stream_gen_RBF_drift.arff,1,69000.0,1.671875,2.629337056229506E-9,69000.0,0.9694706683575219,0.7928782434844791,0.976,0.856356236533397,0.9451162427835856,0.10375275938189846,0.9174258494733273,0.851063829787234,0.7576467144738765,69000.0,6400.0
meta.imbalanced.RebalanceStream -l (trees.HoeffdingTree -e 2000000 -g 100 -c 0.01),ArffFileStream -f ./../../../Dataset/Synthetic_IM10/stream_gen_RBF_drift.arff,1,69500.0,1.671875,2.629337056229506E-9,69500.0,0.9411374629427368,0.683167451999705,0.966,0.816335350043215,0.9694706683575219,0.13122171945701358,0.85908361224735,0.7413793103448276,0.6570889566100707,69500.0,6400.0
meta.imbalanced.RebalanceStream -l (trees.HoeffdingTree -e 2000000 -g 100 -c 0.01),ArffFileStream -f ./../../../Dataset/Synthetic_IM10/stream_gen_RBF_drift.arff,1,70000.0,1.6875,2.6552071277466027E-9,70000.0,0.9479737585118752,0.7414936168265504,0.968,0.8192008678358342,0.9411374629427368,0.1210762331838565,0.8684193308517362,0.7592592592592593,0.6774658027357808,70000.0,6400.0
meta.imbalanced.RebalanceStream -l (trees.HoeffdingTree -e 2000000 -g 100 -c 0.01),ArffFileStream -f ./../../../Dataset/Synthetic_IM10/stream_gen_RBF_drift.arff,1,70500.0,1.703125,2.681077199263699E-9,70500.0,0.9016485839086938,0.6572510202939534,0.962,0.7559597205096584,0.9479737585118752,0.10375275938189846,0.8332934094048334,0.7021276595744681,0.6168478260869562,70500.0,6400.0
meta.imbalanced.RebalanceStream -l (trees.HoeffdingTree -e 2000000 -g 100 -c 0.01),ArffFileStream -f ./../../../Dataset/Synthetic_IM10/stream_gen_RBF_drift.arff,1,71000.0,1.71875,2.7069472707807957E-9,71000.0,0.9329891304347826,0.7450240576711139,0.976,0.829157175398633,0.9016485839086938,0.08695652173913043,0.890529886225538,0.8,0.7576791808873717,71000.0,6400.0
meta.imbalanced.RebalanceStream -l (trees.HoeffdingTree -e 2000000 -g 100 -c 0.01),ArffFileStream -f ./../../../Dataset/Synthetic_IM10/stream_gen_RBF_drift.arff,1,71500.0,1.71875,2.7069472707807957E-9,71500.0,0.9471297242083759,0.6985256290726485,0.96,0.7780244173140951,0.9329891304347826,0.12359550561797752,0.847998304005088,0.7272727272727273,0.596444193593904,71500.0,6400.0
meta.imbalanced.RebalanceStream -l (trees.HoeffdingTree -e 2000000 -g 100 -c 0.01),ArffFileStream -f ./../../../Dataset/Synthetic_IM10/stream_gen_RBF_drift.arff,1,72000.0,1.71875,2.7069472707807957E-9,72000.0,0.9063637234246313,0.6430183293198212,0.966,0.7668933742869677,0.9471297242083759,0.1013215859030837,0.8191118748687776,0.6739130434782609,0.6568063928220942,72000.0,6400.0
meta.imbalanced.RebalanceStream -l (trees.HoeffdingTree -e 2000000 -g 100 -c 0.01),ArffFileStream -f ./../../../Dataset/Synthetic_IM10/stream_gen_RBF_drift.arff,1,72500.0,1.734375,2.7328173422978923E-9,72500.0,0.9326462376340009,0.7668990762140213,0.964,0.8408713179391066,0.9063637234246313,0.15473441108545036,0.9068124279190778,0.835820895522388,0.6374999999999995,72500.0,6400.0
meta.imbalanced.RebalanceStream -l (trees.HoeffdingTree -e 2000000 -g 100 -c 0.01),ArffFileStream -f ./../../../Dataset/Synthetic_IM10/stream_gen_RBF_drift.arff,1,73000.0,1.734375,2.7328173422978923E-9,73000.0,0.9264573037887242,0.5832531901001592,0.954,0.6605266265202496,0.9326462376340009,0.08932461873638345,0.7748915956196754,0.6097560975609756,0.53625189890899,73000.0,6400.0
meta.imbalanced.RebalanceStream -l (trees.HoeffdingTree -e 2000000 -g 100 -c 0.01),ArffFileStream -f ./../../../Dataset/Synthetic_IM10/stream_gen_RBF_drift.arff,1,73500.0,1.75,2.7586874138149888E-9,73500.0,0.9149744637385087,0.6451810311987521,0.954,0.7379216043755693,0.9264573037887242,0.12359550561797752,0.81557865305919,0.6727272727272727,0.5365953947368417,73500.0,6400.0
meta.imbalanced.RebalanceStream -l (trees.HoeffdingTree -e 2000000 -g 100 -c 0.01),ArffFileStream -f ./../../../Dataset/Synthetic_IM10/stream_gen_RBF_drift.arff,1,74000.0,1.75,2.7586874138149888E-9,74000.0,0.915420653907496,0.7260783598589486,0.96,0.750797448165869,0.9149744637385087,0.09649122807017543,0.8693569457953113,0.7727272727272727,0.5967302452316072,74000.0,6400.0
meta.imbalanced.RebalanceStream -l (trees.HoeffdingTree -e 2000000 -g 100 -c 0.01),ArffFileStream -f ./../../../Dataset/Synthetic_IM10/stream_gen_RBF_drift.arff,1,74500.0,1.765625,2.7845574853320853E-9,74500.0,0.9464888888888889,0.7524793411098937,0.97,0.825581395348837,0.915420653907496,0.1111111111111111,0.8894442709417556,0.8,0.6975642760487143,74500.0,6400.0
meta.imbalanced.RebalanceStream -l (trees.HoeffdingTree -e 2000000 -g 100 -c 0.01),ArffFileStream -f ./../../../Dataset/Synthetic_IM10/stream_gen_RBF_drift.arff,1,75000.0,1.765625,2.7845574853320853E-9,75000.0,0.924475130336762,0.6060394468559288,0.956,0.7144488863506565,0.9464888888888889,0.10375275938189846,0.8067455499815942,0.6595744680851063,0.5562726906010486,75000.0,6400.0
meta.imbalanced.RebalanceStream -l (trees.HoeffdingTree -e 2000000 -g 100 -c 0.01),ArffFileStream -f ./../../../Dataset/Synthetic_IM10/stream_gen_RBF_drift.arff,1,75500.0,1.78125,2.810427556849182E-9,75500.0,0.9348551030952046,0.7210885408324852,0.968,0.7966136167183604,0.924475130336762,0.10375275938189846,0.8591305504462434,0.7446808510638298,0.6771779796900051,75500.0,6400.0
meta.imbalanced.RebalanceStream -l (trees.HoeffdingTree -e 2000000 -g 100 -c 0.01),ArffFileStream -f ./../../../Dataset/Synthetic_IM10/stream_gen_RBF_drift.arff,1,76000.0,1.78125,2.810427556849182E-9,76000.0,0.9468,0.7215971433112865,0.968,0.8048780487804875,0.9348551030952046,0.1111111111111111,0.8573602898820697,0.74,0.6771967082559064,76000.0,6400.0
meta.imbalanced.RebalanceStream -l (trees.HoeffdingTree -e 2000000 -g 100 -c 0.01),ArffFileStream -f ./../../../Dataset/Synthetic_IM10/stream_gen_RBF_drift.arff,1,76500.0,1.8125,2.862167699883375E-9,76500.0,0.9113043478260869,0.6410715989690866,0.96,0.7009569377990426,0.9468,0.08695652173913043,0.8009505222736513,0.65,0.5959862688143648,76500.0,6400.0
meta.imbalanced.RebalanceStream -l (trees.HoeffdingTree -e 2000000 -g 100 -c 0.01),ArffFileStream -f ./../../../Dataset/Synthetic_IM10/stream_gen_RBF_drift.arff,1,77000.0,1.8125,2.862167699883375E-9,77000.0,0.9307156152231595,0.6554804097062165,0.954,0.7471638378330837,0.9113043478260869,0.12866817155756208,0.8224889421012398,0.6842105263157895,0.5358406499803431,77000.0,6400.0
meta.imbalanced.RebalanceStream -l (trees.HoeffdingTree -e 2000000 -g 100 -c 0.01),ArffFileStream -f ./../../../Dataset/Synthetic_IM10/stream_gen_RBF_drift.arff,1,77500.0,1.8125,2.862167699883375E-9,77500.0,0.9545454545454546,0.7024649872903236,0.962,0.7872816838334077,0.9307156152231595,0.12359550561797752,0.8489613915431902,0.7272727272727273,0.6168358053603952,77500.0,6400.0
meta.imbalanced.RebalanceStream -l (trees.HoeffdingTree -e 2000000 -g 100 -c 0.01),ArffFileStream -f ./../../../Dataset/Synthetic_IM10/stream_gen_RBF_drift.arff,1,78000.0,1.828125,2.8880377714004715E-9,78000.0,0.944839132992443,0.7182785563115953,0.962,0.7748174836446381,0.9545454545454546,0.10864745011086474,0.8621960644114441,0.7551020408163265,0.6168067226890751,78000.0,6400.0
meta.imbalanced.RebalanceStream -l (trees.HoeffdingTree -e 2000000 -g 100 -c 0.01),ArffFileStream -f ./../../../Dataset/Synthetic_IM10/stream_gen_RBF_drift.arff,1,78500.0,1.828125,2.8880377714004715E-9,78500.0,0.8873333333333333,0.5935562086624098,0.946,0.6674876847290635,0.944839132992443,0.1111111111111111,0.780370282479912,0.62,0.4554913294797682,78500.0,6400.0
meta.imbalanced.RebalanceStream -l (trees.HoeffdingTree -e 2000000 -g 100 -c 0.01),ArffFileStream -f ./../../../Dataset/Synthetic_IM10/stream_gen_RBF_drift.arff,1,79000.0,1.84375,2.913907842917568E-9,79000.0,0.9070264430980226,0.62136984307127,0.958,0.7245251338020775,0.8873333333333333,0.10375275938189846,0.807647445791441,0.6595744680851063,0.5763534218590397,79000.0,6400.0
meta.imbalanced.RebalanceStream -l (trees.HoeffdingTree -e 2000000 -g 100 -c 0.01),ArffFileStream -f ./../../../Dataset/Synthetic_IM10/stream_gen_RBF_drift.arff,1,79500.0,1.84375,2.913907842917568E-9,79500.0,0.9080475663716814,0.6195274825271827,0.958,0.7304097771387488,0.9070264430980226,0.10619469026548672,0.811968001462022,0.6666666666666666,0.5762690355329947,79500.0,6400.0
meta.imbalanced.RebalanceStream -l (trees.HoeffdingTree -e 2000000 -g 100 -c 0.01),ArffFileStream -f ./../../../Dataset/Synthetic_IM10/stream_gen_RBF_drift.arff,1,80000.0,1.84375,2.913907842917568E-9,80000.0,0.9221054572271387,0.6057419062352608,0.958,0.7187399549983924,0.9080475663716814,0.10619469026548672,0.7879414761969981,0.625,0.5761856710393537,80000.0,6400.0
meta.imbalanced.RebalanceStream -l (trees.HoeffdingTree -e 2000000 -g 100 -c 0.01),ArffFileStream -f ./../../../Dataset/Synthetic_IM10/stream_gen_RBF_drift.arff,1,80500.0,1.859375,2.9397779144346645E-9,80500.0,0.8870070637966516,0.6074305077981121,0.962,0.712156102290631,0.9221054572271387,0.08459869848156182,0.8111657519143755,0.6666666666666666,0.6160411698255298,80500.0,6400.0
meta.imbalanced.RebalanceStream -l (trees.HoeffdingTree -e 2000000 -g 100 -c 0.01),ArffFileStream -f ./../../../Dataset/Synthetic_IM10/stream_gen_RBF_drift.arff,1,81000.0,1.859375,2.9397779144346645E-9,81000.0,0.9275626717032966,0.56461253634782,0.952,0.7131931166347989,0.8870070637966516,0.11607142857142858,0.8031745051446079,0.6538461538461539,0.5151515151515146,81000.0,6400.0
meta.imbalanced.RebalanceStream -l (trees.HoeffdingTree -e 2000000 -g 100 -c 0.01),ArffFileStream -f ./../../../Dataset/Synthetic_IM10/stream_gen_RBF_drift.arff,1,81500.0,1.875,2.965647985951761E-9,81500.0,0.9192424242424242,0.6131706844570168,0.95,0.7346072186836514,0.9275626717032966,0.13636363636363635,0.8118441408859887,0.6666666666666666,0.4956058918182938,81500.0,6400.0
meta.imbalanced.RebalanceStream -l (trees.HoeffdingTree -e 2000000 -g 100 -c 0.01),ArffFileStream -f ./../../../Dataset/Synthetic_IM10/stream_gen_RBF_drift.arff,1,82000.0,1.890625,2.9921971468461816E-9,82000.0,0.8923188163969075,0.6622593484890228,0.966,0.7488773339636017,0.9192424242424242,0.08459869848156182,0.8417864830275869,0.717948717948718,0.6565656565656561,82000.0,6568.0
meta.imbalanced.RebalanceStream -l (trees.HoeffdingTree -e 2000000 -g 100 -c 0.01),ArffFileStream -f ./../../../Dataset/Synthetic_IM10/stream_gen_RBF_drift.arff,1,82500.0,1.890625,2.9921971468461816E-9,82500.0,0.9141926833939858,0.719974397603868,0.96,0.7558116819691343,0.8923188163969075,0.1013215859030837,0.8635891661231285,0.7608695652173914,0.5957863792258695,82500.0,6568.0
meta.imbalanced.RebalanceStream -l (trees.HoeffdingTree -e 2000000 -g 100 -c 0.01),ArffFileStream -f ./../../../Dataset/Synthetic_IM10/stream_gen_RBF_drift.arff,1,83000.0,1.90625,3.018746307740602E-9,83000.0,0.9071555555555556,0.6505445598647269,0.958,0.7413793103448272,0.9141926833939858,0.1111111111111111,0.8200270998231977,0.68,0.5756026296566833,83000.0,6568.0
meta.imbalanced.RebalanceStream -l (trees.HoeffdingTree -e 2000000 -g 100 -c 0.01),ArffFileStream -f ./../../../Dataset/Synthetic_IM10/stream_gen_RBF_drift.arff,1,83500.0,1.90625,3.018746307740602E-9,83500.0,0.9171428571428571,0.6504215213600016,0.954,0.7043701799485858,0.9071555555555556,0.0989010989010989,0.8217435824285549,0.6888888888888889,0.5349315897808448,83500.0,6568.0
meta.imbalanced.RebalanceStream -l (trees.HoeffdingTree -e 2000000 -g 100 -c 0.01),ArffFileStream -f ./../../../Dataset/Synthetic_IM10/stream_gen_RBF_drift.arff,1,84000.0,1.921875,3.0452954686350226E-9,84000.0,0.9233464184711494,0.7048480363315447,0.964,0.7889998593332392,0.9171428571428571,0.1185682326621924,0.8439011661142108,0.7169811320754716,0.6361886429258897,84000.0,6568.0
meta.imbalanced.RebalanceStream -l (trees.HoeffdingTree -e 2000000 -g 100 -c 0.01),ArffFileStream -f ./../../../Dataset/Synthetic_IM10/stream_gen_RBF_drift.arff,1,84500.0,1.921875,3.0452954686350226E-9,84500.0,0.9433075221238938,0.6908083817627225,0.954,0.7273589378852534,0.9233464184711494,0.10619469026548672,0.8444137971202043,0.7291666666666666,0.5350478468899518,84500.0,6568.0
meta.imbalanced.RebalanceStream -l (trees.HoeffdingTree -e 2000000 -g 100 -c 0.01),ArffFileStream -f ./../../../Dataset/Synthetic_IM10/stream_gen_RBF_drift.arff,1,85000.0,1.921875,3.0452954686350226E-9,85000.0,0.9482857690097682,0.6732129253198176,0.964,0.7662580511115725,0.9433075221238938,0.1013215859030837,0.8423126017445375,0.717391304347826,0.6359743040685221,85000.0,6568.0
meta.imbalanced.RebalanceStream -l (trees.HoeffdingTree -e 2000000 -g 100 -c 0.01),ArffFileStream -f ./../../../Dataset/Synthetic_IM10/stream_gen_RBF_drift.arff,1,85500.0,1.9375,3.071844629529443E-9,85500.0,0.9325933075933076,0.7597072391472318,0.968,0.831223628691983,0.9482857690097682,0.12612612612612611,0.8913597482342361,0.8035714285714286,0.6766721815173716,85500.0,6568.0
meta.imbalanced.RebalanceStream -l (trees.HoeffdingTree -e 2000000 -g 100 -c 0.01),ArffFileStream -f ./../../../Dataset/Synthetic_IM10/stream_gen_RBF_drift.arff,1,86000.0,1.9375,3.071844629529443E-9,86000.0,0.9338884112403276,0.7007247423914141,0.956,0.7417234092509974,0.9325933075933076,0.10864745011086474,0.848547335544552,0.7346938775510204,0.555398895546939,86000.0,6568.0
meta.imbalanced.RebalanceStream -l (trees.HoeffdingTree -e 2000000 -g 100 -c 0.01),ArffFileStream -f ./../../../Dataset/Synthetic_IM10/stream_gen_RBF_drift.arff,1,86500.0,1.953125,3.0983937904238637E-9,86500.0,0.9335942802841758,0.6030164742496504,0.952,0.6822538791505581,0.9338884112403276,0.10864745011086474,0.7658900889810986,0.5918367346938775,0.5149532710280367,86500.0,6568.0
meta.imbalanced.RebalanceStream -l (trees.HoeffdingTree -e 2000000 -g 100 -c 0.01),ArffFileStream -f ./../../../Dataset/Synthetic_IM10/stream_gen_RBF_drift.arff,1,87000.0,1.953125,3.0983937904238637E-9,87000.0,0.9083241150442478,0.6897164009443567,0.972,0.8183893731838934,0.9335942802841758,0.10619469026548672,0.8529674472549912,0.7291666666666666,0.7170074349442376,87000.0,6568.0
meta.imbalanced.RebalanceStream -l (trees.HoeffdingTree -e 2000000 -g 100 -c 0.01),ArffFileStream -f ./../../../Dataset/Synthetic_IM10/stream_gen_RBF_drift.arff,1,87500.0,1.96875,3.1249429513182842E-9,87500.0,0.9072847682119205,0.6334506291516994,0.968,0.7831860805463708,0.9083241150442478,0.10375275938189846,0.8242257465942973,0.6808510638297872,0.6764875794338531,87500.0,6568.0
meta.imbalanced.RebalanceStream -l (trees.HoeffdingTree -e 2000000 -g 100 -c 0.01),ArffFileStream -f ./../../../Dataset/Synthetic_IM10/stream_gen_RBF_drift.arff,1,88000.0,1.96875,3.1249429513182842E-9,88000.0,0.9210464515522991,0.6890344566803183,0.96,0.7558474534889397,0.9072847682119205,0.10375275938189846,0.8552951270504824,0.7446808510638298,0.5954952884394388,88000.0,6568.0
meta.imbalanced.RebalanceStream -l (trees.HoeffdingTree -e 2000000 -g 100 -c 0.01),ArffFileStream -f ./../../../Dataset/Synthetic_IM10/stream_gen_RBF_drift.arff,1,88500.0,1.984375,3.1514921122127048E-9,88500.0,0.9158559210824019,0.6069484231081137,0.952,0.6952303550566358,0.9210464515522991,0.10864745011086474,0.7900863185671003,0.6326530612244898,0.5145697634556046,88500.0,6568.0
meta.imbalanced.RebalanceStream -l (trees.HoeffdingTree -e 2000000 -g 100 -c 0.01),ArffFileStream -f ./../../../Dataset/Synthetic_IM10/stream_gen_RBF_drift.arff,1,89000.0,1.984375,3.1514921122127048E-9,89000.0,0.884513106242877,0.6411164201709115,0.96,0.7655553992591547,0.9158559210824019,0.1185682326621924,0.8317848937634396,0.6981132075471698,0.5956383462062695,89000.0,6568.0
meta.imbalanced.RebalanceStream -l (trees.HoeffdingTree -e 2000000 -g 100 -c 0.01),ArffFileStream -f ./../../../Dataset/Synthetic_IM10/stream_gen_RBF_drift.arff,1,89500.0,2.0,3.1780412731071253E-9,89500.0,0.9684506704980843,0.736599514592595,0.964,0.7437357630979495,0.884513106242877,0.07758620689655173,0.8868248605746984,0.8055555555555556,0.6355203619909497,89500.0,6568.0
meta.imbalanced.RebalanceStream -l (trees.HoeffdingTree -e 2000000 -g 100 -c 0.01),ArffFileStream -f ./../../../Dataset/Synthetic_IM10/stream_gen_RBF_drift.arff,1,90000.0,2.0,3.1780412731071253E-9,90000.0,0.902400075149124,0.614837797124295,0.956,0.7144488863506565,0.9684506704980843,0.10375275938189846,0.8067455499815942,0.6595744680851063,0.5544053111286142,90000.0,6568.0
meta.imbalanced.RebalanceStream -l (trees.HoeffdingTree -e 2000000 -g 100 -c 0.01),ArffFileStream -f ./../../../Dataset/Synthetic_IM10/stream_gen_RBF_drift.arff,1,90500.0,2.0,3.1780412731071253E-9,90500.0,0.9665570175438597,0.7895542246939969,0.976,0.8440748440748438,0.902400075149124,0.09649122807017543,0.9005580407108669,0.8181818181818182,0.7568021498152501,90500.0,6568.0
meta.imbalanced.RebalanceStream -l (trees.HoeffdingTree -e 2000000 -g 100 -c 0.01),ArffFileStream -f ./../../../Dataset/Synthetic_IM10/stream_gen_RBF_drift.arff,1,91000.0,2.015625,3.204590434001546E-9,91000.0,0.9689070499271993,0.777761020907502,0.972,0.8324156092889631,0.9665570175438597,0.10375275938189846,0.9048738446055677,0.8297872340425532,0.716195143684562,91000.0,6568.0
meta.imbalanced.RebalanceStream -l (trees.HoeffdingTree -e 2000000 -g 100 -c 0.01),ArffFileStream -f ./../../../Dataset/Synthetic_IM10/stream_gen_RBF_drift.arff,1,91500.0,2.015625,3.204590434001546E-9,91500.0,0.9189354607234815,0.6728759830516939,0.954,0.7422911437791321,0.9689070499271993,0.1185682326621924,0.8391360169789799,0.7169811320754716,0.5339386557413349,91500.0,6568.0
meta.imbalanced.RebalanceStream -l (trees.HoeffdingTree -e 2000000 -g 100 -c 0.01),ArffFileStream -f ./../../../Dataset/Synthetic_IM10/stream_gen_RBF_drift.arff,1,92000.0,2.03125,3.2311395948959663E-9,92000.0,0.917815887232202,0.5764629196411245,0.962,0.7129215520367457,0.9189354607234815,0.09409190371991247,0.7758898034022365,0.6046511627906976,0.6147233854970241,92000.0,6568.0
meta.imbalanced.RebalanceStream -l (trees.HoeffdingTree -e 2000000 -g 100 -c 0.01),ArffFileStream -f ./../../../Dataset/Synthetic_IM10/stream_gen_RBF_drift.arff,1,92500.0,2.03125,3.2311395948959663E-9,92500.0,0.9262593372917066,0.6003284153277274,0.96,0.7226536498779672,0.917815887232202,0.1013215859030837,0.7913715397972997,0.6304347826086957,0.5942982456140349,92500.0,6568.0
meta.imbalanced.RebalanceStream -l (trees.HoeffdingTree -e 2000000 -g 100 -c 0.01),ArffFileStream -f ./../../../Dataset/Synthetic_IM10/stream_gen_RBF_drift.arff,1,93000.0,2.046875,3.257688755790387E-9,93000.0,0.944880148005148,0.7167725732495225,0.968,0.8225062122825699,0.9262593372917066,0.12612612612612611,0.8640726946395318,0.75,0.6756756756756754,93000.0,6568.0
meta.imbalanced.RebalanceStream -l (trees.HoeffdingTree -e 2000000 -g 100 -c 0.01),ArffFileStream -f ./../../../Dataset/Synthetic_IM10/stream_gen_RBF_drift.arff,1,93500.0,2.046875,3.257688755790387E-9,93500.0,0.9528317555223385,0.722903976411634,0.966,0.8061838744983582,0.944880148005148,0.1210762331838565,0.8577634753848918,0.7407407407407407,0.6555796316359694,93500.0,6568.0
meta.imbalanced.RebalanceStream -l (trees.HoeffdingTree -e 2000000 -g 100 -c 0.01),ArffFileStream -f ./../../../Dataset/Synthetic_IM10/stream_gen_RBF_drift.arff,1,94000.0,2.0625,3.2842379166848074E-9,94000.0,0.930910792264504,0.6350024969432083,0.96,0.7154564079216932,0.9528317555223385,0.09170305676855896,0.8111307183262869,0.6666666666666666,0.5944779982743743,94000.0,6568.0
meta.imbalanced.RebalanceStream -l (trees.HoeffdingTree -e 2000000 -g 100 -c 0.01),ArffFileStream -f ./../../../Dataset/Synthetic_IM10/stream_gen_RBF_drift.arff,1,94500.0,2.0625,3.2842379166848074E-9,94500.0,0.9357333333333333,0.7220147140910479,0.97,0.8222748815165875,0.930910792264504,0.1111111111111111,0.8792420978699022,0.78,0.695880712293499,94500.0,6568.0
meta.imbalanced.RebalanceStream -l (trees.HoeffdingTree -e 2000000 -g 100 -c 0.01),ArffFileStream -f ./../../../Dataset/Synthetic_IM10/stream_gen_RBF_drift.arff,1,95000.0,2.078125,3.310787077579228E-9,95000.0,0.8985981920607887,0.6829294369150496,0.968,0.8049826922139338,0.9357333333333333,0.11358574610244988,0.8498579963224864,0.7254901960784313,0.675664141683559,95000.0,6568.0
meta.imbalanced.RebalanceStream -l (trees.HoeffdingTree -e 2000000 -g 100 -c 0.01),ArffFileStream -f ./../../../Dataset/Synthetic_IM10/stream_gen_RBF_drift.arff,1,95500.0,2.078125,3.310787077579228E-9,95500.0,0.9066205282173935,0.6800672743409494,0.96,0.7343675290867551,0.8985981920607887,0.09409190371991247,0.8416115550945811,0.7209302325581395,0.5943075615972808,95500.0,6568.0
meta.imbalanced.RebalanceStream -l (trees.HoeffdingTree -e 2000000 -g 100 -c 0.01),ArffFileStream -f ./../../../Dataset/Synthetic_IM10/stream_gen_RBF_drift.arff,1,96000.0,2.09375,3.3373362384736485E-9,96000.0,0.9102464129756707,0.6176310516822674,0.964,0.7311827956989243,0.9066205282173935,0.09170305676855896,0.7991534822608277,0.6428571428571429,0.6345950518079927,96000.0,6568.0
meta.imbalanced.RebalanceStream -l (trees.HoeffdingTree -e 2000000 -g 100 -c 0.01),ArffFileStream -f ./../../../Dataset/Synthetic_IM10/stream_gen_RBF_drift.arff,1,96500.0,2.109375,3.363885399368069E-9,96500.0,0.936358085576065,0.8020883010825754,0.978,0.8670341359636398,0.9102464129756707,0.10375275938189846,0.9184491915086711,0.851063829787234,0.7766438716465017,96500.0,6568.0
meta.imbalanced.RebalanceStream -l (trees.HoeffdingTree -e 2000000 -g 100 -c 0.01),ArffFileStream -f ./../../../Dataset/Synthetic_IM10/stream_gen_RBF_drift.arff,1,97000.0,2.125,3.3904345602624895E-9,97000.0,0.9879392805156997,0.8536530055753329,0.978,0.8615307150050351,0.936358085576065,0.09170305676855896,0.9438928255066019,0.9047619047619048,0.7764742851157429,97000.0,6568.0
meta.imbalanced.RebalanceStream -l (trees.HoeffdingTree -e 2000000 -g 100 -c 0.01),ArffFileStream -f ./../../../Dataset/Synthetic_IM10/stream_gen_RBF_drift.arff,1,97500.0,2.140625,3.41698372115691E-9,97500.0,0.9178469614009683,0.7019974918648294,0.968,0.8008860570461445,0.9879392805156997,0.10864745011086474,0.8542872927693976,0.7346938775510204,0.6748645268862021,97500.0,6568.0
meta.imbalanced.RebalanceStream -l (trees.HoeffdingTree -e 2000000 -g 100 -c 0.01),ArffFileStream -f ./../../../Dataset/Synthetic_IM10/stream_gen_RBF_drift.arff,1,98000.0,2.15625,3.4435328820513306E-9,98000.0,0.9356060606060606,0.6292088690019247,0.958,0.7696358051777094,0.9178469614009683,0.13636363636363635,0.8155682161238966,0.6666666666666666,0.5737365368682683,98000.0,6568.0
meta.imbalanced.RebalanceStream -l (trees.HoeffdingTree -e 2000000 -g 100 -c 0.01),ArffFileStream -f ./../../../Dataset/Synthetic_IM10/stream_gen_RBF_drift.arff,1,98500.0,2.171875,3.470082042945751E-9,98500.0,0.9302589632735054,0.5969724633011335,0.954,0.711258411168022,0.9356060606060606,0.11358574610244988,0.7885817754976431,0.6274509803921569,0.5332234469970121,98500.0,6568.0
meta.imbalanced.RebalanceStream -l (trees.HoeffdingTree -e 2000000 -g 100 -c 0.01),ArffFileStream -f ./../../../Dataset/Synthetic_IM10/stream_gen_RBF_drift.arff,1,99000.0,2.1875,3.4966312038401716E-9,99000.0,0.940035029498525,0.770026653683999,0.974,0.8458985301090562,0.9302589632735054,0.10619469026548672,0.907807823411865,0.8333333333333334,0.7361353152229625,99000.0,6568.0
meta.imbalanced.RebalanceStream -l (trees.HoeffdingTree -e 2000000 -g 100 -c 0.01),ArffFileStream -f ./../../../Dataset/Synthetic_IM10/stream_gen_RBF_drift.arff,1,99500.0,2.1875,3.4966312038401716E-9,99500.0,0.9212665985699694,0.574796540621523,0.946,0.6810018903591677,0.940035029498525,0.12359550561797752,0.7702327096185231,0.6,0.45229357798165093,99500.0,6568.0
meta.imbalanced.RebalanceStream -l (trees.HoeffdingTree -e 2000000 -g 100 -c 0.01),ArffFileStream -f ./../../../Dataset/Synthetic_IM10/stream_gen_RBF_drift.arff,1,100000.0,2.1875,3.4966312038401716E-9,100000.0,0.9551167879497227,0.7440513548090254,0.976,0.840620517452053,0.9212665985699694,0.09409190371991247,0.8982366998731643,0.813953488372093,0.7564193646605093,100000.0,6568.0
