Learner,stream,randomSeed,learning evaluation instances,evaluation time (cpu seconds),model cost (RAM-Hours),classified instances,AUC,sAUC,Accuracy,Kappa,Periodical holdout AUC,Pos/Neg ratio,G-Mean,Recall,KappaM,model training instances,model serialized size (bytes)
meta.imbalanced.RebalanceStream -l (trees.HoeffdingTree -e 2000000 -g 100 -c 0.01),ArffFileStream -f ./../../../Dataset/Synthetic_IM50/stream_gen_hyperplane.arff,1,500.0,0.09375,1.265046497186025E-10,500.0,0.8897259059926844,0.3961032758407279,0.824,0.6435688479173078,0.0,1.1834061135371179,0.8186875343572804,0.8671586715867159,0.6140350877192982,500.0,5216.0
meta.imbalanced.RebalanceStream -l (trees.HoeffdingTree -e 2000000 -g 100 -c 0.01),ArffFileStream -f ./../../../Dataset/Synthetic_IM50/stream_gen_hyperplane.arff,1,1000.0,0.125,1.7009572022491033E-10,1000.0,0.9503303274340551,0.45496872101380476,0.918,0.8353731007677235,0.8897259059926844,0.8726591760299626,0.9180288671125432,0.9184549356223176,0.8270042194092828,1000.0,5392.0
meta.imbalanced.RebalanceStream -l (trees.HoeffdingTree -e 2000000 -g 100 -c 0.01),ArffFileStream -f ./../../../Dataset/Synthetic_IM50/stream_gen_hyperplane.arff,1,1500.0,0.171875,2.375195941163434E-10,1500.0,0.8589587602459017,0.44941395924085004,0.808,0.616368286445013,0.9503303274340551,0.953125,0.8081931882342221,0.8360655737704918,0.5988857938718665,1500.0,5560.0
meta.imbalanced.RebalanceStream -l (trees.HoeffdingTree -e 2000000 -g 100 -c 0.01),ArffFileStream -f ./../../../Dataset/Synthetic_IM50/stream_gen_hyperplane.arff,1,2000.0,0.171875,2.375195941163434E-10,2000.0,0.8882,0.479673353030046,0.826,0.6519999999999999,0.8589587602459017,1.0,0.8259782079449796,0.82,0.6344537815126049,2000.0,5560.0
meta.imbalanced.RebalanceStream -l (trees.HoeffdingTree -e 2000000 -g 100 -c 0.01),ArffFileStream -f ./../../../Dataset/Synthetic_IM50/stream_gen_hyperplane.arff,1,2500.0,0.203125,2.824688433772988E-10,2500.0,0.824504,0.42962627214241805,0.802,0.6040000000000001,0.8882,1.0,0.801698197578116,0.78,0.5822784810126583,2500.0,5560.0
meta.imbalanced.RebalanceStream -l (trees.HoeffdingTree -e 2000000 -g 100 -c 0.01),ArffFileStream -f ./../../../Dataset/Synthetic_IM50/stream_gen_hyperplane.arff,1,3000.0,0.21875,3.0562255738510026E-10,3000.0,0.918010752688172,0.49466257732986996,0.856,0.712,0.824504,0.9841269841269841,0.856018047170393,0.8588709677419355,0.6995827538247565,3000.0,5728.0
meta.imbalanced.RebalanceStream -l (trees.HoeffdingTree -e 2000000 -g 100 -c 0.01),ArffFileStream -f ./../../../Dataset/Synthetic_IM50/stream_gen_hyperplane.arff,1,3500.0,0.234375,3.2877627139290174E-10,3500.0,0.9297139465113667,0.5148049567459981,0.876,0.7513275898028269,0.918010752688172,1.109704641350211,0.875639925560188,0.8821292775665399,0.7416666666666667,3500.0,5728.0
meta.imbalanced.RebalanceStream -l (trees.HoeffdingTree -e 2000000 -g 100 -c 0.01),ArffFileStream -f ./../../../Dataset/Synthetic_IM50/stream_gen_hyperplane.arff,1,4000.0,0.25,3.519299854007032E-10,4000.0,0.933797519007603,0.5141901036046834,0.876,0.752019838412927,0.9297139465113667,0.9607843137254902,0.8761387148271943,0.8857142857142857,0.743801652892562,4000.0,5728.0
meta.imbalanced.RebalanceStream -l (trees.HoeffdingTree -e 2000000 -g 100 -c 0.01),ArffFileStream -f ./../../../Dataset/Synthetic_IM50/stream_gen_hyperplane.arff,1,4500.0,0.265625,3.750836994085047E-10,4500.0,0.8756620953417292,0.47222024079818603,0.822,0.6440341727194189,0.933797519007603,1.0242914979757085,0.8220567571238121,0.8142292490118577,0.6327372764786794,4500.0,5728.0
meta.imbalanced.RebalanceStream -l (trees.HoeffdingTree -e 2000000 -g 100 -c 0.01),ArffFileStream -f ./../../../Dataset/Synthetic_IM50/stream_gen_hyperplane.arff,1,5000.0,0.296875,4.2139112742410766E-10,5000.0,0.9051699308755761,0.5028182571807119,0.858,0.7160090877091932,0.8756620953417292,0.9841269841269841,0.8580251262378651,0.8629032258064516,0.7066115702479339,5000.0,5728.0
meta.imbalanced.RebalanceStream -l (trees.HoeffdingTree -e 2000000 -g 100 -c 0.01),ArffFileStream -f ./../../../Dataset/Synthetic_IM50/stream_gen_hyperplane.arff,1,5500.0,0.3125,4.4522393080923293E-10,5500.0,0.8770935960591133,0.4942649444822209,0.828,0.6460322686862034,0.9051699308755761,0.7241379310344828,0.8213589604259036,0.7857142857142857,0.6403041825095056,5500.0,5896.0
meta.imbalanced.RebalanceStream -l (trees.HoeffdingTree -e 2000000 -g 100 -c 0.01),ArffFileStream -f ./../../../Dataset/Synthetic_IM50/stream_gen_hyperplane.arff,1,6000.0,0.328125,4.690567341943582E-10,6000.0,0.8810484193677471,0.5041554030883708,0.84,0.6798719487795117,0.8770935960591133,0.9607843137254902,0.8399298737853957,0.8367346938775511,0.666086956521739,6000.0,5896.0
meta.imbalanced.RebalanceStream -l (trees.HoeffdingTree -e 2000000 -g 100 -c 0.01),ArffFileStream -f ./../../../Dataset/Synthetic_IM50/stream_gen_hyperplane.arff,1,6500.0,0.34375,4.928895375794835E-10,6500.0,0.875414006624106,0.5050728729772054,0.846,0.6920394189543737,0.8810484193677471,0.9920318725099602,0.845890919979152,0.8634538152610441,0.6792694649150912,6500.0,5896.0
meta.imbalanced.RebalanceStream -l (trees.HoeffdingTree -e 2000000 -g 100 -c 0.01),ArffFileStream -f ./../../../Dataset/Synthetic_IM50/stream_gen_hyperplane.arff,1,7000.0,0.359375,5.167223409646087E-10,7000.0,0.9091229136995728,0.531074460363854,0.868,0.7359619785249076,0.875414006624106,1.0242914979757085,0.8679795435044905,0.8695652173913043,0.7252453166815344,7000.0,5896.0
meta.imbalanced.RebalanceStream -l (trees.HoeffdingTree -e 2000000 -g 100 -c 0.01),ArffFileStream -f ./../../../Dataset/Synthetic_IM50/stream_gen_hyperplane.arff,1,7500.0,0.359375,5.167223409646087E-10,7500.0,0.915184,0.5118252465297122,0.872,0.744,0.9091229136995728,1.0,0.871550342780037,0.9,0.7337031900138696,7500.0,5896.0
meta.imbalanced.RebalanceStream -l (trees.HoeffdingTree -e 2000000 -g 100 -c 0.01),ArffFileStream -f ./../../../Dataset/Synthetic_IM50/stream_gen_hyperplane.arff,1,8000.0,0.390625,5.643879477348593E-10,8000.0,0.866589865437847,0.45324238206539175,0.822,0.6440113916354676,0.915184,0.9920318725099602,0.8220041429658228,0.8273092369477911,0.63051375194603,8000.0,5896.0
meta.imbalanced.RebalanceStream -l (trees.HoeffdingTree -e 2000000 -g 100 -c 0.01),ArffFileStream -f ./../../../Dataset/Synthetic_IM50/stream_gen_hyperplane.arff,1,8500.0,0.390625,5.643879477348593E-10,8500.0,0.8920673076923077,0.5119966039511317,0.836,0.6704180064308681,0.866589865437847,0.9230769230769231,0.8328299761840764,0.7875,0.6592520166218528,8500.0,5896.0
meta.imbalanced.RebalanceStream -l (trees.HoeffdingTree -e 2000000 -g 100 -c 0.01),ArffFileStream -f ./../../../Dataset/Synthetic_IM50/stream_gen_hyperplane.arff,1,9000.0,0.421875,6.120535545051098E-10,9000.0,0.9061344093769516,0.5170677308020715,0.868,0.7359704286880131,0.8920673076923077,0.9455252918287937,0.8681929203895061,0.8765432098765432,0.7259515570934256,9000.0,5896.0
meta.imbalanced.RebalanceStream -l (trees.HoeffdingTree -e 2000000 -g 100 -c 0.01),ArffFileStream -f ./../../../Dataset/Synthetic_IM50/stream_gen_hyperplane.arff,1,9500.0,0.421875,6.120535545051098E-10,9500.0,0.8808323732718893,0.5124260580654809,0.82,0.6397925204918031,0.9061344093769516,0.9841269841269841,0.8190500191977121,0.7862903225806451,0.6257386736703874,9500.0,5896.0
meta.imbalanced.RebalanceStream -l (trees.HoeffdingTree -e 2000000 -g 100 -c 0.01),ArffFileStream -f ./../../../Dataset/Synthetic_IM50/stream_gen_hyperplane.arff,1,10000.0,0.453125,6.597191612753604E-10,10000.0,0.9110972408936687,0.5294262170630799,0.848,0.6957273717250656,0.8808323732718893,0.968503937007874,0.847343971420291,0.8252032520325203,0.6851698425849212,10000.0,5896.0
meta.imbalanced.RebalanceStream -l (trees.HoeffdingTree -e 2000000 -g 100 -c 0.01),ArffFileStream -f ./../../../Dataset/Synthetic_IM50/stream_gen_hyperplane.arff,1,10500.0,0.46875,6.842310540378094E-10,10500.0,0.8797358943577431,0.5101163713595884,0.826,0.651888604353393,0.9110972408936687,1.0408163265306123,0.8259690611372695,0.8274509803921568,0.6387900355871886,10500.0,6064.0
meta.imbalanced.RebalanceStream -l (trees.HoeffdingTree -e 2000000 -g 100 -c 0.01),ArffFileStream -f ./../../../Dataset/Synthetic_IM50/stream_gen_hyperplane.arff,1,11000.0,0.484375,7.087429468002585E-10,11000.0,0.8883502136034177,0.5466383136229072,0.828,0.656049528867843,0.8797358943577431,0.9920318725099602,0.8278520190368849,0.8473895582329317,0.6434897305445637,11000.0,6064.0
meta.imbalanced.RebalanceStream -l (trees.HoeffdingTree -e 2000000 -g 100 -c 0.01),ArffFileStream -f ./../../../Dataset/Synthetic_IM50/stream_gen_hyperplane.arff,1,11500.0,0.5,7.332548395627075E-10,11500.0,0.903681946584489,0.5460003373794604,0.854,0.7078036440488008,0.8883502136034177,1.11864406779661,0.8546640821834168,0.8409090909090909,0.697204688908927,11500.0,6064.0
meta.imbalanced.RebalanceStream -l (trees.HoeffdingTree -e 2000000 -g 100 -c 0.01),ArffFileStream -f ./../../../Dataset/Synthetic_IM50/stream_gen_hyperplane.arff,1,12000.0,0.515625,7.577667323251566E-10,12000.0,0.907672364125216,0.5618014792195428,0.856,0.7121842021106491,0.903681946584489,1.032520325203252,0.8560254619901462,0.8307086614173228,0.7016059402521153,12000.0,6064.0
meta.imbalanced.RebalanceStream -l (trees.HoeffdingTree -e 2000000 -g 100 -c 0.01),ArffFileStream -f ./../../../Dataset/Synthetic_IM50/stream_gen_hyperplane.arff,1,12500.0,0.515625,7.577667323251566E-10,12500.0,0.8724039647083314,0.5164695307291146,0.838,0.6762175817850404,0.907672364125216,0.9455252918287937,0.8383263017075735,0.8600823045267489,0.6643460964694181,12500.0,6064.0
meta.imbalanced.RebalanceStream -l (trees.HoeffdingTree -e 2000000 -g 100 -c 0.01),ArffFileStream -f ./../../../Dataset/Synthetic_IM50/stream_gen_hyperplane.arff,1,13000.0,0.53125,7.822786250876057E-10,13000.0,0.9055779569892473,0.570350043196188,0.87,0.7399916797337515,0.8724039647083314,1.0161290322580645,0.8700071507730919,0.8690476190476191,0.7308917197452229,13000.0,6064.0
meta.imbalanced.RebalanceStream -l (trees.HoeffdingTree -e 2000000 -g 100 -c 0.01),ArffFileStream -f ./../../../Dataset/Synthetic_IM50/stream_gen_hyperplane.arff,1,13500.0,0.546875,8.067905178500547E-10,13500.0,0.9245886947058447,0.568721331798558,0.87,0.7399500704135193,0.9055779569892473,1.032520325203252,0.8699987159921858,0.8700787401574803,0.730745627493096,13500.0,6064.0
meta.imbalanced.RebalanceStream -l (trees.HoeffdingTree -e 2000000 -g 100 -c 0.01),ArffFileStream -f ./../../../Dataset/Synthetic_IM50/stream_gen_hyperplane.arff,1,14000.0,0.546875,8.067905178500547E-10,14000.0,0.9011750768442623,0.5260860557787781,0.862,0.7235488316933235,0.9245886947058447,1.0491803278688525,0.8610197561565027,0.88671875,0.7144546260715341,14000.0,6064.0
meta.imbalanced.RebalanceStream -l (trees.HoeffdingTree -e 2000000 -g 100 -c 0.01),ArffFileStream -f ./../../../Dataset/Synthetic_IM50/stream_gen_hyperplane.arff,1,14500.0,0.5625,8.313024106125038E-10,14500.0,0.923552,0.5915573562243582,0.886,0.772,0.9011750768442623,1.0,0.8859435647940562,0.876,0.7641603652446854,14500.0,6064.0
meta.imbalanced.RebalanceStream -l (trees.HoeffdingTree -e 2000000 -g 100 -c 0.01),ArffFileStream -f ./../../../Dataset/Synthetic_IM50/stream_gen_hyperplane.arff,1,15000.0,0.578125,8.558143033749528E-10,15000.0,0.8917800261412596,0.5758998900374164,0.874,0.7457545037773616,0.923552,0.8315018315018315,0.8726311997770982,0.8590308370044053,0.7388059701492538,15000.0,6064.0
meta.imbalanced.RebalanceStream -l (trees.HoeffdingTree -e 2000000 -g 100 -c 0.01),ArffFileStream -f ./../../../Dataset/Synthetic_IM50/stream_gen_hyperplane.arff,1,15500.0,0.578125,8.558143033749528E-10,15500.0,0.8893052152887864,0.5236497636517949,0.836,0.6718897549576658,0.8917800261412596,0.9455252918287937,0.8360885422822274,0.8395061728395061,0.6601149886348442,15500.0,6064.0
meta.imbalanced.RebalanceStream -l (trees.HoeffdingTree -e 2000000 -g 100 -c 0.01),ArffFileStream -f ./../../../Dataset/Synthetic_IM50/stream_gen_hyperplane.arff,1,16000.0,0.59375,8.803261961374019E-10,16000.0,0.9080752300920368,0.5726569575627551,0.874,0.7479596735477677,0.8893052152887864,0.9607843137254902,0.8740626946836795,0.8775510204081632,0.7387585849423352,16000.0,6064.0
meta.imbalanced.RebalanceStream -l (trees.HoeffdingTree -e 2000000 -g 100 -c 0.01),ArffFileStream -f ./../../../Dataset/Synthetic_IM50/stream_gen_hyperplane.arff,1,16500.0,0.609375,9.048380888998509E-10,16500.0,0.8982936686124832,0.5578523027640343,0.86,0.7193533902110462,0.9080752300920368,0.9083969465648855,0.8596503084954212,0.8529411764705882,0.7096165933375236,16500.0,6064.0
meta.imbalanced.RebalanceStream -l (trees.HoeffdingTree -e 2000000 -g 100 -c 0.01),ArffFileStream -f ./../../../Dataset/Synthetic_IM50/stream_gen_hyperplane.arff,1,17000.0,0.609375,9.048380888998509E-10,17000.0,0.9175673728202911,0.5812086815999956,0.862,0.7239381621483212,0.8982936686124832,0.9455252918287937,0.8621500735692683,0.8683127572016461,0.7138675448225393,17000.0,6064.0
meta.imbalanced.RebalanceStream -l (trees.HoeffdingTree -e 2000000 -g 100 -c 0.01),ArffFileStream -f ./../../../Dataset/Synthetic_IM50/stream_gen_hyperplane.arff,1,17500.0,0.625,9.293499816623E-10,17500.0,0.8851173882917869,0.54203037831361,0.842,0.6818621134020618,0.9175673728202911,1.1834061135371179,0.8409698070721491,0.8523985239852399,0.6723545443772958,17500.0,6064.0
meta.imbalanced.RebalanceStream -l (trees.HoeffdingTree -e 2000000 -g 100 -c 0.01),ArffFileStream -f ./../../../Dataset/Synthetic_IM50/stream_gen_hyperplane.arff,1,18000.0,0.625,9.293499816623E-10,18000.0,0.9278136051591429,0.5762269565707091,0.868,0.7359366247899496,0.8851173882917869,0.9762845849802372,0.8679150141643713,0.8623481781376519,0.7265508113706985,18000.0,6064.0
meta.imbalanced.RebalanceStream -l (trees.HoeffdingTree -e 2000000 -g 100 -c 0.01),ArffFileStream -f ./../../../Dataset/Synthetic_IM50/stream_gen_hyperplane.arff,1,18500.0,0.640625,9.53861874424749E-10,18500.0,0.8893090909090909,0.5709342575937426,0.856,0.7074360016253555,0.9278136051591429,0.8181818181818182,0.8506396879924418,0.8088888888888889,0.7011442674444693,18500.0,6064.0
meta.imbalanced.RebalanceStream -l (trees.HoeffdingTree -e 2000000 -g 100 -c 0.01),ArffFileStream -f ./../../../Dataset/Synthetic_IM50/stream_gen_hyperplane.arff,1,19000.0,0.65625,9.78373767187198E-10,19000.0,0.8924507957965208,0.5791685724240617,0.846,0.6923740731270775,0.8893090909090909,1.1645021645021645,0.8479202577945811,0.8141263940520446,0.6803583133056587,19000.0,6064.0
meta.imbalanced.RebalanceStream -l (trees.HoeffdingTree -e 2000000 -g 100 -c 0.01),ArffFileStream -f ./../../../Dataset/Synthetic_IM50/stream_gen_hyperplane.arff,1,19500.0,0.65625,9.78373767187198E-10,19500.0,0.8845735056284126,0.5428268314110487,0.824,0.647881688247251,0.8924507957965208,1.0576131687242798,0.8240803486323803,0.8210116731517509,0.6347770565073959,19500.0,6064.0
meta.imbalanced.RebalanceStream -l (trees.HoeffdingTree -e 2000000 -g 100 -c 0.01),ArffFileStream -f ./../../../Dataset/Synthetic_IM50/stream_gen_hyperplane.arff,1,20000.0,0.671875,1.002885659949647E-9,20000.0,0.903902384165542,0.5679927690070319,0.842,0.6834327114188625,0.8845735056284126,1.1367521367521367,0.842469677272469,0.8345864661654135,0.6718928460180666,20000.0,6064.0
meta.imbalanced.RebalanceStream -l (trees.HoeffdingTree -e 2000000 -g 100 -c 0.01),ArffFileStream -f ./../../../Dataset/Synthetic_IM50/stream_gen_hyperplane.arff,1,20500.0,0.6875,1.0280766420894197E-9,20500.0,0.8493298746217034,0.5074858976601311,0.812,0.6232827303185265,0.903902384165542,0.9455252918287937,0.8108979735641518,0.7860082304526749,0.6092466795092772,20500.0,6232.0
meta.imbalanced.RebalanceStream -l (trees.HoeffdingTree -e 2000000 -g 100 -c 0.01),ArffFileStream -f ./../../../Dataset/Synthetic_IM50/stream_gen_hyperplane.arff,1,21000.0,0.6875,1.0280766420894197E-9,21000.0,0.9456883849061439,0.6189523889566244,0.894,0.7874831590427921,0.8493298746217034,0.937984496124031,0.892824880666953,0.8677685950413223,0.779713013359723,21000.0,6232.0
meta.imbalanced.RebalanceStream -l (trees.HoeffdingTree -e 2000000 -g 100 -c 0.01),ArffFileStream -f ./../../../Dataset/Synthetic_IM50/stream_gen_hyperplane.arff,1,21500.0,0.703125,1.0532676242291925E-9,21500.0,0.9185302746116482,0.5738648658899259,0.878,0.7562573921938432,0.9456883849061439,1.0920502092050208,0.8787941353925429,0.8505747126436781,0.7465700483091787,21500.0,6232.0
meta.imbalanced.RebalanceStream -l (trees.HoeffdingTree -e 2000000 -g 100 -c 0.01),ArffFileStream -f ./../../../Dataset/Synthetic_IM50/stream_gen_hyperplane.arff,1,22000.0,0.71875,1.0784586063689652E-9,22000.0,0.904140846423596,0.5667206362453658,0.848,0.6959659481861968,0.9185302746116482,1.0576131687242798,0.8481815955459738,0.8404669260700389,0.6843198338525441,22000.0,6232.0
meta.imbalanced.RebalanceStream -l (trees.HoeffdingTree -e 2000000 -g 100 -c 0.01),ArffFileStream -f ./../../../Dataset/Synthetic_IM50/stream_gen_hyperplane.arff,1,22500.0,0.734375,1.103649588508738E-9,22500.0,0.8925102801644826,0.5478691775106479,0.846,0.6919507121139382,0.904140846423596,0.9920318725099602,0.845720665406198,0.8273092369477911,0.6804979253112032,22500.0,6232.0
meta.imbalanced.RebalanceStream -l (trees.HoeffdingTree -e 2000000 -g 100 -c 0.01),ArffFileStream -f ./../../../Dataset/Synthetic_IM50/stream_gen_hyperplane.arff,1,23000.0,0.734375,1.103649588508738E-9,23000.0,0.9187339743589743,0.5643738236304786,0.86,0.72,0.8925102801644826,0.9230769230769231,0.8604560508152729,0.875,0.7094125078963992,23000.0,6232.0
meta.imbalanced.RebalanceStream -l (trees.HoeffdingTree -e 2000000 -g 100 -c 0.01),ArffFileStream -f ./../../../Dataset/Synthetic_IM50/stream_gen_hyperplane.arff,1,23500.0,0.75,1.1288405706485107E-9,23500.0,0.8991423862781804,0.5569580449095557,0.85,0.7,0.9187339743589743,1.0080321285140563,0.8500044471183442,0.848605577689243,0.6887692036023308,23500.0,6232.0
meta.imbalanced.RebalanceStream -l (trees.HoeffdingTree -e 2000000 -g 100 -c 0.01),ArffFileStream -f ./../../../Dataset/Synthetic_IM50/stream_gen_hyperplane.arff,1,24000.0,0.765625,1.1540315527882834E-9,24000.0,0.9206652126499455,0.5914875540710628,0.882,0.7632271734942854,0.8991423862781804,1.1008403361344539,0.8811065244463351,0.8969465648854962,0.7551020408163266,24000.0,6232.0
meta.imbalanced.RebalanceStream -l (trees.HoeffdingTree -e 2000000 -g 100 -c 0.01),ArffFileStream -f ./../../../Dataset/Synthetic_IM50/stream_gen_hyperplane.arff,1,24500.0,0.765625,1.1540315527882834E-9,24500.0,0.9225130052020808,0.5855556099312473,0.878,0.756,0.9206652126499455,1.0408163265306123,0.8781186918491087,0.8705882352941177,0.7468879668049793,24500.0,6232.0
meta.imbalanced.RebalanceStream -l (trees.HoeffdingTree -e 2000000 -g 100 -c 0.01),ArffFileStream -f ./../../../Dataset/Synthetic_IM50/stream_gen_hyperplane.arff,1,25000.0,0.78125,1.1792225349280562E-9,25000.0,0.9154946479143666,0.5763111064865633,0.876,0.7519404657117709,0.9225130052020808,1.0080321285140563,0.8754223334072471,0.9043824701195219,0.7427599369346942,25000.0,6232.0
meta.imbalanced.RebalanceStream -l (trees.HoeffdingTree -e 2000000 -g 100 -c 0.01),ArffFileStream -f ./../../../Dataset/Synthetic_IM50/stream_gen_hyperplane.arff,1,25500.0,0.78125,1.1792225349280562E-9,25500.0,0.9182946927150835,0.5856717427186978,0.87,0.7400083197337686,0.9154946479143666,0.9920318725099602,0.8700046612115182,0.8755020080321285,0.7300048867893794,25500.0,6232.0
meta.imbalanced.RebalanceStream -l (trees.HoeffdingTree -e 2000000 -g 100 -c 0.01),ArffFileStream -f ./../../../Dataset/Synthetic_IM50/stream_gen_hyperplane.arff,1,26000.0,0.796875,1.204413517067829E-9,26000.0,0.925461592897581,0.5987665277768985,0.872,0.7429636293535535,0.9182946927150835,0.8656716417910447,0.8719111349658324,0.8706896551724138,0.7337173947831652,26000.0,6232.0
meta.imbalanced.RebalanceStream -l (trees.HoeffdingTree -e 2000000 -g 100 -c 0.01),ArffFileStream -f ./../../../Dataset/Synthetic_IM50/stream_gen_hyperplane.arff,1,26500.0,0.8125,1.2296044992076017E-9,26500.0,0.9215469790066564,0.5918879744185004,0.866,0.7320428731402975,0.925461592897581,1.0161290322580645,0.8660069271962372,0.8531746031746031,0.7214027930331084,26500.0,6232.0
meta.imbalanced.RebalanceStream -l (trees.HoeffdingTree -e 2000000 -g 100 -c 0.01),ArffFileStream -f ./../../../Dataset/Synthetic_IM50/stream_gen_hyperplane.arff,1,27000.0,0.828125,1.2547954813473744E-9,27000.0,0.9080592236894758,0.5840575224191131,0.88,0.7599423861726814,0.9215469790066564,1.0408163265306123,0.8800305571470828,0.8784313725490196,0.7505005390420453,27000.0,6232.0
meta.imbalanced.RebalanceStream -l (trees.HoeffdingTree -e 2000000 -g 100 -c 0.01),ArffFileStream -f ./../../../Dataset/Synthetic_IM50/stream_gen_hyperplane.arff,1,27500.0,0.828125,1.2547954813473744E-9,27500.0,0.9096189851338593,0.5796234635101537,0.87,0.7401496737878981,0.9080592236894758,0.9762845849802372,0.869876406528318,0.8987854251012146,0.7300460620705278,27500.0,6232.0
meta.imbalanced.RebalanceStream -l (trees.HoeffdingTree -e 2000000 -g 100 -c 0.01),ArffFileStream -f ./../../../Dataset/Synthetic_IM50/stream_gen_hyperplane.arff,1,28000.0,0.84375,1.2799864634871472E-9,28000.0,0.9339616572310859,0.5881152850145412,0.886,0.7708782197639644,0.9096189851338593,1.1551724137931034,0.8855287070988963,0.8917910447761194,0.7631871800578678,28000.0,6232.0
meta.imbalanced.RebalanceStream -l (trees.HoeffdingTree -e 2000000 -g 100 -c 0.01),ArffFileStream -f ./../../../Dataset/Synthetic_IM50/stream_gen_hyperplane.arff,1,28500.0,0.84375,1.2799864634871472E-9,28500.0,0.922094015030818,0.5857498061724573,0.866,0.7292010217609209,0.9339616572310859,1.1645021645021645,0.8619812267125913,0.9033457249070632,0.7214442013129103,28500.0,6232.0
meta.imbalanced.RebalanceStream -l (trees.HoeffdingTree -e 2000000 -g 100 -c 0.01),ArffFileStream -f ./../../../Dataset/Synthetic_IM50/stream_gen_hyperplane.arff,1,29000.0,0.859375,1.30517744562692E-9,29000.0,0.9101983821263482,0.5669235696338466,0.876,0.7521110542476971,0.922094015030818,0.8939393939393939,0.8770474614379726,0.902542372881356,0.7424253276985889,29000.0,6232.0
meta.imbalanced.RebalanceStream -l (trees.HoeffdingTree -e 2000000 -g 100 -c 0.01),ArffFileStream -f ./../../../Dataset/Synthetic_IM50/stream_gen_hyperplane.arff,1,29500.0,0.859375,1.30517744562692E-9,29500.0,0.9159238930405978,0.5900729325902094,0.868,0.7361393184398638,0.9101983821263482,0.9762845849802372,0.8679150141643713,0.8947368421052632,0.7259290540540541,29500.0,6232.0
meta.imbalanced.RebalanceStream -l (trees.HoeffdingTree -e 2000000 -g 100 -c 0.01),ArffFileStream -f ./../../../Dataset/Synthetic_IM50/stream_gen_hyperplane.arff,1,30000.0,0.875,1.3303684277666926E-9,30000.0,0.9182336411079888,0.5894515760263193,0.874,0.7471504254294429,0.9159238930405978,0.8867924528301887,0.8736473745431657,0.8680851063829788,0.7382633984212713,30000.0,6232.0
meta.imbalanced.RebalanceStream -l (trees.HoeffdingTree -e 2000000 -g 100 -c 0.01),ArffFileStream -f ./../../../Dataset/Synthetic_IM50/stream_gen_hyperplane.arff,1,30500.0,0.875,1.3303684277666926E-9,30500.0,0.9237728383942357,0.6211674427128762,0.888,0.7748327328872877,0.9182336411079888,1.1551724137931034,0.8873793438240489,0.8955223880597015,0.7674133587526384,30500.0,6232.0
meta.imbalanced.RebalanceStream -l (trees.HoeffdingTree -e 2000000 -g 100 -c 0.01),ArffFileStream -f ./../../../Dataset/Synthetic_IM50/stream_gen_hyperplane.arff,1,31000.0,0.890625,1.3555594099064654E-9,31000.0,0.9065461705942623,0.592037274406689,0.86,0.7198386270491803,0.9237728383942357,0.953125,0.8599127415940164,0.8565573770491803,0.7094463413001272,31000.0,6232.0
meta.imbalanced.RebalanceStream -l (trees.HoeffdingTree -e 2000000 -g 100 -c 0.01),ArffFileStream -f ./../../../Dataset/Synthetic_IM50/stream_gen_hyperplane.arff,1,31500.0,0.90625,1.3807503920462381E-9,31500.0,0.907848,0.5859699424695484,0.87,0.74,0.9065461705942623,1.0,0.8699977011463881,0.872,0.7303082191780822,31500.0,6232.0
meta.imbalanced.RebalanceStream -l (trees.HoeffdingTree -e 2000000 -g 100 -c 0.01),ArffFileStream -f ./../../../Dataset/Synthetic_IM50/stream_gen_hyperplane.arff,1,32000.0,0.90625,1.3807503920462381E-9,32000.0,0.9335254101640656,0.6054290907992778,0.884,0.7677956601809592,0.907848,1.0408163265306123,0.8835973617655768,0.8980392156862745,0.7594140903493422,32000.0,6232.0
meta.imbalanced.RebalanceStream -l (trees.HoeffdingTree -e 2000000 -g 100 -c 0.01),ArffFileStream -f ./../../../Dataset/Synthetic_IM50/stream_gen_hyperplane.arff,1,32500.0,0.921875,1.4059413741860109E-9,32500.0,0.9244186046511628,0.6156589524217083,0.902,0.8038744796669869,0.9335254101640656,1.0661157024793388,0.9020871862312202,0.8992248062015504,0.7967583434369218,32500.0,6232.0
meta.imbalanced.RebalanceStream -l (trees.HoeffdingTree -e 2000000 -g 100 -c 0.01),ArffFileStream -f ./../../../Dataset/Synthetic_IM50/stream_gen_hyperplane.arff,1,33000.0,0.921875,1.4059413741860109E-9,33000.0,0.9240097402597403,0.6175530096290397,0.896,0.7879282218597063,0.9244186046511628,1.2727272727272727,0.8914365321822362,0.925,0.7841916619505754,33000.0,6232.0
meta.imbalanced.RebalanceStream -l (trees.HoeffdingTree -e 2000000 -g 100 -c 0.01),ArffFileStream -f ./../../../Dataset/Synthetic_IM50/stream_gen_hyperplane.arff,1,33500.0,0.9375,1.4311323563257836E-9,33500.0,0.9222308488612836,0.6162487867010943,0.876,0.7492883022774327,0.9240097402597403,0.8115942028985508,0.8745469841787986,0.8616071428571429,0.7431680474836156,33500.0,6232.0
meta.imbalanced.RebalanceStream -l (trees.HoeffdingTree -e 2000000 -g 100 -c 0.01),ArffFileStream -f ./../../../Dataset/Synthetic_IM50/stream_gen_hyperplane.arff,1,34000.0,0.9375,1.4311323563257836E-9,34000.0,0.9350054455762701,0.6154471370289054,0.9,0.7996923274149094,0.9222308488612836,1.0661157024793388,0.8995713702301452,0.9108527131782945,0.792872372829729,34000.0,6232.0
meta.imbalanced.RebalanceStream -l (trees.HoeffdingTree -e 2000000 -g 100 -c 0.01),ArffFileStream -f ./../../../Dataset/Synthetic_IM50/stream_gen_hyperplane.arff,1,34500.0,0.953125,1.4563233384655564E-9,34500.0,0.927021317457269,0.6185067994384569,0.876,0.7520951954449491,0.9350054455762701,1.032520325203252,0.8761030158962942,0.8582677165354331,0.7432326991177,34500.0,6232.0
meta.imbalanced.RebalanceStream -l (trees.HoeffdingTree -e 2000000 -g 100 -c 0.01),ArffFileStream -f ./../../../Dataset/Synthetic_IM50/stream_gen_hyperplane.arff,1,35000.0,0.96875,1.4815143206053291E-9,35000.0,0.8813586503303612,0.5862467042773686,0.85,0.7002877237851662,0.927021317457269,1.1008403361344539,0.8508654603171502,0.8244274809160306,0.6893858714944977,35000.0,6232.0
meta.imbalanced.RebalanceStream -l (trees.HoeffdingTree -e 2000000 -g 100 -c 0.01),ArffFileStream -f ./../../../Dataset/Synthetic_IM50/stream_gen_hyperplane.arff,1,35500.0,0.96875,1.4815143206053291E-9,35500.0,0.8953261304521809,0.5652258649496764,0.832,0.6636501962040522,0.8813586503303612,0.9607843137254902,0.8313870830080998,0.8122448979591836,0.6523867809057526,35500.0,6232.0
meta.imbalanced.RebalanceStream -l (trees.HoeffdingTree -e 2000000 -g 100 -c 0.01),ArffFileStream -f ./../../../Dataset/Synthetic_IM50/stream_gen_hyperplane.arff,1,36000.0,0.984375,1.5067053027451019E-9,36000.0,0.9517127196155021,0.6435529609240266,0.9,0.799399804214209,0.8953261304521809,0.8726591760299626,0.9003400863794522,0.9055793991416309,0.7929963774366052,36000.0,6232.0
meta.imbalanced.RebalanceStream -l (trees.HoeffdingTree -e 2000000 -g 100 -c 0.01),ArffFileStream -f ./../../../Dataset/Synthetic_IM50/stream_gen_hyperplane.arff,1,36500.0,1.0,1.5318962848848746E-9,36500.0,0.9315298866038824,0.609655107459497,0.88,0.7594457630380397,0.9517127196155021,0.937984496124031,0.8789124112875848,0.8553719008264463,0.7516021096807123,36500.0,6232.0
meta.imbalanced.RebalanceStream -l (trees.HoeffdingTree -e 2000000 -g 100 -c 0.01),ArffFileStream -f ./../../../Dataset/Synthetic_IM50/stream_gen_hyperplane.arff,1,37000.0,1.0,1.5318962848848746E-9,37000.0,0.9205797101449276,0.6121480183347682,0.878,0.7549807197943444,0.9315298866038824,1.173913043478261,0.8783310187064443,0.8740740740740741,0.7473413187059219,37000.0,6232.0
meta.imbalanced.RebalanceStream -l (trees.HoeffdingTree -e 2000000 -g 100 -c 0.01),ArffFileStream -f ./../../../Dataset/Synthetic_IM50/stream_gen_hyperplane.arff,1,37500.0,1.015625,1.5570872670246473E-9,37500.0,0.931050566134843,0.6234775028061368,0.89,0.7799366217470631,0.9205797101449276,0.8656716417910447,0.89150217016168,0.9181034482758621,0.7724389032934297,37500.0,6232.0
meta.imbalanced.RebalanceStream -l (trees.HoeffdingTree -e 2000000 -g 100 -c 0.01),ArffFileStream -f ./../../../Dataset/Synthetic_IM50/stream_gen_hyperplane.arff,1,38000.0,1.03125,1.58227824916442E-9,38000.0,0.9461744557282893,0.6564515487654186,0.918,0.8352460860899477,0.931050566134843,1.109704641350211,0.9165673017037899,0.9391634980988594,0.830310951369602,38000.0,6232.0
meta.imbalanced.RebalanceStream -l (trees.HoeffdingTree -e 2000000 -g 100 -c 0.01),ArffFileStream -f ./../../../Dataset/Synthetic_IM50/stream_gen_hyperplane.arff,1,38500.0,1.03125,1.58227824916442E-9,38500.0,0.9354229667674683,0.6200643819057361,0.884,0.7679220217993246,0.9461744557282893,1.0080321285140563,0.8829113616437159,0.9243027888446215,0.7598537398505135,38500.0,6232.0
meta.imbalanced.RebalanceStream -l (trees.HoeffdingTree -e 2000000 -g 100 -c 0.01),ArffFileStream -f ./../../../Dataset/Synthetic_IM50/stream_gen_hyperplane.arff,1,39000.0,1.046875,1.6074692313041928E-9,39000.0,0.8929083613980244,0.5774698847839754,0.854,0.7062232381442967,0.9354229667674683,1.1834061135371179,0.8534467695863512,0.8597785977859779,0.6975459470944438,39000.0,6232.0
meta.imbalanced.RebalanceStream -l (trees.HoeffdingTree -e 2000000 -g 100 -c 0.01),ArffFileStream -f ./../../../Dataset/Synthetic_IM50/stream_gen_hyperplane.arff,1,39500.0,1.0625,1.6326602134439656E-9,39500.0,0.916372970276316,0.6294030559336541,0.882,0.7622654890078009,0.8929083613980244,0.8587360594795539,0.8803433566296995,0.8614718614718615,0.755623132176375,39500.0,6232.0
meta.imbalanced.RebalanceStream -l (trees.HoeffdingTree -e 2000000 -g 100 -c 0.01),ArffFileStream -f ./../../../Dataset/Synthetic_IM50/stream_gen_hyperplane.arff,1,40000.0,1.078125,1.6578511955837383E-9,40000.0,0.9035541117920981,0.620421990399338,0.886,0.7719781098985503,0.916372970276316,1.0242914979757085,0.8860073596206453,0.8853754940711462,0.7640362225097025,40000.0,6232.0
meta.imbalanced.RebalanceStream -l (trees.HoeffdingTree -e 2000000 -g 100 -c 0.01),ArffFileStream -f ./../../../Dataset/Synthetic_IM50/stream_gen_hyperplane.arff,1,40500.0,1.09375,1.683042177723511E-9,40500.0,0.906647932557206,0.6091652594217812,0.872,0.7433223710595973,0.9035541117920981,0.8867924528301887,0.8720192102303934,0.8723404255319149,0.7349964216337798,40500.0,6232.0
meta.imbalanced.RebalanceStream -l (trees.HoeffdingTree -e 2000000 -g 100 -c 0.01),ArffFileStream -f ./../../../Dataset/Synthetic_IM50/stream_gen_hyperplane.arff,1,41000.0,1.09375,1.683042177723511E-9,41000.0,0.9286617272887295,0.6059909669608509,0.886,0.771912414367117,0.906647932557206,1.0242914979757085,0.8857905994070968,0.8972332015810277,0.7640109057861254,41000.0,6400.0
meta.imbalanced.RebalanceStream -l (trees.HoeffdingTree -e 2000000 -g 100 -c 0.01),ArffFileStream -f ./../../../Dataset/Synthetic_IM50/stream_gen_hyperplane.arff,1,41500.0,1.109375,1.7089122492406076E-9,41500.0,0.9084373391662378,0.594434783075731,0.858,0.71460269479371,0.9286617272887295,0.8656716417910447,0.8573649321413092,0.8491379310344828,0.7060261398782799,41500.0,6400.0
meta.imbalanced.RebalanceStream -l (trees.HoeffdingTree -e 2000000 -g 100 -c 0.01),ArffFileStream -f ./../../../Dataset/Synthetic_IM50/stream_gen_hyperplane.arff,1,42000.0,1.109375,1.7089122492406076E-9,42000.0,0.8914108661190373,0.5607921405524507,0.86,0.7199058883784952,0.9084373391662378,0.9455252918287937,0.860104637535578,0.8641975308641975,0.7101877864852876,42000.0,6400.0
meta.imbalanced.RebalanceStream -l (trees.HoeffdingTree -e 2000000 -g 100 -c 0.01),ArffFileStream -f ./../../../Dataset/Synthetic_IM50/stream_gen_hyperplane.arff,1,42500.0,1.125,1.7347823207577041E-9,42500.0,0.9157231085949562,0.6190629133795926,0.872,0.7438524590163934,0.8914108661190373,0.8656716417910447,0.8733487470467285,0.896551724137931,0.7349186239157977,42500.0,6400.0
meta.imbalanced.RebalanceStream -l (trees.HoeffdingTree -e 2000000 -g 100 -c 0.01),ArffFileStream -f ./../../../Dataset/Synthetic_IM50/stream_gen_hyperplane.arff,1,43000.0,1.140625,1.7606523922748007E-9,43000.0,0.9032371794871795,0.6015876523967446,0.862,0.7240441529355303,0.9157231085949562,0.9230769230769231,0.8625023225535433,0.8791666666666667,0.7141893844523649,43000.0,6400.0
meta.imbalanced.RebalanceStream -l (trees.HoeffdingTree -e 2000000 -g 100 -c 0.01),ArffFileStream -f ./../../../Dataset/Synthetic_IM50/stream_gen_hyperplane.arff,1,43500.0,1.140625,1.7606523922748007E-9,43500.0,0.9200060862323018,0.631331417245378,0.89,0.7800281563959813,0.9032371794871795,0.937984496124031,0.8903458546647481,0.9049586776859504,0.7721754035137838,43500.0,6400.0
meta.imbalanced.RebalanceStream -l (trees.HoeffdingTree -e 2000000 -g 100 -c 0.01),ArffFileStream -f ./../../../Dataset/Synthetic_IM50/stream_gen_hyperplane.arff,1,44000.0,1.15625,1.7865224637918972E-9,44000.0,0.9195244115152582,0.6046969461410886,0.87,0.740074858440769,0.9200060862323018,0.9762845849802372,0.8700419553749072,0.8866396761133604,0.7307981927710844,44000.0,6400.0
meta.imbalanced.RebalanceStream -l (trees.HoeffdingTree -e 2000000 -g 100 -c 0.01),ArffFileStream -f ./../../../Dataset/Synthetic_IM50/stream_gen_hyperplane.arff,1,44500.0,1.171875,1.8123925353089937E-9,44500.0,0.9099124382577458,0.621585385853781,0.888,0.7757416543858525,0.9195244115152582,1.1008403361344539,0.8882938748424546,0.8816793893129771,0.7680997580495068,44500.0,6400.0
meta.imbalanced.RebalanceStream -l (trees.HoeffdingTree -e 2000000 -g 100 -c 0.01),ArffFileStream -f ./../../../Dataset/Synthetic_IM50/stream_gen_hyperplane.arff,1,45000.0,1.1875,1.8382626068260903E-9,45000.0,0.9025962585687745,0.6117804961722026,0.876,0.7511719000834778,0.9099124382577458,1.0661157024793388,0.8738042450522195,0.9147286821705426,0.743259409220576,45000.0,6400.0
meta.imbalanced.RebalanceStream -l (trees.HoeffdingTree -e 2000000 -g 100 -c 0.01),ArffFileStream -f ./../../../Dataset/Synthetic_IM50/stream_gen_hyperplane.arff,1,45500.0,1.1875,1.8382626068260903E-9,45500.0,0.8891131626351003,0.5776831539675571,0.844,0.6861924686192468,0.9025962585687745,1.1551724137931034,0.8427585027624367,0.8582089552238806,0.6769671870022299,45500.0,6400.0
meta.imbalanced.RebalanceStream -l (trees.HoeffdingTree -e 2000000 -g 100 -c 0.01),ArffFileStream -f ./../../../Dataset/Synthetic_IM50/stream_gen_hyperplane.arff,1,46000.0,1.1875,1.8382626068260903E-9,46000.0,0.932312276710617,0.6435755417118052,0.896,0.791489566458691,0.8891131626351003,0.9305019305019305,0.8950699921105872,0.8755186721991701,0.7846403169172594,46000.0,6400.0
meta.imbalanced.RebalanceStream -l (trees.HoeffdingTree -e 2000000 -g 100 -c 0.01),ArffFileStream -f ./../../../Dataset/Synthetic_IM50/stream_gen_hyperplane.arff,1,46500.0,1.203125,1.864132678343187E-9,46500.0,0.926445408138772,0.6103752995782878,0.88,0.7599423861726814,0.932312276710617,0.9762845849802372,0.8799178898004983,0.8744939271255061,0.7514919390754432,46500.0,6400.0
meta.imbalanced.RebalanceStream -l (trees.HoeffdingTree -e 2000000 -g 100 -c 0.01),ArffFileStream -f ./../../../Dataset/Synthetic_IM50/stream_gen_hyperplane.arff,1,47000.0,1.21875,1.8900027498602833E-9,47000.0,0.9226407841629829,0.6039728762953145,0.87,0.7401662935721138,0.926445408138772,0.937984496124031,0.8704250818875425,0.8925619834710744,0.7307777043401631,47000.0,6400.0
meta.imbalanced.RebalanceStream -l (trees.HoeffdingTree -e 2000000 -g 100 -c 0.01),ArffFileStream -f ./../../../Dataset/Synthetic_IM50/stream_gen_hyperplane.arff,1,47500.0,1.21875,1.8900027498602833E-9,47500.0,0.9091905470487528,0.6083486904867282,0.88,0.7599884794470134,0.9226407841629829,1.0080321285140563,0.879970675405853,0.8844621513944223,0.7516015165381096,47500.0,6400.0
meta.imbalanced.RebalanceStream -l (trees.HoeffdingTree -e 2000000 -g 100 -c 0.01),ArffFileStream -f ./../../../Dataset/Synthetic_IM50/stream_gen_hyperplane.arff,1,48000.0,1.21875,1.8900027498602833E-9,48000.0,0.9040921129126025,0.5988211319792931,0.872,0.7420187036439858,0.9091905470487528,0.8248175182481752,0.8715737777573879,0.8672566371681416,0.73482952093224,48000.0,6400.0
meta.imbalanced.RebalanceStream -l (trees.HoeffdingTree -e 2000000 -g 100 -c 0.01),ArffFileStream -f ./../../../Dataset/Synthetic_IM50/stream_gen_hyperplane.arff,1,48500.0,1.234375,1.91587282137738E-9,48500.0,0.9217598821192902,0.6072454496452906,0.878,0.7553423602643907,0.9040921129126025,1.0661157024793388,0.8765310867892904,0.9069767441860465,0.7473742635129366,48500.0,6400.0
meta.imbalanced.RebalanceStream -l (trees.HoeffdingTree -e 2000000 -g 100 -c 0.01),ArffFileStream -f ./../../../Dataset/Synthetic_IM50/stream_gen_hyperplane.arff,1,49000.0,1.25,1.9417428928944764E-9,49000.0,0.9317354125555503,0.6382578584289226,0.894,0.7872921081358762,0.9217598821192902,0.9011406844106464,0.8933251775115186,0.8818565400843882,0.7803619756427606,49000.0,6400.0
meta.imbalanced.RebalanceStream -l (trees.HoeffdingTree -e 2000000 -g 100 -c 0.01),ArffFileStream -f ./../../../Dataset/Synthetic_IM50/stream_gen_hyperplane.arff,1,49500.0,1.25,1.9417428928944764E-9,49500.0,0.9263255635245902,0.61243705037597,0.894,0.7879796460460204,0.9317354125555503,0.953125,0.8941479252870198,0.9016393442622951,0.7803867403314918,49500.0,6400.0
meta.imbalanced.RebalanceStream -l (trees.HoeffdingTree -e 2000000 -g 100 -c 0.01),ArffFileStream -f ./../../../Dataset/Synthetic_IM50/stream_gen_hyperplane.arff,1,50000.0,1.265625,1.967612964411573E-9,50000.0,0.9288710297131147,0.6173500076596801,0.892,0.7838339845000961,0.9263255635245902,1.0491803278688525,0.8918173101897598,0.8984375,0.7761379653428406,50000.0,6400.0
meta.imbalanced.RebalanceStream -l (trees.HoeffdingTree -e 2000000 -g 100 -c 0.01),ArffFileStream -f ./../../../Dataset/Synthetic_IM50/stream_gen_hyperplane.arff,1,50500.0,1.265625,1.967612964411573E-9,50500.0,0.9328389254228068,0.5998971853192628,0.878,0.75601561500064,0.9288710297131147,0.9920318725099602,0.8779865225419694,0.8875502008032129,0.7469295543232697,50500.0,6400.0
meta.imbalanced.RebalanceStream -l (trees.HoeffdingTree -e 2000000 -g 100 -c 0.01),ArffFileStream -f ./../../../Dataset/Synthetic_IM50/stream_gen_hyperplane.arff,1,51000.0,1.28125,1.9934830359286695E-9,51000.0,0.9151062672044044,0.6025101255939362,0.868,0.7360675667029241,0.9328389254228068,1.032520325203252,0.8681111253365198,0.8543307086614174,0.7261187957689178,51000.0,6400.0
meta.imbalanced.RebalanceStream -l (trees.HoeffdingTree -e 2000000 -g 100 -c 0.01),ArffFileStream -f ./../../../Dataset/Synthetic_IM50/stream_gen_hyperplane.arff,1,51500.0,1.28125,1.9934830359286695E-9,51500.0,0.9054551861105772,0.5859936454648168,0.88,0.7596307928978911,0.9151062672044044,0.937984496124031,0.879540879305886,0.8677685950413223,0.7510473735095069,51500.0,6400.0
meta.imbalanced.RebalanceStream -l (trees.HoeffdingTree -e 2000000 -g 100 -c 0.01),ArffFileStream -f ./../../../Dataset/Synthetic_IM50/stream_gen_hyperplane.arff,1,52000.0,1.296875,2.019353107445766E-9,52000.0,0.9169427771108444,0.5943031784963516,0.876,0.7518213113441677,0.9054551861105772,0.9607843137254902,0.8757275600914941,0.8653061224489796,0.7427180592131514,52000.0,6400.0
meta.imbalanced.RebalanceStream -l (trees.HoeffdingTree -e 2000000 -g 100 -c 0.01),ArffFileStream -f ./../../../Dataset/Synthetic_IM50/stream_gen_hyperplane.arff,1,52500.0,1.296875,2.019353107445766E-9,52500.0,0.928939452124936,0.6084697617812114,0.874,0.7480725551041301,0.9169427771108444,0.9841269841269841,0.8739158304140242,0.8951612903225806,0.7384548473825715,52500.0,6400.0
meta.imbalanced.RebalanceStream -l (trees.HoeffdingTree -e 2000000 -g 100 -c 0.01),ArffFileStream -f ./../../../Dataset/Synthetic_IM50/stream_gen_hyperplane.arff,1,53000.0,1.3125,2.0452231789628625E-9,53000.0,0.9038258448540707,0.5776106527206754,0.84,0.6800204786893638,0.928939452124936,1.0161290322580645,0.8400268812903089,0.8333333333333334,0.667971808927173,53000.0,6400.0
meta.imbalanced.RebalanceStream -l (trees.HoeffdingTree -e 2000000 -g 100 -c 0.01),ArffFileStream -f ./../../../Dataset/Synthetic_IM50/stream_gen_hyperplane.arff,1,53500.0,1.3125,2.0452231789628625E-9,53500.0,0.9170346902201741,0.5922595107705014,0.878,0.7560546437597978,0.9038258448540707,1.0161290322580645,0.8779711460710616,0.8611111111111112,0.7467995965552021,53500.0,6400.0
meta.imbalanced.RebalanceStream -l (trees.HoeffdingTree -e 2000000 -g 100 -c 0.01),ArffFileStream -f ./../../../Dataset/Synthetic_IM50/stream_gen_hyperplane.arff,1,54000.0,1.328125,2.071093250479959E-9,54000.0,0.9166346646185356,0.6097374724625675,0.882,0.7640377539593665,0.9170346902201741,1.0161290322580645,0.8820078163023461,0.8690476190476191,0.7551961273963657,54000.0,6400.0
meta.imbalanced.RebalanceStream -l (trees.HoeffdingTree -e 2000000 -g 100 -c 0.01),ArffFileStream -f ./../../../Dataset/Synthetic_IM50/stream_gen_hyperplane.arff,1,54500.0,1.34375,2.0969633219970556E-9,54500.0,0.8866238458450422,0.5651303698924097,0.838,0.6752205292702486,0.9166346646185356,1.127659574468085,0.8380168135827889,0.8377358490566038,0.6637211959626738,54500.0,6400.0
meta.imbalanced.RebalanceStream -l (trees.HoeffdingTree -e 2000000 -g 100 -c 0.01),ArffFileStream -f ./../../../Dataset/Synthetic_IM50/stream_gen_hyperplane.arff,1,55000.0,1.34375,2.0969633219970556E-9,55000.0,0.9267097848360656,0.5901587337368603,0.862,0.7240794651140472,0.8866238458450422,1.0491803278688525,0.8622274753580375,0.84765625,0.7135200422737223,55000.0,6400.0
meta.imbalanced.RebalanceStream -l (trees.HoeffdingTree -e 2000000 -g 100 -c 0.01),ArffFileStream -f ./../../../Dataset/Synthetic_IM50/stream_gen_hyperplane.arff,1,55500.0,1.359375,2.122833393514152E-9,55500.0,0.930672,0.5910876207372293,0.886,0.772,0.9267097848360656,1.0,0.8859977426607812,0.888,0.7634058783935382,55500.0,6400.0
meta.imbalanced.RebalanceStream -l (trees.HoeffdingTree -e 2000000 -g 100 -c 0.01),ArffFileStream -f ./../../../Dataset/Synthetic_IM50/stream_gen_hyperplane.arff,1,56000.0,1.359375,2.122833393514152E-9,56000.0,0.9226067617081873,0.604737903995611,0.886,0.7719708122639698,0.930672,0.9920318725099602,0.8858242235076207,0.8714859437751004,0.7634591870762163,56000.0,6400.0
meta.imbalanced.RebalanceStream -l (trees.HoeffdingTree -e 2000000 -g 100 -c 0.01),ArffFileStream -f ./../../../Dataset/Synthetic_IM50/stream_gen_hyperplane.arff,1,56500.0,1.390625,2.174573536548345E-9,56500.0,0.9089155662264906,0.5890099718144465,0.874,0.7478386167146974,0.9226067617081873,0.9607843137254902,0.8737879617852745,0.8653061224489796,0.7385892116182573,56500.0,6400.0
meta.imbalanced.RebalanceStream -l (trees.HoeffdingTree -e 2000000 -g 100 -c 0.01),ArffFileStream -f ./../../../Dataset/Synthetic_IM50/stream_gen_hyperplane.arff,1,57000.0,1.390625,2.174573536548345E-9,57000.0,0.9336677547363031,0.6120609322941422,0.9,0.7999359795134443,0.9089155662264906,0.9841269841269841,0.8997087342310359,0.8830645161290323,0.7925764192139738,57000.0,6400.0
meta.imbalanced.RebalanceStream -l (trees.HoeffdingTree -e 2000000 -g 100 -c 0.01),ArffFileStream -f ./../../../Dataset/Synthetic_IM50/stream_gen_hyperplane.arff,1,57500.0,1.40625,2.2004436080654417E-9,57500.0,0.9289603048790251,0.6043695511664258,0.88,0.7596500504734894,0.9336677547363031,0.9455252918287937,0.8794352452448411,0.8641975308641975,0.7510283611171249,57500.0,6400.0
meta.imbalanced.RebalanceStream -l (trees.HoeffdingTree -e 2000000 -g 100 -c 0.01),ArffFileStream -f ./../../../Dataset/Synthetic_IM50/stream_gen_hyperplane.arff,1,58000.0,1.40625,2.2004436080654417E-9,58000.0,0.9339944568160335,0.6267832157983759,0.888,0.775903190178157,0.9289603048790251,1.0746887966804979,0.8882513899393127,0.8803088803088803,0.7676930229231484,58000.0,6400.0
meta.imbalanced.RebalanceStream -l (trees.HoeffdingTree -e 2000000 -g 100 -c 0.01),ArffFileStream -f ./../../../Dataset/Synthetic_IM50/stream_gen_hyperplane.arff,1,58500.0,1.421875,2.2263136795825383E-9,58500.0,0.9124615778688525,0.5871375281740232,0.87,0.7398751400672322,0.9339944568160335,1.0491803278688525,0.8699723827348265,0.87109375,0.7303860743787003,58500.0,6400.0
meta.imbalanced.RebalanceStream -l (trees.HoeffdingTree -e 2000000 -g 100 -c 0.01),ArffFileStream -f ./../../../Dataset/Synthetic_IM50/stream_gen_hyperplane.arff,1,59000.0,1.421875,2.2263136795825383E-9,59000.0,0.9303864734299517,0.6202888418961905,0.876,0.751044008994539,0.9124615778688525,1.173913043478261,0.8764681724551623,0.8703703703703703,0.7427295424974505,59000.0,6400.0
meta.imbalanced.RebalanceStream -l (trees.HoeffdingTree -e 2000000 -g 100 -c 0.01),ArffFileStream -f ./../../../Dataset/Synthetic_IM50/stream_gen_hyperplane.arff,1,59500.0,1.4375,2.252183751099635E-9,59500.0,0.9309602330942623,0.6052902480003939,0.892,0.7837093053063318,0.9303864734299517,0.953125,0.8913594361800481,0.8729508196721312,0.776042937301781,59500.0,6400.0
meta.imbalanced.RebalanceStream -l (trees.HoeffdingTree -e 2000000 -g 100 -c 0.01),ArffFileStream -f ./../../../Dataset/Synthetic_IM50/stream_gen_hyperplane.arff,1,60000.0,1.4375,2.252183751099635E-9,60000.0,0.9378630522795283,0.6363198453784041,0.906,0.8120360890708984,0.9309602330942623,1.0242914979757085,0.9060630313787357,0.8932806324110671,0.8051948051948052,60000.0,6400.0
meta.imbalanced.RebalanceStream -l (trees.HoeffdingTree -e 2000000 -g 100 -c 0.01),ArffFileStream -f ./../../../Dataset/Synthetic_IM50/stream_gen_hyperplane.arff,1,60500.0,1.453125,2.2780538226167313E-9,60500.0,0.9248979591836735,0.6251582044835261,0.888,0.7757667974693682,0.9378630522795283,1.0408163265306123,0.8874474774374448,0.9058823529411765,0.7677543186180422,60500.0,6400.0
meta.imbalanced.RebalanceStream -l (trees.HoeffdingTree -e 2000000 -g 100 -c 0.01),ArffFileStream -f ./../../../Dataset/Synthetic_IM50/stream_gen_hyperplane.arff,1,61000.0,1.453125,2.2780538226167313E-9,61000.0,0.9197162300975861,0.6128387537381513,0.876,0.7511079709679491,0.9248979591836735,0.8939393939393939,0.8753163636752826,0.864406779661017,0.7428348009383606,61000.0,6400.0
meta.imbalanced.RebalanceStream -l (trees.HoeffdingTree -e 2000000 -g 100 -c 0.01),ArffFileStream -f ./../../../Dataset/Synthetic_IM50/stream_gen_hyperplane.arff,1,61500.0,1.46875,2.303923894133828E-9,61500.0,0.9279871948779512,0.6345124533867477,0.894,0.7879660745719316,0.9197162300975861,0.9607843137254902,0.8940692053177757,0.8979591836734694,0.7801793903425951,61500.0,6400.0
meta.imbalanced.RebalanceStream -l (trees.HoeffdingTree -e 2000000 -g 100 -c 0.01),ArffFileStream -f ./../../../Dataset/Synthetic_IM50/stream_gen_hyperplane.arff,1,62000.0,1.46875,2.303923894133828E-9,62000.0,0.9393910302564841,0.6327926566291356,0.892,0.7840310995216689,0.9279871948779512,1.0080321285140563,0.8918636256354598,0.8725099601593626,0.7761433538379247,62000.0,6400.0
meta.imbalanced.RebalanceStream -l (trees.HoeffdingTree -e 2000000 -g 100 -c 0.01),ArffFileStream -f ./../../../Dataset/Synthetic_IM50/stream_gen_hyperplane.arff,1,62500.0,1.484375,2.3297939656509244E-9,62500.0,0.9289352296751874,0.6036042340447132,0.89,0.7798591098302914,0.9393910302564841,1.0661157024793388,0.8900759792820321,0.8875968992248062,0.7719734660033168,62500.0,6400.0
meta.imbalanced.RebalanceStream -l (trees.HoeffdingTree -e 2000000 -g 100 -c 0.01),ArffFileStream -f ./../../../Dataset/Synthetic_IM50/stream_gen_hyperplane.arff,1,63000.0,1.5,2.355664037168021E-9,63000.0,0.9061055469953775,0.5975175592847711,0.872,0.7438852605967473,0.9289352296751874,0.8939393939393939,0.872782243389474,0.8898305084745762,0.7346932061194276,63000.0,6400.0
meta.imbalanced.RebalanceStream -l (trees.HoeffdingTree -e 2000000 -g 100 -c 0.01),ArffFileStream -f ./../../../Dataset/Synthetic_IM50/stream_gen_hyperplane.arff,1,63500.0,1.5,2.355664037168021E-9,63500.0,0.9232307716923471,0.6302019801131832,0.872,0.7440122874102043,0.9061055469953775,0.9920318725099602,0.8719978016501287,0.8795180722891566,0.7347604751337945,63500.0,6400.0
meta.imbalanced.RebalanceStream -l (trees.HoeffdingTree -e 2000000 -g 100 -c 0.01),ArffFileStream -f ./../../../Dataset/Synthetic_IM50/stream_gen_hyperplane.arff,1,64000.0,1.515625,2.3815341086851175E-9,64000.0,0.939056,0.6484228115864222,0.908,0.8160000000000001,0.9232307716923471,1.0,0.907859019892406,0.924,0.8093634656478664,64000.0,6400.0
meta.imbalanced.RebalanceStream -l (trees.HoeffdingTree -e 2000000 -g 100 -c 0.01),ArffFileStream -f ./../../../Dataset/Synthetic_IM50/stream_gen_hyperplane.arff,1,64500.0,1.53125,2.407404180202214E-9,64500.0,0.8880622089953439,0.5722121225083381,0.848,0.6960048639221772,0.939056,1.0080321285140563,0.8480067840814091,0.8446215139442231,0.6850727570588802,64500.0,6400.0
meta.imbalanced.RebalanceStream -l (trees.HoeffdingTree -e 2000000 -g 100 -c 0.01),ArffFileStream -f ./../../../Dataset/Synthetic_IM50/stream_gen_hyperplane.arff,1,65000.0,1.53125,2.407404180202214E-9,65000.0,0.9238831285202252,0.598579620318371,0.872,0.7439836149513569,0.8880622089953439,0.9841269841269841,0.871991206145148,0.8709677419354839,0.7346769564385484,65000.0,6400.0
meta.imbalanced.RebalanceStream -l (trees.HoeffdingTree -e 2000000 -g 100 -c 0.01),ArffFileStream -f ./../../../Dataset/Synthetic_IM50/stream_gen_hyperplane.arff,1,65500.0,1.546875,2.4332742517193105E-9,65500.0,0.9172219991971096,0.5966116914787243,0.882,0.7628617363344051,0.9238831285202252,1.127659574468085,0.8808047121737913,0.8981132075471698,0.7554036520143043,65500.0,6400.0
meta.imbalanced.RebalanceStream -l (trees.HoeffdingTree -e 2000000 -g 100 -c 0.01),ArffFileStream -f ./../../../Dataset/Synthetic_IM50/stream_gen_hyperplane.arff,1,66000.0,1.546875,2.4332742517193105E-9,66000.0,0.9252768708789451,0.6120787036796485,0.878,0.755859375,0.9172219991971096,1.032520325203252,0.877727306022364,0.889763779527559,0.747094666750424,66000.0,6400.0
meta.imbalanced.RebalanceStream -l (trees.HoeffdingTree -e 2000000 -g 100 -c 0.01),ArffFileStream -f ./../../../Dataset/Synthetic_IM50/stream_gen_hyperplane.arff,1,66500.0,1.546875,2.4332742517193105E-9,66500.0,0.9203136045241308,0.588077693130566,0.856,0.7103687970650704,0.9252768708789451,0.8796992481203008,0.8543710404073378,0.8333333333333334,0.7014311102796744,66500.0,6400.0
meta.imbalanced.RebalanceStream -l (trees.HoeffdingTree -e 2000000 -g 100 -c 0.01),ArffFileStream -f ./../../../Dataset/Synthetic_IM50/stream_gen_hyperplane.arff,1,67000.0,1.5625,2.459144323236407E-9,67000.0,0.9236014405762305,0.5922706809619503,0.864,0.7276295762236642,0.9203136045241308,1.0408163265306123,0.8630515298504898,0.8901960784313725,0.7182175217243405,67000.0,6400.0
meta.imbalanced.RebalanceStream -l (trees.HoeffdingTree -e 2000000 -g 100 -c 0.01),ArffFileStream -f ./../../../Dataset/Synthetic_IM50/stream_gen_hyperplane.arff,1,67500.0,1.578125,2.4850143947535036E-9,67500.0,0.9275550220088036,0.6331946717747468,0.884,0.7678700072040343,0.9236014405762305,0.9607843137254902,0.8838509359562824,0.8775510204081632,0.7595799557848194,67500.0,6400.0
meta.imbalanced.RebalanceStream -l (trees.HoeffdingTree -e 2000000 -g 100 -c 0.01),ArffFileStream -f ./../../../Dataset/Synthetic_IM50/stream_gen_hyperplane.arff,1,68000.0,1.578125,2.4850143947535036E-9,68000.0,0.9179961914515691,0.6080792040366907,0.872,0.7440122874102043,0.9275550220088036,1.0242914979757085,0.872053615760672,0.8656126482213439,0.7347877753740212,68000.0,6400.0
meta.imbalanced.RebalanceStream -l (trees.HoeffdingTree -e 2000000 -g 100 -c 0.01),ArffFileStream -f ./../../../Dataset/Synthetic_IM50/stream_gen_hyperplane.arff,1,68500.0,1.59375,2.5108844662706E-9,68500.0,0.9346523359681255,0.6204757379883021,0.888,0.7755403065478099,0.9179961914515691,0.8796992481203008,0.8885233166386386,0.8974358974358975,0.7679300644302611,68500.0,6400.0
meta.imbalanced.RebalanceStream -l (trees.HoeffdingTree -e 2000000 -g 100 -c 0.01),ArffFileStream -f ./../../../Dataset/Synthetic_IM50/stream_gen_hyperplane.arff,1,69000.0,1.59375,2.5108844662706E-9,69000.0,0.9320145957365086,0.6427630890702252,0.906,0.8119879672299027,0.9346523359681255,1.032520325203252,0.9060607938861098,0.9015748031496063,0.8052427709215386,69000.0,6400.0
meta.imbalanced.RebalanceStream -l (trees.HoeffdingTree -e 2000000 -g 100 -c 0.01),ArffFileStream -f ./../../../Dataset/Synthetic_IM50/stream_gen_hyperplane.arff,1,69500.0,1.609375,2.5367545377876967E-9,69500.0,0.9414710635370166,0.6317283764967223,0.894,0.787993215782905,0.9320145957365086,1.0080321285140563,0.8939870174698279,0.896414342629482,0.7804172876304024,69500.0,6400.0
meta.imbalanced.RebalanceStream -l (trees.HoeffdingTree -e 2000000 -g 100 -c 0.01),ArffFileStream -f ./../../../Dataset/Synthetic_IM50/stream_gen_hyperplane.arff,1,70000.0,1.609375,2.5367545377876967E-9,70000.0,0.9201600640256102,0.6131793029806116,0.882,0.7635839076775124,0.9414710635370166,1.0408163265306123,0.8805215086815883,0.9176470588235294,0.7554910899295483,70000.0,6400.0
meta.imbalanced.RebalanceStream -l (trees.HoeffdingTree -e 2000000 -g 100 -c 0.01),ArffFileStream -f ./../../../Dataset/Synthetic_IM50/stream_gen_hyperplane.arff,1,70500.0,1.625,2.5626246093047932E-9,70500.0,0.9176296866974833,0.5947387362389439,0.872,0.7431946584488958,0.9201600640256102,1.11864406779661,0.8715676682324593,0.8787878787878788,0.7347286730554412,70500.0,6400.0
meta.imbalanced.RebalanceStream -l (trees.HoeffdingTree -e 2000000 -g 100 -c 0.01),ArffFileStream -f ./../../../Dataset/Synthetic_IM50/stream_gen_hyperplane.arff,1,71000.0,1.640625,2.5884946808218897E-9,71000.0,0.9173349339735895,0.6102027174946524,0.884,0.767907162865146,0.9176296866974833,1.0408163265306123,0.8839505344864992,0.8862745098039215,0.7596942199398944,71000.0,6400.0
meta.imbalanced.RebalanceStream -l (trees.HoeffdingTree -e 2000000 -g 100 -c 0.01),ArffFileStream -f ./../../../Dataset/Synthetic_IM50/stream_gen_hyperplane.arff,1,71500.0,1.640625,2.5884946808218897E-9,71500.0,0.9224038461538462,0.6181246556954243,0.886,0.7715980125020035,0.9173349339735895,1.0833333333333333,0.8857128086954481,0.8923076923076924,0.7638691734986529,71500.0,6400.0
meta.imbalanced.RebalanceStream -l (trees.HoeffdingTree -e 2000000 -g 100 -c 0.01),ArffFileStream -f ./../../../Dataset/Synthetic_IM50/stream_gen_hyperplane.arff,1,72000.0,1.65625,2.6143647523389863E-9,72000.0,0.9369551282051282,0.6304992198432713,0.882,0.7637353836296652,0.9224038461538462,0.9230769230769231,0.8820503503274745,0.8833333333333333,0.7555670636975661,72000.0,6400.0
meta.imbalanced.RebalanceStream -l (trees.HoeffdingTree -e 2000000 -g 100 -c 0.01),ArffFileStream -f ./../../../Dataset/Synthetic_IM50/stream_gen_hyperplane.arff,1,72500.0,1.65625,2.6143647523389863E-9,72500.0,0.9330612244897959,0.6381756514007786,0.884,0.7680185585153189,0.9369551282051282,1.0408163265306123,0.8841406459793312,0.8745098039215686,0.7598035015565647,72500.0,6400.0
meta.imbalanced.RebalanceStream -l (trees.HoeffdingTree -e 2000000 -g 100 -c 0.01),ArffFileStream -f ./../../../Dataset/Synthetic_IM50/stream_gen_hyperplane.arff,1,73000.0,1.671875,2.640234823856083E-9,73000.0,0.9162264150943397,0.597501218789566,0.862,0.7232028241335045,0.9330612244897959,0.8867924528301887,0.8618596681102175,0.8595744680851064,0.714277610755006,73000.0,6400.0
meta.imbalanced.RebalanceStream -l (trees.HoeffdingTree -e 2000000 -g 100 -c 0.01),ArffFileStream -f ./../../../Dataset/Synthetic_IM50/stream_gen_hyperplane.arff,1,73500.0,1.671875,2.640234823856083E-9,73500.0,0.899959935897436,0.5985856700594323,0.866,0.7318712982231471,0.9162264150943397,1.0833333333333333,0.8663029315607614,0.8576923076923076,0.7225868236487057,73500.0,6400.0
meta.imbalanced.RebalanceStream -l (trees.HoeffdingTree -e 2000000 -g 100 -c 0.01),ArffFileStream -f ./../../../Dataset/Synthetic_IM50/stream_gen_hyperplane.arff,1,74000.0,1.6875,2.6661048953731793E-9,74000.0,0.9133555416083297,0.5967549169569663,0.878,0.7554051453134022,0.899959935897436,0.8587360594795539,0.8788797148066954,0.8917748917748918,0.7474120082815735,74000.0,6400.0
meta.imbalanced.RebalanceStream -l (trees.HoeffdingTree -e 2000000 -g 100 -c 0.01),ArffFileStream -f ./../../../Dataset/Synthetic_IM50/stream_gen_hyperplane.arff,1,74500.0,1.6875,2.6661048953731793E-9,74500.0,0.9261821267874013,0.6258123778385606,0.88,0.7597578358985858,0.9133555416083297,0.9455252918287937,0.8797629240410018,0.8724279835390947,0.7515631513130471,74500.0,6400.0
meta.imbalanced.RebalanceStream -l (trees.HoeffdingTree -e 2000000 -g 100 -c 0.01),ArffFileStream -f ./../../../Dataset/Synthetic_IM50/stream_gen_hyperplane.arff,1,75000.0,1.71875,2.7178450384073724E-9,75000.0,0.9248042950603591,0.6168918523926233,0.886,0.7718759004898664,0.9261821267874013,1.145922746781116,0.8872383984564782,0.8651685393258427,0.7639621235126853,75000.0,6400.0
meta.imbalanced.RebalanceStream -l (trees.HoeffdingTree -e 2000000 -g 100 -c 0.01),ArffFileStream -f ./../../../Dataset/Synthetic_IM50/stream_gen_hyperplane.arff,1,75500.0,1.71875,2.7178450384073724E-9,75500.0,0.9312019230769231,0.6134877084374376,0.872,0.7438360550752482,0.9248042950603591,0.9230769230769231,0.8722484208597386,0.8791666666666667,0.7349787467434526,75500.0,6400.0
meta.imbalanced.RebalanceStream -l (trees.HoeffdingTree -e 2000000 -g 100 -c 0.01),ArffFileStream -f ./../../../Dataset/Synthetic_IM50/stream_gen_hyperplane.arff,1,76000.0,1.734375,2.743715109924469E-9,76000.0,0.9196650173736209,0.6113850490642566,0.88,0.7595961214840933,0.9312019230769231,1.0576131687242798,0.8792440428846632,0.8988326848249028,0.7515392578869939,76000.0,6400.0
meta.imbalanced.RebalanceStream -l (trees.HoeffdingTree -e 2000000 -g 100 -c 0.01),ArffFileStream -f ./../../../Dataset/Synthetic_IM50/stream_gen_hyperplane.arff,1,76500.0,1.734375,2.743715109924469E-9,76500.0,0.9301007960965588,0.6099839572379511,0.878,0.7557264135832132,0.9196650173736209,0.8939393939393939,0.8785559485311893,0.8898305084745762,0.7473812423873325,76500.0,6400.0
meta.imbalanced.RebalanceStream -l (trees.HoeffdingTree -e 2000000 -g 100 -c 0.01),ArffFileStream -f ./../../../Dataset/Synthetic_IM50/stream_gen_hyperplane.arff,1,77000.0,1.734375,2.743715109924469E-9,77000.0,0.9285760143810992,0.6117529756496846,0.884,0.7678960174158023,0.9301007960965588,0.8939393939393939,0.8848090946935323,0.902542372881356,0.759769774885022,77000.0,6400.0
meta.imbalanced.RebalanceStream -l (trees.HoeffdingTree -e 2000000 -g 100 -c 0.01),ArffFileStream -f ./../../../Dataset/Synthetic_IM50/stream_gen_hyperplane.arff,1,77500.0,1.734375,2.743715109924469E-9,77500.0,0.913608036014675,0.5989334069819201,0.886,0.7717370410713141,0.9285760143810992,1.0746887966804979,0.8859216527993142,0.888030888030888,0.7639593908629442,77500.0,6400.0
meta.imbalanced.RebalanceStream -l (trees.HoeffdingTree -e 2000000 -g 100 -c 0.01),ArffFileStream -f ./../../../Dataset/Synthetic_IM50/stream_gen_hyperplane.arff,1,78000.0,1.75,2.7695851814415655E-9,78000.0,0.9274868397894366,0.6426943084240744,0.904,0.8079969279508472,0.913608036014675,0.9920318725099602,0.9039983824151493,0.9036144578313253,0.8013002520896909,78000.0,6400.0
meta.imbalanced.RebalanceStream -l (trees.HoeffdingTree -e 2000000 -g 100 -c 0.01),ArffFileStream -f ./../../../Dataset/Synthetic_IM50/stream_gen_hyperplane.arff,1,78500.0,1.765625,2.795455252958662E-9,78500.0,0.9384866718426501,0.6418457526365053,0.902,0.8022726539045099,0.9274868397894366,1.2321428571428572,0.9019797927802213,0.9021739130434783,0.7970720126615669,78500.0,6400.0
meta.imbalanced.RebalanceStream -l (trees.HoeffdingTree -e 2000000 -g 100 -c 0.01),ArffFileStream -f ./../../../Dataset/Synthetic_IM50/stream_gen_hyperplane.arff,1,79000.0,1.78125,2.8213253244757585E-9,79000.0,0.9148299319727892,0.6124874032711789,0.874,0.7479193341869398,0.9384866718426501,0.9607843137254902,0.873989441021576,0.8734693877551021,0.7391099229438591,79000.0,6400.0
meta.imbalanced.RebalanceStream -l (trees.HoeffdingTree -e 2000000 -g 100 -c 0.01),ArffFileStream -f ./../../../Dataset/Synthetic_IM50/stream_gen_hyperplane.arff,1,79500.0,1.78125,2.8213253244757585E-9,79500.0,0.927949555086102,0.6150436602350221,0.898,0.7958301306687164,0.9148299319727892,0.968503937007874,0.8974710002413706,0.8780487804878049,0.7887345960451242,79500.0,6400.0
meta.imbalanced.RebalanceStream -l (trees.HoeffdingTree -e 2000000 -g 100 -c 0.01),ArffFileStream -f ./../../../Dataset/Synthetic_IM50/stream_gen_hyperplane.arff,1,80000.0,1.796875,2.847195395992855E-9,80000.0,0.9131179559426229,0.6161272774987745,0.88,0.760184178550873,0.927949555086102,1.0491803278688525,0.8802444559632843,0.85546875,0.7514241325737959,80000.0,6400.0
meta.imbalanced.RebalanceStream -l (trees.HoeffdingTree -e 2000000 -g 100 -c 0.01),ArffFileStream -f ./../../../Dataset/Synthetic_IM50/stream_gen_hyperplane.arff,1,80500.0,1.8125,2.8730654675099516E-9,80500.0,0.9150721153846154,0.61476063774011,0.866,0.731355252606255,0.9131179559426229,1.0833333333333333,0.8652478524410483,0.8807692307692307,0.7224137931034482,80500.0,6400.0
meta.imbalanced.RebalanceStream -l (trees.HoeffdingTree -e 2000000 -g 100 -c 0.01),ArffFileStream -f ./../../../Dataset/Synthetic_IM50/stream_gen_hyperplane.arff,1,81000.0,1.828125,2.898935539027048E-9,81000.0,0.9358063225290116,0.6363539583297062,0.888,0.7759462270945027,0.9150721153846154,1.0408163265306123,0.8880334686128393,0.8862745098039215,0.7679498657117279,81000.0,6400.0
meta.imbalanced.RebalanceStream -l (trees.HoeffdingTree -e 2000000 -g 100 -c 0.01),ArffFileStream -f ./../../../Dataset/Synthetic_IM50/stream_gen_hyperplane.arff,1,81500.0,1.828125,2.898935539027048E-9,81500.0,0.9010897569249972,0.5944623553176936,0.882,0.7639773418248151,0.9358063225290116,1.0242914979757085,0.8820068156127148,0.8814229249011858,0.7555041439975594,81500.0,6400.0
meta.imbalanced.RebalanceStream -l (trees.HoeffdingTree -e 2000000 -g 100 -c 0.01),ArffFileStream -f ./../../../Dataset/Synthetic_IM50/stream_gen_hyperplane.arff,1,82000.0,1.84375,2.9254846999214687E-9,82000.0,0.9189275710284114,0.6039317111036961,0.876,0.7517020424509411,0.9010897569249972,0.9607843137254902,0.8752613512392681,0.8530612244897959,0.7429986856738449,82000.0,6568.0
meta.imbalanced.RebalanceStream -l (trees.HoeffdingTree -e 2000000 -g 100 -c 0.01),ArffFileStream -f ./../../../Dataset/Synthetic_IM50/stream_gen_hyperplane.arff,1,82500.0,1.859375,2.952033860815889E-9,82500.0,0.9364811149197766,0.6321562740114557,0.904,0.8070025893819258,0.9189275710284114,0.8587360594795539,0.9037419683593767,0.9004329004329005,0.800970019852738,82500.0,6568.0
meta.imbalanced.RebalanceStream -l (trees.HoeffdingTree -e 2000000 -g 100 -c 0.01),ArffFileStream -f ./../../../Dataset/Synthetic_IM50/stream_gen_hyperplane.arff,1,83000.0,1.859375,2.952033860815889E-9,83000.0,0.9251748027968447,0.6289276629935435,0.888,0.7760035839426569,0.9364811149197766,0.9920318725099602,0.8880071040852491,0.891566265060241,0.7678437640477499,83000.0,6568.0
meta.imbalanced.RebalanceStream -l (trees.HoeffdingTree -e 2000000 -g 100 -c 0.01),ArffFileStream -f ./../../../Dataset/Synthetic_IM50/stream_gen_hyperplane.arff,1,83500.0,1.875,2.9785830217103097E-9,83500.0,0.8880713060485099,0.5901604971508961,0.86,0.719456868497411,0.9251748027968447,1.0920502092050208,0.8597062799018,0.8659003831417624,0.709860762949542,83500.0,6568.0
meta.imbalanced.RebalanceStream -l (trees.HoeffdingTree -e 2000000 -g 100 -c 0.01),ArffFileStream -f ./../../../Dataset/Synthetic_IM50/stream_gen_hyperplane.arff,1,84000.0,1.890625,3.0051321826047303E-9,84000.0,0.930384,0.6281237293920551,0.904,0.808,0.8880713060485099,1.0,0.9039203504734253,0.892,0.8010706268347436,84000.0,6568.0
meta.imbalanced.RebalanceStream -l (trees.HoeffdingTree -e 2000000 -g 100 -c 0.01),ArffFileStream -f ./../../../Dataset/Synthetic_IM50/stream_gen_hyperplane.arff,1,84500.0,1.890625,3.0051321826047303E-9,84500.0,0.90581588886755,0.5895771688639728,0.874,0.7478547643442623,0.930384,1.032520325203252,0.8737250306760606,0.8858267716535433,0.7388456915793863,84500.0,6568.0
meta.imbalanced.RebalanceStream -l (trees.HoeffdingTree -e 2000000 -g 100 -c 0.01),ArffFileStream -f ./../../../Dataset/Synthetic_IM50/stream_gen_hyperplane.arff,1,85000.0,1.90625,3.0316813434991508E-9,85000.0,0.9122368947579031,0.6051726190972494,0.88,0.7597116539847817,0.90581588886755,0.9607843137254902,0.8792663098842574,0.8571428571428571,0.7512498475795635,85000.0,6568.0
meta.imbalanced.RebalanceStream -l (trees.HoeffdingTree -e 2000000 -g 100 -c 0.01),ArffFileStream -f ./../../../Dataset/Synthetic_IM50/stream_gen_hyperplane.arff,1,85500.0,1.921875,3.0582305043935713E-9,85500.0,0.9151460292539131,0.6086408676500683,0.876,0.7519642828567313,0.9122368947579031,1.0746887966804979,0.8763397119798164,0.8648648648648649,0.7429070274989088,85500.0,6568.0
meta.imbalanced.RebalanceStream -l (trees.HoeffdingTree -e 2000000 -g 100 -c 0.01),ArffFileStream -f ./../../../Dataset/Synthetic_IM50/stream_gen_hyperplane.arff,1,86000.0,1.9375,3.084779665287992E-9,86000.0,0.9140384861680327,0.6090193651379319,0.876,0.7519047314168641,0.9151460292539131,0.953125,0.8760239909881951,0.8770491803278688,0.742918444589089,86000.0,6568.0
meta.imbalanced.RebalanceStream -l (trees.HoeffdingTree -e 2000000 -g 100 -c 0.01),ArffFileStream -f ./../../../Dataset/Synthetic_IM50/stream_gen_hyperplane.arff,1,86500.0,1.953125,3.1113288261824124E-9,86500.0,0.8731497335616328,0.5724225360328975,0.858,0.716,0.9140384861680327,1.0242914979757085,0.8580408018844725,0.8537549407114624,0.7056906673056187,86500.0,6568.0
meta.imbalanced.RebalanceStream -l (trees.HoeffdingTree -e 2000000 -g 100 -c 0.01),ArffFileStream -f ./../../../Dataset/Synthetic_IM50/stream_gen_hyperplane.arff,1,87000.0,1.96875,3.137877987076833E-9,87000.0,0.9091398367714157,0.6186700218003189,0.896,0.7910370989519707,0.8731497335616328,0.8796992481203008,0.8952512725199139,0.8846153846153846,0.7844328496890859,87000.0,6568.0
meta.imbalanced.RebalanceStream -l (trees.HoeffdingTree -e 2000000 -g 100 -c 0.01),ArffFileStream -f ./../../../Dataset/Synthetic_IM50/stream_gen_hyperplane.arff,1,87500.0,1.96875,3.137877987076833E-9,87500.0,0.9114503328213006,0.6342296787411988,0.89,0.7800492689637522,0.9091398367714157,1.0161290322580645,0.8899722980206967,0.873015873015873,0.7720436728797101,87500.0,6568.0
meta.imbalanced.RebalanceStream -l (trees.HoeffdingTree -e 2000000 -g 100 -c 0.01),ArffFileStream -f ./../../../Dataset/Synthetic_IM50/stream_gen_hyperplane.arff,1,88000.0,1.984375,3.1644271479712534E-9,88000.0,0.8785796655775514,0.5654230044544262,0.834,0.6677873839257124,0.9114503328213006,0.937984496124031,0.8340217542135081,0.8347107438016529,0.6559828556625767,88000.0,6568.0
meta.imbalanced.RebalanceStream -l (trees.HoeffdingTree -e 2000000 -g 100 -c 0.01),ArffFileStream -f ./../../../Dataset/Synthetic_IM50/stream_gen_hyperplane.arff,1,88500.0,1.984375,3.1644271479712534E-9,88500.0,0.9207383452868853,0.613174767557984,0.88,0.7597232011276991,0.8785796655775514,0.953125,0.8795166653049733,0.8647540983606558,0.7512938807053698,88500.0,6568.0
meta.imbalanced.RebalanceStream -l (trees.HoeffdingTree -e 2000000 -g 100 -c 0.01),ArffFileStream -f ./../../../Dataset/Synthetic_IM50/stream_gen_hyperplane.arff,1,89000.0,2.0,3.190976308865674E-9,89000.0,0.9199730678593757,0.600089925037595,0.884,0.7673858987727601,0.9207383452868853,1.0920502092050208,0.883324735514118,0.896551724137931,0.7595938897168405,89000.0,6568.0
meta.imbalanced.RebalanceStream -l (trees.HoeffdingTree -e 2000000 -g 100 -c 0.01),ArffFileStream -f ./../../../Dataset/Synthetic_IM50/stream_gen_hyperplane.arff,1,89500.0,2.0,3.190976308865674E-9,89500.0,0.9190192689328468,0.629092608605767,0.902,0.8040125431972355,0.9199730678593757,0.968503937007874,0.9020955197425854,0.9105691056910569,0.7969346884911908,89500.0,6568.0
meta.imbalanced.RebalanceStream -l (trees.HoeffdingTree -e 2000000 -g 100 -c 0.01),ArffFileStream -f ./../../../Dataset/Synthetic_IM50/stream_gen_hyperplane.arff,1,90000.0,2.015625,3.2175254697600945E-9,90000.0,0.8920330901177675,0.5734180782719187,0.852,0.7040946896992962,0.9190192689328468,0.9841269841269841,0.8518770125108698,0.875,0.6933207468975202,90000.0,6568.0
meta.imbalanced.RebalanceStream -l (trees.HoeffdingTree -e 2000000 -g 100 -c 0.01),ArffFileStream -f ./../../../Dataset/Synthetic_IM50/stream_gen_hyperplane.arff,1,90500.0,2.015625,3.2175254697600945E-9,90500.0,0.9129269388803287,0.5985768856664301,0.872,0.7429636293535535,0.8920330901177675,0.8939393939393939,0.8710150287321969,0.8559322033898306,0.734719582293265,90500.0,6568.0
meta.imbalanced.RebalanceStream -l (trees.HoeffdingTree -e 2000000 -g 100 -c 0.01),ArffFileStream -f ./../../../Dataset/Synthetic_IM50/stream_gen_hyperplane.arff,1,91000.0,2.03125,3.244074630654515E-9,91000.0,0.9078941007750689,0.5996237850025593,0.858,0.713302752293578,0.9129269388803287,0.8450184501845018,0.8554081118123648,0.8296943231441049,0.705622380171314,91000.0,6568.0
meta.imbalanced.RebalanceStream -l (trees.HoeffdingTree -e 2000000 -g 100 -c 0.01),ArffFileStream -f ./../../../Dataset/Synthetic_IM50/stream_gen_hyperplane.arff,1,91500.0,2.03125,3.244074630654515E-9,91500.0,0.9374869530309112,0.6285773799771819,0.89,0.779788597053171,0.9078941007750689,0.8867924528301887,0.8907932675564437,0.9063829787234042,0.7719290294804106,91500.0,6568.0
meta.imbalanced.RebalanceStream -l (trees.HoeffdingTree -e 2000000 -g 100 -c 0.01),ArffFileStream -f ./../../../Dataset/Synthetic_IM50/stream_gen_hyperplane.arff,1,92000.0,2.046875,3.2706237915489356E-9,92000.0,0.9517476473977338,0.6402336327075511,0.894,0.7879592881833313,0.9374869530309112,0.968503937007874,0.894004813532508,0.8943089430894309,0.7802465241003222,92000.0,6568.0
meta.imbalanced.RebalanceStream -l (trees.HoeffdingTree -e 2000000 -g 100 -c 0.01),ArffFileStream -f ./../../../Dataset/Synthetic_IM50/stream_gen_hyperplane.arff,1,92500.0,2.046875,3.2706237915489356E-9,92500.0,0.8943023088369414,0.5855433911698603,0.854,0.7080093437010015,0.9517476473977338,1.0080321285140563,0.8540044901396637,0.848605577689243,0.697333034513671,92500.0,6568.0
meta.imbalanced.RebalanceStream -l (trees.HoeffdingTree -e 2000000 -g 100 -c 0.01),ArffFileStream -f ./../../../Dataset/Synthetic_IM50/stream_gen_hyperplane.arff,1,93000.0,2.0625,3.297172952443356E-9,93000.0,0.9138295318127251,0.6064558676587882,0.87,0.7396667734700416,0.8943023088369414,1.0408163265306123,0.8691594648107493,0.8941176470588236,0.7305189015691869,93000.0,6568.0
meta.imbalanced.RebalanceStream -l (trees.HoeffdingTree -e 2000000 -g 100 -c 0.01),ArffFileStream -f ./../../../Dataset/Synthetic_IM50/stream_gen_hyperplane.arff,1,93500.0,2.0625,3.297172952443356E-9,93500.0,0.9369582979541485,0.6210615130669009,0.906,0.811891649590164,0.9138295318127251,1.0746887966804979,0.9062142719586164,0.8996138996138996,0.8051521936728224,93500.0,6568.0
meta.imbalanced.RebalanceStream -l (trees.HoeffdingTree -e 2000000 -g 100 -c 0.01),ArffFileStream -f ./../../../Dataset/Synthetic_IM50/stream_gen_hyperplane.arff,1,94000.0,2.078125,3.3237221133377766E-9,94000.0,0.9336330790847049,0.6442909796873493,0.906,0.8115477145148356,0.9369582979541485,0.8867924528301887,0.9062519812683391,0.9106382978723404,0.8050523993381137,94000.0,6568.0
meta.imbalanced.RebalanceStream -l (trees.HoeffdingTree -e 2000000 -g 100 -c 0.01),ArffFileStream -f ./../../../Dataset/Synthetic_IM50/stream_gen_hyperplane.arff,1,94500.0,2.09375,3.350271274232197E-9,94500.0,0.9193478260869565,0.624858882256286,0.886,0.7713414634146342,0.9336330790847049,0.8518518518518519,0.886942313043338,0.9,0.7635166282515641,94500.0,6568.0
meta.imbalanced.RebalanceStream -l (trees.HoeffdingTree -e 2000000 -g 100 -c 0.01),ArffFileStream -f ./../../../Dataset/Synthetic_IM50/stream_gen_hyperplane.arff,1,95000.0,2.09375,3.350271274232197E-9,95000.0,0.9253248841996912,0.6130793917531967,0.882,0.7627015026223495,0.9193478260869565,0.8656716417910447,0.8811771883463427,0.8706896551724138,0.755170681634525,95000.0,6568.0
meta.imbalanced.RebalanceStream -l (trees.HoeffdingTree -e 2000000 -g 100 -c 0.01),ArffFileStream -f ./../../../Dataset/Synthetic_IM50/stream_gen_hyperplane.arff,1,95500.0,2.109375,3.3768204351266177E-9,95500.0,0.910275079611464,0.6144027837479947,0.87,0.740074858440769,0.9253248841996912,1.0242914979757085,0.8700419553749072,0.8537549407114624,0.730267017185565,95500.0,6568.0
meta.imbalanced.RebalanceStream -l (trees.HoeffdingTree -e 2000000 -g 100 -c 0.01),ArffFileStream -f ./../../../Dataset/Synthetic_IM50/stream_gen_hyperplane.arff,1,96000.0,2.109375,3.3768204351266177E-9,96000.0,0.9037099358974359,0.6114090542207529,0.86,0.7200895713371721,0.910275079611464,0.9230769230769231,0.8605398573882829,0.8791666666666667,0.7095247357842183,96000.0,6568.0
meta.imbalanced.RebalanceStream -l (trees.HoeffdingTree -e 2000000 -g 100 -c 0.01),ArffFileStream -f ./../../../Dataset/Synthetic_IM50/stream_gen_hyperplane.arff,1,96500.0,2.125,3.403369596021038E-9,96500.0,0.924044555406184,0.6267242733952059,0.89,0.7800422318914768,0.9037099358974359,0.968503937007874,0.8901116943957629,0.9024390243902439,0.77174988173569,96500.0,6568.0
meta.imbalanced.RebalanceStream -l (trees.HoeffdingTree -e 2000000 -g 100 -c 0.01),ArffFileStream -f ./../../../Dataset/Synthetic_IM50/stream_gen_hyperplane.arff,1,97000.0,2.125,3.403369596021038E-9,97000.0,0.8993910256410257,0.6031760059440125,0.842,0.6836456831651448,0.924044555406184,1.0833333333333333,0.8419871184835952,0.8423076923076923,0.6721500844974008,97000.0,6568.0
meta.imbalanced.RebalanceStream -l (trees.HoeffdingTree -e 2000000 -g 100 -c 0.01),ArffFileStream -f ./../../../Dataset/Synthetic_IM50/stream_gen_hyperplane.arff,1,97500.0,2.140625,3.4299187569154587E-9,97500.0,0.8970767161885246,0.5972578160953214,0.86,0.719569258380873,0.8993910256410257,0.953125,0.8591211435788683,0.8360655737704918,0.7095002979484123,97500.0,6568.0
meta.imbalanced.RebalanceStream -l (trees.HoeffdingTree -e 2000000 -g 100 -c 0.01),ArffFileStream -f ./../../../Dataset/Synthetic_IM50/stream_gen_hyperplane.arff,1,98000.0,2.140625,3.4299187569154587E-9,98000.0,0.9042633480529908,0.6051919455970916,0.854,0.7072975140336808,0.8970767161885246,0.8867924528301887,0.8540737621354526,0.8553191489361702,0.6969927996611605,98000.0,6568.0
meta.imbalanced.RebalanceStream -l (trees.HoeffdingTree -e 2000000 -g 100 -c 0.01),ArffFileStream -f ./../../../Dataset/Synthetic_IM50/stream_gen_hyperplane.arff,1,98500.0,2.15625,3.4564679178098793E-9,98500.0,0.9154772596061326,0.6251223632783104,0.884,0.7676430998012949,0.9042633480529908,1.1008403361344539,0.8841136451747558,0.8816793893129771,0.7593817125047382,98500.0,6568.0
meta.imbalanced.RebalanceStream -l (trees.HoeffdingTree -e 2000000 -g 100 -c 0.01),ArffFileStream -f ./../../../Dataset/Synthetic_IM50/stream_gen_hyperplane.arff,1,99000.0,2.15625,3.4564679178098793E-9,99000.0,0.9345833333333333,0.6267379116504219,0.892,0.7837924407431134,0.9154772596061326,1.0833333333333333,0.8921398217423441,0.8884615384615384,0.776004022374458,99000.0,6568.0
meta.imbalanced.RebalanceStream -l (trees.HoeffdingTree -e 2000000 -g 100 -c 0.01),ArffFileStream -f ./../../../Dataset/Synthetic_IM50/stream_gen_hyperplane.arff,1,99500.0,2.15625,3.4564679178098793E-9,99500.0,0.9278513824884793,0.6317684166675929,0.89,0.7799084419118354,0.9345833333333333,0.9841269841269841,0.8895227034994456,0.8669354838709677,0.771893626776708,99500.0,6568.0
meta.imbalanced.RebalanceStream -l (trees.HoeffdingTree -e 2000000 -g 100 -c 0.01),ArffFileStream -f ./../../../Dataset/Synthetic_IM50/stream_gen_hyperplane.arff,1,100000.0,2.171875,3.4830170787043E-9,100000.0,0.9065378421900161,0.602445959517798,0.87,0.7389138817480719,0.9278513824884793,1.173913043478261,0.8702823130156249,0.8666666666666667,0.7304079135646295,100000.0,6568.0
